 time            v(b_out)        time            v(u_puf_u_core_sel_ro) time            v(q)           
 0.00000000e+00  4.68653885e-09  0.00000000e+00  2.46749718e-09  0.00000000e+00  2.46749746e-09 
 2.57850000e-09  9.39876448e-01  2.57850000e-09  2.96721187e-09  2.57850000e-09  2.46768639e-09 
 2.57950000e-09  9.75580490e-01  2.57950000e-09  2.96673314e-09  2.57950000e-09  2.46768406e-09 
 2.58050000e-09  1.01193247e+00  2.58050000e-09  2.96532432e-09  2.58050000e-09  2.46768267e-09 
 2.58150000e-09  1.04913595e+00  2.58150000e-09  2.96324221e-09  2.58150000e-09  2.46768167e-09 
 2.58250000e-09  1.08676397e+00  2.58250000e-09  2.96260538e-09  2.58250000e-09  2.46768644e-09 
 2.58350000e-09  1.12429937e+00  2.58350000e-09  2.96346092e-09  2.58350000e-09  2.46768644e-09 
 2.81950000e-09  1.94994812e+00  2.81950000e-09  8.23646338e-01  2.81950000e-09 -6.14712836e-05 
 2.82050000e-09  1.94994849e+00  2.82050000e-09  8.94149133e-01  2.82050000e-09 -9.85953512e-05 
 2.82150000e-09  1.94994878e+00  2.82150000e-09  9.64142763e-01  2.82150000e-09 -1.28960996e-04 
 2.82250000e-09  1.94994914e+00  2.82250000e-09  1.03348832e+00  2.82250000e-09 -1.47366975e-04 
 2.82350000e-09  1.94994943e+00  2.82350000e-09  1.10222218e+00  2.82350000e-09 -1.60265908e-04 
 2.82450000e-09  1.94994978e+00  2.82450000e-09  1.17047422e+00  2.82450000e-09 -1.79270279e-04 
 2.93950000e-09  1.94997040e+00  2.93950000e-09  1.94987773e+00  2.93950000e-09  8.72081761e-01 
 2.94050000e-09  1.94997054e+00  2.94050000e-09  1.94988360e+00  2.94050000e-09  9.32797955e-01 
 2.94150000e-09  1.94997071e+00  2.94150000e-09  1.94989387e+00  2.94150000e-09  9.92455558e-01 
 2.94250000e-09  1.94997086e+00  2.94250000e-09  1.94989854e+00  2.94250000e-09  1.05303414e+00 
 2.94350000e-09  1.94997094e+00  2.94350000e-09  1.94990989e+00  2.94350000e-09  1.11846796e+00 
 2.94450000e-09  1.94997102e+00  2.94450000e-09  1.94990223e+00  2.94450000e-09  1.19117558e+00 
 3.11450000e-09  1.13541861e+00  3.11450000e-09  1.94999418e+00  3.11450000e-09  1.94999061e+00 
 3.11550000e-09  1.08265255e+00  3.11550000e-09  1.94999428e+00  3.11550000e-09  1.94998465e+00 
 3.11650000e-09  1.03012192e+00  3.11650000e-09  1.94999430e+00  3.11650000e-09  1.94999437e+00 
 3.11750000e-09  9.77723238e-01  3.11750000e-09  1.94999439e+00  3.11750000e-09  1.94998483e+00 
 3.11850000e-09  9.25422737e-01  3.11850000e-09  1.94999440e+00  3.11850000e-09  1.94999130e+00 
 3.11950000e-09  8.73118116e-01  3.11950000e-09  1.94999448e+00  3.11950000e-09  1.94998560e+00 
 3.56350000e-09  5.34325313e-05  3.56350000e-09  1.13296846e+00  3.56350000e-09  1.94995837e+00 
 3.56450000e-09  6.71517977e-05  3.56450000e-09  1.08904083e+00  3.56450000e-09  1.94995820e+00 
 3.56550000e-09  8.45447582e-05  3.56550000e-09  1.04466801e+00  3.56550000e-09  1.94996113e+00 
 3.56650000e-09  1.03945697e-04  3.56650000e-09  9.99864061e-01  3.56650000e-09  1.94996808e+00 
 3.56750000e-09  1.13327485e-04  3.56750000e-09  9.54633795e-01  3.56750000e-09  1.94997934e+00 
 3.56850000e-09  1.13772909e-04  3.56850000e-09  9.08995767e-01  3.56850000e-09  1.94999512e+00 
 3.70050000e-09  9.42591707e-01  3.70050000e-09  6.57605335e-04  3.70050000e-09  1.94984243e+00 
 3.70150000e-09  9.79640176e-01  3.70150000e-09  6.46291266e-04  3.70150000e-09  1.94984585e+00 
 3.70250000e-09  1.01721317e+00  3.70250000e-09  6.31176096e-04  3.70250000e-09  1.94984963e+00 
 3.70350000e-09  1.05508397e+00  3.70350000e-09  6.20773922e-04  3.70350000e-09  1.94985328e+00 
 3.70450000e-09  1.09285670e+00  3.70450000e-09  6.06574964e-04  3.70450000e-09  1.94985721e+00 
 3.70550000e-09  1.13029810e+00  3.70550000e-09  5.96866335e-04  3.70550000e-09  1.94986094e+00 
 3.94050000e-09  1.94994789e+00  3.94050000e-09  8.65602211e-01  3.94050000e-09  1.94995522e+00 
 3.94150000e-09  1.94994828e+00  3.94150000e-09  9.35681798e-01  3.94150000e-09  1.94984875e+00 
 3.94250000e-09  1.94994856e+00  3.94250000e-09  1.00502251e+00  3.94250000e-09  1.94972434e+00 
 3.94350000e-09  1.94994893e+00  3.94350000e-09  1.07357744e+00  3.94350000e-09  1.94959609e+00 
 3.94450000e-09  1.94994921e+00  3.94450000e-09  1.14145075e+00  3.94450000e-09  1.94948140e+00 
 3.94550000e-09  1.94994958e+00  3.94550000e-09  1.20902012e+00  3.94550000e-09  1.94934502e+00 
 4.07450000e-09  1.94997155e+00  4.07450000e-09  1.94995466e+00  4.07450000e-09  1.15194872e+00 
 4.07550000e-09  1.94997168e+00  4.07550000e-09  1.94998405e+00  4.07550000e-09  1.09437039e+00 
 4.07650000e-09  1.94997163e+00  4.07650000e-09  1.95001194e+00  4.07650000e-09  1.03651328e+00 
 4.07750000e-09  1.94997168e+00  4.07750000e-09  1.95003725e+00  4.07750000e-09  9.78290994e-01 
 4.07850000e-09  1.94997170e+00  4.07850000e-09  1.95005567e+00  4.07850000e-09  9.19491190e-01 
 4.07950000e-09  1.94997188e+00  4.07950000e-09  1.95006737e+00  4.07950000e-09  8.60080137e-01 
 4.23650000e-09  1.13778078e+00  4.23650000e-09  1.94999420e+00  4.23650000e-09  1.33680388e-04 
 4.23750000e-09  1.08500325e+00  4.23750000e-09  1.94999437e+00  4.23750000e-09  1.26714538e-04 
 4.23850000e-09  1.03246515e+00  4.23850000e-09  1.94999430e+00  4.23850000e-09  1.25377923e-04 
 4.23950000e-09  9.80060440e-01  4.23950000e-09  1.94999446e+00  4.23950000e-09  1.18733708e-04 
 4.24050000e-09  9.27758714e-01  4.24050000e-09  1.94999439e+00  4.24050000e-09  1.17590530e-04 
 4.24150000e-09  8.75453828e-01  4.24150000e-09  1.94999455e+00  4.24150000e-09  1.11250245e-04 
 4.68550000e-09  5.28979691e-05  4.68550000e-09  1.13499605e+00  4.68550000e-09 -1.18360300e-06 
 4.68650000e-09  6.64352462e-05  4.68650000e-09  1.09108822e+00  4.68650000e-09 -3.57656168e-07 
 4.68750000e-09  8.34634243e-05  4.68750000e-09  1.04673430e+00  4.68750000e-09  8.49871926e-07 
 4.68850000e-09  1.03306266e-04  4.68850000e-09  1.00194980e+00  4.68850000e-09  2.27133520e-06 
 4.68950000e-09  1.13119325e-04  4.68950000e-09  9.56738251e-01  4.68950000e-09  4.03724183e-06 
 4.69050000e-09  1.13951007e-04  4.69050000e-09  9.11119415e-01  4.69050000e-09  5.71281634e-06 
 4.82250000e-09  9.41055137e-01  4.82250000e-09  7.42922523e-04  4.82250000e-09  1.26828438e-05 
 4.82350000e-09  9.78085187e-01  4.82350000e-09  7.28191616e-04  4.82350000e-09  1.33787433e-05 
 4.82450000e-09  1.01563767e+00  4.82450000e-09  7.10945377e-04  4.82450000e-09  1.17786867e-05 
 4.82550000e-09  1.05350446e+00  4.82550000e-09  6.96993906e-04  4.82550000e-09  1.24941021e-05 
 4.82650000e-09  1.09128810e+00  4.82650000e-09  6.80572346e-04  4.82650000e-09  1.09250246e-05 
 4.82750000e-09  1.12874758e+00  4.82750000e-09  6.67349013e-04  4.82750000e-09  1.16626498e-05 
 5.06250000e-09  1.94994790e+00  5.06250000e-09  8.61146644e-01  5.06250000e-09 -8.26321491e-05 
 5.06350000e-09  1.94994824e+00  5.06350000e-09  9.31405482e-01  5.06350000e-09 -1.17613542e-04 
 5.06450000e-09  1.94994857e+00  5.06450000e-09  1.00107490e+00  5.06450000e-09 -1.40574497e-04 
 5.06550000e-09  1.94994890e+00  5.06550000e-09  1.07009845e+00  5.06550000e-09 -1.56811191e-04 
 5.06650000e-09  1.94994923e+00  5.06650000e-09  1.13856036e+00  5.06650000e-09 -1.69777821e-04 
 5.06750000e-09  1.94994955e+00  5.06750000e-09  1.20671630e+00  5.06750000e-09 -1.92678452e-04 
 5.18150000e-09  1.94997018e+00  5.18150000e-09  1.94987917e+00  5.18150000e-09  8.55404323e-01 
 5.18250000e-09  1.94997029e+00  5.18250000e-09  1.94988728e+00  5.18250000e-09  9.16615601e-01 
 5.18350000e-09  1.94997044e+00  5.18350000e-09  1.94989397e+00  5.18350000e-09  9.76562320e-01 
 5.18450000e-09  1.94997056e+00  5.18450000e-09  1.94990186e+00  5.18450000e-09  1.03660089e+00 
 5.18550000e-09  1.94997074e+00  5.18550000e-09  1.94990901e+00  5.18550000e-09  1.10045755e+00 
 5.18650000e-09  1.94997088e+00  5.18650000e-09  1.94990719e+00  5.18650000e-09  1.17189324e+00 
 5.35850000e-09  1.13975801e+00  5.35850000e-09  1.94999431e+00  5.35850000e-09  1.94999799e+00 
 5.35950000e-09  1.08697105e+00  5.35950000e-09  1.94999431e+00  5.35950000e-09  1.94999524e+00 
 5.36050000e-09  1.03442637e+00  5.36050000e-09  1.94999442e+00  5.36050000e-09  1.94999670e+00 
 5.36150000e-09  9.82016696e-01  5.36150000e-09  1.94999442e+00  5.36150000e-09  1.94999521e+00 
 5.36250000e-09  9.29713638e-01  5.36250000e-09  1.94999452e+00  5.36250000e-09  1.94999748e+00 
 5.36350000e-09  8.77408737e-01  5.36350000e-09  1.94999451e+00  5.36350000e-09  1.94999591e+00 
 5.80750000e-09  5.24926577e-05  5.80750000e-09  1.13656415e+00  5.80750000e-09  1.94995861e+00 
 5.80850000e-09  6.59037782e-05  5.80850000e-09  1.09267395e+00  5.80850000e-09  1.94995799e+00 
 5.80950000e-09  8.26558041e-05  5.80950000e-09  1.04833659e+00  5.80950000e-09  1.94996086e+00 
 5.81050000e-09  1.02819312e-04  5.81050000e-09  1.00356861e+00  5.81050000e-09  1.94996724e+00 
 5.81150000e-09  1.12950043e-04  5.81150000e-09  9.58372175e-01  5.81150000e-09  1.94997836e+00 
 5.81250000e-09  1.14068269e-04  5.81250000e-09  9.12767898e-01  5.81250000e-09  1.94999354e+00 
 5.94450000e-09  9.39588240e-01  5.94450000e-09  6.58811966e-04  5.94450000e-09  1.94984226e+00 
 5.94550000e-09  9.76601178e-01  5.94550000e-09  6.47355956e-04  5.94550000e-09  1.94984543e+00 
 5.94650000e-09  1.01413363e+00  5.94650000e-09  6.32294408e-04  5.94650000e-09  1.94984944e+00 
 5.94750000e-09  1.05199587e+00  5.94750000e-09  6.21763403e-04  5.94750000e-09  1.94985285e+00 
 5.94850000e-09  1.08978838e+00  5.94850000e-09  6.07625075e-04  5.94850000e-09  1.94985701e+00 
 5.94950000e-09  1.12726369e+00  5.94950000e-09  5.97797432e-04  5.94950000e-09  1.94986050e+00 
 6.18450000e-09  1.94994792e+00  6.18450000e-09  8.59840553e-01  6.18450000e-09  1.94996298e+00 
 6.18550000e-09  1.94994821e+00  6.18550000e-09  9.29973396e-01  6.18550000e-09  1.94985816e+00 
 6.18650000e-09  1.94994858e+00  6.18650000e-09  9.99378941e-01  6.18650000e-09  1.94973501e+00 
 6.18750000e-09  1.94994886e+00  6.18750000e-09  1.06799612e+00  6.18750000e-09  1.94960649e+00 
 6.18850000e-09  1.94994923e+00  6.18850000e-09  1.13590396e+00  6.18850000e-09  1.94949163e+00 
 6.18950000e-09  1.94994951e+00  6.18950000e-09  1.20346082e+00  6.18950000e-09  1.94935707e+00 
 6.31850000e-09  1.94997155e+00  6.31850000e-09  1.94995235e+00  6.31850000e-09  1.15676042e+00 
 6.31950000e-09  1.94997166e+00  6.31950000e-09  1.94998150e+00  6.31950000e-09  1.09919070e+00 
 6.32050000e-09  1.94997165e+00  6.32050000e-09  1.95000977e+00  6.32050000e-09  1.04136388e+00 
 6.32150000e-09  1.94997166e+00  6.32150000e-09  1.95003516e+00  6.32150000e-09  9.83177576e-01 
 6.32250000e-09  1.94997171e+00  6.32250000e-09  1.95005465e+00  6.32250000e-09  9.24431034e-01 
 6.32350000e-09  1.94997185e+00  6.32350000e-09  1.95006639e+00  6.32350000e-09  8.65073562e-01 
 6.48050000e-09  1.14160761e+00  6.48050000e-09  1.94999419e+00  6.48050000e-09  1.33803208e-04 
 6.48150000e-09  1.08881298e+00  6.48150000e-09  1.94999436e+00  6.48150000e-09  1.27326008e-04 
 6.48250000e-09  1.03626049e+00  6.48250000e-09  1.94999429e+00  6.48250000e-09  1.25477141e-04 
 6.48350000e-09  9.83847220e-01  6.48350000e-09  1.94999446e+00  6.48350000e-09  1.19321228e-04 
 6.48450000e-09  9.31541485e-01  6.48450000e-09  1.94999438e+00  6.48450000e-09  1.17650415e-04 
 6.48550000e-09  8.79237550e-01  6.48550000e-09  1.94999455e+00  6.48550000e-09  1.11795690e-04 
 6.92950000e-09  5.21449373e-05  6.92950000e-09  1.13798110e+00  6.92950000e-09 -1.15462895e-06 
 6.93050000e-09  6.54440630e-05  6.93050000e-09  1.09410437e+00  6.93050000e-09 -5.00036306e-07 
 6.93150000e-09  8.19629003e-05  6.93150000e-09  1.04977987e+00  6.93150000e-09  8.27572801e-07 
 6.93250000e-09  1.02400601e-04  6.93250000e-09  1.00502525e+00  6.93250000e-09  2.10729413e-06 
 6.93350000e-09  1.12803025e-04  6.93350000e-09  9.59841760e-01  6.93350000e-09  3.97652510e-06 
 6.93450000e-09  1.14164734e-04  6.93450000e-09  9.14250963e-01  6.93450000e-09  5.53669225e-06 
 7.06650000e-09  9.38546937e-01  7.06650000e-09  7.43914311e-04  7.06650000e-09  1.26008385e-05 
 7.06750000e-09  9.75548147e-01  7.06750000e-09  7.29390056e-04  7.06750000e-09  1.35179441e-05 
 7.06850000e-09  1.01306620e+00  7.06850000e-09  7.11882947e-04  7.06850000e-09  1.16948643e-05 
 7.06950000e-09  1.05092484e+00  7.06950000e-09  6.98136509e-04  7.06950000e-09  1.26321946e-05 
 7.07050000e-09  1.08872342e+00  7.07050000e-09  6.81459314e-04  7.07050000e-09  1.08392298e-05 
 7.07150000e-09  1.12620988e+00  7.07150000e-09  6.68439178e-04  7.07150000e-09  1.17993038e-05 
 7.30650000e-09  1.94994791e+00  7.30650000e-09  8.56391834e-01  7.30650000e-09 -8.01631876e-05 
 7.30750000e-09  1.94994817e+00  7.30750000e-09  9.26685244e-01  7.30750000e-09 -1.15421429e-04 
 7.30850000e-09  1.94994858e+00  7.30850000e-09  9.96398396e-01  7.30850000e-09 -1.39419670e-04 
 7.30950000e-09  1.94994884e+00  7.30950000e-09  1.06546362e+00  7.30950000e-09 -1.55955057e-04 
 7.31050000e-09  1.94994923e+00  7.31050000e-09  1.13394772e+00  7.31050000e-09 -1.68328838e-04 
 7.31150000e-09  1.94994947e+00  7.31150000e-09  1.20208223e+00  7.31150000e-09 -1.90905869e-04 
 7.42550000e-09  1.94997016e+00  7.42550000e-09  1.94987857e+00  7.42550000e-09  8.51149491e-01 
 7.42650000e-09  1.94997030e+00  7.42650000e-09  1.94988703e+00  7.42650000e-09  9.12468905e-01 
 7.42750000e-09  1.94997041e+00  7.42750000e-09  1.94989317e+00  7.42750000e-09  9.72475497e-01 
 7.42850000e-09  1.94997056e+00  7.42850000e-09  1.94990174e+00  7.42850000e-09  1.03241081e+00 
 7.42950000e-09  1.94997072e+00  7.42950000e-09  1.94990809e+00  7.42950000e-09  1.09589021e+00 
 7.43050000e-09  1.94997088e+00  7.43050000e-09  1.94990803e+00  7.43050000e-09  1.16683791e+00 
 7.60250000e-09  1.14330911e+00  7.60250000e-09  1.94999433e+00  7.60250000e-09  1.94999823e+00 
 7.60350000e-09  1.09050786e+00  7.60350000e-09  1.94999429e+00  7.60350000e-09  1.94999786e+00 
 7.60450000e-09  1.03794853e+00  7.60450000e-09  1.94999444e+00  7.60450000e-09  1.94999834e+00 
 7.60550000e-09  9.85532137e-01  7.60550000e-09  1.94999440e+00  7.60550000e-09  1.94999797e+00 
 7.60650000e-09  9.33224117e-01  7.60650000e-09  1.94999454e+00  7.60650000e-09  1.94999835e+00 
 7.60750000e-09  8.80921319e-01  7.60750000e-09  1.94999449e+00  7.60750000e-09  1.94999801e+00 
 8.05150000e-09  5.18068414e-05  8.05150000e-09  1.13987608e+00  8.05150000e-09  1.94995875e+00 
 8.05250000e-09  6.49939362e-05  8.05250000e-09  1.09602041e+00  8.05250000e-09  1.94995792e+00 
 8.05350000e-09  8.12801188e-05  8.05350000e-09  1.05171573e+00  8.05350000e-09  1.94996054e+00 
 8.05450000e-09  1.01983864e-04  8.05450000e-09  1.00698097e+00  8.05450000e-09  1.94996659e+00 
 8.05550000e-09  1.12652517e-04  8.05550000e-09  9.61815749e-01  8.05550000e-09  1.94997738e+00 
 8.05650000e-09  1.14252440e-04  8.05650000e-09  9.16242688e-01  8.05650000e-09  1.94999222e+00 
 8.18850000e-09  9.37404369e-01  8.18850000e-09  6.59991853e-04  8.18850000e-09  1.94984221e+00 
 8.18950000e-09  9.74395931e-01  8.18950000e-09  6.48237928e-04  8.18950000e-09  1.94984496e+00 
 8.19050000e-09  1.01189898e+00  8.19050000e-09  6.33390383e-04  8.19050000e-09  1.94984935e+00 
 8.19150000e-09  1.04975077e+00  8.19150000e-09  6.22578515e-04  8.19150000e-09  1.94985237e+00 
 8.19250000e-09  1.08755479e+00  8.19250000e-09  6.08655847e-04  8.19250000e-09  1.94985691e+00 
 8.19350000e-09  1.12505308e+00  8.19350000e-09  5.98560993e-04  8.19350000e-09  1.94986002e+00 
 8.42850000e-09  1.94994793e+00  8.42850000e-09  8.55737808e-01  8.42850000e-09  1.94996845e+00 
 8.42950000e-09  1.94994816e+00  8.42950000e-09  9.25907667e-01  8.42950000e-09  1.94986479e+00 
 8.43050000e-09  1.94994859e+00  8.43050000e-09  9.95358949e-01  8.43050000e-09  1.94974261e+00 
 8.43150000e-09  1.94994881e+00  8.43150000e-09  1.06402057e+00  8.43150000e-09  1.94961385e+00 
 8.43250000e-09  1.94994924e+00  8.43250000e-09  1.13196397e+00  8.43250000e-09  1.94949861e+00 
 8.43350000e-09  1.94994946e+00  8.43350000e-09  1.19949938e+00  8.43350000e-09  1.94936569e+00 
 8.56250000e-09  1.94997156e+00  8.56250000e-09  1.94995073e+00  8.56250000e-09  1.16014815e+00 
 8.56350000e-09  1.94997165e+00  8.56350000e-09  1.94997967e+00  8.56350000e-09  1.10258382e+00 
 8.56450000e-09  1.94997167e+00  8.56450000e-09  1.95000822e+00  8.56450000e-09  1.04477776e+00 
 8.56550000e-09  1.94997165e+00  8.56550000e-09  1.95003364e+00  8.56550000e-09  9.86616180e-01 
 8.56650000e-09  1.94997172e+00  8.56650000e-09  1.95005392e+00  8.56650000e-09  9.27906824e-01 
 8.56750000e-09  1.94997182e+00  8.56750000e-09  1.95006566e+00  8.56750000e-09  8.68586817e-01 
 8.72450000e-09  1.14434955e+00  8.72450000e-09  1.94999420e+00  8.72450000e-09  1.33985514e-04 
 8.72550000e-09  1.09154459e+00  8.72550000e-09  1.94999437e+00  8.72550000e-09  1.27630361e-04 
 8.72650000e-09  1.03898139e+00  8.72650000e-09  1.94999430e+00  8.72650000e-09  1.25642816e-04 
 8.72750000e-09  9.86563426e-01  8.72750000e-09  1.94999446e+00  8.72750000e-09  1.19616059e-04 
 8.72850000e-09  9.34254346e-01  8.72850000e-09  1.94999439e+00  8.72850000e-09  1.17817455e-04 
 8.72950000e-09  8.81952393e-01  8.72950000e-09  1.94999455e+00  8.72950000e-09  1.12101166e-04 
 9.17350000e-09  5.16207861e-05  9.17350000e-09  1.14102263e+00  9.17350000e-09 -1.15288233e-06 
 9.17450000e-09  6.47445494e-05  9.17450000e-09  1.09717764e+00  9.17450000e-09 -6.15049052e-07 
 9.17550000e-09  8.08982064e-05  9.17550000e-09  1.05288318e+00  9.17550000e-09  7.79681070e-07 
 9.17650000e-09  1.01750053e-04  9.17650000e-09  1.00815908e+00  9.17650000e-09  1.96356218e-06 
 9.17750000e-09  1.12567298e-04  9.17750000e-09  9.63004273e-01  9.17750000e-09  3.88969912e-06 
 9.17850000e-09  1.14300570e-04  9.17850000e-09  9.17442144e-01  9.17850000e-09  5.38140483e-06 
 9.31050000e-09  9.36853606e-01  9.31050000e-09  7.45040891e-04  9.31050000e-09  1.25922664e-05 
 9.31150000e-09  9.73836313e-01  9.31150000e-09  7.30557474e-04  9.31150000e-09  1.35907421e-05 
 9.31250000e-09  1.01133055e+00  9.31250000e-09  7.12950957e-04  9.31250000e-09  1.16840427e-05 
 9.31350000e-09  1.04918258e+00  9.31350000e-09  6.99247256e-04  9.31350000e-09  1.27038724e-05 
 9.31450000e-09  1.08699058e+00  9.31450000e-09  6.82472615e-04  9.31450000e-09  1.08259807e-05 
 9.31550000e-09  1.12449499e+00  9.31550000e-09  6.69496897e-04  9.31550000e-09  1.18695781e-05 
 9.55050000e-09  1.94994792e+00  9.55050000e-09  8.53035512e-01  9.55050000e-09 -7.83937074e-05 
 9.55150000e-09  1.94994812e+00  9.55150000e-09  9.23352562e-01  9.55150000e-09 -1.13856445e-04 
 9.55250000e-09  1.94994860e+00  9.55250000e-09  9.93096121e-01  9.55250000e-09 -1.38570765e-04 
 9.55350000e-09  1.94994880e+00  9.55350000e-09  1.06219067e+00  9.55350000e-09 -1.55356376e-04 
 9.55450000e-09  1.94994926e+00  9.55450000e-09  1.13069867e+00  9.55450000e-09 -1.67533147e-04 
 9.55550000e-09  1.94994945e+00  9.55550000e-09  1.19884103e+00  9.55550000e-09 -1.89774392e-04 
 9.66950000e-09  1.94997015e+00  9.66950000e-09  1.94987815e+00  9.66950000e-09  8.48165649e-01 
 9.67050000e-09  1.94997030e+00  9.67050000e-09  1.94988687e+00  9.67050000e-09  9.09563586e-01 
 9.67150000e-09  1.94997040e+00  9.67150000e-09  1.94989260e+00  9.67150000e-09  9.69615962e-01 
 9.67250000e-09  1.94997056e+00  9.67250000e-09  1.94990165e+00  9.67250000e-09  1.02949254e+00 
 9.67350000e-09  1.94997070e+00  9.67350000e-09  1.94990742e+00  9.67350000e-09  1.09272463e+00 
 9.67450000e-09  1.94997089e+00  9.67450000e-09  1.94990867e+00  9.67450000e-09  1.16330647e+00 
 9.84650000e-09  1.14530239e+00  9.84650000e-09  1.94999436e+00  9.84650000e-09  1.94999749e+00 
 9.84750000e-09  1.09249268e+00  9.84750000e-09  1.94999428e+00  9.84750000e-09  1.94999834e+00 
 9.84850000e-09  1.03992475e+00  9.84850000e-09  1.94999445e+00  9.84850000e-09  1.94999760e+00 
 9.84950000e-09  9.87504166e-01  9.84950000e-09  1.94999437e+00  9.84950000e-09  1.94999843e+00 
 9.85050000e-09  9.35193022e-01  9.85050000e-09  1.94999455e+00  9.85050000e-09  1.94999774e+00 
 9.85150000e-09  8.82891005e-01  9.85150000e-09  1.94999447e+00  9.85150000e-09  1.94999857e+00 
 1.02955000e-08  5.12531666e-05  1.02955000e-08  1.14168531e+00  1.02955000e-08  1.94995882e+00 
 1.02965000e-08  6.42511681e-05  1.02965000e-08  1.09784855e+00  1.02965000e-08  1.94995789e+00 
 1.02975000e-08  8.01472570e-05  1.02975000e-08  1.05356177e+00  1.02975000e-08  1.94996037e+00 
 1.02985000e-08  1.01281352e-04  1.02985000e-08  1.00884521e+00  1.02985000e-08  1.94996624e+00 
 1.02995000e-08  1.12388234e-04  1.02995000e-08  9.63697087e-01  1.02995000e-08  1.94997685e+00 
 1.03005000e-08  1.14378016e-04  1.03005000e-08  9.18141134e-01  1.03005000e-08  1.94999150e+00 
 1.04325000e-08  9.35487969e-01  1.04325000e-08  6.60657025e-04  1.04325000e-08  1.94984217e+00 
 1.04335000e-08  9.72456038e-01  1.04335000e-08  6.48682319e-04  1.04335000e-08  1.94984470e+00 
 1.04345000e-08  1.00993105e+00  1.04345000e-08  6.34008834e-04  1.04345000e-08  1.94984930e+00 
 1.04355000e-08  1.04777679e+00  1.04355000e-08  6.22986759e-04  1.04355000e-08  1.94985210e+00 
 1.04365000e-08  1.08559226e+00  1.04365000e-08  6.09237987e-04  1.04365000e-08  1.94985685e+00 
 1.04375000e-08  1.12311069e+00  1.04375000e-08  5.98941997e-04  1.04375000e-08  1.94985976e+00 
 1.06725000e-08  1.94994795e+00  1.06725000e-08  8.52156654e-01  1.06725000e-08  1.94997313e+00 
 1.06735000e-08  1.94994811e+00  1.06735000e-08  9.22358239e-01  1.06735000e-08  1.94987056e+00 
 1.06745000e-08  1.94994861e+00  1.06745000e-08  9.91849145e-01  1.06745000e-08  1.94974923e+00 
 1.06755000e-08  1.94994876e+00  1.06755000e-08  1.06054963e+00  1.06755000e-08  1.94962038e+00 
 1.06765000e-08  1.94994926e+00  1.06765000e-08  1.12852486e+00  1.06765000e-08  1.94950456e+00 
 1.06775000e-08  1.94994941e+00  1.06775000e-08  1.19609096e+00  1.06775000e-08  1.94937265e+00 
 1.08065000e-08  1.94997156e+00  1.08065000e-08  1.94994937e+00  1.08065000e-08  1.16297295e+00 
 1.08075000e-08  1.94997163e+00  1.08075000e-08  1.94997812e+00  1.08075000e-08  1.10541279e+00 
 1.08085000e-08  1.94997168e+00  1.08085000e-08  1.95000692e+00  1.08085000e-08  1.04762364e+00 
 1.08095000e-08  1.94997163e+00  1.08095000e-08  1.95003234e+00  1.08095000e-08  9.89482411e-01 
 1.08105000e-08  1.94997173e+00  1.08105000e-08  1.95005330e+00  1.08105000e-08  9.30803864e-01 
 1.08115000e-08  1.94997180e+00  1.08115000e-08  1.95006503e+00  1.08115000e-08  8.71515059e-01 
 1.09685000e-08  1.14723245e+00  1.09685000e-08  1.94999421e+00  1.09685000e-08  1.34013815e-04 
 1.09695000e-08  1.09441593e+00  1.09695000e-08  1.94999435e+00  1.09695000e-08  1.28033301e-04 
 1.09705000e-08  1.04184083e+00  1.09705000e-08  1.94999430e+00  1.09705000e-08  1.25656782e-04 
 1.09715000e-08  9.89417247e-01  1.09715000e-08  1.94999445e+00  1.09715000e-08  1.20002646e-04 
 1.09725000e-08  9.37104072e-01  1.09725000e-08  1.94999440e+00  1.09725000e-08  1.17818589e-04 
 1.09735000e-08  8.84803642e-01  1.09735000e-08  1.94999454e+00  1.09735000e-08  1.12472774e-04 
 1.14175000e-08  5.10235470e-05  1.14175000e-08  1.14324666e+00  1.14175000e-08 -1.14385536e-06 
 1.14185000e-08  6.39398906e-05  1.14185000e-08  1.09942491e+00  1.14185000e-08 -7.04153010e-07 
 1.14195000e-08  7.96650616e-05  1.14195000e-08  1.05515245e+00  1.14195000e-08  7.51273474e-07 
 1.14205000e-08  1.00981382e-04  1.14205000e-08  1.01045072e+00  1.14205000e-08  1.85384723e-06 
 1.14215000e-08  1.12274827e-04  1.14215000e-08  9.65316931e-01  1.14215000e-08  3.83180494e-06 
 1.14225000e-08  1.14389922e-04  1.14225000e-08  9.19775832e-01  1.14225000e-08  5.26211784e-06 
 1.15545000e-08  9.34887139e-01  1.15545000e-08  7.45980919e-04  1.15545000e-08  1.26670213e-05 
 1.15555000e-08  9.71848999e-01  1.15555000e-08  7.31289663e-04  1.15555000e-08  1.35633731e-05 
 1.15565000e-08  1.00931554e+00  1.15565000e-08  7.13845622e-04  1.15565000e-08  1.17569606e-05 
 1.15575000e-08  1.04715836e+00  1.15575000e-08  6.99940771e-04  1.15575000e-08  1.26759574e-05 
 1.15585000e-08  1.08497703e+00  1.15585000e-08  6.83324593e-04  1.15585000e-08  1.08968614e-05 
 1.15595000e-08  1.12250160e+00  1.15595000e-08  6.70154159e-04  1.15595000e-08  1.18409340e-05 
 1.17945000e-08  1.94994794e+00  1.17945000e-08  8.49439956e-01  1.17945000e-08 -7.64556822e-05 
 1.17955000e-08  1.94994807e+00  1.17955000e-08  9.19782050e-01  1.17955000e-08 -1.12193748e-04 
 1.17965000e-08  1.94994861e+00  1.17965000e-08  9.89558258e-01  1.17965000e-08 -1.37592313e-04 
 1.17975000e-08  1.94994875e+00  1.17975000e-08  1.05868437e+00  1.17975000e-08 -1.54741592e-04 
 1.17985000e-08  1.94994926e+00  1.17985000e-08  1.12721872e+00  1.17985000e-08 -1.66663002e-04 
 1.17995000e-08  1.94994938e+00  1.17995000e-08  1.19537033e+00  1.17995000e-08 -1.88582123e-04 
 1.19135000e-08  1.94997013e+00  1.19135000e-08  1.94987770e+00  1.19135000e-08  8.45068496e-01 
 1.19145000e-08  1.94997031e+00  1.19145000e-08  1.94988672e+00  1.19145000e-08  9.06550186e-01 
 1.19155000e-08  1.94997038e+00  1.19155000e-08  1.94989199e+00  1.19155000e-08  9.66651791e-01 
 1.19165000e-08  1.94997057e+00  1.19165000e-08  1.94990157e+00  1.19165000e-08  1.02647839e+00 
 1.19175000e-08  1.94997068e+00  1.19175000e-08  1.94990668e+00  1.19175000e-08  1.08946681e+00 
 1.19185000e-08  1.94997089e+00  1.19185000e-08  1.94990938e+00  1.19185000e-08  1.15965146e+00 
 1.20905000e-08  1.14884038e+00  1.20905000e-08  1.94999438e+00  1.20905000e-08  1.94999513e+00 
 1.20915000e-08  1.09601593e+00  1.20915000e-08  1.94999426e+00  1.20915000e-08  1.94999749e+00 
 1.20925000e-08  1.04343273e+00  1.20925000e-08  1.94999447e+00  1.20925000e-08  1.94999585e+00 
 1.20935000e-08  9.91004587e-01  1.20935000e-08  1.94999435e+00  1.20935000e-08  1.94999808e+00 
 1.20945000e-08  9.38687819e-01  1.20945000e-08  1.94999456e+00  1.20945000e-08  1.94999548e+00 
 1.20955000e-08  8.86387127e-01  1.20955000e-08  1.94999445e+00  1.20955000e-08  1.94999688e+00 
 1.25395000e-08  5.05079430e-05  1.25395000e-08  1.14412689e+00  1.25395000e-08  1.94995894e+00 
 1.25405000e-08  6.32383321e-05  1.25405000e-08  1.10031565e+00  1.25405000e-08  1.94995786e+00 
 1.25415000e-08  7.85708067e-05  1.25415000e-08  1.05605304e+00  1.25415000e-08  1.94996015e+00 
 1.25425000e-08  1.00240279e-04  1.25425000e-08  1.01136105e+00  1.25425000e-08  1.94996579e+00 
 1.25435000e-08  1.11990792e-04  1.25435000e-08  9.66236053e-01  1.25435000e-08  1.94997615e+00 
 1.25445000e-08  1.14487986e-04  1.25445000e-08  9.20703235e-01  1.25445000e-08  1.94999055e+00 
 1.26765000e-08  9.32831337e-01  1.26765000e-08  6.61566061e-04  1.26765000e-08  1.94984205e+00 
 1.26775000e-08  9.69772689e-01  1.26775000e-08  6.49270657e-04  1.26775000e-08  1.94984445e+00 
 1.26785000e-08  1.00720977e+00  1.26785000e-08  6.34854252e-04  1.26785000e-08  1.94984916e+00 
 1.26795000e-08  1.04504165e+00  1.26795000e-08  6.23526900e-04  1.26795000e-08  1.94985183e+00 
 1.26805000e-08  1.08287056e+00  1.26805000e-08  6.10033828e-04  1.26805000e-08  1.94985670e+00 
 1.26815000e-08  1.12041585e+00  1.26815000e-08  5.99445566e-04  1.26815000e-08  1.94985949e+00 
 1.29165000e-08  1.94994796e+00  1.29165000e-08  8.47108397e-01  1.29165000e-08  1.94997962e+00 
 1.29175000e-08  1.94994805e+00  1.29175000e-08  9.17354508e-01  1.29175000e-08  1.94987865e+00 
 1.29185000e-08  1.94994863e+00  1.29185000e-08  9.86901478e-01  1.29185000e-08  1.94975851e+00 
 1.29195000e-08  1.94994870e+00  1.29195000e-08  1.05565733e+00  1.29195000e-08  1.94962960e+00 
 1.29205000e-08  1.94994928e+00  1.29205000e-08  1.12369094e+00  1.29205000e-08  1.94951275e+00 
 1.29215000e-08  1.94994936e+00  1.29215000e-08  1.19125698e+00  1.29215000e-08  1.94938283e+00 
 1.30505000e-08  1.94997156e+00  1.30505000e-08  1.94994742e+00  1.30505000e-08  1.16713164e+00 
 1.30515000e-08  1.94997162e+00  1.30515000e-08  1.94997582e+00  1.30515000e-08  1.10957680e+00 
 1.30525000e-08  1.94997170e+00  1.30525000e-08  1.95000503e+00  1.30525000e-08  1.05181156e+00 
 1.30535000e-08  1.94997162e+00  1.30535000e-08  1.95003039e+00  1.30535000e-08  9.93699438e-01 
 1.30545000e-08  1.94997173e+00  1.30545000e-08  1.95005240e+00  1.30545000e-08  9.35065441e-01 
 1.30555000e-08  1.94997177e+00  1.30555000e-08  1.95006404e+00  1.30555000e-08  8.75822040e-01 
 1.32125000e-08  1.15125897e+00  1.32125000e-08  1.94999423e+00  1.32125000e-08  1.33636663e-04 
 1.32135000e-08  1.09842583e+00  1.32135000e-08  1.94999433e+00  1.32135000e-08  1.28999297e-04 
 1.32145000e-08  1.04583342e+00  1.32145000e-08  1.94999432e+00  1.32145000e-08  1.25271129e-04 
 1.32155000e-08  9.93401257e-01  1.32155000e-08  1.94999442e+00  1.32155000e-08  1.20940292e-04 
 1.32165000e-08  9.41081672e-01  1.32165000e-08  1.94999441e+00  1.32165000e-08  1.17425411e-04 
 1.32175000e-08  8.88782795e-01  1.32175000e-08  1.94999452e+00  1.32175000e-08  1.13383363e-04 
 1.36615000e-08  5.03141445e-05  1.36615000e-08  1.14605719e+00  1.36615000e-08 -1.11928422e-06 
 1.36625000e-08  6.29710444e-05  1.36625000e-08  1.10226485e+00  1.36625000e-08 -8.23946781e-07 
 1.36635000e-08  7.82868461e-05  1.36635000e-08  1.05802025e+00  1.36635000e-08  8.06161530e-07 
 1.36645000e-08  9.99090895e-05  1.36645000e-08  1.01334680e+00  1.36645000e-08  1.81073910e-06 
 1.36655000e-08  1.11851075e-04  1.36655000e-08  9.68239660e-01  1.36655000e-08  3.79530313e-06 
 1.36665000e-08  1.14491930e-04  1.36665000e-08  9.22725184e-01  1.36665000e-08  5.11280320e-06 
 1.37985000e-08  9.32263958e-01  1.37985000e-08  7.47132110e-04  1.37985000e-08  1.27687660e-05 
 1.37995000e-08  9.69199946e-01  1.37995000e-08  7.32181032e-04  1.37995000e-08  1.35220984e-05 
 1.38005000e-08  1.00662889e+00  1.38005000e-08  7.14940971e-04  1.38005000e-08  1.18560775e-05 
 1.38015000e-08  1.04445756e+00  1.38015000e-08  7.00784355e-04  1.38015000e-08  1.26342919e-05 
 1.38025000e-08  1.08228918e+00  1.38025000e-08  6.84367531e-04  1.38025000e-08  1.09930812e-05 
 1.38035000e-08  1.11984015e+00  1.38035000e-08  6.70953132e-04  1.38035000e-08  1.17986294e-05 
 1.40385000e-08  1.94994795e+00  1.40385000e-08  8.44387750e-01  1.40385000e-08 -7.35803310e-05 
 1.40395000e-08  1.94994802e+00  1.40395000e-08  9.14764794e-01  1.40395000e-08 -1.09800867e-04 
 1.40405000e-08  1.94994862e+00  1.40405000e-08  9.84583236e-01  1.40405000e-08 -1.36088691e-04 
 1.40415000e-08  1.94994870e+00  1.40415000e-08  1.05375125e+00  1.40415000e-08 -1.53529649e-04 
 1.40425000e-08  1.94994928e+00  1.40425000e-08  1.12233370e+00  1.40425000e-08 -1.65856158e-04 
 1.40435000e-08  1.94994935e+00  1.40435000e-08  1.19051021e+00  1.40435000e-08 -1.87058034e-04 
 1.41585000e-08  1.94997031e+00  1.41585000e-08  1.94988620e+00  1.41585000e-08  9.02212238e-01 
 1.41595000e-08  1.94997036e+00  1.41595000e-08  1.94989142e+00  1.41595000e-08  9.62387583e-01 
 1.41605000e-08  1.94997057e+00  1.41605000e-08  1.94990115e+00  1.41605000e-08  1.02215824e+00 
 1.41615000e-08  1.94997066e+00  1.41615000e-08  1.94990586e+00  1.41615000e-08  1.08481721e+00 
 1.41625000e-08  1.94997089e+00  1.41625000e-08  1.94991015e+00  1.41625000e-08  1.15440270e+00 
 1.41635000e-08  1.94997093e+00  1.41635000e-08  1.94990467e+00  1.41635000e-08  1.22780163e+00 
 1.43345000e-08  1.15257994e+00  1.43345000e-08  1.94999436e+00  1.43345000e-08  1.94999143e+00 
 1.43355000e-08  1.09974003e+00  1.43355000e-08  1.94999426e+00  1.43355000e-08  1.94999430e+00 
 1.43365000e-08  1.04714065e+00  1.43365000e-08  1.94999446e+00  1.43365000e-08  1.94999180e+00 
 1.43375000e-08  9.94704403e-01  1.43375000e-08  1.94999435e+00  1.43375000e-08  1.94999625e+00 
 1.43385000e-08  9.42381548e-01  1.43385000e-08  1.94999456e+00  1.43385000e-08  1.94999183e+00 
 1.43395000e-08  8.90082185e-01  1.43395000e-08  1.94999446e+00  1.43395000e-08  1.94999461e+00 
 1.47835000e-08  4.98006080e-05  1.47835000e-08  1.14692854e+00  1.47835000e-08  1.94995907e+00 
 1.47845000e-08  6.22616068e-05  1.47845000e-08  1.10314664e+00  1.47845000e-08  1.94995783e+00 
 1.47855000e-08  7.75336819e-05  1.47855000e-08  1.05891182e+00  1.47855000e-08  1.94995991e+00 
 1.47865000e-08  9.89073725e-05  1.47865000e-08  1.01424807e+00  1.47865000e-08  1.94996528e+00 
 1.47875000e-08  1.11426103e-04  1.47875000e-08  9.69149682e-01  1.47875000e-08  1.94997537e+00 
 1.47885000e-08  1.14496547e-04  1.47885000e-08  9.23643465e-01  1.47885000e-08  1.94998947e+00 
 1.49205000e-08  9.30141912e-01  1.49205000e-08  6.62636559e-04  1.49205000e-08  1.94984179e+00 
 1.49215000e-08  9.67058599e-01  1.49215000e-08  6.49950210e-04  1.49215000e-08  1.94984424e+00 
 1.49225000e-08  1.00445637e+00  1.49225000e-08  6.35848423e-04  1.49225000e-08  1.94984888e+00 
 1.49235000e-08  1.04227535e+00  1.49235000e-08  6.24149616e-04  1.49235000e-08  1.94985162e+00 
 1.49245000e-08  1.08011722e+00  1.49245000e-08  6.10968549e-04  1.49245000e-08  1.94985642e+00 
 1.49255000e-08  1.11768635e+00  1.49255000e-08  6.00025671e-04  1.49255000e-08  1.94985926e+00 
 1.51605000e-08  1.94994793e+00  1.51605000e-08  8.41843730e-01  1.51605000e-08  1.94998182e+00 
 1.51615000e-08  1.94994800e+00  1.51615000e-08  9.12133820e-01  1.51615000e-08  1.94987908e+00 
 1.51625000e-08  1.94994860e+00  1.51625000e-08  9.81742552e-01  1.51625000e-08  1.94976172e+00 
 1.51635000e-08  1.94994868e+00  1.51635000e-08  1.05056000e+00  1.51635000e-08  1.94963398e+00 
 1.51645000e-08  1.94994926e+00  1.51645000e-08  1.11864312e+00  1.51645000e-08  1.94951717e+00 
 1.51655000e-08  1.94994933e+00  1.51655000e-08  1.18622458e+00  1.51655000e-08  1.94938988e+00 
 1.52945000e-08  1.94997155e+00  1.52945000e-08  1.94994542e+00  1.52945000e-08  1.17140126e+00 
 1.52955000e-08  1.94997161e+00  1.52955000e-08  1.94997354e+00  1.52955000e-08  1.11385100e+00 
 1.52965000e-08  1.94997170e+00  1.52965000e-08  1.95000325e+00  1.52965000e-08  1.05610917e+00 
 1.52975000e-08  1.94997161e+00  1.52975000e-08  1.95002833e+00  1.52975000e-08  9.98026410e-01 
 1.52985000e-08  1.94997173e+00  1.52985000e-08  1.95005139e+00  1.52985000e-08  9.39438439e-01 
 1.52995000e-08  1.94997176e+00  1.52995000e-08  1.95006290e+00  1.52995000e-08  8.80242754e-01 
 1.54565000e-08  1.15497846e+00  1.54565000e-08  1.94999425e+00  1.54565000e-08  1.33288892e-04 
 1.54575000e-08  1.10212992e+00  1.54575000e-08  1.94999430e+00  1.54575000e-08  1.29977688e-04 
 1.54585000e-08  1.04952124e+00  1.54585000e-08  1.94999435e+00  1.54585000e-08  1.24914062e-04 
 1.54595000e-08  9.97080787e-01  1.54595000e-08  1.94999439e+00  1.54595000e-08  1.21888518e-04 
 1.54605000e-08  9.44754930e-01  1.54605000e-08  1.94999444e+00  1.54605000e-08  1.17060087e-04 
 1.54615000e-08  8.92457222e-01  1.54615000e-08  1.94999449e+00  1.54615000e-08  1.14302819e-04 
 1.59055000e-08  4.96138180e-05  1.59055000e-08  1.14893627e+00  1.59055000e-08 -1.10705238e-06 
 1.59065000e-08  6.19996444e-05  1.59065000e-08  1.10517409e+00  1.59065000e-08 -9.33082378e-07 
 1.59075000e-08  7.72493326e-05  1.59075000e-08  1.06095807e+00  1.59075000e-08  7.69868483e-07 
 1.59085000e-08  9.85272160e-05  1.59085000e-08  1.01631366e+00  1.59085000e-08  1.67324577e-06 
 1.59095000e-08  1.11267450e-04  1.59095000e-08  9.71233871e-01  1.59095000e-08  3.71810462e-06 
 1.59105000e-08  1.14505095e-04  1.59105000e-08  9.25746731e-01  1.59105000e-08  4.96202152e-06 
 1.60425000e-08  9.29767173e-01  1.60425000e-08  7.48342270e-04  1.60425000e-08  1.28811311e-05 
 1.60435000e-08  9.66680673e-01  1.60435000e-08  7.33120702e-04  1.60435000e-08  1.34720882e-05 
 1.60445000e-08  1.00407299e+00  1.60445000e-08  7.16092612e-04  1.60445000e-08  1.19656543e-05 
 1.60455000e-08  1.04188960e+00  1.60455000e-08  7.01673701e-04  1.60455000e-08  1.25837940e-05 
 1.60465000e-08  1.07973305e+00  1.60465000e-08  6.85464277e-04  1.60465000e-08  1.10997396e-05 
 1.60475000e-08  1.11730583e+00  1.60475000e-08  6.71795659e-04  1.60475000e-08  1.17477359e-05 
 1.62825000e-08  1.94994793e+00  1.62825000e-08  8.39499302e-01  1.62825000e-08 -7.09366760e-05 
 1.62835000e-08  1.94994800e+00  1.62835000e-08  9.09909280e-01  1.62835000e-08 -1.07461231e-04 
 1.62845000e-08  1.94994860e+00  1.62845000e-08  9.79774727e-01  1.62845000e-08 -1.34761905e-04 
 1.62855000e-08  1.94994867e+00  1.62855000e-08  1.04898994e+00  1.62855000e-08 -1.52443103e-04 
 1.62865000e-08  1.94994926e+00  1.62865000e-08  1.11760974e+00  1.62865000e-08 -1.64903653e-04 
 1.62875000e-08  1.94994932e+00  1.62875000e-08  1.18580195e+00  1.62875000e-08 -1.85477273e-04 
 1.64025000e-08  1.94997031e+00  1.64025000e-08  1.94988565e+00  1.64025000e-08  8.98007986e-01 
 1.64035000e-08  1.94997035e+00  1.64035000e-08  1.94989091e+00  1.64035000e-08  9.58259202e-01 
 1.64045000e-08  1.94997056e+00  1.64045000e-08  1.94990067e+00  1.64045000e-08  1.01799216e+00 
 1.64055000e-08  1.94997064e+00  1.64055000e-08  1.94990511e+00  1.64055000e-08  1.08034195e+00 
 1.64065000e-08  1.94997088e+00  1.64065000e-08  1.94991091e+00  1.64065000e-08  1.14930432e+00 
 1.64075000e-08  1.94997092e+00  1.64075000e-08  1.94990446e+00  1.64075000e-08  1.22274286e+00 
 1.65515000e-08  2.05290509e+00  1.65515000e-08  1.94999246e+00  1.65515000e-08  1.94999124e+00 
 1.65785000e-08  1.15614624e+00  1.65785000e-08  1.94999435e+00  1.65785000e-08  1.94998931e+00 
 1.65795000e-08  1.10329155e+00  1.65795000e-08  1.94999425e+00  1.65795000e-08  1.94999361e+00 
 1.65805000e-08  1.05067649e+00  1.65805000e-08  1.94999445e+00  1.65805000e-08  1.94998984e+00 
 1.65815000e-08  9.98232193e-01  1.65815000e-08  1.94999436e+00  1.65815000e-08  1.94999608e+00 
 1.65825000e-08  9.45903222e-01  1.65825000e-08  1.94999455e+00  1.65825000e-08  1.94998987e+00 
 1.65835000e-08  8.93604887e-01  1.65835000e-08  1.94999446e+00  1.65835000e-08  1.94999401e+00 
 1.70275000e-08  4.91421335e-05  1.70275000e-08  1.14931230e+00  1.70275000e-08  1.94995918e+00 
 1.70285000e-08  6.13397412e-05  1.70285000e-08  1.10555594e+00  1.70285000e-08  1.94995783e+00 
 1.70295000e-08  7.65434478e-05  1.70295000e-08  1.06134536e+00  1.70295000e-08  1.94995971e+00 
 1.70305000e-08  9.75877378e-05  1.70305000e-08  1.01670619e+00  1.70305000e-08  1.94996488e+00 
 1.70315000e-08  1.10862585e-04  1.70315000e-08  9.71630976e-01  1.70315000e-08  1.94997471e+00 
 1.70325000e-08  1.14488372e-04  1.70325000e-08  9.26147907e-01  1.70325000e-08  1.94998858e+00 
 1.71645000e-08  9.27789896e-01  1.71645000e-08  6.63574906e-04  1.71645000e-08  1.94984159e+00 
 1.71655000e-08  9.64687339e-01  1.71655000e-08  6.50536826e-04  1.71655000e-08  1.94984408e+00 
 1.71665000e-08  1.00205060e+00  1.71665000e-08  6.36720002e-04  1.71665000e-08  1.94984866e+00 
 1.71675000e-08  1.03985392e+00  1.71675000e-08  6.24687299e-04  1.71675000e-08  1.94985144e+00 
 1.71685000e-08  1.07770490e+00  1.71685000e-08  6.11787850e-04  1.71685000e-08  1.94985619e+00 
 1.71695000e-08  1.11529671e+00  1.71695000e-08  6.00526248e-04  1.71695000e-08  1.94985909e+00 
 1.74045000e-08  1.94994792e+00  1.74045000e-08  8.37385624e-01  1.74045000e-08  1.94998913e+00 
 1.74055000e-08  1.94994798e+00  1.74055000e-08  9.07710435e-01  1.74055000e-08  1.94988945e+00 
 1.74065000e-08  1.94994859e+00  1.74065000e-08  9.77364845e-01  1.74065000e-08  1.94977252e+00 
 1.74075000e-08  1.94994865e+00  1.74075000e-08  1.04623127e+00  1.74075000e-08  1.94964421e+00 
 1.74085000e-08  1.94994924e+00  1.74085000e-08  1.11435739e+00  1.74085000e-08  1.94952616e+00 
 1.74095000e-08  1.94994930e+00  1.74095000e-08  1.18195418e+00  1.74095000e-08  1.94940008e+00 
 1.75385000e-08  1.94997155e+00  1.75385000e-08  1.94994344e+00  1.75385000e-08  1.17505194e+00 
 1.75395000e-08  1.94997160e+00  1.75395000e-08  1.94997172e+00  1.75395000e-08  1.11750498e+00 
 1.75405000e-08  1.94997171e+00  1.75405000e-08  1.95000107e+00  1.75405000e-08  1.05978272e+00 
 1.75415000e-08  1.94997161e+00  1.75415000e-08  1.95002640e+00  1.75415000e-08  1.00172411e+00 
 1.75425000e-08  1.94997173e+00  1.75425000e-08  1.95004992e+00  1.75425000e-08  9.43174344e-01 
 1.75435000e-08  1.94997174e+00  1.75435000e-08  1.95006196e+00  1.75435000e-08  8.84017869e-01 
 1.77005000e-08  1.15856220e+00  1.77005000e-08  1.94999424e+00  1.77005000e-08  1.32967334e-04 
 1.77015000e-08  1.10569878e+00  1.77015000e-08  1.94999430e+00  1.77015000e-08  1.30838893e-04 
 1.77025000e-08  1.05307417e+00  1.77025000e-08  1.94999434e+00  1.77025000e-08  1.24585925e-04 
 1.77035000e-08  1.00062542e+00  1.77035000e-08  1.94999440e+00  1.77035000e-08  1.22722512e-04 
 1.77045000e-08  9.48293214e-01  1.77045000e-08  1.94999443e+00  1.77045000e-08  1.16593098e-04 
 1.77055000e-08  8.95996387e-01  1.77055000e-08  1.94999449e+00  1.77055000e-08  1.14953599e-04 
 1.81495000e-08  4.89577089e-05  1.81495000e-08  1.15192528e+00  1.81495000e-08 -1.11324041e-06 
 1.81505000e-08  6.10772371e-05  1.81505000e-08  1.10819370e+00  1.81505000e-08 -1.02392624e-06 
 1.81515000e-08  7.62525409e-05  1.81515000e-08  1.06400821e+00  1.81515000e-08  7.07462751e-07 
 1.81525000e-08  9.71970113e-05  1.81525000e-08  1.01939332e+00  1.81525000e-08  1.53820775e-06 
 1.81535000e-08  1.10696121e-04  1.81535000e-08  9.74342721e-01  1.81535000e-08  3.61815806e-06 
 1.81545000e-08  1.14487690e-04  1.81545000e-08  9.28883445e-01  1.81545000e-08  4.82199496e-06 
 1.82865000e-08  9.27393212e-01  1.82865000e-08  7.49605259e-04  1.82865000e-08  1.30041030e-05 
 1.82875000e-08  9.64287616e-01  1.82875000e-08  7.34099341e-04  1.82875000e-08  1.34124449e-05 
 1.82885000e-08  1.00164508e+00  1.82885000e-08  7.17295116e-04  1.82885000e-08  1.20856803e-05 
 1.82895000e-08  1.03944561e+00  1.82895000e-08  7.02600275e-04  1.82895000e-08  1.25239537e-05 
 1.82905000e-08  1.07729959e+00  1.82905000e-08  6.86609873e-04  1.82905000e-08  1.12164311e-05 
 1.82915000e-08  1.11489601e+00  1.82915000e-08  6.72673541e-04  1.82915000e-08  1.16875512e-05 
 1.85265000e-08  1.94994792e+00  1.85265000e-08  8.34953330e-01  1.85265000e-08 -6.95384833e-05 
 1.85275000e-08  1.94994798e+00  1.85275000e-08  9.05391049e-01  1.85275000e-08 -1.06210776e-04 
 1.85285000e-08  1.94994859e+00  1.85285000e-08  9.75291279e-01  1.85285000e-08 -1.32676608e-04 
 1.85295000e-08  1.94994865e+00  1.85295000e-08  1.04454446e+00  1.85295000e-08 -1.50621660e-04 
 1.85305000e-08  1.94994924e+00  1.85305000e-08  1.11320021e+00  1.85305000e-08 -1.63466626e-04 
 1.85315000e-08  1.94994930e+00  1.85315000e-08  1.18140849e+00  1.85315000e-08 -1.83512107e-04 
 1.86465000e-08  1.94997030e+00  1.86465000e-08  1.94988516e+00  1.86465000e-08  8.94066187e-01 
 1.86475000e-08  1.94997033e+00  1.86475000e-08  1.94989043e+00  1.86475000e-08  9.54392114e-01 
 1.86485000e-08  1.94997056e+00  1.86485000e-08  1.94990023e+00  1.86485000e-08  1.01410259e+00 
 1.86495000e-08  1.94997063e+00  1.86495000e-08  1.94990434e+00  1.86495000e-08  1.07619904e+00 
 1.86505000e-08  1.94997088e+00  1.86505000e-08  1.94991160e+00  1.86505000e-08  1.14459503e+00 
 1.86515000e-08  1.94997091e+00  1.86515000e-08  1.94990429e+00  1.86515000e-08  1.21804965e+00 
 1.88225000e-08  1.15931725e+00  1.88225000e-08  1.94999434e+00  1.88225000e-08  1.94998666e+00 
 1.88235000e-08  1.10644938e+00  1.88235000e-08  1.94999426e+00  1.88235000e-08  1.94999226e+00 
 1.88245000e-08  1.05382018e+00  1.88245000e-08  1.94999444e+00  1.88245000e-08  1.94998739e+00 
 1.88255000e-08  1.00136846e+00  1.88255000e-08  1.94999436e+00  1.88255000e-08  1.94999539e+00 
 1.88265000e-08  9.49033785e-01  1.88265000e-08  1.94999454e+00  1.88265000e-08  1.94998754e+00 
 1.88275000e-08  8.96736153e-01  1.88275000e-08  1.94999446e+00  1.88275000e-08  1.94999293e+00 
 1.92715000e-08  4.85025688e-05  1.92715000e-08  1.15213930e+00  1.92715000e-08  1.94995932e+00 
 1.92725000e-08  6.04321544e-05  1.92725000e-08  1.10841121e+00  1.92725000e-08  1.94995783e+00 
 1.92735000e-08  7.55422503e-05  1.92735000e-08  1.06422910e+00  1.92735000e-08  1.94995950e+00 
 1.92745000e-08  9.62447928e-05  1.92745000e-08  1.01961727e+00  1.92745000e-08  1.94996441e+00 
 1.92755000e-08  1.10273786e-04  1.92755000e-08  9.74569328e-01  1.92755000e-08  1.94997394e+00 
 1.92765000e-08  1.14440035e-04  1.92765000e-08  9.29112100e-01  1.92765000e-08  1.94998753e+00 
 1.94085000e-08  9.25458485e-01  1.94085000e-08  6.64688233e-04  1.94085000e-08  1.94984134e+00 
 1.94095000e-08  9.62338394e-01  1.94095000e-08  6.51183688e-04  1.94095000e-08  1.94984389e+00 
 1.94105000e-08  9.99667043e-01  1.94105000e-08  6.37757889e-04  1.94105000e-08  1.94984840e+00 
 1.94115000e-08  1.03745298e+00  1.94115000e-08  6.25279345e-04  1.94115000e-08  1.94985123e+00 
 1.94125000e-08  1.07531329e+00  1.94125000e-08  6.12766748e-04  1.94125000e-08  1.94985591e+00 
 1.94135000e-08  1.11292787e+00  1.94135000e-08  6.01076835e-04  1.94135000e-08  1.94985887e+00 
 1.96485000e-08  1.94994789e+00  1.96485000e-08  8.32900916e-01  1.96485000e-08  1.94999628e+00 
 1.96495000e-08  1.94994795e+00  1.96495000e-08  9.03263045e-01  1.96495000e-08  1.94989956e+00 
 1.96505000e-08  1.94994857e+00  1.96505000e-08  9.72962244e-01  1.96505000e-08  1.94978322e+00 
 1.96515000e-08  1.94994863e+00  1.96515000e-08  1.04187454e+00  1.96515000e-08  1.94965445e+00 
 1.96525000e-08  1.94994922e+00  1.96525000e-08  1.11003436e+00  1.96525000e-08  1.94953523e+00 
 1.96535000e-08  1.94994927e+00  1.96535000e-08  1.17763803e+00  1.96535000e-08  1.94941036e+00 
 1.97825000e-08  1.94997154e+00  1.97825000e-08  1.94994142e+00  1.97825000e-08  1.17875035e+00 
 1.97835000e-08  1.94997159e+00  1.97835000e-08  1.94996993e+00  1.97835000e-08  1.12120622e+00 
 1.97845000e-08  1.94997171e+00  1.97845000e-08  1.94999930e+00  1.97845000e-08  1.06350296e+00 
 1.97855000e-08  1.94997160e+00  1.97855000e-08  1.95002512e+00  1.97855000e-08  1.00546826e+00 
 1.97865000e-08  1.94997173e+00  1.97865000e-08  1.95004886e+00  1.97865000e-08  9.46956542e-01 
 1.97875000e-08  1.94997173e+00  1.97875000e-08  1.95006143e+00  1.97875000e-08  8.87839647e-01 
 1.99445000e-08  1.16181927e+00  1.99445000e-08  1.94999423e+00  1.99445000e-08  1.32628902e-04 
 1.99455000e-08  1.10894221e+00  1.99455000e-08  1.94999431e+00  1.99455000e-08  1.31987258e-04 
 1.99465000e-08  1.05630287e+00  1.99465000e-08  1.94999432e+00  1.99465000e-08  1.24030595e-04 
 1.99475000e-08  1.00384622e+00  1.99475000e-08  1.94999441e+00  1.99475000e-08  1.23607432e-04 
 1.99485000e-08  9.51507851e-01  1.99485000e-08  1.94999441e+00  1.99485000e-08  1.16433659e-04 
 1.99495000e-08  8.99211507e-01  1.99495000e-08  1.94999450e+00  1.99495000e-08  1.16320599e-04 
 2.03935000e-08  4.82705124e-05  2.03935000e-08  1.15427665e+00  2.03935000e-08 -1.11570748e-06 
 2.03945000e-08  6.00976507e-05  2.03945000e-08  1.11056874e+00  2.03945000e-08 -1.09611662e-06 
 2.03955000e-08  7.51657789e-05  2.03955000e-08  1.06640776e+00  2.03955000e-08  6.60827838e-07 
 2.03965000e-08  9.57365669e-05  2.03965000e-08  1.02181575e+00  2.03965000e-08  1.43128501e-06 
 2.03975000e-08  1.10033847e-04  2.03975000e-08  9.76788571e-01  2.03975000e-08  3.54095798e-06 
 2.03985000e-08  1.14434752e-04  2.03985000e-08  9.31350919e-01  2.03985000e-08  4.71019873e-06 
 2.05305000e-08  9.24831893e-01  2.05305000e-08  7.50643972e-04  2.05305000e-08  1.30994681e-05 
 2.05315000e-08  9.61707608e-01  2.05315000e-08  7.34835765e-04  2.05315000e-08  1.33672660e-05 
 2.05325000e-08  9.99027071e-01  2.05325000e-08  7.18284894e-04  2.05325000e-08  1.21798263e-05 
 2.05335000e-08  1.03680817e+00  2.05335000e-08  7.03296026e-04  2.05335000e-08  1.24775893e-05 
 2.05345000e-08  1.07467040e+00  2.05345000e-08  6.87553683e-04  2.05345000e-08  1.13089977e-05 
 2.05355000e-08  1.11229086e+00  2.05355000e-08  6.73331281e-04  2.05355000e-08  1.16398374e-05 
 2.07705000e-08  1.94994789e+00  2.07705000e-08  8.30063080e-01  2.07705000e-08 -6.66627161e-05 
 2.07715000e-08  1.94994794e+00  2.07715000e-08  9.00532129e-01  2.07715000e-08 -1.03578287e-04 
 2.07725000e-08  1.94994857e+00  2.07725000e-08  9.70475518e-01  2.07725000e-08 -1.31318521e-04 
 2.07735000e-08  1.94994863e+00  2.07735000e-08  1.03977268e+00  2.07735000e-08 -1.49610077e-04 
 2.07745000e-08  1.94994922e+00  2.07745000e-08  1.10846795e+00  2.07745000e-08 -1.62692012e-04 
 2.07755000e-08  1.94994927e+00  2.07755000e-08  1.17669493e+00  2.07755000e-08 -1.82105319e-04 
 2.08905000e-08  1.94997030e+00  2.08905000e-08  1.94988455e+00  2.08905000e-08  8.89768952e-01 
 2.08915000e-08  1.94997032e+00  2.08915000e-08  1.94988990e+00  2.08915000e-08  9.50180027e-01 
 2.08925000e-08  1.94997055e+00  2.08925000e-08  1.94989967e+00  2.08925000e-08  1.00987838e+00 
 2.08935000e-08  1.94997061e+00  2.08935000e-08  1.94990348e+00  2.08935000e-08  1.07171242e+00 
 2.08945000e-08  1.94997087e+00  2.08945000e-08  1.94991229e+00  2.08945000e-08  1.13948158e+00 
 2.08955000e-08  1.94997090e+00  2.08955000e-08  1.94990415e+00  2.08955000e-08  1.21292855e+00 
 2.10665000e-08  1.16344203e+00  2.10665000e-08  1.94999432e+00  2.10665000e-08  1.94998453e+00 
 2.10675000e-08  1.11055719e+00  2.10675000e-08  1.94999427e+00  2.10675000e-08  1.94999466e+00 
 2.10685000e-08  1.05790949e+00  2.10685000e-08  1.94999442e+00  2.10685000e-08  1.94998485e+00 
 2.10695000e-08  1.00544789e+00  2.10695000e-08  1.94999437e+00  2.10695000e-08  1.94999187e+00 
 2.10705000e-08  9.53105548e-01  2.10705000e-08  1.94999452e+00  2.10705000e-08  1.94998571e+00 
 2.10715000e-08  9.00808657e-01  2.10715000e-08  1.94999447e+00  2.10715000e-08  1.94999530e+00 
 2.15155000e-08  4.77422095e-05  2.15155000e-08  1.15522528e+00  2.15155000e-08  1.94995949e+00 
 2.15165000e-08  5.93365160e-05  2.15165000e-08  1.11152827e+00  2.15165000e-08  1.94995785e+00 
 2.15175000e-08  7.43084026e-05  2.15175000e-08  1.06737835e+00  2.15175000e-08  1.94995928e+00 
 2.15185000e-08  9.45788630e-05  2.15185000e-08  1.02279657e+00  2.15185000e-08  1.94996391e+00 
 2.15195000e-08  1.09450300e-04  2.15195000e-08  9.77779405e-01  2.15195000e-08  1.94997313e+00 
 2.15205000e-08  1.14396522e-04  2.15205000e-08  9.32350609e-01  2.15205000e-08  1.94998641e+00 
 2.16525000e-08  9.22551125e-01  2.16525000e-08  6.65941443e-04  2.16525000e-08  1.94984107e+00 
 2.16535000e-08  9.59411968e-01  2.16535000e-08  6.51889089e-04  2.16535000e-08  1.94984368e+00 
 2.16545000e-08  9.96697573e-01  2.16545000e-08  6.38925278e-04  2.16545000e-08  1.94984810e+00 
 2.16555000e-08  1.03445954e+00  2.16555000e-08  6.25922724e-04  2.16555000e-08  1.94985101e+00 
 2.16565000e-08  1.07232775e+00  2.16565000e-08  6.13867145e-04  2.16565000e-08  1.94985561e+00 
 2.16575000e-08  1.10996893e+00  2.16575000e-08  6.01673352e-04  2.16575000e-08  1.94985864e+00 
 2.18925000e-08  1.94994788e+00  2.18925000e-08  8.27347236e-01  2.18925000e-08  1.95000489e+00 
 2.18935000e-08  1.94994793e+00  2.18935000e-08  8.97754055e-01  2.18935000e-08  1.94990950e+00 
 2.18945000e-08  1.94994855e+00  2.18945000e-08  9.67516065e-01  2.18945000e-08  1.94979412e+00 
 2.18955000e-08  1.94994859e+00  2.18955000e-08  1.03649295e+00  2.18955000e-08  1.94966528e+00 
 2.18965000e-08  1.94994920e+00  2.18965000e-08  1.10470904e+00  2.18965000e-08  1.94954491e+00 
 2.18975000e-08  1.94994925e+00  2.18975000e-08  1.17233855e+00  2.18975000e-08  1.94942178e+00 
 2.20265000e-08  1.94997152e+00  2.20265000e-08  1.94993894e+00  2.20265000e-08  1.18331106e+00 
 2.20275000e-08  1.94997157e+00  2.20275000e-08  1.94996769e+00  2.20275000e-08  1.12576967e+00 
 2.20285000e-08  1.94997172e+00  2.20285000e-08  1.94999726e+00  2.20285000e-08  1.06808857e+00 
 2.20295000e-08  1.94997160e+00  2.20295000e-08  1.95002341e+00  2.20295000e-08  1.01008241e+00 
 2.20305000e-08  1.94997173e+00  2.20305000e-08  1.95004750e+00  2.20305000e-08  9.51616453e-01 
 2.20315000e-08  1.94997172e+00  2.20315000e-08  1.95006068e+00  2.20315000e-08  8.92547584e-01 
 2.21885000e-08  1.16637042e+00  2.21885000e-08  1.94999422e+00  2.21885000e-08  1.32086921e-04 
 2.21895000e-08  1.11347431e+00  2.21895000e-08  1.94999431e+00  2.21895000e-08  1.33667072e-04 
 2.21905000e-08  1.06081405e+00  2.21905000e-08  1.94999431e+00  2.21905000e-08  1.23714152e-04 
 2.21915000e-08  1.00834595e+00  2.21915000e-08  1.94999441e+00  2.21915000e-08  1.25397121e-04 
 2.21925000e-08  9.55998618e-01  2.21925000e-08  1.94999440e+00  2.21925000e-08  1.15539224e-04 
 2.21935000e-08  9.03702673e-01  2.21935000e-08  1.94999451e+00  2.21935000e-08  1.17387651e-04 
 2.26375000e-08  4.73941280e-05  2.26375000e-08  1.15762894e+00  2.26375000e-08 -1.12569388e-06 
 2.26385000e-08  5.88267447e-05  2.26385000e-08  1.11395484e+00  2.26385000e-08 -1.19199853e-06 
 2.26395000e-08  7.37144024e-05  2.26395000e-08  1.06982885e+00  2.26395000e-08  5.88264986e-07 
 2.26405000e-08  9.37691787e-05  2.26405000e-08  1.02526951e+00  2.26405000e-08  1.28309674e-06 
 2.26415000e-08  1.09036356e-04  2.26415000e-08  9.80275793e-01  2.26415000e-08  3.42441611e-06 
 2.26425000e-08  1.14364114e-04  2.26425000e-08  9.34869053e-01  2.26425000e-08  4.55509931e-06 
 2.27745000e-08  9.21430980e-01  2.27745000e-08  7.52141596e-04  2.27745000e-08  1.32301108e-05 
 2.27755000e-08  9.58285328e-01  2.27755000e-08  7.35873051e-04  2.27755000e-08  1.33078970e-05 
 2.27765000e-08  9.95554461e-01  2.27765000e-08  7.19712341e-04  2.27765000e-08  1.23093778e-05 
 2.27775000e-08  1.03330653e+00  2.27775000e-08  7.04275537e-04  2.27775000e-08  1.24159373e-05 
 2.27785000e-08  1.07117726e+00  2.27785000e-08  6.88915202e-04  2.27785000e-08  1.14368837e-05 
 2.27795000e-08  1.10882846e+00  2.27795000e-08  6.74256825e-04  2.27795000e-08  1.15756944e-05 
 2.30145000e-08  1.94994787e+00  2.30145000e-08  8.23516813e-01  2.30145000e-08 -6.28101505e-05 
 2.30155000e-08  1.94994793e+00  2.30155000e-08  8.94027119e-01  2.30155000e-08 -9.99990304e-05 
 2.30165000e-08  1.94994854e+00  2.30165000e-08  9.64026738e-01  2.30165000e-08 -1.29410888e-04 
 2.30175000e-08  1.94994860e+00  2.30175000e-08  1.03338346e+00  2.30175000e-08 -1.48243916e-04 
 2.30185000e-08  1.94994919e+00  2.30185000e-08  1.10213216e+00  2.30185000e-08 -1.61650117e-04 
 2.30195000e-08  1.94994924e+00  2.30195000e-08  1.17038739e+00  2.30195000e-08 -1.80248705e-04 
 2.31345000e-08  1.94997029e+00  2.31345000e-08  1.94988382e+00  2.31345000e-08  8.84099883e-01 
 2.31355000e-08  1.94997030e+00  2.31355000e-08  1.94988933e+00  2.31355000e-08  9.44628294e-01 
 2.31365000e-08  1.94997054e+00  2.31365000e-08  1.94989894e+00  2.31365000e-08  1.00432813e+00 
 2.31375000e-08  1.94997059e+00  2.31375000e-08  1.94990243e+00  2.31375000e-08  1.06564254e+00 
 2.31385000e-08  1.94997085e+00  2.31385000e-08  1.94991323e+00  2.31385000e-08  1.13238251e+00 
 2.31395000e-08  1.94997088e+00  2.31395000e-08  1.94990414e+00  2.31395000e-08  1.20578513e+00 
 2.33105000e-08  1.16887607e+00  2.33105000e-08  1.94999429e+00  2.33105000e-08  1.94998204e+00 
 2.33115000e-08  1.11596867e+00  2.33115000e-08  1.94999430e+00  2.33115000e-08  1.94999452e+00 
 2.33125000e-08  1.06329596e+00  2.33125000e-08  1.94999439e+00  2.33125000e-08  1.94998230e+00 
 2.33135000e-08  1.01082057e+00  2.33135000e-08  1.94999440e+00  2.33135000e-08  1.94999118e+00 
 2.33145000e-08  9.58467309e-01  2.33145000e-08  1.94999449e+00  2.33145000e-08  1.94997928e+00 
 2.33155000e-08  9.06170753e-01  2.33155000e-08  1.94999449e+00  2.33155000e-08  1.94998786e+00 
 2.37145000e-08  5.06272357e-05  2.37145000e-08  1.98902696e+00  2.37145000e-08  1.94999902e+00 
 2.37605000e-08  5.80796409e-05  2.37605000e-08  1.11553755e+00  2.37605000e-08  1.94995789e+00 
 2.37615000e-08  7.28452384e-05  2.37615000e-08  1.07142911e+00  2.37615000e-08  1.94995903e+00 
 2.37625000e-08  9.25562457e-05  2.37625000e-08  1.02688607e+00  2.37625000e-08  1.94996331e+00 
 2.37635000e-08  1.08428497e-04  2.37635000e-08  9.81908610e-01  2.37635000e-08  1.94997212e+00 
 2.37645000e-08  1.14383702e-04  2.37645000e-08  9.36516511e-01  2.37645000e-08  1.94998499e+00 
 2.37655000e-08  1.11859183e-04  2.37655000e-08  8.90716178e-01  2.37655000e-08  1.95000356e+00 
 2.38965000e-08  9.18971746e-01  2.38965000e-08  6.67536389e-04  2.38965000e-08  1.94984068e+00 
 2.38975000e-08  9.55814042e-01  2.38975000e-08  6.52822266e-04  2.38975000e-08  1.94984344e+00 
 2.38985000e-08  9.93045991e-01  2.38985000e-08  6.40409254e-04  2.38985000e-08  1.94984768e+00 
 2.38995000e-08  1.03077418e+00  2.38995000e-08  6.26774886e-04  2.38995000e-08  1.94985074e+00 
 2.39005000e-08  1.06864894e+00  2.39005000e-08  6.15264694e-04  2.39005000e-08  1.94985518e+00 
 2.39015000e-08  1.10632152e+00  2.39015000e-08  6.02464401e-04  2.39015000e-08  1.94985836e+00 
 2.41365000e-08  1.94994784e+00  2.41365000e-08  8.20470714e-01  2.41365000e-08  1.95001521e+00 
 2.41375000e-08  1.94994792e+00  2.41375000e-08  8.90934224e-01  2.41375000e-08  1.94991953e+00 
 2.41385000e-08  1.94994850e+00  2.41385000e-08  9.60765742e-01  2.41385000e-08  1.94980589e+00 
 2.41395000e-08  1.94994857e+00  2.41395000e-08  1.02982124e+00  2.41395000e-08  1.94967782e+00 
 2.41405000e-08  1.94994915e+00  2.41405000e-08  1.09811588e+00  2.41405000e-08  1.94955514e+00 
 2.41415000e-08  1.94994922e+00  2.41415000e-08  1.16579458e+00  2.41415000e-08  1.94943475e+00 
 2.42705000e-08  1.94997150e+00  2.42705000e-08  1.94993580e+00  2.42705000e-08  1.18889698e+00 
 2.42715000e-08  1.94997157e+00  2.42715000e-08  1.94996500e+00  2.42715000e-08  1.13135795e+00 
 2.42725000e-08  1.94997172e+00  2.42725000e-08  1.94999452e+00  2.42725000e-08  1.07370284e+00 
 2.42735000e-08  1.94997160e+00  2.42735000e-08  1.95002107e+00  2.42735000e-08  1.01573046e+00 
 2.42745000e-08  1.94997172e+00  2.42745000e-08  1.95004541e+00  2.42745000e-08  9.57320030e-01 
 2.42755000e-08  1.94997171e+00  2.42755000e-08  1.95005967e+00  2.42755000e-08  8.98309632e-01 
 2.44325000e-08  1.17171412e+00  2.44325000e-08  1.94999421e+00  2.44325000e-08  1.30829896e-04 
 2.44335000e-08  1.11879588e+00  2.44335000e-08  1.94999431e+00  2.44335000e-08  1.35358381e-04 
 2.44345000e-08  1.06611064e+00  2.44345000e-08  1.94999431e+00  2.44345000e-08  1.22886847e-04 
 2.44355000e-08  1.01362856e+00  2.44355000e-08  1.94999441e+00  2.44355000e-08  1.27684873e-04 
 2.44365000e-08  9.61269974e-01  2.44365000e-08  1.94999439e+00  2.44365000e-08  1.14649876e-04 
 2.44375000e-08  9.08974022e-01  2.44375000e-08  1.94999450e+00  2.44375000e-08  1.19433503e-04 
 2.48825000e-08  5.75615091e-05  2.48825000e-08  1.11779308e+00  2.48825000e-08 -1.29237272e-06 
 2.48835000e-08  7.22319272e-05  2.48835000e-08  1.07370681e+00  2.48835000e-08  5.05266361e-07 
 2.48845000e-08  9.17114591e-05  2.48845000e-08  1.02918460e+00  2.48845000e-08  1.12071662e-06 
 2.48855000e-08  1.07988514e-04  2.48855000e-08  9.84228908e-01  2.48855000e-08  3.28969523e-06 
 2.48865000e-08  1.14335195e-04  2.48865000e-08  9.38857344e-01  2.48865000e-08  4.38401955e-06 
 2.48875000e-08  1.12138158e-04  2.48875000e-08  8.93078395e-01  2.48875000e-08  6.71752267e-06 
 2.50185000e-08  9.17784408e-01  2.50185000e-08  7.53838649e-04  2.50185000e-08  1.33760890e-05 
 2.50195000e-08  9.54621432e-01  2.50195000e-08  7.37054737e-04  2.50195000e-08  1.32428123e-05 
 2.50205000e-08  9.91836234e-01  2.50205000e-08  7.21329851e-04  2.50205000e-08  1.24542021e-05 
 2.50215000e-08  1.02955255e+00  2.50215000e-08  7.05391484e-04  2.50215000e-08  1.23482241e-05 
 2.50225000e-08  1.06742890e+00  2.50225000e-08  6.90458052e-04  2.50225000e-08  1.15798488e-05 
 2.50235000e-08  1.10511152e+00  2.50235000e-08  6.75311430e-04  2.50235000e-08  1.15051530e-05 
 2.52585000e-08  1.94994782e+00  2.52585000e-08  8.16432674e-01  2.52585000e-08 -5.86431513e-05 
 2.52595000e-08  1.94994791e+00  2.52595000e-08  8.86988852e-01  2.52595000e-08 -9.60700595e-05 
 2.52605000e-08  1.94994850e+00  2.52605000e-08  9.57045830e-01  2.52605000e-08 -1.27221978e-04 
 2.52615000e-08  1.94994858e+00  2.52615000e-08  1.02646977e+00  2.52615000e-08 -1.46737905e-04 
 2.52625000e-08  1.94994914e+00  2.52625000e-08  1.09527535e+00  2.52625000e-08 -1.60510268e-04 
 2.52635000e-08  1.94994921e+00  2.52635000e-08  1.16356697e+00  2.52635000e-08 -1.78303871e-04 
 2.53785000e-08  1.94997027e+00  2.53785000e-08  1.94988282e+00  2.53785000e-08  8.78033508e-01 
 2.53795000e-08  1.94997029e+00  2.53795000e-08  1.94988884e+00  2.53795000e-08  9.38696034e-01 
 2.53805000e-08  1.94997052e+00  2.53805000e-08  1.94989795e+00  2.53805000e-08  9.98419162e-01 
 2.53815000e-08  1.94997057e+00  2.53815000e-08  1.94990225e+00  2.53815000e-08  1.05948800e+00 
 2.53825000e-08  1.94997084e+00  2.53825000e-08  1.94991270e+00  2.53825000e-08  1.12573434e+00 
 2.53835000e-08  1.94997088e+00  2.53835000e-08  1.94990438e+00  2.53835000e-08  1.19890540e+00 
 2.55545000e-08  1.17403903e+00  2.55545000e-08  1.94999427e+00  2.55545000e-08  1.94998301e+00 
 2.55555000e-08  1.12111028e+00  2.55555000e-08  1.94999430e+00  2.55555000e-08  1.94999110e+00 
 2.55565000e-08  1.06841325e+00  2.55565000e-08  1.94999438e+00  2.55565000e-08  1.94998392e+00 
 2.55575000e-08  1.01592413e+00  2.55575000e-08  1.94999440e+00  2.55575000e-08  1.94999492e+00 
 2.55585000e-08  9.63559689e-01  2.55585000e-08  1.94999447e+00  2.55585000e-08  1.94998397e+00 
 2.55595000e-08  9.11262906e-01  2.55595000e-08  1.94999450e+00  2.55595000e-08  1.94999169e+00 
 2.60045000e-08  5.67905184e-05  2.60045000e-08  1.11921932e+00  2.60045000e-08  1.94995798e+00 
 2.60055000e-08  7.13106004e-05  2.60055000e-08  1.07514903e+00  2.60055000e-08  1.94995878e+00 
 2.60065000e-08  9.04450387e-05  2.60065000e-08  1.03064167e+00  2.60065000e-08  1.94996282e+00 
 2.60075000e-08  1.07302826e-04  2.60075000e-08  9.85700763e-01  2.60075000e-08  1.94997118e+00 
 2.60085000e-08  1.14213257e-04  2.60085000e-08  9.40342511e-01  2.60085000e-08  1.94998376e+00 
 2.60095000e-08  1.12490134e-04  2.60095000e-08  8.94576307e-01  2.60095000e-08  1.95000132e+00 
 2.61405000e-08  9.15352706e-01  2.61405000e-08  6.68906893e-04  2.61405000e-08  1.94984034e+00 
 2.61415000e-08  9.52180381e-01  2.61415000e-08  6.53784009e-04  2.61415000e-08  1.94984322e+00 
 2.61425000e-08  9.89360255e-01  2.61425000e-08  6.41678824e-04  2.61425000e-08  1.94984731e+00 
 2.61435000e-08  1.02705085e+00  2.61435000e-08  6.27658632e-04  2.61435000e-08  1.94985050e+00 
 2.61445000e-08  1.06492910e+00  2.61445000e-08  6.16456195e-04  2.61445000e-08  1.94985479e+00 
 2.61455000e-08  1.10263167e+00  2.61455000e-08  6.03288928e-04  2.61455000e-08  1.94985811e+00 
 2.63815000e-08  1.94994790e+00  2.63815000e-08  8.83814992e-01  2.63815000e-08  1.94992985e+00 
 2.63825000e-08  1.94994845e+00  2.63825000e-08  9.53717408e-01  2.63825000e-08  1.94981815e+00 
 2.63835000e-08  1.94994856e+00  2.63835000e-08  1.02285064e+00  2.63835000e-08  1.94969095e+00 
 2.63845000e-08  1.94994910e+00  2.63845000e-08  1.09121317e+00  2.63845000e-08  1.94956602e+00 
 2.63855000e-08  1.94994920e+00  2.63855000e-08  1.15893736e+00  2.63855000e-08  1.94944834e+00 
 2.63865000e-08  1.94994974e+00  2.63865000e-08  1.22648349e+00  2.63865000e-08  1.94930642e+00 
 2.65145000e-08  1.94997148e+00  2.65145000e-08  1.94993252e+00  2.65145000e-08  1.19477711e+00 
 2.65155000e-08  1.94997156e+00  2.65155000e-08  1.94996213e+00  2.65155000e-08  1.13723922e+00 
 2.65165000e-08  1.94997171e+00  2.65165000e-08  1.94999161e+00  2.65165000e-08  1.07960966e+00 
 2.65175000e-08  1.94997160e+00  2.65175000e-08  1.95001853e+00  2.65175000e-08  1.02167109e+00 
 2.65185000e-08  1.94997171e+00  2.65185000e-08  1.95004317e+00  2.65185000e-08  9.63317669e-01 
 2.65195000e-08  1.94997170e+00  2.65195000e-08  1.95005854e+00  2.65195000e-08  9.04367769e-01 
 2.66765000e-08  1.17659601e+00  2.66765000e-08  1.94999423e+00  2.66765000e-08  1.31425412e-04 
 2.66775000e-08  1.12365766e+00  2.66775000e-08  1.94999428e+00  2.66775000e-08  1.35584136e-04 
 2.66785000e-08  1.07094927e+00  2.66785000e-08  1.94999433e+00  2.66785000e-08  1.23443723e-04 
 2.66795000e-08  1.01845394e+00  2.66795000e-08  1.94999438e+00  2.66795000e-08  1.27835986e-04 
 2.66805000e-08  9.66084434e-01  2.66805000e-08  1.94999442e+00  2.66805000e-08  1.15497984e-04 
 2.66815000e-08  9.13787998e-01  2.66815000e-08  1.94999447e+00  2.66815000e-08  1.19917179e-04 
 2.71265000e-08  5.62573223e-05  2.71265000e-08  1.12157928e+00  2.71265000e-08 -1.28681606e-06 
 2.71275000e-08  7.06625627e-05  2.71275000e-08  1.07753223e+00  2.71275000e-08  3.21647801e-07 
 2.71285000e-08  8.95469367e-05  2.71285000e-08  1.03304680e+00  2.71285000e-08  1.03165941e-06 
 2.71295000e-08  1.06811302e-04  2.71295000e-08  9.88128682e-01  2.71295000e-08  3.06526619e-06 
 2.71305000e-08  1.14121706e-04  2.71305000e-08  9.42792019e-01  2.71305000e-08  4.30001327e-06 
 2.71315000e-08  1.12731843e-04  2.71315000e-08  8.97048141e-01  2.71315000e-08  6.50752575e-06 
 2.72635000e-08  9.50958712e-01  2.72635000e-08  7.38335664e-04  2.72635000e-08  1.31294465e-05 
 2.72645000e-08  9.88121535e-01  2.72645000e-08  7.22823519e-04  2.72645000e-08  1.26459494e-05 
 2.72655000e-08  1.02579867e+00  2.72655000e-08  7.06604467e-04  2.72655000e-08  1.22328436e-05 
 2.72665000e-08  1.06367741e+00  2.72665000e-08  6.91880248e-04  2.72665000e-08  1.17693428e-05 
 2.72675000e-08  1.10138966e+00  2.72675000e-08  6.76460985e-04  2.72675000e-08  1.13874795e-05 
 2.72685000e-08  1.13873541e+00  2.72685000e-08  6.62474259e-04  2.72685000e-08  1.09471624e-05 
 2.75035000e-08  1.94994790e+00  2.75035000e-08  8.79898668e-01  2.75035000e-08 -9.20557828e-05 
 2.75045000e-08  1.94994844e+00  2.75045000e-08  9.50011780e-01  2.75045000e-08 -1.25736137e-04 
 2.75055000e-08  1.94994857e+00  2.75055000e-08  1.01950284e+00  2.75055000e-08 -1.46139114e-04 
 2.75065000e-08  1.94994909e+00  2.75065000e-08  1.08836667e+00  2.75065000e-08 -1.59549457e-04 
 2.75075000e-08  1.94994920e+00  2.75075000e-08  1.15671050e+00  2.75075000e-08 -1.76416337e-04 
 2.75085000e-08  1.94994972e+00  2.75085000e-08  1.22482426e+00  2.75085000e-08 -1.98031533e-04 
 2.76225000e-08  1.94997025e+00  2.76225000e-08  1.94988181e+00  2.76225000e-08  8.71865504e-01 
 2.76235000e-08  1.94997029e+00  2.76235000e-08  1.94988837e+00  2.76235000e-08  9.32669923e-01 
 2.76245000e-08  1.94997050e+00  2.76245000e-08  1.94989691e+00  2.76245000e-08  9.92434040e-01 
 2.76255000e-08  1.94997056e+00  2.76255000e-08  1.94990219e+00  2.76255000e-08  1.05312175e+00 
 2.76265000e-08  1.94997081e+00  2.76265000e-08  1.94991187e+00  2.76265000e-08  1.11867603e+00 
 2.76275000e-08  1.94997087e+00  2.76275000e-08  1.94990485e+00  2.76275000e-08  1.19151952e+00 
 2.77985000e-08  1.17915246e+00  2.77985000e-08  1.94999426e+00  2.77985000e-08  1.94998426e+00 
 2.77995000e-08  1.12620269e+00  2.77995000e-08  1.94999430e+00  2.77995000e-08  1.94999077e+00 
 2.78005000e-08  1.07348122e+00  2.78005000e-08  1.94999438e+00  2.78005000e-08  1.94998515e+00 
 2.78015000e-08  1.02097791e+00  2.78015000e-08  1.94999440e+00  2.78015000e-08  1.94999435e+00 
 2.78025000e-08  9.68601739e-01  2.78025000e-08  1.94999447e+00  2.78025000e-08  1.94998525e+00 
 2.78035000e-08  9.16304198e-01  2.78035000e-08  1.94999450e+00  2.78035000e-08  1.94999145e+00 
 2.82485000e-08  5.52001967e-05  2.82485000e-08  1.12329684e+00  2.82485000e-08  1.94995811e+00 
 2.82495000e-08  6.95000287e-05  2.82495000e-08  1.07926877e+00  2.82495000e-08  1.94995854e+00 
 2.82505000e-08  8.80301001e-05  2.82505000e-08  1.03480117e+00  2.82505000e-08  1.94996232e+00 
 2.82515000e-08  1.05955086e-04  2.82515000e-08  9.89900757e-01  2.82515000e-08  1.94997018e+00 
 2.82525000e-08  1.13930265e-04  2.82525000e-08  9.44580276e-01  2.82525000e-08  1.94998244e+00 
 2.82535000e-08  1.13121688e-04  2.82535000e-08  8.98851910e-01  2.82535000e-08  1.94999918e+00 
 2.83855000e-08  9.48176907e-01  2.83855000e-08  6.54907574e-04  2.83855000e-08  1.94984297e+00 
 2.83865000e-08  9.85301968e-01  2.83865000e-08  6.43057670e-04  2.83865000e-08  1.94984689e+00 
 2.83875000e-08  1.02294723e+00  2.83875000e-08  6.28692379e-04  2.83875000e-08  1.94985023e+00 
 2.83885000e-08  1.06082541e+00  2.83885000e-08  6.17747550e-04  2.83885000e-08  1.94985435e+00 
 2.83895000e-08  1.09855890e+00  2.83895000e-08  6.04254425e-04  2.83895000e-08  1.94985783e+00 
 2.83905000e-08  1.13593598e+00  2.83905000e-08  5.94004375e-04  2.83905000e-08  1.94986202e+00 
 2.86255000e-08  1.94994790e+00  2.86255000e-08  8.76201001e-01  2.86255000e-08  1.94994061e+00 
 2.86265000e-08  1.94994838e+00  2.86265000e-08  9.46177882e-01  2.86265000e-08  1.94983111e+00 
 2.86275000e-08  1.94994856e+00  2.86275000e-08  1.01539838e+00  2.86275000e-08  1.94970481e+00 
 2.86285000e-08  1.94994903e+00  2.86285000e-08  1.08384032e+00  2.86285000e-08  1.94957747e+00 
 2.86295000e-08  1.94994920e+00  2.86295000e-08  1.15163285e+00  2.86295000e-08  1.94946252e+00 
 2.86305000e-08  1.94994968e+00  2.86305000e-08  1.21917965e+00  2.86305000e-08  1.94932300e+00 
 2.87595000e-08  1.94997155e+00  2.87595000e-08  1.94995910e+00  2.87595000e-08  1.14335169e+00 
 2.87605000e-08  1.94997170e+00  2.87605000e-08  1.94998853e+00  2.87605000e-08  1.08574711e+00 
 2.87615000e-08  1.94997161e+00  2.87615000e-08  1.95001579e+00  2.87615000e-08  1.02784233e+00 
 2.87625000e-08  1.94997170e+00  2.87625000e-08  1.95004077e+00  2.87625000e-08  9.69547046e-01 
 2.87635000e-08  1.94997170e+00  2.87635000e-08  1.95005729e+00  2.87635000e-08  9.10659545e-01 
 2.87645000e-08  1.94997193e+00  2.87645000e-08  1.95006880e+00  2.87645000e-08  8.51147483e-01 
 2.89205000e-08  1.18246849e+00  2.89205000e-08  1.94999427e+00  2.89205000e-08  1.33494207e-04 
 2.89215000e-08  1.12950520e+00  2.89215000e-08  1.94999424e+00  2.89215000e-08  1.34369334e-04 
 2.89225000e-08  1.07676774e+00  2.89225000e-08  1.94999436e+00  2.89225000e-08  1.24997563e-04 
 2.89235000e-08  1.02425493e+00  2.89235000e-08  1.94999433e+00  2.89235000e-08  1.26061925e-04 
 2.89245000e-08  9.71870827e-01  2.89245000e-08  1.94999445e+00  2.89245000e-08  1.16869806e-04 
 2.89255000e-08  9.19572506e-01  2.89255000e-08  1.94999443e+00  2.89255000e-08  1.18108463e-04 
 2.93705000e-08  5.45789133e-05  2.93705000e-08  1.12635499e+00  2.93705000e-08 -1.21011396e-06 
 2.93715000e-08  6.86584168e-05  2.93715000e-08  1.08235738e+00  2.93715000e-08  3.07033674e-08 
 2.93725000e-08  8.67713679e-05  2.93725000e-08  1.03791865e+00  2.93725000e-08  9.68175289e-07 
 2.93735000e-08  1.05239942e-04  2.93735000e-08  9.93047932e-01  2.93735000e-08  2.72340299e-06 
 2.93745000e-08  1.13740815e-04  2.93745000e-08  9.47755629e-01  2.93745000e-08  4.24553103e-06 
 2.93755000e-08  1.13392462e-04  2.93755000e-08  9.02056059e-01  2.93755000e-08  6.19288320e-06 
 2.95075000e-08  9.46383867e-01  2.95075000e-08  7.40001186e-04  2.95075000e-08  1.29503887e-05 
 2.95085000e-08  9.83484988e-01  2.95085000e-08  7.24688686e-04  2.95085000e-08  1.29250896e-05 
 2.95095000e-08  1.02110838e+00  2.95095000e-08  7.08182961e-04  2.95095000e-08  1.20518743e-05 
 2.95105000e-08  1.05898504e+00  2.95105000e-08  6.93655239e-04  2.95105000e-08  1.20449385e-05 
 2.95115000e-08  1.09673157e+00  2.95115000e-08  6.77958220e-04  2.95115000e-08  1.12041981e-05 
 2.95125000e-08  1.13412872e+00  2.95125000e-08  6.64164629e-04  2.95125000e-08  1.12188607e-05 
 2.97475000e-08  1.94994789e+00  2.97475000e-08  8.71187262e-01  2.97475000e-08 -8.77114661e-05 
 2.97485000e-08  1.94994835e+00  2.97485000e-08  9.41367929e-01  2.97485000e-08 -1.22060641e-04 
 2.97495000e-08  1.94994857e+00  2.97495000e-08  1.01094111e+00  2.97495000e-08 -1.43183285e-04 
 2.97505000e-08  1.94994901e+00  2.97505000e-08  1.07987825e+00  2.97505000e-08 -1.58379554e-04 
 2.97515000e-08  1.94994921e+00  2.97515000e-08  1.14827447e+00  2.97515000e-08 -1.73143395e-04 
 2.97525000e-08  1.94994965e+00  2.97525000e-08  1.21639524e+00  2.97525000e-08 -1.95431252e-04 
 2.98665000e-08  1.94997022e+00  2.98665000e-08  1.94988057e+00  2.98665000e-08  8.64175538e-01 
 2.98675000e-08  1.94997029e+00  2.98675000e-08  1.94988783e+00  2.98675000e-08  9.25166270e-01 
 2.98685000e-08  1.94997047e+00  2.98685000e-08  1.94989557e+00  2.98685000e-08  9.85004417e-01 
 2.98695000e-08  1.94997056e+00  2.98695000e-08  1.94990206e+00  2.98695000e-08  1.04533241e+00 
 2.98705000e-08  1.94997078e+00  2.98705000e-08  1.94991067e+00  2.98705000e-08  1.11005184e+00 
 2.98715000e-08  1.94997087e+00  2.98715000e-08  1.94990574e+00  2.98715000e-08  1.18233740e+00 
 3.00435000e-08  1.13272183e+00  3.00435000e-08  1.94999430e+00  3.00435000e-08  1.94999206e+00 
 3.00445000e-08  1.07996860e+00  3.00445000e-08  1.94999436e+00  3.00445000e-08  1.94998840e+00 
 3.00455000e-08  1.02744611e+00  3.00455000e-08  1.94999440e+00  3.00455000e-08  1.94999484e+00 
 3.00465000e-08  9.75053965e-01  3.00465000e-08  1.94999445e+00  3.00465000e-08  1.94998844e+00 
 3.00475000e-08  9.22754488e-01  3.00475000e-08  1.94999449e+00  3.00475000e-08  1.94999254e+00 
 3.00485000e-08  8.70449779e-01  3.00485000e-08  1.94999455e+00  3.00485000e-08  1.94998907e+00 
 3.04925000e-08  5.39179101e-05  3.04925000e-08  1.12907956e+00  3.04925000e-08  1.94995831e+00 
 3.04935000e-08  6.78339685e-05  3.04935000e-08  1.08511146e+00  3.04935000e-08  1.94995825e+00 
 3.04945000e-08  8.55844753e-05  3.04945000e-08  1.04070049e+00  3.04945000e-08  1.94996165e+00 
 3.04955000e-08  1.04545512e-04  3.04955000e-08  9.95857635e-01  3.04955000e-08  1.94996884e+00 
 3.04965000e-08  1.13514035e-04  3.04965000e-08  9.50591029e-01  3.04965000e-08  1.94998062e+00 
 3.04975000e-08  1.13583330e-04  3.04975000e-08  9.04916539e-01  3.04975000e-08  1.94999667e+00 
 3.06295000e-08  9.44104659e-01  3.06295000e-08  6.56504574e-04  3.06295000e-08  1.94984262e+00 
 3.06305000e-08  9.81176235e-01  3.06305000e-08  6.45000348e-04  3.06305000e-08  1.94984630e+00 
 3.06315000e-08  1.01877082e+00  3.06315000e-08  6.30161384e-04  3.06315000e-08  1.94984984e+00 
 3.06325000e-08  1.05664412e+00  3.06325000e-08  6.19565992e-04  3.06325000e-08  1.94985374e+00 
 3.06335000e-08  1.09440658e+00  3.06335000e-08  6.05626141e-04  3.06335000e-08  1.94985743e+00 
 3.06345000e-08  1.13182889e+00  3.06345000e-08  5.95724595e-04  3.06345000e-08  1.94986140e+00 
 3.08695000e-08  1.94994789e+00  3.08695000e-08  8.68450962e-01  3.08695000e-08  1.94995132e+00 
 3.08705000e-08  1.94994830e+00  3.08705000e-08  9.38503688e-01  3.08705000e-08  1.94984408e+00 
 3.08715000e-08  1.94994855e+00  3.08715000e-08  1.00781214e+00  3.08715000e-08  1.94971904e+00 
 3.08725000e-08  1.94994895e+00  3.08725000e-08  1.07633639e+00  3.08725000e-08  1.94959094e+00 
 3.08735000e-08  1.94994921e+00  3.08735000e-08  1.14418716e+00  3.08735000e-08  1.94947637e+00 
 3.08745000e-08  1.94994961e+00  3.08745000e-08  1.21172760e+00  3.08745000e-08  1.94933943e+00 
 3.10035000e-08  1.94997155e+00  3.10035000e-08  1.94995578e+00  3.10035000e-08  1.14966286e+00 
 3.10045000e-08  1.94997169e+00  3.10045000e-08  1.94998526e+00  3.10045000e-08  1.09207992e+00 
 3.10055000e-08  1.94997163e+00  3.10055000e-08  1.95001297e+00  3.10055000e-08  1.03420777e+00 
 3.10065000e-08  1.94997168e+00  3.10065000e-08  1.95003823e+00  3.10065000e-08  9.75967886e-01 
 3.10075000e-08  1.94997170e+00  3.10075000e-08  1.95005612e+00  3.10075000e-08  9.17142230e-01 
 3.10085000e-08  1.94997190e+00  3.10085000e-08  1.95006779e+00  3.10085000e-08  8.57705459e-01 
 3.11655000e-08  1.13539601e+00  3.11655000e-08  1.94999421e+00  3.11655000e-08  1.33703799e-04 
 3.11665000e-08  1.08263007e+00  3.11665000e-08  1.94999437e+00  3.11665000e-08  1.26359694e-04 
 3.11675000e-08  1.03009951e+00  3.11675000e-08  1.94999430e+00  3.11675000e-08  1.25410319e-04 
 3.11685000e-08  9.77700891e-01  3.11685000e-08  1.94999447e+00  3.11685000e-08  1.18389474e-04 
 3.11695000e-08  9.25400390e-01  3.11695000e-08  1.94999440e+00  3.11695000e-08  1.17631434e-04 
 3.11705000e-08  8.73095769e-01  3.11705000e-08  1.94999456e+00  3.11705000e-08  1.10916536e-04 
 3.16145000e-08  5.33827282e-05  3.16145000e-08  1.13120717e+00  3.16145000e-08 -1.16123407e-06 
 3.16155000e-08  6.70820554e-05  3.16155000e-08  1.08725991e+00  3.16155000e-08 -2.26686288e-07 
 3.16165000e-08  8.44385648e-05  3.16165000e-08  1.04286876e+00  3.16165000e-08  9.29979164e-07 
 3.16175000e-08  1.03882047e-04  3.16175000e-08  9.98046389e-01  3.16175000e-08  2.43770573e-06 
 3.16185000e-08  1.13306116e-04  3.16185000e-08  9.52799362e-01  3.16185000e-08  4.16237752e-06 
 3.16195000e-08  1.13788855e-04  3.16195000e-08  9.07145029e-01  3.16195000e-08  5.89071705e-06 
 3.17515000e-08  9.42516674e-01  3.17515000e-08  7.41621484e-04  3.17515000e-08  1.27645098e-05 
 3.17525000e-08  9.79568480e-01  3.17525000e-08  7.26628114e-04  3.17525000e-08  1.32129382e-05 
 3.17535000e-08  1.01714220e+00  3.17535000e-08  7.09715226e-04  3.17535000e-08  1.18632418e-05 
 3.17545000e-08  1.05501239e+00  3.17545000e-08  6.95503517e-04  3.17545000e-08  1.23300665e-05 
 3.17555000e-08  1.09278532e+00  3.17555000e-08  6.79408310e-04  3.17555000e-08  1.10125279e-05 
 3.17565000e-08  1.13022509e+00  3.17565000e-08  6.65927367e-04  3.17565000e-08  1.15008421e-05 
 3.19915000e-08  1.94994790e+00  3.19915000e-08  8.63840665e-01  3.19915000e-08 -8.39904695e-05 
 3.19925000e-08  1.94994827e+00  3.19925000e-08  9.34079380e-01  3.19925000e-08 -1.18862119e-04 
 3.19935000e-08  1.94994856e+00  3.19935000e-08  1.00372377e+00  3.19935000e-08 -1.41185182e-04 
 3.19945000e-08  1.94994893e+00  3.19945000e-08  1.07272367e+00  3.19945000e-08 -1.57320663e-04 
 3.19955000e-08  1.94994921e+00  3.19955000e-08  1.14116740e+00  3.19955000e-08 -1.70489932e-04 
 3.19965000e-08  1.94994958e+00  3.19965000e-08  1.20929842e+00  3.19965000e-08 -1.93231064e-04 
 3.21105000e-08  1.94997020e+00  3.21105000e-08  1.94987951e+00  3.21105000e-08  8.57738125e-01 
 3.21115000e-08  1.94997029e+00  3.21115000e-08  1.94988743e+00  3.21115000e-08  9.18890694e-01 
 3.21125000e-08  1.94997045e+00  3.21125000e-08  1.94989441e+00  3.21125000e-08  9.78806452e-01 
 3.21135000e-08  1.94997055e+00  3.21135000e-08  1.94990192e+00  3.21135000e-08  1.03891125e+00 
 3.21145000e-08  1.94997076e+00  3.21145000e-08  1.94990948e+00  3.21145000e-08  1.10298643e+00 
 3.21155000e-08  1.94997087e+00  3.21155000e-08  1.94990677e+00  3.21155000e-08  1.17466976e+00 
 3.22875000e-08  1.13795261e+00  3.22875000e-08  1.94999430e+00  3.22875000e-08  1.94999648e+00 
 3.22885000e-08  1.08517424e+00  3.22885000e-08  1.94999432e+00  3.22885000e-08  1.94999273e+00 
 3.22895000e-08  1.03263560e+00  3.22895000e-08  1.94999441e+00  3.22895000e-08  1.94999493e+00 
 3.22905000e-08  9.80230437e-01  3.22905000e-08  1.94999444e+00  3.22905000e-08  1.94999299e+00 
 3.22915000e-08  9.27928617e-01  3.22915000e-08  1.94999451e+00  3.22915000e-08  1.94999640e+00 
 3.22925000e-08  8.75623824e-01  3.22925000e-08  1.94999452e+00  3.22925000e-08  1.94999424e+00 
 3.27365000e-08  5.28071537e-05  3.27365000e-08  1.13327182e+00  3.27365000e-08  1.94995849e+00 
 3.27375000e-08  6.63168231e-05  3.27375000e-08  1.08934730e+00  3.27375000e-08  1.94995807e+00 
 3.27385000e-08  8.32878776e-05  3.27385000e-08  1.04497754e+00  3.27385000e-08  1.94996121e+00 
 3.27395000e-08  1.03200781e-04  3.27395000e-08  1.00017657e+00  3.27395000e-08  1.94996791e+00 
 3.27405000e-08  1.13082749e-04  3.27405000e-08  9.54949221e-01  3.27405000e-08  1.94997936e+00 
 3.27415000e-08  1.13975736e-04  3.27415000e-08  9.09313987e-01  3.27415000e-08  1.94999488e+00 
 3.28735000e-08  9.40482508e-01  3.28735000e-08  6.57665395e-04  3.28735000e-08  1.94984235e+00 
 3.28745000e-08  9.77509750e-01  3.28745000e-08  6.46401180e-04  3.28745000e-08  1.94984587e+00 
 3.28755000e-08  1.01505602e+00  3.28755000e-08  6.31228129e-04  3.28755000e-08  1.94984955e+00 
 3.28765000e-08  1.05292103e+00  3.28765000e-08  6.20875862e-04  3.28765000e-08  1.94985330e+00 
 3.28775000e-08  1.09070796e+00  3.28775000e-08  6.06621527e-04  3.28775000e-08  1.94985713e+00 
 3.28785000e-08  1.12817110e+00  3.28785000e-08  5.96962752e-04  3.28785000e-08  1.94986096e+00 
 3.31135000e-08  1.94994791e+00  3.31135000e-08  8.61649837e-01  3.31135000e-08  1.94996054e+00 
 3.31145000e-08  1.94994823e+00  3.31145000e-08  9.31765897e-01  3.31145000e-08  1.94985524e+00 
 3.31155000e-08  1.94994857e+00  3.31155000e-08  1.00115095e+00  3.31155000e-08  1.94973164e+00 
 3.31165000e-08  1.94994888e+00  3.31165000e-08  1.06974843e+00  3.31165000e-08  1.94960325e+00 
 3.31175000e-08  1.94994922e+00  3.31175000e-08  1.13764079e+00  3.31175000e-08  1.94948853e+00 
 3.31185000e-08  1.94994953e+00  3.31185000e-08  1.20516909e+00  3.31185000e-08  1.94935384e+00 
 3.32475000e-08  1.94997155e+00  3.32475000e-08  1.94995306e+00  3.32475000e-08  1.15532284e+00 
 3.32485000e-08  1.94997167e+00  3.32485000e-08  1.94998228e+00  3.32485000e-08  1.09775052e+00 
 3.32495000e-08  1.94997165e+00  3.32495000e-08  1.95001043e+00  3.32495000e-08  1.03991452e+00 
 3.32505000e-08  1.94997167e+00  3.32505000e-08  1.95003579e+00  3.32505000e-08  9.81717373e-01 
 3.32515000e-08  1.94997171e+00  3.32515000e-08  1.95005496e+00  3.32515000e-08  9.22954696e-01 
 3.32525000e-08  1.94997186e+00  3.32525000e-08  1.95006668e+00  3.32525000e-08  8.63581015e-01 
 3.34095000e-08  1.14058607e+00  3.34095000e-08  1.94999419e+00  3.34095000e-08  1.33723465e-04 
 3.34105000e-08  1.08779577e+00  3.34105000e-08  1.94999437e+00  3.34105000e-08  1.27159482e-04 
 3.34115000e-08  1.03524767e+00  3.34115000e-08  1.94999429e+00  3.34115000e-08  1.25406046e-04 
 3.34125000e-08  9.82836442e-01  3.34125000e-08  1.94999446e+00  3.34125000e-08  1.19164608e-04 
 3.34135000e-08  9.30532231e-01  3.34135000e-08  1.94999439e+00  3.34135000e-08  1.17604519e-04 
 3.34145000e-08  8.78227905e-01  3.34145000e-08  1.94999455e+00  3.34145000e-08  1.11668069e-04 
 3.38585000e-08  5.22051199e-05  3.38585000e-08  1.13511967e+00  3.38585000e-08 -1.13098587e-06 
 3.38595000e-08  6.55244724e-05  3.38595000e-08  1.09121311e+00  3.38595000e-08 -4.13100268e-07 
 3.38605000e-08  8.20871143e-05  3.38605000e-08  1.04686045e+00  3.38605000e-08  8.94664389e-07 
 3.38615000e-08  1.02474015e-04  3.38615000e-08  1.00207716e+00  3.38615000e-08  2.22422994e-06 
 3.38625000e-08  1.12826971e-04  3.38625000e-08  9.56866800e-01  3.38625000e-08  4.07832577e-06 
 3.38635000e-08  1.14143131e-04  3.38635000e-08  9.11249101e-01  3.38635000e-08  5.66265842e-06 
 3.39955000e-08  9.38735145e-01  3.39955000e-08  7.42936953e-04  3.39955000e-08  1.26556153e-05 
 3.39965000e-08  9.75742180e-01  3.39965000e-08  7.28224126e-04  3.39965000e-08  1.34075709e-05 
 3.39975000e-08  1.01326432e+00  3.39975000e-08  7.10958742e-04  3.39975000e-08  1.17516085e-05 
 3.39985000e-08  1.05112388e+00  3.39985000e-08  6.97025122e-04  3.39985000e-08  1.25228734e-05 
 3.39995000e-08  1.08892125e+00  3.39995000e-08  6.80584668e-04  3.39995000e-08  1.08979665e-05 
 3.40005000e-08  1.12640310e+00  3.40005000e-08  6.67379118e-04  3.40005000e-08  1.16914531e-05 
 3.42355000e-08  1.94994791e+00  3.42355000e-08  8.56790524e-01  3.42355000e-08 -8.03361545e-05 
 3.42365000e-08  1.94994817e+00  3.42365000e-08  9.27080821e-01  3.42365000e-08 -1.15640447e-04 
 3.42375000e-08  1.94994858e+00  3.42375000e-08  9.96790189e-01  3.42375000e-08 -1.39484382e-04 
 3.42385000e-08  1.94994885e+00  3.42385000e-08  1.06585174e+00  3.42385000e-08 -1.56059800e-04 
 3.42395000e-08  1.94994923e+00  3.42395000e-08  1.13433295e+00  3.42395000e-08 -1.68388966e-04 
 3.42405000e-08  1.94994948e+00  3.42405000e-08  1.20246644e+00  3.42405000e-08 -1.91050353e-04 
 3.43545000e-08  1.94997016e+00  3.43545000e-08  1.94987862e+00  3.43545000e-08  8.51515123e-01 
 3.43555000e-08  1.94997030e+00  3.43555000e-08  1.94988706e+00  3.43555000e-08  9.12825208e-01 
 3.43565000e-08  1.94997042e+00  3.43565000e-08  1.94989324e+00  3.43565000e-08  9.72826428e-01 
 3.43575000e-08  1.94997056e+00  3.43575000e-08  1.94990175e+00  3.43575000e-08  1.03276981e+00 
 3.43585000e-08  1.94997072e+00  3.43585000e-08  1.94990817e+00  3.43585000e-08  1.09628050e+00 
 3.43595000e-08  1.94997088e+00  3.43595000e-08  1.94990796e+00  3.43595000e-08  1.16727189e+00 
 3.45315000e-08  1.14336520e+00  3.45315000e-08  1.94999433e+00  3.45315000e-08  1.94999803e+00 
 3.45325000e-08  1.09056339e+00  3.45325000e-08  1.94999429e+00  3.45325000e-08  1.94999752e+00 
 3.45335000e-08  1.03800353e+00  3.45335000e-08  1.94999444e+00  3.45335000e-08  1.94999821e+00 
 3.45345000e-08  9.85586754e-01  3.45345000e-08  1.94999440e+00  3.45345000e-08  1.94999771e+00 
 3.45355000e-08  9.33278406e-01  3.45355000e-08  1.94999454e+00  3.45355000e-08  1.94999827e+00 
 3.45365000e-08  8.80975408e-01  3.45365000e-08  1.94999449e+00  3.45365000e-08  1.94999781e+00 
 3.49805000e-08  5.15957725e-05  3.49805000e-08  1.13738646e+00  3.49805000e-08  1.94995865e+00 
 3.49815000e-08  6.47121515e-05  3.49815000e-08  1.09350481e+00  3.49815000e-08  1.94995797e+00 
 3.49825000e-08  8.08548336e-05  3.49825000e-08  1.04917559e+00  3.49825000e-08  1.94996078e+00 
 3.49835000e-08  1.01719349e-04  3.49835000e-08  1.00441583e+00  3.49835000e-08  1.94996707e+00 
 3.49845000e-08  1.12552307e-04  3.49845000e-08  9.59227166e-01  3.49845000e-08  1.94997811e+00 
 3.49855000e-08  1.14296926e-04  3.49855000e-08  9.13630611e-01  3.49855000e-08  1.94999321e+00 
 3.51175000e-08  9.36591656e-01  3.51175000e-08  6.59094489e-04  3.51175000e-08  1.94984225e+00 
 3.51185000e-08  9.73574931e-01  3.51185000e-08  6.47570629e-04  3.51185000e-08  1.94984531e+00 
 3.51195000e-08  1.01106692e+00  3.51195000e-08  6.32554810e-04  3.51195000e-08  1.94984942e+00 
 3.51205000e-08  1.04891842e+00  3.51205000e-08  6.21960349e-04  3.51205000e-08  1.94985273e+00 
 3.51215000e-08  1.08672791e+00  3.51215000e-08  6.07868724e-04  3.51215000e-08  1.94985699e+00 
 3.51225000e-08  1.12423226e+00  3.51225000e-08  5.97981379e-04  3.51225000e-08  1.94986038e+00 
 3.53575000e-08  1.94994794e+00  3.53575000e-08  8.54241681e-01  3.53575000e-08  1.94997038e+00 
 3.53585000e-08  1.94994814e+00  3.53585000e-08  9.24424838e-01  3.53585000e-08  1.94986723e+00 
 3.53595000e-08  1.94994860e+00  3.53595000e-08  9.93892600e-01  3.53595000e-08  1.94974535e+00 
 3.53605000e-08  1.94994879e+00  3.53605000e-08  1.06257044e+00  3.53605000e-08  1.94961660e+00 
 3.53615000e-08  1.94994925e+00  3.53615000e-08  1.13052697e+00  3.53615000e-08  1.94950108e+00 
 3.53625000e-08  1.94994944e+00  3.53625000e-08  1.19806488e+00  3.53625000e-08  1.94936874e+00 
 3.54915000e-08  1.94997156e+00  3.54915000e-08  1.94995017e+00  3.54915000e-08  1.16131361e+00 
 3.54925000e-08  1.94997164e+00  3.54925000e-08  1.94997904e+00  3.54925000e-08  1.10375102e+00 
 3.54935000e-08  1.94997167e+00  3.54935000e-08  1.95000768e+00  3.54935000e-08  1.04595187e+00 
 3.54945000e-08  1.94997164e+00  3.54945000e-08  1.95003311e+00  3.54945000e-08  9.87798701e-01 
 3.54955000e-08  1.94997172e+00  3.54955000e-08  1.95005366e+00  3.54955000e-08  9.29101966e-01 
 3.54965000e-08  1.94997181e+00  3.54965000e-08  1.95006540e+00  3.54965000e-08  8.69794790e-01 
 3.56535000e-08  1.14585275e+00  3.56535000e-08  1.94999420e+00  3.56535000e-08  1.34040775e-04 
 3.56545000e-08  1.09304153e+00  3.56545000e-08  1.94999436e+00  3.56545000e-08  1.27726268e-04 
 3.56555000e-08  1.04047194e+00  3.56555000e-08  1.94999430e+00  3.56555000e-08  1.25691779e-04 
 3.56565000e-08  9.88050850e-01  3.56565000e-08  1.94999446e+00  3.56565000e-08  1.19707505e-04 
 3.56575000e-08  9.35739477e-01  3.56575000e-08  1.94999439e+00  3.56575000e-08  1.17860623e-04 
 3.56585000e-08  8.83438152e-01  3.56585000e-08  1.94999455e+00  3.56585000e-08  1.12188606e-04 
 3.61025000e-08  5.12198081e-05  3.61025000e-08  1.14002300e+00  3.61025000e-08 -1.11871113e-06 
 3.61035000e-08  6.42058108e-05  3.61035000e-08  1.09616754e+00  3.61035000e-08 -6.10526590e-07 
 3.61045000e-08  8.00761776e-05  3.61045000e-08  1.05186325e+00  3.61045000e-08  8.26273523e-07 
 3.61055000e-08  1.01237864e-04  3.61055000e-08  1.00712909e+00  3.61055000e-08  1.98380711e-06 
 3.61065000e-08  1.12372485e-04  3.61065000e-08  9.61964879e-01  3.61065000e-08  3.94781892e-06 
 3.61075000e-08  1.14387516e-04  3.61075000e-08  9.16393293e-01  3.61075000e-08  5.40377723e-06 
 3.62395000e-08  9.35452358e-01  3.62395000e-08  7.44607531e-04  3.62395000e-08  1.25468831e-05 
 3.62405000e-08  9.72423339e-01  3.62405000e-08  7.30212397e-04  3.62405000e-08  1.36155255e-05 
 3.62415000e-08  1.00989428e+00  3.62415000e-08  7.12538600e-04  3.62415000e-08  1.16398035e-05 
 3.62425000e-08  1.04773906e+00  3.62425000e-08  6.98920051e-04  3.62425000e-08  1.27287864e-05 
 3.62435000e-08  1.08555931e+00  3.62435000e-08  6.82079412e-04  3.62435000e-08  1.07825877e-05 
 3.62445000e-08  1.12307690e+00  3.62445000e-08  6.69186619e-04  3.62445000e-08  1.18950306e-05 
 3.64795000e-08  1.94994793e+00  3.64795000e-08  8.50496648e-01  3.64795000e-08 -7.70404128e-05 
 3.64805000e-08  1.94994809e+00  3.64805000e-08  9.20831382e-01  3.64805000e-08 -1.12666385e-04 
 3.64815000e-08  1.94994861e+00  3.64815000e-08  9.90597952e-01  3.64815000e-08 -1.37902543e-04 
 3.64825000e-08  1.94994877e+00  3.64825000e-08  1.05971476e+00  3.64825000e-08 -1.54907398e-04 
 3.64835000e-08  1.94994926e+00  3.64835000e-08  1.12824126e+00  3.64835000e-08 -1.66929781e-04 
 3.64845000e-08  1.94994940e+00  3.64845000e-08  1.19639005e+00  3.64845000e-08 -1.88915981e-04 
 3.65985000e-08  1.94997013e+00  3.65985000e-08  1.94987784e+00  3.65985000e-08  8.46014830e-01 
 3.65995000e-08  1.94997031e+00  3.65995000e-08  1.94988676e+00  3.65995000e-08  9.07470477e-01 
 3.66005000e-08  1.94997039e+00  3.66005000e-08  1.94989218e+00  3.66005000e-08  9.67556659e-01 
 3.66015000e-08  1.94997056e+00  3.66015000e-08  1.94990160e+00  3.66015000e-08  1.02739723e+00 
 3.66025000e-08  1.94997069e+00  3.66025000e-08  1.94990690e+00  3.66025000e-08  1.09045857e+00 
 3.66035000e-08  1.94997089e+00  3.66035000e-08  1.94990916e+00  3.66035000e-08  1.16076612e+00 
 3.67755000e-08  1.14818339e+00  3.67755000e-08  1.94999437e+00  3.67755000e-08  1.94999632e+00 
 3.67765000e-08  1.09536164e+00  3.67765000e-08  1.94999426e+00  3.67765000e-08  1.94999811e+00 
 3.67775000e-08  1.04278126e+00  3.67775000e-08  1.94999447e+00  3.67775000e-08  1.94999669e+00 
 3.67785000e-08  9.90354505e-01  3.67785000e-08  1.94999436e+00  3.67785000e-08  1.94999843e+00 
 3.67795000e-08  9.38038768e-01  3.67795000e-08  1.94999456e+00  3.67795000e-08  1.94999625e+00 
 3.67805000e-08  8.85737815e-01  3.67805000e-08  1.94999445e+00  3.67805000e-08  1.94999734e+00 
 3.72245000e-08  5.06483644e-05  3.72245000e-08  1.14194712e+00  3.72245000e-08  1.94995884e+00 
 3.72255000e-08  6.34305683e-05  3.72255000e-08  1.09811307e+00  3.72255000e-08  1.94995788e+00 
 3.72265000e-08  7.88833514e-05  3.72265000e-08  1.05382892e+00  3.72265000e-08  1.94996035e+00 
 3.72275000e-08  1.00494229e-04  3.72275000e-08  1.00911496e+00  3.72275000e-08  1.94996619e+00 
 3.72285000e-08  1.12083170e-04  3.72285000e-08  9.63969358e-01  3.72285000e-08  1.94997678e+00 
 3.72295000e-08  1.14486438e-04  3.72295000e-08  9.18415858e-01  3.72295000e-08  1.94999140e+00 
 3.73615000e-08  9.33422201e-01  3.73615000e-08  6.60742325e-04  3.73615000e-08  1.94984217e+00 
 3.73625000e-08  9.70372118e-01  3.73625000e-08  6.48737026e-04  3.73625000e-08  1.94984467e+00 
 3.73635000e-08  1.00781386e+00  3.73635000e-08  6.34087198e-04  3.73635000e-08  1.94984930e+00 
 3.73645000e-08  1.04564852e+00  3.73645000e-08  6.23036096e-04  3.73645000e-08  1.94985206e+00 
 3.73655000e-08  1.08347928e+00  3.73655000e-08  6.09310818e-04  3.73655000e-08  1.94985685e+00 
 3.73665000e-08  1.12101976e+00  3.73665000e-08  5.98987381e-04  3.73665000e-08  1.94985972e+00 
 3.76015000e-08  1.94994797e+00  3.76015000e-08  8.48254156e-01  3.76015000e-08  1.94997815e+00 
 3.76025000e-08  1.94994805e+00  3.76025000e-08  9.18490146e-01  3.76025000e-08  1.94987682e+00 
 3.76035000e-08  1.94994863e+00  3.76035000e-08  9.88024315e-01  3.76035000e-08  1.94975640e+00 
 3.76045000e-08  1.94994870e+00  3.76045000e-08  1.05676753e+00  3.76045000e-08  1.94962751e+00 
 3.76055000e-08  1.94994928e+00  3.76055000e-08  1.12477856e+00  3.76055000e-08  1.94951098e+00 
 3.76065000e-08  1.94994935e+00  3.76065000e-08  1.19232940e+00  3.76065000e-08  1.94938072e+00 
 3.77355000e-08  1.94997156e+00  3.77355000e-08  1.94994784e+00  3.77355000e-08  1.16623342e+00 
 3.77365000e-08  1.94997162e+00  3.77365000e-08  1.94997632e+00  3.77365000e-08  1.10867746e+00 
 3.77375000e-08  1.94997170e+00  3.77375000e-08  1.95000544e+00  3.77375000e-08  1.05090707e+00 
 3.77385000e-08  1.94997162e+00  3.77385000e-08  1.95003082e+00  3.77385000e-08  9.92788673e-01 
 3.77395000e-08  1.94997173e+00  3.77395000e-08  1.95005259e+00  3.77395000e-08  9.34145028e-01 
 3.77405000e-08  1.94997178e+00  3.77405000e-08  1.95006426e+00  3.77405000e-08  8.74891783e-01 
 3.78975000e-08  1.15059095e+00  3.78975000e-08  1.94999422e+00  3.78975000e-08  1.33715044e-04 
 3.78985000e-08  1.09776058e+00  3.78985000e-08  1.94999434e+00  3.78985000e-08  1.28789471e-04 
 3.78995000e-08  1.04517106e+00  3.78995000e-08  1.94999432e+00  3.78995000e-08  1.25351434e-04 
 3.79005000e-08  9.92740348e-01  3.79005000e-08  1.94999443e+00  3.79005000e-08  1.20736767e-04 
 3.79015000e-08  9.40421854e-01  3.79015000e-08  1.94999441e+00  3.79015000e-08  1.17507423e-04 
 3.79025000e-08  8.88122740e-01  3.79025000e-08  1.94999452e+00  3.79025000e-08  1.13185850e-04 
 3.83465000e-08  5.03977048e-05  3.83465000e-08  1.14449715e+00  3.83465000e-08 -1.10918690e-06 
 3.83475000e-08  6.30986183e-05  3.83475000e-08  1.10068846e+00  3.83475000e-08 -7.78919925e-07 
 3.83485000e-08  7.84270644e-05  3.83485000e-08  1.05642843e+00  3.83485000e-08  8.44664007e-07 
 3.83495000e-08  1.00082662e-04  3.83495000e-08  1.01173924e+00  3.83495000e-08  1.87888751e-06 
 3.83505000e-08  1.11919112e-04  3.83505000e-08  9.66617333e-01  3.83505000e-08  3.85195714e-06 
 3.83515000e-08  1.14523816e-04  3.83515000e-08  9.21088030e-01  3.83515000e-08  5.18283336e-06 
 3.84835000e-08  9.32553520e-01  3.84835000e-08  7.46487411e-04  3.84835000e-08  1.27008953e-05 
 3.84845000e-08  9.69492643e-01  3.84845000e-08  7.31688228e-04  3.84845000e-08  1.35572208e-05 
 3.84855000e-08  1.00692103e+00  3.84855000e-08  7.14327163e-04  3.84855000e-08  1.17898883e-05 
 3.84865000e-08  1.04475295e+00  3.84865000e-08  7.00317545e-04  3.84865000e-08  1.26691864e-05 
 3.84875000e-08  1.08258874e+00  3.84875000e-08  6.83782486e-04  3.84875000e-08  1.09286426e-05 
 3.84885000e-08  1.12013570e+00  3.84885000e-08  6.70511027e-04  3.84885000e-08  1.18340092e-05 
 3.87235000e-08  1.94994795e+00  3.87235000e-08  8.44944782e-01  3.87235000e-08 -7.38876186e-05 
 3.87245000e-08  1.94994803e+00  3.87245000e-08  9.15317912e-01  3.87245000e-08 -1.10055019e-04 
 3.87255000e-08  1.94994862e+00  3.87255000e-08  9.85131229e-01  3.87255000e-08 -1.36253695e-04 
 3.87265000e-08  1.94994869e+00  3.87265000e-08  1.05429418e+00  3.87265000e-08 -1.53652092e-04 
 3.87275000e-08  1.94994927e+00  3.87275000e-08  1.12286230e+00  3.87275000e-08 -1.65827967e-04 
 3.87285000e-08  1.94994934e+00  3.87285000e-08  1.19102689e+00  3.87285000e-08 -1.87124193e-04 
 3.88435000e-08  1.94997031e+00  3.88435000e-08  1.94988626e+00  3.88435000e-08  9.02663204e-01 
 3.88445000e-08  1.94997036e+00  3.88445000e-08  1.94989147e+00  3.88445000e-08  9.62830679e-01 
 3.88455000e-08  1.94997057e+00  3.88455000e-08  1.94990120e+00  3.88455000e-08  1.02260629e+00 
 3.88465000e-08  1.94997066e+00  3.88465000e-08  1.94990594e+00  3.88465000e-08  1.08529837e+00 
 3.88475000e-08  1.94997089e+00  3.88475000e-08  1.94991008e+00  3.88475000e-08  1.15494738e+00 
 3.88485000e-08  1.94997093e+00  3.88485000e-08  1.94990469e+00  3.88485000e-08  1.22834110e+00 
 3.90195000e-08  1.15194364e+00  3.90195000e-08  1.94999437e+00  3.90195000e-08  1.94999153e+00 
 3.90205000e-08  1.09910636e+00  3.90205000e-08  1.94999425e+00  3.90205000e-08  1.94999425e+00 
 3.90215000e-08  1.04650975e+00  3.90215000e-08  1.94999446e+00  3.90215000e-08  1.94999191e+00 
 3.90225000e-08  9.94074910e-01  3.90225000e-08  1.94999435e+00  3.90225000e-08  1.94999619e+00 
 3.90235000e-08  9.41753115e-01  3.90235000e-08  1.94999456e+00  3.90235000e-08  1.94999192e+00 
 3.90245000e-08  8.89453544e-01  3.90245000e-08  1.94999445e+00  3.90245000e-08  1.94999456e+00 
 3.94685000e-08  4.98954244e-05  3.94685000e-08  1.14608168e+00  3.94685000e-08  1.94995903e+00 
 3.94695000e-08  6.23936669e-05  3.94695000e-08  1.10229091e+00  3.94695000e-08  1.94995784e+00 
 3.94705000e-08  7.76755195e-05  3.94705000e-08  1.05804770e+00  3.94705000e-08  1.94995998e+00 
 3.94715000e-08  9.90965398e-05  3.94715000e-08  1.01337540e+00  3.94715000e-08  1.94996543e+00 
 3.94725000e-08  1.11505742e-04  3.94725000e-08  9.68268969e-01  3.94725000e-08  1.94997560e+00 
 3.94735000e-08  1.14535181e-04  3.94735000e-08  9.22754687e-01  3.94735000e-08  1.94998980e+00 
 3.96055000e-08  9.30690092e-01  3.96055000e-08  6.62337289e-04  3.96055000e-08  1.94984186e+00 
 3.96065000e-08  9.67611470e-01  3.96065000e-08  6.49775375e-04  3.96065000e-08  1.94984430e+00 
 3.96075000e-08  1.00501721e+00  3.96075000e-08  6.35570270e-04  3.96075000e-08  1.94984896e+00 
 3.96085000e-08  1.04283955e+00  3.96085000e-08  6.23989838e-04  3.96085000e-08  1.94985167e+00 
 3.96095000e-08  1.08067912e+00  3.96095000e-08  6.10706891e-04  3.96095000e-08  1.94985650e+00 
 3.96105000e-08  1.11824286e+00  3.96105000e-08  5.99877194e-04  3.96105000e-08  1.94985932e+00 
 3.98455000e-08  1.94994793e+00  3.98455000e-08  8.42966905e-01  3.98455000e-08  1.94997996e+00 
 3.98465000e-08  1.94994801e+00  3.98465000e-08  9.13247205e-01  3.98465000e-08  1.94987646e+00 
 3.98475000e-08  1.94994861e+00  3.98475000e-08  9.82843493e-01  3.98475000e-08  1.94975900e+00 
 3.98485000e-08  1.94994869e+00  3.98485000e-08  1.05164849e+00  3.98485000e-08  1.94963139e+00 
 3.98495000e-08  1.94994927e+00  3.98495000e-08  1.11972079e+00  3.98495000e-08  1.94951489e+00 
 3.98505000e-08  1.94994933e+00  3.98505000e-08  1.18729861e+00  3.98505000e-08  1.94938729e+00 
 3.99795000e-08  1.94997156e+00  3.99795000e-08  1.94994585e+00  3.99795000e-08  1.17047520e+00 
 3.99805000e-08  1.94997161e+00  3.99805000e-08  1.94997405e+00  3.99805000e-08  1.11292402e+00 
 3.99815000e-08  1.94997170e+00  3.99815000e-08  1.95000367e+00  3.99815000e-08  1.05517720e+00 
 3.99825000e-08  1.94997161e+00  3.99825000e-08  1.95002878e+00  3.99825000e-08  9.97088229e-01 
 3.99835000e-08  1.94997173e+00  3.99835000e-08  1.95005159e+00  3.99835000e-08  9.38490586e-01 
 3.99845000e-08  1.94997176e+00  3.99845000e-08  1.95006313e+00  3.99845000e-08  8.79284930e-01 
 4.01415000e-08  1.15385930e+00  4.01415000e-08  1.94999425e+00  4.01415000e-08  1.33371215e-04 
 4.01425000e-08  1.10101540e+00  4.01425000e-08  1.94999430e+00  4.01425000e-08  1.29784111e-04 
 4.01435000e-08  1.04841164e+00  4.01435000e-08  1.94999434e+00  4.01435000e-08  1.24997637e-04 
 4.01445000e-08  9.95973719e-01  4.01445000e-08  1.94999440e+00  4.01445000e-08  1.21700655e-04 
 4.01455000e-08  9.43649786e-01  4.01455000e-08  1.94999443e+00  4.01455000e-08  1.17144739e-04 
 4.01465000e-08  8.91351753e-01  4.01465000e-08  1.94999449e+00  4.01465000e-08  1.14120416e-04 
 4.05905000e-08  4.98662956e-05  4.05905000e-08  1.14837052e+00  4.05905000e-08 -1.11034647e-06 
 4.05915000e-08  6.23517118e-05  4.05915000e-08  1.10460241e+00  4.05915000e-08 -9.11864054e-07 
 4.05925000e-08  7.76273533e-05  4.05925000e-08  1.06038076e+00  4.05925000e-08  7.77271150e-07 
 4.05935000e-08  9.90315808e-05  4.05935000e-08  1.01573064e+00  4.05935000e-08  1.70135162e-06 
 4.05945000e-08  1.11482378e-04  4.05945000e-08  9.70645465e-01  4.05945000e-08  3.73299077e-06 
 4.05955000e-08  1.14546800e-04  4.05955000e-08  9.25152933e-01  4.05955000e-08  4.99215118e-06 
 4.07275000e-08  9.30649272e-01  4.07275000e-08  7.48110249e-04  4.07275000e-08  1.28591114e-05 
 4.07285000e-08  9.67570553e-01  4.07285000e-08  7.32942067e-04  4.07285000e-08  1.34816671e-05 
 4.07295000e-08  1.00497541e+00  4.07295000e-08  7.15871956e-04  4.07295000e-08  1.19443282e-05 
 4.07305000e-08  1.04279736e+00  4.07305000e-08  7.01504601e-04  4.07305000e-08  1.25933566e-05 
 4.07315000e-08  1.08063708e+00  4.07315000e-08  6.85254144e-04  4.07315000e-08  1.10789894e-05 
 4.07325000e-08  1.11820123e+00  4.07325000e-08  6.71635512e-04  4.07325000e-08  1.17574263e-05 
 4.09675000e-08  1.94994794e+00  4.09675000e-08  8.41212972e-01  4.09675000e-08 -7.18624283e-05 
 4.09685000e-08  1.94994801e+00  4.09685000e-08  9.11611514e-01  4.09685000e-08 -1.08290651e-04 
 4.09695000e-08  1.94994861e+00  4.09695000e-08  9.81458357e-01  4.09695000e-08 -1.35186393e-04 
 4.09705000e-08  1.94994869e+00  4.09705000e-08  1.05065491e+00  4.09705000e-08 -1.52798029e-04 
 4.09715000e-08  1.94994927e+00  4.09715000e-08  1.11926159e+00  4.09715000e-08 -1.65256645e-04 
 4.09725000e-08  1.94994934e+00  4.09725000e-08  1.18744808e+00  4.09725000e-08 -1.86043167e-04 
 4.10875000e-08  1.94997031e+00  4.10875000e-08  1.94988584e+00  4.10875000e-08  8.99480468e-01 
 4.10885000e-08  1.94997035e+00  4.10885000e-08  1.94989109e+00  4.10885000e-08  9.59704521e-01 
 4.10895000e-08  1.94997056e+00  4.10895000e-08  1.94990084e+00  4.10895000e-08  1.01944888e+00 
 4.10905000e-08  1.94997065e+00  4.10905000e-08  1.94990537e+00  4.10905000e-08  1.08191270e+00 
 4.10915000e-08  1.94997089e+00  4.10915000e-08  1.94991062e+00  4.10915000e-08  1.15110826e+00 
 4.10925000e-08  1.94997092e+00  4.10925000e-08  1.94990454e+00  4.10925000e-08  1.22453431e+00 
 4.12635000e-08  1.15400622e+00  4.12635000e-08  1.94999435e+00  4.12635000e-08  1.94999162e+00 
 4.12645000e-08  1.10116050e+00  4.12645000e-08  1.94999426e+00  4.12645000e-08  1.94999710e+00 
 4.12655000e-08  1.04855497e+00  4.12655000e-08  1.94999445e+00  4.12655000e-08  1.94999145e+00 
 4.12665000e-08  9.96115617e-01  4.12665000e-08  1.94999436e+00  4.12665000e-08  1.94999519e+00 
 4.12675000e-08  9.43790430e-01  4.12675000e-08  1.94999455e+00  4.12675000e-08  1.94999173e+00 
 4.12685000e-08  8.91491573e-01  4.12685000e-08  1.94999446e+00  4.12685000e-08  1.94999706e+00 
 4.17125000e-08  4.96313023e-05  4.17125000e-08  1.14812098e+00  4.17125000e-08  1.94995912e+00 
 4.17135000e-08  6.20259750e-05  4.17135000e-08  1.10435157e+00  4.17135000e-08  1.94995783e+00 
 4.17145000e-08  7.72795793e-05  4.17145000e-08  1.06012860e+00  4.17145000e-08  1.94995981e+00 
 4.17155000e-08  9.85690267e-05  4.17155000e-08  1.01547688e+00  4.17155000e-08  1.94996508e+00 
 4.17165000e-08  1.11282304e-04  4.17165000e-08  9.70389833e-01  4.17165000e-08  1.94997503e+00 
 4.17175000e-08  1.14539401e-04  4.17175000e-08  9.24894944e-01  4.17175000e-08  1.94998903e+00 
 4.18495000e-08  9.29524025e-01  4.18495000e-08  6.63105092e-04  4.18495000e-08  1.94984169e+00 
 4.18505000e-08  9.66435359e-01  4.18505000e-08  6.50240691e-04  4.18505000e-08  1.94984416e+00 
 4.18515000e-08  1.00381891e+00  4.18515000e-08  6.36283725e-04  4.18515000e-08  1.94984878e+00 
 4.18525000e-08  1.04163221e+00  4.18525000e-08  6.24415809e-04  4.18525000e-08  1.94985153e+00 
 4.18535000e-08  1.07948106e+00  4.18535000e-08  6.11377634e-04  4.18535000e-08  1.94985631e+00 
 4.18545000e-08  1.11705783e+00  4.18545000e-08  6.00273276e-04  4.18545000e-08  1.94985917e+00 
 4.20000000e-08  1.94978767e+00  4.20000000e-08  2.63914486e-05  4.20000000e-08  1.94999760e+00 
