 time            v(b_out)        time            v(u_puf_u_core_sel_ro) time            v(q)           
 0.00000000e+00  4.68653885e-09  0.00000000e+00  2.46749735e-09  0.00000000e+00  2.46749746e-09 
 2.57750000e-09  9.11832222e-01  2.57750000e-09  3.88631155e-09  2.57750000e-09  2.46757120e-09 
 2.57850000e-09  9.53542522e-01  2.57850000e-09  3.90739058e-09  2.57850000e-09  2.46707815e-09 
 2.57950000e-09  9.94848528e-01  2.57950000e-09  3.89632493e-09  2.57950000e-09  2.46720183e-09 
 2.58050000e-09  1.03572908e+00  2.58050000e-09  3.60899421e-09  2.58050000e-09  2.46684018e-09 
 2.58150000e-09  1.07617552e+00  2.58150000e-09  3.19052734e-09  2.58150000e-09  2.46695658e-09 
 2.58250000e-09  1.11614478e+00  2.58250000e-09  3.02803133e-09  2.58250000e-09  2.46765292e-09 
 2.82250000e-09  1.94991444e+00  2.82250000e-09  7.85369016e-01  2.82250000e-09 -4.06782714e-05 
 2.82350000e-09  1.94991526e+00  2.82350000e-09  8.68513339e-01  2.82350000e-09 -9.27494299e-05 
 2.82450000e-09  1.94991592e+00  2.82450000e-09  9.50055288e-01  2.82450000e-09 -1.37210772e-04 
 2.82550000e-09  1.94991672e+00  2.82550000e-09  1.02982674e+00  2.82550000e-09 -1.68232177e-04 
 2.82650000e-09  1.94991735e+00  2.82650000e-09  1.10775935e+00  2.82650000e-09 -1.87914271e-04 
 2.82750000e-09  1.94991812e+00  2.82750000e-09  1.18395426e+00  2.82750000e-09 -2.03229768e-04 
 2.94250000e-09  1.94995937e+00  2.94250000e-09  1.94994075e+00  2.94250000e-09  8.85472379e-01 
 2.94350000e-09  1.94995957e+00  2.94350000e-09  1.94994795e+00  2.94350000e-09  9.45883272e-01 
 2.94450000e-09  1.94995969e+00  2.94450000e-09  1.94995398e+00  2.94450000e-09  1.00547473e+00 
 2.94550000e-09  1.94995976e+00  2.94550000e-09  1.94995930e+00  2.94550000e-09  1.06693361e+00 
 2.94650000e-09  1.94995972e+00  2.94650000e-09  1.94996616e+00  2.94650000e-09  1.13393077e+00 
 2.94750000e-09  1.94995978e+00  2.94750000e-09  1.94995904e+00  2.94750000e-09  1.20719416e+00 
 3.11450000e-09  1.13226751e+00  3.11450000e-09  1.94999991e+00  3.11450000e-09  1.94999164e+00 
 3.11550000e-09  1.08017506e+00  3.11550000e-09  1.95000010e+00  3.11550000e-09  1.95000262e+00 
 3.11650000e-09  1.02838485e+00  3.11650000e-09  1.94999992e+00  3.11650000e-09  1.94999222e+00 
 3.11750000e-09  9.76802395e-01  3.11750000e-09  1.95000009e+00  3.11750000e-09  1.95000214e+00 
 3.11850000e-09  9.25408057e-01  3.11850000e-09  1.94999990e+00  3.11850000e-09  1.94999157e+00 
 3.11950000e-09  8.74135869e-01  3.11950000e-09  1.95000007e+00  3.11950000e-09  1.95000141e+00 
 3.49950000e-09  7.89309075e-05  3.49950000e-09  1.18584179e+00  3.49950000e-09  1.94994276e+00 
 3.50050000e-09  7.73695827e-05  3.50050000e-09  1.13180193e+00  3.50050000e-09  1.94993697e+00 
 3.50150000e-09  7.58884610e-05  3.50150000e-09  1.07711405e+00  3.50150000e-09  1.94993475e+00 
 3.50250000e-09  7.44164594e-05  3.50250000e-09  1.02176815e+00  3.50250000e-09  1.94993684e+00 
 3.50350000e-09  7.29906402e-05  3.50350000e-09  9.65785990e-01  3.50350000e-09  1.94994573e+00 
 3.50450000e-09  7.15423797e-05  3.50450000e-09  9.09170973e-01  3.50450000e-09  1.94996089e+00 
 3.69950000e-09  9.11470615e-01  3.69950000e-09  7.02579322e-05  3.69950000e-09  1.94997614e+00 
 3.70050000e-09  9.53184265e-01  3.70050000e-09  6.80928146e-05  3.70050000e-09  1.94997738e+00 
 3.70150000e-09  9.94493277e-01  3.70150000e-09  6.67857578e-05  3.70150000e-09  1.94997748e+00 
 3.70250000e-09  1.03537737e+00  3.70250000e-09  6.47177375e-05  3.70250000e-09  1.94997867e+00 
 3.70350000e-09  1.07582734e+00  3.70350000e-09  6.34867244e-05  3.70350000e-09  1.94997874e+00 
 3.70450000e-09  1.11580111e+00  3.70450000e-09  6.15114266e-05  3.70450000e-09  1.94997988e+00 
 3.94350000e-09  1.94991378e+00  3.94350000e-09  7.85566558e-01  3.94350000e-09  1.95012846e+00 
 3.94450000e-09  1.94991443e+00  3.94450000e-09  8.68760482e-01  3.94450000e-09  1.95000230e+00 
 3.94550000e-09  1.94991528e+00  3.94550000e-09  9.50204952e-01  3.94550000e-09  1.94987518e+00 
 3.94650000e-09  1.94991591e+00  3.94650000e-09  1.02970505e+00  3.94650000e-09  1.94972801e+00 
 3.94750000e-09  1.94991674e+00  3.94750000e-09  1.10716721e+00  3.94750000e-09  1.94956928e+00 
 3.94850000e-09  1.94991734e+00  3.94850000e-09  1.18270385e+00  3.94850000e-09  1.94942244e+00 
 4.07750000e-09  1.94996115e+00  4.07750000e-09  1.94998671e+00  4.07750000e-09  1.17417582e+00 
 4.07850000e-09  1.94996123e+00  4.07850000e-09  1.95001974e+00  4.07850000e-09  1.11663581e+00 
 4.07950000e-09  1.94996150e+00  4.07950000e-09  1.95005072e+00  4.07950000e-09  1.05891949e+00 
 4.08050000e-09  1.94996179e+00  4.08050000e-09  1.95007637e+00  4.08050000e-09  1.00086652e+00 
 4.08150000e-09  1.94996214e+00  4.08150000e-09  1.95009478e+00  4.08150000e-09  9.42322245e-01 
 4.08250000e-09  1.94996234e+00  4.08250000e-09  1.95010766e+00  4.08250000e-09  8.83171288e-01 
 4.23650000e-09  1.13357868e+00  4.23650000e-09  1.95000011e+00  4.23650000e-09  1.48387325e-04 
 4.23750000e-09  1.08147841e+00  4.23750000e-09  1.94999991e+00  4.23750000e-09  1.42127006e-04 
 4.23850000e-09  1.02968280e+00  4.23850000e-09  1.95000011e+00  4.23850000e-09  1.39167622e-04 
 4.23950000e-09  9.78095422e-01  4.23950000e-09  1.94999991e+00  4.23950000e-09  1.33189098e-04 
 4.24050000e-09  9.26698115e-01  4.24050000e-09  1.95000011e+00  4.24050000e-09  1.30520598e-04 
 4.24150000e-09  8.75422746e-01  4.24150000e-09  1.94999991e+00  4.24150000e-09  1.24806910e-04 
 4.62150000e-09  7.89693720e-05  4.62150000e-09  1.18695471e+00  4.62150000e-09 -3.44388725e-06 
 4.62250000e-09  7.74005301e-05  4.62250000e-09  1.13292574e+00  4.62250000e-09 -2.22222534e-06 
 4.62350000e-09  7.59242790e-05  4.62350000e-09  1.07824963e+00  4.62350000e-09 -1.67927334e-06 
 4.62450000e-09  7.44455287e-05  4.62450000e-09  1.02291462e+00  4.62450000e-09  1.01683841e-06 
 4.62550000e-09  7.30257447e-05  4.62550000e-09  9.66944382e-01  4.62550000e-09  2.69591824e-06 
 4.62650000e-09  7.15703844e-05  4.62650000e-09  9.10340603e-01  4.62650000e-09  5.82918115e-06 
 4.82150000e-09  9.10685554e-01  4.82150000e-09  7.94335891e-05  4.82150000e-09  1.98315000e-06 
 4.82250000e-09  9.52407067e-01  4.82250000e-09  7.68230558e-05  4.82250000e-09  1.57305582e-06 
 4.82350000e-09  9.93723609e-01  4.82350000e-09  7.54734799e-05  4.82350000e-09  1.88562194e-06 
 4.82450000e-09  1.03461585e+00  4.82450000e-09  7.29775460e-05  4.82450000e-09  1.48112361e-06 
 4.82550000e-09  1.07507418e+00  4.82550000e-09  7.17140964e-05  4.82550000e-09  1.79361127e-06 
 4.82650000e-09  1.11505718e+00  4.82650000e-09  6.93273701e-05  4.82650000e-09  1.39452089e-06 
 5.06550000e-09  1.94991375e+00  5.06550000e-09  7.82061115e-01  5.06550000e-09 -3.90020865e-05 
 5.06650000e-09  1.94991443e+00  5.06650000e-09  8.65261574e-01  5.06650000e-09 -9.29000638e-05 
 5.06750000e-09  1.94991526e+00  5.06750000e-09  9.46872844e-01  5.06750000e-09 -1.38077532e-04 
 5.06850000e-09  1.94991591e+00  5.06850000e-09  1.02672006e+00  5.06850000e-09 -1.68082997e-04 
 5.06950000e-09  1.94991672e+00  5.06950000e-09  1.10473231e+00  5.06950000e-09 -1.88192410e-04 
 5.07050000e-09  1.94991734e+00  5.07050000e-09  1.18098843e+00  5.07050000e-09 -2.03691316e-04 
 5.18550000e-09  1.94995917e+00  5.18550000e-09  1.94994631e+00  5.18550000e-09  8.94561114e-01 
 5.18650000e-09  1.94995936e+00  5.18650000e-09  1.94995296e+00  5.18650000e-09  9.54873256e-01 
 5.18750000e-09  1.94995957e+00  5.18750000e-09  1.94995849e+00  5.18750000e-09  1.01458387e+00 
 5.18850000e-09  1.94995969e+00  5.18850000e-09  1.94996401e+00  5.18850000e-09  1.07670665e+00 
 5.18950000e-09  1.94995976e+00  5.18950000e-09  1.94996704e+00  5.18950000e-09  1.14517130e+00 
 5.19050000e-09  1.94995973e+00  5.19050000e-09  1.94996127e+00  5.19050000e-09  1.21862007e+00 
 5.35850000e-09  1.13447799e+00  5.35850000e-09  1.95000002e+00  5.35850000e-09  1.94999712e+00 
 5.35950000e-09  1.08237136e+00  5.35950000e-09  1.94999999e+00  5.35950000e-09  1.94998962e+00 
 5.36050000e-09  1.03057090e+00  5.36050000e-09  1.95000002e+00  5.36050000e-09  1.94999470e+00 
 5.36150000e-09  9.78979071e-01  5.36150000e-09  1.94999999e+00  5.36150000e-09  1.94998993e+00 
 5.36250000e-09  9.27578725e-01  5.36250000e-09  1.95000002e+00  5.36250000e-09  1.94999692e+00 
 5.36350000e-09  8.76300352e-01  5.36350000e-09  1.94999999e+00  5.36350000e-09  1.94998982e+00 
 5.74350000e-09  7.89743134e-05  5.74350000e-09  1.18710636e+00  5.74350000e-09  1.94994266e+00 
 5.74450000e-09  7.74007492e-05  5.74450000e-09  1.13308136e+00  5.74450000e-09  1.94993733e+00 
 5.74550000e-09  7.59276220e-05  5.74550000e-09  1.07840944e+00  5.74550000e-09  1.94993452e+00 
 5.74650000e-09  7.44450459e-05  5.74650000e-09  1.02307824e+00  5.74650000e-09  1.94993697e+00 
 5.74750000e-09  7.30299556e-05  5.74750000e-09  9.67111578e-01  5.74750000e-09  1.94994521e+00 
 5.74850000e-09  7.15698076e-05  5.74850000e-09  9.10510565e-01  5.74850000e-09  1.94996069e+00 
 5.94350000e-09  9.08951567e-01  5.94350000e-09  7.02733379e-05  5.94350000e-09  1.94997609e+00 
 5.94450000e-09  9.50690456e-01  5.94450000e-09  6.81553711e-05  5.94450000e-09  1.94997741e+00 
 5.94550000e-09  9.92023633e-01  5.94550000e-09  6.67996373e-05  5.94550000e-09  1.94997742e+00 
 5.94650000e-09  1.03293384e+00  5.94650000e-09  6.47779262e-05  5.94650000e-09  1.94997869e+00 
 5.94750000e-09  1.07341062e+00  5.94750000e-09  6.34991901e-05  5.94750000e-09  1.94997869e+00 
 5.94850000e-09  1.11341397e+00  5.94850000e-09  6.15693352e-05  5.94850000e-09  1.94997990e+00 
 6.18850000e-09  1.94991443e+00  6.18850000e-09  8.63764236e-01  6.18850000e-09  1.95001136e+00 
 6.18950000e-09  1.94991520e+00  6.18950000e-09  9.45322799e-01  6.18950000e-09  1.94988332e+00 
 6.19050000e-09  1.94991591e+00  6.19050000e-09  1.02494362e+00  6.19050000e-09  1.94973727e+00 
 6.19150000e-09  1.94991665e+00  6.19150000e-09  1.10253831e+00  6.19150000e-09  1.94957860e+00 
 6.19250000e-09  1.94991734e+00  6.19250000e-09  1.17819318e+00  6.19250000e-09  1.94943088e+00 
 6.19350000e-09  1.94991805e+00  6.19350000e-09  1.25218720e+00  6.19350000e-09  1.94927181e+00 
 6.32150000e-09  1.94996113e+00  6.32150000e-09  1.94998489e+00  6.32150000e-09  1.17764598e+00 
 6.32250000e-09  1.94996124e+00  6.32250000e-09  1.95001773e+00  6.32250000e-09  1.12010865e+00 
 6.32350000e-09  1.94996146e+00  6.32350000e-09  1.95004892e+00  6.32350000e-09  1.06241030e+00 
 6.32450000e-09  1.94996178e+00  6.32450000e-09  1.95007508e+00  6.32450000e-09  1.00437974e+00 
 6.32550000e-09  1.94996211e+00  6.32550000e-09  1.95009376e+00  6.32550000e-09  9.45871328e-01 
 6.32650000e-09  1.94996234e+00  6.32650000e-09  1.95010713e+00  6.32650000e-09  8.86757385e-01 
 6.48050000e-09  1.13658794e+00  6.48050000e-09  1.95000011e+00  6.48050000e-09  1.49317369e-04 
 6.48150000e-09  1.08446840e+00  6.48150000e-09  1.94999992e+00  6.48150000e-09  1.41769729e-04 
 6.48250000e-09  1.03265910e+00  6.48250000e-09  1.95000011e+00  6.48250000e-09  1.40067583e-04 
 6.48350000e-09  9.81059321e-01  6.48350000e-09  1.94999990e+00  6.48350000e-09  1.32674077e-04 
 6.48450000e-09  9.29654156e-01  6.48450000e-09  1.95000007e+00  6.48450000e-09  1.31215102e-04 
 6.48550000e-09  8.78370690e-01  6.48550000e-09  1.94999989e+00  6.48550000e-09  1.24541859e-04 
 6.86550000e-09  7.90650681e-05  6.86550000e-09  1.18997492e+00  6.86550000e-09 -3.47816064e-06 
 6.86650000e-09  7.74806217e-05  6.86650000e-09  1.13598153e+00  6.86650000e-09 -2.24614697e-06 
 6.86750000e-09  7.60145789e-05  6.86750000e-09  1.08134358e+00  6.86750000e-09 -1.79421325e-06 
 6.86850000e-09  7.45215827e-05  6.86850000e-09  1.02604369e+00  6.86850000e-09  9.11500557e-07 
 6.86950000e-09  7.31135797e-05  6.86950000e-09  9.70110497e-01  6.86950000e-09  2.52299026e-06 
 6.87050000e-09  7.16432697e-05  6.87050000e-09  9.13540181e-01  6.87050000e-09  5.68762136e-06 
 7.06550000e-09  9.09213731e-01  7.06550000e-09  7.94956307e-05  7.06550000e-09  1.91871883e-06 
 7.06650000e-09  9.50949990e-01  7.06650000e-09  7.69822218e-05  7.06650000e-09  1.64231507e-06 
 7.06750000e-09  9.92280651e-01  7.06750000e-09  7.55307517e-05  7.06750000e-09  1.82193833e-06 
 7.06850000e-09  1.03318814e+00  7.06850000e-09  7.31302928e-05  7.06850000e-09  1.54944446e-06 
 7.06950000e-09  1.07366213e+00  7.06950000e-09  7.17668995e-05  7.06950000e-09  1.73065788e-06 
 7.07050000e-09  1.11366241e+00  7.07050000e-09  6.94739691e-05  7.07050000e-09  1.46190177e-06 
 7.31050000e-09  1.94991443e+00  7.31050000e-09  8.62160404e-01  7.31050000e-09 -9.08455511e-05 
 7.31150000e-09  1.94991521e+00  7.31150000e-09  9.43836299e-01  7.31150000e-09 -1.36406957e-04 
 7.31250000e-09  1.94991591e+00  7.31250000e-09  1.02375094e+00  7.31250000e-09 -1.67290055e-04 
 7.31350000e-09  1.94991666e+00  7.31350000e-09  1.10183241e+00  7.31350000e-09 -1.87563111e-04 
 7.31450000e-09  1.94991734e+00  7.31450000e-09  1.17815042e+00  7.31450000e-09 -2.03094191e-04 
 7.31550000e-09  1.94991806e+00  7.31550000e-09  1.25284076e+00  7.31550000e-09 -2.29881605e-04 
 7.42950000e-09  1.94995915e+00  7.42950000e-09  1.94994604e+00  7.42950000e-09  8.92208041e-01 
 7.43050000e-09  1.94995937e+00  7.43050000e-09  1.94995274e+00  7.43050000e-09  9.52567463e-01 
 7.43150000e-09  1.94995955e+00  7.43150000e-09  1.94995825e+00  7.43150000e-09  1.01227001e+00 
 7.43250000e-09  1.94995970e+00  7.43250000e-09  1.94996361e+00  7.43250000e-09  1.07424742e+00 
 7.43350000e-09  1.94995975e+00  7.43350000e-09  1.94996748e+00  7.43350000e-09  1.14237041e+00 
 7.43450000e-09  1.94995974e+00  7.43450000e-09  1.94996123e+00  7.43450000e-09  1.21582133e+00 
 7.60250000e-09  1.13573068e+00  7.60250000e-09  1.95000003e+00  7.60250000e-09  1.94999682e+00 
 7.60350000e-09  1.08361617e+00  7.60350000e-09  1.94999998e+00  7.60350000e-09  1.94998824e+00 
 7.60450000e-09  1.03181015e+00  7.60450000e-09  1.95000002e+00  7.60450000e-09  1.94999423e+00 
 7.60550000e-09  9.80213257e-01  7.60550000e-09  1.94999998e+00  7.60550000e-09  1.94998602e+00 
 7.60650000e-09  9.28809748e-01  7.60650000e-09  1.95000002e+00  7.60650000e-09  1.94999189e+00 
 7.60750000e-09  8.77528096e-01  7.60750000e-09  1.94999999e+00  7.60750000e-09  1.94998694e+00 
 7.98750000e-09  7.90348061e-05  7.98750000e-09  1.18900253e+00  7.98750000e-09  1.94994288e+00 
 7.98850000e-09  7.74553256e-05  7.98850000e-09  1.13499983e+00  7.98850000e-09  1.94993749e+00 
 7.98950000e-09  7.59854798e-05  7.98950000e-09  1.08035185e+00  7.98950000e-09  1.94993453e+00 
 7.99050000e-09  7.44973195e-05  7.99050000e-09  1.02504268e+00  7.99050000e-09  1.94993680e+00 
 7.99150000e-09  7.30858473e-05  7.99150000e-09  9.69099280e-01  7.99150000e-09  1.94994479e+00 
 7.99250000e-09  7.16200217e-05  7.99250000e-09  9.12519273e-01  7.99250000e-09  1.94996004e+00 
 8.18750000e-09  9.08665572e-01  8.18750000e-09  7.02998169e-05  8.18750000e-09  1.94997609e+00 
 8.18850000e-09  9.50407237e-01  8.18850000e-09  6.82562229e-05  8.18850000e-09  1.94997736e+00 
 8.18950000e-09  9.91743131e-01  8.18950000e-09  6.68236290e-05  8.18950000e-09  1.94997743e+00 
 8.19050000e-09  1.03265628e+00  8.19050000e-09  6.48747678e-05  8.19050000e-09  1.94997865e+00 
 8.19150000e-09  1.07313607e+00  8.19150000e-09  6.35208886e-05  8.19150000e-09  1.94997869e+00 
 8.19250000e-09  1.11314276e+00  8.19250000e-09  6.16623992e-05  8.19250000e-09  1.94997986e+00 
 8.43250000e-09  1.94991443e+00  8.43250000e-09  8.63128540e-01  8.43250000e-09  1.95001250e+00 
 8.43350000e-09  1.94991519e+00  8.43350000e-09  9.44701607e-01  8.43350000e-09  1.94988436e+00 
 8.43450000e-09  1.94991591e+00  8.43450000e-09  1.02433771e+00  8.43450000e-09  1.94973844e+00 
 8.43550000e-09  1.94991664e+00  8.43550000e-09  1.10194807e+00  8.43550000e-09  1.94957981e+00 
 8.43650000e-09  1.94991734e+00  8.43650000e-09  1.17761675e+00  8.43650000e-09  1.94943196e+00 
 8.43750000e-09  1.94991804e+00  8.43750000e-09  1.25162254e+00  8.43750000e-09  1.94927315e+00 
 8.56550000e-09  1.94996112e+00  8.56550000e-09  1.94998465e+00  8.56550000e-09  1.17810196e+00 
 8.56650000e-09  1.94996124e+00  8.56650000e-09  1.95001747e+00  8.56650000e-09  1.12056495e+00 
 8.56750000e-09  1.94996146e+00  8.56750000e-09  1.95004868e+00  8.56750000e-09  1.06286890e+00 
 8.56850000e-09  1.94996178e+00  8.56850000e-09  1.95007490e+00  8.56850000e-09  1.00484125e+00 
 8.56950000e-09  1.94996211e+00  8.56950000e-09  1.95009363e+00  8.56950000e-09  9.46337502e-01 
 8.57050000e-09  1.94996234e+00  8.57050000e-09  1.95010705e+00  8.57050000e-09  8.87228398e-01 
 8.72450000e-09  1.13661789e+00  8.72450000e-09  1.95000011e+00  8.72450000e-09  1.49464164e-04 
 8.72550000e-09  1.08449824e+00  8.72550000e-09  1.94999990e+00  8.72550000e-09  1.41564535e-04 
 8.72650000e-09  1.03268886e+00  8.72650000e-09  1.95000007e+00  8.72650000e-09  1.40022663e-04 
 8.72750000e-09  9.81088907e-01  8.72750000e-09  1.94999989e+00  8.72750000e-09  1.32891544e-04 
 8.72850000e-09  9.29683636e-01  8.72850000e-09  1.95000008e+00  8.72850000e-09  1.31695692e-04 
 8.72950000e-09  8.78400081e-01  8.72950000e-09  1.94999989e+00  8.72950000e-09  1.24554112e-04 
 9.10950000e-09  7.90619100e-05  9.10950000e-09  1.18982729e+00  9.10950000e-09 -3.48329523e-06 
 9.11050000e-09  7.74771869e-05  9.11050000e-09  1.13583215e+00  9.11050000e-09 -2.23672471e-06 
 9.11150000e-09  7.60111054e-05  9.11150000e-09  1.08119231e+00  9.11150000e-09 -1.79523078e-06 
 9.11250000e-09  7.45180553e-05  9.11250000e-09  1.02589069e+00  9.11250000e-09  9.24700729e-07 
 9.11350000e-09  7.31108017e-05  9.11350000e-09  9.69955670e-01  9.11350000e-09  2.52690260e-06 
 9.11450000e-09  7.16399333e-05  9.11450000e-09  9.13383708e-01  9.11450000e-09  5.70151186e-06 
 9.30950000e-09  9.08513774e-01  9.30950000e-09  7.94978347e-05  9.30950000e-09  1.92158690e-06 
 9.31050000e-09  9.50257042e-01  9.31050000e-09  7.69777753e-05  9.31050000e-09  1.63916283e-06 
 9.31150000e-09  9.91594414e-01  9.31150000e-09  7.55329972e-05  9.31150000e-09  1.82480727e-06 
 9.31250000e-09  1.03250915e+00  9.31250000e-09  7.31259932e-05  9.31250000e-09  1.54633004e-06 
 9.31350000e-09  1.07299057e+00  9.31350000e-09  7.17691521e-05  9.31350000e-09  1.73350435e-06 
 9.31450000e-09  1.11299904e+00  9.31450000e-09  6.94697750e-05  9.31450000e-09  1.45881525e-06 
 9.55450000e-09  1.94991443e+00  9.55450000e-09  8.60926546e-01  9.55450000e-09 -9.00336521e-05 
 9.55550000e-09  1.94991518e+00  9.55550000e-09  9.42628108e-01  9.55550000e-09 -1.35729757e-04 
 9.55650000e-09  1.94991591e+00  9.55650000e-09  1.02256954e+00  9.55650000e-09 -1.66977050e-04 
 9.55750000e-09  1.94991664e+00  9.55750000e-09  1.10067859e+00  9.55750000e-09 -1.87305006e-04 
 9.55850000e-09  1.94991734e+00  9.55850000e-09  1.17702128e+00  9.55850000e-09 -2.02864684e-04 
 9.55950000e-09  1.94991804e+00  9.55950000e-09  1.25173613e+00  9.55950000e-09 -2.29512407e-04 
 9.67350000e-09  1.94995914e+00  9.67350000e-09  1.94994593e+00  9.67350000e-09  8.91329065e-01 
 9.67450000e-09  1.94995937e+00  9.67450000e-09  1.94995265e+00  9.67450000e-09  9.51705379e-01 
 9.67550000e-09  1.94995955e+00  9.67550000e-09  1.94995814e+00  9.67550000e-09  1.01140509e+00 
 9.67650000e-09  1.94995970e+00  9.67650000e-09  1.94996345e+00  9.67650000e-09  1.07332857e+00 
 9.67750000e-09  1.94995975e+00  9.67750000e-09  1.94996763e+00  9.67750000e-09  1.14132290e+00 
 9.67850000e-09  1.94995974e+00  9.67850000e-09  1.94996122e+00  9.67850000e-09  1.21477164e+00 
 9.84650000e-09  1.13698289e+00  9.84650000e-09  1.94999999e+00  9.84650000e-09  1.94999222e+00 
 9.84750000e-09  1.08486007e+00  9.84750000e-09  1.94999996e+00  9.84750000e-09  1.94998655e+00 
 9.84850000e-09  1.03304808e+00  9.84850000e-09  1.95000000e+00  9.84850000e-09  1.94999549e+00 
 9.84950000e-09  9.81445776e-01  9.84950000e-09  1.94999997e+00  9.84950000e-09  1.94998666e+00 
 9.85050000e-09  9.30038769e-01  9.85050000e-09  1.95000001e+00  9.85050000e-09  1.94999279e+00 
 9.85150000e-09  8.78753567e-01  9.85150000e-09  1.94999997e+00  9.85150000e-09  1.94998737e+00 
 1.02315000e-08  7.90528588e-05  1.02315000e-08  1.18944200e+00  1.02315000e-08  1.94994293e+00 
 1.02325000e-08  7.74673161e-05  1.02325000e-08  1.13544457e+00  1.02325000e-08  1.94993753e+00 
 1.02335000e-08  7.60021026e-05  1.02335000e-08  1.08080221e+00  1.02335000e-08  1.94993454e+00 
 1.02345000e-08  7.45084383e-05  1.02345000e-08  1.02549821e+00  1.02345000e-08  1.94993676e+00 
 1.02355000e-08  7.31027482e-05  1.02355000e-08  9.69560258e-01  1.02355000e-08  1.94994470e+00 
 1.02365000e-08  7.16308058e-05  1.02365000e-08  9.12985175e-01  1.02365000e-08  1.94995989e+00 
 1.04315000e-08  9.07879024e-01  1.04315000e-08  7.03054655e-05  1.04315000e-08  1.94997609e+00 
 1.04325000e-08  9.49628655e-01  1.04325000e-08  6.82793400e-05  1.04325000e-08  1.94997735e+00 
 1.04335000e-08  9.90972121e-01  1.04335000e-08  6.68287956e-05  1.04335000e-08  1.94997743e+00 
 1.04345000e-08  1.03189343e+00  1.04345000e-08  6.48970351e-05  1.04345000e-08  1.94997863e+00 
 1.04355000e-08  1.07238159e+00  1.04355000e-08  6.35255521e-05  1.04355000e-08  1.94997869e+00 
 1.04365000e-08  1.11239748e+00  1.04365000e-08  6.16837841e-05  1.04365000e-08  1.94997985e+00 
 1.06765000e-08  1.94991442e+00  1.06765000e-08  8.61642187e-01  1.06765000e-08  1.95001514e+00 
 1.06775000e-08  1.94991515e+00  1.06775000e-08  9.43242453e-01  1.06775000e-08  1.94988682e+00 
 1.06785000e-08  1.94991591e+00  1.06785000e-08  1.02290862e+00  1.06785000e-08  1.94974124e+00 
 1.06795000e-08  1.94991662e+00  1.06795000e-08  1.10055509e+00  1.06795000e-08  1.94958258e+00 
 1.06805000e-08  1.94991734e+00  1.06805000e-08  1.17625561e+00  1.06805000e-08  1.94943446e+00 
 1.06815000e-08  1.94991803e+00  1.06815000e-08  1.25028834e+00  1.06815000e-08  1.94927624e+00 
 1.08095000e-08  1.94996112e+00  1.08095000e-08  1.94998410e+00  1.08095000e-08  1.17917488e+00 
 1.08105000e-08  1.94996124e+00  1.08105000e-08  1.95001684e+00  1.08105000e-08  1.12163862e+00 
 1.08115000e-08  1.94996145e+00  1.08115000e-08  1.95004813e+00  1.08115000e-08  1.06394796e+00 
 1.08125000e-08  1.94996178e+00  1.08125000e-08  1.95007450e+00  1.08125000e-08  1.00592712e+00 
 1.08135000e-08  1.94996210e+00  1.08135000e-08  1.95009332e+00  1.08135000e-08  9.47434333e-01 
 1.08145000e-08  1.94996234e+00  1.08145000e-08  1.95010688e+00  1.08145000e-08  8.88336626e-01 
 1.09685000e-08  1.13797011e+00  1.09685000e-08  1.95000008e+00  1.09685000e-08  1.50002206e-04 
 1.09695000e-08  1.08584160e+00  1.09695000e-08  1.94999990e+00  1.09695000e-08  1.41737487e-04 
 1.09705000e-08  1.03402589e+00  1.09705000e-08  1.95000009e+00  1.09705000e-08  1.40708214e-04 
 1.09715000e-08  9.82420286e-01  1.09715000e-08  1.94999990e+00  1.09715000e-08  1.32747446e-04 
 1.09725000e-08  9.31011424e-01  1.09725000e-08  1.95000009e+00  1.09725000e-08  1.31973751e-04 
 1.09735000e-08  8.79724252e-01  1.09735000e-08  1.94999989e+00  1.09735000e-08  1.24147994e-04 
 1.13545000e-08  7.75134916e-05  1.13545000e-08  1.13727076e+00  1.13545000e-08 -2.24780093e-06 
 1.13555000e-08  7.60513510e-05  1.13555000e-08  1.08264888e+00  1.13555000e-08 -1.84728030e-06 
 1.13565000e-08  7.45522733e-05  1.13565000e-08  1.02736380e+00  1.13565000e-08  8.74964564e-07 
 1.13575000e-08  7.31503159e-05  1.13575000e-08  9.71446237e-01  1.13575000e-08  2.44658532e-06 
 1.13585000e-08  7.16727220e-05  1.13585000e-08  9.14890051e-01  1.13585000e-08  5.63426734e-06 
 1.13595000e-08  7.03126955e-05  1.13595000e-08  8.57738739e-01  1.13595000e-08  7.67299553e-06 
 1.15535000e-08  9.07100169e-01  1.15535000e-08  7.95116380e-05  1.15535000e-08  1.87996194e-06 
 1.15545000e-08  9.48857591e-01  1.15545000e-08  7.70610758e-05  1.15545000e-08  1.68309407e-06 
 1.15555000e-08  9.90208521e-01  1.15555000e-08  7.55451036e-05  1.15555000e-08  1.78369956e-06 
 1.15565000e-08  1.03113788e+00  1.15565000e-08  7.32062869e-05  1.15565000e-08  1.58978182e-06 
 1.15575000e-08  1.07163428e+00  1.15575000e-08  7.17796038e-05  1.15575000e-08  1.69282855e-06 
 1.15585000e-08  1.11165927e+00  1.15585000e-08  6.95470533e-05  1.15585000e-08  1.50171264e-06 
 1.17985000e-08  1.94991443e+00  1.17985000e-08  8.58050432e-01  1.17985000e-08 -8.81199507e-05 
 1.17995000e-08  1.94991512e+00  1.17995000e-08  9.39809559e-01  1.17995000e-08 -1.34144601e-04 
 1.18005000e-08  1.94991591e+00  1.18005000e-08  1.01980684e+00  1.18005000e-08 -1.66117552e-04 
 1.18015000e-08  1.94991659e+00  1.18015000e-08  1.09797438e+00  1.18015000e-08 -1.86635228e-04 
 1.18025000e-08  1.94991735e+00  1.18025000e-08  1.17438622e+00  1.18025000e-08 -2.02535481e-04 
 1.18035000e-08  1.94991800e+00  1.18035000e-08  1.24916968e+00  1.18035000e-08 -2.28817345e-04 
 1.19175000e-08  1.94995913e+00  1.19175000e-08  1.94994565e+00  1.19175000e-08  8.89203813e-01 
 1.19185000e-08  1.94995937e+00  1.19185000e-08  1.94995243e+00  1.19185000e-08  9.49623139e-01 
 1.19195000e-08  1.94995953e+00  1.19195000e-08  1.94995789e+00  1.19195000e-08  1.00931926e+00 
 1.19205000e-08  1.94995970e+00  1.19205000e-08  1.94996306e+00  1.19205000e-08  1.07111564e+00 
 1.19215000e-08  1.94995974e+00  1.19215000e-08  1.94996800e+00  1.19215000e-08  1.13879943e+00 
 1.19225000e-08  1.94995975e+00  1.19225000e-08  1.94996119e+00  1.19225000e-08  1.21223890e+00 
 1.20905000e-08  1.13896791e+00  1.20905000e-08  1.94999996e+00  1.20905000e-08  1.94999499e+00 
 1.20915000e-08  1.08683208e+00  1.20915000e-08  1.94999991e+00  1.20915000e-08  1.94998502e+00 
 1.20925000e-08  1.03501077e+00  1.20925000e-08  1.94999996e+00  1.20925000e-08  1.94999210e+00 
 1.20935000e-08  9.83400003e-01  1.20935000e-08  1.94999992e+00  1.20935000e-08  1.94998578e+00 
 1.20945000e-08  9.31987599e-01  1.20945000e-08  1.94999997e+00  1.20945000e-08  1.94999540e+00 
 1.20955000e-08  8.80696883e-01  1.20955000e-08  1.94999992e+00  1.20955000e-08  1.94998593e+00 
 1.24765000e-08  7.75116867e-05  1.24765000e-08  1.13728423e+00  1.24765000e-08  1.94993768e+00 
 1.24775000e-08  7.60506887e-05  1.24775000e-08  1.08266478e+00  1.24775000e-08  1.94993456e+00 
 1.24785000e-08  7.45494622e-05  1.24785000e-08  1.02738189e+00  1.24785000e-08  1.94993660e+00 
 1.24795000e-08  7.31508602e-05  1.24795000e-08  9.71466225e-01  1.24795000e-08  1.94994431e+00 
 1.24805000e-08  7.16693757e-05  1.24805000e-08  9.14911312e-01  1.24805000e-08  1.94995926e+00 
 1.24815000e-08  7.03178932e-05  1.24815000e-08  8.57760549e-01  1.24815000e-08  1.94998079e+00 
 1.26755000e-08  9.05037487e-01  1.26755000e-08  7.03140491e-05  1.26755000e-08  1.94997608e+00 
 1.26765000e-08  9.46815553e-01  1.26765000e-08  6.83850824e-05  1.26765000e-08  1.94997731e+00 
 1.26775000e-08  9.88186269e-01  1.26775000e-08  6.68354469e-05  1.26775000e-08  1.94997742e+00 
 1.26785000e-08  1.02913741e+00  1.26785000e-08  6.49990095e-05  1.26785000e-08  1.94997860e+00 
 1.26795000e-08  1.06965611e+00  1.26795000e-08  6.35304082e-05  1.26795000e-08  1.94997868e+00 
 1.26805000e-08  1.10970513e+00  1.26805000e-08  6.17820860e-05  1.26805000e-08  1.94997982e+00 
 1.29205000e-08  1.94991443e+00  1.29205000e-08  8.56101616e-01  1.29205000e-08  1.95002500e+00 
 1.29215000e-08  1.94991506e+00  1.29215000e-08  9.37829486e-01  1.29215000e-08  1.94989577e+00 
 1.29225000e-08  1.94991592e+00  1.29225000e-08  1.01762955e+00  1.29225000e-08  1.94975146e+00 
 1.29235000e-08  1.94991652e+00  1.29235000e-08  1.09540385e+00  1.29235000e-08  1.94959306e+00 
 1.29245000e-08  1.94991735e+00  1.29245000e-08  1.17122961e+00  1.29245000e-08  1.94944387e+00 
 1.29255000e-08  1.94991793e+00  1.29255000e-08  1.24537941e+00  1.29255000e-08  1.94928772e+00 
 1.30535000e-08  1.94996110e+00  1.30535000e-08  1.94998209e+00  1.30535000e-08  1.18301428e+00 
 1.30545000e-08  1.94996125e+00  1.30545000e-08  1.95001460e+00  1.30545000e-08  1.12548029e+00 
 1.30555000e-08  1.94996141e+00  1.30555000e-08  1.95004611e+00  1.30555000e-08  1.06780840e+00 
 1.30565000e-08  1.94996177e+00  1.30565000e-08  1.95007302e+00  1.30565000e-08  1.00981152e+00 
 1.30575000e-08  1.94996207e+00  1.30575000e-08  1.95009217e+00  1.30575000e-08  9.51357554e-01 
 1.30585000e-08  1.94996235e+00  1.30585000e-08  1.95010625e+00  1.30585000e-08  8.92300386e-01 
 1.32125000e-08  1.14182583e+00  1.32125000e-08  1.95000009e+00  1.32125000e-08  1.51246532e-04 
 1.32135000e-08  1.08967372e+00  1.32135000e-08  1.94999989e+00  1.32135000e-08  1.40884755e-04 
 1.32145000e-08  1.03783862e+00  1.32145000e-08  1.95000005e+00  1.32145000e-08  1.41643183e-04 
 1.32155000e-08  9.86217901e-01  1.32155000e-08  1.94999989e+00  1.32155000e-08  1.32267646e-04 
 1.32165000e-08  9.34797382e-01  1.32165000e-08  1.95000006e+00  1.32165000e-08  1.33347414e-04 
 1.32175000e-08  8.83500690e-01  1.32175000e-08  1.94999989e+00  1.32175000e-08  1.23901886e-04 
 1.35985000e-08  7.76204396e-05  1.35985000e-08  1.14127350e+00  1.35985000e-08 -2.26326938e-06 
 1.35995000e-08  7.61649644e-05  1.35995000e-08  1.08670162e+00  1.35995000e-08 -1.99721666e-06 
 1.36005000e-08  7.46531971e-05  1.36005000e-08  1.03146260e+00  1.36005000e-08  7.50196177e-07 
 1.36015000e-08  7.32615235e-05  1.36015000e-08  9.75593673e-01  1.36015000e-08  2.21921575e-06 
 1.36025000e-08  7.17701868e-05  1.36025000e-08  9.19081504e-01  1.36025000e-08  5.45755514e-06 
 1.36035000e-08  7.04269430e-05  1.36035000e-08  8.61975360e-01  1.36035000e-08  7.44518856e-06 
 1.37975000e-08  9.03734271e-01  1.37975000e-08  7.95735622e-05  1.37975000e-08  1.77838401e-06 
 1.37985000e-08  9.45525363e-01  1.37985000e-08  7.72947668e-05  1.37985000e-08  1.79132760e-06 
 1.37995000e-08  9.86908563e-01  1.37995000e-08  7.56012060e-05  1.37995000e-08  1.68303888e-06 
 1.38005000e-08  1.02787314e+00  1.38005000e-08  7.34308114e-05  1.38005000e-08  1.69670926e-06 
 1.38015000e-08  1.06840557e+00  1.38015000e-08  7.18302271e-05  1.38015000e-08  1.59306440e-06 
 1.38025000e-08  1.10846969e+00  1.38025000e-08  6.97627892e-05  1.38025000e-08  1.60736980e-06 
 1.40425000e-08  1.94991442e+00  1.40425000e-08  8.51655711e-01  1.40425000e-08 -8.37947765e-05 
 1.40435000e-08  1.94991501e+00  1.40435000e-08  9.33544664e-01  1.40435000e-08 -1.30493021e-04 
 1.40445000e-08  1.94991591e+00  1.40445000e-08  1.01367785e+00  1.40445000e-08 -1.64330504e-04 
 1.40455000e-08  1.94991648e+00  1.40455000e-08  1.09198993e+00  1.40455000e-08 -1.85372381e-04 
 1.40465000e-08  1.94991734e+00  1.40465000e-08  1.16853094e+00  1.40465000e-08 -2.01351232e-04 
 1.40475000e-08  1.94991789e+00  1.40475000e-08  1.24344031e+00  1.40475000e-08 -2.26949330e-04 
 1.41615000e-08  1.94995909e+00  1.41615000e-08  1.94994518e+00  1.41615000e-08  8.84448679e-01 
 1.41625000e-08  1.94995937e+00  1.41625000e-08  1.94995210e+00  1.41625000e-08  9.44966258e-01 
 1.41635000e-08  1.94995950e+00  1.41635000e-08  1.94995741e+00  1.41635000e-08  1.00466348e+00 
 1.41645000e-08  1.94995971e+00  1.41645000e-08  1.94996232e+00  1.41645000e-08  1.06618541e+00 
 1.41655000e-08  1.94995972e+00  1.41655000e-08  1.94996886e+00  1.41655000e-08  1.13317826e+00 
 1.41665000e-08  1.94995977e+00  1.41665000e-08  1.94996127e+00  1.41665000e-08  1.20656589e+00 
 1.43345000e-08  1.14315480e+00  1.43345000e-08  1.94999996e+00  1.43345000e-08  1.94999065e+00 
 1.43355000e-08  1.09099412e+00  1.43355000e-08  1.94999988e+00  1.43355000e-08  1.94998274e+00 
 1.43365000e-08  1.03915057e+00  1.43365000e-08  1.94999996e+00  1.43365000e-08  1.94999474e+00 
 1.43375000e-08  9.87524180e-01  1.43375000e-08  1.94999987e+00  1.43375000e-08  1.94998281e+00 
 1.43385000e-08  9.36098180e-01  1.43385000e-08  1.94999996e+00  1.43385000e-08  1.94999128e+00 
 1.43395000e-08  8.84797929e-01  1.43395000e-08  1.94999988e+00  1.43395000e-08  1.94998374e+00 
 1.47205000e-08  7.76417819e-05  1.47205000e-08  1.14212327e+00  1.47205000e-08  1.94993811e+00 
 1.47215000e-08  7.61873693e-05  1.47215000e-08  1.08756428e+00  1.47215000e-08  1.94993464e+00 
 1.47225000e-08  7.46725276e-05  1.47225000e-08  1.03233713e+00  1.47225000e-08  1.94993621e+00 
 1.47235000e-08  7.32830904e-05  1.47235000e-08  9.76480325e-01  1.47235000e-08  1.94994332e+00 
 1.47245000e-08  7.17900472e-05  1.47245000e-08  9.19978710e-01  1.47245000e-08  1.94995767e+00 
 1.47255000e-08  7.04475792e-05  1.47255000e-08  8.62882654e-01  1.47255000e-08  1.94997856e+00 
 1.49205000e-08  9.43786562e-01  1.49205000e-08  6.86700385e-05  1.49205000e-08  1.94997723e+00 
 1.49215000e-08  9.85186233e-01  1.49215000e-08  6.68588140e-05  1.49215000e-08  1.94997739e+00 
 1.49225000e-08  1.02616920e+00  1.49225000e-08  6.52737154e-05  1.49225000e-08  1.94997852e+00 
 1.49235000e-08  1.06671975e+00  1.49235000e-08  6.35486823e-05  1.49235000e-08  1.94997865e+00 
 1.49245000e-08  1.10680450e+00  1.49245000e-08  6.20469404e-05  1.49245000e-08  1.94997974e+00 
 1.49255000e-08  1.14639321e+00  1.49255000e-08  6.04046429e-05  1.49255000e-08  1.94997984e+00 
 1.51645000e-08  1.94991442e+00  1.51645000e-08  8.50156484e-01  1.51645000e-08  1.95003529e+00 
 1.51655000e-08  1.94991497e+00  1.51655000e-08  9.32017116e-01  1.51655000e-08  1.94990528e+00 
 1.51665000e-08  1.94991591e+00  1.51665000e-08  1.01195814e+00  1.51665000e-08  1.94976227e+00 
 1.51675000e-08  1.94991643e+00  1.51675000e-08  1.08987930e+00  1.51675000e-08  1.94960452e+00 
 1.51685000e-08  1.94991734e+00  1.51685000e-08  1.16583565e+00  1.51685000e-08  1.94945357e+00 
 1.51695000e-08  1.94991784e+00  1.51695000e-08  1.24009681e+00  1.51695000e-08  1.94929988e+00 
 1.52975000e-08  1.94996107e+00  1.52975000e-08  1.94997989e+00  1.52975000e-08  1.18722909e+00 
 1.52985000e-08  1.94996125e+00  1.52985000e-08  1.95001216e+00  1.52985000e-08  1.12969684e+00 
 1.52995000e-08  1.94996138e+00  1.52995000e-08  1.95004386e+00  1.52995000e-08  1.07204444e+00 
 1.53005000e-08  1.94996176e+00  1.53005000e-08  1.95007141e+00  1.53005000e-08  1.01407292e+00 
 1.53015000e-08  1.94996203e+00  1.53015000e-08  1.95009085e+00  1.53015000e-08  9.55660674e-01 
 1.53025000e-08  1.94996235e+00  1.53025000e-08  1.95010557e+00  1.53025000e-08  8.96647444e-01 
 1.54565000e-08  1.14541477e+00  1.54565000e-08  1.95000007e+00  1.54565000e-08  1.53006998e-04 
 1.54575000e-08  1.09324192e+00  1.54575000e-08  1.94999988e+00  1.54575000e-08  1.40210259e-04 
 1.54585000e-08  1.04138667e+00  1.54585000e-08  1.95000004e+00  1.54585000e-08  1.43251981e-04 
 1.54595000e-08  9.89753010e-01  1.54595000e-08  1.94999987e+00  1.54595000e-08  1.31674810e-04 
 1.54605000e-08  9.38319928e-01  1.54605000e-08  1.95000005e+00  1.54605000e-08  1.35008451e-04 
 1.54615000e-08  8.87015623e-01  1.54615000e-08  1.94999986e+00  1.54615000e-08  1.22972794e-04 
 1.58425000e-08  7.77182959e-05  1.58425000e-08  1.14500205e+00  1.58425000e-08 -2.27344678e-06 
 1.58435000e-08  7.62678421e-05  1.58435000e-08  1.09047682e+00  1.58435000e-08 -2.13750956e-06 
 1.58445000e-08  7.47454408e-05  1.58445000e-08  1.03528084e+00  1.58445000e-08  6.37736350e-07 
 1.58455000e-08  7.33611993e-05  1.58455000e-08  9.79457345e-01  1.58455000e-08  2.00535680e-06 
 1.58465000e-08  7.18616996e-05  1.58465000e-08  9.22986379e-01  1.58465000e-08  5.29417973e-06 
 1.58475000e-08  7.05230997e-05  1.58475000e-08  8.65922489e-01  1.58475000e-08  7.23012594e-06 
 1.60425000e-08  9.42806952e-01  1.60425000e-08  7.75097038e-05  1.60425000e-08  1.87853663e-06 
 1.60435000e-08  9.84215644e-01  1.60435000e-08  7.56533312e-05  1.60435000e-08  1.60278226e-06 
 1.60445000e-08  1.02520909e+00  1.60445000e-08  7.36372119e-05  1.60445000e-08  1.78291298e-06 
 1.60455000e-08  1.06576958e+00  1.60455000e-08  7.18773085e-05  1.60455000e-08  1.51340134e-06 
 1.60465000e-08  1.10586613e+00  1.60465000e-08  6.99610074e-05  1.60465000e-08  1.69259224e-06 
 1.60475000e-08  1.14546662e+00  1.60475000e-08  6.82933197e-05  1.60475000e-08  1.42908849e-06 
 1.62865000e-08  1.94991441e+00  1.62865000e-08  8.46369543e-01  1.62865000e-08 -8.02128045e-05 
 1.62875000e-08  1.94991492e+00  1.62875000e-08  9.28365456e-01  1.62875000e-08 -1.27478414e-04 
 1.62885000e-08  1.94991590e+00  1.62885000e-08  1.00861163e+00  1.62885000e-08 -1.62831700e-04 
 1.62895000e-08  1.94991639e+00  1.62895000e-08  1.08704183e+00  1.62895000e-08 -1.84283147e-04 
 1.62905000e-08  1.94991733e+00  1.62905000e-08  1.16368936e+00  1.62905000e-08 -2.00348213e-04 
 1.62915000e-08  1.94991781e+00  1.62915000e-08  1.23870195e+00  1.62915000e-08 -2.25385274e-04 
 1.64055000e-08  1.94995906e+00  1.64055000e-08  1.94994472e+00  1.64055000e-08  8.80529093e-01 
 1.64065000e-08  1.94995937e+00  1.64065000e-08  1.94995180e+00  1.64065000e-08  9.41133179e-01 
 1.64075000e-08  1.94995948e+00  1.64075000e-08  1.94995695e+00  1.64075000e-08  1.00084306e+00 
 1.64085000e-08  1.94995971e+00  1.64085000e-08  1.94996210e+00  1.64085000e-08  1.06208933e+00 
 1.64095000e-08  1.94995970e+00  1.64095000e-08  1.94996889e+00  1.64095000e-08  1.12860859e+00 
 1.64105000e-08  1.94995979e+00  1.64105000e-08  1.94996141e+00  1.64105000e-08  1.20188103e+00 
 1.65785000e-08  1.14670433e+00  1.65785000e-08  1.94999996e+00  1.65785000e-08  1.94999397e+00 
 1.65795000e-08  1.09452316e+00  1.65795000e-08  1.94999985e+00  1.65795000e-08  1.94998195e+00 
 1.65805000e-08  1.04265965e+00  1.65805000e-08  1.94999996e+00  1.65805000e-08  1.94999052e+00 
 1.65815000e-08  9.91020442e-01  1.65815000e-08  1.94999986e+00  1.65815000e-08  1.94998290e+00 
 1.65825000e-08  9.39582005e-01  1.65825000e-08  1.94999995e+00  1.65825000e-08  1.94999449e+00 
 1.65835000e-08  8.88274192e-01  1.65835000e-08  1.94999985e+00  1.65835000e-08  1.94998307e+00 
 1.69645000e-08  7.77285862e-05  1.69645000e-08  1.14542952e+00  1.69645000e-08  1.94993839e+00 
 1.69655000e-08  7.62791478e-05  1.69655000e-08  1.09091186e+00  1.69655000e-08  1.94993475e+00 
 1.69665000e-08  7.47542813e-05  1.69665000e-08  1.03572285e+00  1.69665000e-08  1.94993594e+00 
 1.69675000e-08  7.33732627e-05  1.69675000e-08  9.79906334e-01  1.69675000e-08  1.94994271e+00 
 1.69685000e-08  7.18727401e-05  1.69685000e-08  9.23441279e-01  1.69685000e-08  1.94995658e+00 
 1.69695000e-08  7.05354430e-05  1.69695000e-08  8.66382731e-01  1.69695000e-08  1.94997709e+00 
 1.71645000e-08  9.40897689e-01  1.71645000e-08  6.88562833e-05  1.71645000e-08  1.94997715e+00 
 1.71655000e-08  9.82324539e-01  1.71655000e-08  6.68796031e-05  1.71655000e-08  1.94997738e+00 
 1.71665000e-08  1.02333807e+00  1.71665000e-08  6.54531020e-05  1.71665000e-08  1.94997844e+00 
 1.71675000e-08  1.06391843e+00  1.71675000e-08  6.35660174e-05  1.71675000e-08  1.94997865e+00 
 1.71685000e-08  1.10403741e+00  1.71685000e-08  6.22196976e-05  1.71685000e-08  1.94997966e+00 
 1.71695000e-08  1.14366108e+00  1.71695000e-08  6.04187216e-05  1.71695000e-08  1.94997984e+00 
 1.74085000e-08  1.94991440e+00  1.74085000e-08  8.44471794e-01  1.74085000e-08  1.95004489e+00 
 1.74095000e-08  1.94991487e+00  1.74095000e-08  9.26459036e-01  1.74095000e-08  1.94991429e+00 
 1.74105000e-08  1.94991589e+00  1.74105000e-08  1.00653455e+00  1.74105000e-08  1.94977256e+00 
 1.74115000e-08  1.94991634e+00  1.74115000e-08  1.08459664e+00  1.74115000e-08  1.94961543e+00 
 1.74125000e-08  1.94991733e+00  1.74125000e-08  1.16067909e+00  1.74125000e-08  1.94946275e+00 
 1.74135000e-08  1.94991775e+00  1.74135000e-08  1.23504815e+00  1.74135000e-08  1.94931153e+00 
 1.75415000e-08  1.94996105e+00  1.75415000e-08  1.94997780e+00  1.75415000e-08  1.19120554e+00 
 1.75425000e-08  1.94996126e+00  1.75425000e-08  1.95000985e+00  1.75425000e-08  1.13367430e+00 
 1.75435000e-08  1.94996134e+00  1.75435000e-08  1.95004170e+00  1.75435000e-08  1.07603942e+00 
 1.75445000e-08  1.94996175e+00  1.75445000e-08  1.95006986e+00  1.75445000e-08  1.01809098e+00 
 1.75455000e-08  1.94996200e+00  1.75455000e-08  1.95008957e+00  1.75455000e-08  9.59717402e-01 
 1.75465000e-08  1.94996234e+00  1.75465000e-08  1.95010490e+00  1.75465000e-08  9.00745130e-01 
 1.77005000e-08  1.14894148e+00  1.77005000e-08  1.95000004e+00  1.77005000e-08  1.54210335e-04 
 1.77015000e-08  1.09674799e+00  1.77015000e-08  1.94999987e+00  1.77015000e-08  1.39814746e-04 
 1.77025000e-08  1.04487262e+00  1.77025000e-08  1.95000006e+00  1.77025000e-08  1.45421178e-04 
 1.77035000e-08  9.93226075e-01  1.77035000e-08  1.94999986e+00  1.77035000e-08  1.30495419e-04 
 1.77045000e-08  9.41780525e-01  1.77045000e-08  1.95000002e+00  1.77045000e-08  1.36087000e-04 
 1.77055000e-08  8.90468570e-01  1.77055000e-08  1.94999986e+00  1.77055000e-08  1.22571777e-04 
 1.80865000e-08  7.78160138e-05  1.80865000e-08  1.14862034e+00  1.80865000e-08 -2.27896152e-06 
 1.80875000e-08  7.63699601e-05  1.80875000e-08  1.09414038e+00  1.80875000e-08 -2.27032459e-06 
 1.80885000e-08  7.48383460e-05  1.80885000e-08  1.03898620e+00  1.80885000e-08  5.31928351e-07 
 1.80895000e-08  7.34608342e-05  1.80895000e-08  9.83206854e-01  1.80895000e-08  1.79927381e-06 
 1.80905000e-08  7.19544798e-05  1.80905000e-08  9.26775985e-01  1.80905000e-08  5.13678820e-06 
 1.80915000e-08  7.06202914e-05  1.80915000e-08  8.69753208e-01  1.80915000e-08  7.02093534e-06 
 1.82865000e-08  9.40001818e-01  1.82865000e-08  7.77196658e-05  1.82865000e-08  1.96112781e-06 
 1.82875000e-08  9.81437180e-01  1.82875000e-08  7.57070557e-05  1.82875000e-08  1.52714548e-06 
 1.82885000e-08  1.02246012e+00  1.82885000e-08  7.38389107e-05  1.82885000e-08  1.86459094e-06 
 1.82895000e-08  1.06304978e+00  1.82895000e-08  7.19250608e-05  1.82895000e-08  1.42663683e-06 
 1.82905000e-08  1.10317925e+00  1.82905000e-08  7.01541326e-05  1.82905000e-08  1.76159209e-06 
 1.82915000e-08  1.14281376e+00  1.82915000e-08  6.83374742e-05  1.82915000e-08  1.36404288e-06 
 1.85305000e-08  1.94991440e+00  1.85305000e-08  8.40735023e-01  1.85305000e-08 -7.64354559e-05 
 1.85315000e-08  1.94991485e+00  1.85315000e-08  9.22846628e-01  1.85315000e-08 -1.24545412e-04 
 1.85325000e-08  1.94991589e+00  1.85325000e-08  1.00321778e+00  1.85325000e-08 -1.61244433e-04 
 1.85335000e-08  1.94991631e+00  1.85335000e-08  1.08177890e+00  1.85335000e-08 -1.82992421e-04 
 1.85345000e-08  1.94991732e+00  1.85345000e-08  1.15854046e+00  1.85345000e-08 -1.99196016e-04 
 1.85355000e-08  1.94991773e+00  1.85355000e-08  1.23366294e+00  1.85355000e-08 -2.23556510e-04 
 1.86495000e-08  1.94995903e+00  1.86495000e-08  1.94994460e+00  1.86495000e-08  8.76389651e-01 
 1.86505000e-08  1.94995937e+00  1.86505000e-08  1.94995113e+00  1.86505000e-08  9.37086827e-01 
 1.86515000e-08  1.94995946e+00  1.86515000e-08  1.94995679e+00  1.86515000e-08  9.96817225e-01 
 1.86525000e-08  1.94995971e+00  1.86525000e-08  1.94996175e+00  1.86525000e-08  1.05777206e+00 
 1.86535000e-08  1.94995969e+00  1.86535000e-08  1.94996888e+00  1.86535000e-08  1.12383141e+00 
 1.86545000e-08  1.94995980e+00  1.86545000e-08  1.94996132e+00  1.86545000e-08  1.19692082e+00 
 1.88225000e-08  1.14998116e+00  1.88225000e-08  1.95000001e+00  1.88225000e-08  1.94998963e+00 
 1.88235000e-08  1.09778098e+00  1.88235000e-08  1.94999998e+00  1.88235000e-08  1.94998285e+00 
 1.88245000e-08  1.04589887e+00  1.88245000e-08  1.95000002e+00  1.88245000e-08  1.94999380e+00 
 1.88255000e-08  9.94247655e-01  1.88255000e-08  1.94999999e+00  1.88255000e-08  1.94998318e+00 
 1.88265000e-08  9.42797632e-01  1.88265000e-08  1.95000002e+00  1.88265000e-08  1.94999058e+00 
 1.88275000e-08  8.91482783e-01  1.88275000e-08  1.94999999e+00  1.88275000e-08  1.94998406e+00 
 1.92085000e-08  7.78165091e-05  1.92085000e-08  1.14863515e+00  1.92085000e-08  1.94993866e+00 
 1.92095000e-08  7.63712977e-05  1.92095000e-08  1.09415769e+00  1.92095000e-08  1.94993488e+00 
 1.92105000e-08  7.48381221e-05  1.92105000e-08  1.03900587e+00  1.92105000e-08  1.94993569e+00 
 1.92115000e-08  7.34622367e-05  1.92115000e-08  9.83228573e-01  1.92115000e-08  1.94994215e+00 
 1.92125000e-08  7.19563427e-05  1.92125000e-08  9.26799209e-01  1.92125000e-08  1.94995554e+00 
 1.92135000e-08  7.06225288e-05  1.92135000e-08  8.69777218e-01  1.92135000e-08  1.94997570e+00 
 1.94085000e-08  9.38052066e-01  1.94085000e-08  6.90361685e-05  1.94085000e-08  1.94997706e+00 
 1.94095000e-08  9.79505997e-01  1.94095000e-08  6.69042369e-05  1.94095000e-08  1.94997739e+00 
 1.94105000e-08  1.02054939e+00  1.94105000e-08  6.56263852e-05  1.94105000e-08  1.94997836e+00 
 1.94115000e-08  1.06115924e+00  1.94115000e-08  6.35872202e-05  1.94115000e-08  1.94997866e+00 
 1.94125000e-08  1.10131144e+00  1.94125000e-08  6.23864951e-05  1.94125000e-08  1.94997958e+00 
 1.94135000e-08  1.14096951e+00  1.94135000e-08  6.04365911e-05  1.94135000e-08  1.94997985e+00 
 1.96525000e-08  1.94991439e+00  1.96525000e-08  8.38797774e-01  1.96525000e-08  1.95005420e+00 
 1.96535000e-08  1.94991479e+00  1.96535000e-08  9.20910903e-01  1.96535000e-08  1.94992319e+00 
 1.96545000e-08  1.94991588e+00  1.96545000e-08  1.00111862e+00  1.96545000e-08  1.94978281e+00 
 1.96555000e-08  1.94991625e+00  1.96555000e-08  1.07932070e+00  1.96555000e-08  1.94962632e+00 
 1.96565000e-08  1.94991731e+00  1.96565000e-08  1.15552966e+00  1.96565000e-08  1.94947190e+00 
 1.96575000e-08  1.94991767e+00  1.96575000e-08  1.23000765e+00  1.96575000e-08  1.94932311e+00 
 1.97855000e-08  1.94996103e+00  1.97855000e-08  1.94997585e+00  1.97855000e-08  1.19513307e+00 
 1.97865000e-08  1.94996126e+00  1.97865000e-08  1.95000742e+00  1.97865000e-08  1.13760246e+00 
 1.97875000e-08  1.94996132e+00  1.97875000e-08  1.95003966e+00  1.97875000e-08  1.07998426e+00 
 1.97885000e-08  1.94996174e+00  1.97885000e-08  1.95006818e+00  1.97885000e-08  1.02205808e+00 
 1.97895000e-08  1.94996197e+00  1.97895000e-08  1.95008840e+00  1.97895000e-08  9.63722256e-01 
 1.97905000e-08  1.94996234e+00  1.97905000e-08  1.95010409e+00  1.97905000e-08  9.04790242e-01 
 1.99445000e-08  1.15230739e+00  1.99445000e-08  1.95000003e+00  1.99445000e-08  1.53794551e-04 
 1.99455000e-08  1.10009445e+00  1.99455000e-08  1.94999990e+00  1.99455000e-08  1.40728858e-04 
 1.99465000e-08  1.04819994e+00  1.99465000e-08  1.95000001e+00  1.99465000e-08  1.44003653e-04 
 1.99475000e-08  9.96540931e-01  1.99475000e-08  1.94999988e+00  1.99475000e-08  1.32188967e-04 
 1.99485000e-08  9.45083392e-01  1.99485000e-08  1.94999999e+00  1.99485000e-08  1.35699375e-04 
 1.99495000e-08  8.93764206e-01  1.99495000e-08  1.94999986e+00  1.99495000e-08  1.23731523e-04 
 2.03305000e-08  7.79041844e-05  2.03305000e-08  1.15177188e+00  2.03305000e-08 -2.45872803e-06 
 2.03315000e-08  7.64620907e-05  2.03315000e-08  1.09733265e+00  2.03315000e-08 -2.21540328e-06 
 2.03325000e-08  7.49217606e-05  2.03325000e-08  1.04221612e+00  2.03325000e-08  2.67583473e-07 
 2.03335000e-08  7.35496613e-05  2.03335000e-08  9.86476409e-01  2.03335000e-08  1.73420108e-06 
 2.03345000e-08  7.20381502e-05  2.03345000e-08  9.30081625e-01  2.03345000e-08  4.80812198e-06 
 2.03355000e-08  7.07069931e-05  2.03355000e-08  8.73095777e-01  2.03355000e-08  6.94508074e-06 
 2.05305000e-08  9.36940007e-01  2.05305000e-08  7.78989495e-05  2.05305000e-08  1.98398971e-06 
 2.05315000e-08  9.78404511e-01  2.05315000e-08  7.57580233e-05  2.05315000e-08  1.50920479e-06 
 2.05325000e-08  1.01945954e+00  2.05325000e-08  7.40103514e-05  2.05325000e-08  1.88673800e-06 
 2.05335000e-08  1.06008089e+00  2.05335000e-08  7.19733975e-05  2.05335000e-08  1.40956580e-06 
 2.05345000e-08  1.10024602e+00  2.05345000e-08  7.03197981e-05  2.05345000e-08  1.78406340e-06 
 2.05355000e-08  1.13991749e+00  2.05355000e-08  6.83808815e-05  2.05355000e-08  1.34699851e-06 
 2.07745000e-08  1.94991438e+00  2.07745000e-08  8.34628706e-01  2.07745000e-08 -7.23317615e-05 
 2.07755000e-08  1.94991475e+00  2.07755000e-08  9.16861720e-01  2.07755000e-08 -1.21475366e-04 
 2.07765000e-08  1.94991587e+00  2.07765000e-08  9.97361947e-01  2.07765000e-08 -1.59373596e-04 
 2.07775000e-08  1.94991622e+00  2.07775000e-08  1.07605982e+00  2.07775000e-08 -1.81368187e-04 
 2.07785000e-08  1.94991730e+00  2.07785000e-08  1.15294570e+00  2.07785000e-08 -1.98006035e-04 
 2.07795000e-08  1.94991764e+00  2.07795000e-08  1.22818698e+00  2.07795000e-08 -2.21490614e-04 
 2.08935000e-08  1.94995899e+00  2.08935000e-08  1.94994445e+00  2.08935000e-08  8.71869565e-01 
 2.08945000e-08  1.94995936e+00  2.08945000e-08  1.94995040e+00  2.08945000e-08  9.32671717e-01 
 2.08955000e-08  1.94995943e+00  2.08955000e-08  1.94995659e+00  2.08955000e-08  9.92433547e-01 
 2.08965000e-08  1.94995971e+00  2.08965000e-08  1.94996132e+00  2.08965000e-08  1.05311820e+00 
 2.08975000e-08  1.94995967e+00  2.08975000e-08  1.94996880e+00  2.08975000e-08  1.11866953e+00 
 2.08985000e-08  1.94995981e+00  2.08985000e-08  1.94996131e+00  2.08985000e-08  1.19150943e+00 
 2.10665000e-08  1.15364688e+00  2.10665000e-08  1.94999996e+00  2.10665000e-08  1.94999411e+00 
 2.10675000e-08  1.10142529e+00  2.10675000e-08  1.95000000e+00  2.10675000e-08  1.94998444e+00 
 2.10685000e-08  1.04952211e+00  2.10685000e-08  1.94999997e+00  2.10685000e-08  1.94999100e+00 
 2.10695000e-08  9.97857226e-01  2.10695000e-08  1.95000001e+00  2.10695000e-08  1.94998529e+00 
 2.10705000e-08  9.46394074e-01  2.10705000e-08  1.94999997e+00  2.10705000e-08  1.94999450e+00 
 2.10715000e-08  8.95071253e-01  2.10715000e-08  1.95000000e+00  2.10715000e-08  1.94998535e+00 
 2.14525000e-08  7.79114885e-05  2.14525000e-08  1.15210661e+00  2.14525000e-08  1.94993895e+00 
 2.14535000e-08  7.64705013e-05  2.14535000e-08  1.09767341e+00  2.14535000e-08  1.94993505e+00 
 2.14545000e-08  7.49279501e-05  2.14545000e-08  1.04256249e+00  2.14545000e-08  1.94993545e+00 
 2.14555000e-08  7.35578370e-05  2.14555000e-08  9.86828349e-01  2.14555000e-08  1.94994157e+00 
 2.14565000e-08  7.20456839e-05  2.14565000e-08  9.30438261e-01  2.14565000e-08  1.94995443e+00 
 2.14575000e-08  7.07153448e-05  2.14575000e-08  8.73456524e-01  2.14575000e-08  1.94997420e+00 
 2.16525000e-08  9.35255726e-01  2.16525000e-08  6.92281143e-05  2.16525000e-08  1.94997697e+00 
 2.16535000e-08  9.76736245e-01  2.16535000e-08  6.69333733e-05  2.16535000e-08  1.94997740e+00 
 2.16545000e-08  1.01780887e+00  2.16545000e-08  6.58111429e-05  2.16545000e-08  1.94997827e+00 
 2.16555000e-08  1.05844760e+00  2.16555000e-08  6.36125953e-05  2.16555000e-08  1.94997867e+00 
 2.16565000e-08  1.09863224e+00  2.16565000e-08  6.25643246e-05  2.16565000e-08  1.94997950e+00 
 2.16575000e-08  1.13832397e+00  2.16575000e-08  6.04583486e-05  2.16575000e-08  1.94997986e+00 
 2.18965000e-08  1.94991437e+00  2.18965000e-08  8.33201852e-01  2.18965000e-08  1.95006318e+00 
 2.18975000e-08  1.94991470e+00  2.18975000e-08  9.15439091e-01  2.18975000e-08  1.94993190e+00 
 2.18985000e-08  1.94991586e+00  2.18985000e-08  9.95779138e-01  2.18985000e-08  1.94979288e+00 
 2.18995000e-08  1.94991617e+00  2.18995000e-08  1.07412075e+00  2.18995000e-08  1.94963698e+00 
 2.19005000e-08  1.94991730e+00  2.19005000e-08  1.15045650e+00  2.19005000e-08  1.94948086e+00 
 2.19015000e-08  1.94991759e+00  2.19015000e-08  1.22504349e+00  2.19015000e-08  1.94933442e+00 
 2.20295000e-08  1.94996102e+00  2.20295000e-08  1.94997412e+00  2.20295000e-08  1.19901210e+00 
 2.20305000e-08  1.94996126e+00  2.20305000e-08  1.95000475e+00  2.20305000e-08  1.14148173e+00 
 2.20315000e-08  1.94996129e+00  2.20315000e-08  1.95003783e+00  2.20315000e-08  1.08387908e+00 
 2.20325000e-08  1.94996173e+00  2.20325000e-08  1.95006625e+00  2.20325000e-08  1.02597421e+00 
 2.20335000e-08  1.94996194e+00  2.20335000e-08  1.95008742e+00  2.20335000e-08  9.67674894e-01 
 2.20345000e-08  1.94996233e+00  2.20345000e-08  1.95010305e+00  2.20345000e-08  9.08782285e-01 
 2.21885000e-08  1.15596361e+00  2.21885000e-08  1.95000001e+00  2.21885000e-08  1.52701488e-04 
 2.21895000e-08  1.10372877e+00  2.21895000e-08  1.94999998e+00  2.21895000e-08  1.41905773e-04 
 2.21905000e-08  1.05181244e+00  2.21905000e-08  1.95000000e+00  2.21905000e-08  1.43072874e-04 
 2.21915000e-08  1.00013906e+00  2.21915000e-08  1.94999998e+00  2.21915000e-08  1.33248214e-04 
 2.21925000e-08  9.48667770e-01  2.21925000e-08  1.95000000e+00  2.21925000e-08  1.34657135e-04 
 2.21935000e-08  8.97340077e-01  2.21935000e-08  1.94999998e+00  2.21935000e-08  1.24805961e-04 
 2.25745000e-08  7.79772444e-05  2.25745000e-08  1.15454615e+00  2.25745000e-08 -2.62596728e-06 
 2.25755000e-08  7.65396100e-05  2.25755000e-08  1.10013879e+00  2.25755000e-08 -2.15557112e-06 
 2.25765000e-08  7.49902937e-05  2.25765000e-08  1.04505494e+00  2.25765000e-08  2.59596913e-08 
 2.25775000e-08  7.36243497e-05  2.25775000e-08  9.89346609e-01  2.25775000e-08  1.68619749e-06 
 2.25785000e-08  7.21071616e-05  2.25785000e-08  9.32983237e-01  2.25785000e-08  4.55425379e-06 
 2.25795000e-08  7.07797626e-05  2.25795000e-08  8.76026794e-01  2.25795000e-08  6.92784667e-06 
 2.27745000e-08  9.33943671e-01  2.27745000e-08  7.80489195e-05  2.27745000e-08  1.99823523e-06 
 2.27755000e-08  9.75436010e-01  2.27755000e-08  7.58068093e-05  2.27755000e-08  1.48751372e-06 
 2.27765000e-08  1.01652185e+00  2.27765000e-08  7.41541862e-05  2.27765000e-08  1.88813373e-06 
 2.27775000e-08  1.05717420e+00  2.27775000e-08  7.20182478e-05  2.27775000e-08  1.42200199e-06 
 2.27785000e-08  1.09737389e+00  2.27785000e-08  7.04573693e-05  2.27785000e-08  1.82246011e-06 
 2.27795000e-08  1.13708118e+00  2.27795000e-08  6.84216029e-05  2.27795000e-08  1.34018796e-06 
 2.30185000e-08  1.94991436e+00  2.30185000e-08  8.28614236e-01  2.30185000e-08 -6.83181679e-05 
 2.30195000e-08  1.94991466e+00  2.30195000e-08  9.10967129e-01  2.30195000e-08 -1.18359362e-04 
 2.30205000e-08  1.94991585e+00  2.30205000e-08  9.91597706e-01  2.30205000e-08 -1.57477225e-04 
 2.30215000e-08  1.94991613e+00  2.30215000e-08  1.07043010e+00  2.30215000e-08 -1.79743538e-04 
 2.30225000e-08  1.94991729e+00  2.30225000e-08  1.14744165e+00  2.30225000e-08 -1.97020192e-04 
 2.30235000e-08  1.94991755e+00  2.30235000e-08  1.22281530e+00  2.30235000e-08 -2.19506915e-04 
 2.31375000e-08  1.94995896e+00  2.31375000e-08  1.94994417e+00  2.31375000e-08  8.67442768e-01 
 2.31385000e-08  1.94995935e+00  2.31385000e-08  1.94994980e+00  2.31385000e-08  9.28350370e-01 
 2.31395000e-08  1.94995941e+00  2.31395000e-08  1.94995625e+00  2.31395000e-08  9.88151005e-01 
 2.31405000e-08  1.94995971e+00  2.31405000e-08  1.94996098e+00  2.31405000e-08  1.04861448e+00 
 2.31415000e-08  1.94995966e+00  2.31415000e-08  1.94996854e+00  2.31415000e-08  1.11367759e+00 
 2.31425000e-08  1.94995982e+00  2.31425000e-08  1.94996152e+00  2.31425000e-08  1.18621719e+00 
 2.32835000e-08  2.05292648e+00  2.32835000e-08  1.94999985e+00  2.32835000e-08  1.94997608e+00 
 2.33105000e-08  1.15764251e+00  2.33105000e-08  1.94999987e+00  2.33105000e-08  1.94999592e+00 
 2.33115000e-08  1.10539742e+00  2.33115000e-08  1.94999995e+00  2.33115000e-08  1.94998775e+00 
 2.33125000e-08  1.05347097e+00  2.33125000e-08  1.94999987e+00  2.33125000e-08  1.94999321e+00 
 2.33135000e-08  1.00179089e+00  2.33135000e-08  1.94999996e+00  2.33135000e-08  1.94998822e+00 
 2.33145000e-08  9.50313214e-01  2.33145000e-08  1.94999988e+00  2.33145000e-08  1.94999578e+00 
 2.33155000e-08  8.98981573e-01  2.33155000e-08  1.94999995e+00  2.33155000e-08  1.94998805e+00 
 2.36965000e-08  7.80238651e-05  2.36965000e-08  1.15624488e+00  2.36965000e-08  1.94993933e+00 
 2.36975000e-08  7.65890690e-05  2.36975000e-08  1.10185953e+00  2.36975000e-08  1.94993525e+00 
 2.36985000e-08  7.50338298e-05  2.36985000e-08  1.04679912e+00  2.36985000e-08  1.94993519e+00 
 2.36995000e-08  7.36719073e-05  2.36995000e-08  9.91112120e-01  2.36995000e-08  1.94994090e+00 
 2.37005000e-08  7.21510364e-05  2.37005000e-08  9.34770505e-01  2.37005000e-08  1.94995318e+00 
 2.37015000e-08  7.08254018e-05  2.37015000e-08  8.77832958e-01  2.37015000e-08  1.94997249e+00 
 2.38965000e-08  9.31850672e-01  2.38965000e-08  6.94516982e-05  2.38965000e-08  1.94997686e+00 
 2.38975000e-08  9.73363328e-01  2.38975000e-08  6.69791778e-05  2.38975000e-08  1.94997741e+00 
 2.38985000e-08  1.01447138e+00  2.38985000e-08  6.60259665e-05  2.38985000e-08  1.94997817e+00 
 2.38995000e-08  1.05514505e+00  2.38995000e-08  6.36535928e-05  2.38995000e-08  1.94997868e+00 
 2.39005000e-08  1.09536898e+00  2.39005000e-08  6.27708084e-05  2.39005000e-08  1.94997940e+00 
 2.39015000e-08  1.13510138e+00  2.39015000e-08  6.04949202e-05  2.39015000e-08  1.94997988e+00 
 2.41405000e-08  1.94991436e+00  2.41405000e-08  8.26456497e-01  2.41405000e-08  1.95007364e+00 
 2.41415000e-08  1.94991460e+00  2.41415000e-08  9.08834631e-01  2.41415000e-08  1.94994230e+00 
 2.41425000e-08  1.94991584e+00  2.41425000e-08  9.89335254e-01  2.41425000e-08  1.94980494e+00 
 2.41435000e-08  1.94991607e+00  2.41435000e-08  1.06784118e+00  2.41435000e-08  1.94964978e+00 
 2.41445000e-08  1.94991727e+00  2.41445000e-08  1.14433352e+00  2.41445000e-08  1.94949218e+00 
 2.41455000e-08  1.94991748e+00  2.41455000e-08  1.21907018e+00  2.41455000e-08  1.94934757e+00 
 2.42745000e-08  1.94996126e+00  2.42745000e-08  1.95000178e+00  2.42745000e-08  1.14614253e+00 
 2.42755000e-08  1.94996126e+00  2.42755000e-08  1.95003544e+00  2.42755000e-08  1.08855712e+00 
 2.42765000e-08  1.94996171e+00  2.42765000e-08  1.95006413e+00  2.42765000e-08  1.03067702e+00 
 2.42775000e-08  1.94996190e+00  2.42775000e-08  1.95008603e+00  2.42775000e-08  9.72420304e-01 
 2.42785000e-08  1.94996232e+00  2.42785000e-08  1.95010197e+00  2.42785000e-08  9.13574564e-01 
 2.42795000e-08  1.94996235e+00  2.42795000e-08  1.95011136e+00  2.42795000e-08  8.54112526e-01 
 2.44325000e-08  1.16053351e+00  2.44325000e-08  1.94999986e+00  2.44325000e-08  1.52077682e-04 
 2.44335000e-08  1.10827146e+00  2.44335000e-08  1.94999995e+00  2.44335000e-08  1.43330658e-04 
 2.44345000e-08  1.05632812e+00  2.44345000e-08  1.94999987e+00  2.44345000e-08  1.42664177e-04 
 2.44355000e-08  1.00463695e+00  2.44355000e-08  1.94999993e+00  2.44355000e-08  1.34284157e-04 
 2.44365000e-08  9.53148759e-01  2.44365000e-08  1.94999988e+00  2.44365000e-08  1.33833840e-04 
 2.44375000e-08  9.01810736e-01  2.44375000e-08  1.94999996e+00  2.44375000e-08  1.25801298e-04 
 2.48185000e-08  7.81069611e-05  2.48185000e-08  1.15923600e+00  2.48185000e-08 -2.81347976e-06 
 2.48195000e-08  7.66770062e-05  2.48195000e-08  1.10488317e+00  2.48195000e-08 -2.13532537e-06 
 2.48205000e-08  7.51121549e-05  2.48205000e-08  1.04985812e+00  2.48205000e-08 -2.89553906e-07 
 2.48215000e-08  7.37563964e-05  2.48215000e-08  9.94203498e-01  2.48215000e-08  1.60572232e-06 
 2.48225000e-08  7.22285944e-05  2.48225000e-08  9.37896476e-01  2.48225000e-08  4.21886804e-06 
 2.48235000e-08  7.09072382e-05  2.48235000e-08  8.80990398e-01  2.48235000e-08  6.82890990e-06 
 2.50185000e-08  9.29702189e-01  2.50185000e-08  7.83022762e-05  2.50185000e-08  2.03584531e-06 
 2.50195000e-08  9.71235692e-01  2.50195000e-08  7.59054149e-05  2.50195000e-08  1.46861789e-06 
 2.50205000e-08  1.01236566e+00  2.50205000e-08  7.43975414e-05  2.50205000e-08  1.96765961e-06 
 2.50215000e-08  1.05306136e+00  2.50215000e-08  7.21091639e-05  2.50215000e-08  1.38225524e-06 
 2.50225000e-08  1.09331001e+00  2.50225000e-08  7.06898581e-05  2.50225000e-08  1.87219647e-06 
 2.50235000e-08  1.13306797e+00  2.50235000e-08  6.85056581e-05  2.50235000e-08  1.28154807e-06 
 2.52625000e-08  1.94991433e+00  2.52625000e-08  8.20222778e-01  2.52625000e-08 -6.27595638e-05 
 2.52635000e-08  1.94991457e+00  2.52635000e-08  9.02734820e-01  2.52635000e-08 -1.13866670e-04 
 2.52645000e-08  1.94991582e+00  2.52645000e-08  9.83546198e-01  2.52645000e-08 -1.54194470e-04 
 2.52655000e-08  1.94991602e+00  2.52655000e-08  1.06256356e+00  2.52655000e-08 -1.77989585e-04 
 2.52665000e-08  1.94991724e+00  2.52665000e-08  1.13975252e+00  2.52665000e-08 -1.95940830e-04 
 2.52675000e-08  1.94991743e+00  2.52675000e-08  1.21528558e+00  2.52675000e-08 -2.16028762e-04 
 2.53815000e-08  1.94995892e+00  2.53815000e-08  1.94994374e+00  2.53815000e-08  8.61063133e-01 
 2.53825000e-08  1.94995934e+00  2.53825000e-08  1.94994917e+00  2.53825000e-08  9.22129401e-01 
 2.53835000e-08  1.94995937e+00  2.53835000e-08  1.94995570e+00  2.53835000e-08  9.81999935e-01 
 2.53845000e-08  1.94995971e+00  2.53845000e-08  1.94996064e+00  2.53845000e-08  1.04220912e+00 
 2.53855000e-08  1.94995964e+00  2.53855000e-08  1.94996799e+00  2.53855000e-08  1.10660526e+00 
 2.53865000e-08  1.94995983e+00  2.53865000e-08  1.94996219e+00  2.53865000e-08  1.17861084e+00 
 2.55545000e-08  1.16312670e+00  2.55545000e-08  1.94999980e+00  2.55545000e-08  1.94999582e+00 
 2.55555000e-08  1.11084924e+00  2.55555000e-08  1.94999995e+00  2.55555000e-08  1.94999005e+00 
 2.55565000e-08  1.05889046e+00  2.55565000e-08  1.94999982e+00  2.55565000e-08  1.94999360e+00 
 2.55575000e-08  1.00718909e+00  2.55575000e-08  1.94999993e+00  2.55575000e-08  1.94999038e+00 
 2.55585000e-08  9.55691231e-01  2.55585000e-08  1.94999982e+00  2.55585000e-08  1.94999582e+00 
 2.55595000e-08  9.04347323e-01  2.55595000e-08  1.94999993e+00  2.55595000e-08  1.94999037e+00 
 2.59405000e-08  7.81857974e-05  2.59405000e-08  1.16191333e+00  2.59405000e-08  1.94993987e+00 
 2.59415000e-08  7.67523790e-05  2.59415000e-08  1.10759393e+00  2.59415000e-08  1.94993557e+00 
 2.59425000e-08  7.51865591e-05  2.59425000e-08  1.05260466e+00  2.59425000e-08  1.94993491e+00 
 2.59435000e-08  7.38289974e-05  2.59435000e-08  9.96982661e-01  2.59435000e-08  1.94994005e+00 
 2.59445000e-08  7.23021535e-05  2.59445000e-08  9.40709311e-01  2.59445000e-08  1.94995152e+00 
 2.59455000e-08  7.09773421e-05  2.59455000e-08  8.83832877e-01  2.59455000e-08  1.94997019e+00 
 2.61405000e-08  9.27615457e-01  2.61405000e-08  6.97555709e-05  2.61405000e-08  1.94997671e+00 
 2.61415000e-08  9.69169183e-01  2.61415000e-08  6.70407138e-05  2.61415000e-08  1.94997742e+00 
 2.61425000e-08  1.01032014e+00  2.61425000e-08  6.63179454e-05  2.61425000e-08  1.94997802e+00 
 2.61435000e-08  1.05103722e+00  2.61435000e-08  6.37088123e-05  2.61435000e-08  1.94997869e+00 
 2.61445000e-08  1.09130971e+00  2.61445000e-08  6.30514516e-05  2.61445000e-08  1.94997926e+00 
 2.61455000e-08  1.13109244e+00  2.61455000e-08  6.05440996e-05  2.61455000e-08  1.94997989e+00 
 2.63845000e-08  1.94991426e+00  2.63845000e-08  8.18372303e-01  2.63845000e-08  1.95008564e+00 
 2.63855000e-08  1.94991452e+00  2.63855000e-08  9.00923197e-01  2.63855000e-08  1.94995449e+00 
 2.63865000e-08  1.94991575e+00  2.63865000e-08  9.81616783e-01  2.63865000e-08  1.94981914e+00 
 2.63875000e-08  1.94991599e+00  2.63875000e-08  1.06031794e+00  2.63875000e-08  1.94966532e+00 
 2.63885000e-08  1.94991720e+00  2.63885000e-08  1.13698820e+00  2.63885000e-08  1.94950726e+00 
 2.63895000e-08  1.94991744e+00  2.63895000e-08  1.21187051e+00  2.63895000e-08  1.94936312e+00 
 2.65185000e-08  1.94996124e+00  2.65185000e-08  1.94999860e+00  2.65185000e-08  1.15171781e+00 
 2.65195000e-08  1.94996124e+00  2.65195000e-08  1.95003242e+00  2.65195000e-08  1.09414823e+00 
 2.65205000e-08  1.94996167e+00  2.65205000e-08  1.95006154e+00  2.65205000e-08  1.03630026e+00 
 2.65215000e-08  1.94996186e+00  2.65215000e-08  1.95008423e+00  2.65215000e-08  9.78090303e-01 
 2.65225000e-08  1.94996230e+00  2.65225000e-08  1.95010065e+00  2.65225000e-08  9.19303289e-01 
 2.65235000e-08  1.94996234e+00  2.65235000e-08  1.95011074e+00  2.65235000e-08  8.59907363e-01 
 2.66765000e-08  1.16639948e+00  2.66765000e-08  1.94999975e+00  2.66765000e-08  1.51910549e-04 
 2.66775000e-08  1.11410262e+00  2.66775000e-08  1.94999991e+00  2.66775000e-08  1.44410018e-04 
 2.66785000e-08  1.06212404e+00  2.66785000e-08  1.94999976e+00  2.66785000e-08  1.42473591e-04 
 2.66795000e-08  1.01040972e+00  2.66795000e-08  1.94999988e+00  2.66795000e-08  1.35330958e-04 
 2.66805000e-08  9.58899407e-01  2.66805000e-08  1.94999973e+00  2.66805000e-08  1.33621467e-04 
 2.66815000e-08  9.07548082e-01  2.66815000e-08  1.94999985e+00  2.66815000e-08  1.26817150e-04 
 2.70625000e-08  7.82891596e-05  2.70625000e-08  1.16528139e+00  2.70625000e-08 -2.99205121e-06 
 2.70635000e-08  7.68364056e-05  2.70635000e-08  1.11099895e+00  2.70635000e-08 -2.14831437e-06 
 2.70645000e-08  7.52840273e-05  2.70645000e-08  1.05604983e+00  2.70645000e-08 -6.34983805e-07 
 2.70655000e-08  7.39092904e-05  2.70655000e-08  1.00046458e+00  2.70655000e-08  1.46873409e-06 
 2.70665000e-08  7.23984932e-05  2.70665000e-08  9.44230487e-01  2.70665000e-08  3.83318203e-06 
 2.70675000e-08  7.10548967e-05  2.70675000e-08  8.87389668e-01  2.70675000e-08  6.63991321e-06 
 2.72625000e-08  9.25056768e-01  2.72625000e-08  7.86576690e-05  2.72625000e-08  2.15567299e-06 
 2.72635000e-08  9.66635247e-01  2.72635000e-08  7.59904388e-05  2.72635000e-08  1.37443777e-06 
 2.72645000e-08  1.00781202e+00  2.72645000e-08  7.47380743e-05  2.72645000e-08  2.03482826e-06 
 2.72655000e-08  1.04855519e+00  2.72655000e-08  7.21870550e-05  2.72655000e-08  1.31432776e-06 
 2.72665000e-08  1.08885684e+00  2.72665000e-08  7.10175776e-05  2.72665000e-08  1.97365822e-06 
 2.72675000e-08  1.12866961e+00  2.72675000e-08  6.85753305e-05  2.72675000e-08  1.21318631e-06 
 2.75065000e-08  1.94991419e+00  2.75065000e-08  8.10989382e-01  2.75065000e-08 -5.67916017e-05 
 2.75075000e-08  1.94991449e+00  2.75075000e-08  8.93675264e-01  2.75075000e-08 -1.08814622e-04 
 2.75085000e-08  1.94991568e+00  2.75085000e-08  9.74682401e-01  2.75085000e-08 -1.50285453e-04 
 2.75095000e-08  1.94991597e+00  2.75095000e-08  1.05390206e+00  2.75095000e-08 -1.76088181e-04 
 2.75105000e-08  1.94991712e+00  2.75105000e-08  1.13128709e+00  2.75105000e-08 -1.94710046e-04 
 2.75115000e-08  1.94991739e+00  2.75115000e-08  1.20699633e+00  2.75115000e-08 -2.12271082e-04 
 2.76255000e-08  1.94995891e+00  2.76255000e-08  1.94994333e+00  2.76255000e-08  8.54207252e-01 
 2.76265000e-08  1.94995930e+00  2.76265000e-08  1.94994845e+00  2.76265000e-08  9.15448188e-01 
 2.76275000e-08  1.94995937e+00  2.76275000e-08  1.94995505e+00  2.76275000e-08  9.75408022e-01 
 2.76285000e-08  1.94995968e+00  2.76285000e-08  1.94996018e+00  2.76285000e-08  1.03541353e+00 
 2.76295000e-08  1.94995965e+00  2.76295000e-08  1.94996722e+00  2.76295000e-08  1.09915705e+00 
 2.76305000e-08  1.94995981e+00  2.76305000e-08  1.94996312e+00  2.76305000e-08  1.17045713e+00 
 2.77985000e-08  1.16959746e+00  2.77985000e-08  1.94999981e+00  2.77985000e-08  1.94999610e+00 
 2.77995000e-08  1.11728158e+00  2.77995000e-08  1.94999992e+00  2.77995000e-08  1.94999450e+00 
 2.78005000e-08  1.06528344e+00  2.78005000e-08  1.94999980e+00  2.78005000e-08  1.94999702e+00 
 2.78015000e-08  1.01355626e+00  2.78015000e-08  1.94999990e+00  2.78015000e-08  1.94999531e+00 
 2.78025000e-08  9.62033616e-01  2.78025000e-08  1.94999980e+00  2.78025000e-08  1.94999772e+00 
 2.78035000e-08  9.10674941e-01  2.78035000e-08  1.94999990e+00  2.78035000e-08  1.94999499e+00 
 2.81845000e-08  7.83991487e-05  2.81845000e-08  1.16888303e+00  2.81845000e-08  1.94994059e+00 
 2.81855000e-08  7.69277586e-05  2.81855000e-08  1.11464478e+00  2.81855000e-08  1.94993600e+00 
 2.81865000e-08  7.53881007e-05  2.81865000e-08  1.05974318e+00  2.81865000e-08  1.94993467e+00 
 2.81875000e-08  7.39965860e-05  2.81875000e-08  1.00420129e+00  2.81875000e-08  1.94993908e+00 
 2.81885000e-08  7.25006824e-05  2.81885000e-08  9.48012338e-01  2.81885000e-08  1.94994961e+00 
 2.81895000e-08  7.11389883e-05  2.81895000e-08  8.91211428e-01  2.81895000e-08  1.94996744e+00 
 2.83845000e-08  9.22553058e-01  2.83845000e-08  7.00343923e-05  2.83845000e-08  1.94997651e+00 
 2.83855000e-08  9.64155846e-01  2.83855000e-08  6.72116681e-05  2.83855000e-08  1.94997743e+00 
 2.83865000e-08  1.00535782e+00  2.83865000e-08  6.65840012e-05  2.83865000e-08  1.94997784e+00 
 2.83875000e-08  1.04612652e+00  2.83875000e-08  6.38700640e-05  2.83875000e-08  1.94997871e+00 
 2.83885000e-08  1.08645654e+00  2.83885000e-08  6.33054084e-05  2.83885000e-08  1.94997908e+00 
 2.83895000e-08  1.12629870e+00  2.83895000e-08  6.06960260e-05  2.83895000e-08  1.94997991e+00 
 2.86285000e-08  1.94991412e+00  2.86285000e-08  8.07913085e-01  2.86285000e-08  1.95010035e+00 
 2.86295000e-08  1.94991447e+00  2.86295000e-08  8.90677087e-01  2.86295000e-08  1.94997000e+00 
 2.86305000e-08  1.94991562e+00  2.86305000e-08  9.71614737e-01  2.86305000e-08  1.94983721e+00 
 2.86315000e-08  1.94991594e+00  2.86315000e-08  1.05057882e+00  2.86315000e-08  1.94968538e+00 
 2.86325000e-08  1.94991707e+00  2.86325000e-08  1.12750606e+00  2.86325000e-08  1.94952670e+00 
 2.86335000e-08  1.94991739e+00  2.86335000e-08  1.20257912e+00  2.86335000e-08  1.94938220e+00 
 2.87625000e-08  1.94996120e+00  2.87625000e-08  1.94999463e+00  2.87625000e-08  1.15889291e+00 
 2.87635000e-08  1.94996124e+00  2.87635000e-08  1.95002837e+00  2.87635000e-08  1.10133504e+00 
 2.87645000e-08  1.94996163e+00  2.87645000e-08  1.95005814e+00  2.87645000e-08  1.04353149e+00 
 2.87655000e-08  1.94996184e+00  2.87655000e-08  1.95008193e+00  2.87655000e-08  9.85373092e-01 
 2.87665000e-08  1.94996226e+00  2.87665000e-08  1.95009895e+00  2.87665000e-08  9.26664045e-01 
 2.87675000e-08  1.94996234e+00  2.87675000e-08  1.95010996e+00  2.87675000e-08  8.67345611e-01 
 2.89205000e-08  1.17259373e+00  2.89205000e-08  1.94999960e+00  2.89205000e-08  1.52278756e-04 
 2.89215000e-08  1.12026039e+00  2.89215000e-08  1.94999979e+00  2.89215000e-08  1.45206562e-04 
 2.89225000e-08  1.06824411e+00  2.89225000e-08  1.94999962e+00  2.89225000e-08  1.42801263e-04 
 2.89235000e-08  1.01650520e+00  2.89235000e-08  1.94999987e+00  2.89235000e-08  1.36095006e-04 
 2.89245000e-08  9.64971288e-01  2.89245000e-08  1.94999964e+00  2.89245000e-08  1.33911095e-04 
 2.89255000e-08  9.13606041e-01  2.89255000e-08  1.94999982e+00  2.89255000e-08  1.27550672e-04 
 2.92725000e-08  1.53255238e-04  2.92725000e-08  2.00750896e+00  2.92725000e-08 -2.74182877e-07 
 2.93065000e-08  7.85064172e-05  2.93065000e-08  1.17226869e+00  2.93065000e-08 -3.16309232e-06 
 2.93075000e-08  7.70140497e-05  2.93075000e-08  1.11806772e+00  2.93075000e-08 -2.17171030e-06 
 2.93085000e-08  7.54873431e-05  2.93085000e-08  1.06320652e+00  2.93085000e-08 -9.98809063e-07 
 2.93095000e-08  7.40779734e-05  2.93095000e-08  1.00770167e+00  2.93095000e-08  1.29583107e-06 
 2.93105000e-08  7.25980897e-05  2.93105000e-08  9.51552288e-01  2.93105000e-08  3.40906807e-06 
 2.93115000e-08  7.12173467e-05  2.93115000e-08  8.94787345e-01  2.93115000e-08  6.37925053e-06 
 2.95065000e-08  9.20025653e-01  2.95065000e-08  7.90325074e-05  2.95065000e-08  2.26843277e-06 
 2.95075000e-08  9.61653700e-01  2.95075000e-08  7.61340037e-05  2.95075000e-08  1.30321874e-06 
 2.95085000e-08  1.00288013e+00  2.95085000e-08  7.50974129e-05  2.95085000e-08  2.13880006e-06 
 2.95095000e-08  1.04367524e+00  2.95095000e-08  7.23200014e-05  2.95095000e-08  1.24859630e-06 
 2.95105000e-08  1.08403286e+00  2.95105000e-08  7.13625520e-05  2.95105000e-08  2.08352953e-06 
 2.95115000e-08  1.12390526e+00  2.95115000e-08  6.86976931e-05  2.95115000e-08  1.14041708e-06 
 2.97505000e-08  1.94991405e+00  2.97505000e-08  8.00923936e-01  2.97505000e-08 -4.93772022e-05 
 2.97515000e-08  1.94991445e+00  2.97515000e-08  8.83794706e-01  2.97515000e-08 -1.02937748e-04 
 2.97525000e-08  1.94991555e+00  2.97525000e-08  9.65014409e-01  2.97525000e-08 -1.45794563e-04 
 2.97535000e-08  1.94991593e+00  2.97535000e-08  1.04445431e+00  2.97535000e-08 -1.73690577e-04 
 2.97545000e-08  1.94991699e+00  2.97545000e-08  1.12205589e+00  2.97545000e-08 -1.92864070e-04 
 2.97555000e-08  1.94991735e+00  2.97555000e-08  1.19794493e+00  2.97555000e-08 -2.08916743e-04 
 2.98695000e-08  1.94995889e+00  2.98695000e-08  1.94994303e+00  2.98695000e-08  8.46751100e-01 
 2.98705000e-08  1.94995926e+00  2.98705000e-08  1.94994769e+00  2.98705000e-08  9.08187561e-01 
 2.98715000e-08  1.94995936e+00  2.98715000e-08  1.94995434e+00  2.98715000e-08  9.68259286e-01 
 2.98725000e-08  1.94995964e+00  2.98725000e-08  1.94995964e+00  2.98725000e-08  1.02811092e+00 
 2.98735000e-08  1.94995966e+00  2.98735000e-08  1.94996623e+00  2.98735000e-08  1.09122626e+00 
 2.98745000e-08  1.94995980e+00  2.98745000e-08  1.94996436e+00  2.98745000e-08  1.16162677e+00 
 3.00425000e-08  1.17562790e+00  3.00425000e-08  1.94999983e+00  3.00425000e-08  1.94999722e+00 
 3.00435000e-08  1.12327600e+00  3.00435000e-08  1.94999995e+00  3.00435000e-08  1.94999801e+00 
 3.00445000e-08  1.07124044e+00  3.00445000e-08  1.94999985e+00  3.00445000e-08  1.94999737e+00 
 3.00455000e-08  1.01948842e+00  3.00455000e-08  1.94999994e+00  3.00455000e-08  1.94999814e+00 
 3.00465000e-08  9.67942045e-01  3.00465000e-08  1.94999985e+00  3.00465000e-08  1.94999753e+00 
 3.00475000e-08  9.16569222e-01  3.00475000e-08  1.94999993e+00  3.00475000e-08  1.94999830e+00 
 3.04285000e-08  7.86017812e-05  3.04285000e-08  1.17532158e+00  3.04285000e-08  1.94994130e+00 
 3.04295000e-08  7.70918712e-05  3.04295000e-08  1.12115851e+00  3.04295000e-08  1.94993642e+00 
 3.04305000e-08  7.55772514e-05  3.04305000e-08  1.06633801e+00  3.04305000e-08  1.94993455e+00 
 3.04315000e-08  7.41520965e-05  3.04315000e-08  1.01087038e+00  3.04315000e-08  1.94993825e+00 
 3.04325000e-08  7.26865424e-05  3.04325000e-08  9.54759717e-01  3.04325000e-08  1.94994797e+00 
 3.04335000e-08  7.12885974e-05  3.04335000e-08  8.98029050e-01  3.04335000e-08  1.94996496e+00 
 3.06285000e-08  9.17538483e-01  3.06285000e-08  7.01334244e-05  3.06285000e-08  1.94997624e+00 
 3.06295000e-08  9.59191472e-01  3.06295000e-08  6.75389987e-05  3.06295000e-08  1.94997755e+00 
 3.06305000e-08  1.00044205e+00  3.06305000e-08  6.66742672e-05  3.06305000e-08  1.94997757e+00 
 3.06315000e-08  1.04126314e+00  3.06315000e-08  6.41848702e-05  3.06315000e-08  1.94997883e+00 
 3.06325000e-08  1.08164785e+00  3.06325000e-08  6.33874222e-05  3.06325000e-08  1.94997882e+00 
 3.06335000e-08  1.12154992e+00  3.06335000e-08  6.09987219e-05  3.06335000e-08  1.94998003e+00 
 3.08725000e-08  1.94991397e+00  3.08725000e-08  7.97666211e-01  3.08725000e-08  1.95011377e+00 
 3.08735000e-08  1.94991444e+00  3.08735000e-08  8.80632226e-01  3.08735000e-08  1.94998482e+00 
 3.08745000e-08  1.94991548e+00  3.08745000e-08  9.61805224e-01  3.08745000e-08  1.94985474e+00 
 3.08755000e-08  1.94991592e+00  3.08755000e-08  1.04101574e+00  3.08755000e-08  1.94970507e+00 
 3.08765000e-08  1.94991694e+00  3.08765000e-08  1.11818729e+00  3.08765000e-08  1.94954633e+00 
 3.08775000e-08  1.94991737e+00  3.08775000e-08  1.19347021e+00  3.08775000e-08  1.94940142e+00 
 3.10065000e-08  1.94996119e+00  3.10065000e-08  1.94999120e+00  3.10065000e-08  1.16591871e+00 
 3.10075000e-08  1.94996123e+00  3.10075000e-08  1.95002438e+00  3.10075000e-08  1.10837116e+00 
 3.10085000e-08  1.94996157e+00  3.10085000e-08  1.95005463e+00  3.10085000e-08  1.05061049e+00 
 3.10095000e-08  1.94996181e+00  3.10095000e-08  1.95007930e+00  3.10095000e-08  9.92503325e-01 
 3.10105000e-08  1.94996221e+00  3.10105000e-08  1.95009702e+00  3.10105000e-08  9.33872621e-01 
 3.10115000e-08  1.94996233e+00  3.10115000e-08  1.95010890e+00  3.10115000e-08  8.74633330e-01 
 3.11645000e-08  1.17837759e+00  3.11645000e-08  1.94999991e+00  3.11645000e-08  1.52247720e-04 
 3.11655000e-08  1.12601003e+00  3.11655000e-08  1.95000012e+00  3.11655000e-08  1.46431151e-04 
 3.11665000e-08  1.07395812e+00  3.11665000e-08  1.94999991e+00  3.11665000e-08  1.42739280e-04 
 3.11675000e-08  1.02219559e+00  3.11675000e-08  1.95000012e+00  3.11675000e-08  1.37275206e-04 
 3.11685000e-08  9.70639179e-01  3.11685000e-08  1.94999990e+00  3.11685000e-08  1.33820626e-04 
 3.11695000e-08  9.19260702e-01  3.11695000e-08  1.95000011e+00  3.11695000e-08  1.28688951e-04 
 3.15505000e-08  7.87300497e-05  3.15505000e-08  1.17949060e+00  3.15505000e-08 -3.31216940e-06 
 3.15515000e-08  7.72027399e-05  3.15515000e-08  1.12537412e+00  3.15515000e-08 -2.19692038e-06 
 3.15525000e-08  7.56993244e-05  3.15525000e-08  1.07060392e+00  3.15525000e-08 -1.34586811e-06 
 3.15535000e-08  7.42580831e-05  3.15535000e-08  1.01518249e+00  3.15535000e-08  1.23077444e-06 
 3.15545000e-08  7.28052371e-05  3.15545000e-08  9.59121046e-01  3.15545000e-08  3.14122638e-06 
 3.15555000e-08  7.13903821e-05  3.15555000e-08  9.02435101e-01  3.15555000e-08  6.13831928e-06 
 3.17505000e-08  9.16113893e-01  3.17505000e-08  7.92773047e-05  3.17505000e-08  2.17167391e-06 
 3.17515000e-08  9.57781059e-01  3.17515000e-08  7.64311531e-05  3.17515000e-08  1.38370459e-06 
 3.17525000e-08  9.99045382e-01  3.17525000e-08  7.53282189e-05  3.17525000e-08  2.04993549e-06 
 3.17535000e-08  1.03988124e+00  3.17535000e-08  7.26034572e-05  3.17535000e-08  1.32300855e-06 
 3.17545000e-08  1.08028136e+00  3.17545000e-08  7.15815023e-05  3.17545000e-08  1.98956129e-06 
 3.17555000e-08  1.12020028e+00  3.17555000e-08  6.89667747e-05  3.17555000e-08  1.21991902e-06 
 3.19945000e-08  1.94991394e+00  3.19945000e-08  7.92737122e-01  3.19945000e-08 -4.47639384e-05 
 3.19955000e-08  1.94991444e+00  3.19955000e-08  8.75753653e-01  3.19955000e-08 -9.82015156e-05 
 3.19965000e-08  1.94991543e+00  3.19965000e-08  9.57143949e-01  3.19965000e-08 -1.42089127e-04 
 3.19975000e-08  1.94991592e+00  3.19975000e-08  1.03676177e+00  3.19975000e-08 -1.71587391e-04 
 3.19985000e-08  1.94991689e+00  3.19985000e-08  1.11454028e+00  3.19985000e-08 -1.91397960e-04 
 3.19995000e-08  1.94991734e+00  3.19995000e-08  1.19058839e+00  3.19995000e-08 -2.06677499e-04 
 3.21145000e-08  1.94995923e+00  3.21145000e-08  1.94994705e+00  3.21145000e-08  9.02221185e-01 
 3.21155000e-08  1.94995936e+00  3.21155000e-08  1.94995378e+00  3.21155000e-08  9.62393144e-01 
 3.21165000e-08  1.94995961e+00  3.21165000e-08  1.94995912e+00  3.21165000e-08  1.02216303e+00 
 3.21175000e-08  1.94995967e+00  3.21175000e-08  1.94996533e+00  3.21175000e-08  1.08481846e+00 
 3.21185000e-08  1.94995979e+00  3.21185000e-08  1.94996546e+00  3.21185000e-08  1.15440305e+00 
 3.21195000e-08  1.94995970e+00  3.21195000e-08  1.94996155e+00  3.21195000e-08  1.22779781e+00 
 3.22865000e-08  1.18026954e+00  3.22865000e-08  1.94999986e+00  3.22865000e-08  1.94999251e+00 
 3.22875000e-08  1.12788986e+00  3.22875000e-08  1.94999994e+00  3.22875000e-08  1.94999487e+00 
 3.22885000e-08  1.07582505e+00  3.22885000e-08  1.94999986e+00  3.22885000e-08  1.94999277e+00 
 3.22895000e-08  1.02405343e+00  3.22895000e-08  1.94999994e+00  3.22895000e-08  1.94999653e+00 
 3.22905000e-08  9.72488383e-01  3.22905000e-08  1.94999986e+00  3.22905000e-08  1.94999274e+00 
 3.22915000e-08  9.21104424e-01  3.22915000e-08  1.94999994e+00  3.22915000e-08  1.94999503e+00 
 3.26725000e-08  7.87434660e-05  3.26725000e-08  1.17966397e+00  3.26725000e-08  1.94994180e+00 
 3.26735000e-08  7.72064428e-05  3.26735000e-08  1.12555161e+00  3.26735000e-08  1.94993674e+00 
 3.26745000e-08  7.57105734e-05  3.26745000e-08  1.07078577e+00  3.26745000e-08  1.94993451e+00 
 3.26755000e-08  7.42608938e-05  3.26755000e-08  1.01536825e+00  3.26755000e-08  1.94993774e+00 
 3.26765000e-08  7.28176075e-05  3.26765000e-08  9.59310492e-01  3.26765000e-08  1.94994692e+00 
 3.26775000e-08  7.13930235e-05  3.26775000e-08  9.02627364e-01  3.26775000e-08  1.94996335e+00 
 3.28725000e-08  9.13938110e-01  3.28725000e-08  7.01789183e-05  3.28725000e-08  1.94997610e+00 
 3.28735000e-08  9.55627027e-01  3.28735000e-08  6.77748494e-05  3.28735000e-08  1.94997758e+00 
 3.28745000e-08  9.96912334e-01  3.28745000e-08  6.67144417e-05  3.28745000e-08  1.94997743e+00 
 3.28755000e-08  1.03777079e+00  3.28755000e-08  6.44119438e-05  3.28755000e-08  1.94997886e+00 
 3.28765000e-08  1.07819436e+00  3.28765000e-08  6.34226401e-05  3.28765000e-08  1.94997869e+00 
 3.28775000e-08  1.11813901e+00  3.28775000e-08  6.12173569e-05  3.28775000e-08  1.94998006e+00 
 3.31165000e-08  1.94991387e+00  3.31165000e-08  7.90374057e-01  3.31165000e-08  1.95012277e+00 
 3.31175000e-08  1.94991443e+00  3.31175000e-08  8.73477223e-01  3.31175000e-08  1.94999363e+00 
 3.31185000e-08  1.94991537e+00  3.31185000e-08  9.54813287e-01  3.31185000e-08  1.94986445e+00 
 3.31195000e-08  1.94991591e+00  3.31195000e-08  1.03419878e+00  3.31195000e-08  1.94971684e+00 
 3.31205000e-08  1.94991682e+00  3.31205000e-08  1.11154540e+00  3.31205000e-08  1.94955845e+00 
 3.31215000e-08  1.94991734e+00  3.31215000e-08  1.18698046e+00  3.31215000e-08  1.94941274e+00 
 3.32505000e-08  1.94996117e+00  3.32505000e-08  1.94998841e+00  3.32505000e-08  1.17091585e+00 
 3.32515000e-08  1.94996123e+00  3.32515000e-08  1.95002162e+00  3.32515000e-08  1.11337295e+00 
 3.32525000e-08  1.94996153e+00  3.32525000e-08  1.95005238e+00  3.32525000e-08  1.05563909e+00 
 3.32535000e-08  1.94996180e+00  3.32535000e-08  1.95007758e+00  3.32535000e-08  9.97564661e-01 
 3.32545000e-08  1.94996217e+00  3.32545000e-08  1.95009570e+00  3.32545000e-08  9.38986225e-01 
 3.32555000e-08  1.94996233e+00  3.32555000e-08  1.95010816e+00  3.32555000e-08  8.79800345e-01 
 3.34095000e-08  1.13041268e+00  3.34095000e-08  1.95000012e+00  3.34095000e-08  1.47598691e-04 
 3.34105000e-08  1.07833265e+00  3.34105000e-08  1.94999991e+00  3.34105000e-08  1.42379835e-04 
 3.34115000e-08  1.02655113e+00  3.34115000e-08  1.95000011e+00  3.34115000e-08  1.38404895e-04 
 3.34125000e-08  9.74976725e-01  3.34125000e-08  1.94999991e+00  3.34125000e-08  1.33449108e-04 
 3.34135000e-08  9.23587475e-01  3.34135000e-08  1.95000011e+00  3.34135000e-08  1.29782573e-04 
 3.34145000e-08  8.72320626e-01  3.34145000e-08  1.94999991e+00  3.34145000e-08  1.25073281e-04 
 3.37945000e-08  7.88617894e-05  3.37945000e-08  1.18362612e+00  3.37945000e-08 -3.39579146e-06 
 3.37955000e-08  7.73100516e-05  3.37955000e-08  1.12955804e+00  3.37955000e-08 -2.20414642e-06 
 3.37965000e-08  7.58236178e-05  3.37965000e-08  1.07483991e+00  3.37965000e-08 -1.54119731e-06 
 3.37975000e-08  7.43600122e-05  3.37975000e-08  1.01946628e+00  3.37975000e-08  1.12391319e-06 
 3.37985000e-08  7.29269894e-05  3.37985000e-08  9.63455275e-01  3.37985000e-08  2.89314504e-06 
 3.37995000e-08  7.14880797e-05  3.37995000e-08  9.06814734e-01  3.37995000e-08  5.97584636e-06 
 3.39945000e-08  9.12959204e-01  3.39945000e-08  7.93616659e-05  3.39945000e-08  2.05479217e-06 
 3.39955000e-08  9.54657941e-01  3.39955000e-08  7.66506924e-05  3.39955000e-08  1.48255942e-06 
 3.39965000e-08  9.95952643e-01  3.39965000e-08  7.54076955e-05  3.39965000e-08  1.94411783e-06 
 3.39975000e-08  1.03682128e+00  3.39975000e-08  7.28123598e-05  3.39975000e-08  1.41539139e-06 
 3.39985000e-08  1.07725533e+00  3.39985000e-08  7.16530814e-05  3.39985000e-08  1.87781942e-06 
 3.39995000e-08  1.11721156e+00  3.39995000e-08  6.91694847e-05  3.39995000e-08  1.33202805e-06 
 3.42385000e-08  1.94991383e+00  3.42385000e-08  7.86686705e-01  3.42385000e-08 -4.14681982e-05 
 3.42395000e-08  1.94991443e+00  3.42395000e-08  8.69810771e-01  3.42395000e-08 -9.46781633e-05 
 3.42405000e-08  1.94991534e+00  3.42405000e-08  9.51328832e-01  3.42405000e-08 -1.39327546e-04 
 3.42415000e-08  1.94991591e+00  3.42415000e-08  1.03107631e+00  3.42415000e-08 -1.69950084e-04 
 3.42425000e-08  1.94991679e+00  3.42425000e-08  1.10898683e+00  3.42425000e-08 -1.89967181e-04 
 3.42435000e-08  1.94991734e+00  3.42435000e-08  1.18515240e+00  3.42435000e-08 -2.05318846e-04 
 3.43585000e-08  1.94995919e+00  3.43585000e-08  1.94994664e+00  3.43585000e-08  8.97906552e-01 
 3.43595000e-08  1.94995936e+00  3.43595000e-08  1.94995331e+00  3.43595000e-08  9.58156594e-01 
 3.43605000e-08  1.94995959e+00  3.43605000e-08  1.94995879e+00  3.43605000e-08  1.01788786e+00 
 3.43615000e-08  1.94995968e+00  3.43615000e-08  1.94996460e+00  3.43615000e-08  1.08022691e+00 
 3.43625000e-08  1.94995977e+00  3.43625000e-08  1.94996638e+00  3.43625000e-08  1.14917258e+00 
 3.43635000e-08  1.94995971e+00  3.43635000e-08  1.94996136e+00  3.43635000e-08  1.22260782e+00 
 3.45315000e-08  1.13208066e+00  3.45315000e-08  1.94999997e+00  3.45315000e-08  1.94999303e+00 
 3.45325000e-08  1.07998921e+00  3.45325000e-08  1.94999992e+00  3.45325000e-08  1.94998967e+00 
 3.45335000e-08  1.02819945e+00  3.45335000e-08  1.94999998e+00  3.45335000e-08  1.94999558e+00 
 3.45345000e-08  9.76617334e-01  3.45345000e-08  1.94999993e+00  3.45345000e-08  1.94998976e+00 
 3.45355000e-08  9.25223094e-01  3.45355000e-08  1.94999998e+00  3.45355000e-08  1.94999355e+00 
 3.45365000e-08  8.73951060e-01  3.45365000e-08  1.94999994e+00  3.45365000e-08  1.94999033e+00 
 3.49165000e-08  7.88790774e-05  3.49165000e-08  1.18404350e+00  3.49165000e-08  1.94994230e+00 
 3.49175000e-08  7.73188942e-05  3.49175000e-08  1.12998249e+00  3.49175000e-08  1.94993708e+00 
 3.49185000e-08  7.58379490e-05  3.49185000e-08  1.07527191e+00  3.49185000e-08  1.94993450e+00 
 3.49195000e-08  7.43673311e-05  3.49195000e-08  1.01990515e+00  3.49195000e-08  1.94993728e+00 
 3.49205000e-08  7.29422965e-05  3.49205000e-08  9.63900951e-01  3.49205000e-08  1.94994590e+00 
 3.49215000e-08  7.14952571e-05  3.49215000e-08  9.07266073e-01  3.49215000e-08  1.94996177e+00 
 3.51165000e-08  9.11071865e-01  3.51165000e-08  7.02321657e-05  3.51165000e-08  1.94997609e+00 
 3.51175000e-08  9.52789523e-01  3.51175000e-08  6.80002038e-05  3.51175000e-08  1.94997748e+00 
 3.51185000e-08  9.94102368e-01  3.51185000e-08  6.67623103e-05  3.51185000e-08  1.94997742e+00 
 3.51195000e-08  1.03499061e+00  3.51195000e-08  6.46287354e-05  3.51195000e-08  1.94997876e+00 
 3.51205000e-08  1.07544483e+00  3.51205000e-08  6.34654643e-05  3.51205000e-08  1.94997868e+00 
 3.51215000e-08  1.11542330e+00  3.51215000e-08  6.14259036e-05  3.51215000e-08  1.94997997e+00 
 3.53605000e-08  1.94991377e+00  3.53605000e-08  7.84807968e-01  3.53605000e-08  1.95012933e+00 
 3.53615000e-08  1.94991443e+00  3.53615000e-08  8.68016063e-01  3.53615000e-08  1.95000367e+00 
 3.53625000e-08  1.94991527e+00  3.53625000e-08  9.49477589e-01  3.53625000e-08  1.94987639e+00 
 3.53635000e-08  1.94991591e+00  3.53635000e-08  1.02899571e+00  3.53635000e-08  1.94972940e+00 
 3.53645000e-08  1.94991673e+00  3.53645000e-08  1.10648603e+00  3.53645000e-08  1.94957057e+00 
 3.53655000e-08  1.94991734e+00  3.53655000e-08  1.18204866e+00  3.53655000e-08  1.94942361e+00 
 3.54945000e-08  1.94996115e+00  3.54945000e-08  1.94998645e+00  3.54945000e-08  1.17467645e+00 
 3.54955000e-08  1.94996123e+00  3.54955000e-08  1.95001945e+00  3.54955000e-08  1.11713689e+00 
 3.54965000e-08  1.94996149e+00  3.54965000e-08  1.95005046e+00  3.54965000e-08  1.05942325e+00 
 3.54975000e-08  1.94996179e+00  3.54975000e-08  1.95007619e+00  3.54975000e-08  1.00137359e+00 
 3.54985000e-08  1.94996214e+00  3.54985000e-08  1.95009463e+00  3.54985000e-08  9.42834578e-01 
 3.54995000e-08  1.94996234e+00  3.54995000e-08  1.95010759e+00  3.54995000e-08  8.83689034e-01 
 3.56535000e-08  1.13420947e+00  3.56535000e-08  1.95000011e+00  3.56535000e-08  1.48501131e-04 
 3.56545000e-08  1.08210518e+00  3.56545000e-08  1.94999991e+00  3.56545000e-08  1.42095843e-04 
 3.56555000e-08  1.03030672e+00  3.56555000e-08  1.95000011e+00  3.56555000e-08  1.39277324e-04 
 3.56565000e-08  9.78716749e-01  3.56565000e-08  1.94999991e+00  3.56565000e-08  1.33156937e-04 
 3.56575000e-08  9.27317804e-01  3.56575000e-08  1.95000011e+00  3.56575000e-08  1.30626387e-04 
 3.56585000e-08  8.76040747e-01  3.56585000e-08  1.94999991e+00  3.56585000e-08  1.24773872e-04 
 3.60385000e-08  7.89882116e-05  3.60385000e-08  1.18759090e+00  3.60385000e-08 -3.44789941e-06 
 3.60395000e-08  7.74160255e-05  3.60395000e-08  1.13356942e+00  3.60395000e-08 -2.23048195e-06 
 3.60405000e-08  7.59420316e-05  3.60405000e-08  1.07890134e+00  3.60405000e-08 -1.70034973e-06 
 3.60415000e-08  7.44602526e-05  3.60415000e-08  1.02357372e+00  3.60415000e-08  9.91522479e-07 
 3.60425000e-08  7.30431284e-05  3.60425000e-08  9.67611278e-01  3.60425000e-08  2.66174246e-06 
 3.60435000e-08  7.15844850e-05  3.60435000e-08  9.11014538e-01  3.60435000e-08  5.79664900e-06 
 3.62385000e-08  9.10159854e-01  3.62385000e-08  7.94460170e-05  3.62385000e-08  1.97159017e-06 
 3.62395000e-08  9.51886646e-01  3.62395000e-08  7.68541595e-05  3.62395000e-08  1.58557436e-06 
 3.62405000e-08  9.93208236e-01  3.62405000e-08  7.54851819e-05  3.62405000e-08  1.87436168e-06 
 3.62415000e-08  1.03410593e+00  3.62415000e-08  7.30075167e-05  3.62415000e-08  1.49352899e-06 
 3.62425000e-08  1.07456987e+00  3.62425000e-08  7.17249615e-05  3.62425000e-08  1.78250042e-06 
 3.62435000e-08  1.11455905e+00  3.62435000e-08  6.93561254e-05  3.62435000e-08  1.40672374e-06 
 3.64835000e-08  1.94991443e+00  3.64835000e-08  8.64220924e-01  3.64835000e-08 -9.22138709e-05 
 3.64845000e-08  1.94991523e+00  3.64845000e-08  9.45853866e-01  3.64845000e-08 -1.37516347e-04 
 3.64855000e-08  1.94991591e+00  3.64855000e-08  1.02572369e+00  3.64855000e-08 -1.67820877e-04 
 3.64865000e-08  1.94991669e+00  3.64865000e-08  1.10375914e+00  3.64865000e-08 -1.87978545e-04 
 3.64875000e-08  1.94991734e+00  3.64875000e-08  1.18004821e+00  3.64875000e-08 -2.03672258e-04 
 3.64885000e-08  1.94991810e+00  3.64885000e-08  1.25473193e+00  3.64885000e-08 -2.30935840e-04 
 3.66025000e-08  1.94995916e+00  3.66025000e-08  1.94994623e+00  3.66025000e-08  8.93763032e-01 
 3.66035000e-08  1.94995936e+00  3.66035000e-08  1.94995289e+00  3.66035000e-08  9.54090719e-01 
 3.66045000e-08  1.94995956e+00  3.66045000e-08  1.94995842e+00  3.66045000e-08  1.01379778e+00 
 3.66055000e-08  1.94995969e+00  3.66055000e-08  1.94996387e+00  3.66055000e-08  1.07587037e+00 
 3.66065000e-08  1.94995976e+00  3.66065000e-08  1.94996720e+00  3.66065000e-08  1.14421896e+00 
 3.66075000e-08  1.94995973e+00  3.66075000e-08  1.94996125e+00  3.66075000e-08  1.21766897e+00 
 3.67755000e-08  1.13530704e+00  3.67755000e-08  1.95000001e+00  3.67755000e-08  1.94999265e+00 
 3.67765000e-08  1.08319497e+00  3.67765000e-08  1.94999998e+00  3.67765000e-08  1.94998782e+00 
 3.67775000e-08  1.03139064e+00  3.67775000e-08  1.95000002e+00  3.67775000e-08  1.94999561e+00 
 3.67785000e-08  9.79795282e-01  3.67785000e-08  1.94999998e+00  3.67785000e-08  1.94998793e+00 
 3.67795000e-08  9.28392676e-01  3.67795000e-08  1.95000002e+00  3.67795000e-08  1.94999320e+00 
 3.67805000e-08  8.77111986e-01  3.67805000e-08  1.94999999e+00  3.67805000e-08  1.94998859e+00 
 3.71605000e-08  7.89829026e-05  3.71605000e-08  1.18732921e+00  3.71605000e-08  1.94994268e+00 
 3.71615000e-08  7.74055640e-05  3.71615000e-08  1.13330683e+00  3.71615000e-08  1.94993735e+00 
 3.71625000e-08  7.59352670e-05  3.71625000e-08  1.07863772e+00  3.71625000e-08  1.94993452e+00 
 3.71635000e-08  7.44493308e-05  3.71635000e-08  1.02330911e+00  3.71635000e-08  1.94993695e+00 
 3.71645000e-08  7.30377320e-05  3.71645000e-08  9.67345182e-01  3.71645000e-08  1.94994516e+00 
 3.71655000e-08  7.15738681e-05  3.71655000e-08  9.10746637e-01  3.71655000e-08  1.94996062e+00 
 3.73605000e-08  9.08409424e-01  3.73605000e-08  7.02772606e-05  3.73605000e-08  1.94997609e+00 
 3.73615000e-08  9.50153748e-01  3.73615000e-08  6.81663561e-05  3.73615000e-08  1.94997740e+00 
 3.73625000e-08  9.91492129e-01  3.73625000e-08  6.68032654e-05  3.73625000e-08  1.94997743e+00 
 3.73635000e-08  1.03240796e+00  3.73635000e-08  6.47884783e-05  3.73635000e-08  1.94997868e+00 
 3.73645000e-08  1.07289049e+00  3.73645000e-08  6.35025380e-05  3.73645000e-08  1.94997869e+00 
 3.73655000e-08  1.11290019e+00  3.73655000e-08  6.15794588e-05  3.73655000e-08  1.94997990e+00 
 3.76055000e-08  1.94991443e+00  3.76055000e-08  8.62634014e-01  3.76055000e-08  1.95001339e+00 
 3.76065000e-08  1.94991518e+00  3.76065000e-08  9.44218378e-01  3.76065000e-08  1.94988516e+00 
 3.76075000e-08  1.94991591e+00  3.76075000e-08  1.02386634e+00  3.76075000e-08  1.94973936e+00 
 3.76085000e-08  1.94991663e+00  3.76085000e-08  1.10148891e+00  3.76085000e-08  1.94958073e+00 
 3.76095000e-08  1.94991734e+00  3.76095000e-08  1.17718204e+00  3.76095000e-08  1.94943268e+00 
 3.76105000e-08  1.94991804e+00  3.76105000e-08  1.25124016e+00  3.76105000e-08  1.94927373e+00 
 3.77385000e-08  1.94996112e+00  3.77385000e-08  1.94998450e+00  3.77385000e-08  1.17837884e+00 
 3.77395000e-08  1.94996124e+00  3.77395000e-08  1.95001728e+00  3.77395000e-08  1.12084227e+00 
 3.77405000e-08  1.94996146e+00  3.77405000e-08  1.95004854e+00  3.77405000e-08  1.06314790e+00 
 3.77415000e-08  1.94996179e+00  3.77415000e-08  1.95007479e+00  3.77415000e-08  1.00512233e+00 
 3.77425000e-08  1.94996211e+00  3.77425000e-08  1.95009356e+00  3.77425000e-08  9.46621785e-01 
 3.77435000e-08  1.94996234e+00  3.77435000e-08  1.95010701e+00  3.77435000e-08  8.87516022e-01 
 3.78975000e-08  1.13678141e+00  3.78975000e-08  1.95000008e+00  3.78975000e-08  1.49360211e-04 
 3.78985000e-08  1.08466056e+00  3.78985000e-08  1.94999989e+00  3.78985000e-08  1.41802052e-04 
 3.78995000e-08  1.03285032e+00  3.78995000e-08  1.95000008e+00  3.78995000e-08  1.40476638e-04 
 3.79005000e-08  9.81249676e-01  3.79005000e-08  1.94999990e+00  3.79005000e-08  1.32909315e-04 
 3.79015000e-08  9.29843958e-01  3.79015000e-08  1.95000008e+00  3.79015000e-08  1.31767347e-04 
 3.79025000e-08  8.78559946e-01  3.79025000e-08  1.94999990e+00  3.79025000e-08  1.24479161e-04 
 3.82825000e-08  7.90661199e-05  3.82825000e-08  1.19000795e+00  3.82825000e-08 -3.49043650e-06 
 3.82835000e-08  7.74806664e-05  3.82835000e-08  1.13601495e+00  3.82835000e-08 -2.23264004e-06 
 3.82845000e-08  7.60149060e-05  3.82845000e-08  1.08137738e+00  3.82845000e-08 -1.80706200e-06 
 3.82855000e-08  7.45212711e-05  3.82855000e-08  1.02607786e+00  3.82855000e-08  9.23752113e-07 
 3.82865000e-08  7.31146120e-05  3.82865000e-08  9.70145062e-01  3.82865000e-08  2.51326594e-06 
 3.82875000e-08  7.16430079e-05  3.82875000e-08  9.13575104e-01  3.82875000e-08  5.69768711e-06 
 3.84825000e-08  9.08334768e-01  3.84825000e-08  7.95006269e-05  3.84825000e-08  1.91824137e-06 
 3.84835000e-08  9.50079810e-01  3.84835000e-08  7.69854490e-05  3.84835000e-08  1.64203703e-06 
 3.84845000e-08  9.91418886e-01  3.84845000e-08  7.55358156e-05  3.84845000e-08  1.82170099e-06 
 3.84855000e-08  1.03233546e+00  3.84855000e-08  7.31335425e-05  3.84855000e-08  1.54931089e-06 
 3.84865000e-08  1.07281877e+00  3.84865000e-08  7.17718741e-05  3.84865000e-08  1.73049675e-06 
 3.84875000e-08  1.11282933e+00  3.84875000e-08  6.94770941e-05  3.84875000e-08  1.46180331e-06 
 3.87275000e-08  1.94991443e+00  3.87275000e-08  8.60544612e-01  3.87275000e-08 -8.90282050e-05 
 3.87285000e-08  1.94991518e+00  3.87285000e-08  9.42256104e-01  3.87285000e-08 -1.34795195e-04 
 3.87295000e-08  1.94991591e+00  3.87295000e-08  1.02220534e+00  3.87295000e-08 -1.67337602e-04 
 3.87305000e-08  1.94991663e+00  3.87305000e-08  1.10032264e+00  3.87305000e-08 -1.87758106e-04 
 3.87315000e-08  1.94991734e+00  3.87315000e-08  1.17668487e+00  3.87315000e-08 -2.03438969e-04 
 3.87325000e-08  1.94991804e+00  3.87325000e-08  1.25144078e+00  3.87325000e-08 -2.30253438e-04 
 3.88465000e-08  1.94995914e+00  3.88465000e-08  1.94994590e+00  3.88465000e-08  8.91112156e-01 
 3.88475000e-08  1.94995937e+00  3.88475000e-08  1.94995262e+00  3.88475000e-08  9.51492801e-01 
 3.88485000e-08  1.94995955e+00  3.88485000e-08  1.94995812e+00  3.88485000e-08  1.01119199e+00 
 3.88495000e-08  1.94995970e+00  3.88495000e-08  1.94996340e+00  3.88495000e-08  1.07310233e+00 
 3.88505000e-08  1.94995974e+00  3.88505000e-08  1.94996767e+00  3.88505000e-08  1.14106494e+00 
 3.88515000e-08  1.94995974e+00  3.88515000e-08  1.94996121e+00  3.88515000e-08  1.21451306e+00 
 3.90195000e-08  1.13700401e+00  3.90195000e-08  1.94999999e+00  3.90195000e-08  1.94999220e+00 
 3.90205000e-08  1.08488105e+00  3.90205000e-08  1.94999996e+00  3.90205000e-08  1.94998645e+00 
 3.90215000e-08  1.03306896e+00  3.90215000e-08  1.95000000e+00  3.90215000e-08  1.94999549e+00 
 3.90225000e-08  9.81466571e-01  3.90225000e-08  1.94999997e+00  3.90225000e-08  1.94998656e+00 
 3.90235000e-08  9.30059507e-01  3.90235000e-08  1.95000001e+00  3.90235000e-08  1.94999276e+00 
 3.90245000e-08  8.78774245e-01  3.90245000e-08  1.94999997e+00  3.90245000e-08  1.94998727e+00 
 3.94045000e-08  7.90318611e-05  3.94045000e-08  1.18887548e+00  3.94045000e-08  1.94994286e+00 
 3.94055000e-08  7.74462324e-05  3.94055000e-08  1.13487130e+00  3.94055000e-08  1.94993748e+00 
 3.94065000e-08  7.59808465e-05  3.94065000e-08  1.08022172e+00  3.94065000e-08  1.94993453e+00 
 3.94075000e-08  7.44875765e-05  3.94075000e-08  1.02491109e+00  3.94075000e-08  1.94993681e+00 
 3.94085000e-08  7.30825383e-05  3.94085000e-08  9.68966133e-01  3.94085000e-08  1.94994482e+00 
 3.94095000e-08  7.16105218e-05  3.94095000e-08  9.12384729e-01  3.94095000e-08  1.94996008e+00 
 3.96045000e-08  9.07132267e-01  3.96045000e-08  7.02978181e-05  3.96045000e-08  1.94997609e+00 
 3.96055000e-08  9.48889369e-01  3.96055000e-08  6.82476103e-05  3.96055000e-08  1.94997736e+00 
 3.96065000e-08  9.90239992e-01  3.96065000e-08  6.68219036e-05  3.96065000e-08  1.94997743e+00 
 3.96075000e-08  1.03116902e+00  3.96075000e-08  6.48665632e-05  3.96075000e-08  1.94997865e+00 
 3.96085000e-08  1.07166508e+00  3.96085000e-08  6.35193715e-05  3.96085000e-08  1.94997869e+00 
 3.96095000e-08  1.11168969e+00  3.96095000e-08  6.16544901e-05  3.96095000e-08  1.94997986e+00 
 3.98495000e-08  1.94991442e+00  3.98495000e-08  8.60265090e-01  3.98495000e-08  1.95001763e+00 
 3.98505000e-08  1.94991513e+00  3.98505000e-08  9.41898840e-01  3.98505000e-08  1.94988906e+00 
 3.98515000e-08  1.94991591e+00  3.98515000e-08  1.02159944e+00  3.98515000e-08  1.94974379e+00 
 3.98525000e-08  1.94991659e+00  3.98525000e-08  1.09928082e+00  3.98525000e-08  1.94958517e+00 
 3.98535000e-08  1.94991735e+00  3.98535000e-08  1.17501193e+00  3.98535000e-08  1.94943680e+00 
 3.98545000e-08  1.94991800e+00  3.98545000e-08  1.24907057e+00  3.98545000e-08  1.94927910e+00 
 3.99825000e-08  1.94996111e+00  3.99825000e-08  1.94998361e+00  3.99825000e-08  1.18012378e+00 
 3.99835000e-08  1.94996124e+00  3.99835000e-08  1.95001629e+00  3.99835000e-08  1.12258812e+00 
 3.99845000e-08  1.94996144e+00  3.99845000e-08  1.95004764e+00  3.99845000e-08  1.06490216e+00 
 3.99855000e-08  1.94996178e+00  3.99855000e-08  1.95007413e+00  3.99855000e-08  1.00688729e+00 
 3.99865000e-08  1.94996209e+00  3.99865000e-08  1.95009304e+00  3.99865000e-08  9.48404127e-01 
 3.99875000e-08  1.94996234e+00  3.99875000e-08  1.95010672e+00  3.99875000e-08  8.89316452e-01 
 4.01415000e-08  1.13874711e+00  4.01415000e-08  1.95000009e+00  4.01415000e-08  1.50264988e-04 
 4.01425000e-08  1.08661356e+00  4.01425000e-08  1.94999991e+00  4.01425000e-08  1.41550960e-04 
 4.01435000e-08  1.03479424e+00  4.01435000e-08  1.95000009e+00  4.01435000e-08  1.40944582e-04 
 4.01445000e-08  9.83185388e-01  4.01445000e-08  1.94999989e+00  4.01445000e-08  1.32379537e-04 
 4.01455000e-08  9.31774459e-01  4.01455000e-08  1.95000005e+00  4.01455000e-08  1.32001503e-04 
 4.01465000e-08  8.80485096e-01  4.01465000e-08  1.94999988e+00  4.01465000e-08  1.24276595e-04 
 4.05275000e-08  7.75327332e-05  4.05275000e-08  1.13804382e+00  4.05275000e-08 -2.24635986e-06 
 4.05285000e-08  7.60720067e-05  4.05285000e-08  1.08343159e+00  4.05285000e-08 -1.88158019e-06 
 4.05295000e-08  7.45703828e-05  4.05295000e-08  1.02815540e+00  4.05295000e-08  8.55365017e-07 
 4.05305000e-08  7.31706645e-05  4.05305000e-08  9.72247224e-01  4.05305000e-08  2.39920630e-06 
 4.05315000e-08  7.16900954e-05  4.05315000e-08  9.15699527e-01  4.05315000e-08  5.60424034e-06 
 4.05325000e-08  7.03341850e-05  4.05325000e-08  8.58556927e-01  4.05325000e-08  7.62488979e-06 
 4.07265000e-08  9.06334524e-01  4.07265000e-08  7.95230701e-05  4.07265000e-08  1.85701546e-06 
 4.07275000e-08  9.48099602e-01  4.07275000e-08  7.71066252e-05  4.07275000e-08  1.70726813e-06 
 4.07285000e-08  9.89457869e-01  4.07285000e-08  7.55554217e-05  4.07285000e-08  1.76099933e-06 
 4.07295000e-08  1.03039513e+00  4.07295000e-08  7.32500511e-05  4.07295000e-08  1.61363650e-06 
 4.07305000e-08  1.07089963e+00  4.07305000e-08  7.17888673e-05  4.07305000e-08  1.67036196e-06 
 4.07315000e-08  1.11093353e+00  4.07315000e-08  6.95891357e-05  4.07315000e-08  1.52527353e-06 
 4.09715000e-08  1.94991443e+00  4.09715000e-08  8.56741622e-01  4.09715000e-08 -8.72389064e-05 
 4.09725000e-08  1.94991511e+00  4.09725000e-08  9.38529939e-01  4.09725000e-08 -1.33426663e-04 
 4.09735000e-08  1.94991591e+00  4.09735000e-08  1.01855697e+00  4.09735000e-08 -1.65775703e-04 
 4.09745000e-08  1.94991657e+00  4.09745000e-08  1.09675475e+00  4.09745000e-08 -1.86375602e-04 
 4.09755000e-08  1.94991735e+00  4.09755000e-08  1.17319338e+00  4.09755000e-08 -2.02293020e-04 
 4.09765000e-08  1.94991797e+00  4.09765000e-08  1.24802349e+00  4.09765000e-08 -2.28730642e-04 
 4.10905000e-08  1.94995912e+00  4.10905000e-08  1.94994553e+00  4.10905000e-08  8.88324130e-01 
 4.10915000e-08  1.94995937e+00  4.10915000e-08  1.94995234e+00  4.10915000e-08  9.48760843e-01 
 4.10925000e-08  1.94995953e+00  4.10925000e-08  1.94995778e+00  4.10925000e-08  1.00845579e+00 
 4.10935000e-08  1.94995970e+00  4.10935000e-08  1.94996290e+00  4.10935000e-08  1.07020001e+00 
 4.10945000e-08  1.94995973e+00  4.10945000e-08  1.94996814e+00  4.10945000e-08  1.13775503e+00 
 4.10955000e-08  1.94995976e+00  4.10955000e-08  1.94996118e+00  4.10955000e-08  1.21118783e+00 
 4.12635000e-08  1.13976713e+00  4.12635000e-08  1.94999996e+00  4.12635000e-08  1.94999503e+00 
 4.12645000e-08  1.08762612e+00  4.12645000e-08  1.94999990e+00  4.12645000e-08  1.94998456e+00 
 4.12655000e-08  1.03580110e+00  4.12655000e-08  1.94999996e+00  4.12655000e-08  1.94999192e+00 
 4.12665000e-08  9.84186969e-01  4.12665000e-08  1.94999991e+00  4.12665000e-08  1.94998538e+00 
 4.12675000e-08  9.32772434e-01  4.12675000e-08  1.94999996e+00  4.12675000e-08  1.94999541e+00 
 4.12685000e-08  8.81479539e-01  4.12685000e-08  1.94999991e+00  4.12685000e-08  1.94998546e+00 
 4.16495000e-08  7.75173201e-05  4.16495000e-08  1.13761656e+00  4.16495000e-08  1.94993771e+00 
 4.16505000e-08  7.60571792e-05  4.16505000e-08  1.08300126e+00  4.16505000e-08  1.94993456e+00 
 4.16515000e-08  7.45545283e-05  4.16515000e-08  1.02772219e+00  4.16515000e-08  1.94993657e+00 
 4.16525000e-08  7.31574392e-05  4.16525000e-08  9.71810562e-01  4.16525000e-08  1.94994423e+00 
 4.16535000e-08  7.16750210e-05  4.16535000e-08  9.15259302e-01  4.16535000e-08  1.94995915e+00 
 4.16545000e-08  7.03263724e-05  4.16545000e-08  8.58112289e-01  4.16545000e-08  1.94998063e+00 
 4.18485000e-08  9.04299877e-01  4.18485000e-08  7.03180659e-05  4.18485000e-08  1.94997607e+00 
 4.18495000e-08  9.46085489e-01  4.18495000e-08  6.84038863e-05  4.18495000e-08  1.94997731e+00 
 4.18505000e-08  9.87462872e-01  4.18505000e-08  6.68390442e-05  4.18505000e-08  1.94997742e+00 
 4.18515000e-08  1.02842179e+00  4.18515000e-08  6.50171119e-05  4.18515000e-08  1.94997859e+00 
 4.18525000e-08  1.06894791e+00  4.18525000e-08  6.35336125e-05  4.18525000e-08  1.94997868e+00 
 4.18535000e-08  1.10900577e+00  4.18535000e-08  6.17995030e-05  4.18535000e-08  1.94997981e+00 
 4.20000000e-08  1.94962052e+00  4.20000000e-08 -3.65558874e-05  4.20000000e-08  1.94999937e+00 
