 time            v(b_out)        time            v(u_puf_u_core_sel_ro) time            v(q)           
 0.00000000e+00  4.68653885e-09  0.00000000e+00  2.46749735e-09  0.00000000e+00  2.46749746e-09 
 2.57750000e-09  9.09169980e-01  2.57750000e-09  2.89635549e-09  2.57750000e-09  2.46765719e-09 
 2.57850000e-09  9.50767345e-01  2.57850000e-09  2.87847432e-09  2.57850000e-09  2.46769227e-09 
 2.57950000e-09  9.91976826e-01  2.57950000e-09  2.88009491e-09  2.57950000e-09  2.46772397e-09 
 2.58050000e-09  1.03280500e+00  2.58050000e-09  2.89768881e-09  2.58050000e-09  2.46774040e-09 
 2.58150000e-09  1.07326446e+00  2.58150000e-09  2.93288718e-09  2.58150000e-09  2.46774928e-09 
 2.58250000e-09  1.11335402e+00  2.58250000e-09  2.97648137e-09  2.58250000e-09  2.46773951e-09 
 2.80450000e-09  1.94985527e+00  2.80450000e-09  8.36002631e-01  2.80450000e-09 -7.45194358e-05 
 2.80550000e-09  1.94985708e+00  2.80550000e-09  9.18471249e-01  2.80550000e-09 -1.22795557e-04 
 2.80650000e-09  1.94985873e+00  2.80650000e-09  9.99078519e-01  2.80650000e-09 -1.60541932e-04 
 2.80750000e-09  1.94986046e+00  2.80750000e-09  1.07777491e+00  2.80750000e-09 -1.81275548e-04 
 2.80850000e-09  1.94986204e+00  2.80850000e-09  1.15460241e+00  2.80850000e-09 -1.97344181e-04 
 2.80950000e-09  1.94986370e+00  2.80950000e-09  1.22975183e+00  2.80950000e-09 -2.20760599e-04 
 2.92350000e-09  1.94994453e+00  2.92350000e-09  1.94993296e+00  2.92350000e-09  8.60770098e-01 
 2.92450000e-09  1.94994481e+00  2.92450000e-09  1.94994009e+00  2.92450000e-09  9.21766439e-01 
 2.92550000e-09  1.94994516e+00  2.92550000e-09  1.94994609e+00  2.92550000e-09  9.81541614e-01 
 2.92650000e-09  1.94994543e+00  2.92650000e-09  1.94995276e+00  2.92650000e-09  1.04162415e+00 
 2.92750000e-09  1.94994575e+00  2.92750000e-09  1.94995959e+00  2.92750000e-09  1.10585287e+00 
 2.92850000e-09  1.94994602e+00  2.92850000e-09  1.94995552e+00  2.92850000e-09  1.17767979e+00 
 3.11450000e-09  1.13371433e+00  3.11450000e-09  1.94999939e+00  3.11450000e-09  1.94999522e+00 
 3.11550000e-09  1.08165856e+00  3.11550000e-09  1.94999939e+00  3.11550000e-09  1.94999282e+00 
 3.11650000e-09  1.02990336e+00  3.11650000e-09  1.94999940e+00  3.11650000e-09  1.94999690e+00 
 3.11750000e-09  9.78349490e-01  3.11750000e-09  1.94999940e+00  3.11750000e-09  1.94999282e+00 
 3.11850000e-09  9.26974514e-01  3.11850000e-09  1.94999942e+00  3.11850000e-09  1.94999547e+00 
 3.11950000e-09  8.75708656e-01  3.11950000e-09  1.94999942e+00  3.11950000e-09  1.94999321e+00 
 3.52250000e-09  3.06299288e-05  3.52250000e-09  1.14944594e+00  3.52250000e-09  1.94993861e+00 
 3.52350000e-09  2.91767569e-05  3.52350000e-09  1.09496045e+00  3.52350000e-09  1.94993506e+00 
 3.52450000e-09  2.77852106e-05  3.52450000e-09  1.03979904e+00  3.52450000e-09  1.94993552e+00 
 3.52550000e-09  2.68102620e-05  3.52550000e-09  9.84012705e-01  3.52550000e-09  1.94994215e+00 
 3.52650000e-09  2.59500851e-05  3.52650000e-09  9.27572712e-01  3.52650000e-09  1.94995518e+00 
 3.52750000e-09  2.54536255e-05  3.52750000e-09  8.70540442e-01  3.52750000e-09  1.94997550e+00 
 3.69950000e-09  9.07766044e-01  3.69950000e-09  1.23160084e-04  3.69950000e-09  1.94995449e+00 
 3.70050000e-09  9.49377023e-01  3.70050000e-09  1.20554123e-04  3.70050000e-09  1.94995612e+00 
 3.70150000e-09  9.90599037e-01  3.70150000e-09  1.17014098e-04  3.70150000e-09  1.94995709e+00 
 3.70250000e-09  1.03143996e+00  3.70250000e-09  1.14554737e-04  3.70250000e-09  1.94995864e+00 
 3.70350000e-09  1.07191159e+00  3.70350000e-09  1.11175459e-04  3.70350000e-09  1.94995955e+00 
 3.70450000e-09  1.11201387e+00  3.70450000e-09  1.08855419e-04  3.70450000e-09  1.94996101e+00 
 3.92550000e-09  1.94985354e+00  3.92550000e-09  8.11984846e-01  3.92550000e-09  1.95009557e+00 
 3.92650000e-09  1.94985520e+00  3.92650000e-09  8.94975680e-01  3.92650000e-09  1.94996281e+00 
 3.92750000e-09  1.94985708e+00  3.92750000e-09  9.75988597e-01  3.92750000e-09  1.94982728e+00 
 3.92850000e-09  1.94985866e+00  3.92850000e-09  1.05490898e+00  3.92850000e-09  1.94967344e+00 
 3.92950000e-09  1.94986046e+00  3.92950000e-09  1.13173001e+00  3.92950000e-09  1.94951447e+00 
 3.93050000e-09  1.94986197e+00  3.93050000e-09  1.20666825e+00  3.93050000e-09  1.94937027e+00 
 4.05950000e-09  1.94994859e+00  4.05950000e-09  1.94999225e+00  4.05950000e-09  1.15637648e+00 
 4.06050000e-09  1.94994883e+00  4.06050000e-09  1.95002484e+00  4.06050000e-09  1.09881028e+00 
 4.06150000e-09  1.94994916e+00  4.06150000e-09  1.95005498e+00  4.06150000e-09  1.04098574e+00 
 4.06250000e-09  1.94994941e+00  4.06250000e-09  1.95007808e+00  4.06250000e-09  9.82802373e-01 
 4.06350000e-09  1.94994978e+00  4.06350000e-09  1.95009524e+00  4.06350000e-09  9.24058068e-01 
 4.06450000e-09  1.94995005e+00  4.06450000e-09  1.95010559e+00  4.06450000e-09  8.64704062e-01 
 4.23650000e-09  1.13499293e+00  4.23650000e-09  1.94999940e+00  4.23650000e-09  8.07315037e-05 
 4.23750000e-09  1.08292893e+00  4.23750000e-09  1.94999925e+00  4.23750000e-09  8.00174707e-05 
 4.23850000e-09  1.03116800e+00  4.23850000e-09  1.94999941e+00  4.23850000e-09  7.56439763e-05 
 4.23950000e-09  9.79609162e-01  4.23950000e-09  1.94999926e+00  4.23950000e-09  7.50385734e-05 
 4.24050000e-09  9.28231202e-01  4.24050000e-09  1.94999942e+00  4.24050000e-09  7.08640820e-05 
 4.24150000e-09  8.76962199e-01  4.24150000e-09  1.94999927e+00  4.24150000e-09  7.03584968e-05 
 4.64450000e-09  3.06673184e-05  4.64450000e-09  1.15121406e+00  4.64450000e-09 -2.74408432e-06 
 4.64550000e-09  2.92193097e-05  4.64550000e-09  1.09674851e+00  4.64550000e-09 -1.92970465e-06 
 4.64650000e-09  2.78142091e-05  4.64650000e-09  1.04160557e+00  4.64650000e-09  3.91489963e-09 
 4.64750000e-09  2.68388944e-05  4.64750000e-09  9.85839062e-01  4.64750000e-09  1.94656901e-06 
 4.64850000e-09  2.59686406e-05  4.64850000e-09  9.29417544e-01  4.64850000e-09  4.58969066e-06 
 4.64950000e-09  2.54701884e-05  4.64950000e-09  8.72404854e-01  4.64950000e-09  7.20362139e-06 
 4.82150000e-09  9.06749410e-01  4.82150000e-09  1.40558068e-04  4.82150000e-09  3.19831155e-06 
 4.82250000e-09  9.48370231e-01  4.82250000e-09  1.37097704e-04  4.82250000e-09  3.42088059e-06 
 4.82350000e-09  9.89601405e-01  4.82350000e-09  1.33403295e-04  4.82350000e-09  3.01450556e-06 
 4.82450000e-09  1.03045152e+00  4.82450000e-09  1.30132485e-04  4.82450000e-09  3.23817928e-06 
 4.82550000e-09  1.07093201e+00  4.82550000e-09  1.26627207e-04  4.82550000e-09  2.84185731e-06 
 4.82650000e-09  1.11104331e+00  4.82650000e-09  1.23534919e-04  4.82650000e-09  3.06631361e-06 
 5.04750000e-09  1.94985350e+00  5.04750000e-09  8.08007482e-01  5.04750000e-09 -5.72676796e-05 
 5.04850000e-09  1.94985515e+00  5.04850000e-09  8.91060442e-01  5.04850000e-09 -1.09147517e-04 
 5.04950000e-09  1.94985704e+00  5.04950000e-09  9.72308241e-01  5.04950000e-09 -1.51259588e-04 
 5.05050000e-09  1.94985861e+00  5.05050000e-09  1.05164968e+00  5.05050000e-09 -1.76798467e-04 
 5.05150000e-09  1.94986042e+00  5.05150000e-09  1.12909541e+00  5.05150000e-09 -1.95574199e-04 
 5.05250000e-09  1.94986193e+00  5.05250000e-09  1.20479701e+00  5.05250000e-09 -2.11764439e-04 
 5.16650000e-09  1.94994416e+00  5.16650000e-09  1.94993759e+00  5.16650000e-09  8.52100612e-01 
 5.16750000e-09  1.94994452e+00  5.16750000e-09  1.94994333e+00  5.16750000e-09  9.13392148e-01 
 5.16850000e-09  1.94994479e+00  5.16850000e-09  1.94994936e+00  5.16850000e-09  9.73379829e-01 
 5.16950000e-09  1.94994515e+00  5.16950000e-09  1.94995527e+00  5.16950000e-09  1.03333311e+00 
 5.17050000e-09  1.94994540e+00  5.17050000e-09  1.94996162e+00  5.17050000e-09  1.09688943e+00 
 5.17150000e-09  1.94994575e+00  5.17150000e-09  1.94995882e+00  5.17150000e-09  1.16794608e+00 
 5.35850000e-09  1.13670491e+00  5.35850000e-09  1.94999941e+00  5.35850000e-09  1.94999818e+00 
 5.35950000e-09  1.08462997e+00  5.35950000e-09  1.94999939e+00  5.35950000e-09  1.94999918e+00 
 5.36050000e-09  1.03286149e+00  5.36050000e-09  1.94999944e+00  5.36050000e-09  1.94999841e+00 
 5.36150000e-09  9.81295847e-01  5.36150000e-09  1.94999940e+00  5.36150000e-09  1.94999928e+00 
 5.36250000e-09  9.29913821e-01  5.36250000e-09  1.94999944e+00  5.36250000e-09  1.94999813e+00 
 5.36350000e-09  8.78640737e-01  5.36350000e-09  1.94999941e+00  5.36350000e-09  1.94999869e+00 
 5.76650000e-09  3.07104347e-05  5.76650000e-09  1.15295632e+00  5.76650000e-09  1.94993913e+00 
 5.76750000e-09  2.92692442e-05  5.76750000e-09  1.09851453e+00  5.76750000e-09  1.94993501e+00 
 5.76850000e-09  2.78469255e-05  5.76850000e-09  1.04339416e+00  5.76850000e-09  1.94993549e+00 
 5.76950000e-09  2.68701741e-05  5.76950000e-09  9.87650529e-01  5.76950000e-09  1.94994136e+00 
 5.77050000e-09  2.59877524e-05  5.77050000e-09  9.31249996e-01  5.77050000e-09  1.94995428e+00 
 5.77150000e-09  2.54862248e-05  5.77150000e-09  8.74257595e-01  5.77150000e-09  1.94997376e+00 
 5.94350000e-09  9.05364966e-01  5.94350000e-09  1.23239255e-04  5.94350000e-09  1.94995431e+00 
 5.94450000e-09  9.46999246e-01  5.94450000e-09  1.20877537e-04  5.94450000e-09  1.94995613e+00 
 5.94550000e-09  9.88242955e-01  5.94550000e-09  1.17085679e-04  5.94550000e-09  1.94995692e+00 
 5.94650000e-09  1.02910563e+00  5.94650000e-09  1.14865687e-04  5.94650000e-09  1.94995865e+00 
 5.94750000e-09  1.06959820e+00  5.94750000e-09  1.11239811e-04  5.94750000e-09  1.94995938e+00 
 5.94850000e-09  1.10972182e+00  5.94850000e-09  1.09154437e-04  5.94850000e-09  1.94996103e+00 
 6.16950000e-09  1.94985344e+00  6.16950000e-09  8.07426399e-01  6.16950000e-09  1.95010185e+00 
 6.17050000e-09  1.94985509e+00  6.17050000e-09  8.90517468e-01  6.17050000e-09  1.94996967e+00 
 6.17150000e-09  1.94985699e+00  6.17150000e-09  9.71642758e-01  6.17150000e-09  1.94983510e+00 
 6.17250000e-09  1.94985856e+00  6.17250000e-09  1.05067699e+00  6.17250000e-09  1.94968232e+00 
 6.17350000e-09  1.94986038e+00  6.17350000e-09  1.12760935e+00  6.17350000e-09  1.94952271e+00 
 6.17450000e-09  1.94986187e+00  6.17450000e-09  1.20264014e+00  6.17450000e-09  1.94937792e+00 
 6.30350000e-09  1.94994857e+00  6.30350000e-09  1.94999065e+00  6.30350000e-09  1.15944581e+00 
 6.30450000e-09  1.94994881e+00  6.30450000e-09  1.95002312e+00  6.30450000e-09  1.10188462e+00 
 6.30550000e-09  1.94994914e+00  6.30550000e-09  1.95005339e+00  6.30550000e-09  1.04407913e+00 
 6.30650000e-09  1.94994939e+00  6.30650000e-09  1.95007694e+00  6.30650000e-09  9.85918474e-01 
 6.30750000e-09  1.94994976e+00  6.30750000e-09  1.95009445e+00  6.30750000e-09  9.27208106e-01 
 6.30850000e-09  1.94995003e+00  6.30850000e-09  1.95010524e+00  6.30850000e-09  8.67887777e-01 
 6.48050000e-09  1.13800305e+00  6.48050000e-09  1.94999943e+00  6.48050000e-09  8.10055989e-05 
 6.48150000e-09  1.08592001e+00  6.48150000e-09  1.94999925e+00  6.48150000e-09  8.00325728e-05 
 6.48250000e-09  1.03414594e+00  6.48250000e-09  1.94999944e+00  6.48250000e-09  7.59050584e-05 
 6.48350000e-09  9.82575323e-01  6.48350000e-09  1.94999926e+00  6.48350000e-09  7.50421103e-05 
 6.48450000e-09  9.31190309e-01  6.48450000e-09  1.94999944e+00  6.48450000e-09  7.11239503e-05 
 6.48550000e-09  8.79914363e-01  6.48550000e-09  1.94999927e+00  6.48550000e-09  7.03624314e-05 
 6.88850000e-09  3.07249865e-05  6.88850000e-09  1.15454768e+00  6.88850000e-09 -2.72387277e-06 
 6.88950000e-09  2.92867965e-05  6.88950000e-09  1.10012199e+00  6.88950000e-09 -2.06609957e-06 
 6.89050000e-09  2.78609202e-05  6.89050000e-09  1.04501945e+00  6.89050000e-09 -6.86229444e-08 
 6.89150000e-09  2.68873823e-05  6.89150000e-09  9.89292031e-01  6.89150000e-09  1.76073438e-06 
 6.89250000e-09  2.60013102e-05  6.89250000e-09  9.32909249e-01  6.89250000e-09  4.47795698e-06 
 6.89350000e-09  2.55029403e-05  6.89350000e-09  8.75933116e-01  6.89350000e-09  7.00302881e-06 
 7.06550000e-09  9.05549015e-01  7.06550000e-09  1.40702160e-04  7.06550000e-09  3.10378232e-06 
 7.06650000e-09  9.47181492e-01  7.06650000e-09  1.37418579e-04  7.06650000e-09  3.52705047e-06 
 7.06750000e-09  9.88423531e-01  7.06750000e-09  1.33535466e-04  7.06750000e-09  2.91934057e-06 
 7.06850000e-09  1.02928453e+00  7.06850000e-09  1.30440274e-04  7.06850000e-09  3.34390457e-06 
 7.06950000e-09  1.06977550e+00  7.06950000e-09  1.26750495e-04  7.06950000e-09  2.74772135e-06 
 7.07050000e-09  1.10989747e+00  7.07050000e-09  1.23828644e-04  7.07050000e-09  3.17066050e-06 
 7.29150000e-09  1.94985345e+00  7.29150000e-09  8.05672433e-01  7.29150000e-09 -5.58445036e-05 
 7.29250000e-09  1.94985510e+00  7.29250000e-09  8.88772630e-01  7.29250000e-09 -1.07785403e-04 
 7.29350000e-09  1.94985699e+00  7.29350000e-09  9.70073011e-01  7.29350000e-09 -1.50294081e-04 
 7.29450000e-09  1.94985856e+00  7.29450000e-09  1.04946746e+00  7.29450000e-09 -1.76213295e-04 
 7.29550000e-09  1.94986038e+00  7.29550000e-09  1.12696494e+00  7.29550000e-09 -1.95210490e-04 
 7.29650000e-09  1.94986188e+00  7.29650000e-09  1.20271202e+00  7.29650000e-09 -2.10998685e-04 
 7.41050000e-09  1.94994415e+00  7.41050000e-09  1.94993753e+00  7.41050000e-09  8.50340322e-01 
 7.41150000e-09  1.94994452e+00  7.41150000e-09  1.94994315e+00  7.41150000e-09  9.11677918e-01 
 7.41250000e-09  1.94994478e+00  7.41250000e-09  1.94994920e+00  7.41250000e-09  9.71691986e-01 
 7.41350000e-09  1.94994514e+00  7.41350000e-09  1.94995513e+00  7.41350000e-09  1.03160745e+00 
 7.41450000e-09  1.94994539e+00  7.41450000e-09  1.94996140e+00  7.41450000e-09  1.09501369e+00 
 7.41550000e-09  1.94994574e+00  7.41550000e-09  1.94995910e+00  7.41550000e-09  1.16586033e+00 
 7.60250000e-09  1.13791243e+00  7.60250000e-09  1.94999942e+00  7.60250000e-09  1.94999869e+00 
 7.60350000e-09  1.08582994e+00  7.60350000e-09  1.94999938e+00  7.60350000e-09  1.94999899e+00 
 7.60450000e-09  1.03405614e+00  7.60450000e-09  1.94999943e+00  7.60450000e-09  1.94999872e+00 
 7.60550000e-09  9.82485791e-01  7.60550000e-09  1.94999939e+00  7.60550000e-09  1.94999901e+00 
 7.60650000e-09  9.31100878e-01  7.60650000e-09  1.94999944e+00  7.60650000e-09  1.94999876e+00 
 7.60750000e-09  8.79825059e-01  7.60750000e-09  1.94999940e+00  7.60750000e-09  1.94999903e+00 
 8.01050000e-09  3.07357490e-05  8.01050000e-09  1.15435505e+00  8.01050000e-09  1.94993927e+00 
 8.01150000e-09  2.92987803e-05  8.01150000e-09  1.09992945e+00  8.01150000e-09  1.94993507e+00 
 8.01250000e-09  2.78676988e-05  8.01250000e-09  1.04482663e+00  8.01250000e-09  1.94993542e+00 
 8.01350000e-09  2.68910082e-05  8.01350000e-09  9.89098954e-01  8.01350000e-09  1.94994112e+00 
 8.01450000e-09  2.60019376e-05  8.01450000e-09  9.32715220e-01  8.01450000e-09  1.94995387e+00 
 8.01550000e-09  2.54994910e-05  8.01550000e-09  8.75737775e-01  8.01550000e-09  1.94997317e+00 
 8.18750000e-09  9.04833908e-01  8.18750000e-09  1.23282218e-04  8.18750000e-09  1.94995430e+00 
 8.18850000e-09  9.46473339e-01  8.18850000e-09  1.20995232e-04  8.18850000e-09  1.94995607e+00 
 8.18950000e-09  9.87721851e-01  8.18950000e-09  1.17125539e-04  8.18950000e-09  1.94995691e+00 
 8.19050000e-09  1.02858934e+00  8.19050000e-09  1.14978447e-04  8.19050000e-09  1.94995860e+00 
 8.19150000e-09  1.06908654e+00  8.19150000e-09  1.11276727e-04  8.19150000e-09  1.94995937e+00 
 8.19250000e-09  1.10921486e+00  8.19250000e-09  1.09262488e-04  8.19250000e-09  1.94996098e+00 
 8.41350000e-09  1.94985342e+00  8.41350000e-09  8.06225892e-01  8.41350000e-09  1.95010350e+00 
 8.41450000e-09  1.94985506e+00  8.41450000e-09  8.89343214e-01  8.41450000e-09  1.94997144e+00 
 8.41550000e-09  1.94985697e+00  8.41550000e-09  9.70498054e-01  8.41550000e-09  1.94983718e+00 
 8.41650000e-09  1.94985853e+00  8.41650000e-09  1.04956224e+00  8.41650000e-09  1.94968464e+00 
 8.41750000e-09  1.94986036e+00  8.41750000e-09  1.12652403e+00  8.41750000e-09  1.94952501e+00 
 8.41850000e-09  1.94986185e+00  8.41850000e-09  1.20157941e+00  8.41850000e-09  1.94938024e+00 
 8.54750000e-09  1.94994857e+00  8.54750000e-09  1.94999019e+00  8.54750000e-09  1.16031299e+00 
 8.54850000e-09  1.94994881e+00  8.54850000e-09  1.95002263e+00  8.54850000e-09  1.10275304e+00 
 8.54950000e-09  1.94994914e+00  8.54950000e-09  1.95005297e+00  8.54950000e-09  1.04495274e+00 
 8.55050000e-09  1.94994939e+00  8.55050000e-09  1.95007664e+00  8.55050000e-09  9.86798282e-01 
 8.55150000e-09  1.94994976e+00  8.55150000e-09  1.95009423e+00  8.55150000e-09  9.28097347e-01 
 8.55250000e-09  1.94995002e+00  8.55250000e-09  1.95010513e+00  8.55250000e-09  8.68786519e-01 
 8.72450000e-09  1.13808328e+00  8.72450000e-09  1.94999943e+00  8.72450000e-09  8.10542531e-05 
 8.72550000e-09  1.08599972e+00  8.72550000e-09  1.94999924e+00  8.72550000e-09  8.00694872e-05 
 8.72650000e-09  1.03422529e+00  8.72650000e-09  1.94999944e+00  8.72650000e-09  7.59514615e-05 
 8.72750000e-09  9.82654358e-01  8.72750000e-09  1.94999925e+00  8.72750000e-09  7.50757447e-05 
 8.72850000e-09  9.31269147e-01  8.72850000e-09  1.94999945e+00  8.72850000e-09  7.11682818e-05 
 8.72950000e-09  8.79993012e-01  8.72950000e-09  1.94999926e+00  8.72950000e-09  7.03930023e-05 
 9.13250000e-09  3.07465240e-05  9.13250000e-09  1.15430798e+00  9.13250000e-09 -2.70757218e-06 
 9.13350000e-09  2.93101105e-05  9.13350000e-09  1.09987961e+00  9.13350000e-09 -2.07314192e-06 
 9.13450000e-09  2.78755828e-05  9.13450000e-09  1.04477409e+00  9.13450000e-09 -4.59495892e-08 
 9.13550000e-09  2.68977189e-05  9.13550000e-09  9.89044017e-01  9.13550000e-09  1.75912023e-06 
 9.13650000e-09  2.60065510e-05  9.13650000e-09  9.32658383e-01  9.13650000e-09  4.50025023e-06 
 9.13750000e-09  2.55026588e-05  9.13750000e-09  8.75679759e-01  9.13750000e-09  7.00249606e-06 
 9.30950000e-09  9.04418036e-01  9.30950000e-09  1.40680802e-04  9.30950000e-09  3.10344783e-06 
 9.31050000e-09  9.46061509e-01  9.31050000e-09  1.37389725e-04  9.31050000e-09  3.52671464e-06 
 9.31150000e-09  9.87313790e-01  9.31150000e-09  1.33517060e-04  9.31150000e-09  2.92012218e-06 
 9.31250000e-09  1.02818505e+00  9.31250000e-09  1.30410673e-04  9.31250000e-09  3.34236795e-06 
 9.31350000e-09  1.06868589e+00  9.31350000e-09  1.26731612e-04  9.31350000e-09  2.74737386e-06 
 9.31450000e-09  1.10881790e+00  9.31450000e-09  1.23800732e-04  9.31450000e-09  3.16941917e-06 
 9.53550000e-09  1.94985341e+00  9.53550000e-09  8.03347246e-01  9.53550000e-09 -5.43991612e-05 
 9.53650000e-09  1.94985505e+00  9.53650000e-09  8.86494167e-01  9.53650000e-09 -1.06457228e-04 
 9.53750000e-09  1.94985695e+00  9.53750000e-09  9.67846852e-01  9.53750000e-09 -1.49285490e-04 
 9.53850000e-09  1.94985852e+00  9.53850000e-09  1.04729398e+00  9.53850000e-09 -1.75660836e-04 
 9.53950000e-09  1.94986034e+00  9.53950000e-09  1.12484314e+00  9.53950000e-09 -1.94813587e-04 
 9.54050000e-09  1.94986183e+00  9.54050000e-09  1.20063556e+00  9.54050000e-09 -2.10274806e-04 
 9.65450000e-09  1.94994414e+00  9.65450000e-09  1.94993745e+00  9.65450000e-09  8.48593358e-01 
 9.65550000e-09  1.94994451e+00  9.65550000e-09  1.94994296e+00  9.65550000e-09  9.09977416e-01 
 9.65650000e-09  1.94994477e+00  9.65650000e-09  1.94994903e+00  9.65650000e-09  9.70018613e-01 
 9.65750000e-09  1.94994513e+00  9.65750000e-09  1.94995500e+00  9.65750000e-09  1.02990048e+00 
 9.65850000e-09  1.94994539e+00  9.65850000e-09  1.94996116e+00  9.65850000e-09  1.09316270e+00 
 9.65950000e-09  1.94994573e+00  9.65950000e-09  1.94995939e+00  9.65950000e-09  1.16379485e+00 
 9.84650000e-09  1.13953384e+00  9.84650000e-09  1.94999942e+00  9.84650000e-09  1.94999888e+00 
 9.84750000e-09  1.08744047e+00  9.84750000e-09  1.94999938e+00  9.84750000e-09  1.94999869e+00 
 9.84850000e-09  1.03565899e+00  9.84850000e-09  1.94999944e+00  9.84850000e-09  1.94999898e+00 
 9.84950000e-09  9.84081794e-01  9.84950000e-09  1.94999939e+00  9.84950000e-09  1.94999870e+00 
 9.85050000e-09  9.32692645e-01  9.85050000e-09  1.94999944e+00  9.85050000e-09  1.94999899e+00 
 9.85150000e-09  8.81412614e-01  9.85150000e-09  1.94999940e+00  9.85150000e-09  1.94999879e+00 
 1.02545000e-08  3.07915227e-05  1.02545000e-08  1.15507671e+00  1.02545000e-08  1.94993934e+00 
 1.02555000e-08  2.93602411e-05  1.02555000e-08  1.10065950e+00  1.02555000e-08  1.94993510e+00 
 1.02565000e-08  2.79076065e-05  1.02565000e-08  1.04556576e+00  1.02565000e-08  1.94993538e+00 
 1.02575000e-08  2.69232942e-05  1.02575000e-08  9.89846330e-01  1.02575000e-08  1.94994100e+00 
 1.02585000e-08  2.60204197e-05  1.02585000e-08  9.33471288e-01  1.02585000e-08  1.94995365e+00 
 1.02595000e-08  2.55074596e-05  1.02595000e-08  8.76501584e-01  1.02595000e-08  1.94997286e+00 
 1.04325000e-08  9.44124463e-01  1.04325000e-08  1.21056743e-04  1.04325000e-08  1.94995604e+00 
 1.04335000e-08  9.85394496e-01  1.04335000e-08  1.17144546e-04  1.04335000e-08  1.94995691e+00 
 1.04345000e-08  1.02628353e+00  1.04345000e-08  1.15037406e-04  1.04345000e-08  1.94995857e+00 
 1.04355000e-08  1.06680145e+00  1.04355000e-08  1.11294266e-04  1.04355000e-08  1.94995936e+00 
 1.04365000e-08  1.10695081e+00  1.04365000e-08  1.09319008e-04  1.04365000e-08  1.94996095e+00 
 1.04375000e-08  1.14672690e+00  1.04375000e-08  1.05737155e-04  1.04375000e-08  1.94996168e+00 
 1.06575000e-08  1.94985331e+00  1.06575000e-08  8.01369308e-01  1.06575000e-08  1.95011000e+00 
 1.06585000e-08  1.94985495e+00  1.06585000e-08  8.84589281e-01  1.06585000e-08  1.94997854e+00 
 1.06595000e-08  1.94985687e+00  1.06595000e-08  9.65861718e-01  1.06595000e-08  1.94984554e+00 
 1.06605000e-08  1.94985843e+00  1.06605000e-08  1.04504565e+00  1.06605000e-08  1.94969399e+00 
 1.06615000e-08  1.94986027e+00  1.06615000e-08  1.12213644e+00  1.06615000e-08  1.94953431e+00 
 1.06625000e-08  1.94986175e+00  1.06625000e-08  1.19730173e+00  1.06625000e-08  1.94938970e+00 
 1.07915000e-08  1.94994855e+00  1.07915000e-08  1.94998848e+00  1.07915000e-08  1.16364142e+00 
 1.07925000e-08  1.94994879e+00  1.07925000e-08  1.95002071e+00  1.07925000e-08  1.10608613e+00 
 1.07935000e-08  1.94994912e+00  1.07935000e-08  1.95005135e+00  1.07935000e-08  1.04830578e+00 
 1.07945000e-08  1.94994936e+00  1.07945000e-08  1.95007544e+00  1.07945000e-08  9.90175032e-01 
 1.07955000e-08  1.94994974e+00  1.07955000e-08  1.95009338e+00  1.07955000e-08  9.31510432e-01 
 1.07965000e-08  1.94995001e+00  1.07965000e-08  1.95010466e+00  1.07965000e-08  8.72236173e-01 
 1.09685000e-08  1.14167123e+00  1.09685000e-08  1.94999944e+00  1.09685000e-08  8.14303705e-05 
 1.09695000e-08  1.08956598e+00  1.09695000e-08  1.94999924e+00  1.09695000e-08  7.99535857e-05 
 1.09705000e-08  1.03777469e+00  1.09705000e-08  1.94999945e+00  1.09705000e-08  7.63115187e-05 
 1.09715000e-08  9.86190584e-01  1.09715000e-08  1.94999925e+00  1.09715000e-08  7.49568015e-05 
 1.09725000e-08  9.34796099e-01  1.09725000e-08  1.94999945e+00  1.09725000e-08  7.15213260e-05 
 1.09735000e-08  8.83512385e-01  1.09735000e-08  1.94999926e+00  1.09735000e-08  7.02722491e-05 
 1.13765000e-08  3.08391792e-05  1.13765000e-08  1.15800719e+00  1.13765000e-08 -2.70033860e-06 
 1.13775000e-08  2.94126529e-05  1.13775000e-08  1.10362174e+00  1.13775000e-08 -2.20548881e-06 
 1.13785000e-08  2.79489011e-05  1.13785000e-08  1.04856269e+00  1.13785000e-08 -1.42072953e-07 
 1.13795000e-08  2.69640154e-05  1.13795000e-08  9.92874872e-01  1.13795000e-08  1.56830665e-06 
 1.13805000e-08  2.60524430e-05  1.13805000e-08  9.36533750e-01  1.13805000e-08  4.36195909e-06 
 1.13815000e-08  2.55378564e-05  1.13815000e-08  8.79594749e-01  1.13815000e-08  6.79416491e-06 
 1.15545000e-08  9.43348961e-01  1.15545000e-08  1.37730628e-04  1.15545000e-08  3.63656993e-06 
 1.15555000e-08  9.84626059e-01  1.15555000e-08  1.33668489e-04  1.15555000e-08  2.82328825e-06 
 1.15565000e-08  1.02552216e+00  1.15565000e-08  1.30738882e-04  1.15565000e-08  3.45234827e-06 
 1.15575000e-08  1.06604688e+00  1.15575000e-08  1.26871615e-04  1.15575000e-08  2.65071617e-06 
 1.15585000e-08  1.10620315e+00  1.15585000e-08  1.24112292e-04  1.15585000e-08  3.27685902e-06 
 1.15595000e-08  1.14598632e+00  1.15595000e-08  1.20434301e-04  1.15595000e-08  2.48919197e-06 
 1.17795000e-08  1.94985328e+00  1.17795000e-08  7.97821951e-01  1.17795000e-08 -4.98808920e-05 
 1.17805000e-08  1.94985492e+00  1.17805000e-08  8.81073895e-01  1.17805000e-08 -1.02966033e-04 
 1.17815000e-08  1.94985685e+00  1.17815000e-08  9.62546697e-01  1.17815000e-08 -1.46780102e-04 
 1.17825000e-08  1.94985840e+00  1.17825000e-08  1.04211823e+00  1.17825000e-08 -1.74282500e-04 
 1.17835000e-08  1.94986024e+00  1.17835000e-08  1.11979034e+00  1.17835000e-08 -1.93907097e-04 
 1.17845000e-08  1.94986172e+00  1.17845000e-08  1.19569049e+00  1.17845000e-08 -2.08700583e-04 
 1.18995000e-08  1.94994449e+00  1.18995000e-08  1.94994254e+00  1.18995000e-08  9.05975775e-01 
 1.19005000e-08  1.94994475e+00  1.19005000e-08  1.94994862e+00  1.19005000e-08  9.66081973e-01 
 1.19015000e-08  1.94994511e+00  1.19015000e-08  1.94995468e+00  1.19015000e-08  1.02589741e+00 
 1.19025000e-08  1.94994537e+00  1.19025000e-08  1.94996055e+00  1.19025000e-08  1.08883607e+00 
 1.19035000e-08  1.94994571e+00  1.19035000e-08  1.94996012e+00  1.19035000e-08  1.15893993e+00 
 1.19045000e-08  1.94994596e+00  1.19045000e-08  1.94995647e+00  1.19045000e-08  1.23228473e+00 
 1.20905000e-08  1.14283850e+00  1.20905000e-08  1.94999942e+00  1.20905000e-08  1.94999821e+00 
 1.20915000e-08  1.09072546e+00  1.20915000e-08  1.94999938e+00  1.20915000e-08  1.94999624e+00 
 1.20925000e-08  1.03892673e+00  1.20925000e-08  1.94999944e+00  1.20925000e-08  1.94999741e+00 
 1.20935000e-08  9.87337712e-01  1.20935000e-08  1.94999939e+00  1.20935000e-08  1.94999630e+00 
 1.20945000e-08  9.35938552e-01  1.20945000e-08  1.94999944e+00  1.20945000e-08  1.94999817e+00 
 1.20955000e-08  8.84651896e-01  1.20955000e-08  1.94999940e+00  1.20955000e-08  1.94999627e+00 
 1.24985000e-08  3.08592143e-05  1.24985000e-08  1.15872444e+00  1.24985000e-08  1.94993972e+00 
 1.24995000e-08  2.94359713e-05  1.24995000e-08  1.10434923e+00  1.24995000e-08  1.94993528e+00 
 1.25005000e-08  2.79644619e-05  1.25005000e-08  1.04930118e+00  1.25005000e-08  1.94993522e+00 
 1.25015000e-08  2.69768174e-05  1.25015000e-08  9.93623175e-01  1.25015000e-08  1.94994041e+00 
 1.25025000e-08  2.60602092e-05  1.25025000e-08  9.37291947e-01  1.25025000e-08  1.94995260e+00 
 1.25035000e-08  2.55412135e-05  1.25035000e-08  8.80361118e-01  1.25035000e-08  1.94997137e+00 
 1.26765000e-08  9.42759202e-01  1.26765000e-08  1.21384927e-04  1.26765000e-08  1.94995589e+00 
 1.26775000e-08  9.84041747e-01  1.26775000e-08  1.17269284e-04  1.26775000e-08  1.94995688e+00 
 1.26785000e-08  1.02494331e+00  1.26785000e-08  1.15351710e-04  1.26785000e-08  1.94995843e+00 
 1.26795000e-08  1.06547325e+00  1.26795000e-08  1.11410291e-04  1.26795000e-08  1.94995934e+00 
 1.26805000e-08  1.10563483e+00  1.26805000e-08  1.09620065e-04  1.26805000e-08  1.94996081e+00 
 1.26815000e-08  1.14542342e+00  1.26815000e-08  1.05844922e-04  1.26815000e-08  1.94996166e+00 
 1.29015000e-08  1.94985327e+00  1.29015000e-08  7.98537414e-01  1.29015000e-08  1.95011376e+00 
 1.29025000e-08  1.94985490e+00  1.29025000e-08  8.81820810e-01  1.29025000e-08  1.94998265e+00 
 1.29035000e-08  1.94985682e+00  1.29035000e-08  9.63164389e-01  1.29035000e-08  1.94985042e+00 
 1.29045000e-08  1.94985837e+00  1.29045000e-08  1.04241973e+00  1.29045000e-08  1.94969942e+00 
 1.29055000e-08  1.94986022e+00  1.29055000e-08  1.11958106e+00  1.29055000e-08  1.94953963e+00 
 1.29065000e-08  1.94986169e+00  1.29065000e-08  1.19480537e+00  1.29065000e-08  1.94939476e+00 
 1.30355000e-08  1.94994854e+00  1.30355000e-08  1.94998751e+00  1.30355000e-08  1.16555990e+00 
 1.30365000e-08  1.94994878e+00  1.30365000e-08  1.95001959e+00  1.30365000e-08  1.10800701e+00 
 1.30375000e-08  1.94994911e+00  1.30375000e-08  1.95005043e+00  1.30375000e-08  1.05023783e+00 
 1.30385000e-08  1.94994935e+00  1.30385000e-08  1.95007473e+00  1.30385000e-08  9.92120442e-01 
 1.30395000e-08  1.94994973e+00  1.30395000e-08  1.95009289e+00  1.30395000e-08  9.33476531e-01 
 1.30405000e-08  1.94995000e+00  1.30405000e-08  1.95010437e+00  1.30405000e-08  8.74223157e-01 
 1.32125000e-08  1.14301075e+00  1.32125000e-08  1.94999944e+00  1.32125000e-08  8.17885444e-05 
 1.32135000e-08  1.09089776e+00  1.32135000e-08  1.94999924e+00  1.32135000e-08  7.98036770e-05 
 1.32145000e-08  1.03909909e+00  1.32145000e-08  1.94999945e+00  1.32145000e-08  7.66637396e-05 
 1.32155000e-08  9.87510513e-01  1.32155000e-08  1.94999925e+00  1.32155000e-08  7.48017589e-05 
 1.32165000e-08  9.36111743e-01  1.32165000e-08  1.94999945e+00  1.32165000e-08  7.18597493e-05 
 1.32175000e-08  8.84825556e-01  1.32175000e-08  1.94999926e+00  1.32175000e-08  7.01118091e-05 
 1.36205000e-08  3.08680720e-05  1.36205000e-08  1.15966904e+00  1.36205000e-08 -2.69579698e-06 
 1.36215000e-08  2.94448471e-05  1.36215000e-08  1.10530287e+00  1.36215000e-08 -2.26439253e-06 
 1.36225000e-08  2.79729532e-05  1.36225000e-08  1.05026471e+00  1.36225000e-08 -1.83972003e-07 
 1.36235000e-08  2.69865033e-05  1.36235000e-08  9.94595894e-01  1.36235000e-08  1.48232089e-06 
 1.36245000e-08  2.60693467e-05  1.36245000e-08  9.38274806e-01  1.36245000e-08  4.30017820e-06 
 1.36255000e-08  2.55521511e-05  1.36255000e-08  8.81353647e-01  1.36255000e-08  6.70022939e-06 
 1.37985000e-08  9.42687188e-01  1.37985000e-08  1.37878665e-04  1.37985000e-08  3.68348350e-06 
 1.37995000e-08  9.83970340e-01  1.37995000e-08  1.33739377e-04  1.37995000e-08  2.78272808e-06 
 1.38005000e-08  1.02487265e+00  1.38005000e-08  1.30876826e-04  1.38005000e-08  3.49721744e-06 
 1.38015000e-08  1.06540328e+00  1.38015000e-08  1.26938858e-04  1.38015000e-08  2.61067686e-06 
 1.38025000e-08  1.10556550e+00  1.38025000e-08  1.24247899e-04  1.38025000e-08  3.32362930e-06 
 1.38035000e-08  1.14535473e+00  1.38035000e-08  1.20496653e-04  1.38035000e-08  2.44931231e-06 
 1.40235000e-08  1.94985327e+00  1.40235000e-08  7.96458522e-01  1.40235000e-08 -4.91543756e-05 
 1.40245000e-08  1.94985489e+00  1.40245000e-08  8.79741178e-01  1.40245000e-08 -1.02188292e-04 
 1.40255000e-08  1.94985682e+00  1.40255000e-08  9.61246131e-01  1.40255000e-08 -1.46186988e-04 
 1.40265000e-08  1.94985837e+00  1.40265000e-08  1.04084943e+00  1.40265000e-08 -1.73934595e-04 
 1.40275000e-08  1.94986022e+00  1.40275000e-08  1.11855269e+00  1.40275000e-08 -1.93695057e-04 
 1.40285000e-08  1.94986169e+00  1.40285000e-08  1.19447995e+00  1.40285000e-08 -2.08320739e-04 
 1.41435000e-08  1.94994448e+00  1.41435000e-08  1.94994244e+00  1.41435000e-08  9.05003905e-01 
 1.41445000e-08  1.94994474e+00  1.41445000e-08  1.94994852e+00  1.41445000e-08  9.65126384e-01 
 1.41455000e-08  1.94994511e+00  1.41455000e-08  1.94995460e+00  1.41455000e-08  1.02492823e+00 
 1.41465000e-08  1.94994536e+00  1.41465000e-08  1.94996040e+00  1.41465000e-08  1.08779166e+00 
 1.41475000e-08  1.94994571e+00  1.41475000e-08  1.94996030e+00  1.41475000e-08  1.15776289e+00 
 1.41485000e-08  1.94994595e+00  1.41485000e-08  1.94995643e+00  1.41485000e-08  1.23112167e+00 
 1.43345000e-08  1.14383828e+00  1.43345000e-08  1.94999942e+00  1.43345000e-08  1.94999776e+00 
 1.43355000e-08  1.09171949e+00  1.43355000e-08  1.94999938e+00  1.43355000e-08  1.94999535e+00 
 1.43365000e-08  1.03991528e+00  1.43365000e-08  1.94999943e+00  1.43365000e-08  1.94999679e+00 
 1.43375000e-08  9.88322868e-01  1.43375000e-08  1.94999939e+00  1.43375000e-08  1.94999555e+00 
 1.43385000e-08  9.36920454e-01  1.43385000e-08  1.94999944e+00  1.43385000e-08  1.94999784e+00 
 1.43395000e-08  8.85631973e-01  1.43395000e-08  1.94999940e+00  1.43395000e-08  1.94999553e+00 
 1.47425000e-08  3.08965986e-05  1.47425000e-08  1.15935915e+00  1.47425000e-08  1.94993978e+00 
 1.47435000e-08  2.94772619e-05  1.47435000e-08  1.10499162e+00  1.47435000e-08  1.94993529e+00 
 1.47445000e-08  2.79924620e-05  1.47445000e-08  1.04995170e+00  1.47445000e-08  1.94993518e+00 
 1.47455000e-08  2.69983553e-05  1.47455000e-08  9.94281242e-01  1.47455000e-08  1.94994030e+00 
 1.47465000e-08  2.60734308e-05  1.47465000e-08  9.37957812e-01  1.47465000e-08  1.94995242e+00 
 1.47475000e-08  2.55457389e-05  1.47475000e-08  8.81034084e-01  1.47475000e-08  1.94997109e+00 
 1.49205000e-08  9.40913805e-01  1.49205000e-08  1.21418949e-04  1.49205000e-08  1.94995586e+00 
 1.49215000e-08  9.82212921e-01  1.49215000e-08  1.17266386e-04  1.49215000e-08  1.94995688e+00 
 1.49225000e-08  1.02313179e+00  1.49225000e-08  1.15384479e-04  1.49225000e-08  1.94995840e+00 
 1.49235000e-08  1.06367763e+00  1.49235000e-08  1.11407055e-04  1.49235000e-08  1.94995934e+00 
 1.49245000e-08  1.10385603e+00  1.49245000e-08  1.09651634e-04  1.49245000e-08  1.94996079e+00 
 1.49255000e-08  1.14366111e+00  1.49255000e-08  1.05841372e-04  1.49255000e-08  1.94996166e+00 
 1.51455000e-08  1.94985319e+00  1.51455000e-08  7.94831119e-01  1.51455000e-08  1.95011851e+00 
 1.51465000e-08  1.94985482e+00  1.51465000e-08  8.78190278e-01  1.51465000e-08  1.94998431e+00 
 1.51475000e-08  1.94985675e+00  1.51475000e-08  9.59621717e-01  1.51475000e-08  1.94985009e+00 
 1.51485000e-08  1.94985830e+00  1.51485000e-08  1.03896926e+00  1.51485000e-08  1.94970118e+00 
 1.51495000e-08  1.94986015e+00  1.51495000e-08  1.11622253e+00  1.51495000e-08  1.94954235e+00 
 1.51505000e-08  1.94986162e+00  1.51505000e-08  1.19152405e+00  1.51505000e-08  1.94939770e+00 
 1.52795000e-08  1.94994853e+00  1.52795000e-08  1.94998623e+00  1.52795000e-08  1.16808954e+00 
 1.52805000e-08  1.94994877e+00  1.52805000e-08  1.95001826e+00  1.52805000e-08  1.11053936e+00 
 1.52815000e-08  1.94994910e+00  1.52815000e-08  1.95004938e+00  1.52815000e-08  1.05278431e+00 
 1.52825000e-08  1.94994934e+00  1.52825000e-08  1.95007378e+00  1.52825000e-08  9.94684428e-01 
 1.52835000e-08  1.94994972e+00  1.52835000e-08  1.95009217e+00  1.52835000e-08  9.36068375e-01 
 1.52845000e-08  1.94994998e+00  1.52845000e-08  1.95010388e+00  1.52845000e-08  8.76843718e-01 
 1.54565000e-08  1.14553304e+00  1.54565000e-08  1.94999944e+00  1.54565000e-08  8.22573830e-05 
 1.54575000e-08  1.09340553e+00  1.54575000e-08  1.94999924e+00  1.54575000e-08  7.95710781e-05 
 1.54585000e-08  1.04159296e+00  1.54585000e-08  1.94999945e+00  1.54585000e-08  7.71197033e-05 
 1.54595000e-08  9.89995773e-01  1.54595000e-08  1.94999925e+00  1.54595000e-08  7.45673979e-05 
 1.54605000e-08  9.38588761e-01  1.54605000e-08  1.94999945e+00  1.54605000e-08  7.23033975e-05 
 1.54615000e-08  8.87297959e-01  1.54615000e-08  1.94999926e+00  1.54615000e-08  6.98760325e-05 
 1.58645000e-08  3.09393204e-05  1.58645000e-08  1.16218143e+00  1.58645000e-08 -2.67893385e-06 
 1.58655000e-08  2.95236686e-05  1.58655000e-08  1.10784445e+00  1.58655000e-08 -2.36029843e-06 
 1.58665000e-08  2.80308671e-05  1.58665000e-08  1.05283790e+00  1.58665000e-08 -2.37437144e-07 
 1.58675000e-08  2.70355354e-05  1.58675000e-08  9.97197858e-01  1.58675000e-08  1.34572222e-06 
 1.58685000e-08  2.61049752e-05  1.58685000e-08  9.40907110e-01  1.58685000e-08  4.21383059e-06 
 1.58695000e-08  2.55756832e-05  1.58695000e-08  8.84012998e-01  1.58695000e-08  6.54951171e-06 
 1.60425000e-08  9.40445218e-01  1.60425000e-08  1.38101588e-04  1.60425000e-08  3.75252977e-06 
 1.60435000e-08  9.81748553e-01  1.60435000e-08  1.33838152e-04  1.60435000e-08  2.72174633e-06 
 1.60445000e-08  1.02267183e+00  1.60445000e-08  1.31092374e-04  1.60445000e-08  3.56685485e-06 
 1.60455000e-08  1.06322233e+00  1.60455000e-08  1.27031538e-04  1.60455000e-08  2.55059003e-06 
 1.60465000e-08  1.10340563e+00  1.60465000e-08  1.24450960e-04  1.60465000e-08  3.39080793e-06 
 1.60475000e-08  1.14321491e+00  1.60475000e-08  1.20584066e-04  1.60475000e-08  2.38979596e-06 
 1.62675000e-08  1.94985316e+00  1.62675000e-08  7.91917528e-01  1.62675000e-08 -4.66542348e-05 
 1.62685000e-08  1.94985479e+00  1.62685000e-08  8.75289219e-01  1.62685000e-08 -9.95346531e-05 
 1.62695000e-08  1.94985673e+00  1.62695000e-08  9.56895997e-01  1.62695000e-08 -1.44165210e-04 
 1.62705000e-08  1.94985827e+00  1.62705000e-08  1.03660143e+00  1.62705000e-08 -1.72758521e-04 
 1.62715000e-08  1.94986013e+00  1.62715000e-08  1.11440685e+00  1.62715000e-08 -1.92807152e-04 
 1.62725000e-08  1.94986160e+00  1.62725000e-08  1.19042320e+00  1.62725000e-08 -2.07201139e-04 
 1.63875000e-08  1.94994447e+00  1.63875000e-08  1.94994212e+00  1.63875000e-08  9.01720362e-01 
 1.63885000e-08  1.94994473e+00  1.63885000e-08  1.94994816e+00  1.63885000e-08  9.61899495e-01 
 1.63895000e-08  1.94994509e+00  1.63895000e-08  1.94995434e+00  1.63895000e-08  1.02166211e+00 
 1.63905000e-08  1.94994534e+00  1.63905000e-08  1.94995985e+00  1.63905000e-08  1.08428064e+00 
 1.63915000e-08  1.94994569e+00  1.63915000e-08  1.94996096e+00  1.63915000e-08  1.15379329e+00 
 1.63925000e-08  1.94994594e+00  1.63925000e-08  1.94995629e+00  1.63925000e-08  1.22719293e+00 
 1.65785000e-08  1.14664900e+00  1.65785000e-08  1.94999942e+00  1.65785000e-08  1.94999814e+00 
 1.65795000e-08  1.09451394e+00  1.65795000e-08  1.94999939e+00  1.65795000e-08  1.94999455e+00 
 1.65805000e-08  1.04269412e+00  1.65805000e-08  1.94999943e+00  1.65805000e-08  1.94999694e+00 
 1.65815000e-08  9.91092001e-01  1.65815000e-08  1.94999939e+00  1.65815000e-08  1.94999472e+00 
 1.65825000e-08  9.39680313e-01  1.65825000e-08  1.94999944e+00  1.65825000e-08  1.94999812e+00 
 1.65835000e-08  8.88386613e-01  1.65835000e-08  1.94999940e+00  1.65835000e-08  1.94999469e+00 
 1.69865000e-08  3.09685039e-05  1.69865000e-08  1.16248557e+00  1.69865000e-08  1.94994011e+00 
 1.69875000e-08  2.95602939e-05  1.69875000e-08  1.10815439e+00  1.69875000e-08  1.94993545e+00 
 1.69885000e-08  2.80576271e-05  1.69885000e-08  1.05315380e+00  1.69885000e-08  1.94993506e+00 
 1.69895000e-08  2.70526004e-05  1.69895000e-08  9.97519181e-01  1.69895000e-08  1.94993982e+00 
 1.69905000e-08  2.61152017e-05  1.69905000e-08  9.41233529e-01  1.69905000e-08  1.94995154e+00 
 1.69915000e-08  2.55728827e-05  1.69915000e-08  8.84343516e-01  1.69915000e-08  1.94996981e+00 
 1.71645000e-08  9.38689585e-01  1.71645000e-08  1.21686863e-04  1.71645000e-08  1.94995573e+00 
 1.71655000e-08  9.80008445e-01  1.71655000e-08  1.17352747e-04  1.71655000e-08  1.94995686e+00 
 1.71665000e-08  1.02094841e+00  1.71665000e-08  1.15641235e-04  1.71665000e-08  1.94995828e+00 
 1.71675000e-08  1.06151320e+00  1.71675000e-08  1.11486876e-04  1.71675000e-08  1.94995932e+00 
 1.71685000e-08  1.10171223e+00  1.71685000e-08  1.09897740e-04  1.71685000e-08  1.94996067e+00 
 1.71695000e-08  1.14153715e+00  1.71695000e-08  1.05914999e-04  1.71695000e-08  1.94996165e+00 
 1.73895000e-08  1.94985310e+00  1.73895000e-08  7.90426226e-01  1.73895000e-08  1.95012400e+00 
 1.73905000e-08  1.94985472e+00  1.73905000e-08  8.73878261e-01  1.73905000e-08  1.94999249e+00 
 1.73915000e-08  1.94985664e+00  1.73915000e-08  9.55417144e-01  1.73915000e-08  1.94986112e+00 
 1.73925000e-08  1.94985820e+00  1.73925000e-08  1.03487355e+00  1.73925000e-08  1.94971241e+00 
 1.73935000e-08  1.94986006e+00  1.73935000e-08  1.11223618e+00  1.73935000e-08  1.94955299e+00 
 1.73945000e-08  1.94986154e+00  1.73945000e-08  1.18763032e+00  1.73945000e-08  1.94940724e+00 
 1.75235000e-08  1.94994851e+00  1.75235000e-08  1.94998469e+00  1.75235000e-08  1.17111720e+00 
 1.75245000e-08  1.94994875e+00  1.75245000e-08  1.95001648e+00  1.75245000e-08  1.11357014e+00 
 1.75255000e-08  1.94994908e+00  1.75255000e-08  1.95004790e+00  1.75255000e-08  1.05583189e+00 
 1.75265000e-08  1.94994933e+00  1.75265000e-08  1.95007263e+00  1.75265000e-08  9.97752440e-01 
 1.75275000e-08  1.94994970e+00  1.75275000e-08  1.95009137e+00  1.75275000e-08  9.39168471e-01 
 1.75285000e-08  1.94994997e+00  1.75285000e-08  1.95010338e+00  1.75285000e-08  8.79976496e-01 
 1.77005000e-08  1.14840412e+00  1.77005000e-08  1.94999944e+00  1.77005000e-08  8.27709016e-05 
 1.77015000e-08  1.09625998e+00  1.77015000e-08  1.94999924e+00  1.77015000e-08  7.93367560e-05 
 1.77025000e-08  1.04443142e+00  1.77025000e-08  1.94999945e+00  1.77025000e-08  7.76182578e-05 
 1.77035000e-08  9.92824281e-01  1.77035000e-08  1.94999925e+00  1.77035000e-08  7.42459419e-05 
 1.77045000e-08  9.41407778e-01  1.77045000e-08  1.94999945e+00  1.77045000e-08  7.26822638e-05 
 1.77055000e-08  8.90111633e-01  1.77055000e-08  1.94999926e+00  1.77055000e-08  6.96870327e-05 
 1.81085000e-08  3.10105029e-05  1.81085000e-08  1.16543816e+00  1.81085000e-08 -2.67740931e-06 
 1.81095000e-08  2.96074097e-05  1.81095000e-08  1.11113906e+00  1.81095000e-08 -2.45948592e-06 
 1.81105000e-08  2.80977717e-05  1.81105000e-08  1.05617350e+00  1.81105000e-08 -3.27041801e-07 
 1.81115000e-08  2.70922243e-05  1.81115000e-08  1.00057080e+00  1.81115000e-08  1.18912723e-06 
 1.81125000e-08  2.61490915e-05  1.81125000e-08  9.44319458e-01  1.81125000e-08  4.08408983e-06 
 1.81135000e-08  2.56051850e-05  1.81135000e-08  8.87460495e-01  1.81135000e-08  6.36852856e-06 
 1.82865000e-08  9.38201894e-01  1.82865000e-08  1.38432956e-04  1.82865000e-08  3.85146243e-06 
 1.82875000e-08  9.79525157e-01  1.82875000e-08  1.33936714e-04  1.82875000e-08  2.63438279e-06 
 1.82885000e-08  1.02046978e+00  1.82885000e-08  1.31409024e-04  1.82885000e-08  3.66455653e-06 
 1.82895000e-08  1.06103883e+00  1.82895000e-08  1.27122310e-04  1.82895000e-08  2.46384718e-06 
 1.82905000e-08  1.10124296e+00  1.82905000e-08  1.24756172e-04  1.82905000e-08  3.48871763e-06 
 1.82915000e-08  1.14107290e+00  1.82915000e-08  1.20664715e-04  1.82915000e-08  2.30241899e-06 
 1.85115000e-08  1.94985308e+00  1.85115000e-08  7.87467657e-01  1.85115000e-08 -4.42447133e-05 
 1.85125000e-08  1.94985470e+00  1.85125000e-08  8.70928958e-01  1.85125000e-08 -9.69456355e-05 
 1.85135000e-08  1.94985664e+00  1.85135000e-08  9.52636710e-01  1.85135000e-08 -1.42177372e-04 
 1.85145000e-08  1.94985819e+00  1.85145000e-08  1.03244223e+00  1.85145000e-08 -1.71537460e-04 
 1.85155000e-08  1.94986004e+00  1.85155000e-08  1.11034734e+00  1.85155000e-08 -1.91784426e-04 
 1.85165000e-08  1.94986152e+00  1.85165000e-08  1.18645188e+00  1.85165000e-08 -2.06197424e-04 
 1.86315000e-08  1.94994445e+00  1.86315000e-08  1.94994179e+00  1.86315000e-08  8.98513986e-01 
 1.86325000e-08  1.94994471e+00  1.86325000e-08  1.94994784e+00  1.86325000e-08  9.58750760e-01 
 1.86335000e-08  1.94994507e+00  1.86335000e-08  1.94995406e+00  1.86335000e-08  1.01848420e+00 
 1.86345000e-08  1.94994533e+00  1.86345000e-08  1.94995932e+00  1.86345000e-08  1.08087638e+00 
 1.86355000e-08  1.94994568e+00  1.86355000e-08  1.94996158e+00  1.86355000e-08  1.14992867e+00 
 1.86365000e-08  1.94994592e+00  1.86365000e-08  1.94995619e+00  1.86365000e-08  1.22335749e+00 
 1.88225000e-08  1.14899590e+00  1.88225000e-08  1.94999941e+00  1.88225000e-08  1.94999533e+00 
 1.88235000e-08  1.09684722e+00  1.88235000e-08  1.94999939e+00  1.88235000e-08  1.94999240e+00 
 1.88245000e-08  1.04501429e+00  1.88245000e-08  1.94999943e+00  1.88245000e-08  1.94999719e+00 
 1.88255000e-08  9.93404006e-01  1.88255000e-08  1.94999940e+00  1.88255000e-08  1.94999252e+00 
 1.88265000e-08  9.41984537e-01  1.88265000e-08  1.94999943e+00  1.88265000e-08  1.94999578e+00 
 1.88275000e-08  8.90686470e-01  1.88275000e-08  1.94999941e+00  1.88275000e-08  1.94999292e+00 
 1.92305000e-08  3.10239677e-05  1.92305000e-08  1.16490744e+00  1.92305000e-08  1.94994036e+00 
 1.92315000e-08  2.96263747e-05  1.92315000e-08  1.11060444e+00  1.92315000e-08  1.94993558e+00 
 1.92325000e-08  2.81144305e-05  1.92325000e-08  1.05563433e+00  1.92325000e-08  1.94993498e+00 
 1.92335000e-08  2.70949712e-05  1.92335000e-08  1.00002751e+00  1.92335000e-08  1.94993946e+00 
 1.92345000e-08  2.61475774e-05  1.92345000e-08  9.43771160e-01  1.92345000e-08  1.94995088e+00 
 1.92355000e-08  2.55929512e-05  1.92355000e-08  8.86907332e-01  1.92355000e-08  1.94996884e+00 
 1.94085000e-08  9.36799493e-01  1.94085000e-08  1.21874770e-04  1.94085000e-08  1.94995563e+00 
 1.94095000e-08  9.78135442e-01  1.94095000e-08  1.17439729e-04  1.94095000e-08  1.94995684e+00 
 1.94105000e-08  1.01909312e+00  1.94105000e-08  1.15820920e-04  1.94105000e-08  1.94995818e+00 
 1.94115000e-08  1.05967424e+00  1.94115000e-08  1.11568348e-04  1.94115000e-08  1.94995931e+00 
 1.94125000e-08  1.09989038e+00  1.94125000e-08  1.10069583e-04  1.94125000e-08  1.94996058e+00 
 1.94135000e-08  1.13973210e+00  1.94135000e-08  1.05991240e-04  1.94135000e-08  1.94996164e+00 
 1.96335000e-08  1.94985302e+00  1.96335000e-08  7.86711573e-01  1.96335000e-08  1.95012849e+00 
 1.96345000e-08  1.94985465e+00  1.96345000e-08  8.70242911e-01  1.96345000e-08  1.94999928e+00 
 1.96355000e-08  1.94985658e+00  1.96355000e-08  9.51870385e-01  1.96355000e-08  1.94987035e+00 
 1.96365000e-08  1.94985813e+00  1.96365000e-08  1.03142003e+00  1.96365000e-08  1.94972181e+00 
 1.96375000e-08  1.94985999e+00  1.96375000e-08  1.10887351e+00  1.96375000e-08  1.94956192e+00 
 1.96385000e-08  1.94986147e+00  1.96385000e-08  1.18434799e+00  1.96385000e-08  1.94941522e+00 
 1.97675000e-08  1.94994850e+00  1.97675000e-08  1.94998331e+00  1.97675000e-08  1.17365217e+00 
 1.97685000e-08  1.94994874e+00  1.97685000e-08  1.95001509e+00  1.97685000e-08  1.11610743e+00 
 1.97695000e-08  1.94994907e+00  1.97695000e-08  1.95004654e+00  1.97695000e-08  1.05838291e+00 
 1.97705000e-08  1.94994931e+00  1.97705000e-08  1.95007176e+00  1.97705000e-08  1.00032025e+00 
 1.97715000e-08  1.94994969e+00  1.97715000e-08  1.95009059e+00  1.97715000e-08  9.41762930e-01 
 1.97725000e-08  1.94994996e+00  1.97725000e-08  1.95010306e+00  1.97725000e-08  8.82598178e-01 
 1.99445000e-08  1.15070401e+00  1.99445000e-08  1.94999944e+00  1.99445000e-08  8.33241585e-05 
 1.99455000e-08  1.09854640e+00  1.99455000e-08  1.94999923e+00  1.99455000e-08  7.92216447e-05 
 1.99465000e-08  1.04670483e+00  1.99465000e-08  1.94999945e+00  1.99465000e-08  7.81463215e-05 
 1.99475000e-08  9.95089536e-01  1.99475000e-08  1.94999924e+00  1.99475000e-08  7.41895303e-05 
 1.99485000e-08  9.43665292e-01  1.99485000e-08  1.94999946e+00  1.99485000e-08  7.32782603e-05 
 1.99495000e-08  8.92364918e-01  1.99495000e-08  1.94999925e+00  1.99495000e-08  6.93746811e-05 
 2.03525000e-08  3.10653138e-05  2.03525000e-08  1.16772958e+00  2.03525000e-08 -2.67626590e-06 
 2.03535000e-08  2.96729541e-05  2.03535000e-08  1.11345717e+00  2.03535000e-08 -2.52710676e-06 
 2.03545000e-08  2.81558721e-05  2.03545000e-08  1.05852046e+00  2.03545000e-08 -3.89932664e-07 
 2.03555000e-08  2.71339909e-05  2.03555000e-08  1.00294408e+00  2.03555000e-08  1.07995950e-06 
 2.03565000e-08  2.61809703e-05  2.03565000e-08  9.46720504e-01  2.03565000e-08  3.99182901e-06 
 2.03575000e-08  2.56252461e-05  2.03575000e-08  8.89886350e-01  2.03575000e-08  6.23530035e-06 
 2.05305000e-08  9.36331634e-01  2.05305000e-08  1.38632314e-04  2.05305000e-08  3.91349000e-06 
 2.05315000e-08  9.77671810e-01  2.05315000e-08  1.34039842e-04  2.05315000e-08  2.57992721e-06 
 2.05325000e-08  1.01863395e+00  2.05325000e-08  1.31599410e-04  2.05325000e-08  3.72606841e-06 
 2.05335000e-08  1.05921917e+00  2.05335000e-08  1.27218448e-04  2.05335000e-08  2.40947952e-06 
 2.05345000e-08  1.09944022e+00  2.05345000e-08  1.24938127e-04  2.05345000e-08  3.54974275e-06 
 2.05355000e-08  1.13928678e+00  2.05355000e-08  1.20754218e-04  2.05355000e-08  2.24812792e-06 
 2.07555000e-08  1.94985298e+00  2.07555000e-08  7.83776831e-01  2.07555000e-08 -4.22740877e-05 
 2.07565000e-08  1.94985462e+00  2.07565000e-08  8.67310669e-01  2.07565000e-08 -9.47584384e-05 
 2.07575000e-08  1.94985656e+00  2.07575000e-08  9.49098884e-01  2.07575000e-08 -1.40457936e-04 
 2.07585000e-08  1.94985811e+00  2.07585000e-08  1.02898863e+00  2.07585000e-08 -1.70558480e-04 
 2.07595000e-08  1.94985997e+00  2.07595000e-08  1.10697582e+00  2.07595000e-08 -1.90948779e-04 
 2.07605000e-08  1.94986145e+00  2.07605000e-08  1.18315489e+00  2.07605000e-08 -2.05404383e-04 
 2.08755000e-08  1.94994443e+00  2.08755000e-08  1.94994144e+00  2.08755000e-08  8.95860393e-01 
 2.08765000e-08  1.94994470e+00  2.08765000e-08  1.94994765e+00  2.08765000e-08  9.56146815e-01 
 2.08775000e-08  1.94994506e+00  2.08775000e-08  1.94995374e+00  2.08775000e-08  1.01586266e+00 
 2.08785000e-08  1.94994532e+00  2.08785000e-08  1.94995896e+00  2.08785000e-08  1.07806802e+00 
 2.08795000e-08  1.94994566e+00  2.08795000e-08  1.94996206e+00  2.08795000e-08  1.14671958e+00 
 2.08805000e-08  1.94994591e+00  2.08805000e-08  1.94995617e+00  2.08805000e-08  1.22016433e+00 
 2.10665000e-08  1.15122463e+00  2.10665000e-08  1.94999941e+00  2.10665000e-08  1.94999503e+00 
 2.10675000e-08  1.09906294e+00  2.10675000e-08  1.94999939e+00  2.10675000e-08  1.94999134e+00 
 2.10685000e-08  1.04721743e+00  2.10685000e-08  1.94999943e+00  2.10685000e-08  1.94999713e+00 
 2.10695000e-08  9.95599272e-01  2.10695000e-08  1.94999940e+00  2.10695000e-08  1.94999152e+00 
 2.10705000e-08  9.44172326e-01  2.10705000e-08  1.94999943e+00  2.10705000e-08  1.94999554e+00 
 2.10715000e-08  8.92870058e-01  2.10715000e-08  1.94999941e+00  2.10715000e-08  1.94999198e+00 
 2.14405000e-08  6.27628893e-05  2.14405000e-08  2.00712540e+00  2.14405000e-08  1.94999900e+00 
 2.14745000e-08  3.10765316e-05  2.14745000e-08  1.16706186e+00  2.14745000e-08  1.94994059e+00 
 2.14755000e-08  2.96888370e-05  2.14755000e-08  1.11278394e+00  2.14755000e-08  1.94993571e+00 
 2.14765000e-08  2.81712488e-05  2.14765000e-08  1.05784096e+00  2.14765000e-08  1.94993491e+00 
 2.14775000e-08  2.71359375e-05  2.14775000e-08  1.00225890e+00  2.14775000e-08  1.94993915e+00 
 2.14785000e-08  2.61795393e-05  2.14785000e-08  9.46028672e-01  2.14785000e-08  1.94995029e+00 
 2.14795000e-08  2.56144668e-05  2.14795000e-08  8.89188189e-01  2.14795000e-08  1.94996798e+00 
 2.16525000e-08  9.34913261e-01  2.16525000e-08  1.22029694e-04  2.16525000e-08  1.94995555e+00 
 2.16535000e-08  9.76266479e-01  2.16535000e-08  1.17529786e-04  2.16535000e-08  1.94995682e+00 
 2.16545000e-08  1.01724164e+00  2.16545000e-08  1.15968783e-04  2.16545000e-08  1.94995810e+00 
 2.16555000e-08  1.05783925e+00  2.16555000e-08  1.11653230e-04  2.16555000e-08  1.94995929e+00 
 2.16565000e-08  1.09807225e+00  2.16565000e-08  1.10210717e-04  2.16565000e-08  1.94996050e+00 
 2.16575000e-08  1.13793089e+00  2.16575000e-08  1.06071202e-04  2.16575000e-08  1.94996162e+00 
 2.18775000e-08  1.94985292e+00  2.18775000e-08  7.82829999e-01  2.18775000e-08  1.95013302e+00 
 2.18785000e-08  1.94985455e+00  2.18785000e-08  8.66442726e-01  2.18785000e-08  1.95000619e+00 
 2.18795000e-08  1.94985650e+00  2.18795000e-08  9.48162961e-01  2.18795000e-08  1.94987680e+00 
 2.18805000e-08  1.94985805e+00  2.18805000e-08  1.02781016e+00  2.18805000e-08  1.94972904e+00 
 2.18815000e-08  1.94985991e+00  2.18815000e-08  1.10535900e+00  2.18815000e-08  1.94956923e+00 
 2.18825000e-08  1.94986139e+00  2.18825000e-08  1.18091814e+00  2.18825000e-08  1.94942183e+00 
 2.20115000e-08  1.94994848e+00  2.20115000e-08  1.94998187e+00  2.20115000e-08  1.17629989e+00 
 2.20125000e-08  1.94994873e+00  2.20125000e-08  1.95001364e+00  2.20125000e-08  1.11875717e+00 
 2.20135000e-08  1.94994906e+00  2.20135000e-08  1.95004511e+00  2.20135000e-08  1.06104647e+00 
 2.20145000e-08  1.94994930e+00  2.20145000e-08  1.95007085e+00  2.20145000e-08  1.00300093e+00 
 2.20155000e-08  1.94994967e+00  2.20155000e-08  1.95008976e+00  2.20155000e-08  9.44471011e-01 
 2.20165000e-08  1.94994994e+00  2.20165000e-08  1.95010272e+00  2.20165000e-08  8.85334402e-01 
 2.21885000e-08  1.15285280e+00  2.21885000e-08  1.94999945e+00  2.21885000e-08  8.39099041e-05 
 2.21895000e-08  1.10068239e+00  2.21895000e-08  1.94999923e+00  2.21895000e-08  7.90086905e-05 
 2.21905000e-08  1.04882843e+00  2.21905000e-08  1.94999945e+00  2.21905000e-08  7.86995895e-05 
 2.21915000e-08  9.97205330e-01  2.21915000e-08  1.94999924e+00  2.21915000e-08  7.38364446e-05 
 2.21925000e-08  9.45773686e-01  2.21925000e-08  1.94999946e+00  2.21925000e-08  7.36584064e-05 
 2.21935000e-08  8.94468976e-01  2.21935000e-08  1.94999925e+00  2.21935000e-08  6.93119861e-05 
 2.25965000e-08  3.11121159e-05  2.25965000e-08  1.17010738e+00  2.25965000e-08 -2.68261953e-06 
 2.25975000e-08  2.97280355e-05  2.25975000e-08  1.11586251e+00  2.25975000e-08 -2.59457617e-06 
 2.25985000e-08  2.82060057e-05  2.25985000e-08  1.06095568e+00  2.25985000e-08 -4.62224833e-07 
 2.25995000e-08  2.71719779e-05  2.25995000e-08  1.00540651e+00  2.25995000e-08  9.68520842e-07 
 2.26005000e-08  2.62112556e-05  2.26005000e-08  9.49211722e-01  2.26005000e-08  3.88928974e-06 
 2.26015000e-08  2.56475667e-05  2.26015000e-08  8.92403216e-01  2.26015000e-08  6.09754576e-06 
 2.27745000e-08  9.35038785e-01  2.27745000e-08  1.38853275e-04  2.27745000e-08  3.96766019e-06 
 2.27755000e-08  9.76390781e-01  2.27755000e-08  1.34154972e-04  2.27755000e-08  2.53433464e-06 
 2.27765000e-08  1.01736483e+00  2.27765000e-08  1.31811112e-04  2.27765000e-08  3.78023915e-06 
 2.27775000e-08  1.05796138e+00  2.27775000e-08  1.27323214e-04  2.27775000e-08  2.36248697e-06 
 2.27785000e-08  1.09819395e+00  2.27785000e-08  1.25138750e-04  2.27785000e-08  3.60225464e-06 
 2.27795000e-08  1.13805213e+00  2.27795000e-08  1.20852442e-04  2.27795000e-08  2.20159869e-06 
 2.29995000e-08  1.94985293e+00  2.29995000e-08  7.81101614e-01  2.29995000e-08 -4.08626158e-05 
 2.30005000e-08  1.94985456e+00  2.30005000e-08  8.64685144e-01  2.30005000e-08 -9.41602609e-05 
 2.30015000e-08  1.94985651e+00  2.30015000e-08  9.46529396e-01  2.30015000e-08 -1.40148294e-04 
 2.30025000e-08  1.94985805e+00  2.30025000e-08  1.02648053e+00  2.30025000e-08 -1.69233709e-04 
 2.30035000e-08  1.94985992e+00  2.30035000e-08  1.10452757e+00  2.30035000e-08 -1.89642016e-04 
 2.30045000e-08  1.94986139e+00  2.30045000e-08  1.18076093e+00  2.30045000e-08 -2.04218765e-04 
 2.31195000e-08  1.94994442e+00  2.31195000e-08  1.94994117e+00  2.31195000e-08  8.93920104e-01 
 2.31205000e-08  1.94994469e+00  2.31205000e-08  1.94994753e+00  2.31205000e-08  9.54243823e-01 
 2.31215000e-08  1.94994505e+00  2.31215000e-08  1.94995350e+00  2.31215000e-08  1.01395017e+00 
 2.31225000e-08  1.94994531e+00  2.31225000e-08  1.94995868e+00  2.31225000e-08  1.07603270e+00 
 2.31235000e-08  1.94994565e+00  2.31235000e-08  1.94996237e+00  2.31235000e-08  1.14440362e+00 
 2.31245000e-08  1.94994590e+00  2.31245000e-08  1.94995619e+00  2.31245000e-08  1.21785343e+00 
 2.33105000e-08  1.15184472e+00  2.33105000e-08  1.94999942e+00  2.33105000e-08  1.94999731e+00 
 2.33115000e-08  1.09967941e+00  2.33115000e-08  1.94999938e+00  2.33115000e-08  1.94999077e+00 
 2.33125000e-08  1.04783039e+00  2.33125000e-08  1.94999943e+00  2.33125000e-08  1.94999542e+00 
 2.33135000e-08  9.96210039e-01  2.33135000e-08  1.94999939e+00  2.33135000e-08  1.94998917e+00 
 2.33145000e-08  9.44781013e-01  2.33145000e-08  1.94999944e+00  2.33145000e-08  1.94999375e+00 
 2.33155000e-08  8.93477575e-01  2.33155000e-08  1.94999940e+00  2.33155000e-08  1.94998997e+00 
 2.37185000e-08  3.10928428e-05  2.37185000e-08  1.16803071e+00  2.37185000e-08  1.94994070e+00 
 2.37195000e-08  2.97084004e-05  2.37195000e-08  1.11376407e+00  2.37195000e-08  1.94993577e+00 
 2.37205000e-08  2.81884058e-05  2.37205000e-08  1.05883329e+00  2.37205000e-08  1.94993488e+00 
 2.37215000e-08  2.71504443e-05  2.37215000e-08  1.00326238e+00  2.37215000e-08  1.94993902e+00 
 2.37225000e-08  2.61909013e-05  2.37225000e-08  9.47043907e-01  2.37225000e-08  1.94995004e+00 
 2.37235000e-08  2.56243271e-05  2.37235000e-08  8.90213939e-01  2.37235000e-08  1.94996760e+00 
 2.38965000e-08  9.34532405e-01  2.38965000e-08  1.22089737e-04  2.38965000e-08  1.94995550e+00 
 2.38975000e-08  9.75889162e-01  2.38975000e-08  1.17580796e-04  2.38975000e-08  1.94995682e+00 
 2.38985000e-08  1.01686781e+00  2.38985000e-08  1.16025850e-04  2.38985000e-08  1.94995806e+00 
 2.38995000e-08  1.05746880e+00  2.38995000e-08  1.11701668e-04  2.38995000e-08  1.94995929e+00 
 2.39005000e-08  1.09770516e+00  2.39005000e-08  1.10264953e-04  2.39005000e-08  1.94996046e+00 
 2.39015000e-08  1.13756726e+00  2.39015000e-08  1.06117192e-04  2.39015000e-08  1.94996162e+00 
 2.41215000e-08  1.94985291e+00  2.41215000e-08  7.82315329e-01  2.41215000e-08  1.95013363e+00 
 2.41225000e-08  1.94985453e+00  2.41225000e-08  8.65938876e-01  2.41225000e-08  1.95000713e+00 
 2.41235000e-08  1.94985648e+00  2.41235000e-08  9.47671320e-01  2.41235000e-08  1.94987765e+00 
 2.41245000e-08  1.94985803e+00  2.41245000e-08  1.02733139e+00  2.41245000e-08  1.94972999e+00 
 2.41255000e-08  1.94985989e+00  2.41255000e-08  1.10489287e+00  2.41255000e-08  1.94957020e+00 
 2.41265000e-08  1.94986137e+00  2.41265000e-08  1.18046328e+00  2.41265000e-08  1.94942270e+00 
 2.42555000e-08  1.94994848e+00  2.42555000e-08  1.94998167e+00  2.42555000e-08  1.17665631e+00 
 2.42565000e-08  1.94994873e+00  2.42565000e-08  1.95001344e+00  2.42565000e-08  1.11911387e+00 
 2.42575000e-08  1.94994906e+00  2.42575000e-08  1.95004491e+00  2.42575000e-08  1.06140501e+00 
 2.42585000e-08  1.94994930e+00  2.42585000e-08  1.95007073e+00  2.42585000e-08  1.00336177e+00 
 2.42595000e-08  1.94994967e+00  2.42595000e-08  1.95008965e+00  2.42595000e-08  9.44835539e-01 
 2.42605000e-08  1.94994994e+00  2.42605000e-08  1.95010268e+00  2.42605000e-08  8.85702738e-01 
 2.44325000e-08  1.15341217e+00  2.44325000e-08  1.94999945e+00  2.44325000e-08  8.39677454e-05 
 2.44335000e-08  1.10123857e+00  2.44335000e-08  1.94999923e+00  2.44335000e-08  7.89572908e-05 
 2.44345000e-08  1.04938151e+00  2.44345000e-08  1.94999945e+00  2.44345000e-08  7.87592275e-05 
 2.44355000e-08  9.97756461e-01  2.44355000e-08  1.94999924e+00  2.44355000e-08  7.37900119e-05 
 2.44365000e-08  9.46322990e-01  2.44365000e-08  1.94999946e+00  2.44365000e-08  7.37203147e-05 
 2.44375000e-08  8.95017268e-01  2.44375000e-08  1.94999925e+00  2.44375000e-08  6.92655840e-05 
 2.48405000e-08  3.11293088e-05  2.48405000e-08  1.17062504e+00  2.48405000e-08 -2.67704722e-06 
 2.48415000e-08  2.97489325e-05  2.48415000e-08  1.11638638e+00  2.48415000e-08 -2.60643439e-06 
 2.48425000e-08  2.82252629e-05  2.48425000e-08  1.06148615e+00  2.48425000e-08 -4.71541078e-07 
 2.48435000e-08  2.71840229e-05  2.48435000e-08  1.00594308e+00  2.48435000e-08  9.46398926e-07 
 2.48445000e-08  2.62201385e-05  2.48445000e-08  9.49754642e-01  2.48445000e-08  3.87217496e-06 
 2.48455000e-08  2.56515422e-05  2.48455000e-08  8.92951914e-01  2.48455000e-08  6.06844615e-06 
 2.50185000e-08  9.34111354e-01  2.50185000e-08  1.38889451e-04  2.50185000e-08  3.97920795e-06 
 2.50195000e-08  9.75472009e-01  2.50195000e-08  1.34165642e-04  2.50195000e-08  2.52413057e-06 
 2.50205000e-08  1.01645459e+00  2.50205000e-08  1.31845123e-04  2.50205000e-08  3.79126220e-06 
 2.50215000e-08  1.05705936e+00  2.50215000e-08  1.27335411e-04  2.50215000e-08  2.35361155e-06 
 2.50225000e-08  1.09730010e+00  2.50225000e-08  1.25173034e-04  2.50225000e-08  3.61441631e-06 
 2.50235000e-08  1.13716670e+00  2.50235000e-08  1.20861603e-04  2.50235000e-08  2.15164830e-06 
 2.52445000e-08  1.94985451e+00  2.52445000e-08  8.63082990e-01  2.52445000e-08 -9.31043886e-05 
 2.52455000e-08  1.94985646e+00  2.52455000e-08  9.44962751e-01  2.52455000e-08 -1.39288368e-04 
 2.52465000e-08  1.94985801e+00  2.52465000e-08  1.02495107e+00  2.52465000e-08 -1.68837650e-04 
 2.52475000e-08  1.94985988e+00  2.52475000e-08  1.10303458e+00  2.52475000e-08 -1.89324052e-04 
 2.52485000e-08  1.94986135e+00  2.52485000e-08  1.17930112e+00  2.52485000e-08 -2.03922851e-04 
 2.52495000e-08  1.94986314e+00  2.52495000e-08  1.25393614e+00  2.52495000e-08 -2.31302488e-04 
 2.53635000e-08  1.94994442e+00  2.53635000e-08  1.94994100e+00  2.53635000e-08  8.92734435e-01 
 2.53645000e-08  1.94994468e+00  2.53645000e-08  1.94994746e+00  2.53645000e-08  9.53081759e-01 
 2.53655000e-08  1.94994504e+00  2.53655000e-08  1.94995334e+00  2.53655000e-08  1.01278398e+00 
 2.53665000e-08  1.94994530e+00  2.53665000e-08  1.94995852e+00  2.53665000e-08  1.07479325e+00 
 2.53675000e-08  1.94994565e+00  2.53675000e-08  1.94996256e+00  2.53675000e-08  1.14299200e+00 
 2.53685000e-08  1.94994589e+00  2.53685000e-08  1.94995621e+00  2.53685000e-08  1.21644265e+00 
 2.55545000e-08  1.15351078e+00  2.55545000e-08  1.94999942e+00  2.55545000e-08  1.94999385e+00 
 2.55555000e-08  1.10133567e+00  2.55555000e-08  1.94999938e+00  2.55555000e-08  1.94998945e+00 
 2.55565000e-08  1.04947715e+00  2.55565000e-08  1.94999943e+00  2.55565000e-08  1.94999650e+00 
 2.55575000e-08  9.97850810e-01  2.55575000e-08  1.94999939e+00  2.55575000e-08  1.94998974e+00 
 2.55585000e-08  9.46416130e-01  2.55585000e-08  1.94999944e+00  2.55585000e-08  1.94999465e+00 
 2.55595000e-08  8.95109498e-01  2.55595000e-08  1.94999940e+00  2.55595000e-08  1.94999034e+00 
 2.59625000e-08  3.11334662e-05  2.59625000e-08  1.16973330e+00  2.59625000e-08  1.94994088e+00 
 2.59635000e-08  2.97568786e-05  2.59635000e-08  1.11548651e+00  2.59635000e-08  1.94993587e+00 
 2.59645000e-08  2.82329573e-05  2.59645000e-08  1.06057718e+00  2.59645000e-08  1.94993484e+00 
 2.59655000e-08  2.71821033e-05  2.59655000e-08  1.00502586e+00  2.59655000e-08  1.94993879e+00 
 2.59665000e-08  2.62155913e-05  2.59665000e-08  9.48828072e-01  2.59665000e-08  1.94994959e+00 
 2.59675000e-08  2.56403150e-05  2.59675000e-08  8.92016605e-01  2.59675000e-08  1.94996693e+00 
 2.61405000e-08  9.33226655e-01  2.61405000e-08  1.22155934e-04  2.61405000e-08  1.94995540e+00 
 2.61415000e-08  9.74595555e-01  2.61415000e-08  1.17710609e-04  2.61415000e-08  1.94995685e+00 
 2.61425000e-08  1.01558617e+00  2.61425000e-08  1.16087693e-04  2.61425000e-08  1.94995795e+00 
 2.61435000e-08  1.05619874e+00  2.61435000e-08  1.11826042e-04  2.61435000e-08  1.94995932e+00 
 2.61445000e-08  1.09644661e+00  2.61445000e-08  1.10322666e-04  2.61445000e-08  1.94996036e+00 
 2.61455000e-08  1.13632055e+00  2.61455000e-08  1.06236376e-04  2.61455000e-08  1.94996165e+00 
 2.63665000e-08  1.94985447e+00  2.63665000e-08  8.63158177e-01  2.63665000e-08  1.95001227e+00 
 2.63675000e-08  1.94985642e+00  2.63675000e-08  9.44957742e-01  2.63675000e-08  1.94988231e+00 
 2.63685000e-08  1.94985797e+00  2.63685000e-08  1.02468865e+00  2.63685000e-08  1.94973522e+00 
 2.63695000e-08  1.94985984e+00  2.63695000e-08  1.10231988e+00  2.63695000e-08  1.94957553e+00 
 2.63705000e-08  1.94986131e+00  2.63705000e-08  1.17795257e+00  2.63705000e-08  1.94942748e+00 
 2.63715000e-08  1.94986311e+00  2.63715000e-08  1.25192060e+00  2.63715000e-08  1.94926776e+00 
 2.64995000e-08  1.94994847e+00  2.64995000e-08  1.94998065e+00  2.64995000e-08  1.17845712e+00 
 2.65005000e-08  1.94994871e+00  2.65005000e-08  1.95001241e+00  2.65005000e-08  1.12091638e+00 
 2.65015000e-08  1.94994905e+00  2.65015000e-08  1.95004390e+00  2.65015000e-08  1.06321733e+00 
 2.65025000e-08  1.94994929e+00  2.65025000e-08  1.95007015e+00  2.65025000e-08  1.00518609e+00 
 2.65035000e-08  1.94994966e+00  2.65035000e-08  1.95008913e+00  2.65035000e-08  9.46678873e-01 
 2.65045000e-08  1.94994993e+00  2.65045000e-08  1.95010244e+00  2.65045000e-08  8.87565675e-01 
 2.66765000e-08  1.15450764e+00  2.66765000e-08  1.94999945e+00  2.66765000e-08  8.44586123e-05 
 2.66775000e-08  1.10232750e+00  2.66775000e-08  1.94999923e+00  2.66775000e-08  7.88025586e-05 
 2.66785000e-08  1.05046411e+00  2.66785000e-08  1.94999946e+00  2.66785000e-08  7.92164453e-05 
 2.66795000e-08  9.98835038e-01  2.66795000e-08  1.94999924e+00  2.66795000e-08  7.35989748e-05 
 2.66805000e-08  9.47397795e-01  2.66805000e-08  1.94999946e+00  2.66805000e-08  7.41325965e-05 
 2.66815000e-08  8.96089912e-01  2.66815000e-08  1.94999924e+00  2.66815000e-08  6.90906489e-05 
 2.70845000e-08  3.11558418e-05  2.70845000e-08  1.17171802e+00  2.70845000e-08 -2.67104057e-06 
 2.70855000e-08  2.97799538e-05  2.70855000e-08  1.11749211e+00  2.70855000e-08 -2.63846247e-06 
 2.70865000e-08  2.82539593e-05  2.70865000e-08  1.06260565e+00  2.70865000e-08 -4.96513159e-07 
 2.70875000e-08  2.72052157e-05  2.70875000e-08  1.00707517e+00  2.70875000e-08  8.93669090e-07 
 2.70885000e-08  2.62372751e-05  2.70885000e-08  9.50900016e-01  2.70885000e-08  3.83140541e-06 
 2.70895000e-08  2.56635615e-05  2.70895000e-08  8.94109178e-01  2.70895000e-08  6.00309127e-06 
 2.72625000e-08  9.33407875e-01  2.72625000e-08  1.38995485e-04  2.72625000e-08  4.00378371e-06 
 2.72635000e-08  9.74775054e-01  2.72635000e-08  1.34223754e-04  2.72635000e-08  2.50362475e-06 
 2.72645000e-08  1.01576407e+00  2.72645000e-08  1.31945995e-04  2.72645000e-08  3.81533110e-06 
 2.72655000e-08  1.05637506e+00  2.72655000e-08  1.27389558e-04  2.72655000e-08  2.33302581e-06 
 2.72665000e-08  1.09662199e+00  2.72665000e-08  1.25269389e-04  2.72665000e-08  3.63828862e-06 
 2.72675000e-08  1.13649497e+00  2.72675000e-08  1.20912180e-04  2.72675000e-08  2.13072589e-06 
 2.74885000e-08  1.94985449e+00  2.74885000e-08  8.61610481e-01  2.74885000e-08 -9.12890465e-05 
 2.74895000e-08  1.94985644e+00  2.74895000e-08  9.43524727e-01  2.74895000e-08 -1.37682231e-04 
 2.74905000e-08  1.94985798e+00  2.74905000e-08  1.02354671e+00  2.74905000e-08 -1.68980311e-04 
 2.74915000e-08  1.94985985e+00  2.74915000e-08  1.10166347e+00  2.74915000e-08 -1.89624121e-04 
 2.74925000e-08  1.94986132e+00  2.74925000e-08  1.17796045e+00  2.74925000e-08 -2.04173295e-04 
 2.74935000e-08  1.94986312e+00  2.74935000e-08  1.25262438e+00  2.74935000e-08 -2.31332919e-04 
 2.76075000e-08  1.94994441e+00  2.76075000e-08  1.94994084e+00  2.76075000e-08  8.91635198e-01 
 2.76085000e-08  1.94994467e+00  2.76085000e-08  1.94994739e+00  2.76085000e-08  9.52004320e-01 
 2.76095000e-08  1.94994504e+00  2.76095000e-08  1.94995319e+00  2.76095000e-08  1.01170326e+00 
 2.76105000e-08  1.94994529e+00  2.76105000e-08  1.94995836e+00  2.76105000e-08  1.07364525e+00 
 2.76115000e-08  1.94994564e+00  2.76115000e-08  1.94996273e+00  2.76115000e-08  1.14168362e+00 
 2.76125000e-08  1.94994589e+00  2.76125000e-08  1.94995623e+00  2.76125000e-08  1.21513287e+00 
 2.77985000e-08  1.15426481e+00  2.77985000e-08  1.94999943e+00  2.77985000e-08  1.94999369e+00 
 2.77995000e-08  1.10208525e+00  2.77995000e-08  1.94999937e+00  2.77995000e-08  1.94998898e+00 
 2.78005000e-08  1.05022242e+00  2.78005000e-08  1.94999944e+00  2.78005000e-08  1.94999644e+00 
 2.78015000e-08  9.98593349e-01  2.78015000e-08  1.94999938e+00  2.78015000e-08  1.94998928e+00 
 2.78025000e-08  9.47156104e-01  2.78025000e-08  1.94999945e+00  2.78025000e-08  1.94999452e+00 
 2.78035000e-08  8.95848017e-01  2.78035000e-08  1.94999939e+00  2.78035000e-08  1.94998992e+00 
 2.82065000e-08  3.11526059e-05  2.82065000e-08  1.17049133e+00  2.82065000e-08  1.94994096e+00 
 2.82075000e-08  2.97819593e-05  2.82075000e-08  1.11625338e+00  2.82075000e-08  1.94993592e+00 
 2.82085000e-08  2.82544634e-05  2.82085000e-08  1.06135361e+00  2.82085000e-08  1.94993483e+00 
 2.82095000e-08  2.71969800e-05  2.82095000e-08  1.00581102e+00  2.82095000e-08  1.94993868e+00 
 2.82105000e-08  2.62267192e-05  2.82105000e-08  9.49622449e-01  2.82105000e-08  1.94994939e+00 
 2.82115000e-08  2.56481904e-05  2.82115000e-08  8.92819230e-01  2.82115000e-08  1.94996664e+00 
 2.83845000e-08  9.32735426e-01  2.83845000e-08  1.22184418e-04  2.83845000e-08  1.94995534e+00 
 2.83855000e-08  9.74108899e-01  2.83855000e-08  1.17770633e-04  2.83855000e-08  1.94995686e+00 
 2.83865000e-08  1.01510402e+00  2.83865000e-08  1.16114240e-04  2.83865000e-08  1.94995790e+00 
 2.83875000e-08  1.05572145e+00  2.83875000e-08  1.11883578e-04  2.83875000e-08  1.94995933e+00 
 2.83885000e-08  1.09597414e+00  2.83885000e-08  1.10347373e-04  2.83885000e-08  1.94996031e+00 
 2.83895000e-08  1.13585255e+00  2.83895000e-08  1.06291537e-04  2.83895000e-08  1.94996166e+00 
 2.86105000e-08  1.94985445e+00  2.86105000e-08  8.62137862e-01  2.86105000e-08  1.95001411e+00 
 2.86115000e-08  1.94985640e+00  2.86115000e-08  9.43962059e-01  2.86115000e-08  1.94988399e+00 
 2.86125000e-08  1.94985794e+00  2.86125000e-08  1.02371895e+00  2.86125000e-08  1.94973711e+00 
 2.86135000e-08  1.94985982e+00  2.86135000e-08  1.10137583e+00  2.86135000e-08  1.94957746e+00 
 2.86145000e-08  1.94986129e+00  2.86145000e-08  1.17703148e+00  2.86145000e-08  1.94942921e+00 
 2.86155000e-08  1.94986309e+00  2.86155000e-08  1.25101803e+00  2.86155000e-08  1.94926989e+00 
 2.87435000e-08  1.94994847e+00  2.87435000e-08  1.94998024e+00  2.87435000e-08  1.17928758e+00 
 2.87445000e-08  1.94994871e+00  2.87445000e-08  1.95001198e+00  2.87445000e-08  1.12174703e+00 
 2.87455000e-08  1.94994904e+00  2.87455000e-08  1.95004348e+00  2.87455000e-08  1.06405154e+00 
 2.87465000e-08  1.94994929e+00  2.87465000e-08  1.95006980e+00  2.87465000e-08  1.00602514e+00 
 2.87475000e-08  1.94994966e+00  2.87475000e-08  1.95008881e+00  2.87475000e-08  9.47525893e-01 
 2.87485000e-08  1.94994992e+00  2.87485000e-08  1.95010233e+00  2.87485000e-08  8.88421088e-01 
 2.89205000e-08  1.15559293e+00  2.89205000e-08  1.94999945e+00  2.89205000e-08  8.46409694e-05 
 2.89215000e-08  1.10340647e+00  2.89215000e-08  1.94999923e+00  2.89215000e-08  7.84963968e-05 
 2.89225000e-08  1.05153692e+00  2.89225000e-08  1.94999946e+00  2.89225000e-08  7.92194446e-05 
 2.89235000e-08  9.99903827e-01  2.89235000e-08  1.94999923e+00  2.89235000e-08  7.37038598e-05 
 2.89245000e-08  9.48462825e-01  2.89245000e-08  1.94999946e+00  2.89245000e-08  7.46355233e-05 
 2.89255000e-08  8.97152818e-01  2.89255000e-08  1.94999924e+00  2.89255000e-08  6.90132123e-05 
 2.93285000e-08  3.11827982e-05  2.93285000e-08  1.17264448e+00  2.93285000e-08 -2.67243801e-06 
 2.93295000e-08  2.98143393e-05  2.93295000e-08  1.11842939e+00  2.93295000e-08 -2.66183917e-06 
 2.93305000e-08  2.82844431e-05  2.93305000e-08  1.06355461e+00  2.93305000e-08 -5.23843984e-07 
 2.93315000e-08  2.72253666e-05  2.93315000e-08  1.00803481e+00  2.93315000e-08  8.52588657e-07 
 2.93325000e-08  2.62524973e-05  2.93325000e-08  9.51870931e-01  2.93325000e-08  3.79171607e-06 
 2.93335000e-08  2.56728718e-05  2.93335000e-08  8.95090186e-01  2.93335000e-08  5.95108152e-06 
 2.95065000e-08  9.32492710e-01  2.95065000e-08  1.39071522e-04  2.95065000e-08  4.02407046e-06 
 2.95075000e-08  9.73868385e-01  2.95075000e-08  1.34257423e-04  2.95075000e-08  2.48844336e-06 
 2.95085000e-08  1.01486577e+00  2.95085000e-08  1.32019683e-04  2.95085000e-08  3.83609396e-06 
 2.95095000e-08  1.05548540e+00  2.95095000e-08  1.27417554e-04  2.95095000e-08  2.31616044e-06 
 2.95105000e-08  1.09574090e+00  2.95105000e-08  1.25337754e-04  2.95105000e-08  3.65727706e-06 
 2.95115000e-08  1.13562219e+00  2.95115000e-08  1.20940040e-04  2.95115000e-08  2.11465776e-06 
 2.97325000e-08  1.94985444e+00  2.97325000e-08  8.59656443e-01  2.97325000e-08 -9.08416961e-05 
 2.97335000e-08  1.94985641e+00  2.97335000e-08  9.41611773e-01  2.97335000e-08 -1.37429107e-04 
 2.97345000e-08  1.94985793e+00  2.97345000e-08  1.02167424e+00  2.97345000e-08 -1.67878026e-04 
 2.97355000e-08  1.94985981e+00  2.97355000e-08  1.09983079e+00  2.97355000e-08 -1.88569001e-04 
 2.97365000e-08  1.94986127e+00  2.97365000e-08  1.17616859e+00  2.97365000e-08 -2.03341874e-04 
 2.97375000e-08  1.94986308e+00  2.97375000e-08  1.25087056e+00  2.97375000e-08 -2.30318609e-04 
 2.98515000e-08  1.94994441e+00  2.98515000e-08  1.94994063e+00  2.98515000e-08  8.90207264e-01 
 2.98525000e-08  1.94994466e+00  2.98525000e-08  1.94994732e+00  2.98525000e-08  9.50604856e-01 
 2.98535000e-08  1.94994503e+00  2.98535000e-08  1.94995299e+00  2.98535000e-08  1.01030056e+00 
 2.98545000e-08  1.94994529e+00  2.98545000e-08  1.94995817e+00  2.98545000e-08  1.07215628e+00 
 2.98555000e-08  1.94994564e+00  2.98555000e-08  1.94996294e+00  2.98555000e-08  1.13998583e+00 
 2.98565000e-08  1.94994588e+00  2.98565000e-08  1.94995627e+00  2.98565000e-08  1.21343017e+00 
 3.00155000e-08  2.05290354e+00  3.00155000e-08  1.94999915e+00  3.00155000e-08  1.94998262e+00 
 3.00425000e-08  1.15574304e+00  3.00425000e-08  1.94999943e+00  3.00425000e-08  1.94999374e+00 
 3.00435000e-08  1.10355473e+00  3.00435000e-08  1.94999937e+00  3.00435000e-08  1.94998860e+00 
 3.00445000e-08  1.05168341e+00  3.00445000e-08  1.94999944e+00  3.00445000e-08  1.94999656e+00 
 3.00455000e-08  1.00004895e+00  3.00455000e-08  1.94999938e+00  3.00455000e-08  1.94998889e+00 
 3.00465000e-08  9.48606644e-01  3.00465000e-08  1.94999945e+00  3.00465000e-08  1.94999451e+00 
 3.00475000e-08  8.97295684e-01  3.00475000e-08  1.94999939e+00  3.00475000e-08  1.94998699e+00 
 3.04505000e-08  3.11890179e-05  3.04505000e-08  1.17212295e+00  3.04505000e-08  1.94994115e+00 
 3.04515000e-08  2.98257693e-05  3.04515000e-08  1.11790404e+00  3.04515000e-08  1.94993602e+00 
 3.04525000e-08  2.82950562e-05  3.04525000e-08  1.06302484e+00  3.04525000e-08  1.94993479e+00 
 3.04535000e-08  2.72257614e-05  3.04535000e-08  1.00750105e+00  3.04535000e-08  1.94993847e+00 
 3.04545000e-08  2.62495552e-05  3.04545000e-08  9.51332326e-01  3.04545000e-08  1.94994898e+00 
 3.04555000e-08  2.56628648e-05  3.04555000e-08  8.94546882e-01  3.04555000e-08  1.94996601e+00 
 3.06285000e-08  9.31500609e-01  3.06285000e-08  1.22246365e-04  3.06285000e-08  1.94995524e+00 
 3.06295000e-08  9.72885587e-01  3.06295000e-08  1.17892850e-04  3.06295000e-08  1.94995688e+00 
 3.06305000e-08  1.01389203e+00  3.06305000e-08  1.16172087e-04  3.06305000e-08  1.94995780e+00 
 3.06315000e-08  1.05452043e+00  3.06315000e-08  1.12000664e-04  3.06315000e-08  1.94995936e+00 
 3.06325000e-08  1.09478399e+00  3.06325000e-08  1.10401328e-04  3.06325000e-08  1.94996021e+00 
 3.06335000e-08  1.13467359e+00  3.06335000e-08  1.06403726e-04  3.06335000e-08  1.94996169e+00 
 3.08545000e-08  1.94985440e+00  3.08545000e-08  8.59653951e-01  3.08545000e-08  1.95001859e+00 
 3.08555000e-08  1.94985637e+00  3.08555000e-08  9.41533425e-01  3.08555000e-08  1.94988811e+00 
 3.08565000e-08  1.94985789e+00  3.08565000e-08  1.02134927e+00  3.08565000e-08  1.94974175e+00 
 3.08575000e-08  1.94985978e+00  3.08575000e-08  1.09906892e+00  3.08575000e-08  1.94958213e+00 
 3.08585000e-08  1.94986124e+00  3.08585000e-08  1.17478063e+00  3.08585000e-08  1.94943338e+00 
 3.08595000e-08  1.94986305e+00  3.08595000e-08  1.24881212e+00  3.08595000e-08  1.94927506e+00 
 3.09875000e-08  1.94994846e+00  3.09875000e-08  1.94997929e+00  3.09875000e-08  1.18099113e+00 
 3.09885000e-08  1.94994870e+00  3.09885000e-08  1.95001103e+00  3.09885000e-08  1.12345176e+00 
 3.09895000e-08  1.94994904e+00  3.09895000e-08  1.95004253e+00  3.09895000e-08  1.06576495e+00 
 3.09905000e-08  1.94994928e+00  3.09905000e-08  1.95006919e+00  3.09905000e-08  1.00774941e+00 
 3.09915000e-08  1.94994965e+00  3.09915000e-08  1.95008825e+00  3.09915000e-08  9.49267728e-01 
 3.09925000e-08  1.94994991e+00  3.09925000e-08  1.95010210e+00  3.09925000e-08  8.90181106e-01 
 3.11645000e-08  1.15735241e+00  3.11645000e-08  1.94999945e+00  3.11645000e-08  8.50706294e-05 
 3.11655000e-08  1.10515551e+00  3.11655000e-08  1.94999922e+00  3.11655000e-08  7.82603841e-05 
 3.11665000e-08  1.05327578e+00  3.11665000e-08  1.94999946e+00  3.11665000e-08  7.96227451e-05 
 3.11675000e-08  1.00163622e+00  3.11675000e-08  1.94999923e+00  3.11675000e-08  7.34808144e-05 
 3.11685000e-08  9.50189159e-01  3.11685000e-08  1.94999947e+00  3.11685000e-08  7.50423237e-05 
 3.11695000e-08  8.98875807e-01  3.11695000e-08  1.94999924e+00  3.11695000e-08  6.86176083e-05 
 3.15725000e-08  3.12253127e-05  3.15725000e-08  1.17472802e+00  3.15725000e-08 -2.67512919e-06 
 3.15735000e-08  2.98657446e-05  3.15735000e-08  1.12053727e+00  3.15735000e-08 -2.71261423e-06 
 3.15745000e-08  2.83319012e-05  3.15745000e-08  1.06568877e+00  3.15745000e-08 -5.84361602e-07 
 3.15755000e-08  2.72595236e-05  3.15755000e-08  1.01019299e+00  3.15755000e-08  7.60869646e-07 
 3.15765000e-08  2.62797878e-05  3.15765000e-08  9.54054473e-01  3.15765000e-08  3.70255904e-06 
 3.15775000e-08  2.56910367e-05  3.15775000e-08  8.97296451e-01  3.15775000e-08  5.83435714e-06 
 3.17505000e-08  9.31160061e-01  3.17505000e-08  1.39256480e-04  3.17505000e-08  4.06720413e-06 
 3.17515000e-08  9.72548141e-01  3.17515000e-08  1.34347073e-04  3.17515000e-08  2.45152618e-06 
 3.17525000e-08  1.01355789e+00  3.17525000e-08  1.32195381e-04  3.17525000e-08  3.87816976e-06 
 3.17535000e-08  1.05418926e+00  3.17535000e-08  1.27504637e-04  3.17535000e-08  2.28130090e-06 
 3.17545000e-08  1.09445653e+00  3.17545000e-08  1.25508126e-04  3.17545000e-08  3.70078712e-06 
 3.17555000e-08  1.13434972e+00  3.17555000e-08  1.21018984e-04  3.17555000e-08  2.07766561e-06 
 3.19765000e-08  1.94985438e+00  3.19765000e-08  8.56933771e-01  3.19765000e-08 -8.90366749e-05 
 3.19775000e-08  1.94985635e+00  3.19775000e-08  9.38949118e-01  3.19775000e-08 -1.35938238e-04 
 3.19785000e-08  1.94985788e+00  3.19785000e-08  1.01907461e+00  3.19785000e-08 -1.67178371e-04 
 3.19795000e-08  1.94985977e+00  3.19795000e-08  1.09729333e+00  3.19795000e-08 -1.88027742e-04 
 3.19805000e-08  1.94986122e+00  3.19805000e-08  1.17368784e+00  3.19805000e-08 -2.02843578e-04 
 3.19815000e-08  1.94986303e+00  3.19815000e-08  1.24844295e+00  3.19815000e-08 -2.29524280e-04 
 3.20955000e-08  1.94994440e+00  3.20955000e-08  1.94994034e+00  3.20955000e-08  8.88196900e-01 
 3.20965000e-08  1.94994465e+00  3.20965000e-08  1.94994720e+00  3.20965000e-08  9.48635820e-01 
 3.20975000e-08  1.94994502e+00  3.20975000e-08  1.94995271e+00  3.20975000e-08  1.00832970e+00 
 3.20985000e-08  1.94994527e+00  3.20985000e-08  1.94995789e+00  3.20985000e-08  1.07006686e+00 
 3.20995000e-08  1.94994563e+00  3.20995000e-08  1.94996324e+00  3.20995000e-08  1.13760303e+00 
 3.21005000e-08  1.94994587e+00  3.21005000e-08  1.94995633e+00  3.21005000e-08  1.21103516e+00 
 3.22865000e-08  1.15783017e+00  3.22865000e-08  1.94999944e+00  3.22865000e-08  1.94999328e+00 
 3.22875000e-08  1.10562947e+00  3.22875000e-08  1.94999936e+00  3.22875000e-08  1.94998761e+00 
 3.22885000e-08  1.05374608e+00  3.22885000e-08  1.94999945e+00  3.22885000e-08  1.94999634e+00 
 3.22895000e-08  1.00210394e+00  3.22895000e-08  1.94999937e+00  3.22895000e-08  1.94998792e+00 
 3.22905000e-08  9.50654443e-01  3.22905000e-08  1.94999946e+00  3.22905000e-08  1.94999407e+00 
 3.22915000e-08  8.99339396e-01  3.22915000e-08  1.94999937e+00  3.22915000e-08  1.94998582e+00 
 3.26945000e-08  3.12388593e-05  3.26945000e-08  1.17443223e+00  3.26945000e-08  1.94994140e+00 
 3.26955000e-08  2.98871776e-05  3.26955000e-08  1.12024027e+00  3.26955000e-08  1.94993618e+00 
 3.26965000e-08  2.83517691e-05  3.26965000e-08  1.06539018e+00  3.26965000e-08  1.94993476e+00 
 3.26975000e-08  2.72664193e-05  3.26975000e-08  1.00989301e+00  3.26975000e-08  1.94993818e+00 
 3.26985000e-08  2.62820571e-05  3.26985000e-08  9.53752406e-01  3.26985000e-08  1.94994839e+00 
 3.26995000e-08  2.56842560e-05  3.26995000e-08  8.96992151e-01  3.26995000e-08  1.94996513e+00 
 3.28725000e-08  9.29864653e-01  3.28725000e-08  1.22329267e-04  3.28725000e-08  1.94995509e+00 
 3.28735000e-08  9.71264850e-01  3.28735000e-08  1.18071528e-04  3.28735000e-08  1.94995692e+00 
 3.28745000e-08  1.01228640e+00  3.28745000e-08  1.16249301e-04  3.28745000e-08  1.94995766e+00 
 3.28755000e-08  1.05292928e+00  3.28755000e-08  1.12171952e-04  3.28755000e-08  1.94995940e+00 
 3.28765000e-08  1.09320726e+00  3.28765000e-08  1.10473146e-04  3.28765000e-08  1.94996007e+00 
 3.28775000e-08  1.13311156e+00  3.28775000e-08  1.06567957e-04  3.28775000e-08  1.94996173e+00 
 3.30985000e-08  1.94985431e+00  3.30985000e-08  8.56291540e-01  3.30985000e-08  1.95002456e+00 
 3.30995000e-08  1.94985630e+00  3.30995000e-08  9.38251839e-01  3.30995000e-08  1.94989359e+00 
 3.31005000e-08  1.94985782e+00  3.31005000e-08  1.01815306e+00  3.31005000e-08  1.94974793e+00 
 3.31015000e-08  1.94985972e+00  3.31015000e-08  1.09594760e+00  3.31015000e-08  1.94958837e+00 
 3.31025000e-08  1.94986117e+00  3.31025000e-08  1.17171307e+00  3.31025000e-08  1.94943918e+00 
 3.31035000e-08  1.94986299e+00  3.31035000e-08  1.24579292e+00  3.31035000e-08  1.94928247e+00 
 3.32315000e-08  1.94994845e+00  3.32315000e-08  1.94997799e+00  3.32315000e-08  1.18339580e+00 
 3.32325000e-08  1.94994869e+00  3.32325000e-08  1.95000969e+00  3.32325000e-08  1.12585767e+00 
 3.32335000e-08  1.94994903e+00  3.32335000e-08  1.95004120e+00  3.32335000e-08  1.06818248e+00 
 3.32345000e-08  1.94994926e+00  3.32345000e-08  1.95006833e+00  3.32345000e-08  1.01018174e+00 
 3.32355000e-08  1.94994964e+00  3.32355000e-08  1.95008746e+00  3.32355000e-08  9.51724234e-01 
 3.32365000e-08  1.94994990e+00  3.32365000e-08  1.95010176e+00  3.32365000e-08  8.92662812e-01 
 3.34085000e-08  1.15937264e+00  3.34085000e-08  1.94999945e+00  3.34085000e-08  8.58354188e-05 
 3.34095000e-08  1.10716371e+00  3.34095000e-08  1.94999922e+00  3.34095000e-08  7.79730363e-05 
 3.34105000e-08  1.05527222e+00  3.34105000e-08  1.94999946e+00  3.34105000e-08  8.02895075e-05 
 3.34115000e-08  1.00362514e+00  3.34115000e-08  1.94999923e+00  3.34115000e-08  7.32314349e-05 
 3.34125000e-08  9.52171057e-01  3.34125000e-08  1.94999947e+00  3.34125000e-08  7.57411055e-05 
 3.34135000e-08  9.00853620e-01  3.34135000e-08  1.94999924e+00  3.34135000e-08  6.85175907e-05 
 3.38165000e-08  3.12735026e-05  3.38165000e-08  1.17691730e+00  3.38165000e-08 -2.67371507e-06 
 3.38175000e-08  2.99254292e-05  3.38175000e-08  1.12275213e+00  3.38175000e-08 -2.76652425e-06 
 3.38185000e-08  2.83873348e-05  3.38185000e-08  1.06793123e+00  3.38185000e-08 -6.43785872e-07 
 3.38195000e-08  2.72987684e-05  3.38195000e-08  1.01246071e+00  3.38195000e-08  6.63323572e-07 
 3.38205000e-08  2.63111515e-05  3.38205000e-08  9.56348871e-01  3.38205000e-08  3.61147366e-06 
 3.38215000e-08  2.57109767e-05  3.38215000e-08  8.99614759e-01  3.38215000e-08  5.71013510e-06 
 3.39945000e-08  9.29498437e-01  3.39945000e-08  1.39373861e-04  3.39945000e-08  4.03388402e-06 
 3.39955000e-08  9.70902033e-01  3.39955000e-08  1.34521221e-04  3.39955000e-08  2.49231527e-06 
 3.39965000e-08  1.01192698e+00  3.39965000e-08  1.32306214e-04  3.39965000e-08  3.84544688e-06 
 3.39975000e-08  1.05257317e+00  3.39975000e-08  1.27667093e-04  3.39975000e-08  2.31952506e-06 
 3.39985000e-08  1.09285504e+00  3.39985000e-08  1.25610161e-04  3.39985000e-08  3.66679647e-06 
 3.39995000e-08  1.13276334e+00  3.39995000e-08  1.21176015e-04  3.39995000e-08  2.11731395e-06 
 3.42205000e-08  1.94985430e+00  3.42205000e-08  8.53520642e-01  3.42205000e-08 -8.67983830e-05 
 3.42215000e-08  1.94985628e+00  3.42215000e-08  9.35611142e-01  3.42215000e-08 -1.34020021e-04 
 3.42225000e-08  1.94985781e+00  3.42225000e-08  1.01581549e+00  3.42225000e-08 -1.66310716e-04 
 3.42235000e-08  1.94985970e+00  3.42235000e-08  1.09411236e+00  3.42235000e-08 -1.87326232e-04 
 3.42245000e-08  1.94986115e+00  3.42245000e-08  1.17057818e+00  3.42245000e-08 -2.02247680e-04 
 3.42255000e-08  1.94986297e+00  3.42255000e-08  1.24539980e+00  3.42255000e-08 -2.28492031e-04 
 3.43395000e-08  1.94994438e+00  3.43395000e-08  1.94993998e+00  3.43395000e-08  8.85676411e-01 
 3.43405000e-08  1.94994464e+00  3.43405000e-08  1.94994706e+00  3.43405000e-08  9.46167939e-01 
 3.43415000e-08  1.94994501e+00  3.43415000e-08  1.94995236e+00  3.43415000e-08  1.00586285e+00 
 3.43425000e-08  1.94994526e+00  3.43425000e-08  1.94995753e+00  3.43425000e-08  1.06745485e+00 
 3.43435000e-08  1.94994562e+00  3.43435000e-08  1.94996362e+00  3.43435000e-08  1.13462494e+00 
 3.43445000e-08  1.94994586e+00  3.43445000e-08  1.94995641e+00  3.43445000e-08  1.20803081e+00 
 3.45305000e-08  1.16030678e+00  3.45305000e-08  1.94999946e+00  3.45305000e-08  1.94999207e+00 
 3.45315000e-08  1.10809154e+00  3.45315000e-08  1.94999934e+00  3.45315000e-08  1.94998589e+00 
 3.45325000e-08  1.05619391e+00  3.45325000e-08  1.94999947e+00  3.45325000e-08  1.94999563e+00 
 3.45335000e-08  1.00454272e+00  3.45335000e-08  1.94999935e+00  3.45335000e-08  1.94998633e+00 
 3.45345000e-08  9.53084738e-01  3.45345000e-08  1.94999948e+00  3.45345000e-08  1.94999317e+00 
 3.45355000e-08  9.01764922e-01  3.45355000e-08  1.94999936e+00  3.45355000e-08  1.94998407e+00 
 3.49385000e-08  3.13110077e-05  3.49385000e-08  1.17702725e+00  3.49385000e-08  1.94994170e+00 
 3.49395000e-08  2.99710968e-05  3.49395000e-08  1.12286563e+00  3.49395000e-08  1.94993636e+00 
 3.49405000e-08  2.84281778e-05  3.49405000e-08  1.06804828e+00  3.49405000e-08  1.94993473e+00 
 3.49415000e-08  2.73199893e-05  3.49415000e-08  1.01258109e+00  3.49415000e-08  1.94993787e+00 
 3.49425000e-08  2.63252273e-05  3.49425000e-08  9.56472135e-01  3.49425000e-08  1.94994775e+00 
 3.49435000e-08  2.57124374e-05  3.49435000e-08  8.99740277e-01  3.49435000e-08  1.94996416e+00 
 3.51165000e-08  9.27948183e-01  3.51165000e-08  1.22404969e-04  3.51165000e-08  1.94995492e+00 
 3.51175000e-08  9.69366354e-01  3.51175000e-08  1.18292584e-04  3.51175000e-08  1.94995697e+00 
 3.51185000e-08  1.01040549e+00  3.51185000e-08  1.16319057e-04  3.51185000e-08  1.94995749e+00 
 3.51195000e-08  1.05106545e+00  3.51195000e-08  1.12384373e-04  3.51195000e-08  1.94995945e+00 
 3.51205000e-08  1.09136025e+00  3.51205000e-08  1.10537118e-04  3.51205000e-08  1.94995991e+00 
 3.51215000e-08  1.13128192e+00  3.51215000e-08  1.06771898e-04  3.51215000e-08  1.94996178e+00 
 3.53425000e-08  1.94985425e+00  3.53425000e-08  8.52395251e-01  3.53425000e-08  1.95003140e+00 
 3.53435000e-08  1.94985620e+00  3.53435000e-08  9.34448984e-01  3.53435000e-08  1.94989992e+00 
 3.53445000e-08  1.94985775e+00  3.53445000e-08  1.01444892e+00  3.53445000e-08  1.94975501e+00 
 3.53455000e-08  1.94985962e+00  3.53455000e-08  1.09234204e+00  3.53455000e-08  1.94959592e+00 
 3.53465000e-08  1.94986110e+00  3.53465000e-08  1.16819681e+00  3.53465000e-08  1.94944588e+00 
 3.53475000e-08  1.94986289e+00  3.53475000e-08  1.24234907e+00  3.53475000e-08  1.94929034e+00 
 3.54755000e-08  1.94994843e+00  3.54755000e-08  1.94997651e+00  3.54755000e-08  1.18610113e+00 
 3.54765000e-08  1.94994868e+00  3.54765000e-08  1.95000818e+00  3.54765000e-08  1.12856418e+00 
 3.54775000e-08  1.94994901e+00  3.54775000e-08  1.95003969e+00  3.54775000e-08  1.07090177e+00 
 3.54785000e-08  1.94994926e+00  3.54785000e-08  1.95006735e+00  3.54785000e-08  1.01291743e+00 
 3.54795000e-08  1.94994961e+00  3.54795000e-08  1.95008652e+00  3.54795000e-08  9.54486952e-01 
 3.54805000e-08  1.94994989e+00  3.54805000e-08  1.95010133e+00  3.54805000e-08  8.95453951e-01 
 3.56525000e-08  1.16221624e+00  3.56525000e-08  1.94999946e+00  3.56525000e-08  8.66400646e-05 
 3.56535000e-08  1.10999030e+00  3.56535000e-08  1.94999922e+00  3.56535000e-08  7.75202350e-05 
 3.56545000e-08  1.05808210e+00  3.56545000e-08  1.94999946e+00  3.56545000e-08  8.10386697e-05 
 3.56555000e-08  1.00642432e+00  3.56555000e-08  1.94999923e+00  3.56555000e-08  7.28069482e-05 
 3.56565000e-08  9.54960245e-01  3.56565000e-08  1.94999947e+00  3.56565000e-08  7.65003344e-05 
 3.56575000e-08  9.03637213e-01  3.56575000e-08  1.94999924e+00  3.56575000e-08  6.78662186e-05 
 3.60605000e-08  3.13612954e-05  3.60605000e-08  1.17986773e+00  3.60605000e-08 -2.67576833e-06 
 3.60615000e-08  3.00195230e-05  3.60615000e-08  1.12573713e+00  3.60615000e-08 -2.83342550e-06 
 3.60625000e-08  2.84821658e-05  3.60625000e-08  1.07095345e+00  3.60625000e-08 -7.27110492e-07 
 3.60635000e-08  2.73568365e-05  3.60635000e-08  1.01551705e+00  3.60635000e-08  5.36188663e-07 
 3.60645000e-08  2.63653070e-05  3.60645000e-08  9.59441205e-01  3.60645000e-08  3.48484871e-06 
 3.60655000e-08  2.57378852e-05  3.60655000e-08  9.02739446e-01  3.60655000e-08  5.54605575e-06 
 3.62385000e-08  9.27044854e-01  3.62385000e-08  1.39519193e-04  3.62385000e-08  3.97764379e-06 
 3.62395000e-08  9.68471457e-01  3.62395000e-08  1.34768734e-04  3.62395000e-08  2.55786885e-06 
 3.62405000e-08  1.00951891e+00  3.62405000e-08  1.32441244e-04  3.62405000e-08  3.78894444e-06 
 3.62415000e-08  1.05018697e+00  3.62415000e-08  1.27906199e-04  3.62415000e-08  2.38571152e-06 
 3.62425000e-08  1.09049035e+00  3.62425000e-08  1.25738275e-04  3.62425000e-08  3.61202360e-06 
 3.62435000e-08  1.13042088e+00  3.62435000e-08  1.21401542e-04  3.62435000e-08  2.18157020e-06 
 3.64645000e-08  1.94985422e+00  3.64645000e-08  8.48602786e-01  3.64645000e-08 -8.35507843e-05 
 3.64655000e-08  1.94985615e+00  3.64655000e-08  9.30797003e-01  3.64655000e-08 -1.31124540e-04 
 3.64665000e-08  1.94985772e+00  3.64665000e-08  1.01111090e+00  3.64665000e-08 -1.64968628e-04 
 3.64675000e-08  1.94985958e+00  3.64675000e-08  1.08952079e+00  3.64675000e-08 -1.86341607e-04 
 3.64685000e-08  1.94986108e+00  3.64685000e-08  1.16608987e+00  3.64685000e-08 -2.01425165e-04 
 3.64695000e-08  1.94986285e+00  3.64695000e-08  1.24100701e+00  3.64695000e-08 -2.27019509e-04 
 3.65835000e-08  1.94994436e+00  3.65835000e-08  1.94993945e+00  3.65835000e-08  8.82034609e-01 
 3.65845000e-08  1.94994463e+00  3.65845000e-08  1.94994687e+00  3.65845000e-08  9.42604257e-01 
 3.65855000e-08  1.94994498e+00  3.65855000e-08  1.94995184e+00  3.65855000e-08  1.00230715e+00 
 3.65865000e-08  1.94994525e+00  3.65865000e-08  1.94995720e+00  3.65865000e-08  1.06367122e+00 
 3.65875000e-08  1.94994559e+00  3.65875000e-08  1.94996387e+00  3.65875000e-08  1.13035304e+00 
 3.65885000e-08  1.94994585e+00  3.65885000e-08  1.94995659e+00  3.65885000e-08  1.20368223e+00 
 3.67745000e-08  1.16375441e+00  3.67745000e-08  1.94999948e+00  3.67745000e-08  1.94999211e+00 
 3.67755000e-08  1.11151851e+00  3.67755000e-08  1.94999932e+00  3.67755000e-08  1.94998544e+00 
 3.67765000e-08  1.05960066e+00  3.67765000e-08  1.94999949e+00  3.67765000e-08  1.94999570e+00 
 3.67775000e-08  1.00793651e+00  3.67775000e-08  1.94999933e+00  3.67775000e-08  1.94998578e+00 
 3.67785000e-08  9.56466470e-01  3.67785000e-08  1.94999950e+00  3.67785000e-08  1.94999311e+00 
 3.67795000e-08  9.05139811e-01  3.67795000e-08  1.94999934e+00  3.67795000e-08  1.94998343e+00 
 3.71825000e-08  3.14037328e-05  3.71825000e-08  1.18118389e+00  3.71825000e-08  1.94994216e+00 
 3.71835000e-08  3.00683209e-05  3.71835000e-08  1.12707098e+00  3.71835000e-08  1.94993668e+00 
 3.71845000e-08  2.85349801e-05  3.71845000e-08  1.07230608e+00  3.71845000e-08  1.94993469e+00 
 3.71855000e-08  2.73851082e-05  3.71855000e-08  1.01688700e+00  3.71855000e-08  1.94993740e+00 
 3.71865000e-08  2.63921481e-05  3.71865000e-08  9.60828820e-01  3.71865000e-08  1.94994675e+00 
 3.71875000e-08  2.57450058e-05  3.71875000e-08  9.04142629e-01  3.71875000e-08  1.94996264e+00 
 3.73605000e-08  9.25106817e-01  3.73605000e-08  1.22530004e-04  3.73605000e-08  1.94995476e+00 
 3.73615000e-08  9.66551609e-01  3.73615000e-08  1.18642285e-04  3.73615000e-08  1.94995693e+00 
 3.73625000e-08  1.00761681e+00  3.73625000e-08  1.16434339e-04  3.73625000e-08  1.94995734e+00 
 3.73635000e-08  1.04830210e+00  3.73635000e-08  1.12720022e-04  3.73635000e-08  1.94995942e+00 
 3.73645000e-08  1.08862179e+00  3.73645000e-08  1.10643182e-04  3.73645000e-08  1.94995976e+00 
 3.73655000e-08  1.12856983e+00  3.73655000e-08  1.07093978e-04  3.73655000e-08  1.94996176e+00 
 3.75865000e-08  1.94985415e+00  3.75865000e-08  8.46802924e-01  3.75865000e-08  1.95004104e+00 
 3.75875000e-08  1.94985606e+00  3.75875000e-08  9.28989723e-01  3.75875000e-08  1.94990892e+00 
 3.75885000e-08  1.94985766e+00  3.75885000e-08  1.00913073e+00  3.75885000e-08  1.94976516e+00 
 3.75895000e-08  1.94985948e+00  3.75895000e-08  1.08716537e+00  3.75895000e-08  1.94960671e+00 
 3.75905000e-08  1.94986102e+00  3.75905000e-08  1.16316100e+00  3.75905000e-08  1.94945476e+00 
 3.75915000e-08  1.94986276e+00  3.75915000e-08  1.23743096e+00  3.75915000e-08  1.94930169e+00 
 3.77195000e-08  1.94994840e+00  3.77195000e-08  1.94997439e+00  3.77195000e-08  1.18994686e+00 
 3.77205000e-08  1.94994867e+00  3.77205000e-08  1.95000604e+00  3.77205000e-08  1.13241126e+00 
 3.77215000e-08  1.94994898e+00  3.77215000e-08  1.95003751e+00  3.77215000e-08  1.07476645e+00 
 3.77225000e-08  1.94994924e+00  3.77225000e-08  1.95006595e+00  3.77225000e-08  1.01680496e+00 
 3.77235000e-08  1.94994958e+00  3.77235000e-08  1.95008521e+00  3.77235000e-08  9.58412522e-01 
 3.77245000e-08  1.94994988e+00  3.77245000e-08  1.95010078e+00  3.77245000e-08  8.99419576e-01 
 3.78965000e-08  1.16610347e+00  3.78965000e-08  1.94999946e+00  3.78965000e-08  8.78166186e-05 
 3.78975000e-08  1.11385413e+00  3.78975000e-08  1.94999921e+00  3.78975000e-08  7.67422711e-05 
 3.78985000e-08  1.06192284e+00  3.78985000e-08  1.94999947e+00  3.78985000e-08  8.21587651e-05 
 3.78995000e-08  1.01025012e+00  3.78995000e-08  1.94999922e+00  3.78995000e-08  7.20668087e-05 
 3.79005000e-08  9.58772211e-01  3.79005000e-08  1.94999948e+00  3.79005000e-08  7.76250608e-05 
 3.79015000e-08  9.07441255e-01  3.79015000e-08  1.94999923e+00  3.79015000e-08  6.71098772e-05 
 3.83045000e-08  3.14577131e-05  3.83045000e-08  1.18399065e+00  3.83045000e-08 -2.67469529e-06 
 3.83055000e-08  3.01199412e-05  3.83055000e-08  1.12990845e+00  3.83055000e-08 -2.92489577e-06 
 3.83065000e-08  2.85939057e-05  3.83065000e-08  1.07517679e+00  3.83065000e-08 -8.38792187e-07 
 3.83075000e-08  2.74239955e-05  3.83075000e-08  1.01978817e+00  3.83075000e-08  3.58745117e-07 
 3.83085000e-08  2.64353884e-05  3.83085000e-08  9.63762726e-01  3.83085000e-08  3.30931305e-06 
 3.83095000e-08  2.57708680e-05  3.83095000e-08  9.07106341e-01  3.83095000e-08  5.31535087e-06 
 3.84825000e-08  9.24002834e-01  3.84825000e-08  1.39711294e-04  3.84825000e-08  3.88970462e-06 
 3.84835000e-08  9.65457422e-01  3.84835000e-08  1.35125361e-04  3.84835000e-08  2.65956266e-06 
 3.84845000e-08  1.00653238e+00  3.84845000e-08  1.32620547e-04  3.84845000e-08  3.70185413e-06 
 3.84855000e-08  1.04722766e+00  3.84855000e-08  1.28245439e-04  3.84855000e-08  2.48524236e-06 
 3.84865000e-08  1.08755696e+00  3.84865000e-08  1.25905440e-04  3.84865000e-08  3.52555491e-06 
 3.84875000e-08  1.12751418e+00  3.84875000e-08  1.21728911e-04  3.84875000e-08  2.32171168e-06 
 3.87085000e-08  1.94985412e+00  3.87085000e-08  8.42683528e-01  3.87085000e-08 -7.96253774e-05 
 3.87095000e-08  1.94985600e+00  3.87095000e-08  9.25006255e-01  3.87095000e-08 -1.27727369e-04 
 3.87105000e-08  1.94985763e+00  3.87105000e-08  1.00545627e+00  3.87105000e-08 -1.64471782e-04 
 3.87115000e-08  1.94985943e+00  3.87115000e-08  1.08400176e+00  3.87115000e-08 -1.86288907e-04 
 3.87125000e-08  1.94986098e+00  3.87125000e-08  1.16069599e+00  3.87125000e-08 -2.00551674e-04 
 3.87135000e-08  1.94986271e+00  3.87135000e-08  1.23572760e+00  3.87135000e-08 -2.25166219e-04 
 3.88275000e-08  1.94994433e+00  3.88275000e-08  1.94993916e+00  3.88275000e-08  8.77650502e-01 
 3.88285000e-08  1.94994462e+00  3.88285000e-08  1.94994631e+00  3.88285000e-08  9.38317543e-01 
 3.88295000e-08  1.94994495e+00  3.88295000e-08  1.94995151e+00  3.88295000e-08  9.98039242e-01 
 3.88305000e-08  1.94994524e+00  3.88305000e-08  1.94995698e+00  3.88305000e-08  1.05907783e+00 
 3.88315000e-08  1.94994556e+00  3.88315000e-08  1.94996371e+00  3.88315000e-08  1.12527756e+00 
 3.88325000e-08  1.94994583e+00  3.88325000e-08  1.94995661e+00  3.88325000e-08  1.19842676e+00 
 3.90185000e-08  1.16773624e+00  3.90185000e-08  1.94999946e+00  3.90185000e-08  1.94999201e+00 
 3.90195000e-08  1.11547619e+00  3.90195000e-08  1.94999935e+00  3.90195000e-08  1.94998620e+00 
 3.90205000e-08  1.06353439e+00  3.90205000e-08  1.94999947e+00  3.90205000e-08  1.94999547e+00 
 3.90215000e-08  1.01185465e+00  3.90215000e-08  1.94999936e+00  3.90215000e-08  1.94998657e+00 
 3.90225000e-08  9.60370304e-01  3.90225000e-08  1.94999947e+00  3.90225000e-08  1.94999301e+00 
 3.90235000e-08  9.09035408e-01  3.90235000e-08  1.94999936e+00  3.90235000e-08  1.94998732e+00 
 3.94265000e-08  3.14987727e-05  3.94265000e-08  1.18462321e+00  3.94265000e-08  1.94994253e+00 
 3.94275000e-08  3.01687291e-05  3.94275000e-08  1.13055069e+00  3.94275000e-08  1.94993698e+00 
 3.94285000e-08  2.86480661e-05  3.94285000e-08  1.07582920e+00  3.94285000e-08  1.94993466e+00 
 3.94295000e-08  2.74507916e-05  3.94295000e-08  1.02045002e+00  3.94295000e-08  1.94993708e+00 
 3.94305000e-08  2.64608219e-05  3.94305000e-08  9.64433942e-01  3.94305000e-08  1.94994593e+00 
 3.94315000e-08  2.57740078e-05  3.94315000e-08  9.07785683e-01  3.94315000e-08  1.94996144e+00 
 3.96045000e-08  9.22186021e-01  3.96045000e-08  1.22638387e-04  3.96045000e-08  1.94995469e+00 
 3.96055000e-08  9.63658001e-01  3.96055000e-08  1.18926375e-04  3.96055000e-08  1.94995683e+00 
 3.96065000e-08  1.00474998e+00  3.96065000e-08  1.16534574e-04  3.96065000e-08  1.94995727e+00 
 3.96075000e-08  1.04546127e+00  3.96075000e-08  1.12992400e-04  3.96075000e-08  1.94995932e+00 
 3.96085000e-08  1.08580656e+00  3.96085000e-08  1.10735830e-04  3.96085000e-08  1.94995970e+00 
 3.96095000e-08  1.12578015e+00  3.96095000e-08  1.07355547e-04  3.96095000e-08  1.94996167e+00 
 3.98305000e-08  1.94985405e+00  3.98305000e-08  8.41008628e-01  3.98305000e-08  1.95005078e+00 
 3.98315000e-08  1.94985591e+00  3.98315000e-08  9.23332169e-01  3.98315000e-08  1.94991814e+00 
 3.98325000e-08  1.94985757e+00  3.98325000e-08  1.00361874e+00  3.98325000e-08  1.94977566e+00 
 3.98335000e-08  1.94985934e+00  3.98335000e-08  1.08180007e+00  3.98335000e-08  1.94961784e+00 
 3.98345000e-08  1.94986093e+00  3.98345000e-08  1.15792991e+00  3.98345000e-08  1.94946406e+00 
 3.98355000e-08  1.94986262e+00  3.98355000e-08  1.23230971e+00  3.98355000e-08  1.94931351e+00 
 3.99635000e-08  1.94994838e+00  3.99635000e-08  1.94997229e+00  3.99635000e-08  1.19394501e+00 
 3.99645000e-08  1.94994866e+00  3.99645000e-08  1.95000370e+00  3.99645000e-08  1.13641020e+00 
 3.99655000e-08  1.94994895e+00  3.99655000e-08  1.95003532e+00  3.99655000e-08  1.07878274e+00 
 3.99665000e-08  1.94994923e+00  3.99665000e-08  1.95006438e+00  3.99665000e-08  1.02084420e+00 
 3.99675000e-08  1.94994955e+00  3.99675000e-08  1.95008391e+00  3.99675000e-08  9.62490530e-01 
 3.99685000e-08  1.94994986e+00  3.99685000e-08  1.95010009e+00  3.99685000e-08  9.03538734e-01 
 4.01405000e-08  1.16972973e+00  4.01405000e-08  1.94999944e+00  4.01405000e-08  8.73870113e-05 
 4.01415000e-08  1.11745829e+00  4.01415000e-08  1.94999923e+00  4.01415000e-08  7.70857964e-05 
 4.01425000e-08  1.06550507e+00  4.01425000e-08  1.94999945e+00  4.01425000e-08  8.20621493e-05 
 4.01435000e-08  1.01381814e+00  4.01435000e-08  1.94999924e+00  4.01435000e-08  7.20526586e-05 
 4.01445000e-08  9.62327133e-01  4.01445000e-08  1.94999946e+00  4.01445000e-08  7.70754427e-05 
 4.01455000e-08  9.10988571e-01  4.01455000e-08  1.94999925e+00  4.01455000e-08  6.73436364e-05 
 4.05485000e-08  3.15475149e-05  4.05485000e-08  1.18731927e+00  4.05485000e-08 -2.75800657e-06 
 4.05495000e-08  3.02158771e-05  4.05495000e-08  1.13327622e+00  4.05495000e-08 -2.91261720e-06 
 4.05505000e-08  2.87018205e-05  4.05505000e-08  1.07858661e+00  4.05505000e-08 -1.01097511e-06 
 4.05515000e-08  2.74868612e-05  4.05515000e-08  1.02323663e+00  4.05515000e-08  2.90594471e-07 
 4.05525000e-08  2.65005248e-05  4.05525000e-08  9.67251961e-01  4.05525000e-08  3.09860617e-06 
 4.05535000e-08  2.57982053e-05  4.05535000e-08  9.10632352e-01  4.05535000e-08  5.19854112e-06 
 4.07265000e-08  9.20920319e-01  4.07265000e-08  1.39867458e-04  4.07265000e-08  3.79123528e-06 
 4.07275000e-08  9.62404480e-01  4.07275000e-08  1.35414797e-04  4.07275000e-08  2.76882420e-06 
 4.07285000e-08  1.00350804e+00  4.07285000e-08  1.32767014e-04  4.07285000e-08  3.60475476e-06 
 4.07295000e-08  1.04423065e+00  4.07295000e-08  1.28522251e-04  4.07295000e-08  2.59312932e-06 
 4.07305000e-08  1.08458708e+00  4.07305000e-08  1.26039826e-04  4.07305000e-08  3.42812653e-06 
 4.07315000e-08  1.12457208e+00  4.07315000e-08  1.21992522e-04  4.07315000e-08  2.42754958e-06 
 4.09525000e-08  1.94985401e+00  4.09525000e-08  8.36436830e-01  4.09525000e-08 -7.55019733e-05 
 4.09535000e-08  1.94985584e+00  4.09535000e-08  9.18893611e-01  4.09535000e-08 -1.24571219e-04 
 4.09545000e-08  1.94985752e+00  4.09545000e-08  9.99492147e-01  4.09545000e-08 -1.61674600e-04 
 4.09555000e-08  1.94985928e+00  4.09555000e-08  1.07818512e+00  4.09555000e-08 -1.83434506e-04 
 4.09565000e-08  1.94986089e+00  4.09565000e-08  1.15501254e+00  4.09565000e-08 -1.99253027e-04 
 4.09575000e-08  1.94986256e+00  4.09575000e-08  1.23016435e+00  4.09575000e-08 -2.23014163e-04 
 4.10715000e-08  1.94994429e+00  4.10715000e-08  1.94993887e+00  4.10715000e-08  8.73073041e-01 
 4.10725000e-08  1.94994460e+00  4.10725000e-08  1.94994573e+00  4.10725000e-08  9.33844751e-01 
 4.10735000e-08  1.94994492e+00  4.10735000e-08  1.94995118e+00  4.10735000e-08  9.93595397e-01 
 4.10745000e-08  1.94994523e+00  4.10745000e-08  1.94995671e+00  4.10745000e-08  1.05434713e+00 
 4.10755000e-08  1.94994553e+00  4.10755000e-08  1.94996351e+00  4.10755000e-08  1.12003280e+00 
 4.10765000e-08  1.94994582e+00  4.10765000e-08  1.94995672e+00  4.10765000e-08  1.19294379e+00 
 4.12625000e-08  1.17170224e+00  4.12625000e-08  1.94999943e+00  4.12625000e-08  1.94999622e+00 
 4.12635000e-08  1.11941798e+00  4.12635000e-08  1.94999937e+00  4.12635000e-08  1.94999047e+00 
 4.12645000e-08  1.06745205e+00  4.12645000e-08  1.94999944e+00  4.12645000e-08  1.94999800e+00 
 4.12655000e-08  1.01575656e+00  4.12655000e-08  1.94999937e+00  4.12655000e-08  1.94999014e+00 
 4.12665000e-08  9.64257658e-01  4.12665000e-08  1.94999944e+00  4.12665000e-08  1.94999569e+00 
 4.12675000e-08  9.12914311e-01  4.12675000e-08  1.94999938e+00  4.12675000e-08  1.94998816e+00 
 4.16705000e-08  3.15962946e-05  4.16705000e-08  1.18911938e+00  4.16705000e-08  1.94994302e+00 
 4.16715000e-08  3.02666780e-05  4.16715000e-08  1.13509975e+00  4.16715000e-08  1.94993739e+00 
 4.16725000e-08  2.87608027e-05  4.16725000e-08  1.08043507e+00  4.16725000e-08  1.94993466e+00 
 4.16735000e-08  2.75227891e-05  4.16735000e-08  1.02510812e+00  4.16735000e-08  1.94993668e+00 
 4.16745000e-08  2.65379241e-05  4.16745000e-08  9.69147200e-01  4.16745000e-08  1.94994490e+00 
 4.16755000e-08  2.58146964e-05  4.16755000e-08  9.12548715e-01  4.16755000e-08  1.94995990e+00 
 4.18485000e-08  9.19028932e-01  4.18485000e-08  1.22784478e-04  4.18485000e-08  1.94995461e+00 
 4.18495000e-08  9.60531272e-01  4.18495000e-08  1.19294945e-04  4.18495000e-08  1.94995669e+00 
 4.18505000e-08  1.00165184e+00  4.18505000e-08  1.16670048e-04  4.18505000e-08  1.94995720e+00 
 4.18515000e-08  1.04239140e+00  4.18515000e-08  1.13345810e-04  4.18515000e-08  1.94995919e+00 
 4.18525000e-08  1.08276447e+00  4.18525000e-08  1.10861253e-04  4.18525000e-08  1.94995964e+00 
 4.18535000e-08  1.12276640e+00  4.18535000e-08  1.07694485e-04  4.18535000e-08  1.94996154e+00 
 4.20000000e-08  1.94925642e+00  4.20000000e-08 -6.17675734e-05  4.20000000e-08  1.94999900e+00 
