 time            v(b_out)        time            v(u_puf_u_core_sel_ro) time            v(q)           
 0.00000000e+00  4.68653885e-09  0.00000000e+00  2.46749735e-09  0.00000000e+00  2.46749746e-09 
 2.57750000e-09  9.12257310e-01  2.57750000e-09  2.97221753e-09  2.57750000e-09  2.46768489e-09 
 2.57850000e-09  9.53305119e-01  2.57850000e-09  2.97187625e-09  2.57850000e-09  2.46768472e-09 
 2.57950000e-09  9.93766222e-01  2.57950000e-09  2.96973074e-09  2.57950000e-09  2.46767784e-09 
 2.58050000e-09  1.03363988e+00  2.58050000e-09  2.96714148e-09  2.58050000e-09  2.46768200e-09 
 2.58150000e-09  1.07298362e+00  2.58150000e-09  2.96481451e-09  2.58150000e-09  2.46768117e-09 
 2.58250000e-09  1.11183903e+00  2.58250000e-09  2.96140912e-09  2.58250000e-09  2.46768372e-09 
 2.86750000e-09  1.94995967e+00  2.86750000e-09  8.05538959e-01  2.86750000e-09 -5.27578632e-05 
 2.86850000e-09  1.94995987e+00  2.86850000e-09  8.88324583e-01  2.86850000e-09 -1.04424692e-04 
 2.86950000e-09  1.94996006e+00  2.86950000e-09  9.69445350e-01  2.86950000e-09 -1.46384551e-04 
 2.87050000e-09  1.94996025e+00  2.87050000e-09  1.04877833e+00  2.87050000e-09 -1.73347877e-04 
 2.87150000e-09  1.94996044e+00  2.87150000e-09  1.12627247e+00  2.87150000e-09 -1.91942399e-04 
 2.87250000e-09  1.94996062e+00  2.87250000e-09  1.20207631e+00  2.87250000e-09 -2.08467786e-04 
 2.98750000e-09  1.94997962e+00  2.98750000e-09  1.94994242e+00  2.98750000e-09  9.00089395e-01 
 2.98850000e-09  1.94997665e+00  2.98850000e-09  1.94994947e+00  2.98850000e-09  9.60205293e-01 
 2.98950000e-09  1.94997370e+00  2.98950000e-09  1.94995553e+00  2.98950000e-09  1.01984270e+00 
 2.99050000e-09  1.94997110e+00  2.99050000e-09  1.94996191e+00  2.99050000e-09  1.08221838e+00 
 2.99150000e-09  1.94996874e+00  2.99150000e-09  1.94996347e+00  2.99150000e-09  1.15135120e+00 
 2.99250000e-09  1.94996489e+00  2.99250000e-09  1.94995935e+00  2.99250000e-09  1.22462977e+00 
 3.11450000e-09  1.13365320e+00  3.11450000e-09  1.94999967e+00  3.11450000e-09  1.94997999e+00 
 3.11550000e-09  1.08164219e+00  3.11550000e-09  1.94999947e+00  3.11550000e-09  1.94997396e+00 
 3.11650000e-09  1.02991701e+00  3.11650000e-09  1.94999972e+00  3.11650000e-09  1.94998247e+00 
 3.11750000e-09  9.78378194e-01  3.11750000e-09  1.94999953e+00  3.11750000e-09  1.94997652e+00 
 3.11850000e-09  9.27007209e-01  3.11850000e-09  1.94999977e+00  3.11850000e-09  1.94998469e+00 
 3.11950000e-09  8.75739204e-01  3.11950000e-09  1.94999957e+00  3.11950000e-09  1.94997876e+00 
 3.56350000e-09  2.41663836e-05  3.56350000e-09  1.17036133e+00  3.56350000e-09  1.94994075e+00 
 3.56450000e-09  3.80890173e-05  3.56450000e-09  1.11614011e+00  3.56450000e-09  1.94993613e+00 
 3.56550000e-09  5.56094946e-05  3.56550000e-09  1.06125703e+00  3.56550000e-09  1.94993463e+00 
 3.56650000e-09  7.48535335e-05  3.56650000e-09  1.00573204e+00  3.56650000e-09  1.94993892e+00 
 3.56750000e-09  8.42407575e-05  3.56750000e-09  9.49560974e-01  3.56750000e-09  1.94994923e+00 
 3.56850000e-09  8.50584409e-05  3.56850000e-09  8.92776032e-01  3.56850000e-09  1.94996690e+00 
 3.69950000e-09  9.11777061e-01  3.69950000e-09  3.54930751e-04  3.69950000e-09  1.94984605e+00 
 3.70050000e-09  9.52831893e-01  3.70050000e-09  3.43207835e-04  3.70050000e-09  1.94985021e+00 
 3.70150000e-09  9.93299763e-01  3.70150000e-09  3.36370425e-04  3.70150000e-09  1.94985344e+00 
 3.70250000e-09  1.03318011e+00  3.70250000e-09  3.25520759e-04  3.70250000e-09  1.94985775e+00 
 3.70350000e-09  1.07253004e+00  3.70350000e-09  3.19333494e-04  3.70350000e-09  1.94986106e+00 
 3.70450000e-09  1.11139081e+00  3.70450000e-09  3.09174875e-04  3.70450000e-09  1.94986539e+00 
 3.98850000e-09  1.94995947e+00  3.98850000e-09  8.04907290e-01  3.98850000e-09  1.95010455e+00 
 3.98950000e-09  1.94995967e+00  3.98950000e-09  8.87730260e-01  3.98950000e-09  1.94997441e+00 
 3.99050000e-09  1.94995986e+00  3.99050000e-09  9.68736153e-01  3.99050000e-09  1.94984227e+00 
 3.99150000e-09  1.94996006e+00  3.99150000e-09  1.04777272e+00  3.99150000e-09  1.94969092e+00 
 3.99250000e-09  1.94996024e+00  3.99250000e-09  1.12477100e+00  3.99250000e-09  1.94953216e+00 
 3.99350000e-09  1.94996044e+00  3.99350000e-09  1.19990542e+00  3.99350000e-09  1.94938766e+00 
 4.12250000e-09  1.94992385e+00  4.12250000e-09  1.94999388e+00  4.12250000e-09  1.16103639e+00 
 4.12350000e-09  1.94992457e+00  4.12350000e-09  1.95002751e+00  4.12350000e-09  1.10347975e+00 
 4.12450000e-09  1.94991797e+00  4.12450000e-09  1.95005722e+00  4.12450000e-09  1.04568699e+00 
 4.12550000e-09  1.94991579e+00  4.12550000e-09  1.95008113e+00  4.12550000e-09  9.87542222e-01 
 4.12650000e-09  1.94991577e+00  4.12650000e-09  1.95009817e+00  4.12650000e-09  9.28855149e-01 
 4.12750000e-09  1.94991588e+00  4.12750000e-09  1.95010941e+00  4.12750000e-09  8.69559367e-01 
 4.23650000e-09  1.13448835e+00  4.23650000e-09  1.94999989e+00  4.23650000e-09  6.20830497e-04 
 4.23750000e-09  1.08247292e+00  4.23750000e-09  1.95000025e+00  4.23750000e-09  5.97012153e-04 
 4.23850000e-09  1.03074498e+00  4.23850000e-09  1.94999990e+00  4.23850000e-09  5.82844905e-04 
 4.23950000e-09  9.79203787e-01  4.23950000e-09  1.95000025e+00  4.23950000e-09  5.60314870e-04 
 4.24050000e-09  9.27831539e-01  4.24050000e-09  1.94999990e+00  4.24050000e-09  5.47134152e-04 
 4.24150000e-09  8.76562130e-01  4.24150000e-09  1.95000024e+00  4.24150000e-09  5.25822304e-04 
 4.68550000e-09  2.38833894e-05  4.68550000e-09  1.17132954e+00  4.68550000e-09 -2.84349566e-06 
 4.68650000e-09  3.76880624e-05  4.68650000e-09  1.11711763e+00  4.68650000e-09 -2.46195638e-06 
 4.68750000e-09  5.49941413e-05  4.68750000e-09  1.06224469e+00  4.68750000e-09 -6.56701262e-07 
 4.68850000e-09  7.44899880e-05  4.68850000e-09  1.00672909e+00  4.68850000e-09  1.05700054e-06 
 4.68950000e-09  8.41193991e-05  4.68950000e-09  9.50568375e-01  4.68950000e-09  3.70656286e-06 
 4.69050000e-09  8.51521527e-05  4.69050000e-09  8.93793248e-01  4.69050000e-09  6.16207398e-06 
 4.82150000e-09  9.10586937e-01  4.82150000e-09  4.33767255e-04  4.82150000e-09  1.35622525e-05 
 4.82250000e-09  9.51659134e-01  4.82250000e-09  4.19732454e-04  4.82250000e-09  1.16319320e-05 
 4.82350000e-09  9.92143797e-01  4.82350000e-09  4.09814966e-04  4.82350000e-09  1.26755896e-05 
 4.82450000e-09  1.03204072e+00  4.82450000e-09  3.96564151e-04  4.82450000e-09  1.07775946e-05 
 4.82550000e-09  1.07140823e+00  4.82550000e-09  3.87316560e-04  4.82550000e-09  1.18421714e-05 
 4.82650000e-09  1.11028474e+00  4.82650000e-09  3.74798243e-04  4.82650000e-09  9.97966411e-06 
 5.11050000e-09  1.94995947e+00  5.11050000e-09  8.00942981e-01  5.11050000e-09 -4.97595229e-05 
 5.11150000e-09  1.94995967e+00  5.11150000e-09  8.83812164e-01  5.11150000e-09 -1.02627965e-04 
 5.11250000e-09  1.94995986e+00  5.11250000e-09  9.65030201e-01  5.11250000e-09 -1.46119055e-04 
 5.11350000e-09  1.94996006e+00  5.11350000e-09  1.04446945e+00  5.11350000e-09 -1.73351024e-04 
 5.11450000e-09  1.94996024e+00  5.11450000e-09  1.12207017e+00  5.11450000e-09 -1.93181913e-04 
 5.11550000e-09  1.94996044e+00  5.11550000e-09  1.19797286e+00  5.11550000e-09 -2.08799739e-04 
 5.22950000e-09  1.94998446e+00  5.22950000e-09  1.94994311e+00  5.22950000e-09  8.46904022e-01 
 5.23050000e-09  1.94998239e+00  5.23050000e-09  1.94994772e+00  5.23050000e-09  9.08336351e-01 
 5.23150000e-09  1.94997973e+00  5.23150000e-09  1.94995441e+00  5.23150000e-09  9.68406721e-01 
 5.23250000e-09  1.94997677e+00  5.23250000e-09  1.94995965e+00  5.23250000e-09  1.02826115e+00 
 5.23350000e-09  1.94997382e+00  5.23350000e-09  1.94996630e+00  5.23350000e-09  1.09139005e+00 
 5.23450000e-09  1.94997120e+00  5.23450000e-09  1.94996432e+00  5.23450000e-09  1.16181089e+00 
 5.35850000e-09  1.13588478e+00  5.35850000e-09  1.94999950e+00  5.35850000e-09  1.94997707e+00 
 5.35950000e-09  1.08385998e+00  5.35950000e-09  1.94999971e+00  5.35950000e-09  1.94997949e+00 
 5.36050000e-09  1.03212541e+00  5.36050000e-09  1.94999955e+00  5.36050000e-09  1.94997945e+00 
 5.36150000e-09  9.80578272e-01  5.36150000e-09  1.94999975e+00  5.36150000e-09  1.94998171e+00 
 5.36250000e-09  9.29202231e-01  5.36250000e-09  1.94999959e+00  5.36250000e-09  1.94998162e+00 
 5.36350000e-09  8.77928914e-01  5.36350000e-09  1.94999978e+00  5.36350000e-09  1.94998377e+00 
 5.77350000e-09 -5.36644198e-07  5.77350000e-09  2.00750911e+00  5.77350000e-09  1.94999910e+00 
 5.80750000e-09  2.35372108e-05  5.80750000e-09  1.17283907e+00  5.80750000e-09  1.94994124e+00 
 5.80850000e-09  3.72170726e-05  5.80850000e-09  1.11864703e+00  5.80850000e-09  1.94993607e+00 
 5.80950000e-09  5.42847323e-05  5.80950000e-09  1.06379530e+00  5.80950000e-09  1.94993480e+00 
 5.81050000e-09  7.40667021e-05  5.81050000e-09  1.00829911e+00  5.81050000e-09  1.94993838e+00 
 5.81150000e-09  8.39711418e-05  5.81150000e-09  9.52158275e-01  5.81150000e-09  1.94994881e+00 
 5.81250000e-09  8.52493466e-05  5.81250000e-09  8.95400555e-01  5.81250000e-09  1.94996572e+00 
 5.94350000e-09  9.09144895e-01  5.94350000e-09  3.55331011e-04  5.94350000e-09  1.94984588e+00 
 5.94450000e-09  9.50238113e-01  5.94450000e-09  3.43704209e-04  5.94450000e-09  1.94985006e+00 
 5.94550000e-09  9.90743109e-01  5.94550000e-09  3.36732153e-04  5.94550000e-09  1.94985327e+00 
 5.94650000e-09  1.03066013e+00  5.94650000e-09  3.25980693e-04  5.94650000e-09  1.94985759e+00 
 5.94750000e-09  1.07004300e+00  5.94750000e-09  3.19665574e-04  5.94750000e-09  1.94986089e+00 
 5.94850000e-09  1.10893263e+00  5.94850000e-09  3.09605818e-04  5.94850000e-09  1.94986523e+00 
 6.23250000e-09  1.94995946e+00  6.23250000e-09  7.99828683e-01  6.23250000e-09  1.95011118e+00 
 6.23350000e-09  1.94995966e+00  6.23350000e-09  8.82751614e-01  6.23350000e-09  1.94998177e+00 
 6.23450000e-09  1.94995985e+00  6.23450000e-09  9.63874108e-01  6.23450000e-09  1.94985095e+00 
 6.23550000e-09  1.94996005e+00  6.23550000e-09  1.04303275e+00  6.23550000e-09  1.94970071e+00 
 6.23650000e-09  1.94996023e+00  6.23650000e-09  1.12015219e+00  6.23650000e-09  1.94954188e+00 
 6.23750000e-09  1.94996043e+00  6.23750000e-09  1.19539074e+00  6.23750000e-09  1.94939741e+00 
 6.36650000e-09  1.94992337e+00  6.36650000e-09  1.94999204e+00  6.36650000e-09  1.16461464e+00 
 6.36750000e-09  1.94992520e+00  6.36750000e-09  1.95002548e+00  6.36750000e-09  1.10706276e+00 
 6.36850000e-09  1.94991830e+00  6.36850000e-09  1.95005548e+00  6.36850000e-09  1.04929102e+00 
 6.36950000e-09  1.94991590e+00  6.36950000e-09  1.95007986e+00  6.36950000e-09  9.91171392e-01 
 6.37050000e-09  1.94991570e+00  6.37050000e-09  1.95009725e+00  6.37050000e-09  9.32522955e-01 
 6.37150000e-09  1.94991597e+00  6.37150000e-09  1.95010891e+00  6.37150000e-09  8.73266197e-01 
 6.48050000e-09  1.13794230e+00  6.48050000e-09  1.94999992e+00  6.48050000e-09  6.21405084e-04 
 6.48150000e-09  1.08590564e+00  6.48150000e-09  1.95000026e+00  6.48150000e-09  5.98766778e-04 
 6.48250000e-09  1.03416327e+00  6.48250000e-09  1.94999992e+00  6.48250000e-09  5.83355531e-04 
 6.48350000e-09  9.82609292e-01  6.48350000e-09  1.95000025e+00  6.48350000e-09  5.61993868e-04 
 6.48450000e-09  9.31229351e-01  6.48450000e-09  1.94999992e+00  6.48450000e-09  5.47584896e-04 
 6.48550000e-09  8.79951861e-01  6.48550000e-09  1.95000025e+00  6.48550000e-09  5.27429589e-04 
 6.92950000e-09  2.34375735e-05  6.92950000e-09  1.17534263e+00  6.92950000e-09 -2.80736385e-06 
 6.93050000e-09  3.70880479e-05  6.93050000e-09  1.12117757e+00  6.93050000e-09 -2.60036129e-06 
 6.93150000e-09  5.40935448e-05  6.93150000e-09  1.06635518e+00  6.93150000e-09 -7.32393545e-07 
 6.93250000e-09  7.39528392e-05  6.93250000e-09  1.01088584e+00  6.93250000e-09  8.44349761e-07 
 6.93350000e-09  8.39294893e-05  6.93350000e-09  9.54773932e-01  6.93350000e-09  3.56860604e-06 
 6.93450000e-09  8.52740533e-05  6.93450000e-09  8.98042561e-01  6.93450000e-09  5.90283853e-06 
 7.06550000e-09  9.08902122e-01  7.06550000e-09  4.34782720e-04  7.06550000e-09  1.36667098e-05 
 7.06650000e-09  9.49998879e-01  7.06650000e-09  4.20533492e-04  7.06650000e-09  1.15964003e-05 
 7.06750000e-09  9.90507314e-01  7.06750000e-09  4.10772208e-04  7.06750000e-09  1.27787075e-05 
 7.06850000e-09  1.03042772e+00  7.06850000e-09  3.97312749e-04  7.06850000e-09  1.07394532e-05 
 7.06950000e-09  1.06981358e+00  7.06950000e-09  3.88219715e-04  7.06950000e-09  1.19437871e-05 
 7.07050000e-09  1.10870585e+00  7.07050000e-09  3.75497923e-04  7.07050000e-09  9.93871975e-06 
 7.35450000e-09  1.94995946e+00  7.35450000e-09  7.97493166e-01  7.35450000e-09 -4.78254868e-05 
 7.35550000e-09  1.94995966e+00  7.35550000e-09  8.80424246e-01  7.35550000e-09 -1.00625780e-04 
 7.35650000e-09  1.94995985e+00  7.35650000e-09  9.61714280e-01  7.35650000e-09 -1.44590432e-04 
 7.35750000e-09  1.94996005e+00  7.35750000e-09  1.04122867e+00  7.35750000e-09 -1.72470902e-04 
 7.35850000e-09  1.94996023e+00  7.35850000e-09  1.11890378e+00  7.35850000e-09 -1.92590039e-04 
 7.35950000e-09  1.94996043e+00  7.35950000e-09  1.19485982e+00  7.35950000e-09 -2.07628537e-04 
 7.47450000e-09  1.94998249e+00  7.47450000e-09  1.94994744e+00  7.47450000e-09  9.05828280e-01 
 7.47550000e-09  1.94997985e+00  7.47550000e-09  1.94995418e+00  7.47550000e-09  9.65938180e-01 
 7.47650000e-09  1.94997690e+00  7.47650000e-09  1.94995943e+00  7.47650000e-09  1.02575229e+00 
 7.47750000e-09  1.94997393e+00  7.47750000e-09  1.94996593e+00  7.47750000e-09  1.08868022e+00 
 7.47850000e-09  1.94997130e+00  7.47850000e-09  1.94996476e+00  7.47850000e-09  1.15876463e+00 
 7.47950000e-09  1.94996895e+00  7.47950000e-09  1.94996169e+00  7.47950000e-09  1.23211190e+00 
 7.60250000e-09  1.13808549e+00  7.60250000e-09  1.94999951e+00  7.60250000e-09  1.94997624e+00 
 7.60350000e-09  1.08604733e+00  7.60350000e-09  1.94999971e+00  7.60350000e-09  1.94998048e+00 
 7.60450000e-09  1.03430369e+00  7.60450000e-09  1.94999955e+00  7.60450000e-09  1.94997862e+00 
 7.60550000e-09  9.82748525e-01  7.60550000e-09  1.94999975e+00  7.60550000e-09  1.94998265e+00 
 7.60650000e-09  9.31367700e-01  7.60650000e-09  1.94999960e+00  7.60650000e-09  1.94998079e+00 
 7.60750000e-09  8.80089341e-01  7.60750000e-09  1.94999978e+00  7.60750000e-09  1.94998467e+00 
 8.05150000e-09  2.31758387e-05  8.05150000e-09  1.17523865e+00  8.05150000e-09  1.94994151e+00 
 8.05250000e-09  3.67451635e-05  8.05250000e-09  1.12107457e+00  8.05250000e-09  1.94993623e+00 
 8.05350000e-09  5.35744106e-05  8.05350000e-09  1.06625300e+00  8.05350000e-09  1.94993477e+00 
 8.05450000e-09  7.36360178e-05  8.05450000e-09  1.01078441e+00  8.05450000e-09  1.94993808e+00 
 8.05550000e-09  8.38108412e-05  8.05550000e-09  9.54672729e-01  8.05550000e-09  1.94994821e+00 
 8.05650000e-09  8.53337401e-05  8.05650000e-09  8.97941152e-01  8.05650000e-09  1.94996481e+00 
 8.18750000e-09  9.07834269e-01  8.18750000e-09  3.55644236e-04  8.18750000e-09  1.94984560e+00 
 8.18850000e-09  9.48946518e-01  8.18850000e-09  3.44194610e-04  8.18850000e-09  1.94985002e+00 
 8.18950000e-09  9.89470020e-01  8.18950000e-09  3.37008898e-04  8.18950000e-09  1.94985298e+00 
 8.19050000e-09  1.02940532e+00  8.19050000e-09  3.26435155e-04  8.19050000e-09  1.94985755e+00 
 8.19150000e-09  1.06880435e+00  8.19150000e-09  3.19915002e-04  8.19150000e-09  1.94986060e+00 
 8.19250000e-09  1.10770828e+00  8.19250000e-09  3.10032059e-04  8.19250000e-09  1.94986519e+00 
 8.47650000e-09  1.94995945e+00  8.47650000e-09  7.97278202e-01  8.47650000e-09  1.95011446e+00 
 8.47750000e-09  1.94995966e+00  8.47750000e-09  8.80250767e-01  8.47750000e-09  1.94998539e+00 
 8.47850000e-09  1.94995984e+00  8.47850000e-09  9.61431562e-01  8.47850000e-09  1.94985532e+00 
 8.47950000e-09  1.94996005e+00  8.47950000e-09  1.04065136e+00  8.47950000e-09  1.94970557e+00 
 8.48050000e-09  1.94996022e+00  8.48050000e-09  1.11783182e+00  8.48050000e-09  1.94954678e+00 
 8.48150000e-09  1.94996043e+00  8.48150000e-09  1.19312304e+00  8.48150000e-09  1.94940200e+00 
 8.61050000e-09  1.94992311e+00  8.61050000e-09  1.94999117e+00  8.61050000e-09  1.16624866e+00 
 8.61150000e-09  1.94992553e+00  8.61150000e-09  1.95002452e+00  8.61150000e-09  1.10869909e+00 
 8.61250000e-09  1.94991849e+00  8.61250000e-09  1.95005467e+00  8.61250000e-09  1.05093740e+00 
 8.61350000e-09  1.94991596e+00  8.61350000e-09  1.95007926e+00  8.61350000e-09  9.92829459e-01 
 8.61450000e-09  1.94991567e+00  8.61450000e-09  1.95009682e+00  8.61450000e-09  9.34199251e-01 
 8.61550000e-09  1.94991600e+00  8.61550000e-09  1.95010868e+00  8.61550000e-09  8.74960703e-01 
 8.72450000e-09  1.13971282e+00  8.72450000e-09  1.94999993e+00  8.72450000e-09  6.21615779e-04 
 8.72550000e-09  1.08766518e+00  8.72550000e-09  1.95000025e+00  8.72550000e-09  5.99658733e-04 
 8.72650000e-09  1.03591530e+00  8.72650000e-09  1.94999993e+00  8.72650000e-09  5.83538127e-04 
 8.72750000e-09  9.84354675e-01  8.72750000e-09  1.95000025e+00  8.72750000e-09  5.62847764e-04 
 8.72850000e-09  9.32970744e-01  8.72850000e-09  1.94999993e+00  8.72850000e-09  5.47741264e-04 
 8.72950000e-09  8.81689069e-01  8.72950000e-09  1.95000024e+00  8.72950000e-09  5.28247356e-04 
 9.17350000e-09  2.28817346e-05  9.17350000e-09  1.17721087e+00  9.17350000e-09 -2.79448488e-06 
 9.17450000e-09  3.63582252e-05  9.17450000e-09  1.12306770e+00  9.17450000e-09 -2.65860241e-06 
 9.17550000e-09  5.29958845e-05  9.17550000e-09  1.06826885e+00  9.17550000e-09 -7.70951042e-07 
 9.17650000e-09  7.32865516e-05  9.17650000e-09  1.01282109e+00  9.17650000e-09  7.50242549e-07 
 9.17750000e-09  8.36805354e-05  9.17750000e-09  9.56731935e-01  9.17750000e-09  3.50054647e-06 
 9.17850000e-09  8.54016161e-05  9.17850000e-09  9.00021003e-01  9.17850000e-09  5.78623656e-06 
 9.30950000e-09  9.06994038e-01  9.30950000e-09  4.35167140e-04  9.30950000e-09  1.36442906e-05 
 9.31050000e-09  9.48118523e-01  9.31050000e-09  4.21004349e-04  9.31050000e-09  1.16491631e-05 
 9.31150000e-09  9.88653900e-01  9.31150000e-09  4.11131344e-04  9.31150000e-09  1.27558660e-05 
 9.31250000e-09  1.02860093e+00  9.31250000e-09  3.97756852e-04  9.31250000e-09  1.07907462e-05 
 9.31350000e-09  1.06801266e+00  9.31350000e-09  3.88555287e-04  9.31350000e-09  1.19203325e-05 
 9.31450000e-09  1.10692827e+00  9.31450000e-09  3.75917163e-04  9.31450000e-09  9.98864256e-06 
 9.59850000e-09  1.94995945e+00  9.59850000e-09  7.93268525e-01  9.59850000e-09 -4.54397945e-05 
 9.59950000e-09  1.94995966e+00  9.59950000e-09  8.76274497e-01  9.59950000e-09 -9.81905343e-05 
 9.60050000e-09  1.94995984e+00  9.60050000e-09  9.57652396e-01  9.60050000e-09 -1.42657238e-04 
 9.60150000e-09  1.94996005e+00  9.60150000e-09  1.03725853e+00  9.60150000e-09 -1.71386304e-04 
 9.60250000e-09  1.94996022e+00  9.60250000e-09  1.11502495e+00  9.60250000e-09 -1.91833927e-04 
 9.60350000e-09  1.94996043e+00  9.60350000e-09  1.19106320e+00  9.60350000e-09 -2.06488717e-04 
 9.71850000e-09  1.94998259e+00  9.71850000e-09  1.94994710e+00  9.71850000e-09  9.02770425e-01 
 9.71950000e-09  1.94997997e+00  9.71950000e-09  1.94995390e+00  9.71950000e-09  9.62934611e-01 
 9.72050000e-09  1.94997702e+00  9.72050000e-09  1.94995916e+00  9.72050000e-09  1.02271147e+00 
 9.72150000e-09  1.94997405e+00  9.72150000e-09  1.94996548e+00  9.72150000e-09  1.08540927e+00 
 9.72250000e-09  1.94997141e+00  9.72250000e-09  1.94996534e+00  9.72250000e-09  1.15507256e+00 
 9.72350000e-09  1.94996905e+00  9.72350000e-09  1.94996161e+00  9.72350000e-09  1.22846253e+00 
 9.84650000e-09  1.14030614e+00  9.84650000e-09  1.94999951e+00  9.84650000e-09  1.94997495e+00 
 9.84750000e-09  1.08825375e+00  9.84750000e-09  1.94999970e+00  9.84750000e-09  1.94998148e+00 
 9.84850000e-09  1.03650030e+00  9.84850000e-09  1.94999955e+00  9.84850000e-09  1.94997743e+00 
 9.84950000e-09  9.84936430e-01  9.84950000e-09  1.94999974e+00  9.84950000e-09  1.94998368e+00 
 9.85050000e-09  9.33550265e-01  9.85050000e-09  1.94999960e+00  9.85050000e-09  1.94997967e+00 
 9.85150000e-09  8.82266364e-01  9.85150000e-09  1.94999977e+00  9.85150000e-09  1.94998568e+00 
 1.02955000e-08  2.23910165e-05  1.02955000e-08  1.17760565e+00  1.02955000e-08  1.94994178e+00 
 1.02965000e-08  3.57036184e-05  1.02965000e-08  1.12346937e+00  1.02965000e-08  1.94993640e+00 
 1.02975000e-08  5.20153078e-05  1.02975000e-08  1.06867770e+00  1.02975000e-08  1.94993475e+00 
 1.02985000e-08  7.26843392e-05  1.02985000e-08  1.01323657e+00  1.02985000e-08  1.94993779e+00 
 1.02995000e-08  8.34519938e-05  1.02995000e-08  9.57153799e-01  1.02995000e-08  1.94994763e+00 
 1.03005000e-08  8.55032370e-05  1.03005000e-08  9.00448244e-01  1.03005000e-08  1.94996392e+00 
 1.04315000e-08  9.05007984e-01  1.04315000e-08  3.55973576e-04  1.04315000e-08  1.94984532e+00 
 1.04325000e-08  9.46161360e-01  1.04325000e-08  3.44725668e-04  1.04325000e-08  1.94984998e+00 
 1.04335000e-08  9.86724781e-01  1.04335000e-08  3.37301421e-04  1.04335000e-08  1.94985269e+00 
 1.04345000e-08  1.02669957e+00  1.04345000e-08  3.26929072e-04  1.04345000e-08  1.94985750e+00 
 1.04355000e-08  1.06613360e+00  1.04355000e-08  3.20179630e-04  1.04355000e-08  1.94986031e+00 
 1.04365000e-08  1.10506867e+00  1.04365000e-08  3.10496392e-04  1.04365000e-08  1.94986514e+00 
 1.07205000e-08  1.94995943e+00  1.07205000e-08  7.91523075e-01  1.07205000e-08  1.95012164e+00 
 1.07215000e-08  1.94995965e+00  1.07215000e-08  8.74604631e-01  1.07215000e-08  1.94999155e+00 
 1.07225000e-08  1.94995982e+00  1.07225000e-08  9.55914577e-01  1.07225000e-08  1.94986158e+00 
 1.07235000e-08  1.94996004e+00  1.07235000e-08  1.03527313e+00  1.07235000e-08  1.94971368e+00 
 1.07245000e-08  1.94996020e+00  1.07245000e-08  1.11259222e+00  1.07245000e-08  1.94955544e+00 
 1.07255000e-08  1.94996042e+00  1.07255000e-08  1.18800359e+00  1.07255000e-08  1.94941015e+00 
 1.08545000e-08  1.94992261e+00  1.08545000e-08  1.94998910e+00  1.08545000e-08  1.17024411e+00 
 1.08555000e-08  1.94992613e+00  1.08555000e-08  1.95002222e+00  1.08555000e-08  1.11269876e+00 
 1.08565000e-08  1.94991886e+00  1.08565000e-08  1.95005269e+00  1.08565000e-08  1.05495932e+00 
 1.08575000e-08  1.94991608e+00  1.08575000e-08  1.95007781e+00  1.08575000e-08  9.96878328e-01 
 1.08585000e-08  1.94991560e+00  1.08585000e-08  1.95009575e+00  1.08585000e-08  9.38290382e-01 
 1.08595000e-08  1.94991606e+00  1.08595000e-08  1.95010808e+00  1.08595000e-08  8.79094806e-01 
 1.09685000e-08  1.14309238e+00  1.09685000e-08  1.94999994e+00  1.09685000e-08  6.22138446e-04 
 1.09695000e-08  1.09102556e+00  1.09695000e-08  1.95000024e+00  1.09695000e-08  6.01885153e-04 
 1.09705000e-08  1.03925901e+00  1.09705000e-08  1.94999994e+00  1.09705000e-08  5.83991294e-04 
 1.09715000e-08  9.87687270e-01  1.09715000e-08  1.95000024e+00  1.09715000e-08  5.64978649e-04 
 1.09725000e-08  9.36293717e-01  1.09725000e-08  1.94999994e+00  1.09725000e-08  5.48129595e-04 
 1.09735000e-08  8.85005574e-01  1.09735000e-08  1.95000023e+00  1.09735000e-08  5.30287554e-04 
 1.14175000e-08  2.21131435e-05  1.14175000e-08  1.18070996e+00  1.14175000e-08 -2.76344147e-06 
 1.14185000e-08  3.53297991e-05  1.14185000e-08  1.12660780e+00  1.14185000e-08 -2.76826727e-06 
 1.14195000e-08  5.14532105e-05  1.14195000e-08  1.07185309e+00  1.14195000e-08 -8.36640049e-07 
 1.14205000e-08  7.23347529e-05  1.14205000e-08  1.01644583e+00  1.14205000e-08  5.72149242e-07 
 1.14215000e-08  8.33157970e-05  1.14215000e-08  9.60399375e-01  1.14215000e-08  3.37711596e-06 
 1.14225000e-08  8.55545167e-05  1.14225000e-08  9.03726853e-01  1.14225000e-08  5.56531817e-06 
 1.15545000e-08  9.45406347e-01  1.15545000e-08  4.21898296e-04  1.15545000e-08  1.17485957e-05 
 1.15555000e-08  9.85981055e-01  1.15555000e-08  4.11805966e-04  1.15555000e-08  1.27123414e-05 
 1.15565000e-08  1.02596708e+00  1.15565000e-08  3.98600294e-04  1.15565000e-08  1.08875709e-05 
 1.15575000e-08  1.06541074e+00  1.15575000e-08  3.89185894e-04  1.15575000e-08  1.18762928e-05 
 1.15585000e-08  1.10435443e+00  1.15585000e-08  3.76713289e-04  1.15585000e-08  1.00824752e-05 
 1.15595000e-08  1.14289936e+00  1.15595000e-08  3.67929037e-04  1.15595000e-08  1.10969594e-05 
 1.18425000e-08  1.94995942e+00  1.18425000e-08  7.88061358e-01  1.18425000e-08 -4.30161588e-05 
 1.18435000e-08  1.94995965e+00  1.18435000e-08  8.71157648e-01  1.18435000e-08 -9.52885397e-05 
 1.18445000e-08  1.94995982e+00  1.18445000e-08  9.52644074e-01  1.18445000e-08 -1.40277354e-04 
 1.18455000e-08  1.94996004e+00  1.18455000e-08  1.03236050e+00  1.18455000e-08 -1.70020803e-04 
 1.18465000e-08  1.94996020e+00  1.18465000e-08  1.11023965e+00  1.18465000e-08 -1.90569829e-04 
 1.18475000e-08  1.94996042e+00  1.18475000e-08  1.18639102e+00  1.18475000e-08 -2.05526907e-04 
 1.19625000e-08  1.94998272e+00  1.19625000e-08  1.94994675e+00  1.19625000e-08  8.98958697e-01 
 1.19635000e-08  1.94998014e+00  1.19635000e-08  1.94995348e+00  1.19635000e-08  9.59191015e-01 
 1.19645000e-08  1.94997720e+00  1.19645000e-08  1.94995887e+00  1.19645000e-08  1.01893110e+00 
 1.19655000e-08  1.94997423e+00  1.19655000e-08  1.94996482e+00  1.19655000e-08  1.08135660e+00 
 1.19665000e-08  1.94997155e+00  1.19665000e-08  1.94996613e+00  1.19665000e-08  1.15047598e+00 
 1.19675000e-08  1.94996920e+00  1.19675000e-08  1.94996145e+00  1.19675000e-08  1.22390398e+00 
 1.20905000e-08  1.14357008e+00  1.20905000e-08  1.94999953e+00  1.20905000e-08  1.94997347e+00 
 1.20915000e-08  1.09149949e+00  1.20915000e-08  1.94999967e+00  1.20915000e-08  1.94998286e+00 
 1.20925000e-08  1.03972938e+00  1.20925000e-08  1.94999958e+00  1.20925000e-08  1.94997606e+00 
 1.20935000e-08  9.88155073e-01  1.20935000e-08  1.94999971e+00  1.20935000e-08  1.94998509e+00 
 1.20945000e-08  9.36759122e-01  1.20945000e-08  1.94999962e+00  1.20945000e-08  1.94997832e+00 
 1.20955000e-08  8.85469257e-01  1.20955000e-08  1.94999974e+00  1.20955000e-08  1.94998701e+00 
 1.25395000e-08  2.18240110e-05  1.25395000e-08  1.18058936e+00  1.25395000e-08  1.94994212e+00 
 1.25405000e-08  3.49391136e-05  1.25405000e-08  1.12648804e+00  1.25405000e-08  1.94993662e+00 
 1.25415000e-08  5.08628509e-05  1.25415000e-08  1.07173399e+00  1.25415000e-08  1.94993473e+00 
 1.25425000e-08  7.19641912e-05  1.25425000e-08  1.01632740e+00  1.25425000e-08  1.94993745e+00 
 1.25435000e-08  8.31685741e-05  1.25435000e-08  9.60281064e-01  1.25435000e-08  1.94994692e+00 
 1.25445000e-08  8.56026833e-05  1.25445000e-08  9.03608300e-01  1.25445000e-08  1.94996283e+00 
 1.26765000e-08  9.44089115e-01  1.26765000e-08  3.45380160e-04  1.26765000e-08  1.94984981e+00 
 1.26775000e-08  9.84682026e-01  1.26775000e-08  3.37673450e-04  1.26775000e-08  1.94985244e+00 
 1.26785000e-08  1.02468653e+00  1.26785000e-08  3.27537152e-04  1.26785000e-08  1.94985733e+00 
 1.26795000e-08  1.06414651e+00  1.26795000e-08  3.20516520e-04  1.26795000e-08  1.94986006e+00 
 1.26805000e-08  1.10310530e+00  1.26805000e-08  3.11067527e-04  1.26805000e-08  1.94986496e+00 
 1.26815000e-08  1.14166061e+00  1.26815000e-08  3.04580313e-04  1.26815000e-08  1.94986768e+00 
 1.29645000e-08  1.94995942e+00  1.29645000e-08  7.87160293e-01  1.29645000e-08  1.95012678e+00 
 1.29655000e-08  1.94995965e+00  1.29655000e-08  8.70320190e-01  1.29655000e-08  1.94999926e+00 
 1.29665000e-08  1.94995981e+00  1.29665000e-08  9.51726993e-01  1.29665000e-08  1.94987208e+00 
 1.29675000e-08  1.94996004e+00  1.29675000e-08  1.03118843e+00  1.29675000e-08  1.94972445e+00 
 1.29685000e-08  1.94996019e+00  1.29685000e-08  1.10861166e+00  1.29685000e-08  1.94956574e+00 
 1.29695000e-08  1.94996042e+00  1.29695000e-08  1.18411446e+00  1.29695000e-08  1.94941938e+00 
 1.30985000e-08  1.94992220e+00  1.30985000e-08  1.94998752e+00  1.30985000e-08  1.17331675e+00 
 1.30995000e-08  1.94992659e+00  1.30995000e-08  1.95002047e+00  1.30995000e-08  1.11577407e+00 
 1.31005000e-08  1.94991917e+00  1.31005000e-08  1.95005115e+00  1.31005000e-08  1.05805095e+00 
 1.31015000e-08  1.94991619e+00  1.31015000e-08  1.95007668e+00  1.31015000e-08  9.99990091e-01 
 1.31025000e-08  1.94991555e+00  1.31025000e-08  1.95009490e+00  1.31025000e-08  9.41434051e-01 
 1.31035000e-08  1.94991610e+00  1.31035000e-08  1.95010762e+00  1.31035000e-08  8.82271166e-01 
 1.32125000e-08  1.14571928e+00  1.32125000e-08  1.94999996e+00  1.32125000e-08  6.22534382e-04 
 1.32135000e-08  1.09363797e+00  1.32135000e-08  1.95000023e+00  1.32135000e-08  6.03613730e-04 
 1.32145000e-08  1.04185770e+00  1.32145000e-08  1.94999995e+00  1.32145000e-08  5.84334479e-04 
 1.32155000e-08  9.90277672e-01  1.32155000e-08  1.95000023e+00  1.32155000e-08  5.66632461e-04 
 1.32165000e-08  9.38876018e-01  1.32165000e-08  1.94999995e+00  1.32165000e-08  5.48423604e-04 
 1.32175000e-08  8.87583255e-01  1.32175000e-08  1.95000022e+00  1.32175000e-08  5.31870363e-04 
 1.36615000e-08  2.16485999e-05  1.36615000e-08  1.18344912e+00  1.36615000e-08 -2.74897260e-06 
 1.36625000e-08  3.47005010e-05  1.36625000e-08  1.12937911e+00  1.36625000e-08 -2.83918525e-06 
 1.36635000e-08  5.05014646e-05  1.36635000e-08  1.07465895e+00  1.36635000e-08 -8.97591366e-07 
 1.36645000e-08  7.17357038e-05  1.36645000e-08  1.01928342e+00  1.36645000e-08  4.44907199e-07 
 1.36655000e-08  8.30767341e-05  1.36655000e-08  9.63270453e-01  1.36655000e-08  3.27128695e-06 
 1.36665000e-08  8.55885825e-05  1.36665000e-08  9.06628094e-01  1.36665000e-08  5.40209912e-06 
 1.37985000e-08  9.43594714e-01  1.37985000e-08  4.22589175e-04  1.37985000e-08  1.18488903e-05 
 1.37995000e-08  9.84194637e-01  1.37995000e-08  4.12311229e-04  1.37995000e-08  1.26583354e-05 
 1.38005000e-08  1.02420628e+00  1.38005000e-08  3.99252396e-04  1.38005000e-08  1.09853737e-05 
 1.38015000e-08  1.06367243e+00  1.38015000e-08  3.89657056e-04  1.38015000e-08  1.18218126e-05 
 1.38025000e-08  1.10263695e+00  1.38025000e-08  3.77329263e-04  1.38025000e-08  1.01778132e-05 
 1.38035000e-08  1.14119623e+00  1.38035000e-08  3.68368627e-04  1.38035000e-08  1.10421245e-05 
 1.40865000e-08  1.94995941e+00  1.40865000e-08  7.84246877e-01  1.40865000e-08 -4.04667121e-05 
 1.40875000e-08  1.94995965e+00  1.40875000e-08  8.67408703e-01  1.40875000e-08 -9.40544115e-05 
 1.40885000e-08  1.94995981e+00  1.40885000e-08  9.48973592e-01  1.40885000e-08 -1.39479621e-04 
 1.40895000e-08  1.94996004e+00  1.40895000e-08  1.02877359e+00  1.40895000e-08 -1.68349730e-04 
 1.40905000e-08  1.94996019e+00  1.40905000e-08  1.10673740e+00  1.40905000e-08 -1.88886316e-04 
 1.40915000e-08  1.94996042e+00  1.40915000e-08  1.18295107e+00  1.40915000e-08 -2.03860296e-04 
 1.42065000e-08  1.94998285e+00  1.42065000e-08  1.94994649e+00  1.42065000e-08  8.96146138e-01 
 1.42075000e-08  1.94998031e+00  1.42075000e-08  1.94995319e+00  1.42075000e-08  9.56430015e-01 
 1.42085000e-08  1.94997737e+00  1.42085000e-08  1.94995864e+00  1.42085000e-08  1.01614998e+00 
 1.42095000e-08  1.94997439e+00  1.42095000e-08  1.94996434e+00  1.42095000e-08  1.07837565e+00 
 1.42105000e-08  1.94997169e+00  1.42105000e-08  1.94996672e+00  1.42105000e-08  1.14707034e+00 
 1.42115000e-08  1.94996933e+00  1.42115000e-08  1.94996134e+00  1.42115000e-08  1.22051578e+00 
 1.43345000e-08  1.14648324e+00  1.43345000e-08  1.94999955e+00  1.43345000e-08  1.94997246e+00 
 1.43355000e-08  1.09439651e+00  1.43355000e-08  1.94999965e+00  1.43355000e-08  1.94998396e+00 
 1.43365000e-08  1.04261107e+00  1.43365000e-08  1.94999959e+00  1.43365000e-08  1.94997506e+00 
 1.43375000e-08  9.91027494e-01  1.43375000e-08  1.94999969e+00  1.43375000e-08  1.94998613e+00 
 1.43385000e-08  9.39622482e-01  1.43385000e-08  1.94999963e+00  1.43385000e-08  1.94997729e+00 
 1.43395000e-08  8.88327613e-01  1.43395000e-08  1.94999973e+00  1.43395000e-08  1.94998795e+00 
 1.47835000e-08  2.11352252e-05  1.47835000e-08  1.18369369e+00  1.47835000e-08  1.94994248e+00 
 1.47845000e-08  3.39991553e-05  1.47845000e-08  1.12962880e+00  1.47845000e-08  1.94993685e+00 
 1.47855000e-08  4.93677584e-05  1.47855000e-08  1.07491390e+00  1.47855000e-08  1.94993473e+00 
 1.47865000e-08  7.09589133e-05  1.47865000e-08  1.01954329e+00  1.47865000e-08  1.94993712e+00 
 1.47875000e-08  8.27873066e-05  1.47875000e-08  9.63534929e-01  1.47875000e-08  1.94994620e+00 
 1.47885000e-08  8.56851432e-05  1.47885000e-08  9.06896399e-01  1.47885000e-08  1.94996171e+00 
 1.49205000e-08  9.41441068e-01  1.49205000e-08  3.46027673e-04  1.49205000e-08  1.94984957e+00 
 1.49215000e-08  9.82071490e-01  1.49215000e-08  3.38041548e-04  1.49215000e-08  1.94985224e+00 
 1.49225000e-08  1.02211414e+00  1.49225000e-08  3.28137676e-04  1.49225000e-08  1.94985708e+00 
 1.49235000e-08  1.06160726e+00  1.49235000e-08  3.20849118e-04  1.49235000e-08  1.94985985e+00 
 1.49245000e-08  1.10059680e+00  1.49245000e-08  3.11630943e-04  1.49245000e-08  1.94986471e+00 
 1.49255000e-08  1.13917362e+00  1.49255000e-08  3.04885415e-04  1.49255000e-08  1.94986748e+00 
 1.52095000e-08  1.94995964e+00  1.52095000e-08  8.65004719e-01  1.52095000e-08  1.95000914e+00 
 1.52105000e-08  1.94995980e+00  1.52105000e-08  9.46534593e-01  1.52105000e-08  1.94988126e+00 
 1.52115000e-08  1.94996003e+00  1.52115000e-08  1.02612569e+00  1.52115000e-08  1.94973473e+00 
 1.52125000e-08  1.94996018e+00  1.52125000e-08  1.10368983e+00  1.52125000e-08  1.94957601e+00 
 1.52135000e-08  1.94996041e+00  1.52135000e-08  1.17931799e+00  1.52135000e-08  1.94942866e+00 
 1.52145000e-08  1.94996056e+00  1.52145000e-08  1.25331835e+00  1.52145000e-08  1.94926849e+00 
 1.53425000e-08  1.94992238e+00  1.53425000e-08  1.94998562e+00  1.53425000e-08  1.17692509e+00 
 1.53435000e-08  1.94992658e+00  1.53435000e-08  1.95001838e+00  1.53435000e-08  1.11938539e+00 
 1.53445000e-08  1.94991940e+00  1.53445000e-08  1.95004930e+00  1.53445000e-08  1.06168130e+00 
 1.53455000e-08  1.94991622e+00  1.53455000e-08  1.95007535e+00  1.53455000e-08  1.00364395e+00 
 1.53465000e-08  1.94991551e+00  1.53465000e-08  1.95009387e+00  1.53465000e-08  9.45125478e-01 
 1.53475000e-08  1.94991613e+00  1.53475000e-08  1.95010709e+00  1.53475000e-08  8.86001222e-01 
 1.54565000e-08  1.14896404e+00  1.54565000e-08  1.94999996e+00  1.54565000e-08  6.22755835e-04 
 1.54575000e-08  1.09686467e+00  1.54575000e-08  1.95000022e+00  1.54575000e-08  6.05770510e-04 
 1.54585000e-08  1.04506723e+00  1.54585000e-08  1.94999996e+00  1.54585000e-08  5.84501447e-04 
 1.54595000e-08  9.93476796e-01  1.54595000e-08  1.95000022e+00  1.54595000e-08  5.68700875e-04 
 1.54605000e-08  9.42065019e-01  1.54605000e-08  1.94999996e+00  1.54605000e-08  5.48540018e-04 
 1.54615000e-08  8.90766484e-01  1.54615000e-08  1.95000021e+00  1.54615000e-08  5.33854711e-04 
 1.59055000e-08  2.09828220e-05  1.59055000e-08  1.18676327e+00  1.59055000e-08 -2.73089510e-06 
 1.59065000e-08  3.37870067e-05  1.59065000e-08  1.13273221e+00  1.59065000e-08 -2.92385527e-06 
 1.59075000e-08  4.91489771e-05  1.59075000e-08  1.07805388e+00  1.59075000e-08 -9.69656633e-07 
 1.59085000e-08  7.07945725e-05  1.59085000e-08  1.02271680e+00  1.59085000e-08  2.91306722e-07 
 1.59095000e-08  8.26949993e-05  1.59095000e-08  9.66744418e-01  1.59095000e-08  3.14281234e-06 
 1.59105000e-08  8.56581537e-05  1.59105000e-08  9.10138645e-01  1.59105000e-08  5.20468537e-06 
 1.60425000e-08  9.40922365e-01  1.60425000e-08  4.23410659e-04  1.60425000e-08  1.19663254e-05 
 1.60435000e-08  9.81560128e-01  1.60435000e-08  4.12920031e-04  1.60435000e-08  1.25962118e-05 
 1.60445000e-08  1.02161025e+00  1.60445000e-08  4.00027384e-04  1.60445000e-08  1.10998471e-05 
 1.60455000e-08  1.06110989e+00  1.60455000e-08  3.90224956e-04  1.60455000e-08  1.17592464e-05 
 1.60465000e-08  1.10010549e+00  1.60465000e-08  3.78060848e-04  1.60465000e-08  1.02892355e-05 
 1.60475000e-08  1.13868661e+00  1.60475000e-08  3.68898499e-04  1.60475000e-08  1.09790155e-05 
 1.63315000e-08  1.94995963e+00  1.63315000e-08  8.61921875e-01  1.63315000e-08 -9.04708764e-05 
 1.63325000e-08  1.94995980e+00  1.63325000e-08  9.43601449e-01  1.63325000e-08 -1.36490854e-04 
 1.63335000e-08  1.94996002e+00  1.63335000e-08  1.02352089e+00  1.63335000e-08 -1.66999059e-04 
 1.63345000e-08  1.94996018e+00  1.63345000e-08  1.10160722e+00  1.63345000e-08 -1.87729107e-04 
 1.63355000e-08  1.94996040e+00  1.63355000e-08  1.17793029e+00  1.63355000e-08 -2.02846503e-04 
 1.63365000e-08  1.94996056e+00  1.63365000e-08  1.25264699e+00  1.63365000e-08 -2.30336085e-04 
 1.64505000e-08  1.94998300e+00  1.64505000e-08  1.94994608e+00  1.64505000e-08  8.92131814e-01 
 1.64515000e-08  1.94998049e+00  1.64515000e-08  1.94995280e+00  1.64515000e-08  9.52491548e-01 
 1.64525000e-08  1.94997756e+00  1.64525000e-08  1.94995826e+00  1.64525000e-08  1.01219232e+00 
 1.64535000e-08  1.94997458e+00  1.64535000e-08  1.94996364e+00  1.64535000e-08  1.07416455e+00 
 1.64545000e-08  1.94997185e+00  1.64545000e-08  1.94996749e+00  1.64545000e-08  1.14227550e+00 
 1.64555000e-08  1.94996948e+00  1.64555000e-08  1.94996126e+00  1.64555000e-08  1.21572538e+00 
 1.65785000e-08  1.14974044e+00  1.65785000e-08  1.94999955e+00  1.65785000e-08  1.94997093e+00 
 1.65795000e-08  1.09763554e+00  1.65795000e-08  1.94999964e+00  1.65795000e-08  1.94998545e+00 
 1.65805000e-08  1.04583281e+00  1.65805000e-08  1.94999960e+00  1.65805000e-08  1.94997352e+00 
 1.65815000e-08  9.94238734e-01  1.65815000e-08  1.94999968e+00  1.65815000e-08  1.94998750e+00 
 1.65825000e-08  9.42823467e-01  1.65825000e-08  1.94999964e+00  1.65825000e-08  1.94997595e+00 
 1.65835000e-08  8.91522722e-01  1.65835000e-08  1.94999972e+00  1.65835000e-08  1.94998951e+00 
 1.70275000e-08  2.04779821e-05  1.70275000e-08  1.18703703e+00  1.70275000e-08  1.94994288e+00 
 1.70285000e-08  3.30871224e-05  1.70285000e-08  1.13301145e+00  1.70285000e-08  1.94993712e+00 
 1.70295000e-08  4.84123292e-05  1.70295000e-08  1.07833875e+00  1.70295000e-08  1.94993474e+00 
 1.70305000e-08  6.98150285e-05  1.70305000e-08  1.02300698e+00  1.70305000e-08  1.94993679e+00 
 1.70315000e-08  8.22757323e-05  1.70315000e-08  9.67039589e-01  1.70315000e-08  1.94994545e+00 
 1.70325000e-08  8.56495254e-05  1.70325000e-08  9.10438023e-01  1.70325000e-08  1.94996052e+00 
 1.71645000e-08  9.38632476e-01  1.71645000e-08  3.46744304e-04  1.71645000e-08  1.94984931e+00 
 1.71655000e-08  9.79302628e-01  1.71655000e-08  3.38465537e-04  1.71655000e-08  1.94985204e+00 
 1.71665000e-08  1.01938571e+00  1.71665000e-08  3.28801853e-04  1.71665000e-08  1.94985681e+00 
 1.71675000e-08  1.05891418e+00  1.71675000e-08  3.21232981e-04  1.71675000e-08  1.94985965e+00 
 1.71685000e-08  1.09793665e+00  1.71685000e-08  3.12253653e-04  1.71685000e-08  1.94986445e+00 
 1.71695000e-08  1.13653700e+00  1.71695000e-08  3.05238101e-04  1.71695000e-08  1.94986728e+00 
 1.74535000e-08  1.94995963e+00  1.74535000e-08  8.59232672e-01  1.74535000e-08  1.95001951e+00 
 1.74545000e-08  1.94995977e+00  1.74545000e-08  9.40889641e-01  1.74545000e-08  1.94989069e+00 
 1.74555000e-08  1.94996002e+00  1.74555000e-08  1.02061515e+00  1.74555000e-08  1.94974546e+00 
 1.74565000e-08  1.94996015e+00  1.74565000e-08  1.09832209e+00  1.74565000e-08  1.94958687e+00 
 1.74575000e-08  1.94996040e+00  1.74575000e-08  1.17407601e+00  1.74575000e-08  1.94943847e+00 
 1.74585000e-08  1.94996054e+00  1.74585000e-08  1.24818121e+00  1.74585000e-08  1.94928055e+00 
 1.75865000e-08  1.94992253e+00  1.75865000e-08  1.94998352e+00  1.75865000e-08  1.18096928e+00 
 1.75875000e-08  1.94992653e+00  1.75875000e-08  1.95001603e+00  1.75875000e-08  1.12343231e+00 
 1.75885000e-08  1.94991964e+00  1.75885000e-08  1.95004722e+00  1.75885000e-08  1.06574840e+00 
 1.75895000e-08  1.94991626e+00  1.75895000e-08  1.95007382e+00  1.75895000e-08  1.00773661e+00 
 1.75905000e-08  1.94991547e+00  1.75905000e-08  1.95009270e+00  1.75905000e-08  9.49259260e-01 
 1.75915000e-08  1.94991614e+00  1.75915000e-08  1.95010644e+00  1.75915000e-08  8.90177786e-01 
 1.77005000e-08  1.15219965e+00  1.77005000e-08  1.94999998e+00  1.77005000e-08  6.22690967e-04 
 1.77015000e-08  1.10008211e+00  1.77015000e-08  1.95000021e+00  1.77015000e-08  6.08494205e-04 
 1.77025000e-08  1.04826730e+00  1.77025000e-08  1.94999998e+00  1.77025000e-08  5.84382302e-04 
 1.77035000e-08  9.96666284e-01  1.77035000e-08  1.95000020e+00  1.77035000e-08  5.71319033e-04 
 1.77045000e-08  9.45244280e-01  1.77045000e-08  1.94999998e+00  1.77045000e-08  5.48370878e-04 
 1.77055000e-08  8.93939914e-01  1.77055000e-08  1.95000020e+00  1.77055000e-08  5.36372250e-04 
 1.81495000e-08  2.04945670e-05  1.81495000e-08  1.19001780e+00  1.81495000e-08 -2.73784412e-06 
 1.81505000e-08  3.31073576e-05  1.81505000e-08  1.13602508e+00  1.81505000e-08 -2.98034966e-06 
 1.81515000e-08  4.84362187e-05  1.81515000e-08  1.08138784e+00  1.81515000e-08 -1.06369030e-06 
 1.81525000e-08  6.98444257e-05  1.81525000e-08  1.02608858e+00  1.81525000e-08  1.62622924e-07 
 1.81535000e-08  8.22899806e-05  1.81535000e-08  9.70156125e-01  1.81535000e-08  2.99608222e-06 
 1.81545000e-08  8.56492625e-05  1.81545000e-08  9.13586400e-01  1.81545000e-08  5.03033829e-06 
 1.82865000e-08  9.39013069e-01  1.82865000e-08  4.24246637e-04  1.82865000e-08  1.20923546e-05 
 1.82875000e-08  9.79677840e-01  1.82875000e-08  4.13523863e-04  1.82875000e-08  1.25239558e-05 
 1.82885000e-08  1.01975547e+00  1.82885000e-08  4.00816806e-04  1.82885000e-08  1.12230192e-05 
 1.82895000e-08  1.05927913e+00  1.82895000e-08  3.90788230e-04  1.82895000e-08  1.16865451e-05 
 1.82905000e-08  1.09829714e+00  1.82905000e-08  3.78806780e-04  1.82905000e-08  1.04094401e-05 
 1.82915000e-08  1.13689426e+00  1.82915000e-08  3.69424047e-04  1.82915000e-08  1.09057706e-05 
 1.85755000e-08  1.94995963e+00  1.85755000e-08  8.58067820e-01  1.85755000e-08 -8.79405763e-05 
 1.85765000e-08  1.94995978e+00  1.85765000e-08  9.39827407e-01  1.85765000e-08 -1.34344809e-04 
 1.85775000e-08  1.94996002e+00  1.85775000e-08  1.01982527e+00  1.85775000e-08 -1.65926272e-04 
 1.85785000e-08  1.94996016e+00  1.85785000e-08  1.09799290e+00  1.85785000e-08 -1.86832903e-04 
 1.85795000e-08  1.94996040e+00  1.85795000e-08  1.17439331e+00  1.85795000e-08 -2.02194747e-04 
 1.85805000e-08  1.94996054e+00  1.85805000e-08  1.24918560e+00  1.85805000e-08 -2.29178821e-04 
 1.86945000e-08  1.94998308e+00  1.86945000e-08  1.94994570e+00  1.86945000e-08  8.89324900e-01 
 1.86955000e-08  1.94998060e+00  1.86955000e-08  1.94995250e+00  1.86955000e-08  9.49741067e-01 
 1.86965000e-08  1.94997768e+00  1.86965000e-08  1.94995792e+00  1.86965000e-08  1.00943632e+00 
 1.86975000e-08  1.94997470e+00  1.86975000e-08  1.94996312e+00  1.86975000e-08  1.07123977e+00 
 1.86985000e-08  1.94997195e+00  1.86985000e-08  1.94996797e+00  1.86985000e-08  1.13894085e+00 
 1.86995000e-08  1.94996958e+00  1.86995000e-08  1.94996122e+00  1.86995000e-08  1.21238063e+00 
 1.88225000e-08  1.15192768e+00  1.88225000e-08  1.94999955e+00  1.88225000e-08  1.94996986e+00 
 1.88235000e-08  1.09981043e+00  1.88235000e-08  1.94999964e+00  1.88235000e-08  1.94998644e+00 
 1.88245000e-08  1.04799596e+00  1.88245000e-08  1.94999959e+00  1.88245000e-08  1.94997253e+00 
 1.88255000e-08  9.96394754e-01  1.88255000e-08  1.94999969e+00  1.88255000e-08  1.94998857e+00 
 1.88265000e-08  9.44972631e-01  1.88265000e-08  1.94999964e+00  1.88265000e-08  1.94997493e+00 
 1.88275000e-08  8.93667990e-01  1.88275000e-08  1.94999972e+00  1.88275000e-08  1.94999039e+00 
 1.92715000e-08  2.00418024e-05  1.92715000e-08  1.18916687e+00  1.92715000e-08  1.94994313e+00 
 1.92725000e-08  3.24749437e-05  1.92725000e-08  1.13516635e+00  1.92725000e-08  1.94993730e+00 
 1.92735000e-08  4.77685441e-05  1.92735000e-08  1.08052055e+00  1.92735000e-08  1.94993477e+00 
 1.92745000e-08  6.89579414e-05  1.92745000e-08  1.02521353e+00  1.92745000e-08  1.94993659e+00 
 1.92755000e-08  8.19075347e-05  1.92755000e-08  9.69272288e-01  1.92755000e-08  1.94994499e+00 
 1.92765000e-08  8.56314656e-05  1.92765000e-08  9.12694336e-01  1.92765000e-08  1.94995979e+00 
 1.94085000e-08  9.36922233e-01  1.94085000e-08  3.47206654e-04  1.94085000e-08  1.94984915e+00 
 1.94095000e-08  9.77616608e-01  1.94095000e-08  3.38721484e-04  1.94095000e-08  1.94985192e+00 
 1.94105000e-08  1.01772435e+00  1.94105000e-08  3.29230035e-04  1.94105000e-08  1.94985664e+00 
 1.94115000e-08  1.05727445e+00  1.94115000e-08  3.21463866e-04  1.94115000e-08  1.94985953e+00 
 1.94125000e-08  1.09631716e+00  1.94125000e-08  3.12654758e-04  1.94125000e-08  1.94986427e+00 
 1.94135000e-08  1.13493220e+00  1.94135000e-08  3.05449632e-04  1.94135000e-08  1.94986716e+00 
 1.96975000e-08  1.94995963e+00  1.96975000e-08  8.55769531e-01  1.96975000e-08  1.95002563e+00 
 1.96985000e-08  1.94995975e+00  1.96985000e-08  9.37504966e-01  1.96985000e-08  1.94989627e+00 
 1.96995000e-08  1.94996002e+00  1.96995000e-08  1.01731327e+00  1.96995000e-08  1.94975185e+00 
 1.97005000e-08  1.94996014e+00  1.97005000e-08  1.09509597e+00  1.97005000e-08  1.94959338e+00 
 1.97015000e-08  1.94996040e+00  1.97015000e-08  1.17091619e+00  1.97015000e-08  1.94944444e+00 
 1.97025000e-08  1.94996052e+00  1.97025000e-08  1.24508504e+00  1.97025000e-08  1.94928793e+00 
 1.98305000e-08  1.94992266e+00  1.98305000e-08  1.94998208e+00  1.98305000e-08  1.18340329e+00 
 1.98315000e-08  1.94992650e+00  1.98315000e-08  1.95001459e+00  1.98315000e-08  1.12586709e+00 
 1.98325000e-08  1.94991985e+00  1.98325000e-08  1.95004601e+00  1.98325000e-08  1.06819417e+00 
 1.98335000e-08  1.94991630e+00  1.98335000e-08  1.95007299e+00  1.98335000e-08  1.01019635e+00 
 1.98345000e-08  1.94991544e+00  1.98345000e-08  1.95009206e+00  1.98345000e-08  9.51742144e-01 
 1.98355000e-08  1.94991614e+00  1.98355000e-08  1.95010612e+00  1.98355000e-08  8.92684727e-01 
 1.99445000e-08  1.15444799e+00  1.99445000e-08  1.94999999e+00  1.99445000e-08  6.22569198e-04 
 1.99455000e-08  1.10231774e+00  1.99455000e-08  1.95000020e+00  1.99455000e-08  6.10216450e-04 
 1.99465000e-08  1.05049071e+00  1.99465000e-08  1.94999999e+00  1.99465000e-08  5.84229752e-04 
 1.99475000e-08  9.98882223e-01  1.99475000e-08  1.95000020e+00  1.99475000e-08  5.72975807e-04 
 1.99485000e-08  9.47453017e-01  1.99485000e-08  1.94999998e+00  1.99485000e-08  5.48190100e-04 
 1.99495000e-08  8.96144566e-01  1.99495000e-08  1.95000019e+00  1.99495000e-08  5.37966568e-04 
 2.03945000e-08  3.21897777e-05  2.03945000e-08  1.13836113e+00  2.03945000e-08 -3.05578730e-06 
 2.03955000e-08  4.74638584e-05  2.03955000e-08  1.08375307e+00  2.03955000e-08 -1.08819869e-06 
 2.03965000e-08  6.85488035e-05  2.03965000e-08  1.02848068e+00  2.03965000e-08  4.00821137e-08 
 2.03975000e-08  8.17294112e-05  2.03975000e-08  9.72576588e-01  2.03975000e-08  2.92514972e-06 
 2.03985000e-08  8.56156227e-05  2.03985000e-08  9.16032502e-01  2.03985000e-08  4.87698211e-06 
 2.03995000e-08  8.15777732e-05  2.03995000e-08  8.58893645e-01  2.03995000e-08  8.29014489e-06 
 2.05305000e-08  9.36412619e-01  2.05305000e-08  4.24866575e-04  2.05305000e-08  1.21994055e-05 
 2.05315000e-08  9.77114222e-01  2.05315000e-08  4.13911728e-04  2.05315000e-08  1.24552505e-05 
 2.05325000e-08  1.01722934e+00  2.05325000e-08  4.01403215e-04  2.05325000e-08  1.13280567e-05 
 2.05335000e-08  1.05678591e+00  2.05335000e-08  3.91148320e-04  2.05335000e-08  1.16175216e-05 
 2.05345000e-08  1.09583469e+00  2.05345000e-08  3.79361848e-04  2.05345000e-08  1.05123792e-05 
 2.05355000e-08  1.13445415e+00  2.05355000e-08  3.69758352e-04  2.05355000e-08  1.08363642e-05 
 2.08195000e-08  1.94995963e+00  2.08195000e-08  8.52793316e-01  2.08195000e-08 -8.44162688e-05 
 2.08205000e-08  1.94995975e+00  2.08205000e-08  9.34661687e-01  2.08205000e-08 -1.31360869e-04 
 2.08215000e-08  1.94996002e+00  2.08215000e-08  1.01477354e+00  2.08215000e-08 -1.64537272e-04 
 2.08225000e-08  1.94996014e+00  2.08225000e-08  1.09305934e+00  2.08225000e-08 -1.85711951e-04 
 2.08235000e-08  1.94996040e+00  2.08235000e-08  1.16957748e+00  2.08235000e-08 -2.01405963e-04 
 2.08245000e-08  1.94996051e+00  2.08245000e-08  1.24446471e+00  2.08245000e-08 -2.27422964e-04 
 2.09385000e-08  1.94998323e+00  2.09385000e-08  1.94994532e+00  2.09385000e-08  8.85386302e-01 
 2.09395000e-08  1.94998080e+00  2.09395000e-08  1.94995223e+00  2.09395000e-08  9.45883274e-01 
 2.09405000e-08  1.94997789e+00  2.09405000e-08  1.94995753e+00  2.09405000e-08  1.00557813e+00 
 2.09415000e-08  1.94997491e+00  2.09415000e-08  1.94996251e+00  2.09415000e-08  1.06715276e+00 
 2.09425000e-08  1.94997212e+00  2.09425000e-08  1.94996870e+00  2.09425000e-08  1.13428032e+00 
 2.09435000e-08  1.94996975e+00  2.09435000e-08  1.94996128e+00  2.09435000e-08  1.20768118e+00 
 2.10395000e-08  2.05292734e+00  2.10395000e-08  1.94999824e+00  2.10395000e-08  1.94988846e+00 
 2.10665000e-08  1.15530169e+00  2.10665000e-08  1.94999953e+00  2.10665000e-08  1.94996837e+00 
 2.10675000e-08  1.10316546e+00  2.10675000e-08  1.94999965e+00  2.10675000e-08  1.94998778e+00 
 2.10685000e-08  1.05133274e+00  2.10685000e-08  1.94999957e+00  2.10685000e-08  1.94997112e+00 
 2.10695000e-08  9.99720403e-01  2.10695000e-08  1.94999970e+00  2.10695000e-08  1.94998991e+00 
 2.10705000e-08  9.48287545e-01  2.10705000e-08  1.94999962e+00  2.10705000e-08  1.94997360e+00 
 2.10715000e-08  8.96976839e-01  2.10715000e-08  1.94999974e+00  2.10715000e-08  1.94999172e+00 
 2.15165000e-08  3.16006624e-05  2.15165000e-08  1.13872153e+00  2.15165000e-08  1.94993760e+00 
 2.15175000e-08  4.68243829e-05  2.15175000e-08  1.08412014e+00  2.15175000e-08  1.94993482e+00 
 2.15185000e-08  6.76929223e-05  2.15185000e-08  1.02885402e+00  2.15185000e-08  1.94993627e+00 
 2.15195000e-08  8.13503156e-05  2.15195000e-08  9.72955977e-01  2.15195000e-08  1.94994425e+00 
 2.15205000e-08  8.55734232e-05  2.15205000e-08  9.16417086e-01  2.15205000e-08  1.94995859e+00 
 2.15215000e-08  8.18951465e-05  2.15215000e-08  8.59282636e-01  2.15215000e-08  1.94998036e+00 
 2.16525000e-08  9.34441858e-01  2.16525000e-08  3.48031555e-04  2.16525000e-08  1.94984887e+00 
 2.16535000e-08  9.75171388e-01  2.16535000e-08  3.39119347e-04  2.16535000e-08  1.94985171e+00 
 2.16545000e-08  1.01531490e+00  2.16545000e-08  3.29995951e-04  2.16545000e-08  1.94985636e+00 
 2.16555000e-08  1.05489784e+00  2.16555000e-08  3.21819931e-04  2.16555000e-08  1.94985931e+00 
 2.16565000e-08  1.09397144e+00  2.16565000e-08  3.13373678e-04  2.16565000e-08  1.94986399e+00 
 2.16575000e-08  1.13260835e+00  2.16575000e-08  3.05773440e-04  2.16575000e-08  1.94986694e+00 
 2.19415000e-08  1.94995963e+00  2.19415000e-08  8.50719334e-01  2.19415000e-08  1.95003438e+00 
 2.19425000e-08  1.94995973e+00  2.19425000e-08  9.32568466e-01  2.19425000e-08  1.94990437e+00 
 2.19435000e-08  1.94996002e+00  2.19435000e-08  1.01249698e+00  2.19435000e-08  1.94976103e+00 
 2.19445000e-08  1.94996012e+00  2.19445000e-08  1.09040488e+00  2.19445000e-08  1.94960314e+00 
 2.19455000e-08  1.94996040e+00  2.19455000e-08  1.16633662e+00  2.19455000e-08  1.94945281e+00 
 2.19465000e-08  1.94996049e+00  2.19465000e-08  1.24057399e+00  2.19465000e-08  1.94929849e+00 
 2.20745000e-08  1.94992278e+00  2.20745000e-08  1.94998021e+00  2.20745000e-08  1.18698437e+00 
 2.20755000e-08  1.94992640e+00  2.20755000e-08  1.95001251e+00  2.20755000e-08  1.12944964e+00 
 2.20765000e-08  1.94992019e+00  2.20765000e-08  1.95004410e+00  2.20765000e-08  1.07179339e+00 
 2.20775000e-08  1.94991641e+00  2.20775000e-08  1.95007155e+00  2.20775000e-08  1.01381712e+00 
 2.20785000e-08  1.94991544e+00  2.20785000e-08  1.95009088e+00  2.20785000e-08  9.55398602e-01 
 2.20795000e-08  1.94991614e+00  2.20795000e-08  1.95010554e+00  2.20795000e-08  8.96378570e-01 
 2.21885000e-08  1.15790524e+00  2.21885000e-08  1.94999999e+00  2.21885000e-08  6.22215327e-04 
 2.21895000e-08  1.10575532e+00  2.21895000e-08  1.95000019e+00  2.21895000e-08  6.12905079e-04 
 2.21905000e-08  1.05390925e+00  2.21905000e-08  1.94999999e+00  2.21905000e-08  5.83834687e-04 
 2.21915000e-08  1.00228910e+00  2.21915000e-08  1.95000019e+00  2.21915000e-08  5.75565183e-04 
 2.21925000e-08  9.50848670e-01  2.21925000e-08  1.94999999e+00  2.21925000e-08  5.47757464e-04 
 2.21935000e-08  8.99533881e-01  2.21935000e-08  1.95000019e+00  2.21935000e-08  5.40461142e-04 
 2.26385000e-08  3.12519659e-05  2.26385000e-08  1.14204032e+00  2.26385000e-08 -3.12904100e-06 
 2.26395000e-08  4.64444870e-05  2.26395000e-08  1.08747823e+00  2.26395000e-08 -1.16690148e-06 
 2.26405000e-08  6.71810717e-05  2.26405000e-08  1.03224821e+00  2.26405000e-08 -1.26435971e-07 
 2.26415000e-08  8.11232167e-05  2.26415000e-08  9.76388860e-01  2.26415000e-08  2.78828716e-06 
 2.26425000e-08  8.55413643e-05  2.26425000e-08  9.19885284e-01  2.26425000e-08  4.67294519e-06 
 2.26435000e-08  8.20784592e-05  2.26435000e-08  8.62787982e-01  2.26435000e-08  8.13086175e-06 
 2.27745000e-08  9.33712062e-01  2.27745000e-08  4.25852834e-04  2.27745000e-08  1.23364991e-05 
 2.27755000e-08  9.74451951e-01  2.27755000e-08  4.14545754e-04  2.27755000e-08  1.23778713e-05 
 2.27765000e-08  1.01460601e+00  2.27765000e-08  4.02335795e-04  2.27765000e-08  1.14632092e-05 
 2.27775000e-08  1.05419827e+00  2.27775000e-08  3.91737709e-04  2.27775000e-08  1.15384700e-05 
 2.27785000e-08  1.09328063e+00  2.27785000e-08  3.80244252e-04  2.27785000e-08  1.06453734e-05 
 2.27795000e-08  1.13192405e+00  2.27795000e-08  3.70306296e-04  2.27795000e-08  1.07556100e-05 
 2.30635000e-08  1.94995963e+00  2.30635000e-08  8.47381104e-01  2.30635000e-08 -8.08058719e-05 
 2.30645000e-08  1.94995972e+00  2.30645000e-08  9.29356366e-01  2.30645000e-08 -1.28149820e-04 
 2.30655000e-08  1.94996002e+00  2.30655000e-08  1.00958107e+00  2.30655000e-08 -1.63016401e-04 
 2.30665000e-08  1.94996011e+00  2.30665000e-08  1.08798869e+00  2.30665000e-08 -1.84584256e-04 
 2.30675000e-08  1.94996040e+00  2.30675000e-08  1.16461620e+00  2.30675000e-08 -2.00461099e-04 
 2.30685000e-08  1.94996049e+00  2.30685000e-08  1.23960936e+00  2.30685000e-08 -2.25782704e-04 
 2.31825000e-08  1.94998336e+00  2.31825000e-08  1.94994483e+00  2.31825000e-08  8.81361666e-01 
 2.31835000e-08  1.94998099e+00  2.31835000e-08  1.94995193e+00  2.31835000e-08  9.41945612e-01 
 2.31845000e-08  1.94997808e+00  2.31845000e-08  1.94995704e+00  2.31845000e-08  1.00165070e+00 
 2.31855000e-08  1.94997512e+00  2.31855000e-08  1.94996215e+00  2.31855000e-08  1.06296065e+00 
 2.31865000e-08  1.94997229e+00  2.31865000e-08  1.94996894e+00  2.31865000e-08  1.12956946e+00 
 2.31875000e-08  1.94996991e+00  2.31875000e-08  1.94996141e+00  2.31875000e-08  1.20287290e+00 
 2.33105000e-08  1.15888334e+00  2.33105000e-08  1.94999951e+00  2.33105000e-08  1.94996793e+00 
 2.33115000e-08  1.10672669e+00  2.33115000e-08  1.94999967e+00  2.33115000e-08  1.94998815e+00 
 2.33125000e-08  1.05487418e+00  2.33125000e-08  1.94999955e+00  2.33125000e-08  1.94997065e+00 
 2.33135000e-08  1.00324969e+00  2.33135000e-08  1.94999972e+00  2.33135000e-08  1.94999025e+00 
 2.33145000e-08  9.51805156e-01  2.33145000e-08  1.94999960e+00  2.33145000e-08  1.94997313e+00 
 2.33155000e-08  9.00487846e-01  2.33155000e-08  1.94999975e+00  2.33155000e-08  1.94999201e+00 
 2.37605000e-08  3.06480476e-05  2.37605000e-08  1.14242881e+00  2.37605000e-08  1.94993795e+00 
 2.37615000e-08  4.57765192e-05  2.37615000e-08  1.08787375e+00  2.37615000e-08  1.94993488e+00 
 2.37625000e-08  6.62823410e-05  2.37625000e-08  1.03265036e+00  2.37625000e-08  1.94993600e+00 
 2.37635000e-08  8.06958372e-05  2.37635000e-08  9.76797426e-01  2.37635000e-08  1.94994349e+00 
 2.37645000e-08  8.54918494e-05  2.37645000e-08  9.20299407e-01  2.37645000e-08  1.94995735e+00 
 2.37655000e-08  8.23915925e-05  2.37655000e-08  8.63206906e-01  2.37655000e-08  1.94997853e+00 
 2.38965000e-08  9.31719880e-01  2.38965000e-08  3.48878734e-04  2.38965000e-08  1.94984860e+00 
 2.38975000e-08  9.72488030e-01  2.38975000e-08  3.39537354e-04  2.38975000e-08  1.94985149e+00 
 2.38985000e-08  1.01267083e+00  2.38985000e-08  3.30784078e-04  2.38985000e-08  1.94985607e+00 
 2.38995000e-08  1.05228856e+00  2.38995000e-08  3.22195709e-04  2.38995000e-08  1.94985908e+00 
 2.39005000e-08  1.09139487e+00  2.39005000e-08  3.14114857e-04  2.39005000e-08  1.94986371e+00 
 2.39015000e-08  1.13005629e+00  2.39015000e-08  3.06116651e-04  2.39015000e-08  1.94986672e+00 
 2.41855000e-08  1.94995963e+00  2.41855000e-08  8.45419489e-01  2.41855000e-08  1.95004336e+00 
 2.41865000e-08  1.94995971e+00  2.41865000e-08  9.27386957e-01  2.41865000e-08  1.94991281e+00 
 2.41875000e-08  1.94996002e+00  2.41875000e-08  1.00744095e+00  2.41875000e-08  1.94977062e+00 
 2.41885000e-08  1.94996009e+00  2.41885000e-08  1.08548033e+00  2.41885000e-08  1.94961334e+00 
 2.41895000e-08  1.94996040e+00  2.41895000e-08  1.16154220e+00  2.41895000e-08  1.94946125e+00 
 2.41905000e-08  1.94996047e+00  2.41905000e-08  1.23589327e+00  2.41905000e-08  1.94930923e+00 
 2.43185000e-08  1.94992288e+00  2.43185000e-08  1.94997830e+00  2.43185000e-08  1.19060677e+00 
 2.43195000e-08  1.94992626e+00  2.43195000e-08  1.95001040e+00  2.43195000e-08  1.13307312e+00 
 2.43205000e-08  1.94992060e+00  2.43205000e-08  1.95004213e+00  2.43205000e-08  1.07543313e+00 
 2.43215000e-08  1.94991653e+00  2.43215000e-08  1.95007014e+00  2.43215000e-08  1.01747814e+00 
 2.43225000e-08  1.94991543e+00  2.43225000e-08  1.95008972e+00  2.43225000e-08  9.59095168e-01 
 2.43235000e-08  1.94991615e+00  2.43235000e-08  1.95010491e+00  2.43235000e-08  9.00112656e-01 
 2.44325000e-08  1.16161421e+00  2.44325000e-08  1.95000000e+00  2.44325000e-08  6.21690909e-04 
 2.44335000e-08  1.10944300e+00  2.44335000e-08  1.95000019e+00  2.44335000e-08  6.15872841e-04 
 2.44345000e-08  1.05757620e+00  2.44345000e-08  1.95000000e+00  2.44345000e-08  5.83270436e-04 
 2.44355000e-08  1.00594327e+00  2.44355000e-08  1.95000019e+00  2.44355000e-08  5.78425728e-04 
 2.44365000e-08  9.54490611e-01  2.44365000e-08  1.94999999e+00  2.44365000e-08  5.47157123e-04 
 2.44375000e-08  9.03168916e-01  2.44375000e-08  1.95000018e+00  2.44375000e-08  5.43219198e-04 
 2.48825000e-08  3.02314446e-05  2.48825000e-08  1.14597144e+00  2.48825000e-08 -3.20795201e-06 
 2.48835000e-08  4.53135807e-05  2.48835000e-08  1.09145850e+00  2.48835000e-08 -1.24694694e-06 
 2.48845000e-08  6.56549343e-05  2.48845000e-08  1.03627382e+00  2.48845000e-08 -3.10571718e-07 
 2.48855000e-08  8.03794641e-05  2.48855000e-08  9.80462352e-01  2.48855000e-08  2.64651031e-06 
 2.48865000e-08  8.54617808e-05  2.48865000e-08  9.24002202e-01  2.48865000e-08  4.45251504e-06 
 2.48875000e-08  8.26063707e-05  2.48875000e-08  8.66949452e-01  2.48875000e-08  7.96114585e-06 
 2.50185000e-08  9.30723054e-01  2.50185000e-08  4.26918115e-04  2.50185000e-08  1.24677993e-05 
 2.50195000e-08  9.71505361e-01  2.50195000e-08  4.15232424e-04  2.50195000e-08  1.23101955e-05 
 2.50205000e-08  1.01170257e+00  2.50205000e-08  4.03343193e-04  2.50205000e-08  1.15929901e-05 
 2.50215000e-08  1.05133309e+00  2.50215000e-08  3.92376155e-04  2.50215000e-08  1.14684831e-05 
 2.50225000e-08  1.09045147e+00  2.50225000e-08  3.81197527e-04  2.50225000e-08  1.07733707e-05 
 2.50235000e-08  1.12912202e+00  2.50235000e-08  3.70899938e-04  2.50235000e-08  1.06832923e-05 
 2.53075000e-08  1.94995963e+00  2.53075000e-08  8.41356272e-01  2.53075000e-08 -7.67860779e-05 
 2.53085000e-08  1.94995970e+00  2.53085000e-08  9.23453888e-01  2.53085000e-08 -1.24863784e-04 
 2.53095000e-08  1.94996001e+00  2.53095000e-08  1.00380758e+00  2.53095000e-08 -1.62353589e-04 
 2.53105000e-08  1.94996009e+00  2.53105000e-08  1.08235058e+00  2.53105000e-08 -1.84310534e-04 
 2.53115000e-08  1.94996040e+00  2.53115000e-08  1.15910032e+00  2.53115000e-08 -1.99484523e-04 
 2.53125000e-08  1.94996047e+00  2.53125000e-08  1.23421108e+00  2.53125000e-08 -2.23806437e-04 
 2.54265000e-08  1.94998352e+00  2.54265000e-08  1.94994466e+00  2.54265000e-08  8.76979268e-01 
 2.54275000e-08  1.94998120e+00  2.54275000e-08  1.94995126e+00  2.54275000e-08  9.37661035e-01 
 2.54285000e-08  1.94997831e+00  2.54285000e-08  1.94995684e+00  2.54285000e-08  9.97386326e-01 
 2.54295000e-08  1.94997536e+00  2.54295000e-08  1.94996182e+00  2.54295000e-08  1.05837899e+00 
 2.54305000e-08  1.94997249e+00  2.54305000e-08  1.94996889e+00  2.54305000e-08  1.12450327e+00 
 2.54315000e-08  1.94997010e+00  2.54315000e-08  1.94996133e+00  2.54315000e-08  1.19762003e+00 
 2.55545000e-08  1.16305638e+00  2.55545000e-08  1.94999956e+00  2.55545000e-08  1.94996871e+00 
 2.55555000e-08  1.11087582e+00  2.55555000e-08  1.94999961e+00  2.55555000e-08  1.94998712e+00 
 2.55565000e-08  1.05899997e+00  2.55565000e-08  1.94999961e+00  2.55565000e-08  1.94997154e+00 
 2.55575000e-08  1.00736109e+00  2.55575000e-08  1.94999966e+00  2.55575000e-08  1.94998922e+00 
 2.55585000e-08  9.55902806e-01  2.55585000e-08  1.94999965e+00  2.55585000e-08  1.94997396e+00 
 2.55595000e-08  9.04577745e-01  2.55595000e-08  1.94999970e+00  2.55595000e-08  1.94999111e+00 
 2.60045000e-08  2.95087250e-05  2.60045000e-08  1.14684881e+00  2.60045000e-08  1.94993840e+00 
 2.60055000e-08  4.44858125e-05  2.60055000e-08  1.09234900e+00  2.60055000e-08  1.94993496e+00 
 2.60065000e-08  6.45145829e-05  2.60065000e-08  1.03717661e+00  2.60065000e-08  1.94993572e+00 
 2.60075000e-08  7.98163514e-05  2.60075000e-08  9.81377568e-01  2.60075000e-08  1.94994261e+00 
 2.60085000e-08  8.54385732e-05  2.60085000e-08  9.24928447e-01  2.60085000e-08  1.94995599e+00 
 2.60095000e-08  8.30390496e-05  2.60095000e-08  8.67886133e-01  2.60095000e-08  1.94997653e+00 
 2.61405000e-08  9.28195644e-01  2.61405000e-08  3.49883043e-04  2.61405000e-08  1.94984825e+00 
 2.61415000e-08  9.69013835e-01  2.61415000e-08  3.40049218e-04  2.61415000e-08  1.94985123e+00 
 2.61425000e-08  1.00924754e+00  2.61425000e-08  3.31716364e-04  2.61425000e-08  1.94985571e+00 
 2.61435000e-08  1.04891057e+00  2.61435000e-08  3.22655831e-04  2.61435000e-08  1.94985882e+00 
 2.61445000e-08  1.08805965e+00  2.61445000e-08  3.14989864e-04  2.61445000e-08  1.94986335e+00 
 2.61455000e-08  1.12675369e+00  2.61455000e-08  3.06536806e-04  2.61455000e-08  1.94986646e+00 
 2.64295000e-08  1.94995960e+00  2.64295000e-08  8.38210992e-01  2.64295000e-08  1.95005524e+00 
 2.64305000e-08  1.94995970e+00  2.64305000e-08  9.20337729e-01  2.64305000e-08  1.94992416e+00 
 2.64315000e-08  1.94995999e+00  2.64315000e-08  1.00056122e+00  2.64315000e-08  1.94978363e+00 
 2.64325000e-08  1.94996009e+00  2.64325000e-08  1.07877952e+00  2.64325000e-08  1.94962716e+00 
 2.64335000e-08  1.94996037e+00  2.64335000e-08  1.15500255e+00  2.64335000e-08  1.94947285e+00 
 2.64345000e-08  1.94996047e+00  2.64345000e-08  1.22949217e+00  2.64345000e-08  1.94932394e+00 
 2.65625000e-08  1.94992298e+00  2.65625000e-08  1.94997584e+00  2.65625000e-08  1.19560564e+00 
 2.65635000e-08  1.94992599e+00  2.65635000e-08  1.95000728e+00  2.65635000e-08  1.13807276e+00 
 2.65645000e-08  1.94992119e+00  2.65645000e-08  1.95003956e+00  2.65645000e-08  1.08045400e+00 
 2.65655000e-08  1.94991670e+00  2.65655000e-08  1.95006798e+00  2.65655000e-08  1.02252733e+00 
 2.65665000e-08  1.94991545e+00  2.65665000e-08  1.95008825e+00  2.65665000e-08  9.64192395e-01 
 2.65675000e-08  1.94991611e+00  2.65675000e-08  1.95010386e+00  2.65675000e-08  9.05261073e-01 
 2.66765000e-08  1.16613760e+00  2.66765000e-08  1.95000005e+00  2.66765000e-08  6.24843559e-04 
 2.66775000e-08  1.11394018e+00  2.66775000e-08  1.95000014e+00  2.66775000e-08  6.16136917e-04 
 2.66785000e-08  1.06204767e+00  2.66785000e-08  1.95000005e+00  2.66785000e-08  5.86301004e-04 
 2.66795000e-08  1.01039876e+00  2.66795000e-08  1.95000014e+00  2.66795000e-08  5.78607840e-04 
 2.66805000e-08  9.58930903e-01  2.66805000e-08  1.95000004e+00  2.66805000e-08  5.50071670e-04 
 2.66815000e-08  9.07600623e-01  2.66815000e-08  1.95000014e+00  2.66815000e-08  5.43325018e-04 
 2.71265000e-08  2.89726346e-05  2.71265000e-08  1.15023409e+00  2.71265000e-08 -3.12827602e-06 
 2.71275000e-08  4.38733829e-05  2.71275000e-08  1.09577441e+00  2.71275000e-08 -1.50082703e-06 
 2.71285000e-08  6.36650480e-05  2.71285000e-08  1.04063887e+00  2.71285000e-08 -3.14520477e-07 
 2.71295000e-08  7.93753274e-05  2.71295000e-08  9.84879345e-01  2.71295000e-08  2.38010545e-06 
 2.71305000e-08  8.54254155e-05  2.71305000e-08  9.28466371e-01  2.71305000e-08  4.35657311e-06 
 2.71315000e-08  8.33292918e-05  2.71315000e-08  8.71462047e-01  2.71315000e-08  7.63419025e-06 
 2.72625000e-08  9.26707100e-01  2.72625000e-08  4.28069574e-04  2.72625000e-08  1.26689511e-05 
 2.72635000e-08  9.67546444e-01  2.72635000e-08  4.15965948e-04  2.72635000e-08  1.21776146e-05 
 2.72645000e-08  1.00780167e+00  2.72645000e-08  4.04432183e-04  2.72645000e-08  1.17920514e-05 
 2.72655000e-08  1.04748394e+00  2.72655000e-08  3.93057859e-04  2.72655000e-08  1.13339054e-05 
 2.72665000e-08  1.08665122e+00  2.72665000e-08  3.82228118e-04  2.72665000e-08  1.09700432e-05 
 2.72675000e-08  1.12535934e+00  2.72675000e-08  3.71533525e-04  2.72675000e-08  1.05467053e-05 
 2.75515000e-08  1.94995959e+00  2.75515000e-08  8.33300751e-01  2.75515000e-08 -7.14324240e-05 
 2.75525000e-08  1.94995970e+00  2.75525000e-08  9.15559749e-01  2.75525000e-08 -1.20751258e-04 
 2.75535000e-08  1.94995998e+00  2.75535000e-08  9.96089276e-01  2.75535000e-08 -1.58981278e-04 
 2.75545000e-08  1.94996009e+00  2.75545000e-08  1.07481791e+00  2.75545000e-08 -1.81004378e-04 
 2.75555000e-08  1.94996036e+00  2.75555000e-08  1.15173169e+00  2.75555000e-08 -1.97795022e-04 
 2.75565000e-08  1.94996047e+00  2.75565000e-08  1.22699943e+00  2.75565000e-08 -2.21036973e-04 
 2.76705000e-08  1.94998373e+00  2.76705000e-08  1.94994447e+00  2.76705000e-08  8.70986862e-01 
 2.76715000e-08  1.94998146e+00  2.76715000e-08  1.94995031e+00  2.76715000e-08  9.31808448e-01 
 2.76725000e-08  1.94997862e+00  2.76725000e-08  1.94995658e+00  2.76725000e-08  9.91576368e-01 
 2.76735000e-08  1.94997564e+00  2.76735000e-08  1.94996126e+00  2.76735000e-08  1.05221307e+00 
 2.76745000e-08  1.94997276e+00  2.76745000e-08  1.94996879e+00  2.76745000e-08  1.11766536e+00 
 2.76755000e-08  1.94997032e+00  2.76755000e-08  1.94996134e+00  2.76755000e-08  1.19044917e+00 
 2.77985000e-08  1.16823872e+00  2.77985000e-08  1.94999964e+00  2.77985000e-08  1.94996978e+00 
 2.77995000e-08  1.11602805e+00  2.77995000e-08  1.94999954e+00  2.77995000e-08  1.94998537e+00 
 2.78005000e-08  1.06412248e+00  2.78005000e-08  1.94999969e+00  2.78005000e-08  1.94997255e+00 
 2.78015000e-08  1.01246500e+00  2.78015000e-08  1.94999958e+00  2.78015000e-08  1.94998754e+00 
 2.78025000e-08  9.60989111e-01  2.78025000e-08  1.94999971e+00  2.78025000e-08  1.94997500e+00 
 2.78035000e-08  9.09654054e-01  2.78035000e-08  1.94999962e+00  2.78035000e-08  1.94998953e+00 
 2.82485000e-08  2.82921476e-05  2.82485000e-08  1.15192001e+00  2.82485000e-08  1.94993894e+00 
 2.82495000e-08  4.30727138e-05  2.82495000e-08  1.09748460e+00  2.82495000e-08  1.94993508e+00 
 2.82505000e-08  6.25565621e-05  2.82505000e-08  1.04237163e+00  2.82505000e-08  1.94993546e+00 
 2.82515000e-08  7.87911068e-05  2.82515000e-08  9.86635359e-01  2.82515000e-08  1.94994165e+00 
 2.82525000e-08  8.53326024e-05  2.82525000e-08  9.30243288e-01  2.82525000e-08  1.94995451e+00 
 2.82535000e-08  8.36554163e-05  2.82535000e-08  8.73259538e-01  2.82535000e-08  1.94997434e+00 
 2.83845000e-08  9.24361290e-01  2.83845000e-08  3.51034662e-04  2.83845000e-08  1.94984784e+00 
 2.83855000e-08  9.65233907e-01  2.83855000e-08  3.40650559e-04  2.83855000e-08  1.94985096e+00 
 2.83865000e-08  1.00552309e+00  2.83865000e-08  3.32784168e-04  2.83865000e-08  1.94985529e+00 
 2.83875000e-08  1.04523569e+00  2.83875000e-08  3.23196598e-04  2.83875000e-08  1.94985854e+00 
 2.83885000e-08  1.08443184e+00  2.83885000e-08  3.15991202e-04  2.83885000e-08  1.94986292e+00 
 2.83895000e-08  1.12316241e+00  2.83895000e-08  3.07030879e-04  2.83895000e-08  1.94986618e+00 
 2.86735000e-08  1.94995957e+00  2.86735000e-08  8.30552155e-01  2.86735000e-08  1.95006738e+00 
 2.86745000e-08  1.94995970e+00  2.86745000e-08  9.12844053e-01  2.86745000e-08  1.94993607e+00 
 2.86755000e-08  1.94995996e+00  2.86755000e-08  9.93247389e-01  2.86755000e-08  1.94979739e+00 
 2.86765000e-08  1.94996009e+00  2.86765000e-08  1.07165415e+00  2.86765000e-08  1.94964179e+00 
 2.86775000e-08  1.94996034e+00  2.86775000e-08  1.14805134e+00  2.86775000e-08  1.94948512e+00 
 2.86785000e-08  1.94996047e+00  2.86785000e-08  1.22268922e+00  2.86785000e-08  1.94933945e+00 
 2.88075000e-08  1.94992560e+00  2.88075000e-08  1.95000370e+00  2.88075000e-08  1.14338120e+00 
 2.88085000e-08  1.94992192e+00  2.88085000e-08  1.95003699e+00  2.88085000e-08  1.08578337e+00 
 2.88095000e-08  1.94991693e+00  2.88095000e-08  1.95006540e+00  2.88095000e-08  1.02788567e+00 
 2.88105000e-08  1.94991550e+00  2.88105000e-08  1.95008683e+00  2.88105000e-08  9.69600395e-01 
 2.88115000e-08  1.94991605e+00  2.88115000e-08  1.95010249e+00  2.88115000e-08  9.10722906e-01 
 2.88125000e-08  1.94991529e+00  2.88125000e-08  1.95011149e+00  2.88125000e-08  8.51222444e-01 
 2.89205000e-08  1.17115034e+00  2.89205000e-08  1.95000006e+00  2.89205000e-08  6.28580859e-04 
 2.89215000e-08  1.11892306e+00  2.89215000e-08  1.94999996e+00  2.89215000e-08  6.16105425e-04 
 2.89225000e-08  1.06700099e+00  2.89225000e-08  1.95000006e+00  2.89225000e-08  5.89901612e-04 
 2.89235000e-08  1.01533334e+00  2.89235000e-08  1.94999997e+00  2.89235000e-08  5.78493276e-04 
 2.89245000e-08  9.63847810e-01  2.89245000e-08  1.95000005e+00  2.89245000e-08  5.53541912e-04 
 2.89255000e-08  9.12507352e-01  2.89255000e-08  1.94999997e+00  2.89255000e-08  5.43133323e-04 
 2.93705000e-08  2.72007253e-05  2.93705000e-08  1.15496896e+00  2.93705000e-08 -3.02277791e-06 
 2.93715000e-08  4.20175859e-05  2.93715000e-08  1.10056646e+00  2.93715000e-08 -1.78141833e-06 
 2.93725000e-08  6.13204708e-05  2.93725000e-08  1.04548784e+00  2.93725000e-08 -3.76956121e-07 
 2.93735000e-08  7.81410944e-05  2.93735000e-08  9.89784349e-01  2.93735000e-08  2.00346177e-06 
 2.93745000e-08  8.52161188e-05  2.93745000e-08  9.33425982e-01  2.93745000e-08  4.23797596e-06 
 2.93755000e-08  8.39811148e-05  2.93755000e-08  8.76474045e-01  2.93755000e-08  7.26042939e-06 
 2.95065000e-08  9.22432257e-01  2.95065000e-08  4.29351539e-04  2.95065000e-08  1.28913190e-05 
 2.95075000e-08  9.63332242e-01  2.95075000e-08  4.16790797e-04  2.95075000e-08  1.20324472e-05 
 2.95085000e-08  1.00364940e+00  2.95085000e-08  4.05643719e-04  2.95085000e-08  1.20119729e-05 
 2.95095000e-08  1.04338702e+00  2.95095000e-08  3.93825236e-04  2.95095000e-08  1.11865979e-05 
 2.95105000e-08  1.08260707e+00  2.95105000e-08  3.83373836e-04  2.95105000e-08  1.11871800e-05 
 2.95115000e-08  1.12135641e+00  2.95115000e-08  3.72247549e-04  2.95115000e-08  1.03972484e-05 
 2.97955000e-08  1.94995955e+00  2.97955000e-08  8.24702179e-01  2.97955000e-08 -6.57967466e-05 
 2.97965000e-08  1.94995970e+00  2.97965000e-08  9.07127501e-01  2.97965000e-08 -1.16182548e-04 
 2.97975000e-08  1.94995994e+00  2.97975000e-08  9.87841848e-01  2.97975000e-08 -1.56111507e-04 
 2.97985000e-08  1.94996009e+00  2.97985000e-08  1.06676027e+00  2.97985000e-08 -1.78773832e-04 
 2.97995000e-08  1.94996032e+00  2.97995000e-08  1.14384390e+00  2.97995000e-08 -1.96466467e-04 
 2.98005000e-08  1.94996047e+00  2.98005000e-08  1.21928162e+00  2.98005000e-08 -2.17671213e-04 
 2.99145000e-08  1.94998394e+00  2.99145000e-08  1.94994402e+00  2.99145000e-08  8.64573326e-01 
 2.99155000e-08  1.94998171e+00  2.99155000e-08  1.94994955e+00  2.99155000e-08  9.25553337e-01 
 2.99165000e-08  1.94997892e+00  2.99165000e-08  1.94995604e+00  2.99165000e-08  9.85385557e-01 
 2.99175000e-08  1.94997594e+00  2.99175000e-08  1.94996086e+00  2.99175000e-08  1.04572766e+00 
 2.99185000e-08  1.94997304e+00  2.99185000e-08  1.94996833e+00  2.99185000e-08  1.11048639e+00 
 2.99195000e-08  1.94997055e+00  2.99195000e-08  1.94996181e+00  2.99195000e-08  1.18280268e+00 
 3.00425000e-08  1.17364748e+00  3.00425000e-08  1.94999968e+00  3.00425000e-08  1.94997123e+00 
 3.00435000e-08  1.12140502e+00  3.00435000e-08  1.94999950e+00  3.00435000e-08  1.94998339e+00 
 3.00445000e-08  1.06946786e+00  3.00445000e-08  1.94999973e+00  3.00445000e-08  1.94997397e+00 
 3.00455000e-08  1.01779044e+00  3.00455000e-08  1.94999955e+00  3.00455000e-08  1.94998554e+00 
 3.00465000e-08  9.66295771e-01  3.00465000e-08  1.94999976e+00  3.00465000e-08  1.94997628e+00 
 3.00475000e-08  9.14950047e-01  3.00475000e-08  1.94999959e+00  3.00475000e-08  1.94998752e+00 
 3.04925000e-08  2.68991332e-05  3.04925000e-08  1.15757431e+00  3.04925000e-08  1.94993955e+00 
 3.04935000e-08  4.14225489e-05  3.04935000e-08  1.10320427e+00  3.04935000e-08  1.94993527e+00 
 3.04945000e-08  6.02968165e-05  3.04945000e-08  1.04816050e+00  3.04945000e-08  1.94993522e+00 
 3.04955000e-08  7.75556363e-05  3.04955000e-08  9.92488646e-01  3.04955000e-08  1.94994065e+00 
 3.04965000e-08  8.50687551e-05  3.04965000e-08  9.36162990e-01  3.04965000e-08  1.94995289e+00 
 3.04975000e-08  8.42136226e-05  3.04975000e-08  8.79239683e-01  3.04975000e-08  1.94997189e+00 
 3.06285000e-08  9.20011431e-01  3.06285000e-08  3.52317203e-04  3.06285000e-08  1.94984737e+00 
 3.06295000e-08  9.60946354e-01  3.06295000e-08  3.41319933e-04  3.06295000e-08  1.94985066e+00 
 3.06305000e-08  1.00129801e+00  3.06305000e-08  3.33971585e-04  3.06305000e-08  1.94985480e+00 
 3.06315000e-08  1.04106771e+00  3.06315000e-08  3.23799059e-04  3.06315000e-08  1.94985823e+00 
 3.06325000e-08  1.08031736e+00  3.06325000e-08  3.17103139e-04  3.06325000e-08  1.94986243e+00 
 3.06335000e-08  1.11909117e+00  3.06335000e-08  3.07582029e-04  3.06335000e-08  1.94986587e+00 
 3.09175000e-08  1.94995953e+00  3.09175000e-08  8.21581392e-01  3.09175000e-08  1.95008098e+00 
 3.09185000e-08  1.94995970e+00  3.09185000e-08  9.04066347e-01  3.09185000e-08  1.94994973e+00 
 3.09195000e-08  1.94995992e+00  3.09195000e-08  9.84684395e-01  3.09195000e-08  1.94981335e+00 
 3.09205000e-08  1.94996008e+00  3.09205000e-08  1.06330832e+00  3.09205000e-08  1.94965892e+00 
 3.09215000e-08  1.94996030e+00  3.09215000e-08  1.13990307e+00  3.09215000e-08  1.94950076e+00 
 3.09225000e-08  1.94996046e+00  3.09225000e-08  1.21472299e+00  3.09225000e-08  1.94935662e+00 
 3.10515000e-08  1.94992508e+00  3.10515000e-08  1.94999985e+00  3.10515000e-08  1.14954133e+00 
 3.10525000e-08  1.94992273e+00  3.10525000e-08  1.95003388e+00  3.10525000e-08  1.09196525e+00 
 3.10535000e-08  1.94991716e+00  3.10535000e-08  1.95006272e+00  3.10535000e-08  1.03409990e+00 
 3.10545000e-08  1.94991555e+00  3.10545000e-08  1.95008498e+00  3.10545000e-08  9.75870345e-01 
 3.10555000e-08  1.94991596e+00  3.10555000e-08  1.95010104e+00  3.10555000e-08  9.17055515e-01 
 3.10565000e-08  1.94991554e+00  3.10565000e-08  1.95011080e+00  3.10565000e-08  8.57632347e-01 
 3.11645000e-08  1.17666124e+00  3.11645000e-08  1.94999987e+00  3.11645000e-08  6.31963150e-04 
 3.11655000e-08  1.12440095e+00  3.11655000e-08  1.94999961e+00  3.11655000e-08  6.16999512e-04 
 3.11665000e-08  1.07244593e+00  3.11665000e-08  1.94999979e+00  3.11665000e-08  5.93144015e-04 
 3.11675000e-08  1.02075710e+00  3.11675000e-08  1.94999961e+00  3.11675000e-08  5.79271581e-04 
 3.11685000e-08  9.69251787e-01  3.11685000e-08  1.94999984e+00  3.11685000e-08  5.56651992e-04 
 3.11695000e-08  9.17900000e-01  3.11695000e-08  1.94999960e+00  3.11695000e-08  5.43805557e-04 
 3.16145000e-08  2.58559116e-05  3.16145000e-08  1.16063894e+00  3.16145000e-08 -2.92947934e-06 
 3.16155000e-08  4.02993288e-05  3.16155000e-08  1.10630234e+00  3.16155000e-08 -2.06655843e-06 
 3.16165000e-08  5.88431585e-05  3.16165000e-08  1.05129483e+00  3.16165000e-08 -4.42966198e-07 
 3.16175000e-08  7.67252096e-05  3.16175000e-08  9.95656244e-01  3.16175000e-08  1.63647441e-06 
 3.16185000e-08  8.48565100e-05  3.16185000e-08  9.39366052e-01  3.16185000e-08  4.07616008e-06 
 3.16195000e-08  8.45443557e-05  3.16195000e-08  8.82475052e-01  3.16195000e-08  6.85291241e-06 
 3.17505000e-08  9.17591623e-01  3.17505000e-08  4.30878291e-04  3.17505000e-08  1.31466172e-05 
 3.17515000e-08  9.58561795e-01  3.17515000e-08  4.17804026e-04  3.17515000e-08  1.18710288e-05 
 3.17525000e-08  9.98947646e-01  3.17525000e-08  4.07085121e-04  3.17525000e-08  1.22640785e-05 
 3.17535000e-08  1.03874983e+00  3.17535000e-08  3.94769553e-04  3.17535000e-08  1.10228941e-05 
 3.17545000e-08  1.07802896e+00  3.17545000e-08  3.84735473e-04  3.17545000e-08  1.14357039e-05 
 3.17555000e-08  1.11682794e+00  3.17555000e-08  3.73127869e-04  3.17555000e-08  1.02311809e-05 
 3.20395000e-08  1.94995951e+00  3.20395000e-08  8.14747658e-01  3.20395000e-08 -5.93707323e-05 
 3.20405000e-08  1.94995969e+00  3.20405000e-08  8.97361246e-01  3.20405000e-08 -1.10711261e-04 
 3.20415000e-08  1.94995991e+00  3.20415000e-08  9.78288185e-01  3.20415000e-08 -1.52072276e-04 
 3.20425000e-08  1.94996008e+00  3.20425000e-08  1.05742539e+00  3.20425000e-08 -1.76689450e-04 
 3.20435000e-08  1.94996028e+00  3.20435000e-08  1.13473031e+00  3.20435000e-08 -1.95388696e-04 
 3.20445000e-08  1.94996046e+00  3.20445000e-08  1.21036802e+00  3.20445000e-08 -2.13624895e-04 
 3.21585000e-08  1.94998416e+00  3.21585000e-08  1.94994350e+00  3.21585000e-08  8.57127514e-01 
 3.21595000e-08  1.94998199e+00  3.21595000e-08  1.94994879e+00  3.21595000e-08  9.18295170e-01 
 3.21605000e-08  1.94997926e+00  3.21605000e-08  1.94995536e+00  3.21605000e-08  9.78216882e-01 
 3.21615000e-08  1.94997628e+00  3.21615000e-08  1.94996041e+00  3.21615000e-08  1.03830252e+00 
 3.21625000e-08  1.94997335e+00  3.21625000e-08  1.94996759e+00  3.21625000e-08  1.10231742e+00 
 3.21635000e-08  1.94997081e+00  3.21635000e-08  1.94996271e+00  3.21635000e-08  1.17393555e+00 
 3.22865000e-08  1.17966841e+00  3.22865000e-08  1.94999968e+00  3.22865000e-08  1.94997335e+00 
 3.22875000e-08  1.12739031e+00  3.22875000e-08  1.94999949e+00  3.22875000e-08  1.94998078e+00 
 3.22885000e-08  1.07541732e+00  3.22885000e-08  1.94999973e+00  3.22885000e-08  1.94997604e+00 
 3.22895000e-08  1.02371694e+00  3.22895000e-08  1.94999954e+00  3.22895000e-08  1.94998300e+00 
 3.22905000e-08  9.72200897e-01  3.22905000e-08  1.94999976e+00  3.22905000e-08  1.94997831e+00 
 3.22915000e-08  9.20843001e-01  3.22915000e-08  1.94999959e+00  3.22915000e-08  1.94998506e+00 
 3.27365000e-08  2.52500878e-05  3.27365000e-08  1.16390744e+00  3.27365000e-08  1.94994026e+00 
 3.27375000e-08  3.94766622e-05  3.27375000e-08  1.10961115e+00  3.27375000e-08  1.94993554e+00 
 3.27385000e-08  5.76187929e-05  3.27385000e-08  1.05464689e+00  3.27385000e-08  1.94993502e+00 
 3.27395000e-08  7.60232163e-05  3.27395000e-08  9.99047756e-01  3.27395000e-08  1.94993961e+00 
 3.27405000e-08  8.46419239e-05  3.27405000e-08  9.42798489e-01  3.27405000e-08  1.94995115e+00 
 3.27415000e-08  8.47647598e-05  3.27415000e-08  8.85943591e-01  3.27415000e-08  1.94996923e+00 
 3.28725000e-08  9.15082154e-01  3.28725000e-08  3.53770313e-04  3.28725000e-08  1.94984683e+00 
 3.28735000e-08  9.56088776e-01  3.28735000e-08  3.42092091e-04  3.28735000e-08  1.94985034e+00 
 3.28745000e-08  9.96510028e-01  3.28745000e-08  3.35313779e-04  3.28745000e-08  1.94985424e+00 
 3.28755000e-08  1.03634450e+00  3.28755000e-08  3.24492784e-04  3.28755000e-08  1.94985790e+00 
 3.28765000e-08  1.07565191e+00  3.28765000e-08  3.18357702e-04  3.28765000e-08  1.94986187e+00 
 3.28775000e-08  1.11447620e+00  3.28775000e-08  3.08215860e-04  3.28775000e-08  1.94986554e+00 
 3.31615000e-08  1.94995949e+00  3.31615000e-08  8.11583551e-01  3.31615000e-08  1.95009534e+00 
 3.31625000e-08  1.94995969e+00  3.31625000e-08  8.94272969e-01  3.31625000e-08  1.94996470e+00 
 3.31635000e-08  1.94995988e+00  3.31635000e-08  9.75124425e-01  3.31635000e-08  1.94983069e+00 
 3.31645000e-08  1.94996008e+00  3.31645000e-08  1.05399036e+00  3.31645000e-08  1.94967826e+00 
 3.31655000e-08  1.94996027e+00  3.31655000e-08  1.13082073e+00  3.31655000e-08  1.94951979e+00 
 3.31665000e-08  1.94996045e+00  3.31665000e-08  1.20583770e+00  3.31665000e-08  1.94937579e+00 
 3.32955000e-08  1.94992436e+00  3.32955000e-08  1.94999622e+00  3.32955000e-08  1.15648946e+00 
 3.32965000e-08  1.94992384e+00  3.32965000e-08  1.95003006e+00  3.32965000e-08  1.09892594e+00 
 3.32975000e-08  1.94991762e+00  3.32975000e-08  1.95005939e+00  3.32975000e-08  1.04110520e+00 
 3.32985000e-08  1.94991568e+00  3.32985000e-08  1.95008269e+00  3.32985000e-08  9.82927626e-01 
 3.32995000e-08  1.94991584e+00  3.32995000e-08  1.95009930e+00  3.32995000e-08  9.24190456e-01 
 3.33005000e-08  1.94991577e+00  3.33005000e-08  1.95010999e+00  3.33005000e-08  8.64844625e-01 
 3.34095000e-08  1.13064800e+00  3.34095000e-08  1.94999950e+00  3.34095000e-08  6.19122052e-04 
 3.34105000e-08  1.07865558e+00  3.34105000e-08  1.94999976e+00  3.34105000e-08  5.95733974e-04 
 3.34115000e-08  1.02694281e+00  3.34115000e-08  1.94999941e+00  3.34115000e-08  5.81240592e-04 
 3.34125000e-08  9.75415246e-01  3.34125000e-08  1.94999967e+00  3.34125000e-08  5.59113217e-04 
 3.34135000e-08  9.24050976e-01  3.34135000e-08  1.94999942e+00  3.34135000e-08  5.45627469e-04 
 3.34145000e-08  8.72790272e-01  3.34145000e-08  1.94999977e+00  3.34145000e-08  5.24692304e-04 
 3.38585000e-08  2.46463283e-05  3.38585000e-08  1.16728933e+00  3.38585000e-08 -2.86268125e-06 
 3.38595000e-08  3.87111537e-05  3.38595000e-08  1.11303026e+00  3.38595000e-08 -2.33190256e-06 
 3.38605000e-08  5.64963141e-05  3.38605000e-08  1.05810642e+00  3.38605000e-08 -5.63093926e-07 
 3.38615000e-08  7.53869735e-05  3.38615000e-08  1.00254428e+00  3.38615000e-08  1.26086189e-06 
 3.38625000e-08  8.44569030e-05  3.38625000e-08  9.46334521e-01  3.38625000e-08  3.85679286e-06 
 3.38635000e-08  8.49808592e-05  3.38635000e-08  8.89515478e-01  3.38635000e-08  6.41226677e-06 
 3.39945000e-08  9.13057091e-01  3.39945000e-08  4.32702604e-04  3.39945000e-08  1.34274914e-05 
 3.39955000e-08  9.54093267e-01  3.39955000e-08  4.18966485e-04  3.39955000e-08  1.16998413e-05 
 3.39965000e-08  9.94543080e-01  3.39965000e-08  4.08809840e-04  3.39965000e-08  1.25422261e-05 
 3.39975000e-08  1.03440565e+00  3.39975000e-08  3.95850016e-04  3.39975000e-08  1.08480279e-05 
 3.39985000e-08  1.07373907e+00  3.39985000e-08  3.86367124e-04  3.39985000e-08  1.17106346e-05 
 3.39995000e-08  1.11258565e+00  3.39995000e-08  3.74132186e-04  3.39995000e-08  1.00525538e-05 
 3.42835000e-08  1.94995948e+00  3.42835000e-08  8.05511286e-01  3.42835000e-08 -5.35609274e-05 
 3.42845000e-08  1.94995968e+00  3.42845000e-08  8.88295727e-01  3.42845000e-08 -1.05442803e-04 
 3.42855000e-08  1.94995987e+00  3.42855000e-08  9.69417889e-01  3.42855000e-08 -1.48159939e-04 
 3.42865000e-08  1.94996007e+00  3.42865000e-08  1.04875742e+00  3.42865000e-08 -1.74524210e-04 
 3.42875000e-08  1.94996025e+00  3.42875000e-08  1.12625981e+00  3.42875000e-08 -1.93983113e-04 
 3.42885000e-08  1.94996045e+00  3.42885000e-08  1.20207451e+00  3.42885000e-08 -2.10258818e-04 
 3.44025000e-08  1.94998437e+00  3.44025000e-08  1.94994324e+00  3.44025000e-08  8.50277799e-01 
 3.44035000e-08  1.94998227e+00  3.44035000e-08  1.94994808e+00  3.44035000e-08  9.11620816e-01 
 3.44045000e-08  1.94997958e+00  3.44045000e-08  1.94995473e+00  3.44045000e-08  9.71639049e-01 
 3.44055000e-08  1.94997661e+00  3.44055000e-08  1.94995992e+00  3.44055000e-08  1.03155593e+00 
 3.44065000e-08  1.94997367e+00  3.44065000e-08  1.94996676e+00  3.44065000e-08  1.09495971e+00 
 3.44075000e-08  1.94997107e+00  3.44075000e-08  1.94996375e+00  3.44075000e-08  1.16580160e+00 
 3.45315000e-08  1.13313588e+00  3.45315000e-08  1.94999950e+00  3.45315000e-08  1.94997835e+00 
 3.45325000e-08  1.08112793e+00  3.45325000e-08  1.94999972e+00  3.45325000e-08  1.94997829e+00 
 3.45335000e-08  1.02940476e+00  3.45335000e-08  1.94999954e+00  3.45335000e-08  1.94998068e+00 
 3.45345000e-08  9.77867742e-01  3.45345000e-08  1.94999975e+00  3.45345000e-08  1.94998053e+00 
 3.45355000e-08  9.26497795e-01  3.45355000e-08  1.94999958e+00  3.45355000e-08  1.94998277e+00 
 3.45365000e-08  8.75230917e-01  3.45365000e-08  1.94999978e+00  3.45365000e-08  1.94998258e+00 
 3.49805000e-08  2.40670330e-05  3.49805000e-08  1.16991646e+00  3.49805000e-08  1.94994091e+00 
 3.49815000e-08  3.79472993e-05  3.49815000e-08  1.11569029e+00  3.49815000e-08  1.94993589e+00 
 3.49825000e-08  5.53917626e-05  3.49825000e-08  1.06080174e+00  3.49825000e-08  1.94993486e+00 
 3.49835000e-08  7.47255374e-05  3.49835000e-08  1.00527183e+00  3.49835000e-08  1.94993877e+00 
 3.49845000e-08  8.41997307e-05  3.49845000e-08  9.49095463e-01  3.49845000e-08  1.94994955e+00 
 3.49855000e-08  8.50933573e-05  3.49855000e-08  8.92305863e-01  3.49855000e-08  1.94996685e+00 
 3.51165000e-08  9.11177280e-01  3.51165000e-08  3.54877760e-04  3.51165000e-08  1.94984623e+00 
 3.51175000e-08  9.52240866e-01  3.51175000e-08  3.43100474e-04  3.51175000e-08  1.94985010e+00 
 3.51185000e-08  9.92717188e-01  3.51185000e-08  3.36323155e-04  3.51185000e-08  1.94985362e+00 
 3.51195000e-08  1.03260589e+00  3.51195000e-08  3.25419367e-04  3.51195000e-08  1.94985765e+00 
 3.51205000e-08  1.07196355e+00  3.51205000e-08  3.19290881e-04  3.51205000e-08  1.94986124e+00 
 3.51215000e-08  1.11083102e+00  3.51215000e-08  3.09078535e-04  3.51215000e-08  1.94986529e+00 
 3.54055000e-08  1.94995947e+00  3.54055000e-08  8.03585067e-01  3.54055000e-08  1.95010624e+00 
 3.54065000e-08  1.94995968e+00  3.54065000e-08  8.86434205e-01  3.54065000e-08  1.94997638e+00 
 3.54075000e-08  1.94995986e+00  3.54075000e-08  9.67470498e-01  3.54075000e-08  1.94984449e+00 
 3.54085000e-08  1.94996006e+00  3.54085000e-08  1.04653890e+00  3.54085000e-08  1.94969352e+00 
 3.54095000e-08  1.94996024e+00  3.54095000e-08  1.12356866e+00  3.54095000e-08  1.94953465e+00 
 3.54105000e-08  1.94996044e+00  3.54105000e-08  1.19873008e+00  3.54105000e-08  1.94939025e+00 
 3.55395000e-08  1.94992371e+00  3.55395000e-08  1.94999337e+00  3.55395000e-08  1.16201795e+00 
 3.55405000e-08  1.94992477e+00  3.55405000e-08  1.95002696e+00  3.55405000e-08  1.10446269e+00 
 3.55415000e-08  1.94991807e+00  3.55415000e-08  1.95005674e+00  3.55415000e-08  1.04667566e+00 
 3.55425000e-08  1.94991582e+00  3.55425000e-08  1.95008078e+00  3.55425000e-08  9.88537838e-01 
 3.55435000e-08  1.94991574e+00  3.55435000e-08  1.95009791e+00  3.55435000e-08  9.29861281e-01 
 3.55445000e-08  1.94991591e+00  3.55445000e-08  1.95010927e+00  3.55445000e-08  8.70576208e-01 
 3.56535000e-08  1.13557164e+00  3.56535000e-08  1.94999990e+00  3.56535000e-08  6.21114662e-04 
 3.56545000e-08  1.08354958e+00  3.56545000e-08  1.95000025e+00  3.56545000e-08  5.97385079e-04 
 3.56555000e-08  1.03181715e+00  3.56555000e-08  1.94999990e+00  3.56555000e-08  5.83107389e-04 
 3.56565000e-08  9.80271969e-01  3.56565000e-08  1.95000025e+00  3.56565000e-08  5.60670166e-04 
 3.56575000e-08  9.28897324e-01  3.56575000e-08  1.94999990e+00  3.56575000e-08  5.47376215e-04 
 3.56585000e-08  8.77625388e-01  3.56585000e-08  1.95000024e+00  3.56585000e-08  5.26160954e-04 
 3.61025000e-08  2.37021792e-05  3.61025000e-08  1.17261891e+00  3.61025000e-08 -2.82662926e-06 
 3.61035000e-08  3.74341798e-05  3.61035000e-08  1.11842205e+00  3.61035000e-08 -2.51192999e-06 
 3.61045000e-08  5.46065349e-05  3.61045000e-08  1.06356535e+00  3.61045000e-08 -6.75911608e-07 
 3.61055000e-08  7.42587842e-05  3.61055000e-08  1.00806461e+00  3.61055000e-08  9.84014236e-07 
 3.61065000e-08  8.40390628e-05  3.61065000e-08  9.51919565e-01  3.61065000e-08  3.66676242e-06 
 3.61075000e-08  8.52063790e-05  3.61075000e-08  8.95158483e-01  3.61075000e-08  6.07439995e-06 
 3.62385000e-08  9.09806322e-01  3.62385000e-08  4.34106179e-04  3.62385000e-08  1.36094246e-05 
 3.62395000e-08  9.50889905e-01  3.62395000e-08  4.19975395e-04  3.62395000e-08  1.16099655e-05 
 3.62405000e-08  9.91385580e-01  3.62405000e-08  4.10135072e-04  3.62405000e-08  1.27222117e-05 
 3.62415000e-08  1.03129338e+00  3.62415000e-08  3.96790665e-04  3.62415000e-08  1.07547345e-05 
 3.62425000e-08  1.07066813e+00  3.62425000e-08  3.87619216e-04  3.62425000e-08  1.18882892e-05 
 3.62435000e-08  1.10955057e+00  3.62435000e-08  3.75009379e-04  3.62435000e-08  9.95577384e-06 
 3.65275000e-08  1.94995946e+00  3.65275000e-08  7.98918466e-01  3.65275000e-08 -4.86175375e-05 
 3.65285000e-08  1.94995967e+00  3.65285000e-08  8.81824049e-01  3.65285000e-08 -1.01459463e-04 
 3.65295000e-08  1.94995985e+00  3.65295000e-08  9.63084383e-01  3.65295000e-08 -1.45221338e-04 
 3.65305000e-08  1.94996005e+00  3.65305000e-08  1.04256775e+00  3.65305000e-08 -1.72840807e-04 
 3.65315000e-08  1.94996023e+00  3.65315000e-08  1.12021210e+00  3.65315000e-08 -1.92830890e-04 
 3.65325000e-08  1.94996043e+00  3.65325000e-08  1.19614045e+00  3.65325000e-08 -2.08034932e-04 
 3.66465000e-08  1.94998450e+00  3.66465000e-08  1.94994306e+00  3.66465000e-08  8.45340885e-01 
 3.66475000e-08  1.94998245e+00  3.66475000e-08  1.94994755e+00  3.66475000e-08  9.06815540e-01 
 3.66485000e-08  1.94997981e+00  3.66485000e-08  1.94995427e+00  3.66485000e-08  9.66910565e-01 
 3.66495000e-08  1.94997685e+00  3.66495000e-08  1.94995952e+00  3.66495000e-08  1.02674055e+00 
 3.66505000e-08  1.94997389e+00  3.66505000e-08  1.94996608e+00  3.66505000e-08  1.08974719e+00 
 3.66515000e-08  1.94997126e+00  3.66515000e-08  1.94996459e+00  3.66515000e-08  1.15996612e+00 
 3.67755000e-08  1.13727930e+00  3.67755000e-08  1.94999950e+00  3.67755000e-08  1.94997650e+00 
 3.67765000e-08  1.08524591e+00  3.67765000e-08  1.94999971e+00  3.67765000e-08  1.94998003e+00 
 3.67775000e-08  1.03350549e+00  3.67775000e-08  1.94999955e+00  3.67775000e-08  1.94997891e+00 
 3.67785000e-08  9.81953167e-01  3.67785000e-08  1.94999974e+00  3.67785000e-08  1.94998224e+00 
 3.67795000e-08  9.30573999e-01  3.67795000e-08  1.94999959e+00  3.67795000e-08  1.94998109e+00 
 3.67805000e-08  8.79297403e-01  3.67805000e-08  1.94999978e+00  3.67805000e-08  1.94998428e+00 
 3.72245000e-08  2.31563081e-05  3.72245000e-08  1.17436151e+00  3.72245000e-08  1.94994141e+00 
 3.72255000e-08  3.67183215e-05  3.72255000e-08  1.12018728e+00  3.72255000e-08  1.94993617e+00 
 3.72265000e-08  5.35340875e-05  3.72265000e-08  1.06535472e+00  3.72265000e-08  1.94993478e+00 
 3.72275000e-08  7.36116767e-05  3.72275000e-08  1.00987609e+00  3.72275000e-08  1.94993819e+00 
 3.72285000e-08  8.38028274e-05  3.72285000e-08  9.53753781e-01  3.72285000e-08  1.94994843e+00 
 3.72295000e-08  8.53391971e-05  3.72295000e-08  8.97012689e-01  3.72295000e-08  1.94996514e+00 
 3.73605000e-08  9.07676744e-01  3.73605000e-08  3.55527030e-04  3.73605000e-08  1.94984571e+00 
 3.73615000e-08  9.48791294e-01  3.73615000e-08  3.44002762e-04  3.73615000e-08  1.94985004e+00 
 3.73625000e-08  9.89317022e-01  3.73625000e-08  3.36903985e-04  3.73625000e-08  1.94985309e+00 
 3.73635000e-08  1.02925453e+00  3.73635000e-08  3.26255938e-04  3.73635000e-08  1.94985757e+00 
 3.73645000e-08  1.06865550e+00  3.73645000e-08  3.19819595e-04  3.73645000e-08  1.94986071e+00 
 3.73655000e-08  1.10756116e+00  3.73655000e-08  3.09863099e-04  3.73655000e-08  1.94986521e+00 
 3.76495000e-08  1.94995945e+00  3.76495000e-08  7.96669231e-01  3.76495000e-08  1.95011522e+00 
 3.76505000e-08  1.94995966e+00  3.76505000e-08  8.79653605e-01  3.76505000e-08  1.94998626e+00 
 3.76515000e-08  1.94995984e+00  3.76515000e-08  9.60848273e-01  3.76515000e-08  1.94985635e+00 
 3.76525000e-08  1.94996005e+00  3.76525000e-08  1.04008268e+00  3.76525000e-08  1.94970675e+00 
 3.76535000e-08  1.94996022e+00  3.76535000e-08  1.11727770e+00  3.76535000e-08  1.94954794e+00 
 3.76545000e-08  1.94996043e+00  3.76545000e-08  1.19258154e+00  3.76545000e-08  1.94940308e+00 
 3.77835000e-08  1.94992310e+00  3.77835000e-08  1.94999092e+00  3.77835000e-08  1.16677537e+00 
 3.77845000e-08  1.94992553e+00  3.77845000e-08  1.95002424e+00  3.77845000e-08  1.10922610e+00 
 3.77855000e-08  1.94991849e+00  3.77855000e-08  1.95005442e+00  3.77855000e-08  1.05146682e+00 
 3.77865000e-08  1.94991596e+00  3.77865000e-08  1.95007908e+00  3.77865000e-08  9.93362107e-01 
 3.77875000e-08  1.94991566e+00  3.77875000e-08  1.95009668e+00  3.77875000e-08  9.34736880e-01 
 3.77885000e-08  1.94991601e+00  3.77885000e-08  1.95010859e+00  3.77885000e-08  8.75503588e-01 
 3.78975000e-08  1.13977292e+00  3.78975000e-08  1.94999993e+00  3.78975000e-08  6.21664817e-04 
 3.78985000e-08  1.08772489e+00  3.78985000e-08  1.95000025e+00  3.78985000e-08  5.99955224e-04 
 3.78995000e-08  1.03597475e+00  3.78995000e-08  1.94999993e+00  3.78995000e-08  5.83578586e-04 
 3.79005000e-08  9.84413888e-01  3.79005000e-08  1.95000025e+00  3.79005000e-08  5.63132085e-04 
 3.79015000e-08  9.33029812e-01  3.79015000e-08  1.94999993e+00  3.79015000e-08  5.47773730e-04 
 3.79025000e-08  8.81747988e-01  3.79025000e-08  1.95000024e+00  3.79025000e-08  5.28520118e-04 
 3.83465000e-08  2.28514726e-05  3.83465000e-08  1.17725723e+00  3.83465000e-08 -2.78448370e-06 
 3.83475000e-08  3.63176625e-05  3.83475000e-08  1.12311462e+00  3.83475000e-08 -2.66819100e-06 
 3.83485000e-08  5.29344630e-05  3.83485000e-08  1.06831637e+00  3.83485000e-08 -7.62448714e-07 
 3.83495000e-08  7.32495518e-05  3.83495000e-08  1.01286916e+00  3.83495000e-08  7.40639463e-07 
 3.83505000e-08  8.36671482e-05  3.83505000e-08  9.56780579e-01  3.83505000e-08  3.50657453e-06 
 3.83515000e-08  8.54091924e-05  3.83515000e-08  9.00070174e-01  3.83515000e-08  5.77649358e-06 
 3.84825000e-08  9.06817384e-01  3.84825000e-08  4.35174368e-04  3.84825000e-08  1.36360367e-05 
 3.84835000e-08  9.47944451e-01  3.84835000e-08  4.21015275e-04  3.84835000e-08  1.16422793e-05 
 3.84845000e-08  9.88482327e-01  3.84845000e-08  4.11138070e-04  3.84845000e-08  1.27481054e-05 
 3.84855000e-08  1.02843183e+00  3.84855000e-08  3.97767222e-04  3.84855000e-08  1.07843015e-05 
 3.84865000e-08  1.06784344e+00  3.84865000e-08  3.88561679e-04  3.84865000e-08  1.19131995e-05 
 3.84875000e-08  1.10675854e+00  3.84875000e-08  3.75926912e-04  3.84875000e-08  9.98246981e-06 
 3.87715000e-08  1.94995944e+00  3.87715000e-08  7.93057407e-01  3.87715000e-08 -4.53228600e-05 
 3.87725000e-08  1.94995966e+00  3.87725000e-08  8.76067081e-01  3.87725000e-08 -9.80668418e-05 
 3.87735000e-08  1.94995983e+00  3.87735000e-08  9.57449383e-01  3.87735000e-08 -1.42560696e-04 
 3.87745000e-08  1.94996005e+00  3.87745000e-08  1.03706007e+00  3.87745000e-08 -1.71331784e-04 
 3.87755000e-08  1.94996022e+00  3.87755000e-08  1.11483109e+00  3.87755000e-08 -1.91789880e-04 
 3.87765000e-08  1.94996043e+00  3.87765000e-08  1.19087343e+00  3.87765000e-08 -2.06436010e-04 
 3.88915000e-08  1.94998262e+00  3.88915000e-08  1.94994708e+00  3.88915000e-08  9.02541152e-01 
 3.88925000e-08  1.94998001e+00  3.88925000e-08  1.94995387e+00  3.88925000e-08  9.62709351e-01 
 3.88935000e-08  1.94997707e+00  3.88935000e-08  1.94995914e+00  3.88935000e-08  1.02248365e+00 
 3.88945000e-08  1.94997409e+00  3.88945000e-08  1.94996544e+00  3.88945000e-08  1.08516458e+00 
 3.88955000e-08  1.94997144e+00  3.88955000e-08  1.94996538e+00  3.88955000e-08  1.15479566e+00 
 3.88965000e-08  1.94996909e+00  3.88965000e-08  1.94996161e+00  3.88965000e-08  1.22818836e+00 
 3.90195000e-08  1.14122070e+00  3.90195000e-08  1.94999951e+00  3.90195000e-08  1.94997486e+00 
 3.90205000e-08  1.08916305e+00  3.90205000e-08  1.94999970e+00  3.90205000e-08  1.94998156e+00 
 3.90215000e-08  1.03740518e+00  3.90215000e-08  1.94999955e+00  3.90215000e-08  1.94997735e+00 
 3.90225000e-08  9.85838244e-01  3.90225000e-08  1.94999974e+00  3.90225000e-08  1.94998376e+00 
 3.90235000e-08  9.34449543e-01  3.90235000e-08  1.94999960e+00  3.90235000e-08  1.94997959e+00 
 3.90245000e-08  8.83163832e-01  3.90245000e-08  1.94999977e+00  3.90245000e-08  1.94998576e+00 
 3.94685000e-08  2.22713775e-05  3.94685000e-08  1.17842813e+00  3.94685000e-08  1.94994188e+00 
 3.94695000e-08  3.55430783e-05  3.94695000e-08  1.12430148e+00  3.94695000e-08  1.94993646e+00 
 3.94705000e-08  5.17740254e-05  3.94705000e-08  1.06952018e+00  3.94705000e-08  1.94993474e+00 
 3.94715000e-08  7.25347190e-05  3.94715000e-08  1.01408857e+00  3.94715000e-08  1.94993770e+00 
 3.94725000e-08  8.33939337e-05  3.94725000e-08  9.58015837e-01  3.94725000e-08  1.94994744e+00 
 3.94735000e-08  8.55258744e-05  3.94735000e-08  9.01319310e-01  3.94735000e-08  1.94996362e+00 
 3.96055000e-08  9.45553388e-01  3.96055000e-08  3.44917639e-04  3.96055000e-08  1.94984997e+00 
 3.96065000e-08  9.86125525e-01  3.96065000e-08  3.37410587e-04  3.96065000e-08  1.94985259e+00 
 3.96075000e-08  1.02610896e+00  3.96075000e-08  3.27107343e-04  3.96075000e-08  1.94985749e+00 
 3.96085000e-08  1.06555066e+00  3.96085000e-08  3.20278404e-04  3.96085000e-08  1.94986021e+00 
 3.96095000e-08  1.10449261e+00  3.96095000e-08  3.10663784e-04  3.96095000e-08  1.94986512e+00 
 3.96105000e-08  1.14303629e+00  3.96105000e-08  3.04361553e-04  3.96105000e-08  1.94986783e+00 
 3.98935000e-08  1.94995943e+00  3.98935000e-08  7.90388963e-01  3.98935000e-08  1.95012300e+00 
 3.98945000e-08  1.94995966e+00  3.98945000e-08  8.73490604e-01  3.98945000e-08  1.94999360e+00 
 3.98955000e-08  1.94995982e+00  3.98955000e-08  9.54825223e-01  3.98955000e-08  1.94986438e+00 
 3.98965000e-08  1.94996004e+00  3.98965000e-08  1.03421019e+00  3.98965000e-08  1.94971654e+00 
 3.98975000e-08  1.94996020e+00  3.98975000e-08  1.11155610e+00  3.98975000e-08  1.94955817e+00 
 3.98985000e-08  1.94996042e+00  3.98985000e-08  1.18699103e+00  3.98985000e-08  1.94941259e+00 
 4.00275000e-08  1.94992252e+00  4.00275000e-08  1.94998868e+00  4.00275000e-08  1.17109391e+00 
 4.00285000e-08  1.94992623e+00  4.00285000e-08  1.95002175e+00  4.00285000e-08  1.11354917e+00 
 4.00295000e-08  1.94991893e+00  4.00295000e-08  1.95005228e+00  4.00295000e-08  1.05581400e+00 
 4.00305000e-08  1.94991611e+00  4.00305000e-08  1.95007750e+00  4.00305000e-08  9.97738422e-01 
 4.00315000e-08  1.94991559e+00  4.00315000e-08  1.95009552e+00  4.00315000e-08  9.39159028e-01 
 4.00325000e-08  1.94991607e+00  4.00325000e-08  1.95010796e+00  4.00325000e-08  8.79972286e-01 
 4.01415000e-08  1.14372912e+00  4.01415000e-08  1.94999995e+00  4.01415000e-08  6.22249164e-04 
 4.01425000e-08  1.09165879e+00  4.01425000e-08  1.95000024e+00  4.01425000e-08  6.02339993e-04 
 4.01435000e-08  1.03988893e+00  4.01435000e-08  1.94999995e+00  4.01435000e-08  5.84087823e-04 
 4.01445000e-08  9.88315191e-01  4.01445000e-08  1.95000023e+00  4.01445000e-08  5.65413759e-04 
 4.01455000e-08  9.36919680e-01  4.01455000e-08  1.94999995e+00  4.01455000e-08  5.48212885e-04 
 4.01465000e-08  8.85630420e-01  4.01465000e-08  1.95000023e+00  4.01465000e-08  5.30703929e-04 
 4.05905000e-08  2.19992863e-05  4.05905000e-08  1.18129764e+00  4.05905000e-08 -2.75618225e-06 
 4.05915000e-08  3.51761370e-05  4.05915000e-08  1.12720237e+00  4.05915000e-08 -2.78559573e-06 
 4.05925000e-08  5.12213633e-05  4.05925000e-08  1.07245507e+00  4.05925000e-08 -8.45986003e-07 
 4.05935000e-08  7.21896717e-05  4.05935000e-08  1.01705461e+00  4.05935000e-08  5.42917449e-07 
 4.05945000e-08  8.32585200e-05  4.05945000e-08  9.61015341e-01  4.05945000e-08  3.35755144e-06 
 4.05955000e-08  8.55741873e-05  4.05955000e-08  9.04349281e-01  4.05955000e-08  5.52868022e-06 
 4.07275000e-08  9.44872609e-01  4.07275000e-08  4.22048127e-04  4.07275000e-08  1.17706016e-05 
 4.07285000e-08  9.85454443e-01  4.07285000e-08  4.11914225e-04  4.07285000e-08  1.27021873e-05 
 4.07295000e-08  1.02544768e+00  4.07295000e-08  3.98741712e-04  4.07295000e-08  1.09090074e-05 
 4.07305000e-08  1.06489791e+00  4.07305000e-08  3.89286682e-04  4.07305000e-08  1.18658335e-05 
 4.07315000e-08  1.10385038e+00  4.07315000e-08  3.76846773e-04  4.07315000e-08  1.01033614e-05 
 4.07325000e-08  1.14240242e+00  4.07325000e-08  3.68023093e-04  4.07325000e-08  1.10864824e-05 
 4.10155000e-08  1.94995942e+00  4.10155000e-08  7.87246181e-01  4.10155000e-08 -4.21097650e-05 
 4.10165000e-08  1.94995965e+00  4.10165000e-08  8.70357852e-01  4.10165000e-08 -9.47311303e-05 
 4.10175000e-08  1.94995981e+00  4.10175000e-08  9.51862047e-01  4.10175000e-08 -1.39872510e-04 
 4.10185000e-08  1.94996004e+00  4.10185000e-08  1.03159657e+00  4.10185000e-08 -1.69799295e-04 
 4.10195000e-08  1.94996020e+00  4.10195000e-08  1.10949396e+00  4.10195000e-08 -1.90370922e-04 
 4.10205000e-08  1.94996042e+00  4.10205000e-08  1.18564876e+00  4.10205000e-08 -2.05167194e-04 
 4.11355000e-08  1.94998277e+00  4.11355000e-08  1.94994669e+00  4.11355000e-08  8.98325506e-01 
 4.11365000e-08  1.94998020e+00  4.11365000e-08  1.94995341e+00  4.11365000e-08  9.58568668e-01 
 4.11375000e-08  1.94997726e+00  4.11375000e-08  1.94995882e+00  4.11375000e-08  1.01830314e+00 
 4.11385000e-08  1.94997428e+00  4.11385000e-08  1.94996473e+00  4.11385000e-08  1.08067106e+00 
 4.11395000e-08  1.94997160e+00  4.11395000e-08  1.94996629e+00  4.11395000e-08  1.14967680e+00 
 4.11405000e-08  1.94996924e+00  4.11405000e-08  1.94996141e+00  4.11405000e-08  1.22311006e+00 
 4.12635000e-08  1.14412394e+00  4.12635000e-08  1.94999953e+00  4.12635000e-08  1.94997323e+00 
 4.12645000e-08  1.09205036e+00  4.12645000e-08  1.94999966e+00  4.12645000e-08  1.94998312e+00 
 4.12655000e-08  1.04027738e+00  4.12655000e-08  1.94999958e+00  4.12655000e-08  1.94997583e+00 
 4.12665000e-08  9.88701384e-01  4.12665000e-08  1.94999971e+00  4.12665000e-08  1.94998534e+00 
 4.12675000e-08  9.37303743e-01  4.12675000e-08  1.94999962e+00  4.12675000e-08  1.94997808e+00 
 4.12685000e-08  8.86012944e-01  4.12685000e-08  1.94999974e+00  4.12685000e-08  1.94998725e+00 
 4.17125000e-08  2.16840578e-05  4.17125000e-08  1.18186147e+00  4.17125000e-08  1.94994227e+00 
 4.17135000e-08  3.47488882e-05  4.17135000e-08  1.12777508e+00  4.17135000e-08  1.94993671e+00 
 4.17145000e-08  5.05747522e-05  4.17145000e-08  1.07303707e+00  4.17145000e-08  1.94993473e+00 
 4.17155000e-08  7.17820580e-05  4.17155000e-08  1.01764523e+00  4.17155000e-08  1.94993731e+00 
 4.17165000e-08  8.30954294e-05  4.17165000e-08  9.61614444e-01  4.17165000e-08  1.94994663e+00 
 4.17175000e-08  8.56242849e-05  4.17175000e-08  9.04955688e-01  4.17175000e-08  1.94996236e+00 
 4.18495000e-08  9.43740266e-01  4.18495000e-08  3.45654980e-04  4.18495000e-08  1.94984972e+00 
 4.18505000e-08  9.84338092e-01  4.18505000e-08  3.37832902e-04  4.18505000e-08  1.94985237e+00 
 4.18515000e-08  1.02434760e+00  4.18515000e-08  3.27792357e-04  4.18515000e-08  1.94985723e+00 
 4.18525000e-08  1.06381191e+00  4.18525000e-08  3.20661053e-04  4.18525000e-08  1.94985998e+00 
 4.18535000e-08  1.10277473e+00  4.18535000e-08  3.11307111e-04  4.18535000e-08  1.94986486e+00 
 4.18545000e-08  1.14133659e+00  4.18545000e-08  3.04713022e-04  4.18545000e-08  1.94986760e+00 
 4.20000000e-08  1.94972155e+00  4.20000000e-08  1.34569015e-05  4.20000000e-08  1.94999769e+00 
