 time            v(b_out)        time            v(u_puf_u_core_sel_ro) time            v(q)           
 0.00000000e+00  4.68653885e-09  0.00000000e+00  2.46749735e-09  0.00000000e+00  2.46749746e-09 
 2.57750000e-09  9.11834298e-01  2.57750000e-09  4.10391043e-09  2.57750000e-09  2.46760340e-09 
 2.57850000e-09  9.53544924e-01  2.57850000e-09  4.16732632e-09  2.57850000e-09  2.46705090e-09 
 2.57950000e-09  9.94851178e-01  2.57950000e-09  4.11476808e-09  2.57950000e-09  2.46693921e-09 
 2.58050000e-09  1.03573198e+00  2.58050000e-09  3.77460901e-09  2.58050000e-09  2.46673287e-09 
 2.58150000e-09  1.07617871e+00  2.58150000e-09  3.23433963e-09  2.58150000e-09  2.46667387e-09 
 2.58250000e-09  1.11614812e+00  2.58250000e-09  3.01985381e-09  2.58250000e-09  2.46769571e-09 
 2.80750000e-09  1.94990178e+00  2.80750000e-09  7.95369728e-01  2.80750000e-09 -4.65568754e-05 
 2.80850000e-09  1.94990260e+00  2.80850000e-09  8.78341368e-01  2.80850000e-09 -9.86226385e-05 
 2.80950000e-09  1.94990372e+00  2.80950000e-09  9.59677136e-01  2.80950000e-09 -1.41865687e-04 
 2.81050000e-09  1.94990449e+00  2.81050000e-09  1.03923362e+00  2.81050000e-09 -1.70852307e-04 
 2.81150000e-09  1.94990557e+00  2.81150000e-09  1.11694867e+00  2.81150000e-09 -1.90115993e-04 
 2.81250000e-09  1.94990632e+00  2.81250000e-09  1.19294986e+00  2.81250000e-09 -2.05602348e-04 
 2.92750000e-09  1.94995629e+00  2.92750000e-09  1.94994159e+00  2.92750000e-09  8.92748690e-01 
 2.92850000e-09  1.94995644e+00  2.92850000e-09  1.94994866e+00  2.92850000e-09  9.53006021e-01 
 2.92950000e-09  1.94995668e+00  2.92950000e-09  1.94995480e+00  2.92950000e-09  1.01260105e+00 
 2.93050000e-09  1.94995684e+00  2.93050000e-09  1.94996060e+00  2.93050000e-09  1.07448671e+00 
 2.93150000e-09  1.94995710e+00  2.93150000e-09  1.94996488e+00  2.93150000e-09  1.14254151e+00 
 2.93250000e-09  1.94995725e+00  2.93250000e-09  1.94995910e+00  2.93250000e-09  1.21585299e+00 
 3.11450000e-09  1.13314578e+00  3.11450000e-09  1.95000005e+00  3.11450000e-09  1.94999807e+00 
 3.11550000e-09  1.08104784e+00  3.11550000e-09  1.94999992e+00  3.11550000e-09  1.94999259e+00 
 3.11650000e-09  1.02925410e+00  3.11650000e-09  1.95000006e+00  3.11650000e-09  1.94999921e+00 
 3.11750000e-09  9.77668934e-01  3.11750000e-09  1.94999991e+00  3.11750000e-09  1.94999210e+00 
 3.11850000e-09  9.26273536e-01  3.11850000e-09  1.95000004e+00  3.11850000e-09  1.94999719e+00 
 3.11950000e-09  8.75000610e-01  3.11950000e-09  1.94999989e+00  3.11950000e-09  1.94999034e+00 
 3.47650000e-09  1.25048791e-04  3.47650000e-09  1.14812404e+00  3.47650000e-09  1.94993870e+00 
 3.47750000e-09  1.22674837e-04  3.47750000e-09  1.09364371e+00  3.47750000e-09  1.94993477e+00 
 3.47850000e-09  1.20223781e-04  3.47850000e-09  1.03849000e+00  3.47850000e-09  1.94993581e+00 
 3.47950000e-09  1.17941436e-04  3.47950000e-09  9.82710090e-01  3.47950000e-09  1.94994215e+00 
 3.48050000e-09  1.15585955e-04  3.48050000e-09  9.26279089e-01  3.48050000e-09  1.94995577e+00 
 3.48150000e-09  1.13394755e-04  3.48150000e-09  8.69254943e-01  3.48150000e-09  1.94997577e+00 
 3.69950000e-09  9.10788327e-01  3.69950000e-09  3.83044624e-05  3.69950000e-09  1.94998786e+00 
 3.70050000e-09  9.52509162e-01  3.70050000e-09  3.76642346e-05  3.70050000e-09  1.94998858e+00 
 3.70150000e-09  9.93824987e-01  3.70150000e-09  3.64151278e-05  3.70150000e-09  1.94998852e+00 
 3.70250000e-09  1.03471644e+00  3.70250000e-09  3.58168056e-05  3.70250000e-09  1.94998921e+00 
 3.70350000e-09  1.07517398e+00  3.70350000e-09  3.46185193e-05  3.70350000e-09  1.94998914e+00 
 3.70450000e-09  1.11515595e+00  3.70450000e-09  3.40603296e-05  3.70450000e-09  1.94998981e+00 
 3.92850000e-09  1.94990058e+00  3.92850000e-09  7.82858746e-01  3.92850000e-09  1.95013154e+00 
 3.92950000e-09  1.94990176e+00  3.92950000e-09  8.66103857e-01  3.92950000e-09  1.95000697e+00 
 3.93050000e-09  1.94990256e+00  3.93050000e-09  9.47610919e-01  3.93050000e-09  1.94987955e+00 
 3.93150000e-09  1.94990370e+00  3.93150000e-09  1.02717662e+00  3.93150000e-09  1.94973292e+00 
 3.93250000e-09  1.94990446e+00  3.93250000e-09  1.10471475e+00  3.93250000e-09  1.94957432e+00 
 3.93350000e-09  1.94990556e+00  3.93350000e-09  1.18033341e+00  3.93350000e-09  1.94942669e+00 
 4.06250000e-09  1.94995887e+00  4.06250000e-09  1.94998581e+00  4.06250000e-09  1.17615808e+00 
 4.06350000e-09  1.94995917e+00  4.06350000e-09  1.95001857e+00  4.06350000e-09  1.11862067e+00 
 4.06450000e-09  1.94995935e+00  4.06450000e-09  1.95004971e+00  4.06450000e-09  1.06091600e+00 
 4.06550000e-09  1.94995957e+00  4.06550000e-09  1.95007571e+00  4.06550000e-09  1.00287760e+00 
 4.06650000e-09  1.94995968e+00  4.06650000e-09  1.95009423e+00  4.06650000e-09  9.44356107e-01 
 4.06750000e-09  1.94995977e+00  4.06750000e-09  1.95010732e+00  4.06750000e-09  8.85229367e-01 
 4.23650000e-09  1.13441819e+00  4.23650000e-09  1.94999989e+00  4.23650000e-09  9.00111059e-05 
 4.23750000e-09  1.08231282e+00  4.23750000e-09  1.95000008e+00  4.23750000e-09  8.92781097e-05 
 4.23850000e-09  1.03051397e+00  4.23850000e-09  1.94999988e+00  4.23850000e-09  8.41765436e-05 
 4.23950000e-09  9.78924132e-01  4.23950000e-09  1.95000004e+00  4.23950000e-09  8.35984399e-05 
 4.24050000e-09  9.27525912e-01  4.24050000e-09  1.94999987e+00  4.24050000e-09  7.90089888e-05 
 4.24150000e-09  8.76249992e-01  4.24150000e-09  1.95000005e+00  4.24150000e-09  7.86611146e-05 
 4.59850000e-09  1.25132381e-04  4.59850000e-09  1.15001303e+00  4.59850000e-09 -3.18141619e-06 
 4.59950000e-09  1.22760740e-04  4.59950000e-09  1.09555421e+00  4.59950000e-09 -1.43819876e-06 
 4.60050000e-09  1.20304053e-04  4.60050000e-09  1.04042021e+00  4.60050000e-09 -3.57285696e-07 
 4.60150000e-09  1.18024155e-04  4.60150000e-09  9.84661670e-01  4.60150000e-09  2.44635375e-06 
 4.60250000e-09  1.15663178e-04  4.60250000e-09  9.28250361e-01  4.60250000e-09  4.30461860e-06 
 4.60350000e-09  1.13474384e-04  4.60350000e-09  8.71247277e-01  4.60350000e-09  7.68179256e-06 
 4.82150000e-09  9.10516129e-01  4.82150000e-09  4.32322197e-05  4.82150000e-09  1.04551921e-06 
 4.82250000e-09  9.52239693e-01  4.82250000e-09  4.21629281e-05  4.82250000e-09  8.46234868e-07 
 4.82350000e-09  9.93558129e-01  4.82350000e-09  4.10892899e-05  4.82350000e-09  1.01050097e-06 
 4.82450000e-09  1.03445240e+00  4.82450000e-09  4.00725828e-05  4.82450000e-09  7.90497197e-07 
 4.82550000e-09  1.07491284e+00  4.82550000e-09  3.90524342e-05  4.82550000e-09  9.54197544e-07 
 4.82650000e-09  1.11489802e+00  4.82650000e-09  3.80871029e-05  4.82650000e-09  7.57392210e-07 
 5.05150000e-09  1.94990176e+00  5.05150000e-09  8.63594475e-01  5.05150000e-09 -9.17051167e-05 
 5.05250000e-09  1.94990256e+00  5.05250000e-09  9.45241833e-01  5.05250000e-09 -1.37279982e-04 
 5.05350000e-09  1.94990370e+00  5.05350000e-09  1.02512645e+00  5.05350000e-09 -1.67578680e-04 
 5.05450000e-09  1.94990446e+00  5.05450000e-09  1.10317659e+00  5.05450000e-09 -1.87951071e-04 
 5.05550000e-09  1.94990556e+00  5.05550000e-09  1.17947868e+00  5.05550000e-09 -2.03459195e-04 
 5.05650000e-09  1.94990628e+00  5.05650000e-09  1.25417488e+00  5.05650000e-09 -2.30842098e-04 
 5.17050000e-09  1.94995601e+00  5.17050000e-09  1.94994616e+00  5.17050000e-09  8.93266832e-01 
 5.17150000e-09  1.94995628e+00  5.17150000e-09  1.94995284e+00  5.17150000e-09  9.53603879e-01 
 5.17250000e-09  1.94995643e+00  5.17250000e-09  1.94995836e+00  5.17250000e-09  1.01330845e+00 
 5.17350000e-09  1.94995668e+00  5.17350000e-09  1.94996379e+00  5.17350000e-09  1.07535010e+00 
 5.17450000e-09  1.94995683e+00  5.17450000e-09  1.94996728e+00  5.17450000e-09  1.14362630e+00 
 5.17550000e-09  1.94995710e+00  5.17550000e-09  1.94996124e+00  5.17550000e-09  1.21707614e+00 
 5.35850000e-09  1.13478073e+00  5.35850000e-09  1.95000002e+00  5.35850000e-09  1.94999248e+00 
 5.35950000e-09  1.08267233e+00  5.35950000e-09  1.95000006e+00  5.35950000e-09  1.94999886e+00 
 5.36050000e-09  1.03087119e+00  5.36050000e-09  1.95000003e+00  5.36050000e-09  1.94999216e+00 
 5.36150000e-09  9.79279299e-01  5.36150000e-09  1.95000005e+00  5.36150000e-09  1.94999696e+00 
 5.36250000e-09  9.27879640e-01  5.36250000e-09  1.95000002e+00  5.36250000e-09  1.94999048e+00 
 5.36350000e-09  8.76602327e-01  5.36350000e-09  1.95000004e+00  5.36350000e-09  1.94999520e+00 
 5.72050000e-09  1.25123397e-04  5.72050000e-09  1.14988373e+00  5.72050000e-09  1.94993860e+00 
 5.72150000e-09  1.22754676e-04  5.72150000e-09  1.09542548e+00  5.72150000e-09  1.94993510e+00 
 5.72250000e-09  1.20295458e-04  5.72250000e-09  1.04029219e+00  5.72250000e-09  1.94993544e+00 
 5.72350000e-09  1.18018365e-04  5.72350000e-09  9.84533822e-01  5.72350000e-09  1.94994210e+00 
 5.72450000e-09  1.15654796e-04  5.72450000e-09  9.28122433e-01  5.72450000e-09  1.94995497e+00 
 5.72550000e-09  1.13468775e-04  5.72550000e-09  8.71118387e-01  5.72550000e-09  1.94997527e+00 
 5.94350000e-09  9.09498811e-01  5.94350000e-09  3.83039601e-05  5.94350000e-09  1.94998792e+00 
 5.94450000e-09  9.51232572e-01  5.94450000e-09  3.77262026e-05  5.94450000e-09  1.94998850e+00 
 5.94550000e-09  9.92560772e-01  5.94550000e-09  3.64137087e-05  5.94550000e-09  1.94998858e+00 
 5.94650000e-09  1.03346559e+00  5.94650000e-09  3.58766611e-05  5.94650000e-09  1.94998914e+00 
 5.94750000e-09  1.07393686e+00  5.94750000e-09  3.46162542e-05  5.94750000e-09  1.94998920e+00 
 5.94850000e-09  1.11393398e+00  5.94850000e-09  3.41181095e-05  5.94850000e-09  1.94998973e+00 
 6.17350000e-09  1.94990173e+00  6.17350000e-09  8.63545468e-01  6.17350000e-09  1.95001165e+00 
 6.17450000e-09  1.94990253e+00  6.17450000e-09  9.45111135e-01  6.17450000e-09  1.94988374e+00 
 6.17550000e-09  1.94990368e+00  6.17550000e-09  1.02473859e+00  6.17550000e-09  1.94973770e+00 
 6.17650000e-09  1.94990443e+00  6.17650000e-09  1.10233975e+00  6.17650000e-09  1.94957917e+00 
 6.17750000e-09  1.94990554e+00  6.17750000e-09  1.17801372e+00  6.17750000e-09  1.94943109e+00 
 6.17850000e-09  1.94990626e+00  6.17850000e-09  1.25205587e+00  6.17850000e-09  1.94927204e+00 
 6.30650000e-09  1.94995886e+00  6.30650000e-09  1.94998472e+00  6.30650000e-09  1.17792480e+00 
 6.30750000e-09  1.94995917e+00  6.30750000e-09  1.95001753e+00  6.30750000e-09  1.12038818e+00 
 6.30850000e-09  1.94995934e+00  6.30850000e-09  1.95004888e+00  6.30850000e-09  1.06269167e+00 
 6.30950000e-09  1.94995957e+00  6.30950000e-09  1.95007515e+00  6.30950000e-09  1.00466347e+00 
 6.31050000e-09  1.94995967e+00  6.31050000e-09  1.95009383e+00  6.31050000e-09  9.46158648e-01 
 6.31150000e-09  1.94995977e+00  6.31150000e-09  1.95010713e+00  6.31150000e-09  8.87049087e-01 
 6.48050000e-09  1.13610829e+00  6.48050000e-09  1.94999988e+00  6.48050000e-09  8.98892083e-05 
 6.48150000e-09  1.08399209e+00  6.48150000e-09  1.95000006e+00  6.48150000e-09  8.97572860e-05 
 6.48250000e-09  1.03218552e+00  6.48250000e-09  1.94999987e+00  6.48250000e-09  8.40105621e-05 
 6.48350000e-09  9.80588705e-01  6.48350000e-09  1.95000003e+00  6.48350000e-09  8.40214080e-05 
 6.48450000e-09  9.29186052e-01  6.48450000e-09  1.94999986e+00  6.48450000e-09  7.88628441e-05 
 6.48550000e-09  8.77905586e-01  6.48550000e-09  1.95000004e+00  6.48550000e-09  7.91002866e-05 
 6.84250000e-09  1.25207784e-04  6.84250000e-09  1.15175366e+00  6.84250000e-09 -3.21486731e-06 
 6.84350000e-09  1.22841274e-04  6.84350000e-09  1.09731663e+00  6.84350000e-09 -1.46938790e-06 
 6.84450000e-09  1.20376615e-04  6.84450000e-09  1.04220277e+00  6.84450000e-09 -4.30580727e-07 
 6.84550000e-09  1.18101711e-04  6.84550000e-09  9.86465502e-01  6.84550000e-09  2.39432530e-06 
 6.84650000e-09  1.15732856e-04  6.84650000e-09  9.30073547e-01  6.84650000e-09  4.21068380e-06 
 6.84750000e-09  1.13548993e-04  6.84750000e-09  8.73090308e-01  6.84750000e-09  7.61111719e-06 
 7.06550000e-09  9.09147099e-01  7.06550000e-09  4.32374981e-05  7.06550000e-09  1.01404695e-06 
 7.06650000e-09  9.50884382e-01  7.06650000e-09  4.22272017e-05  7.06650000e-09  8.75284534e-07 
 7.06750000e-09  9.92215956e-01  7.06750000e-09  4.10932866e-05  7.06750000e-09  9.77578949e-07 
 7.06850000e-09  1.03312441e+00  7.06850000e-09  4.01346243e-05  7.06850000e-09  8.20679777e-07 
 7.06950000e-09  1.07359942e+00  7.06950000e-09  3.90553574e-05  7.06950000e-09  9.23242679e-07 
 7.07050000e-09  1.11360066e+00  7.07050000e-09  3.81468921e-05  7.07050000e-09  7.86031204e-07 
 7.29550000e-09  1.94990174e+00  7.29550000e-09  8.60950187e-01  7.29550000e-09 -8.99761810e-05 
 7.29650000e-09  1.94990252e+00  7.29650000e-09  9.42652639e-01  7.29650000e-09 -1.35824164e-04 
 7.29750000e-09  1.94990367e+00  7.29750000e-09  1.02259470e+00  7.29750000e-09 -1.66920379e-04 
 7.29850000e-09  1.94990442e+00  7.29850000e-09  1.10070396e+00  7.29850000e-09 -1.87389507e-04 
 7.29950000e-09  1.94990553e+00  7.29950000e-09  1.17705874e+00  7.29950000e-09 -2.02973685e-04 
 7.30050000e-09  1.94990625e+00  7.30050000e-09  1.25180685e+00  7.30050000e-09 -2.30032547e-04 
 7.41450000e-09  1.94995601e+00  7.41450000e-09  1.94994592e+00  7.41450000e-09  8.91341183e-01 
 7.41550000e-09  1.94995628e+00  7.41550000e-09  1.94995263e+00  7.41550000e-09  9.51716129e-01 
 7.41650000e-09  1.94995642e+00  7.41650000e-09  1.94995813e+00  7.41650000e-09  1.01141466e+00 
 7.41750000e-09  1.94995668e+00  7.41750000e-09  1.94996344e+00  7.41750000e-09  1.07333811e+00 
 7.41850000e-09  1.94995682e+00  7.41850000e-09  1.94996762e+00  7.41850000e-09  1.14133335e+00 
 7.41950000e-09  1.94995709e+00  7.41950000e-09  1.94996121e+00  7.41950000e-09  1.21478088e+00 
 7.60250000e-09  1.13615255e+00  7.60250000e-09  1.95000002e+00  7.60250000e-09  1.94999192e+00 
 7.60350000e-09  1.08403535e+00  7.60350000e-09  1.95000006e+00  7.60350000e-09  1.94999899e+00 
 7.60450000e-09  1.03222794e+00  7.60450000e-09  1.95000002e+00  7.60450000e-09  1.94999156e+00 
 7.60550000e-09  9.80630378e-01  7.60550000e-09  1.95000005e+00  7.60550000e-09  1.94999692e+00 
 7.60650000e-09  9.29227117e-01  7.60650000e-09  1.95000001e+00  7.60650000e-09  1.94998974e+00 
 7.60750000e-09  8.77946056e-01  7.60750000e-09  1.95000005e+00  7.60750000e-09  1.94999500e+00 
 7.96450000e-09  1.25198613e-04  7.96450000e-09  1.15153208e+00  7.96450000e-09  1.94993876e+00 
 7.96550000e-09  1.22833072e-04  7.96550000e-09  1.09709440e+00  7.96550000e-09  1.94993517e+00 
 7.96650000e-09  1.20367858e-04  7.96650000e-09  1.04198011e+00  7.96650000e-09  1.94993534e+00 
 7.96750000e-09  1.18093798e-04  7.96750000e-09  9.86241851e-01  7.96750000e-09  1.94994181e+00 
 7.96850000e-09  1.15724323e-04  7.96850000e-09  9.29848745e-01  7.96850000e-09  1.94995447e+00 
 7.96950000e-09  1.13541305e-04  7.96950000e-09  8.72863472e-01  7.96950000e-09  1.94997456e+00 
 8.18750000e-09  9.08725016e-01  8.18750000e-09  3.83025968e-05  8.18750000e-09  1.94998791e+00 
 8.18850000e-09  9.50466524e-01  8.18850000e-09  3.77909083e-05  8.18850000e-09  1.94998849e+00 
 8.18950000e-09  9.91802149e-01  8.18950000e-09  3.64113722e-05  8.18950000e-09  1.94998857e+00 
 8.19050000e-09  1.03271498e+00  8.19050000e-09  3.59392070e-05  8.19050000e-09  1.94998912e+00 
 8.19150000e-09  1.07319447e+00  8.19150000e-09  3.46130157e-05  8.19150000e-09  1.94998919e+00 
 8.19250000e-09  1.11320065e+00  8.19250000e-09  3.41785652e-05  8.19250000e-09  1.94998972e+00 
 8.41750000e-09  1.94990172e+00  8.41750000e-09  8.62059704e-01  8.41750000e-09  1.95001432e+00 
 8.41850000e-09  1.94990251e+00  8.41850000e-09  9.43659300e-01  8.41850000e-09  1.94988616e+00 
 8.41950000e-09  1.94990366e+00  8.41950000e-09  1.02332242e+00  8.41950000e-09  1.94974044e+00 
 8.42050000e-09  1.94990441e+00  8.42050000e-09  1.10096026e+00  8.42050000e-09  1.94958197e+00 
 8.42150000e-09  1.94990552e+00  8.42150000e-09  1.17666638e+00  8.42150000e-09  1.94943362e+00 
 8.42250000e-09  1.94990624e+00  8.42250000e-09  1.25073542e+00  8.42250000e-09  1.94927516e+00 
 8.55050000e-09  1.94995885e+00  8.55050000e-09  1.94998419e+00  8.55050000e-09  1.17896414e+00 
 8.55150000e-09  1.94995916e+00  8.55150000e-09  1.95001693e+00  8.55150000e-09  1.12142825e+00 
 8.55250000e-09  1.94995934e+00  8.55250000e-09  1.95004835e+00  8.55250000e-09  1.06373696e+00 
 8.55350000e-09  1.94995957e+00  8.55350000e-09  1.95007476e+00  8.55350000e-09  1.00571537e+00 
 8.55450000e-09  1.94995967e+00  8.55450000e-09  1.95009353e+00  8.55450000e-09  9.47221163e-01 
 8.55550000e-09  1.94995977e+00  8.55550000e-09  1.95010696e+00  8.55550000e-09  8.88122646e-01 
 8.72450000e-09  1.13694362e+00  8.72450000e-09  1.94999989e+00  8.72450000e-09  8.97355806e-05 
 8.72550000e-09  1.08482204e+00  8.72550000e-09  1.95000006e+00  8.72550000e-09  9.00307120e-05 
 8.72650000e-09  1.03301164e+00  8.72650000e-09  1.94999987e+00  8.72650000e-09  8.38527646e-05 
 8.72750000e-09  9.81411356e-01  8.72750000e-09  1.95000003e+00  8.72750000e-09  8.42826205e-05 
 8.72850000e-09  9.30006499e-01  8.72850000e-09  1.94999987e+00  8.72850000e-09  7.87115805e-05 
 8.72950000e-09  8.78723779e-01  8.72950000e-09  1.95000004e+00  8.72950000e-09  7.93609904e-05 
 9.08650000e-09  1.25245175e-04  9.08650000e-09  1.15258345e+00  9.08650000e-09 -3.23298297e-06 
 9.08750000e-09  1.22881191e-04  9.08750000e-09  1.09815710e+00  9.08750000e-09 -1.48110538e-06 
 9.08850000e-09  1.20412836e-04  9.08850000e-09  1.04305313e+00  9.08850000e-09 -4.67535925e-07 
 9.08950000e-09  1.18140241e-04  9.08950000e-09  9.87326265e-01  9.08950000e-09  2.37225332e-06 
 9.09050000e-09  1.15767712e-04  9.09050000e-09  9.30943793e-01  9.09050000e-09  4.16400095e-06 
 9.09150000e-09  1.13586114e-04  9.09150000e-09  8.73970259e-01  9.09150000e-09  7.57972822e-06 
 9.30950000e-09  9.09185631e-01  9.30950000e-09  4.32414281e-05  9.30950000e-09  1.00597321e-06 
 9.31050000e-09  9.50922525e-01  9.31050000e-09  4.22607393e-05  9.31050000e-09  8.80971722e-07 
 9.31150000e-09  9.92253729e-01  9.31150000e-09  4.10962229e-05  9.31150000e-09  9.50594543e-07 
 9.31250000e-09  1.03316179e+00  9.31250000e-09  4.01675374e-05  9.31250000e-09  8.42458514e-07 
 9.31350000e-09  1.07363638e+00  9.31350000e-09  3.90580037e-05  9.31350000e-09  9.16103077e-07 
 9.31450000e-09  1.11363717e+00  9.31450000e-09  3.81782218e-05  9.31450000e-09  7.97372134e-07 
 9.53950000e-09  1.94990174e+00  9.53950000e-09  8.60995682e-01  9.53950000e-09 -9.00122358e-05 
 9.54050000e-09  1.94990252e+00  9.54050000e-09  9.42697200e-01  9.54050000e-09 -1.35843480e-04 
 9.54150000e-09  1.94990367e+00  9.54150000e-09  1.02263828e+00  9.54150000e-09 -1.66937708e-04 
 9.54250000e-09  1.94990442e+00  9.54250000e-09  1.10074653e+00  9.54250000e-09 -1.87393166e-04 
 9.54350000e-09  1.94990553e+00  9.54350000e-09  1.17710039e+00  9.54350000e-09 -2.02987864e-04 
 9.54450000e-09  1.94990625e+00  9.54450000e-09  1.25184762e+00  9.54450000e-09 -2.30040537e-04 
 9.65850000e-09  1.94995601e+00  9.65850000e-09  1.94994593e+00  9.65850000e-09  8.91388190e-01 
 9.65950000e-09  1.94995628e+00  9.65950000e-09  1.94995264e+00  9.65950000e-09  9.51761657e-01 
 9.66050000e-09  1.94995642e+00  9.66050000e-09  1.94995814e+00  9.66050000e-09  1.01145983e+00 
 9.66150000e-09  1.94995668e+00  9.66150000e-09  1.94996344e+00  9.66150000e-09  1.07338566e+00 
 9.66250000e-09  1.94995682e+00  9.66250000e-09  1.94996761e+00  9.66250000e-09  1.14138731e+00 
 9.66350000e-09  1.94995709e+00  9.66350000e-09  1.94996121e+00  9.66350000e-09  1.21483446e+00 
 9.84650000e-09  1.13573245e+00  9.84650000e-09  1.95000003e+00  9.84650000e-09  1.94999192e+00 
 9.84750000e-09  1.08361804e+00  9.84750000e-09  1.95000007e+00  9.84750000e-09  1.94999897e+00 
 9.84850000e-09  1.03181264e+00  9.84850000e-09  1.95000003e+00  9.84850000e-09  1.94999156e+00 
 9.84950000e-09  9.80216890e-01  9.84950000e-09  1.95000006e+00  9.84950000e-09  1.94999691e+00 
 9.85050000e-09  9.28814803e-01  9.85050000e-09  1.95000001e+00  9.85050000e-09  1.94998975e+00 
 9.85150000e-09  8.77534935e-01  9.85150000e-09  1.95000006e+00  9.85150000e-09  1.94999499e+00 
 1.02085000e-08  1.25182308e-04  1.02085000e-08  1.15105576e+00  1.02085000e-08  1.94993872e+00 
 1.02095000e-08  1.22815164e-04  1.02095000e-08  1.09661201e+00  1.02095000e-08  1.94993516e+00 
 1.02105000e-08  1.20352403e-04  1.02105000e-08  1.04149203e+00  1.02105000e-08  1.94993537e+00 
 1.02115000e-08  1.18076570e-04  1.02115000e-08  9.85747828e-01  1.02115000e-08  1.94994190e+00 
 1.02125000e-08  1.15709482e-04  1.02125000e-08  9.29349225e-01  1.02125000e-08  1.94995463e+00 
 1.02135000e-08  1.13525087e-04  1.02135000e-08  8.72358348e-01  1.02135000e-08  1.94997482e+00 
 1.04315000e-08  9.09830679e-01  1.04315000e-08  3.83080971e-05  1.04315000e-08  1.94998792e+00 
 1.04325000e-08  9.51561100e-01  1.04325000e-08  3.77738516e-05  1.04325000e-08  1.94998849e+00 
 1.04335000e-08  9.92886106e-01  1.04335000e-08  3.64169473e-05  1.04335000e-08  1.94998857e+00 
 1.04345000e-08  1.03378747e+00  1.04345000e-08  3.59226298e-05  1.04345000e-08  1.94998913e+00 
 1.04355000e-08  1.07425521e+00  1.04355000e-08  3.46186502e-05  1.04355000e-08  1.94998919e+00 
 1.04365000e-08  1.11424842e+00  1.04365000e-08  3.41624817e-05  1.04365000e-08  1.94998973e+00 
 1.06615000e-08  1.94990174e+00  1.06615000e-08  8.64211590e-01  1.06615000e-08  1.95001044e+00 
 1.06625000e-08  1.94990254e+00  1.06625000e-08  9.45761926e-01  1.06625000e-08  1.94988266e+00 
 1.06635000e-08  1.94990368e+00  1.06635000e-08  1.02537329e+00  1.06635000e-08  1.94973646e+00 
 1.06645000e-08  1.94990444e+00  1.06645000e-08  1.10295798e+00  1.06645000e-08  1.94957792e+00 
 1.06655000e-08  1.94990554e+00  1.06655000e-08  1.17861753e+00  1.06655000e-08  1.94942995e+00 
 1.06665000e-08  1.94990627e+00  1.06665000e-08  1.25264764e+00  1.06665000e-08  1.94927065e+00 
 1.07945000e-08  1.94995886e+00  1.07945000e-08  1.94998495e+00  1.07945000e-08  1.17744903e+00 
 1.07955000e-08  1.94995917e+00  1.07955000e-08  1.95001779e+00  1.07955000e-08  1.11991216e+00 
 1.07965000e-08  1.94995934e+00  1.07965000e-08  1.95004911e+00  1.07965000e-08  1.06221345e+00 
 1.07975000e-08  1.94995957e+00  1.07975000e-08  1.95007532e+00  1.07975000e-08  1.00418234e+00 
 1.07985000e-08  1.94995967e+00  1.07985000e-08  1.95009396e+00  1.07985000e-08  9.45672880e-01 
 1.07995000e-08  1.94995977e+00  1.07995000e-08  1.95010720e+00  1.07995000e-08  8.86558420e-01 
 1.09685000e-08  1.13539108e+00  1.09685000e-08  1.94999990e+00  1.09685000e-08  8.98749005e-05 
 1.09695000e-08  1.08327947e+00  1.09695000e-08  1.95000008e+00  1.09695000e-08  8.95611155e-05 
 1.09705000e-08  1.03147619e+00  1.09705000e-08  1.94999988e+00  1.09705000e-08  8.40363544e-05 
 1.09715000e-08  9.79882343e-01  1.09715000e-08  1.95000004e+00  1.09715000e-08  8.38695021e-05 
 1.09725000e-08  9.28481577e-01  1.09725000e-08  1.94999987e+00  1.09725000e-08  7.88735880e-05 
 1.09735000e-08  8.77203041e-01  1.09735000e-08  1.95000005e+00  1.09735000e-08  7.89300982e-05 
 1.13305000e-08  1.25177266e-04  1.13305000e-08  1.15102442e+00  1.13305000e-08 -3.19885055e-06 
 1.13315000e-08  1.22808550e-04  1.13315000e-08  1.09657825e+00  1.13315000e-08 -1.45881522e-06 
 1.13325000e-08  1.20347262e-04  1.13325000e-08  1.04145596e+00  1.13325000e-08 -3.98080737e-07 
 1.13335000e-08  1.18070229e-04  1.13335000e-08  9.85709773e-01  1.13335000e-08  2.41386641e-06 
 1.13345000e-08  1.15704701e-04  1.13345000e-08  9.29309707e-01  1.13345000e-08  4.25167416e-06 
 1.13355000e-08  1.13518743e-04  1.13355000e-08  8.72318150e-01  1.13355000e-08  7.63866894e-06 
 1.15535000e-08  9.09899597e-01  1.15535000e-08  4.32347918e-05  1.15535000e-08  1.02835727e-06 
 1.15545000e-08  9.51629343e-01  1.15545000e-08  4.22007889e-05  1.15545000e-08  8.66905968e-07 
 1.15555000e-08  9.92953698e-01  1.15555000e-08  4.10911355e-05  1.15555000e-08  9.93186851e-07 
 1.15565000e-08  1.03385436e+00  1.15565000e-08  4.01091039e-05  1.15565000e-08  8.10740454e-07 
 1.15575000e-08  1.07432137e+00  1.15575000e-08  3.90536432e-05  1.15575000e-08  9.36805174e-07 
 1.15585000e-08  1.11431379e+00  1.15585000e-08  3.81223327e-05  1.15585000e-08  7.77034606e-07 
 1.17835000e-08  1.94990175e+00  1.17835000e-08  8.62424488e-01  1.17835000e-08 -9.09421500e-05 
 1.17845000e-08  1.94990254e+00  1.17845000e-08  9.44096130e-01  1.17845000e-08 -1.36634993e-04 
 1.17855000e-08  1.94990369e+00  1.17855000e-08  1.02400610e+00  1.17855000e-08 -1.67290177e-04 
 1.17865000e-08  1.94990444e+00  1.17865000e-08  1.10208234e+00  1.17865000e-08 -1.87700319e-04 
 1.17875000e-08  1.94990554e+00  1.17875000e-08  1.17840769e+00  1.17875000e-08 -2.03245588e-04 
 1.17885000e-08  1.94990627e+00  1.17885000e-08  1.25312687e+00  1.17885000e-08 -2.30481509e-04 
 1.19025000e-08  1.94995601e+00  1.19025000e-08  1.94994605e+00  1.19025000e-08  8.92406565e-01 
 1.19035000e-08  1.94995628e+00  1.19035000e-08  1.94995275e+00  1.19035000e-08  9.52760541e-01 
 1.19045000e-08  1.94995643e+00  1.19045000e-08  1.94995826e+00  1.19045000e-08  1.01246217e+00 
 1.19055000e-08  1.94995668e+00  1.19055000e-08  1.94996363e+00  1.19055000e-08  1.07445073e+00 
 1.19065000e-08  1.94995682e+00  1.19065000e-08  1.94996743e+00  1.19065000e-08  1.14260159e+00 
 1.19075000e-08  1.94995710e+00  1.19075000e-08  1.94996123e+00  1.19075000e-08  1.21605117e+00 
 1.20905000e-08  1.13506629e+00  1.20905000e-08  1.95000002e+00  1.20905000e-08  1.94999222e+00 
 1.20915000e-08  1.08295607e+00  1.20915000e-08  1.95000006e+00  1.20915000e-08  1.94999890e+00 
 1.20925000e-08  1.03115363e+00  1.20925000e-08  1.95000003e+00  1.20925000e-08  1.94999187e+00 
 1.20935000e-08  9.79560561e-01  1.20935000e-08  1.95000006e+00  1.20935000e-08  1.94999693e+00 
 1.20945000e-08  9.28160160e-01  1.20945000e-08  1.95000003e+00  1.20945000e-08  1.94999015e+00 
 1.20955000e-08  8.76882049e-01  1.20955000e-08  1.95000007e+00  1.20955000e-08  1.94999510e+00 
 1.24525000e-08  1.25136461e-04  1.24525000e-08  1.15016020e+00  1.24525000e-08  1.94993862e+00 
 1.24535000e-08  1.22768723e-04  1.24535000e-08  1.09570540e+00  1.24535000e-08  1.94993512e+00 
 1.24545000e-08  1.20308048e-04  1.24545000e-08  1.04057529e+00  1.24545000e-08  1.94993542e+00 
 1.24555000e-08  1.18031813e-04  1.24555000e-08  9.84820307e-01  1.24555000e-08  1.94994205e+00 
 1.24565000e-08  1.15666815e-04  1.24565000e-08  9.28411988e-01  1.24565000e-08  1.94995488e+00 
 1.24575000e-08  1.13481640e-04  1.24575000e-08  8.71411093e-01  1.24575000e-08  1.94997515e+00 
 1.26755000e-08  9.09227063e-01  1.26755000e-08  3.83021576e-05  1.26755000e-08  1.94998792e+00 
 1.26765000e-08  9.50963545e-01  1.26765000e-08  3.77368431e-05  1.26765000e-08  1.94998850e+00 
 1.26775000e-08  9.92294352e-01  1.26775000e-08  3.64117958e-05  1.26775000e-08  1.94998857e+00 
 1.26785000e-08  1.03320198e+00  1.26785000e-08  3.58869746e-05  1.26785000e-08  1.94998914e+00 
 1.26795000e-08  1.07367614e+00  1.26795000e-08  3.46142416e-05  1.26795000e-08  1.94998919e+00 
 1.26805000e-08  1.11367645e+00  1.26805000e-08  3.41281018e-05  1.26805000e-08  1.94998973e+00 
 1.29055000e-08  1.94990173e+00  1.29055000e-08  8.63016228e-01  1.29055000e-08  1.95001260e+00 
 1.29065000e-08  1.94990252e+00  1.29065000e-08  9.44593985e-01  1.29065000e-08  1.94988460e+00 
 1.29075000e-08  1.94990367e+00  1.29075000e-08  1.02423415e+00  1.29075000e-08  1.94973867e+00 
 1.29085000e-08  1.94990442e+00  1.29085000e-08  1.10184837e+00  1.29085000e-08  1.94958017e+00 
 1.29095000e-08  1.94990553e+00  1.29095000e-08  1.17753379e+00  1.29095000e-08  1.94943199e+00 
 1.29105000e-08  1.94990625e+00  1.29105000e-08  1.25158550e+00  1.29105000e-08  1.94927315e+00 
 1.30385000e-08  1.94995886e+00  1.30385000e-08  1.94998450e+00  1.30385000e-08  1.17834087e+00 
 1.30395000e-08  1.94995917e+00  1.30395000e-08  1.95001729e+00  1.30395000e-08  1.12080460e+00 
 1.30405000e-08  1.94995934e+00  1.30405000e-08  1.95004867e+00  1.30405000e-08  1.06311024e+00 
 1.30415000e-08  1.94995957e+00  1.30415000e-08  1.95007499e+00  1.30415000e-08  1.00508476e+00 
 1.30425000e-08  1.94995967e+00  1.30425000e-08  1.95009371e+00  1.30425000e-08  9.46584268e-01 
 1.30435000e-08  1.94995977e+00  1.30435000e-08  1.95010706e+00  1.30435000e-08  8.87479221e-01 
 1.32125000e-08  1.13635810e+00  1.32125000e-08  1.94999988e+00  1.32125000e-08  8.98192166e-05 
 1.32135000e-08  1.08424029e+00  1.32135000e-08  1.95000006e+00  1.32135000e-08  8.98908490e-05 
 1.32145000e-08  1.03243258e+00  1.32145000e-08  1.94999987e+00  1.32145000e-08  8.39384072e-05 
 1.32155000e-08  9.80834731e-01  1.32155000e-08  1.95000003e+00  1.32155000e-08  8.41489643e-05 
 1.32165000e-08  9.29431419e-01  1.32165000e-08  1.94999986e+00  1.32165000e-08  7.87937042e-05 
 1.32175000e-08  8.78150279e-01  1.32175000e-08  1.95000004e+00  1.32175000e-08  7.92273428e-05 
 1.35745000e-08  1.25219463e-04  1.35745000e-08  1.15201923e+00  1.35745000e-08 -3.22197309e-06 
 1.35755000e-08  1.22853683e-04  1.35755000e-08  1.09758551e+00  1.35755000e-08 -1.47186647e-06 
 1.35765000e-08  1.20387918e-04  1.35765000e-08  1.04247473e+00  1.35765000e-08 -4.43492745e-07 
 1.35775000e-08  1.18113653e-04  1.35775000e-08  9.86740697e-01  1.35775000e-08  2.38860358e-06 
 1.35785000e-08  1.15743682e-04  1.35785000e-08  9.30351693e-01  1.35785000e-08  4.19487627e-06 
 1.35795000e-08  1.13560465e-04  1.35795000e-08  8.73371481e-01  1.35795000e-08  7.60227137e-06 
 1.37975000e-08  9.08993166e-01  1.37975000e-08  4.32377906e-05  1.37975000e-08  1.00898743e-06 
 1.37985000e-08  9.50731990e-01  1.37985000e-08  4.22375044e-05  1.37985000e-08  8.80473595e-07 
 1.37995000e-08  9.92065041e-01  1.37995000e-08  4.10933935e-05  1.37995000e-08  9.72361079e-07 
 1.38005000e-08  1.03297509e+00  1.38005000e-08  4.01445694e-05  1.38005000e-08  8.25927571e-07 
 1.38015000e-08  1.07345173e+00  1.38015000e-08  3.90553082e-05  1.38015000e-08  9.18193105e-07 
 1.38025000e-08  1.11345478e+00  1.38025000e-08  3.81564924e-05  1.38025000e-08  7.91071574e-07 
 1.40275000e-08  1.94990173e+00  1.40275000e-08  8.60604771e-01  1.40275000e-08 -8.97506277e-05 
 1.40285000e-08  1.94990252e+00  1.40285000e-08  9.42314405e-01  1.40285000e-08 -1.35632305e-04 
 1.40295000e-08  1.94990367e+00  1.40295000e-08  1.02226397e+00  1.40295000e-08 -1.66834104e-04 
 1.40305000e-08  1.94990442e+00  1.40305000e-08  1.10038095e+00  1.40305000e-08 -1.87315405e-04 
 1.40315000e-08  1.94990552e+00  1.40315000e-08  1.17674262e+00  1.40315000e-08 -2.02911065e-04 
 1.40325000e-08  1.94990624e+00  1.40325000e-08  1.25149749e+00  1.40325000e-08 -2.29926291e-04 
 1.41465000e-08  1.94995601e+00  1.41465000e-08  1.94994588e+00  1.41465000e-08  8.91074469e-01 
 1.41475000e-08  1.94995628e+00  1.41475000e-08  1.94995261e+00  1.41475000e-08  9.51454758e-01 
 1.41485000e-08  1.94995642e+00  1.41485000e-08  1.94995810e+00  1.41485000e-08  1.01115268e+00 
 1.41495000e-08  1.94995667e+00  1.41495000e-08  1.94996339e+00  1.41495000e-08  1.07305999e+00 
 1.41505000e-08  1.94995682e+00  1.41505000e-08  1.94996767e+00  1.41505000e-08  1.14101627e+00 
 1.41515000e-08  1.94995709e+00  1.41515000e-08  1.94996120e+00  1.41515000e-08  1.21446305e+00 
 1.43345000e-08  1.13667499e+00  1.43345000e-08  1.95000003e+00  1.43345000e-08  1.94999258e+00 
 1.43355000e-08  1.08455467e+00  1.43355000e-08  1.95000007e+00  1.43355000e-08  1.94999963e+00 
 1.43365000e-08  1.03274509e+00  1.43365000e-08  1.95000003e+00  1.43365000e-08  1.94999215e+00 
 1.43375000e-08  9.81145552e-01  1.43375000e-08  1.95000006e+00  1.43375000e-08  1.94999762e+00 
 1.43385000e-08  9.29741095e-01  1.43385000e-08  1.95000001e+00  1.43385000e-08  1.94999036e+00 
 1.43395000e-08  8.78458783e-01  1.43395000e-08  1.95000006e+00  1.43395000e-08  1.94999573e+00 
 1.46965000e-08  1.25210599e-04  1.46965000e-08  1.15186385e+00  1.46965000e-08  1.94993879e+00 
 1.46975000e-08  1.22847492e-04  1.46975000e-08  1.09743037e+00  1.46975000e-08  1.94993518e+00 
 1.46985000e-08  1.20379391e-04  1.46985000e-08  1.04231999e+00  1.46985000e-08  1.94993532e+00 
 1.46995000e-08  1.18107673e-04  1.46995000e-08  9.86585834e-01  1.46995000e-08  1.94994175e+00 
 1.47005000e-08  1.15735330e-04  1.47005000e-08  9.30196481e-01  1.47005000e-08  1.94995436e+00 
 1.47015000e-08  1.13554613e-04  1.47015000e-08  8.73215038e-01  1.47015000e-08  1.94997442e+00 
 1.49195000e-08  9.07949568e-01  1.49195000e-08  3.82995155e-05  1.49195000e-08  1.94998792e+00 
 1.49205000e-08  9.49698837e-01  1.49205000e-08  3.77995948e-05  1.49205000e-08  1.94998848e+00 
 1.49215000e-08  9.91041897e-01  1.49215000e-08  3.64082613e-05  1.49215000e-08  1.94998857e+00 
 1.49225000e-08  1.03196274e+00  1.49225000e-08  3.59476580e-05  1.49225000e-08  1.94998912e+00 
 1.49235000e-08  1.07245046e+00  1.49235000e-08  3.46098839e-05  1.49235000e-08  1.94998919e+00 
 1.49245000e-08  1.11246571e+00  1.49245000e-08  3.41867666e-05  1.49245000e-08  1.94998972e+00 
 1.51495000e-08  1.94990171e+00  1.51495000e-08  8.60536183e-01  1.51495000e-08  1.95001701e+00 
 1.51505000e-08  1.94990249e+00  1.51505000e-08  9.42172690e-01  1.51505000e-08  1.94988860e+00 
 1.51515000e-08  1.94990365e+00  1.51515000e-08  1.02187185e+00  1.51515000e-08  1.94974327e+00 
 1.51525000e-08  1.94990439e+00  1.51525000e-08  1.09954702e+00  1.51525000e-08  1.94958487e+00 
 1.51535000e-08  1.94990551e+00  1.51535000e-08  1.17528617e+00  1.51535000e-08  1.94943624e+00 
 1.51545000e-08  1.94990622e+00  1.51545000e-08  1.24938308e+00  1.51545000e-08  1.94927836e+00 
 1.52825000e-08  1.94995885e+00  1.52825000e-08  1.94998362e+00  1.52825000e-08  1.18004406e+00 
 1.52835000e-08  1.94995916e+00  1.52835000e-08  1.95001629e+00  1.52835000e-08  1.12250893e+00 
 1.52845000e-08  1.94995933e+00  1.52845000e-08  1.95004779e+00  1.52845000e-08  1.06482306e+00 
 1.52855000e-08  1.94995957e+00  1.52855000e-08  1.95007434e+00  1.52855000e-08  1.00680836e+00 
 1.52865000e-08  1.94995966e+00  1.52865000e-08  1.95009322e+00  1.52865000e-08  9.48325219e-01 
 1.52875000e-08  1.94995977e+00  1.52875000e-08  1.95010679e+00  1.52875000e-08  8.89238252e-01 
 1.54565000e-08  1.13838447e+00  1.54565000e-08  1.94999990e+00  1.54565000e-08  8.95254755e-05 
 1.54575000e-08  1.08625354e+00  1.54575000e-08  1.95000007e+00  1.54575000e-08  9.02444666e-05 
 1.54585000e-08  1.03443645e+00  1.54585000e-08  1.94999988e+00  1.54585000e-08  8.36583930e-05 
 1.54595000e-08  9.82830101e-01  1.54595000e-08  1.95000004e+00  1.54595000e-08  8.45070795e-05 
 1.54605000e-08  9.31421391e-01  1.54605000e-08  1.94999987e+00  1.54605000e-08  7.85167308e-05 
 1.54615000e-08  8.80134730e-01  1.54615000e-08  1.95000004e+00  1.54615000e-08  7.95749731e-05 
 1.58185000e-08  1.25304766e-04  1.58185000e-08  1.15397237e+00  1.58185000e-08 -3.26176435e-06 
 1.58195000e-08  1.22943664e-04  1.58195000e-08  1.09956207e+00  1.58195000e-08 -1.49797503e-06 
 1.58205000e-08  1.20469975e-04  1.58205000e-08  1.04447497e+00  1.58205000e-08 -5.27778203e-07 
 1.58215000e-08  1.18200200e-04  1.58215000e-08  9.88763898e-01  1.58215000e-08  2.33727752e-06 
 1.58225000e-08  1.15822417e-04  1.58225000e-08  9.32397611e-01  1.58225000e-08  4.08734200e-06 
 1.58235000e-08  1.13643603e-04  1.58235000e-08  8.75438874e-01  1.58235000e-08  7.52944873e-06 
 1.60415000e-08  9.07167773e-01  1.60415000e-08  4.32460132e-05  1.60415000e-08  9.79343398e-07 
 1.60425000e-08  9.48924863e-01  1.60425000e-08  4.23072837e-05  1.60425000e-08  9.02825146e-07 
 1.60435000e-08  9.90275418e-01  1.60435000e-08  4.10999214e-05  1.60435000e-08  9.26289521e-07 
 1.60445000e-08  1.03120434e+00  1.60445000e-08  4.02123370e-05  1.60445000e-08  8.62988788e-07 
 1.60455000e-08  1.07170033e+00  1.60455000e-08  3.90608790e-05  1.60455000e-08  8.90496298e-07 
 1.60465000e-08  1.11172471e+00  1.60465000e-08  3.82213967e-05  1.60465000e-08  8.18186881e-07 
 1.62715000e-08  1.94990169e+00  1.62715000e-08  8.57004103e-01  1.62715000e-08 -8.67920902e-05 
 1.62725000e-08  1.94990247e+00  1.62725000e-08  9.38789271e-01  1.62725000e-08 -1.33062829e-04 
 1.62735000e-08  1.94990363e+00  1.62735000e-08  1.01881568e+00  1.62735000e-08 -1.66262011e-04 
 1.62745000e-08  1.94990437e+00  1.62745000e-08  1.09701251e+00  1.62745000e-08 -1.86959087e-04 
 1.62755000e-08  1.94990549e+00  1.62755000e-08  1.17344580e+00  1.62755000e-08 -2.02611722e-04 
 1.62765000e-08  1.94990620e+00  1.62765000e-08  1.24827095e+00  1.62765000e-08 -2.29149842e-04 
 1.63905000e-08  1.94995600e+00  1.63905000e-08  1.94994554e+00  1.63905000e-08  8.88388081e-01 
 1.63915000e-08  1.94995627e+00  1.63915000e-08  1.94995233e+00  1.63915000e-08  9.48823561e-01 
 1.63925000e-08  1.94995641e+00  1.63925000e-08  1.94995778e+00  1.63925000e-08  1.00851836e+00 
 1.63935000e-08  1.94995667e+00  1.63935000e-08  1.94996290e+00  1.63935000e-08  1.07026629e+00 
 1.63945000e-08  1.94995681e+00  1.63945000e-08  1.94996813e+00  1.63945000e-08  1.13783045e+00 
 1.63955000e-08  1.94995708e+00  1.63955000e-08  1.94996117e+00  1.63955000e-08  1.21126347e+00 
 1.65785000e-08  1.13869474e+00  1.65785000e-08  1.95000002e+00  1.65785000e-08  1.94999171e+00 
 1.65795000e-08  1.08656126e+00  1.65795000e-08  1.95000007e+00  1.65795000e-08  1.94999972e+00 
 1.65805000e-08  1.03474226e+00  1.65805000e-08  1.95000002e+00  1.65805000e-08  1.94999124e+00 
 1.65815000e-08  9.83134186e-01  1.65815000e-08  1.95000006e+00  1.65815000e-08  1.94999747e+00 
 1.65825000e-08  9.31724291e-01  1.65825000e-08  1.95000000e+00  1.65825000e-08  1.94998925e+00 
 1.65835000e-08  8.80436423e-01  1.65835000e-08  1.95000006e+00  1.65835000e-08  1.94999536e+00 
 1.69405000e-08  1.25304196e-04  1.69405000e-08  1.15397235e+00  1.69405000e-08  1.94993899e+00 
 1.69415000e-08  1.22944644e-04  1.69415000e-08  1.09956424e+00  1.69415000e-08  1.94993527e+00 
 1.69425000e-08  1.20469430e-04  1.69425000e-08  1.04447932e+00  1.69425000e-08  1.94993520e+00 
 1.69435000e-08  1.18201121e-04  1.69435000e-08  9.88770049e-01  1.69435000e-08  1.94994139e+00 
 1.69445000e-08  1.15821771e-04  1.69445000e-08  9.32405144e-01  1.69445000e-08  1.94995373e+00 
 1.69455000e-08  1.13644390e-04  1.69455000e-08  8.75446985e-01  1.69455000e-08  1.94997353e+00 
 1.71635000e-08  9.06269018e-01  1.71635000e-08  3.82983422e-05  1.71635000e-08  1.94998791e+00 
 1.71645000e-08  9.48035100e-01  1.71645000e-08  3.78754702e-05  1.71645000e-08  1.94998846e+00 
 1.71655000e-08  9.89394276e-01  1.71655000e-08  3.64059593e-05  1.71655000e-08  1.94998857e+00 
 1.71665000e-08  1.03033247e+00  1.71665000e-08  3.60209864e-05  1.71665000e-08  1.94998910e+00 
 1.71675000e-08  1.07083798e+00  1.71675000e-08  3.46065372e-05  1.71675000e-08  1.94998919e+00 
 1.71685000e-08  1.11087284e+00  1.71685000e-08  3.42576081e-05  1.71685000e-08  1.94998970e+00 
 1.73935000e-08  1.94990166e+00  1.73935000e-08  8.57159582e-01  1.73935000e-08  1.95002296e+00 
 1.73945000e-08  1.94990244e+00  1.73945000e-08  9.38870287e-01  1.73945000e-08  1.94989404e+00 
 1.73955000e-08  1.94990361e+00  1.73955000e-08  1.01864866e+00  1.73955000e-08  1.94974948e+00 
 1.73965000e-08  1.94990435e+00  1.73965000e-08  1.09640623e+00  1.73965000e-08  1.94959121e+00 
 1.73975000e-08  1.94990547e+00  1.73975000e-08  1.17221835e+00  1.73975000e-08  1.94944198e+00 
 1.73985000e-08  1.94990618e+00  1.73985000e-08  1.24637651e+00  1.73985000e-08  1.94928540e+00 
 1.75265000e-08  1.94995884e+00  1.75265000e-08  1.94998239e+00  1.75265000e-08  1.18237953e+00 
 1.75275000e-08  1.94995915e+00  1.75275000e-08  1.95001490e+00  1.75275000e-08  1.12484593e+00 
 1.75285000e-08  1.94995932e+00  1.75285000e-08  1.95004655e+00  1.75285000e-08  1.06717170e+00 
 1.75295000e-08  1.94995956e+00  1.75295000e-08  1.95007344e+00  1.75295000e-08  1.00917173e+00 
 1.75305000e-08  1.94995966e+00  1.75305000e-08  1.95009252e+00  1.75305000e-08  9.50712478e-01 
 1.75315000e-08  1.94995977e+00  1.75315000e-08  1.95010640e+00  1.75315000e-08  8.91650394e-01 
 1.77005000e-08  1.14026836e+00  1.77005000e-08  1.94999988e+00  1.77005000e-08  8.93600290e-05 
 1.77015000e-08  1.08812530e+00  1.77015000e-08  1.95000005e+00  1.77015000e-08  9.10200660e-05 
 1.77025000e-08  1.03629925e+00  1.77025000e-08  1.94999987e+00  1.77025000e-08  8.34012828e-05 
 1.77035000e-08  9.84685045e-01  1.77035000e-08  1.95000001e+00  1.77035000e-08  8.51763031e-05 
 1.77045000e-08  9.33271128e-01  1.77045000e-08  1.94999986e+00  1.77045000e-08  7.82974841e-05 
 1.77055000e-08  8.81979407e-01  1.77055000e-08  1.95000003e+00  1.77055000e-08  8.02783217e-05 
 1.80625000e-08  1.25394281e-04  1.80625000e-08  1.15592047e+00  1.80625000e-08 -3.30378209e-06 
 1.80635000e-08  1.23034775e-04  1.80635000e-08  1.10153279e+00  1.80635000e-08 -1.52363359e-06 
 1.80645000e-08  1.20556115e-04  1.80645000e-08  1.04647010e+00  1.80645000e-08 -6.13876125e-07 
 1.80655000e-08  1.18287823e-04  1.80655000e-08  9.90781289e-01  1.80655000e-08  2.28618215e-06 
 1.80665000e-08  1.15905136e-04  1.80665000e-08  9.34438372e-01  1.80665000e-08  3.97758116e-06 
 1.80675000e-08  1.13727770e-04  1.80675000e-08  8.77500504e-01  1.80675000e-08  7.45612631e-06 
 1.82855000e-08  9.05734646e-01  1.82855000e-08  4.32568388e-05  1.82855000e-08  9.46434489e-07 
 1.82865000e-08  9.47506071e-01  1.82865000e-08  4.23747476e-05  1.82865000e-08  9.42018424e-07 
 1.82875000e-08  9.88870366e-01  1.82875000e-08  4.11093504e-05  1.82875000e-08  8.98181357e-07 
 1.82885000e-08  1.02981407e+00  1.82885000e-08  4.02770161e-05  1.82885000e-08  8.93394758e-07 
 1.82895000e-08  1.07032523e+00  1.82895000e-08  3.90688622e-05  1.82895000e-08  8.53092405e-07 
 1.82905000e-08  1.11036630e+00  1.82905000e-08  3.82837335e-05  1.82905000e-08  8.47657090e-07 
 1.85155000e-08  1.94990166e+00  1.85155000e-08  8.54154398e-01  1.85155000e-08 -8.50254236e-05 
 1.85165000e-08  1.94990244e+00  1.85165000e-08  9.35999041e-01  1.85165000e-08 -1.31580820e-04 
 1.85175000e-08  1.94990360e+00  1.85175000e-08  1.01608750e+00  1.85175000e-08 -1.65431946e-04 
 1.85185000e-08  1.94990434e+00  1.85185000e-08  1.09434849e+00  1.85185000e-08 -1.86256610e-04 
 1.85195000e-08  1.94990546e+00  1.85195000e-08  1.17083914e+00  1.85195000e-08 -2.02010591e-04 
 1.85205000e-08  1.94990617e+00  1.85205000e-08  1.24571993e+00  1.85205000e-08 -2.28207524e-04 
 1.86345000e-08  1.94995599e+00  1.86345000e-08  1.94994539e+00  1.86345000e-08  8.86269076e-01 
 1.86355000e-08  1.94995626e+00  1.86355000e-08  1.94995223e+00  1.86355000e-08  9.46747571e-01 
 1.86365000e-08  1.94995640e+00  1.86365000e-08  1.94995762e+00  1.86365000e-08  1.00644179e+00 
 1.86375000e-08  1.94995666e+00  1.86375000e-08  1.94996261e+00  1.86375000e-08  1.06806628e+00 
 1.86385000e-08  1.94995680e+00  1.86385000e-08  1.94996855e+00  1.86385000e-08  1.13532137e+00 
 1.86395000e-08  1.94995708e+00  1.86395000e-08  1.94996123e+00  1.86395000e-08  1.20873299e+00 
 1.88225000e-08  1.14110919e+00  1.88225000e-08  1.95000000e+00  1.88225000e-08  1.94999124e+00 
 1.88235000e-08  1.08896079e+00  1.88235000e-08  1.95000006e+00  1.88235000e-08  1.94999991e+00 
 1.88245000e-08  1.03712959e+00  1.88245000e-08  1.94999998e+00  1.88245000e-08  1.94999068e+00 
 1.88255000e-08  9.85511872e-01  1.88255000e-08  1.95000005e+00  1.88255000e-08  1.94999751e+00 
 1.88265000e-08  9.34094593e-01  1.88265000e-08  1.94999999e+00  1.88265000e-08  1.94998859e+00 
 1.88275000e-08  8.82800679e-01  1.88275000e-08  1.95000006e+00  1.88275000e-08  1.94999526e+00 
 1.91845000e-08  1.25402102e-04  1.91845000e-08  1.15613538e+00  1.91845000e-08  1.94993920e+00 
 1.91855000e-08  1.23045145e-04  1.91855000e-08  1.10175241e+00  1.91855000e-08  1.94993536e+00 
 1.91865000e-08  1.20563626e-04  1.91865000e-08  1.04669463e+00  1.91865000e-08  1.94993509e+00 
 1.91875000e-08  1.18297746e-04  1.91875000e-08  9.91010105e-01  1.91875000e-08  1.94994103e+00 
 1.91885000e-08  1.15912150e-04  1.91885000e-08  9.34671197e-01  1.91885000e-08  1.94995309e+00 
 1.91895000e-08  1.13737147e-04  1.91895000e-08  8.77736264e-01  1.91895000e-08  1.94997262e+00 
 1.94075000e-08  9.04338125e-01  1.94075000e-08  3.83006663e-05  1.94075000e-08  1.94998791e+00 
 1.94085000e-08  9.46123498e-01  1.94085000e-08  3.79496517e-05  1.94085000e-08  1.94998844e+00 
 1.94095000e-08  9.87501169e-01  1.94095000e-08  3.64070858e-05  1.94095000e-08  1.94998857e+00 
 1.94105000e-08  1.02845975e+00  1.94105000e-08  3.60926081e-05  1.94105000e-08  1.94998907e+00 
 1.94115000e-08  1.06898612e+00  1.94115000e-08  3.46065527e-05  1.94115000e-08  1.94998919e+00 
 1.94125000e-08  1.10904342e+00  1.94125000e-08  3.43267259e-05  1.94125000e-08  1.94998968e+00 
 1.96375000e-08  1.94990164e+00  1.96375000e-08  8.53371365e-01  1.96375000e-08  1.95002961e+00 
 1.96385000e-08  1.94990240e+00  1.96385000e-08  9.35170920e-01  1.96385000e-08  1.94990015e+00 
 1.96395000e-08  1.94990358e+00  1.96395000e-08  1.01504190e+00  1.96395000e-08  1.94975642e+00 
 1.96405000e-08  1.94990430e+00  1.96405000e-08  1.09289469e+00  1.96405000e-08  1.94959843e+00 
 1.96415000e-08  1.94990544e+00  1.96415000e-08  1.16879072e+00  1.96415000e-08  1.94944824e+00 
 1.96425000e-08  1.94990613e+00  1.96425000e-08  1.24301900e+00  1.96425000e-08  1.94929324e+00 
 1.97705000e-08  1.94995882e+00  1.97705000e-08  1.94998103e+00  1.97705000e-08  1.18499243e+00 
 1.97715000e-08  1.94995914e+00  1.97715000e-08  1.95001338e+00  1.97715000e-08  1.12746009e+00 
 1.97725000e-08  1.94995931e+00  1.97725000e-08  1.95004517e+00  1.97725000e-08  1.06979823e+00 
 1.97735000e-08  1.94995956e+00  1.97735000e-08  1.95007237e+00  1.97735000e-08  1.01181420e+00 
 1.97745000e-08  1.94995965e+00  1.97745000e-08  1.95009165e+00  1.97745000e-08  9.53381228e-01 
 1.97755000e-08  1.94995977e+00  1.97755000e-08  1.95010597e+00  1.97755000e-08  8.94346625e-01 
 1.99445000e-08  1.14256768e+00  1.99445000e-08  1.94999990e+00  1.99445000e-08  8.87216178e-05 
 1.99455000e-08  1.09041154e+00  1.99455000e-08  1.95000007e+00  1.99455000e-08  9.15902468e-05 
 1.99465000e-08  1.03857280e+00  1.99465000e-08  1.94999989e+00  1.99465000e-08  8.28318037e-05 
 1.99475000e-08  9.86950512e-01  1.99475000e-08  1.95000003e+00  1.99475000e-08  8.57901146e-05 
 1.99485000e-08  9.35528698e-01  1.99485000e-08  1.94999988e+00  1.99485000e-08  7.77268337e-05 
 1.99495000e-08  8.84232196e-01  1.99495000e-08  1.95000004e+00  1.99495000e-08  8.08591993e-05 
 2.03065000e-08  1.25499741e-04  2.03065000e-08  1.15823998e+00  2.03065000e-08 -3.35202214e-06 
 2.03075000e-08  1.23140925e-04  2.03075000e-08  1.10387927e+00  2.03075000e-08 -1.55310218e-06 
 2.03085000e-08  1.20657667e-04  2.03085000e-08  1.04884569e+00  2.03085000e-08 -7.14830899e-07 
 2.03095000e-08  1.18389881e-04  2.03095000e-08  9.93183444e-01  2.03095000e-08  2.22527458e-06 
 2.03105000e-08  1.16002549e-04  2.03105000e-08  9.36868427e-01  2.03105000e-08  3.84756782e-06 
 2.03115000e-08  1.13825728e-04  2.03115000e-08  8.79955484e-01  2.03115000e-08  7.36792909e-06 
 2.05295000e-08  9.03837663e-01  2.05295000e-08  4.32713631e-05  2.05295000e-08  9.03314198e-07 
 2.05305000e-08  9.45628053e-01  2.05305000e-08  4.24556601e-05  2.05305000e-08  9.87117840e-07 
 2.05315000e-08  9.87010542e-01  2.05315000e-08  4.11220777e-05  2.05315000e-08  8.55328239e-07 
 2.05325000e-08  1.02797429e+00  2.05325000e-08  4.03548675e-05  2.05325000e-08  9.38029995e-07 
 2.05335000e-08  1.06850594e+00  2.05335000e-08  3.90799785e-05  2.05335000e-08  8.10569037e-07 
 2.05345000e-08  1.10856906e+00  2.05345000e-08  3.83586509e-05  2.05345000e-08  8.91862837e-07 
 2.07595000e-08  1.94990163e+00  2.07595000e-08  8.50445612e-01  2.07595000e-08 -8.27269841e-05 
 2.07605000e-08  1.94990238e+00  2.07605000e-08  9.32367700e-01  2.07605000e-08 -1.29632349e-04 
 2.07615000e-08  1.94990357e+00  2.07615000e-08  1.01253698e+00  2.07615000e-08 -1.64334488e-04 
 2.07625000e-08  1.94990429e+00  2.07625000e-08  1.09088169e+00  2.07625000e-08 -1.85350937e-04 
 2.07635000e-08  1.94990543e+00  2.07635000e-08  1.16744737e+00  2.07635000e-08 -2.01233623e-04 
 2.07645000e-08  1.94990612e+00  2.07645000e-08  1.24240044e+00  2.07645000e-08 -2.26979264e-04 
 2.08785000e-08  1.94995597e+00  2.08785000e-08  1.94994508e+00  2.08785000e-08  8.83538902e-01 
 2.08795000e-08  1.94995626e+00  2.08795000e-08  1.94995201e+00  2.08795000e-08  9.44075394e-01 
 2.08805000e-08  1.94995639e+00  2.08805000e-08  1.94995730e+00  2.08805000e-08  1.00377394e+00 
 2.08815000e-08  1.94995665e+00  2.08815000e-08  1.94996215e+00  2.08815000e-08  1.06524463e+00 
 2.08825000e-08  1.94995679e+00  2.08825000e-08  1.94996902e+00  2.08825000e-08  1.13210672e+00 
 2.08835000e-08  1.94995707e+00  2.08835000e-08  1.94996128e+00  2.08835000e-08  1.20547854e+00 
 2.10665000e-08  1.14312506e+00  2.10665000e-08  1.94999999e+00  2.10665000e-08  1.94999323e+00 
 2.10675000e-08  1.09096514e+00  2.10675000e-08  1.95000008e+00  2.10675000e-08  1.95000281e+00 
 2.10685000e-08  1.03912278e+00  2.10685000e-08  1.95000000e+00  2.10685000e-08  1.94999213e+00 
 2.10695000e-08  9.87498048e-01  2.10695000e-08  1.95000009e+00  2.10695000e-08  1.94999961e+00 
 2.10705000e-08  9.36073883e-01  2.10705000e-08  1.95000000e+00  2.10705000e-08  1.94999192e+00 
 2.10715000e-08  8.84775828e-01  2.10715000e-08  1.95000009e+00  2.10715000e-08  1.95000105e+00 
 2.14285000e-08  1.25493309e-04  2.14285000e-08  1.15812605e+00  2.14285000e-08  1.94993940e+00 
 2.14295000e-08  1.23136977e-04  2.14295000e-08  1.10376621e+00  2.14295000e-08  1.94993545e+00 
 2.14305000e-08  1.20651473e-04  2.14305000e-08  1.04873340e+00  2.14305000e-08  1.94993499e+00 
 2.14315000e-08  1.18386023e-04  2.14315000e-08  9.93071679e-01  2.14315000e-08  1.94994071e+00 
 2.14325000e-08  1.15996440e-04  2.14325000e-08  9.36756722e-01  2.14325000e-08  1.94995251e+00 
 2.14335000e-08  1.13821879e-04  2.14335000e-08  8.79843202e-01  2.14335000e-08  1.94997180e+00 
 2.16515000e-08  9.03036881e-01  2.16515000e-08  3.83018075e-05  2.16515000e-08  1.94998791e+00 
 2.16525000e-08  9.44835420e-01  2.16525000e-08  3.80180298e-05  2.16525000e-08  1.94998841e+00 
 2.16535000e-08  9.86225442e-01  2.16535000e-08  3.64071776e-05  2.16535000e-08  1.94998857e+00 
 2.16545000e-08  1.02719757e+00  2.16545000e-08  3.61586445e-05  2.16545000e-08  1.94998905e+00 
 2.16555000e-08  1.06773752e+00  2.16555000e-08  3.46056468e-05  2.16555000e-08  1.94998919e+00 
 2.16565000e-08  1.10781004e+00  2.16565000e-08  3.43904779e-05  2.16565000e-08  1.94998966e+00 
 2.18815000e-08  1.94990162e+00  2.18815000e-08  8.50804575e-01  2.18815000e-08  1.95003405e+00 
 2.18825000e-08  1.94990236e+00  2.18825000e-08  9.32661725e-01  2.18825000e-08  1.94990426e+00 
 2.18835000e-08  1.94990356e+00  2.18835000e-08  1.01259370e+00  2.18835000e-08  1.94976107e+00 
 2.18845000e-08  1.94990426e+00  2.18845000e-08  1.09051012e+00  2.18845000e-08  1.94960339e+00 
 2.18855000e-08  1.94990542e+00  2.18855000e-08  1.16646261e+00  2.18855000e-08  1.94945239e+00 
 2.18865000e-08  1.94990610e+00  2.18865000e-08  1.24073842e+00  2.18865000e-08  1.94929853e+00 
 2.20145000e-08  1.94995881e+00  2.20145000e-08  1.94998010e+00  2.20145000e-08  1.18676506e+00 
 2.20155000e-08  1.94995913e+00  2.20155000e-08  1.95001234e+00  2.20155000e-08  1.12923345e+00 
 2.20165000e-08  1.94995930e+00  2.20165000e-08  1.95004422e+00  2.20165000e-08  1.07157979e+00 
 2.20175000e-08  1.94995955e+00  2.20175000e-08  1.95007168e+00  2.20175000e-08  1.01360639e+00 
 2.20185000e-08  1.94995964e+00  2.20185000e-08  1.95009109e+00  2.20185000e-08  9.55190999e-01 
 2.20195000e-08  1.94995977e+00  2.20195000e-08  1.95010568e+00  2.20195000e-08  8.96174896e-01 
 2.21885000e-08  1.14393983e+00  2.21885000e-08  1.94999990e+00  2.21885000e-08  8.83936611e-05 
 2.21895000e-08  1.09177581e+00  2.21895000e-08  1.95000006e+00  2.21895000e-08  9.21233580e-05 
 2.21905000e-08  1.03992938e+00  2.21905000e-08  1.94999990e+00  2.21905000e-08  8.26563284e-05 
 2.21915000e-08  9.88302188e-01  2.21915000e-08  1.95000007e+00  2.21915000e-08  8.64811798e-05 
 2.21925000e-08  9.36875627e-01  2.21925000e-08  1.94999991e+00  2.21925000e-08  7.72902390e-05 
 2.21935000e-08  8.85576246e-01  2.21935000e-08  1.95000007e+00  2.21935000e-08  8.11982904e-05 
 2.25505000e-08  1.25549066e-04  2.25505000e-08  1.15935380e+00  2.25505000e-08 -3.38101146e-06 
 2.25515000e-08  1.23191496e-04  2.25515000e-08  1.10500604e+00  2.25515000e-08 -1.56010245e-06 
 2.25525000e-08  1.20705089e-04  2.25525000e-08  1.04998642e+00  2.25525000e-08 -7.68492957e-07 
 2.25535000e-08  1.18438381e-04  2.25535000e-08  9.94336929e-01  2.25535000e-08  2.20258332e-06 
 2.25545000e-08  1.16047891e-04  2.25545000e-08  9.38035307e-01  2.25545000e-08  3.78032143e-06 
 2.25555000e-08  1.13872139e-04  2.25555000e-08  8.81134343e-01  2.25555000e-08  7.32583288e-06 
 2.27735000e-08  9.02339762e-01  2.27735000e-08  4.32779947e-05  2.27735000e-08  8.85815367e-07 
 2.27745000e-08  9.44145394e-01  2.27745000e-08  4.24899297e-05  2.27745000e-08  1.00517496e-06 
 2.27755000e-08  9.85541960e-01  2.27755000e-08  4.11284026e-05  2.27755000e-08  8.38296642e-07 
 2.27765000e-08  1.02652139e+00  2.27765000e-08  4.03880994e-05  2.27765000e-08  9.56068669e-07 
 2.27775000e-08  1.06706853e+00  2.27775000e-08  3.90857040e-05  2.27775000e-08  7.93688695e-07 
 2.27785000e-08  1.10714924e+00  2.27785000e-08  3.83906228e-05  2.27785000e-08  9.09715563e-07 
 2.30035000e-08  1.94990160e+00  2.30035000e-08  8.47467419e-01  2.30035000e-08 -8.08700935e-05 
 2.30045000e-08  1.94990234e+00  2.30045000e-08  9.29450312e-01  2.30045000e-08 -1.28048572e-04 
 2.30055000e-08  1.94990355e+00  2.30055000e-08  1.00968357e+00  2.30055000e-08 -1.63424915e-04 
 2.30065000e-08  1.94990425e+00  2.30065000e-08  1.08809509e+00  2.30065000e-08 -1.84622191e-04 
 2.30075000e-08  1.94990541e+00  2.30075000e-08  1.16472094e+00  2.30075000e-08 -2.00604511e-04 
 2.30085000e-08  1.94990608e+00  2.30085000e-08  1.23973177e+00  2.30085000e-08 -2.25999040e-04 
 2.31225000e-08  1.94995596e+00  2.31225000e-08  1.94994480e+00  2.31225000e-08  8.81295962e-01 
 2.31235000e-08  1.94995625e+00  2.31235000e-08  1.94995185e+00  2.31235000e-08  9.41882264e-01 
 2.31245000e-08  1.94995638e+00  2.31245000e-08  1.94995703e+00  2.31245000e-08  1.00158848e+00 
 2.31255000e-08  1.94995665e+00  2.31255000e-08  1.94996209e+00  2.31255000e-08  1.06289333e+00 
 2.31265000e-08  1.94995678e+00  2.31265000e-08  1.94996895e+00  2.31265000e-08  1.12949543e+00 
 2.31275000e-08  1.94995707e+00  2.31275000e-08  1.94996137e+00  2.31275000e-08  1.20279656e+00 
 2.33105000e-08  1.14497946e+00  2.33105000e-08  1.94999996e+00  2.33105000e-08  1.94998748e+00 
 2.33115000e-08  1.09280870e+00  2.33115000e-08  1.95000005e+00  2.33115000e-08  1.94999733e+00 
 2.33125000e-08  1.04095574e+00  2.33125000e-08  1.94999995e+00  2.33125000e-08  1.94998981e+00 
 2.33135000e-08  9.89324084e-01  2.33135000e-08  1.95000005e+00  2.33135000e-08  1.94999906e+00 
 2.33145000e-08  9.37893254e-01  2.33145000e-08  1.94999995e+00  2.33145000e-08  1.94998934e+00 
 2.33155000e-08  8.86591060e-01  2.33155000e-08  1.95000004e+00  2.33155000e-08  1.94999645e+00 
 2.36725000e-08  1.25578635e-04  2.36725000e-08  1.16011491e+00  2.36725000e-08  1.94993963e+00 
 2.36735000e-08  1.23222008e-04  2.36735000e-08  1.10577821e+00  2.36735000e-08  1.94993553e+00 
 2.36745000e-08  1.20733712e-04  2.36745000e-08  1.05077037e+00  2.36745000e-08  1.94993493e+00 
 2.36755000e-08  1.18467781e-04  2.36755000e-08  9.95131464e-01  2.36755000e-08  1.94994037e+00 
 2.36765000e-08  1.16075303e-04  2.36765000e-08  9.38840472e-01  2.36765000e-08  1.94995197e+00 
 2.36775000e-08  1.13900341e-04  2.36775000e-08  8.81948399e-01  2.36775000e-08  1.94997096e+00 
 2.38965000e-08  9.43072650e-01  2.38965000e-08  3.80873719e-05  2.38965000e-08  1.94998840e+00 
 2.38975000e-08  9.84479383e-01  2.38975000e-08  3.64073358e-05  2.38975000e-08  1.94998856e+00 
 2.38985000e-08  1.02547015e+00  2.38985000e-08  3.62256049e-05  2.38985000e-08  1.94998904e+00 
 2.38995000e-08  1.06602844e+00  2.38995000e-08  3.46048031e-05  2.38995000e-08  1.94998918e+00 
 2.39005000e-08  1.10612185e+00  2.39005000e-08  3.44551072e-05  2.39005000e-08  1.94998964e+00 
 2.39015000e-08  1.14571935e+00  2.39015000e-08  3.28919892e-05  2.39015000e-08  1.94998977e+00 
 2.41255000e-08  1.94990158e+00  2.41255000e-08  8.47300851e-01  2.41255000e-08  1.95004000e+00 
 2.41265000e-08  1.94990231e+00  2.41265000e-08  9.29236220e-01  2.41265000e-08  1.94990983e+00 
 2.41275000e-08  1.94990353e+00  2.41275000e-08  1.00925119e+00  2.41275000e-08  1.94976741e+00 
 2.41285000e-08  1.94990421e+00  2.41285000e-08  1.08725448e+00  2.41285000e-08  1.94961012e+00 
 2.41295000e-08  1.94990539e+00  2.41295000e-08  1.16328443e+00  2.41295000e-08  1.94945804e+00 
 2.41305000e-08  1.94990605e+00  2.41305000e-08  1.23762556e+00  2.41305000e-08  1.94930573e+00 
 2.42585000e-08  1.94995880e+00  2.42585000e-08  1.94997879e+00  2.42585000e-08  1.18925781e+00 
 2.42595000e-08  1.94995913e+00  2.42595000e-08  1.95001090e+00  2.42595000e-08  1.13172689e+00 
 2.42605000e-08  1.94995929e+00  2.42605000e-08  1.95004287e+00  2.42605000e-08  1.07408427e+00 
 2.42615000e-08  1.94995955e+00  2.42615000e-08  1.95007072e+00  2.42615000e-08  1.01612543e+00 
 2.42625000e-08  1.94995963e+00  2.42625000e-08  1.95009029e+00  2.42625000e-08  9.57734293e-01 
 2.42635000e-08  1.94995977e+00  2.42635000e-08  1.95010526e+00  2.42635000e-08  8.98743893e-01 
 2.44325000e-08  1.14645003e+00  2.44325000e-08  1.94999988e+00  2.44325000e-08  8.81094475e-05 
 2.44335000e-08  1.09427147e+00  2.44335000e-08  1.95000005e+00  2.44335000e-08  9.31133372e-05 
 2.44345000e-08  1.04241090e+00  2.44345000e-08  1.94999987e+00  2.44345000e-08  8.20985974e-05 
 2.44355000e-08  9.90774609e-01  2.44355000e-08  1.95000001e+00  2.44355000e-08  8.71562895e-05 
 2.44365000e-08  9.39339190e-01  2.44365000e-08  1.94999986e+00  2.44365000e-08  7.70605321e-05 
 2.44375000e-08  8.88034418e-01  2.44375000e-08  1.95000003e+00  2.44375000e-08  8.22697646e-05 
 2.47945000e-08  1.25667665e-04  2.47945000e-08  1.16206851e+00  2.47945000e-08 -3.43222264e-06 
 2.47955000e-08  1.23309511e-04  2.47955000e-08  1.10775235e+00  2.47955000e-08 -1.59460523e-06 
 2.47965000e-08  1.20819418e-04  2.47965000e-08  1.05276681e+00  2.47965000e-08 -8.82209330e-07 
 2.47975000e-08  1.18551926e-04  2.47975000e-08  9.97148464e-01  2.47975000e-08  2.36279447e-06 
 2.47985000e-08  1.16157634e-04  2.47985000e-08  9.40879560e-01  2.47985000e-08  3.92971371e-06 
 2.47995000e-08  1.13981185e-04  2.47995000e-08  8.84007870e-01  2.47995000e-08  7.28747537e-06 
 2.50185000e-08  9.42174888e-01  2.50185000e-08  4.25837020e-05  2.50185000e-08  1.05319245e-06 
 2.50195000e-08  9.83590133e-01  2.50195000e-08  4.11418598e-05  2.50195000e-08  7.92924164e-07 
 2.50205000e-08  1.02459037e+00  2.50205000e-08  4.04783850e-05  2.50205000e-08  1.00362903e-06 
 2.50215000e-08  1.06515799e+00  2.50215000e-08  3.90973342e-05  2.50215000e-08  7.48638260e-07 
 2.50225000e-08  1.10526199e+00  2.50225000e-08  3.84775430e-05  2.50225000e-08  9.56833843e-07 
 2.50235000e-08  1.14487039e+00  2.50235000e-08  3.71552310e-05  2.50235000e-08  7.02945541e-07 
 2.52475000e-08  1.94990156e+00  2.52475000e-08  8.43593983e-01  2.52475000e-08 -7.84408712e-05 
 2.52485000e-08  1.94990228e+00  2.52485000e-08  9.25655540e-01  2.52485000e-08 -1.25972791e-04 
 2.52495000e-08  1.94990351e+00  2.52495000e-08  1.00597171e+00  2.52495000e-08 -1.62233907e-04 
 2.52505000e-08  1.94990419e+00  2.52505000e-08  1.08447020e+00  2.52505000e-08 -1.83654568e-04 
 2.52515000e-08  1.94990538e+00  2.52515000e-08  1.16117454e+00  2.52515000e-08 -1.99805054e-04 
 2.52525000e-08  1.94990602e+00  2.52525000e-08  1.23626041e+00  2.52525000e-08 -2.24714799e-04 
 2.53665000e-08  1.94995595e+00  2.53665000e-08  1.94994466e+00  2.53665000e-08  8.78463206e-01 
 2.53675000e-08  1.94995625e+00  2.53675000e-08  1.94995145e+00  2.53675000e-08  9.39111516e-01 
 2.53685000e-08  1.94995637e+00  2.53685000e-08  1.94995687e+00  2.53685000e-08  9.98829062e-01 
 2.53695000e-08  1.94995665e+00  2.53695000e-08  1.94996191e+00  2.53695000e-08  1.05992275e+00 
 2.53705000e-08  1.94995676e+00  2.53705000e-08  1.94996888e+00  2.53705000e-08  1.12621241e+00 
 2.53715000e-08  1.94995706e+00  2.53715000e-08  1.94996134e+00  2.53715000e-08  1.19939679e+00 
 2.55545000e-08  1.14719376e+00  2.55545000e-08  1.94999999e+00  2.55545000e-08  1.94999001e+00 
 2.55555000e-08  1.09501002e+00  2.55555000e-08  1.95000005e+00  2.55555000e-08  1.94999881e+00 
 2.55565000e-08  1.04314442e+00  2.55565000e-08  1.94999998e+00  2.55565000e-08  1.94998954e+00 
 2.55575000e-08  9.91504592e-01  2.55575000e-08  1.95000003e+00  2.55575000e-08  1.94999621e+00 
 2.55585000e-08  9.40065815e-01  2.55585000e-08  1.94999997e+00  2.55585000e-08  1.94998723e+00 
 2.55595000e-08  8.88758805e-01  2.55595000e-08  1.95000004e+00  2.55595000e-08  1.94999378e+00 
 2.59165000e-08  1.25683217e-04  2.59165000e-08  1.16246381e+00  2.59165000e-08  1.94993990e+00 
 2.59175000e-08  1.23326006e-04  2.59175000e-08  1.10815447e+00  2.59175000e-08  1.94993562e+00 
 2.59185000e-08  1.20834416e-04  2.59185000e-08  1.05317613e+00  2.59185000e-08  1.94993487e+00 
 2.59195000e-08  1.18567796e-04  2.59195000e-08  9.97564205e-01  2.59195000e-08  1.94993999e+00 
 2.59205000e-08  1.16171949e-04  2.59205000e-08  9.41301561e-01  2.59205000e-08  1.94995134e+00 
 2.59215000e-08  1.13996347e-04  2.59215000e-08  8.84434873e-01  2.59215000e-08  1.94996997e+00 
 2.61405000e-08  9.41205996e-01  2.61405000e-08  3.81691751e-05  2.61405000e-08  1.94998837e+00 
 2.61415000e-08  9.82630416e-01  2.61415000e-08  3.64077297e-05  2.61415000e-08  1.94998855e+00 
 2.61425000e-08  1.02364085e+00  2.61425000e-08  3.63045837e-05  2.61425000e-08  1.94998902e+00 
 2.61435000e-08  1.06421852e+00  2.61435000e-08  3.46039911e-05  2.61435000e-08  1.94998917e+00 
 2.61445000e-08  1.10433393e+00  2.61445000e-08  3.45313380e-05  2.61445000e-08  1.94998962e+00 
 2.61455000e-08  1.14395407e+00  2.61455000e-08  3.28900305e-05  2.61455000e-08  1.94998976e+00 
 2.63695000e-08  1.94990155e+00  2.63695000e-08  8.43715468e-01  2.63695000e-08  1.95004600e+00 
 2.63705000e-08  1.94990225e+00  2.63705000e-08  9.25730413e-01  2.63705000e-08  1.94991550e+00 
 2.63715000e-08  1.94990349e+00  2.63715000e-08  1.00582998e+00  2.63715000e-08  1.94977389e+00 
 2.63725000e-08  1.94990416e+00  2.63725000e-08  1.08392221e+00  2.63725000e-08  1.94961700e+00 
 2.63735000e-08  1.94990536e+00  2.63735000e-08  1.16003183e+00  2.63735000e-08  1.94946381e+00 
 2.63745000e-08  1.94990600e+00  2.63745000e-08  1.23444035e+00  2.63745000e-08  1.94931308e+00 
 2.65025000e-08  1.94995878e+00  2.65025000e-08  1.94997749e+00  2.65025000e-08  1.19174980e+00 
 2.65035000e-08  1.94995912e+00  2.65035000e-08  1.95000943e+00  2.65035000e-08  1.13421947e+00 
 2.65045000e-08  1.94995927e+00  2.65045000e-08  1.95004140e+00  2.65045000e-08  1.07658791e+00 
 2.65055000e-08  1.94995955e+00  2.65055000e-08  1.95006961e+00  2.65055000e-08  1.01864371e+00 
 2.65065000e-08  1.94995962e+00  2.65065000e-08  1.95008950e+00  2.65065000e-08  9.60276822e-01 
 2.65075000e-08  1.94995978e+00  2.65075000e-08  1.95010489e+00  2.65075000e-08  9.01311532e-01 
 2.66765000e-08  1.14873083e+00  2.66765000e-08  1.94999987e+00  2.66765000e-08  8.77445445e-05 
 2.66775000e-08  1.09653890e+00  2.66775000e-08  1.95000004e+00  2.66775000e-08  9.40480121e-05 
 2.66785000e-08  1.04466529e+00  2.66785000e-08  1.94999986e+00  2.66785000e-08  8.16505194e-05 
 2.66795000e-08  9.93020550e-01  2.66795000e-08  1.95000000e+00  2.66795000e-08  8.79898284e-05 
 2.66805000e-08  9.41576989e-01  2.66805000e-08  1.94999986e+00  2.66805000e-08  7.66549220e-05 
 2.66815000e-08  8.90267232e-01  2.66815000e-08  1.95000002e+00  2.66815000e-08  8.31318239e-05 
 2.70385000e-08  1.25769103e-04  2.70385000e-08  1.16435525e+00  2.70385000e-08 -3.47114817e-06 
 2.70395000e-08  1.23410608e-04  2.70395000e-08  1.11006574e+00  2.70395000e-08 -1.62663936e-06 
 2.70405000e-08  1.20917036e-04  2.70405000e-08  1.05510893e+00  2.70405000e-08 -9.74278748e-07 
 2.70415000e-08  1.18649169e-04  2.70415000e-08  9.99516865e-01  2.70415000e-08  2.28987697e-06 
 2.70425000e-08  1.16251379e-04  2.70425000e-08  9.43275566e-01  2.70425000e-08  3.79659617e-06 
 2.70435000e-08  1.14074570e-04  2.70435000e-08  8.86428612e-01  2.70435000e-08  7.17556956e-06 
 2.72625000e-08  9.40274737e-01  2.72625000e-08  4.26827384e-05  2.72625000e-08  1.10362228e-06 
 2.72635000e-08  9.81707983e-01  2.72635000e-08  4.11344275e-05  2.72635000e-08  7.47493434e-07 
 2.72645000e-08  1.02272823e+00  2.72645000e-08  4.05738315e-05  2.72645000e-08  1.06479115e-06 
 2.72655000e-08  1.06331554e+00  2.72655000e-08  3.90879106e-05  2.72655000e-08  6.97137090e-07 
 2.72665000e-08  1.10344189e+00  2.72665000e-08  3.85696314e-05  2.72665000e-08  1.00948383e-06 
 2.72675000e-08  1.14307330e+00  2.72675000e-08  3.71449613e-05  2.72675000e-08  6.65819217e-07 
 2.74915000e-08  1.94990153e+00  2.74915000e-08  8.39885265e-01  2.74915000e-08 -7.59652807e-05 
 2.74925000e-08  1.94990223e+00  2.74925000e-08  9.22021692e-01  2.74925000e-08 -1.24115016e-04 
 2.74935000e-08  1.94990347e+00  2.74935000e-08  1.00241695e+00  2.74935000e-08 -1.61150045e-04 
 2.74945000e-08  1.94990414e+00  2.74945000e-08  1.08099877e+00  2.74945000e-08 -1.82652621e-04 
 2.74955000e-08  1.94990534e+00  2.74955000e-08  1.15777850e+00  2.74955000e-08 -1.99101935e-04 
 2.74965000e-08  1.94990597e+00  2.74965000e-08  1.23293616e+00  2.74965000e-08 -2.23423089e-04 
 2.76105000e-08  1.94995594e+00  2.76105000e-08  1.94994458e+00  2.76105000e-08  8.75699016e-01 
 2.76115000e-08  1.94995624e+00  2.76115000e-08  1.94995100e+00  2.76115000e-08  9.36410123e-01 
 2.76125000e-08  1.94995635e+00  2.76125000e-08  1.94995676e+00  2.76125000e-08  9.96143275e-01 
 2.76135000e-08  1.94995664e+00  2.76135000e-08  1.94996167e+00  2.76135000e-08  1.05705234e+00 
 2.76145000e-08  1.94995675e+00  2.76145000e-08  1.94996887e+00  2.76145000e-08  1.12303274e+00 
 2.76155000e-08  1.94995705e+00  2.76155000e-08  1.94996129e+00  2.76155000e-08  1.19608574e+00 
 2.77985000e-08  1.14954573e+00  2.77985000e-08  1.95000004e+00  2.77985000e-08  1.94999087e+00 
 2.77995000e-08  1.09734824e+00  2.77995000e-08  1.95000007e+00  2.77995000e-08  1.94999899e+00 
 2.78005000e-08  1.04546921e+00  2.78005000e-08  1.95000005e+00  2.78005000e-08  1.94999040e+00 
 2.78015000e-08  9.93820679e-01  2.78015000e-08  1.95000007e+00  2.78015000e-08  1.94999649e+00 
 2.78025000e-08  9.42373521e-01  2.78025000e-08  1.95000004e+00  2.78025000e-08  1.94998816e+00 
 2.78035000e-08  8.91061386e-01  2.78035000e-08  1.95000007e+00  2.78035000e-08  1.94999417e+00 
 2.81605000e-08  1.25788806e-04  2.81605000e-08  1.16482121e+00  2.81605000e-08  1.94994018e+00 
 2.81615000e-08  1.23430653e-04  2.81615000e-08  1.11053933e+00  2.81615000e-08  1.94993572e+00 
 2.81625000e-08  1.20936231e-04  2.81625000e-08  1.05559060e+00  2.81625000e-08  1.94993481e+00 
 2.81635000e-08  1.18669095e-04  2.81635000e-08  1.00000578e+00  2.81635000e-08  1.94993961e+00 
 2.81645000e-08  1.16270206e-04  2.81645000e-08  9.43771611e-01  2.81645000e-08  1.94995073e+00 
 2.81655000e-08  1.14093886e-04  2.81655000e-08  8.86930456e-01  2.81655000e-08  1.94996899e+00 
 2.83845000e-08  9.39317604e-01  2.83845000e-08  3.82395360e-05  2.83845000e-08  1.94998835e+00 
 2.83855000e-08  9.80759912e-01  2.83855000e-08  3.64196742e-05  2.83855000e-08  1.94998855e+00 
 2.83865000e-08  1.02179021e+00  2.83865000e-08  3.63723436e-05  2.83865000e-08  1.94998899e+00 
 2.83875000e-08  1.06238742e+00  2.83875000e-08  3.46145168e-05  2.83875000e-08  1.94998917e+00 
 2.83885000e-08  1.10252499e+00  2.83885000e-08  3.45965594e-05  2.83885000e-08  1.94998960e+00 
 2.83895000e-08  1.14216796e+00  2.83895000e-08  3.28991964e-05  2.83895000e-08  1.94998976e+00 
 2.86135000e-08  1.94990151e+00  2.86135000e-08  8.39930143e-01  2.86135000e-08  1.95005223e+00 
 2.86145000e-08  1.94990220e+00  2.86145000e-08  9.22028579e-01  2.86145000e-08  1.94992145e+00 
 2.86155000e-08  1.94990346e+00  2.86155000e-08  1.00221709e+00  2.86155000e-08  1.94978071e+00 
 2.86165000e-08  1.94990411e+00  2.86165000e-08  1.08040325e+00  2.86165000e-08  1.94962424e+00 
 2.86175000e-08  1.94990532e+00  2.86175000e-08  1.15659744e+00  2.86175000e-08  1.94946989e+00 
 2.86185000e-08  1.94990595e+00  2.86185000e-08  1.23107774e+00  2.86185000e-08  1.94932080e+00 
 2.87465000e-08  1.94995877e+00  2.87465000e-08  1.94997614e+00  2.87465000e-08  1.19438526e+00 
 2.87475000e-08  1.94995911e+00  2.87475000e-08  1.95000785e+00  2.87475000e-08  1.13685528e+00 
 2.87485000e-08  1.94995926e+00  2.87485000e-08  1.95003999e+00  2.87485000e-08  1.07923488e+00 
 2.87495000e-08  1.94995954e+00  2.87495000e-08  1.95006852e+00  2.87495000e-08  1.02130553e+00 
 2.87505000e-08  1.94995961e+00  2.87505000e-08  1.95008867e+00  2.87505000e-08  9.62963933e-01 
 2.87515000e-08  1.94995978e+00  2.87515000e-08  1.95010439e+00  2.87515000e-08  9.04025562e-01 
 2.89205000e-08  1.15091731e+00  2.89205000e-08  1.94999986e+00  2.89205000e-08  8.85482093e-05 
 2.89215000e-08  1.09871253e+00  2.89215000e-08  1.94999999e+00  2.89215000e-08  9.30503025e-05 
 2.89225000e-08  1.04682629e+00  2.89225000e-08  1.94999985e+00  2.89225000e-08  8.25573546e-05 
 2.89235000e-08  9.95173379e-01  2.89235000e-08  1.94999997e+00  2.89235000e-08  8.71214648e-05 
 2.89245000e-08  9.43721962e-01  2.89245000e-08  1.94999984e+00  2.89245000e-08  7.74906477e-05 
 2.89255000e-08  8.92407404e-01  2.89255000e-08  1.94999995e+00  2.89255000e-08  8.21761775e-05 
 2.92825000e-08  1.25864709e-04  2.92825000e-08  1.16647307e+00  2.92825000e-08 -3.37653966e-06 
 2.92835000e-08  1.23505945e-04  2.92835000e-08  1.11220824e+00  2.92835000e-08 -1.78834588e-06 
 2.92845000e-08  1.21009242e-04  2.92845000e-08  1.05727803e+00  2.92845000e-08 -1.04785830e-06 
 2.92855000e-08  1.18741494e-04  2.92855000e-08  1.00171032e+00  2.92855000e-08  1.95373154e-06 
 2.92865000e-08  1.16340347e-04  2.92865000e-08  9.45494620e-01  2.92865000e-08  3.72389516e-06 
 2.92875000e-08  1.14163451e-04  2.92875000e-08  8.88670597e-01  2.92875000e-08  6.96448910e-06 
 2.95065000e-08  9.38104680e-01  2.95065000e-08  4.27661695e-05  2.95065000e-08  1.18852229e-06 
 2.95075000e-08  9.79558515e-01  2.95075000e-08  4.11340497e-05  2.95075000e-08  6.73347499e-07 
 2.95085000e-08  1.02060156e+00  2.95085000e-08  4.06541918e-05  2.95085000e-08  1.15264903e-06 
 2.95095000e-08  1.06121128e+00  2.95095000e-08  3.90877595e-05  2.95095000e-08  6.21094784e-07 
 2.95105000e-08  1.10136302e+00  2.95105000e-08  3.86483463e-05  2.95105000e-08  1.09328651e-06 
 2.95115000e-08  1.14102061e+00  2.95115000e-08  3.71430702e-05  2.95115000e-08  5.93181888e-07 
 2.97355000e-08  1.94990149e+00  2.97355000e-08  8.35536998e-01  2.97355000e-08 -7.30730261e-05 
 2.97365000e-08  1.94990217e+00  2.97365000e-08  9.17760647e-01  2.97365000e-08 -1.21896272e-04 
 2.97375000e-08  1.94990344e+00  2.97375000e-08  9.98248247e-01  2.97375000e-08 -1.59848871e-04 
 2.97385000e-08  1.94990408e+00  2.97385000e-08  1.07692784e+00  2.97385000e-08 -1.81468455e-04 
 2.97395000e-08  1.94990530e+00  2.97395000e-08  1.15379628e+00  2.97395000e-08 -1.98286941e-04 
 2.97405000e-08  1.94990592e+00  2.97405000e-08  1.22903810e+00  2.97405000e-08 -2.21915704e-04 
 2.98545000e-08  1.94995593e+00  2.98545000e-08  1.94994449e+00  2.98545000e-08  8.72486914e-01 
 2.98555000e-08  1.94995624e+00  2.98555000e-08  1.94995050e+00  2.98555000e-08  9.33272687e-01 
 2.98565000e-08  1.94995634e+00  2.98565000e-08  1.94995663e+00  2.98565000e-08  9.93028430e-01 
 2.98575000e-08  1.94995663e+00  2.98575000e-08  1.94996137e+00  2.98575000e-08  1.05374638e+00 
 2.98585000e-08  1.94995674e+00  2.98585000e-08  1.94996882e+00  2.98585000e-08  1.11936627e+00 
 2.98595000e-08  1.94995705e+00  2.98595000e-08  1.94996130e+00  2.98595000e-08  1.19224189e+00 
 3.00425000e-08  1.15209256e+00  3.00425000e-08  1.95000003e+00  3.00425000e-08  1.94999020e+00 
 3.00435000e-08  1.09988015e+00  3.00435000e-08  1.95000002e+00  3.00435000e-08  1.94999778e+00 
 3.00445000e-08  1.04798647e+00  3.00445000e-08  1.95000005e+00  3.00445000e-08  1.94998999e+00 
 3.00455000e-08  9.96328427e-01  3.00455000e-08  1.95000003e+00  3.00455000e-08  1.94999540e+00 
 3.00465000e-08  9.44872123e-01  3.00465000e-08  1.95000005e+00  3.00465000e-08  1.94998784e+00 
 3.00475000e-08  8.93554418e-01  3.00475000e-08  1.95000004e+00  3.00475000e-08  1.94999320e+00 
 3.04045000e-08  1.25892199e-04  3.04045000e-08  1.16710825e+00  3.04045000e-08  1.94994046e+00 
 3.04055000e-08  1.23534483e-04  3.04055000e-08  1.11285304e+00  3.04055000e-08  1.94993583e+00 
 3.04065000e-08  1.21035786e-04  3.04065000e-08  1.05793305e+00  3.04065000e-08  1.94993477e+00 
 3.04075000e-08  1.18768909e-04  3.04075000e-08  1.00237456e+00  3.04075000e-08  1.94993926e+00 
 3.04085000e-08  1.16365675e-04  3.04085000e-08  9.46168076e-01  3.04085000e-08  1.94995014e+00 
 3.04095000e-08  1.14189670e-04  3.04095000e-08  8.89351747e-01  3.04095000e-08  1.94996805e+00 
 3.06285000e-08  9.36868127e-01  3.06285000e-08  3.82996286e-05  3.06285000e-08  1.94998833e+00 
 3.06295000e-08  9.78333611e-01  3.06295000e-08  3.64394653e-05  3.06295000e-08  1.94998853e+00 
 3.06305000e-08  1.01938965e+00  3.06305000e-08  3.64301730e-05  3.06305000e-08  1.94998898e+00 
 3.06315000e-08  1.06001205e+00  3.06315000e-08  3.46329780e-05  3.06315000e-08  1.94998916e+00 
 3.06325000e-08  1.10017826e+00  3.06325000e-08  3.46519807e-05  3.06325000e-08  1.94998959e+00 
 3.06335000e-08  1.13985071e+00  3.06335000e-08  3.29161378e-05  3.06335000e-08  1.94998974e+00 
 3.08575000e-08  1.94990146e+00  3.08575000e-08  8.34993790e-01  3.08575000e-08  1.95006018e+00 
 3.08585000e-08  1.94990213e+00  3.08585000e-08  9.17200113e-01  3.08585000e-08  1.94992915e+00 
 3.08595000e-08  1.94990341e+00  3.08595000e-08  9.97503904e-01  3.08595000e-08  1.94978959e+00 
 3.08605000e-08  1.94990405e+00  3.08605000e-08  1.07581249e+00  3.08605000e-08  1.94963366e+00 
 3.08615000e-08  1.94990528e+00  3.08615000e-08  1.15211755e+00  3.08615000e-08  1.94947780e+00 
 3.08625000e-08  1.94990588e+00  3.08625000e-08  1.22669245e+00  3.08625000e-08  1.94933081e+00 
 3.09905000e-08  1.94995876e+00  3.09905000e-08  1.94997462e+00  3.09905000e-08  1.19782178e+00 
 3.09915000e-08  1.94995910e+00  3.09915000e-08  1.95000547e+00  3.09915000e-08  1.14029209e+00 
 3.09925000e-08  1.94995925e+00  3.09925000e-08  1.95003840e+00  3.09925000e-08  1.08268562e+00 
 3.09935000e-08  1.94995954e+00  3.09935000e-08  1.95006680e+00  3.09935000e-08  1.02477529e+00 
 3.09945000e-08  1.94995960e+00  3.09945000e-08  1.95008782e+00  3.09945000e-08  9.66466128e-01 
 3.09955000e-08  1.94995978e+00  3.09955000e-08  1.95010345e+00  3.09955000e-08  9.07562727e-01 
 3.11645000e-08  1.15402737e+00  3.11645000e-08  1.94999994e+00  3.11645000e-08  8.96319819e-05 
 3.11655000e-08  1.10180404e+00  3.11655000e-08  1.94999998e+00  3.11655000e-08  9.23079527e-05 
 3.11665000e-08  1.04989954e+00  3.11665000e-08  1.94999994e+00  3.11665000e-08  8.36370272e-05 
 3.11675000e-08  9.98234555e-01  3.11675000e-08  1.94999997e+00  3.11675000e-08  8.63872024e-05 
 3.11685000e-08  9.46771580e-01  3.11685000e-08  1.94999993e+00  3.11685000e-08  7.85273163e-05 
 3.11695000e-08  8.95449911e-01  3.11695000e-08  1.94999997e+00  3.11695000e-08  8.14216114e-05 
 3.15265000e-08  1.25994987e-04  3.15265000e-08  1.16934686e+00  3.15265000e-08 -3.27460915e-06 
 3.15275000e-08  1.23636292e-04  3.15275000e-08  1.11511557e+00  3.15275000e-08 -1.97797771e-06 
 3.15285000e-08  1.21134722e-04  3.15285000e-08  1.06022150e+00  3.15285000e-08 -1.02726175e-06 
 3.15295000e-08  1.18866787e-04  3.15295000e-08  1.00468687e+00  3.15295000e-08  1.69833499e-06 
 3.15305000e-08  1.16460646e-04  3.15305000e-08  9.48505974e-01  3.15305000e-08  3.65600537e-06 
 3.15315000e-08  1.14283664e-04  3.15315000e-08  8.91713155e-01  3.15315000e-08  6.69782656e-06 
 3.17505000e-08  9.35528518e-01  3.17505000e-08  4.28667761e-05  3.17505000e-08  1.33070100e-06 
 3.17515000e-08  9.77005766e-01  3.17515000e-08  4.11477396e-05  3.17515000e-08  5.92711588e-07 
 3.17525000e-08  1.01807505e+00  3.17525000e-08  4.07517646e-05  3.17525000e-08  1.37409674e-06 
 3.17535000e-08  1.05871148e+00  3.17535000e-08  3.90985538e-05  3.17535000e-08  7.34251277e-07 
 3.17545000e-08  1.09889305e+00  3.17545000e-08  3.87417816e-05  3.17545000e-08  1.25606446e-06 
 3.17555000e-08  1.13858134e+00  3.17555000e-08  3.71512872e-05  3.17555000e-08  5.16980501e-07 
 3.19795000e-08  1.94990144e+00  3.19795000e-08  8.30424577e-01  3.19795000e-08 -6.96916343e-05 
 3.19805000e-08  1.94990209e+00  3.19805000e-08  9.12748766e-01  3.19805000e-08 -1.19228122e-04 
 3.19815000e-08  1.94990339e+00  3.19815000e-08  9.93345222e-01  3.19815000e-08 -1.58273199e-04 
 3.19825000e-08  1.94990401e+00  3.19825000e-08  1.07213880e+00  3.19825000e-08 -1.80058218e-04 
 3.19835000e-08  1.94990526e+00  3.19835000e-08  1.14911282e+00  3.19835000e-08 -1.97371324e-04 
 3.19845000e-08  1.94990585e+00  3.19845000e-08  1.22445274e+00  3.19845000e-08 -2.20111120e-04 
 3.20985000e-08  1.94995591e+00  3.20985000e-08  1.94994428e+00  3.20985000e-08  8.68697235e-01 
 3.20995000e-08  1.94995623e+00  3.20995000e-08  1.94994993e+00  3.20995000e-08  9.29573812e-01 
 3.21005000e-08  1.94995633e+00  3.21005000e-08  1.94995638e+00  3.21005000e-08  9.89362288e-01 
 3.21015000e-08  1.94995663e+00  3.21015000e-08  1.94996104e+00  3.21015000e-08  1.04988368e+00 
 3.21025000e-08  1.94995672e+00  3.21025000e-08  1.94996865e+00  3.21025000e-08  1.11508313e+00 
 3.21035000e-08  1.94995704e+00  3.21035000e-08  1.94996141e+00  3.21035000e-08  1.18771273e+00 
 3.22595000e-08  2.05292848e+00  3.22595000e-08  1.94999981e+00  3.22595000e-08  1.94999083e+00 
 3.22865000e-08  1.15523089e+00  3.22865000e-08  1.95000001e+00  3.22865000e-08  1.94998884e+00 
 3.22875000e-08  1.10300026e+00  3.22875000e-08  1.94999996e+00  3.22875000e-08  1.94999361e+00 
 3.22885000e-08  1.05108836e+00  3.22885000e-08  1.95000003e+00  3.22885000e-08  1.94998945e+00 
 3.22895000e-08  9.99418442e-01  3.22895000e-08  1.94999996e+00  3.22895000e-08  1.94999609e+00 
 3.22905000e-08  9.47950767e-01  3.22905000e-08  1.95000001e+00  3.22905000e-08  1.94998945e+00 
 3.22915000e-08  8.96626136e-01  3.22915000e-08  1.94999996e+00  3.22915000e-08  1.94999399e+00 
 3.26485000e-08  1.26049340e-04  3.26485000e-08  1.17052766e+00  3.26485000e-08  1.94994087e+00 
 3.26495000e-08  1.23690067e-04  3.26495000e-08  1.11631235e+00  3.26495000e-08  1.94993600e+00 
 3.26505000e-08  1.21186750e-04  3.26505000e-08  1.06143536e+00  3.26505000e-08  1.94993473e+00 
 3.26515000e-08  1.18918018e-04  3.26515000e-08  1.00591625e+00  3.26515000e-08  1.94993876e+00 
 3.26525000e-08  1.16510676e-04  3.26525000e-08  9.49751216e-01  3.26525000e-08  1.94994928e+00 
 3.26535000e-08  1.14333151e-04  3.26535000e-08  8.92972085e-01  3.26535000e-08  1.94996668e+00 
 3.28725000e-08  9.34338648e-01  3.28725000e-08  3.83207480e-05  3.28725000e-08  1.94998824e+00 
 3.28735000e-08  9.75827497e-01  3.28735000e-08  3.65375198e-05  3.28735000e-08  1.94998859e+00 
 3.28745000e-08  1.01690941e+00  3.28745000e-08  3.64489115e-05  3.28745000e-08  1.94998889e+00 
 3.28755000e-08  1.05755804e+00  3.28755000e-08  3.47273432e-05  3.28755000e-08  1.94998921e+00 
 3.28765000e-08  1.09775341e+00  3.28765000e-08  3.46685490e-05  3.28765000e-08  1.94998950e+00 
 3.28775000e-08  1.13745607e+00  3.28775000e-08  3.30070903e-05  3.28775000e-08  1.94998980e+00 
 3.31015000e-08  1.94990142e+00  3.31015000e-08  8.29973587e-01  3.31015000e-08  1.95006810e+00 
 3.31025000e-08  1.94990206e+00  3.31025000e-08  9.12281472e-01  3.31025000e-08  1.94993696e+00 
 3.31035000e-08  1.94990335e+00  3.31035000e-08  9.92700925e-01  3.31035000e-08  1.94979864e+00 
 3.31045000e-08  1.94990397e+00  3.31045000e-08  1.07113298e+00  3.31045000e-08  1.94964316e+00 
 3.31055000e-08  1.94990523e+00  3.31055000e-08  1.14755372e+00  3.31055000e-08  1.94948577e+00 
 3.31065000e-08  1.94990582e+00  3.31065000e-08  1.22222408e+00  3.31065000e-08  1.94934089e+00 
 3.32355000e-08  1.94995909e+00  3.32355000e-08  1.95000319e+00  3.32355000e-08  1.14375198e+00 
 3.32365000e-08  1.94995923e+00  3.32365000e-08  1.95003665e+00  3.32365000e-08  1.08615882e+00 
 3.32375000e-08  1.94995953e+00  3.32375000e-08  1.95006516e+00  3.32375000e-08  1.02826719e+00 
 3.32385000e-08  1.94995959e+00  3.32385000e-08  1.95008683e+00  3.32385000e-08  9.69990107e-01 
 3.32395000e-08  1.94995978e+00  3.32395000e-08  1.95010260e+00  3.32395000e-08  9.11121693e-01 
 3.32405000e-08  1.94995970e+00  3.32405000e-08  1.95011170e+00  3.32405000e-08  8.51631421e-01 
 3.34085000e-08  1.15763607e+00  3.34085000e-08  1.94999997e+00  3.34085000e-08  9.03637755e-05 
 3.34095000e-08  1.10539127e+00  3.34095000e-08  1.94999993e+00  3.34095000e-08  9.16484899e-05 
 3.34105000e-08  1.05346531e+00  3.34105000e-08  1.94999996e+00  3.34105000e-08  8.46204261e-05 
 3.34115000e-08  1.00178618e+00  3.34115000e-08  1.94999993e+00  3.34115000e-08  8.59700784e-05 
 3.34125000e-08  9.50309726e-01  3.34125000e-08  1.94999997e+00  3.34125000e-08  7.90552555e-05 
 3.34135000e-08  8.98979752e-01  3.34135000e-08  1.94999993e+00  3.34135000e-08  8.05135454e-05 
 3.37365000e-08  2.44940023e-04  3.37365000e-08  2.00750184e+00  3.37365000e-08 -3.44511111e-07 
 3.37705000e-08  1.26162817e-04  3.37705000e-08  1.17300384e+00  3.37705000e-08 -3.18953823e-06 
 3.37715000e-08  1.23802542e-04  3.37715000e-08  1.11881525e+00  3.37715000e-08 -2.16676470e-06 
 3.37725000e-08  1.21296261e-04  3.37725000e-08  1.06396718e+00  3.37725000e-08 -1.04472992e-06 
 3.37735000e-08  1.19026300e-04  3.37735000e-08  1.00847469e+00  3.37735000e-08  1.28242355e-06 
 3.37745000e-08  1.16615730e-04  3.37745000e-08  9.52338166e-01  3.37745000e-08  3.35879184e-06 
 3.37755000e-08  1.14436984e-04  3.37755000e-08  8.95585165e-01  3.37755000e-08  6.35340114e-06 
 3.39945000e-08  9.32120174e-01  3.39945000e-08  4.29977494e-05  3.39945000e-08  1.60626522e-06 
 3.39955000e-08  9.73630549e-01  3.39955000e-08  4.11622761e-05  3.39955000e-08  7.09823173e-07 
 3.39965000e-08  1.01473602e+00  3.39965000e-08  4.08780710e-05  3.39965000e-08  1.55348498e-06 
 3.39975000e-08  1.05540726e+00  3.39975000e-08  3.91095689e-05  3.39975000e-08  6.69592366e-07 
 3.39985000e-08  1.09562834e+00  3.39985000e-08  3.88633572e-05  3.39985000e-08  1.50684854e-06 
 3.39995000e-08  1.13535763e+00  3.39995000e-08  3.71619820e-05  3.39995000e-08  6.56480384e-07 
 3.42235000e-08  1.94990137e+00  3.42235000e-08  8.23566346e-01  3.42235000e-08 -6.51705624e-05 
 3.42245000e-08  1.94990200e+00  3.42245000e-08  9.06017494e-01  3.42245000e-08 -1.15465551e-04 
 3.42255000e-08  1.94990332e+00  3.42255000e-08  9.86758946e-01  3.42255000e-08 -1.55760144e-04 
 3.42265000e-08  1.94990392e+00  3.42265000e-08  1.06570425e+00  3.42265000e-08 -1.78476713e-04 
 3.42275000e-08  1.94990520e+00  3.42275000e-08  1.14282316e+00  3.42275000e-08 -1.96576974e-04 
 3.42285000e-08  1.94990576e+00  3.42285000e-08  1.21829327e+00  3.42285000e-08 -2.17220851e-04 
 3.43425000e-08  1.94995589e+00  3.43425000e-08  1.94994391e+00  3.43425000e-08  8.63587915e-01 
 3.43435000e-08  1.94995622e+00  3.43435000e-08  1.94994939e+00  3.43435000e-08  9.24589518e-01 
 3.43445000e-08  1.94995630e+00  3.43445000e-08  1.94995592e+00  3.43445000e-08  9.84430207e-01 
 3.43455000e-08  1.94995662e+00  3.43455000e-08  1.94996075e+00  3.43455000e-08  1.04473120e+00 
 3.43465000e-08  1.94995670e+00  3.43465000e-08  1.94996823e+00  3.43465000e-08  1.10938516e+00 
 3.43475000e-08  1.94995703e+00  3.43475000e-08  1.94996187e+00  3.43475000e-08  1.18161571e+00 
 3.45305000e-08  1.15992719e+00  3.45305000e-08  1.95000001e+00  3.45305000e-08  1.94999104e+00 
 3.45315000e-08  1.10766899e+00  3.45315000e-08  1.94999992e+00  3.45315000e-08  1.94999459e+00 
 3.45325000e-08  1.05572966e+00  3.45325000e-08  1.95000002e+00  3.45325000e-08  1.94999150e+00 
 3.45335000e-08  1.00404180e+00  3.45335000e-08  1.94999992e+00  3.45335000e-08  1.94999654e+00 
 3.45345000e-08  9.52557010e-01  3.45345000e-08  1.95000000e+00  3.45345000e-08  1.94999145e+00 
 3.45355000e-08  9.01222004e-01  3.45355000e-08  1.94999992e+00  3.45355000e-08  1.94999482e+00 
 3.48925000e-08  1.26270994e-04  3.48925000e-08  1.17537202e+00  3.48925000e-08  1.94994146e+00 
 3.48935000e-08  1.23909120e-04  3.48935000e-08  1.12121337e+00  3.48935000e-08  1.94993628e+00 
 3.48945000e-08  1.21400199e-04  3.48945000e-08  1.06639735e+00  3.48945000e-08  1.94993469e+00 
 3.48955000e-08  1.19128717e-04  3.48955000e-08  1.01093421e+00  3.48955000e-08  1.94993809e+00 
 3.48965000e-08  1.16715463e-04  3.48965000e-08  9.54828073e-01  3.48965000e-08  1.94994810e+00 
 3.48975000e-08  1.14535228e-04  3.48975000e-08  8.98101904e-01  3.48975000e-08  1.94996478e+00 
 3.51165000e-08  9.30631213e-01  3.51165000e-08  3.83334055e-05  3.51165000e-08  1.94998809e+00 
 3.51175000e-08  9.72156036e-01  3.51175000e-08  3.66943228e-05  3.51175000e-08  1.94998868e+00 
 3.51185000e-08  1.01327682e+00  3.51185000e-08  3.64585884e-05  3.51185000e-08  1.94998874e+00 
 3.51195000e-08  1.05396331e+00  3.51195000e-08  3.48787550e-05  3.51195000e-08  1.94998930e+00 
 3.51205000e-08  1.09420155e+00  3.51205000e-08  3.46753852e-05  3.51205000e-08  1.94998935e+00 
 3.51215000e-08  1.13394859e+00  3.51215000e-08  3.31533636e-05  3.51215000e-08  1.94998989e+00 
 3.53455000e-08  1.94990134e+00  3.53455000e-08  8.22521270e-01  3.53455000e-08  1.95007952e+00 
 3.53465000e-08  1.94990196e+00  3.53465000e-08  9.04989209e-01  3.53465000e-08  1.94994832e+00 
 3.53475000e-08  1.94990329e+00  3.53475000e-08  9.85588290e-01  3.53475000e-08  1.94981190e+00 
 3.53485000e-08  1.94990388e+00  3.53485000e-08  1.06420097e+00  3.53485000e-08  1.94965727e+00 
 3.53495000e-08  1.94990517e+00  3.53495000e-08  1.14079526e+00  3.53495000e-08  1.94949929e+00 
 3.53505000e-08  1.94990573e+00  3.53505000e-08  1.21560887e+00  3.53505000e-08  1.94935518e+00 
 3.54795000e-08  1.94995907e+00  3.54795000e-08  1.94999976e+00  3.54795000e-08  1.14886037e+00 
 3.54805000e-08  1.94995920e+00  3.54805000e-08  1.95003394e+00  3.54805000e-08  1.09128504e+00 
 3.54815000e-08  1.94995952e+00  3.54815000e-08  1.95006300e+00  3.54815000e-08  1.03341894e+00 
 3.54825000e-08  1.94995957e+00  3.54825000e-08  1.95008543e+00  3.54825000e-08  9.75186366e-01 
 3.54835000e-08  1.94995978e+00  3.54835000e-08  1.95010150e+00  3.54835000e-08  9.16367161e-01 
 3.54845000e-08  1.94995969e+00  3.54845000e-08  1.95011126e+00  3.54845000e-08  8.56938472e-01 
 3.56525000e-08  1.16282993e+00  3.56525000e-08  1.94999990e+00  3.56525000e-08  9.11953140e-05 
 3.56535000e-08  1.11055446e+00  3.56535000e-08  1.94999978e+00  3.56535000e-08  9.09982889e-05 
 3.56545000e-08  1.05859788e+00  3.56545000e-08  1.94999988e+00  3.56545000e-08  8.54242445e-05 
 3.56555000e-08  1.00689859e+00  3.56555000e-08  1.94999979e+00  3.56555000e-08  8.53563831e-05 
 3.56565000e-08  9.55402996e-01  3.56565000e-08  1.94999992e+00  3.56565000e-08  8.00146013e-05 
 3.56575000e-08  9.04061387e-01  3.56575000e-08  1.94999980e+00  3.56575000e-08  8.00654941e-05 
 3.60145000e-08  1.26404784e-04  3.60145000e-08  1.17818773e+00  3.60145000e-08 -3.08345196e-06 
 3.60155000e-08  1.24029591e-04  3.60155000e-08  1.12405985e+00  3.60155000e-08 -2.40274313e-06 
 3.60165000e-08  1.21529091e-04  3.60165000e-08  1.06927705e+00  3.60165000e-08 -1.08327662e-06 
 3.60175000e-08  1.19244605e-04  3.60175000e-08  1.01384449e+00  3.60175000e-08  9.55498921e-07 
 3.60185000e-08  1.16839453e-04  3.60185000e-08  9.57771050e-01  3.60185000e-08  3.22659558e-06 
 3.60195000e-08  1.14646582e-04  3.60195000e-08  9.01074792e-01  3.60195000e-08  5.96751679e-06 
 3.62385000e-08  9.28027068e-01  3.62385000e-08  4.30934270e-05  3.62385000e-08  1.63268247e-06 
 3.62395000e-08  9.69577143e-01  3.62395000e-08  4.12722068e-05  3.62395000e-08  7.01747322e-07 
 3.62405000e-08  1.01072423e+00  3.62405000e-08  4.09687180e-05  3.62405000e-08  1.58004068e-06 
 3.62415000e-08  1.05143741e+00  3.62415000e-08  3.92153206e-05  3.62415000e-08  6.62481617e-07 
 3.62425000e-08  1.09170551e+00  3.62425000e-08  3.89503438e-05  3.62425000e-08  1.53489119e-06 
 3.62435000e-08  1.13148342e+00  3.62435000e-08  3.72611145e-05  3.62435000e-08  6.51881289e-07 
 3.64675000e-08  1.94990128e+00  3.64675000e-08  8.15393848e-01  3.64675000e-08 -5.98615504e-05 
 3.64685000e-08  1.94990189e+00  3.64685000e-08  8.97999620e-01  3.64685000e-08 -1.11006091e-04 
 3.64695000e-08  1.94990323e+00  3.64695000e-08  9.78915691e-01  3.64695000e-08 -1.52407357e-04 
 3.64705000e-08  1.94990381e+00  3.64705000e-08  1.05804069e+00  3.64705000e-08 -1.76798909e-04 
 3.64715000e-08  1.94990511e+00  3.64715000e-08  1.13533287e+00  3.64715000e-08 -1.95527133e-04 
 3.64725000e-08  1.94990566e+00  3.64725000e-08  1.21095866e+00  3.64725000e-08 -2.13837965e-04 
 3.65865000e-08  1.94995587e+00  3.65865000e-08  1.94994349e+00  3.65865000e-08  8.57435315e-01 
 3.65875000e-08  1.94995620e+00  3.65875000e-08  1.94994876e+00  3.65875000e-08  9.18592278e-01 
 3.65885000e-08  1.94995628e+00  3.65885000e-08  1.94995536e+00  3.65885000e-08  9.78507451e-01 
 3.65895000e-08  1.94995660e+00  3.65895000e-08  1.94996038e+00  3.65895000e-08  1.03859946e+00 
 3.65905000e-08  1.94995668e+00  3.65905000e-08  1.94996761e+00  3.65905000e-08  1.10264102e+00 
 3.65915000e-08  1.94995701e+00  3.65915000e-08  1.94996263e+00  3.65915000e-08  1.17428818e+00 
 3.67745000e-08  1.16573219e+00  3.67745000e-08  1.95000000e+00  3.67745000e-08  1.94999384e+00 
 3.67755000e-08  1.11343950e+00  3.67755000e-08  1.94999991e+00  3.67755000e-08  1.94999572e+00 
 3.67765000e-08  1.06146538e+00  3.67765000e-08  1.95000002e+00  3.67765000e-08  1.94999413e+00 
 3.67775000e-08  1.00975460e+00  3.67775000e-08  1.94999991e+00  3.67775000e-08  1.94999702e+00 
 3.67785000e-08  9.58247976e-01  3.67785000e-08  1.95000000e+00  3.67785000e-08  1.94999520e+00 
 3.67795000e-08  9.06899779e-01  3.67795000e-08  1.94999991e+00  3.67795000e-08  1.94999790e+00 
 3.71365000e-08  1.26555993e-04  3.71365000e-08  1.18116161e+00  3.71365000e-08  1.94994217e+00 
 3.71375000e-08  1.24149402e-04  3.71375000e-08  1.12707085e+00  3.71375000e-08  1.94993664e+00 
 3.71385000e-08  1.21674604e-04  3.71385000e-08  1.07232777e+00  3.71385000e-08  1.94993470e+00 
 3.71395000e-08  1.19359251e-04  3.71395000e-08  1.01693170e+00  3.71395000e-08  1.94993737e+00 
 3.71405000e-08  1.16979715e-04  3.71405000e-08  9.60896164e-01  3.71405000e-08  1.94994676e+00 
 3.71415000e-08  1.14757092e-04  3.71415000e-08  9.04233633e-01  3.71415000e-08  1.94996259e+00 
 3.73605000e-08  9.25883820e-01  3.73605000e-08  3.83338588e-05  3.73605000e-08  1.94998800e+00 
 3.73615000e-08  9.67454672e-01  3.73615000e-08  3.68969813e-05  3.73615000e-08  1.94998870e+00 
 3.73625000e-08  1.00862335e+00  3.73625000e-08  3.64557617e-05  3.73625000e-08  1.94998865e+00 
 3.73635000e-08  1.04935844e+00  3.73635000e-08  3.50747016e-05  3.73635000e-08  1.94998932e+00 
 3.73645000e-08  1.08965097e+00  3.73645000e-08  3.46695203e-05  3.73645000e-08  1.94998927e+00 
 3.73655000e-08  1.12945417e+00  3.73655000e-08  3.33427376e-05  3.73655000e-08  1.94998991e+00 
 3.75895000e-08  1.94990118e+00  3.75895000e-08  8.13053125e-01  3.75895000e-08  1.95009314e+00 
 3.75905000e-08  1.94990188e+00  3.75905000e-08  8.95716586e-01  3.75905000e-08  1.94996244e+00 
 3.75915000e-08  1.94990314e+00  3.75915000e-08  9.76536649e-01  3.75915000e-08  1.94982837e+00 
 3.75925000e-08  1.94990381e+00  3.75925000e-08  1.05537828e+00  3.75925000e-08  1.94967560e+00 
 3.75935000e-08  1.94990502e+00  3.75935000e-08  1.13219500e+00  3.75935000e-08  1.94951722e+00 
 3.75945000e-08  1.94990566e+00  3.75945000e-08  1.20719402e+00  3.75945000e-08  1.94937305e+00 
 3.77235000e-08  1.94995903e+00  3.77235000e-08  1.94999634e+00  3.77235000e-08  1.15543898e+00 
 3.77245000e-08  1.94995919e+00  3.77245000e-08  1.95003030e+00  3.77245000e-08  1.09787640e+00 
 3.77255000e-08  1.94995949e+00  3.77255000e-08  1.95005985e+00  3.77255000e-08  1.04005214e+00 
 3.77265000e-08  1.94995956e+00  3.77265000e-08  1.95008330e+00  3.77265000e-08  9.81869550e-01 
 3.77275000e-08  1.94995977e+00  3.77275000e-08  1.95009992e+00  3.77275000e-08  9.23123331e-01 
 3.77285000e-08  1.94995970e+00  3.77285000e-08  1.95011048e+00  3.77285000e-08  8.63768393e-01 
 3.78965000e-08  1.16877622e+00  3.78965000e-08  1.94999984e+00  3.78965000e-08  9.19406819e-05 
 3.78975000e-08  1.11646541e+00  3.78975000e-08  1.94999969e+00  3.78975000e-08  9.09222119e-05 
 3.78985000e-08  1.06447271e+00  3.78985000e-08  1.94999990e+00  3.78985000e-08  8.61484150e-05 
 3.78995000e-08  1.01274971e+00  3.78995000e-08  1.94999970e+00  3.78995000e-08  8.52619824e-05 
 3.79005000e-08  9.61231367e-01  3.79005000e-08  1.94999986e+00  3.79005000e-08  8.07184800e-05 
 3.79015000e-08  9.09876168e-01  3.79015000e-08  1.94999967e+00  3.79015000e-08  7.99539381e-05 
 3.82585000e-08  1.26716015e-04  3.82585000e-08  1.18428244e+00  3.82585000e-08 -2.98496918e-06 
 3.82595000e-08  1.24276991e-04  3.82595000e-08  1.13022612e+00  3.82595000e-08 -2.63549038e-06 
 3.82605000e-08  1.21828852e-04  3.82605000e-08  1.07552014e+00  3.82605000e-08 -1.15266558e-06 
 3.82615000e-08  1.19481791e-04  3.82615000e-08  1.02015823e+00  3.82615000e-08  6.06554407e-07 
 3.82625000e-08  1.17128231e-04  3.82625000e-08  9.64159193e-01  3.82625000e-08  3.04605217e-06 
 3.82635000e-08  1.14874623e-04  3.82635000e-08  9.07530019e-01  3.82635000e-08  5.54342843e-06 
 3.84825000e-08  9.23406001e-01  3.84825000e-08  4.31465775e-05  3.84825000e-08  1.50548848e-06 
 3.84835000e-08  9.65000802e-01  3.84835000e-08  4.14618407e-05  3.84835000e-08  7.24953297e-07 
 3.84845000e-08  1.00619448e+00  3.84845000e-08  4.10170281e-05  3.84845000e-08  1.50876938e-06 
 3.84855000e-08  1.04695475e+00  3.84855000e-08  3.93980170e-05  3.84855000e-08  7.25497441e-07 
 3.84865000e-08  1.08727546e+00  3.84865000e-08  3.89941421e-05  3.84865000e-08  1.49343499e-06 
 3.84875000e-08  1.12710773e+00  3.84875000e-08  3.74357685e-05  3.84875000e-08  6.62808398e-07 
 3.87115000e-08  1.94990106e+00  3.87115000e-08  8.06164831e-01  3.87115000e-08 -5.39639594e-05 
 3.87125000e-08  1.94990188e+00  3.87125000e-08  8.88941566e-01  3.87125000e-08 -1.05844942e-04 
 3.87135000e-08  1.94990303e+00  3.87135000e-08  9.70053011e-01  3.87135000e-08 -1.48434606e-04 
 3.87145000e-08  1.94990381e+00  3.87145000e-08  1.04938019e+00  3.87145000e-08 -1.74753922e-04 
 3.87155000e-08  1.94990491e+00  3.87155000e-08  1.12686971e+00  3.87155000e-08 -1.94082888e-04 
 3.87165000e-08  1.94990566e+00  3.87165000e-08  1.20267222e+00  3.87165000e-08 -2.10496240e-04 
 3.88305000e-08  1.94995588e+00  3.88305000e-08  1.94994319e+00  3.88305000e-08  8.50622741e-01 
 3.88315000e-08  1.94995614e+00  3.88315000e-08  1.94994807e+00  3.88315000e-08  9.11954342e-01 
 3.88325000e-08  1.94995629e+00  3.88325000e-08  1.94995472e+00  3.88325000e-08  9.71965085e-01 
 3.88335000e-08  1.94995655e+00  3.88335000e-08  1.94995991e+00  3.88335000e-08  1.03188685e+00 
 3.88345000e-08  1.94995669e+00  3.88345000e-08  1.94996677e+00  3.88345000e-08  1.09531739e+00 
 3.88355000e-08  1.94995695e+00  3.88355000e-08  1.94996367e+00  3.88355000e-08  1.16619845e+00 
 3.90185000e-08  1.17137645e+00  3.90185000e-08  1.95000001e+00  3.90185000e-08  1.94999834e+00 
 3.90195000e-08  1.11905011e+00  3.90195000e-08  1.94999992e+00  3.90195000e-08  1.94999874e+00 
 3.90205000e-08  1.06704138e+00  3.90205000e-08  1.95000001e+00  3.90205000e-08  1.94999843e+00 
 3.90215000e-08  1.01530777e+00  3.90215000e-08  1.94999993e+00  3.90215000e-08  1.94999884e+00 
 3.90225000e-08  9.63779296e-01  3.90225000e-08  1.95000002e+00  3.90225000e-08  1.94999855e+00 
 3.90235000e-08  9.12418029e-01  3.90235000e-08  1.94999992e+00  3.90235000e-08  1.94999885e+00 
 3.93805000e-08  1.26849883e-04  3.93805000e-08  1.18698146e+00  3.93805000e-08  1.94994285e+00 
 3.93815000e-08  1.24388201e-04  3.93815000e-08  1.13295913e+00  3.93815000e-08  1.94993710e+00 
 3.93825000e-08  1.21957822e-04  3.93825000e-08  1.07828943e+00  3.93825000e-08  1.94993472e+00 
 3.93835000e-08  1.19588614e-04  3.93835000e-08  1.02296096e+00  3.93835000e-08  1.94993677e+00 
 3.93845000e-08  1.17252459e-04  3.93845000e-08  9.66996627e-01  3.93845000e-08  1.94994544e+00 
 3.93855000e-08  1.14977190e-04  3.93855000e-08  9.10398424e-01  3.93855000e-08  1.94996051e+00 
 3.96045000e-08  9.21489546e-01  3.96045000e-08  3.83436566e-05  3.96045000e-08  1.94998799e+00 
 3.96055000e-08  9.63103326e-01  3.96055000e-08  3.70921240e-05  3.96055000e-08  1.94998863e+00 
 3.96065000e-08  1.00431585e+00  3.96065000e-08  3.64621115e-05  3.96065000e-08  1.94998865e+00 
 3.96075000e-08  1.04509599e+00  3.96075000e-08  3.52632005e-05  3.96075000e-08  1.94998926e+00 
 3.96085000e-08  1.08543793e+00  3.96085000e-08  3.46726668e-05  3.96085000e-08  1.94998927e+00 
 3.96095000e-08  1.12529299e+00  3.96095000e-08  3.35247470e-05  3.96095000e-08  1.94998985e+00 
 3.98335000e-08  1.94990098e+00  3.98335000e-08  8.04288041e-01  3.98335000e-08  1.95010512e+00 
 3.98345000e-08  1.94990188e+00  3.98345000e-08  8.87125868e-01  3.98345000e-08  1.94997528e+00 
 3.98355000e-08  1.94990294e+00  3.98355000e-08  9.68148058e-01  3.98355000e-08  1.94984346e+00 
 3.98365000e-08  1.94990380e+00  3.98365000e-08  1.04720054e+00  3.98365000e-08  1.94969246e+00 
 3.98375000e-08  1.94990483e+00  3.98375000e-08  1.12422480e+00  3.98375000e-08  1.94953379e+00 
 3.98385000e-08  1.94990565e+00  3.98385000e-08  1.19939913e+00  3.98385000e-08  1.94938939e+00 
 3.99675000e-08  1.94995897e+00  3.99675000e-08  1.94999321e+00  3.99675000e-08  1.16151995e+00 
 3.99685000e-08  1.94995919e+00  3.99685000e-08  1.95002687e+00  3.99685000e-08  1.10396668e+00 
 3.99695000e-08  1.94995944e+00  3.99695000e-08  1.95005692e+00  3.99695000e-08  1.04617969e+00 
 3.99705000e-08  1.94995957e+00  3.99705000e-08  1.95008119e+00  3.99705000e-08  9.88041035e-01 
 3.99715000e-08  1.94995974e+00  3.99715000e-08  1.95009839e+00  3.99715000e-08  9.29361672e-01 
 3.99725000e-08  1.94995973e+00  3.99725000e-08  1.95010968e+00  3.99725000e-08  8.70073734e-01 
 4.01405000e-08  1.17355580e+00  4.01405000e-08  1.94999990e+00  4.01405000e-08  9.23343811e-05 
 4.01415000e-08  1.12121686e+00  4.01415000e-08  1.94999968e+00  4.01415000e-08  9.11524102e-05 
 4.01425000e-08  1.06919520e+00  4.01425000e-08  1.94999986e+00  4.01425000e-08  8.65254997e-05 
 4.01435000e-08  1.01745316e+00  4.01435000e-08  1.94999964e+00  4.01435000e-08  8.54700478e-05 
 4.01445000e-08  9.65916655e-01  4.01445000e-08  1.94999982e+00  4.01445000e-08  8.10801441e-05 
 4.01455000e-08  9.14550771e-01  4.01455000e-08  1.94999961e+00  4.01455000e-08  8.01414663e-05 
 4.05025000e-08  1.26984445e-04  4.05025000e-08  1.18972571e+00  4.05025000e-08 -2.91324584e-06 
 4.05035000e-08  1.24508352e-04  4.05035000e-08  1.13573350e+00  4.05035000e-08 -2.81052202e-06 
 4.05045000e-08  1.22087027e-04  4.05045000e-08  1.08109619e+00  4.05045000e-08 -1.22865143e-06 
 4.05055000e-08  1.19704013e-04  4.05055000e-08  1.02579755e+00  4.05055000e-08  3.24495112e-07 
 4.05065000e-08  1.17376872e-04  4.05065000e-08  9.69865166e-01  4.05065000e-08  2.87314185e-06 
 4.05075000e-08  1.15088106e-04  4.05075000e-08  9.13296243e-01  4.05075000e-08  5.18649418e-06 
 4.07265000e-08  9.19923359e-01  4.07265000e-08  4.31934031e-05  4.07265000e-08  1.38466218e-06 
 4.07275000e-08  9.61552839e-01  4.07275000e-08  4.16323207e-05  4.07275000e-08  6.12035580e-07 
 4.07285000e-08  1.00278055e+00  4.07285000e-08  4.10600559e-05  4.07285000e-08  1.39876771e-06 
 4.07295000e-08  1.04357708e+00  4.07295000e-08  3.95620180e-05  4.07295000e-08  7.54245699e-07 
 4.07305000e-08  1.08393614e+00  4.07305000e-08  3.90327064e-05  4.07305000e-08  1.28430137e-06 
 4.07315000e-08  1.12380995e+00  4.07315000e-08  3.75935502e-05  4.07315000e-08  5.25880529e-07 
 4.09555000e-08  1.94990091e+00  4.09555000e-08  7.99211062e-01  4.09555000e-08 -4.87033939e-05 
 4.09565000e-08  1.94990187e+00  4.09565000e-08  8.82114408e-01  4.09565000e-08 -1.01718947e-04 
 4.09575000e-08  1.94990288e+00  4.09575000e-08  9.63370970e-01  4.09575000e-08 -1.45276606e-04 
 4.09585000e-08  1.94990380e+00  4.09585000e-08  1.04284932e+00  4.09585000e-08 -1.73042295e-04 
 4.09595000e-08  1.94990477e+00  4.09595000e-08  1.12048831e+00  4.09595000e-08 -1.92800087e-04 
 4.09605000e-08  1.94990565e+00  4.09605000e-08  1.19642458e+00  4.09605000e-08 -2.08403184e-04 
 4.10745000e-08  1.94995588e+00  4.10745000e-08  1.94994298e+00  4.10745000e-08  8.45453717e-01 
 4.10755000e-08  1.94995610e+00  4.10755000e-08  1.94994753e+00  4.10755000e-08  9.06923218e-01 
 4.10765000e-08  1.94995630e+00  4.10765000e-08  1.94995422e+00  4.10765000e-08  9.67014153e-01 
 4.10775000e-08  1.94995651e+00  4.10775000e-08  1.94995951e+00  4.10775000e-08  1.02684386e+00 
 4.10785000e-08  1.94995669e+00  4.10785000e-08  1.94996605e+00  4.10785000e-08  1.08985697e+00 
 4.10795000e-08  1.94995691e+00  4.10795000e-08  1.94996456e+00  4.10795000e-08  1.16008833e+00 
 4.12625000e-08  1.17554063e+00  4.12625000e-08  1.95000001e+00  4.12625000e-08  1.94999842e+00 
 4.12635000e-08  1.12318937e+00  4.12635000e-08  1.94999993e+00  4.12635000e-08  1.94999731e+00 
 4.12645000e-08  1.07115472e+00  4.12645000e-08  1.95000001e+00  4.12645000e-08  1.94999875e+00 
 4.12655000e-08  1.01940385e+00  4.12655000e-08  1.94999994e+00  4.12655000e-08  1.94999710e+00 
 4.12665000e-08  9.67858927e-01  4.12665000e-08  1.95000002e+00  4.12665000e-08  1.94999803e+00 
 4.12675000e-08  9.16487820e-01  4.12675000e-08  1.94999993e+00  4.12675000e-08  1.94999704e+00 
 4.16255000e-08  1.24578595e-04  4.16255000e-08  1.13727143e+00  4.16255000e-08  1.94993746e+00 
 4.16265000e-08  1.22167275e-04  4.16265000e-08  1.08265551e+00  4.16265000e-08  1.94993478e+00 
 4.16275000e-08  1.19771532e-04  4.16275000e-08  1.02737667e+00  4.16275000e-08  1.94993638e+00 
 4.16285000e-08  1.17454062e-04  4.16285000e-08  9.71464616e-01  4.16285000e-08  1.94994453e+00 
 4.16295000e-08  1.15152779e-04  4.16295000e-08  9.14913757e-01  4.16295000e-08  1.94995905e+00 
 4.16305000e-08  1.12926586e-04  4.16305000e-08  8.57766632e-01  4.16305000e-08  1.94998101e+00 
 4.18485000e-08  9.18162784e-01  4.18485000e-08  3.83414532e-05  4.18485000e-08  1.94998798e+00 
 4.18495000e-08  9.59809843e-01  4.18495000e-08  3.72446831e-05  4.18495000e-08  1.94998859e+00 
 4.18505000e-08  1.00105460e+00  4.18505000e-08  3.64575988e-05  4.18505000e-08  1.94998864e+00 
 4.18515000e-08  1.04186945e+00  4.18515000e-08  3.54106700e-05  4.18515000e-08  1.94998922e+00 
 4.18525000e-08  1.08224766e+00  4.18525000e-08  3.46660115e-05  4.18525000e-08  1.94998926e+00 
 4.18535000e-08  1.12214244e+00  4.18535000e-08  3.36672449e-05  4.18535000e-08  1.94998981e+00 
 4.20000000e-08  1.94955531e+00  4.20000000e-08  3.84194878e-04  4.20000000e-08  1.94999971e+00 
