 time            v(b_out)        time            v(u_puf_u_core_sel_ro) time            v(q)           
 0.00000000e+00  4.68653885e-09  0.00000000e+00  2.46749735e-09  0.00000000e+00  2.46749746e-09 
 2.57750000e-09  9.09991147e-01  2.57750000e-09  2.96539424e-09  2.57750000e-09  2.46768594e-09 
 2.57850000e-09  9.51180362e-01  2.57850000e-09  2.96490060e-09  2.57850000e-09  2.46768667e-09 
 2.57950000e-09  9.91844525e-01  2.57950000e-09  2.96456207e-09  2.57950000e-09  2.46768567e-09 
 2.58050000e-09  1.03202353e+00  2.58050000e-09  2.96430522e-09  2.58050000e-09  2.46768656e-09 
 2.58150000e-09  1.07178312e+00  2.58150000e-09  2.96398694e-09  2.58150000e-09  2.46768461e-09 
 2.58250000e-09  1.11122196e+00  2.58250000e-09  2.96359862e-09  2.58250000e-09  2.46768517e-09 
 2.86650000e-09  1.94995635e+00  2.86650000e-09  8.44176684e-01  2.86650000e-09 -7.98409831e-05 
 2.86750000e-09  1.94995674e+00  2.86750000e-09  9.26469608e-01  2.86750000e-09 -1.26902487e-04 
 2.86850000e-09  1.94995684e+00  2.86850000e-09  1.00688873e+00  2.86850000e-09 -1.62930232e-04 
 2.86950000e-09  1.94995723e+00  2.86950000e-09  1.08539790e+00  2.86950000e-09 -1.83393928e-04 
 2.87050000e-09  1.94995732e+00  2.87050000e-09  1.16205047e+00  2.87050000e-09 -1.98871264e-04 
 2.87150000e-09  1.94995770e+00  2.87150000e-09  1.23704241e+00  2.87150000e-09 -2.23514681e-04 
 2.98550000e-09  1.94998320e+00  2.98550000e-09  1.94993338e+00  2.98550000e-09  8.66784756e-01 
 2.98650000e-09  1.94998107e+00  2.98650000e-09  1.94994092e+00  2.98650000e-09  9.27626560e-01 
 2.98750000e-09  1.94997845e+00  2.98750000e-09  1.94994661e+00  2.98750000e-09  9.87330972e-01 
 2.98850000e-09  1.94997544e+00  2.98850000e-09  1.94995329e+00  2.98850000e-09  1.04764541e+00 
 2.98950000e-09  1.94997255e+00  2.98950000e-09  1.94996010e+00  2.98950000e-09  1.11249568e+00 
 2.99050000e-09  1.94996991e+00  2.99050000e-09  1.94995505e+00  2.99050000e-09  1.18483503e+00 
 3.11450000e-09  1.13460632e+00  3.11450000e-09  1.94999856e+00  3.11450000e-09  1.94998400e+00 
 3.11550000e-09  1.08263644e+00  3.11550000e-09  1.94999850e+00  3.11550000e-09  1.94997342e+00 
 3.11650000e-09  1.03095043e+00  3.11650000e-09  1.94999862e+00  3.11650000e-09  1.94998613e+00 
 3.11750000e-09  9.79443378e-01  3.11750000e-09  1.94999856e+00  3.11750000e-09  1.94997575e+00 
 3.11850000e-09  9.28091764e-01  3.11850000e-09  1.94999868e+00  3.11850000e-09  1.94998804e+00 
 3.11950000e-09  8.76824461e-01  3.11950000e-09  1.94999861e+00  3.11950000e-09  1.94997261e+00 
 3.57050000e-09  6.44434627e-05  3.57050000e-09  1.15080546e+00  3.57050000e-09  1.94993877e+00 
 3.57150000e-09  4.55666320e-05  3.57150000e-09  1.09633700e+00  3.57150000e-09  1.94993504e+00 
 3.57250000e-09  2.48649255e-05  3.57250000e-09  1.04119141e+00  3.57250000e-09  1.94993547e+00 
 3.57350000e-09  5.19274170e-06  3.57350000e-09  9.85421672e-01  3.57350000e-09  1.94994185e+00 
 3.57450000e-09 -1.20248597e-05  3.57450000e-09  9.28996900e-01  3.57450000e-09  1.94995479e+00 
 3.57550000e-09 -2.51794957e-05  3.57550000e-09  8.71980134e-01  3.57550000e-09  1.94997485e+00 
 3.69950000e-09  9.08223713e-01  3.69950000e-09  4.32698408e-04  3.69950000e-09  1.94982863e+00 
 3.70050000e-09  9.49435974e-01  3.70050000e-09  4.19078491e-04  3.70050000e-09  1.94983057e+00 
 3.70150000e-09  9.90121705e-01  3.70150000e-09  4.04669733e-04  3.70150000e-09  1.94983201e+00 
 3.70250000e-09  1.03032029e+00  3.70250000e-09  3.93088558e-04  3.70250000e-09  1.94983498e+00 
 3.70350000e-09  1.07009601e+00  3.70350000e-09  3.80492288e-04  3.70350000e-09  1.94983730e+00 
 3.70450000e-09  1.10954615e+00  3.70450000e-09  3.70450311e-04  3.70450000e-09  1.94984095e+00 
 3.98750000e-09  1.94995621e+00  3.98750000e-09  8.18482006e-01  3.98750000e-09  1.95008604e+00 
 3.98850000e-09  1.94995635e+00  3.98850000e-09  9.01326157e-01  3.98850000e-09  1.94995302e+00 
 3.98950000e-09  1.94995671e+00  3.98950000e-09  9.82176579e-01  3.98950000e-09  1.94981608e+00 
 3.99050000e-09  1.94995684e+00  3.99050000e-09  1.06093333e+00  3.99050000e-09  1.94966108e+00 
 3.99150000e-09  1.94995721e+00  3.99150000e-09  1.13759564e+00  3.99150000e-09  1.94950235e+00 
 3.99250000e-09  1.94995733e+00  3.99250000e-09  1.21240321e+00  3.99250000e-09  1.94935823e+00 
 4.12150000e-09  1.94992200e+00  4.12150000e-09  1.94999442e+00  4.12150000e-09  1.15201427e+00 
 4.12250000e-09  1.94992268e+00  4.12250000e-09  1.95002714e+00  4.12250000e-09  1.09444234e+00 
 4.12350000e-09  1.94992383e+00  4.12350000e-09  1.95005698e+00  4.12350000e-09  1.03659238e+00 
 4.12450000e-09  1.94991697e+00  4.12450000e-09  1.95007951e+00  4.12450000e-09  9.78379517e-01 
 4.12550000e-09  1.94991469e+00  4.12550000e-09  1.95009635e+00  4.12550000e-09  9.19589950e-01 
 4.12650000e-09  1.94991456e+00  4.12650000e-09  1.95010617e+00  4.12650000e-09  8.60191186e-01 
 4.23650000e-09  1.13630997e+00  4.23650000e-09  1.94999903e+00  4.23650000e-09  5.93984444e-04 
 4.23750000e-09  1.08432978e+00  4.23750000e-09  1.94999884e+00  4.23750000e-09  5.79907064e-04 
 4.23850000e-09  1.03263699e+00  4.23850000e-09  1.94999902e+00  4.23850000e-09  5.57448735e-04 
 4.23950000e-09  9.81124124e-01  4.23950000e-09  1.94999884e+00  4.23950000e-09  5.44385266e-04 
 4.24050000e-09  9.29769270e-01  4.24050000e-09  1.94999902e+00  4.24050000e-09  5.23100323e-04 
 4.24150000e-09  8.78498487e-01  4.24150000e-09  1.94999886e+00  4.24150000e-09  5.11008467e-04 
 4.69250000e-09  6.49228089e-05  4.69250000e-09  1.15268569e+00  4.69250000e-09 -2.82917482e-06 
 4.69350000e-09  4.61418703e-05  4.69350000e-09  1.09823855e+00  4.69350000e-09 -1.89870690e-06 
 4.69450000e-09  2.54467806e-05  4.69450000e-09  1.04311270e+00  4.69450000e-09 -1.20830792e-07 
 4.69550000e-09  5.71631173e-06  4.69550000e-09  9.87364132e-01  4.69550000e-09  1.94605951e-06 
 4.69650000e-09 -1.15892798e-05  4.69650000e-09  9.30959055e-01  4.69650000e-09  4.46516205e-06 
 4.69750000e-09 -2.48698005e-05  4.69750000e-09  8.73963138e-01  4.69750000e-09  7.19756603e-06 
 4.82150000e-09  9.07029071e-01  4.82150000e-09  5.23769786e-04  4.82150000e-09  1.57428981e-05 
 4.82250000e-09  9.48257000e-01  4.82250000e-09  5.09075824e-04  4.82250000e-09  1.57402157e-05 
 4.82350000e-09  9.88957422e-01  4.82350000e-09  4.94162367e-04  4.82350000e-09  1.47852776e-05 
 4.82450000e-09  1.02916935e+00  4.82450000e-09  4.80412160e-04  4.82450000e-09  1.47689687e-05 
 4.82550000e-09  1.06895611e+00  4.82550000e-09  4.66415632e-04  4.82550000e-09  1.38250990e-05 
 4.82650000e-09  1.10841403e+00  4.82650000e-09  4.53538254e-04  4.82650000e-09  1.38098307e-05 
 5.10950000e-09  1.94995620e+00  5.10950000e-09  8.14029463e-01  5.10950000e-09 -6.10842926e-05 
 5.11050000e-09  1.94995635e+00  5.11050000e-09  8.96954687e-01  5.11050000e-09 -1.12444815e-04 
 5.11150000e-09  1.94995669e+00  5.11150000e-09  9.78062302e-01  5.11150000e-09 -1.53729702e-04 
 5.11250000e-09  1.94995684e+00  5.11250000e-09  1.05726636e+00  5.11250000e-09 -1.78185208e-04 
 5.11350000e-09  1.94995718e+00  5.11350000e-09  1.13457868e+00  5.11350000e-09 -1.96518572e-04 
 5.11450000e-09  1.94995732e+00  5.11450000e-09  1.21016282e+00  5.11450000e-09 -2.13852865e-04 
 5.22850000e-09  1.94998456e+00  5.22850000e-09  1.94993776e+00  5.22850000e-09  8.56413040e-01 
 5.22950000e-09  1.94998331e+00  5.22950000e-09  1.94994377e+00  5.22950000e-09  9.17597551e-01 
 5.23050000e-09  1.94998124e+00  5.23050000e-09  1.94994977e+00  5.23050000e-09  9.77527758e-01 
 5.23150000e-09  1.94997864e+00  5.23150000e-09  1.94995557e+00  5.23150000e-09  1.03759243e+00 
 5.23250000e-09  1.94997566e+00  5.23250000e-09  1.94996216e+00  5.23250000e-09  1.10153965e+00 
 5.23350000e-09  1.94997273e+00  5.23350000e-09  1.94995818e+00  5.23350000e-09  1.17308192e+00 
 5.35850000e-09  1.13815076e+00  5.35850000e-09  1.94999859e+00  5.35850000e-09  1.94997626e+00 
 5.35950000e-09  1.08615918e+00  5.35950000e-09  1.94999852e+00  5.35950000e-09  1.94998295e+00 
 5.36050000e-09  1.03445864e+00  5.36050000e-09  1.94999866e+00  5.36050000e-09  1.94997862e+00 
 5.36150000e-09  9.82939164e-01  5.36150000e-09  1.94999858e+00  5.36150000e-09  1.94998488e+00 
 5.36250000e-09  9.31580677e-01  5.36250000e-09  1.94999870e+00  5.36250000e-09  1.94998060e+00 
 5.36350000e-09  8.80306501e-01  5.36350000e-09  1.94999864e+00  5.36350000e-09  1.94998669e+00 
 5.81450000e-09  6.55515115e-05  5.81450000e-09  1.15459312e+00  5.81450000e-09  1.94993928e+00 
 5.81550000e-09  4.69051466e-05  5.81550000e-09  1.10017028e+00  5.81550000e-09  1.94993506e+00 
 5.81650000e-09  2.62272453e-05  5.81650000e-09  1.04507043e+00  5.81650000e-09  1.94993539e+00 
 5.81750000e-09  6.42208326e-06  5.81750000e-09  9.89345437e-01  5.81750000e-09  1.94994106e+00 
 5.81850000e-09 -1.09960275e-05  5.81850000e-09  9.32964547e-01  5.81850000e-09  1.94995378e+00 
 5.81950000e-09 -2.44450693e-05  5.81950000e-09  8.75989646e-01  5.81950000e-09  1.94997304e+00 
 5.94350000e-09  9.05411673e-01  5.94350000e-09  4.33521183e-04  5.94350000e-09  1.94982853e+00 
 5.94450000e-09  9.46660708e-01  5.94450000e-09  4.20290141e-04  5.94450000e-09  1.94983048e+00 
 5.94550000e-09  9.87380979e-01  5.94550000e-09  4.05346103e-04  5.94550000e-09  1.94983183e+00 
 5.94650000e-09  1.02761097e+00  5.94650000e-09  3.94159165e-04  5.94650000e-09  1.94983483e+00 
 5.94750000e-09  1.06741273e+00  5.94750000e-09  3.81058559e-04  5.94750000e-09  1.94983706e+00 
 5.94850000e-09  1.10688129e+00  5.94850000e-09  3.71413193e-04  5.94850000e-09  1.94984076e+00 
 6.23150000e-09  1.94995617e+00  6.23150000e-09  8.12615309e-01  6.23150000e-09  1.95009441e+00 
 6.23250000e-09  1.94995636e+00  6.23250000e-09  8.95590211e-01  6.23250000e-09  1.94996193e+00 
 6.23350000e-09  1.94995667e+00  6.23350000e-09  9.76586039e-01  6.23350000e-09  1.94982620e+00 
 6.23450000e-09  1.94995685e+00  6.23450000e-09  1.05548009e+00  6.23450000e-09  1.94967263e+00 
 6.23550000e-09  1.94995717e+00  6.23550000e-09  1.13227563e+00  6.23550000e-09  1.94951352e+00 
 6.23650000e-09  1.94995734e+00  6.23650000e-09  1.20720092e+00  6.23650000e-09  1.94936933e+00 
 6.36550000e-09  1.94992198e+00  6.36550000e-09  1.94999228e+00  6.36550000e-09  1.15614552e+00 
 6.36650000e-09  1.94992201e+00  6.36650000e-09  1.95002501e+00  6.36650000e-09  1.09858045e+00 
 6.36750000e-09  1.94992430e+00  6.36750000e-09  1.95005516e+00  6.36750000e-09  1.04075600e+00 
 6.36850000e-09  1.94991730e+00  6.36850000e-09  1.95007814e+00  6.36850000e-09  9.82573631e-01 
 6.36950000e-09  1.94991482e+00  6.36950000e-09  1.95009524e+00  6.36950000e-09  9.23830212e-01 
 6.37050000e-09  1.94991454e+00  6.37050000e-09  1.95010558e+00  6.37050000e-09  8.64478117e-01 
 6.48050000e-09  1.13991292e+00  6.48050000e-09  1.94999899e+00  6.48050000e-09  5.95514826e-04 
 6.48150000e-09  1.08791058e+00  6.48150000e-09  1.94999875e+00  6.48150000e-09  5.81021156e-04 
 6.48250000e-09  1.03620285e+00  6.48250000e-09  1.94999899e+00  6.48250000e-09  5.58910944e-04 
 6.48350000e-09  9.84677202e-01  6.48350000e-09  1.94999876e+00  6.48350000e-09  5.45425460e-04 
 6.48450000e-09  9.33315358e-01  6.48450000e-09  1.94999900e+00  6.48450000e-09  5.24505006e-04 
 6.48550000e-09  8.82037806e-01  6.48550000e-09  1.94999878e+00  6.48550000e-09  5.11965932e-04 
 6.93650000e-09  6.58700702e-05  6.93650000e-09  1.15611574e+00  6.93650000e-09 -2.77745844e-06 
 6.93750000e-09  4.72933805e-05  6.93750000e-09  1.10170832e+00  6.93750000e-09 -2.06755118e-06 
 6.93850000e-09  2.66249560e-05  6.93850000e-09  1.04662546e+00  6.93850000e-09 -1.65511485e-07 
 6.93950000e-09  6.78269586e-06  6.93950000e-09  9.90915995e-01  6.93950000e-09  1.72893793e-06 
 6.94050000e-09 -1.06924910e-05  6.94050000e-09  9.34552060e-01  6.94050000e-09  4.37407036e-06 
 6.94150000e-09 -2.42270765e-05  6.94150000e-09  8.77592786e-01  6.94150000e-09  6.96490004e-06 
 7.06550000e-09  9.04723201e-01  7.06550000e-09  5.24582760e-04  7.06550000e-09  1.56495146e-05 
 7.06650000e-09  9.45981278e-01  7.06650000e-09  5.10197331e-04  7.06650000e-09  1.58951737e-05 
 7.06750000e-09  9.86710053e-01  7.06750000e-09  4.94917975e-04  7.06750000e-09  1.46922844e-05 
 7.06850000e-09  1.02694780e+00  7.06850000e-09  4.81469176e-04  7.06850000e-09  1.49242473e-05 
 7.06950000e-09  1.06675599e+00  7.06950000e-09  4.67118443e-04  7.06950000e-09  1.37315758e-05 
 7.07050000e-09  1.10622916e+00  7.07050000e-09  4.54535354e-04  7.07050000e-09  1.39644787e-05 
 7.35350000e-09  1.94995616e+00  7.35350000e-09  8.09279262e-01  7.35350000e-09 -5.81086738e-05 
 7.35450000e-09  1.94995636e+00  7.35450000e-09  8.92301607e-01  7.35450000e-09 -1.09751985e-04 
 7.35550000e-09  1.94995666e+00  7.35550000e-09  9.73516662e-01  7.35550000e-09 -1.51777315e-04 
 7.35650000e-09  1.94995685e+00  7.35650000e-09  1.05282876e+00  7.35650000e-09 -1.77101667e-04 
 7.35750000e-09  1.94995715e+00  7.35750000e-09  1.13024579e+00  7.35750000e-09 -1.95837277e-04 
 7.35850000e-09  1.94995734e+00  7.35850000e-09  1.20592216e+00  7.35850000e-09 -2.12135332e-04 
 7.47250000e-09  1.94998461e+00  7.47250000e-09  1.94993761e+00  7.47250000e-09  8.52821628e-01 
 7.47350000e-09  1.94998339e+00  7.47350000e-09  1.94994339e+00  7.47350000e-09  9.14097866e-01 
 7.47450000e-09  1.94998137e+00  7.47450000e-09  1.94994942e+00  7.47450000e-09  9.74077914e-01 
 7.47550000e-09  1.94997877e+00  7.47550000e-09  1.94995531e+00  7.47550000e-09  1.03405013e+00 
 7.47650000e-09  1.94997582e+00  7.47650000e-09  1.94996172e+00  7.47650000e-09  1.09767179e+00 
 7.47750000e-09  1.94997287e+00  7.47750000e-09  1.94995870e+00  7.47750000e-09  1.16881484e+00 
 7.60250000e-09  1.14100077e+00  7.60250000e-09  1.94999858e+00  7.60250000e-09  1.94997747e+00 
 7.60350000e-09  1.08899145e+00  7.60350000e-09  1.94999852e+00  7.60350000e-09  1.94998176e+00 
 7.60450000e-09  1.03727894e+00  7.60450000e-09  1.94999865e+00  7.60450000e-09  1.94997980e+00 
 7.60550000e-09  9.85749269e-01  7.60550000e-09  1.94999858e+00  7.60550000e-09  1.94998379e+00 
 7.60650000e-09  9.34385138e-01  7.60650000e-09  1.94999870e+00  7.60650000e-09  1.94998178e+00 
 7.60750000e-09  8.83105346e-01  7.60750000e-09  1.94999863e+00  7.60750000e-09  1.94998557e+00 
 8.05850000e-09  6.62120056e-05  8.05850000e-09  1.15712113e+00  8.05850000e-09  1.94993954e+00 
 8.05950000e-09  4.77109747e-05  8.05950000e-09  1.10272753e+00  8.05950000e-09  1.94993517e+00 
 8.06050000e-09  2.70549184e-05  8.06050000e-09  1.04765941e+00  8.06050000e-09  1.94993527e+00 
 8.06150000e-09  7.17359990e-06  8.06150000e-09  9.91963239e-01  8.06150000e-09  1.94994064e+00 
 8.06250000e-09 -1.03631128e-05  8.06250000e-09  9.35612762e-01  8.06250000e-09  1.94995304e+00 
 8.06350000e-09 -2.39931620e-05  8.06350000e-09  8.78664903e-01  8.06350000e-09  1.94997199e+00 
 8.18850000e-09  9.45087480e-01  8.18850000e-09  4.21102897e-04  8.18850000e-09  1.94983035e+00 
 8.18950000e-09  9.85827392e-01  8.18950000e-09  4.05832818e-04  8.18950000e-09  1.94983179e+00 
 8.19050000e-09  1.02607530e+00  8.19050000e-09  3.94874419e-04  8.19050000e-09  1.94983465e+00 
 8.19150000e-09  1.06589197e+00  8.19150000e-09  3.81469022e-04  8.19150000e-09  1.94983698e+00 
 8.19250000e-09  1.10537122e+00  8.19250000e-09  3.72053978e-04  8.19250000e-09  1.94984055e+00 
 8.19350000e-09  1.14464054e+00  8.19350000e-09  3.60060382e-04  8.19350000e-09  1.94984345e+00 
 8.47550000e-09  1.94995615e+00  8.47550000e-09  8.09433933e-01  8.47550000e-09  1.95009890e+00 
 8.47650000e-09  1.94995637e+00  8.47650000e-09  8.92480278e-01  8.47650000e-09  1.94996668e+00 
 8.47750000e-09  1.94995665e+00  8.47750000e-09  9.73555485e-01  8.47750000e-09  1.94983171e+00 
 8.47850000e-09  1.94995686e+00  8.47850000e-09  1.05253915e+00  8.47850000e-09  1.94967865e+00 
 8.47950000e-09  1.94995714e+00  8.47950000e-09  1.12942191e+00  8.47950000e-09  1.94951907e+00 
 8.48050000e-09  1.94995733e+00  8.48050000e-09  1.20439496e+00  8.48050000e-09  1.94937451e+00 
 8.60950000e-09  1.94992196e+00  8.60950000e-09  1.94999110e+00  8.60950000e-09  1.15835748e+00 
 8.61050000e-09  1.94992168e+00  8.61050000e-09  1.95002376e+00  8.61050000e-09  1.10079618e+00 
 8.61150000e-09  1.94992471e+00  8.61150000e-09  1.95005407e+00  8.61150000e-09  1.04298584e+00 
 8.61250000e-09  1.94991756e+00  8.61250000e-09  1.95007738e+00  8.61250000e-09  9.84819863e-01 
 8.61350000e-09  1.94991490e+00  8.61350000e-09  1.95009466e+00  8.61350000e-09  9.26101285e-01 
 8.61450000e-09  1.94991450e+00  8.61450000e-09  1.95010530e+00  8.61450000e-09  8.66773912e-01 
 8.72450000e-09  1.14231809e+00  8.72450000e-09  1.94999900e+00  8.72450000e-09  5.96228223e-04 
 8.72550000e-09  1.09030178e+00  8.72550000e-09  1.94999873e+00  8.72550000e-09  5.81777266e-04 
 8.72650000e-09  1.03858281e+00  8.72650000e-09  1.94999900e+00  8.72650000e-09  5.59580543e-04 
 8.72750000e-09  9.87049433e-01  8.72750000e-09  1.94999874e+00  8.72750000e-09  5.46129199e-04 
 8.72850000e-09  9.35681750e-01  8.72850000e-09  1.94999901e+00  8.72850000e-09  5.25134390e-04 
 8.72950000e-09  8.84400246e-01  8.72950000e-09  1.94999876e+00  8.72950000e-09  5.12621371e-04 
 9.18050000e-09  6.68367457e-05  9.18050000e-09  1.15838375e+00  9.18050000e-09 -2.76781446e-06 
 9.18150000e-09  4.84785068e-05  9.18150000e-09  1.10400265e+00  9.18150000e-09 -2.15210990e-06 
 9.18250000e-09  2.78483720e-05  9.18250000e-09  1.04894828e+00  9.18250000e-09 -2.19319458e-07 
 9.18350000e-09  7.89438357e-06  9.18350000e-09  9.93264730e-01  9.18350000e-09  1.60841752e-06 
 9.18450000e-09 -9.75051855e-06  9.18450000e-09  9.36928108e-01  9.18450000e-09  4.29312246e-06 
 9.18550000e-09 -2.35495041e-05  9.18550000e-09  8.79993144e-01  9.18550000e-09  6.83324627e-06 
 9.31050000e-09  9.43667168e-01  9.31050000e-09  5.10967459e-04  9.31050000e-09  1.59915536e-05 
 9.31150000e-09  9.84424887e-01  9.31150000e-09  4.95445000e-04  9.31150000e-09  1.46340112e-05 
 9.31250000e-09  1.02468905e+00  9.31250000e-09  4.82195116e-04  9.31250000e-09  1.50207797e-05 
 9.31350000e-09  1.06451933e+00  9.31350000e-09  4.67609186e-04  9.31350000e-09  1.36731327e-05 
 9.31450000e-09  1.10400838e+00  9.31450000e-09  4.55220212e-04  9.31450000e-09  1.40605518e-05 
 9.31550000e-09  1.14328261e+00  9.31550000e-09  4.41503094e-04  9.31550000e-09  1.27349799e-05 
 9.59750000e-09  1.94995612e+00  9.59750000e-09  8.04573460e-01  9.59750000e-09 -5.51859037e-05 
 9.59850000e-09  1.94995637e+00  9.59850000e-09  8.87690158e-01  9.59850000e-09 -1.07061293e-04 
 9.59950000e-09  1.94995662e+00  9.59950000e-09  9.69010750e-01  9.59950000e-09 -1.49781022e-04 
 9.60050000e-09  1.94995686e+00  9.60050000e-09  1.04842924e+00  9.60050000e-09 -1.75971022e-04 
 9.60150000e-09  1.94995712e+00  9.60150000e-09  1.12595040e+00  9.60150000e-09 -1.95050931e-04 
 9.60250000e-09  1.94995734e+00  9.60250000e-09  1.20170461e+00  9.60250000e-09 -2.10379022e-04 
 9.71650000e-09  1.94998465e+00  9.71650000e-09  1.94993746e+00  9.71650000e-09  8.49293318e-01 
 9.71750000e-09  1.94998346e+00  9.71750000e-09  1.94994301e+00  9.71750000e-09  9.10663335e-01 
 9.71850000e-09  1.94998150e+00  9.71850000e-09  1.94994909e+00  9.71850000e-09  9.70697601e-01 
 9.71950000e-09  1.94997892e+00  9.71950000e-09  1.94995504e+00  9.71950000e-09  1.03059605e+00 
 9.72050000e-09  1.94997600e+00  9.72050000e-09  1.94996126e+00  9.72050000e-09  1.09391906e+00 
 9.72150000e-09  1.94997302e+00  9.72150000e-09  1.94995927e+00  9.72150000e-09  1.16464175e+00 
 9.84650000e-09  1.14388815e+00  9.84650000e-09  1.94999859e+00  9.84650000e-09  1.94997861e+00 
 9.84750000e-09  1.09186290e+00  9.84750000e-09  1.94999852e+00  9.84750000e-09  1.94998035e+00 
 9.84850000e-09  1.04013550e+00  9.84850000e-09  1.94999864e+00  9.84850000e-09  1.94998085e+00 
 9.84950000e-09  9.88597155e-01  9.84950000e-09  1.94999858e+00  9.84950000e-09  1.94998245e+00 
 9.85050000e-09  9.37224829e-01  9.85050000e-09  1.94999870e+00  9.85050000e-09  1.94998287e+00 
 9.85150000e-09  8.85940942e-01  9.85150000e-09  1.94999864e+00  9.85150000e-09  1.94998436e+00 
 1.03025000e-08  6.75435616e-05  1.03025000e-08  1.15962766e+00  1.03025000e-08  1.94993980e+00 
 1.03035000e-08  4.93545788e-05  1.03035000e-08  1.10526325e+00  1.03035000e-08  1.94993529e+00 
 1.03045000e-08  2.87605497e-05  1.03045000e-08  1.05022667e+00  1.03045000e-08  1.94993516e+00 
 1.03055000e-08  8.72760791e-06  1.03055000e-08  9.94559245e-01  1.03055000e-08  1.94994024e+00 
 1.03065000e-08 -9.03973517e-06  1.03065000e-08  9.38239027e-01  1.03065000e-08  1.94995233e+00 
 1.03075000e-08 -2.30354464e-05  1.03075000e-08  8.81318179e-01  1.03075000e-08  1.94997096e+00 
 1.04325000e-08  9.41725393e-01  1.04325000e-08  4.21907267e-04  1.04325000e-08  1.94983021e+00 
 1.04335000e-08  9.82507129e-01  1.04335000e-08  4.06305594e-04  1.04335000e-08  1.94983174e+00 
 1.04345000e-08  1.02279388e+00  1.04345000e-08  3.95583156e-04  1.04345000e-08  1.94983447e+00 
 1.04355000e-08  1.06264255e+00  1.04355000e-08  3.81867335e-04  1.04355000e-08  1.94983690e+00 
 1.04365000e-08  1.10214551e+00  1.04365000e-08  3.72689629e-04  1.04365000e-08  1.94984034e+00 
 1.04375000e-08  1.14142637e+00  1.04375000e-08  3.60403736e-04  1.04375000e-08  1.94984335e+00 
 1.07195000e-08  1.94995609e+00  1.07195000e-08  8.02713734e-01  1.07195000e-08  1.95010804e+00 
 1.07205000e-08  1.94995638e+00  1.07205000e-08  8.85903079e-01  1.07205000e-08  1.94997655e+00 
 1.07215000e-08  1.94995660e+00  1.07215000e-08  9.67141307e-01  1.07215000e-08  1.94984330e+00 
 1.07225000e-08  1.94995687e+00  1.07225000e-08  1.04629097e+00  1.07225000e-08  1.94969160e+00 
 1.07235000e-08  1.94995709e+00  1.07235000e-08  1.12334798e+00  1.07235000e-08  1.94953195e+00 
 1.07245000e-08  1.94995735e+00  1.07245000e-08  1.19846945e+00  1.07245000e-08  1.94938756e+00 
 1.08535000e-08  1.94992192e+00  1.08535000e-08  1.94998878e+00  1.08535000e-08  1.16285916e+00 
 1.08545000e-08  1.94992114e+00  1.08545000e-08  1.95002107e+00  1.08545000e-08  1.10530445e+00 
 1.08555000e-08  1.94992541e+00  1.08555000e-08  1.95005174e+00  1.08555000e-08  1.04752128e+00 
 1.08565000e-08  1.94991805e+00  1.08565000e-08  1.95007581e+00  1.08565000e-08  9.89387297e-01 
 1.08575000e-08  1.94991507e+00  1.08575000e-08  1.95009358e+00  1.08575000e-08  9.30716932e-01 
 1.08585000e-08  1.94991446e+00  1.08585000e-08  1.95010479e+00  1.08585000e-08  8.71437721e-01 
 1.09685000e-08  1.14600762e+00  1.09685000e-08  1.94999916e+00  1.09685000e-08  5.97863213e-04 
 1.09695000e-08  1.09397191e+00  1.09695000e-08  1.94999888e+00  1.09695000e-08  5.83166629e-04 
 1.09705000e-08  1.04223468e+00  1.09705000e-08  1.94999918e+00  1.09705000e-08  5.61129028e-04 
 1.09715000e-08  9.90691106e-01  1.09715000e-08  1.94999890e+00  1.09715000e-08  5.47422617e-04 
 1.09725000e-08  9.39313741e-01  1.09725000e-08  1.94999919e+00  1.09725000e-08  5.26601508e-04 
 1.09735000e-08  8.88027641e-01  1.09735000e-08  1.94999891e+00  1.09735000e-08  5.13824528e-04 
 1.14245000e-08  6.78880937e-05  1.14245000e-08  1.16189264e+00  1.14245000e-08 -2.73815441e-06 
 1.14255000e-08  4.97756842e-05  1.14255000e-08  1.10755230e+00  1.14255000e-08 -2.29368216e-06 
 1.14265000e-08  2.91754991e-05  1.14265000e-08  1.05254207e+00  1.14265000e-08 -2.87776783e-07 
 1.14275000e-08  9.09022205e-06  1.14275000e-08  9.96898684e-01  1.14275000e-08  1.41089073e-06 
 1.14285000e-08 -8.74727483e-06  1.14285000e-08  9.40604409e-01  1.14285000e-08  4.17832814e-06 
 1.14295000e-08 -2.28331173e-05  1.14295000e-08  8.83707187e-01  1.14295000e-08  6.61674677e-06 
 1.15545000e-08  9.41004245e-01  1.15545000e-08  5.12054211e-04  1.15545000e-08  1.61346912e-05 
 1.15555000e-08  9.81794963e-01  1.15555000e-08  4.96191447e-04  1.15555000e-08  1.45555869e-05 
 1.15565000e-08  1.02209022e+00  1.15565000e-08  4.83218331e-04  1.15565000e-08  1.51639779e-05 
 1.15575000e-08  1.06194579e+00  1.15575000e-08  4.68303556e-04  1.15575000e-08  1.35943723e-05 
 1.15585000e-08  1.10145405e+00  1.15585000e-08  4.56184444e-04  1.15585000e-08  1.42028424e-05 
 1.15595000e-08  1.14073745e+00  1.15595000e-08  4.42149394e-04  1.15595000e-08  1.26552545e-05 
 1.18415000e-08  1.94995608e+00  1.18415000e-08  7.99195225e-01  1.18415000e-08 -5.19031197e-05 
 1.18425000e-08  1.94995638e+00  1.18425000e-08  8.82419131e-01  1.18425000e-08 -1.03936378e-04 
 1.18435000e-08  1.94995658e+00  1.18435000e-08  9.63860485e-01  1.18435000e-08 -1.47449164e-04 
 1.18445000e-08  1.94995687e+00  1.18445000e-08  1.04340054e+00  1.18445000e-08 -1.74641461e-04 
 1.18455000e-08  1.94995707e+00  1.18455000e-08  1.12104149e+00  1.18455000e-08 -1.94161508e-04 
 1.18465000e-08  1.94995735e+00  1.18465000e-08  1.19690113e+00  1.18465000e-08 -2.08875387e-04 
 1.19605000e-08  1.94998469e+00  1.19605000e-08  1.94993728e+00  1.19605000e-08  8.45220150e-01 
 1.19615000e-08  1.94998356e+00  1.19615000e-08  1.94994259e+00  1.19615000e-08  9.06698946e-01 
 1.19625000e-08  1.94998166e+00  1.19625000e-08  1.94994869e+00  1.19625000e-08  9.66796745e-01 
 1.19635000e-08  1.94997909e+00  1.19635000e-08  1.94995472e+00  1.19635000e-08  1.02662580e+00 
 1.19645000e-08  1.94997619e+00  1.19645000e-08  1.94996067e+00  1.19645000e-08  1.08962403e+00 
 1.19655000e-08  1.94997319e+00  1.19655000e-08  1.94995998e+00  1.19655000e-08  1.15982821e+00 
 1.20905000e-08  1.14709481e+00  1.20905000e-08  1.94999858e+00  1.20905000e-08  1.94998005e+00 
 1.20915000e-08  1.09505186e+00  1.20915000e-08  1.94999852e+00  1.20915000e-08  1.94997889e+00 
 1.20925000e-08  1.04330781e+00  1.20925000e-08  1.94999864e+00  1.20925000e-08  1.94998226e+00 
 1.20935000e-08  9.91759851e-01  1.20935000e-08  1.94999858e+00  1.20935000e-08  1.94998108e+00 
 1.20945000e-08  9.40378436e-01  1.20945000e-08  1.94999870e+00  1.20945000e-08  1.94998428e+00 
 1.20955000e-08  8.89090109e-01  1.20955000e-08  1.94999864e+00  1.20955000e-08  1.94998295e+00 
 1.25465000e-08  6.85571202e-05  1.25465000e-08  1.16278840e+00  1.25465000e-08  1.94994013e+00 
 1.25475000e-08  5.06059001e-05  1.25475000e-08  1.10846074e+00  1.25475000e-08  1.94993544e+00 
 1.25485000e-08  3.00420934e-05  1.25485000e-08  1.05346394e+00  1.25485000e-08  1.94993504e+00 
 1.25495000e-08  9.88317518e-06  1.25495000e-08  9.97832760e-01  1.25495000e-08  1.94993975e+00 
 1.25505000e-08 -8.06840474e-06  1.25505000e-08  9.41550750e-01  1.25505000e-08  1.94995145e+00 
 1.25515000e-08 -2.23407157e-05  1.25515000e-08  8.84664006e-01  1.25515000e-08  1.94996967e+00 
 1.26765000e-08  9.39206864e-01  1.26765000e-08  4.22903958e-04  1.26765000e-08  1.94983005e+00 
 1.26775000e-08  9.80019822e-01  1.26775000e-08  4.06876780e-04  1.26775000e-08  1.94983169e+00 
 1.26785000e-08  1.02033615e+00  1.26785000e-08  3.96458345e-04  1.26785000e-08  1.94983424e+00 
 1.26795000e-08  1.06020890e+00  1.26795000e-08  3.82344069e-04  1.26795000e-08  1.94983680e+00 
 1.26805000e-08  1.09973038e+00  1.26805000e-08  3.73472153e-04  1.26805000e-08  1.94984008e+00 
 1.26815000e-08  1.13902023e+00  1.26815000e-08  3.60811028e-04  1.26815000e-08  1.94984322e+00 
 1.29635000e-08  1.94995605e+00  1.29635000e-08  7.97466035e-01  1.29635000e-08  1.95011495e+00 
 1.29645000e-08  1.94995639e+00  1.29645000e-08  8.80770192e-01  1.29645000e-08  1.94998416e+00 
 1.29655000e-08  1.94995656e+00  1.29655000e-08  9.62138474e-01  1.29655000e-08  1.94985232e+00 
 1.29665000e-08  1.94995688e+00  1.29665000e-08  1.04141930e+00  1.29665000e-08  1.94970167e+00 
 1.29675000e-08  1.94995705e+00  1.29675000e-08  1.11859627e+00  1.29675000e-08  1.94954199e+00 
 1.29685000e-08  1.94995736e+00  1.29685000e-08  1.19381712e+00  1.29685000e-08  1.94939698e+00 
 1.30975000e-08  1.94992190e+00  1.30975000e-08  1.94998691e+00  1.30975000e-08  1.16656646e+00 
 1.30985000e-08  1.94992132e+00  1.30985000e-08  1.95001890e+00  1.30985000e-08  1.10901626e+00 
 1.30995000e-08  1.94992555e+00  1.30995000e-08  1.95004996e+00  1.30995000e-08  1.05125447e+00 
 1.31005000e-08  1.94991831e+00  1.31005000e-08  1.95007444e+00  1.31005000e-08  9.93146087e-01 
 1.31015000e-08  1.94991509e+00  1.31015000e-08  1.95009264e+00  1.31015000e-08  9.34515446e-01 
 1.31025000e-08  1.94991441e+00  1.31025000e-08  1.95010422e+00  1.31025000e-08  8.75276372e-01 
 1.32125000e-08  1.14915298e+00  1.32125000e-08  1.94999915e+00  1.32125000e-08  5.99879060e-04 
 1.32135000e-08  1.09709985e+00  1.32135000e-08  1.94999889e+00  1.32135000e-08  5.83524747e-04 
 1.32145000e-08  1.04534618e+00  1.32145000e-08  1.94999917e+00  1.32145000e-08  5.63060349e-04 
 1.32155000e-08  9.93793081e-01  1.32155000e-08  1.94999891e+00  1.32155000e-08  5.47723250e-04 
 1.32165000e-08  9.42406759e-01  1.32165000e-08  1.94999918e+00  1.32165000e-08  5.28452574e-04 
 1.32175000e-08  8.91116302e-01  1.32175000e-08  1.94999892e+00  1.32175000e-08  5.14071567e-04 
 1.36685000e-08  6.86741266e-05  1.36685000e-08  1.16488297e+00  1.36685000e-08 -2.71010186e-06 
 1.36695000e-08  5.07746521e-05  1.36695000e-08  1.11057739e+00  1.36695000e-08 -2.41185790e-06 
 1.36705000e-08  3.02265728e-05  1.36705000e-08  1.05560479e+00  1.36705000e-08 -3.43799633e-07 
 1.36715000e-08  1.00627157e-05  1.36715000e-08  9.99995690e-01  1.36715000e-08  1.24326949e-06 
 1.36725000e-08 -7.91257322e-06  1.36725000e-08  9.43737587e-01  1.36725000e-08  4.08073964e-06 
 1.36735000e-08 -2.22206475e-05  1.36735000e-08  8.86872618e-01  1.36735000e-08  6.42716522e-06 
 1.37985000e-08  9.38790755e-01  1.37985000e-08  5.13046181e-04  1.37985000e-08  1.62611951e-05 
 1.37995000e-08  9.79608957e-01  1.37995000e-08  4.96799274e-04  1.37995000e-08  1.44821445e-05 
 1.38005000e-08  1.01993024e+00  1.38005000e-08  4.84154952e-04  1.38005000e-08  1.52911241e-05 
 1.38015000e-08  1.05980705e+00  1.38015000e-08  4.68866248e-04  1.38015000e-08  1.35202094e-05 
 1.38025000e-08  1.09933167e+00  1.38025000e-08  4.57069639e-04  1.38025000e-08  1.43297954e-05 
 1.38035000e-08  1.13862308e+00  1.38035000e-08  4.42670423e-04  1.38035000e-08  1.25798299e-05 
 1.40855000e-08  1.94995604e+00  1.40855000e-08  7.94678619e-01  1.40855000e-08 -4.82048752e-05 
 1.40865000e-08  1.94995638e+00  1.40865000e-08  8.77994418e-01  1.40865000e-08 -1.01114497e-04 
 1.40875000e-08  1.94995654e+00  1.40875000e-08  9.59537950e-01  1.40875000e-08 -1.45419443e-04 
 1.40885000e-08  1.94995688e+00  1.40885000e-08  1.03918047e+00  1.40885000e-08 -1.73450471e-04 
 1.40895000e-08  1.94995704e+00  1.40895000e-08  1.11692287e+00  1.40895000e-08 -1.93421832e-04 
 1.40905000e-08  1.94995736e+00  1.40905000e-08  1.19287162e+00  1.40905000e-08 -2.07614287e-04 
 1.42055000e-08  1.94998362e+00  1.42055000e-08  1.94994225e+00  1.42055000e-08  9.03434784e-01 
 1.42065000e-08  1.94998177e+00  1.42065000e-08  1.94994835e+00  1.42065000e-08  9.63586550e-01 
 1.42075000e-08  1.94997922e+00  1.42075000e-08  1.94995446e+00  1.42075000e-08  1.02337039e+00 
 1.42085000e-08  1.94997635e+00  1.42085000e-08  1.94996015e+00  1.42085000e-08  1.08611688e+00 
 1.42095000e-08  1.94997333e+00  1.42095000e-08  1.94996060e+00  1.42095000e-08  1.15587258e+00 
 1.42105000e-08  1.94997065e+00  1.42105000e-08  1.94995638e+00  1.42105000e-08  1.22925376e+00 
 1.43345000e-08  1.14960635e+00  1.43345000e-08  1.94999857e+00  1.43345000e-08  1.94998122e+00 
 1.43355000e-08  1.09754946e+00  1.43355000e-08  1.94999853e+00  1.43355000e-08  1.94997772e+00 
 1.43365000e-08  1.04579223e+00  1.43365000e-08  1.94999863e+00  1.43365000e-08  1.94998347e+00 
 1.43375000e-08  9.94236626e-01  1.43375000e-08  1.94999858e+00  1.43375000e-08  1.94997990e+00 
 1.43385000e-08  9.42848028e-01  1.43385000e-08  1.94999869e+00  1.43385000e-08  1.94998540e+00 
 1.43395000e-08  8.91556191e-01  1.43395000e-08  1.94999864e+00  1.43395000e-08  1.94998187e+00 
 1.47905000e-08  6.92174911e-05  1.47905000e-08  1.16514833e+00  1.47905000e-08  1.94994038e+00 
 1.47915000e-08  5.14737584e-05  1.47915000e-08  1.11084811e+00  1.47915000e-08  1.94993557e+00 
 1.47925000e-08  3.09656989e-05  1.47925000e-08  1.05588100e+00  1.47925000e-08  1.94993496e+00 
 1.47935000e-08  1.07483148e-05  1.47935000e-08  1.00027690e+00  1.47935000e-08  1.94993940e+00 
 1.47945000e-08 -7.32071980e-06  1.47945000e-08  9.44023456e-01  1.47945000e-08  1.94995080e+00 
 1.47955000e-08 -2.17858588e-05  1.47955000e-08  8.87162212e-01  1.47955000e-08  1.94996871e+00 
 1.49205000e-08  9.37314981e-01  1.49205000e-08  4.23621885e-04  1.49205000e-08  1.94982992e+00 
 1.49215000e-08  9.78151845e-01  1.49215000e-08  4.07358552e-04  1.49215000e-08  1.94983165e+00 
 1.49225000e-08  1.01849019e+00  1.49225000e-08  3.97086180e-04  1.49225000e-08  1.94983408e+00 
 1.49235000e-08  1.05838158e+00  1.49235000e-08  3.82753779e-04  1.49235000e-08  1.94983672e+00 
 1.49245000e-08  1.09791695e+00  1.49245000e-08  3.74031244e-04  1.49245000e-08  1.94983988e+00 
 1.49255000e-08  1.13721424e+00  1.49255000e-08  3.61167309e-04  1.49255000e-08  1.94984312e+00 
 1.52075000e-08  1.94995602e+00  1.52075000e-08  7.93626374e-01  1.52075000e-08  1.95011984e+00 
 1.52085000e-08  1.94995639e+00  1.52085000e-08  8.77009046e-01  1.52085000e-08  1.94998651e+00 
 1.52095000e-08  1.94995653e+00  1.52095000e-08  9.58468445e-01  1.52095000e-08  1.94985315e+00 
 1.52105000e-08  1.94995689e+00  1.52105000e-08  1.03784477e+00  1.52105000e-08  1.94970442e+00 
 1.52115000e-08  1.94995702e+00  1.52115000e-08  1.11511717e+00  1.52115000e-08  1.94954557e+00 
 1.52125000e-08  1.94995737e+00  1.52125000e-08  1.19041876e+00  1.52125000e-08  1.94940063e+00 
 1.53415000e-08  1.94992190e+00  1.53415000e-08  1.94998556e+00  1.53415000e-08  1.16919927e+00 
 1.53425000e-08  1.94992134e+00  1.53425000e-08  1.95001754e+00  1.53425000e-08  1.11165145e+00 
 1.53435000e-08  1.94992537e+00  1.53435000e-08  1.95004888e+00  1.53435000e-08  1.05390385e+00 
 1.53445000e-08  1.94991842e+00  1.53445000e-08  1.95007348e+00  1.53445000e-08  9.95813083e-01 
 1.53455000e-08  1.94991508e+00  1.53455000e-08  1.95009191e+00  1.53455000e-08  9.37210786e-01 
 1.53465000e-08  1.94991439e+00  1.53465000e-08  1.95010373e+00  1.53465000e-08  8.78000927e-01 
 1.54565000e-08  1.15138063e+00  1.54565000e-08  1.94999914e+00  1.54565000e-08  6.01312827e-04 
 1.54575000e-08  1.09931506e+00  1.54575000e-08  1.94999890e+00  1.54575000e-08  5.83760620e-04 
 1.54585000e-08  1.04754960e+00  1.54585000e-08  1.94999915e+00  1.54585000e-08  5.64433997e-04 
 1.54595000e-08  9.95989627e-01  1.54595000e-08  1.94999892e+00  1.54595000e-08  5.47919344e-04 
 1.54605000e-08  9.44596873e-01  1.54605000e-08  1.94999917e+00  1.54605000e-08  5.29769120e-04 
 1.54615000e-08  8.93303274e-01  1.54615000e-08  1.94999893e+00  1.54615000e-08  5.14230617e-04 
 1.59125000e-08  6.93614179e-05  1.59125000e-08  1.16717537e+00  1.59125000e-08 -2.69625130e-06 
 1.59135000e-08  5.16626175e-05  1.59135000e-08  1.11289647e+00  1.59135000e-08 -2.49153862e-06 
 1.59145000e-08  3.11636204e-05  1.59145000e-08  1.05795274e+00  1.59145000e-08 -3.94236237e-07 
 1.59155000e-08  1.09346487e-05  1.59155000e-08  1.00236996e+00  1.59155000e-08  1.12353144e-06 
 1.59165000e-08 -7.16171348e-06  1.59165000e-08  9.46139633e-01  1.59165000e-08  3.99885284e-06 
 1.59175000e-08 -2.16665027e-05  1.59175000e-08  8.89299460e-01  1.59175000e-08  6.28513153e-06 
 1.60425000e-08  9.36948742e-01  1.60425000e-08  5.13773254e-04  1.60425000e-08  1.63524297e-05 
 1.60435000e-08  9.77790307e-01  1.60435000e-08  4.97319685e-04  1.60435000e-08  1.44314277e-05 
 1.60445000e-08  1.01813292e+00  1.60445000e-08  4.84840035e-04  1.60445000e-08  1.53827518e-05 
 1.60455000e-08  1.05802799e+00  1.60455000e-08  4.69350403e-04  1.60455000e-08  1.34690314e-05 
 1.60465000e-08  1.09756606e+00  1.60465000e-08  4.57715768e-04  1.60465000e-08  1.44212024e-05 
 1.60475000e-08  1.13686487e+00  1.60475000e-08  4.43121070e-04  1.60475000e-08  1.25277833e-05 
 1.63295000e-08  1.94995601e+00  1.63295000e-08  7.90909351e-01  1.63295000e-08 -4.61469693e-05 
 1.63305000e-08  1.94995639e+00  1.63305000e-08  8.74298914e-01  1.63305000e-08 -9.88997930e-05 
 1.63315000e-08  1.94995652e+00  1.63315000e-08  9.55926974e-01  1.63315000e-08 -1.43734312e-04 
 1.63325000e-08  1.94995689e+00  1.63325000e-08  1.03565418e+00  1.63325000e-08 -1.72473153e-04 
 1.63335000e-08  1.94995701e+00  1.63335000e-08  1.11348164e+00  1.63335000e-08 -1.92606256e-04 
 1.63345000e-08  1.94995736e+00  1.63345000e-08  1.18950464e+00  1.63345000e-08 -2.06753479e-04 
 1.64495000e-08  1.94998369e+00  1.64495000e-08  1.94994200e+00  1.64495000e-08  9.00697009e-01 
 1.64505000e-08  1.94998188e+00  1.64505000e-08  1.94994804e+00  1.64505000e-08  9.60895592e-01 
 1.64515000e-08  1.94997935e+00  1.64515000e-08  1.94995425e+00  1.64515000e-08  1.02064889e+00 
 1.64525000e-08  1.94997649e+00  1.64525000e-08  1.94995967e+00  1.64525000e-08  1.08319470e+00 
 1.64535000e-08  1.94997346e+00  1.64535000e-08  1.94996116e+00  1.64535000e-08  1.15256232e+00 
 1.64545000e-08  1.94997077e+00  1.64545000e-08  1.94995625e+00  1.64545000e-08  1.22597306e+00 
 1.65785000e-08  1.15205364e+00  1.65785000e-08  1.94999856e+00  1.65785000e-08  1.94998225e+00 
 1.65795000e-08  1.09998305e+00  1.65795000e-08  1.94999854e+00  1.65795000e-08  1.94997669e+00 
 1.65805000e-08  1.04821285e+00  1.65805000e-08  1.94999862e+00  1.65805000e-08  1.94998444e+00 
 1.65815000e-08  9.96649655e-01  1.65815000e-08  1.94999860e+00  1.65815000e-08  1.94997894e+00 
 1.65825000e-08  9.45253965e-01  1.65825000e-08  1.94999868e+00  1.65825000e-08  1.94998640e+00 
 1.65835000e-08  8.93958653e-01  1.65835000e-08  1.94999865e+00  1.65835000e-08  1.94998091e+00 
 1.70005000e-08  6.82598878e-07  1.70005000e-08  2.00712539e+00  1.70005000e-08  1.94999895e+00 
 1.70345000e-08  6.99202713e-05  1.70345000e-08  1.16760306e+00  1.70345000e-08  1.94994065e+00 
 1.70355000e-08  5.23895548e-05  1.70355000e-08  1.11333142e+00  1.70355000e-08  1.94993571e+00 
 1.70365000e-08  3.19375695e-05  1.70365000e-08  1.05839522e+00  1.70365000e-08  1.94993489e+00 
 1.70375000e-08  1.16562917e-05  1.70375000e-08  1.00281934e+00  1.70375000e-08  1.94993905e+00 
 1.70385000e-08 -6.53564589e-06  1.70385000e-08  9.46595663e-01  1.70385000e-08  1.94995015e+00 
 1.70395000e-08 -2.12041468e-05  1.70395000e-08  8.89761024e-01  1.70395000e-08  1.94996774e+00 
 1.71645000e-08  9.35197242e-01  1.71645000e-08  4.24351255e-04  1.71645000e-08  1.94982981e+00 
 1.71655000e-08  9.76061091e-01  1.71655000e-08  4.07882382e-04  1.71655000e-08  1.94983160e+00 
 1.71665000e-08  1.01642398e+00  1.71665000e-08  3.97722765e-04  1.71665000e-08  1.94983392e+00 
 1.71675000e-08  1.05633659e+00  1.71675000e-08  3.83202524e-04  1.71675000e-08  1.94983664e+00 
 1.71685000e-08  1.09588756e+00  1.71685000e-08  3.74596999e-04  1.71685000e-08  1.94983969e+00 
 1.71695000e-08  1.13519368e+00  1.71695000e-08  3.61560133e-04  1.71695000e-08  1.94984301e+00 
 1.74515000e-08  1.94995599e+00  1.74515000e-08  7.89277333e-01  1.74515000e-08  1.95012520e+00 
 1.74525000e-08  1.94995640e+00  1.74525000e-08  8.72751891e-01  1.74525000e-08  1.94999454e+00 
 1.74535000e-08  1.94995650e+00  1.74535000e-08  9.54316696e-01  1.74535000e-08  1.94986401e+00 
 1.74545000e-08  1.94995689e+00  1.74545000e-08  1.03380089e+00  1.74545000e-08  1.94971548e+00 
 1.74555000e-08  1.94995699e+00  1.74555000e-08  1.11118091e+00  1.74555000e-08  1.94955605e+00 
 1.74565000e-08  1.94995737e+00  1.74565000e-08  1.18657519e+00  1.74565000e-08  1.94941001e+00 
 1.75855000e-08  1.94992188e+00  1.75855000e-08  1.94998402e+00  1.75855000e-08  1.17216990e+00 
 1.75865000e-08  1.94992146e+00  1.75865000e-08  1.95001582e+00  1.75865000e-08  1.11462502e+00 
 1.75875000e-08  1.94992531e+00  1.75875000e-08  1.95004739e+00  1.75875000e-08  1.05689376e+00 
 1.75885000e-08  1.94991865e+00  1.75885000e-08  1.95007238e+00  1.75885000e-08  9.98822910e-01 
 1.75895000e-08  1.94991512e+00  1.75895000e-08  1.95009109e+00  1.75895000e-08  9.40252022e-01 
 1.75905000e-08  1.94991437e+00  1.75905000e-08  1.95010328e+00  1.75905000e-08  8.81074210e-01 
 1.77005000e-08  1.15414773e+00  1.77005000e-08  1.94999913e+00  1.77005000e-08  6.02911971e-04 
 1.77015000e-08  1.10206659e+00  1.77015000e-08  1.94999891e+00  1.77015000e-08  5.84068987e-04 
 1.77025000e-08  1.05028632e+00  1.77025000e-08  1.94999915e+00  1.77025000e-08  5.65964464e-04 
 1.77035000e-08  9.98717656e-01  1.77035000e-08  1.94999892e+00  1.77035000e-08  5.48182275e-04 
 1.77045000e-08  9.47316806e-01  1.77045000e-08  1.94999916e+00  1.77045000e-08  5.31234373e-04 
 1.77055000e-08  8.96019242e-01  1.77055000e-08  1.94999894e+00  1.77055000e-08  5.14451216e-04 
 1.81565000e-08  7.01188519e-05  1.81565000e-08  1.17008753e+00  1.81565000e-08 -2.68865611e-06 
 1.81575000e-08  5.26482624e-05  1.81575000e-08  1.11584258e+00  1.81575000e-08 -2.57920896e-06 
 1.81585000e-08  3.22121805e-05  1.81585000e-08  1.06093554e+00  1.81585000e-08 -4.68112423e-07 
 1.81595000e-08  1.19130703e-05  1.81595000e-08  1.00538625e+00  1.81595000e-08  9.82366082e-07 
 1.81605000e-08 -6.31356749e-06  1.81605000e-08  9.49191268e-01  1.81605000e-08  3.88549857e-06 
 1.81615000e-08 -2.10393629e-05  1.81615000e-08  8.92382686e-01  1.81615000e-08  6.11095134e-06 
 1.82865000e-08  9.34683933e-01  1.82865000e-08  5.14686038e-04  1.82865000e-08  1.64438278e-05 
 1.82875000e-08  9.75554365e-01  1.82875000e-08  4.98000347e-04  1.82875000e-08  1.43936965e-05 
 1.82885000e-08  1.01592325e+00  1.82885000e-08  4.85699539e-04  1.82885000e-08  1.54748218e-05 
 1.82895000e-08  1.05584105e+00  1.82895000e-08  4.69984194e-04  1.82895000e-08  1.34305044e-05 
 1.82905000e-08  1.09539587e+00  1.82905000e-08  4.58525860e-04  1.82905000e-08  1.45131254e-05 
 1.82915000e-08  1.13470419e+00  1.82915000e-08  4.43711523e-04  1.82915000e-08  1.24879106e-05 
 1.85735000e-08  1.94995598e+00  1.85735000e-08  7.86257554e-01  1.85735000e-08 -4.36327346e-05 
 1.85745000e-08  1.94995639e+00  1.85745000e-08  8.69740903e-01  1.85745000e-08 -9.62095824e-05 
 1.85755000e-08  1.94995649e+00  1.85755000e-08  9.51473762e-01  1.85755000e-08 -1.41638701e-04 
 1.85765000e-08  1.94995689e+00  1.85765000e-08  1.03130604e+00  1.85765000e-08 -1.71225923e-04 
 1.85775000e-08  1.94995698e+00  1.85775000e-08  1.10923731e+00  1.85775000e-08 -1.91534167e-04 
 1.85785000e-08  1.94995737e+00  1.85785000e-08  1.18536570e+00  1.85785000e-08 -2.05913410e-04 
 1.86935000e-08  1.94998377e+00  1.86935000e-08  1.94994163e+00  1.86935000e-08  8.97565099e-01 
 1.86945000e-08  1.94998201e+00  1.86945000e-08  1.94994776e+00  1.86945000e-08  9.57819957e-01 
 1.86955000e-08  1.94997949e+00  1.86955000e-08  1.94995393e+00  1.86955000e-08  1.01754689e+00 
 1.86965000e-08  1.94997667e+00  1.86965000e-08  1.94995920e+00  1.86965000e-08  1.07986319e+00 
 1.86975000e-08  1.94997362e+00  1.86975000e-08  1.94996176e+00  1.86975000e-08  1.14875942e+00 
 1.86985000e-08  1.94997092e+00  1.86985000e-08  1.94995617e+00  1.86985000e-08  1.22219577e+00 
 1.88225000e-08  1.15489539e+00  1.88225000e-08  1.94999855e+00  1.88225000e-08  1.94998342e+00 
 1.88235000e-08  1.10280879e+00  1.88235000e-08  1.94999854e+00  1.88235000e-08  1.94997554e+00 
 1.88245000e-08  1.05102333e+00  1.88245000e-08  1.94999861e+00  1.88245000e-08  1.94998562e+00 
 1.88255000e-08  9.99451178e-01  1.88255000e-08  1.94999860e+00  1.88255000e-08  1.94997780e+00 
 1.88265000e-08  9.48047145e-01  1.88265000e-08  1.94999867e+00  1.88265000e-08  1.94998752e+00 
 1.88275000e-08  8.96747733e-01  1.88275000e-08  1.94999866e+00  1.88275000e-08  1.94997979e+00 
 1.92785000e-08  7.06781387e-05  1.92785000e-08  1.17064182e+00  1.92785000e-08  1.94994098e+00 
 1.92795000e-08  5.33855801e-05  1.92795000e-08  1.11640561e+00  1.92795000e-08  1.94993590e+00 
 1.92805000e-08  3.30030740e-05  1.92805000e-08  1.06150771e+00  1.92805000e-08  1.94993482e+00 
 1.92815000e-08  1.26552505e-05  1.92815000e-08  1.00596681e+00  1.92815000e-08  1.94993864e+00 
 1.92825000e-08 -5.66648082e-06  1.92825000e-08  9.49780049e-01  1.92825000e-08  1.94994935e+00 
 1.92835000e-08 -2.05583375e-05  1.92835000e-08  8.92978445e-01  1.92835000e-08  1.94996655e+00 
 1.94085000e-08  9.33176949e-01  1.94085000e-08  4.25066545e-04  1.94085000e-08  1.94982957e+00 
 1.94095000e-08  9.74066585e-01  1.94095000e-08  4.08717157e-04  1.94095000e-08  1.94983164e+00 
 1.94105000e-08  1.01445301e+00  1.94105000e-08  3.98328562e-04  1.94105000e-08  1.94983362e+00 
 1.94115000e-08  1.05438602e+00  1.94115000e-08  3.83938513e-04  1.94115000e-08  1.94983662e+00 
 1.94125000e-08  1.09395344e+00  1.94125000e-08  3.75120402e-04  1.94125000e-08  1.94983936e+00 
 1.94135000e-08  1.13326959e+00  1.94135000e-08  3.62221366e-04  1.94135000e-08  1.94984297e+00 
 1.96955000e-08  1.94995597e+00  1.96955000e-08  7.85122767e-01  1.96955000e-08  1.95013014e+00 
 1.96965000e-08  1.94995640e+00  1.96965000e-08  8.68684973e-01  1.96965000e-08  1.95000187e+00 
 1.96975000e-08  1.94995647e+00  1.96975000e-08  9.50349292e-01  1.96975000e-08  1.94987308e+00 
 1.96985000e-08  1.94995689e+00  1.96985000e-08  1.02993796e+00  1.96985000e-08  1.94972493e+00 
 1.96995000e-08  1.94995696e+00  1.96995000e-08  1.10742000e+00  1.96995000e-08  1.94956533e+00 
 1.97005000e-08  1.94995738e+00  1.97005000e-08  1.18290489e+00  1.97005000e-08  1.94941839e+00 
 1.98295000e-08  1.94992186e+00  1.98295000e-08  1.94998253e+00  1.98295000e-08  1.17486161e+00 
 1.98305000e-08  1.94992156e+00  1.98305000e-08  1.95001431e+00  1.98305000e-08  1.11731929e+00 
 1.98315000e-08  1.94992525e+00  1.98315000e-08  1.95004593e+00  1.98315000e-08  1.05960281e+00 
 1.98325000e-08  1.94991888e+00  1.98325000e-08  1.95007145e+00  1.98325000e-08  1.00154992e+00 
 1.98335000e-08  1.94991517e+00  1.98335000e-08  1.95009026e+00  1.98335000e-08  9.43007660e-01 
 1.98345000e-08  1.94991435e+00  1.98345000e-08  1.95010293e+00  1.98345000e-08  8.83859037e-01 
 1.99445000e-08  1.15639151e+00  1.99445000e-08  1.94999914e+00  1.99445000e-08  6.04453809e-04 
 1.99455000e-08  1.10429766e+00  1.99455000e-08  1.94999890e+00  1.99455000e-08  5.84300297e-04 
 1.99465000e-08  1.05250524e+00  1.99465000e-08  1.94999915e+00  1.99465000e-08  5.67440866e-04 
 1.99475000e-08  1.00092941e+00  1.99475000e-08  1.94999892e+00  1.99475000e-08  5.48372964e-04 
 1.99485000e-08  9.49521911e-01  1.99485000e-08  1.94999917e+00  1.99485000e-08  5.32648589e-04 
 1.99495000e-08  8.98221079e-01  1.99495000e-08  1.94999893e+00  1.99495000e-08  5.14604141e-04 
 2.04005000e-08  7.07862615e-05  2.04005000e-08  1.17225868e+00  2.04005000e-08 -2.68116452e-06 
 2.04015000e-08  5.35295515e-05  2.04015000e-08  1.11803906e+00  2.04015000e-08 -2.64183031e-06 
 2.04025000e-08  3.31574872e-05  2.04025000e-08  1.06315939e+00  2.04025000e-08 -5.21647446e-07 
 2.04035000e-08  1.28010723e-05  2.04035000e-08  1.00763510e+00  2.04035000e-08  8.78647042e-07 
 2.04045000e-08 -5.53956619e-06  2.04045000e-08  9.51466509e-01  2.04045000e-08  3.80128615e-06 
 2.04055000e-08 -2.04631418e-05  2.04055000e-08  8.94681546e-01  2.04055000e-08  5.98195936e-06 
 2.05305000e-08  9.32829954e-01  2.05305000e-08  5.15360216e-04  2.05305000e-08  1.65096283e-05 
 2.05315000e-08  9.73724069e-01  2.05315000e-08  4.98501905e-04  2.05315000e-08  1.43660946e-05 
 2.05325000e-08  1.01411457e+00  2.05325000e-08  4.86334711e-04  2.05325000e-08  1.55410912e-05 
 2.05335000e-08  1.05405114e+00  2.05335000e-08  4.70451439e-04  2.05335000e-08  1.34023982e-05 
 2.05345000e-08  1.09362120e+00  2.05345000e-08  4.59124817e-04  2.05345000e-08  1.45792461e-05 
 2.05355000e-08  1.13293889e+00  2.05355000e-08  4.44147021e-04  2.05355000e-08  1.24588966e-05 
 2.08175000e-08  1.94995597e+00  2.08175000e-08  7.82472974e-01  2.08175000e-08 -4.16044888e-05 
 2.08185000e-08  1.94995640e+00  2.08185000e-08  8.66027927e-01  2.08185000e-08 -9.50221226e-05 
 2.08195000e-08  1.94995647e+00  2.08195000e-08  9.47841064e-01  2.08195000e-08 -1.40870038e-04 
 2.08205000e-08  1.94995689e+00  2.08205000e-08  1.02776005e+00  2.08205000e-08 -1.69556561e-04 
 2.08215000e-08  1.94995696e+00  2.08215000e-08  1.10577581e+00  2.08215000e-08 -1.89913560e-04 
 2.08225000e-08  1.94995737e+00  2.08225000e-08  1.18198079e+00  2.08225000e-08 -2.04444001e-04 
 2.09375000e-08  1.94998382e+00  2.09375000e-08  1.94994127e+00  2.09375000e-08  8.94705929e-01 
 2.09385000e-08  1.94998211e+00  2.09385000e-08  1.94994755e+00  2.09385000e-08  9.55016158e-01 
 2.09395000e-08  1.94997962e+00  2.09395000e-08  1.94995360e+00  2.09395000e-08  1.01472738e+00 
 2.09405000e-08  1.94997681e+00  2.09405000e-08  1.94995878e+00  2.09405000e-08  1.07686049e+00 
 2.09415000e-08  1.94997375e+00  2.09415000e-08  1.94996225e+00  2.09415000e-08  1.14534652e+00 
 2.09425000e-08  1.94997104e+00  2.09425000e-08  1.94995617e+00  2.09425000e-08  1.21879589e+00 
 2.10395000e-08  2.05291800e+00  2.10395000e-08  1.94999688e+00  2.10395000e-08  1.94987561e+00 
 2.10665000e-08  1.15722091e+00  2.10665000e-08  1.94999855e+00  2.10665000e-08  1.94998449e+00 
 2.10675000e-08  1.10512111e+00  2.10675000e-08  1.94999854e+00  2.10675000e-08  1.94997448e+00 
 2.10685000e-08  1.05332302e+00  2.10685000e-08  1.94999861e+00  2.10685000e-08  1.94998666e+00 
 2.10695000e-08  1.00174338e+00  2.10695000e-08  1.94999860e+00  2.10695000e-08  1.94997680e+00 
 2.10705000e-08  9.50332419e-01  2.10705000e-08  1.94999867e+00  2.10705000e-08  1.94998856e+00 
 2.10715000e-08  8.99029450e-01  2.10715000e-08  1.94999866e+00  2.10715000e-08  1.94997888e+00 
 2.15225000e-08  7.12189015e-05  2.15225000e-08  1.17322054e+00  2.15225000e-08  1.94994127e+00 
 2.15235000e-08  5.41215033e-05  2.15235000e-08  1.11901431e+00  2.15235000e-08  1.94993607e+00 
 2.15245000e-08  3.38199710e-05  2.15245000e-08  1.06414884e+00  2.15245000e-08  1.94993477e+00 
 2.15255000e-08  1.34462793e-05  2.15255000e-08  1.00863757e+00  2.15255000e-08  1.94993830e+00 
 2.15265000e-08 -4.95950583e-06  2.15265000e-08  9.52482125e-01  2.15265000e-08  1.94994869e+00 
 2.15275000e-08 -2.00177788e-05  2.15275000e-08  8.95708547e-01  2.15275000e-08  1.94996556e+00 
 2.16525000e-08  9.31645384e-01  2.16525000e-08  4.25672422e-04  2.16525000e-08  1.94982934e+00 
 2.16535000e-08  9.72554653e-01  2.16535000e-08  4.09434862e-04  2.16535000e-08  1.94983167e+00 
 2.16545000e-08  1.01295901e+00  2.16545000e-08  3.98840564e-04  2.16545000e-08  1.94983335e+00 
 2.16555000e-08  1.05290765e+00  2.16555000e-08  3.84571187e-04  2.16555000e-08  1.94983662e+00 
 2.16565000e-08  1.09248674e+00  2.16565000e-08  3.75561693e-04  2.16565000e-08  1.94983906e+00 
 2.16575000e-08  1.13180973e+00  2.16575000e-08  3.62789643e-04  2.16575000e-08  1.94984293e+00 
 2.19395000e-08  1.94995596e+00  2.19395000e-08  7.81977228e-01  2.19395000e-08  1.95013386e+00 
 2.19405000e-08  1.94995639e+00  2.19405000e-08  8.65605685e-01  2.19405000e-08  1.95000761e+00 
 2.19415000e-08  1.94995646e+00  2.19415000e-08  9.47344727e-01  2.19415000e-08  1.94987828e+00 
 2.19425000e-08  1.94995688e+00  2.19425000e-08  1.02701208e+00  2.19425000e-08  1.94973074e+00 
 2.19435000e-08  1.94995695e+00  2.19435000e-08  1.10458114e+00  2.19435000e-08  1.94957104e+00 
 2.19445000e-08  1.94995737e+00  2.19445000e-08  1.18014480e+00  2.19445000e-08  1.94942340e+00 
 2.20735000e-08  1.94992185e+00  2.20735000e-08  1.94998137e+00  2.20735000e-08  1.17703394e+00 
 2.20745000e-08  1.94992163e+00  2.20745000e-08  1.95001312e+00  2.20745000e-08  1.11949314e+00 
 2.20755000e-08  1.94992518e+00  2.20755000e-08  1.95004477e+00  2.20755000e-08  1.06178776e+00 
 2.20765000e-08  1.94991909e+00  2.20765000e-08  1.95007069e+00  2.20765000e-08  1.00374873e+00 
 2.20775000e-08  1.94991524e+00  2.20775000e-08  1.95008954e+00  2.20775000e-08  9.45228710e-01 
 2.20785000e-08  1.94991437e+00  2.20785000e-08  1.95010261e+00  2.20785000e-08  8.86103180e-01 
 2.21885000e-08  1.15849366e+00  2.21885000e-08  1.94999914e+00  2.21885000e-08  6.05753960e-04 
 2.21895000e-08  1.10638784e+00  2.21895000e-08  1.94999890e+00  2.21895000e-08  5.84360984e-04 
 2.21905000e-08  1.05458392e+00  2.21905000e-08  1.94999916e+00  2.21905000e-08  5.68688400e-04 
 2.21915000e-08  1.00300127e+00  2.21915000e-08  1.94999892e+00  2.21915000e-08  5.48404934e-04 
 2.21925000e-08  9.51587464e-01  2.21925000e-08  1.94999917e+00  2.21925000e-08  5.33846041e-04 
 2.21935000e-08  9.00283527e-01  2.21935000e-08  1.94999893e+00  2.21935000e-08  5.14609540e-04 
 2.26445000e-08  7.12669479e-05  2.26445000e-08  1.17449756e+00  2.26445000e-08 -2.68007870e-06 
 2.26455000e-08  5.41712820e-05  2.26455000e-08  1.12030410e+00  2.26455000e-08 -2.70047085e-06 
 2.26465000e-08  3.38497390e-05  2.26465000e-08  1.06545265e+00  2.26465000e-08 -5.82769408e-07 
 2.26475000e-08  1.34547582e-05  2.26475000e-08  1.00995417e+00  2.26475000e-08  7.76553666e-07 
 2.26485000e-08 -4.96774192e-06  2.26485000e-08  9.53812829e-01  2.26485000e-08  3.70884824e-06 
 2.26495000e-08 -2.00351381e-05  2.26495000e-08  8.97052275e-01  2.26495000e-08  5.85314785e-06 
 2.27745000e-08  9.31490405e-01  2.27745000e-08  5.16066356e-04  2.27745000e-08  1.65750843e-05 
 2.27755000e-08  9.72401693e-01  2.27755000e-08  4.99026943e-04  2.27755000e-08  1.43427878e-05 
 2.27765000e-08  1.01280788e+00  2.27765000e-08  4.86999649e-04  2.27765000e-08  1.56070597e-05 
 2.27775000e-08  1.05275812e+00  2.27775000e-08  4.70940236e-04  2.27775000e-08  1.33785195e-05 
 2.27785000e-08  1.09233840e+00  2.27785000e-08  4.59751546e-04  2.27785000e-08  1.46450825e-05 
 2.27795000e-08  1.13166211e+00  2.27795000e-08  4.44602313e-04  2.27795000e-08  1.24340073e-05 
 2.30625000e-08  1.94995640e+00  2.30625000e-08  8.63325724e-01  2.30625000e-08 -9.32405649e-05 
 2.30635000e-08  1.94995647e+00  2.30635000e-08  9.45198752e-01  2.30635000e-08 -1.39427829e-04 
 2.30645000e-08  1.94995689e+00  2.30645000e-08  1.02518049e+00  2.30645000e-08 -1.68889641e-04 
 2.30655000e-08  1.94995695e+00  2.30655000e-08  1.10325770e+00  2.30655000e-08 -1.89381199e-04 
 2.30665000e-08  1.94995736e+00  2.30665000e-08  1.17951859e+00  2.30665000e-08 -2.03940806e-04 
 2.30675000e-08  1.94995742e+00  2.30675000e-08  1.25414830e+00  2.30675000e-08 -2.31376741e-04 
 2.31815000e-08  1.94998386e+00  2.31815000e-08  1.94994098e+00  2.31815000e-08  8.92713980e-01 
 2.31825000e-08  1.94998217e+00  2.31825000e-08  1.94994744e+00  2.31825000e-08  9.53063106e-01 
 2.31835000e-08  1.94997970e+00  2.31835000e-08  1.94995333e+00  2.31835000e-08  1.01276631e+00 
 2.31845000e-08  1.94997690e+00  2.31845000e-08  1.94995850e+00  2.31845000e-08  1.07477522e+00 
 2.31855000e-08  1.94997384e+00  2.31855000e-08  1.94996256e+00  2.31855000e-08  1.14297183e+00 
 2.31865000e-08  1.94997112e+00  2.31865000e-08  1.94995621e+00  2.31865000e-08  1.21642321e+00 
 2.33105000e-08  1.15877671e+00  2.33105000e-08  1.94999856e+00  2.33105000e-08  1.94998525e+00 
 2.33115000e-08  1.10666805e+00  2.33115000e-08  1.94999852e+00  2.33115000e-08  1.94997366e+00 
 2.33125000e-08  1.05486143e+00  2.33125000e-08  1.94999862e+00  2.33125000e-08  1.94998731e+00 
 2.33135000e-08  1.00327673e+00  2.33135000e-08  1.94999859e+00  2.33135000e-08  1.94997608e+00 
 2.33145000e-08  9.51861095e-01  2.33145000e-08  1.94999868e+00  2.33145000e-08  1.94998934e+00 
 2.33155000e-08  9.00555820e-01  2.33155000e-08  1.94999864e+00  2.33155000e-08  1.94997825e+00 
 2.37665000e-08  7.17863294e-05  2.37665000e-08  1.17467368e+00  2.37665000e-08  1.94994143e+00 
 2.37675000e-08  5.48672992e-05  2.37675000e-08  1.12048454e+00  2.37675000e-08  1.94993617e+00 
 2.37685000e-08  3.46058287e-05  2.37685000e-08  1.06563748e+00  2.37685000e-08  1.94993475e+00 
 2.37695000e-08  1.41697215e-05  2.37695000e-08  1.01014307e+00  2.37695000e-08  1.94993812e+00 
 2.37705000e-08 -4.33857518e-06  2.37705000e-08  9.54005398e-01  2.37705000e-08  1.94994833e+00 
 2.37715000e-08 -1.95641037e-05  2.37715000e-08  8.97247782e-01  2.37715000e-08  1.94996501e+00 
 2.38965000e-08  9.29917234e-01  2.38965000e-08  4.26008271e-04  2.38965000e-08  1.94982924e+00 
 2.38975000e-08  9.70848673e-01  2.38975000e-08  4.09858732e-04  2.38975000e-08  1.94983171e+00 
 2.38985000e-08  1.01127331e+00  2.38985000e-08  3.99120013e-04  2.38985000e-08  1.94983321e+00 
 2.38995000e-08  1.05123967e+00  2.38995000e-08  3.84943544e-04  2.38995000e-08  1.94983663e+00 
 2.39005000e-08  1.09083209e+00  2.39005000e-08  3.75799072e-04  2.39005000e-08  1.94983891e+00 
 2.39015000e-08  1.13016303e+00  2.39015000e-08  3.63123234e-04  2.39015000e-08  1.94984293e+00 
 2.41845000e-08  1.94995639e+00  2.41845000e-08  8.62101988e-01  2.41845000e-08  1.95001405e+00 
 2.41855000e-08  1.94995646e+00  2.41855000e-08  9.43925697e-01  2.41855000e-08  1.94988411e+00 
 2.41865000e-08  1.94995688e+00  2.41865000e-08  1.02368238e+00  2.41865000e-08  1.94973730e+00 
 2.41875000e-08  1.94995694e+00  2.41875000e-08  1.10133942e+00  2.41875000e-08  1.94957773e+00 
 2.41885000e-08  1.94995736e+00  2.41885000e-08  1.17698202e+00  2.41885000e-08  1.94942941e+00 
 2.41895000e-08  1.94995742e+00  2.41895000e-08  1.25092752e+00  2.41895000e-08  1.94927079e+00 
 2.43175000e-08  1.94992183e+00  2.43175000e-08  1.94998002e+00  2.43175000e-08  1.17951224e+00 
 2.43185000e-08  1.94992169e+00  2.43185000e-08  1.95001174e+00  2.43185000e-08  1.12197325e+00 
 2.43195000e-08  1.94992511e+00  2.43195000e-08  1.95004339e+00  2.43195000e-08  1.06428047e+00 
 2.43205000e-08  1.94991933e+00  2.43205000e-08  1.95006980e+00  2.43205000e-08  1.00625735e+00 
 2.43215000e-08  1.94991531e+00  2.43215000e-08  1.95008873e+00  2.43215000e-08  9.47762843e-01 
 2.43225000e-08  1.94991436e+00  2.43225000e-08  1.95010226e+00  2.43225000e-08  8.88663821e-01 
 2.44325000e-08  1.16069801e+00  2.44325000e-08  1.94999914e+00  2.44325000e-08  6.07431917e-04 
 2.44335000e-08  1.10857956e+00  2.44335000e-08  1.94999890e+00  2.44335000e-08  5.84316738e-04 
 2.44345000e-08  1.05676347e+00  2.44345000e-08  1.94999916e+00  2.44345000e-08  5.70300738e-04 
 2.44355000e-08  1.00517357e+00  2.44355000e-08  1.94999891e+00  2.44355000e-08  5.48328733e-04 
 2.44365000e-08  9.53753072e-01  2.44365000e-08  1.94999917e+00  2.44365000e-08  5.35395837e-04 
 2.44375000e-08  9.02445834e-01  2.44375000e-08  1.94999893e+00  2.44375000e-08  5.14503918e-04 
 2.48885000e-08  7.19829165e-05  2.48885000e-08  1.17681141e+00  2.48885000e-08 -2.67559693e-06 
 2.48895000e-08  5.51301858e-05  2.48895000e-08  1.12264500e+00  2.48895000e-08 -2.76186351e-06 
 2.48905000e-08  3.48923775e-05  2.48905000e-08  1.06782274e+00  2.48905000e-08 -6.42439596e-07 
 2.48915000e-08  1.44407884e-05  2.48915000e-08  1.01235097e+00  2.48915000e-08  6.69676442e-07 
 2.48925000e-08 -4.09923237e-06  2.48925000e-08  9.56237822e-01  2.48925000e-08  3.61516563e-06 
 2.48935000e-08 -1.93847162e-05  2.48935000e-08  8.99502554e-01  2.48935000e-08  5.71832076e-06 
 2.50185000e-08  9.29477087e-01  2.50185000e-08  5.16674229e-04  2.50185000e-08  1.65550317e-05 
 2.50195000e-08  9.70414230e-01  2.50195000e-08  4.99695742e-04  2.50195000e-08  1.44035786e-05 
 2.50205000e-08  1.01084409e+00  2.50205000e-08  4.87567496e-04  2.50205000e-08  1.55879833e-05 
 2.50215000e-08  1.05081503e+00  2.50215000e-08  4.71568459e-04  2.50215000e-08  1.34385444e-05 
 2.50225000e-08  1.09041090e+00  2.50225000e-08  4.60282422e-04  2.50225000e-08  1.46263280e-05 
 2.50235000e-08  1.12974393e+00  2.50235000e-08  4.45192900e-04  2.50235000e-08  1.24927700e-05 
 2.53065000e-08  1.94995638e+00  2.53065000e-08  8.59266966e-01  2.53065000e-08 -9.05884575e-05 
 2.53075000e-08  1.94995644e+00  2.53075000e-08  9.41229683e-01  2.53075000e-08 -1.37201034e-04 
 2.53085000e-08  1.94995688e+00  2.53085000e-08  1.02130029e+00  2.53085000e-08 -1.67797794e-04 
 2.53095000e-08  1.94995694e+00  2.53095000e-08  1.09946504e+00  2.53095000e-08 -1.88475562e-04 
 2.53105000e-08  1.94995736e+00  2.53105000e-08  1.17579863e+00  2.53105000e-08 -2.03095804e-04 
 2.53115000e-08  1.94995742e+00  2.53115000e-08  1.25047524e+00  2.53115000e-08 -2.29755166e-04 
 2.54255000e-08  1.94998393e+00  2.54255000e-08  1.94994054e+00  2.54255000e-08  8.89714176e-01 
 2.54265000e-08  1.94998228e+00  2.54265000e-08  1.94994727e+00  2.54265000e-08  9.50122484e-01 
 2.54275000e-08  1.94997984e+00  2.54275000e-08  1.94995291e+00  2.54275000e-08  1.00981804e+00 
 2.54285000e-08  1.94997705e+00  2.54285000e-08  1.94995809e+00  2.54285000e-08  1.07164487e+00 
 2.54295000e-08  1.94997400e+00  2.54295000e-08  1.94996301e+00  2.54295000e-08  1.13940292e+00 
 2.54305000e-08  1.94997125e+00  2.54305000e-08  1.94995628e+00  2.54305000e-08  1.21284514e+00 
 2.55545000e-08  1.16153897e+00  2.55545000e-08  1.94999858e+00  2.55545000e-08  1.94998641e+00 
 2.55555000e-08  1.10941464e+00  2.55555000e-08  1.94999850e+00  2.55555000e-08  1.94997269e+00 
 2.55565000e-08  1.05759291e+00  2.55565000e-08  1.94999865e+00  2.55565000e-08  1.94998859e+00 
 2.55575000e-08  1.00599930e+00  2.55575000e-08  1.94999857e+00  2.55575000e-08  1.94997510e+00 
 2.55585000e-08  9.54575442e-01  2.55585000e-08  1.94999870e+00  2.55585000e-08  1.94999041e+00 
 2.55595000e-08  9.03266186e-01  2.55595000e-08  1.94999862e+00  2.55595000e-08  1.94997718e+00 
 2.60105000e-08  7.25867945e-05  2.60105000e-08  1.17744085e+00  2.60105000e-08  1.94994174e+00 
 2.60115000e-08  5.59417714e-05  2.60115000e-08  1.12328398e+00  2.60115000e-08  1.94993636e+00 
 2.60125000e-08  3.57828931e-05  2.60125000e-08  1.06847176e+00  2.60125000e-08  1.94993472e+00 
 2.60135000e-08  1.52843028e-05  2.60135000e-08  1.01300924e+00  2.60135000e-08  1.94993779e+00 
 2.60145000e-08 -3.35042940e-06  2.60145000e-08  9.56905273e-01  2.60145000e-08  1.94994765e+00 
 2.60155000e-08 -1.88236674e-05  2.60155000e-08  9.00177874e-01  2.60155000e-08  1.94996397e+00 
 2.61405000e-08  9.27570854e-01  2.61405000e-08  4.26631929e-04  2.61405000e-08  1.94982903e+00 
 2.61415000e-08  9.68532441e-01  2.61415000e-08  4.10695058e-04  2.61415000e-08  1.94983177e+00 
 2.61425000e-08  1.00898473e+00  2.61425000e-08  3.99635220e-04  2.61425000e-08  1.94983295e+00 
 2.61435000e-08  1.04897536e+00  2.61435000e-08  3.85679591e-04  2.61435000e-08  1.94983664e+00 
 2.61445000e-08  1.08858616e+00  2.61445000e-08  3.76233386e-04  2.61445000e-08  1.94983860e+00 
 2.61455000e-08  1.12792825e+00  2.61455000e-08  3.63783626e-04  2.61455000e-08  1.94984291e+00 
 2.64285000e-08  1.94995638e+00  2.64285000e-08  8.57352286e-01  2.64285000e-08  1.95002257e+00 
 2.64295000e-08  1.94995644e+00  2.64295000e-08  9.39285759e-01  2.64295000e-08  1.94989193e+00 
 2.64305000e-08  1.94995687e+00  2.64305000e-08  1.01915893e+00  2.64305000e-08  1.94974612e+00 
 2.64315000e-08  1.94995693e+00  2.64315000e-08  1.09692600e+00  2.64315000e-08  1.94958661e+00 
 2.64325000e-08  1.94995735e+00  2.64325000e-08  1.17266671e+00  2.64325000e-08  1.94943744e+00 
 2.64335000e-08  1.94995741e+00  2.64335000e-08  1.24670050e+00  2.64335000e-08  1.94928087e+00 
 2.65615000e-08  1.94992180e+00  2.65615000e-08  1.94997820e+00  2.65615000e-08  1.18286571e+00 
 2.65625000e-08  1.94992179e+00  2.65625000e-08  1.95000987e+00  2.65625000e-08  1.12532860e+00 
 2.65635000e-08  1.94992493e+00  2.65635000e-08  1.95004155e+00  2.65635000e-08  1.06765216e+00 
 2.65645000e-08  1.94991977e+00  2.65645000e-08  1.95006861e+00  2.65645000e-08  1.00964983e+00 
 2.65655000e-08  1.94991544e+00  2.65655000e-08  1.95008764e+00  2.65655000e-08  9.51189164e-01 
 2.65665000e-08  1.94991436e+00  2.65665000e-08  1.95010179e+00  2.65665000e-08  8.92125401e-01 
 2.66765000e-08  1.16436055e+00  2.66765000e-08  1.94999915e+00  2.66765000e-08  6.09780633e-04 
 2.66775000e-08  1.11222098e+00  2.66775000e-08  1.94999889e+00  2.66775000e-08  5.84180414e-04 
 2.66785000e-08  1.06038441e+00  2.66785000e-08  1.94999916e+00  2.66785000e-08  5.72558803e-04 
 2.66795000e-08  1.00878221e+00  2.66795000e-08  1.94999891e+00  2.66795000e-08  5.48150956e-04 
 2.66805000e-08  9.57350413e-01  2.66805000e-08  1.94999918e+00  2.66805000e-08  5.37567457e-04 
 2.66815000e-08  9.06037583e-01  2.66815000e-08  1.94999892e+00  2.66815000e-08  5.14288071e-04 
 2.71325000e-08  7.30009323e-05  2.71325000e-08  1.18048243e+00  2.71325000e-08 -2.67350644e-06 
 2.71335000e-08  5.65063590e-05  2.71335000e-08  1.12635893e+00  2.71335000e-08 -2.84974678e-06 
 2.71345000e-08  3.64064764e-05  2.71345000e-08  1.07158292e+00  2.71345000e-08 -7.41442378e-07 
 2.71355000e-08  1.58788984e-05  2.71355000e-08  1.01615353e+00  2.71355000e-08  5.07281009e-07 
 2.71365000e-08 -2.82061789e-06  2.71365000e-08  9.60085125e-01  2.71365000e-08  3.46121213e-06 
 2.71375000e-08 -1.84237459e-05  2.71375000e-08  9.03390042e-01  2.71375000e-08  5.51003758e-06 
 2.72625000e-08  9.26416451e-01  2.72625000e-08  5.17582536e-04  2.72625000e-08  1.64895367e-05 
 2.72635000e-08  9.67392985e-01  2.72635000e-08  5.00804365e-04  2.72635000e-08  1.45310886e-05 
 2.72645000e-08  1.00785900e+00  2.72645000e-08  4.88413854e-04  2.72645000e-08  1.55240197e-05 
 2.72655000e-08  1.04786171e+00  2.72655000e-08  4.72612254e-04  2.72655000e-08  1.35648520e-05 
 2.72665000e-08  1.08748173e+00  2.72665000e-08  4.61071588e-04  2.72665000e-08  1.45628805e-05 
 2.72675000e-08  1.12682951e+00  2.72675000e-08  4.46176488e-04  2.72675000e-08  1.26170966e-05 
 2.75505000e-08  1.94995637e+00  2.75505000e-08  8.52961002e-01  2.75505000e-08 -8.64568798e-05 
 2.75515000e-08  1.94995643e+00  2.75515000e-08  9.35062582e-01  2.75515000e-08 -1.33668270e-04 
 2.75525000e-08  1.94995687e+00  2.75525000e-08  1.01527890e+00  2.75525000e-08 -1.66205410e-04 
 2.75535000e-08  1.94995693e+00  2.75535000e-08  1.09358793e+00  2.75535000e-08 -1.87174856e-04 
 2.75545000e-08  1.94995734e+00  2.75545000e-08  1.17006483e+00  2.75545000e-08 -2.02168706e-04 
 2.75555000e-08  1.94995739e+00  2.75555000e-08  1.24487736e+00  2.75555000e-08 -2.28003661e-04 
 2.76695000e-08  1.94998403e+00  2.76695000e-08  1.94993989e+00  2.76695000e-08  8.85118471e-01 
 2.76705000e-08  1.94998244e+00  2.76705000e-08  1.94994700e+00  2.76705000e-08  9.45622457e-01 
 2.76715000e-08  1.94998005e+00  2.76715000e-08  1.94995228e+00  2.76715000e-08  1.00531862e+00 
 2.76725000e-08  1.94997729e+00  2.76725000e-08  1.94995744e+00  2.76725000e-08  1.06687940e+00 
 2.76735000e-08  1.94997423e+00  2.76735000e-08  1.94996370e+00  2.76735000e-08  1.13396934e+00 
 2.76745000e-08  1.94997146e+00  2.76745000e-08  1.94995642e+00  2.76745000e-08  1.20736787e+00 
 2.77985000e-08  1.16574129e+00  2.77985000e-08  1.94999861e+00  2.77985000e-08  1.94998791e+00 
 2.77995000e-08  1.11359270e+00  2.77995000e-08  1.94999846e+00  2.77995000e-08  1.94997091e+00 
 2.78005000e-08  1.06174741e+00  2.78005000e-08  1.94999868e+00  2.78005000e-08  1.94999004e+00 
 2.78015000e-08  1.01013962e+00  2.78015000e-08  1.94999853e+00  2.78015000e-08  1.94997338e+00 
 2.78025000e-08  9.58702760e-01  2.78025000e-08  1.94999873e+00  2.78025000e-08  1.94999183e+00 
 2.78035000e-08  9.07387054e-01  2.78035000e-08  1.94999858e+00  2.78035000e-08  1.94997554e+00 
 2.82545000e-08  7.36876203e-05  2.82545000e-08  1.18182090e+00  2.82545000e-08  1.94994225e+00 
 2.82555000e-08  5.74325813e-05  2.82555000e-08  1.12771535e+00  2.82555000e-08  1.94993669e+00 
 2.82565000e-08  3.74483516e-05  2.82565000e-08  1.07295839e+00  2.82565000e-08  1.94993470e+00 
 2.82575000e-08  1.68902623e-05  2.82575000e-08  1.01754656e+00  2.82575000e-08  1.94993729e+00 
 2.82585000e-08 -1.89721481e-06  2.82585000e-08  9.61496094e-01  2.82585000e-08  1.94994661e+00 
 2.82595000e-08 -1.77088666e-05  2.82595000e-08  9.04816823e-01  2.82595000e-08  1.94996237e+00 
 2.83845000e-08  9.24294045e-01  2.83845000e-08  4.27604273e-04  2.83845000e-08  1.94982885e+00 
 2.83855000e-08  9.65297920e-01  2.83855000e-08  4.11991709e-04  2.83855000e-08  1.94983165e+00 
 2.83865000e-08  1.00578910e+00  2.83865000e-08  4.00447163e-04  2.83865000e-08  1.94983269e+00 
 2.83875000e-08  1.04581405e+00  2.83875000e-08  3.86827269e-04  2.83875000e-08  1.94983645e+00 
 2.83885000e-08  1.08545111e+00  2.83885000e-08  3.76924932e-04  2.83885000e-08  1.94983829e+00 
 2.83895000e-08  1.12480952e+00  2.83895000e-08  3.64818105e-04  2.83895000e-08  1.94984267e+00 
 2.86725000e-08  1.94995636e+00  2.86725000e-08  8.50685205e-01  2.86725000e-08  1.95003427e+00 
 2.86735000e-08  1.94995642e+00  2.86735000e-08  9.32777828e-01  2.86735000e-08  1.94990270e+00 
 2.86745000e-08  1.94995685e+00  2.86745000e-08  1.01281947e+00  2.86745000e-08  1.94975826e+00 
 2.86755000e-08  1.94995690e+00  2.86755000e-08  1.09075494e+00  2.86755000e-08  1.94959949e+00 
 2.86765000e-08  1.94995733e+00  2.86765000e-08  1.16664815e+00  2.86765000e-08  1.94944852e+00 
 2.86775000e-08  1.94995739e+00  2.86775000e-08  1.24080779e+00  2.86775000e-08  1.94929443e+00 
 2.88055000e-08  1.94992174e+00  2.88055000e-08  1.94997567e+00  2.88055000e-08  1.18748717e+00 
 2.88065000e-08  1.94992186e+00  2.88065000e-08  1.95000730e+00  2.88065000e-08  1.12995199e+00 
 2.88075000e-08  1.94992475e+00  2.88075000e-08  1.95003887e+00  2.88075000e-08  1.07229726e+00 
 2.88085000e-08  1.94992052e+00  2.88085000e-08  1.95006682e+00  2.88085000e-08  1.01432306e+00 
 2.88095000e-08  1.94991565e+00  2.88095000e-08  1.95008609e+00  2.88095000e-08  9.55908369e-01 
 2.88105000e-08  1.94991437e+00  2.88105000e-08  1.95010119e+00  2.88105000e-08  8.96892311e-01 
 2.89205000e-08  1.16872984e+00  2.89205000e-08  1.94999915e+00  2.89205000e-08  6.13293463e-04 
 2.89215000e-08  1.11656482e+00  2.89215000e-08  1.94999888e+00  2.89215000e-08  5.83712305e-04 
 2.89225000e-08  1.06470342e+00  2.89225000e-08  1.94999917e+00  2.89225000e-08  5.75940837e-04 
 2.89235000e-08  1.01308612e+00  2.89235000e-08  1.94999890e+00  2.89235000e-08  5.47631982e-04 
 2.89245000e-08  9.61640569e-01  2.89245000e-08  1.94999918e+00  2.89245000e-08  5.40824595e-04 
 2.89255000e-08  9.10320849e-01  2.89255000e-08  1.94999891e+00  2.89255000e-08  5.13722762e-04 
 2.93765000e-08  7.41494278e-05  2.93765000e-08  1.18492606e+00  2.93765000e-08 -2.66385862e-06 
 2.93775000e-08  5.80702620e-05  2.93775000e-08  1.13085471e+00  2.93775000e-08 -2.95380984e-06 
 2.93785000e-08  3.81597602e-05  2.93785000e-08  1.07613477e+00  2.93785000e-08 -8.53633504e-07 
 2.93795000e-08  1.75734644e-05  2.93795000e-08  1.02075686e+00  2.93795000e-08  3.10718260e-07 
 2.93805000e-08 -1.28368777e-06  2.93805000e-08  9.64742784e-01  2.93805000e-08  3.27792216e-06 
 2.93815000e-08 -1.72423519e-05  2.93815000e-08  9.08096618e-01  2.93815000e-08  5.25593532e-06 
 2.95065000e-08  9.23095638e-01  2.95065000e-08  5.18678047e-04  2.95065000e-08  1.63922114e-05 
 2.95075000e-08  9.64115000e-01  2.95075000e-08  5.02157529e-04  2.95075000e-08  1.47084710e-05 
 2.95085000e-08  1.00462055e+00  2.95085000e-08  4.89433957e-04  2.95085000e-08  1.54289141e-05 
 2.95095000e-08  1.04465813e+00  2.95095000e-08  4.73886819e-04  2.95095000e-08  1.37402050e-05 
 2.95105000e-08  1.08430502e+00  2.95105000e-08  4.62022088e-04  2.95105000e-08  1.44688122e-05 
 2.95115000e-08  1.12366957e+00  2.95115000e-08  4.47378069e-04  2.95115000e-08  1.27894431e-05 
 2.97945000e-08  1.94995635e+00  2.97945000e-08  8.46343384e-01  2.97945000e-08 -8.20789096e-05 
 2.97955000e-08  1.94995641e+00  2.97955000e-08  9.28585151e-01  2.97955000e-08 -1.29772339e-04 
 2.97965000e-08  1.94995685e+00  2.97965000e-08  1.00894970e+00  2.97965000e-08 -1.64402574e-04 
 2.97975000e-08  1.94995691e+00  2.97975000e-08  1.08741056e+00  2.97975000e-08 -1.85822904e-04 
 2.97985000e-08  1.94995732e+00  2.97985000e-08  1.16402644e+00  2.97985000e-08 -2.01058187e-04 
 2.97995000e-08  1.94995737e+00  2.97995000e-08  1.23896843e+00  2.97995000e-08 -2.26025694e-04 
 2.99135000e-08  1.94998414e+00  2.99135000e-08  1.94993929e+00  2.99135000e-08  8.80195979e-01 
 2.99145000e-08  1.94998261e+00  2.99145000e-08  1.94994663e+00  2.99145000e-08  9.40808020e-01 
 2.99155000e-08  1.94998027e+00  2.99155000e-08  1.94995168e+00  2.99155000e-08  1.00051932e+00 
 2.99165000e-08  1.94997754e+00  2.99165000e-08  1.94995712e+00  2.99165000e-08  1.06174152e+00 
 2.99175000e-08  1.94997448e+00  2.99175000e-08  1.94996379e+00  2.99175000e-08  1.12822481e+00 
 2.99185000e-08  1.94997168e+00  2.99185000e-08  1.94995660e+00  2.99185000e-08  1.20148504e+00 
 3.00425000e-08  1.17018254e+00  3.00425000e-08  1.94999862e+00  3.00425000e-08  1.94998792e+00 
 3.00435000e-08  1.11800800e+00  3.00435000e-08  1.94999845e+00  3.00435000e-08  1.94997077e+00 
 3.00445000e-08  1.06613732e+00  3.00445000e-08  1.94999869e+00  3.00445000e-08  1.94999004e+00 
 3.00455000e-08  1.01451401e+00  3.00455000e-08  1.94999851e+00  3.00455000e-08  1.94997327e+00 
 3.00465000e-08  9.63063053e-01  3.00465000e-08  1.94999874e+00  3.00465000e-08  1.94999185e+00 
 3.00475000e-08  9.11740256e-01  3.00475000e-08  1.94999857e+00  3.00475000e-08  1.94997544e+00 
 3.04985000e-08  7.47822861e-05  3.04985000e-08  1.18639533e+00  3.04985000e-08  1.94994275e+00 
 3.04995000e-08  5.89569224e-05  3.04995000e-08  1.13234353e+00  3.04995000e-08  1.94993708e+00 
 3.05005000e-08  3.91628488e-05  3.05005000e-08  1.07764434e+00  3.05005000e-08  1.94993469e+00 
 3.05015000e-08  1.85390167e-05  3.05015000e-08  1.02228560e+00  3.05015000e-08  1.94993685e+00 
 3.05025000e-08 -4.08805221e-07  3.05025000e-08  9.66291178e-01  3.05025000e-08  1.94994555e+00 
 3.05035000e-08 -1.65781492e-05  3.05035000e-08  9.09662421e-01  3.05035000e-08  1.94996077e+00 
 3.06285000e-08  9.20913596e-01  3.06285000e-08  4.28651209e-04  3.06285000e-08  1.94982878e+00 
 3.06295000e-08  9.61961087e-01  3.06295000e-08  4.13351341e-04  3.06295000e-08  1.94983147e+00 
 3.06305000e-08  1.00249276e+00  3.06305000e-08  4.01320537e-04  3.06305000e-08  1.94983253e+00 
 3.06315000e-08  1.04255342e+00  3.06315000e-08  3.88026527e-04  3.06315000e-08  1.94983620e+00 
 3.06325000e-08  1.08221832e+00  3.06325000e-08  3.77667949e-04  3.06325000e-08  1.94983806e+00 
 3.06335000e-08  1.12159429e+00  3.06335000e-08  3.65895705e-04  3.06335000e-08  1.94984237e+00 
 3.09165000e-08  1.94995633e+00  3.09165000e-08  8.43938558e-01  3.09165000e-08  1.95004579e+00 
 3.09175000e-08  1.94995640e+00  3.09175000e-08  9.26191201e-01  3.09175000e-08  1.94991349e+00 
 3.09185000e-08  1.94995682e+00  3.09185000e-08  1.00640277e+00  3.09185000e-08  1.94977050e+00 
 3.09195000e-08  1.94995688e+00  3.09195000e-08  1.08450901e+00  3.09195000e-08  1.94961246e+00 
 3.09205000e-08  1.94995730e+00  3.09205000e-08  1.16057004e+00  3.09205000e-08  1.94945925e+00 
 3.09215000e-08  1.94995735e+00  3.09215000e-08  1.23487110e+00  3.09215000e-08  1.94930806e+00 
 3.10495000e-08  1.94992168e+00  3.10495000e-08  1.94997311e+00  3.10495000e-08  1.19217572e+00 
 3.10505000e-08  1.94992192e+00  3.10505000e-08  1.95000468e+00  3.10505000e-08  1.13464168e+00 
 3.10515000e-08  1.94992441e+00  3.10515000e-08  1.95003621e+00  3.10515000e-08  1.07700773e+00 
 3.10525000e-08  1.94992116e+00  3.10525000e-08  1.95006510e+00  3.10525000e-08  1.01906073e+00 
 3.10535000e-08  1.94991587e+00  3.10535000e-08  1.95008448e+00  3.10535000e-08  9.60691766e-01 
 3.10545000e-08  1.94991441e+00  3.10545000e-08  1.95010049e+00  3.10545000e-08  9.01724017e-01 
 3.11645000e-08  1.17293553e+00  3.11645000e-08  1.94999916e+00  3.11645000e-08  6.16786974e-04 
 3.11655000e-08  1.12074581e+00  3.11655000e-08  1.94999888e+00  3.11655000e-08  5.83436072e-04 
 3.11665000e-08  1.06886009e+00  3.11665000e-08  1.94999918e+00  3.11665000e-08  5.79298927e-04 
 3.11675000e-08  1.01722782e+00  3.11675000e-08  1.94999889e+00  3.11675000e-08  5.47299138e-04 
 3.11685000e-08  9.65768713e-01  3.11685000e-08  1.94999919e+00  3.11685000e-08  5.44053492e-04 
 3.11695000e-08  9.14442157e-01  3.11695000e-08  1.94999891e+00  3.11695000e-08  5.13338122e-04 
 3.16205000e-08  7.51924079e-05  3.16205000e-08  1.18940573e+00  3.16205000e-08 -2.67062283e-06 
 3.16215000e-08  5.95396712e-05  3.16215000e-08  1.13538713e+00  3.16215000e-08 -3.03526587e-06 
 3.16225000e-08  3.98271211e-05  3.16225000e-08  1.08072378e+00  3.16225000e-08 -9.81177551e-07 
 3.16235000e-08  1.91821397e-05  3.16235000e-08  1.02539791e+00  3.16235000e-08  1.31524709e-07 
 3.16245000e-08  1.76478817e-07  3.16245000e-08  9.69438761e-01  3.16245000e-08  3.07810749e-06 
 3.16255000e-08 -1.61173366e-05  3.16255000e-08  9.12842161e-01  3.16255000e-08  5.01532700e-06 
 3.17505000e-08  9.19727843e-01  3.17505000e-08  5.19786814e-04  3.17505000e-08  1.62872332e-05 
 3.17515000e-08  9.60790701e-01  3.17515000e-08  5.03522338e-04  3.17515000e-08  1.48926628e-05 
 3.17525000e-08  1.00133670e+00  3.17525000e-08  4.90466673e-04  3.17525000e-08  1.53263445e-05 
 3.17535000e-08  1.04141001e+00  3.17535000e-08  4.75172364e-04  3.17535000e-08  1.39223963e-05 
 3.17545000e-08  1.08108488e+00  3.17545000e-08  4.62984596e-04  3.17545000e-08  1.43673226e-05 
 3.17555000e-08  1.12046722e+00  3.17555000e-08  4.48590005e-04  3.17555000e-08  1.29686890e-05 
 3.20385000e-08  1.94995633e+00  3.20385000e-08  8.39542549e-01  3.20385000e-08 -7.75778513e-05 
 3.20395000e-08  1.94995639e+00  3.20395000e-08  9.21931150e-01  3.20395000e-08 -1.26113268e-04 
 3.20405000e-08  1.94995683e+00  3.20405000e-08  1.00245218e+00  3.20405000e-08 -1.63362845e-04 
 3.20415000e-08  1.94995689e+00  3.20415000e-08  1.08106863e+00  3.20415000e-08 -1.85118725e-04 
 3.20425000e-08  1.94995730e+00  3.20425000e-08  1.15782906e+00  3.20425000e-08 -1.99974837e-04 
 3.20435000e-08  1.94995735e+00  3.20435000e-08  1.23290311e+00  3.20435000e-08 -2.23794287e-04 
 3.21575000e-08  1.94998423e+00  3.21575000e-08  1.94993898e+00  3.21575000e-08  8.75173367e-01 
 3.21585000e-08  1.94998276e+00  3.21585000e-08  1.94994597e+00  3.21585000e-08  9.35900160e-01 
 3.21595000e-08  1.94998046e+00  3.21595000e-08  1.94995133e+00  3.21595000e-08  9.95639463e-01 
 3.21605000e-08  1.94997776e+00  3.21605000e-08  1.94995683e+00  3.21605000e-08  1.05651902e+00 
 3.21615000e-08  1.94997470e+00  3.21615000e-08  1.94996362e+00  3.21615000e-08  1.12244351e+00 
 3.21625000e-08  1.94997189e+00  3.21625000e-08  1.94995665e+00  3.21625000e-08  1.19547324e+00 
 3.22865000e-08  1.17418982e+00  3.22865000e-08  1.94999858e+00  3.22865000e-08  1.94998679e+00 
 3.22875000e-08  1.12199168e+00  3.22875000e-08  1.94999850e+00  3.22875000e-08  1.94997185e+00 
 3.22885000e-08  1.07009768e+00  3.22885000e-08  1.94999864e+00  3.22885000e-08  1.94998889e+00 
 3.22895000e-08  1.01845997e+00  3.22895000e-08  1.94999855e+00  3.22895000e-08  1.94997425e+00 
 3.22905000e-08  9.66995970e-01  3.22905000e-08  1.94999870e+00  3.22905000e-08  1.94999079e+00 
 3.22915000e-08  9.15666704e-01  3.22915000e-08  1.94999862e+00  3.22915000e-08  1.94997077e+00 
 3.27435000e-08  6.04061714e-05  3.27435000e-08  1.13648920e+00  3.27435000e-08  1.94993747e+00 
 3.27445000e-08  4.08279615e-05  3.27445000e-08  1.08184184e+00  3.27445000e-08  1.94993469e+00 
 3.27455000e-08  2.01492131e-05  3.27455000e-08  1.02653080e+00  3.27455000e-08  1.94993652e+00 
 3.27465000e-08  1.04716742e-06  3.27465000e-08  9.70586705e-01  3.27465000e-08  1.94994462e+00 
 3.27475000e-08 -1.53839917e-05  3.27475000e-08  9.14003416e-01  3.27475000e-08  1.94995940e+00 
 3.27485000e-08 -2.75229457e-05  3.27485000e-08  8.56824359e-01  3.27485000e-08  1.94998132e+00 
 3.28725000e-08  9.17529420e-01  3.28725000e-08  4.29591238e-04  3.28725000e-08  1.94982872e+00 
 3.28735000e-08  9.58620676e-01  3.28735000e-08  4.14610313e-04  3.28735000e-08  1.94983131e+00 
 3.28745000e-08  9.99193171e-01  3.28745000e-08  4.02101369e-04  3.28745000e-08  1.94983238e+00 
 3.28755000e-08  1.03929000e+00  3.28755000e-08  3.89135965e-04  3.28755000e-08  1.94983596e+00 
 3.28765000e-08  1.07898345e+00  3.28765000e-08  3.78329236e-04  3.28765000e-08  1.94983786e+00 
 3.28775000e-08  1.11837782e+00  3.28775000e-08  3.66891393e-04  3.28775000e-08  1.94984209e+00 
 3.31605000e-08  1.94995631e+00  3.31605000e-08  8.37074977e-01  3.31605000e-08  1.95005715e+00 
 3.31615000e-08  1.94995638e+00  3.31615000e-08  9.19488802e-01  3.31615000e-08  1.94992435e+00 
 3.31625000e-08  1.94995680e+00  3.31625000e-08  9.99872408e-01  3.31625000e-08  1.94978291e+00 
 3.31635000e-08  1.94995686e+00  3.31635000e-08  1.07815243e+00  3.31635000e-08  1.94962560e+00 
 3.31645000e-08  1.94995728e+00  3.31645000e-08  1.15437327e+00  3.31645000e-08  1.94947024e+00 
 3.31655000e-08  1.94995733e+00  3.31655000e-08  1.22880694e+00  3.31655000e-08  1.94932198e+00 
 3.32935000e-08  1.94992161e+00  3.32935000e-08  1.94997100e+00  3.32935000e-08  1.19686116e+00 
 3.32945000e-08  1.94992195e+00  3.32945000e-08  1.95000169e+00  3.32945000e-08  1.13932827e+00 
 3.32955000e-08  1.94992403e+00  3.32955000e-08  1.95003381e+00  3.32955000e-08  1.08171451e+00 
 3.32965000e-08  1.94992177e+00  3.32965000e-08  1.95006299e+00  3.32965000e-08  1.02379469e+00 
 3.32975000e-08  1.94991603e+00  3.32975000e-08  1.95008318e+00  3.32975000e-08  9.65471354e-01 
 3.32985000e-08  1.94991444e+00  3.32985000e-08  1.95009940e+00  3.32985000e-08  9.06552688e-01 
 3.34085000e-08  1.17703140e+00  3.34085000e-08  1.94999909e+00  3.34085000e-08  6.16099839e-04 
 3.34095000e-08  1.12481748e+00  3.34095000e-08  1.94999895e+00  3.34095000e-08  5.87238571e-04 
 3.34105000e-08  1.07290764e+00  3.34105000e-08  1.94999910e+00  3.34105000e-08  5.78550590e-04 
 3.34115000e-08  1.02126041e+00  3.34115000e-08  1.94999896e+00  3.34115000e-08  5.50975232e-04 
 3.34125000e-08  9.69787755e-01  3.34125000e-08  1.94999912e+00  3.34125000e-08  5.43249116e-04 
 3.34135000e-08  9.18454360e-01  3.34135000e-08  1.94999898e+00  3.34135000e-08  5.16893474e-04 
 3.38655000e-08  6.12443738e-05  3.38655000e-08  1.13997619e+00  3.38655000e-08 -2.94388014e-06 
 3.38665000e-08  4.17860377e-05  3.38665000e-08  1.08537025e+00  3.38665000e-08 -1.28035103e-06 
 3.38675000e-08  2.10833997e-05  3.38675000e-08  1.03009726e+00  3.38675000e-08  1.04722055e-07 
 3.38685000e-08  1.83663562e-06  3.38685000e-08  9.74193905e-01  3.38685000e-08  2.73703432e-06 
 3.38695000e-08 -1.47783805e-05  3.38695000e-08  9.17647771e-01  3.38695000e-08  4.91375189e-06 
 3.38705000e-08 -2.70921646e-05  3.38705000e-08  8.60507738e-01  3.38705000e-08  8.08903174e-06 
 3.39945000e-08  9.15905855e-01  3.39945000e-08  5.20840384e-04  3.39945000e-08  1.60780018e-05 
 3.39955000e-08  9.57018178e-01  3.39955000e-08  5.04991485e-04  3.39955000e-08  1.51812367e-05 
 3.39965000e-08  9.97610404e-01  3.39965000e-08  4.91444157e-04  3.39965000e-08  1.51199056e-05 
 3.39975000e-08  1.03772476e+00  3.39975000e-08  4.76558798e-04  3.39975000e-08  1.42087201e-05 
 3.39985000e-08  1.07743138e+00  3.39985000e-08  4.63891967e-04  3.39985000e-08  1.41624071e-05 
 3.39995000e-08  1.11683250e+00  3.39995000e-08  4.49899556e-04  3.39995000e-08  1.32517173e-05 
 3.42825000e-08  1.94995630e+00  3.42825000e-08  8.31998074e-01  3.42825000e-08 -7.26349305e-05 
 3.42835000e-08  1.94995637e+00  3.42835000e-08  9.14547700e-01  3.42835000e-08 -1.22216315e-04 
 3.42845000e-08  1.94995679e+00  3.42845000e-08  9.95246618e-01  3.42845000e-08 -1.60420352e-04 
 3.42855000e-08  1.94995685e+00  3.42855000e-08  1.07404024e+00  3.42855000e-08 -1.82172165e-04 
 3.42865000e-08  1.94995728e+00  3.42865000e-08  1.15095175e+00  3.42865000e-08 -1.98372621e-04 
 3.42875000e-08  1.94995734e+00  3.42875000e-08  1.22616141e+00  3.42875000e-08 -2.21042847e-04 
 3.44015000e-08  1.94998434e+00  3.44015000e-08  1.94993862e+00  3.44015000e-08  8.69586689e-01 
 3.44025000e-08  1.94998295e+00  3.44025000e-08  1.94994528e+00  3.44025000e-08  9.30444579e-01 
 3.44035000e-08  1.94998071e+00  3.44035000e-08  1.94995090e+00  3.44035000e-08  9.90227098e-01 
 3.44045000e-08  1.94997805e+00  3.44045000e-08  1.94995648e+00  3.44045000e-08  1.05079530e+00 
 3.44055000e-08  1.94997500e+00  3.44055000e-08  1.94996332e+00  3.44055000e-08  1.11609570e+00 
 3.44065000e-08  1.94997215e+00  3.44065000e-08  1.94995688e+00  3.44065000e-08  1.18879016e+00 
 3.45305000e-08  1.17932157e+00  3.45305000e-08  1.94999853e+00  3.45305000e-08  1.94998508e+00 
 3.45315000e-08  1.12709291e+00  3.45315000e-08  1.94999854e+00  3.45315000e-08  1.94997282e+00 
 3.45325000e-08  1.07516841e+00  3.45325000e-08  1.94999859e+00  3.45325000e-08  1.94998725e+00 
 3.45335000e-08  1.02351164e+00  3.45335000e-08  1.94999859e+00  3.45335000e-08  1.94996926e+00 
 3.45345000e-08  9.72030416e-01  3.45345000e-08  1.94999865e+00  3.45345000e-08  1.94997834e+00 
 3.45355000e-08  9.20692354e-01  3.45355000e-08  1.94999866e+00  3.45355000e-08  1.94996883e+00 
 3.49875000e-08  6.22674455e-05  3.49875000e-08  1.14207314e+00  3.49875000e-08  1.94993800e+00 
 3.49885000e-08  4.29742333e-05  3.49885000e-08  1.08749557e+00  3.49885000e-08  1.94993475e+00 
 3.49895000e-08  2.22596056e-05  3.49895000e-08  1.03224884e+00  3.49895000e-08  1.94993610e+00 
 3.49905000e-08  2.87182108e-06  3.49905000e-08  9.76372682e-01  3.49905000e-08  1.94994344e+00 
 3.49915000e-08 -1.39347904e-05  3.49915000e-08  9.19850880e-01  3.49915000e-08  1.94995755e+00 
 3.49925000e-08 -2.65107609e-05  3.49925000e-08  8.62734951e-01  3.49925000e-08  1.94997858e+00 
 3.51165000e-08  9.13276946e-01  3.51165000e-08  4.30771187e-04  3.51165000e-08  1.94982863e+00 
 3.51175000e-08  9.54423278e-01  3.51175000e-08  4.16366838e-04  3.51175000e-08  1.94983108e+00 
 3.51185000e-08  9.95047356e-01  3.51185000e-08  4.03071753e-04  3.51185000e-08  1.94983218e+00 
 3.51195000e-08  1.03519019e+00  3.51195000e-08  3.90691793e-04  3.51195000e-08  1.94983564e+00 
 3.51205000e-08  1.07492012e+00  3.51205000e-08  3.79142502e-04  3.51205000e-08  1.94983758e+00 
 3.51215000e-08  1.11433807e+00  3.51215000e-08  3.68294272e-04  3.51215000e-08  1.94984171e+00 
 3.54045000e-08  1.94995629e+00  3.54045000e-08  8.29164629e-01  3.54045000e-08  1.95006976e+00 
 3.54055000e-08  1.94995636e+00  3.54055000e-08  9.11762419e-01  3.54055000e-08  1.94993674e+00 
 3.54065000e-08  1.94995677e+00  3.54065000e-08  9.92344736e-01  3.54065000e-08  1.94979713e+00 
 3.54075000e-08  1.94995684e+00  3.54075000e-08  1.07082462e+00  3.54075000e-08  1.94964071e+00 
 3.54085000e-08  1.94995725e+00  3.54085000e-08  1.14723270e+00  3.54085000e-08  1.94948283e+00 
 3.54095000e-08  1.94995731e+00  3.54095000e-08  1.22184089e+00  3.54095000e-08  1.94933774e+00 
 3.55385000e-08  1.94992198e+00  3.55385000e-08  1.94999854e+00  3.55385000e-08  1.14473819e+00 
 3.55395000e-08  1.94992342e+00  3.55395000e-08  1.95003105e+00  3.55395000e-08  1.08714526e+00 
 3.55405000e-08  1.94992276e+00  3.55405000e-08  1.95006043e+00  3.55405000e-08  1.02925461e+00 
 3.55415000e-08  1.94991644e+00  3.55415000e-08  1.95008163e+00  3.55415000e-08  9.70981446e-01 
 3.55425000e-08  1.94991455e+00  3.55425000e-08  1.95009807e+00  3.55425000e-08  9.12117400e-01 
 3.55435000e-08  1.94991467e+00  3.55435000e-08  1.95010677e+00  3.55435000e-08  8.52633926e-01 
 3.56535000e-08  1.13044343e+00  3.56535000e-08  1.94999903e+00  3.56535000e-08  5.90705383e-04 
 3.56545000e-08  1.07849919e+00  3.56545000e-08  1.94999901e+00  3.56545000e-08  5.78603861e-04 
 3.56555000e-08  1.02683003e+00  3.56555000e-08  1.94999901e+00  3.56555000e-08  5.54313719e-04 
 3.56565000e-08  9.75337664e-01  3.56565000e-08  1.94999900e+00  3.56565000e-08  5.43223434e-04 
 3.56575000e-08  9.23994040e-01  3.56575000e-08  1.94999900e+00  3.56575000e-08  5.20112715e-04 
 3.56585000e-08  8.72735038e-01  3.56585000e-08  1.94999899e+00  3.56585000e-08  5.09967291e-04 
 3.61095000e-08  6.31012881e-05  3.61095000e-08  1.14570011e+00  3.61095000e-08 -2.87539369e-06 
 3.61105000e-08  4.39513915e-05  3.61105000e-08  1.09116559e+00  3.61105000e-08 -1.58707116e-06 
 3.61115000e-08  2.32338204e-05  3.61115000e-08  1.03595862e+00  3.61115000e-08  2.71752615e-08 
 3.61125000e-08  3.73415208e-06  3.61125000e-08  9.80124812e-01  3.61125000e-08  2.35896729e-06 
 3.61135000e-08 -1.32273116e-05  3.61135000e-08  9.23641858e-01  3.61135000e-08  4.74222794e-06 
 3.61145000e-08 -2.60195462e-05  3.61145000e-08  8.66566500e-01  3.61145000e-08  7.68040639e-06 
 3.62385000e-08  9.11386501e-01  3.62385000e-08  5.22157070e-04  3.62385000e-08  1.59156509e-05 
 3.62395000e-08  9.52557536e-01  3.62395000e-08  5.06828491e-04  3.62395000e-08  1.54444937e-05 
 3.62405000e-08  9.93204649e-01  3.62405000e-08  4.92665774e-04  3.62405000e-08  1.49577414e-05 
 3.62415000e-08  1.03336828e+00  3.62415000e-08  4.78292020e-04  3.62415000e-08  1.44725244e-05 
 3.62425000e-08  1.07311520e+00  3.62425000e-08  4.65026021e-04  3.62425000e-08  1.39990237e-05 
 3.62435000e-08  1.11254531e+00  3.62435000e-08  4.51536324e-04  3.62435000e-08  1.35145334e-05 
 3.65265000e-08  1.94995627e+00  3.65265000e-08  8.23036586e-01  3.65265000e-08 -6.68219018e-05 
 3.65275000e-08  1.94995635e+00  3.65275000e-08  9.05775036e-01  3.65275000e-08 -1.17429217e-04 
 3.65285000e-08  1.94995676e+00  3.65285000e-08  9.86678328e-01  3.65285000e-08 -1.57306341e-04 
 3.65295000e-08  1.94995684e+00  3.65295000e-08  1.06567679e+00  3.65295000e-08 -1.80066551e-04 
 3.65305000e-08  1.94995724e+00  3.65305000e-08  1.14279253e+00  3.65305000e-08 -1.97531775e-04 
 3.65315000e-08  1.94995731e+00  3.65315000e-08  1.21820214e+00  3.65315000e-08 -2.17606788e-04 
 3.66455000e-08  1.94998446e+00  3.66455000e-08  1.94993816e+00  3.66455000e-08  8.62880639e-01 
 3.66465000e-08  1.94998314e+00  3.66465000e-08  1.94994450e+00  3.66465000e-08  9.23903169e-01 
 3.66475000e-08  1.94998098e+00  3.66475000e-08  1.94995034e+00  3.66475000e-08  9.83754499e-01 
 3.66485000e-08  1.94997835e+00  3.66485000e-08  1.94995605e+00  3.66485000e-08  1.04403163e+00 
 3.66495000e-08  1.94997533e+00  3.66495000e-08  1.94996281e+00  3.66495000e-08  1.10861532e+00 
 3.66505000e-08  1.94997245e+00  3.66505000e-08  1.94995742e+00  3.66505000e-08  1.18078806e+00 
 3.67755000e-08  1.13277560e+00  3.67755000e-08  1.94999857e+00  3.67755000e-08  1.94997436e+00 
 3.67765000e-08  1.08081668e+00  3.67765000e-08  1.94999854e+00  3.67765000e-08  1.94998517e+00 
 3.67775000e-08  1.02913791e+00  3.67775000e-08  1.94999865e+00  3.67775000e-08  1.94997677e+00 
 3.67785000e-08  9.77637059e-01  3.67785000e-08  1.94999860e+00  3.67785000e-08  1.94998704e+00 
 3.67795000e-08  9.26288812e-01  3.67795000e-08  1.94999869e+00  3.67795000e-08  1.94997879e+00 
 3.67805000e-08  8.75024922e-01  3.67805000e-08  1.94999866e+00  3.67805000e-08  1.94998878e+00 
 3.72315000e-08  6.37796634e-05  3.72315000e-08  1.14818179e+00  3.72315000e-08  1.94993862e+00 
 3.72325000e-08  4.47694216e-05  3.72325000e-08  1.09368050e+00  3.72325000e-08  1.94993486e+00 
 3.72335000e-08  2.40598937e-05  3.72335000e-08  1.03850445e+00  3.72335000e-08  1.94993572e+00 
 3.72345000e-08  4.47074700e-06  3.72345000e-08  9.82702662e-01  3.72345000e-08  1.94994223e+00 
 3.72355000e-08 -1.26226214e-05  3.72355000e-08  9.26248616e-01  3.72355000e-08  1.94995568e+00 
 3.72365000e-08 -2.56011894e-05  3.72365000e-08  8.69201957e-01  3.72365000e-08  1.94997583e+00 
 3.73605000e-08  9.09462230e-01  3.73605000e-08  4.32103072e-04  3.73605000e-08  1.94982857e+00 
 3.73615000e-08  9.50658339e-01  3.73615000e-08  4.18281184e-04  3.73615000e-08  1.94983080e+00 
 3.73625000e-08  9.91328884e-01  3.73625000e-08  4.04171380e-04  3.73625000e-08  1.94983200e+00 
 3.73635000e-08  1.03151375e+00  3.73635000e-08  3.92384010e-04  3.73635000e-08  1.94983526e+00 
 3.73645000e-08  1.07127809e+00  3.73645000e-08  3.80067505e-04  3.73645000e-08  1.94983731e+00 
 3.73655000e-08  1.11072031e+00  3.73655000e-08  3.69816985e-04  3.73655000e-08  1.94984126e+00 
 3.76485000e-08  1.94995623e+00  3.76485000e-08  8.20896964e-01  3.76485000e-08  1.95008234e+00 
 3.76495000e-08  1.94995634e+00  3.76495000e-08  9.03686941e-01  3.76495000e-08  1.94994940e+00 
 3.76505000e-08  1.94995673e+00  3.76505000e-08  9.84477473e-01  3.76505000e-08  1.94981180e+00 
 3.76515000e-08  1.94995684e+00  3.76515000e-08  1.06316416e+00  3.76515000e-08  1.94965658e+00 
 3.76525000e-08  1.94995722e+00  3.76525000e-08  1.13975881e+00  3.76525000e-08  1.94949781e+00 
 3.76535000e-08  1.94995733e+00  3.76535000e-08  1.21451843e+00  3.76535000e-08  1.94935366e+00 
 3.77825000e-08  1.94992201e+00  3.77825000e-08  1.94999526e+00  3.77825000e-08  1.15044226e+00 
 3.77835000e-08  1.94992285e+00  3.77835000e-08  1.95002802e+00  3.77835000e-08  1.09286720e+00 
 3.77845000e-08  1.94992359e+00  3.77845000e-08  1.95005774e+00  3.77845000e-08  1.03500655e+00 
 3.77855000e-08  1.94991684e+00  3.77855000e-08  1.95008003e+00  3.77855000e-08  9.76781563e-01 
 3.77865000e-08  1.94991466e+00  3.77865000e-08  1.95009673e+00  3.77865000e-08  9.17973808e-01 
 3.77875000e-08  1.94991458e+00  3.77875000e-08  1.95010634e+00  3.77875000e-08  8.58557194e-01 
 3.78975000e-08  1.13501140e+00  3.78975000e-08  1.94999902e+00  3.78975000e-08  5.93487634e-04 
 3.78985000e-08  1.08303906e+00  3.78985000e-08  1.94999886e+00  3.78985000e-08  5.79439769e-04 
 3.78995000e-08  1.03135140e+00  3.78995000e-08  1.94999901e+00  3.78995000e-08  5.56980601e-04 
 3.79005000e-08  9.79842945e-01  3.79005000e-08  1.94999886e+00  3.79005000e-08  5.43955924e-04 
 3.79015000e-08  9.28490555e-01  3.79015000e-08  1.94999901e+00  3.79015000e-08  5.22667299e-04 
 3.79025000e-08  8.77222470e-01  3.79025000e-08  1.94999887e+00  3.79025000e-08  5.10604750e-04 
 3.83535000e-08  6.45804035e-05  3.83535000e-08  1.15089448e+00  3.83535000e-08 -2.81520817e-06 
 3.83545000e-08  4.57316828e-05  3.83545000e-08  1.09642491e+00  3.83545000e-08 -1.84628024e-06 
 3.83555000e-08  2.50324309e-05  3.83555000e-08  1.04127821e+00  3.83555000e-08 -5.73118730e-08 
 3.83565000e-08  5.34321218e-06  3.83565000e-08  9.85507757e-01  3.83565000e-08  2.02665308e-06 
 3.83575000e-08 -1.18996389e-05  3.83575000e-08  9.29082643e-01  3.83575000e-08  4.54471054e-06 
 3.83585000e-08 -2.50909983e-05  3.83585000e-08  8.72066302e-01  3.83585000e-08  7.28633089e-06 
 3.84825000e-08  9.07840804e-01  3.84825000e-08  5.23355021e-04  3.84825000e-08  1.57742728e-05 
 3.84835000e-08  9.49058123e-01  3.84835000e-08  5.08498365e-04  3.84835000e-08  1.56779253e-05 
 3.84845000e-08  9.89748587e-01  3.84845000e-08  4.93777423e-04  3.84845000e-08  1.48165549e-05 
 3.84855000e-08  1.02995147e+00  3.84855000e-08  4.79867447e-04  3.84855000e-08  1.47064270e-05 
 3.84865000e-08  1.06973073e+00  3.84865000e-08  4.66058157e-04  3.84865000e-08  1.38567714e-05 
 3.84875000e-08  1.10918336e+00  3.84875000e-08  4.53023971e-04  3.84875000e-08  1.37475253e-05 
 3.87705000e-08  1.94995621e+00  3.87705000e-08  8.15534335e-01  3.87705000e-08 -6.20329533e-05 
 3.87715000e-08  1.94995635e+00  3.87715000e-08  8.98428673e-01  3.87715000e-08 -1.13291232e-04 
 3.87725000e-08  1.94995670e+00  3.87725000e-08  9.79502234e-01  3.87725000e-08 -1.54336917e-04 
 3.87735000e-08  1.94995684e+00  3.87735000e-08  1.05867203e+00  3.87735000e-08 -1.78507754e-04 
 3.87745000e-08  1.94995719e+00  3.87745000e-08  1.13595137e+00  3.87745000e-08 -1.96685522e-04 
 3.87755000e-08  1.94995732e+00  3.87755000e-08  1.21150632e+00  3.87755000e-08 -2.14477929e-04 
 3.88895000e-08  1.94998455e+00  3.88895000e-08  1.94993781e+00  3.88895000e-08  8.57327933e-01 
 3.88905000e-08  1.94998329e+00  3.88905000e-08  1.94994387e+00  3.88905000e-08  9.18490642e-01 
 3.88915000e-08  1.94998121e+00  3.88915000e-08  1.94994986e+00  3.88915000e-08  9.78409834e-01 
 3.88925000e-08  1.94997860e+00  3.88925000e-08  1.94995564e+00  3.88925000e-08  1.03850161e+00 
 3.88935000e-08  1.94997561e+00  3.88935000e-08  1.94996227e+00  3.88935000e-08  1.10253570e+00 
 3.88945000e-08  1.94997269e+00  3.88945000e-08  1.94995805e+00  3.88945000e-08  1.17417510e+00 
 3.90195000e-08  1.13741575e+00  3.90195000e-08  1.94999859e+00  3.90195000e-08  1.94997598e+00 
 3.90205000e-08  1.08542869e+00  3.90205000e-08  1.94999852e+00  3.90205000e-08  1.94998325e+00 
 3.90215000e-08  1.03373119e+00  3.90215000e-08  1.94999866e+00  3.90215000e-08  1.94997835e+00 
 3.90225000e-08  9.82214311e-01  3.90225000e-08  1.94999858e+00  3.90225000e-08  1.94998517e+00 
 3.90235000e-08  9.30857262e-01  3.90235000e-08  1.94999871e+00  3.90235000e-08  1.94998033e+00 
 3.90245000e-08  8.79584517e-01  3.90245000e-08  1.94999864e+00  3.90245000e-08  1.94998697e+00 
 3.94755000e-08  6.53219302e-05  3.94755000e-08  1.15348862e+00  3.94755000e-08  1.94993917e+00 
 3.94765000e-08  4.66257216e-05  3.94765000e-08  1.09905297e+00  3.94765000e-08  1.94993501e+00 
 3.94775000e-08  2.59417374e-05  3.94775000e-08  1.04393924e+00  3.94775000e-08  1.94993545e+00 
 3.94785000e-08  6.16332855e-06  3.94785000e-08  9.88201639e-01  3.94785000e-08  1.94994124e+00 
 3.94795000e-08 -1.12132905e-05  3.94795000e-08  9.31807468e-01  3.94795000e-08  1.94995411e+00 
 3.94805000e-08 -2.46011034e-05  3.94805000e-08  8.74820739e-01  3.94805000e-08  1.94997351e+00 
 3.96045000e-08  9.05865349e-01  3.96045000e-08  4.33274050e-04  3.96045000e-08  1.94982855e+00 
 3.96055000e-08  9.47108457e-01  3.96055000e-08  4.19947441e-04  3.96055000e-08  1.94983056e+00 
 3.96065000e-08  9.87823142e-01  3.96065000e-08  4.05138958e-04  3.96065000e-08  1.94983186e+00 
 3.96075000e-08  1.02804806e+00  3.96075000e-08  3.93855334e-04  3.96075000e-08  1.94983492e+00 
 3.96085000e-08  1.06784559e+00  3.96085000e-08  3.80881753e-04  3.96085000e-08  1.94983711e+00 
 3.96095000e-08  1.10731401e+00  3.96095000e-08  3.71139083e-04  3.96095000e-08  1.94984086e+00 
 3.98925000e-08  1.94995618e+00  3.98925000e-08  8.13512259e-01  3.98925000e-08  1.95009313e+00 
 3.98935000e-08  1.94995636e+00  3.98935000e-08  8.96467293e-01  3.98935000e-08  1.94996059e+00 
 3.98945000e-08  1.94995668e+00  3.98945000e-08  9.77440950e-01  3.98945000e-08  1.94982464e+00 
 3.98955000e-08  1.94995685e+00  3.98955000e-08  1.05631258e+00  3.98955000e-08  1.94967089e+00 
 3.98965000e-08  1.94995716e+00  3.98965000e-08  1.13308628e+00  3.98965000e-08  1.94951182e+00 
 3.98975000e-08  1.94995734e+00  3.98975000e-08  1.20799348e+00  3.98975000e-08  1.94936765e+00 
 4.00265000e-08  1.94992198e+00  4.00265000e-08  1.94999260e+00  4.00265000e-08  1.15553252e+00 
 4.00275000e-08  1.94992203e+00  4.00275000e-08  1.95002535e+00  4.00275000e-08  1.09796645e+00 
 4.00285000e-08  1.94992428e+00  4.00285000e-08  1.95005545e+00  4.00285000e-08  1.04013815e+00 
 4.00295000e-08  1.94991729e+00  4.00295000e-08  1.95007834e+00  4.00295000e-08  9.81951284e-01 
 4.00305000e-08  1.94991482e+00  4.00305000e-08  1.95009539e+00  4.00305000e-08  9.23201074e-01 
 4.00315000e-08  1.94991454e+00  4.00315000e-08  1.95010566e+00  4.00315000e-08  8.63842200e-01 
 4.01415000e-08  1.13977955e+00  4.01415000e-08  1.94999898e+00  4.01415000e-08  5.95321812e-04 
 4.01425000e-08  1.08777800e+00  4.01425000e-08  1.94999875e+00  4.01425000e-08  5.80826756e-04 
 4.01435000e-08  1.03607078e+00  4.01435000e-08  1.94999899e+00  4.01435000e-08  5.58726984e-04 
 4.01445000e-08  9.84545575e-01  4.01445000e-08  1.94999877e+00  4.01445000e-08  5.45243427e-04 
 4.01455000e-08  9.33183954e-01  4.01455000e-08  1.94999900e+00  4.01455000e-08  5.24330501e-04 
 4.01465000e-08  8.81906641e-01  4.01465000e-08  1.94999878e+00  4.01465000e-08  5.11795276e-04 
 4.05975000e-08  6.61555819e-05  4.05975000e-08  1.15620534e+00  4.05975000e-08 -2.78593788e-06 
 4.05985000e-08  4.76405304e-05  4.05985000e-08  1.10179897e+00  4.05985000e-08 -2.06199858e-06 
 4.05995000e-08  2.69830887e-05  4.05995000e-08  1.04671722e+00  4.05995000e-08 -1.76414849e-07 
 4.06005000e-08  7.10632616e-06  4.06005000e-08  9.91008778e-01  4.06005000e-08  1.73211663e-06 
 4.06015000e-08 -1.04180748e-05  4.06015000e-08  9.34645920e-01  4.06015000e-08  4.36370334e-06 
 4.06025000e-08 -2.40311597e-05  4.06025000e-08  8.77687601e-01  4.06025000e-08  6.96770106e-06 
 4.07275000e-08  9.45281916e-01  4.07275000e-08  5.10230041e-04  4.07275000e-08  1.58951359e-05 
 4.07285000e-08  9.86019424e-01  4.07285000e-08  4.94941643e-04  4.07285000e-08  1.46940497e-05 
 4.07295000e-08  1.02626513e+00  4.07295000e-08  4.81500069e-04  4.07295000e-08  1.49241962e-05 
 4.07305000e-08  1.06607997e+00  4.07305000e-08  4.67140615e-04  4.07305000e-08  1.37333324e-05 
 4.07315000e-08  1.10555790e+00  4.07315000e-08  4.54564549e-04  4.07315000e-08  1.39643951e-05 
 4.07325000e-08  1.14482657e+00  4.07325000e-08  4.41066678e-04  4.07325000e-08  1.27957164e-05 
 4.10145000e-08  1.94995615e+00  4.10145000e-08  8.07908798e-01  4.10145000e-08 -5.72432032e-05 
 4.10155000e-08  1.94995636e+00  4.10155000e-08  8.90960215e-01  4.10155000e-08 -1.08982126e-04 
 4.10165000e-08  1.94995665e+00  4.10165000e-08  9.72207047e-01  4.10165000e-08 -1.51197434e-04 
 4.10175000e-08  1.94995686e+00  4.10175000e-08  1.05155077e+00  4.10175000e-08 -1.76786779e-04 
 4.10185000e-08  1.94995714e+00  4.10185000e-08  1.12899849e+00  4.10185000e-08 -1.95605206e-04 
 4.10195000e-08  1.94995734e+00  4.10195000e-08  1.20470168e+00  4.10195000e-08 -2.11708909e-04 
 4.11335000e-08  1.94998463e+00  4.11335000e-08  1.94993755e+00  4.11335000e-08  8.51667738e-01 
 4.11345000e-08  1.94998342e+00  4.11345000e-08  1.94994326e+00  4.11345000e-08  9.12975664e-01 
 4.11355000e-08  1.94998143e+00  4.11355000e-08  1.94994931e+00  4.11355000e-08  9.72974210e-01 
 4.11365000e-08  1.94997884e+00  4.11365000e-08  1.94995523e+00  4.11365000e-08  1.03292171e+00 
 4.11375000e-08  1.94997590e+00  4.11375000e-08  1.94996157e+00  4.11375000e-08  1.09644465e+00 
 4.11385000e-08  1.94997294e+00  4.11385000e-08  1.94995889e+00  4.11385000e-08  1.16745444e+00 
 4.12635000e-08  1.14231860e+00  4.12635000e-08  1.94999858e+00  4.12635000e-08  1.94997780e+00 
 4.12645000e-08  1.09030202e+00  4.12645000e-08  1.94999852e+00  4.12645000e-08  1.94998127e+00 
 4.12655000e-08  1.03858274e+00  4.12655000e-08  1.94999864e+00  4.12655000e-08  1.94998008e+00 
 4.12665000e-08  9.87049081e-01  4.12665000e-08  1.94999859e+00  4.12665000e-08  1.94998338e+00 
 4.12675000e-08  9.35681189e-01  4.12675000e-08  1.94999871e+00  4.12675000e-08  1.94998215e+00 
 4.12685000e-08  8.84399294e-01  4.12685000e-08  1.94999865e+00  4.12685000e-08  1.94998518e+00 
 4.17195000e-08  6.68637279e-05  4.17195000e-08  1.15879933e+00  4.17195000e-08  1.94993971e+00 
 4.17205000e-08  4.85116765e-05  4.17205000e-08  1.10442530e+00  4.17205000e-08  1.94993525e+00 
 4.17215000e-08  2.78828968e-05  4.17215000e-08  1.04937830e+00  4.17215000e-08  1.94993519e+00 
 4.17225000e-08  7.92574879e-06  4.17225000e-08  9.93701397e-01  4.17225000e-08  1.94994037e+00 
 4.17235000e-08 -9.72373265e-06  4.17235000e-08  9.37371182e-01  4.17235000e-08  1.94995256e+00 
 4.17245000e-08 -2.35302773e-05  4.17245000e-08  8.80441421e-01  4.17245000e-08  1.94997130e+00 
 4.18495000e-08  9.43359550e-01  4.18495000e-08  4.21640069e-04  4.18495000e-08  1.94983027e+00 
 4.18505000e-08  9.84121113e-01  4.18505000e-08  4.06143005e-04  4.18505000e-08  1.94983177e+00 
 4.18515000e-08  1.02438881e+00  4.18515000e-08  3.95345762e-04  4.18515000e-08  1.94983454e+00 
 4.18525000e-08  1.06422204e+00  4.18525000e-08  3.81728018e-04  4.18525000e-08  1.94983693e+00 
 4.18535000e-08  1.10371325e+00  4.18535000e-08  3.72475289e-04  4.18535000e-08  1.94984042e+00 
 4.18545000e-08  1.14299162e+00  4.18545000e-08  3.60281583e-04  4.18545000e-08  1.94984339e+00 
 4.20000000e-08  1.94929605e+00  4.20000000e-08  8.84001375e-06  4.20000000e-08  1.94999726e+00 
