 time            v(b_out)        time            v(u_puf_u_core_sel_ro) time            v(q)           
 0.00000000e+00  4.68653891e-09  0.00000000e+00  2.46749718e-09  0.00000000e+00  2.46749746e-09 
 2.57850000e-09  9.42488349e-01  2.57850000e-09  2.96541569e-09  2.57850000e-09  2.46768722e-09 
 2.57950000e-09  9.78661671e-01  2.57950000e-09  2.96475328e-09  2.57950000e-09  2.46768550e-09 
 2.58050000e-09  1.01494699e+00  2.58050000e-09  2.96408087e-09  2.58050000e-09  2.46768539e-09 
 2.58150000e-09  1.05109078e+00  2.58150000e-09  2.96334457e-09  2.58150000e-09  2.46768461e-09 
 2.58250000e-09  1.08692904e+00  2.58250000e-09  2.96252128e-09  2.58250000e-09  2.46768600e-09 
 2.58350000e-09  1.12245803e+00  2.58350000e-09  2.96156705e-09  2.58350000e-09  2.46768389e-09 
 2.91750000e-09  1.94999852e+00  2.91750000e-09  8.85491049e-01  2.91750000e-09 -9.40891519e-05 
 2.91850000e-09  1.94999873e+00  2.91850000e-09  9.55554841e-01  2.91850000e-09 -1.26109990e-04 
 2.91950000e-09  1.94999862e+00  2.91950000e-09  1.02498279e+00  2.91950000e-09 -1.45215697e-04 
 2.92050000e-09  1.94999882e+00  2.92050000e-09  1.09378680e+00  2.92050000e-09 -1.58686791e-04 
 2.92150000e-09  1.94999870e+00  2.92150000e-09  1.16208276e+00  2.92150000e-09 -1.76637914e-04 
 2.92250000e-09  1.94999889e+00  2.92250000e-09  1.23020643e+00  2.92250000e-09 -1.98678839e-04 
 3.03650000e-09  1.94895059e+00  3.03650000e-09  1.94987654e+00  3.03650000e-09  8.64554774e-01 
 3.03750000e-09  1.94851730e+00  3.03750000e-09  1.94988289e+00  3.03750000e-09  9.25455207e-01 
 3.03850000e-09  1.94806079e+00  3.03850000e-09  1.94989259e+00  3.03850000e-09  9.85185476e-01 
 3.03950000e-09  1.94758061e+00  3.03950000e-09  1.94989824e+00  3.03950000e-09  1.04540848e+00 
 3.04050000e-09  1.94704279e+00  3.04050000e-09  1.94990875e+00  3.04050000e-09  1.11002390e+00 
 3.04150000e-09  1.94642029e+00  3.04150000e-09  1.94990294e+00  3.04150000e-09  1.18218795e+00 
 3.11450000e-09  1.14014780e+00  3.11450000e-09  1.94997695e+00  3.11450000e-09  1.94933174e+00 
 3.11550000e-09  1.08785944e+00  3.11550000e-09  1.94997703e+00  3.11550000e-09  1.94940361e+00 
 3.11650000e-09  1.03567501e+00  3.11650000e-09  1.94997826e+00  3.11650000e-09  1.94942190e+00 
 3.11750000e-09  9.83490562e-01  3.11750000e-09  1.94997827e+00  3.11750000e-09  1.94948615e+00 
 3.11850000e-09  9.31279768e-01  3.11850000e-09  1.94997941e+00  3.11850000e-09  1.94949926e+00 
 3.11950000e-09  8.78977461e-01  3.11950000e-09  1.94997937e+00  3.11950000e-09  1.94955704e+00 
 3.61650000e-09  8.01711964e-04  3.61650000e-09  1.14971718e+00  3.61650000e-09  1.94995909e+00 
 3.61750000e-09  1.30649858e-03  3.61750000e-09  1.10596482e+00  3.61750000e-09  1.94995787e+00 
 3.61850000e-09  1.81521719e-03  3.61850000e-09  1.06175805e+00  3.61850000e-09  1.94995957e+00 
 3.61950000e-09  2.41605620e-03  3.61950000e-09  1.01712274e+00  3.61950000e-09  1.94996484e+00 
 3.62050000e-09  2.98886046e-03  3.62050000e-09  9.72051171e-01  3.62050000e-09  1.94997446e+00 
 3.62150000e-09  3.42133161e-03  3.62150000e-09  9.26571718e-01  3.62150000e-09  1.94998836e+00 
 3.70050000e-09  9.45609806e-01  3.70050000e-09  3.09792511e-03  3.70050000e-09  1.95108924e+00 
 3.70150000e-09  9.82618529e-01  3.70150000e-09  2.95864618e-03  3.70150000e-09  1.95096544e+00 
 3.70250000e-09  1.01935976e+00  3.70250000e-09  2.83011067e-03  3.70250000e-09  1.95084838e+00 
 3.70350000e-09  1.05573806e+00  3.70350000e-09  2.71000102e-03  3.70350000e-09  1.95074290e+00 
 3.70450000e-09  1.09173984e+00  3.70450000e-09  2.60018324e-03  3.70450000e-09  1.95064606e+00 
 3.70550000e-09  1.12746267e+00  3.70550000e-09  2.49450565e-03  3.70550000e-09  1.95056182e+00 
 4.03750000e-09  1.94999850e+00  4.03750000e-09  8.31047288e-01  4.03750000e-09  1.94999926e+00 
 4.03850000e-09  1.94999857e+00  4.03850000e-09  9.01423416e-01  4.03850000e-09  1.94990423e+00 
 4.03950000e-09  1.94999860e+00  4.03950000e-09  9.71143496e-01  4.03950000e-09  1.94978821e+00 
 4.04050000e-09  1.94999868e+00  4.04050000e-09  1.04007242e+00  4.04050000e-09  1.94965942e+00 
 4.04150000e-09  1.94999870e+00  4.04150000e-09  1.10824345e+00  4.04150000e-09  1.94953867e+00 
 4.04250000e-09  1.94999876e+00  4.04250000e-09  1.17585451e+00  4.04250000e-09  1.94941554e+00 
 4.17150000e-09  1.94118813e+00  4.17150000e-09  1.94994003e+00  4.17150000e-09  1.18049681e+00 
 4.17250000e-09  1.94039075e+00  4.17250000e-09  1.94996876e+00  4.17250000e-09  1.12295913e+00 
 4.17350000e-09  1.93942687e+00  4.17350000e-09  1.94999827e+00  4.17350000e-09  1.06527044e+00 
 4.17450000e-09  1.93823057e+00  4.17450000e-09  1.95002428e+00  4.17450000e-09  1.00725437e+00 
 4.17550000e-09  1.93676940e+00  4.17550000e-09  1.95004833e+00  4.17550000e-09  9.48768996e-01 
 4.17650000e-09  1.93506644e+00  4.17650000e-09  1.95006135e+00  4.17650000e-09  8.89680415e-01 
 4.23650000e-09  1.14168239e+00  4.23650000e-09  1.94999346e+00  4.23650000e-09  2.93578323e-03 
 4.23750000e-09  1.08939019e+00  4.23750000e-09  1.94999290e+00  4.23750000e-09  2.83086641e-03 
 4.23850000e-09  1.03720472e+00  4.23850000e-09  1.94999148e+00  4.23850000e-09  2.74020880e-03 
 4.23950000e-09  9.85020327e-01  4.23950000e-09  1.94999120e+00  4.23950000e-09  2.64475271e-03 
 4.24050000e-09  9.32811658e-01  4.24050000e-09  1.94999009e+00  4.24050000e-09  2.56295488e-03 
 4.24150000e-09  8.80511677e-01  4.24150000e-09  1.94999001e+00  4.24150000e-09  2.47527904e-03 
 4.73850000e-09  7.95698739e-04  4.73850000e-09  1.15073977e+00  4.73850000e-09 -9.85915623e-07 
 4.73950000e-09  1.30014146e-03  4.73950000e-09  1.10699617e+00  4.73950000e-09 -9.95740903e-07 
 4.74050000e-09  1.80907280e-03  4.74050000e-09  1.06279845e+00  4.74050000e-09  8.83655872e-07 
 4.74150000e-09  2.40801298e-03  4.74150000e-09  1.01817195e+00  4.74150000e-09  1.43052742e-06 
 4.74250000e-09  2.98253480e-03  4.74250000e-09  9.73109659e-01  4.74250000e-09  3.70718117e-06 
 4.74350000e-09  3.41678063e-03  4.74350000e-09  9.27639402e-01  4.74350000e-09  4.73982156e-06 
 4.82250000e-09  9.45113659e-01  4.82250000e-09  3.45861725e-03  4.82250000e-09  2.99204573e-06 
 4.82350000e-09  9.82125427e-01  4.82350000e-09  3.35267172e-03  4.82350000e-09  1.47409414e-05 
 4.82450000e-09  1.01887089e+00  4.82450000e-09  3.24664529e-03  4.82450000e-09  2.40121650e-05 
 4.82550000e-09  1.05524653e+00  4.82550000e-09  3.14124412e-03  4.82550000e-09  3.27467694e-05 
 4.82650000e-09  1.09124524e+00  4.82650000e-09  3.04550048e-03  4.82650000e-09  4.10317935e-05 
 4.82750000e-09  1.12697122e+00  4.82750000e-09  2.95505311e-03  4.82750000e-09  4.80529953e-05 
 5.15950000e-09  1.94999849e+00  5.15950000e-09  8.28506264e-01  5.15950000e-09 -6.50569353e-05 
 5.16050000e-09  1.94999858e+00  5.16050000e-09  8.98984707e-01  5.16050000e-09 -1.01994144e-04 
 5.16150000e-09  1.94999860e+00  5.16150000e-09  9.68939866e-01  5.16150000e-09 -1.31435766e-04 
 5.16250000e-09  1.94999868e+00  5.16250000e-09  1.03824924e+00  5.16250000e-09 -1.49809788e-04 
 5.16350000e-09  1.94999870e+00  5.16350000e-09  1.10695512e+00  5.16350000e-09 -1.62927441e-04 
 5.16450000e-09  1.94999877e+00  5.16450000e-09  1.17518632e+00  5.16450000e-09 -1.82026479e-04 
 5.27950000e-09  1.94933780e+00  5.27950000e-09  1.94988427e+00  5.27950000e-09  8.88081132e-01 
 5.28050000e-09  1.94896550e+00  5.28050000e-09  1.94988968e+00  5.28050000e-09  9.48524413e-01 
 5.28150000e-09  1.94853573e+00  5.28150000e-09  1.94989941e+00  5.28150000e-09  1.00821875e+00 
 5.28250000e-09  1.94807947e+00  5.28250000e-09  1.94990314e+00  5.28250000e-09  1.06995055e+00 
 5.28350000e-09  1.94760083e+00  5.28350000e-09  1.94991253e+00  5.28350000e-09  1.13747006e+00 
 5.28450000e-09  1.94706592e+00  5.28450000e-09  1.94990411e+00  5.28450000e-09  1.21090267e+00 
 5.35850000e-09  1.14232901e+00  5.35850000e-09  1.94997725e+00  5.35850000e-09  1.94942844e+00 
 5.35950000e-09  1.09003517e+00  5.35950000e-09  1.94997846e+00  5.35950000e-09  1.94943397e+00 
 5.36050000e-09  1.03784927e+00  5.36050000e-09  1.94997847e+00  5.36050000e-09  1.94950812e+00 
 5.36150000e-09  9.85664854e-01  5.36150000e-09  1.94997958e+00  5.36150000e-09  1.94950903e+00 
 5.36250000e-09  9.33457049e-01  5.36250000e-09  1.94997954e+00  5.36250000e-09  1.94957647e+00 
 5.36350000e-09  8.81158001e-01  5.36350000e-09  1.94998057e+00  5.36350000e-09  1.94957361e+00 
 5.86050000e-09  7.78778684e-04  5.86050000e-09  1.15122927e+00  5.86050000e-09  1.94995928e+00 
 5.86150000e-09  1.28221422e-03  5.86150000e-09  1.10749195e+00  5.86150000e-09  1.94995776e+00 
 5.86250000e-09  1.79170884e-03  5.86250000e-09  1.06330048e+00  5.86250000e-09  1.94995957e+00 
 5.86350000e-09  2.38527795e-03  5.86350000e-09  1.01867970e+00  5.86350000e-09  1.94996448e+00 
 5.86450000e-09  2.96462443e-03  5.86450000e-09  9.73622782e-01  5.86450000e-09  1.94997419e+00 
 5.86550000e-09  3.40387010e-03  5.86550000e-09  9.28157069e-01  5.86550000e-09  1.94998780e+00 
 5.94450000e-09  9.43768252e-01  5.94450000e-09  3.10272299e-03  5.94450000e-09  1.95109383e+00 
 5.94550000e-09  9.80787987e-01  5.94550000e-09  2.96362093e-03  5.94550000e-09  1.95096967e+00 
 5.94650000e-09  1.01753671e+00  5.94650000e-09  2.83428540e-03  5.94650000e-09  1.95085243e+00 
 5.94750000e-09  1.05392742e+00  5.94750000e-09  2.71421565e-03  5.94750000e-09  1.95074646e+00 
 5.94850000e-09  1.08994174e+00  5.94850000e-09  2.60372822e-03  5.94850000e-09  1.95064932e+00 
 5.94950000e-09  1.12566267e+00  5.94950000e-09  2.49830251e-03  5.94950000e-09  1.95056459e+00 
 6.28150000e-09  1.94999847e+00  6.28150000e-09  8.27517850e-01  6.28150000e-09  1.95000452e+00 
 6.28250000e-09  1.94999859e+00  6.28250000e-09  8.97922172e-01  6.28250000e-09  1.94990944e+00 
 6.28350000e-09  1.94999858e+00  6.28350000e-09  9.67679723e-01  6.28350000e-09  1.94979432e+00 
 6.28450000e-09  1.94999869e+00  6.28450000e-09  1.03664761e+00  6.28450000e-09  1.94966585e+00 
 6.28550000e-09  1.94999868e+00  6.28550000e-09  1.10485442e+00  6.28550000e-09  1.94954396e+00 
 6.28650000e-09  1.94999878e+00  6.28650000e-09  1.17248205e+00  6.28650000e-09  1.94942225e+00 
 6.41550000e-09  1.94122565e+00  6.41550000e-09  1.94993848e+00  6.41550000e-09  1.18334039e+00 
 6.41650000e-09  1.94043511e+00  6.41650000e-09  1.94996734e+00  6.41650000e-09  1.12580426e+00 
 6.41750000e-09  1.93948127e+00  6.41750000e-09  1.94999704e+00  6.41750000e-09  1.06812936e+00 
 6.41850000e-09  1.93829816e+00  6.41850000e-09  1.95002330e+00  6.41850000e-09  1.01013087e+00 
 6.41950000e-09  1.93685034e+00  6.41950000e-09  1.95004754e+00  6.41950000e-09  9.51674135e-01 
 6.42050000e-09  1.93515826e+00  6.42050000e-09  1.95006096e+00  6.42050000e-09  8.92615448e-01 
 6.48050000e-09  1.14434807e+00  6.48050000e-09  1.94999350e+00  6.48050000e-09  2.94245018e-03 
 6.48150000e-09  1.09204922e+00  6.48150000e-09  1.94999296e+00  6.48150000e-09  2.83412675e-03 
 6.48250000e-09  1.03986184e+00  6.48250000e-09  1.94999151e+00  6.48250000e-09  2.74636641e-03 
 6.48350000e-09  9.87677492e-01  6.48350000e-09  1.94999125e+00  6.48350000e-09  2.64757830e-03 
 6.48450000e-09  9.35472380e-01  6.48450000e-09  1.94999010e+00  6.48450000e-09  2.56866398e-03 
 6.48550000e-09  8.83176448e-01  6.48550000e-09  1.94999005e+00  6.48550000e-09  2.47774163e-03 
 6.98250000e-09  7.79206361e-04  6.98250000e-09  1.15330602e+00  6.98250000e-09 -1.01145252e-06 
 6.98350000e-09  1.28266690e-03  6.98350000e-09  1.10958825e+00  6.98350000e-09 -1.05008566e-06 
 6.98450000e-09  1.79214856e-03  6.98450000e-09  1.06541724e+00  6.98450000e-09  8.24720681e-07 
 6.98550000e-09  2.38585207e-03  6.98550000e-09  1.02081569e+00  6.98550000e-09  1.33781094e-06 
 6.98650000e-09  2.96507817e-03  6.98650000e-09  9.75778922e-01  6.98650000e-09  3.61090581e-06 
 6.98750000e-09  3.40419728e-03  6.98750000e-09  9.30332247e-01  6.98750000e-09  4.63866571e-06 
 7.06650000e-09  9.43792130e-01  7.06650000e-09  3.46434067e-03  7.06650000e-09  2.08481375e-06 
 7.06750000e-09  9.80811862e-01  7.06750000e-09  3.35920589e-03  7.06750000e-09  1.42051665e-05 
 7.06850000e-09  1.01756846e+00  7.06850000e-09  3.25269358e-03  7.06850000e-09  2.33980406e-05 
 7.06950000e-09  1.05396610e+00  7.06950000e-09  3.14748226e-03  7.06950000e-09  3.23506419e-05 
 7.07050000e-09  1.08998469e+00  7.07050000e-09  3.05082877e-03  7.07050000e-09  4.04823600e-05 
 7.07150000e-09  1.12571751e+00  7.07150000e-09  2.96030432e-03  7.07150000e-09  4.77616763e-05 
 7.40350000e-09  1.94999847e+00  7.40350000e-09  8.26072347e-01  7.40350000e-09 -6.37120182e-05 
 7.40450000e-09  1.94999859e+00  7.40450000e-09  8.96565192e-01  7.40450000e-09 -1.00765619e-04 
 7.40550000e-09  1.94999858e+00  7.40550000e-09  9.66541067e-01  7.40550000e-09 -1.30661074e-04 
 7.40650000e-09  1.94999870e+00  7.40650000e-09  1.03587187e+00  7.40650000e-09 -1.49234357e-04 
 7.40750000e-09  1.94999868e+00  7.40750000e-09  1.10459753e+00  7.40750000e-09 -1.62470835e-04 
 7.40850000e-09  1.94999878e+00  7.40850000e-09  1.17283859e+00  7.40850000e-09 -1.81282722e-04 
 7.52350000e-09  1.94935321e+00  7.52350000e-09  1.94988400e+00  7.52350000e-09  8.85911221e-01 
 7.52450000e-09  1.94898137e+00  7.52450000e-09  1.94988943e+00  7.52450000e-09  9.46399828e-01 
 7.52550000e-09  1.94855506e+00  7.52550000e-09  1.94989914e+00  7.52550000e-09  1.00609510e+00 
 7.52650000e-09  1.94809896e+00  7.52650000e-09  1.94990271e+00  7.52650000e-09  1.06770192e+00 
 7.52750000e-09  1.94762182e+00  7.52750000e-09  1.94991289e+00  7.52750000e-09  1.13490632e+00 
 7.52850000e-09  1.94708995e+00  7.52850000e-09  1.94990407e+00  7.52850000e-09  1.20831666e+00 
 7.60250000e-09  1.14451580e+00  7.60250000e-09  1.94997724e+00  7.60250000e-09  1.94942879e+00 
 7.60350000e-09  1.09221674e+00  7.60350000e-09  1.94997842e+00  7.60350000e-09  1.94943094e+00 
 7.60450000e-09  1.04002916e+00  7.60450000e-09  1.94997846e+00  7.60450000e-09  1.94950859e+00 
 7.60550000e-09  9.87844976e-01  7.60550000e-09  1.94997955e+00  7.60550000e-09  1.94950626e+00 
 7.60650000e-09  9.35640007e-01  7.60650000e-09  1.94997953e+00  7.60650000e-09  1.94957705e+00 
 7.60750000e-09  8.83344457e-01  7.60750000e-09  1.94998054e+00  7.60750000e-09  1.94957106e+00 
 8.10450000e-09  7.58777319e-04  8.10450000e-09  1.15285943e+00  8.10450000e-09  1.94995937e+00 
 8.10550000e-09  1.26085859e-03  8.10550000e-09  1.10913851e+00  8.10550000e-09  1.94995776e+00 
 8.10650000e-09  1.77107261e-03  8.10650000e-09  1.06496405e+00  8.10650000e-09  1.94995945e+00 
 8.10750000e-09  2.35849256e-03  8.10750000e-09  1.02035915e+00  8.10750000e-09  1.94996421e+00 
 8.10850000e-09  2.94358513e-03  8.10850000e-09  9.75318495e-01  8.10850000e-09  1.94997375e+00 
 8.10950000e-09  3.38856253e-03  8.10950000e-09  9.29867792e-01  8.10950000e-09  1.94998720e+00 
 8.18850000e-09  9.42264664e-01  8.18850000e-09  3.10778222e-03  8.18850000e-09  1.95109869e+00 
 8.18950000e-09  9.79293532e-01  8.18950000e-09  2.96894702e-03  8.18950000e-09  1.95097430e+00 
 8.19050000e-09  1.01605504e+00  8.19050000e-09  2.83876239e-03  8.19050000e-09  1.95085672e+00 
 8.19150000e-09  1.05246197e+00  8.19150000e-09  2.71880154e-03  8.19150000e-09  1.95075039e+00 
 8.19250000e-09  1.08849038e+00  8.19250000e-09  2.60754959e-03  8.19250000e-09  1.95065282e+00 
 8.19350000e-09  1.12422699e+00  8.19350000e-09  2.50243636e-03  8.19350000e-09  1.95056769e+00 
 8.52550000e-09  1.94999845e+00  8.52550000e-09  8.24830615e-01  8.52550000e-09  1.95000859e+00 
 8.52650000e-09  1.94999861e+00  8.52650000e-09  8.95256460e-01  8.52650000e-09  1.94991336e+00 
 8.52750000e-09  1.94999856e+00  8.52750000e-09  9.65041485e-01  8.52750000e-09  1.94979892e+00 
 8.52850000e-09  1.94999871e+00  8.52850000e-09  1.03403949e+00  8.52850000e-09  1.94967074e+00 
 8.52950000e-09  1.94999866e+00  8.52950000e-09  1.10228347e+00  8.52950000e-09  1.94954789e+00 
 8.53050000e-09  1.94999880e+00  8.53050000e-09  1.16993561e+00  8.53050000e-09  1.94942723e+00 
 8.65950000e-09  1.94125299e+00  8.65950000e-09  1.94993726e+00  8.65950000e-09  1.18555077e+00 
 8.66050000e-09  1.94046738e+00  8.66050000e-09  1.94996627e+00  8.66050000e-09  1.12801561e+00 
 8.66150000e-09  1.93952079e+00  8.66150000e-09  1.94999598e+00  8.66150000e-09  1.07035098e+00 
 8.66250000e-09  1.93834730e+00  8.66250000e-09  1.95002235e+00  8.66250000e-09  1.01236589e+00 
 8.66350000e-09  1.93690932e+00  8.66350000e-09  1.95004674e+00  8.66350000e-09  9.53931068e-01 
 8.66450000e-09  1.93522538e+00  8.66450000e-09  1.95006055e+00  8.66450000e-09  8.94895469e-01 
 8.72450000e-09  1.14632211e+00  8.72450000e-09  1.94999354e+00  8.72450000e-09  2.94825858e-03 
 8.72550000e-09  1.09401985e+00  8.72550000e-09  1.94999301e+00  8.72550000e-09  2.83688654e-03 
 8.72650000e-09  1.04182928e+00  8.72650000e-09  1.94999153e+00  8.72650000e-09  2.75173545e-03 
 8.72750000e-09  9.89646311e-01  8.72750000e-09  1.94999128e+00  8.72750000e-09  2.64996488e-03 
 8.72850000e-09  9.37442276e-01  8.72850000e-09  1.94999011e+00  8.72850000e-09  2.57366776e-03 
 8.72950000e-09  8.85150613e-01  8.72950000e-09  1.94999007e+00  8.72950000e-09  2.47982266e-03 
 9.22650000e-09  7.50813212e-04  9.22650000e-09  1.15408959e+00  9.22650000e-09 -9.96926249e-07 
 9.22750000e-09  1.25236509e-03  9.22750000e-09  1.11037968e+00  9.22750000e-09 -1.08451874e-06 
 9.22850000e-09  1.76280066e-03  9.22850000e-09  1.06621687e+00  9.22850000e-09  8.28145857e-07 
 9.22950000e-09  2.34764831e-03  9.22950000e-09  1.02162294e+00  9.22950000e-09  1.29410183e-06 
 9.23050000e-09  2.93500904e-03  9.23050000e-09  9.76594001e-01  9.23050000e-09  3.59956714e-06 
 9.23150000e-09  3.38234656e-03  9.23150000e-09  9.31154527e-01  9.23150000e-09  4.59071974e-06 
 9.31050000e-09  9.41628262e-01  9.31050000e-09  3.46601145e-03  9.31050000e-09  1.85426525e-06 
 9.31150000e-09  9.78660633e-01  9.31150000e-09  3.36115625e-03  9.31150000e-09  1.39982306e-05 
 9.31250000e-09  1.01543508e+00  9.31250000e-09  3.25447158e-03  9.31250000e-09  2.32544297e-05 
 9.31350000e-09  1.05185560e+00  9.31350000e-09  3.14933920e-03  9.31350000e-09  3.21878439e-05 
 9.31450000e-09  1.08789442e+00  9.31450000e-09  3.05238487e-03  9.31450000e-09  4.03542364e-05 
 9.31550000e-09  1.12363971e+00  9.31550000e-09  2.96189502e-03  9.31550000e-09  4.76447807e-05 
 9.64750000e-09  1.94999844e+00  9.64750000e-09  8.22008372e-01  9.64750000e-09 -6.14848598e-05 
 9.64850000e-09  1.94999862e+00  9.64850000e-09  8.92527768e-01  9.64850000e-09 -9.86772806e-05 
 9.64950000e-09  1.94999855e+00  9.64950000e-09  9.62537575e-01  9.64950000e-09 -1.29356825e-04 
 9.65050000e-09  1.94999872e+00  9.65050000e-09  1.03190660e+00  9.65050000e-09 -1.48250691e-04 
 9.65150000e-09  1.94999865e+00  9.65150000e-09  1.10066499e+00  9.65150000e-09 -1.61730497e-04 
 9.65250000e-09  1.94999880e+00  9.65250000e-09  1.16892545e+00  9.65250000e-09 -1.80043316e-04 
 9.76750000e-09  1.94937219e+00  9.76750000e-09  1.94988346e+00  9.76750000e-09  8.82439316e-01 
 9.76850000e-09  1.94900092e+00  9.76850000e-09  1.94988910e+00  9.76850000e-09  9.43002185e-01 
 9.76950000e-09  1.94857889e+00  9.76950000e-09  1.94989861e+00  9.76950000e-09  1.00270445e+00 
 9.77050000e-09  1.94812294e+00  9.77050000e-09  1.94990219e+00  9.77050000e-09  1.06410276e+00 
 9.77150000e-09  1.94764762e+00  9.77150000e-09  1.94991320e+00  9.77150000e-09  1.13082855e+00 
 9.77250000e-09  1.94711946e+00  9.77250000e-09  1.94990412e+00  9.77250000e-09  1.20417368e+00 
 9.84650000e-09  1.14732275e+00  9.84650000e-09  1.94997723e+00  9.84650000e-09  1.94942829e+00 
 9.84750000e-09  1.09501849e+00  9.84750000e-09  1.94997836e+00  9.84750000e-09  1.94942672e+00 
 9.84850000e-09  1.04282604e+00  9.84850000e-09  1.94997845e+00  9.84850000e-09  1.94950836e+00 
 9.84950000e-09  9.90643500e-01  9.84950000e-09  1.94997949e+00  9.84950000e-09  1.94950242e+00 
 9.85050000e-09  9.38439786e-01  9.85050000e-09  1.94997953e+00  9.85050000e-09  1.94957706e+00 
 9.85150000e-09  8.86150065e-01  9.85150000e-09  1.94998048e+00  9.85150000e-09  1.94956757e+00 
 1.03485000e-08  7.25635747e-04  1.03485000e-08  1.15479539e+00  1.03485000e-08  1.94995947e+00 
 1.03495000e-08  1.22560867e-03  1.03495000e-08  1.11109397e+00  1.03495000e-08  1.94995777e+00 
 1.03505000e-08  1.73672568e-03  1.03505000e-08  1.06693969e+00  1.03505000e-08  1.94995931e+00 
 1.03515000e-08  2.31348332e-03  1.03515000e-08  1.02235365e+00  1.03515000e-08  1.94996391e+00 
 1.03525000e-08  2.90793747e-03  1.03525000e-08  9.77332292e-01  1.03525000e-08  1.94997324e+00 
 1.03535000e-08  3.36269327e-03  1.03535000e-08  9.31899429e-01  1.03535000e-08  1.94998650e+00 
 1.04325000e-08  9.39679435e-01  1.04325000e-08  3.11382235e-03  1.04325000e-08  1.95110438e+00 
 1.04335000e-08  9.76723093e-01  1.04335000e-08  2.97529562e-03  1.04335000e-08  1.95097971e+00 
 1.04345000e-08  1.01350587e+00  1.04345000e-08  2.84411219e-03  1.04345000e-08  1.95086176e+00 
 1.04355000e-08  1.04994035e+00  1.04355000e-08  2.72427631e-03  1.04355000e-08  1.95075499e+00 
 1.04365000e-08  1.08599311e+00  1.04365000e-08  2.61211519e-03  1.04365000e-08  1.95065693e+00 
 1.04375000e-08  1.12174047e+00  1.04375000e-08  2.50735113e-03  1.04375000e-08  1.95057133e+00 
 1.07695000e-08  1.94999842e+00  1.07695000e-08  8.19754894e-01  1.07695000e-08  1.95001614e+00 
 1.07705000e-08  1.94999864e+00  1.07705000e-08  8.90222927e-01  1.07705000e-08  1.94992071e+00 
 1.07715000e-08  1.94999853e+00  1.07715000e-08  9.60058839e-01  1.07715000e-08  1.94980758e+00 
 1.07725000e-08  1.94999874e+00  1.07725000e-08  1.02911561e+00  1.07725000e-08  1.94967995e+00 
 1.07735000e-08  1.94999862e+00  1.07735000e-08  1.09740995e+00  1.07735000e-08  1.94955548e+00 
 1.07745000e-08  1.94999882e+00  1.07745000e-08  1.16509188e+00  1.07745000e-08  1.94943684e+00 
 1.09035000e-08  1.94130429e+00  1.09035000e-08  1.94993493e+00  1.09035000e-08  1.18964436e+00 
 1.09045000e-08  1.94052772e+00  1.09045000e-08  1.94996429e+00  1.09045000e-08  1.13211079e+00 
 1.09055000e-08  1.93959449e+00  1.09055000e-08  1.94999393e+00  1.09055000e-08  1.07446499e+00 
 1.09065000e-08  1.93843896e+00  1.09065000e-08  1.95002062e+00  1.09065000e-08  1.01650440e+00 
 1.09075000e-08  1.93701954e+00  1.09075000e-08  1.95004516e+00  1.09075000e-08  9.58110149e-01 
 1.09085000e-08  1.93535123e+00  1.09085000e-08  1.95005981e+00  1.09085000e-08  8.99117323e-01 
 1.09685000e-08  1.15002415e+00  1.09685000e-08  1.94999360e+00  1.09685000e-08  2.95832275e-03 
 1.09695000e-08  1.09771504e+00  1.09695000e-08  1.94999308e+00  1.09695000e-08  2.84083794e-03 
 1.09705000e-08  1.04551809e+00  1.09705000e-08  1.94999157e+00  1.09705000e-08  2.76106597e-03 
 1.09715000e-08  9.93337495e-01  1.09715000e-08  1.94999134e+00  1.09715000e-08  2.65330879e-03 
 1.09725000e-08  9.41135267e-01  1.09725000e-08  1.94999014e+00  1.09725000e-08  2.58238968e-03 
 1.09735000e-08  8.88851104e-01  1.09735000e-08  1.94999011e+00  1.09735000e-08  2.48266635e-03 
 1.14705000e-08  7.13831137e-04  1.14705000e-08  1.15666742e+00  1.14705000e-08 -9.90957373e-07 
 1.14715000e-08  1.21290429e-03  1.14715000e-08  1.11298353e+00  1.14715000e-08 -1.15869347e-06 
 1.14725000e-08  1.72425739e-03  1.14725000e-08  1.06884761e+00  1.14725000e-08  7.98487465e-07 
 1.14735000e-08  2.29711838e-03  1.14735000e-08  1.02427881e+00  1.14735000e-08  1.18326246e-06 
 1.14745000e-08  2.89492347e-03  1.14745000e-08  9.79275591e-01  1.14745000e-08  3.52713293e-06 
 1.14755000e-08  3.35320270e-03  1.14755000e-08  9.33859893e-01  1.14755000e-08  4.46877440e-06 
 1.15545000e-08  9.38770221e-01  1.15545000e-08  3.47167082e-03  1.15545000e-08  1.06056350e-06 
 1.15555000e-08  9.75818960e-01  1.15555000e-08  3.36778017e-03  1.15555000e-08  1.33099845e-05 
 1.15565000e-08  1.01261672e+00  1.15565000e-08  3.26051812e-03  1.15565000e-08  2.27591116e-05 
 1.15575000e-08  1.04906728e+00  1.15575000e-08  3.15565539e-03  1.15575000e-08  3.16448659e-05 
 1.15585000e-08  1.08513349e+00  1.15585000e-08  3.05766676e-03  1.15585000e-08  3.99010922e-05 
 1.15595000e-08  1.12089628e+00  1.15595000e-08  2.96728207e-03  1.15595000e-08  4.72495355e-05 
 1.18915000e-08  1.94999840e+00  1.18915000e-08  8.16434922e-01  1.18915000e-08 -5.84228907e-05 
 1.18925000e-08  1.94999865e+00  1.18925000e-08  8.86990454e-01  1.18925000e-08 -9.57854946e-05 
 1.18935000e-08  1.94999851e+00  1.18935000e-08  9.57045537e-01  1.18935000e-08 -1.27493272e-04 
 1.18945000e-08  1.94999875e+00  1.18945000e-08  1.02646764e+00  1.18945000e-08 -1.46895750e-04 
 1.18955000e-08  1.94999861e+00  1.18955000e-08  1.09527106e+00  1.18955000e-08 -1.60702328e-04 
 1.18965000e-08  1.94999884e+00  1.18965000e-08  1.16356056e+00  1.18965000e-08 -1.78388306e-04 
 1.20115000e-08  1.94939543e+00  1.20115000e-08  1.94988267e+00  1.20115000e-08  8.77568737e-01 
 1.20125000e-08  1.94902487e+00  1.20125000e-08  1.94988872e+00  1.20125000e-08  9.38239886e-01 
 1.20135000e-08  1.94860804e+00  1.20135000e-08  1.94989782e+00  1.20135000e-08  9.97963250e-01 
 1.20145000e-08  1.94815222e+00  1.20145000e-08  1.94990218e+00  1.20145000e-08  1.05899791e+00 
 1.20155000e-08  1.94767906e+00  1.20155000e-08  1.94991261e+00  1.20155000e-08  1.12518960e+00 
 1.20165000e-08  1.94715535e+00  1.20165000e-08  1.94990436e+00  1.20165000e-08  1.19833673e+00 
 1.20905000e-08  1.15051526e+00  1.20905000e-08  1.94997721e+00  1.20905000e-08  1.94942238e+00 
 1.20915000e-08  1.09820514e+00  1.20915000e-08  1.94997828e+00  1.20915000e-08  1.94942565e+00 
 1.20925000e-08  1.04600723e+00  1.20925000e-08  1.94997844e+00  1.20925000e-08  1.94950305e+00 
 1.20935000e-08  9.93826694e-01  1.20935000e-08  1.94997942e+00  1.20935000e-08  1.94950177e+00 
 1.20945000e-08  9.41624570e-01  1.20945000e-08  1.94997952e+00  1.20945000e-08  1.94957225e+00 
 1.20955000e-08  8.89341379e-01  1.20955000e-08  1.94998042e+00  1.20955000e-08  1.94956722e+00 
 1.25475000e-08  6.40487912e-05  1.25475000e-08  1.98902676e+00  1.25475000e-08  1.94999913e+00 
 1.25925000e-08  7.07298788e-04  1.25925000e-08  1.15849825e+00  1.25925000e-08  1.94995963e+00 
 1.25935000e-08  1.20586421e-03  1.25935000e-08  1.11483424e+00  1.25935000e-08  1.94995785e+00 
 1.25945000e-08  1.71733660e-03  1.25945000e-08  1.07071860e+00  1.25945000e-08  1.94995903e+00 
 1.25955000e-08  2.28803058e-03  1.25955000e-08  1.02616872e+00  1.25955000e-08  1.94996338e+00 
 1.25965000e-08  2.88768823e-03  1.25965000e-08  9.81184351e-01  1.25965000e-08  1.94997225e+00 
 1.25975000e-08  3.34792131e-03  1.25975000e-08  9.35785752e-01  1.25975000e-08  1.94998522e+00 
 1.26765000e-08  9.38264558e-01  1.26765000e-08  3.12522838e-03  1.26765000e-08  1.95111514e+00 
 1.26775000e-08  9.75316540e-01  1.26775000e-08  2.98726646e-03  1.26775000e-08  1.95099005e+00 
 1.26785000e-08  1.01211138e+00  1.26785000e-08  2.85422990e-03  1.26785000e-08  1.95087127e+00 
 1.26795000e-08  1.04856092e+00  1.26795000e-08  2.73461117e-03  1.26795000e-08  1.95076376e+00 
 1.26805000e-08  1.08462760e+00  1.26805000e-08  2.62073881e-03  1.26805000e-08  1.95066471e+00 
 1.26815000e-08  1.12038387e+00  1.26815000e-08  2.51661126e-03  1.26815000e-08  1.95057828e+00 
 1.30135000e-08  1.94999839e+00  1.30135000e-08  8.17083154e-01  1.30135000e-08  1.95002003e+00 
 1.30145000e-08  1.94999865e+00  1.30145000e-08  8.87573222e-01  1.30145000e-08  1.94992454e+00 
 1.30155000e-08  1.94999851e+00  1.30155000e-08  9.57436148e-01  1.30155000e-08  1.94981213e+00 
 1.30165000e-08  1.94999875e+00  1.30165000e-08  1.02652395e+00  1.30165000e-08  1.94968478e+00 
 1.30175000e-08  1.94999861e+00  1.30175000e-08  1.09484551e+00  1.30175000e-08  1.94955949e+00 
 1.30185000e-08  1.94999884e+00  1.30185000e-08  1.16254416e+00  1.30185000e-08  1.94944187e+00 
 1.31475000e-08  1.94132831e+00  1.31475000e-08  1.94993369e+00  1.31475000e-08  1.19185153e+00 
 1.31485000e-08  1.94055603e+00  1.31485000e-08  1.94996319e+00  1.31485000e-08  1.13431861e+00 
 1.31495000e-08  1.93962912e+00  1.31495000e-08  1.94999284e+00  1.31495000e-08  1.07668272e+00 
 1.31505000e-08  1.93848213e+00  1.31505000e-08  1.95001964e+00  1.31505000e-08  1.01873503e+00 
 1.31515000e-08  1.93707163e+00  1.31515000e-08  1.95004432e+00  1.31515000e-08  9.60362492e-01 
 1.31525000e-08  1.93541093e+00  1.31525000e-08  1.95005937e+00  1.31525000e-08  9.01392590e-01 
 1.32125000e-08  1.15179026e+00  1.32125000e-08  1.94999363e+00  1.32125000e-08  2.96371194e-03 
 1.32135000e-08  1.09947782e+00  1.32135000e-08  1.94999313e+00  1.32135000e-08  2.84287471e-03 
 1.32145000e-08  1.04727772e+00  1.32145000e-08  1.94999159e+00  1.32145000e-08  2.76606232e-03 
 1.32155000e-08  9.95097645e-01  1.32155000e-08  1.94999138e+00  1.32155000e-08  2.65502194e-03 
 1.32165000e-08  9.42896230e-01  1.32165000e-08  1.94999014e+00  1.32165000e-08  2.58705974e-03 
 1.32175000e-08  8.90615795e-01  1.32175000e-08  1.94999015e+00  1.32175000e-08  2.48411589e-03 
 1.37145000e-08  7.02716362e-04  1.37145000e-08  1.15815365e+00  1.37145000e-08 -1.00236111e-06 
 1.37155000e-08  1.20091826e-03  1.37155000e-08  1.11448477e+00  1.37155000e-08 -1.18774726e-06 
 1.37165000e-08  1.71246996e-03  1.37165000e-08  1.07036436e+00  1.37165000e-08  7.66803172e-07 
 1.37175000e-08  2.28163846e-03  1.37175000e-08  1.02581008e+00  1.37175000e-08  1.13100616e-06 
 1.37185000e-08  2.88259520e-03  1.37185000e-08  9.80821704e-01  1.37185000e-08  3.47283031e-06 
 1.37195000e-08  3.34419821e-03  1.37195000e-08  9.35419746e-01  1.37195000e-08  4.41098358e-06 
 1.37985000e-08  9.37905487e-01  1.37985000e-08  3.47491141e-03  1.37985000e-08  6.00852918e-07 
 1.37995000e-08  9.74959461e-01  1.37995000e-08  3.37157299e-03  1.37995000e-08  1.29175709e-05 
 1.38005000e-08  1.01176463e+00  1.38005000e-08  3.26399693e-03  1.38005000e-08  2.24636312e-05 
 1.38015000e-08  1.04821603e+00  1.38015000e-08  3.15923752e-03  1.38015000e-08  3.13240357e-05 
 1.38025000e-08  1.08428292e+00  1.38025000e-08  3.06066553e-03  1.38025000e-08  3.96278542e-05 
 1.38035000e-08  1.12005202e+00  1.38035000e-08  2.97040779e-03  1.38035000e-08  4.70469368e-05 
 1.41365000e-08  1.94999865e+00  1.41365000e-08  8.85435103e-01  1.41365000e-08 -9.49729965e-05 
 1.41375000e-08  1.94999850e+00  1.41375000e-08  9.55502692e-01  1.41375000e-08 -1.28107168e-04 
 1.41385000e-08  1.94999876e+00  1.41385000e-08  1.02493957e+00  1.41385000e-08 -1.47815589e-04 
 1.41395000e-08  1.94999860e+00  1.41395000e-08  1.09375574e+00  1.41395000e-08 -1.60549423e-04 
 1.41405000e-08  1.94999884e+00  1.41405000e-08  1.16205366e+00  1.41405000e-08 -1.77905520e-04 
 1.41415000e-08  1.94999868e+00  1.41415000e-08  1.23015016e+00  1.41415000e-08 -1.99701850e-04 
 1.42555000e-08  1.94940785e+00  1.42555000e-08  1.94988246e+00  1.42555000e-08  8.76218486e-01 
 1.42565000e-08  1.94903767e+00  1.42565000e-08  1.94988861e+00  1.42565000e-08  9.36920239e-01 
 1.42575000e-08  1.94862360e+00  1.42575000e-08  1.94989760e+00  1.42575000e-08  9.96651400e-01 
 1.42585000e-08  1.94816782e+00  1.42585000e-08  1.94990217e+00  1.42585000e-08  1.05759646e+00 
 1.42595000e-08  1.94769577e+00  1.42595000e-08  1.94991244e+00  1.42595000e-08  1.12363697e+00 
 1.42605000e-08  1.94717440e+00  1.42605000e-08  1.94990444e+00  1.42605000e-08  1.19671924e+00 
 1.43345000e-08  1.15244092e+00  1.43345000e-08  1.94997721e+00  1.43345000e-08  1.94942091e+00 
 1.43355000e-08  1.10012732e+00  1.43355000e-08  1.94997826e+00  1.43355000e-08  1.94942555e+00 
 1.43365000e-08  1.04792614e+00  1.43365000e-08  1.94997843e+00  1.43365000e-08  1.94950171e+00 
 1.43375000e-08  9.95746283e-01  1.43375000e-08  1.94997940e+00  1.43375000e-08  1.94950175e+00 
 1.43385000e-08  9.43545429e-01  1.43385000e-08  1.94997952e+00  1.43385000e-08  1.94957104e+00 
 1.43395000e-08  8.91266233e-01  1.43395000e-08  1.94998040e+00  1.43395000e-08  1.94956727e+00 
 1.48375000e-08  1.18213094e-03  1.48375000e-08  1.11510953e+00  1.48375000e-08  1.94995787e+00 
 1.48385000e-08  1.69394215e-03  1.48385000e-08  1.07099677e+00  1.48385000e-08  1.94995899e+00 
 1.48395000e-08  2.25729695e-03  1.48395000e-08  1.02644954e+00  1.48395000e-08  1.94996335e+00 
 1.48405000e-08  2.86316664e-03  1.48405000e-08  9.81467931e-01  1.48405000e-08  1.94997217e+00 
 1.48415000e-08  3.32997186e-03  1.48415000e-08  9.36071835e-01  1.48415000e-08  1.94998514e+00 
 1.48425000e-08  3.66234100e-03  1.48425000e-08  8.90267625e-01  1.48425000e-08  1.95000283e+00 
 1.49205000e-08  9.36529407e-01  1.49205000e-08  3.12611857e-03  1.49205000e-08  1.95111599e+00 
 1.49215000e-08  9.73590738e-01  1.49215000e-08  2.98818695e-03  1.49215000e-08  1.95099088e+00 
 1.49225000e-08  1.01039960e+00  1.49225000e-08  2.85501963e-03  1.49225000e-08  1.95087202e+00 
 1.49235000e-08  1.04686731e+00  1.49235000e-08  2.73540398e-03  1.49235000e-08  1.95076447e+00 
 1.49245000e-08  1.08295692e+00  1.49245000e-08  2.62144054e-03  1.49245000e-08  1.95066531e+00 
 1.49255000e-08  1.11873023e+00  1.49255000e-08  2.51736797e-03  1.49255000e-08  1.95057886e+00 
 1.52585000e-08  1.94999867e+00  1.52585000e-08  8.84238701e-01  1.52585000e-08  1.94992931e+00 
 1.52595000e-08  1.94999848e+00  1.52595000e-08  9.54136926e-01  1.52595000e-08  1.94981780e+00 
 1.52605000e-08  1.94999877e+00  1.52605000e-08  1.02326305e+00  1.52605000e-08  1.94969089e+00 
 1.52615000e-08  1.94999859e+00  1.52615000e-08  1.09161880e+00  1.52615000e-08  1.94956454e+00 
 1.52625000e-08  1.94999886e+00  1.52625000e-08  1.15933903e+00  1.52625000e-08  1.94944814e+00 
 1.52635000e-08  1.94999867e+00  1.52635000e-08  1.22688729e+00  1.52635000e-08  1.94930707e+00 
 1.53915000e-08  1.94136324e+00  1.53915000e-08  1.94993220e+00  1.53915000e-08  1.19455064e+00 
 1.53925000e-08  1.94059710e+00  1.53925000e-08  1.94996185e+00  1.53925000e-08  1.13701814e+00 
 1.53935000e-08  1.93967933e+00  1.53935000e-08  1.94999150e+00  1.53935000e-08  1.07939376e+00 
 1.53945000e-08  1.93854472e+00  1.53945000e-08  1.95001845e+00  1.53945000e-08  1.02146138e+00 
 1.53955000e-08  1.93714732e+00  1.53955000e-08  1.95004328e+00  1.53955000e-08  9.63114837e-01 
 1.53965000e-08  1.93549824e+00  1.53965000e-08  1.95005885e+00  1.53965000e-08  9.04172631e-01 
 1.54565000e-08  1.15437873e+00  1.54565000e-08  1.94999370e+00  1.54565000e-08  2.96661838e-03 
 1.54575000e-08  1.10206136e+00  1.54575000e-08  1.94999317e+00  1.54575000e-08  2.84952555e-03 
 1.54585000e-08  1.04985657e+00  1.54585000e-08  1.94999164e+00  1.54585000e-08  2.76849232e-03 
 1.54595000e-08  9.97677147e-01  1.54595000e-08  1.94999141e+00  1.54595000e-08  2.66122075e-03 
 1.54605000e-08  9.45477743e-01  1.54605000e-08  1.94999018e+00  1.54605000e-08  2.58913311e-03 
 1.54615000e-08  8.93202122e-01  1.54615000e-08  1.94999017e+00  1.54615000e-08  2.48994197e-03 
 1.59595000e-08  1.17036505e-03  1.59595000e-08  1.11668185e+00  1.59595000e-08 -1.27259792e-06 
 1.59605000e-08  1.68230868e-03  1.59605000e-08  1.07258417e+00  1.59605000e-08  4.87936294e-07 
 1.59615000e-08  2.24199821e-03  1.59615000e-08  1.02805114e+00  1.59615000e-08  1.09256696e-06 
 1.59625000e-08  2.85093205e-03  1.59625000e-08  9.83084519e-01  1.59625000e-08  3.30010520e-06 
 1.59635000e-08  3.32098922e-03  1.59635000e-08  9.37702705e-01  1.59635000e-08  4.40330623e-06 
 1.59645000e-08  3.65608039e-03  1.59645000e-08  8.91913585e-01  1.59645000e-08  6.78611460e-06 
 1.60425000e-08  9.35677777e-01  1.60425000e-08  3.47968572e-03  1.60425000e-08 -1.47714776e-07 
 1.60435000e-08  9.72743645e-01  1.60435000e-08  3.37716602e-03  1.60435000e-08  1.24034022e-05 
 1.60445000e-08  1.00956643e+00  1.60445000e-08  3.26914158e-03  1.60445000e-08  2.20035655e-05 
 1.60455000e-08  1.04604068e+00  1.60455000e-08  3.16461950e-03  1.60455000e-08  3.09128295e-05 
 1.60465000e-08  1.08212932e+00  1.60465000e-08  3.06518954e-03  1.60465000e-08  3.91980620e-05 
 1.60475000e-08  1.11791293e+00  1.60475000e-08  2.97500549e-03  1.60475000e-08  4.67549315e-05 
 1.63805000e-08  1.94999868e+00  1.63805000e-08  8.81121781e-01  1.63805000e-08 -9.27269468e-05 
 1.63815000e-08  1.94999847e+00  1.63815000e-08  9.51225257e-01  1.63815000e-08 -1.26309237e-04 
 1.63825000e-08  1.94999878e+00  1.63825000e-08  1.02070272e+00  1.63825000e-08 -1.46384438e-04 
 1.63835000e-08  1.94999857e+00  1.63835000e-08  1.08954825e+00  1.63835000e-08 -1.59571803e-04 
 1.63845000e-08  1.94999887e+00  1.63845000e-08  1.15786417e+00  1.63845000e-08 -1.76572105e-04 
 1.63855000e-08  1.94999865e+00  1.63855000e-08  1.22596200e+00  1.63855000e-08 -1.98349242e-04 
 1.64995000e-08  1.94942848e+00  1.64995000e-08  1.94988185e+00  1.64995000e-08  8.72447433e-01 
 1.65005000e-08  1.94905895e+00  1.65005000e-08  1.94988831e+00  1.65005000e-08  9.33236324e-01 
 1.65015000e-08  1.94864941e+00  1.65015000e-08  1.94989697e+00  1.65015000e-08  9.92993638e-01 
 1.65025000e-08  1.94819368e+00  1.65025000e-08  1.94990212e+00  1.65025000e-08  1.05371189e+00 
 1.65035000e-08  1.94772342e+00  1.65035000e-08  1.94991193e+00  1.65035000e-08  1.11932916e+00 
 1.65045000e-08  1.94720587e+00  1.65045000e-08  1.94990473e+00  1.65045000e-08  1.19220526e+00 
 1.65785000e-08  1.15540324e+00  1.65785000e-08  1.94997719e+00  1.65785000e-08  1.94941628e+00 
 1.65795000e-08  1.10308393e+00  1.65795000e-08  1.94997820e+00  1.65795000e-08  1.94942492e+00 
 1.65805000e-08  1.05087728e+00  1.65805000e-08  1.94997842e+00  1.65805000e-08  1.94949753e+00 
 1.65815000e-08  9.98698102e-01  1.65815000e-08  1.94997934e+00  1.65815000e-08  1.94950141e+00 
 1.65825000e-08  9.46499461e-01  1.65825000e-08  1.94997951e+00  1.65825000e-08  1.94956725e+00 
 1.65835000e-08  8.94225736e-01  1.65835000e-08  1.94998035e+00  1.65835000e-08  1.94956718e+00 
 1.70815000e-08  1.15048735e-03  1.70815000e-08  1.11757066e+00  1.70815000e-08  1.94995793e+00 
 1.70825000e-08  1.66265427e-03  1.70825000e-08  1.07348338e+00  1.70825000e-08  1.94995882e+00 
 1.70835000e-08  2.21608103e-03  1.70835000e-08  1.02895999e+00  1.70835000e-08  1.94996303e+00 
 1.70845000e-08  2.83021317e-03  1.70845000e-08  9.84002787e-01  1.70845000e-08  1.94997153e+00 
 1.70855000e-08  3.30570104e-03  1.70855000e-08  9.38629302e-01  1.70855000e-08  1.94998431e+00 
 1.70865000e-08  3.64544124e-03  1.70865000e-08  8.92847872e-01  1.70865000e-08  1.95000170e+00 
 1.71645000e-08  9.34216580e-01  1.71645000e-08  3.13385037e-03  1.71645000e-08  1.95112325e+00 
 1.71655000e-08  9.71290051e-01  1.71655000e-08  2.99613134e-03  1.71655000e-08  1.95099788e+00 
 1.71665000e-08  1.00811723e+00  1.71665000e-08  2.86189238e-03  1.71665000e-08  1.95087843e+00 
 1.71675000e-08  1.04460901e+00  1.71675000e-08  2.74226286e-03  1.71675000e-08  1.95077041e+00 
 1.71685000e-08  1.08072145e+00  1.71685000e-08  2.62730187e-03  1.71685000e-08  1.95067057e+00 
 1.71695000e-08  1.11651020e+00  1.71695000e-08  2.52348916e-03  1.71695000e-08  1.95058358e+00 
 1.75025000e-08  1.94999869e+00  1.75025000e-08  8.79856310e-01  1.75025000e-08  1.94993554e+00 
 1.75035000e-08  1.94999845e+00  1.75035000e-08  9.49797305e-01  1.75035000e-08  1.94982527e+00 
 1.75045000e-08  1.94999880e+00  1.75045000e-08  1.01897355e+00  1.75045000e-08  1.94969887e+00 
 1.75055000e-08  1.94999855e+00  1.75055000e-08  1.08737456e+00  1.75055000e-08  1.94957113e+00 
 1.75065000e-08  1.94999889e+00  1.75065000e-08  1.15512465e+00  1.75065000e-08  1.94945642e+00 
 1.75075000e-08  1.94999864e+00  1.75075000e-08  1.22266251e+00  1.75075000e-08  1.94931678e+00 
 1.76355000e-08  1.94140464e+00  1.76355000e-08  1.94993021e+00  1.76355000e-08  1.19815375e+00 
 1.76365000e-08  1.94064563e+00  1.76365000e-08  1.94996008e+00  1.76365000e-08  1.14062139e+00 
 1.76375000e-08  1.93973854e+00  1.76375000e-08  1.94998970e+00  1.76375000e-08  1.08301168e+00 
 1.76385000e-08  1.93861856e+00  1.76385000e-08  1.95001684e+00  1.76385000e-08  1.02509911e+00 
 1.76395000e-08  1.93723682e+00  1.76395000e-08  1.95004188e+00  1.76395000e-08  9.66786640e-01 
 1.76405000e-08  1.93560141e+00  1.76405000e-08  1.95005811e+00  1.76405000e-08  9.07880948e-01 
 1.77005000e-08  1.15747075e+00  1.77005000e-08  1.94999383e+00  1.77005000e-08  2.97120186e-03 
 1.77015000e-08  1.10514748e+00  1.77015000e-08  1.94999326e+00  1.77015000e-08  2.85769710e-03 
 1.77025000e-08  1.05293703e+00  1.77025000e-08  1.94999174e+00  1.77025000e-08  2.77243449e-03 
 1.77035000e-08  1.00075831e+00  1.77035000e-08  1.94999147e+00  1.77035000e-08  2.66879621e-03 
 1.77045000e-08  9.48561228e-01  1.77045000e-08  1.94999025e+00  1.77045000e-08  2.59255103e-03 
 1.77055000e-08  8.96291377e-01  1.77055000e-08  1.94999021e+00  1.77055000e-08  2.49702153e-03 
 1.82035000e-08  1.14536906e-03  1.82035000e-08  1.11921024e+00  1.82035000e-08 -1.19679455e-06 
 1.82045000e-08  1.65758882e-03  1.82045000e-08  1.07513868e+00  1.82045000e-08  3.08215568e-07 
 1.82055000e-08  2.20939220e-03  1.82055000e-08  1.03063024e+00  1.82055000e-08  1.10795299e-06 
 1.82065000e-08  2.82486182e-03  1.82065000e-08  9.85688632e-01  1.82065000e-08  3.08964687e-06 
 1.82075000e-08  3.30174028e-03  1.82075000e-08  9.40330122e-01  1.82075000e-08  4.41045667e-06 
 1.82085000e-08  3.64268354e-03  1.82085000e-08  8.94564341e-01  1.82085000e-08  6.57677674e-06 
 1.82865000e-08  9.33855726e-01  1.82865000e-08  3.48522940e-03  1.82865000e-08 -1.03423959e-06 
 1.82875000e-08  9.70931091e-01  1.82875000e-08  3.38355733e-03  1.82875000e-08  1.19672105e-05 
 1.82885000e-08  1.00776799e+00  1.82885000e-08  3.27513229e-03  1.82885000e-08  2.15004962e-05 
 1.82895000e-08  1.04426083e+00  1.82895000e-08  3.17079779e-03  1.82895000e-08  3.04687808e-05 
 1.82905000e-08  1.08036744e+00  1.82905000e-08  3.07047875e-03  1.82905000e-08  3.86942272e-05 
 1.82915000e-08  1.11616341e+00  1.82915000e-08  2.98028011e-03  1.82915000e-08  4.64329635e-05 
 1.86245000e-08  1.94999870e+00  1.86245000e-08  8.77634450e-01  1.86245000e-08 -9.09631882e-05 
 1.86255000e-08  1.94999844e+00  1.86255000e-08  9.47765294e-01  1.86255000e-08 -1.24835389e-04 
 1.86265000e-08  1.94999880e+00  1.86265000e-08  1.01727575e+00  1.86265000e-08 -1.45206427e-04 
 1.86275000e-08  1.94999855e+00  1.86275000e-08  1.08615049e+00  1.86275000e-08 -1.59121038e-04 
 1.86285000e-08  1.94999889e+00  1.86285000e-08  1.15449937e+00  1.86285000e-08 -1.75472105e-04 
 1.86295000e-08  1.94999863e+00  1.86295000e-08  1.22261211e+00  1.86295000e-08 -1.97398380e-04 
 1.87435000e-08  1.94944546e+00  1.87435000e-08  1.94988138e+00  1.87435000e-08  8.69454898e-01 
 1.87445000e-08  1.94907647e+00  1.87445000e-08  1.94988809e+00  1.87445000e-08  9.30314657e-01 
 1.87455000e-08  1.94867065e+00  1.87455000e-08  1.94989647e+00  1.87455000e-08  9.90097150e-01 
 1.87465000e-08  1.94821492e+00  1.87465000e-08  1.94990207e+00  1.87465000e-08  1.05065794e+00 
 1.87475000e-08  1.94774608e+00  1.87475000e-08  1.94991150e+00  1.87475000e-08  1.11594279e+00 
 1.87485000e-08  1.94723163e+00  1.87485000e-08  1.94990502e+00  1.87485000e-08  1.18862735e+00 
 1.88225000e-08  1.15786088e+00  1.88225000e-08  1.94997718e+00  1.88225000e-08  1.94941253e+00 
 1.88235000e-08  1.10553686e+00  1.88235000e-08  1.94997815e+00  1.88235000e-08  1.94942460e+00 
 1.88245000e-08  1.05332567e+00  1.88245000e-08  1.94997841e+00  1.88245000e-08  1.94949414e+00 
 1.88255000e-08  1.00114702e+00  1.88255000e-08  1.94997930e+00  1.88255000e-08  1.94950130e+00 
 1.88265000e-08  9.48950188e-01  1.88265000e-08  1.94997950e+00  1.88265000e-08  1.94956417e+00 
 1.88275000e-08  8.96681031e-01  1.88275000e-08  1.94998031e+00  1.88275000e-08  1.94956725e+00 
 1.93255000e-08  1.12442024e-03  1.93255000e-08  1.11954913e+00  1.93255000e-08  1.94995799e+00 
 1.93265000e-08  1.63663414e-03  1.93265000e-08  1.07548228e+00  1.93265000e-08  1.94995868e+00 
 1.93275000e-08  2.18164997e-03  1.93275000e-08  1.03097815e+00  1.93275000e-08  1.94996278e+00 
 1.93285000e-08  2.80279450e-03  1.93285000e-08  9.86040536e-01  1.93285000e-08  1.94997102e+00 
 1.93295000e-08  3.28549309e-03  1.93295000e-08  9.40685340e-01  1.93295000e-08  1.94998366e+00 
 1.93305000e-08  3.63142405e-03  1.93305000e-08  8.94922199e-01  1.93305000e-08  1.95000079e+00 
 1.94085000e-08  9.32142177e-01  1.94085000e-08  3.14018318e-03  1.94085000e-08  1.95112912e+00 
 1.94095000e-08  9.69224845e-01  1.94095000e-08  3.00245285e-03  1.94095000e-08  1.95100354e+00 
 1.94105000e-08  1.00606720e+00  1.94105000e-08  2.86749540e-03  1.94105000e-08  1.95088362e+00 
 1.94115000e-08  1.04258095e+00  1.94115000e-08  2.74771037e-03  1.94115000e-08  1.95077519e+00 
 1.94125000e-08  1.07871434e+00  1.94125000e-08  2.63210187e-03  1.94125000e-08  1.95067482e+00 
 1.94135000e-08  1.11451772e+00  1.94135000e-08  2.52834916e-03  1.94135000e-08  1.95058739e+00 
 1.97465000e-08  1.94999869e+00  1.97465000e-08  8.75957636e-01  1.97465000e-08  1.94994105e+00 
 1.97475000e-08  1.94999845e+00  1.97475000e-08  9.45933859e-01  1.97475000e-08  1.94983191e+00 
 1.97485000e-08  1.94999880e+00  1.97485000e-08  1.01515427e+00  1.97485000e-08  1.94970594e+00 
 1.97495000e-08  1.94999855e+00  1.97495000e-08  1.08358625e+00  1.97495000e-08  1.94957780e+00 
 1.97505000e-08  1.94999889e+00  1.97505000e-08  1.15136903e+00  1.97505000e-08  1.94946319e+00 
 1.97515000e-08  1.94999863e+00  1.97515000e-08  1.21894899e+00  1.97515000e-08  1.94932448e+00 
 1.98805000e-08  1.94068330e+00  1.98805000e-08  1.94995855e+00  1.98805000e-08  1.14370669e+00 
 1.98815000e-08  1.93978427e+00  1.98815000e-08  1.94998823e+00  1.98815000e-08  1.08610893e+00 
 1.98825000e-08  1.93867551e+00  1.98825000e-08  1.95001559e+00  1.98825000e-08  1.02821281e+00 
 1.98835000e-08  1.93730630e+00  1.98835000e-08  1.95004068e+00  1.98835000e-08  9.69929276e-01 
 1.98845000e-08  1.93568190e+00  1.98845000e-08  1.95005747e+00  1.98845000e-08  9.11055337e-01 
 1.98855000e-08  1.93386242e+00  1.98855000e-08  1.95006910e+00  1.98855000e-08  8.51558218e-01 
 1.99445000e-08  1.15988331e+00  1.99445000e-08  1.94999392e+00  1.99445000e-08  2.97557787e-03 
 1.99455000e-08  1.10755537e+00  1.99455000e-08  1.94999329e+00  1.99455000e-08  2.86412344e-03 
 1.99465000e-08  1.05534035e+00  1.99465000e-08  1.94999180e+00  1.99465000e-08  2.77625494e-03 
 1.99475000e-08  1.00316205e+00  1.99475000e-08  1.94999149e+00  1.99475000e-08  2.67471969e-03 
 1.99485000e-08  9.50966620e-01  1.99485000e-08  1.94999030e+00  1.99485000e-08  2.59591329e-03 
 1.99495000e-08  8.98701194e-01  1.99495000e-08  1.94999022e+00  1.99495000e-08  2.50253022e-03 
 2.04475000e-08  1.11044933e-03  2.04475000e-08  1.12117081e+00  2.04475000e-08 -1.14936646e-06 
 2.04485000e-08  1.62274331e-03  2.04485000e-08  1.07711950e+00  2.04485000e-08  2.03249907e-07 
 2.04495000e-08  2.16329048e-03  2.04495000e-08  1.03263016e+00  2.04495000e-08  1.13710273e-06 
 2.04505000e-08  2.78804660e-03  2.04505000e-08  9.87707957e-01  2.04505000e-08  2.95129273e-06 
 2.04515000e-08  3.27452952e-03  2.04515000e-08  9.42367583e-01  2.04515000e-08  4.41364546e-06 
 2.04525000e-08  3.62375203e-03  2.04525000e-08  8.96619916e-01  2.04525000e-08  6.42645147e-06 
 2.05305000e-08  9.31140662e-01  2.05305000e-08  3.48958444e-03  2.05305000e-08 -1.75274658e-06 
 2.05315000e-08  9.68228496e-01  2.05315000e-08  3.38838651e-03  2.05315000e-08  1.16220768e-05 
 2.05325000e-08  1.00508512e+00  2.05325000e-08  3.27984602e-03  2.05325000e-08  2.10934895e-05 
 2.05335000e-08  1.04160593e+00  2.05335000e-08  3.17551002e-03  2.05335000e-08  3.01210827e-05 
 2.05345000e-08  1.07773985e+00  2.05345000e-08  3.07468485e-03  2.05345000e-08  3.82985770e-05 
 2.05355000e-08  1.11355521e+00  2.05355000e-08  2.98429993e-03  2.05355000e-08  4.61854282e-05 
 2.08685000e-08  1.94999869e+00  2.08685000e-08  8.72499700e-01  2.08685000e-08 -8.83383676e-05 
 2.08695000e-08  1.94999845e+00  2.08695000e-08  9.42668559e-01  2.08695000e-08 -1.22650562e-04 
 2.08705000e-08  1.94999879e+00  2.08705000e-08  1.01222753e+00  2.08705000e-08 -1.43477066e-04 
 2.08715000e-08  1.94999855e+00  2.08715000e-08  1.08114582e+00  2.08715000e-08 -1.58450337e-04 
 2.08725000e-08  1.94999888e+00  2.08725000e-08  1.14952595e+00  2.08725000e-08 -1.73530973e-04 
 2.08735000e-08  1.94999863e+00  2.08735000e-08  1.21764288e+00  2.08735000e-08 -1.95887626e-04 
 2.09875000e-08  1.94947266e+00  2.09875000e-08  1.94988064e+00  2.09875000e-08  8.64890749e-01 
 2.09885000e-08  1.94910455e+00  2.09885000e-08  1.94988777e+00  2.09885000e-08  9.25861890e-01 
 2.09895000e-08  1.94870465e+00  2.09895000e-08  1.94989567e+00  2.09895000e-08  9.85689918e-01 
 2.09905000e-08  1.94824885e+00  2.09905000e-08  1.94990198e+00  2.09905000e-08  1.04604489e+00 
 2.09915000e-08  1.94778221e+00  2.09915000e-08  1.94991078e+00  2.09915000e-08  1.11083717e+00 
 2.09925000e-08  1.94727258e+00  2.09925000e-08  1.94990557e+00  2.09925000e-08  1.18317938e+00 
 2.10395000e-08  2.05287129e+00  2.10395000e-08  1.94990070e+00  2.10395000e-08  1.94512687e+00 
 2.10665000e-08  1.16165688e+00  2.10665000e-08  1.94997717e+00  2.10665000e-08  1.94940634e+00 
 2.10675000e-08  1.10932545e+00  2.10675000e-08  1.94997807e+00  2.10675000e-08  1.94942412e+00 
 2.10685000e-08  1.05710698e+00  2.10685000e-08  1.94997841e+00  2.10685000e-08  1.94948855e+00 
 2.10695000e-08  1.00492890e+00  2.10695000e-08  1.94997922e+00  2.10695000e-08  1.94950118e+00 
 2.10705000e-08  9.52734627e-01  2.10705000e-08  1.94997950e+00  2.10705000e-08  1.94955908e+00 
 2.10715000e-08  9.00472432e-01  2.10715000e-08  1.94998024e+00  2.10715000e-08  1.94956742e+00 
 2.15695000e-08  1.09067119e-03  2.15695000e-08  1.12254526e+00  2.15695000e-08  1.94995809e+00 
 2.15705000e-08  1.60301906e-03  2.15705000e-08  1.07850940e+00  2.15705000e-08  1.94995850e+00 
 2.15715000e-08  2.13720155e-03  2.15715000e-08  1.03403451e+00  2.15715000e-08  1.94996241e+00 
 2.15725000e-08  2.76704207e-03  2.15725000e-08  9.89126607e-01  2.15725000e-08  1.94997028e+00 
 2.15735000e-08  3.25887247e-03  2.15735000e-08  9.43799181e-01  2.15735000e-08  1.94998269e+00 
 2.15745000e-08  3.61276367e-03  2.15745000e-08  8.98063806e-01  2.15745000e-08  1.94999944e+00 
 2.16525000e-08  9.29689426e-01  2.16525000e-08  3.14977135e-03  2.16525000e-08  1.95113797e+00 
 2.16535000e-08  9.66784578e-01  2.16535000e-08  3.01204342e-03  2.16535000e-08  1.95101206e+00 
 2.16545000e-08  1.00364575e+00  2.16545000e-08  2.87604139e-03  2.16545000e-08  1.95089146e+00 
 2.16555000e-08  1.04018454e+00  2.16555000e-08  2.75598356e-03  2.16555000e-08  1.95078243e+00 
 2.16565000e-08  1.07633607e+00  2.16565000e-08  2.63934933e-03  2.16565000e-08  1.95068129e+00 
 2.16575000e-08  1.11215078e+00  2.16575000e-08  2.53562786e-03  2.16575000e-08  1.95059315e+00 
 2.19905000e-08  1.94999868e+00  2.19905000e-08  8.71305454e-01  2.19905000e-08  1.94994749e+00 
 2.19915000e-08  1.94999844e+00  2.19915000e-08  9.41328647e-01  2.19915000e-08  1.94983975e+00 
 2.19925000e-08  1.94999879e+00  2.19925000e-08  1.01060232e+00  2.19925000e-08  1.94971440e+00 
 2.19935000e-08  1.94999855e+00  2.19935000e-08  1.07908408e+00  2.19935000e-08  1.94958623e+00 
 2.19945000e-08  1.94999888e+00  2.19945000e-08  1.14690169e+00  2.19945000e-08  1.94947167e+00 
 2.19955000e-08  1.94999863e+00  2.19955000e-08  1.21444303e+00  2.19955000e-08  1.94933479e+00 
 2.21245000e-08  1.94074416e+00  2.21245000e-08  1.94995665e+00  2.21245000e-08  1.14754875e+00 
 2.21255000e-08  1.93985832e+00  2.21255000e-08  1.94998624e+00  2.21255000e-08  1.08996516e+00 
 2.21265000e-08  1.93876777e+00  2.21265000e-08  1.95001385e+00  2.21265000e-08  1.03208913e+00 
 2.21275000e-08  1.93741862e+00  2.21275000e-08  1.95003909e+00  2.21275000e-08  9.73840786e-01 
 2.21285000e-08  1.93581217e+00  2.21285000e-08  1.95005666e+00  2.21285000e-08  9.15005340e-01 
 2.21295000e-08  1.93400382e+00  2.21295000e-08  1.95006839e+00  2.21295000e-08  8.55556228e-01 
 2.21885000e-08  1.16382035e+00  2.21885000e-08  1.94999403e+00  2.21885000e-08  2.98170092e-03 
 2.21895000e-08  1.11148463e+00  2.21895000e-08  1.94999333e+00  2.21895000e-08  2.87172159e-03 
 2.21905000e-08  1.05926188e+00  2.21905000e-08  1.94999189e+00  2.21905000e-08  2.78166461e-03 
 2.21915000e-08  1.00708399e+00  2.21915000e-08  1.94999151e+00  2.21915000e-08  2.68169162e-03 
 2.21925000e-08  9.54891050e-01  2.21925000e-08  1.94999037e+00  2.21925000e-08  2.60071817e-03 
 2.21935000e-08  9.02632762e-01  2.21935000e-08  1.94999023e+00  2.21935000e-08  2.50897759e-03 
 2.26915000e-08  1.07099604e-03  2.26915000e-08  1.12425899e+00  2.26915000e-08 -1.10628746e-06 
 2.26925000e-08  1.58330323e-03  2.26925000e-08  1.08023962e+00  2.26925000e-08  1.74565263e-08 
 2.26935000e-08  2.11112234e-03  2.26935000e-08  1.03578044e+00  2.26935000e-08  1.09080886e-06 
 2.26945000e-08  2.74598921e-03  2.26945000e-08  9.90888866e-01  2.26945000e-08  2.74416776e-06 
 2.26955000e-08  3.24313320e-03  2.26955000e-08  9.45577131e-01  2.26955000e-08  4.38449124e-06 
 2.26965000e-08  3.60168093e-03  2.26965000e-08  8.99858074e-01  2.26965000e-08  6.21674155e-06 
 2.27745000e-08  9.28288299e-01  2.27745000e-08  3.49638784e-03  2.27745000e-08 -2.90433399e-06 
 2.27755000e-08  9.65390454e-01  2.27755000e-08  3.39595269e-03  2.27755000e-08  1.10716238e-05 
 2.27765000e-08  1.00226828e+00  2.27765000e-08  3.28727440e-03  2.27765000e-08  2.04576277e-05 
 2.27775000e-08  1.03881757e+00  2.27775000e-08  3.18291241e-03  2.27775000e-08  2.95816726e-05 
 2.27785000e-08  1.07498031e+00  2.27785000e-08  3.08130459e-03  2.27785000e-08  3.76692651e-05 
 2.27795000e-08  1.11081670e+00  2.27795000e-08  2.99061012e-03  2.27795000e-08  4.57917631e-05 
 2.31125000e-08  1.94999868e+00  2.31125000e-08  8.67099887e-01  2.31125000e-08 -8.55918718e-05 
 2.31135000e-08  1.94999845e+00  2.31135000e-08  9.37312702e-01  2.31135000e-08 -1.20374272e-04 
 2.31145000e-08  1.94999878e+00  2.31145000e-08  1.00692507e+00  2.31145000e-08 -1.41872579e-04 
 2.31155000e-08  1.94999855e+00  2.31155000e-08  1.07588953e+00  2.31155000e-08 -1.57697024e-04 
 2.31165000e-08  1.94999887e+00  2.31165000e-08  1.14430423e+00  2.31165000e-08 -1.71522421e-04 
 2.31175000e-08  1.94999864e+00  2.31175000e-08  1.21242791e+00  2.31175000e-08 -1.94289132e-04 
 2.32315000e-08  1.94950171e+00  2.32315000e-08  1.94987985e+00  2.32315000e-08  8.60154167e-01 
 2.32325000e-08  1.94913456e+00  2.32325000e-08  1.94988747e+00  2.32325000e-08  9.21243711e-01 
 2.32335000e-08  1.94874091e+00  2.32335000e-08  1.94989482e+00  2.32335000e-08  9.81126602e-01 
 2.32345000e-08  1.94828495e+00  2.32345000e-08  1.94990189e+00  2.32345000e-08  1.04130593e+00 
 2.32355000e-08  1.94782053e+00  2.32355000e-08  1.94990993e+00  2.32355000e-08  1.10561359e+00 
 2.32365000e-08  1.94731590e+00  2.32365000e-08  1.94990628e+00  2.32365000e-08  1.17753457e+00 
 2.33105000e-08  1.16595808e+00  2.33105000e-08  1.94997718e+00  2.33105000e-08  1.94939973e+00 
 2.33115000e-08  1.11361805e+00  2.33115000e-08  1.94997795e+00  2.33115000e-08  1.94942413e+00 
 2.33125000e-08  1.06139096e+00  2.33125000e-08  1.94997843e+00  2.33125000e-08  1.94948255e+00 
 2.33135000e-08  1.00921316e+00  2.33135000e-08  1.94997912e+00  2.33135000e-08  1.94950155e+00 
 2.33145000e-08  9.57021432e-01  2.33145000e-08  1.94997952e+00  2.33145000e-08  1.94955360e+00 
 2.33155000e-08  9.04766954e-01  2.33155000e-08  1.94998014e+00  2.33155000e-08  1.94956806e+00 
 2.38135000e-08  1.04621813e-03  2.38135000e-08  1.12605354e+00  2.38135000e-08  1.94995821e+00 
 2.38145000e-08  1.55842435e-03  2.38145000e-08  1.08205402e+00  2.38145000e-08  1.94995830e+00 
 2.38155000e-08  2.07812524e-03  2.38155000e-08  1.03761346e+00  2.38155000e-08  1.94996200e+00 
 2.38165000e-08  2.71926939e-03  2.38165000e-08  9.92740429e-01  2.38165000e-08  1.94996944e+00 
 2.38175000e-08  3.22308826e-03  2.38175000e-08  9.47445634e-01  2.38175000e-08  1.94998158e+00 
 2.38185000e-08  3.58751958e-03  2.38185000e-08  9.01742881e-01  2.38185000e-08  1.94999789e+00 
 2.38965000e-08  9.26468672e-01  2.38965000e-08  3.16105847e-03  2.38965000e-08  1.95114836e+00 
 2.38975000e-08  9.63579701e-01  2.38975000e-08  3.02331440e-03  2.38975000e-08  1.95102207e+00 
 2.38985000e-08  1.00046487e+00  2.38985000e-08  2.88611280e-03  2.38985000e-08  1.95090067e+00 
 2.38995000e-08  1.03703612e+00  2.38995000e-08  2.76571530e-03  2.38995000e-08  1.95079095e+00 
 2.39005000e-08  1.07322033e+00  2.39005000e-08  2.64792091e-03  2.39005000e-08  1.95068889e+00 
 2.39015000e-08  1.10905894e+00  2.39015000e-08  2.54422571e-03  2.39015000e-08  1.95059995e+00 
 2.42345000e-08  1.94999867e+00  2.42345000e-08  8.65255614e-01  2.42345000e-08  1.94995575e+00 
 2.42355000e-08  1.94999845e+00  2.42355000e-08  9.35335976e-01  2.42355000e-08  1.94984968e+00 
 2.42365000e-08  1.94999877e+00  2.42365000e-08  1.00467823e+00  2.42365000e-08  1.94972559e+00 
 2.42375000e-08  1.94999856e+00  2.42375000e-08  1.07322825e+00  2.42375000e-08  1.94959693e+00 
 2.42385000e-08  1.94999886e+00  2.42385000e-08  1.14109641e+00  2.42385000e-08  1.94948168e+00 
 2.42395000e-08  1.94999864e+00  2.42395000e-08  1.20863614e+00  2.42395000e-08  1.94934713e+00 
 2.43685000e-08  1.94081418e+00  2.43685000e-08  1.94995423e+00  2.43685000e-08  1.15251714e+00 
 2.43695000e-08  1.93994294e+00  2.43695000e-08  1.94998365e+00  2.43695000e-08  1.09494589e+00 
 2.43705000e-08  1.93887312e+00  2.43705000e-08  1.95001161e+00  2.43705000e-08  1.03709970e+00 
 2.43715000e-08  1.93754733e+00  2.43715000e-08  1.95003700e+00  2.43715000e-08  9.78891497e-01 
 2.43725000e-08  1.93596219e+00  2.43725000e-08  1.95005561e+00  2.43725000e-08  9.20109502e-01 
 2.43735000e-08  1.93416760e+00  2.43735000e-08  1.95006743e+00  2.43735000e-08  8.60718032e-01 
 2.44325000e-08  1.16842947e+00  2.44325000e-08  1.94999419e+00  2.44325000e-08  2.99061395e-03 
 2.44335000e-08  1.11608462e+00  2.44335000e-08  1.94999337e+00  2.44335000e-08  2.88063085e-03 
 2.44345000e-08  1.06385253e+00  2.44345000e-08  1.94999201e+00  2.44345000e-08  2.78962634e-03 
 2.44355000e-08  1.01167488e+00  2.44355000e-08  1.94999153e+00  2.44355000e-08  2.68980623e-03 
 2.44365000e-08  9.59484557e-01  2.44365000e-08  1.94999046e+00  2.44365000e-08  2.60789909e-03 
 2.44375000e-08  9.07234578e-01  2.44375000e-08  1.94999023e+00  2.44375000e-08  2.51643925e-03 
 2.49355000e-08  1.02253938e-03  2.49355000e-08  1.12810117e+00  2.49355000e-08 -1.06759302e-06 
 2.49365000e-08  1.53454384e-03  2.49365000e-08  1.08412163e+00  2.49365000e-08 -1.90323802e-07 
 2.49375000e-08  2.04640929e-03  2.49375000e-08  1.03970006e+00  2.49375000e-08  1.06268421e-06 
 2.49385000e-08  2.69350116e-03  2.49385000e-08  9.94846689e-01  2.49385000e-08  2.51614264e-06 
 2.49395000e-08  3.20368302e-03  2.49395000e-08  9.49570718e-01  2.49395000e-08  4.32930509e-06 
 2.49405000e-08  3.57375613e-03  2.49405000e-08  9.03887383e-01  2.49405000e-08  5.97523740e-06 
 2.50185000e-08  9.24740336e-01  2.50185000e-08  3.50483327e-03  2.50185000e-08 -4.40327376e-06 
 2.50195000e-08  9.61859727e-01  2.50195000e-08  3.40537713e-03  2.50195000e-08  1.03673520e-05 
 2.50205000e-08  9.98763050e-01  2.50205000e-08  3.29656649e-03  2.50205000e-08  1.96416412e-05 
 2.50215000e-08  1.03534729e+00  2.50215000e-08  3.19221334e-03  2.50215000e-08  2.89098974e-05 
 2.50225000e-08  1.07154646e+00  2.50225000e-08  3.08962972e-03  2.50225000e-08  3.68669148e-05 
 2.50235000e-08  1.10741016e+00  2.50235000e-08  2.99854654e-03  2.50235000e-08  4.52960116e-05 
 2.53565000e-08  1.94999866e+00  2.53565000e-08  8.60458021e-01  2.53565000e-08 -8.21645800e-05 
 2.53575000e-08  1.94999845e+00  2.53575000e-08  9.30720097e-01  2.53575000e-08 -1.17404110e-04 
 2.53585000e-08  1.94999876e+00  2.53585000e-08  1.00039412e+00  2.53585000e-08 -1.40368721e-04 
 2.53595000e-08  1.94999856e+00  2.53595000e-08  1.06941632e+00  2.53595000e-08 -1.56682712e-04 
 2.53605000e-08  1.94999885e+00  2.53605000e-08  1.13787557e+00  2.53605000e-08 -1.69419542e-04 
 2.53615000e-08  1.94999864e+00  2.53615000e-08  1.20601022e+00  2.53615000e-08 -1.92341889e-04 
 2.54755000e-08  1.94953819e+00  2.54755000e-08  1.94987896e+00  2.54755000e-08  8.54307456e-01 
 2.54765000e-08  1.94917230e+00  2.54765000e-08  1.94988711e+00  2.54765000e-08  9.15545597e-01 
 2.54775000e-08  1.94878641e+00  2.54775000e-08  1.94989373e+00  2.54775000e-08  9.75505681e-01 
 2.54785000e-08  1.94833013e+00  2.54785000e-08  1.94990175e+00  2.54785000e-08  1.03551414e+00 
 2.54795000e-08  1.94786831e+00  2.54795000e-08  1.94990876e+00  2.54795000e-08  1.09926899e+00 
 2.54805000e-08  1.94736974e+00  2.54805000e-08  1.94990734e+00  2.54805000e-08  1.17058129e+00 
 2.55545000e-08  1.17132934e+00  2.55545000e-08  1.94997725e+00  2.55545000e-08  1.94939114e+00 
 2.55555000e-08  1.11897853e+00  2.55555000e-08  1.94997777e+00  2.55555000e-08  1.94942459e+00 
 2.55565000e-08  1.06674022e+00  2.55565000e-08  1.94997850e+00  2.55565000e-08  1.94947469e+00 
 2.55575000e-08  1.01456242e+00  2.55575000e-08  1.94997894e+00  2.55575000e-08  1.94950238e+00 
 2.55585000e-08  9.62373412e-01  2.55585000e-08  1.94997960e+00  2.55585000e-08  1.94954640e+00 
 2.55595000e-08  9.10128503e-01  2.55595000e-08  1.94997998e+00  2.55595000e-08  1.94956922e+00 
 2.60575000e-08  9.93411887e-04  2.60575000e-08  1.13062322e+00  2.60575000e-08  1.94995837e+00 
 2.60585000e-08  1.50499475e-03  2.60585000e-08  1.08667113e+00  2.60585000e-08  1.94995811e+00 
 2.60595000e-08  2.00711734e-03  2.60595000e-08  1.04227538e+00  2.60595000e-08  1.94996148e+00 
 2.60605000e-08  2.66145947e-03  2.60605000e-08  9.97447900e-01  2.60605000e-08  1.94996842e+00 
 2.60615000e-08  3.17945210e-03  2.60615000e-08  9.52195769e-01  2.60615000e-08  1.94998015e+00 
 2.60625000e-08  3.55642652e-03  2.60625000e-08  9.06535676e-01  2.60625000e-08  1.94999594e+00 
 2.61405000e-08  9.22591730e-01  2.61405000e-08  3.17589253e-03  2.61405000e-08  1.95116204e+00 
 2.61415000e-08  9.59721187e-01  2.61415000e-08  3.03811475e-03  2.61415000e-08  1.95103526e+00 
 2.61425000e-08  9.96634184e-01  2.61425000e-08  2.89936579e-03  2.61425000e-08  1.95091282e+00 
 2.61435000e-08  1.03324384e+00  2.61435000e-08  2.77850818e-03  2.61435000e-08  1.95080219e+00 
 2.61445000e-08  1.06946771e+00  2.61445000e-08  2.65918621e-03  2.61445000e-08  1.95069895e+00 
 2.61455000e-08  1.10533657e+00  2.61455000e-08  2.55548318e-03  2.61455000e-08  1.95060895e+00 
 2.64785000e-08  1.94999864e+00  2.64785000e-08  8.57860963e-01  2.64785000e-08  1.94996567e+00 
 2.64795000e-08  1.94999846e+00  2.64795000e-08  9.28009604e-01  2.64795000e-08  1.94986175e+00 
 2.64805000e-08  1.94999875e+00  2.64805000e-08  9.97435045e-01  2.64805000e-08  1.94973926e+00 
 2.64815000e-08  1.94999857e+00  2.64815000e-08  1.06606553e+00  2.64815000e-08  1.94961053e+00 
 2.64825000e-08  1.94999884e+00  2.64825000e-08  1.13398288e+00  2.64825000e-08  1.94949522e+00 
 2.64835000e-08  1.94999866e+00  2.64835000e-08  1.20151448e+00  2.64835000e-08  1.94936255e+00 
 2.66125000e-08  1.94090424e+00  2.66125000e-08  1.94995106e+00  2.66125000e-08  1.15860780e+00 
 2.66135000e-08  1.94005137e+00  2.66135000e-08  1.94998026e+00  2.66135000e-08  1.10104660e+00 
 2.66145000e-08  1.93900791e+00  2.66145000e-08  1.95000875e+00  2.66145000e-08  1.04323752e+00 
 2.66155000e-08  1.93771215e+00  2.66155000e-08  1.95003439e+00  2.66155000e-08  9.85072766e-01 
 2.66165000e-08  1.93615484e+00  2.66165000e-08  1.95005440e+00  2.66165000e-08  9.26355388e-01 
 2.66175000e-08  1.93437883e+00  2.66175000e-08  1.95006630e+00  2.66175000e-08  8.67028400e-01 
 2.66765000e-08  1.17442162e+00  2.66765000e-08  1.94999440e+00  2.66765000e-08  3.00241464e-03 
 2.66775000e-08  1.12206440e+00  2.66775000e-08  1.94999340e+00  2.66775000e-08  2.89049209e-03 
 2.66785000e-08  1.06981926e+00  2.66785000e-08  1.94999219e+00  2.66785000e-08  2.80024256e-03 
 2.66795000e-08  1.01764112e+00  2.66795000e-08  1.94999153e+00  2.66795000e-08  2.69871479e-03 
 2.66805000e-08  9.65453323e-01  2.66805000e-08  1.94999060e+00  2.66805000e-08  2.61754135e-03 
 2.66815000e-08  9.13213726e-01  2.66815000e-08  1.94999021e+00  2.66815000e-08  2.52456965e-03 
 2.71795000e-08  9.69080290e-04  2.71795000e-08  1.13320017e+00  2.71795000e-08 -1.04245423e-06 
 2.71805000e-08  1.48014512e-03  2.71805000e-08  1.08927358e+00  2.71805000e-08 -4.23703046e-07 
 2.71815000e-08  1.98070798e-03  2.71815000e-08  1.04490208e+00  2.71815000e-08  1.00456993e-06 
 2.71825000e-08  2.63209248e-03  2.71825000e-08  1.00009955e+00  2.71825000e-08  2.24705231e-06 
 2.71835000e-08  3.15696812e-03  2.71835000e-08  9.54871247e-01  2.71835000e-08  4.20975130e-06 
 2.71845000e-08  3.54058748e-03  2.71845000e-08  9.09235526e-01  2.71845000e-08  5.68842918e-06 
 2.72625000e-08  9.20784798e-01  2.72625000e-08  3.51590565e-03  2.72625000e-08 -6.43051218e-06 
 2.72635000e-08  9.57922605e-01  2.72635000e-08  3.41784181e-03  2.72635000e-08  9.37522808e-06 
 2.72645000e-08  9.94853223e-01  2.72645000e-08  3.30885048e-03  2.72645000e-08  1.85689627e-05 
 2.72655000e-08  1.03147562e+00  2.72655000e-08  3.20464906e-03  2.72655000e-08  2.80001990e-05 
 2.72665000e-08  1.06771584e+00  2.72665000e-08  3.10071102e-03  2.72665000e-08  3.58228626e-05 
 2.72675000e-08  1.10361154e+00  2.72675000e-08  3.00920070e-03  2.72675000e-08  4.45881860e-05 
 2.76005000e-08  1.94999862e+00  2.76005000e-08  8.52998750e-01  2.76005000e-08 -7.83066813e-05 
 2.76015000e-08  1.94999847e+00  2.76015000e-08  9.23315801e-01  2.76015000e-08 -1.13957121e-04 
 2.76025000e-08  1.94999873e+00  2.76025000e-08  9.93057987e-01  2.76025000e-08 -1.38513150e-04 
 2.76035000e-08  1.94999858e+00  2.76035000e-08  1.06214578e+00  2.76035000e-08 -1.55322369e-04 
 2.76045000e-08  1.94999882e+00  2.76045000e-08  1.13064699e+00  2.76045000e-08 -1.67366177e-04 
 2.76055000e-08  1.94999867e+00  2.76055000e-08  1.19878710e+00  2.76055000e-08 -1.89867310e-04 
 2.77195000e-08  1.94957721e+00  2.77195000e-08  1.94987803e+00  2.77195000e-08  8.47720199e-01 
 2.77205000e-08  1.94921268e+00  2.77205000e-08  1.94988674e+00  2.77205000e-08  9.09129952e-01 
 2.77215000e-08  1.94883492e+00  2.77215000e-08  1.94989248e+00  2.77215000e-08  9.69188529e-01 
 2.77225000e-08  1.94837816e+00  2.77225000e-08  1.94990156e+00  2.77225000e-08  1.02905627e+00 
 2.77235000e-08  1.94791887e+00  2.77235000e-08  1.94990730e+00  2.77235000e-08  1.09225099e+00 
 2.77245000e-08  1.94742650e+00  2.77245000e-08  1.94990871e+00  2.77245000e-08  1.16277509e+00 
 2.77985000e-08  1.17697121e+00  2.77985000e-08  1.94997733e+00  2.77985000e-08  1.94938085e+00 
 2.77995000e-08  1.12460859e+00  2.77995000e-08  1.94997755e+00  2.77995000e-08  1.94942553e+00 
 2.78005000e-08  1.07235765e+00  2.78005000e-08  1.94997858e+00  2.78005000e-08  1.94946528e+00 
 2.78015000e-08  1.02017904e+00  2.78015000e-08  1.94997874e+00  2.78015000e-08  1.94950376e+00 
 2.78025000e-08  9.67992061e-01  2.78025000e-08  1.94997968e+00  2.78025000e-08  1.94953777e+00 
 2.78035000e-08  9.15756753e-01  2.78035000e-08  1.94997979e+00  2.78035000e-08  1.94957095e+00 
 2.83015000e-08  9.42245376e-04  2.83015000e-08  1.13543158e+00  2.83015000e-08  1.94995855e+00 
 2.83025000e-08  1.45266698e-03  2.83025000e-08  1.09152950e+00  2.83025000e-08  1.94995797e+00 
 2.83035000e-08  1.95484758e-03  2.83035000e-08  1.04718106e+00  2.83035000e-08  1.94996096e+00 
 2.83045000e-08  2.59839944e-03  2.83045000e-08  1.00240166e+00  2.83045000e-08  1.94996742e+00 
 2.83055000e-08  3.13099812e-03  2.83055000e-08  9.57194642e-01  2.83055000e-08  1.94997868e+00 
 2.83065000e-08  3.52238208e-03  2.83065000e-08  9.11579634e-01  2.83065000e-08  1.94999396e+00 
 2.83845000e-08  9.18777716e-01  2.83845000e-08  3.19183275e-03  2.83845000e-08  1.95117672e+00 
 2.83855000e-08  9.55924561e-01  2.83855000e-08  3.05352010e-03  2.83855000e-08  1.95104888e+00 
 2.83865000e-08  9.92863947e-01  2.83865000e-08  2.91364699e-03  2.83865000e-08  1.95092589e+00 
 2.83875000e-08  1.02951040e+00  2.83875000e-08  2.79181180e-03  2.83875000e-08  1.95081380e+00 
 2.83885000e-08  1.06577366e+00  2.83885000e-08  2.67134376e-03  2.83885000e-08  1.95070982e+00 
 2.83895000e-08  1.10167367e+00  2.83895000e-08  2.56711082e-03  2.83895000e-08  1.95061823e+00 
 2.87225000e-08  1.94999860e+00  2.87225000e-08  8.50665011e-01  2.87225000e-08  1.94997503e+00 
 2.87235000e-08  1.94999849e+00  2.87235000e-08  9.20875086e-01  2.87235000e-08  1.94987334e+00 
 2.87245000e-08  1.94999871e+00  2.87245000e-08  9.90377685e-01  2.87245000e-08  1.94975252e+00 
 2.87255000e-08  1.94999860e+00  2.87255000e-08  1.05908698e+00  2.87255000e-08  1.94962363e+00 
 2.87265000e-08  1.94999881e+00  2.87265000e-08  1.12706846e+00  2.87265000e-08  1.94950701e+00 
 2.87275000e-08  1.94999869e+00  2.87275000e-08  1.19461260e+00  2.87275000e-08  1.94937695e+00 
 2.88565000e-08  1.94098700e+00  2.88565000e-08  1.94994822e+00  2.88565000e-08  1.16451623e+00 
 2.88575000e-08  1.94015069e+00  2.88575000e-08  1.94997702e+00  2.88575000e-08  1.10696353e+00 
 2.88585000e-08  1.93913111e+00  2.88585000e-08  1.95000602e+00  2.88585000e-08  1.04918949e+00 
 2.88595000e-08  1.93786379e+00  2.88595000e-08  1.95003168e+00  2.88595000e-08  9.91066960e-01 
 2.88605000e-08  1.93633355e+00  2.88605000e-08  1.95005309e+00  2.88605000e-08  9.32413660e-01 
 2.88615000e-08  1.93457680e+00  2.88615000e-08  1.95006498e+00  2.88615000e-08  8.73151649e-01 
 2.89205000e-08  1.18004404e+00  2.89205000e-08  1.94999467e+00  2.89205000e-08  3.01318464e-03 
 2.89215000e-08  1.12767490e+00  2.89215000e-08  1.94999338e+00  2.89215000e-08  2.90116597e-03 
 2.89225000e-08  1.07541686e+00  2.89225000e-08  1.94999241e+00  2.89225000e-08  2.80986210e-03 
 2.89235000e-08  1.02323754e+00  2.89235000e-08  1.94999148e+00  2.89235000e-08  2.70841366e-03 
 2.89245000e-08  9.71051420e-01  2.89245000e-08  1.94999079e+00  2.89245000e-08  2.62622025e-03 
 2.89255000e-08  9.18821197e-01  2.89255000e-08  1.94999014e+00  2.89255000e-08  2.53346813e-03 
 2.94235000e-08  9.24023540e-04  2.94235000e-08  1.13817837e+00  2.94235000e-08 -1.01826998e-06 
 2.94245000e-08  1.43393223e-03  2.94245000e-08  1.09430360e+00  2.94245000e-08 -6.38791277e-07 
 2.94255000e-08  1.93714694e-03  2.94255000e-08  1.04998117e+00  2.94255000e-08  9.45799720e-07 
 2.94265000e-08  2.57533634e-03  2.94265000e-08  1.00522844e+00  2.94265000e-08  1.99221289e-06 
 2.94275000e-08  3.11316631e-03  2.94275000e-08  9.60046926e-01  2.94275000e-08  4.08809568e-06 
 2.94285000e-08  3.50983851e-03  2.94285000e-08  9.14457921e-01  2.94285000e-08  5.41552644e-06 
 2.95065000e-08  9.17409845e-01  2.95065000e-08  3.52663321e-03  2.95065000e-08 -9.53615513e-06 
 2.95075000e-08  9.54562830e-01  2.95075000e-08  3.42992774e-03  2.95075000e-08  7.24174195e-06 
 2.95085000e-08  9.91515900e-01  2.95085000e-08  3.32089162e-03  2.95085000e-08  1.72113866e-05 
 2.95095000e-08  1.02817010e+00  2.95095000e-08  3.21687755e-03  2.95095000e-08  2.69972293e-05 
 2.95105000e-08  1.06444568e+00  2.95105000e-08  3.11168397e-03  2.95105000e-08  3.47819605e-05 
 2.95115000e-08  1.10036986e+00  2.95115000e-08  3.01979816e-03  2.95115000e-08  4.37675744e-05 
 2.98445000e-08  1.94999859e+00  2.98445000e-08  8.46596568e-01  2.98445000e-08 -7.49273623e-05 
 2.98455000e-08  1.94999850e+00  2.98455000e-08  9.16958211e-01  2.98455000e-08 -1.10913916e-04 
 2.98465000e-08  1.94999870e+00  2.98465000e-08  9.86754899e-01  2.98465000e-08 -1.36762588e-04 
 2.98475000e-08  1.94999861e+00  2.98475000e-08  1.05590116e+00  2.98475000e-08 -1.54070449e-04 
 2.98485000e-08  1.94999879e+00  2.98485000e-08  1.12445473e+00  2.98485000e-08 -1.66101268e-04 
 2.98495000e-08  1.94999870e+00  2.98495000e-08  1.19261223e+00  2.98495000e-08 -1.87661667e-04 
 2.99645000e-08  1.94924376e+00  2.99645000e-08  1.94988632e+00  2.99645000e-08  9.03669268e-01 
 2.99655000e-08  1.94886837e+00  2.99655000e-08  1.94989152e+00  2.99655000e-08  9.63817549e-01 
 2.99665000e-08  1.94841692e+00  2.99665000e-08  1.94990126e+00  2.99665000e-08  1.02360310e+00 
 2.99675000e-08  1.94795872e+00  2.99675000e-08  1.94990607e+00  2.99675000e-08  1.08636774e+00 
 2.99685000e-08  1.94747022e+00  2.99685000e-08  1.94990988e+00  2.99685000e-08  1.15615519e+00 
 2.99695000e-08  1.94691542e+00  2.99695000e-08  1.94990470e+00  2.99695000e-08  1.22953422e+00 
 3.00425000e-08  1.18139000e+00  3.00425000e-08  1.94997736e+00  3.00425000e-08  1.94937206e+00 
 3.00435000e-08  1.12901797e+00  3.00435000e-08  1.94997740e+00  3.00435000e-08  1.94942631e+00 
 3.00445000e-08  1.07675674e+00  3.00445000e-08  1.94997862e+00  3.00445000e-08  1.94945724e+00 
 3.00455000e-08  1.02457702e+00  3.00455000e-08  1.94997860e+00  3.00455000e-08  1.94950491e+00 
 3.00465000e-08  9.72391197e-01  3.00465000e-08  1.94997972e+00  3.00465000e-08  1.94953039e+00 
 3.00475000e-08  9.20163153e-01  3.00475000e-08  1.94997965e+00  3.00475000e-08  1.94957240e+00 
 3.05455000e-08  8.98286440e-04  3.05455000e-08  1.13908012e+00  3.05455000e-08  1.94995870e+00 
 3.05465000e-08  1.40735954e-03  3.05465000e-08  1.09521607e+00  3.05465000e-08  1.94995787e+00 
 3.05475000e-08  1.91195073e-03  3.05475000e-08  1.05090365e+00  3.05475000e-08  1.94996060e+00 
 3.05485000e-08  2.54249346e-03  3.05485000e-08  1.00616082e+00  3.05485000e-08  1.94996668e+00 
 3.05495000e-08  3.08770188e-03  3.05495000e-08  9.60988187e-01  3.05495000e-08  1.94997760e+00 
 3.05505000e-08  3.49186235e-03  3.05505000e-08  9.15407529e-01  3.05505000e-08  1.94999248e+00 
 3.06295000e-08  9.52612951e-01  3.06295000e-08  3.06499736e-03  3.06295000e-08  1.95105907e+00 
 3.06305000e-08  9.89574470e-01  3.06305000e-08  2.92507312e-03  3.06305000e-08  1.95093619e+00 
 3.06315000e-08  1.02625224e+00  3.06315000e-08  2.80169199e-03  3.06315000e-08  1.95082249e+00 
 3.06325000e-08  1.06255742e+00  3.06325000e-08  2.68117196e-03  3.06325000e-08  1.95071842e+00 
 3.06335000e-08  1.09849816e+00  3.06335000e-08  2.57576532e-03  3.06335000e-08  1.95062516e+00 
 3.06345000e-08  1.13418153e+00  3.06345000e-08  2.46842704e-03  3.06345000e-08  1.95054223e+00 
 3.09665000e-08  1.94999857e+00  3.09665000e-08  8.44678763e-01  3.09665000e-08  1.94998266e+00 
 3.09675000e-08  1.94999851e+00  3.09675000e-08  9.14941045e-01  3.09675000e-08  1.94988285e+00 
 3.09685000e-08  1.94999868e+00  3.09685000e-08  9.84509723e-01  3.09685000e-08  1.94976350e+00 
 3.09695000e-08  1.94999862e+00  3.09695000e-08  1.05329009e+00  3.09695000e-08  1.94963442e+00 
 3.09705000e-08  1.94999878e+00  3.09705000e-08  1.12133280e+00  3.09705000e-08  1.94951677e+00 
 3.09715000e-08  1.94999871e+00  3.09715000e-08  1.18889273e+00  3.09715000e-08  1.94938880e+00 
 3.11005000e-08  1.94105213e+00  3.11005000e-08  1.94994594e+00  3.11005000e-08  1.16937077e+00 
 3.11015000e-08  1.94022923e+00  3.11015000e-08  1.94997443e+00  3.11015000e-08  1.11182364e+00 
 3.11025000e-08  1.93922871e+00  3.11025000e-08  1.95000396e+00  3.11025000e-08  1.05407672e+00 
 3.11035000e-08  1.93798527e+00  3.11035000e-08  1.95002936e+00  3.11035000e-08  9.95987839e-01 
 3.11045000e-08  1.93647779e+00  3.11045000e-08  1.95005194e+00  3.11045000e-08  9.37387050e-01 
 3.11055000e-08  1.93473822e+00  3.11055000e-08  1.95006371e+00  3.11055000e-08  8.78179188e-01 
 3.11655000e-08  1.13232138e+00  3.11655000e-08  1.94999325e+00  3.11655000e-08  2.91136227e-03 
 3.11665000e-08  1.08005228e+00  3.11665000e-08  1.94999257e+00  3.11665000e-08  2.81653463e-03 
 3.11675000e-08  1.02787152e+00  3.11675000e-08  1.94999135e+00  3.11675000e-08  2.71776422e-03 
 3.11685000e-08  9.75686328e-01  3.11685000e-08  1.94999095e+00  3.11685000e-08  2.63214352e-03 
 3.11695000e-08  9.23463625e-01  3.11695000e-08  1.94999001e+00  3.11695000e-08  2.54213940e-03 
 3.11705000e-08  8.71149539e-01  3.11705000e-08  1.94998981e+00  3.11705000e-08  2.46408624e-03 
 3.16675000e-08  8.83397416e-04  3.16675000e-08  1.14198857e+00  3.16675000e-08 -9.94663291e-07 
 3.16685000e-08  1.39168351e-03  3.16685000e-08  1.09815356e+00  3.16685000e-08 -7.20153745e-07 
 3.16695000e-08  1.89691103e-03  3.16695000e-08  1.05386878e+00  3.16695000e-08  9.89069652e-07 
 3.16705000e-08  2.52249984e-03  3.16705000e-08  1.00915429e+00  3.16705000e-08  1.82072404e-06 
 3.16715000e-08  3.07218846e-03  3.16715000e-08  9.64008733e-01  3.16715000e-08  4.00280101e-06 
 3.16725000e-08  3.48093840e-03  3.16725000e-08  9.18455646e-01  3.16725000e-08  5.20906389e-06 
 3.17515000e-08  9.51401710e-01  3.17515000e-08  3.43891473e-03  3.17515000e-08  6.09554438e-06 
 3.17525000e-08  9.88375241e-01  3.17525000e-08  3.33044715e-03  3.17525000e-08  1.64080151e-05 
 3.17535000e-08  1.02505865e+00  3.17535000e-08  3.22607298e-03  3.17535000e-08  2.61772922e-05 
 3.17545000e-08  1.06136771e+00  3.17545000e-08  3.12048514e-03  3.17545000e-08  3.40878730e-05 
 3.17555000e-08  1.09731954e+00  3.17555000e-08  3.02775827e-03  3.17555000e-08  4.30358890e-05 
 3.17565000e-08  1.13301515e+00  3.17565000e-08  2.93734057e-03  3.17565000e-08  4.88851978e-05 
 3.20885000e-08  1.94999856e+00  3.20885000e-08  8.40690313e-01  3.20885000e-08 -7.17404666e-05 
 3.20895000e-08  1.94999852e+00  3.20895000e-08  9.11089621e-01  3.20895000e-08 -1.08017126e-04 
 3.20905000e-08  1.94999867e+00  3.20905000e-08  9.80936913e-01  3.20905000e-08 -1.35085564e-04 
 3.20915000e-08  1.94999863e+00  3.20915000e-08  1.05013641e+00  3.20915000e-08 -1.52687769e-04 
 3.20925000e-08  1.94999877e+00  3.20925000e-08  1.11873512e+00  3.20925000e-08 -1.65045686e-04 
 3.20935000e-08  1.94999872e+00  3.20935000e-08  1.18691116e+00  3.20935000e-08 -1.85740762e-04 
 3.22085000e-08  1.94927560e+00  3.22085000e-08  1.94988562e+00  3.22085000e-08  8.98593164e-01 
 3.22095000e-08  1.94890128e+00  3.22095000e-08  1.94989094e+00  3.22095000e-08  9.58831709e-01 
 3.22105000e-08  1.94845747e+00  3.22105000e-08  1.94990066e+00  3.22105000e-08  1.01856693e+00 
 3.22115000e-08  1.94800007e+00  3.22115000e-08  1.94990518e+00  3.22115000e-08  1.08096715e+00 
 3.22125000e-08  1.94751519e+00  3.22125000e-08  1.94991071e+00  3.22125000e-08  1.15003201e+00 
 3.22135000e-08  1.94696739e+00  3.22135000e-08  1.94990449e+00  3.22135000e-08  1.22346281e+00 
 3.22875000e-08  1.13365081e+00  3.22875000e-08  1.94997736e+00  3.22875000e-08  1.94942708e+00 
 3.22885000e-08  1.08137839e+00  3.22885000e-08  1.94997856e+00  3.22885000e-08  1.94944971e+00 
 3.22895000e-08  1.02919706e+00  3.22895000e-08  1.94997856e+00  3.22895000e-08  1.94950602e+00 
 3.22905000e-08  9.77011989e-01  3.22905000e-08  1.94997967e+00  3.22905000e-08  1.94952347e+00 
 3.22915000e-08  9.24791340e-01  3.22915000e-08  1.94997962e+00  3.22915000e-08  1.94957379e+00 
 3.22925000e-08  8.72479200e-01  3.22925000e-08  1.94998065e+00  3.22925000e-08  1.94958689e+00 
 3.27895000e-08  8.53649613e-04  3.27895000e-08  1.14308885e+00  3.27895000e-08  1.94995888e+00 
 3.27905000e-08  1.36109583e-03  3.27905000e-08  1.09926668e+00  3.27905000e-08  1.94995781e+00 
 3.27915000e-08  1.86771843e-03  3.27915000e-08  1.05499392e+00  3.27915000e-08  1.94996023e+00 
 3.27925000e-08  2.48472527e-03  3.27925000e-08  1.01029139e+00  3.27925000e-08  1.94996592e+00 
 3.27935000e-08  3.04265611e-03  3.27935000e-08  9.65156658e-01  3.27935000e-08  1.94997644e+00 
 3.27945000e-08  3.45985574e-03  3.27945000e-08  9.19613898e-01  3.27945000e-08  1.94999090e+00 
 3.28735000e-08  9.49231836e-01  3.28735000e-08  3.07737078e-03  3.28735000e-08  1.95107016e+00 
 3.28745000e-08  9.86215739e-01  3.28745000e-08  2.93763732e-03  3.28745000e-08  1.95094733e+00 
 3.28755000e-08  1.02292398e+00  3.28755000e-08  2.81234820e-03  3.28755000e-08  1.95083197e+00 
 3.28765000e-08  1.05926521e+00  3.28765000e-08  2.69195297e-03  3.28765000e-08  1.95072776e+00 
 3.28775000e-08  1.09523547e+00  3.28775000e-08  2.58496075e-03  3.28775000e-08  1.95063277e+00 
 3.28785000e-08  1.13093395e+00  3.28785000e-08  2.47821701e-03  3.28785000e-08  1.95054976e+00 
 3.32105000e-08  1.94999854e+00  3.32105000e-08  8.38069038e-01  3.32105000e-08  1.94999085e+00 
 3.32115000e-08  1.94999854e+00  3.32115000e-08  9.08387497e-01  3.32115000e-08  1.94989326e+00 
 3.32125000e-08  1.94999865e+00  3.32125000e-08  9.78032136e-01  3.32125000e-08  1.94977552e+00 
 3.32135000e-08  1.94999864e+00  3.32135000e-08  1.04688355e+00  3.32135000e-08  1.94964631e+00 
 3.32145000e-08  1.94999874e+00  3.32145000e-08  1.11498473e+00  3.32145000e-08  1.94952766e+00 
 3.32155000e-08  1.94999873e+00  3.32155000e-08  1.18256694e+00  3.32155000e-08  1.94940204e+00 
 3.33445000e-08  1.94111973e+00  3.33445000e-08  1.94994320e+00  3.33445000e-08  1.17473171e+00 
 3.33455000e-08  1.94030927e+00  3.33455000e-08  1.94997158e+00  3.33455000e-08  1.11718972e+00 
 3.33465000e-08  1.93932671e+00  3.33465000e-08  1.95000104e+00  3.33465000e-08  1.05947173e+00 
 3.33475000e-08  1.93810615e+00  3.33475000e-08  1.95002653e+00  3.33475000e-08  1.00141858e+00 
 3.33485000e-08  1.93662097e+00  3.33485000e-08  1.95005014e+00  3.33485000e-08  9.42874034e-01 
 3.33495000e-08  1.93489873e+00  3.33495000e-08  1.95006228e+00  3.33495000e-08  8.83723936e-01 
 3.34095000e-08  1.13683155e+00  3.34095000e-08  1.94999332e+00  3.34095000e-08  2.92267432e-03 
 3.34105000e-08  1.08455125e+00  3.34105000e-08  1.94999276e+00  3.34105000e-08  2.82383289e-03 
 3.34115000e-08  1.03236854e+00  3.34115000e-08  1.94999138e+00  3.34115000e-08  2.72813421e-03 
 3.34125000e-08  9.80183745e-01  3.34125000e-08  1.94999110e+00  3.34125000e-08  2.63861195e-03 
 3.34135000e-08  9.27968039e-01  3.34135000e-08  1.94999001e+00  3.34135000e-08  2.55173425e-03 
 3.34145000e-08  8.75660648e-01  3.34145000e-08  1.94998994e+00  3.34145000e-08  2.46987174e-03 
 3.39115000e-08  8.40896141e-04  3.39115000e-08  1.14609291e+00  3.39115000e-08 -9.89497588e-07 
 3.39125000e-08  1.34774404e-03  3.39125000e-08  1.10230083e+00  3.39125000e-08 -8.52432987e-07 
 3.39135000e-08  1.85492289e-03  3.39135000e-08  1.05805671e+00  3.39135000e-08  9.41092412e-07 
 3.39145000e-08  2.46800179e-03  3.39145000e-08  1.01338352e+00  3.39145000e-08  1.63597957e-06 
 3.39155000e-08  3.02958849e-03  3.39155000e-08  9.68276836e-01  3.39155000e-08  3.88491618e-06 
 3.39165000e-08  3.45052890e-03  3.39165000e-08  9.22762595e-01  3.39165000e-08  5.00451866e-06 
 3.39955000e-08  9.48334163e-01  3.39955000e-08  3.44819384e-03  3.39955000e-08  4.68009547e-06 
 3.39965000e-08  9.85327481e-01  3.39965000e-08  3.34087852e-03  3.39965000e-08  1.56519324e-05 
 3.39975000e-08  1.02204625e+00  3.39975000e-08  3.23572139e-03  3.39975000e-08  2.51765145e-05 
 3.39985000e-08  1.05839605e+00  3.39985000e-08  3.13023489e-03  3.39985000e-08  3.34883439e-05 
 3.39995000e-08  1.09437368e+00  3.39995000e-08  3.03605797e-03  3.39995000e-08  4.21028246e-05 
 3.40005000e-08  1.13008312e+00  3.40005000e-08  2.94559634e-03  3.40005000e-08  4.84943540e-05 
 3.43325000e-08  1.94999853e+00  3.43325000e-08  8.34819447e-01  3.43325000e-08 -6.85231535e-05 
 3.43335000e-08  1.94999854e+00  3.43335000e-08  9.05257800e-01  3.43335000e-08 -1.05151834e-04 
 3.43345000e-08  1.94999864e+00  3.43345000e-08  9.75157384e-01  3.43345000e-08 -1.33363862e-04 
 3.43355000e-08  1.94999865e+00  3.43355000e-08  1.04441003e+00  3.43355000e-08 -1.51310715e-04 
 3.43365000e-08  1.94999874e+00  3.43365000e-08  1.11305516e+00  3.43365000e-08 -1.63955964e-04 
 3.43375000e-08  1.94999874e+00  3.43375000e-08  1.18125223e+00  3.43375000e-08 -1.83890427e-04 
 3.44525000e-08  1.94930768e+00  3.44525000e-08  1.94988498e+00  3.44525000e-08  8.93550284e-01 
 3.44535000e-08  1.94893444e+00  3.44535000e-08  1.94989033e+00  3.44535000e-08  9.53883562e-01 
 3.44545000e-08  1.94849791e+00  3.44545000e-08  1.94990008e+00  3.44545000e-08  1.01358914e+00 
 3.44555000e-08  1.94804117e+00  3.44555000e-08  1.94990422e+00  3.44555000e-08  1.07565065e+00 
 3.44565000e-08  1.94755956e+00  3.44565000e-08  1.94991161e+00  3.44565000e-08  1.14396874e+00 
 3.44575000e-08  1.94701847e+00  3.44575000e-08  1.94990427e+00  3.44575000e-08  1.21742057e+00 
 3.45315000e-08  1.13817977e+00  3.45315000e-08  1.94997729e+00  3.45315000e-08  1.94942775e+00 
 3.45325000e-08  1.08589605e+00  3.45325000e-08  1.94997853e+00  3.45325000e-08  1.94944211e+00 
 3.45335000e-08  1.03371252e+00  3.45335000e-08  1.94997850e+00  3.45335000e-08  1.94950704e+00 
 3.45345000e-08  9.81527754e-01  3.45345000e-08  1.94997964e+00  3.45345000e-08  1.94951651e+00 
 3.45355000e-08  9.29313920e-01  3.45355000e-08  1.94997957e+00  3.45355000e-08  1.94957511e+00 
 3.45365000e-08  8.77008481e-01  3.45365000e-08  1.94998062e+00  3.45365000e-08  1.94958051e+00 
 3.50335000e-08  8.16136031e-04  3.50335000e-08  1.14725227e+00  3.50335000e-08  1.94995908e+00 
 3.50345000e-08  1.32171783e-03  3.50345000e-08  1.10347369e+00  3.50345000e-08  1.94995777e+00 
 3.50355000e-08  1.82989996e-03  3.50355000e-08  1.05924221e+00  3.50355000e-08  1.94995987e+00 
 3.50365000e-08  2.43527142e-03  3.50365000e-08  1.01458165e+00  3.50365000e-08  1.94996516e+00 
 3.50375000e-08  3.00395114e-03  3.50375000e-08  9.69486432e-01  3.50375000e-08  1.94997527e+00 
 3.50385000e-08  3.43217140e-03  3.50385000e-08  9.23983189e-01  3.50385000e-08  1.94998930e+00 
 3.51175000e-08  9.46373436e-01  3.51175000e-08  3.09038868e-03  3.51175000e-08  1.95108230e+00 
 3.51185000e-08  9.83375757e-01  3.51185000e-08  2.95093075e-03  3.51185000e-08  1.95095876e+00 
 3.51195000e-08  1.02010907e+00  3.51195000e-08  2.82356710e-03  3.51195000e-08  1.95084240e+00 
 3.51205000e-08  1.05648082e+00  3.51205000e-08  2.70334844e-03  3.51205000e-08  1.95073728e+00 
 3.51215000e-08  1.09247671e+00  3.51215000e-08  2.59458375e-03  3.51215000e-08  1.95064119e+00 
 3.51225000e-08  1.12818950e+00  3.51225000e-08  2.48851307e-03  3.51225000e-08  1.95055732e+00 
 3.54545000e-08  1.94999851e+00  3.54545000e-08  8.32565747e-01  3.54545000e-08  1.94999748e+00 
 3.54555000e-08  1.94999856e+00  3.54555000e-08  9.02929557e-01  3.54555000e-08  1.94990185e+00 
 3.54565000e-08  1.94999861e+00  3.54565000e-08  9.72633369e-01  3.54565000e-08  1.94978550e+00 
 3.54575000e-08  1.94999867e+00  3.54575000e-08  1.04154552e+00  3.54575000e-08  1.94965657e+00 
 3.54585000e-08  1.94999871e+00  3.54585000e-08  1.10970127e+00  3.54585000e-08  1.94953638e+00 
 3.54595000e-08  1.94999875e+00  3.54595000e-08  1.17730560e+00  3.54595000e-08  1.94941259e+00 
 3.55885000e-08  1.94117693e+00  3.55885000e-08  1.94994074e+00  3.55885000e-08  1.17920073e+00 
 3.55895000e-08  1.94037747e+00  3.55895000e-08  1.94996940e+00  3.55895000e-08  1.12166210e+00 
 3.55905000e-08  1.93941057e+00  3.55905000e-08  1.94999889e+00  3.55905000e-08  1.06396700e+00 
 3.55915000e-08  1.93821033e+00  3.55915000e-08  1.95002488e+00  3.55915000e-08  1.00594262e+00 
 3.55925000e-08  1.93674519e+00  3.55925000e-08  1.95004880e+00  3.55925000e-08  9.47444050e-01 
 3.55935000e-08  1.93503902e+00  3.55935000e-08  1.95006162e+00  3.55935000e-08  8.88341594e-01 
 3.56535000e-08  1.14088822e+00  3.56535000e-08  1.94999344e+00  3.56535000e-08  2.93274517e-03 
 3.56545000e-08  1.08859802e+00  3.56545000e-08  1.94999287e+00  3.56545000e-08  2.82937901e-03 
 3.56555000e-08  1.03641307e+00  3.56555000e-08  1.94999146e+00  3.56555000e-08  2.73740200e-03 
 3.56565000e-08  9.84228661e-01  3.56565000e-08  1.94999118e+00  3.56565000e-08  2.64346454e-03 
 3.56575000e-08  9.32018884e-01  3.56575000e-08  1.94999007e+00  3.56575000e-08  2.56033957e-03 
 3.56585000e-08  8.79717720e-01  3.56585000e-08  1.94998999e+00  3.56585000e-08  2.47415463e-03 
 3.61555000e-08  8.03588464e-04  3.61555000e-08  1.14937215e+00  3.61555000e-08 -9.92063478e-07 
 3.61565000e-08  1.30848074e-03  3.61565000e-08  1.10561496e+00  3.61565000e-08 -9.49859964e-07 
 3.61575000e-08  1.81713180e-03  3.61575000e-08  1.06140390e+00  3.61575000e-08  8.95605950e-07 
 3.61585000e-08  2.41856185e-03  3.61585000e-08  1.01676426e+00  3.61585000e-08  1.49440036e-06 
 3.61595000e-08  2.99083031e-03  3.61595000e-08  9.71689181e-01  3.61595000e-08  3.74167400e-06 
 3.61605000e-08  3.42274804e-03  3.61605000e-08  9.26206514e-01  3.61605000e-08  4.80939393e-06 
 3.62395000e-08  9.45724272e-01  3.62395000e-08  3.45558445e-03  3.62395000e-08  3.48172603e-06 
 3.62405000e-08  9.82732377e-01  3.62405000e-08  3.34923197e-03  3.62405000e-08  1.50066449e-05 
 3.62415000e-08  1.01947269e+00  3.62415000e-08  3.24345659e-03  3.62415000e-08  2.43367919e-05 
 3.62425000e-08  1.05584981e+00  3.62425000e-08  3.13807208e-03  3.62425000e-08  3.29758788e-05 
 3.62435000e-08  1.09185057e+00  3.62435000e-08  3.04278752e-03  3.62435000e-08  4.13477296e-05 
 3.62445000e-08  1.12757283e+00  3.62445000e-08  2.95228809e-03  3.62445000e-08  4.81738218e-05 
 3.65765000e-08  1.94999850e+00  3.65765000e-08  8.29709568e-01  3.65765000e-08 -6.57194205e-05 
 3.65775000e-08  1.94999857e+00  3.65775000e-08  9.00180388e-01  3.65775000e-08 -1.02600114e-04 
 3.65785000e-08  1.94999861e+00  3.65785000e-08  9.70124904e-01  3.65785000e-08 -1.31810799e-04 
 3.65795000e-08  1.94999868e+00  3.65795000e-08  1.03942341e+00  3.65795000e-08 -1.50094406e-04 
 3.65805000e-08  1.94999871e+00  3.65805000e-08  1.10811934e+00  3.65805000e-08 -1.63149871e-04 
 3.65815000e-08  1.94999876e+00  3.65815000e-08  1.17636046e+00  3.65815000e-08 -1.82598172e-04 
 3.66965000e-08  1.94933176e+00  3.66965000e-08  1.94988434e+00  3.66965000e-08  8.89175460e-01 
 3.66975000e-08  1.94895926e+00  3.66975000e-08  1.94988975e+00  3.66975000e-08  9.49596844e-01 
 3.66985000e-08  1.94852806e+00  3.66985000e-08  1.94989949e+00  3.66985000e-08  1.00929243e+00 
 3.66995000e-08  1.94807171e+00  3.66995000e-08  1.94990331e+00  3.66995000e-08  1.07108907e+00 
 3.67005000e-08  1.94759243e+00  3.67005000e-08  1.94991231e+00  3.67005000e-08  1.13876892e+00 
 3.67015000e-08  1.94705627e+00  3.67015000e-08  1.94990410e+00  3.67015000e-08  1.21221000e+00 
 3.67755000e-08  1.14143831e+00  3.67755000e-08  1.94997726e+00  3.67755000e-08  1.94942836e+00 
 3.67765000e-08  1.08914672e+00  3.67765000e-08  1.94997847e+00  3.67765000e-08  1.94943560e+00 
 3.67775000e-08  1.03696141e+00  3.67775000e-08  1.94997847e+00  3.67775000e-08  1.94950795e+00 
 3.67785000e-08  9.84776998e-01  3.67785000e-08  1.94997959e+00  3.67785000e-08  1.94951053e+00 
 3.67795000e-08  9.32567967e-01  3.67795000e-08  1.94997955e+00  3.67795000e-08  1.94957624e+00 
 3.67805000e-08  8.80267596e-01  3.67805000e-08  1.94998058e+00  3.67805000e-08  1.94957498e+00 
 3.72775000e-08  7.83873019e-04  3.72775000e-08  1.14987321e+00  3.72775000e-08  1.94995921e+00 
 3.72785000e-08  1.28761848e-03  3.72785000e-08  1.10612231e+00  3.72785000e-08  1.94995776e+00 
 3.72795000e-08  1.79694873e-03  3.72795000e-08  1.06191708e+00  3.72795000e-08  1.94995967e+00 
 3.72805000e-08  2.39213971e-03  3.72805000e-08  1.01728317e+00  3.72805000e-08  1.94996471e+00 
 3.72815000e-08  2.97003444e-03  3.72815000e-08  9.72213088e-01  3.72815000e-08  1.94997455e+00 
 3.72825000e-08  3.40777411e-03  3.72825000e-08  9.26734962e-01  3.72825000e-08  1.94998830e+00 
 3.73615000e-08  9.44143286e-01  3.73615000e-08  3.09852359e-03  3.73615000e-08  1.95108985e+00 
 3.73625000e-08  9.81161078e-01  3.73625000e-08  2.95924016e-03  3.73625000e-08  1.95096588e+00 
 3.73635000e-08  1.01791483e+00  3.73635000e-08  2.83062383e-03  3.73635000e-08  1.95084895e+00 
 3.73645000e-08  1.05430880e+00  3.73645000e-08  2.71048325e-03  3.73645000e-08  1.95074328e+00 
 3.73655000e-08  1.09032419e+00  3.73655000e-08  2.60060603e-03  3.73655000e-08  1.95064653e+00 
 3.73665000e-08  1.12604811e+00  3.73665000e-08  2.49492490e-03  3.73665000e-08  1.95056211e+00 
 3.76985000e-08  1.94999848e+00  3.76985000e-08  8.28263738e-01  3.76985000e-08  1.95000337e+00 
 3.76995000e-08  1.94999859e+00  3.76995000e-08  8.98662247e-01  3.76995000e-08  1.94990835e+00 
 3.77005000e-08  1.94999859e+00  3.77005000e-08  9.68411959e-01  3.77005000e-08  1.94979305e+00 
 3.77015000e-08  1.94999869e+00  3.77015000e-08  1.03737169e+00  3.77015000e-08  1.94966449e+00 
 3.77025000e-08  1.94999868e+00  3.77025000e-08  1.10558146e+00  3.77025000e-08  1.94954274e+00 
 3.77035000e-08  1.94999878e+00  3.77035000e-08  1.17323473e+00  3.77035000e-08  1.94942051e+00 
 3.78325000e-08  1.94121845e+00  3.78325000e-08  1.94993886e+00  3.78325000e-08  1.18259785e+00 
 3.78335000e-08  1.94042659e+00  3.78335000e-08  1.94996769e+00  3.78335000e-08  1.12506156e+00 
 3.78345000e-08  1.93947081e+00  3.78345000e-08  1.94999738e+00  3.78345000e-08  1.06738344e+00 
 3.78355000e-08  1.93828514e+00  3.78355000e-08  1.95002361e+00  3.78355000e-08  1.00938067e+00 
 3.78365000e-08  1.93683472e+00  3.78365000e-08  1.95004780e+00  3.78365000e-08  9.50916887e-01 
 3.78375000e-08  1.93514051e+00  3.78375000e-08  1.95006111e+00  3.78375000e-08  8.91850754e-01 
 3.78975000e-08  1.14384000e+00  3.78975000e-08  1.94999350e+00  3.78975000e-08  2.94092758e-03 
 3.78985000e-08  1.09154234e+00  3.78985000e-08  1.94999294e+00  3.78985000e-08  2.83352203e-03 
 3.78995000e-08  1.03935540e+00  3.78995000e-08  1.94999150e+00  3.78995000e-08  2.74495836e-03 
 3.79005000e-08  9.87170972e-01  3.79005000e-08  1.94999124e+00  3.79005000e-08  2.64707142e-03 
 3.79015000e-08  9.34965239e-01  3.79015000e-08  1.94999010e+00  3.79015000e-08  2.56735199e-03 
 3.79025000e-08  8.82668468e-01  3.79025000e-08  1.94999004e+00  3.79025000e-08  2.47731322e-03 
 3.83995000e-08  7.75986905e-04  3.83995000e-08  1.15188010e+00  3.83995000e-08 -9.93251094e-07 
 3.84005000e-08  1.27925018e-03  3.84005000e-08  1.10814796e+00  3.84005000e-08 -1.02242127e-06 
 3.84015000e-08  1.78883377e-03  3.84015000e-08  1.06396213e+00  3.84015000e-08  8.61187444e-07 
 3.84025000e-08  2.38151038e-03  3.84025000e-08  1.01934670e+00  3.84025000e-08  1.38732003e-06 
 3.84035000e-08  2.96165383e-03  3.84035000e-08  9.74295760e-01  3.84035000e-08  3.66770398e-06 
 3.84045000e-08  3.40172573e-03  3.84045000e-08  9.28835965e-01  3.84045000e-08  4.69284448e-06 
 3.84835000e-08  9.43619648e-01  3.84835000e-08  3.46117731e-03  3.84835000e-08  2.59622610e-06 
 3.84845000e-08  9.80640633e-01  3.84845000e-08  3.35554564e-03  3.84845000e-08  1.45362070e-05 
 3.84855000e-08  1.01739880e+00  3.84855000e-08  3.24933080e-03  3.84855000e-08  2.37402188e-05 
 3.84865000e-08  1.05379032e+00  3.84865000e-08  3.14396167e-03  3.84865000e-08  3.25911111e-05 
 3.84875000e-08  1.08980287e+00  3.84875000e-08  3.04785703e-03  3.84875000e-08  4.07845762e-05 
 3.84885000e-08  1.12553728e+00  3.84885000e-08  2.95738696e-03  3.84885000e-08  4.79549795e-05 
 3.88205000e-08  1.94999847e+00  3.88205000e-08  8.25717153e-01  3.88205000e-08 -6.35299461e-05 
 3.88215000e-08  1.94999860e+00  3.88215000e-08  8.96214319e-01  3.88215000e-08 -1.00620629e-04 
 3.88225000e-08  1.94999858e+00  3.88225000e-08  9.66198478e-01  3.88225000e-08 -1.30658913e-04 
 3.88235000e-08  1.94999870e+00  3.88235000e-08  1.03553538e+00  3.88235000e-08 -1.49158409e-04 
 3.88245000e-08  1.94999868e+00  3.88245000e-08  1.10426377e+00  3.88245000e-08 -1.62367299e-04 
 3.88255000e-08  1.94999879e+00  3.88255000e-08  1.17252071e+00  3.88255000e-08 -1.81328684e-04 
 3.89405000e-08  1.94935129e+00  3.89405000e-08  1.94988397e+00  3.89405000e-08  8.85695548e-01 
 3.89415000e-08  1.94897940e+00  3.89415000e-08  1.94988940e+00  3.89415000e-08  9.46188742e-01 
 3.89425000e-08  1.94855266e+00  3.89425000e-08  1.94989911e+00  3.89425000e-08  1.00588423e+00 
 3.89435000e-08  1.94809654e+00  3.89435000e-08  1.94990266e+00  3.89435000e-08  1.06747881e+00 
 3.89445000e-08  1.94761922e+00  3.89445000e-08  1.94991292e+00  3.89445000e-08  1.13465198e+00 
 3.89455000e-08  1.94708698e+00  3.89455000e-08  1.94990406e+00  3.89455000e-08  1.20805960e+00 
 3.90195000e-08  1.14424522e+00  3.90195000e-08  1.94997724e+00  3.90195000e-08  1.94942869e+00 
 3.90205000e-08  1.09194654e+00  3.90205000e-08  1.94997842e+00  3.90205000e-08  1.94943050e+00 
 3.90215000e-08  1.03975927e+00  3.90215000e-08  1.94997846e+00  3.90215000e-08  1.94950852e+00 
 3.90225000e-08  9.87574834e-01  3.90225000e-08  1.94997955e+00  3.90225000e-08  1.94950586e+00 
 3.90235000e-08  9.35369616e-01  3.90235000e-08  1.94997953e+00  3.90235000e-08  1.94957701e+00 
 3.90245000e-08  8.83073426e-01  3.90245000e-08  1.94998054e+00  3.90245000e-08  1.94957069e+00 
 3.95215000e-08  7.61462133e-04  3.95215000e-08  1.15220983e+00  3.95215000e-08  1.94995933e+00 
 3.95225000e-08  1.26372040e-03  3.95225000e-08  1.10848236e+00  3.95225000e-08  1.94995775e+00 
 3.95235000e-08  1.77386319e-03  3.95235000e-08  1.06430112e+00  3.95235000e-08  1.94995950e+00 
 3.95245000e-08  2.36214062e-03  3.95245000e-08  1.01968988e+00  3.95245000e-08  1.94996432e+00 
 3.95255000e-08  2.94647627e-03  3.95255000e-08  9.74642739e-01  3.95255000e-08  1.94997393e+00 
 3.95265000e-08  3.39065994e-03  3.95265000e-08  9.29186041e-01  3.95265000e-08  1.94998744e+00 
 3.96055000e-08  9.42448318e-01  3.96055000e-08  3.10566357e-03  3.96055000e-08  1.95109665e+00 
 3.96065000e-08  9.79475863e-01  3.96065000e-08  2.96672168e-03  3.96065000e-08  1.95097235e+00 
 3.96075000e-08  1.01624356e+00  3.96075000e-08  2.83692016e-03  3.96075000e-08  1.95085490e+00 
 3.96085000e-08  1.05265540e+00  3.96085000e-08  2.71694342e-03  3.96085000e-08  1.95074874e+00 
 3.96095000e-08  1.08868651e+00  3.96095000e-08  2.60600942e-03  3.96095000e-08  1.95065137e+00 
 3.96105000e-08  1.12442697e+00  3.96105000e-08  2.50076968e-03  3.96105000e-08  1.95056642e+00 
 3.99425000e-08  1.94999846e+00  3.99425000e-08  8.25162994e-01  3.99425000e-08  1.95000809e+00 
 3.99435000e-08  1.94999861e+00  3.99435000e-08  8.95586353e-01  3.99435000e-08  1.94991288e+00 
 3.99445000e-08  1.94999856e+00  3.99445000e-08  9.65368266e-01  3.99445000e-08  1.94979835e+00 
 3.99455000e-08  1.94999871e+00  3.99455000e-08  1.03436263e+00  3.99455000e-08  1.94967013e+00 
 3.99465000e-08  1.94999866e+00  3.99465000e-08  1.10260350e+00  3.99465000e-08  1.94954739e+00 
 3.99475000e-08  1.94999880e+00  3.99475000e-08  1.17025392e+00  3.99475000e-08  1.94942660e+00 
 4.00765000e-08  1.94125337e+00  4.00765000e-08  1.94993742e+00  4.00765000e-08  1.18526332e+00 
 4.00775000e-08  1.94046776e+00  4.00775000e-08  1.94996641e+00  4.00775000e-08  1.12772805e+00 
 4.00785000e-08  1.93952116e+00  4.00785000e-08  1.94999612e+00  4.00785000e-08  1.07006210e+00 
 4.00795000e-08  1.93834763e+00  4.00795000e-08  1.95002247e+00  4.00795000e-08  1.01207529e+00 
 4.00805000e-08  1.93690963e+00  4.00805000e-08  1.95004685e+00  4.00805000e-08  9.53637618e-01 
 4.00815000e-08  1.93522567e+00  4.00815000e-08  1.95006060e+00  4.00815000e-08  8.94599023e-01 
 4.01415000e-08  1.14632243e+00  4.01415000e-08  1.94999353e+00  4.01415000e-08  2.94726647e-03 
 4.01425000e-08  1.09402015e+00  4.01425000e-08  1.94999300e+00  4.01425000e-08  2.83634360e-03 
 4.01435000e-08  1.04182956e+00  4.01435000e-08  1.94999153e+00  4.01435000e-08  2.75082218e-03 
 4.01445000e-08  9.89646581e-01  4.01445000e-08  1.94999128e+00  4.01445000e-08  2.64948969e-03 
 4.01455000e-08  9.37442531e-01  4.01455000e-08  1.94999011e+00  4.01455000e-08  2.57281980e-03 
 4.01465000e-08  8.85150859e-01  4.01465000e-08  1.94999007e+00  4.01465000e-08  2.47940303e-03 
 4.06435000e-08  7.51630941e-04  4.06435000e-08  1.15390115e+00  4.06435000e-08 -9.95206016e-07 
 4.06445000e-08  1.25323806e-03  4.06445000e-08  1.11018935e+00  4.06445000e-08 -1.07850986e-06 
 4.06455000e-08  1.76365218e-03  4.06455000e-08  1.06602458e+00  4.06455000e-08  8.31974435e-07 
 4.06465000e-08  2.34876390e-03  4.06465000e-08  1.02142882e+00  4.06465000e-08  1.30274803e-06 
 4.06475000e-08  2.93589268e-03  4.06475000e-08  9.76398013e-01  4.06475000e-08  3.60644743e-06 
 4.06485000e-08  3.38298791e-03  4.06485000e-08  9.30956810e-01  4.06485000e-08  4.60012119e-06 
 4.07275000e-08  9.41672341e-01  4.07275000e-08  3.46560637e-03  4.07275000e-08  1.90752964e-06 
 4.07285000e-08  9.78704609e-01  4.07285000e-08  3.36068507e-03  4.07285000e-08  1.40423924e-05 
 4.07295000e-08  1.01547878e+00  4.07295000e-08  3.25404347e-03  4.07295000e-08  2.32880823e-05 
 4.07305000e-08  1.05189073e+00  4.07305000e-08  3.14883676e-03  4.07305000e-08  3.22052689e-05 
 4.07315000e-08  1.08792136e+00  4.07315000e-08  3.05196009e-03  4.07315000e-08  4.03746772e-05 
 4.07325000e-08  1.12366701e+00  4.07325000e-08  2.96153623e-03  4.07325000e-08  4.76878329e-05 
 4.10645000e-08  1.94999844e+00  4.10645000e-08  8.22034145e-01  4.10645000e-08 -6.15001552e-05 
 4.10655000e-08  1.94999861e+00  4.10655000e-08  8.92552870e-01  4.10655000e-08 -9.86875930e-05 
 4.10665000e-08  1.94999855e+00  4.10665000e-08  9.62562030e-01  4.10665000e-08 -1.29365808e-04 
 4.10675000e-08  1.94999872e+00  4.10675000e-08  1.03193046e+00  4.10675000e-08 -1.48253632e-04 
 4.10685000e-08  1.94999865e+00  4.10685000e-08  1.10068834e+00  4.10685000e-08 -1.61735517e-04 
 4.10695000e-08  1.94999880e+00  4.10695000e-08  1.16894844e+00  4.10695000e-08 -1.80047767e-04 
 4.11845000e-08  1.94937093e+00  4.11845000e-08  1.94988346e+00  4.11845000e-08  8.82445938e-01 
 4.11855000e-08  1.94899962e+00  4.11855000e-08  1.94988911e+00  4.11855000e-08  9.43009714e-01 
 4.11865000e-08  1.94857731e+00  4.11865000e-08  1.94989862e+00  4.11865000e-08  1.00271287e+00 
 4.11875000e-08  1.94812135e+00  4.11875000e-08  1.94990220e+00  4.11875000e-08  1.06411246e+00 
 4.11885000e-08  1.94764591e+00  4.11885000e-08  1.94991321e+00  4.11885000e-08  1.13083981e+00 
 4.11895000e-08  1.94711751e+00  4.11895000e-08  1.94990412e+00  4.11895000e-08  1.20418605e+00 
 4.12635000e-08  1.14712282e+00  4.12635000e-08  1.94997723e+00  4.12635000e-08  1.94942816e+00 
 4.12645000e-08  1.09481891e+00  4.12645000e-08  1.94997836e+00  4.12645000e-08  1.94942660e+00 
 4.12655000e-08  1.04262679e+00  4.12655000e-08  1.94997845e+00  4.12655000e-08  1.94950826e+00 
 4.12665000e-08  9.90444121e-01  4.12665000e-08  1.94997949e+00  4.12665000e-08  1.94950232e+00 
 4.12675000e-08  9.38240303e-01  4.12675000e-08  1.94997953e+00  4.12675000e-08  1.94957696e+00 
 4.12685000e-08  8.85950155e-01  4.12685000e-08  1.94998048e+00  4.12685000e-08  1.94956748e+00 
 4.17655000e-08  7.26888546e-04  4.17655000e-08  1.15459018e+00  4.17655000e-08  1.94995946e+00 
 4.17665000e-08  1.22695520e-03  4.17665000e-08  1.11088670e+00  4.17665000e-08  1.94995777e+00 
 4.17675000e-08  1.73804587e-03  4.17675000e-08  1.06673028e+00  4.17675000e-08  1.94995932e+00 
 4.17685000e-08  2.31521459e-03  4.17685000e-08  1.02214223e+00  4.17685000e-08  1.94996394e+00 
 4.17695000e-08  2.90931355e-03  4.17695000e-08  9.77118833e-01  4.17695000e-08  1.94997329e+00 
 4.17705000e-08  3.36369610e-03  4.17705000e-08  9.31684079e-01  4.17705000e-08  1.94998657e+00 
 4.18495000e-08  9.39791506e-01  4.18495000e-08  3.11296391e-03  4.18495000e-08  1.95110357e+00 
 4.18505000e-08  9.76834504e-01  4.18505000e-08  2.97440053e-03  4.18505000e-08  1.95097893e+00 
 4.18515000e-08  1.01362395e+00  4.18515000e-08  2.84338754e-03  4.18515000e-08  1.95086103e+00 
 4.18525000e-08  1.05006390e+00  4.18525000e-08  2.72356700e-03  4.18525000e-08  1.95075433e+00 
 4.18535000e-08  1.08612019e+00  4.18535000e-08  2.61153550e-03  4.18535000e-08  1.95065637e+00 
 4.18545000e-08  1.12187670e+00  4.18545000e-08  2.50673107e-03  4.18545000e-08  1.95057084e+00 
 4.20000000e-08  1.95001161e+00  4.20000000e-08  1.01041792e-04  4.20000000e-08  1.94999076e+00 
