 time            v(b_out)        time            v(u_puf_u_core_sel_ro) time            v(q)           
 0.00000000e+00  4.68653885e-09  0.00000000e+00  2.46749735e-09  0.00000000e+00  2.46749746e-09 
 2.57850000e-09  9.39875716e-01  2.57850000e-09  3.16335766e-09  2.57850000e-09  2.46783771e-09 
 2.57950000e-09  9.75580280e-01  2.57950000e-09  3.21567498e-09  2.57950000e-09  2.46768084e-09 
 2.58050000e-09  1.01193362e+00  2.58050000e-09  3.28696215e-09  2.58050000e-09  2.46772669e-09 
 2.58150000e-09  1.04913670e+00  2.58150000e-09  2.92438512e-09  2.58150000e-09  2.46692083e-09 
 2.58250000e-09  1.08676121e+00  2.58250000e-09  2.17220181e-09  2.58250000e-09  2.46658849e-09 
 2.58350000e-09  1.12429159e+00  2.58350000e-09  1.59237104e-09  2.58350000e-09  2.46729737e-09 
 2.77650000e-09  1.94992805e+00  2.77650000e-09  8.32465759e-01  2.77650000e-09 -7.22041103e-05 
 2.77750000e-09  1.94992872e+00  2.77750000e-09  9.15008847e-01  2.77750000e-09 -1.21002793e-04 
 2.77850000e-09  1.94992942e+00  2.77850000e-09  9.95696645e-01  2.77850000e-09 -1.59228048e-04 
 2.77950000e-09  1.94993006e+00  2.77950000e-09  1.07447371e+00  2.77950000e-09 -1.80559315e-04 
 2.78050000e-09  1.94993072e+00  2.78050000e-09  1.15137714e+00  2.78050000e-09 -1.96729117e-04 
 2.78150000e-09  1.94993134e+00  2.78150000e-09  1.22659458e+00  2.78150000e-09 -2.19574662e-04 
 2.89550000e-09  1.94996493e+00  2.89550000e-09  1.94993282e+00  2.89550000e-09  8.58109749e-01 
 2.89650000e-09  1.94996505e+00  2.89650000e-09  1.94993976e+00  2.89650000e-09  9.19170263e-01 
 2.89750000e-09  1.94996522e+00  2.89750000e-09  1.94994586e+00  2.89750000e-09  9.78975185e-01 
 2.89850000e-09  1.94996534e+00  2.89850000e-09  1.94995252e+00  2.89850000e-09  1.03896881e+00 
 2.89950000e-09  1.94996551e+00  2.89950000e-09  1.94995932e+00  2.89950000e-09  1.10293400e+00 
 2.90050000e-09  1.94996562e+00  2.90050000e-09  1.94995578e+00  2.90050000e-09  1.17449511e+00 
 3.11450000e-09  1.13553681e+00  3.11450000e-09  1.94999950e+00  3.11450000e-09  1.94999764e+00 
 3.11550000e-09  1.08276999e+00  3.11550000e-09  1.94999952e+00  3.11550000e-09  1.94999643e+00 
 3.11650000e-09  1.03023857e+00  3.11650000e-09  1.94999951e+00  3.11650000e-09  1.94999842e+00 
 3.11750000e-09  9.77838902e-01  3.11750000e-09  1.94999952e+00  3.11750000e-09  1.94999638e+00 
 3.11850000e-09  9.25537295e-01  3.11850000e-09  1.94999953e+00  3.11850000e-09  1.94999768e+00 
 3.11950000e-09  8.73231248e-01  3.11950000e-09  1.94999954e+00  3.11950000e-09  1.94999656e+00 
 3.48650000e-09  8.09001033e-05  3.48650000e-09  1.15890498e+00  3.48650000e-09  1.94993952e+00 
 3.48750000e-09  7.95463231e-05  3.48750000e-09  1.10453207e+00  3.48750000e-09  1.94993546e+00 
 3.48850000e-09  7.81876663e-05  3.48850000e-09  1.04948637e+00  3.48850000e-09  1.94993499e+00 
 3.48950000e-09  7.68620114e-05  3.48950000e-09  9.93810617e-01  3.48950000e-09  1.94994056e+00 
 3.49050000e-09  7.55380363e-05  3.49050000e-09  9.37481637e-01  3.49050000e-09  1.94995234e+00 
 3.49150000e-09  7.42876544e-05  3.49150000e-09  8.80552909e-01  3.49150000e-09  1.94997148e+00 
 3.70050000e-09  9.42709519e-01  3.70050000e-09  4.87127246e-05  3.70050000e-09  1.94998450e+00 
 3.70150000e-09  9.79764132e-01  3.70150000e-09  4.67753397e-05  3.70150000e-09  1.94998492e+00 
 3.70250000e-09  1.01733963e+00  3.70250000e-09  4.63189560e-05  3.70250000e-09  1.94998536e+00 
 3.70350000e-09  1.05520474e+00  3.70350000e-09  4.44558702e-05  3.70350000e-09  1.94998576e+00 
 3.70450000e-09  1.09297130e+00  3.70450000e-09  4.40454280e-05  3.70450000e-09  1.94998617e+00 
 3.70550000e-09  1.13040776e+00  3.70550000e-09  4.22532960e-05  3.70550000e-09  1.94998655e+00 
 3.89750000e-09  1.94992756e+00  3.89750000e-09  8.15343333e-01  3.89750000e-09  1.95009066e+00 
 3.89850000e-09  1.94992830e+00  3.89850000e-09  8.98257594e-01  3.89850000e-09  1.94995776e+00 
 3.89950000e-09  1.94992895e+00  3.89950000e-09  9.79185802e-01  3.89950000e-09  1.94982150e+00 
 3.90050000e-09  1.94992966e+00  3.90050000e-09  1.05802127e+00  3.90050000e-09  1.94966706e+00 
 3.90150000e-09  1.94993028e+00  3.90150000e-09  1.13477032e+00  3.90150000e-09  1.94950810e+00 
 3.90250000e-09  1.94993095e+00  3.90250000e-09  1.20965148e+00  3.90250000e-09  1.94936394e+00 
 4.03150000e-09  1.94996690e+00  4.03150000e-09  1.94999337e+00  4.03150000e-09  1.15406285e+00 
 4.03250000e-09  1.94996703e+00  4.03250000e-09  1.95002609e+00  4.03250000e-09  1.09649360e+00 
 4.03350000e-09  1.94996716e+00  4.03350000e-09  1.95005606e+00  4.03350000e-09  1.03865555e+00 
 4.03450000e-09  1.94996728e+00  4.03450000e-09  1.95007894e+00  4.03450000e-09  9.80456407e-01 
 4.03550000e-09  1.94996741e+00  4.03550000e-09  1.95009590e+00  4.03550000e-09  9.21687756e-01 
 4.03650000e-09  1.94996753e+00  4.03650000e-09  1.95010594e+00  4.03650000e-09  8.62309617e-01 
 4.23650000e-09  1.13763127e+00  4.23650000e-09  1.94999950e+00  4.23650000e-09  3.22176778e-05 
 4.23750000e-09  1.08485430e+00  4.23750000e-09  1.94999939e+00  4.23750000e-09  3.26155406e-05 
 4.23850000e-09  1.03231634e+00  4.23850000e-09  1.94999950e+00  4.23850000e-09  3.01679897e-05 
 4.23950000e-09  9.79911391e-01  4.23950000e-09  1.94999939e+00  4.23950000e-09  3.05873704e-05 
 4.24050000e-09  9.27608784e-01  4.24050000e-09  1.94999951e+00  4.24050000e-09  2.82355444e-05 
 4.24150000e-09  8.75302651e-01  4.24150000e-09  1.94999940e+00  4.24150000e-09  2.86937732e-05 
 4.60850000e-09  8.09525217e-05  4.60850000e-09  1.16098341e+00  4.60850000e-09 -2.87623449e-06 
 4.60950000e-09  7.96033128e-05  4.60950000e-09  1.10663241e+00  4.60950000e-09 -2.13449088e-06 
 4.61050000e-09  7.82390935e-05  4.61050000e-09  1.05161071e+00  4.61050000e-09 -3.98221796e-07 
 4.61150000e-09  7.69181763e-05  4.61150000e-09  9.95956856e-01  4.61150000e-09  1.57161500e-06 
 4.61250000e-09  7.55870336e-05  4.61250000e-09  9.39651560e-01  4.61250000e-09  4.10944299e-06 
 4.61350000e-09  7.43400505e-05  4.61350000e-09  8.82744442e-01  4.61350000e-09  6.78869131e-06 
 4.82250000e-09  9.41120173e-01  4.82250000e-09  5.46931755e-05  4.82250000e-09  1.51421756e-06 
 4.82350000e-09  9.78155465e-01  4.82350000e-09  5.28979417e-05  4.82350000e-09  8.98424840e-07 
 4.82450000e-09  1.01570976e+00  4.82450000e-09  5.19765727e-05  4.82450000e-09  1.44515578e-06 
 4.82550000e-09  1.05357100e+00  4.82550000e-09  5.02605258e-05  4.82550000e-09  8.29248817e-07 
 4.82650000e-09  1.09134886e+00  4.82650000e-09  4.94000107e-05  4.82650000e-09  1.37226078e-06 
 4.82750000e-09  1.12880394e+00  4.82750000e-09  4.77575136e-05  4.82750000e-09  7.78948170e-07 
 5.01950000e-09  1.94992750e+00  5.01950000e-09  8.09566270e-01  5.01950000e-09 -5.83448686e-05 
 5.02050000e-09  1.94992830e+00  5.02050000e-09  8.92585983e-01  5.02050000e-09 -1.09973922e-04 
 5.02150000e-09  1.94992890e+00  5.02150000e-09  9.73796332e-01  5.02150000e-09 -1.51965737e-04 
 5.02250000e-09  1.94992966e+00  5.02250000e-09  1.05310098e+00  5.02250000e-09 -1.77095810e-04 
 5.02350000e-09  1.94993023e+00  5.02350000e-09  1.13051114e+00  5.02350000e-09 -1.95885271e-04 
 5.02450000e-09  1.94993095e+00  5.02450000e-09  1.20618189e+00  5.02450000e-09 -2.12185553e-04 
 5.13850000e-09  1.94996482e+00  5.13850000e-09  1.94993762e+00  5.13850000e-09  8.53115142e-01 
 5.13950000e-09  1.94996495e+00  5.13950000e-09  1.94994342e+00  5.13950000e-09  9.14384464e-01 
 5.14050000e-09  1.94996512e+00  5.14050000e-09  1.94994946e+00  5.14050000e-09  9.74361131e-01 
 5.14150000e-09  1.94996524e+00  5.14150000e-09  1.94995534e+00  5.14150000e-09  1.03434089e+00 
 5.14250000e-09  1.94996541e+00  5.14250000e-09  1.94996177e+00  5.14250000e-09  1.09798903e+00 
 5.14350000e-09  1.94996553e+00  5.14350000e-09  1.94995866e+00  5.14350000e-09  1.16916661e+00 
 5.35850000e-09  1.13925754e+00  5.35850000e-09  1.94999953e+00  5.35850000e-09  1.94999851e+00 
 5.35950000e-09  1.08647261e+00  5.35950000e-09  1.94999951e+00  5.35950000e-09  1.94999928e+00 
 5.36050000e-09  1.03392936e+00  5.36050000e-09  1.94999954e+00  5.36050000e-09  1.94999840e+00 
 5.36150000e-09  9.81520100e-01  5.36150000e-09  1.94999951e+00  5.36150000e-09  1.94999879e+00 
 5.36250000e-09  9.29216513e-01  5.36250000e-09  1.94999954e+00  5.36250000e-09  1.94999834e+00 
 5.36350000e-09  8.76910171e-01  5.36350000e-09  1.94999952e+00  5.36350000e-09  1.94999910e+00 
 5.73050000e-09  8.09925695e-05  5.73050000e-09  1.16260607e+00  5.73050000e-09  1.94994011e+00 
 5.73150000e-09  7.96482403e-05  5.73150000e-09  1.10827616e+00  5.73150000e-09  1.94993544e+00 
 5.73250000e-09  7.82784347e-05  5.73250000e-09  1.05327704e+00  5.73250000e-09  1.94993505e+00 
 5.73350000e-09  7.69625243e-05  5.73350000e-09  9.97643687e-01  5.73350000e-09  1.94993978e+00 
 5.73450000e-09  7.56245116e-05  5.73450000e-09  9.41359438e-01  5.73450000e-09  1.94995150e+00 
 5.73550000e-09  7.43814353e-05  5.73550000e-09  8.84470596e-01  5.73550000e-09  1.94996975e+00 
 5.94450000e-09  9.39974668e-01  5.94450000e-09  4.88807011e-05  5.94450000e-09  1.94998458e+00 
 5.94550000e-09  9.76996442e-01  5.94550000e-09  4.67738572e-05  5.94550000e-09  1.94998478e+00 
 5.94650000e-09  1.01453518e+00  5.94650000e-09  4.64814315e-05  5.94650000e-09  1.94998545e+00 
 5.94750000e-09  1.05239316e+00  5.94750000e-09  4.44517872e-05  5.94750000e-09  1.94998562e+00 
 5.94850000e-09  1.09017805e+00  5.94850000e-09  4.42021113e-05  5.94850000e-09  1.94998626e+00 
 5.94950000e-09  1.12764549e+00  5.94950000e-09  4.22468578e-05  5.94950000e-09  1.94998641e+00 
 6.14150000e-09  1.94992746e+00  6.14150000e-09  8.08791629e-01  6.14150000e-09  1.95009985e+00 
 6.14250000e-09  1.94992829e+00  6.14250000e-09  8.91850533e-01  6.14250000e-09  1.94996764e+00 
 6.14350000e-09  1.94992886e+00  6.14350000e-09  9.72940486e-01  6.14350000e-09  1.94983278e+00 
 6.14450000e-09  1.94992965e+00  6.14450000e-09  1.05193965e+00  6.14450000e-09  1.94967981e+00 
 6.14550000e-09  1.94993019e+00  6.14550000e-09  1.12884817e+00  6.14550000e-09  1.94952042e+00 
 6.14650000e-09  1.94993095e+00  6.14650000e-09  1.20386146e+00  6.14650000e-09  1.94937628e+00 
 6.27550000e-09  1.94996689e+00  6.27550000e-09  1.94999124e+00  6.27550000e-09  1.15857310e+00 
 6.27650000e-09  1.94996704e+00  6.27650000e-09  1.95002370e+00  6.27650000e-09  1.10101219e+00 
 6.27750000e-09  1.94996715e+00  6.27750000e-09  1.95005389e+00  6.27750000e-09  1.04320355e+00 
 6.27850000e-09  1.94996729e+00  6.27850000e-09  1.95007723e+00  6.27850000e-09  9.85039837e-01 
 6.27950000e-09  1.94996739e+00  6.27950000e-09  1.95009452e+00  6.27950000e-09  9.26324424e-01 
 6.28050000e-09  1.94996753e+00  6.28050000e-09  1.95010516e+00  6.28050000e-09  8.67000463e-01 
 6.48050000e-09  1.14068051e+00  6.48050000e-09  1.94999949e+00  6.48050000e-09  3.24874335e-05 
 6.48150000e-09  1.08788975e+00  6.48150000e-09  1.94999934e+00  6.48150000e-09  3.24827743e-05 
 6.48250000e-09  1.03534096e+00  6.48250000e-09  1.94999950e+00  6.48250000e-09  3.04364121e-05 
 6.48350000e-09  9.82928960e-01  6.48350000e-09  1.94999935e+00  6.48350000e-09  3.04616383e-05 
 6.48450000e-09  9.30623680e-01  6.48450000e-09  1.94999951e+00  6.48450000e-09  2.85141292e-05 
 6.48550000e-09  8.78318082e-01  6.48550000e-09  1.94999936e+00  6.48550000e-09  2.85658596e-05 
 6.85250000e-09  8.10264285e-05  6.85250000e-09  1.16408578e+00  6.85250000e-09 -2.81938177e-06 
 6.85350000e-09  7.96849999e-05  6.85350000e-09  1.10977075e+00  6.85350000e-09 -2.28506645e-06 
 6.85450000e-09  7.83111223e-05  6.85450000e-09  1.05478804e+00  6.85450000e-09 -4.28805910e-07 
 6.85550000e-09  7.69981046e-05  6.85550000e-09  9.99169663e-01  6.85550000e-09  1.37311515e-06 
 6.85650000e-09  7.56556685e-05  6.85650000e-09  9.42901825e-01  6.85650000e-09  4.02632869e-06 
 6.85750000e-09  7.44152679e-05  6.85750000e-09  8.86028083e-01  6.85750000e-09  6.56383752e-06 
 7.06650000e-09  9.39589099e-01  7.06650000e-09  5.48466601e-05  7.06650000e-09  1.62558039e-06 
 7.06750000e-09  9.76606545e-01  7.06750000e-09  5.29052974e-05  7.06750000e-09  8.09248971e-07 
 7.06850000e-09  1.01414010e+00  7.06850000e-09  5.21247399e-05  7.06850000e-09  1.55274089e-06 
 7.06950000e-09  1.05199695e+00  7.06950000e-09  5.02649536e-05  7.06950000e-09  7.35401718e-07 
 7.07050000e-09  1.08978414e+00  7.07050000e-09  4.95428755e-05  7.07050000e-09  1.63576873e-06 
 7.07150000e-09  1.12725572e+00  7.07150000e-09  4.77593416e-05  7.07150000e-09  8.93075392e-07 
 7.26350000e-09  1.94992745e+00  7.26350000e-09  8.06039079e-01  7.26350000e-09 -5.61741505e-05 
 7.26450000e-09  1.94992830e+00  7.26450000e-09  8.89130444e-01  7.26450000e-09 -1.07935975e-04 
 7.26550000e-09  1.94992885e+00  7.26550000e-09  9.70420432e-01  7.26550000e-09 -1.50502400e-04 
 7.26650000e-09  1.94992965e+00  7.26650000e-09  1.04980526e+00  7.26650000e-09 -1.76229665e-04 
 7.26750000e-09  1.94993018e+00  7.26750000e-09  1.12729361e+00  7.26750000e-09 -1.95322553e-04 
 7.26850000e-09  1.94993095e+00  7.26850000e-09  1.20303302e+00  7.26850000e-09 -2.11039899e-04 
 7.38250000e-09  1.94996482e+00  7.38250000e-09  1.94993751e+00  7.38250000e-09  8.50503058e-01 
 7.38350000e-09  1.94996494e+00  7.38350000e-09  1.94994314e+00  7.38350000e-09  9.11840078e-01 
 7.38450000e-09  1.94996512e+00  7.38450000e-09  1.94994921e+00  7.38450000e-09  9.71855200e-01 
 7.38550000e-09  1.94996523e+00  7.38550000e-09  1.94995514e+00  7.38550000e-09  1.03177690e+00 
 7.38650000e-09  1.94996541e+00  7.38650000e-09  1.94996143e+00  7.38650000e-09  1.09519995e+00 
 7.38750000e-09  1.94996552e+00  7.38750000e-09  1.94995907e+00  7.38750000e-09  1.16606944e+00 
 7.60250000e-09  1.14117743e+00  7.60250000e-09  1.94999953e+00  7.60250000e-09  1.94999938e+00 
 7.60350000e-09  1.08838463e+00  7.60350000e-09  1.94999950e+00  7.60350000e-09  1.94999946e+00 
 7.60450000e-09  1.03583375e+00  7.60450000e-09  1.94999955e+00  7.60450000e-09  1.94999940e+00 
 7.60550000e-09  9.83420784e-01  7.60550000e-09  1.94999951e+00  7.60550000e-09  1.94999941e+00 
 7.60650000e-09  9.31114788e-01  7.60650000e-09  1.94999954e+00  7.60650000e-09  1.94999937e+00 
 7.60750000e-09  8.78809446e-01  7.60750000e-09  1.94999952e+00  7.60750000e-09  1.94999944e+00 
 7.97450000e-09  8.10363268e-05  7.97450000e-09  1.16441573e+00  7.97450000e-09  1.94994031e+00 
 7.97550000e-09  7.96955926e-05  7.97550000e-09  1.11010688e+00  7.97550000e-09  1.94993554e+00 
 7.97650000e-09  7.83209451e-05  7.97650000e-09  1.05513053e+00  7.97650000e-09  1.94993499e+00 
 7.97750000e-09  7.70087185e-05  7.97750000e-09  9.99517948e-01  7.97750000e-09  1.94993952e+00 
 7.97850000e-09  7.56649701e-05  7.97850000e-09  9.43255600e-01  7.97850000e-09  1.94995101e+00 
 7.97950000e-09  7.44250010e-05  7.97950000e-09  8.86386322e-01  7.97950000e-09  1.94996902e+00 
 8.18850000e-09  9.39184469e-01  8.18850000e-09  4.89504730e-05  8.18850000e-09  1.94998454e+00 
 8.18950000e-09  9.76197258e-01  8.18950000e-09  4.67905837e-05  8.18950000e-09  1.94998479e+00 
 8.19050000e-09  1.01372524e+00  8.19050000e-09  4.65484733e-05  8.19050000e-09  1.94998541e+00 
 8.19150000e-09  1.05158079e+00  8.19150000e-09  4.44669527e-05  8.19150000e-09  1.94998562e+00 
 8.19250000e-09  1.08937039e+00  8.19250000e-09  4.42665331e-05  8.19250000e-09  1.94998622e+00 
 8.19350000e-09  1.12684874e+00  8.19350000e-09  4.22603690e-05  8.19350000e-09  1.94998641e+00 
 8.38550000e-09  1.94992744e+00  8.38550000e-09  8.07055981e-01  8.38550000e-09  1.95010225e+00 
 8.38650000e-09  1.94992830e+00  8.38650000e-09  8.90151923e-01  8.38650000e-09  1.94997020e+00 
 8.38750000e-09  1.94992883e+00  8.38750000e-09  9.71283985e-01  8.38750000e-09  1.94983578e+00 
 8.38850000e-09  1.94992965e+00  8.38850000e-09  1.05032605e+00  8.38850000e-09  1.94968316e+00 
 8.38950000e-09  1.94993017e+00  8.38950000e-09  1.12727678e+00  8.38950000e-09  1.94952370e+00 
 8.39050000e-09  1.94993095e+00  8.39050000e-09  1.20232529e+00  8.39050000e-09  1.94937952e+00 
 8.51950000e-09  1.94996688e+00  8.51950000e-09  1.94999061e+00  8.51950000e-09  1.15976782e+00 
 8.52050000e-09  1.94996704e+00  8.52050000e-09  1.95002305e+00  8.52050000e-09  1.10220838e+00 
 8.52150000e-09  1.94996714e+00  8.52150000e-09  1.95005336e+00  8.52150000e-09  1.04440662e+00 
 8.52250000e-09  1.94996729e+00  8.52250000e-09  1.95007686e+00  8.52250000e-09  9.86250988e-01 
 8.52350000e-09  1.94996738e+00  8.52350000e-09  1.95009425e+00  8.52350000e-09  9.27548076e-01 
 8.52450000e-09  1.94996754e+00  8.52450000e-09  1.95010503e+00  8.52450000e-09  8.68236585e-01 
 8.72450000e-09  1.14167421e+00  8.72450000e-09  1.94999949e+00  8.72450000e-09  3.25280144e-05 
 8.72550000e-09  1.08887934e+00  8.72550000e-09  1.94999934e+00  8.72550000e-09  3.24874738e-05 
 8.72650000e-09  1.03632633e+00  8.72650000e-09  1.94999950e+00  8.72650000e-09  3.04763596e-05 
 8.72750000e-09  9.83912371e-01  8.72750000e-09  1.94999935e+00  8.72750000e-09  3.04647621e-05 
 8.72850000e-09  9.31605612e-01  8.72850000e-09  1.94999950e+00  8.72850000e-09  2.85539386e-05 
 8.72950000e-09  8.79300506e-01  8.72950000e-09  1.94999933e+00  8.72950000e-09  2.85675712e-05 
 9.09650000e-09  8.10451127e-05  9.09650000e-09  1.16456516e+00  9.09650000e-09 -2.80618122e-06 
 9.09750000e-09  7.97050809e-05  9.09750000e-09  1.11025587e+00  9.09750000e-09 -2.31130061e-06 
 9.09850000e-09  7.83301572e-05  9.09850000e-09  1.05527928e+00  9.09850000e-09 -4.29285649e-07 
 9.09950000e-09  7.70187540e-05  9.09950000e-09  9.99666535e-01  9.09950000e-09  1.33957079e-06 
 9.10050000e-09  7.56737033e-05  9.10050000e-09  9.43404573e-01  9.10050000e-09  4.01710037e-06 
 9.10150000e-09  7.44338313e-05  9.10150000e-09  8.86536127e-01  9.10150000e-09  6.52590852e-06 
 9.31050000e-09  9.38212688e-01  9.31050000e-09  5.48686529e-05  9.31050000e-09  1.66104403e-06 
 9.31150000e-09  9.75214867e-01  9.31150000e-09  5.29030137e-05  9.31150000e-09  8.08361090e-07 
 9.31250000e-09  1.01272974e+00  9.31250000e-09  5.21461111e-05  9.31250000e-09  1.58298243e-06 
 9.31350000e-09  1.05058208e+00  9.31350000e-09  5.02622413e-05  9.31350000e-09  7.27367337e-07 
 9.31450000e-09  1.08837737e+00  9.31450000e-09  4.95634375e-05  9.31450000e-09  1.66182643e-06 
 9.31550000e-09  1.12586354e+00  9.31550000e-09  4.77563285e-05  9.31550000e-09  8.87351132e-07 
 9.50750000e-09  1.94992740e+00  9.50750000e-09  8.02798351e-01  9.50750000e-09 -5.41651760e-05 
 9.50850000e-09  1.94992829e+00  9.50850000e-09  8.85954772e-01  9.50850000e-09 -1.06077244e-04 
 9.50950000e-09  1.94992880e+00  9.50950000e-09  9.67317647e-01  9.50950000e-09 -1.49102388e-04 
 9.51050000e-09  1.94992965e+00  9.51050000e-09  1.04677590e+00  9.51050000e-09 -1.75452669e-04 
 9.51150000e-09  1.94993013e+00  9.51150000e-09  1.12433627e+00  9.51150000e-09 -1.94775015e-04 
 9.51250000e-09  1.94993095e+00  9.51250000e-09  1.20013887e+00  9.51250000e-09 -2.10024919e-04 
 9.62650000e-09  1.94996483e+00  9.62650000e-09  1.94993741e+00  9.62650000e-09  8.48156413e-01 
 9.62750000e-09  1.94996493e+00  9.62750000e-09  1.94994288e+00  9.62750000e-09  9.09554560e-01 
 9.62850000e-09  1.94996512e+00  9.62850000e-09  1.94994898e+00  9.62850000e-09  9.69605065e-01 
 9.62950000e-09  1.94996522e+00  9.62950000e-09  1.94995495e+00  9.62950000e-09  1.02948097e+00 
 9.63050000e-09  1.94996541e+00  9.63050000e-09  1.94996111e+00  9.63050000e-09  1.09271005e+00 
 9.63150000e-09  1.94996551e+00  9.63150000e-09  1.94995946e+00  9.63150000e-09  1.16328970e+00 
 9.84650000e-09  1.14362761e+00  9.84650000e-09  1.94999953e+00  9.84650000e-09  1.94999953e+00 
 9.84750000e-09  1.09082454e+00  9.84750000e-09  1.94999950e+00  9.84750000e-09  1.94999890e+00 
 9.84850000e-09  1.03826318e+00  9.84850000e-09  1.94999955e+00  9.84850000e-09  1.94999922e+00 
 9.84950000e-09  9.85845210e-01  9.84950000e-09  1.94999950e+00  9.84950000e-09  1.94999879e+00 
 9.85050000e-09  9.33535473e-01  9.85050000e-09  1.94999955e+00  9.85050000e-09  1.94999934e+00 
 9.85150000e-09  8.81231217e-01  9.85150000e-09  1.94999951e+00  9.85150000e-09  1.94999896e+00 
 1.02185000e-08  8.10956045e-05  1.02185000e-08  1.16649484e+00  1.02185000e-08  1.94994053e+00 
 1.02195000e-08  7.97583345e-05  1.02195000e-08  1.11221025e+00  1.02195000e-08  1.94993566e+00 
 1.02205000e-08  7.83798004e-05  1.02205000e-08  1.05726011e+00  1.02205000e-08  1.94993493e+00 
 1.02215000e-08  7.70711830e-05  1.02215000e-08  1.00167148e+00  1.02215000e-08  1.94993922e+00 
 1.02225000e-08  7.57208923e-05  1.02225000e-08  9.45434359e-01  1.02225000e-08  1.94995045e+00 
 1.02235000e-08  7.44827278e-05  1.02235000e-08  8.88587648e-01  1.02235000e-08  1.94996819e+00 
 1.04325000e-08  9.36833458e-01  1.04325000e-08  4.90142545e-05  1.04325000e-08  1.94998451e+00 
 1.04335000e-08  9.73820461e-01  1.04335000e-08  4.68152885e-05  1.04335000e-08  1.94998479e+00 
 1.04345000e-08  1.01131596e+00  1.04345000e-08  4.66096352e-05  1.04345000e-08  1.94998537e+00 
 1.04355000e-08  1.04916309e+00  1.04355000e-08  4.44899001e-05  1.04355000e-08  1.94998563e+00 
 1.04365000e-08  1.08696746e+00  1.04365000e-08  4.43249629e-05  1.04365000e-08  1.94998619e+00 
 1.04375000e-08  1.12446908e+00  1.04375000e-08  4.22818368e-05  1.04375000e-08  1.94998642e+00 
 1.06295000e-08  1.94992736e+00  1.06295000e-08  8.01552253e-01  1.06295000e-08  1.95010962e+00 
 1.06305000e-08  1.94992829e+00  1.06305000e-08  8.84762861e-01  1.06305000e-08  1.94997824e+00 
 1.06315000e-08  1.94992875e+00  1.06315000e-08  9.66027012e-01  1.06315000e-08  1.94984526e+00 
 1.06325000e-08  1.94992965e+00  1.06325000e-08  1.04520407e+00  1.06325000e-08  1.94969375e+00 
 1.06335000e-08  1.94993008e+00  1.06335000e-08  1.12228871e+00  1.06335000e-08  1.94953407e+00 
 1.06345000e-08  1.94993095e+00  1.06345000e-08  1.19744950e+00  1.06345000e-08  1.94938946e+00 
 1.07635000e-08  1.94996686e+00  1.07635000e-08  1.94998867e+00  1.07635000e-08  1.16353930e+00 
 1.07645000e-08  1.94996704e+00  1.07645000e-08  1.95002090e+00  1.07645000e-08  1.10598505e+00 
 1.07655000e-08  1.94996712e+00  1.07655000e-08  1.95005153e+00  1.07655000e-08  1.04820571e+00 
 1.07665000e-08  1.94996729e+00  1.07665000e-08  1.95007552e+00  1.07665000e-08  9.90076737e-01 
 1.07675000e-08  1.94996737e+00  1.07675000e-08  1.95009328e+00  1.07675000e-08  9.31414757e-01 
 1.07685000e-08  1.94996754e+00  1.07685000e-08  1.95010450e+00  1.07685000e-08  8.72144482e-01 
 1.09685000e-08  1.14519036e+00  1.09685000e-08  1.94999953e+00  1.09685000e-08  3.28237942e-05 
 1.09695000e-08  1.09238124e+00  1.09695000e-08  1.94999935e+00  1.09695000e-08  3.23565027e-05 
 1.09705000e-08  1.03981365e+00  1.09705000e-08  1.94999954e+00  1.09705000e-08  3.07616470e-05 
 1.09715000e-08  9.87392887e-01  1.09715000e-08  1.94999936e+00  1.09715000e-08  3.03280349e-05 
 1.09725000e-08  9.35081143e-01  1.09725000e-08  1.94999954e+00  1.09725000e-08  2.88293523e-05 
 1.09735000e-08  8.82777913e-01  1.09735000e-08  1.94999937e+00  1.09735000e-08  2.84261940e-05 
 1.13405000e-08  8.11409841e-05  1.13405000e-08  1.16817822e+00  1.13405000e-08 -2.78336955e-06 
 1.13415000e-08  7.98057343e-05  1.13415000e-08  1.11391099e+00  1.13415000e-08 -2.43821281e-06 
 1.13425000e-08  7.84238448e-05  1.13425000e-08  1.05897989e+00  1.13425000e-08 -5.07692256e-07 
 1.13435000e-08  7.71173699e-05  1.13435000e-08  1.00340863e+00  1.13435000e-08  1.14941709e-06 
 1.13445000e-08  7.57629152e-05  1.13445000e-08  9.47190457e-01  1.13445000e-08  3.88853995e-06 
 1.13455000e-08  7.45263248e-05  1.13455000e-08  8.90361105e-01  1.13455000e-08  6.29623139e-06 
 1.15545000e-08  9.36178320e-01  1.15545000e-08  5.50286418e-05  1.15545000e-08  1.95550357e-06 
 1.15555000e-08  9.73158202e-01  1.15555000e-08  5.29323264e-05  1.15555000e-08  9.65164753e-07 
 1.15565000e-08  1.01064454e+00  1.15565000e-08  5.22998177e-05  1.15565000e-08  1.74875142e-06 
 1.15575000e-08  1.04848887e+00  1.15575000e-08  5.02880042e-05  1.15575000e-08  6.55023737e-07 
 1.15585000e-08  1.08629692e+00  1.15585000e-08  4.97110922e-05  1.15585000e-08  1.60102282e-06 
 1.15595000e-08  1.12380528e+00  1.15595000e-08  4.77785821e-05  1.15595000e-08  5.89419019e-07 
 1.17515000e-08  1.94992732e+00  1.17515000e-08  7.98041509e-01  1.17515000e-08 -5.12869202e-05 
 1.17525000e-08  1.94992830e+00  1.17525000e-08  8.81291030e-01  1.17525000e-08 -1.03280793e-04 
 1.17535000e-08  1.94992872e+00  1.17535000e-08  9.62759679e-01  1.17535000e-08 -1.47032391e-04 
 1.17545000e-08  1.94992966e+00  1.17545000e-08  1.04232487e+00  1.17545000e-08 -1.74251671e-04 
 1.17555000e-08  1.94993006e+00  1.17555000e-08  1.11999099e+00  1.17555000e-08 -1.93997719e-04 
 1.17565000e-08  1.94993096e+00  1.17565000e-08  1.19588637e+00  1.17565000e-08 -2.08673993e-04 
 1.18715000e-08  1.94996491e+00  1.18715000e-08  1.94994252e+00  1.18715000e-08  9.06139017e-01 
 1.18725000e-08  1.94996512e+00  1.18725000e-08  1.94994863e+00  1.18725000e-08  9.66244835e-01 
 1.18735000e-08  1.94996520e+00  1.18735000e-08  1.94995467e+00  1.18735000e-08  1.02606451e+00 
 1.18745000e-08  1.94996541e+00  1.18745000e-08  1.94996059e+00  1.18745000e-08  1.08901786e+00 
 1.18755000e-08  1.94996549e+00  1.18755000e-08  1.94996008e+00  1.18755000e-08  1.15914567e+00 
 1.18765000e-08  1.94996570e+00  1.18765000e-08  1.94995650e+00  1.18765000e-08  1.23248993e+00 
 1.20905000e-08  1.14616587e+00  1.20905000e-08  1.94999954e+00  1.20905000e-08  1.94999840e+00 
 1.20915000e-08  1.09335234e+00  1.20915000e-08  1.94999950e+00  1.20915000e-08  1.94999747e+00 
 1.20925000e-08  1.04078025e+00  1.20925000e-08  1.94999955e+00  1.20925000e-08  1.94999896e+00 
 1.20935000e-08  9.88357109e-01  1.20935000e-08  1.94999950e+00  1.20935000e-08  1.94999741e+00 
 1.20945000e-08  9.36043568e-01  1.20945000e-08  1.94999955e+00  1.20945000e-08  1.94999840e+00 
 1.20955000e-08  8.83740462e-01  1.20955000e-08  1.94999951e+00  1.20955000e-08  1.94999750e+00 
 1.24625000e-08  8.11598243e-05  1.24625000e-08  1.16878448e+00  1.24625000e-08  1.94994078e+00 
 1.24635000e-08  7.98250767e-05  1.24635000e-08  1.11452656e+00  1.24635000e-08  1.94993580e+00 
 1.24645000e-08  7.84428710e-05  1.24645000e-08  1.05960525e+00  1.24645000e-08  1.94993487e+00 
 1.24655000e-08  7.71370764e-05  1.24655000e-08  1.00404294e+00  1.24655000e-08  1.94993890e+00 
 1.24665000e-08  7.57811047e-05  1.24665000e-08  9.47833605e-01  1.24665000e-08  1.94994984e+00 
 1.24675000e-08  7.45442742e-05  1.24675000e-08  8.91011736e-01  1.24675000e-08  1.94996729e+00 
 1.26765000e-08  9.34840234e-01  1.26765000e-08  4.90658290e-05  1.26765000e-08  1.94998445e+00 
 1.26775000e-08  9.71805792e-01  1.26775000e-08  4.68663583e-05  1.26775000e-08  1.94998481e+00 
 1.26785000e-08  1.00927319e+00  1.26785000e-08  4.66585876e-05  1.26785000e-08  1.94998532e+00 
 1.26795000e-08  1.04711130e+00  1.26795000e-08  4.45385013e-05  1.26795000e-08  1.94998565e+00 
 1.26805000e-08  1.08492661e+00  1.26805000e-08  4.43713466e-05  1.26805000e-08  1.94998613e+00 
 1.26815000e-08  1.12244858e+00  1.26815000e-08  4.23280460e-05  1.26815000e-08  1.94998644e+00 
 1.28735000e-08  1.94992727e+00  1.28735000e-08  7.96996943e-01  1.28735000e-08  1.95011562e+00 
 1.28745000e-08  1.94992831e+00  1.28745000e-08  8.80308720e-01  1.28745000e-08  1.94998483e+00 
 1.28755000e-08  1.94992868e+00  1.28755000e-08  9.61686843e-01  1.28755000e-08  1.94985309e+00 
 1.28765000e-08  1.94992967e+00  1.28765000e-08  1.04097841e+00  1.28765000e-08  1.94970249e+00 
 1.28775000e-08  1.94993001e+00  1.28775000e-08  1.11817645e+00  1.28775000e-08  1.94954270e+00 
 1.28785000e-08  1.94993095e+00  1.28785000e-08  1.19341701e+00  1.28785000e-08  1.94939766e+00 
 1.30075000e-08  1.94996685e+00  1.30075000e-08  1.94998708e+00  1.30075000e-08  1.16662831e+00 
 1.30085000e-08  1.94996704e+00  1.30085000e-08  1.95001908e+00  1.30085000e-08  1.10907800e+00 
 1.30095000e-08  1.94996710e+00  1.30095000e-08  1.95005004e+00  1.30095000e-08  1.05131682e+00 
 1.30105000e-08  1.94996729e+00  1.30105000e-08  1.95007437e+00  1.30105000e-08  9.93209415e-01 
 1.30115000e-08  1.94996735e+00  1.30115000e-08  1.95009250e+00  1.30115000e-08  9.34580948e-01 
 1.30125000e-08  1.94996754e+00  1.30125000e-08  1.95010402e+00  1.30125000e-08  8.75344436e-01 
 1.32125000e-08  1.14766346e+00  1.32125000e-08  1.94999953e+00  1.32125000e-08  3.32835844e-05 
 1.32135000e-08  1.09484443e+00  1.32135000e-08  1.94999935e+00  1.32135000e-08  3.21408961e-05 
 1.32145000e-08  1.04226657e+00  1.32145000e-08  1.94999954e+00  1.32145000e-08  3.11974214e-05 
 1.32155000e-08  9.89840921e-01  1.32155000e-08  1.94999936e+00  1.32155000e-08  3.00978524e-05 
 1.32165000e-08  9.37525601e-01  1.32165000e-08  1.94999954e+00  1.32165000e-08  2.92422913e-05 
 1.32175000e-08  8.85223632e-01  1.32175000e-08  1.94999936e+00  1.32175000e-08  2.81328427e-05 
 1.35845000e-08  8.12022242e-05  1.35845000e-08  1.17037523e+00  1.35845000e-08 -2.75614505e-06 
 1.35855000e-08  7.98694343e-05  1.35855000e-08  1.11613357e+00  1.35855000e-08 -2.52506090e-06 
 1.35865000e-08  7.84836140e-05  1.35865000e-08  1.06123013e+00  1.35865000e-08 -5.42132102e-07 
 1.35875000e-08  7.71800540e-05  1.35875000e-08  1.00568414e+00  1.35875000e-08  1.02413389e-06 
 1.35885000e-08  7.58201506e-05  1.35885000e-08  9.49492633e-01  1.35885000e-08  3.82010156e-06 
 1.35895000e-08  7.45850276e-05  1.35895000e-08  8.92687123e-01  1.35895000e-08  6.14692000e-06 
 1.37985000e-08  9.34553531e-01  1.37985000e-08  5.51208519e-05  1.37985000e-08  1.77765365e-06 
 1.37995000e-08  9.71515589e-01  1.37995000e-08  5.29481734e-05  1.37995000e-08  6.36618793e-07 
 1.38005000e-08  1.00897823e+00  1.38005000e-08  5.23908657e-05  1.38005000e-08  1.70763216e-06 
 1.38015000e-08  1.04681754e+00  1.38015000e-08  5.03021803e-05  1.38015000e-08  5.81188191e-07 
 1.38025000e-08  1.08463524e+00  1.38025000e-08  4.97981037e-05  1.38025000e-08  1.64110106e-06 
 1.38035000e-08  1.12215996e+00  1.38035000e-08  4.77908991e-05  1.38035000e-08  5.29323142e-07 
 1.39955000e-08  1.94992726e+00  1.39955000e-08  7.94609242e-01  1.39955000e-08 -4.92387740e-05 
 1.39965000e-08  1.94992831e+00  1.39965000e-08  8.77927848e-01  1.39965000e-08 -1.01261256e-04 
 1.39975000e-08  1.94992866e+00  1.39975000e-08  9.59474418e-01  1.39975000e-08 -1.45519293e-04 
 1.39985000e-08  1.94992967e+00  1.39985000e-08  1.03911767e+00  1.39985000e-08 -1.73369404e-04 
 1.39995000e-08  1.94993000e+00  1.39995000e-08  1.11686107e+00  1.39995000e-08 -1.93445747e-04 
 1.40005000e-08  1.94993097e+00  1.40005000e-08  1.19282398e+00  1.40005000e-08 -2.07729295e-04 
 1.41155000e-08  1.94996489e+00  1.41155000e-08  1.94994227e+00  1.41155000e-08  9.03668548e-01 
 1.41165000e-08  1.94996513e+00  1.41165000e-08  1.94994838e+00  1.41165000e-08  9.63816084e-01 
 1.41175000e-08  1.94996519e+00  1.41175000e-08  1.94995447e+00  1.41175000e-08  1.02360265e+00 
 1.41185000e-08  1.94996542e+00  1.41185000e-08  1.94996020e+00  1.41185000e-08  1.08636672e+00 
 1.41195000e-08  1.94996548e+00  1.41195000e-08  1.94996055e+00  1.41195000e-08  1.15615512e+00 
 1.41205000e-08  1.94996570e+00  1.41205000e-08  1.94995640e+00  1.41205000e-08  1.22953365e+00 
 1.43345000e-08  1.14794500e+00  1.43345000e-08  1.94999954e+00  1.43345000e-08  1.94999871e+00 
 1.43355000e-08  1.09512422e+00  1.43355000e-08  1.94999950e+00  1.43355000e-08  1.94999643e+00 
 1.43365000e-08  1.04254461e+00  1.43365000e-08  1.94999954e+00  1.43365000e-08  1.94999794e+00 
 1.43375000e-08  9.90117841e-01  1.43375000e-08  1.94999950e+00  1.43375000e-08  1.94999660e+00 
 1.43385000e-08  9.37801615e-01  1.43385000e-08  1.94999955e+00  1.43385000e-08  1.94999876e+00 
 1.43395000e-08  8.85499318e-01  1.43395000e-08  1.94999951e+00  1.43395000e-08  1.94999660e+00 
 1.47065000e-08  8.12036160e-05  1.47065000e-08  1.17018440e+00  1.47065000e-08  1.94994094e+00 
 1.47075000e-08  7.98709780e-05  1.47075000e-08  1.11594279e+00  1.47075000e-08  1.94993588e+00 
 1.47085000e-08  7.84850670e-05  1.47085000e-08  1.06103912e+00  1.47085000e-08  1.94993484e+00 
 1.47095000e-08  7.71819024e-05  1.47095000e-08  1.00549293e+00  1.47095000e-08  1.94993871e+00 
 1.47105000e-08  7.58220847e-05  1.47105000e-08  9.49300598e-01  1.47105000e-08  1.94994948e+00 
 1.47115000e-08  7.45863955e-05  1.47115000e-08  8.92493947e-01  1.47115000e-08  1.94996674e+00 
 1.49205000e-08  9.33644114e-01  1.49205000e-08  4.90786554e-05  1.49205000e-08  1.94998439e+00 
 1.49215000e-08  9.70597387e-01  1.49215000e-08  4.69177427e-05  1.49215000e-08  1.94998485e+00 
 1.49225000e-08  1.00804768e+00  1.49225000e-08  4.66701495e-05  1.49225000e-08  1.94998526e+00 
 1.49235000e-08  1.04587980e+00  1.49235000e-08  4.45879594e-05  1.49235000e-08  1.94998569e+00 
 1.49245000e-08  1.08369989e+00  1.49245000e-08  4.43818184e-05  1.49245000e-08  1.94998608e+00 
 1.49255000e-08  1.12123307e+00  1.49255000e-08  4.23755456e-05  1.49255000e-08  1.94998648e+00 
 1.51175000e-08  1.94992722e+00  1.51175000e-08  7.94280894e-01  1.51175000e-08  1.95011911e+00 
 1.51185000e-08  1.94992832e+00  1.51185000e-08  8.77651410e-01  1.51185000e-08  1.94998871e+00 
 1.51195000e-08  1.94992862e+00  1.51195000e-08  9.59096653e-01  1.51195000e-08  1.94985775e+00 
 1.51205000e-08  1.94992968e+00  1.51205000e-08  1.03845591e+00  1.51205000e-08  1.94970768e+00 
 1.51215000e-08  1.94992996e+00  1.51215000e-08  1.11571156e+00  1.51215000e-08  1.94954799e+00 
 1.51225000e-08  1.94993096e+00  1.51225000e-08  1.19099923e+00  1.51225000e-08  1.94940251e+00 
 1.52515000e-08  1.94996684e+00  1.52515000e-08  1.94998609e+00  1.52515000e-08  1.16863082e+00 
 1.52525000e-08  1.94996705e+00  1.52525000e-08  1.95001794e+00  1.52525000e-08  1.11108240e+00 
 1.52535000e-08  1.94996710e+00  1.52535000e-08  1.95004900e+00  1.52535000e-08  1.05333203e+00 
 1.52545000e-08  1.94996730e+00  1.52545000e-08  1.95007354e+00  1.52545000e-08  9.95238085e-01 
 1.52555000e-08  1.94996734e+00  1.52555000e-08  1.95009199e+00  1.52555000e-08  9.36630372e-01 
 1.52565000e-08  1.94996754e+00  1.52565000e-08  1.95010375e+00  1.52565000e-08  8.77414594e-01 
 1.54565000e-08  1.14953594e+00  1.54565000e-08  1.94999953e+00  1.54565000e-08  3.35539215e-05 
 1.54575000e-08  1.09670951e+00  1.54575000e-08  1.94999935e+00  1.54575000e-08  3.19773837e-05 
 1.54585000e-08  1.04412394e+00  1.54585000e-08  1.94999954e+00  1.54585000e-08  3.14567851e-05 
 1.54595000e-08  9.91694602e-01  1.54595000e-08  1.94999936e+00  1.54595000e-08  2.98672174e-05 
 1.54605000e-08  9.39376588e-01  1.54605000e-08  1.94999954e+00  1.54605000e-08  2.94293972e-05 
 1.54615000e-08  8.87075592e-01  1.54615000e-08  1.94999936e+00  1.54615000e-08  2.80675721e-05 
 1.58285000e-08  8.12511516e-05  1.58285000e-08  1.17199452e+00  1.58285000e-08 -2.74279967e-06 
 1.58295000e-08  7.99206366e-05  1.58295000e-08  1.11777177e+00  1.58295000e-08 -2.58076944e-06 
 1.58305000e-08  7.85305235e-05  1.58305000e-08  1.06288876e+00  1.58305000e-08 -5.74143753e-07 
 1.58315000e-08  7.72296881e-05  1.58315000e-08  1.00736141e+00  1.58315000e-08  9.39082215e-07 
 1.58325000e-08  7.58657664e-05  1.58325000e-08  9.51189585e-01  1.58325000e-08  3.76383103e-06 
 1.58335000e-08  7.46319933e-05  1.58335000e-08  8.94401683e-01  1.58335000e-08  6.04341029e-06 
 1.60425000e-08  9.33338934e-01  1.60425000e-08  5.51894953e-05  1.60425000e-08  2.08013841e-06 
 1.60435000e-08  9.70289134e-01  1.60435000e-08  5.29599813e-05  1.60435000e-08  9.10048387e-07 
 1.60445000e-08  1.00773503e+00  1.60445000e-08  5.24547263e-05  1.60445000e-08  1.85917042e-06 
 1.60455000e-08  1.04556555e+00  1.60455000e-08  5.03118599e-05  1.60455000e-08  5.77438376e-07 
 1.60465000e-08  1.08338715e+00  1.60465000e-08  4.98611593e-05  1.60465000e-08  1.88587515e-06 
 1.60475000e-08  1.12092340e+00  1.60475000e-08  4.77990682e-05  1.60475000e-08  7.49731749e-07 
 1.62395000e-08  1.94992720e+00  1.62395000e-08  7.91594781e-01  1.62395000e-08 -4.74554385e-05 
 1.62405000e-08  1.94992832e+00  1.62405000e-08  8.74972199e-01  1.62405000e-08 -9.94698631e-05 
 1.62415000e-08  1.94992861e+00  1.62415000e-08  9.56586210e-01  1.62415000e-08 -1.44162429e-04 
 1.62425000e-08  1.94992968e+00  1.62425000e-08  1.03629714e+00  1.62425000e-08 -1.72591900e-04 
 1.62435000e-08  1.94992995e+00  1.62435000e-08  1.11410849e+00  1.62435000e-08 -1.92788187e-04 
 1.62445000e-08  1.94993098e+00  1.62445000e-08  1.19013053e+00  1.62445000e-08 -2.07039631e-04 
 1.63595000e-08  1.94996488e+00  1.63595000e-08  1.94994206e+00  1.63595000e-08  9.01493266e-01 
 1.63605000e-08  1.94996513e+00  1.63605000e-08  1.94994814e+00  1.63605000e-08  9.61678790e-01 
 1.63615000e-08  1.94996518e+00  1.63615000e-08  1.94995431e+00  1.63615000e-08  1.02144100e+00 
 1.63625000e-08  1.94996542e+00  1.63625000e-08  1.94995982e+00  1.63625000e-08  1.08404508e+00 
 1.63635000e-08  1.94996546e+00  1.63635000e-08  1.94996100e+00  1.63635000e-08  1.15352737e+00 
 1.63645000e-08  1.94996570e+00  1.63645000e-08  1.94995630e+00  1.63645000e-08  1.22693141e+00 
 1.65785000e-08  1.15002690e+00  1.65785000e-08  1.94999954e+00  1.65785000e-08  1.94999870e+00 
 1.65795000e-08  1.09719738e+00  1.65795000e-08  1.94999950e+00  1.65795000e-08  1.94999586e+00 
 1.65805000e-08  1.04460870e+00  1.65805000e-08  1.94999954e+00  1.65805000e-08  1.94999782e+00 
 1.65815000e-08  9.92177389e-01  1.65815000e-08  1.94999950e+00  1.65815000e-08  1.94999606e+00 
 1.65825000e-08  9.39857756e-01  1.65825000e-08  1.94999955e+00  1.65825000e-08  1.94999877e+00 
 1.65835000e-08  8.87556180e-01  1.65835000e-08  1.94999951e+00  1.65835000e-08  1.94999606e+00 
 1.69505000e-08  8.12585571e-05  1.69505000e-08  1.17232343e+00  1.69505000e-08  1.94994117e+00 
 1.69515000e-08  7.99283353e-05  1.69515000e-08  1.11810679e+00  1.69515000e-08  1.94993602e+00 
 1.69525000e-08  7.85376445e-05  1.69525000e-08  1.06323009e+00  1.69525000e-08  1.94993479e+00 
 1.69535000e-08  7.72377525e-05  1.69535000e-08  1.00770854e+00  1.69535000e-08  1.94993843e+00 
 1.69545000e-08  7.58734026e-05  1.69545000e-08  9.51542235e-01  1.69545000e-08  1.94994893e+00 
 1.69555000e-08  7.46392436e-05  1.69555000e-08  8.94758889e-01  1.69555000e-08  1.94996591e+00 
 1.71645000e-08  9.32412605e-01  1.71645000e-08  4.90958114e-05  1.71645000e-08  1.94998430e+00 
 1.71655000e-08  9.69353707e-01  1.71655000e-08  4.69948168e-05  1.71655000e-08  1.94998490e+00 
 1.71665000e-08  1.00678623e+00  1.71665000e-08  4.66854702e-05  1.71665000e-08  1.94998518e+00 
 1.71675000e-08  1.04461173e+00  1.71675000e-08  4.46621757e-05  1.71675000e-08  1.94998574e+00 
 1.71685000e-08  1.08243783e+00  1.71685000e-08  4.43953423e-05  1.71685000e-08  1.94998600e+00 
 1.71695000e-08  1.11998334e+00  1.71695000e-08  4.24470350e-05  1.71695000e-08  1.94998653e+00 
 1.73615000e-08  1.94992719e+00  1.73615000e-08  7.91397309e-01  1.73615000e-08  1.95012273e+00 
 1.73625000e-08  1.94992830e+00  1.73625000e-08  8.74828474e-01  1.73625000e-08  1.94999278e+00 
 1.73635000e-08  1.94992860e+00  1.73635000e-08  9.56344001e-01  1.73635000e-08  1.94986269e+00 
 1.73645000e-08  1.94992966e+00  1.73645000e-08  1.03577445e+00  1.73645000e-08  1.94971318e+00 
 1.73655000e-08  1.94992993e+00  1.73655000e-08  1.11310177e+00  1.73655000e-08  1.94955349e+00 
 1.73665000e-08  1.94993094e+00  1.73665000e-08  1.18845036e+00  1.73665000e-08  1.94940752e+00 
 1.74955000e-08  1.94996683e+00  1.74955000e-08  1.94998505e+00  1.74955000e-08  1.17068469e+00 
 1.74965000e-08  1.94996704e+00  1.74965000e-08  1.95001673e+00  1.74965000e-08  1.11313833e+00 
 1.74975000e-08  1.94996709e+00  1.74975000e-08  1.95004800e+00  1.74975000e-08  1.05539930e+00 
 1.74985000e-08  1.94996730e+00  1.74985000e-08  1.95007276e+00  1.74985000e-08  9.97319095e-01 
 1.74995000e-08  1.94996733e+00  1.74995000e-08  1.95009145e+00  1.74995000e-08  9.38733050e-01 
 1.75005000e-08  1.94996754e+00  1.75005000e-08  1.95010342e+00  1.75005000e-08  8.79539298e-01 
 1.77005000e-08  1.15139460e+00  1.77005000e-08  1.94999953e+00  1.77005000e-08  3.36904005e-05 
 1.77015000e-08  1.09856047e+00  1.77015000e-08  1.94999935e+00  1.77015000e-08  3.18493709e-05 
 1.77025000e-08  1.04596684e+00  1.77025000e-08  1.94999954e+00  1.77025000e-08  3.17429221e-05 
 1.77035000e-08  9.93533526e-01  1.77035000e-08  1.94999936e+00  1.77035000e-08  2.97627036e-05 
 1.77045000e-08  9.41212545e-01  1.77045000e-08  1.94999955e+00  1.77045000e-08  2.96788546e-05 
 1.77055000e-08  8.88912264e-01  1.77055000e-08  1.94999937e+00  1.77055000e-08  2.79522633e-05 
 1.80725000e-08  8.12983830e-05  1.80725000e-08  1.17390170e+00  1.80725000e-08 -2.73683118e-06 
 1.80735000e-08  7.99697948e-05  1.80735000e-08  1.11970123e+00  1.80735000e-08 -2.63602443e-06 
 1.80745000e-08  7.85757121e-05  1.80745000e-08  1.06484227e+00  1.80745000e-08 -6.21501294e-07 
 1.80755000e-08  7.72776466e-05  1.80755000e-08  1.00933690e+00  1.80755000e-08  8.47590646e-07 
 1.80765000e-08  7.59099937e-05  1.80765000e-08  9.53188286e-01  1.80765000e-08  3.68910116e-06 
 1.80775000e-08  7.46772193e-05  1.80775000e-08  8.96421169e-01  1.80775000e-08  5.92937758e-06 
 1.82865000e-08  9.31930436e-01  1.82865000e-08  5.52694477e-05  1.82865000e-08  1.90479140e-06 
 1.82875000e-08  9.68867064e-01  1.82875000e-08  5.29771076e-05  1.82875000e-08  6.03675247e-07 
 1.82885000e-08  1.00629230e+00  1.82885000e-08  5.25338219e-05  1.82885000e-08  1.82241401e-06 
 1.82895000e-08  1.04411493e+00  1.82895000e-08  5.03276729e-05  1.82895000e-08  5.17117932e-07 
 1.82905000e-08  1.08194326e+00  1.82905000e-08  4.99362564e-05  1.82905000e-08  1.91738354e-06 
 1.82915000e-08  1.11949356e+00  1.82915000e-08  4.78122219e-05  1.82915000e-08  7.10889131e-07 
 1.84835000e-08  1.94992718e+00  1.84835000e-08  7.88301457e-01  1.84835000e-08 -4.55339917e-05 
 1.84845000e-08  1.94992828e+00  1.84845000e-08  8.71742986e-01  1.84845000e-08 -9.75032770e-05 
 1.84855000e-08  1.94992859e+00  1.84855000e-08  9.53430166e-01  1.84855000e-08 -1.42657529e-04 
 1.84865000e-08  1.94992965e+00  1.84865000e-08  1.03321522e+00  1.84865000e-08 -1.71727122e-04 
 1.84875000e-08  1.94992993e+00  1.84875000e-08  1.11110071e+00  1.84875000e-08 -1.92044814e-04 
 1.84885000e-08  1.94993094e+00  1.84885000e-08  1.18717542e+00  1.84885000e-08 -2.06135064e-04 
 1.86035000e-08  1.94996488e+00  1.86035000e-08  1.94994183e+00  1.86035000e-08  8.99098775e-01 
 1.86045000e-08  1.94996512e+00  1.86045000e-08  1.94994789e+00  1.86045000e-08  9.59327164e-01 
 1.86055000e-08  1.94996517e+00  1.86055000e-08  1.94995410e+00  1.86055000e-08  1.01906719e+00 
 1.86065000e-08  1.94996541e+00  1.86065000e-08  1.94995942e+00  1.86065000e-08  1.08150168e+00 
 1.86075000e-08  1.94996546e+00  1.86075000e-08  1.94996147e+00  1.86075000e-08  1.15064051e+00 
 1.86085000e-08  1.94996569e+00  1.86085000e-08  1.94995621e+00  1.86085000e-08  1.22406678e+00 
 1.88225000e-08  1.15232021e+00  1.88225000e-08  1.94999953e+00  1.88225000e-08  1.94999687e+00 
 1.88235000e-08  1.09948122e+00  1.88235000e-08  1.94999950e+00  1.88235000e-08  1.94999469e+00 
 1.88245000e-08  1.04688260e+00  1.88245000e-08  1.94999954e+00  1.88245000e-08  1.94999819e+00 
 1.88255000e-08  9.94446306e-01  1.88255000e-08  1.94999951e+00  1.88255000e-08  1.94999486e+00 
 1.88265000e-08  9.42122929e-01  1.88265000e-08  1.94999955e+00  1.88265000e-08  1.94999728e+00 
 1.88275000e-08  8.89822168e-01  1.88275000e-08  1.94999951e+00  1.88275000e-08  1.94999513e+00 
 1.91945000e-08  8.13161233e-05  1.91945000e-08  1.17475347e+00  1.91945000e-08  1.94994145e+00 
 1.91955000e-08  7.99884337e-05  1.91955000e-08  1.12056518e+00  1.91955000e-08  1.94993618e+00 
 1.91965000e-08  7.85930254e-05  1.91965000e-08  1.06571914e+00  1.91965000e-08  1.94993476e+00 
 1.91975000e-08  7.72964515e-05  1.91975000e-08  1.01022563e+00  1.91975000e-08  1.94993812e+00 
 1.91985000e-08  7.59275475e-05  1.91985000e-08  9.54088937e-01  1.91985000e-08  1.94994832e+00 
 1.91995000e-08  7.46944090e-05  1.91995000e-08  8.97332130e-01  1.91995000e-08  1.94996499e+00 
 1.94085000e-08  9.30361785e-01  1.94085000e-08  4.91102386e-05  1.94085000e-08  1.94998421e+00 
 1.94095000e-08  9.67283822e-01  1.94095000e-08  4.70867175e-05  1.94095000e-08  1.94998496e+00 
 1.94105000e-08  1.00468630e+00  1.94105000e-08  4.66979392e-05  1.94105000e-08  1.94998508e+00 
 1.94115000e-08  1.04249982e+00  1.94115000e-08  4.47507712e-05  1.94115000e-08  1.94998579e+00 
 1.94125000e-08  1.08033509e+00  1.94125000e-08  4.44058527e-05  1.94125000e-08  1.94998590e+00 
 1.94135000e-08  1.11790093e+00  1.94135000e-08  4.25324275e-05  1.94135000e-08  1.94998658e+00 
 1.96055000e-08  1.94992716e+00  1.96055000e-08  7.86944640e-01  1.96055000e-08  1.95012817e+00 
 1.96065000e-08  1.94992825e+00  1.96065000e-08  8.70471728e-01  1.96065000e-08  1.94999900e+00 
 1.96075000e-08  1.94992857e+00  1.96075000e-08  9.52094768e-01  1.96075000e-08  1.94987028e+00 
 1.96085000e-08  1.94992961e+00  1.96085000e-08  1.03163712e+00  1.96085000e-08  1.94972166e+00 
 1.96095000e-08  1.94992991e+00  1.96095000e-08  1.10907418e+00  1.96095000e-08  1.94956195e+00 
 1.96105000e-08  1.94993090e+00  1.96105000e-08  1.18451923e+00  1.96105000e-08  1.94941522e+00 
 1.97395000e-08  1.94996682e+00  1.97395000e-08  1.94998342e+00  1.97395000e-08  1.17370945e+00 
 1.97405000e-08  1.94996704e+00  1.97405000e-08  1.95001503e+00  1.97405000e-08  1.11616587e+00 
 1.97415000e-08  1.94996708e+00  1.97415000e-08  1.95004642e+00  1.97415000e-08  1.05844324e+00 
 1.97425000e-08  1.94996729e+00  1.97425000e-08  1.95007170e+00  1.97425000e-08  1.00038304e+00 
 1.97435000e-08  1.94996733e+00  1.97435000e-08  1.95009056e+00  1.97435000e-08  9.41828766e-01 
 1.97445000e-08  1.94996753e+00  1.97445000e-08  1.95010302e+00  1.97445000e-08  8.82667440e-01 
 1.99445000e-08  1.15449596e+00  1.99445000e-08  1.94999954e+00  1.99445000e-08  3.42256277e-05 
 1.99455000e-08  1.10164896e+00  1.99455000e-08  1.94999935e+00  1.99455000e-08  3.15522278e-05 
 1.99465000e-08  1.04904176e+00  1.99465000e-08  1.94999954e+00  1.99465000e-08  3.19995772e-05 
 1.99475000e-08  9.96601494e-01  1.99475000e-08  1.94999935e+00  1.99475000e-08  2.96300123e-05 
 1.99485000e-08  9.44275246e-01  1.99485000e-08  1.94999955e+00  1.99485000e-08  3.01954279e-05 
 1.99495000e-08  8.91975920e-01  1.99495000e-08  1.94999936e+00  1.99495000e-08  2.76488061e-05 
 2.03165000e-08  8.13779378e-05  2.03165000e-08  1.17727894e+00  2.03165000e-08 -2.73049205e-06 
 2.03175000e-08  8.00526453e-05  2.03175000e-08  1.12311792e+00  2.03175000e-08 -2.72335695e-06 
 2.03185000e-08  7.86521642e-05  2.03185000e-08  1.06830157e+00  2.03185000e-08 -7.09521865e-07 
 2.03195000e-08  7.73584142e-05  2.03195000e-08  1.01283519e+00  2.03195000e-08  6.93273815e-07 
 2.03205000e-08  7.59845880e-05  2.03205000e-08  9.56727751e-01  2.03205000e-08  3.55190171e-06 
 2.03215000e-08  7.47534162e-05  2.03215000e-08  8.99997544e-01  2.03215000e-08  5.73395420e-06 
 2.05305000e-08  9.29597527e-01  2.05305000e-08  5.53495066e-05  2.05305000e-08  2.12622193e-06 
 2.05315000e-08  9.66513734e-01  2.05315000e-08  5.30684639e-05  2.05315000e-08  9.01653767e-07 
 2.05325000e-08  1.00390573e+00  2.05325000e-08  5.26080973e-05  2.05325000e-08  1.89614575e-06 
 2.05335000e-08  1.04171811e+00  2.05335000e-08  5.04137206e-05  2.05335000e-08  5.81328799e-07 
 2.05345000e-08  1.07955771e+00  2.05345000e-08  5.00077054e-05  2.05345000e-08  1.94666172e-06 
 2.05355000e-08  1.11712807e+00  2.05355000e-08  4.78955112e-05  2.05355000e-08  7.28834520e-07 
 2.07275000e-08  1.94992715e+00  2.07275000e-08  7.83141994e-01  2.07275000e-08 -4.25276616e-05 
 2.07285000e-08  1.94992823e+00  2.07285000e-08  8.66686241e-01  2.07285000e-08 -9.44379603e-05 
 2.07295000e-08  1.94992856e+00  2.07295000e-08  9.48486832e-01  2.07295000e-08 -1.40207675e-04 
 2.07305000e-08  1.94992959e+00  2.07305000e-08  1.02839017e+00  2.07305000e-08 -1.70371480e-04 
 2.07315000e-08  1.94992990e+00  2.07315000e-08  1.10639078e+00  2.07315000e-08 -1.90835988e-04 
 2.07325000e-08  1.94993089e+00  2.07325000e-08  1.18257014e+00  2.07325000e-08 -2.05055948e-04 
 2.08475000e-08  1.94996487e+00  2.08475000e-08  1.94994134e+00  2.08475000e-08  8.95377051e-01 
 2.08485000e-08  1.94996511e+00  2.08485000e-08  1.94994762e+00  2.08485000e-08  9.55675255e-01 
 2.08495000e-08  1.94996516e+00  2.08495000e-08  1.94995367e+00  2.08495000e-08  1.01539070e+00 
 2.08505000e-08  1.94996540e+00  2.08505000e-08  1.94995890e+00  2.08505000e-08  1.07756733e+00 
 2.08515000e-08  1.94996545e+00  2.08515000e-08  1.94996213e+00  2.08515000e-08  1.14615137e+00 
 2.08525000e-08  1.94996568e+00  2.08525000e-08  1.94995619e+00  2.08525000e-08  1.21960002e+00 
 2.10395000e-08  2.05290482e+00  2.10395000e-08  1.94999938e+00  2.10395000e-08  1.94999086e+00 
 2.10665000e-08  1.15583283e+00  2.10665000e-08  1.94999953e+00  2.10665000e-08  1.94999789e+00 
 2.10675000e-08  1.10297930e+00  2.10675000e-08  1.94999950e+00  2.10675000e-08  1.94999346e+00 
 2.10685000e-08  1.05036527e+00  2.10685000e-08  1.94999954e+00  2.10685000e-08  1.94999667e+00 
 2.10695000e-08  9.97921098e-01  2.10695000e-08  1.94999951e+00  2.10695000e-08  1.94999389e+00 
 2.10705000e-08  9.45591741e-01  2.10705000e-08  1.94999954e+00  2.10705000e-08  1.94999825e+00 
 2.10715000e-08  8.93292039e-01  2.10715000e-08  1.94999951e+00  2.10715000e-08  1.94999400e+00 
 2.14385000e-08  8.14050466e-05  2.14385000e-08  1.17823775e+00  2.14385000e-08  1.94994184e+00 
 2.14395000e-08  8.00808040e-05  2.14395000e-08  1.12409023e+00  2.14395000e-08  1.94993643e+00 
 2.14405000e-08  7.86782263e-05  2.14405000e-08  1.06928814e+00  2.14405000e-08  1.94993472e+00 
 2.14415000e-08  7.73865371e-05  2.14415000e-08  1.01383491e+00  2.14415000e-08  1.94993771e+00 
 2.14425000e-08  7.60108592e-05  2.14425000e-08  9.57740726e-01  2.14425000e-08  1.94994746e+00 
 2.14435000e-08  7.47795430e-05  2.14435000e-08  9.01022094e-01  2.14435000e-08  1.94996369e+00 
 2.16525000e-08  9.27929322e-01  2.16525000e-08  4.91171132e-05  2.16525000e-08  1.94998406e+00 
 2.16535000e-08  9.64831487e-01  2.16535000e-08  4.72365270e-05  2.16535000e-08  1.94998504e+00 
 2.16545000e-08  1.00219877e+00  2.16545000e-08  4.67022157e-05  2.16545000e-08  1.94998494e+00 
 2.16555000e-08  1.04000017e+00  2.16555000e-08  4.48952734e-05  2.16555000e-08  1.94998588e+00 
 2.16565000e-08  1.07784628e+00  2.16565000e-08  4.44076413e-05  2.16565000e-08  1.94998577e+00 
 2.16575000e-08  1.11543269e+00  2.16575000e-08  4.26721110e-05  2.16575000e-08  1.94998667e+00 
 2.18505000e-08  1.94992819e+00  2.18505000e-08  8.64767415e-01  2.18505000e-08  1.95000918e+00 
 2.18515000e-08  1.94992853e+00  2.18515000e-08  9.46528697e-01  2.18515000e-08  1.94987975e+00 
 2.18525000e-08  1.94992955e+00  2.18525000e-08  1.02621679e+00  2.18525000e-08  1.94973230e+00 
 2.18535000e-08  1.94992987e+00  2.18535000e-08  1.10380665e+00  2.18535000e-08  1.94957269e+00 
 2.18545000e-08  1.94993085e+00  2.18545000e-08  1.17938912e+00  2.18545000e-08  1.94942487e+00 
 2.18555000e-08  1.94993115e+00  2.18555000e-08  1.25328539e+00  2.18555000e-08  1.94926513e+00 
 2.19835000e-08  1.94996681e+00  2.19835000e-08  1.94998126e+00  2.19835000e-08  1.17764418e+00 
 2.19845000e-08  1.94996702e+00  2.19845000e-08  1.95001285e+00  2.19845000e-08  1.12010367e+00 
 2.19855000e-08  1.94996707e+00  2.19855000e-08  1.95004429e+00  2.19855000e-08  1.06240158e+00 
 2.19865000e-08  1.94996727e+00  2.19865000e-08  1.95007033e+00  2.19865000e-08  1.00436680e+00 
 2.19875000e-08  1.94996732e+00  2.19875000e-08  1.95008933e+00  2.19875000e-08  9.45853270e-01 
 2.19885000e-08  1.94996752e+00  2.19885000e-08  1.95010251e+00  2.19885000e-08  8.86733847e-01 
 2.21885000e-08  1.15798590e+00  2.21885000e-08  1.94999954e+00  2.21885000e-08  3.47983947e-05 
 2.21895000e-08  1.10512444e+00  2.21895000e-08  1.94999934e+00  2.21895000e-08  3.11684141e-05 
 2.21905000e-08  1.05250178e+00  2.21905000e-08  1.94999955e+00  2.21905000e-08  3.25405580e-05 
 2.21915000e-08  1.00005350e+00  2.21915000e-08  1.94999935e+00  2.21915000e-08  2.92647618e-05 
 2.21925000e-08  9.47721119e-01  2.21925000e-08  1.94999955e+00  2.21925000e-08  3.07425439e-05 
 2.21935000e-08  8.95422704e-01  2.21935000e-08  1.94999936e+00  2.21935000e-08  2.72730019e-05 
 2.25605000e-08  8.14674353e-05  2.25605000e-08  1.18065436e+00  2.25605000e-08 -2.72154671e-06 
 2.25615000e-08  8.01453381e-05  2.25615000e-08  1.12653291e+00  2.25615000e-08 -2.81047606e-06 
 2.25625000e-08  7.87378947e-05  2.25625000e-08  1.07175913e+00  2.25625000e-08 -7.93608991e-07 
 2.25635000e-08  7.74489065e-05  2.25635000e-08  1.01633181e+00  2.25635000e-08  5.38143942e-07 
 2.25645000e-08  7.60685340e-05  2.25645000e-08  9.60265563e-01  2.25645000e-08  3.41586666e-06 
 2.25655000e-08  7.48388819e-05  2.25655000e-08  9.03572398e-01  2.25655000e-08  5.53669050e-06 
 2.27745000e-08  9.27189976e-01  2.27745000e-08  5.53930418e-05  2.27745000e-08  2.04573027e-06 
 2.27755000e-08  9.64086230e-01  2.27755000e-08  5.31978406e-05  2.27755000e-08  9.30067908e-07 
 2.27765000e-08  1.00144255e+00  2.27765000e-08  5.26483438e-05  2.27765000e-08  1.82682679e-06 
 2.27775000e-08  1.03923880e+00  2.27775000e-08  5.05380336e-05  2.27775000e-08  6.22839768e-07 
 2.27785000e-08  1.07708760e+00  2.27785000e-08  5.00444759e-05  2.27785000e-08  1.87708836e-06 
 2.27795000e-08  1.11468103e+00  2.27795000e-08  4.80147660e-05  2.27795000e-08  7.66103687e-07 
 2.29725000e-08  1.94992816e+00  2.29725000e-08  8.61137898e-01  2.29725000e-08 -9.10733753e-05 
 2.29735000e-08  1.94992852e+00  2.29735000e-08  9.43061109e-01  2.29735000e-08 -1.37443847e-04 
 2.29745000e-08  1.94992953e+00  2.29745000e-08  1.02309304e+00  2.29745000e-08 -1.68873753e-04 
 2.29755000e-08  1.94992986e+00  2.29755000e-08  1.10121984e+00  2.29755000e-08 -1.89497698e-04 
 2.29765000e-08  1.94993083e+00  2.29765000e-08  1.17751431e+00  2.29765000e-08 -2.03907741e-04 
 2.29775000e-08  1.94993114e+00  2.29775000e-08  1.25215416e+00  2.29775000e-08 -2.30727123e-04 
 2.30915000e-08  1.94996486e+00  2.30915000e-08  1.94994073e+00  2.30915000e-08  8.91219645e-01 
 2.30925000e-08  1.94996510e+00  2.30925000e-08  1.94994734e+00  2.30925000e-08  9.51599278e-01 
 2.30935000e-08  1.94996515e+00  2.30935000e-08  1.94995310e+00  2.30935000e-08  1.01129916e+00 
 2.30945000e-08  1.94996539e+00  2.30945000e-08  1.94995829e+00  2.30945000e-08  1.07321777e+00 
 2.30955000e-08  1.94996544e+00  2.30955000e-08  1.94996278e+00  2.30955000e-08  1.14119729e+00 
 2.30965000e-08  1.94996567e+00  2.30965000e-08  1.94995624e+00  2.30965000e-08  1.21464739e+00 
 2.33105000e-08  1.15927817e+00  2.33105000e-08  1.94999954e+00  2.33105000e-08  1.94999447e+00 
 2.33115000e-08  1.10641033e+00  2.33115000e-08  1.94999949e+00  2.33115000e-08  1.94999110e+00 
 2.33125000e-08  1.05378096e+00  2.33125000e-08  1.94999955e+00  2.33125000e-08  1.94999689e+00 
 2.33135000e-08  1.00132876e+00  2.33135000e-08  1.94999950e+00  2.33135000e-08  1.94999153e+00 
 2.33145000e-08  9.48993240e-01  2.33145000e-08  1.94999955e+00  2.33145000e-08  1.94999552e+00 
 2.33155000e-08  8.96694342e-01  2.33155000e-08  1.94999950e+00  2.33155000e-08  1.94999212e+00 
 2.36825000e-08  8.14951250e-05  2.36825000e-08  1.18186957e+00  2.36825000e-08  1.94994226e+00 
 2.36835000e-08  8.01740940e-05  2.36835000e-08  1.12776464e+00  2.36835000e-08  1.94993670e+00 
 2.36845000e-08  7.87644653e-05  2.36845000e-08  1.07300837e+00  2.36845000e-08  1.94993470e+00 
 2.36855000e-08  7.74778042e-05  2.36855000e-08  1.01759720e+00  2.36855000e-08  1.94993730e+00 
 2.36865000e-08  7.60957045e-05  2.36865000e-08  9.61547402e-01  2.36865000e-08  1.94994661e+00 
 2.36875000e-08  7.48656840e-05  2.36875000e-08  9.04868727e-01  2.36875000e-08  1.94996236e+00 
 2.38965000e-08  9.25433363e-01  2.38965000e-08  4.91297941e-05  2.38965000e-08  1.94998402e+00 
 2.38975000e-08  9.62316365e-01  2.38975000e-08  4.73880119e-05  2.38975000e-08  1.94998502e+00 
 2.38985000e-08  9.99646617e-01  2.38985000e-08  4.67120823e-05  2.38985000e-08  1.94998490e+00 
 2.38995000e-08  1.03742995e+00  2.38995000e-08  4.50414398e-05  2.38995000e-08  1.94998586e+00 
 2.39005000e-08  1.07528463e+00  2.39005000e-08  4.44147251e-05  2.39005000e-08  1.94998573e+00 
 2.39015000e-08  1.11289454e+00  2.39015000e-08  4.28131313e-05  2.39015000e-08  1.94998665e+00 
 2.40945000e-08  1.94992812e+00  2.40945000e-08  8.59332188e-01  2.40945000e-08  1.95001901e+00 
 2.40955000e-08  1.94992849e+00  2.40955000e-08  9.41219648e-01  2.40955000e-08  1.94988869e+00 
 2.40965000e-08  1.94992949e+00  2.40965000e-08  1.02104171e+00  2.40965000e-08  1.94974242e+00 
 2.40975000e-08  1.94992984e+00  2.40975000e-08  1.09876837e+00  2.40975000e-08  1.94958291e+00 
 2.40985000e-08  1.94993079e+00  2.40985000e-08  1.17447362e+00  2.40985000e-08  1.94943406e+00 
 2.40995000e-08  1.94993111e+00  2.40995000e-08  1.24847062e+00  2.40995000e-08  1.94927642e+00 
 2.42275000e-08  1.94996681e+00  2.42275000e-08  1.94997901e+00  2.42275000e-08  1.18145242e+00 
 2.42285000e-08  1.94996701e+00  2.42285000e-08  1.95001072e+00  2.42285000e-08  1.12391384e+00 
 2.42295000e-08  1.94996706e+00  2.42295000e-08  1.95004227e+00  2.42295000e-08  1.06622990e+00 
 2.42305000e-08  1.94996726e+00  2.42305000e-08  1.95006908e+00  2.42305000e-08  1.00821804e+00 
 2.42315000e-08  1.94996731e+00  2.42315000e-08  1.95008821e+00  2.42315000e-08  9.49741833e-01 
 2.42325000e-08  1.94996751e+00  2.42325000e-08  1.95010208e+00  2.42325000e-08  8.90661110e-01 
 2.44325000e-08  1.16161454e+00  2.44325000e-08  1.94999954e+00  2.44325000e-08  3.55601487e-05 
 2.44335000e-08  1.10873793e+00  2.44335000e-08  1.94999934e+00  2.44335000e-08  3.07499021e-05 
 2.44345000e-08  1.05609892e+00  2.44345000e-08  1.94999955e+00  2.44345000e-08  3.32228678e-05 
 2.44355000e-08  1.00364192e+00  2.44355000e-08  1.94999935e+00  2.44355000e-08  2.88830879e-05 
 2.44365000e-08  9.51302803e-01  2.44365000e-08  1.94999955e+00  2.44365000e-08  3.14510817e-05 
 2.44375000e-08  8.99005040e-01  2.44375000e-08  1.94999936e+00  2.44375000e-08  2.68510917e-05 
 2.48045000e-08  8.15605935e-05  2.48045000e-08  1.18445604e+00  2.48045000e-08 -2.71251740e-06 
 2.48055000e-08  8.02416964e-05  2.48055000e-08  1.13037923e+00  2.48055000e-08 -2.90034450e-06 
 2.48065000e-08  7.88271681e-05  2.48065000e-08  1.07565343e+00  2.48065000e-08 -8.88605858e-07 
 2.48075000e-08  7.75433786e-05  2.48075000e-08  1.02027017e+00  2.48075000e-08  3.69314128e-07 
 2.48085000e-08  7.61565804e-05  2.48085000e-08  9.64250417e-01  2.48085000e-08  3.25997474e-06 
 2.48095000e-08  7.49280659e-05  2.48095000e-08  9.07599126e-01  2.48095000e-08  5.31861221e-06 
 2.50185000e-08  9.24551272e-01  2.50185000e-08  5.54362956e-05  2.50185000e-08  1.95681058e-06 
 2.50195000e-08  9.61428015e-01  2.50195000e-08  5.33526237e-05  2.50195000e-08  9.81633492e-07 
 2.50205000e-08  9.98745182e-01  2.50205000e-08  5.26878160e-05  2.50205000e-08  1.75066730e-06 
 2.50215000e-08  1.03652165e+00  2.50215000e-08  5.06870983e-05  2.50215000e-08  6.86469810e-07 
 2.50225000e-08  1.07437900e+00  2.50225000e-08  5.00799031e-05  2.50225000e-08  1.79778794e-06 
 2.50235000e-08  1.11199705e+00  2.50235000e-08  4.81580183e-05  2.50235000e-08  8.22377650e-07 
 2.52165000e-08  1.94992810e+00  2.52165000e-08  8.55317705e-01  2.52165000e-08 -8.75273642e-05 
 2.52175000e-08  1.94992848e+00  2.52175000e-08  9.37369029e-01  2.52175000e-08 -1.34466134e-04 
 2.52185000e-08  1.94992946e+00  2.52185000e-08  1.01753036e+00  2.52185000e-08 -1.67156954e-04 
 2.52195000e-08  1.94992982e+00  2.52195000e-08  1.09578513e+00  2.52195000e-08 -1.88016843e-04 
 2.52205000e-08  1.94993077e+00  2.52205000e-08  1.17221268e+00  2.52205000e-08 -2.02943313e-04 
 2.52215000e-08  1.94993111e+00  2.52215000e-08  1.24697910e+00  2.52215000e-08 -2.28988959e-04 
 2.53355000e-08  1.94996485e+00  2.53355000e-08  1.94994015e+00  2.53355000e-08  8.86931669e-01 
 2.53365000e-08  1.94996509e+00  2.53365000e-08  1.94994711e+00  2.53365000e-08  9.47398078e-01 
 2.53375000e-08  1.94996514e+00  2.53375000e-08  1.94995254e+00  2.53375000e-08  1.00709320e+00 
 2.53385000e-08  1.94996537e+00  2.53385000e-08  1.94995770e+00  2.53385000e-08  1.06875797e+00 
 2.53395000e-08  1.94996543e+00  2.53395000e-08  1.94996344e+00  2.53395000e-08  1.13611108e+00 
 2.53405000e-08  1.94996566e+00  2.53405000e-08  1.94995636e+00  2.53405000e-08  1.20953258e+00 
 2.55545000e-08  1.16333777e+00  2.55545000e-08  1.94999956e+00  2.55545000e-08  1.94999721e+00 
 2.55555000e-08  1.11045324e+00  2.55555000e-08  1.94999947e+00  2.55555000e-08  1.94999051e+00 
 2.55565000e-08  1.05780568e+00  2.55565000e-08  1.94999956e+00  2.55565000e-08  1.94999538e+00 
 2.55575000e-08  1.00534378e+00  2.55575000e-08  1.94999949e+00  2.55575000e-08  1.94998898e+00 
 2.55585000e-08  9.53000745e-01  2.55585000e-08  1.94999957e+00  2.55585000e-08  1.94999372e+00 
 2.55595000e-08  9.00702612e-01  2.55595000e-08  1.94999949e+00  2.55595000e-08  1.94998980e+00 
 2.59265000e-08  8.15992821e-05  2.59265000e-08  1.18611920e+00  2.59265000e-08  1.94994275e+00 
 2.59275000e-08  8.02816291e-05  2.59275000e-08  1.13206421e+00  2.59275000e-08  1.94993704e+00 
 2.59285000e-08  7.88643985e-05  2.59285000e-08  1.07736159e+00  2.59285000e-08  1.94993471e+00 
 2.59295000e-08  7.75831744e-05  2.59295000e-08  1.02199974e+00  2.59295000e-08  1.94993686e+00 
 2.59305000e-08  7.61939436e-05  2.59305000e-08  9.66001992e-01  2.59305000e-08  1.94994564e+00 
 2.59315000e-08  7.49652971e-05  2.59315000e-08  9.09370238e-01  2.59315000e-08  1.94996085e+00 
 2.61405000e-08  9.22489094e-01  2.61405000e-08  4.91502514e-05  2.61405000e-08  1.94998401e+00 
 2.61415000e-08  9.59352343e-01  2.61415000e-08  4.75630732e-05  2.61415000e-08  1.94998497e+00 
 2.61425000e-08  9.96638918e-01  2.61425000e-08  4.67290968e-05  2.61425000e-08  1.94998489e+00 
 2.61435000e-08  1.03439844e+00  2.61435000e-08  4.52102592e-05  2.61435000e-08  1.94998581e+00 
 2.61445000e-08  1.07226124e+00  2.61445000e-08  4.44283402e-05  2.61445000e-08  1.94998572e+00 
 2.61455000e-08  1.10989804e+00  2.61455000e-08  4.29758787e-05  2.61455000e-08  1.94998660e+00 
 2.63385000e-08  1.94992804e+00  2.63385000e-08  8.52650621e-01  2.63385000e-08  1.95003087e+00 
 2.63395000e-08  1.94992845e+00  2.63395000e-08  9.34698926e-01  2.63395000e-08  1.94989951e+00 
 2.63405000e-08  1.94992942e+00  2.63405000e-08  1.01469084e+00  2.63405000e-08  1.94975466e+00 
 2.63415000e-08  1.94992980e+00  2.63415000e-08  1.09257668e+00  2.63415000e-08  1.94959561e+00 
 2.63425000e-08  1.94993072e+00  2.63425000e-08  1.16842498e+00  2.63425000e-08  1.94944543e+00 
 2.63435000e-08  1.94993107e+00  2.63435000e-08  1.24254758e+00  2.63435000e-08  1.94929027e+00 
 2.64715000e-08  1.94996680e+00  2.64715000e-08  1.94997647e+00  2.64715000e-08  1.18610392e+00 
 2.64725000e-08  1.94996700e+00  2.64725000e-08  1.95000813e+00  2.64725000e-08  1.12856757e+00 
 2.64735000e-08  1.94996705e+00  2.64735000e-08  1.95003969e+00  2.64735000e-08  1.07090578e+00 
 2.64745000e-08  1.94996725e+00  2.64745000e-08  1.95006741e+00  2.64745000e-08  1.01292234e+00 
 2.64755000e-08  1.94996730e+00  2.64755000e-08  1.95008667e+00  2.64755000e-08  9.54492713e-01 
 2.64765000e-08  1.94996749e+00  2.64765000e-08  1.95010142e+00  2.64765000e-08  8.95460747e-01 
 2.66765000e-08  1.16619937e+00  2.66765000e-08  1.94999955e+00  2.66765000e-08  3.64867922e-05 
 2.66775000e-08  1.11330366e+00  2.66775000e-08  1.94999934e+00  2.66775000e-08  3.00826581e-05 
 2.66785000e-08  1.06064366e+00  2.66785000e-08  1.94999955e+00  2.66785000e-08  3.40946225e-05 
 2.66795000e-08  1.00817522e+00  2.66795000e-08  1.94999935e+00  2.66795000e-08  2.82812345e-05 
 2.66805000e-08  9.55827123e-01  2.66805000e-08  1.94999956e+00  2.66805000e-08  3.23362146e-05 
 2.66815000e-08  9.03529806e-01  2.66815000e-08  1.94999935e+00  2.66815000e-08  2.62020789e-05 
 2.70485000e-08  8.16797131e-05  2.70485000e-08  1.18924086e+00  2.70485000e-08 -2.70252669e-06 
 2.70495000e-08  8.03607043e-05  2.70495000e-08  1.13522038e+00  2.70495000e-08 -3.00332420e-06 
 2.70505000e-08  7.89415003e-05  2.70505000e-08  1.08055502e+00  2.70505000e-08 -1.00814003e-06 
 2.70515000e-08  7.76598935e-05  2.70515000e-08  1.02522732e+00  2.70515000e-08  1.63754506e-07 
 2.70525000e-08  7.62688648e-05  2.70525000e-08  9.69266229e-01  2.70525000e-08  3.06044017e-06 
 2.70535000e-08  7.50382016e-05  2.70535000e-08  9.12667856e-01  2.70535000e-08  5.04819621e-06 
 2.72625000e-08  9.21113468e-01  2.72625000e-08  5.54917467e-05  2.72625000e-08  1.69423660e-06 
 2.72635000e-08  9.57970225e-01  2.72635000e-08  5.35438058e-05  2.72635000e-08  8.38611734e-07 
 2.72645000e-08  9.95238048e-01  2.72645000e-08  5.27387240e-05  2.72645000e-08  1.61432727e-06 
 2.72655000e-08  1.03298642e+00  2.72655000e-08  5.08709450e-05  2.72655000e-08  7.66346511e-07 
 2.72665000e-08  1.07085250e+00  2.72665000e-08  5.01253189e-05  2.72665000e-08  1.70891554e-06 
 2.72675000e-08  1.10850147e+00  2.72675000e-08  4.83341621e-05  2.72675000e-08  9.01596088e-07 
 2.74605000e-08  1.94992801e+00  2.74605000e-08  8.47611358e-01  2.74605000e-08 -8.27916337e-05 
 2.74615000e-08  1.94992843e+00  2.74615000e-08  9.29828117e-01  2.74615000e-08 -1.30329607e-04 
 2.74625000e-08  1.94992938e+00  2.74625000e-08  1.01016375e+00  2.74625000e-08 -1.64870944e-04 
 2.74635000e-08  1.94992977e+00  2.74635000e-08  1.08859575e+00  2.74635000e-08 -1.86195824e-04 
 2.74645000e-08  1.94993069e+00  2.74645000e-08  1.16518516e+00  2.74645000e-08 -2.01417817e-04 
 2.74655000e-08  1.94993106e+00  2.74655000e-08  1.24010268e+00  2.74655000e-08 -2.26491316e-04 
 2.75795000e-08  1.94996484e+00  2.75795000e-08  1.94993935e+00  2.75795000e-08  8.81206083e-01 
 2.75805000e-08  1.94996506e+00  2.75805000e-08  1.94994677e+00  2.75805000e-08  9.41796198e-01 
 2.75815000e-08  1.94996513e+00  2.75815000e-08  1.94995175e+00  2.75815000e-08  1.00150415e+00 
 2.75825000e-08  1.94996535e+00  2.75825000e-08  1.94995719e+00  2.75825000e-08  1.06280423e+00 
 2.75835000e-08  1.94996542e+00  2.75835000e-08  1.94996383e+00  2.75835000e-08  1.12939859e+00 
 2.75845000e-08  1.94996564e+00  2.75845000e-08  1.94995662e+00  2.75845000e-08  1.20269891e+00 
 2.77985000e-08  1.16861378e+00  2.77985000e-08  1.94999958e+00  2.77985000e-08  1.94999692e+00 
 2.77995000e-08  1.11570736e+00  2.77995000e-08  1.94999945e+00  2.77995000e-08  1.94998962e+00 
 2.78005000e-08  1.06303557e+00  2.78005000e-08  1.94999958e+00  2.78005000e-08  1.94999488e+00 
 2.78015000e-08  1.01056032e+00  2.78015000e-08  1.94999947e+00  2.78015000e-08  1.94998791e+00 
 2.78025000e-08  9.58206747e-01  2.78025000e-08  1.94999959e+00  2.78025000e-08  1.94999302e+00 
 2.78035000e-08  9.05908990e-01  2.78035000e-08  1.94999947e+00  2.78035000e-08  1.94998878e+00 
 2.81715000e-08  8.04157131e-05  2.81715000e-08  1.13759777e+00  2.81715000e-08  1.94993752e+00 
 2.81725000e-08  7.89992366e-05  2.81725000e-08  1.08296428e+00  2.81725000e-08  1.94993475e+00 
 2.81735000e-08  7.77143055e-05  2.81735000e-08  1.02766603e+00  2.81735000e-08  1.94993638e+00 
 2.81745000e-08  7.63262031e-05  2.81745000e-08  9.71735452e-01  2.81745000e-08  1.94994444e+00 
 2.81755000e-08  7.50892657e-05  2.81755000e-08  9.15164364e-01  2.81755000e-08  1.94995898e+00 
 2.81765000e-08  7.37876554e-05  2.81765000e-08  8.57997797e-01  2.81765000e-08  1.94998085e+00 
 2.83845000e-08  9.18800167e-01  2.83845000e-08  4.91677691e-05  2.83845000e-08  1.94998399e+00 
 2.83855000e-08  9.55644039e-01  2.83855000e-08  4.77940842e-05  2.83855000e-08  1.94998490e+00 
 2.83865000e-08  9.92877700e-01  2.83865000e-08  4.67424731e-05  2.83865000e-08  1.94998487e+00 
 2.83875000e-08  1.03060497e+00  2.83875000e-08  4.54329876e-05  2.83875000e-08  1.94998574e+00 
 2.83885000e-08  1.06847532e+00  2.83885000e-08  4.44376852e-05  2.83885000e-08  1.94998570e+00 
 2.83895000e-08  1.10614440e+00  2.83895000e-08  4.31908594e-05  2.83895000e-08  1.94998654e+00 
 2.85825000e-08  1.94992795e+00  2.85825000e-08  8.44436418e-01  2.85825000e-08  1.95004496e+00 
 2.85835000e-08  1.94992840e+00  2.85835000e-08  9.26678735e-01  2.85835000e-08  1.94991268e+00 
 2.85845000e-08  1.94992933e+00  2.85845000e-08  1.00687710e+00  2.85845000e-08  1.94976957e+00 
 2.85855000e-08  1.94992975e+00  2.85855000e-08  1.08497042e+00  2.85855000e-08  1.94961142e+00 
 2.85865000e-08  1.94993064e+00  2.85865000e-08  1.16101984e+00  2.85865000e-08  1.94945854e+00 
 2.85875000e-08  1.94993104e+00  2.85875000e-08  1.23531146e+00  2.85875000e-08  1.94930693e+00 
 2.87155000e-08  1.94996679e+00  2.87155000e-08  1.94997338e+00  2.87155000e-08  1.19176794e+00 
 2.87165000e-08  1.94996698e+00  2.87165000e-08  1.95000496e+00  2.87165000e-08  1.13423320e+00 
 2.87175000e-08  1.94996704e+00  2.87175000e-08  1.95003648e+00  2.87175000e-08  1.07659679e+00 
 2.87185000e-08  1.94996723e+00  2.87185000e-08  1.95006533e+00  2.87185000e-08  1.01864652e+00 
 2.87195000e-08  1.94996729e+00  2.87195000e-08  1.95008474e+00  2.87195000e-08  9.60272364e-01 
 2.87205000e-08  1.94996748e+00  2.87205000e-08  1.95010059e+00  2.87205000e-08  9.01298964e-01 
 2.89205000e-08  1.17151512e+00  2.89205000e-08  1.94999955e+00  2.89205000e-08  3.77621206e-05 
 2.89215000e-08  1.11859732e+00  2.89215000e-08  1.94999933e+00  2.89215000e-08  2.91104319e-05 
 2.89225000e-08  1.06591252e+00  2.89225000e-08  1.94999955e+00  2.89225000e-08  3.53019445e-05 
 2.89235000e-08  1.01343022e+00  2.89235000e-08  1.94999934e+00  2.89235000e-08  2.73571801e-05 
 2.89245000e-08  9.61071009e-01  2.89245000e-08  1.94999956e+00  2.89245000e-08  3.35573679e-05 
 2.89255000e-08  9.08773726e-01  2.89255000e-08  1.94999934e+00  2.89255000e-08  2.52597658e-05 
 2.92935000e-08  8.04917690e-05  2.92935000e-08  1.14083998e+00  2.92935000e-08 -3.11744461e-06 
 2.92945000e-08  7.90834237e-05  2.92945000e-08  1.08624484e+00  2.92945000e-08 -1.13437848e-06 
 2.92955000e-08  7.77881281e-05  2.92955000e-08  1.03098180e+00  2.92955000e-08 -8.04555461e-08 
 2.92965000e-08  7.64080013e-05  2.92965000e-08  9.75088984e-01  2.92965000e-08  2.84018668e-06 
 2.92975000e-08  7.51593418e-05  2.92975000e-08  9.18552342e-01  2.92975000e-08  4.73474675e-06 
 2.92985000e-08  7.38646207e-05  2.92985000e-08  8.61422035e-01  2.92985000e-08  8.19307019e-06 
 2.95065000e-08  9.17457955e-01  2.95065000e-08  5.55214016e-05  2.95065000e-08  1.53269475e-06 
 2.95075000e-08  9.54295736e-01  2.95075000e-08  5.38002886e-05  2.95075000e-08  9.45676395e-07 
 2.95085000e-08  9.91510038e-01  2.95085000e-08  5.27632864e-05  2.95085000e-08  1.44313234e-06 
 2.95095000e-08  1.02922392e+00  2.95095000e-08  5.11190462e-05  2.95095000e-08  9.05494346e-07 
 2.95105000e-08  1.06709599e+00  2.95105000e-08  5.01452142e-05  2.95105000e-08  1.40667979e-06 
 2.95115000e-08  1.10477634e+00  2.95115000e-08  4.85731052e-05  2.95115000e-08  8.30217091e-07 
 2.97045000e-08  1.94992791e+00  2.97045000e-08  8.39470704e-01  2.97045000e-08 -7.76143408e-05 
 2.97055000e-08  1.94992838e+00  2.97055000e-08  9.21862404e-01  2.97055000e-08 -1.26063439e-04 
 2.97065000e-08  1.94992931e+00  2.97065000e-08  1.00238470e+00  2.97065000e-08 -1.63365376e-04 
 2.97075000e-08  1.94992975e+00  2.97075000e-08  1.08100264e+00  2.97075000e-08 -1.85055706e-04 
 2.97085000e-08  1.94993062e+00  2.97085000e-08  1.15776459e+00  2.97085000e-08 -1.99995191e-04 
 2.97095000e-08  1.94993103e+00  2.97095000e-08  1.23284022e+00  2.97095000e-08 -2.23731142e-04 
 2.98235000e-08  1.94996483e+00  2.98235000e-08  1.94993899e+00  2.98235000e-08  8.75197242e-01 
 2.98245000e-08  1.94996504e+00  2.98245000e-08  1.94994598e+00  2.98245000e-08  9.35922467e-01 
 2.98255000e-08  1.94996512e+00  2.98255000e-08  1.94995134e+00  2.98255000e-08  9.95660951e-01 
 2.98265000e-08  1.94996533e+00  2.98265000e-08  1.94995683e+00  2.98265000e-08  1.05654141e+00 
 2.98275000e-08  1.94996541e+00  2.98275000e-08  1.94996362e+00  2.98275000e-08  1.12246812e+00 
 2.98285000e-08  1.94996562e+00  2.98285000e-08  1.94995665e+00  2.98285000e-08  1.19549852e+00 
 3.00425000e-08  1.17417826e+00  3.00425000e-08  1.94999955e+00  3.00425000e-08  1.94999491e+00 
 3.00435000e-08  1.12124883e+00  3.00435000e-08  1.94999949e+00  3.00435000e-08  1.94999102e+00 
 3.00445000e-08  1.06855085e+00  3.00445000e-08  1.94999956e+00  3.00445000e-08  1.94999709e+00 
 3.00455000e-08  1.01606084e+00  3.00455000e-08  1.94999949e+00  3.00455000e-08  1.94999121e+00 
 3.00465000e-08  9.63695262e-01  3.00465000e-08  1.94999956e+00  3.00465000e-08  1.94999551e+00 
 3.00475000e-08  9.11397300e-01  3.00475000e-08  1.94999950e+00  3.00475000e-08  1.94999172e+00 
 3.04155000e-08  8.05507245e-05  3.04155000e-08  1.14327401e+00  3.04155000e-08  1.94993807e+00 
 3.04165000e-08  7.91494362e-05  3.04165000e-08  1.08871146e+00  3.04165000e-08  1.94993482e+00 
 3.04175000e-08  7.78464477e-05  3.04175000e-08  1.03347863e+00  3.04175000e-08  1.94993598e+00 
 3.04185000e-08  7.64732048e-05  3.04185000e-08  9.77617134e-01  3.04185000e-08  1.94994325e+00 
 3.04195000e-08  7.52144384e-05  3.04195000e-08  9.21108629e-01  3.04195000e-08  1.94995717e+00 
 3.04205000e-08  7.39248514e-05  3.04205000e-08  8.64006285e-01  3.04205000e-08  1.94997820e+00 
 3.06285000e-08  9.15176163e-01  3.06285000e-08  4.91603835e-05  3.06285000e-08  1.94998394e+00 
 3.06295000e-08  9.52005094e-01  3.06295000e-08  4.80572830e-05  3.06295000e-08  1.94998486e+00 
 3.06305000e-08  9.89186928e-01  3.06305000e-08  4.67310767e-05  3.06305000e-08  1.94998482e+00 
 3.06315000e-08  1.02687685e+00  3.06315000e-08  4.56871440e-05  3.06315000e-08  1.94998571e+00 
 3.06325000e-08  1.06475072e+00  3.06325000e-08  4.44226895e-05  3.06325000e-08  1.94998565e+00 
 3.06335000e-08  1.10244970e+00  3.06335000e-08  4.34365322e-05  3.06335000e-08  1.94998651e+00 
 3.08265000e-08  1.94992785e+00  3.08265000e-08  8.36134090e-01  3.08265000e-08  1.95005867e+00 
 3.08275000e-08  1.94992835e+00  3.08275000e-08  9.18571039e-01  3.08275000e-08  1.94992583e+00 
 3.08285000e-08  1.94992923e+00  3.08285000e-08  9.98977366e-01  3.08285000e-08  1.94978455e+00 
 3.08295000e-08  1.94992971e+00  3.08295000e-08  1.07728087e+00  3.08295000e-08  1.94962734e+00 
 3.08305000e-08  1.94993055e+00  3.08305000e-08  1.15352359e+00  3.08305000e-08  1.94947181e+00 
 3.08315000e-08  1.94993100e+00  3.08315000e-08  1.22797567e+00  3.08315000e-08  1.94932379e+00 
 3.09595000e-08  1.94996678e+00  3.09595000e-08  1.94997064e+00  3.09595000e-08  1.19745752e+00 
 3.09605000e-08  1.94996696e+00  3.09605000e-08  1.95000133e+00  3.09605000e-08  1.13992369e+00 
 3.09615000e-08  1.94996703e+00  3.09615000e-08  1.95003373e+00  3.09615000e-08  1.08231113e+00 
 3.09625000e-08  1.94996721e+00  3.09625000e-08  1.95006292e+00  3.09625000e-08  1.02439277e+00 
 3.09635000e-08  1.94996728e+00  3.09635000e-08  1.95008313e+00  3.09635000e-08  9.66073293e-01 
 3.09645000e-08  1.94996746e+00  3.09645000e-08  1.95009927e+00  3.09645000e-08  9.07158944e-01 
 3.11645000e-08  1.17652850e+00  3.11645000e-08  1.94999949e+00  3.11645000e-08  3.63008551e-05 
 3.11655000e-08  1.12358945e+00  3.11655000e-08  1.94999939e+00  3.11655000e-08  3.04920851e-05 
 3.11665000e-08  1.07088032e+00  3.11665000e-08  1.94999949e+00  3.11665000e-08  3.39586095e-05 
 3.11675000e-08  1.01838389e+00  3.11675000e-08  1.94999940e+00  3.11675000e-08  2.86479894e-05 
 3.11685000e-08  9.66013039e-01  3.11685000e-08  1.94999950e+00  3.11685000e-08  3.21456111e-05 
 3.11695000e-08  9.13714836e-01  3.11695000e-08  1.94999940e+00  3.11695000e-08  2.66044713e-05 
 3.15375000e-08  8.06075095e-05  3.15375000e-08  1.14568865e+00  3.15375000e-08 -2.99618318e-06 
 3.15385000e-08  7.92136472e-05  3.15385000e-08  1.09115405e+00  3.15385000e-08 -1.46213752e-06 
 3.15395000e-08  7.79019502e-05  3.15395000e-08  1.03594702e+00  3.15395000e-08 -9.20454266e-08 
 3.15405000e-08  7.65361475e-05  3.15405000e-08  9.80113170e-01  3.15405000e-08  2.46384607e-06 
 3.15415000e-08  7.52670561e-05  3.15415000e-08  9.23630142e-01  3.15415000e-08  4.64236570e-06 
 3.15425000e-08  7.39835372e-05  3.15425000e-08  8.66554673e-01  3.15425000e-08  7.78891904e-06 
 3.17515000e-08  9.50368894e-01  3.17515000e-08  5.40245078e-05  3.17515000e-08  1.09836417e-06 
 3.17525000e-08  9.87527950e-01  3.17525000e-08  5.27835883e-05  3.17525000e-08  1.27777333e-06 
 3.17535000e-08  1.02519987e+00  3.17535000e-08  5.13348388e-05  3.17535000e-08  1.04963840e-06 
 3.17545000e-08  1.06307416e+00  3.17545000e-08  5.01610247e-05  3.17545000e-08  1.23327505e-06 
 3.17555000e-08  1.10078601e+00  3.17555000e-08  4.87817116e-05  3.17555000e-08  9.90748210e-07 
 3.17565000e-08  1.13813684e+00  3.17565000e-08  4.76710293e-05  3.17565000e-08  1.17260321e-06 
 3.19485000e-08  1.94992780e+00  3.19485000e-08  8.30468201e-01  3.19485000e-08 -7.17095609e-05 
 3.19495000e-08  1.94992834e+00  3.19495000e-08  9.13051598e-01  3.19495000e-08 -1.21401024e-04 
 3.19505000e-08  1.94992918e+00  3.19505000e-08  9.93785058e-01  3.19505000e-08 -1.59974349e-04 
 3.19515000e-08  1.94992969e+00  3.19515000e-08  1.07261350e+00  3.19515000e-08 -1.81706152e-04 
 3.19525000e-08  1.94993051e+00  3.19525000e-08  1.14955794e+00  3.19525000e-08 -1.98238584e-04 
 3.19535000e-08  1.94993101e+00  3.19535000e-08  1.22481378e+00  3.19535000e-08 -2.20589924e-04 
 3.20675000e-08  1.94996482e+00  3.20675000e-08  1.94993856e+00  3.20675000e-08  8.68560822e-01 
 3.20685000e-08  1.94996502e+00  3.20685000e-08  1.94994516e+00  3.20685000e-08  9.29441986e-01 
 3.20695000e-08  1.94996511e+00  3.20695000e-08  1.94995082e+00  3.20695000e-08  9.89232814e-01 
 3.20705000e-08  1.94996531e+00  3.20705000e-08  1.94995642e+00  3.20705000e-08  1.04974956e+00 
 3.20715000e-08  1.94996540e+00  3.20715000e-08  1.94996326e+00  3.20715000e-08  1.11493578e+00 
 3.20725000e-08  1.94996559e+00  3.20725000e-08  1.94995695e+00  3.20725000e-08  1.18755798e+00 
 3.22865000e-08  1.17974222e+00  3.22865000e-08  1.94999953e+00  3.22865000e-08  1.94999806e+00 
 3.22875000e-08  1.12678995e+00  3.22875000e-08  1.94999951e+00  3.22875000e-08  1.94999332e+00 
 3.22885000e-08  1.07406538e+00  3.22885000e-08  1.94999953e+00  3.22885000e-08  1.94999660e+00 
 3.22895000e-08  1.02155991e+00  3.22895000e-08  1.94999951e+00  3.22895000e-08  1.94999360e+00 
 3.22905000e-08  9.69181554e-01  3.22905000e-08  1.94999954e+00  3.22905000e-08  1.94999808e+00 
 3.22915000e-08  9.16882764e-01  3.22915000e-08  1.94999951e+00  3.22915000e-08  1.94999356e+00 
 3.26595000e-08  8.06876978e-05  3.26595000e-08  1.14867265e+00  3.26595000e-08  1.94993863e+00 
 3.26605000e-08  7.93046778e-05  3.26605000e-08  1.09417752e+00  3.26605000e-08  1.94993492e+00 
 3.26615000e-08  7.79804950e-05  3.26615000e-08  1.03900719e+00  3.26615000e-08  1.94993566e+00 
 3.26625000e-08  7.66250146e-05  3.26625000e-08  9.83211457e-01  3.26625000e-08  1.94994218e+00 
 3.26635000e-08  7.53407675e-05  3.26635000e-08  9.26762899e-01  3.26635000e-08  1.94995552e+00 
 3.26645000e-08  7.40653449e-05  3.26645000e-08  8.69721824e-01  3.26645000e-08  1.94997573e+00 
 3.28735000e-08  9.47718362e-01  3.28735000e-08  4.82962497e-05  3.28735000e-08  1.94998480e+00 
 3.28745000e-08  9.84839640e-01  3.28745000e-08  4.67329134e-05  3.28745000e-08  1.94998479e+00 
 3.28755000e-08  1.02247967e+00  3.28755000e-08  4.59178709e-05  3.28755000e-08  1.94998565e+00 
 3.28765000e-08  1.06035263e+00  3.28765000e-08  4.44208267e-05  3.28765000e-08  1.94998563e+00 
 3.28775000e-08  1.09808448e+00  3.28775000e-08  4.36592028e-05  3.28775000e-08  1.94998646e+00 
 3.28785000e-08  1.13546531e+00  3.28785000e-08  4.22253419e-05  3.28785000e-08  1.94998641e+00 
 3.30705000e-08  1.94992772e+00  3.30705000e-08  8.26471695e-01  3.30705000e-08  1.95007392e+00 
 3.30715000e-08  1.94992833e+00  3.30715000e-08  9.09130878e-01  3.30715000e-08  1.94994089e+00 
 3.30725000e-08  1.94992910e+00  3.30725000e-08  9.89778790e-01  3.30725000e-08  1.94980191e+00 
 3.30735000e-08  1.94992968e+00  3.30735000e-08  1.06832561e+00  3.30735000e-08  1.94964577e+00 
 3.30745000e-08  1.94993042e+00  3.30745000e-08  1.14479740e+00  3.30745000e-08  1.94948754e+00 
 3.30755000e-08  1.94993098e+00  3.30755000e-08  1.21945809e+00  3.30755000e-08  1.94934291e+00 
 3.32045000e-08  1.94996694e+00  3.32045000e-08  1.94999758e+00  3.32045000e-08  1.14655297e+00 
 3.32055000e-08  1.94996703e+00  3.32055000e-08  1.95003033e+00  3.32055000e-08  1.08896548e+00 
 3.32065000e-08  1.94996719e+00  3.32065000e-08  1.95005975e+00  3.32065000e-08  1.03108265e+00 
 3.32075000e-08  1.94996728e+00  3.32075000e-08  1.95008120e+00  3.32075000e-08  9.72824369e-01 
 3.32085000e-08  1.94996743e+00  3.32085000e-08  1.95009761e+00  3.32085000e-08  9.13976977e-01 
 3.32095000e-08  1.94996753e+00  3.32095000e-08  1.95010656e+00  3.32095000e-08  8.54514850e-01 
 3.34085000e-08  1.18371146e+00  3.34085000e-08  1.94999943e+00  3.34085000e-08  3.52673859e-05 
 3.34095000e-08  1.13074303e+00  3.34095000e-08  1.94999945e+00  3.34095000e-08  3.16684027e-05 
 3.34105000e-08  1.07799925e+00  3.34105000e-08  1.94999943e+00  3.34105000e-08  3.30866581e-05 
 3.34115000e-08  1.02548233e+00  3.34115000e-08  1.94999946e+00  3.34115000e-08  2.95361518e-05 
 3.34125000e-08  9.73094385e-01  3.34125000e-08  1.94999944e+00  3.34125000e-08  3.09798542e-05 
 3.34135000e-08  9.20794603e-01  3.34135000e-08  1.94999947e+00  3.34135000e-08  2.77229122e-05 
 3.37815000e-08  8.07832567e-05  3.37815000e-08  1.15307806e+00  3.37815000e-08 -2.91489361e-06 
 3.37825000e-08  7.94128158e-05  3.37825000e-08  1.09863540e+00  3.37825000e-08 -1.82838732e-06 
 3.37835000e-08  7.80736145e-05  3.37835000e-08  1.04351442e+00  3.37835000e-08 -2.15989533e-07 
 3.37845000e-08  7.67308222e-05  3.37845000e-08  9.87770304e-01  3.37845000e-08  2.00108768e-06 
 3.37855000e-08  7.54294361e-05  3.37855000e-08  9.31369862e-01  3.37855000e-08  4.40877692e-06 
 3.37865000e-08  7.41647642e-05  3.37865000e-08  8.74378056e-01  3.37865000e-08  7.27703846e-06 
 3.39955000e-08  9.45344449e-01  3.39955000e-08  5.43629047e-05  3.39955000e-08  1.31221729e-06 
 3.39965000e-08  9.82430359e-01  3.39965000e-08  5.28208788e-05  3.39965000e-08  1.08010609e-06 
 3.39975000e-08  1.02003984e+00  3.39975000e-08  5.16603782e-05  3.39975000e-08  1.24737664e-06 
 3.39985000e-08  1.05791350e+00  3.39985000e-08  5.01902842e-05  3.39985000e-08  1.01982516e-06 
 3.39995000e-08  1.09566363e+00  3.39995000e-08  4.90953238e-05  3.39995000e-08  1.18636834e-06 
 3.40005000e-08  1.13307127e+00  3.40005000e-08  4.76944953e-05  3.40005000e-08  9.63689822e-07 
 3.41925000e-08  1.94992765e+00  3.41925000e-08  8.19113559e-01  3.41925000e-08 -6.43710827e-05 
 3.41935000e-08  1.94992831e+00  3.41935000e-08  9.01934918e-01  3.41935000e-08 -1.15268066e-04 
 3.41945000e-08  1.94992903e+00  3.41945000e-08  9.82926828e-01  3.41945000e-08 -1.55791294e-04 
 3.41955000e-08  1.94992967e+00  3.41955000e-08  1.06201476e+00  3.41955000e-08 -1.79208718e-04 
 3.41965000e-08  1.94993036e+00  3.41965000e-08  1.13921575e+00  3.41965000e-08 -1.97116676e-04 
 3.41975000e-08  1.94993097e+00  3.41975000e-08  1.21470148e+00  3.41975000e-08 -2.15930186e-04 
 3.43115000e-08  1.94996482e+00  3.43115000e-08  1.94993800e+00  3.43115000e-08  8.60065492e-01 
 3.43125000e-08  1.94996499e+00  3.43125000e-08  1.94994417e+00  3.43125000e-08  9.21157206e-01 
 3.43135000e-08  1.94996511e+00  3.43135000e-08  1.94995011e+00  3.43135000e-08  9.81040684e-01 
 3.43145000e-08  1.94996528e+00  3.43145000e-08  1.94995584e+00  3.43145000e-08  1.04121685e+00 
 3.43155000e-08  1.94996540e+00  3.43155000e-08  1.94996257e+00  3.43155000e-08  1.10551494e+00 
 3.43165000e-08  1.94996556e+00  3.43165000e-08  1.94995771e+00  3.43165000e-08  1.17742724e+00 
 3.45315000e-08  1.13398815e+00  3.45315000e-08  1.94999954e+00  3.45315000e-08  1.94999600e+00 
 3.45325000e-08  1.08122866e+00  3.45325000e-08  1.94999951e+00  3.45325000e-08  1.94999772e+00 
 3.45335000e-08  1.02870189e+00  3.45335000e-08  1.94999953e+00  3.45335000e-08  1.94999607e+00 
 3.45345000e-08  9.76305940e-01  3.45345000e-08  1.94999952e+00  3.45345000e-08  1.94999859e+00 
 3.45355000e-08  9.24004907e-01  3.45355000e-08  1.94999955e+00  3.45355000e-08  1.94999604e+00 
 3.45365000e-08  8.71698765e-01  3.45365000e-08  1.94999952e+00  3.45365000e-08  1.94999766e+00 
 3.49035000e-08  8.08624565e-05  3.49035000e-08  1.15640136e+00  3.49035000e-08  1.94993945e+00 
 3.49045000e-08  7.95022351e-05  3.49045000e-08  1.10199938e+00  3.49045000e-08  1.94993516e+00 
 3.49055000e-08  7.81508508e-05  3.49055000e-08  1.04692222e+00  3.49055000e-08  1.94993529e+00 
 3.49065000e-08  7.68186832e-05  3.49065000e-08  9.91217810e-01  3.49065000e-08  1.94994078e+00 
 3.49075000e-08  7.55030222e-05  3.49075000e-08  9.34858658e-01  3.49075000e-08  1.94995325e+00 
 3.49085000e-08  7.42470624e-05  3.49085000e-08  8.77903017e-01  3.49085000e-08  1.94997234e+00 
 3.51175000e-08  9.43396505e-01  3.51175000e-08  4.86249954e-05  3.51175000e-08  1.94998469e+00 
 3.51185000e-08  9.80461458e-01  3.51185000e-08  4.67498823e-05  3.51185000e-08  1.94998477e+00 
 3.51195000e-08  1.01804735e+00  3.51195000e-08  4.62348994e-05  3.51195000e-08  1.94998555e+00 
 3.51205000e-08  1.05591436e+00  3.51205000e-08  4.44323711e-05  3.51205000e-08  1.94998561e+00 
 3.51215000e-08  1.09367647e+00  3.51215000e-08  4.39648840e-05  3.51215000e-08  1.94998636e+00 
 3.51225000e-08  1.13110522e+00  3.51225000e-08  4.22316746e-05  3.51225000e-08  1.94998639e+00 
 3.53145000e-08  1.94992758e+00  3.53145000e-08  8.16658414e-01  3.53145000e-08  1.95008864e+00 
 3.53155000e-08  1.94992830e+00  3.53155000e-08  8.99543598e-01  3.53155000e-08  1.94995585e+00 
 3.53165000e-08  1.94992897e+00  3.53165000e-08  9.80439389e-01  3.53165000e-08  1.94981913e+00 
 3.53175000e-08  1.94992966e+00  3.53175000e-08  1.05923248e+00  3.53175000e-08  1.94966471e+00 
 3.53185000e-08  1.94993029e+00  3.53185000e-08  1.13592978e+00  3.53185000e-08  1.94950577e+00 
 3.53195000e-08  1.94993095e+00  3.53195000e-08  1.21077392e+00  3.53195000e-08  1.94936170e+00 
 3.54485000e-08  1.94996691e+00  3.54485000e-08  1.94999377e+00  3.54485000e-08  1.15333115e+00 
 3.54495000e-08  1.94996703e+00  3.54495000e-08  1.95002665e+00  3.54495000e-08  1.09576028e+00 
 3.54505000e-08  1.94996717e+00  3.54505000e-08  1.95005657e+00  3.54505000e-08  1.03791678e+00 
 3.54515000e-08  1.94996728e+00  3.54515000e-08  1.95007918e+00  3.54515000e-08  9.79712041e-01 
 3.54525000e-08  1.94996741e+00  3.54525000e-08  1.95009601e+00  3.54525000e-08  9.20935390e-01 
 3.54535000e-08  1.94996753e+00  3.54535000e-08  1.95010594e+00  3.54535000e-08  8.61549997e-01 
 3.56535000e-08  1.13690730e+00  3.56535000e-08  1.94999950e+00  3.56535000e-08  3.22385980e-05 
 3.56545000e-08  1.08413381e+00  3.56545000e-08  1.94999939e+00  3.56545000e-08  3.25479517e-05 
 3.56555000e-08  1.03159806e+00  3.56555000e-08  1.94999950e+00  3.56555000e-08  3.01911804e-05 
 3.56565000e-08  9.79194876e-01  3.56565000e-08  1.94999940e+00  3.56565000e-08  3.05313650e-05 
 3.56575000e-08  9.26892561e-01  3.56575000e-08  1.94999951e+00  3.56575000e-08  2.82725509e-05 
 3.56585000e-08  8.74586411e-01  3.56585000e-08  1.94999940e+00  3.56585000e-08  2.86402765e-05 
 3.60255000e-08  8.09324113e-05  3.60255000e-08  1.15944615e+00  3.60255000e-08 -2.85189455e-06 
 3.60265000e-08  7.95809016e-05  3.60265000e-08  1.10507728e+00  3.60265000e-08 -2.10791472e-06 
 3.60275000e-08  7.82195458e-05  3.60275000e-08  1.05003624e+00  3.60275000e-08 -3.31369302e-07 
 3.60285000e-08  7.68963010e-05  3.60285000e-08  9.94364783e-01  3.60285000e-08  1.62658522e-06 
 3.60295000e-08  7.55684034e-05  3.60295000e-08  9.38040929e-01  3.60295000e-08  4.19442759e-06 
 3.60305000e-08  7.43194463e-05  3.60305000e-08  8.81117270e-01  3.60305000e-08  6.85625599e-06 
 3.62395000e-08  9.41270205e-01  3.62395000e-08  5.46313726e-05  3.62395000e-08  1.50169265e-06 
 3.62405000e-08  9.78309094e-01  3.62405000e-08  5.28787311e-05  3.62405000e-08  9.29282874e-07 
 3.62415000e-08  1.01586676e+00  3.62415000e-08  5.19177735e-05  3.62415000e-08  1.43002743e-06 
 3.62425000e-08  1.05372894e+00  3.62425000e-08  5.02428064e-05  3.62425000e-08  8.56161873e-07 
 3.62435000e-08  1.09150591e+00  3.62435000e-08  4.93434678e-05  3.62435000e-08  1.35392804e-06 
 3.62445000e-08  1.12895924e+00  3.62445000e-08  4.77415760e-05  3.62445000e-08  8.17678473e-07 
 3.64365000e-08  1.94992751e+00  3.64365000e-08  8.10029553e-01  3.64365000e-08 -5.86294629e-05 
 3.64375000e-08  1.94992830e+00  3.64375000e-08  8.93036775e-01  3.64375000e-08 -1.10175710e-04 
 3.64385000e-08  1.94992890e+00  3.64385000e-08  9.74233898e-01  3.64385000e-08 -1.52105762e-04 
 3.64395000e-08  1.94992965e+00  3.64395000e-08  1.05352840e+00  3.64395000e-08 -1.77243122e-04 
 3.64405000e-08  1.94993023e+00  3.64405000e-08  1.13092853e+00  3.64405000e-08 -1.95980250e-04 
 3.64415000e-08  1.94993095e+00  3.64415000e-08  1.20659030e+00  3.64415000e-08 -2.12351166e-04 
 3.65555000e-08  1.94996482e+00  3.65555000e-08  1.94993763e+00  3.65555000e-08  8.53328557e-01 
 3.65565000e-08  1.94996496e+00  3.65565000e-08  1.94994344e+00  3.65565000e-08  9.14592392e-01 
 3.65575000e-08  1.94996512e+00  3.65575000e-08  1.94994948e+00  3.65575000e-08  9.74565983e-01 
 3.65585000e-08  1.94996525e+00  3.65585000e-08  1.94995535e+00  3.65585000e-08  1.03455085e+00 
 3.65595000e-08  1.94996541e+00  3.65595000e-08  1.94996179e+00  3.65595000e-08  1.09821783e+00 
 3.65605000e-08  1.94996553e+00  3.65605000e-08  1.94995863e+00  3.65605000e-08  1.16941987e+00 
 3.67755000e-08  1.13952621e+00  3.67755000e-08  1.94999954e+00  3.67755000e-08  1.94999814e+00 
 3.67765000e-08  1.08674000e+00  3.67765000e-08  1.94999950e+00  3.67765000e-08  1.94999859e+00 
 3.67775000e-08  1.03419584e+00  3.67775000e-08  1.94999954e+00  3.67775000e-08  1.94999811e+00 
 3.67785000e-08  9.81785918e-01  3.67785000e-08  1.94999951e+00  3.67785000e-08  1.94999894e+00 
 3.67795000e-08  9.29482133e-01  3.67795000e-08  1.94999954e+00  3.67795000e-08  1.94999842e+00 
 3.67805000e-08  8.77175797e-01  3.67805000e-08  1.94999952e+00  3.67805000e-08  1.94999920e+00 
 3.71475000e-08  8.09933418e-05  3.71475000e-08  1.16194584e+00  3.71475000e-08  1.94994004e+00 
 3.71485000e-08  7.96492708e-05  3.71485000e-08  1.10760825e+00  3.71485000e-08  1.94993541e+00 
 3.71495000e-08  7.82794730e-05  3.71495000e-08  1.05260082e+00  3.71495000e-08  1.94993507e+00 
 3.71505000e-08  7.69638650e-05  3.71505000e-08  9.96959897e-01  3.71505000e-08  1.94993988e+00 
 3.71515000e-08  7.56254858e-05  3.71515000e-08  9.40667664e-01  3.71515000e-08  1.94995169e+00 
 3.71525000e-08  7.43824342e-05  3.71525000e-08  8.83771694e-01  3.71525000e-08  1.94997002e+00 
 3.73615000e-08  9.39355954e-01  3.73615000e-08  4.88538831e-05  3.73615000e-08  1.94998459e+00 
 3.73625000e-08  9.76372258e-01  3.73625000e-08  4.67698939e-05  3.73625000e-08  1.94998478e+00 
 3.73635000e-08  1.01390380e+00  3.73635000e-08  4.64556428e-05  3.73635000e-08  1.94998546e+00 
 3.73645000e-08  1.05176040e+00  3.73645000e-08  4.44483351e-05  3.73645000e-08  1.94998562e+00 
 3.73655000e-08  1.08954904e+00  3.73655000e-08  4.41772678e-05  3.73655000e-08  1.94998627e+00 
 3.73665000e-08  1.12702300e+00  3.73665000e-08  4.22438810e-05  3.73665000e-08  1.94998640e+00 
 3.75585000e-08  1.94992744e+00  3.75585000e-08  8.07348717e-01  3.75585000e-08  1.95010184e+00 
 3.75595000e-08  1.94992829e+00  3.75595000e-08  8.90439288e-01  3.75595000e-08  1.94996978e+00 
 3.75605000e-08  1.94992884e+00  3.75605000e-08  9.71564862e-01  3.75605000e-08  1.94983528e+00 
 3.75615000e-08  1.94992965e+00  3.75615000e-08  1.05060005e+00  3.75615000e-08  1.94968259e+00 
 3.75625000e-08  1.94993017e+00  3.75625000e-08  1.12753353e+00  3.75625000e-08  1.94952298e+00 
 3.75635000e-08  1.94993093e+00  3.75635000e-08  1.20254924e+00  3.75635000e-08  1.94937841e+00 
 3.76925000e-08  1.94996688e+00  3.76925000e-08  1.94999059e+00  3.76925000e-08  1.15987791e+00 
 3.76935000e-08  1.94996704e+00  3.76935000e-08  1.95002303e+00  3.76935000e-08  1.10231823e+00 
 3.76945000e-08  1.94996714e+00  3.76945000e-08  1.95005332e+00  3.76945000e-08  1.04451654e+00 
 3.76955000e-08  1.94996729e+00  3.76955000e-08  1.95007683e+00  3.76955000e-08  9.86361145e-01 
 3.76965000e-08  1.94996739e+00  3.76965000e-08  1.95009422e+00  3.76965000e-08  9.27658705e-01 
 3.76975000e-08  1.94996753e+00  3.76975000e-08  1.95010500e+00  3.76975000e-08  8.68347749e-01 
 3.78975000e-08  1.14229111e+00  3.78975000e-08  1.94999949e+00  3.78975000e-08  3.25400059e-05 
 3.78985000e-08  1.08949373e+00  3.78985000e-08  1.94999934e+00  3.78985000e-08  3.24740879e-05 
 3.78995000e-08  1.03693814e+00  3.78995000e-08  1.94999950e+00  3.78995000e-08  3.04883809e-05 
 3.79005000e-08  9.84522991e-01  3.79005000e-08  1.94999935e+00  3.79005000e-08  3.04515348e-05 
 3.79015000e-08  9.32215343e-01  3.79015000e-08  1.94999950e+00  3.79015000e-08  2.85659684e-05 
 3.79025000e-08  8.79910567e-01  3.79025000e-08  1.94999933e+00  3.79025000e-08  2.85544849e-05 
 3.82695000e-08  8.10601630e-05  3.82695000e-08  1.16450820e+00  3.82695000e-08 -2.80053225e-06 
 3.82705000e-08  7.97209783e-05  3.82705000e-08  1.11019825e+00  3.82705000e-08 -2.31470405e-06 
 3.82715000e-08  7.83449905e-05  3.82715000e-08  1.05522093e+00  3.82715000e-08 -4.22158809e-07 
 3.82725000e-08  7.70344954e-05  3.82725000e-08  9.99607537e-01  3.82725000e-08  1.33776286e-06 
 3.82735000e-08  7.56878308e-05  3.82735000e-08  9.43344885e-01  3.82735000e-08  4.02407386e-06 
 3.82745000e-08  7.44484917e-05  3.82745000e-08  8.86475823e-01  3.82745000e-08  6.52480349e-06 
 3.84835000e-08  9.37476337e-01  3.84835000e-08  5.48627621e-05  3.84835000e-08  1.65613059e-06 
 3.84845000e-08  9.74471418e-01  3.84845000e-08  5.29002586e-05  3.84845000e-08  8.03513254e-07 
 3.84855000e-08  1.01197682e+00  3.84855000e-08  5.21408111e-05  3.84855000e-08  1.57977722e-06 
 3.84865000e-08  1.04982681e+00  3.84865000e-08  5.02597800e-05  3.84865000e-08  7.24555666e-07 
 3.84875000e-08  1.08762631e+00  3.84875000e-08  4.95583772e-05  3.84875000e-08  1.66024056e-06 
 3.84885000e-08  1.12512020e+00  3.84885000e-08  4.77539803e-05  3.84885000e-08  8.84661343e-07 
 3.86805000e-08  1.94992737e+00  3.86805000e-08  8.01100996e-01  3.86805000e-08 -5.31154822e-05 
 3.86815000e-08  1.94992829e+00  3.86815000e-08  8.84292289e-01  3.86815000e-08 -1.05098077e-04 
 3.86825000e-08  1.94992877e+00  3.86825000e-08  9.65693950e-01  3.86825000e-08 -1.48360037e-04 
 3.86835000e-08  1.94992965e+00  3.86835000e-08  1.04519103e+00  3.86835000e-08 -1.75044022e-04 
 3.86845000e-08  1.94993011e+00  3.86845000e-08  1.12278948e+00  3.86845000e-08 -1.94489143e-04 
 3.86855000e-08  1.94993094e+00  3.86855000e-08  1.19861201e+00  3.86855000e-08 -2.09361947e-04 
 3.87995000e-08  1.94996483e+00  3.87995000e-08  1.94993736e+00  3.87995000e-08  8.46818877e-01 
 3.88005000e-08  1.94996492e+00  3.88005000e-08  1.94994274e+00  3.88005000e-08  9.08252800e-01 
 3.88015000e-08  1.94996512e+00  3.88015000e-08  1.94994886e+00  3.88015000e-08  9.68324168e-01 
 3.88025000e-08  1.94996522e+00  3.88025000e-08  1.94995484e+00  3.88025000e-08  1.02817708e+00 
 3.88035000e-08  1.94996541e+00  3.88035000e-08  1.94996092e+00  3.88035000e-08  1.09129919e+00 
 3.88045000e-08  1.94996551e+00  3.88045000e-08  1.94995969e+00  3.88045000e-08  1.16170918e+00 
 3.90195000e-08  1.14513196e+00  3.90195000e-08  1.94999953e+00  3.90195000e-08  1.94999877e+00 
 3.90205000e-08  1.09232265e+00  3.90205000e-08  1.94999950e+00  3.90205000e-08  1.94999823e+00 
 3.90215000e-08  1.03975489e+00  3.90215000e-08  1.94999955e+00  3.90215000e-08  1.94999916e+00 
 3.90225000e-08  9.87333846e-01  3.90225000e-08  1.94999950e+00  3.90225000e-08  1.94999811e+00 
 3.90235000e-08  9.35021833e-01  3.90235000e-08  1.94999955e+00  3.90235000e-08  1.94999867e+00 
 3.90245000e-08  8.82718243e-01  3.90245000e-08  1.94999951e+00  3.90245000e-08  1.94999813e+00 
 3.93575000e-08  1.51854565e-04  3.93575000e-08  2.00712563e+00  3.93575000e-08  1.94999891e+00 
 3.93915000e-08  8.11321197e-05  3.93915000e-08  1.16751625e+00  3.93915000e-08  1.94994064e+00 
 3.93925000e-08  7.97962746e-05  3.93925000e-08  1.11324356e+00  3.93925000e-08  1.94993572e+00 
 3.93935000e-08  7.84157497e-05  3.93935000e-08  1.05830628e+00  3.93935000e-08  1.94993490e+00 
 3.93945000e-08  7.71087358e-05  3.93945000e-08  1.00272939e+00  3.93945000e-08  1.94993907e+00 
 3.93955000e-08  7.57551830e-05  3.93955000e-08  9.46504661e-01  3.93955000e-08  1.94995018e+00 
 3.93965000e-08  7.45177128e-05  3.93965000e-08  8.89669026e-01  3.93965000e-08  1.94996779e+00 
 3.96055000e-08  9.35385575e-01  3.96055000e-08  4.90479929e-05  3.96055000e-08  1.94998449e+00 
 3.96065000e-08  9.72357942e-01  3.96065000e-08  4.68264790e-05  3.96065000e-08  1.94998479e+00 
 3.96075000e-08  1.00983393e+00  3.96075000e-08  4.66420208e-05  3.96075000e-08  1.94998536e+00 
 3.96085000e-08  1.04767502e+00  3.96085000e-08  4.45002293e-05  3.96085000e-08  1.94998563e+00 
 3.96095000e-08  1.08548609e+00  3.96095000e-08  4.43561645e-05  3.96095000e-08  1.94998618e+00 
 3.96105000e-08  1.12300160e+00  3.96105000e-08  4.22911952e-05  3.96105000e-08  1.94998642e+00 
 3.98025000e-08  1.94992730e+00  3.98025000e-08  7.98293274e-01  3.98025000e-08  1.95011395e+00 
 3.98035000e-08  1.94992831e+00  3.98035000e-08  8.81578612e-01  3.98035000e-08  1.94998299e+00 
 3.98045000e-08  1.94992870e+00  3.98045000e-08  9.62925819e-01  3.98045000e-08  1.94985087e+00 
 3.98055000e-08  1.94992967e+00  3.98055000e-08  1.04218578e+00  3.98055000e-08  1.94970001e+00 
 3.98065000e-08  1.94993003e+00  3.98065000e-08  1.11934199e+00  3.98065000e-08  1.94954032e+00 
 3.98075000e-08  1.94993095e+00  3.98075000e-08  1.19454547e+00  3.98075000e-08  1.94939551e+00 
 3.99365000e-08  1.94996685e+00  3.99365000e-08  1.94998745e+00  3.99365000e-08  1.16597371e+00 
 3.99375000e-08  1.94996704e+00  3.99375000e-08  1.95001951e+00  3.99375000e-08  1.10842222e+00 
 3.99385000e-08  1.94996711e+00  3.99385000e-08  1.95005038e+00  3.99385000e-08  1.05065661e+00 
 3.99395000e-08  1.94996729e+00  3.99395000e-08  1.95007463e+00  3.99395000e-08  9.92544193e-01 
 3.99405000e-08  1.94996736e+00  3.99405000e-08  1.95009266e+00  3.99405000e-08  9.33907931e-01 
 3.99415000e-08  1.94996754e+00  3.99415000e-08  1.95010412e+00  3.99415000e-08  8.74663704e-01 
 4.01415000e-08  1.14756129e+00  4.01415000e-08  1.94999953e+00  4.01415000e-08  3.31461602e-05 
 4.01425000e-08  1.09474289e+00  4.01425000e-08  1.94999935e+00  4.01425000e-08  3.20955559e-05 
 4.01435000e-08  1.04216565e+00  4.01435000e-08  1.94999954e+00  4.01435000e-08  3.10243089e-05 
 4.01445000e-08  9.89740385e-01  4.01445000e-08  1.94999936e+00  4.01445000e-08  3.01561057e-05 
 4.01455000e-08  9.37425375e-01  4.01455000e-08  1.94999954e+00  4.01455000e-08  2.91843950e-05 
 4.01465000e-08  8.85123502e-01  4.01465000e-08  1.94999937e+00  4.01465000e-08  2.82594927e-05 
 4.05135000e-08  8.11996510e-05  4.05135000e-08  1.17003468e+00  4.05135000e-08 -2.76111713e-06 
 4.05145000e-08  7.98667880e-05  4.05145000e-08  1.11578906e+00  4.05145000e-08 -2.51092669e-06 
 4.05155000e-08  7.84811514e-05  4.05155000e-08  1.06088133e+00  4.05155000e-08 -5.37539472e-07 
 4.05165000e-08  7.71774993e-05  4.05165000e-08  1.00533141e+00  4.05165000e-08  1.04415922e-06 
 4.05175000e-08  7.58177742e-05  4.05175000e-08  9.49135772e-01  4.05175000e-08  3.83014491e-06 
 4.05185000e-08  7.45826014e-05  4.05185000e-08  8.92326563e-01  4.05185000e-08  6.17067129e-06 
 4.07275000e-08  9.34418510e-01  4.07275000e-08  5.51051991e-05  4.07275000e-08  2.01067521e-06 
 4.07285000e-08  9.71380682e-01  4.07285000e-08  5.29436234e-05  4.07285000e-08  9.31199079e-07 
 4.07295000e-08  1.00884290e+00  4.07295000e-08  5.23739425e-05  4.07295000e-08  1.79950041e-06 
 4.07305000e-08  1.04667932e+00  4.07305000e-08  5.02976831e-05  4.07305000e-08  6.13329317e-07 
 4.07315000e-08  1.08449551e+00  4.07315000e-08  4.97833884e-05  4.07315000e-08  1.82934594e-06 
 4.07325000e-08  1.12202082e+00  4.07325000e-08  4.77866673e-05  4.07325000e-08  7.79431087e-07 
 4.09245000e-08  1.94992725e+00  4.09245000e-08  7.94121131e-01  4.09245000e-08 -4.89453667e-05 
 4.09255000e-08  1.94992831e+00  4.09255000e-08  8.77449288e-01  4.09255000e-08 -1.00974659e-04 
 4.09265000e-08  1.94992866e+00  4.09265000e-08  9.59006795e-01  4.09265000e-08 -1.45297794e-04 
 4.09275000e-08  1.94992967e+00  4.09275000e-08  1.03866103e+00  4.09275000e-08 -1.73248402e-04 
 4.09285000e-08  1.94993000e+00  4.09285000e-08  1.11641539e+00  4.09285000e-08 -1.93354891e-04 
 4.09295000e-08  1.94993095e+00  4.09295000e-08  1.19237505e+00  4.09295000e-08 -2.07415151e-04 
 4.10445000e-08  1.94996489e+00  4.10445000e-08  1.94994222e+00  4.10445000e-08  9.03230265e-01 
 4.10455000e-08  1.94996513e+00  4.10455000e-08  1.94994834e+00  4.10455000e-08  9.63385355e-01 
 4.10465000e-08  1.94996519e+00  4.10465000e-08  1.94995443e+00  4.10465000e-08  1.02316666e+00 
 4.10475000e-08  1.94996542e+00  4.10475000e-08  1.94996013e+00  4.10475000e-08  1.08589801e+00 
 4.10485000e-08  1.94996548e+00  4.10485000e-08  1.94996064e+00  4.10485000e-08  1.15562523e+00 
 4.10495000e-08  1.94996570e+00  4.10495000e-08  1.94995639e+00  4.10495000e-08  1.22900927e+00 
 4.12635000e-08  1.14922818e+00  4.12635000e-08  1.94999954e+00  4.12635000e-08  1.94999873e+00 
 4.12645000e-08  1.09640196e+00  4.12645000e-08  1.94999949e+00  4.12645000e-08  1.94999634e+00 
 4.12655000e-08  1.04381671e+00  4.12655000e-08  1.94999954e+00  4.12655000e-08  1.94999794e+00 
 4.12665000e-08  9.91387112e-01  4.12665000e-08  1.94999950e+00  4.12665000e-08  1.94999651e+00 
 4.12675000e-08  9.39068752e-01  4.12675000e-08  1.94999955e+00  4.12675000e-08  1.94999878e+00 
 4.12685000e-08  8.86766869e-01  4.12685000e-08  1.94999951e+00  4.12685000e-08  1.94999651e+00 
 4.16355000e-08  8.12390503e-05  4.16355000e-08  1.17153552e+00  4.16355000e-08  1.94994109e+00 
 4.16365000e-08  7.99080589e-05  4.16365000e-08  1.11730968e+00  4.16365000e-08  1.94993597e+00 
 4.16375000e-08  7.85189499e-05  4.16375000e-08  1.06242305e+00  4.16375000e-08  1.94993481e+00 
 4.16385000e-08  7.72181389e-05  4.16385000e-08  1.00689242e+00  4.16385000e-08  1.94993853e+00 
 4.16395000e-08  7.58553168e-05  4.16395000e-08  9.50716525e-01  4.16395000e-08  1.94994913e+00 
 4.16405000e-08  7.46206349e-05  4.16405000e-08  8.93924590e-01  4.16405000e-08  1.94996622e+00 
 4.18495000e-08  9.32531655e-01  4.18495000e-08  4.90900741e-05  4.18495000e-08  1.94998434e+00 
 4.18505000e-08  9.69474865e-01  4.18505000e-08  4.69646503e-05  4.18505000e-08  1.94998488e+00 
 4.18515000e-08  1.00690991e+00  4.18515000e-08  4.66804277e-05  4.18515000e-08  1.94998521e+00 
 4.18525000e-08  1.04473645e+00  4.18525000e-08  4.46331096e-05  4.18525000e-08  1.94998572e+00 
 4.18535000e-08  1.08256205e+00  4.18535000e-08  4.43909632e-05  4.18535000e-08  1.94998603e+00 
 4.18545000e-08  1.12010632e+00  4.18545000e-08  4.24190088e-05  4.18545000e-08  1.94998651e+00 
 4.20000000e-08  1.94983876e+00  4.20000000e-08  1.42822325e-03  4.20000000e-08  1.94999861e+00 
