 time            v(b_out)        time            v(u_puf_u_core_sel_ro) time            v(q)           
 0.00000000e+00  4.68653885e-09  0.00000000e+00  2.46749735e-09  0.00000000e+00  2.46749746e-09 
 2.57850000e-09  9.42482678e-01  2.57850000e-09  2.99061120e-09  2.57850000e-09  2.46771475e-09 
 2.57950000e-09  9.78659909e-01  2.57950000e-09  2.95001806e-09  2.57950000e-09  2.46759496e-09 
 2.58050000e-09  1.01493639e+00  2.58050000e-09  2.81534190e-09  2.58050000e-09  2.46747833e-09 
 2.58150000e-09  1.05105752e+00  2.58150000e-09  2.83722201e-09  2.58150000e-09  2.46783183e-09 
 2.58250000e-09  1.08689132e+00  2.58250000e-09  3.01475561e-09  2.58250000e-09  2.46803672e-09 
 2.58350000e-09  1.12242310e+00  2.58350000e-09  3.15676507e-09  2.58350000e-09  2.46784382e-09 
 2.84550000e-09  1.94999937e+00  2.84550000e-09  7.98545744e-01  2.84550000e-09 -4.84732755e-05 
 2.84650000e-09  1.94999975e+00  2.84650000e-09  8.81460777e-01  2.84650000e-09 -1.00454384e-04 
 2.84750000e-09  1.94999944e+00  2.84750000e-09  9.62730381e-01  2.84750000e-09 -1.43303499e-04 
 2.84850000e-09  1.94999981e+00  2.84850000e-09  1.04221765e+00  2.84850000e-09 -1.71648426e-04 
 2.84950000e-09  1.94999950e+00  2.84950000e-09  1.11986391e+00  2.84950000e-09 -1.90688766e-04 
 2.85050000e-09  1.94999985e+00  2.85050000e-09  1.19580344e+00  2.85050000e-09 -2.06476866e-04 
 2.96550000e-09  1.95000007e+00  2.96550000e-09  1.94994184e+00  2.96550000e-09  8.95039770e-01 
 2.96650000e-09  1.95000020e+00  2.96650000e-09  1.94994889e+00  2.96650000e-09  9.55253611e-01 
 2.96750000e-09  1.95000008e+00  2.96750000e-09  1.94995503e+00  2.96750000e-09  1.01485920e+00 
 2.96850000e-09  1.95000006e+00  2.96850000e-09  1.94996102e+00  2.96850000e-09  1.07688919e+00 
 2.96950000e-09  1.94999981e+00  2.96950000e-09  1.94996446e+00  2.96950000e-09  1.14527792e+00 
 2.97050000e-09  1.94999970e+00  2.97050000e-09  1.94995916e+00  2.97050000e-09  1.21858901e+00 
 3.11450000e-09  1.14057365e+00  3.11450000e-09  1.94999978e+00  3.11450000e-09  1.94999043e+00 
 3.11550000e-09  1.08828308e+00  3.11550000e-09  1.94999964e+00  3.11550000e-09  1.94997956e+00 
 3.11650000e-09  1.03609763e+00  3.11650000e-09  1.94999985e+00  3.11650000e-09  1.94998594e+00 
 3.11750000e-09  9.83913849e-01  3.11750000e-09  1.94999971e+00  3.11750000e-09  1.94998033e+00 
 3.11850000e-09  9.31703976e-01  3.11850000e-09  1.94999990e+00  3.11850000e-09  1.94999051e+00 
 3.11950000e-09  8.79404447e-01  3.11950000e-09  1.94999971e+00  3.11950000e-09  1.94998030e+00 
 3.51150000e-09  1.92829951e-05  3.51150000e-09  1.14796287e+00  3.51150000e-09  1.94993838e+00 
 3.51250000e-09  1.91880844e-05  3.51250000e-09  1.09348054e+00  3.51250000e-09  1.94993506e+00 
 3.51350000e-09  1.91264763e-05  3.51350000e-09  1.03832487e+00  3.51350000e-09  1.94993553e+00 
 3.51450000e-09  1.91451042e-05  3.51450000e-09  9.82542973e-01  3.51450000e-09  1.94994246e+00 
 3.51550000e-09  1.91765731e-05  3.51550000e-09  9.26110089e-01  3.51550000e-09  1.94995553e+00 
 3.51650000e-09  1.92558677e-05  3.51650000e-09  8.69084095e-01  3.51650000e-09  1.94997612e+00 
 3.70050000e-09  9.45092411e-01  3.70050000e-09  9.08345570e-05  3.70050000e-09  1.94996798e+00 
 3.70150000e-09  9.82094229e-01  3.70150000e-09  8.89415901e-05  3.70150000e-09  1.94996924e+00 
 3.70250000e-09  1.01881929e+00  3.70250000e-09  8.63165770e-05  3.70250000e-09  1.94996980e+00 
 3.70350000e-09  1.05517840e+00  3.70350000e-09  8.45323696e-05  3.70350000e-09  1.94997099e+00 
 3.70450000e-09  1.09116091e+00  3.70450000e-09  8.20264039e-05  3.70450000e-09  1.94997151e+00 
 3.70550000e-09  1.12687323e+00  3.70550000e-09  8.03445691e-05  3.70550000e-09  1.94997264e+00 
 3.96650000e-09  1.94999989e+00  3.96650000e-09  8.14792409e-01  3.96650000e-09  1.95009065e+00 
 3.96750000e-09  1.94999980e+00  3.96750000e-09  8.97419083e-01  3.96750000e-09  1.94995984e+00 
 3.96850000e-09  1.94999991e+00  3.96850000e-09  9.78197743e-01  3.96850000e-09  1.94982537e+00 
 3.96950000e-09  1.94999982e+00  3.96950000e-09  1.05699662e+00  3.96950000e-09  1.94967227e+00 
 3.97050000e-09  1.94999993e+00  3.97050000e-09  1.13377193e+00  3.97050000e-09  1.94951397e+00 
 3.97150000e-09  1.94999984e+00  3.97150000e-09  1.20873628e+00  3.97150000e-09  1.94936981e+00 
 4.10050000e-09  1.95000256e+00  4.10050000e-09  1.94999695e+00  4.10050000e-09  1.15432138e+00 
 4.10150000e-09  1.95000362e+00  4.10150000e-09  1.95003092e+00  4.10150000e-09  1.09675694e+00 
 4.10250000e-09  1.95000542e+00  4.10250000e-09  1.95006035e+00  4.10250000e-09  1.03892559e+00 
 4.10350000e-09  1.95000779e+00  4.10350000e-09  1.95008359e+00  4.10350000e-09  9.80735086e-01 
 4.10450000e-09  1.95001136e+00  4.10450000e-09  1.95010025e+00  4.10450000e-09  9.21976551e-01 
 4.10550000e-09  1.95001274e+00  4.10550000e-09  1.95011067e+00  4.10550000e-09  8.62609049e-01 
 4.23650000e-09  1.14245036e+00  4.23650000e-09  1.94999957e+00  4.23650000e-09  3.07523865e-04 
 4.23750000e-09  1.09015507e+00  4.23750000e-09  1.94999975e+00  4.23750000e-09  2.94618378e-04 
 4.23850000e-09  1.03796835e+00  4.23850000e-09  1.94999957e+00  4.23850000e-09  2.88496265e-04 
 4.23950000e-09  9.85784576e-01  4.23950000e-09  1.94999982e+00  4.23950000e-09  2.76261808e-04 
 4.24050000e-09  9.33577250e-01  4.24050000e-09  1.94999959e+00  4.24050000e-09  2.70644995e-04 
 4.24150000e-09  8.81280485e-01  4.24150000e-09  1.94999977e+00  4.24150000e-09  2.59050198e-04 
 4.63350000e-09  1.92780183e-05  4.63350000e-09  1.14989859e+00  4.63350000e-09 -2.74696172e-06 
 4.63450000e-09  1.91878180e-05  4.63450000e-09  1.09543827e+00  4.63450000e-09 -1.87673086e-06 
 4.63550000e-09  1.91242281e-05  4.63550000e-09  1.04030298e+00  4.63550000e-09  3.70249134e-08 
 4.63650000e-09  1.91457443e-05  4.63650000e-09  9.84542987e-01  4.63650000e-09  2.02410605e-06 
 4.63750000e-09  1.91706932e-05  4.63750000e-09  9.28130430e-01  4.63750000e-09  4.64960323e-06 
 4.63850000e-09  1.92541419e-05  4.63850000e-09  8.71125992e-01  4.63850000e-09  7.29131066e-06 
 4.82250000e-09  9.43665358e-01  4.82250000e-09  1.03123757e-04  4.82250000e-09  2.28014529e-06 
 4.82350000e-09  9.80676348e-01  4.82350000e-09  1.00583195e-04  4.82350000e-09  2.44754282e-06 
 4.82450000e-09  1.01741387e+00  4.82450000e-09  9.79359603e-05  4.82450000e-09  2.15159353e-06 
 4.82550000e-09  1.05378770e+00  4.82550000e-09  9.55298518e-05  4.82550000e-09  2.31884658e-06 
 4.82650000e-09  1.08978300e+00  4.82650000e-09  9.30180885e-05  4.82650000e-09  2.03140785e-06 
 4.82750000e-09  1.12550275e+00  4.82750000e-09  9.07397762e-05  4.82750000e-09  2.19927564e-06 
 5.08850000e-09  1.94999986e+00  5.08850000e-09  8.09755634e-01  5.08850000e-09 -5.61163446e-05 
 5.08950000e-09  1.94999971e+00  5.08950000e-09  8.92467940e-01  5.08950000e-09 -1.08059350e-04 
 5.09050000e-09  1.94999988e+00  5.09050000e-09  9.73505538e-01  5.09050000e-09 -1.49926034e-04 
 5.09150000e-09  1.94999974e+00  5.09150000e-09  1.05275304e+00  5.09150000e-09 -1.75693146e-04 
 5.09250000e-09  1.94999991e+00  5.09250000e-09  1.13016493e+00  5.09250000e-09 -1.94593022e-04 
 5.09350000e-09  1.94999977e+00  5.09350000e-09  1.20589815e+00  5.09350000e-09 -2.11731274e-04 
 5.20750000e-09  1.94999999e+00  5.20750000e-09  1.94994328e+00  5.20750000e-09  8.53356094e-01 
 5.20850000e-09  1.95000011e+00  5.20850000e-09  1.94994834e+00  5.20850000e-09  9.14616322e-01 
 5.20950000e-09  1.95000014e+00  5.20950000e-09  1.94995495e+00  5.20950000e-09  9.74586167e-01 
 5.21050000e-09  1.95000022e+00  5.21050000e-09  1.94996010e+00  5.21050000e-09  1.03456861e+00 
 5.21150000e-09  1.95000014e+00  5.21150000e-09  1.94996710e+00  5.21150000e-09  1.09823433e+00 
 5.21250000e-09  1.95000009e+00  5.21250000e-09  1.94996323e+00  5.21250000e-09  1.16943572e+00 
 5.35850000e-09  1.14456881e+00  5.35850000e-09  1.94999969e+00  5.35850000e-09  1.94999438e+00 
 5.35950000e-09  1.09226839e+00  5.35950000e-09  1.94999982e+00  5.35950000e-09  1.94999221e+00 
 5.36050000e-09  1.04007986e+00  5.36050000e-09  1.94999971e+00  5.36050000e-09  1.94999500e+00 
 5.36150000e-09  9.87896236e-01  5.36150000e-09  1.94999988e+00  5.36150000e-09  1.94999290e+00 
 5.36250000e-09  9.35691469e-01  5.36250000e-09  1.94999972e+00  5.36250000e-09  1.94999555e+00 
 5.36350000e-09  8.83398004e-01  5.36350000e-09  1.94999985e+00  5.36350000e-09  1.94999349e+00 
 5.75550000e-09  1.92818465e-05  5.75550000e-09  1.15215654e+00  5.75550000e-09  1.94993903e+00 
 5.75650000e-09  1.91933147e-05  5.75650000e-09  1.09772671e+00  5.75650000e-09  1.94993497e+00 
 5.75750000e-09  1.91239353e-05  5.75750000e-09  1.04261967e+00  5.75750000e-09  1.94993552e+00 
 5.75850000e-09  1.91464662e-05  5.75850000e-09  9.86889087e-01  5.75850000e-09  1.94994148e+00 
 5.75950000e-09  1.91671520e-05  5.75950000e-09  9.30502957e-01  5.75950000e-09  1.94995449e+00 
 5.76050000e-09  1.92520017e-05  5.76050000e-09  8.73524847e-01  5.76050000e-09  1.94997407e+00 
 5.94450000e-09  9.42136734e-01  5.94450000e-09  9.08908619e-05  5.94450000e-09  1.94996784e+00 
 5.94550000e-09  9.79160115e-01  5.94550000e-09  8.92426878e-05  5.94550000e-09  1.94996924e+00 
 5.94650000e-09  1.01591276e+00  5.94650000e-09  8.63663530e-05  5.94650000e-09  1.94996966e+00 
 5.94750000e-09  1.05230973e+00  5.94750000e-09  8.48223269e-05  5.94750000e-09  1.94997100e+00 
 5.94850000e-09  1.08832634e+00  5.94850000e-09  8.20698982e-05  5.94850000e-09  1.94997137e+00 
 5.94950000e-09  1.12405363e+00  5.94950000e-09  8.06242288e-05  5.94950000e-09  1.94997266e+00 
 6.21050000e-09  1.94999980e+00  6.21050000e-09  8.08193654e-01  6.21050000e-09  1.95009977e+00 
 6.21150000e-09  1.94999960e+00  6.21150000e-09  8.90952406e-01  6.21150000e-09  1.94996963e+00 
 6.21250000e-09  1.94999984e+00  6.21250000e-09  9.71883479e-01  6.21250000e-09  1.94983671e+00 
 6.21350000e-09  1.94999964e+00  6.21350000e-09  1.05084129e+00  6.21350000e-09  1.94968503e+00 
 6.21450000e-09  1.94999987e+00  6.21450000e-09  1.12777232e+00  6.21450000e-09  1.94952642e+00 
 6.21550000e-09  1.94999965e+00  6.21550000e-09  1.20285086e+00  6.21550000e-09  1.94938256e+00 
 6.34450000e-09  1.95000249e+00  6.34450000e-09  1.94999453e+00  6.34450000e-09  1.15897290e+00 
 6.34550000e-09  1.95000347e+00  6.34550000e-09  1.95002831e+00  6.34550000e-09  1.10141603e+00 
 6.34650000e-09  1.95000525e+00  6.34650000e-09  1.95005809e+00  6.34650000e-09  1.04361357e+00 
 6.34750000e-09  1.95000746e+00  6.34750000e-09  1.95008199e+00  6.34750000e-09  9.85457065e-01 
 6.34850000e-09  1.95001118e+00  6.34850000e-09  1.95009906e+00  6.34850000e-09  9.26749840e-01 
 6.34950000e-09  1.95001267e+00  6.34950000e-09  1.95011008e+00  6.34950000e-09  8.67433723e-01 
 6.48050000e-09  1.14662420e+00  6.48050000e-09  1.94999963e+00  6.48050000e-09  3.08213624e-04 
 6.48150000e-09  1.09432083e+00  6.48150000e-09  1.94999987e+00  6.48150000e-09  2.95457679e-04 
 6.48250000e-09  1.04212952e+00  6.48250000e-09  1.94999959e+00  6.48250000e-09  2.89133664e-04 
 6.48350000e-09  9.89947840e-01  6.48350000e-09  1.94999983e+00  6.48350000e-09  2.77061246e-04 
 6.48450000e-09  9.37744643e-01  6.48450000e-09  1.94999955e+00  6.48450000e-09  2.71221666e-04 
 6.48550000e-09  8.85456013e-01  6.48550000e-09  1.94999979e+00  6.48550000e-09  2.59794929e-04 
 6.87750000e-09  1.92953816e-05  6.87750000e-09  1.15432792e+00  6.87750000e-09 -2.70822651e-06 
 6.87850000e-09  1.92051623e-05  6.87850000e-09  1.09992166e+00  6.87850000e-09 -2.07270633e-06 
 6.87950000e-09  1.91287430e-05  6.87950000e-09  1.04483901e+00  6.87950000e-09 -4.85115150e-08 
 6.88050000e-09  1.91508351e-05  6.88050000e-09  9.89131924e-01  6.88050000e-09  1.75772819e-06 
 6.88150000e-09  1.91705972e-05  6.88150000e-09  9.32769899e-01  6.88150000e-09  4.49683614e-06 
 6.88250000e-09  1.92541098e-05  6.88250000e-09  8.75814891e-01  6.88250000e-09  6.99940856e-06 
 7.06650000e-09  9.41466127e-01  7.06650000e-09  1.03232509e-04  7.06650000e-09  2.15341753e-06 
 7.06750000e-09  9.78493594e-01  7.06750000e-09  1.00903476e-04  7.06750000e-09  2.58452699e-06 
 7.06850000e-09  1.01525188e+00  7.06850000e-09  9.80356631e-05  7.06850000e-09  2.02541015e-06 
 7.06950000e-09  1.05165582e+00  7.06950000e-09  9.58375870e-05  7.06950000e-09  2.45479574e-06 
 7.07050000e-09  1.08767861e+00  7.07050000e-09  9.31098720e-05  7.07050000e-09  1.90617008e-06 
 7.07150000e-09  1.12340963e+00  7.07150000e-09  9.10351943e-05  7.07150000e-09  2.33385805e-06 
 7.33250000e-09  1.94999987e+00  7.33250000e-09  8.04714116e-01  7.33250000e-09 -5.29840230e-05 
 7.33350000e-09  1.94999963e+00  7.33350000e-09  8.87516190e-01  7.33350000e-09 -1.05157215e-04 
 7.33450000e-09  1.94999989e+00  7.33450000e-09  9.68658151e-01  7.33450000e-09 -1.47758025e-04 
 7.33550000e-09  1.94999967e+00  7.33550000e-09  1.04801467e+00  7.33550000e-09 -1.74444321e-04 
 7.33650000e-09  1.94999992e+00  7.33650000e-09  1.12553406e+00  7.33650000e-09 -1.93713717e-04 
 7.33750000e-09  1.94999971e+00  7.33750000e-09  1.20136355e+00  7.33750000e-09 -2.10092361e-04 
 7.45150000e-09  1.94999995e+00  7.45150000e-09  1.94994314e+00  7.45150000e-09  8.49515321e-01 
 7.45250000e-09  1.95000010e+00  7.45250000e-09  1.94994797e+00  7.45250000e-09  9.10873521e-01 
 7.45350000e-09  1.95000010e+00  7.45350000e-09  1.94995459e+00  7.45350000e-09  9.70898457e-01 
 7.45450000e-09  1.95000021e+00  7.45450000e-09  1.94995983e+00  7.45450000e-09  1.03079587e+00 
 7.45550000e-09  1.95000011e+00  7.45550000e-09  1.94996660e+00  7.45550000e-09  1.09413147e+00 
 7.45650000e-09  1.95000009e+00  7.45650000e-09  1.94996386e+00  7.45650000e-09  1.16487539e+00 
 7.60250000e-09  1.14701281e+00  7.60250000e-09  1.94999969e+00  7.60250000e-09  1.94999343e+00 
 7.60350000e-09  1.09470802e+00  7.60350000e-09  1.94999981e+00  7.60350000e-09  1.94999327e+00 
 7.60450000e-09  1.04251537e+00  7.60450000e-09  1.94999972e+00  7.60450000e-09  1.94999406e+00 
 7.60550000e-09  9.90333642e-01  7.60550000e-09  1.94999988e+00  7.60550000e-09  1.94999389e+00 
 7.60650000e-09  9.38130152e-01  7.60650000e-09  1.94999973e+00  7.60650000e-09  1.94999455e+00 
 7.60750000e-09  8.85841595e-01  7.60750000e-09  1.94999985e+00  7.60750000e-09  1.94999438e+00 
 7.99950000e-09  1.92847913e-05  7.99950000e-09  1.15472676e+00  7.99950000e-09  1.94993930e+00 
 8.00050000e-09  1.91986435e-05  8.00050000e-09  1.10032744e+00  8.00050000e-09  1.94993507e+00 
 8.00150000e-09  1.91237175e-05  8.00150000e-09  1.04525197e+00  8.00150000e-09  1.94993539e+00 
 8.00250000e-09  1.91471172e-05  8.00250000e-09  9.89551352e-01  8.00250000e-09  1.94994103e+00 
 8.00350000e-09  1.91643224e-05  8.00350000e-09  9.33195493e-01  8.00350000e-09  1.94995373e+00 
 8.00450000e-09  1.92495103e-05  8.00450000e-09  8.76245451e-01  8.00450000e-09  1.94997298e+00 
 8.18850000e-09  9.40482775e-01  8.18850000e-09  9.09315231e-05  8.18850000e-09  1.94996783e+00 
 8.18950000e-09  9.77516213e-01  8.18950000e-09  8.94087798e-05  8.18950000e-09  1.94996916e+00 
 8.19050000e-09  1.01428276e+00  8.19050000e-09  8.64031742e-05  8.19050000e-09  1.94996965e+00 
 8.19150000e-09  1.05069691e+00  8.19150000e-09  8.49818156e-05  8.19150000e-09  1.94997093e+00 
 8.19250000e-09  1.08672883e+00  8.19250000e-09  8.21031533e-05  8.19250000e-09  1.94997136e+00 
 8.19350000e-09  1.12246548e+00  8.19350000e-09  8.07774263e-05  8.19350000e-09  1.94997259e+00 
 8.45450000e-09  1.94999977e+00  8.45450000e-09  8.04464078e-01  8.45450000e-09  1.95010476e+00 
 8.45550000e-09  1.94999952e+00  8.45550000e-09  8.87294611e-01  8.45550000e-09  1.94997505e+00 
 8.45650000e-09  1.94999982e+00  8.45650000e-09  9.68310060e-01  8.45650000e-09  1.94984312e+00 
 8.45750000e-09  1.94999957e+00  8.45750000e-09  1.04735666e+00  8.45750000e-09  1.94969219e+00 
 8.45850000e-09  1.94999986e+00  8.45850000e-09  1.12437558e+00  8.45850000e-09  1.94953346e+00 
 8.45950000e-09  1.94999958e+00  8.45950000e-09  1.19952935e+00  8.45950000e-09  1.94938931e+00 
 8.58850000e-09  1.95000244e+00  8.58850000e-09  1.94999317e+00  8.58850000e-09  1.16160894e+00 
 8.58950000e-09  1.95000337e+00  8.58950000e-09  1.95002681e+00  8.58950000e-09  1.10405588e+00 
 8.59050000e-09  1.95000515e+00  8.59050000e-09  1.95005680e+00  8.59050000e-09  1.04626931e+00 
 8.59150000e-09  1.95000728e+00  8.59150000e-09  1.95008107e+00  8.59150000e-09  9.88131670e-01 
 8.59250000e-09  1.95001106e+00  8.59250000e-09  1.95009839e+00  8.59250000e-09  9.29453269e-01 
 8.59350000e-09  1.95001262e+00  8.59350000e-09  1.95010973e+00  8.59350000e-09  8.70166116e-01 
 8.72450000e-09  1.14872734e+00  8.72450000e-09  1.94999991e+00  8.72450000e-09  3.08731076e-04 
 8.72550000e-09  1.09642055e+00  8.72550000e-09  1.95000018e+00  8.72550000e-09  2.95885556e-04 
 8.72650000e-09  1.04422602e+00  8.72650000e-09  1.94999991e+00  8.72650000e-09  2.89615738e-04 
 8.72750000e-09  9.92045886e-01  8.72750000e-09  1.95000018e+00  8.72750000e-09  2.77462927e-04 
 8.72850000e-09  9.39844052e-01  8.72850000e-09  1.94999991e+00  8.72850000e-09  2.71670902e-04 
 8.72950000e-09  8.87560074e-01  8.72950000e-09  1.95000017e+00  8.72950000e-09  2.60172537e-04 
 9.12150000e-09  1.92874925e-05  9.12150000e-09  1.15645784e+00  9.12150000e-09 -2.69188064e-06 
 9.12250000e-09  1.92032616e-05  9.12250000e-09  1.10207635e+00  9.12250000e-09 -2.16192097e-06 
 9.12350000e-09  1.91234968e-05  9.12350000e-09  1.04702043e+00  9.12350000e-09 -9.13138135e-08 
 9.12450000e-09  1.91486662e-05  9.12450000e-09  9.91337726e-01  9.12450000e-09  1.63660632e-06 
 9.12550000e-09  1.91634133e-05  9.12550000e-09  9.35001306e-01  9.12550000e-09  4.42783036e-06 
 9.12650000e-09  1.92502154e-05  9.12650000e-09  8.78069158e-01  9.12650000e-09  6.86795173e-06 
 9.31050000e-09  9.39449819e-01  9.31050000e-09  1.03290421e-04  9.31050000e-09  2.09347908e-06 
 9.31150000e-09  9.76489431e-01  9.31150000e-09  1.01053257e-04  9.31150000e-09  2.64968813e-06 
 9.31250000e-09  1.01326457e+00  9.31250000e-09  9.80890435e-05  9.31250000e-09  1.96568903e-06 
 9.31350000e-09  1.04968942e+00  9.31350000e-09  9.59808242e-05  9.31350000e-09  2.51921086e-06 
 9.31450000e-09  1.08573099e+00  9.31450000e-09  9.31592302e-05  9.31450000e-09  1.84679565e-06 
 9.31550000e-09  1.12147367e+00  9.31550000e-09  9.11725391e-05  9.31550000e-09  2.39774581e-06 
 9.57650000e-09  1.94999969e+00  9.57650000e-09  8.00294157e-01  9.57650000e-09 -4.92710736e-05 
 9.57750000e-09  1.94999940e+00  9.57750000e-09  8.83176683e-01  9.57750000e-09 -1.02436330e-04 
 9.57850000e-09  1.94999975e+00  9.57850000e-09  9.64410366e-01  9.57850000e-09 -1.45751605e-04 
 9.57950000e-09  1.94999947e+00  9.57950000e-09  1.04386275e+00  9.57950000e-09 -1.73316093e-04 
 9.58050000e-09  1.94999981e+00  9.58050000e-09  1.12147696e+00  9.58050000e-09 -1.92916478e-04 
 9.58150000e-09  1.94999952e+00  9.58150000e-09  1.19739143e+00  9.58150000e-09 -2.08723119e-04 
 9.69550000e-09  1.94999989e+00  9.69550000e-09  1.94994300e+00  9.69550000e-09  8.46166668e-01 
 9.69650000e-09  1.95000006e+00  9.69650000e-09  1.94994761e+00  9.69650000e-09  9.07616727e-01 
 9.69750000e-09  1.95000004e+00  9.69750000e-09  1.94995428e+00  9.69750000e-09  9.67696081e-01 
 9.69850000e-09  1.95000019e+00  9.69850000e-09  1.94995957e+00  9.69850000e-09  1.02753638e+00 
 9.69950000e-09  1.95000007e+00  9.69950000e-09  1.94996614e+00  9.69950000e-09  1.09060425e+00 
 9.70050000e-09  1.95000008e+00  9.70050000e-09  1.94996444e+00  9.70050000e-09  1.16092742e+00 
 9.84650000e-09  1.15008591e+00  9.84650000e-09  1.94999974e+00  9.84650000e-09  1.94999249e+00 
 9.84750000e-09  1.09777538e+00  9.84750000e-09  1.94999985e+00  9.84750000e-09  1.94999412e+00 
 9.84850000e-09  1.04557737e+00  9.84850000e-09  1.94999975e+00  9.84850000e-09  1.94999314e+00 
 9.84950000e-09  9.93396614e-01  9.84950000e-09  1.94999990e+00  9.84950000e-09  1.94999472e+00 
 9.85050000e-09  9.41194936e-01  9.85050000e-09  1.94999977e+00  9.85050000e-09  1.94999375e+00 
 9.85150000e-09  8.88912590e-01  9.85150000e-09  1.94999988e+00  9.85150000e-09  1.94999528e+00 
 1.02435000e-08  1.92900378e-05  1.02435000e-08  1.15795119e+00  1.02435000e-08  1.94993962e+00 
 1.02445000e-08  1.92076653e-05  1.02445000e-08  1.10358939e+00  1.02445000e-08  1.94993520e+00 
 1.02455000e-08  1.91215441e-05  1.02455000e-08  1.04855440e+00  1.02455000e-08  1.94993523e+00 
 1.02465000e-08  1.91477463e-05  1.02465000e-08  9.92890735e-01  1.02465000e-08  1.94994050e+00 
 1.02475000e-08  1.91622845e-05  1.02475000e-08  9.36573678e-01  1.02475000e-08  1.94995280e+00 
 1.02485000e-08  1.92516507e-05  1.02485000e-08  8.79658331e-01  1.02485000e-08  1.94997163e+00 
 1.04325000e-08  9.37947133e-01  1.04325000e-08  9.09923606e-05  1.04325000e-08  1.94996782e+00 
 1.04335000e-08  9.74995603e-01  1.04335000e-08  8.96209444e-05  1.04335000e-08  1.94996906e+00 
 1.04345000e-08  1.01178350e+00  1.04345000e-08  8.64588479e-05  1.04345000e-08  1.94996964e+00 
 1.04355000e-08  1.04822375e+00  1.04355000e-08  8.51853763e-05  1.04355000e-08  1.94997083e+00 
 1.04365000e-08  1.08427978e+00  1.04365000e-08  8.21540157e-05  1.04365000e-08  1.94997136e+00 
 1.04375000e-08  1.12003139e+00  1.04375000e-08  8.09727920e-05  1.04375000e-08  1.94997249e+00 
 1.06985000e-08  1.94999976e+00  1.06985000e-08  7.98853338e-01  1.06985000e-08  1.95011205e+00 
 1.06995000e-08  1.94999940e+00  1.06995000e-08  8.81792120e-01  1.06995000e-08  1.94998310e+00 
 1.07005000e-08  1.94999981e+00  1.07005000e-08  9.62934899e-01  1.07005000e-08  1.94985271e+00 
 1.07015000e-08  1.94999947e+00  1.07015000e-08  1.04211546e+00  1.07015000e-08  1.94970294e+00 
 1.07025000e-08  1.94999986e+00  1.07025000e-08  1.11926752e+00  1.07025000e-08  1.94954410e+00 
 1.07035000e-08  1.94999952e+00  1.07035000e-08  1.19455164e+00  1.07035000e-08  1.94939918e+00 
 1.08325000e-08  1.95000238e+00  1.08325000e-08  1.94999120e+00  1.08325000e-08  1.16542596e+00 
 1.08335000e-08  1.95000324e+00  1.08335000e-08  1.95002478e+00  1.08335000e-08  1.10787764e+00 
 1.08345000e-08  1.95000501e+00  1.08345000e-08  1.95005510e+00  1.08345000e-08  1.05011320e+00 
 1.08355000e-08  1.95000709e+00  1.08355000e-08  1.95007969e+00  1.08355000e-08  9.92002426e-01 
 1.08365000e-08  1.95001081e+00  1.08365000e-08  1.95009732e+00  1.08365000e-08  9.33366135e-01 
 1.08375000e-08  1.95001253e+00  1.08375000e-08  1.95010910e+00  1.08375000e-08  8.74121948e-01 
 1.09685000e-08  1.15237123e+00  1.09685000e-08  1.94999992e+00  1.09685000e-08  3.08728842e-04 
 1.09695000e-08  1.10005776e+00  1.09695000e-08  1.95000018e+00  1.09695000e-08  2.97162808e-04 
 1.09705000e-08  1.04785693e+00  1.09705000e-08  1.94999991e+00  1.09705000e-08  2.89583540e-04 
 1.09715000e-08  9.95677984e-01  1.09715000e-08  1.95000018e+00  1.09715000e-08  2.78691763e-04 
 1.09725000e-08  9.43479198e-01  1.09725000e-08  1.94999991e+00  1.09725000e-08  2.71610989e-04 
 1.09735000e-08  8.91202100e-01  1.09735000e-08  1.95000017e+00  1.09735000e-08  2.61355397e-04 
 1.13655000e-08  1.92916591e-05  1.13655000e-08  1.16027194e+00  1.13655000e-08 -2.66227518e-06 
 1.13665000e-08  1.92142120e-05  1.13665000e-08  1.10593485e+00  1.13665000e-08 -2.31664672e-06 
 1.13675000e-08  1.91215296e-05  1.13675000e-08  1.05092683e+00  1.13675000e-08 -1.68792491e-07 
 1.13685000e-08  1.91526122e-05  1.13685000e-08  9.95287856e-01  1.13685000e-08  1.42231130e-06 
 1.13695000e-08  1.91641080e-05  1.13695000e-08  9.38997364e-01  1.13695000e-08  4.30124089e-06 
 1.13705000e-08  1.92590483e-05  1.13705000e-08  8.82106274e-01  1.13705000e-08  6.63586122e-06 
 1.15545000e-08  9.37615910e-01  1.15545000e-08  1.03404858e-04  1.15545000e-08  1.99488933e-06 
 1.15555000e-08  9.74666294e-01  1.15555000e-08  1.01316195e-04  1.15555000e-08  2.75749503e-06 
 1.15565000e-08  1.01145693e+00  1.15565000e-08  9.81953688e-05  1.15565000e-08  1.86771154e-06 
 1.15575000e-08  1.04790058e+00  1.15575000e-08  9.62320967e-05  1.15575000e-08  2.62564164e-06 
 1.15585000e-08  1.08395978e+00  1.15585000e-08  9.32575510e-05  1.15585000e-08  1.72795106e-06 
 1.15595000e-08  1.11971340e+00  1.15595000e-08  9.14125221e-05  1.15595000e-08  2.48138069e-06 
 1.18205000e-08  1.94999995e+00  1.18205000e-08  7.96197976e-01  1.18205000e-08 -4.77806850e-05 
 1.18215000e-08  1.94999957e+00  1.18215000e-08  8.79150214e-01  1.18215000e-08 -1.00183378e-04 
 1.18225000e-08  1.94999998e+00  1.18225000e-08  9.60466871e-01  1.18225000e-08 -1.43940501e-04 
 1.18235000e-08  1.94999961e+00  1.18235000e-08  1.04000688e+00  1.18235000e-08 -1.72262939e-04 
 1.18245000e-08  1.95000000e+00  1.18245000e-08  1.11770852e+00  1.18245000e-08 -1.92202206e-04 
 1.18255000e-08  1.94999964e+00  1.18255000e-08  1.19370164e+00  1.18255000e-08 -2.07561546e-04 
 1.19405000e-08  1.95000004e+00  1.19405000e-08  1.94994728e+00  1.19405000e-08  9.04638020e-01 
 1.19415000e-08  1.94999999e+00  1.19415000e-08  1.94995400e+00  1.19415000e-08  9.64766828e-01 
 1.19425000e-08  1.95000018e+00  1.19425000e-08  1.94995931e+00  1.19425000e-08  1.02456366e+00 
 1.19435000e-08  1.95000003e+00  1.19435000e-08  1.94996570e+00  1.19435000e-08  1.08739829e+00 
 1.19445000e-08  1.95000008e+00  1.19445000e-08  1.94996498e+00  1.19445000e-08  1.15731828e+00 
 1.19455000e-08  1.94999981e+00  1.19455000e-08  1.94996162e+00  1.19455000e-08  1.23068135e+00 
 1.20905000e-08  1.15293091e+00  1.20905000e-08  1.94999973e+00  1.20905000e-08  1.94999177e+00 
 1.20915000e-08  1.10061505e+00  1.20915000e-08  1.94999988e+00  1.20915000e-08  1.94999500e+00 
 1.20925000e-08  1.04841199e+00  1.20925000e-08  1.94999974e+00  1.20925000e-08  1.94999242e+00 
 1.20935000e-08  9.96232035e-01  1.20935000e-08  1.94999985e+00  1.20935000e-08  1.94999558e+00 
 1.20945000e-08  9.44032624e-01  1.20945000e-08  1.94999976e+00  1.20945000e-08  1.94999306e+00 
 1.20955000e-08  8.91755575e-01  1.20955000e-08  1.94999990e+00  1.20955000e-08  1.94999612e+00 
 1.24875000e-08  1.92939707e-05  1.24875000e-08  1.16090731e+00  1.24875000e-08  1.94993994e+00 
 1.24885000e-08  1.92164638e-05  1.24885000e-08  1.10657990e+00  1.24885000e-08  1.94993534e+00 
 1.24895000e-08  1.91196422e-05  1.24895000e-08  1.05158201e+00  1.24895000e-08  1.94993512e+00 
 1.24905000e-08  1.91496949e-05  1.24905000e-08  9.95952246e-01  1.24905000e-08  1.94994002e+00 
 1.24915000e-08  1.91560722e-05  1.24915000e-08  9.39670812e-01  1.24915000e-08  1.94995197e+00 
 1.24925000e-08  1.92494410e-05  1.24925000e-08  8.82787336e-01  1.24925000e-08  1.94997041e+00 
 1.26765000e-08  9.36025903e-01  1.26765000e-08  9.10478772e-05  1.26765000e-08  1.94996781e+00 
 1.26775000e-08  9.73085293e-01  1.26775000e-08  8.98167078e-05  1.26775000e-08  1.94996897e+00 
 1.26785000e-08  1.00988895e+00  1.26785000e-08  8.65096191e-05  1.26785000e-08  1.94996964e+00 
 1.26795000e-08  1.04634881e+00  1.26795000e-08  8.53732188e-05  1.26795000e-08  1.94997074e+00 
 1.26805000e-08  1.08242330e+00  1.26805000e-08  8.22003650e-05  1.26805000e-08  1.94997136e+00 
 1.26815000e-08  1.11818673e+00  1.26815000e-08  8.11527996e-05  1.26815000e-08  1.94997241e+00 
 1.29425000e-08  1.94999959e+00  1.29425000e-08  7.94602617e-01  1.29425000e-08  1.95011742e+00 
 1.29435000e-08  1.94999917e+00  1.29435000e-08  8.77625106e-01  1.29435000e-08  1.94998913e+00 
 1.29445000e-08  1.94999968e+00  1.29445000e-08  9.58865682e-01  1.29445000e-08  1.94985995e+00 
 1.29455000e-08  1.94999926e+00  1.29455000e-08  1.03814872e+00  1.29455000e-08  1.94971107e+00 
 1.29465000e-08  1.94999975e+00  1.29465000e-08  1.11540278e+00  1.29465000e-08  1.94955221e+00 
 1.29475000e-08  1.94999934e+00  1.29475000e-08  1.19077463e+00  1.29475000e-08  1.94940662e+00 
 1.30765000e-08  1.95000234e+00  1.30765000e-08  1.94998991e+00  1.30765000e-08  1.16830617e+00 
 1.30775000e-08  1.95000315e+00  1.30775000e-08  1.95002314e+00  1.30775000e-08  1.11076178e+00 
 1.30785000e-08  1.95000491e+00  1.30785000e-08  1.95005359e+00  1.30785000e-08  1.05301473e+00 
 1.30795000e-08  1.95000695e+00  1.30795000e-08  1.95007852e+00  1.30795000e-08  9.94925063e-01 
 1.30805000e-08  1.95001062e+00  1.30805000e-08  1.95009643e+00  1.30805000e-08  9.36321316e-01 
 1.30815000e-08  1.95001246e+00  1.30815000e-08  1.95010858e+00  1.30815000e-08  8.77110333e-01 
 1.32125000e-08  1.15506139e+00  1.32125000e-08  1.94999992e+00  1.32125000e-08  3.08692076e-04 
 1.32135000e-08  1.10274286e+00  1.32135000e-08  1.95000018e+00  1.32135000e-08  2.98215964e-04 
 1.32145000e-08  1.05053719e+00  1.32145000e-08  1.94999992e+00  1.32145000e-08  2.89524025e-04 
 1.32155000e-08  9.98358935e-01  1.32155000e-08  1.95000017e+00  1.32155000e-08  2.79705160e-04 
 1.32165000e-08  9.46162233e-01  1.32165000e-08  1.94999992e+00  1.32165000e-08  2.71530482e-04 
 1.32175000e-08  8.93890140e-01  1.32175000e-08  1.95000017e+00  1.32175000e-08  2.62331021e-04 
 1.36095000e-08  1.92954982e-05  1.36095000e-08  1.16308643e+00  1.36095000e-08 -2.63986284e-06 
 1.36105000e-08  1.92223711e-05  1.36105000e-08  1.10878210e+00  1.36105000e-08 -2.42556908e-06 
 1.36115000e-08  1.91188240e-05  1.36115000e-08  1.05380942e+00  1.36115000e-08 -2.25501996e-07 
 1.36125000e-08  1.91533427e-05  1.36125000e-08  9.98202742e-01  1.36125000e-08  1.26733109e-06 
 1.36135000e-08  1.91550190e-05  1.36135000e-08  9.41946187e-01  1.36135000e-08  4.20679611e-06 
 1.36145000e-08  1.92520083e-05  1.36145000e-08  8.85085471e-01  1.36145000e-08  6.46326845e-06 
 1.37985000e-08  9.35562049e-01  1.37985000e-08  1.03467936e-04  1.37985000e-08  1.89230506e-06 
 1.37995000e-08  9.72623978e-01  1.37995000e-08  1.01521153e-04  1.37995000e-08  2.81158251e-06 
 1.38005000e-08  1.00943136e+00  1.38005000e-08  9.82543117e-05  1.38005000e-08  1.81581080e-06 
 1.38015000e-08  1.04589590e+00  1.38015000e-08  9.64294081e-05  1.38015000e-08  2.73569380e-06 
 1.38025000e-08  1.08197485e+00  1.38025000e-08  9.33108124e-05  1.38025000e-08  1.67278484e-06 
 1.38035000e-08  1.11774118e+00  1.38035000e-08  9.16016933e-05  1.38035000e-08  2.57783222e-06 
 1.40645000e-08  1.94999963e+00  1.40645000e-08  7.91622262e-01  1.40645000e-08 -4.44341648e-05 
 1.40655000e-08  1.94999919e+00  1.40655000e-08  8.74658203e-01  1.40655000e-08 -9.73690735e-05 
 1.40665000e-08  1.94999971e+00  1.40665000e-08  9.56072068e-01  1.40665000e-08 -1.41837863e-04 
 1.40675000e-08  1.94999927e+00  1.40675000e-08  1.03571254e+00  1.40675000e-08 -1.71042666e-04 
 1.40685000e-08  1.94999978e+00  1.40685000e-08  1.11351432e+00  1.40685000e-08 -1.91330868e-04 
 1.40695000e-08  1.94999935e+00  1.40695000e-08  1.18959659e+00  1.40695000e-08 -2.06367915e-04 
 1.41845000e-08  1.95000004e+00  1.41845000e-08  1.94994694e+00  1.41845000e-08  9.01318999e-01 
 1.41855000e-08  1.94999996e+00  1.41855000e-08  1.94995367e+00  1.41855000e-08  9.61505488e-01 
 1.41865000e-08  1.95000018e+00  1.41865000e-08  1.94995903e+00  1.41865000e-08  1.02126407e+00 
 1.41875000e-08  1.95000001e+00  1.41875000e-08  1.94996517e+00  1.41875000e-08  1.08385310e+00 
 1.41885000e-08  1.95000009e+00  1.41885000e-08  1.94996562e+00  1.41885000e-08  1.15330826e+00 
 1.41895000e-08  1.94999979e+00  1.41895000e-08  1.94996151e+00  1.41895000e-08  1.22671126e+00 
 1.43345000e-08  1.15557310e+00  1.43345000e-08  1.94999976e+00  1.43345000e-08  1.94998752e+00 
 1.43355000e-08  1.10325225e+00  1.43355000e-08  1.94999985e+00  1.43355000e-08  1.94999326e+00 
 1.43365000e-08  1.05104441e+00  1.43365000e-08  1.94999977e+00  1.43365000e-08  1.94998939e+00 
 1.43375000e-08  9.98865103e-01  1.43375000e-08  1.94999990e+00  1.43375000e-08  1.94999472e+00 
 1.43385000e-08  9.46667714e-01  1.43385000e-08  1.94999978e+00  1.43385000e-08  1.94998851e+00 
 1.43395000e-08  8.94395566e-01  1.43395000e-08  1.94999988e+00  1.43395000e-08  1.94999173e+00 
 1.47315000e-08  1.92977979e-05  1.47315000e-08  1.16371514e+00  1.47315000e-08  1.94994024e+00 
 1.47325000e-08  1.92252219e-05  1.47325000e-08  1.10942041e+00  1.47325000e-08  1.94993548e+00 
 1.47335000e-08  1.91182558e-05  1.47335000e-08  1.05445778e+00  1.47335000e-08  1.94993502e+00 
 1.47345000e-08  1.91521559e-05  1.47345000e-08  9.98860271e-01  1.47345000e-08  1.94993959e+00 
 1.47355000e-08  1.91506063e-05  1.47355000e-08  9.42612726e-01  1.47355000e-08  1.94995120e+00 
 1.47365000e-08  1.92481509e-05  1.47365000e-08  8.85759617e-01  1.47365000e-08  1.94996926e+00 
 1.49205000e-08  9.34203450e-01  1.49205000e-08  9.11034966e-05  1.49205000e-08  1.94996781e+00 
 1.49215000e-08  9.71272942e-01  1.49215000e-08  9.00002016e-05  1.49215000e-08  1.94996888e+00 
 1.49225000e-08  1.00809128e+00  1.49225000e-08  8.65606851e-05  1.49225000e-08  1.94996963e+00 
 1.49235000e-08  1.04456962e+00  1.49235000e-08  8.55492150e-05  1.49235000e-08  1.94997065e+00 
 1.49245000e-08  1.08066178e+00  1.49245000e-08  8.22471822e-05  1.49245000e-08  1.94997136e+00 
 1.49255000e-08  1.11643686e+00  1.49255000e-08  8.13216613e-05  1.49255000e-08  1.94997232e+00 
 1.51865000e-08  1.94999958e+00  1.51865000e-08  7.90419540e-01  1.51865000e-08  1.95012253e+00 
 1.51875000e-08  1.94999909e+00  1.51875000e-08  8.73521976e-01  1.51875000e-08  1.94999498e+00 
 1.51885000e-08  1.94999967e+00  1.51885000e-08  9.54857322e-01  1.51885000e-08  1.94986705e+00 
 1.51895000e-08  1.94999919e+00  1.51895000e-08  1.03424034e+00  1.51895000e-08  1.94971904e+00 
 1.51905000e-08  1.94999975e+00  1.51905000e-08  1.11159460e+00  1.51905000e-08  1.94956017e+00 
 1.51915000e-08  1.94999927e+00  1.51915000e-08  1.18705341e+00  1.51915000e-08  1.94941393e+00 
 1.53205000e-08  1.95000229e+00  1.53205000e-08  1.94998842e+00  1.53205000e-08  1.17114750e+00 
 1.53215000e-08  1.95000307e+00  1.53215000e-08  1.95002149e+00  1.53215000e-08  1.11360600e+00 
 1.53225000e-08  1.95000482e+00  1.53225000e-08  1.95005216e+00  1.53225000e-08  1.05587464e+00 
 1.53235000e-08  1.95000682e+00  1.53235000e-08  1.95007742e+00  1.53235000e-08  9.97804047e-01 
 1.53245000e-08  1.95001045e+00  1.53245000e-08  1.95009559e+00  1.53245000e-08  9.39230513e-01 
 1.53255000e-08  1.95001239e+00  1.53255000e-08  1.95010816e+00  1.53255000e-08  8.80050234e-01 
 1.54565000e-08  1.15738958e+00  1.54565000e-08  1.94999993e+00  1.54565000e-08  3.08653510e-04 
 1.54575000e-08  1.10506660e+00  1.54575000e-08  1.95000017e+00  1.54575000e-08  2.99158089e-04 
 1.54585000e-08  1.05285662e+00  1.54585000e-08  1.94999992e+00  1.54585000e-08  2.89465869e-04 
 1.54595000e-08  1.00067884e+00  1.54595000e-08  1.95000017e+00  1.54595000e-08  2.80611316e-04 
 1.54605000e-08  9.48483833e-01  1.54605000e-08  1.94999992e+00  1.54605000e-08  2.71454254e-04 
 1.54615000e-08  8.96216019e-01  1.54615000e-08  1.95000016e+00  1.54615000e-08  2.63203007e-04 
 1.58535000e-08  1.92986313e-05  1.58535000e-08  1.16550042e+00  1.58535000e-08 -2.62622589e-06 
 1.58545000e-08  1.92304069e-05  1.58545000e-08  1.11122422e+00  1.58545000e-08 -2.51025175e-06 
 1.58555000e-08  1.91179105e-05  1.58555000e-08  1.05628186e+00  1.58555000e-08 -2.79653601e-07 
 1.58565000e-08  1.91560590e-05  1.58565000e-08  1.00070292e+00  1.58565000e-08  1.14114258e-06 
 1.58575000e-08  1.91501192e-05  1.58575000e-08  9.44475530e-01  1.58575000e-08  4.12036874e-06 
 1.58585000e-08  1.92513084e-05  1.58585000e-08  8.87640927e-01  1.58585000e-08  6.31909464e-06 
 1.60425000e-08  9.33924280e-01  1.60425000e-08  1.03514449e-04  1.60425000e-08  1.82416418e-06 
 1.60435000e-08  9.70995241e-01  1.60435000e-08  1.01710760e-04  1.60435000e-08  2.88340536e-06 
 1.60445000e-08  1.00781577e+00  1.60445000e-08  9.82960024e-05  1.60445000e-08  1.74986599e-06 
 1.60455000e-08  1.04429690e+00  1.60455000e-08  9.66115519e-05  1.60455000e-08  2.80908384e-06 
 1.60465000e-08  1.08039175e+00  1.60465000e-08  9.33480655e-05  1.60465000e-08  1.60600218e-06 
 1.60475000e-08  1.11616863e+00  1.60475000e-08  9.17768573e-05  1.60475000e-08  2.64916958e-06 
 1.63085000e-08  1.94999958e+00  1.63085000e-08  7.87857702e-01  1.63085000e-08 -4.23871133e-05 
 1.63095000e-08  1.94999907e+00  1.63095000e-08  8.70958877e-01  1.63095000e-08 -9.51387158e-05 
 1.63105000e-08  1.94999967e+00  1.63105000e-08  9.52450747e-01  1.63105000e-08 -1.40097450e-04 
 1.63115000e-08  1.94999917e+00  1.63115000e-08  1.03217220e+00  1.63115000e-08 -1.70037315e-04 
 1.63125000e-08  1.94999975e+00  1.63125000e-08  1.11005627e+00  1.63125000e-08 -1.90455302e-04 
 1.63135000e-08  1.94999926e+00  1.63135000e-08  1.18621145e+00  1.63135000e-08 -2.05524627e-04 
 1.64285000e-08  1.95000006e+00  1.64285000e-08  1.94994668e+00  1.64285000e-08  8.98605594e-01 
 1.64295000e-08  1.94999996e+00  1.64295000e-08  1.94995338e+00  1.64295000e-08  9.58840678e-01 
 1.64305000e-08  1.95000020e+00  1.64305000e-08  1.94995882e+00  1.64305000e-08  1.01857469e+00 
 1.64315000e-08  1.95000001e+00  1.64315000e-08  1.94996471e+00  1.64315000e-08  1.08097241e+00 
 1.64325000e-08  1.95000012e+00  1.64325000e-08  1.94996618e+00  1.64325000e-08  1.15003728e+00 
 1.64335000e-08  1.94999980e+00  1.64335000e-08  1.94996140e+00  1.64335000e-08  1.22346427e+00 
 1.65785000e-08  1.15776703e+00  1.65785000e-08  1.94999982e+00  1.65785000e-08  1.94998443e+00 
 1.65795000e-08  1.10544197e+00  1.65795000e-08  1.94999989e+00  1.65795000e-08  1.94999211e+00 
 1.65805000e-08  1.05323004e+00  1.65805000e-08  1.94999983e+00  1.65805000e-08  1.94998706e+00 
 1.65815000e-08  1.00105116e+00  1.65815000e-08  1.94999992e+00  1.65815000e-08  1.94999412e+00 
 1.65825000e-08  9.48855351e-01  1.65825000e-08  1.94999983e+00  1.65825000e-08  1.94998631e+00 
 1.65835000e-08  8.96587224e-01  1.65835000e-08  1.94999990e+00  1.65835000e-08  1.94999084e+00 
 1.69755000e-08  1.93005473e-05  1.69755000e-08  1.16600117e+00  1.69755000e-08  1.94994049e+00 
 1.69765000e-08  1.92321715e-05  1.69765000e-08  1.11173308e+00  1.69765000e-08  1.94993560e+00 
 1.69775000e-08  1.91164654e-05  1.69775000e-08  1.05679917e+00  1.69775000e-08  1.94993495e+00 
 1.69785000e-08  1.91534058e-05  1.69785000e-08  1.00122797e+00  1.69785000e-08  1.94993926e+00 
 1.69795000e-08  1.91451658e-05  1.69795000e-08  9.45008072e-01  1.69795000e-08  1.94995058e+00 
 1.69805000e-08  1.92461505e-05  1.69805000e-08  8.88179748e-01  1.69805000e-08  1.94996834e+00 
 1.71645000e-08  9.32401875e-01  1.71645000e-08  9.11774364e-05  1.71645000e-08  1.94996780e+00 
 1.71655000e-08  9.69481140e-01  1.71655000e-08  9.01223208e-05  1.71655000e-08  1.94996881e+00 
 1.71665000e-08  1.00631376e+00  1.71665000e-08  8.66302855e-05  1.71665000e-08  1.94996963e+00 
 1.71675000e-08  1.04281028e+00  1.71675000e-08  8.56658034e-05  1.71675000e-08  1.94997059e+00 
 1.71685000e-08  1.07892004e+00  1.71685000e-08  8.23127046e-05  1.71685000e-08  1.94997135e+00 
 1.71695000e-08  1.11470706e+00  1.71695000e-08  8.14330051e-05  1.71695000e-08  1.94997226e+00 
 1.74305000e-08  1.94999940e+00  1.74305000e-08  7.86371757e-01  1.74305000e-08  1.95012734e+00 
 1.74315000e-08  1.94999887e+00  1.74315000e-08  8.69552073e-01  1.74315000e-08  1.95000077e+00 
 1.74325000e-08  1.94999952e+00  1.74325000e-08  9.50979669e-01  1.74325000e-08  1.94987386e+00 
 1.74335000e-08  1.94999899e+00  1.74335000e-08  1.03045983e+00  1.74335000e-08  1.94972670e+00 
 1.74345000e-08  1.94999962e+00  1.74345000e-08  1.10791170e+00  1.74345000e-08  1.94956783e+00 
 1.74355000e-08  1.94999910e+00  1.74355000e-08  1.18345564e+00  1.74355000e-08  1.94942094e+00 
 1.75645000e-08  1.95000224e+00  1.75645000e-08  1.94998702e+00  1.75645000e-08  1.17382580e+00 
 1.75655000e-08  1.95000299e+00  1.75655000e-08  1.95001994e+00  1.75655000e-08  1.11628672e+00 
 1.75665000e-08  1.95000472e+00  1.75665000e-08  1.95005080e+00  1.75665000e-08  1.05856979e+00 
 1.75675000e-08  1.95000669e+00  1.75675000e-08  1.95007643e+00  1.75675000e-08  1.00051685e+00 
 1.75685000e-08  1.95001026e+00  1.75685000e-08  1.95009484e+00  1.75685000e-08  9.41971404e-01 
 1.75695000e-08  1.95001232e+00  1.75695000e-08  1.95010776e+00  1.75695000e-08  8.82819843e-01 
 1.77005000e-08  1.16008511e+00  1.77005000e-08  1.94999993e+00  1.77005000e-08  3.08601889e-04 
 1.77015000e-08  1.10775689e+00  1.77015000e-08  1.95000017e+00  1.77015000e-08  3.00113154e-04 
 1.77025000e-08  1.05554177e+00  1.77025000e-08  1.94999993e+00  1.77025000e-08  2.89395320e-04 
 1.77035000e-08  1.00336440e+00  1.77035000e-08  1.95000016e+00  1.77035000e-08  2.81529737e-04 
 1.77045000e-08  9.51171229e-01  1.77045000e-08  1.94999993e+00  1.77045000e-08  2.71366314e-04 
 1.77055000e-08  8.98908313e-01  1.77055000e-08  1.95000016e+00  1.77055000e-08  2.64086584e-04 
 1.80975000e-08  1.93065761e-05  1.80975000e-08  1.16830412e+00  1.80975000e-08 -2.61778355e-06 
 1.80985000e-08  1.92426316e-05  1.80985000e-08  1.11406062e+00  1.80985000e-08 -2.59585604e-06 
 1.80995000e-08  1.91189153e-05  1.80995000e-08  1.05915350e+00  1.80995000e-08 -3.50159831e-07 
 1.81005000e-08  1.91604876e-05  1.81005000e-08  1.00360681e+00  1.81005000e-08  1.00471131e-06 
 1.81015000e-08  1.91456994e-05  1.81015000e-08  9.47413346e-01  1.81015000e-08  4.01252768e-06 
 1.81025000e-08  1.92512100e-05  1.81025000e-08  8.90609151e-01  1.81025000e-08  6.15521706e-06 
 1.82865000e-08  9.31913759e-01  1.82865000e-08  1.03603529e-04  1.82865000e-08  1.75717697e-06 
 1.82875000e-08  9.68995370e-01  1.82875000e-08  1.01896493e-04  1.82875000e-08  2.95461299e-06 
 1.82885000e-08  1.00583165e+00  1.82885000e-08  9.83785612e-05  1.82885000e-08  1.68502092e-06 
 1.82895000e-08  1.04233296e+00  1.82895000e-08  9.67893727e-05  1.82895000e-08  2.88199981e-06 
 1.82905000e-08  1.07844742e+00  1.82905000e-08  9.34247644e-05  1.82905000e-08  1.54033019e-06 
 1.82915000e-08  1.11423765e+00  1.82915000e-08  9.19473184e-05  1.82915000e-08  2.72003590e-06 
 1.85525000e-08  1.94999940e+00  1.85525000e-08  7.83345483e-01  1.85525000e-08 -3.99684732e-05 
 1.85535000e-08  1.94999888e+00  1.85535000e-08  8.66525349e-01  1.85535000e-08 -9.24468715e-05 
 1.85545000e-08  1.94999952e+00  1.85545000e-08  9.48111286e-01  1.85545000e-08 -1.37970065e-04 
 1.85555000e-08  1.94999901e+00  1.85555000e-08  1.02793024e+00  1.85555000e-08 -1.68810448e-04 
 1.85565000e-08  1.94999963e+00  1.85565000e-08  1.10591358e+00  1.85565000e-08 -1.89406261e-04 
 1.85575000e-08  1.94999912e+00  1.85575000e-08  1.18215680e+00  1.85575000e-08 -2.04528518e-04 
 1.86725000e-08  1.95000004e+00  1.86725000e-08  1.94994638e+00  1.86725000e-08  8.95457988e-01 
 1.86735000e-08  1.94999993e+00  1.86735000e-08  1.94995305e+00  1.86735000e-08  9.55751926e-01 
 1.86745000e-08  1.95000019e+00  1.86745000e-08  1.94995855e+00  1.86745000e-08  1.01546536e+00 
 1.86755000e-08  1.94999999e+00  1.86755000e-08  1.94996417e+00  1.86755000e-08  1.07764420e+00 
 1.86765000e-08  1.95000011e+00  1.86765000e-08  1.94996684e+00  1.86765000e-08  1.14623708e+00 
 1.86775000e-08  1.94999979e+00  1.86775000e-08  1.94996129e+00  1.86775000e-08  1.21968208e+00 
 1.87955000e-08  2.05287094e+00  1.87955000e-08  1.94999949e+00  1.87955000e-08  1.94997555e+00 
 1.88225000e-08  1.16094505e+00  1.88225000e-08  1.94999987e+00  1.88225000e-08  1.94998161e+00 
 1.88235000e-08  1.10861380e+00  1.88235000e-08  1.94999992e+00  1.88235000e-08  1.94999136e+00 
 1.88245000e-08  1.05639577e+00  1.88245000e-08  1.94999987e+00  1.88245000e-08  1.94998131e+00 
 1.88255000e-08  1.00421735e+00  1.88255000e-08  1.94999994e+00  1.88255000e-08  1.94998740e+00 
 1.88265000e-08  9.52023667e-01  1.88265000e-08  1.94999988e+00  1.88265000e-08  1.94998197e+00 
 1.88275000e-08  8.99761302e-01  1.88275000e-08  1.94999993e+00  1.88275000e-08  1.94999144e+00 
 1.92195000e-08  1.93085849e-05  1.92195000e-08  1.16930258e+00  1.92195000e-08  1.94994085e+00 
 1.92205000e-08  1.92455413e-05  1.92205000e-08  1.11507303e+00  1.92205000e-08  1.94993580e+00 
 1.92215000e-08  1.91168051e-05  1.92215000e-08  1.06018063e+00  1.92215000e-08  1.94993487e+00 
 1.92225000e-08  1.91577642e-05  1.92225000e-08  1.00464745e+00  1.92225000e-08  1.94993879e+00 
 1.92235000e-08  1.91331517e-05  1.92235000e-08  9.48467553e-01  1.92235000e-08  1.94994971e+00 
 1.92245000e-08  1.92351570e-05  1.92245000e-08  8.91675125e-01  1.92245000e-08  1.94996704e+00 
 1.94085000e-08  9.30303801e-01  1.94085000e-08  9.13408023e-05  1.94085000e-08  1.94996783e+00 
 1.94095000e-08  9.67392960e-01  1.94095000e-08  9.02427343e-05  1.94095000e-08  1.94996866e+00 
 1.94105000e-08  1.00424117e+00  1.94105000e-08  8.67861115e-05  1.94105000e-08  1.94996966e+00 
 1.94115000e-08  1.04075921e+00  1.94115000e-08  8.57791114e-05  1.94115000e-08  1.94997045e+00 
 1.94125000e-08  1.07688993e+00  1.94125000e-08  8.24616013e-05  1.94125000e-08  1.94997138e+00 
 1.94135000e-08  1.11269156e+00  1.94135000e-08  8.15398890e-05  1.94135000e-08  1.94997213e+00 
 1.96755000e-08  1.94999892e+00  1.96755000e-08  8.64979650e-01  1.96755000e-08  1.95000906e+00 
 1.96765000e-08  1.94999954e+00  1.96765000e-08  9.46511683e-01  1.96765000e-08  1.94988133e+00 
 1.96775000e-08  1.94999905e+00  1.96775000e-08  1.02610252e+00  1.96775000e-08  1.94973516e+00 
 1.96785000e-08  1.94999963e+00  1.96785000e-08  1.10366652e+00  1.96785000e-08  1.94957648e+00 
 1.96795000e-08  1.94999915e+00  1.96795000e-08  1.17930903e+00  1.96795000e-08  1.94942876e+00 
 1.96805000e-08  1.94999972e+00  1.96805000e-08  1.25332506e+00  1.96805000e-08  1.94926908e+00 
 1.98085000e-08  1.95000221e+00  1.98085000e-08  1.94998536e+00  1.98085000e-08  1.17694796e+00 
 1.98095000e-08  1.95000295e+00  1.98095000e-08  1.95001812e+00  1.98095000e-08  1.11941158e+00 
 1.98105000e-08  1.95000463e+00  1.98105000e-08  1.95004917e+00  1.98105000e-08  1.06171133e+00 
 1.98115000e-08  1.95000658e+00  1.98115000e-08  1.95007527e+00  1.98115000e-08  1.00367884e+00 
 1.98125000e-08  1.95001006e+00  1.98125000e-08  1.95009394e+00  1.98125000e-08  9.45166157e-01 
 1.98135000e-08  1.95001228e+00  1.98135000e-08  1.95010730e+00  1.98135000e-08  8.86048189e-01 
 1.99445000e-08  1.16278652e+00  1.99445000e-08  1.94999994e+00  1.99445000e-08  3.08447495e-04 
 1.99455000e-08  1.11045297e+00  1.99455000e-08  1.95000017e+00  1.99455000e-08  3.01341586e-04 
 1.99465000e-08  1.05823254e+00  1.99465000e-08  1.94999993e+00  1.99465000e-08  2.89220567e-04 
 1.99475000e-08  1.00605545e+00  1.99475000e-08  1.95000016e+00  1.99475000e-08  2.82712437e-04 
 1.99485000e-08  9.53863964e-01  1.99485000e-08  1.94999993e+00  1.99485000e-08  2.71172986e-04 
 1.99495000e-08  9.01605896e-01  1.99495000e-08  1.95000016e+00  1.99495000e-08  2.65225692e-04 
 2.03415000e-08  1.93092471e-05  2.03415000e-08  1.17106812e+00  2.03415000e-08 -2.60626197e-06 
 2.03425000e-08  1.92505197e-05  2.03425000e-08  1.11685689e+00  2.03425000e-08 -2.68263538e-06 
 2.03435000e-08  1.91166717e-05  2.03435000e-08  1.06198453e+00  2.03435000e-08 -4.15986171e-07 
 2.03445000e-08  1.91615466e-05  2.03445000e-08  1.00646969e+00  2.03445000e-08  8.67296436e-07 
 2.03455000e-08  1.91323009e-05  2.03455000e-08  9.50309732e-01  2.03455000e-08  3.90783385e-06 
 2.03465000e-08  1.92378671e-05  2.03465000e-08  8.93535600e-01  2.03465000e-08  5.98650663e-06 
 2.05305000e-08  9.29990189e-01  2.05305000e-08  1.03693862e-04  2.05305000e-08  1.72423167e-06 
 2.05315000e-08  9.67081967e-01  2.05315000e-08  1.02091445e-04  2.05315000e-08  3.03416506e-06 
 2.05325000e-08  1.00393320e+00  2.05325000e-08  9.84624757e-05  2.05325000e-08  1.65740983e-06 
 2.05335000e-08  1.04045378e+00  2.05335000e-08  9.69761826e-05  2.05335000e-08  2.96962833e-06 
 2.05345000e-08  1.07658724e+00  2.05345000e-08  9.35023542e-05  2.05345000e-08  1.50196324e-06 
 2.05355000e-08  1.11239559e+00  2.05355000e-08  9.21252484e-05  2.05355000e-08  2.79384243e-06 
 2.07975000e-08  1.94999894e+00  2.07975000e-08  8.62457926e-01  2.07975000e-08 -8.99618811e-05 
 2.07985000e-08  1.94999954e+00  2.07985000e-08  9.44128721e-01  2.07985000e-08 -1.35976557e-04 
 2.07995000e-08  1.94999905e+00  2.07995000e-08  1.02403621e+00  2.07995000e-08 -1.67657220e-04 
 2.08005000e-08  1.94999964e+00  2.08005000e-08  1.10211037e+00  2.08005000e-08 -1.88438289e-04 
 2.08015000e-08  1.94999916e+00  2.08015000e-08  1.17843447e+00  2.08015000e-08 -2.03622242e-04 
 2.08025000e-08  1.94999972e+00  2.08025000e-08  1.25315258e+00  2.08025000e-08 -2.31090859e-04 
 2.09165000e-08  1.95000001e+00  2.09165000e-08  1.94994605e+00  2.09165000e-08  8.92364156e-01 
 2.09175000e-08  1.94999991e+00  2.09175000e-08  1.94995276e+00  2.09175000e-08  9.52719023e-01 
 2.09185000e-08  1.95000016e+00  2.09185000e-08  1.94995825e+00  2.09185000e-08  1.01242001e+00 
 2.09195000e-08  1.94999997e+00  2.09195000e-08  1.94996364e+00  2.09195000e-08  1.07440574e+00 
 2.09205000e-08  1.95000010e+00  2.09205000e-08  1.94996744e+00  2.09205000e-08  1.14254957e+00 
 2.09215000e-08  1.94999978e+00  2.09215000e-08  1.94996124e+00  2.09215000e-08  1.21599917e+00 
 2.10665000e-08  1.16308137e+00  2.10665000e-08  1.94999989e+00  2.10665000e-08  1.94997712e+00 
 2.10675000e-08  1.11074589e+00  2.10675000e-08  1.94999995e+00  2.10675000e-08  1.94998481e+00 
 2.10685000e-08  1.05852364e+00  2.10685000e-08  1.94999989e+00  2.10685000e-08  1.94997818e+00 
 2.10695000e-08  1.00634542e+00  2.10695000e-08  1.94999994e+00  2.10695000e-08  1.94999004e+00 
 2.10705000e-08  9.54153045e-01  2.10705000e-08  1.94999989e+00  2.10705000e-08  1.94997828e+00 
 2.10715000e-08  9.01894513e-01  2.10715000e-08  1.94999996e+00  2.10715000e-08  1.94998569e+00 
 2.14635000e-08  1.93107999e-05  2.14635000e-08  1.17148947e+00  2.14635000e-08  1.94994110e+00 
 2.14645000e-08  1.92520662e-05  2.14645000e-08  1.11728546e+00  2.14645000e-08  1.94993593e+00 
 2.14655000e-08  1.91157673e-05  2.14655000e-08  1.06242056e+00  2.14655000e-08  1.94993483e+00 
 2.14665000e-08  1.91595449e-05  2.14665000e-08  1.00691261e+00  2.14665000e-08  1.94993850e+00 
 2.14675000e-08  1.91290037e-05  2.14675000e-08  9.50759251e-01  2.14675000e-08  1.94994915e+00 
 2.14685000e-08  1.92349656e-05  2.14685000e-08  8.93990663e-01  2.14685000e-08  1.94996618e+00 
 2.16525000e-08  9.29023564e-01  2.16525000e-08  9.14776844e-05  2.16525000e-08  1.94996787e+00 
 2.16535000e-08  9.66119514e-01  2.16535000e-08  9.02970632e-05  2.16535000e-08  1.94996854e+00 
 2.16545000e-08  1.00297764e+00  2.16545000e-08  8.69174799e-05  2.16545000e-08  1.94996971e+00 
 2.16555000e-08  1.03950841e+00  2.16555000e-08  8.58294048e-05  2.16555000e-08  1.94997033e+00 
 2.16565000e-08  1.07565181e+00  2.16565000e-08  8.25876419e-05  2.16565000e-08  1.94997143e+00 
 2.16575000e-08  1.11146247e+00  2.16575000e-08  8.15863566e-05  2.16575000e-08  1.94997201e+00 
 2.19195000e-08  1.94999897e+00  2.19195000e-08  8.62169254e-01  2.19195000e-08  1.95001411e+00 
 2.19205000e-08  1.94999955e+00  2.19205000e-08  9.43765431e-01  2.19205000e-08  1.94988591e+00 
 2.19215000e-08  1.94999908e+00  2.19215000e-08  1.02342378e+00  2.19215000e-08  1.94974034e+00 
 2.19225000e-08  1.94999965e+00  2.19225000e-08  1.10105711e+00  2.19225000e-08  1.94958179e+00 
 2.19235000e-08  1.94999919e+00  2.19235000e-08  1.17676034e+00  2.19235000e-08  1.94943354e+00 
 2.19245000e-08  1.94999973e+00  2.19245000e-08  1.25079834e+00  2.19245000e-08  1.94927525e+00 
 2.20525000e-08  1.95000221e+00  2.20525000e-08  1.94998427e+00  2.20525000e-08  1.17909210e+00 
 2.20535000e-08  1.95000294e+00  2.20535000e-08  1.95001689e+00  2.20535000e-08  1.12155688e+00 
 2.20545000e-08  1.95000458e+00  2.20545000e-08  1.95004809e+00  2.20545000e-08  1.06386695e+00 
 2.20555000e-08  1.95000652e+00  2.20555000e-08  1.95007452e+00  2.20555000e-08  1.00584764e+00 
 2.20565000e-08  1.95000994e+00  2.20565000e-08  1.95009339e+00  2.20565000e-08  9.47356097e-01 
 2.20575000e-08  1.95001226e+00  2.20575000e-08  1.95010694e+00  2.20575000e-08  8.88260240e-01 
 2.21885000e-08  1.16494680e+00  2.21885000e-08  1.94999994e+00  2.21885000e-08  3.08210096e-04 
 2.21895000e-08  1.11260892e+00  2.21895000e-08  1.95000016e+00  2.21895000e-08  3.02284315e-04 
 2.21905000e-08  1.06038414e+00  2.21905000e-08  1.94999994e+00  2.21905000e-08  2.88972660e-04 
 2.21915000e-08  1.00820716e+00  2.21915000e-08  1.95000015e+00  2.21915000e-08  2.83622218e-04 
 2.21925000e-08  9.56016919e-01  2.21925000e-08  1.94999994e+00  2.21925000e-08  2.70915685e-04 
 2.21935000e-08  9.03762678e-01  2.21935000e-08  1.95000015e+00  2.21935000e-08  2.66103991e-04 
 2.25855000e-08  1.93104556e-05  2.25855000e-08  1.17327760e+00  2.25855000e-08 -2.60132098e-06 
 2.25865000e-08  1.92545399e-05  2.25865000e-08  1.11909220e+00  2.25865000e-08 -2.74506517e-06 
 2.25875000e-08  1.91146267e-05  2.25875000e-08  1.06424764e+00  2.25875000e-08 -4.72710130e-07 
 2.25885000e-08  1.91611713e-05  2.25885000e-08  1.00875829e+00  2.25885000e-08  7.62820831e-07 
 2.25895000e-08  1.91273993e-05  2.25895000e-08  9.52625159e-01  2.25895000e-08  3.81986989e-06 
 2.25905000e-08  1.92343441e-05  2.25905000e-08  8.95875129e-01  2.25905000e-08  5.85608913e-06 
 2.27745000e-08  9.28638548e-01  2.27745000e-08  1.03753580e-04  2.27745000e-08  1.67789071e-06 
 2.27755000e-08  9.65736263e-01  2.27755000e-08  1.02236551e-04  2.27755000e-08  3.07791348e-06 
 2.27765000e-08  1.00259718e+00  2.27765000e-08  9.85178488e-05  2.27765000e-08  1.61187105e-06 
 2.27775000e-08  1.03913165e+00  2.27775000e-08  9.71131175e-05  2.27775000e-08  3.01212179e-06 
 2.27785000e-08  1.07527878e+00  2.27785000e-08  9.35525553e-05  2.27785000e-08  1.45701595e-06 
 2.27795000e-08  1.11109211e+00  2.27795000e-08  9.22585126e-05  2.27795000e-08  3.14929975e-06 
 2.30415000e-08  1.94999898e+00  2.30415000e-08  8.59358460e-01  2.30415000e-08 -8.80585936e-05 
 2.30425000e-08  1.94999956e+00  2.30425000e-08  9.41093608e-01  2.30425000e-08 -1.34432813e-04 
 2.30435000e-08  1.94999910e+00  2.30435000e-08  1.02106840e+00  2.30435000e-08 -1.66760425e-04 
 2.30445000e-08  1.94999966e+00  2.30445000e-08  1.09921184e+00  2.30445000e-08 -1.87699368e-04 
 2.30455000e-08  1.94999920e+00  2.30455000e-08  1.17559781e+00  2.30455000e-08 -2.02937018e-04 
 2.30465000e-08  1.94999974e+00  2.30465000e-08  1.25037662e+00  2.30465000e-08 -2.30087215e-04 
 2.31605000e-08  1.95000001e+00  2.31605000e-08  1.94994580e+00  2.31605000e-08  8.90114787e-01 
 2.31615000e-08  1.94999992e+00  2.31615000e-08  1.94995257e+00  2.31615000e-08  9.50513835e-01 
 2.31625000e-08  1.95000017e+00  2.31625000e-08  1.94995802e+00  2.31625000e-08  1.01020883e+00 
 2.31635000e-08  1.94999999e+00  2.31635000e-08  1.94996326e+00  2.31635000e-08  1.07205782e+00 
 2.31645000e-08  1.95000011e+00  2.31645000e-08  1.94996785e+00  2.31645000e-08  1.13987252e+00 
 2.31655000e-08  1.94999980e+00  2.31655000e-08  1.94996122e+00  2.31655000e-08  1.21331515e+00 
 2.33105000e-08  1.16536552e+00  2.33105000e-08  1.94999987e+00  2.33105000e-08  1.94997785e+00 
 2.33115000e-08  1.11302564e+00  2.33115000e-08  1.94999992e+00  2.33115000e-08  1.94999107e+00 
 2.33125000e-08  1.06079892e+00  2.33125000e-08  1.94999987e+00  2.33125000e-08  1.94997761e+00 
 2.33135000e-08  1.00862095e+00  2.33135000e-08  1.94999994e+00  2.33135000e-08  1.94998630e+00 
 2.33145000e-08  9.56430000e-01  2.33145000e-08  1.94999988e+00  2.33145000e-08  1.94997859e+00 
 2.33155000e-08  9.04175624e-01  2.33155000e-08  1.94999993e+00  2.33155000e-08  1.94999131e+00 
 2.36735000e-08  2.27630940e-05  2.36735000e-08  2.00750189e+00  2.36735000e-08  1.94999914e+00 
 2.37075000e-08  1.93140265e-05  2.37075000e-08  1.17373803e+00  2.37075000e-08  1.94994135e+00 
 2.37085000e-08  1.92554590e-05  2.37085000e-08  1.11956029e+00  2.37085000e-08  1.94993607e+00 
 2.37095000e-08  1.91148812e-05  2.37095000e-08  1.06472368e+00  2.37095000e-08  1.94993479e+00 
 2.37105000e-08  1.91572828e-05  2.37105000e-08  1.00924168e+00  2.37105000e-08  1.94993820e+00 
 2.37115000e-08  1.91243070e-05  2.37115000e-08  9.53115637e-01  2.37115000e-08  1.94994859e+00 
 2.37125000e-08  1.92295249e-05  2.37125000e-08  8.96371609e-01  2.37125000e-08  1.94996532e+00 
 2.38965000e-08  9.27084297e-01  2.38965000e-08  9.16138159e-05  2.38965000e-08  1.94996792e+00 
 2.38975000e-08  9.64190388e-01  2.38975000e-08  9.03499275e-05  2.38975000e-08  1.94996842e+00 
 2.38985000e-08  1.00106333e+00  2.38985000e-08  8.70481349e-05  2.38985000e-08  1.94996975e+00 
 2.38995000e-08  1.03761328e+00  2.38995000e-08  8.58782715e-05  2.38995000e-08  1.94997021e+00 
 2.39005000e-08  1.07377601e+00  2.39005000e-08  8.27129986e-05  2.39005000e-08  1.94997148e+00 
 2.39015000e-08  1.10960076e+00  2.39015000e-08  8.16314391e-05  2.39015000e-08  1.94997190e+00 
 2.41635000e-08  1.94999910e+00  2.41635000e-08  8.57902163e-01  2.41635000e-08  1.95002169e+00 
 2.41645000e-08  1.94999964e+00  2.41645000e-08  9.39595178e-01  2.41645000e-08  1.94989282e+00 
 2.41655000e-08  1.94999920e+00  2.41655000e-08  1.01935568e+00  2.41655000e-08  1.94974819e+00 
 2.41665000e-08  1.94999972e+00  2.41665000e-08  1.09709435e+00  2.41665000e-08  1.94958982e+00 
 2.41675000e-08  1.94999929e+00  2.41675000e-08  1.17289037e+00  2.41675000e-08  1.94944078e+00 
 2.41685000e-08  1.94999979e+00  2.41685000e-08  1.24700737e+00  2.41685000e-08  1.94928415e+00 
 2.42965000e-08  1.95000219e+00  2.42965000e-08  1.94998273e+00  2.42965000e-08  1.18201188e+00 
 2.42975000e-08  1.95000291e+00  2.42975000e-08  1.95001517e+00  2.42975000e-08  1.12447849e+00 
 2.42985000e-08  1.95000450e+00  2.42985000e-08  1.95004656e+00  2.42985000e-08  1.06680304e+00 
 2.42995000e-08  1.95000643e+00  2.42995000e-08  1.95007339e+00  2.42995000e-08  1.00880203e+00 
 2.43005000e-08  1.95000977e+00  2.43005000e-08  1.95009253e+00  2.43005000e-08  9.50340182e-01 
 2.43015000e-08  1.95001223e+00  2.43015000e-08  1.95010647e+00  2.43015000e-08  8.91275212e-01 
 2.44325000e-08  1.16752510e+00  2.44325000e-08  1.94999995e+00  2.44325000e-08  3.07871662e-04 
 2.44335000e-08  1.11518199e+00  2.44335000e-08  1.95000015e+00  2.44335000e-08  3.03640558e-04 
 2.44345000e-08  1.06295188e+00  2.44345000e-08  1.94999995e+00  2.44345000e-08  2.88619077e-04 
 2.44355000e-08  1.01077491e+00  2.44355000e-08  1.95000015e+00  2.44355000e-08  2.84930860e-04 
 2.44365000e-08  9.58586027e-01  2.44365000e-08  1.94999995e+00  2.44365000e-08  2.70548547e-04 
 2.44375000e-08  9.06336295e-01  2.44375000e-08  1.95000014e+00  2.44375000e-08  2.67367215e-04 
 2.48295000e-08  1.93213173e-05  2.48295000e-08  1.17583049e+00  2.48295000e-08 -2.58636457e-06 
 2.48305000e-08  1.92535776e-05  2.48305000e-08  1.12167496e+00  2.48305000e-08 -2.82131489e-06 
 2.48315000e-08  1.91211122e-05  2.48315000e-08  1.06686251e+00  2.48315000e-08 -5.29002136e-07 
 2.48325000e-08  1.91540973e-05  2.48325000e-08  1.01140265e+00  2.48325000e-08  6.37649292e-07 
 2.48335000e-08  1.91294986e-05  2.48335000e-08  9.55300539e-01  2.48335000e-08  3.72477381e-06 
 2.48345000e-08  1.92246761e-05  2.48345000e-08  8.98578411e-01  2.48345000e-08  5.70086170e-06 
 2.50185000e-08  9.26662863e-01  2.50185000e-08  1.03874813e-04  2.50185000e-08  1.67621009e-06 
 2.50195000e-08  9.63770868e-01  2.50195000e-08  1.02367349e-04  2.50195000e-08  3.08511264e-06 
 2.50205000e-08  1.00064682e+00  2.50205000e-08  9.86325857e-05  2.50205000e-08  1.61030069e-06 
 2.50215000e-08  1.03720081e+00  2.50215000e-08  9.72374937e-05  2.50215000e-08  3.01971332e-06 
 2.50225000e-08  1.07336765e+00  2.50225000e-08  9.36610604e-05  2.50225000e-08  1.45497961e-06 
 2.50235000e-08  1.10919542e+00  2.50235000e-08  9.23767085e-05  2.50235000e-08  3.15728275e-06 
 2.52855000e-08  1.94999910e+00  2.52855000e-08  8.54924891e-01  2.52855000e-08 -8.53001686e-05 
 2.52865000e-08  1.94999964e+00  2.52865000e-08  9.36751584e-01  2.52865000e-08 -1.32166460e-04 
 2.52875000e-08  1.94999920e+00  2.52875000e-08  1.01682230e+00  2.52875000e-08 -1.65459721e-04 
 2.52885000e-08  1.94999972e+00  2.52885000e-08  1.09506498e+00  2.52885000e-08 -1.86625020e-04 
 2.52895000e-08  1.94999929e+00  2.52895000e-08  1.17153976e+00  2.52895000e-08 -2.01976627e-04 
 2.52905000e-08  1.94999979e+00  2.52905000e-08  1.24638480e+00  2.52905000e-08 -2.28355690e-04 
 2.54045000e-08  1.95000001e+00  2.54045000e-08  1.94994542e+00  2.54045000e-08  8.86770337e-01 
 2.54055000e-08  1.94999994e+00  2.54055000e-08  1.94995228e+00  2.54055000e-08  9.47238487e-01 
 2.54065000e-08  1.95000017e+00  2.54065000e-08  1.94995765e+00  2.54065000e-08  1.00693194e+00 
 2.54075000e-08  1.95000001e+00  2.54075000e-08  1.94996270e+00  2.54075000e-08  1.06858523e+00 
 2.54085000e-08  1.95000012e+00  2.54085000e-08  1.94996845e+00  2.54085000e-08  1.13591248e+00 
 2.54095000e-08  1.94999983e+00  2.54095000e-08  1.94996124e+00  2.54095000e-08  1.20932993e+00 
 2.55545000e-08  1.16855649e+00  2.55545000e-08  1.94999984e+00  2.55545000e-08  1.94997944e+00 
 2.55555000e-08  1.11621050e+00  2.55555000e-08  1.94999993e+00  2.55555000e-08  1.94999400e+00 
 2.55565000e-08  1.06397751e+00  2.55565000e-08  1.94999983e+00  2.55565000e-08  1.94997859e+00 
 2.55575000e-08  1.01179982e+00  2.55575000e-08  1.94999991e+00  2.55575000e-08  1.94998892e+00 
 2.55585000e-08  9.59610823e-01  2.55585000e-08  1.94999985e+00  2.55585000e-08  1.94997917e+00 
 2.55595000e-08  9.07362283e-01  2.55595000e-08  1.94999994e+00  2.55595000e-08  1.94999334e+00 
 2.59515000e-08  1.93272609e-05  2.59515000e-08  1.17703634e+00  2.59515000e-08  1.94994173e+00 
 2.59525000e-08  1.92543370e-05  2.59525000e-08  1.12289723e+00  2.59525000e-08  1.94993629e+00 
 2.59535000e-08  1.91232051e-05  2.59535000e-08  1.06810214e+00  2.59535000e-08  1.94993476e+00 
 2.59545000e-08  1.91490560e-05  2.59545000e-08  1.01265830e+00  2.59545000e-08  1.94993779e+00 
 2.59555000e-08  1.91272890e-05  2.59555000e-08  9.56572403e-01  2.59555000e-08  1.94994777e+00 
 2.59565000e-08  1.92177019e-05  2.59565000e-08  8.99864521e-01  2.59565000e-08  1.94996407e+00 
 2.61405000e-08  9.24832733e-01  2.61405000e-08  9.18442413e-05  2.61405000e-08  1.94996798e+00 
 2.61415000e-08  9.61950085e-01  2.61415000e-08  9.04043915e-05  2.61415000e-08  1.94996824e+00 
 2.61425000e-08  9.98833987e-01  2.61425000e-08  8.72698766e-05  2.61425000e-08  1.94996982e+00 
 2.61435000e-08  1.03540118e+00  2.61435000e-08  8.59272322e-05  2.61435000e-08  1.94997004e+00 
 2.61445000e-08  1.07158763e+00  2.61445000e-08  8.29260387e-05  2.61445000e-08  1.94997155e+00 
 2.61455000e-08  1.10742990e+00  2.61455000e-08  8.16753742e-05  2.61455000e-08  1.94997173e+00 
 2.64075000e-08  1.94999916e+00  2.64075000e-08  8.52754420e-01  2.64075000e-08  1.95003066e+00 
 2.64085000e-08  1.94999965e+00  2.64085000e-08  9.34563477e-01  2.64085000e-08  1.94990110e+00 
 2.64095000e-08  1.94999925e+00  2.64095000e-08  1.01444667e+00  2.64095000e-08  1.94975758e+00 
 2.64105000e-08  1.94999973e+00  2.64105000e-08  1.09231271e+00  2.64105000e-08  1.94959965e+00 
 2.64115000e-08  1.94999933e+00  2.64115000e-08  1.16822147e+00  2.64115000e-08  1.94944928e+00 
 2.64125000e-08  1.94999980e+00  2.64125000e-08  1.24243460e+00  2.64125000e-08  1.94929481e+00 
 2.65405000e-08  1.95000213e+00  2.65405000e-08  1.94998083e+00  2.65405000e-08  1.18564741e+00 
 2.65415000e-08  1.95000286e+00  2.65415000e-08  1.95001305e+00  2.65415000e-08  1.12811566e+00 
 2.65425000e-08  1.95000439e+00  2.65425000e-08  1.95004464e+00  2.65425000e-08  1.07045724e+00 
 2.65435000e-08  1.95000630e+00  2.65435000e-08  1.95007200e+00  2.65435000e-08  1.01247820e+00 
 2.65445000e-08  1.95000953e+00  2.65445000e-08  1.95009142e+00  2.65445000e-08  9.54052421e-01 
 2.65455000e-08  1.95001217e+00  2.65455000e-08  1.95010587e+00  2.65455000e-08  8.95025309e-01 
 2.66765000e-08  1.17083815e+00  2.66765000e-08  1.94999995e+00  2.66765000e-08  3.06936867e-04 
 2.66775000e-08  1.11848825e+00  2.66775000e-08  1.95000012e+00  2.66775000e-08  3.05069502e-04 
 2.66785000e-08  1.06625103e+00  2.66785000e-08  1.94999994e+00  2.66785000e-08  2.88278763e-04 
 2.66795000e-08  1.01407385e+00  2.66795000e-08  1.95000013e+00  2.66795000e-08  2.87045478e-04 
 2.66805000e-08  9.61886462e-01  2.66805000e-08  1.94999994e+00  2.66805000e-08  2.70278730e-04 
 2.66815000e-08  9.09642434e-01  2.66815000e-08  1.95000013e+00  2.66815000e-08  2.69360429e-04 
 2.70735000e-08  1.93331054e-05  2.70735000e-08  1.17930748e+00  2.70735000e-08 -2.57059763e-06 
 2.70745000e-08  1.92502430e-05  2.70745000e-08  1.12519271e+00  2.70745000e-08 -2.91883793e-06 
 2.70755000e-08  1.91276320e-05  2.70755000e-08  1.07042405e+00  2.70755000e-08 -6.09563593e-07 
 2.70765000e-08  1.91432147e-05  2.70765000e-08  1.01500443e+00  2.70765000e-08  4.71617411e-07 
 2.70775000e-08  1.91307138e-05  2.70775000e-08  9.58944666e-01  2.70775000e-08  3.59022876e-06 
 2.70785000e-08  1.92130383e-05  2.70785000e-08  9.02260677e-01  2.70785000e-08  5.49251356e-06 
 2.72625000e-08  9.23985087e-01  2.72625000e-08  1.04103170e-04  2.72625000e-08  1.72477289e-06 
 2.72635000e-08  9.61106530e-01  2.72635000e-08  1.02483273e-04  2.72635000e-08  3.01135024e-06 
 2.72645000e-08  9.98002300e-01  2.72645000e-08  9.88507629e-05  2.72645000e-08  1.65394787e-06 
 2.72655000e-08  1.03458239e+00  2.72655000e-08  9.73459031e-05  2.72655000e-08  2.93967982e-06 
 2.72665000e-08  1.07077607e+00  2.72665000e-08  9.38697851e-05  2.72665000e-08  1.50676575e-06 
 2.72675000e-08  1.10662407e+00  2.72675000e-08  9.24779009e-05  2.72675000e-08  2.77617093e-06 
 2.75295000e-08  1.94999921e+00  2.75295000e-08  8.48851789e-01  2.75295000e-08 -8.17053171e-05 
 2.75305000e-08  1.94999967e+00  2.75305000e-08  9.30801385e-01  2.75305000e-08 -1.29156530e-04 
 2.75315000e-08  1.94999929e+00  2.75315000e-08  1.01100346e+00  2.75315000e-08 -1.63522588e-04 
 2.75325000e-08  1.94999975e+00  2.75325000e-08  1.08938263e+00  2.75325000e-08 -1.85003202e-04 
 2.75335000e-08  1.94999937e+00  2.75335000e-08  1.16597991e+00  2.75335000e-08 -2.00563476e-04 
 2.75345000e-08  1.94999981e+00  2.75345000e-08  1.24094398e+00  2.75345000e-08 -2.26248429e-04 
 2.76485000e-08  1.95000002e+00  2.76485000e-08  1.94994491e+00  2.76485000e-08  8.82315765e-01 
 2.76495000e-08  1.94999997e+00  2.76495000e-08  1.94995193e+00  2.76495000e-08  9.42878268e-01 
 2.76505000e-08  1.95000018e+00  2.76505000e-08  1.94995713e+00  2.76505000e-08  1.00257909e+00 
 2.76515000e-08  1.95000004e+00  2.76515000e-08  1.94996209e+00  2.76515000e-08  1.06396420e+00 
 2.76525000e-08  1.95000013e+00  2.76525000e-08  1.94996901e+00  2.76525000e-08  1.13067438e+00 
 2.76535000e-08  1.94999987e+00  2.76535000e-08  1.94996133e+00  2.76535000e-08  1.20401170e+00 
 2.77985000e-08  1.17191859e+00  2.77985000e-08  1.94999975e+00  2.77985000e-08  1.94997436e+00 
 2.77995000e-08  1.11956566e+00  2.77995000e-08  1.94999985e+00  2.77995000e-08  1.94998634e+00 
 2.78005000e-08  1.06732534e+00  2.78005000e-08  1.94999977e+00  2.78005000e-08  1.94997523e+00 
 2.78015000e-08  1.01514736e+00  2.78015000e-08  1.94999990e+00  2.78015000e-08  1.94999177e+00 
 2.78025000e-08  9.62959753e-01  2.78025000e-08  1.94999977e+00  2.78025000e-08  1.94997491e+00 
 2.78035000e-08  9.10716963e-01  2.78035000e-08  1.94999987e+00  2.78035000e-08  1.94998636e+00 
 2.81955000e-08  1.93386097e-05  2.81955000e-08  1.18041138e+00  2.81955000e-08  1.94994211e+00 
 2.81965000e-08  1.92509067e-05  2.81965000e-08  1.12631184e+00  2.81965000e-08  1.94993654e+00 
 2.81975000e-08  1.91306852e-05  2.81975000e-08  1.07155927e+00  2.81975000e-08  1.94993473e+00 
 2.81985000e-08  1.91398501e-05  2.81985000e-08  1.01615453e+00  2.81985000e-08  1.94993741e+00 
 2.81995000e-08  1.91305714e-05  2.81995000e-08  9.60109809e-01  2.81995000e-08  1.94994696e+00 
 2.82005000e-08  1.92086541e-05  2.82005000e-08  9.03439033e-01  2.82005000e-08  1.94996283e+00 
 2.83845000e-08  9.22589870e-01  2.83845000e-08  9.20745223e-05  2.83845000e-08  1.94996797e+00 
 2.83855000e-08  9.59718339e-01  2.83855000e-08  9.04657038e-05  2.83855000e-08  1.94996814e+00 
 2.83865000e-08  9.96624344e-01  2.83865000e-08  8.74910250e-05  2.83865000e-08  1.94996981e+00 
 2.83875000e-08  1.03321800e+00  2.83875000e-08  8.59830415e-05  2.83875000e-08  1.94996994e+00 
 2.83885000e-08  1.06942581e+00  2.83885000e-08  8.31387365e-05  2.83885000e-08  1.94997154e+00 
 2.83895000e-08  1.10528471e+00  2.83895000e-08  8.17257429e-05  2.83895000e-08  1.94997164e+00 
 2.86515000e-08  1.94999924e+00  2.86515000e-08  8.47831983e-01  2.86515000e-08  1.95003911e+00 
 2.86525000e-08  1.94999966e+00  2.86525000e-08  9.29749281e-01  2.86525000e-08  1.94990897e+00 
 2.86535000e-08  1.94999932e+00  2.86535000e-08  1.00974974e+00  2.86535000e-08  1.94976647e+00 
 2.86545000e-08  1.94999973e+00  2.86545000e-08  1.08773812e+00  2.86545000e-08  1.94960910e+00 
 2.86555000e-08  1.94999940e+00  2.86555000e-08  1.16375557e+00  2.86555000e-08  1.94945719e+00 
 2.86565000e-08  1.94999980e+00  2.86565000e-08  1.23806142e+00  2.86565000e-08  1.94930491e+00 
 2.87845000e-08  1.95000207e+00  2.87845000e-08  1.94997902e+00  2.87845000e-08  1.18908066e+00 
 2.87855000e-08  1.95000280e+00  2.87855000e-08  1.95001106e+00  2.87855000e-08  1.13155007e+00 
 2.87865000e-08  1.95000427e+00  2.87865000e-08  1.95004278e+00  2.87865000e-08  1.07390718e+00 
 2.87875000e-08  1.95000616e+00  2.87875000e-08  1.95007061e+00  2.87875000e-08  1.01594840e+00 
 2.87885000e-08  1.95000928e+00  2.87885000e-08  1.95009026e+00  2.87885000e-08  9.57556485e-01 
 2.87895000e-08  1.95001206e+00  2.87895000e-08  1.95010531e+00  2.87895000e-08  8.98564982e-01 
 2.89205000e-08  1.17425883e+00  2.89205000e-08  1.94999994e+00  2.89205000e-08  3.06394219e-04 
 2.89215000e-08  1.12190168e+00  2.89215000e-08  1.95000012e+00  2.89215000e-08  3.07020101e-04 
 2.89225000e-08  1.06965677e+00  2.89225000e-08  1.94999993e+00  2.89225000e-08  2.87799300e-04 
 2.89235000e-08  1.01747906e+00  2.89235000e-08  1.95000012e+00  2.89235000e-08  2.89035982e-04 
 2.89245000e-08  9.65292873e-01  2.89245000e-08  1.94999993e+00  2.89245000e-08  2.69751250e-04 
 2.89255000e-08  9.13054553e-01  2.89255000e-08  1.95000012e+00  2.89255000e-08  2.71234838e-04 
 2.93175000e-08  1.93480266e-05  2.93175000e-08  1.18285522e+00  2.93175000e-08 -2.55306360e-06 
 2.93185000e-08  1.92506791e-05  2.93185000e-08  1.12878210e+00  2.93185000e-08 -3.01398556e-06 
 2.93195000e-08  1.91383811e-05  2.93195000e-08  1.07405814e+00  2.93195000e-08 -6.89619724e-07 
 2.93205000e-08  1.91364786e-05  2.93205000e-08  1.01867965e+00  2.93205000e-08  3.04713652e-07 
 2.93215000e-08  1.91355857e-05  2.93215000e-08  9.62663184e-01  2.93215000e-08  3.45261882e-06 
 2.93225000e-08  1.92048455e-05  2.93225000e-08  9.06018243e-01  2.93225000e-08  5.28105147e-06 
 2.95065000e-08  9.21486909e-01  2.95065000e-08  1.04345564e-04  2.95065000e-08  1.80425239e-06 
 2.95075000e-08  9.58620662e-01  2.95075000e-08  1.02593349e-04  2.95075000e-08  2.94333724e-06 
 2.95085000e-08  9.95534555e-01  2.95085000e-08  9.90830693e-05  2.95085000e-08  1.73091041e-06 
 2.95095000e-08  1.03213874e+00  2.95095000e-08  9.74484589e-05  2.95095000e-08  2.87062172e-06 
 2.95105000e-08  1.06835769e+00  2.95105000e-08  9.40919788e-05  2.95105000e-08  1.58335804e-06 
 2.95115000e-08  1.10422527e+00  2.95115000e-08  9.25727422e-05  2.95115000e-08  2.70863505e-06 
 2.97735000e-08  1.94999929e+00  2.97735000e-08  8.43449833e-01  2.97735000e-08 -7.80909003e-05 
 2.97745000e-08  1.94999962e+00  2.97745000e-08  9.25509455e-01  2.97745000e-08 -1.26068419e-04 
 2.97755000e-08  1.94999931e+00  2.97755000e-08  1.00582733e+00  2.97755000e-08 -1.62003403e-04 
 2.97765000e-08  1.94999969e+00  2.97765000e-08  1.08432781e+00  2.97765000e-08 -1.83811418e-04 
 2.97775000e-08  1.94999939e+00  2.97775000e-08  1.16103454e+00  2.97775000e-08 -1.99581559e-04 
 2.97785000e-08  1.94999976e+00  2.97785000e-08  1.23610413e+00  2.97785000e-08 -2.24588143e-04 
 2.98925000e-08  1.95000005e+00  2.98925000e-08  1.94994463e+00  2.98925000e-08  8.78256255e-01 
 2.98935000e-08  1.95000002e+00  2.98935000e-08  1.94995143e+00  2.98935000e-08  9.38908529e-01 
 2.98945000e-08  1.95000021e+00  2.98945000e-08  1.94995683e+00  2.98945000e-08  9.98625831e-01 
 2.98955000e-08  1.95000009e+00  2.98955000e-08  1.94996190e+00  2.98955000e-08  1.05970445e+00 
 2.98965000e-08  1.95000016e+00  2.98965000e-08  1.94996886e+00  2.98965000e-08  1.12596983e+00 
 2.98975000e-08  1.94999992e+00  2.98975000e-08  1.94996135e+00  2.98975000e-08  1.19914442e+00 
 3.00425000e-08  1.17604723e+00  3.00425000e-08  1.94999986e+00  3.00425000e-08  1.94997354e+00 
 3.00435000e-08  1.12368534e+00  3.00435000e-08  1.94999992e+00  3.00435000e-08  1.94998423e+00 
 3.00445000e-08  1.07143551e+00  3.00445000e-08  1.94999987e+00  3.00445000e-08  1.94997468e+00 
 3.00455000e-08  1.01925664e+00  3.00455000e-08  1.94999995e+00  3.00455000e-08  1.94999003e+00 
 3.00465000e-08  9.67070268e-01  3.00465000e-08  1.94999987e+00  3.00465000e-08  1.94997457e+00 
 3.00475000e-08  9.14834192e-01  3.00475000e-08  1.94999993e+00  3.00475000e-08  1.94998479e+00 
 3.04395000e-08  1.93556702e-05  3.04395000e-08  1.18472929e+00  3.04395000e-08  1.94994257e+00 
 3.04405000e-08  1.92518951e-05  3.04405000e-08  1.13068048e+00  3.04405000e-08  1.94993692e+00 
 3.04415000e-08  1.91445115e-05  3.04415000e-08  1.07598235e+00  3.04415000e-08  1.94993469e+00 
 3.04425000e-08  1.91329739e-05  3.04425000e-08  1.02062773e+00  3.04425000e-08  1.94993700e+00 
 3.04435000e-08  1.91375256e-05  3.04435000e-08  9.64635790e-01  3.04435000e-08  1.94994593e+00 
 3.04445000e-08  1.92028875e-05  3.04445000e-08  9.08012670e-01  3.04445000e-08  1.94996132e+00 
 3.06285000e-08  9.19624905e-01  3.06285000e-08  9.23635683e-05  3.06285000e-08  1.94996787e+00 
 3.06295000e-08  9.56767767e-01  3.06295000e-08  9.05521217e-05  3.06295000e-08  1.94996809e+00 
 3.06305000e-08  9.93695033e-01  3.06305000e-08  8.77686619e-05  3.06305000e-08  1.94996972e+00 
 3.06315000e-08  1.03031701e+00  3.06315000e-08  8.60621289e-05  3.06315000e-08  1.94996989e+00 
 3.06325000e-08  1.06655498e+00  3.06325000e-08  8.34053353e-05  3.06325000e-08  1.94997145e+00 
 3.06335000e-08  1.10243757e+00  3.06335000e-08  8.17978852e-05  3.06335000e-08  1.94997159e+00 
 3.08955000e-08  1.94999945e+00  3.08955000e-08  8.41213571e-01  3.08955000e-08  1.95005014e+00 
 3.08965000e-08  1.94999972e+00  3.08965000e-08  9.23279388e-01  3.08965000e-08  1.94991942e+00 
 3.08975000e-08  1.94999946e+00  3.08975000e-08  1.00343698e+00  3.08975000e-08  1.94977842e+00 
 3.08985000e-08  1.94999978e+00  3.08985000e-08  1.08159030e+00  3.08985000e-08  1.94962178e+00 
 3.08995000e-08  1.94999952e+00  3.08995000e-08  1.15775548e+00  3.08995000e-08  1.94946783e+00 
 3.09005000e-08  1.94999983e+00  3.09005000e-08  1.23218788e+00  3.09005000e-08  1.94931841e+00 
 3.10285000e-08  1.95000201e+00  3.10285000e-08  1.94997645e+00  3.10285000e-08  1.19368365e+00 
 3.10295000e-08  1.95000275e+00  3.10295000e-08  1.95000833e+00  3.10295000e-08  1.13615354e+00 
 3.10305000e-08  1.95000413e+00  3.10305000e-08  1.95004032e+00  3.10305000e-08  1.07853004e+00 
 3.10315000e-08  1.95000600e+00  3.10315000e-08  1.95006887e+00  3.10315000e-08  1.02059676e+00 
 3.10325000e-08  1.95000897e+00  3.10325000e-08  1.95008885e+00  3.10325000e-08  9.62248356e-01 
 3.10335000e-08  1.95001192e+00  3.10335000e-08  1.95010459e+00  3.10335000e-08  9.03302873e-01 
 3.11645000e-08  1.17859168e+00  3.11645000e-08  1.94999996e+00  3.11645000e-08  3.07585042e-04 
 3.11655000e-08  1.12622545e+00  3.11655000e-08  1.95000013e+00  3.11655000e-08  3.08389416e-04 
 3.11665000e-08  1.07397073e+00  3.11665000e-08  1.94999995e+00  3.11665000e-08  2.87772918e-04 
 3.11675000e-08  1.02179221e+00  3.11675000e-08  1.95000011e+00  3.11675000e-08  2.89001939e-04 
 3.11685000e-08  9.69607384e-01  3.11685000e-08  1.94999994e+00  3.11685000e-08  2.70292517e-04 
 3.11695000e-08  9.17376265e-01  3.11695000e-08  1.95000011e+00  3.11695000e-08  2.72070841e-04 
 3.15615000e-08  1.93628768e-05  3.15615000e-08  1.18739914e+00  3.15615000e-08 -2.63508819e-06 
 3.15625000e-08  1.92536574e-05  3.15625000e-08  1.13337950e+00  3.15625000e-08 -3.02710284e-06 
 3.15635000e-08  1.91520667e-05  3.15635000e-08  1.07871284e+00  3.15635000e-08 -8.93834837e-07 
 3.15645000e-08  1.91325805e-05  3.15645000e-08  1.02338713e+00  3.15645000e-08  1.85513001e-07 
 3.15655000e-08  1.91428282e-05  3.15655000e-08  9.67426249e-01  3.15655000e-08  3.19040270e-06 
 3.15665000e-08  1.92009358e-05  3.15665000e-08  9.10831526e-01  3.15665000e-08  5.09726822e-06 
 3.17505000e-08  9.18316007e-01  3.17505000e-08  1.04657864e-04  3.17505000e-08  1.96536849e-06 
 3.17515000e-08  9.55466376e-01  3.17515000e-08  1.02734690e-04  3.17515000e-08  2.85413301e-06 
 3.17525000e-08  9.92402169e-01  3.17525000e-08  9.93821257e-05  3.17525000e-08  1.83618958e-06 
 3.17535000e-08  1.02903608e+00  3.17535000e-08  9.75801911e-05  3.17535000e-08  2.72131039e-06 
 3.17545000e-08  1.06529428e+00  3.17545000e-08  9.43783629e-05  3.17545000e-08  1.71407429e-06 
 3.17555000e-08  1.10119434e+00  3.17555000e-08  9.26942871e-05  3.17555000e-08  2.59748801e-06 
 3.20175000e-08  1.94999953e+00  3.20175000e-08  8.36445904e-01  3.20175000e-08 -7.34181803e-05 
 3.20185000e-08  1.94999976e+00  3.20185000e-08  9.18649747e-01  3.20185000e-08 -1.22550671e-04 
 3.20195000e-08  1.94999954e+00  3.20195000e-08  9.99118780e-01  3.20195000e-08 -1.59936247e-04 
 3.20205000e-08  1.94999981e+00  3.20205000e-08  1.07777804e+00  3.20205000e-08 -1.81930487e-04 
 3.20215000e-08  1.94999959e+00  3.20215000e-08  1.15462824e+00  3.20215000e-08 -1.98261612e-04 
 3.20225000e-08  1.94999985e+00  3.20225000e-08  1.22983488e+00  3.20225000e-08 -2.22185078e-04 
 3.21365000e-08  1.95000007e+00  3.21365000e-08  1.94994448e+00  3.21365000e-08  8.73083417e-01 
 3.21375000e-08  1.95000006e+00  3.21375000e-08  1.94995060e+00  3.21375000e-08  9.33856185e-01 
 3.21385000e-08  1.95000021e+00  3.21385000e-08  1.94995664e+00  3.21385000e-08  9.93607615e-01 
 3.21395000e-08  1.95000014e+00  3.21395000e-08  1.94996144e+00  3.21395000e-08  1.05436000e+00 
 3.21405000e-08  1.95000018e+00  3.21405000e-08  1.94996882e+00  3.21405000e-08  1.12004687e+00 
 3.21415000e-08  1.94999996e+00  3.21415000e-08  1.94996131e+00  3.21415000e-08  1.19295835e+00 
 3.22865000e-08  1.18046923e+00  3.22865000e-08  1.94999993e+00  3.22865000e-08  1.94997540e+00 
 3.22875000e-08  1.12809804e+00  3.22875000e-08  1.94999990e+00  3.22875000e-08  1.94998448e+00 
 3.22885000e-08  1.07583807e+00  3.22885000e-08  1.94999996e+00  3.22885000e-08  1.94997643e+00 
 3.22895000e-08  1.02365820e+00  3.22895000e-08  1.94999991e+00  3.22895000e-08  1.94998987e+00 
 3.22905000e-08  9.71473093e-01  3.22905000e-08  1.94999994e+00  3.22905000e-08  1.94998095e+00 
 3.22915000e-08  9.19244309e-01  3.22915000e-08  1.94999990e+00  3.22915000e-08  1.94999339e+00 
 3.26835000e-08  1.93695839e-05  3.26835000e-08  1.18934788e+00  3.26835000e-08  1.94994307e+00 
 3.26845000e-08  1.92573083e-05  3.26845000e-08  1.13535348e+00  3.26845000e-08  1.94993735e+00 
 3.26855000e-08  1.91558471e-05  3.26855000e-08  1.08071362e+00  3.26855000e-08  1.94993469e+00 
 3.26865000e-08  1.91303023e-05  3.26865000e-08  1.02541271e+00  3.26865000e-08  1.94993660e+00 
 3.26875000e-08  1.91413196e-05  3.26875000e-08  9.69477376e-01  3.26875000e-08  1.94994487e+00 
 3.26885000e-08  1.91954654e-05  3.26885000e-08  9.12905451e-01  3.26885000e-08  1.94995976e+00 
 3.28725000e-08  9.16379086e-01  3.28725000e-08  9.26702533e-05  3.28725000e-08  1.94996776e+00 
 3.28735000e-08  9.53538731e-01  3.28735000e-08  9.06487116e-05  3.28735000e-08  1.94996804e+00 
 3.28745000e-08  9.90487832e-01  3.28745000e-08  8.80631241e-05  3.28745000e-08  1.94996961e+00 
 3.28755000e-08  1.02713983e+00  3.28755000e-08  8.61508428e-05  3.28755000e-08  1.94996984e+00 
 3.28765000e-08  1.06341810e+00  3.28765000e-08  8.36878005e-05  3.28765000e-08  1.94997135e+00 
 3.28775000e-08  1.09933459e+00  3.28775000e-08  8.18792156e-05  3.28775000e-08  1.94997154e+00 
 3.31395000e-08  1.94999966e+00  3.31395000e-08  8.34127795e-01  3.31395000e-08  1.95006160e+00 
 3.31405000e-08  1.94999982e+00  3.31405000e-08  9.16351097e-01  3.31405000e-08  1.94993048e+00 
 3.31415000e-08  1.94999966e+00  3.31415000e-08  9.96675802e-01  3.31415000e-08  1.94979118e+00 
 3.31425000e-08  1.94999986e+00  3.31425000e-08  1.07500591e+00  3.31425000e-08  1.94963530e+00 
 3.31435000e-08  1.94999969e+00  3.31435000e-08  1.15133082e+00  3.31435000e-08  1.94947919e+00 
 3.31445000e-08  1.94999989e+00  3.31445000e-08  1.22590090e+00  3.31445000e-08  1.94933276e+00 
 3.32725000e-08  1.95000198e+00  3.32725000e-08  1.94997425e+00  3.32725000e-08  1.19858081e+00 
 3.32735000e-08  1.95000273e+00  3.32735000e-08  1.95000498e+00  3.32735000e-08  1.14105112e+00 
 3.32745000e-08  1.95000402e+00  3.32745000e-08  1.95003800e+00  3.32745000e-08  1.08344750e+00 
 3.32755000e-08  1.95000587e+00  3.32755000e-08  1.95006646e+00  3.32755000e-08  1.02554133e+00 
 3.32765000e-08  1.95000867e+00  3.32765000e-08  1.95008760e+00  3.32765000e-08  9.67239192e-01 
 3.32775000e-08  1.95001180e+00  3.32775000e-08  1.95010329e+00  3.32775000e-08  9.08343553e-01 
 3.34085000e-08  1.18316888e+00  3.34085000e-08  1.95000000e+00  3.34085000e-08  3.09884515e-04 
 3.34095000e-08  1.13079251e+00  3.34095000e-08  1.95000000e+00  3.34095000e-08  3.07220092e-04 
 3.34105000e-08  1.07852664e+00  3.34105000e-08  1.94999999e+00  3.34105000e-08  2.90488508e-04 
 3.34115000e-08  1.02634645e+00  3.34115000e-08  1.95000001e+00  3.34115000e-08  2.88313185e-04 
 3.34125000e-08  9.74162313e-01  3.34125000e-08  1.94999999e+00  3.34125000e-08  2.72280779e-04 
 3.34135000e-08  9.21938289e-01  3.34135000e-08  1.95000001e+00  3.34135000e-08  2.70574344e-04 
 3.38065000e-08  1.92621103e-05  3.38065000e-08  1.13809982e+00  3.38065000e-08 -2.91729262e-06 
 3.38075000e-08  1.91609515e-05  3.38075000e-08  1.08349204e+00  3.38075000e-08 -1.22226419e-06 
 3.38085000e-08  1.91307604e-05  3.38085000e-08  1.02822063e+00  3.38085000e-08  1.73159206e-07 
 3.38095000e-08  1.91421747e-05  3.38095000e-08  9.72316966e-01  3.38095000e-08  2.82451840e-06 
 3.38105000e-08  1.91924195e-05  3.38105000e-08  9.15774034e-01  3.38105000e-08  5.00807963e-06 
 3.38115000e-08  1.92699670e-05  3.38115000e-08  8.58635895e-01  3.38115000e-08  8.18246644e-06 
 3.39955000e-08  9.51710700e-01  3.39955000e-08  1.02854595e-04  3.39955000e-08  2.67398321e-06 
 3.39965000e-08  9.88672288e-01  3.39965000e-08  9.97150438e-05  3.39965000e-08  2.02640764e-06 
 3.39975000e-08  1.02534128e+00  3.39975000e-08  9.76907116e-05  3.39975000e-08  2.54300141e-06 
 3.39985000e-08  1.06163845e+00  3.39985000e-08  9.46979637e-05  3.39985000e-08  1.90229916e-06 
 3.39995000e-08  1.09757060e+00  3.39995000e-08  9.27952623e-05  3.39995000e-08  2.42060786e-06 
 3.40005000e-08  1.13324986e+00  3.40005000e-08  8.99399762e-05  3.40005000e-08  1.76714529e-06 
 3.42615000e-08  1.94999975e+00  3.42615000e-08  8.28073244e-01  3.42615000e-08 -6.78916374e-05 
 3.42625000e-08  1.94999986e+00  3.42625000e-08  9.10441278e-01  3.42625000e-08 -1.18172617e-04 
 3.42635000e-08  1.94999975e+00  3.42635000e-08  9.91089123e-01  3.42635000e-08 -1.57343508e-04 
 3.42645000e-08  1.94999989e+00  3.42645000e-08  1.06993461e+00  3.42645000e-08 -1.79617559e-04 
 3.42655000e-08  1.94999978e+00  3.42655000e-08  1.14695839e+00  3.42655000e-08 -1.96892555e-04 
 3.42665000e-08  1.94999991e+00  3.42665000e-08  1.22234269e+00  3.42665000e-08 -2.19317658e-04 
 3.43805000e-08  1.95000006e+00  3.43805000e-08  1.94994413e+00  3.43805000e-08  8.66905298e-01 
 3.43815000e-08  1.95000010e+00  3.43815000e-08  1.94994975e+00  3.43815000e-08  9.27823737e-01 
 3.43825000e-08  1.95000021e+00  3.43825000e-08  1.94995620e+00  3.43825000e-08  9.87627374e-01 
 3.43835000e-08  1.95000018e+00  3.43835000e-08  1.94996095e+00  3.43835000e-08  1.04806473e+00 
 3.43845000e-08  1.95000018e+00  3.43845000e-08  1.94996849e+00  3.43845000e-08  1.11306751e+00 
 3.43855000e-08  1.95000002e+00  3.43855000e-08  1.94996156e+00  3.43855000e-08  1.18556456e+00 
 3.45315000e-08  1.13375304e+00  3.45315000e-08  1.94999971e+00  3.45315000e-08  1.94998421e+00 
 3.45325000e-08  1.08147923e+00  3.45325000e-08  1.94999983e+00  3.45325000e-08  1.94997831e+00 
 3.45335000e-08  1.02929721e+00  3.45335000e-08  1.94999973e+00  3.45335000e-08  1.94998924e+00 
 3.45345000e-08  9.77112854e-01  3.45345000e-08  1.94999987e+00  3.45345000e-08  1.94998251e+00 
 3.45355000e-08  9.24892868e-01  3.45355000e-08  1.94999974e+00  3.45355000e-08  1.94999263e+00 
 3.45365000e-08  8.72583175e-01  3.45365000e-08  1.94999985e+00  3.45365000e-08  1.94998208e+00 
 3.49285000e-08  1.92681634e-05  3.49285000e-08  1.14118404e+00  3.49285000e-08  1.94993792e+00 
 3.49295000e-08  1.91671546e-05  3.49295000e-08  1.08661701e+00  3.49295000e-08  1.94993473e+00 
 3.49305000e-08  1.91301613e-05  3.49305000e-08  1.03138325e+00  3.49305000e-08  1.94993617e+00 
 3.49315000e-08  1.91418880e-05  3.49315000e-08  9.75518778e-01  3.49315000e-08  1.94994361e+00 
 3.49325000e-08  1.91874943e-05  3.49325000e-08  9.19011023e-01  3.49325000e-08  1.94995783e+00 
 3.49335000e-08  1.92613488e-05  3.49335000e-08  8.61908091e-01  3.49335000e-08  1.94997896e+00 
 3.51175000e-08  9.49245184e-01  3.51175000e-08  9.07185830e-05  3.51175000e-08  1.94996794e+00 
 3.51185000e-08  9.86223296e-01  3.51185000e-08  8.84843265e-05  3.51185000e-08  1.94996951e+00 
 3.51195000e-08  1.02291441e+00  3.51195000e-08  8.62117495e-05  3.51195000e-08  1.94996975e+00 
 3.51205000e-08  1.05922963e+00  3.51205000e-08  8.40932919e-05  3.51205000e-08  1.94997126e+00 
 3.51215000e-08  1.09517543e+00  3.51215000e-08  8.19316360e-05  3.51215000e-08  1.94997146e+00 
 3.51225000e-08  1.13086534e+00  3.51225000e-08  7.99226917e-05  3.51225000e-08  1.94997291e+00 
 3.53835000e-08  1.94999991e+00  3.53835000e-08  8.24419669e-01  3.53835000e-08  1.95007656e+00 
 3.53845000e-08  1.94999996e+00  3.53845000e-08  9.06847775e-01  3.53845000e-08  1.94994541e+00 
 3.53855000e-08  1.94999991e+00  3.53855000e-08  9.87402170e-01  3.53855000e-08  1.94980854e+00 
 3.53865000e-08  1.94999996e+00  3.53865000e-08  1.06596851e+00  3.53865000e-08  1.94965375e+00 
 3.53875000e-08  1.94999992e+00  3.53875000e-08  1.14251847e+00  3.53875000e-08  1.94949586e+00 
 3.53885000e-08  1.94999996e+00  3.53885000e-08  1.21729521e+00  3.53885000e-08  1.94935163e+00 
 3.55175000e-08  1.95000263e+00  3.55175000e-08  1.95000045e+00  3.55175000e-08  1.14771287e+00 
 3.55185000e-08  1.95000381e+00  3.55185000e-08  1.95003453e+00  3.55185000e-08  1.09013340e+00 
 3.55195000e-08  1.95000563e+00  3.55195000e-08  1.95006349e+00  3.55195000e-08  1.03226145e+00 
 3.55205000e-08  1.95000821e+00  3.55205000e-08  1.95008574e+00  3.55205000e-08  9.74018719e-01 
 3.55215000e-08  1.95001157e+00  3.55215000e-08  1.95010187e+00  3.55215000e-08  9.15188049e-01 
 3.55225000e-08  1.95001278e+00  3.55225000e-08  1.95011142e+00  3.55225000e-08  8.55744700e-01 
 3.56535000e-08  1.13702102e+00  3.56535000e-08  1.94999974e+00  3.56535000e-08  3.06900429e-04 
 3.56545000e-08  1.08473910e+00  3.56545000e-08  1.94999985e+00  3.56545000e-08  2.93033758e-04 
 3.56555000e-08  1.03255559e+00  3.56555000e-08  1.94999973e+00  3.56555000e-08  2.87940878e-04 
 3.56565000e-08  9.80371472e-01  3.56565000e-08  1.94999989e+00  3.56565000e-08  2.74740571e-04 
 3.56575000e-08  9.28156443e-01  3.56575000e-08  1.94999974e+00  3.56575000e-08  2.70141743e-04 
 3.56585000e-08  8.75851523e-01  3.56585000e-08  1.94999985e+00  3.56585000e-08  2.57579784e-04 
 3.60505000e-08  1.92715821e-05  3.60505000e-08  1.14448378e+00  3.60505000e-08 -2.80641425e-06 
 3.60515000e-08  1.91751392e-05  3.60515000e-08  1.08995574e+00  3.60515000e-08 -1.60748713e-06 
 3.60525000e-08  1.91283919e-05  3.60525000e-08  1.03475788e+00  3.60525000e-08  1.27878662e-07 
 3.60535000e-08  1.91444691e-05  3.60535000e-08  9.78931833e-01  3.60535000e-08  2.38181819e-06 
 3.60545000e-08  1.91820822e-05  3.60545000e-08  9.22459250e-01  3.60545000e-08  4.85150559e-06 
 3.60555000e-08  1.92596606e-05  3.60555000e-08  8.65393289e-01  3.60555000e-08  7.69171187e-06 
 3.62395000e-08  9.47275273e-01  3.62395000e-08  1.02998784e-04  3.62395000e-08  2.44863924e-06 
 3.62405000e-08  9.84266428e-01  3.62405000e-08  1.00183949e-04  3.62405000e-08  2.26565838e-06 
 3.62415000e-08  1.02097492e+00  3.62415000e-08  9.78230752e-05  3.62415000e-08  2.31971977e-06 
 3.62425000e-08  1.05731065e+00  3.62425000e-08  9.51483841e-05  3.62425000e-08  2.13965469e-06 
 3.62435000e-08  1.09327349e+00  3.62435000e-08  9.29150416e-05  3.62435000e-08  2.19842247e-06 
 3.62445000e-08  1.12897255e+00  3.62445000e-08  9.03724900e-05  3.62445000e-08  2.02084445e-06 
 3.65055000e-08  1.94999995e+00  3.65055000e-08  8.17997027e-01  3.65055000e-08 -6.13598736e-05 
 3.65065000e-08  1.94999994e+00  3.65065000e-08  9.00555597e-01  3.65065000e-08 -1.12688675e-04 
 3.65075000e-08  1.94999995e+00  3.65075000e-08  9.81418406e-01  3.65075000e-08 -1.53363293e-04 
 3.65085000e-08  1.94999994e+00  3.65085000e-08  1.06048496e+00  3.65085000e-08 -1.77479295e-04 
 3.65095000e-08  1.94999996e+00  3.65095000e-08  1.13772137e+00  3.65095000e-08 -1.95659297e-04 
 3.65105000e-08  1.94999995e+00  3.65105000e-08  1.21329698e+00  3.65105000e-08 -2.15069329e-04 
 3.66245000e-08  1.95000004e+00  3.66245000e-08  1.94994359e+00  3.66245000e-08  8.59325615e-01 
 3.66255000e-08  1.95000011e+00  3.66255000e-08  1.94994897e+00  3.66255000e-08  9.20434659e-01 
 3.66265000e-08  1.95000018e+00  3.66265000e-08  1.94995551e+00  3.66265000e-08  9.80325397e-01 
 3.66275000e-08  1.95000021e+00  3.66275000e-08  1.94996052e+00  3.66275000e-08  1.04047552e+00 
 3.66285000e-08  1.95000017e+00  3.66285000e-08  1.94996779e+00  3.66285000e-08  1.10469846e+00 
 3.66295000e-08  1.95000006e+00  3.66295000e-08  1.94996240e+00  3.66295000e-08  1.17653639e+00 
 3.67755000e-08  1.13990505e+00  3.67755000e-08  1.94999968e+00  3.67755000e-08  1.94999370e+00 
 3.67765000e-08  1.08761616e+00  3.67765000e-08  1.94999982e+00  3.67765000e-08  1.94998631e+00 
 3.67775000e-08  1.03543109e+00  3.67775000e-08  1.94999970e+00  3.67775000e-08  1.94999015e+00 
 3.67785000e-08  9.83247296e-01  3.67785000e-08  1.94999989e+00  3.67785000e-08  1.94998645e+00 
 3.67795000e-08  9.31036460e-01  3.67795000e-08  1.94999971e+00  3.67795000e-08  1.94999287e+00 
 3.67805000e-08  8.78735948e-01  3.67805000e-08  1.94999985e+00  3.67805000e-08  1.94998877e+00 
 3.71725000e-08  1.92743810e-05  3.71725000e-08  1.14750924e+00  3.71725000e-08  1.94993856e+00 
 3.71735000e-08  1.91813798e-05  3.71735000e-08  1.09302127e+00  3.71735000e-08  1.94993483e+00 
 3.71745000e-08  1.91258201e-05  3.71745000e-08  1.03786050e+00  3.71745000e-08  1.94993578e+00 
 3.71755000e-08  1.91450240e-05  3.71755000e-08  9.82073120e-01  3.71755000e-08  1.94994234e+00 
 3.71765000e-08  1.91757014e-05  3.71765000e-08  9.25635335e-01  3.71765000e-08  1.94995589e+00 
 3.71775000e-08  1.92565611e-05  3.71775000e-08  8.68604225e-01  3.71775000e-08  1.94997609e+00 
 3.73615000e-08  9.45414380e-01  3.73615000e-08  9.08107039e-05  3.73615000e-08  1.94996786e+00 
 3.73625000e-08  9.82418170e-01  3.73625000e-08  8.89199507e-05  3.73625000e-08  1.94996937e+00 
 3.73635000e-08  1.01914331e+00  3.73635000e-08  8.62939431e-05  3.73635000e-08  1.94996968e+00 
 3.73645000e-08  1.05549862e+00  3.73645000e-08  8.45125442e-05  3.73645000e-08  1.94997113e+00 
 3.73655000e-08  1.09147816e+00  3.73655000e-08  8.20044522e-05  3.73655000e-08  1.94997139e+00 
 3.73665000e-08  1.12718894e+00  3.73665000e-08  8.03258626e-05  3.73665000e-08  1.94997278e+00 
 3.76275000e-08  1.94999991e+00  3.76275000e-08  8.15754800e-01  3.76275000e-08  1.95008921e+00 
 3.76285000e-08  1.94999983e+00  3.76285000e-08  8.98361845e-01  3.76285000e-08  1.94995846e+00 
 3.76295000e-08  1.94999992e+00  3.76295000e-08  9.79118038e-01  3.76295000e-08  1.94982366e+00 
 3.76305000e-08  1.94999985e+00  3.76305000e-08  1.05789362e+00  3.76305000e-08  1.94967047e+00 
 3.76315000e-08  1.94999994e+00  3.76315000e-08  1.13464624e+00  3.76315000e-08  1.94951209e+00 
 3.76325000e-08  1.94999986e+00  3.76325000e-08  1.20959164e+00  3.76325000e-08  1.94936806e+00 
 3.77615000e-08  1.95000256e+00  3.77615000e-08  1.94999727e+00  3.77615000e-08  1.15370739e+00 
 3.77625000e-08  1.95000362e+00  3.77625000e-08  1.95003126e+00  3.77625000e-08  1.09614189e+00 
 3.77635000e-08  1.95000542e+00  3.77635000e-08  1.95006065e+00  3.77635000e-08  1.03830650e+00 
 3.77645000e-08  1.95000779e+00  3.77645000e-08  1.95008379e+00  3.77645000e-08  9.80111417e-01 
 3.77655000e-08  1.95001136e+00  3.77655000e-08  1.95010040e+00  3.77655000e-08  9.21345882e-01 
 3.77665000e-08  1.95001274e+00  3.77665000e-08  1.95011075e+00  3.77665000e-08  8.61971524e-01 
 3.78975000e-08  1.14253561e+00  3.78975000e-08  1.94999957e+00  3.78975000e-08  3.07390020e-04 
 3.78985000e-08  1.09024011e+00  3.78985000e-08  1.94999976e+00  3.78985000e-08  2.94544875e-04 
 3.78995000e-08  1.03805333e+00  3.78995000e-08  1.94999958e+00  3.78995000e-08  2.88369581e-04 
 3.79005000e-08  9.85869553e-01  3.79005000e-08  1.94999982e+00  3.79005000e-08  2.76193838e-04 
 3.79015000e-08  9.33662340e-01  3.79015000e-08  1.94999959e+00  3.79015000e-08  2.70525006e-04 
 3.79025000e-08  8.81365701e-01  3.79025000e-08  1.94999977e+00  3.79025000e-08  2.58986569e-04 
 3.82945000e-08  1.92783236e-05  3.82945000e-08  1.15020965e+00  3.82945000e-08 -2.74900905e-06 
 3.82955000e-08  1.91879147e-05  3.82955000e-08  1.09575323e+00  3.82955000e-08 -1.88626104e-06 
 3.82965000e-08  1.91242764e-05  3.82965000e-08  1.04062154e+00  3.82965000e-08  2.63437003e-08 
 3.82975000e-08  1.91455558e-05  3.82975000e-08  9.84865343e-01  3.82975000e-08  2.00771838e-06 
 3.82985000e-08  1.91705499e-05  3.82985000e-08  9.28456241e-01  3.82985000e-08  4.63520219e-06 
 3.82995000e-08  1.92537890e-05  3.82995000e-08  8.71455348e-01  3.82995000e-08  7.27539023e-06 
 3.84835000e-08  9.43455767e-01  3.84835000e-08  1.03131693e-04  3.84835000e-08  2.27384781e-06 
 3.84845000e-08  9.80471869e-01  3.84845000e-08  1.00604545e-04  3.84845000e-08  2.45438998e-06 
 3.84855000e-08  1.01721386e+00  3.84855000e-08  9.79434619e-05  3.84855000e-08  2.14536555e-06 
 3.84865000e-08  1.05358943e+00  3.84865000e-08  9.55518572e-05  3.84865000e-08  2.32621483e-06 
 3.84875000e-08  1.08958654e+00  3.84875000e-08  9.30253003e-05  3.84875000e-08  2.02549056e-06 
 3.84885000e-08  1.12530750e+00  3.84885000e-08  9.07598217e-05  3.84885000e-08  2.20594547e-06 
 3.87495000e-08  1.94999985e+00  3.87495000e-08  8.09314551e-01  3.87495000e-08 -5.58379474e-05 
 3.87505000e-08  1.94999970e+00  3.87505000e-08  8.92034986e-01  3.87505000e-08 -1.07808960e-04 
 3.87515000e-08  1.94999988e+00  3.87515000e-08  9.73081895e-01  3.87515000e-08 -1.49737275e-04 
 3.87525000e-08  1.94999973e+00  3.87525000e-08  1.05233904e+00  3.87525000e-08 -1.75587168e-04 
 3.87535000e-08  1.94999991e+00  3.87535000e-08  1.12976039e+00  3.87535000e-08 -1.94514927e-04 
 3.87545000e-08  1.94999976e+00  3.87545000e-08  1.20550205e+00  3.87545000e-08 -2.11589336e-04 
 3.88685000e-08  1.94999999e+00  3.88685000e-08  1.94994326e+00  3.88685000e-08  8.52849920e-01 
 3.88695000e-08  1.95000011e+00  3.88695000e-08  1.94994829e+00  3.88695000e-08  9.14123743e-01 
 3.88705000e-08  1.95000014e+00  3.88705000e-08  1.94995490e+00  3.88705000e-08  9.74101308e-01 
 3.88715000e-08  1.95000022e+00  3.88715000e-08  1.94996006e+00  3.88715000e-08  1.03407210e+00 
 3.88725000e-08  1.95000014e+00  3.88725000e-08  1.94996703e+00  3.88725000e-08  1.09769353e+00 
 3.88735000e-08  1.95000009e+00  3.88735000e-08  1.94996331e+00  3.88735000e-08  1.16883714e+00 
 3.90195000e-08  1.14485827e+00  3.90195000e-08  1.94999969e+00  3.90195000e-08  1.94999426e+00 
 3.90205000e-08  1.09255735e+00  3.90205000e-08  1.94999982e+00  3.90205000e-08  1.94999234e+00 
 3.90215000e-08  1.04036834e+00  3.90215000e-08  1.94999972e+00  3.90215000e-08  1.94999488e+00 
 3.90225000e-08  9.88184915e-01  3.90225000e-08  1.94999988e+00  3.90225000e-08  1.94999302e+00 
 3.90235000e-08  9.35980297e-01  3.90235000e-08  1.94999972e+00  3.90235000e-08  1.94999544e+00 
 3.90245000e-08  8.83687449e-01  3.90245000e-08  1.94999985e+00  3.90245000e-08  1.94999362e+00 
 3.94165000e-08  1.92824658e-05  3.94165000e-08  1.15257456e+00  3.94165000e-08  1.94993908e+00 
 3.94175000e-08  1.91937600e-05  3.94175000e-08  1.09814998e+00  3.94175000e-08  1.94993499e+00 
 3.94185000e-08  1.91235171e-05  3.94185000e-08  1.04304781e+00  3.94185000e-08  1.94993550e+00 
 3.94195000e-08  1.91458907e-05  3.94195000e-08  9.87322346e-01  3.94195000e-08  1.94994141e+00 
 3.94205000e-08  1.91665249e-05  3.94205000e-08  9.30940893e-01  3.94205000e-08  1.94995437e+00 
 3.94215000e-08  1.92510932e-05  3.94215000e-08  8.73967570e-01  3.94215000e-08  1.94997389e+00 
 3.96055000e-08  9.41791949e-01  3.96055000e-08  9.08912987e-05  3.96055000e-08  1.94996783e+00 
 3.96065000e-08  9.78818297e-01  3.96065000e-08  8.92661808e-05  3.96065000e-08  1.94996923e+00 
 3.96075000e-08  1.01557440e+00  3.96075000e-08  8.63664159e-05  3.96075000e-08  1.94996965e+00 
 3.96085000e-08  1.05197531e+00  3.96085000e-08  8.48449737e-05  3.96085000e-08  1.94997099e+00 
 3.96095000e-08  1.08799543e+00  3.96095000e-08  8.20696115e-05  3.96095000e-08  1.94997137e+00 
 3.96105000e-08  1.12372504e+00  3.96105000e-08  8.06460665e-05  3.96105000e-08  1.94997265e+00 
 3.98715000e-08  1.94999980e+00  3.98715000e-08  8.07491281e-01  3.98715000e-08  1.95010071e+00 
 3.98725000e-08  1.94999959e+00  3.98725000e-08  8.90262645e-01  3.98725000e-08  1.94997065e+00 
 3.98735000e-08  1.94999984e+00  3.98735000e-08  9.71208990e-01  3.98735000e-08  1.94983792e+00 
 3.98745000e-08  1.94999964e+00  3.98745000e-08  1.05018311e+00  3.98745000e-08  1.94968638e+00 
 3.98755000e-08  1.94999988e+00  3.98755000e-08  1.12713042e+00  3.98755000e-08  1.94952775e+00 
 3.98765000e-08  1.94999965e+00  3.98765000e-08  1.20222292e+00  3.98765000e-08  1.94938383e+00 
 4.00055000e-08  1.95000248e+00  4.00055000e-08  1.94999422e+00  4.00055000e-08  1.15958946e+00 
 4.00065000e-08  1.95000344e+00  4.00065000e-08  1.95002797e+00  4.00065000e-08  1.10203342e+00 
 4.00075000e-08  1.95000522e+00  4.00075000e-08  1.95005779e+00  4.00075000e-08  1.04423459e+00 
 4.00085000e-08  1.95000741e+00  4.00085000e-08  1.95008178e+00  4.00085000e-08  9.86082398e-01 
 4.00095000e-08  1.95001115e+00  4.00095000e-08  1.95009890e+00  4.00095000e-08  9.27381776e-01 
 4.00105000e-08  1.95001266e+00  4.00105000e-08  1.95011000e+00  4.00105000e-08  8.68072299e-01 
 4.01415000e-08  1.14736515e+00  4.01415000e-08  1.94999961e+00  4.01415000e-08  3.08321595e-04 
 4.01425000e-08  1.09506047e+00  4.01425000e-08  1.94999986e+00  4.01425000e-08  2.95556215e-04 
 4.01435000e-08  1.04286792e+00  4.01435000e-08  1.94999957e+00  4.01435000e-08  2.89234344e-04 
 4.01445000e-08  9.90686709e-01  4.01445000e-08  1.94999982e+00  4.01445000e-08  2.77154563e-04 
 4.01455000e-08  9.38483877e-01  4.01455000e-08  1.94999954e+00  4.01455000e-08  2.71315515e-04 
 4.01465000e-08  8.86196813e-01  4.01465000e-08  1.94999978e+00  4.01465000e-08  2.59883367e-04 
 4.05385000e-08  1.92854271e-05  4.05385000e-08  1.15518892e+00  4.05385000e-08 -2.70454610e-06 
 4.05395000e-08  1.91995298e-05  4.05395000e-08  1.10079270e+00  4.05395000e-08 -2.10540938e-06 
 4.05405000e-08  1.91239796e-05  4.05405000e-08  1.04572088e+00  4.05405000e-08 -6.85183027e-08 
 4.05415000e-08  1.91476124e-05  4.05415000e-08  9.90023675e-01  4.05415000e-08  1.71191926e-06 
 4.05425000e-08  1.91648469e-05  4.05425000e-08  9.33672019e-01  4.05425000e-08  4.46684169e-06 
 4.05435000e-08  1.92503250e-05  4.05435000e-08  8.76726272e-01  4.05435000e-08  6.94963804e-06 
 4.07275000e-08  9.40305129e-01  4.07275000e-08  1.03255946e-04  4.07275000e-08  2.13155015e-06 
 4.07285000e-08  9.77340492e-01  4.07285000e-08  1.00964023e-04  4.07285000e-08  2.60875398e-06 
 4.07295000e-08  1.01410904e+00  4.07295000e-08  9.80574822e-05  4.07295000e-08  2.00372437e-06 
 4.07305000e-08  1.05052540e+00  4.07305000e-08  9.58955475e-05  4.07305000e-08  2.47871625e-06 
 4.07315000e-08  1.08655927e+00  4.07315000e-08  9.31300625e-05  4.07315000e-08  1.88457209e-06 
 4.07325000e-08  1.12229735e+00  4.07325000e-08  9.10907427e-05  4.07325000e-08  2.35752747e-06 
 4.09935000e-08  1.94999970e+00  4.09935000e-08  8.02159387e-01  4.09935000e-08 -5.03276912e-05 
 4.09945000e-08  1.94999945e+00  4.09945000e-08  8.85008312e-01  4.09945000e-08 -1.03510082e-04 
 4.09955000e-08  1.94999976e+00  4.09955000e-08  9.66203013e-01  4.09955000e-08 -1.46574846e-04 
 4.09965000e-08  1.94999951e+00  4.09965000e-08  1.04561474e+00  4.09965000e-08 -1.73783365e-04 
 4.09975000e-08  1.94999981e+00  4.09975000e-08  1.12318877e+00  4.09975000e-08 -1.93240417e-04 
 4.09985000e-08  1.94999953e+00  4.09985000e-08  1.19905357e+00  4.09985000e-08 -2.09053998e-04 
 4.11125000e-08  1.94999991e+00  4.11125000e-08  1.94994305e+00  4.11125000e-08  8.47526267e-01 
 4.11135000e-08  1.95000007e+00  4.11135000e-08  1.94994775e+00  4.11135000e-08  9.08939715e-01 
 4.11145000e-08  1.95000005e+00  4.11145000e-08  1.94995440e+00  4.11145000e-08  9.68997884e-01 
 4.11155000e-08  1.95000019e+00  4.11155000e-08  1.94995968e+00  4.11155000e-08  1.02886051e+00 
 4.11165000e-08  1.95000008e+00  4.11165000e-08  1.94996633e+00  4.11165000e-08  1.09203609e+00 
 4.11175000e-08  1.95000008e+00  4.11175000e-08  1.94996420e+00  4.11175000e-08  1.16253320e+00 
 4.12635000e-08  1.14969008e+00  4.12635000e-08  1.94999973e+00  4.12635000e-08  1.94999285e+00 
 4.12645000e-08  1.09738037e+00  4.12645000e-08  1.94999985e+00  4.12645000e-08  1.94999378e+00 
 4.12655000e-08  1.04518311e+00  4.12655000e-08  1.94999975e+00  4.12655000e-08  1.94999352e+00 
 4.12665000e-08  9.93002284e-01  4.12665000e-08  1.94999991e+00  4.12665000e-08  1.94999440e+00 
 4.12675000e-08  9.40800330e-01  4.12675000e-08  1.94999976e+00  4.12675000e-08  1.94999404e+00 
 4.12685000e-08  8.88517294e-01  4.12685000e-08  1.94999987e+00  4.12685000e-08  1.94999490e+00 
 4.16605000e-08  1.92894484e-05  4.16605000e-08  1.15762673e+00  4.16605000e-08  1.94993959e+00 
 4.16615000e-08  1.92062660e-05  4.16615000e-08  1.10326116e+00  4.16615000e-08  1.94993519e+00 
 4.16625000e-08  1.91220714e-05  4.16625000e-08  1.04822209e+00  4.16625000e-08  1.94993525e+00 
 4.16635000e-08  1.91476801e-05  4.16635000e-08  9.92554714e-01  4.16635000e-08  1.94994055e+00 
 4.16645000e-08  1.91658783e-05  4.16645000e-08  9.36233752e-01  4.16645000e-08  1.94995289e+00 
 4.16655000e-08  1.92559178e-05  4.16655000e-08  8.79314912e-01  4.16655000e-08  1.94997177e+00 
 4.18495000e-08  9.38330847e-01  4.18495000e-08  9.09859722e-05  4.18495000e-08  1.94996782e+00 
 4.18505000e-08  9.75377734e-01  4.18505000e-08  8.95995314e-05  4.18505000e-08  1.94996907e+00 
 4.18515000e-08  1.01216283e+00  4.18515000e-08  8.64529896e-05  4.18515000e-08  1.94996964e+00 
 4.18525000e-08  1.04859943e+00  4.18525000e-08  8.51648407e-05  4.18525000e-08  1.94997084e+00 
 4.18535000e-08  1.08465202e+00  4.18535000e-08  8.21486462e-05  4.18535000e-08  1.94997136e+00 
 4.18545000e-08  1.12040160e+00  4.18545000e-08  8.09530887e-05  4.18545000e-08  1.94997250e+00 
 4.20000000e-08  1.94993712e+00  4.20000000e-08 -8.08678848e-05  4.20000000e-08  1.94999938e+00 
