 time            v(b_out)        time            v(u_puf_u_core_sel_ro) time            v(q)           
 0.00000000e+00  4.68653885e-09  0.00000000e+00  2.46749735e-09  0.00000000e+00  2.46749746e-09 
 2.57750000e-09  9.12262226e-01  2.57750000e-09  2.97775188e-09  2.57750000e-09  2.46769194e-09 
 2.57850000e-09  9.53310683e-01  2.57850000e-09  2.97922698e-09  2.57850000e-09  2.46768145e-09 
 2.57950000e-09  9.93772168e-01  2.57950000e-09  2.97637082e-09  2.57950000e-09  2.46767329e-09 
 2.58050000e-09  1.03364605e+00  2.58050000e-09  2.97172492e-09  2.58050000e-09  2.46767434e-09 
 2.58150000e-09  1.07298970e+00  2.58150000e-09  2.96976393e-09  2.58150000e-09  2.46768167e-09 
 2.58250000e-09  1.11184490e+00  2.58250000e-09  2.96092756e-09  2.58250000e-09  2.46767135e-09 
 2.89350000e-09  1.94996422e+00  2.89350000e-09  7.91835847e-01  2.89350000e-09 -4.44509706e-05 
 2.89450000e-09  1.94996424e+00  2.89450000e-09  8.74869146e-01  2.89450000e-09 -9.65645690e-05 
 2.89550000e-09  1.94996451e+00  2.89550000e-09  9.56277771e-01  2.89550000e-09 -1.40242218e-04 
 2.89650000e-09  1.94996453e+00  2.89650000e-09  1.03591056e+00  2.89650000e-09 -1.69938330e-04 
 2.89750000e-09  1.94996481e+00  2.89750000e-09  1.11370186e+00  2.89750000e-09 -1.89460363e-04 
 2.89850000e-09  1.94996483e+00  2.89850000e-09  1.18977139e+00  2.89850000e-09 -2.04651725e-04 
 3.01350000e-09  1.94991322e+00  3.01350000e-09  1.94994132e+00  3.01350000e-09  8.90215840e-01 
 3.01450000e-09  1.94998595e+00  3.01450000e-09  1.94994842e+00  3.01450000e-09  9.50521378e-01 
 3.01550000e-09  1.95009889e+00  3.01550000e-09  1.94995452e+00  3.01550000e-09  1.01010785e+00 
 3.01650000e-09  1.95023778e+00  3.01650000e-09  1.94996015e+00  3.01650000e-09  1.07183741e+00 
 3.01750000e-09  1.95042199e+00  3.01750000e-09  1.94996532e+00  3.01750000e-09  1.13951990e+00 
 3.01850000e-09  1.95063223e+00  3.01850000e-09  1.94995905e+00  3.01850000e-09  1.21282144e+00 
 3.11450000e-09  1.13359184e+00  3.11450000e-09  1.94999828e+00  3.11450000e-09  1.94988611e+00 
 3.11550000e-09  1.08158112e+00  3.11550000e-09  1.94999813e+00  3.11550000e-09  1.94987226e+00 
 3.11650000e-09  1.02985643e+00  3.11650000e-09  1.94999847e+00  3.11650000e-09  1.94990145e+00 
 3.11750000e-09  9.78318399e-01  3.11750000e-09  1.94999832e+00  3.11750000e-09  1.94988723e+00 
 3.11850000e-09  9.26948422e-01  3.11850000e-09  1.94999865e+00  3.11850000e-09  1.94991474e+00 
 3.11950000e-09  8.75681678e-01  3.11950000e-09  1.94999849e+00  3.11950000e-09  1.94990025e+00 
 3.55850000e-09 -2.49985815e-06  3.55850000e-09  1.16713182e+00  3.55850000e-09  1.94994063e+00 
 3.55950000e-09 -1.24923078e-07  3.55950000e-09  1.11287492e+00  3.55950000e-09  1.94993563e+00 
 3.56050000e-09  2.90923855e-06  3.56050000e-09  1.05795309e+00  3.56050000e-09  1.94993494e+00 
 3.56150000e-09  6.82688591e-06  3.56150000e-09  1.00239286e+00  3.56150000e-09  1.94993906e+00 
 3.56250000e-09  1.41208182e-05  3.56250000e-09  9.46184495e-01  3.56250000e-09  1.94995030e+00 
 3.56350000e-09  2.39483259e-05  3.56350000e-09  8.89366386e-01  3.56350000e-09  1.94996786e+00 
 3.69950000e-09  9.10691133e-01  3.69950000e-09  3.08665894e-04  3.69950000e-09  1.94986533e+00 
 3.70050000e-09  9.51762527e-01  3.70050000e-09  3.03172857e-04  3.70050000e-09  1.94986911e+00 
 3.70150000e-09  9.92246167e-01  3.70150000e-09  2.93412779e-04  3.70150000e-09  1.94987286e+00 
 3.70250000e-09  1.03214263e+00  3.70250000e-09  2.88318806e-04  3.70250000e-09  1.94987653e+00 
 3.70350000e-09  1.07150718e+00  3.70350000e-09  2.79040872e-04  3.70350000e-09  1.94988016e+00 
 3.70450000e-09  1.11038281e+00  3.70450000e-09  2.74280869e-04  3.70450000e-09  1.94988368e+00 
 4.01550000e-09  1.94996419e+00  4.01550000e-09  8.22801249e-01  4.01550000e-09  1.95007903e+00 
 4.01650000e-09  1.94996424e+00  4.01650000e-09  9.05255145e-01  4.01650000e-09  1.94994794e+00 
 4.01750000e-09  1.94996450e+00  4.01750000e-09  9.85841117e-01  4.01750000e-09  1.94981147e+00 
 4.01850000e-09  1.94996454e+00  4.01850000e-09  1.06443580e+00  4.01850000e-09  1.94965690e+00 
 4.01950000e-09  1.94996480e+00  4.01950000e-09  1.14100186e+00  4.01950000e-09  1.94949889e+00 
 4.02050000e-09  1.94996484e+00  4.02050000e-09  1.21579792e+00  4.02050000e-09  1.94935469e+00 
 4.14950000e-09  1.95121982e+00  4.14950000e-09  1.94999984e+00  4.14950000e-09  1.14863320e+00 
 4.15050000e-09  1.95110499e+00  4.15050000e-09  1.95003404e+00  4.15050000e-09  1.09105801e+00 
 4.15150000e-09  1.95097557e+00  4.15150000e-09  1.95006303e+00  4.15150000e-09  1.03319171e+00 
 4.15250000e-09  1.95081905e+00  4.15250000e-09  1.95008544e+00  4.15250000e-09  9.74958464e-01 
 4.15350000e-09  1.95060953e+00  4.15350000e-09  1.95010157e+00  4.15350000e-09  9.16138234e-01 
 4.15450000e-09  1.95033501e+00  4.15450000e-09  1.95011134e+00  4.15450000e-09  8.56707846e-01 
 4.23650000e-09  1.13547212e+00  4.23650000e-09  1.94999993e+00  4.23650000e-09  1.42548595e-03 
 4.23750000e-09  1.08344984e+00  4.23750000e-09  1.94999962e+00  4.23750000e-09  1.38814193e-03 
 4.23850000e-09  1.03171727e+00  4.23850000e-09  1.94999989e+00  4.23850000e-09  1.33974523e-03 
 4.23950000e-09  9.80172205e-01  4.23950000e-09  1.94999959e+00  4.23950000e-09  1.30490699e-03 
 4.24050000e-09  9.28797940e-01  4.24050000e-09  1.94999986e+00  4.24050000e-09  1.25907715e-03 
 4.24150000e-09  8.77526690e-01  4.24150000e-09  1.94999962e+00  4.24150000e-09  1.22656823e-03 
 4.68050000e-09 -2.56454757e-06  4.68050000e-09  1.16910980e+00  4.68050000e-09 -3.04283254e-06 
 4.68150000e-09 -2.29434289e-07  4.68150000e-09  1.11487378e+00  4.68150000e-09 -2.20729661e-06 
 4.68250000e-09  2.78208354e-06  4.68250000e-09  1.05997459e+00  4.68250000e-09 -7.91529658e-07 
 4.68350000e-09  6.65922900e-06  4.68350000e-09  1.00443522e+00  4.68350000e-09  1.33272820e-06 
 4.68450000e-09  1.38298447e-05  4.68450000e-09  9.48249299e-01  4.68450000e-09  3.63811469e-06 
 4.68550000e-09  2.35464628e-05  4.68550000e-09  8.91451880e-01  4.68550000e-09  6.45628394e-06 
 4.82150000e-09  9.09296895e-01  4.82150000e-09  3.74472920e-04  4.82150000e-09  1.01127391e-05 
 4.82250000e-09  9.50388632e-01  4.82250000e-09  3.65696728e-04  4.82250000e-09  1.09242665e-05 
 4.82350000e-09  9.90891966e-01  4.82350000e-09  3.54037385e-04  4.82350000e-09  9.37342657e-06 
 4.82450000e-09  1.03080717e+00  4.82450000e-09  3.45842870e-04  4.82450000e-09  1.02065895e-05 
 4.82550000e-09  1.07018809e+00  4.82550000e-09  3.34820042e-04  4.82550000e-09  8.69166867e-06 
 4.82650000e-09  1.10907586e+00  4.82650000e-09  3.27167001e-04  4.82650000e-09  9.54510865e-06 
 5.13750000e-09  1.94996418e+00  5.13750000e-09  8.18035073e-01  5.13750000e-09 -6.15749345e-05 
 5.13850000e-09  1.94996424e+00  5.13850000e-09  9.00592192e-01  5.13850000e-09 -1.12566959e-04 
 5.13950000e-09  1.94996448e+00  5.13950000e-09  9.81452115e-01  5.13950000e-09 -1.53513719e-04 
 5.14050000e-09  1.94996454e+00  5.14050000e-09  1.06051667e+00  5.14050000e-09 -1.77320404e-04 
 5.14150000e-09  1.94996478e+00  5.14150000e-09  1.13775127e+00  5.14150000e-09 -1.95799087e-04 
 5.14250000e-09  1.94996484e+00  5.14250000e-09  1.21332582e+00  5.14250000e-09 -2.14928158e-04 
 5.25650000e-09  1.94986309e+00  5.25650000e-09  1.94994361e+00  5.25650000e-09  8.59468826e-01 
 5.25750000e-09  1.94991056e+00  5.25750000e-09  1.94994898e+00  5.25750000e-09  9.20571241e-01 
 5.25850000e-09  1.94998214e+00  5.25850000e-09  1.94995553e+00  5.25850000e-09  9.80457905e-01 
 5.25950000e-09  1.95009336e+00  5.25950000e-09  1.94996051e+00  5.25950000e-09  1.04061018e+00 
 5.26050000e-09  1.95023054e+00  5.26050000e-09  1.94996781e+00  5.26050000e-09  1.10484505e+00 
 5.26150000e-09  1.95041304e+00  5.26150000e-09  1.94996236e+00  5.26150000e-09  1.17669435e+00 
 5.35850000e-09  1.13595040e+00  5.35850000e-09  1.94999841e+00  5.35850000e-09  1.94987360e+00 
 5.35950000e-09  1.08392515e+00  5.35950000e-09  1.94999817e+00  5.35950000e-09  1.94989312e+00 
 5.36050000e-09  1.03219058e+00  5.36050000e-09  1.94999860e+00  5.36050000e-09  1.94988893e+00 
 5.36150000e-09  9.80643721e-01  5.36150000e-09  1.94999835e+00  5.36150000e-09  1.94990688e+00 
 5.36250000e-09  9.29268378e-01  5.36250000e-09  1.94999875e+00  5.36250000e-09  1.94990212e+00 
 5.36350000e-09  8.77995988e-01  5.36350000e-09  1.94999850e+00  5.36350000e-09  1.94991893e+00 
 5.80250000e-09 -2.57938756e-06  5.80250000e-09  1.16962376e+00  5.80250000e-09  1.94994083e+00 
 5.80350000e-09 -2.53119387e-07  5.80350000e-09  1.11539598e+00  5.80350000e-09  1.94993586e+00 
 5.80450000e-09  2.75337172e-06  5.80450000e-09  1.06050547e+00  5.80450000e-09  1.94993481e+00 
 5.80550000e-09  6.62172215e-06  5.80550000e-09  1.00497399e+00  5.80550000e-09  1.94993879e+00 
 5.80650000e-09  1.37524189e-05  5.80650000e-09  9.48795825e-01  5.80650000e-09  1.94994958e+00 
 5.80750000e-09  2.34486580e-05  5.80750000e-09  8.92004857e-01  5.80750000e-09  1.94996695e+00 
 5.94350000e-09  9.08954427e-01  5.94350000e-09  3.09081120e-04  5.94350000e-09  1.94986525e+00 
 5.94450000e-09  9.50051149e-01  5.94450000e-09  3.03474826e-04  5.94450000e-09  1.94986884e+00 
 5.94550000e-09  9.90559304e-01  5.94550000e-09  2.93804745e-04  5.94550000e-09  1.94987278e+00 
 5.94650000e-09  1.03047928e+00  5.94650000e-09  2.88601874e-04  5.94650000e-09  1.94987628e+00 
 5.94750000e-09  1.06986441e+00  5.94750000e-09  2.79412884e-04  5.94750000e-09  1.94988008e+00 
 5.94850000e-09  1.10875590e+00  5.94850000e-09  2.74547448e-04  5.94850000e-09  1.94988343e+00 
 6.25950000e-09  1.94996417e+00  6.25950000e-09  8.19226932e-01  6.25950000e-09  1.95008418e+00 
 6.26050000e-09  1.94996424e+00  6.26050000e-09  9.01760893e-01  6.26050000e-09  1.94995326e+00 
 6.26150000e-09  1.94996448e+00  6.26150000e-09  9.82434359e-01  6.26150000e-09  1.94981765e+00 
 6.26250000e-09  1.94996454e+00  6.26250000e-09  1.06111537e+00  6.26250000e-09  1.94966390e+00 
 6.26350000e-09  1.94996478e+00  6.26350000e-09  1.13776529e+00  6.26350000e-09  1.94950576e+00 
 6.26450000e-09  1.94996485e+00  6.26450000e-09  1.21263130e+00  6.26450000e-09  1.94936171e+00 
 6.39350000e-09  1.95122417e+00  6.39350000e-09  1.94999853e+00  6.39350000e-09  1.15121463e+00 
 6.39450000e-09  1.95110959e+00  6.39450000e-09  1.95003264e+00  6.39450000e-09  1.09364500e+00 
 6.39550000e-09  1.95098098e+00  6.39550000e-09  1.95006182e+00  6.39550000e-09  1.03579422e+00 
 6.39650000e-09  1.95082589e+00  6.39650000e-09  1.95008459e+00  6.39650000e-09  9.77580994e-01 
 6.39750000e-09  1.95061883e+00  6.39750000e-09  1.95010094e+00  6.39750000e-09  9.18788486e-01 
 6.39850000e-09  1.95034682e+00  6.39850000e-09  1.95011103e+00  6.39850000e-09  8.59387227e-01 
 6.48050000e-09  1.13752576e+00  6.48050000e-09  1.94999993e+00  6.48050000e-09  1.42754008e-03 
 6.48150000e-09  1.08549081e+00  6.48150000e-09  1.94999958e+00  6.48150000e-09  1.38964310e-03 
 6.48250000e-09  1.03374962e+00  6.48250000e-09  1.94999988e+00  6.48250000e-09  1.34167831e-03 
 6.48350000e-09  9.82196908e-01  6.48350000e-09  1.94999954e+00  6.48350000e-09  1.30629401e-03 
 6.48450000e-09  9.30818036e-01  6.48450000e-09  1.94999984e+00  6.48450000e-09  1.26093223e-03 
 6.48550000e-09  8.79541940e-01  6.48550000e-09  1.94999957e+00  6.48550000e-09  1.22787348e-03 
 6.92450000e-09 -2.60380375e-06  6.92450000e-09  1.17117325e+00  6.92450000e-09 -2.98946020e-06 
 6.92550000e-09 -2.90068821e-07  6.92550000e-09  1.11696132e+00  6.92550000e-09 -2.31818107e-06 
 6.92650000e-09  2.70813709e-06  6.92650000e-09  1.06208807e+00  6.92650000e-09 -7.96109368e-07 
 6.92750000e-09  6.56435487e-06  6.92750000e-09  1.00657248e+00  6.92750000e-09  1.18897696e-06 
 6.92850000e-09  1.36342526e-05  6.92850000e-09  9.50411569e-01  6.92850000e-09  3.59622432e-06 
 6.92950000e-09  2.32966491e-05  6.92950000e-09  8.93636596e-01  6.92950000e-09  6.29071450e-06 
 7.06550000e-09  9.08365158e-01  7.06550000e-09  3.74796548e-04  7.06550000e-09  1.00558780e-05 
 7.06650000e-09  9.49470421e-01  7.06650000e-09  3.66151905e-04  7.06650000e-09  1.10120965e-05 
 7.06750000e-09  9.89986915e-01  7.06750000e-09  3.54338480e-04  7.06750000e-09  9.31519961e-06 
 7.06850000e-09  1.02991512e+00  7.06850000e-09  3.46273514e-04  7.06850000e-09  1.02933027e-05 
 7.06950000e-09  1.06930754e+00  7.06950000e-09  3.35100253e-04  7.06950000e-09  8.63226935e-06 
 7.07050000e-09  1.10820547e+00  7.07050000e-09  3.27574724e-04  7.07050000e-09  9.63073656e-06 
 7.38150000e-09  1.94996418e+00  7.38150000e-09  8.15992123e-01  7.38150000e-09 -6.02516496e-05 
 7.38250000e-09  1.94996425e+00  7.38250000e-09  8.98583397e-01  7.38250000e-09 -1.11332201e-04 
 7.38350000e-09  1.94996448e+00  7.38350000e-09  9.79484506e-01  7.38350000e-09 -1.52647495e-04 
 7.38450000e-09  1.94996455e+00  7.38450000e-09  1.05859479e+00  7.38450000e-09 -1.76918618e-04 
 7.38550000e-09  1.94996478e+00  7.38550000e-09  1.13587324e+00  7.38550000e-09 -1.95591604e-04 
 7.38650000e-09  1.94996485e+00  7.38650000e-09  1.21148691e+00  7.38650000e-09 -2.14077016e-04 
 7.50050000e-09  1.94986158e+00  7.50050000e-09  1.94994351e+00  7.50050000e-09  8.57913903e-01 
 7.50150000e-09  1.94990802e+00  7.50150000e-09  1.94994881e+00  7.50150000e-09  9.19056016e-01 
 7.50250000e-09  1.94997848e+00  7.50250000e-09  1.94995539e+00  7.50250000e-09  9.78962489e-01 
 7.50350000e-09  1.95008761e+00  7.50350000e-09  1.94996041e+00  7.50350000e-09  1.03906628e+00 
 7.50450000e-09  1.95022373e+00  7.50450000e-09  1.94996765e+00  7.50450000e-09  1.10315062e+00 
 7.50550000e-09  1.95040450e+00  7.50550000e-09  1.94996256e+00  7.50550000e-09  1.17484429e+00 
 7.60250000e-09  1.13820403e+00  7.60250000e-09  1.94999840e+00  7.60250000e-09  1.94987417e+00 
 7.60350000e-09  1.08616501e+00  7.60350000e-09  1.94999816e+00  7.60350000e-09  1.94989210e+00 
 7.60450000e-09  1.03442108e+00  7.60450000e-09  1.94999858e+00  7.60450000e-09  1.94988946e+00 
 7.60550000e-09  9.82865946e-01  7.60550000e-09  1.94999835e+00  7.60550000e-09  1.94990607e+00 
 7.60650000e-09  9.31485643e-01  7.60650000e-09  1.94999876e+00  7.60650000e-09  1.94990279e+00 
 7.60750000e-09  8.80208041e-01  7.60750000e-09  1.94999851e+00  7.60750000e-09  1.94991807e+00 
 8.01250000e-09 -5.47535769e-07  8.01250000e-09  2.00750571e+00  8.01250000e-09  1.94999931e+00 
 8.04650000e-09 -2.64258863e-06  8.04650000e-09  1.17182669e+00  8.04650000e-09  1.94994109e+00 
 8.04750000e-09 -3.52307233e-07  8.04750000e-09  1.11762462e+00  8.04750000e-09  1.94993598e+00 
 8.04850000e-09  2.63396123e-06  8.04850000e-09  1.06276179e+00  8.04850000e-09  1.94993478e+00 
 8.04950000e-09  6.46757347e-06  8.04950000e-09  1.00725570e+00  8.04950000e-09  1.94993848e+00 
 8.05050000e-09  1.34377044e-05  8.05050000e-09  9.51104245e-01  8.05050000e-09  1.94994903e+00 
 8.05150000e-09  2.30595705e-05  8.05150000e-09  8.94337262e-01  8.05150000e-09  1.94996608e+00 
 8.18750000e-09  9.07384942e-01  8.18750000e-09  3.09492878e-04  8.18750000e-09  1.94986520e+00 
 8.18850000e-09  9.48504461e-01  8.18850000e-09  3.03748862e-04  8.18850000e-09  1.94986859e+00 
 8.18950000e-09  9.89034777e-01  8.18950000e-09  2.94194062e-04  8.18950000e-09  1.94987273e+00 
 8.19050000e-09  1.02897665e+00  8.19050000e-09  2.88857928e-04  8.19050000e-09  1.94987602e+00 
 8.19150000e-09  1.06838116e+00  8.19150000e-09  2.79783045e-04  8.19150000e-09  1.94988004e+00 
 8.19250000e-09  1.10728982e+00  8.19250000e-09  2.74788116e-04  8.19250000e-09  1.94988319e+00 
 8.50350000e-09  1.94996416e+00  8.50350000e-09  8.15888516e-01  8.50350000e-09  1.95008902e+00 
 8.50450000e-09  1.94996425e+00  8.50450000e-09  8.98490939e-01  8.50450000e-09  1.94995825e+00 
 8.50550000e-09  1.94996447e+00  8.50550000e-09  9.79242507e-01  8.50550000e-09  1.94982345e+00 
 8.50650000e-09  1.94996455e+00  8.50650000e-09  1.05800436e+00  8.50650000e-09  1.94967034e+00 
 8.50750000e-09  1.94996476e+00  8.50750000e-09  1.13473294e+00  8.50750000e-09  1.94951212e+00 
 8.50850000e-09  1.94996485e+00  8.50850000e-09  1.20966453e+00  8.50850000e-09  1.94936798e+00 
 8.63750000e-09  1.95122768e+00  8.63750000e-09  1.94999732e+00  8.63750000e-09  1.15352655e+00 
 8.63850000e-09  1.95111336e+00  8.63850000e-09  1.95003135e+00  8.63850000e-09  1.09596110e+00 
 8.63950000e-09  1.95098546e+00  8.63950000e-09  1.95006071e+00  8.63950000e-09  1.03812523e+00 
 8.64050000e-09  1.95083159e+00  8.64050000e-09  1.95008382e+00  8.64050000e-09  9.79929312e-01 
 8.64150000e-09  1.95062664e+00  8.64150000e-09  1.95010036e+00  8.64150000e-09  9.21162695e-01 
 8.64250000e-09  1.95035679e+00  8.64250000e-09  1.95011076e+00  8.64250000e-09  8.61787158e-01 
 8.72450000e-09  1.13918795e+00  8.72450000e-09  1.94999992e+00  8.72450000e-09  1.42926799e-03 
 8.72550000e-09  1.08714275e+00  8.72550000e-09  1.94999954e+00  8.72550000e-09  1.39132408e-03 
 8.72650000e-09  1.03539464e+00  8.72650000e-09  1.94999986e+00  8.72650000e-09  1.34333391e-03 
 8.72750000e-09  9.83835811e-01  8.72750000e-09  1.94999949e+00  8.72750000e-09  1.30787004e-03 
 8.72850000e-09  9.32453325e-01  8.72850000e-09  1.94999982e+00  8.72850000e-09  1.26249632e-03 
 8.72950000e-09  8.81173422e-01  8.72950000e-09  1.94999954e+00  8.72950000e-09  1.22932103e-03 
 9.16850000e-09 -2.68994792e-06  9.16850000e-09  1.17287332e+00  9.16850000e-09 -2.95563738e-06 
 9.16950000e-09 -4.35166612e-07  9.16950000e-09  1.11868127e+00  9.16950000e-09 -2.39645321e-06 
 9.17050000e-09  2.53330646e-06  9.17050000e-09  1.06382942e+00  9.17050000e-09 -8.09958557e-07 
 9.17150000e-09  6.33402029e-06  9.17150000e-09  1.00833345e+00  9.17150000e-09  1.08174351e-06 
 9.17250000e-09  1.31631341e-05  9.17250000e-09  9.52193189e-01  9.17250000e-09  3.55303029e-06 
 9.17350000e-09  2.27066830e-05  9.17350000e-09  8.95436743e-01  9.17350000e-09  6.16546532e-06 
 9.30950000e-09  9.06287553e-01  9.30950000e-09  3.75070901e-04  9.30950000e-09  1.00168610e-05 
 9.31050000e-09  9.47423075e-01  9.31050000e-09  3.66527860e-04  9.31050000e-09  1.10766453e-05 
 9.31150000e-09  9.87968915e-01  9.31150000e-09  3.54594130e-04  9.31150000e-09  9.27509131e-06 
 9.31250000e-09  1.02792614e+00  9.31250000e-09  3.46629213e-04  9.31250000e-09  1.03569897e-05 
 9.31350000e-09  1.06734424e+00  9.31350000e-09  3.35338505e-04  9.31350000e-09  8.59113565e-06 
 9.31450000e-09  1.10626498e+00  9.31450000e-09  3.27911470e-04  9.31450000e-09  9.69357644e-06 
 9.62550000e-09  1.94996416e+00  9.62550000e-09  8.11868469e-01  9.62550000e-09 -5.76168250e-05 
 9.62650000e-09  1.94996426e+00  9.62650000e-09  8.94536741e-01  9.62650000e-09 -1.09028476e-04 
 9.62750000e-09  1.94996445e+00  9.62750000e-09  9.75525377e-01  9.62750000e-09 -1.50919606e-04 
 9.62850000e-09  1.94996455e+00  9.62850000e-09  1.05472621e+00  9.62850000e-09 -1.76040570e-04 
 9.62950000e-09  1.94996476e+00  9.62950000e-09  1.13209242e+00  9.62950000e-09 -1.95073321e-04 
 9.63050000e-09  1.94996485e+00  9.63050000e-09  1.20778497e+00  9.63050000e-09 -2.12378853e-04 
 9.74450000e-09  1.94986010e+00  9.74450000e-09  1.94994336e+00  9.74450000e-09  8.54877292e-01 
 9.74550000e-09  1.94990545e+00  9.74550000e-09  1.94994849e+00  9.74550000e-09  9.16096748e-01 
 9.74650000e-09  1.94997478e+00  9.74650000e-09  1.94995511e+00  9.74650000e-09  9.76043959e-01 
 9.74750000e-09  1.95008180e+00  9.74750000e-09  1.94996019e+00  9.74750000e-09  1.03606288e+00 
 9.74850000e-09  1.95021683e+00  9.74850000e-09  1.94996730e+00  9.74850000e-09  1.09986393e+00 
 9.74950000e-09  1.95039578e+00  9.74950000e-09  1.94996298e+00  9.74950000e-09  1.17123454e+00 
 9.84650000e-09  1.14044729e+00  9.84650000e-09  1.94999840e+00  9.84650000e-09  1.94987533e+00 
 9.84750000e-09  1.08839395e+00  9.84750000e-09  1.94999817e+00  9.84750000e-09  1.94989024e+00 
 9.84850000e-09  1.03664014e+00  9.84850000e-09  1.94999857e+00  9.84850000e-09  1.94989053e+00 
 9.84950000e-09  9.85076225e-01  9.84950000e-09  1.94999835e+00  9.84950000e-09  1.94990429e+00 
 9.85050000e-09  9.33690557e-01  9.85050000e-09  1.94999874e+00  9.85050000e-09  1.94990386e+00 
 9.85150000e-09  8.82407373e-01  9.85150000e-09  1.94999851e+00  9.85150000e-09  1.94991639e+00 
 1.02905000e-08 -2.74639856e-06  1.02905000e-08  1.17412792e+00  1.02905000e-08  1.94994136e+00 
 1.02915000e-08 -5.31842742e-07  1.02915000e-08  1.11995279e+00  1.02915000e-08  1.94993612e+00 
 1.02925000e-08  2.41682987e-06  1.02925000e-08  1.06511896e+00  1.02925000e-08  1.94993475e+00 
 1.02935000e-08  6.18163831e-06  1.02935000e-08  1.00963948e+00  1.02935000e-08  1.94993818e+00 
 1.02945000e-08  1.28548600e-05  1.02945000e-08  9.53516019e-01  1.02945000e-08  1.94994845e+00 
 1.02955000e-08  2.23093748e-05  1.02955000e-08  8.96774221e-01  1.02955000e-08  1.94996519e+00 
 1.04325000e-08  9.45883701e-01  1.04325000e-08  3.03977041e-04  1.04325000e-08  1.94986830e+00 
 1.04335000e-08  9.86451632e-01  1.04335000e-08  2.94552544e-04  1.04335000e-08  1.94987268e+00 
 1.04345000e-08  1.02643071e+00  1.04345000e-08  2.89069937e-04  1.04345000e-08  1.94987575e+00 
 1.04355000e-08  1.06586822e+00  1.04355000e-08  2.80123844e-04  1.04355000e-08  1.94987999e+00 
 1.04365000e-08  1.10480626e+00  1.04365000e-08  2.74986577e-04  1.04365000e-08  1.94988292e+00 
 1.04375000e-08  1.14334687e+00  1.04375000e-08  2.66459846e-04  1.04375000e-08  1.94988699e+00 
 1.07475000e-08  1.94996413e+00  1.07475000e-08  8.10638378e-01  1.07475000e-08  1.95009639e+00 
 1.07485000e-08  1.94996426e+00  1.07485000e-08  8.93344400e-01  1.07485000e-08  1.94996600e+00 
 1.07495000e-08  1.94996444e+00  1.07495000e-08  9.74216201e-01  1.07495000e-08  1.94983253e+00 
 1.07505000e-08  1.94996456e+00  1.07505000e-08  1.05311336e+00  1.07505000e-08  1.94968033e+00 
 1.07515000e-08  1.94996475e+00  1.07515000e-08  1.12997462e+00  1.07515000e-08  1.94952164e+00 
 1.07525000e-08  1.94996487e+00  1.07525000e-08  1.20500975e+00  1.07525000e-08  1.94937678e+00 
 1.08815000e-08  1.95123513e+00  1.08815000e-08  1.94999543e+00  1.08815000e-08  1.15715544e+00 
 1.08825000e-08  1.95112126e+00  1.08825000e-08  1.95002933e+00  1.08825000e-08  1.09959620e+00 
 1.08835000e-08  1.95099467e+00  1.08835000e-08  1.95005895e+00  1.08835000e-08  1.04178335e+00 
 1.08845000e-08  1.95084312e+00  1.08845000e-08  1.95008259e+00  1.08845000e-08  9.83614327e-01 
 1.08855000e-08  1.95064233e+00  1.08855000e-08  1.95009944e+00  1.08855000e-08  9.24888217e-01 
 1.08865000e-08  1.95037683e+00  1.08865000e-08  1.95011032e+00  1.08865000e-08  8.65553083e-01 
 1.09685000e-08  1.14271206e+00  1.09685000e-08  1.94999998e+00  1.09685000e-08  1.43207354e-03 
 1.09695000e-08  1.09064637e+00  1.09695000e-08  1.94999956e+00  1.09695000e-08  1.39437428e-03 
 1.09705000e-08  1.03888125e+00  1.09705000e-08  1.94999992e+00  1.09705000e-08  1.34597814e-03 
 1.09715000e-08  9.87310403e-01  1.09715000e-08  1.94999951e+00  1.09715000e-08  1.31072751e-03 
 1.09725000e-08  9.35918112e-01  1.09725000e-08  1.94999987e+00  1.09725000e-08  1.26499120e-03 
 1.09735000e-08  8.84631006e-01  1.09735000e-08  1.94999954e+00  1.09735000e-08  1.23202346e-03 
 1.14125000e-08 -2.79649496e-06  1.14125000e-08  1.17658127e+00  1.14125000e-08 -2.91421123e-06 
 1.14135000e-08 -6.19012996e-07  1.14135000e-08  1.12243261e+00  1.14135000e-08 -2.52769832e-06 
 1.14145000e-08  2.31148174e-06  1.14145000e-08  1.06762745e+00  1.14145000e-08 -8.71865434e-07 
 1.14155000e-08  6.04415915e-06  1.14155000e-08  1.01217431e+00  1.14155000e-08  8.81363655e-07 
 1.14165000e-08  1.25783634e-05  1.14165000e-08  9.56079147e-01  1.14165000e-08  3.43130370e-06 
 1.14175000e-08  2.19514938e-05  1.14175000e-08  8.99363244e-01  1.14175000e-08  5.92140723e-06 
 1.15545000e-08  9.44653279e-01  1.15545000e-08  3.67239695e-04  1.15545000e-08  1.11051273e-05 
 1.15555000e-08  9.85238720e-01  1.15555000e-08  3.55269546e-04  1.15555000e-08  9.28192396e-06 
 1.15565000e-08  1.02523544e+00  1.15565000e-08  3.47299281e-04  1.15565000e-08  1.03846160e-05 
 1.15575000e-08  1.06468835e+00  1.15575000e-08  3.35973406e-04  1.15575000e-08  8.59579271e-06 
 1.15585000e-08  1.10364047e+00  1.15585000e-08  3.28542532e-04  1.15585000e-08  9.72036597e-06 
 1.15595000e-08  1.14219088e+00  1.15595000e-08  3.17819827e-04  1.15595000e-08  7.96505798e-06 
 1.18695000e-08  1.94996413e+00  1.18695000e-08  8.06229153e-01  1.18695000e-08 -5.40488421e-05 
 1.18705000e-08  1.94996426e+00  1.18705000e-08  8.89001147e-01  1.18705000e-08 -1.05837472e-04 
 1.18715000e-08  1.94996442e+00  1.18715000e-08  9.70108718e-01  1.18715000e-08 -1.48489085e-04 
 1.18725000e-08  1.94996456e+00  1.18725000e-08  1.04943282e+00  1.18725000e-08 -1.74725892e-04 
 1.18735000e-08  1.94996473e+00  1.18735000e-08  1.12691979e+00  1.18735000e-08 -1.94118562e-04 
 1.18745000e-08  1.94996486e+00  1.18745000e-08  1.20272036e+00  1.18745000e-08 -2.10471177e-04 
 1.19885000e-08  1.94985790e+00  1.19885000e-08  1.94994320e+00  1.19885000e-08  8.50652032e-01 
 1.19895000e-08  1.94990158e+00  1.19895000e-08  1.94994806e+00  1.19895000e-08  9.11981154e-01 
 1.19905000e-08  1.94996917e+00  1.19905000e-08  1.94995472e+00  1.19905000e-08  9.71989867e-01 
 1.19915000e-08  1.95007300e+00  1.19915000e-08  1.94995990e+00  1.19915000e-08  1.03191048e+00 
 1.19925000e-08  1.95020634e+00  1.19925000e-08  1.94996677e+00  1.19925000e-08  1.09534152e+00 
 1.19935000e-08  1.95038243e+00  1.19935000e-08  1.94996365e+00  1.19935000e-08  1.16622392e+00 
 1.20905000e-08  1.14414458e+00  1.20905000e-08  1.94999838e+00  1.20905000e-08  1.94987688e+00 
 1.20915000e-08  1.09207081e+00  1.20915000e-08  1.94999817e+00  1.20915000e-08  1.94988742e+00 
 1.20925000e-08  1.04029796e+00  1.20925000e-08  1.94999855e+00  1.20925000e-08  1.94989213e+00 
 1.20935000e-08  9.88722372e-01  1.20935000e-08  1.94999836e+00  1.20935000e-08  1.94990163e+00 
 1.20945000e-08  9.37325482e-01  1.20945000e-08  1.94999872e+00  1.20945000e-08  1.94990549e+00 
 1.20955000e-08  8.86035867e-01  1.20955000e-08  1.94999851e+00  1.20955000e-08  1.94991386e+00 
 1.25345000e-08 -2.84905840e-06  1.25345000e-08  1.17795408e+00  1.25345000e-08  1.94994180e+00 
 1.25355000e-08 -7.11714152e-07  1.25355000e-08  1.12382374e+00  1.25355000e-08  1.94993639e+00 
 1.25365000e-08  2.19887817e-06  1.25365000e-08  1.06903810e+00  1.25365000e-08  1.94993471e+00 
 1.25375000e-08  5.89812381e-06  1.25375000e-08  1.01360288e+00  1.25375000e-08  1.94993771e+00 
 1.25385000e-08  1.22864835e-05  1.25385000e-08  9.57526034e-01  1.25385000e-08  1.94994752e+00 
 1.25395000e-08  2.15720639e-05  1.25395000e-08  9.00826177e-01  1.25395000e-08  1.94996375e+00 
 1.26765000e-08  9.43167516e-01  1.26765000e-08  3.04356072e-04  1.26765000e-08  1.94986785e+00 
 1.26775000e-08  9.83773988e-01  1.26775000e-08  2.95244898e-04  1.26775000e-08  1.94987262e+00 
 1.26785000e-08  1.02379211e+00  1.26785000e-08  2.89420983e-04  1.26785000e-08  1.94987530e+00 
 1.26795000e-08  1.06326357e+00  1.26795000e-08  2.80783092e-04  1.26795000e-08  1.94987993e+00 
 1.26805000e-08  1.10223287e+00  1.26805000e-08  2.75314082e-04  1.26805000e-08  1.94988249e+00 
 1.26815000e-08  1.14079520e+00  1.26815000e-08  2.67089858e-04  1.26815000e-08  1.94988694e+00 
 1.29915000e-08  1.94996410e+00  1.29915000e-08  8.05107142e-01  1.29915000e-08  1.95010398e+00 
 1.29925000e-08  1.94996427e+00  1.29925000e-08  8.87926415e-01  1.29925000e-08  1.94997408e+00 
 1.29935000e-08  1.94996441e+00  1.29935000e-08  9.68927977e-01  1.29935000e-08  1.94984208e+00 
 1.29945000e-08  1.94996457e+00  1.29945000e-08  1.04795964e+00  1.29945000e-08  1.94969093e+00 
 1.29955000e-08  1.94996472e+00  1.29955000e-08  1.12495313e+00  1.29955000e-08  1.94953230e+00 
 1.29965000e-08  1.94996487e+00  1.29965000e-08  1.20008342e+00  1.29965000e-08  1.94938782e+00 
 1.31255000e-08  1.95124203e+00  1.31255000e-08  1.94999345e+00  1.31255000e-08  1.16099903e+00 
 1.31265000e-08  1.95112856e+00  1.31265000e-08  1.95002715e+00  1.31265000e-08  1.10344543e+00 
 1.31275000e-08  1.95100313e+00  1.31275000e-08  1.95005708e+00  1.31275000e-08  1.04565592e+00 
 1.31285000e-08  1.95085365e+00  1.31285000e-08  1.95008124e+00  1.31285000e-08  9.87514399e-01 
 1.31295000e-08  1.95065665e+00  1.31295000e-08  1.95009845e+00  1.31295000e-08  9.28830305e-01 
 1.31305000e-08  1.95039522e+00  1.31305000e-08  1.95010979e+00  1.31305000e-08  8.69537251e-01 
 1.32125000e-08  1.14602349e+00  1.32125000e-08  1.95000006e+00  1.32125000e-08  1.43460066e-03 
 1.32135000e-08  1.09393963e+00  1.32135000e-08  1.94999961e+00  1.32135000e-08  1.39748373e-03 
 1.32145000e-08  1.04215728e+00  1.32145000e-08  1.94999999e+00  1.32145000e-08  1.34835855e-03 
 1.32155000e-08  9.90576060e-01  1.32155000e-08  1.94999956e+00  1.32155000e-08  1.31365190e-03 
 1.32165000e-08  9.39173620e-01  1.32165000e-08  1.94999994e+00  1.32165000e-08  1.26723465e-03 
 1.32175000e-08  8.87880738e-01  1.32175000e-08  1.94999958e+00  1.32175000e-08  1.23477449e-03 
 1.36565000e-08 -2.87267576e-06  1.36565000e-08  1.18015593e+00  1.36565000e-08 -2.87649141e-06 
 1.36575000e-08 -7.51366213e-07  1.36575000e-08  1.12604913e+00  1.36575000e-08 -2.64806119e-06 
 1.36585000e-08  2.14851837e-06  1.36585000e-08  1.07128904e+00  1.36585000e-08 -9.32959724e-07 
 1.36595000e-08  5.83490190e-06  1.36595000e-08  1.01587724e+00  1.36595000e-08  6.92097142e-07 
 1.36605000e-08  1.21579809e-05  1.36605000e-08  9.59825682e-01  1.36605000e-08  3.31064439e-06 
 1.36615000e-08  2.14063184e-05  1.36615000e-08  9.03148976e-01  1.36615000e-08  5.68834492e-06 
 1.37985000e-08  9.42629052e-01  1.37985000e-08  3.67833243e-04  1.37985000e-08  1.10764809e-05 
 1.37995000e-08  9.83243171e-01  1.37995000e-08  3.56021294e-04  1.37995000e-08  9.37214445e-06 
 1.38005000e-08  1.02326906e+00  1.38005000e-08  3.47854199e-04  1.38005000e-08  1.03546098e-05 
 1.38015000e-08  1.06274728e+00  1.38015000e-08  3.36683595e-04  1.38015000e-08  8.68280357e-06 
 1.38025000e-08  1.10172284e+00  1.38025000e-08  3.29061480e-04  1.38025000e-08  9.68908074e-06 
 1.38035000e-08  1.14028955e+00  1.38035000e-08  3.18491135e-04  1.38035000e-08  8.04900244e-06 
 1.41135000e-08  1.94996410e+00  1.41135000e-08  8.02076452e-01  1.41135000e-08 -5.03769065e-05 
 1.41145000e-08  1.94996427e+00  1.41145000e-08  8.84925116e-01  1.41145000e-08 -1.03287784e-04 
 1.41155000e-08  1.94996441e+00  1.41155000e-08  9.66120665e-01  1.41155000e-08 -1.46604902e-04 
 1.41165000e-08  1.94996457e+00  1.41165000e-08  1.04553589e+00  1.41165000e-08 -1.73705543e-04 
 1.41175000e-08  1.94996471e+00  1.41175000e-08  1.12311251e+00  1.41175000e-08 -1.93355247e-04 
 1.41185000e-08  1.94996487e+00  1.41185000e-08  1.19897944e+00  1.41185000e-08 -2.08952953e-04 
 1.42325000e-08  1.94985641e+00  1.42325000e-08  1.94994307e+00  1.42325000e-08  8.47496862e-01 
 1.42335000e-08  1.94989887e+00  1.42335000e-08  1.94994773e+00  1.42335000e-08  9.08909005e-01 
 1.42345000e-08  1.94996523e+00  1.42345000e-08  1.94995442e+00  1.42345000e-08  9.68966048e-01 
 1.42355000e-08  1.95006680e+00  1.42355000e-08  1.94995966e+00  1.42355000e-08  1.02882644e+00 
 1.42365000e-08  1.95019894e+00  1.42365000e-08  1.94996634e+00  1.42365000e-08  1.09199828e+00 
 1.42375000e-08  1.95037291e+00  1.42375000e-08  1.94996419e+00  1.42375000e-08  1.16248983e+00 
 1.43345000e-08  1.14670279e+00  1.43345000e-08  1.94999836e+00  1.43345000e-08  1.94987824e+00 
 1.43355000e-08  1.09461494e+00  1.43355000e-08  1.94999817e+00  1.43355000e-08  1.94988533e+00 
 1.43365000e-08  1.04282873e+00  1.43365000e-08  1.94999853e+00  1.43365000e-08  1.94989351e+00 
 1.43375000e-08  9.91245075e-01  1.43375000e-08  1.94999836e+00  1.43375000e-08  1.94989965e+00 
 1.43385000e-08  9.39840310e-01  1.43385000e-08  1.94999870e+00  1.43385000e-08  1.94990685e+00 
 1.43395000e-08  8.88546205e-01  1.43395000e-08  1.94999852e+00  1.43395000e-08  1.94991198e+00 
 1.47785000e-08 -2.92022069e-06  1.47785000e-08  1.18058054e+00  1.47785000e-08  1.94994210e+00 
 1.47795000e-08 -8.34513583e-07  1.47795000e-08  1.12648084e+00  1.47795000e-08  1.94993658e+00 
 1.47805000e-08  2.04846356e-06  1.47805000e-08  1.07172829e+00  1.47805000e-08  1.94993470e+00 
 1.47815000e-08  5.70762312e-06  1.47815000e-08  1.01632334e+00  1.47815000e-08  1.94993741e+00 
 1.47825000e-08  1.19075260e-05  1.47825000e-08  9.60278532e-01  1.47825000e-08  1.94994690e+00 
 1.47835000e-08  2.10767160e-05  1.47835000e-08  9.03607416e-01  1.47835000e-08  1.94996279e+00 
 1.49205000e-08  9.41294761e-01  1.49205000e-08  3.04643542e-04  1.49205000e-08  1.94986766e+00 
 1.49215000e-08  9.81928489e-01  1.49215000e-08  2.95726519e-04  1.49215000e-08  1.94987244e+00 
 1.49225000e-08  1.02197411e+00  1.49225000e-08  2.89688440e-04  1.49225000e-08  1.94987512e+00 
 1.49235000e-08  1.06147143e+00  1.49235000e-08  2.81241426e-04  1.49235000e-08  1.94987976e+00 
 1.49245000e-08  1.10046765e+00  1.49245000e-08  2.75564273e-04  1.49245000e-08  1.94988231e+00 
 1.49255000e-08  1.13905224e+00  1.49255000e-08  2.67527681e-04  1.49255000e-08  1.94988678e+00 
 1.52355000e-08  1.94996409e+00  1.52355000e-08  8.01404680e-01  1.52355000e-08  1.95010887e+00 
 1.52365000e-08  1.94996427e+00  1.52365000e-08  8.84297009e-01  1.52365000e-08  1.94997942e+00 
 1.52375000e-08  1.94996440e+00  1.52375000e-08  9.65383699e-01  1.52375000e-08  1.94984843e+00 
 1.52385000e-08  1.94996458e+00  1.52385000e-08  1.04450439e+00  1.52385000e-08  1.94969803e+00 
 1.52395000e-08  1.94996470e+00  1.52395000e-08  1.12158618e+00  1.52395000e-08  1.94953941e+00 
 1.52405000e-08  1.94996487e+00  1.52405000e-08  1.19679220e+00  1.52405000e-08  1.94939489e+00 
 1.53695000e-08  1.95124608e+00  1.53695000e-08  1.94999212e+00  1.53695000e-08  1.16358914e+00 
 1.53705000e-08  1.95113286e+00  1.53705000e-08  1.95002567e+00  1.53705000e-08  1.10603894e+00 
 1.53715000e-08  1.95100807e+00  1.53715000e-08  1.95005582e+00  1.53715000e-08  1.04826462e+00 
 1.53725000e-08  1.95085980e+00  1.53725000e-08  1.95008031e+00  1.53725000e-08  9.90141245e-01 
 1.53735000e-08  1.95066498e+00  1.53735000e-08  1.95009778e+00  1.53735000e-08  9.31485100e-01 
 1.53745000e-08  1.95040598e+00  1.53745000e-08  1.95010943e+00  1.53745000e-08  8.72220233e-01 
 1.54295000e-08  2.05290125e+00  1.54295000e-08  1.95002039e+00  1.54295000e-08  3.49792768e-03 
 1.54565000e-08  1.14793666e+00  1.54565000e-08  1.95000017e+00  1.54565000e-08  1.43694269e-03 
 1.54575000e-08  1.09584219e+00  1.54575000e-08  1.94999976e+00  1.54575000e-08  1.39904447e-03 
 1.54585000e-08  1.04404977e+00  1.54585000e-08  1.95000019e+00  1.54585000e-08  1.35059197e-03 
 1.54595000e-08  9.92462513e-01  1.54595000e-08  1.94999978e+00  1.54595000e-08  1.31510186e-03 
 1.54605000e-08  9.41054212e-01  1.54605000e-08  1.95000021e+00  1.54605000e-08  1.26935638e-03 
 1.54615000e-08  8.89758040e-01  1.54615000e-08  1.94999980e+00  1.54615000e-08  1.23611836e-03 
 1.59005000e-08 -2.90808208e-06  1.59005000e-08  1.18196770e+00  1.59005000e-08 -2.84902128e-06 
 1.59015000e-08 -8.12448438e-07  1.59015000e-08  1.12788200e+00  1.59015000e-08 -2.71897755e-06 
 1.59025000e-08  2.07632089e-06  1.59025000e-08  1.07314470e+00  1.59025000e-08 -9.55231472e-07 
 1.59035000e-08  5.74339454e-06  1.59035000e-08  1.01775373e+00  1.59035000e-08  5.86995058e-07 
 1.59045000e-08  1.19807566e-05  1.59045000e-08  9.61724240e-01  1.59045000e-08  3.25561915e-06 
 1.59055000e-08  2.11725529e-05  1.59055000e-08  9.05067303e-01  1.59055000e-08  5.56080614e-06 
 1.60425000e-08  9.41951993e-01  1.60425000e-08  3.68156024e-04  1.60425000e-08  1.10533531e-05 
 1.60435000e-08  9.82575648e-01  1.60435000e-08  3.56427247e-04  1.60435000e-08  9.41879354e-06 
 1.60445000e-08  1.02261125e+00  1.60445000e-08  3.48155993e-04  1.60445000e-08  1.03310906e-05 
 1.60455000e-08  1.06209791e+00  1.60455000e-08  3.37067358e-04  1.60455000e-08  8.72784024e-06 
 1.60465000e-08  1.10108131e+00  1.60465000e-08  3.29343757e-04  1.60465000e-08  9.66530562e-06 
 1.60475000e-08  1.13965352e+00  1.60475000e-08  3.18854146e-04  1.60475000e-08  8.09247981e-06 
 1.63575000e-08  1.94996409e+00  1.63575000e-08  8.00676570e-01  1.63575000e-08 -4.95886216e-05 
 1.63585000e-08  1.94996427e+00  1.63585000e-08  8.83551262e-01  1.63585000e-08 -1.02509155e-04 
 1.63595000e-08  1.94996440e+00  1.63595000e-08  9.64775497e-01  1.63595000e-08 -1.45967775e-04 
 1.63605000e-08  1.94996458e+00  1.63605000e-08  1.04422081e+00  1.63605000e-08 -1.73359082e-04 
 1.63615000e-08  1.94996470e+00  1.63615000e-08  1.12182735e+00  1.63615000e-08 -1.93094191e-04 
 1.63625000e-08  1.94996487e+00  1.63625000e-08  1.19772126e+00  1.63625000e-08 -2.08566675e-04 
 1.64765000e-08  1.94985619e+00  1.64765000e-08  1.94994303e+00  1.64765000e-08  8.46456848e-01 
 1.64775000e-08  1.94989846e+00  1.64775000e-08  1.94994762e+00  1.64775000e-08  9.07897059e-01 
 1.64785000e-08  1.94996465e+00  1.64785000e-08  1.94995432e+00  1.64785000e-08  9.67970286e-01 
 1.64795000e-08  1.95006587e+00  1.64795000e-08  1.94995957e+00  1.64795000e-08  1.02781353e+00 
 1.64805000e-08  1.95019783e+00  1.64805000e-08  1.94996619e+00  1.64805000e-08  1.09090279e+00 
 1.64815000e-08  1.95037147e+00  1.64815000e-08  1.94996437e+00  1.64815000e-08  1.16126159e+00 
 1.65785000e-08  1.14709178e+00  1.65785000e-08  1.94999835e+00  1.65785000e-08  1.94987865e+00 
 1.65795000e-08  1.09500176e+00  1.65795000e-08  1.94999818e+00  1.65795000e-08  1.94988467e+00 
 1.65805000e-08  1.04321349e+00  1.65805000e-08  1.94999853e+00  1.65805000e-08  1.94989392e+00 
 1.65815000e-08  9.91628593e-01  1.65815000e-08  1.94999836e+00  1.65815000e-08  1.94989902e+00 
 1.65825000e-08  9.40222614e-01  1.65825000e-08  1.94999870e+00  1.65825000e-08  1.94990726e+00 
 1.65835000e-08  8.88927814e-01  1.65835000e-08  1.94999852e+00  1.65835000e-08  1.94991139e+00 
 1.70225000e-08 -2.91568451e-06  1.70225000e-08  1.18097280e+00  1.70225000e-08  1.94994215e+00 
 1.70235000e-08 -8.25525467e-07  1.70235000e-08  1.12687769e+00  1.70235000e-08  1.94993661e+00 
 1.70245000e-08  2.05985904e-06  1.70245000e-08  1.07213006e+00  1.70245000e-08  1.94993470e+00 
 1.70255000e-08  5.72276808e-06  1.70255000e-08  1.01672963e+00  1.70255000e-08  1.94993737e+00 
 1.70265000e-08  1.19395282e-05  1.70265000e-08  9.60689597e-01  1.70265000e-08  1.94994681e+00 
 1.70275000e-08  2.11191718e-05  1.70275000e-08  9.04022779e-01  1.70275000e-08  1.94996265e+00 
 1.71645000e-08  9.41741425e-01  1.71645000e-08  3.04690369e-04  1.71645000e-08  1.94986763e+00 
 1.71655000e-08  9.82368106e-01  1.71655000e-08  2.95803422e-04  1.71655000e-08  1.94987240e+00 
 1.71665000e-08  1.02240678e+00  1.71665000e-08  2.89732184e-04  1.71665000e-08  1.94987509e+00 
 1.71675000e-08  1.06189611e+00  1.71675000e-08  2.81314908e-04  1.71675000e-08  1.94987973e+00 
 1.71685000e-08  1.10088199e+00  1.71685000e-08  2.75605593e-04  1.71685000e-08  1.94988228e+00 
 1.71695000e-08  1.13945594e+00  1.71695000e-08  2.67597940e-04  1.71695000e-08  1.94988675e+00 
 1.74795000e-08  1.94996409e+00  1.74795000e-08  8.02160862e-01  1.74795000e-08  1.95010788e+00 
 1.74805000e-08  1.94996427e+00  1.74805000e-08  8.85038318e-01  1.74805000e-08  1.94997833e+00 
 1.74815000e-08  1.94996440e+00  1.74815000e-08  9.66107657e-01  1.74815000e-08  1.94984714e+00 
 1.74825000e-08  1.94996458e+00  1.74825000e-08  1.04521017e+00  1.74825000e-08  1.94969658e+00 
 1.74835000e-08  1.94996470e+00  1.74835000e-08  1.12227391e+00  1.74835000e-08  1.94953796e+00 
 1.74845000e-08  1.94996487e+00  1.74845000e-08  1.19746441e+00  1.74845000e-08  1.94939345e+00 
 1.76135000e-08  1.95124530e+00  1.76135000e-08  1.94999238e+00  1.76135000e-08  1.16309051e+00 
 1.76145000e-08  1.95113203e+00  1.76145000e-08  1.95002596e+00  1.76145000e-08  1.10553962e+00 
 1.76155000e-08  1.95100712e+00  1.76155000e-08  1.95005606e+00  1.76155000e-08  1.04776230e+00 
 1.76165000e-08  1.95085861e+00  1.76165000e-08  1.95008049e+00  1.76165000e-08  9.89635367e-01 
 1.76175000e-08  1.95066337e+00  1.76175000e-08  1.95009791e+00  1.76175000e-08  9.30973737e-01 
 1.76185000e-08  1.95040391e+00  1.76185000e-08  1.95010950e+00  1.76185000e-08  8.71703348e-01 
 1.77005000e-08  1.14756743e+00  1.77005000e-08  1.95000007e+00  1.77005000e-08  1.43636729e-03 
 1.77015000e-08  1.09547497e+00  1.77015000e-08  1.94999968e+00  1.77015000e-08  1.39873372e-03 
 1.77025000e-08  1.04368446e+00  1.77025000e-08  1.95000011e+00  1.77025000e-08  1.35005272e-03 
 1.77035000e-08  9.92098352e-01  1.77035000e-08  1.94999972e+00  1.77035000e-08  1.31483432e-03 
 1.77045000e-08  9.40691164e-01  1.77045000e-08  1.95000015e+00  1.77045000e-08  1.26885200e-03 
 1.77055000e-08  8.89395613e-01  1.77055000e-08  1.94999976e+00  1.77055000e-08  1.23587430e-03 
 1.81445000e-08 -2.89304411e-06  1.81445000e-08  1.18155570e+00  1.81445000e-08 -2.86457742e-06 
 1.81455000e-08 -7.85142134e-07  1.81455000e-08  1.12746516e+00  1.81455000e-08 -2.69590973e-06 
 1.81465000e-08  2.11022273e-06  1.81465000e-08  1.07272265e+00  1.81465000e-08 -9.59110047e-07 
 1.81475000e-08  5.78732170e-06  1.81475000e-08  1.01732689e+00  1.81475000e-08  6.16927057e-07 
 1.81485000e-08  1.20726693e-05  1.81485000e-08  9.61292334e-01  1.81485000e-08  3.26127546e-06 
 1.81495000e-08  2.12912545e-05  1.81495000e-08  9.04630835e-01  1.81495000e-08  5.59548246e-06 
 1.82865000e-08  9.42309466e-01  1.82865000e-08  3.68103713e-04  1.82865000e-08  1.10573010e-05 
 1.82875000e-08  9.82928102e-01  1.82875000e-08  3.56354286e-04  1.82875000e-08  9.40542820e-06 
 1.82885000e-08  1.02295859e+00  1.82885000e-08  3.48107697e-04  1.82885000e-08  1.03353805e-05 
 1.82895000e-08  1.06244080e+00  1.82895000e-08  3.36998687e-04  1.82895000e-08  8.71500463e-06 
 1.82905000e-08  1.10142007e+00  1.82905000e-08  3.29299105e-04  1.82905000e-08  9.66975345e-06 
 1.82915000e-08  1.13998937e+00  1.82915000e-08  3.18789434e-04  1.82915000e-08  8.08017948e-06 
 1.86015000e-08  1.94996410e+00  1.86015000e-08  8.01402173e-01  1.86015000e-08 -5.00060771e-05 
 1.86025000e-08  1.94996427e+00  1.86025000e-08  8.84263786e-01  1.86025000e-08 -1.02921048e-04 
 1.86035000e-08  1.94996441e+00  1.86035000e-08  9.65472837e-01  1.86035000e-08 -1.46293547e-04 
 1.86045000e-08  1.94996457e+00  1.86045000e-08  1.04490234e+00  1.86045000e-08 -1.73535687e-04 
 1.86055000e-08  1.94996471e+00  1.86055000e-08  1.12249324e+00  1.86055000e-08 -1.93225780e-04 
 1.86065000e-08  1.94996487e+00  1.86065000e-08  1.19837309e+00  1.86065000e-08 -2.08765806e-04 
 1.87205000e-08  1.94985630e+00  1.87205000e-08  1.94994305e+00  1.87205000e-08  8.46996900e-01 
 1.87215000e-08  1.94989867e+00  1.87215000e-08  1.94994768e+00  1.87215000e-08  9.08422512e-01 
 1.87225000e-08  1.94996495e+00  1.87225000e-08  1.94995437e+00  1.87225000e-08  9.68487310e-01 
 1.87235000e-08  1.95006635e+00  1.87235000e-08  1.94995962e+00  1.87235000e-08  1.02833932e+00 
 1.87245000e-08  1.95019840e+00  1.87245000e-08  1.94996627e+00  1.87245000e-08  1.09147127e+00 
 1.87255000e-08  1.95037221e+00  1.87255000e-08  1.94996427e+00  1.87255000e-08  1.16189925e+00 
 1.88225000e-08  1.14689249e+00  1.88225000e-08  1.94999835e+00  1.88225000e-08  1.94987844e+00 
 1.88235000e-08  1.09480358e+00  1.88235000e-08  1.94999818e+00  1.88235000e-08  1.94988502e+00 
 1.88245000e-08  1.04301637e+00  1.88245000e-08  1.94999853e+00  1.88245000e-08  1.94989371e+00 
 1.88255000e-08  9.91432112e-01  1.88255000e-08  1.94999836e+00  1.88255000e-08  1.94989935e+00 
 1.88265000e-08  9.40026755e-01  1.88265000e-08  1.94999870e+00  1.88265000e-08  1.94990705e+00 
 1.88275000e-08  8.88732312e-01  1.88275000e-08  1.94999852e+00  1.88275000e-08  1.94991170e+00 
 1.92665000e-08 -2.90172806e-06  1.92665000e-08  1.18066871e+00  1.92665000e-08  1.94994212e+00 
 1.92675000e-08 -8.00025294e-07  1.92675000e-08  1.12656989e+00  1.92675000e-08  1.94993660e+00 
 1.92685000e-08  2.09188326e-06  1.92685000e-08  1.07181832e+00  1.92685000e-08  1.94993470e+00 
 1.92695000e-08  5.76419049e-06  1.92695000e-08  1.01641424e+00  1.92695000e-08  1.94993741e+00 
 1.92705000e-08  1.20269695e-05  1.92705000e-08  9.60370380e-01  1.92705000e-08  1.94994688e+00 
 1.92715000e-08  2.12320187e-05  1.92715000e-08  9.03700078e-01  1.92715000e-08  1.94996276e+00 
 1.94085000e-08  9.42057618e-01  1.94085000e-08  3.04679793e-04  1.94085000e-08  1.94986765e+00 
 1.94095000e-08  9.82679825e-01  1.94095000e-08  2.95767506e-04  1.94095000e-08  1.94987243e+00 
 1.94105000e-08  1.02271394e+00  1.94105000e-08  2.89722866e-04  1.94105000e-08  1.94987511e+00 
 1.94115000e-08  1.06219931e+00  1.94115000e-08  2.81280638e-04  1.94115000e-08  1.94987976e+00 
 1.94125000e-08  1.10118150e+00  1.94125000e-08  2.75597188e-04  1.94125000e-08  1.94988230e+00 
 1.94135000e-08  1.13975286e+00  1.94135000e-08  2.67565032e-04  1.94135000e-08  1.94988677e+00 
 1.97235000e-08  1.94996409e+00  1.97235000e-08  8.02806447e-01  1.97235000e-08  1.95010704e+00 
 1.97245000e-08  1.94996427e+00  1.97245000e-08  8.85671192e-01  1.97245000e-08  1.94997740e+00 
 1.97255000e-08  1.94996440e+00  1.97255000e-08  9.66725705e-01  1.97255000e-08  1.94984603e+00 
 1.97265000e-08  1.94996458e+00  1.97265000e-08  1.04581270e+00  1.97265000e-08  1.94969534e+00 
 1.97275000e-08  1.94996470e+00  1.97275000e-08  1.12286104e+00  1.97275000e-08  1.94953672e+00 
 1.97285000e-08  1.94996487e+00  1.97285000e-08  1.19803831e+00  1.97285000e-08  1.94939222e+00 
 1.98575000e-08  1.95124500e+00  1.98575000e-08  1.94999261e+00  1.98575000e-08  1.16264683e+00 
 1.98585000e-08  1.95113171e+00  1.98585000e-08  1.95002622e+00  1.98585000e-08  1.10509534e+00 
 1.98595000e-08  1.95100676e+00  1.98595000e-08  1.95005628e+00  1.98595000e-08  1.04731540e+00 
 1.98605000e-08  1.95085816e+00  1.98605000e-08  1.95008065e+00  1.98605000e-08  9.89185350e-01 
 1.98615000e-08  1.95066277e+00  1.98615000e-08  1.95009803e+00  1.98615000e-08  9.30518909e-01 
 1.98625000e-08  1.95040312e+00  1.98625000e-08  1.95010956e+00  1.98625000e-08  8.71243670e-01 
 1.99445000e-08  1.14742609e+00  1.99445000e-08  1.95000007e+00  1.99445000e-08  1.43590504e-03 
 1.99455000e-08  1.09533443e+00  1.99455000e-08  1.94999968e+00  1.99455000e-08  1.39851810e-03 
 1.99465000e-08  1.04354467e+00  1.99465000e-08  1.95000011e+00  1.99465000e-08  1.34961164e-03 
 1.99475000e-08  9.91959008e-01  1.99475000e-08  1.94999972e+00  1.99475000e-08  1.31463608e-03 
 1.99485000e-08  9.40552262e-01  1.99485000e-08  1.95000015e+00  1.99485000e-08  1.26843129e-03 
 1.99495000e-08  8.89256963e-01  1.99495000e-08  1.94999976e+00  1.99495000e-08  1.23569303e-03 
 2.03885000e-08 -2.88733599e-06  2.03885000e-08  1.18134177e+00  2.03885000e-08 -2.87941412e-06 
 2.03895000e-08 -7.74790927e-07  2.03895000e-08  1.12724860e+00  2.03895000e-08 -2.67896924e-06 
 2.03905000e-08  2.12282384e-06  2.03905000e-08  1.07250334e+00  2.03905000e-08 -9.67456011e-07 
 2.03915000e-08  5.80365214e-06  2.03915000e-08  1.01710500e+00  2.03915000e-08  6.36937952e-07 
 2.03925000e-08  1.21051567e-05  2.03925000e-08  9.61067779e-01  2.03925000e-08  3.25903404e-06 
 2.03935000e-08  2.13336255e-05  2.03935000e-08  9.04403839e-01  2.03935000e-08  5.61766205e-06 
 2.05305000e-08  9.42394936e-01  2.05305000e-08  3.68069415e-04  2.05305000e-08  1.10582131e-05 
 2.05315000e-08  9.83012352e-01  2.05315000e-08  3.56311664e-04  2.05315000e-08  9.40585967e-06 
 2.05325000e-08  1.02304161e+00  2.05325000e-08  3.48075508e-04  2.05325000e-08  1.03362518e-05 
 2.05335000e-08  1.06252275e+00  2.05335000e-08  3.36958320e-04  2.05335000e-08  8.71542821e-06 
 2.05345000e-08  1.10150102e+00  2.05345000e-08  3.29268888e-04  2.05345000e-08  9.67058716e-06 
 2.05355000e-08  1.14006962e+00  2.05355000e-08  3.18751185e-04  2.05355000e-08  8.08059633e-06 
 2.08455000e-08  1.94996410e+00  2.08455000e-08  8.01609300e-01  2.08455000e-08 -5.01056806e-05 
 2.08465000e-08  1.94996427e+00  2.08465000e-08  8.84466406e-01  2.08465000e-08 -1.03025092e-04 
 2.08475000e-08  1.94996441e+00  2.08475000e-08  9.65671746e-01  2.08475000e-08 -1.46394105e-04 
 2.08485000e-08  1.94996457e+00  2.08485000e-08  1.04509715e+00  2.08485000e-08 -1.73593973e-04 
 2.08495000e-08  1.94996471e+00  2.08495000e-08  1.12268384e+00  2.08495000e-08 -1.93268731e-04 
 2.08505000e-08  1.94996487e+00  2.08505000e-08  1.19855981e+00  2.08505000e-08 -2.08826275e-04 
 2.09645000e-08  1.94985629e+00  2.09645000e-08  1.94994306e+00  2.09645000e-08  8.47149261e-01 
 2.09655000e-08  1.94989865e+00  2.09655000e-08  1.94994770e+00  2.09655000e-08  9.08570763e-01 
 2.09665000e-08  1.94996491e+00  2.09665000e-08  1.94995438e+00  2.09665000e-08  9.68633195e-01 
 2.09675000e-08  1.95006629e+00  2.09675000e-08  1.94995963e+00  2.09675000e-08  1.02848773e+00 
 2.09685000e-08  1.95019833e+00  2.09685000e-08  1.94996629e+00  2.09685000e-08  1.09163180e+00 
 2.09695000e-08  1.95037212e+00  2.09695000e-08  1.94996425e+00  2.09695000e-08  1.16207920e+00 
 2.10665000e-08  1.14691553e+00  2.10665000e-08  1.94999835e+00  2.10665000e-08  1.94987838e+00 
 2.10675000e-08  1.09482649e+00  2.10675000e-08  1.94999818e+00  2.10675000e-08  1.94988512e+00 
 2.10685000e-08  1.04303916e+00  2.10685000e-08  1.94999853e+00  2.10685000e-08  1.94989365e+00 
 2.10695000e-08  9.91454826e-01  2.10695000e-08  1.94999836e+00  2.10695000e-08  1.94989944e+00 
 2.10705000e-08  9.40049396e-01  2.10705000e-08  1.94999870e+00  2.10705000e-08  1.94990699e+00 
 2.10715000e-08  8.88754912e-01  2.10715000e-08  1.94999852e+00  2.10715000e-08  1.94991179e+00 
 2.15105000e-08 -2.90198187e-06  2.15105000e-08  1.18067741e+00  2.15105000e-08  1.94994212e+00 
 2.15115000e-08 -8.00894699e-07  2.15115000e-08  1.12657871e+00  2.15115000e-08  1.94993660e+00 
 2.15125000e-08  2.09065029e-06  2.15125000e-08  1.07182729e+00  2.15125000e-08  1.94993471e+00 
 2.15135000e-08  5.76246055e-06  2.15135000e-08  1.01642332e+00  2.15135000e-08  1.94993742e+00 
 2.15145000e-08  1.20232267e-05  2.15145000e-08  9.60379592e-01  2.15145000e-08  1.94994688e+00 
 2.15155000e-08  2.12270242e-05  2.15155000e-08  9.03709403e-01  2.15155000e-08  1.94996276e+00 
 2.16525000e-08  9.41995853e-01  2.16525000e-08  3.04675068e-04  2.16525000e-08  1.94986765e+00 
 2.16535000e-08  9.82618933e-01  2.16535000e-08  2.95767979e-04  2.16535000e-08  1.94987244e+00 
 2.16545000e-08  1.02265394e+00  2.16545000e-08  2.89718071e-04  2.16545000e-08  1.94987511e+00 
 2.16555000e-08  1.06214008e+00  2.16555000e-08  2.81281007e-04  2.16555000e-08  1.94987976e+00 
 2.16565000e-08  1.10112299e+00  2.16565000e-08  2.75592489e-04  2.16565000e-08  1.94988230e+00 
 2.16575000e-08  1.13969486e+00  2.16575000e-08  2.67565423e-04  2.16575000e-08  1.94988678e+00 
 2.19675000e-08  1.94996409e+00  2.19675000e-08  8.02710811e-01  2.19675000e-08  1.95010716e+00 
 2.19685000e-08  1.94996427e+00  2.19685000e-08  8.85577441e-01  2.19685000e-08  1.94997754e+00 
 2.19695000e-08  1.94996440e+00  2.19695000e-08  9.66634150e-01  2.19695000e-08  1.94984619e+00 
 2.19705000e-08  1.94996458e+00  2.19705000e-08  1.04572345e+00  2.19705000e-08  1.94969553e+00 
 2.19715000e-08  1.94996470e+00  2.19715000e-08  1.12277406e+00  2.19715000e-08  1.94953691e+00 
 2.19725000e-08  1.94996487e+00  2.19725000e-08  1.19795330e+00  2.19725000e-08  1.94939240e+00 
 2.21015000e-08  1.95124515e+00  2.21015000e-08  1.94999258e+00  2.21015000e-08  1.16271249e+00 
 2.21025000e-08  1.95113187e+00  2.21025000e-08  1.95002618e+00  2.21025000e-08  1.10516109e+00 
 2.21035000e-08  1.95100694e+00  2.21035000e-08  1.95005625e+00  2.21035000e-08  1.04738154e+00 
 2.21045000e-08  1.95085839e+00  2.21045000e-08  1.95008063e+00  2.21045000e-08  9.89251956e-01 
 2.21055000e-08  1.95066307e+00  2.21055000e-08  1.95009801e+00  2.21055000e-08  9.30586227e-01 
 2.21065000e-08  1.95040352e+00  2.21065000e-08  1.95010955e+00  2.21065000e-08  8.71311707e-01 
 2.21885000e-08  1.14749814e+00  2.21885000e-08  1.95000007e+00  2.21885000e-08  1.43597499e-03 
 2.21895000e-08  1.09540607e+00  2.21895000e-08  1.94999968e+00  2.21895000e-08  1.39854946e-03 
 2.21905000e-08  1.04361593e+00  2.21905000e-08  1.95000011e+00  2.21905000e-08  1.34967836e-03 
 2.21915000e-08  9.92030036e-01  2.21915000e-08  1.94999972e+00  2.21915000e-08  1.31466484e-03 
 2.21925000e-08  9.40623065e-01  2.21925000e-08  1.95000015e+00  2.21925000e-08  1.26849491e-03 
 2.21935000e-08  8.89327638e-01  2.21935000e-08  1.94999976e+00  2.21935000e-08  1.23571926e-03 
 2.26325000e-08 -2.88611221e-06  2.26325000e-08  1.18141177e+00  2.26325000e-08 -2.87971497e-06 
 2.26335000e-08 -7.72605429e-07  2.26335000e-08  1.12731943e+00  2.26335000e-08 -2.68043629e-06 
 2.26345000e-08  2.12556316e-06  2.26345000e-08  1.07257505e+00  2.26345000e-08 -9.69620846e-07 
 2.26355000e-08  5.80714620e-06  2.26355000e-08  1.01717752e+00  2.26355000e-08  6.33970269e-07 
 2.26365000e-08  1.21122142e-05  2.26365000e-08  9.61141158e-01  2.26365000e-08  3.25586519e-06 
 2.26375000e-08  2.13427790e-05  2.26375000e-08  9.04477989e-01  2.26375000e-08  5.61374965e-06 
 2.27745000e-08  9.42380550e-01  2.27745000e-08  3.68066599e-04  2.27745000e-08  1.10571337e-05 
 2.27755000e-08  9.82998171e-01  2.27755000e-08  3.56312387e-04  2.27755000e-08  9.40727871e-06 
 2.27765000e-08  1.02302763e+00  2.27765000e-08  3.48072686e-04  2.27765000e-08  1.03351756e-05 
 2.27775000e-08  1.06250895e+00  2.27775000e-08  3.36958969e-04  2.27775000e-08  8.71681201e-06 
 2.27785000e-08  1.10148739e+00  2.27785000e-08  3.29266069e-04  2.27785000e-08  9.66951418e-06 
 2.27795000e-08  1.14005612e+00  2.27795000e-08  3.18751772e-04  2.27795000e-08  8.08194603e-06 
 2.30895000e-08  1.94996410e+00  2.30895000e-08  8.01579689e-01  2.30895000e-08 -5.00884869e-05 
 2.30905000e-08  1.94996427e+00  2.30905000e-08  8.84437330e-01  2.30905000e-08 -1.03008441e-04 
 2.30915000e-08  1.94996441e+00  2.30915000e-08  9.65643290e-01  2.30915000e-08 -1.46380718e-04 
 2.30925000e-08  1.94996457e+00  2.30925000e-08  1.04506934e+00  2.30925000e-08 -1.73586904e-04 
 2.30935000e-08  1.94996471e+00  2.30935000e-08  1.12265667e+00  2.30935000e-08 -1.93263239e-04 
 2.30945000e-08  1.94996487e+00  2.30945000e-08  1.19853321e+00  2.30945000e-08 -2.08818260e-04 
 2.32085000e-08  1.94985621e+00  2.32085000e-08  1.94994306e+00  2.32085000e-08  8.47127229e-01 
 2.32095000e-08  1.94989849e+00  2.32095000e-08  1.94994769e+00  2.32095000e-08  9.08549326e-01 
 2.32105000e-08  1.94996469e+00  2.32105000e-08  1.94995438e+00  2.32105000e-08  9.68612099e-01 
 2.32115000e-08  1.95006594e+00  2.32115000e-08  1.94995963e+00  2.32115000e-08  1.02846627e+00 
 2.32125000e-08  1.95019791e+00  2.32125000e-08  1.94996629e+00  2.32125000e-08  1.09160859e+00 
 2.32135000e-08  1.95037157e+00  2.32135000e-08  1.94996425e+00  2.32135000e-08  1.16205318e+00 
 2.33105000e-08  1.14706402e+00  2.33105000e-08  1.94999835e+00  2.33105000e-08  1.94987839e+00 
 2.33115000e-08  1.09497416e+00  2.33115000e-08  1.94999818e+00  2.33115000e-08  1.94988510e+00 
 2.33125000e-08  1.04318604e+00  2.33125000e-08  1.94999853e+00  2.33125000e-08  1.94989366e+00 
 2.33135000e-08  9.91601228e-01  2.33135000e-08  1.94999836e+00  2.33135000e-08  1.94989943e+00 
 2.33145000e-08  9.40195335e-01  2.33145000e-08  1.94999870e+00  2.33145000e-08  1.94990699e+00 
 2.33155000e-08  8.88900586e-01  2.33155000e-08  1.94999852e+00  2.33155000e-08  1.94991177e+00 
 2.37545000e-08 -2.90609792e-06  2.37545000e-08  1.18083023e+00  2.37545000e-08  1.94994214e+00 
 2.37555000e-08 -8.08535668e-07  2.37555000e-08  1.12673332e+00  2.37555000e-08  1.94993661e+00 
 2.37565000e-08  2.08139270e-06  2.37565000e-08  1.07198382e+00  2.37565000e-08  1.94993471e+00 
 2.37575000e-08  5.75040293e-06  2.37575000e-08  1.01658162e+00  2.37575000e-08  1.94993740e+00 
 2.37585000e-08  1.19994566e-05  2.37585000e-08  9.60539761e-01  2.37585000e-08  1.94994684e+00 
 2.37595000e-08  2.11958599e-05  2.37595000e-08  9.03871254e-01  2.37595000e-08  1.94996271e+00 
 2.38965000e-08  9.41884021e-01  2.38965000e-08  3.04693377e-04  2.38965000e-08  1.94986764e+00 
 2.38975000e-08  9.82508684e-01  2.38975000e-08  2.95794321e-04  2.38975000e-08  1.94987243e+00 
 2.38985000e-08  1.02254530e+00  2.38985000e-08  2.89735149e-04  2.38985000e-08  1.94987510e+00 
 2.38995000e-08  1.06203284e+00  2.38995000e-08  2.81306024e-04  2.38995000e-08  1.94987975e+00 
 2.39005000e-08  1.10101706e+00  2.39005000e-08  2.75608504e-04  2.39005000e-08  1.94988229e+00 
 2.39015000e-08  1.13958984e+00  2.39015000e-08  2.67589260e-04  2.39015000e-08  1.94988677e+00 
 2.42115000e-08  1.94996409e+00  2.42115000e-08  8.02464267e-01  2.42115000e-08  1.95010748e+00 
 2.42125000e-08  1.94996427e+00  2.42125000e-08  8.85335752e-01  2.42125000e-08  1.94997789e+00 
 2.42135000e-08  1.94996440e+00  2.42135000e-08  9.66398125e-01  2.42135000e-08  1.94984662e+00 
 2.42145000e-08  1.94996458e+00  2.42145000e-08  1.04549335e+00  2.42145000e-08  1.94969600e+00 
 2.42155000e-08  1.94996470e+00  2.42155000e-08  1.12254985e+00  2.42155000e-08  1.94953738e+00 
 2.42165000e-08  1.94996487e+00  2.42165000e-08  1.19773413e+00  2.42165000e-08  1.94939287e+00 
 2.43455000e-08  1.95124534e+00  2.43455000e-08  1.94999249e+00  2.43455000e-08  1.16287897e+00 
 2.43465000e-08  1.95113207e+00  2.43465000e-08  1.95002609e+00  2.43465000e-08  1.10532779e+00 
 2.43475000e-08  1.95100717e+00  2.43475000e-08  1.95005617e+00  2.43475000e-08  1.04754922e+00 
 2.43485000e-08  1.95085867e+00  2.43485000e-08  1.95008057e+00  2.43485000e-08  9.89420806e-01 
 2.43495000e-08  1.95066346e+00  2.43495000e-08  1.95009797e+00  2.43495000e-08  9.30756882e-01 
 2.43505000e-08  1.95040401e+00  2.43505000e-08  1.95010953e+00  2.43505000e-08  8.71484182e-01 
 2.44325000e-08  1.14758627e+00  2.44325000e-08  1.95000007e+00  2.44325000e-08  1.43614841e-03 
 2.44335000e-08  1.09549371e+00  2.44335000e-08  1.94999968e+00  2.44335000e-08  1.39862989e-03 
 2.44345000e-08  1.04370310e+00  2.44345000e-08  1.95000011e+00  2.44345000e-08  1.34984390e-03 
 2.44355000e-08  9.92116927e-01  2.44355000e-08  1.94999972e+00  2.44355000e-08  1.31473878e-03 
 2.44365000e-08  9.40709681e-01  2.44365000e-08  1.95000015e+00  2.44365000e-08  1.26865285e-03 
 2.44375000e-08  8.89414096e-01  2.44375000e-08  1.94999976e+00  2.44375000e-08  1.23578685e-03 
 2.48765000e-08 -2.89114970e-06  2.48765000e-08  1.18147547e+00  2.48765000e-08 -2.87466694e-06 
 2.48775000e-08 -7.81840573e-07  2.48775000e-08  1.12738387e+00  2.48775000e-08 -2.68649882e-06 
 2.48785000e-08  2.11431835e-06  2.48785000e-08  1.07264029e+00  2.48785000e-08 -9.66481296e-07 
 2.48795000e-08  5.79254492e-06  2.48795000e-08  1.01724351e+00  2.48795000e-08  6.27174247e-07 
 2.48805000e-08  1.20832530e-05  2.48805000e-08  9.61207917e-01  2.48805000e-08  3.25706259e-06 
 2.48815000e-08  2.13049741e-05  2.48815000e-08  9.04545448e-01  2.48815000e-08  5.60641754e-06 
 2.50185000e-08  9.42288381e-01  2.50185000e-08  3.68091202e-04  2.50185000e-08  1.10566750e-05 
 2.50195000e-08  9.82907317e-01  2.50195000e-08  3.56340203e-04  2.50195000e-08  9.40873048e-06 
 2.50205000e-08  1.02293811e+00  2.50205000e-08  3.48095855e-04  2.50205000e-08  1.03347008e-05 
 2.50215000e-08  1.06242059e+00  2.50215000e-08  3.36985308e-04  2.50215000e-08  8.71819986e-06 
 2.50225000e-08  1.10140010e+00  2.50225000e-08  3.29287893e-04  2.50225000e-08  9.66902394e-06 
 2.50235000e-08  1.13996958e+00  2.50235000e-08  3.18776721e-04  2.50235000e-08  8.08327268e-06 
 2.53335000e-08  1.94996410e+00  2.53335000e-08  8.01390974e-01  2.53335000e-08 -4.99992665e-05 
 2.53345000e-08  1.94996427e+00  2.53345000e-08  8.84252789e-01  2.53345000e-08 -1.02915003e-04 
 2.53355000e-08  1.94996441e+00  2.53355000e-08  9.65462074e-01  2.53355000e-08 -1.46288226e-04 
 2.53365000e-08  1.94996457e+00  2.53365000e-08  1.04489182e+00  2.53365000e-08 -1.73533266e-04 
 2.53375000e-08  1.94996471e+00  2.53375000e-08  1.12248296e+00  2.53375000e-08 -1.93223447e-04 
 2.53385000e-08  1.94996487e+00  2.53385000e-08  1.19836303e+00  2.53385000e-08 -2.08763034e-04 
 2.54525000e-08  1.94985625e+00  2.54525000e-08  1.94994305e+00  2.54525000e-08  8.46988585e-01 
 2.54535000e-08  1.94989857e+00  2.54535000e-08  1.94994768e+00  2.54535000e-08  9.08414422e-01 
 2.54545000e-08  1.94996480e+00  2.54545000e-08  1.94995437e+00  2.54545000e-08  9.68479349e-01 
 2.54555000e-08  1.95006611e+00  2.54555000e-08  1.94995962e+00  2.54555000e-08  1.02833122e+00 
 2.54565000e-08  1.95019812e+00  2.54565000e-08  1.94996627e+00  2.54565000e-08  1.09146251e+00 
 2.54575000e-08  1.95037184e+00  2.54575000e-08  1.94996427e+00  2.54575000e-08  1.16188943e+00 
 2.55545000e-08  1.14699127e+00  2.55545000e-08  1.94999835e+00  2.55545000e-08  1.94987844e+00 
 2.55555000e-08  1.09490181e+00  2.55555000e-08  1.94999818e+00  2.55555000e-08  1.94988501e+00 
 2.55565000e-08  1.04311408e+00  2.55565000e-08  1.94999853e+00  2.55565000e-08  1.94989371e+00 
 2.55575000e-08  9.91529500e-01  2.55575000e-08  1.94999836e+00  2.55575000e-08  1.94989934e+00 
 2.55585000e-08  9.40123834e-01  2.55585000e-08  1.94999870e+00  2.55585000e-08  1.94990705e+00 
 2.55595000e-08  8.88829214e-01  2.55595000e-08  1.94999852e+00  2.55595000e-08  1.94991169e+00 
 2.59985000e-08 -2.90365199e-06  2.59985000e-08  1.18075287e+00  2.59985000e-08  1.94994213e+00 
 2.59995000e-08 -8.04008831e-07  2.59995000e-08  1.12665505e+00  2.59995000e-08  1.94993660e+00 
 2.60005000e-08  2.08689479e-06  2.60005000e-08  1.07190457e+00  2.60005000e-08  1.94993470e+00 
 2.60015000e-08  5.75755385e-06  2.60015000e-08  1.01650149e+00  2.60015000e-08  1.94993740e+00 
 2.60025000e-08  1.20135703e-05  2.60025000e-08  9.60458677e-01  2.60025000e-08  1.94994686e+00 
 2.60035000e-08  2.12143719e-05  2.60035000e-08  9.03789319e-01  2.60035000e-08  1.94996273e+00 
 2.61405000e-08  9.41960446e-01  2.61405000e-08  3.04687789e-04  2.61405000e-08  1.94986766e+00 
 2.61415000e-08  9.82584027e-01  2.61415000e-08  2.95781682e-04  2.61415000e-08  1.94987244e+00 
 2.61425000e-08  1.02261954e+00  2.61425000e-08  2.89730217e-04  2.61425000e-08  1.94987512e+00 
 2.61435000e-08  1.06210613e+00  2.61435000e-08  2.81294098e-04  2.61435000e-08  1.94987976e+00 
 2.61445000e-08  1.10108945e+00  2.61445000e-08  2.75604035e-04  2.61445000e-08  1.94988231e+00 
 2.61455000e-08  1.13966161e+00  2.61455000e-08  2.67577891e-04  2.61455000e-08  1.94988678e+00 
 2.64555000e-08  1.94996409e+00  2.64555000e-08  8.02621887e-01  2.64555000e-08  1.95010728e+00 
 2.64565000e-08  1.94996427e+00  2.64565000e-08  8.85490269e-01  2.64565000e-08  1.94997767e+00 
 2.64575000e-08  1.94996440e+00  2.64575000e-08  9.66549021e-01  2.64575000e-08  1.94984635e+00 
 2.64585000e-08  1.94996458e+00  2.64585000e-08  1.04564046e+00  2.64585000e-08  1.94969570e+00 
 2.64595000e-08  1.94996470e+00  2.64595000e-08  1.12269319e+00  2.64595000e-08  1.94953708e+00 
 2.64605000e-08  1.94996487e+00  2.64605000e-08  1.19787425e+00  2.64605000e-08  1.94939257e+00 
 2.65895000e-08  1.95124519e+00  2.65895000e-08  1.94999255e+00  2.65895000e-08  1.16277356e+00 
 2.65905000e-08  1.95113192e+00  2.65905000e-08  1.95002615e+00  2.65905000e-08  1.10522225e+00 
 2.65915000e-08  1.95100699e+00  2.65915000e-08  1.95005622e+00  2.65915000e-08  1.04744306e+00 
 2.65925000e-08  1.95085845e+00  2.65925000e-08  1.95008061e+00  2.65925000e-08  9.89313899e-01 
 2.65935000e-08  1.95066316e+00  2.65935000e-08  1.95009799e+00  2.65935000e-08  9.30648833e-01 
 2.65945000e-08  1.95040363e+00  2.65945000e-08  1.95010954e+00  2.65945000e-08  8.71374981e-01 
 2.66765000e-08  1.14751800e+00  2.66765000e-08  1.95000007e+00  2.66765000e-08  1.43603838e-03 
 2.66775000e-08  1.09542583e+00  2.66775000e-08  1.94999968e+00  2.66775000e-08  1.39857921e-03 
 2.66785000e-08  1.04363558e+00  2.66785000e-08  1.95000011e+00  2.66785000e-08  1.34973885e-03 
 2.66795000e-08  9.92049624e-01  2.66795000e-08  1.94999972e+00  2.66795000e-08  1.31469221e-03 
 2.66805000e-08  9.40642591e-01  2.66805000e-08  1.95000015e+00  2.66805000e-08  1.26855261e-03 
 2.66815000e-08  8.89347128e-01  2.66815000e-08  1.94999976e+00  2.66815000e-08  1.23574430e-03 
 2.71205000e-08 -2.88841598e-06  2.71205000e-08  1.18142629e+00  2.71205000e-08 -2.87845346e-06 
 2.71215000e-08 -7.76785696e-07  2.71215000e-08  1.12733412e+00  2.71215000e-08 -2.68189558e-06 
 2.71225000e-08  2.12046894e-06  2.71225000e-08  1.07258992e+00  2.71225000e-08 -9.68784023e-07 
 2.71235000e-08  5.80055303e-06  2.71235000e-08  1.01719256e+00  2.71235000e-08  6.32341513e-07 
 2.71245000e-08  1.20991470e-05  2.71245000e-08  9.61156374e-01  2.71245000e-08  3.25624784e-06 
 2.71255000e-08  2.13257361e-05  2.71255000e-08  9.04493364e-01  2.71255000e-08  5.61199748e-06 
 2.72625000e-08  9.42340390e-01  2.72625000e-08  3.68083253e-04  2.72625000e-08  1.10572054e-05 
 2.72635000e-08  9.82958584e-01  2.72635000e-08  3.56329258e-04  2.72635000e-08  9.40770003e-06 
 2.72645000e-08  1.02298863e+00  2.72645000e-08  3.48088448e-04  2.72645000e-08  1.03352381e-05 
 2.72655000e-08  1.06247045e+00  2.72655000e-08  3.36974958e-04  2.72655000e-08  8.71720557e-06 
 2.72665000e-08  1.10144936e+00  2.72665000e-08  3.29280990e-04  2.72665000e-08  9.66956740e-06 
 2.72675000e-08  1.14001841e+00  2.72675000e-08  3.18766927e-04  2.72675000e-08  8.08231316e-06 
 2.75775000e-08  1.94996410e+00  2.75775000e-08  8.01496951e-01  2.75775000e-08 -5.00410370e-05 
 2.75785000e-08  1.94996427e+00  2.75785000e-08  8.84356087e-01  2.75785000e-08 -1.02961404e-04 
 2.75795000e-08  1.94996441e+00  2.75795000e-08  9.65563780e-01  2.75795000e-08 -1.46343792e-04 
 2.75805000e-08  1.94996457e+00  2.75805000e-08  1.04499163e+00  2.75805000e-08 -1.73566650e-04 
 2.75815000e-08  1.94996471e+00  2.75815000e-08  1.12258074e+00  2.75815000e-08 -1.93248376e-04 
 2.75825000e-08  1.94996487e+00  2.75825000e-08  1.19845889e+00  2.75825000e-08 -2.08795375e-04 
 2.76965000e-08  1.94985622e+00  2.76965000e-08  1.94994305e+00  2.76965000e-08  8.47065653e-01 
 2.76975000e-08  1.94989851e+00  2.76975000e-08  1.94994769e+00  2.76975000e-08  9.08489410e-01 
 2.76985000e-08  1.94996472e+00  2.76985000e-08  1.94995438e+00  2.76985000e-08  9.68553140e-01 
 2.76995000e-08  1.95006599e+00  2.76995000e-08  1.94995962e+00  2.76995000e-08  1.02840628e+00 
 2.77005000e-08  1.95019797e+00  2.77005000e-08  1.94996628e+00  2.77005000e-08  1.09154370e+00 
 2.77015000e-08  1.95037165e+00  2.77015000e-08  1.94996426e+00  2.77015000e-08  1.16198045e+00 
 2.77985000e-08  1.14704383e+00  2.77985000e-08  1.94999835e+00  2.77985000e-08  1.94987841e+00 
 2.77995000e-08  1.09495408e+00  2.77995000e-08  1.94999818e+00  2.77995000e-08  1.94988506e+00 
 2.78005000e-08  1.04316607e+00  2.78005000e-08  1.94999853e+00  2.78005000e-08  1.94989368e+00 
 2.78015000e-08  9.91581326e-01  2.78015000e-08  1.94999836e+00  2.78015000e-08  1.94989939e+00 
 2.78025000e-08  9.40175496e-01  2.78025000e-08  1.94999870e+00  2.78025000e-08  1.94990702e+00 
 2.78035000e-08  8.88880783e-01  2.78035000e-08  1.94999852e+00  2.78035000e-08  1.94991174e+00 
 2.82425000e-08 -2.90506240e-06  2.82425000e-08  1.18080703e+00  2.82425000e-08  1.94994213e+00 
 2.82435000e-08 -8.06619545e-07  2.82435000e-08  1.12670985e+00  2.82435000e-08  1.94993661e+00 
 2.82445000e-08  2.08373055e-06  2.82445000e-08  1.07196005e+00  2.82445000e-08  1.94993470e+00 
 2.82455000e-08  5.75343694e-06  2.82455000e-08  1.01655759e+00  2.82455000e-08  1.94993740e+00 
 2.82465000e-08  1.20054543e-05  2.82465000e-08  9.60515446e-01  2.82465000e-08  1.94994685e+00 
 2.82475000e-08  2.12036973e-05  2.82475000e-08  9.03846684e-01  2.82475000e-08  1.94996271e+00 
 2.83845000e-08  9.41919196e-01  2.83845000e-08  3.04693488e-04  2.83845000e-08  1.94986765e+00 
 2.83855000e-08  9.82543361e-01  2.83855000e-08  2.95791138e-04  2.83855000e-08  1.94987243e+00 
 2.83865000e-08  1.02257947e+00  2.83865000e-08  2.89735520e-04  2.83865000e-08  1.94987511e+00 
 2.83875000e-08  1.06206657e+00  2.83875000e-08  2.81303095e-04  2.83875000e-08  1.94987976e+00 
 2.83885000e-08  1.10105038e+00  2.83885000e-08  2.75609003e-04  2.83885000e-08  1.94988230e+00 
 2.83895000e-08  1.13962287e+00  2.83895000e-08  2.67586482e-04  2.83895000e-08  1.94988677e+00 
 2.86995000e-08  1.94996409e+00  2.86995000e-08  8.02536819e-01  2.86995000e-08  1.95010739e+00 
 2.87005000e-08  1.94996427e+00  2.87005000e-08  8.85406876e-01  2.87005000e-08  1.94997779e+00 
 2.87015000e-08  1.94996440e+00  2.87015000e-08  9.66467582e-01  2.87015000e-08  1.94984649e+00 
 2.87025000e-08  1.94996458e+00  2.87025000e-08  1.04556106e+00  2.87025000e-08  1.94969586e+00 
 2.87035000e-08  1.94996470e+00  2.87035000e-08  1.12261583e+00  2.87035000e-08  1.94953724e+00 
 2.87045000e-08  1.94996487e+00  2.87045000e-08  1.19779862e+00  2.87045000e-08  1.94939273e+00 
 2.88335000e-08  1.95124524e+00  2.88335000e-08  1.94999252e+00  2.88335000e-08  1.16283198e+00 
 2.88345000e-08  1.95113197e+00  2.88345000e-08  1.95002611e+00  2.88345000e-08  1.10528074e+00 
 2.88355000e-08  1.95100705e+00  2.88355000e-08  1.95005619e+00  2.88355000e-08  1.04750189e+00 
 2.88365000e-08  1.95085853e+00  2.88365000e-08  1.95008059e+00  2.88365000e-08  9.89373149e-01 
 2.88375000e-08  1.95066326e+00  2.88375000e-08  1.95009798e+00  2.88375000e-08  9.30708716e-01 
 2.88385000e-08  1.95040376e+00  2.88385000e-08  1.95010953e+00  2.88385000e-08  8.71435502e-01 
 2.89205000e-08  1.14754158e+00  2.89205000e-08  1.95000007e+00  2.89205000e-08  1.43609937e-03 
 2.89215000e-08  1.09544927e+00  2.89215000e-08  1.94999968e+00  2.89215000e-08  1.39860730e-03 
 2.89225000e-08  1.04365890e+00  2.89225000e-08  1.95000011e+00  2.89225000e-08  1.34979708e-03 
 2.89235000e-08  9.92072872e-01  2.89235000e-08  1.94999972e+00  2.89235000e-08  1.31471802e-03 
 2.89245000e-08  9.40665765e-01  2.89245000e-08  1.95000015e+00  2.89245000e-08  1.26860817e-03 
 2.89255000e-08  8.89370260e-01  2.89255000e-08  1.94999976e+00  2.89255000e-08  1.23576788e-03 
 2.93645000e-08 -2.89013407e-06  2.93645000e-08  1.18142972e+00  2.93645000e-08 -2.87569837e-06 
 2.93655000e-08 -7.79964415e-07  2.93655000e-08  1.12733758e+00  2.93655000e-08 -2.68447711e-06 
 2.93665000e-08  2.11658513e-06  2.93665000e-08  1.07259343e+00  2.93665000e-08 -9.66233656e-07 
 2.93675000e-08  5.79550255e-06  2.93675000e-08  1.01719611e+00  2.93675000e-08  6.30025022e-07 
 2.93685000e-08  1.20890890e-05  2.93685000e-08  9.61159965e-01  2.93685000e-08  3.25821027e-06 
 2.93695000e-08  2.13126065e-05  2.93695000e-08  9.04496992e-01  2.93695000e-08  5.60980520e-06 
 2.95065000e-08  9.42352574e-01  2.95065000e-08  3.68083755e-04  2.95065000e-08  1.10573870e-05 
 2.95075000e-08  9.82970594e-01  2.95075000e-08  3.56330510e-04  2.95075000e-08  9.40750293e-06 
 2.95085000e-08  1.02300046e+00  2.95085000e-08  3.48088898e-04  2.95085000e-08  1.03354171e-05 
 2.95095000e-08  1.06248213e+00  2.95095000e-08  3.36976142e-04  2.95095000e-08  8.71700983e-06 
 2.95105000e-08  1.10146090e+00  2.95105000e-08  3.29281394e-04  2.95105000e-08  9.66974464e-06 
 2.95115000e-08  1.14002985e+00  2.95115000e-08  3.18768048e-04  2.95115000e-08  8.08211935e-06 
 2.98215000e-08  1.94996410e+00  2.98215000e-08  8.01522005e-01  2.98215000e-08 -5.00554846e-05 
 2.98225000e-08  1.94996427e+00  2.98225000e-08  8.84380688e-01  2.98225000e-08 -1.02975580e-04 
 2.98235000e-08  1.94996441e+00  2.98235000e-08  9.65587857e-01  2.98235000e-08 -1.46355042e-04 
 2.98245000e-08  1.94996457e+00  2.98245000e-08  1.04501516e+00  2.98245000e-08 -1.73572716e-04 
 2.98255000e-08  1.94996471e+00  2.98255000e-08  1.12260373e+00  2.98255000e-08 -1.93252942e-04 
 2.98265000e-08  1.94996487e+00  2.98265000e-08  1.19848139e+00  2.98265000e-08 -2.08802238e-04 
 2.99405000e-08  1.94985621e+00  2.99405000e-08  1.94994305e+00  2.99405000e-08  8.47084302e-01 
 2.99415000e-08  1.94989850e+00  2.99415000e-08  1.94994769e+00  2.99415000e-08  9.08507556e-01 
 2.99425000e-08  1.94996470e+00  2.99425000e-08  1.94995438e+00  2.99425000e-08  9.68570996e-01 
 2.99435000e-08  1.95006595e+00  2.99435000e-08  1.94995962e+00  2.99435000e-08  1.02842445e+00 
 2.99445000e-08  1.95019792e+00  2.99445000e-08  1.94996628e+00  2.99445000e-08  1.09156335e+00 
 2.99455000e-08  1.95037159e+00  2.99455000e-08  1.94996426e+00  2.99455000e-08  1.16200248e+00 
 3.00425000e-08  1.14705926e+00  3.00425000e-08  1.94999835e+00  3.00425000e-08  1.94987840e+00 
 3.00435000e-08  1.09496942e+00  3.00435000e-08  1.94999818e+00  3.00435000e-08  1.94988507e+00 
 3.00445000e-08  1.04318133e+00  3.00445000e-08  1.94999853e+00  3.00445000e-08  1.94989367e+00 
 3.00455000e-08  9.91596534e-01  3.00455000e-08  1.94999836e+00  3.00455000e-08  1.94989940e+00 
 3.00465000e-08  9.40190656e-01  3.00465000e-08  1.94999870e+00  3.00465000e-08  1.94990701e+00 
 3.00475000e-08  8.88895915e-01  3.00475000e-08  1.94999852e+00  3.00475000e-08  1.94991175e+00 
 3.04865000e-08 -2.90581381e-06  3.04865000e-08  1.18082443e+00  3.04865000e-08  1.94994213e+00 
 3.04875000e-08 -8.07606846e-07  3.04875000e-08  1.12672745e+00  3.04875000e-08  1.94993661e+00 
 3.04885000e-08  2.08269138e-06  3.04885000e-08  1.07197786e+00  3.04885000e-08  1.94993470e+00 
 3.04895000e-08  5.75220763e-06  3.04895000e-08  1.01657560e+00  3.04895000e-08  1.94993740e+00 
 3.04905000e-08  1.20033230e-05  3.04905000e-08  9.60533657e-01  3.04905000e-08  1.94994684e+00 
 3.04915000e-08  2.12009893e-05  3.04915000e-08  9.03865078e-01  3.04915000e-08  1.94996271e+00 
 3.06285000e-08  9.41918402e-01  3.06285000e-08  3.04695336e-04  3.06285000e-08  1.94986765e+00 
 3.06295000e-08  9.82542578e-01  3.06295000e-08  2.95794137e-04  3.06295000e-08  1.94987243e+00 
 3.06305000e-08  1.02257870e+00  3.06305000e-08  2.89737237e-04  3.06305000e-08  1.94987511e+00 
 3.06315000e-08  1.06206581e+00  3.06315000e-08  2.81305948e-04  3.06315000e-08  1.94987975e+00 
 3.06325000e-08  1.10104962e+00  3.06325000e-08  2.75610611e-04  3.06325000e-08  1.94988230e+00 
 3.06335000e-08  1.13962213e+00  3.06335000e-08  2.67589206e-04  3.06335000e-08  1.94988677e+00 
 3.09435000e-08  1.94996409e+00  3.09435000e-08  8.02535185e-01  3.09435000e-08  1.95010739e+00 
 3.09445000e-08  1.94996427e+00  3.09445000e-08  8.85405274e-01  3.09445000e-08  1.94997779e+00 
 3.09455000e-08  1.94996440e+00  3.09455000e-08  9.66466018e-01  3.09455000e-08  1.94984649e+00 
 3.09465000e-08  1.94996458e+00  3.09465000e-08  1.04555954e+00  3.09465000e-08  1.94969586e+00 
 3.09475000e-08  1.94996470e+00  3.09475000e-08  1.12261434e+00  3.09475000e-08  1.94953724e+00 
 3.09485000e-08  1.94996487e+00  3.09485000e-08  1.19779717e+00  3.09485000e-08  1.94939274e+00 
 3.10775000e-08  1.95124530e+00  3.10775000e-08  1.94999252e+00  3.10775000e-08  1.16283028e+00 
 3.10785000e-08  1.95113203e+00  3.10785000e-08  1.95002611e+00  3.10785000e-08  1.10527903e+00 
 3.10795000e-08  1.95100712e+00  3.10795000e-08  1.95005619e+00  3.10795000e-08  1.04750018e+00 
 3.10805000e-08  1.95085861e+00  3.10805000e-08  1.95008059e+00  3.10805000e-08  9.89371421e-01 
 3.10815000e-08  1.95066338e+00  3.10815000e-08  1.95009798e+00  3.10815000e-08  9.30706970e-01 
 3.10825000e-08  1.95040391e+00  3.10825000e-08  1.95010953e+00  3.10825000e-08  8.71433737e-01 
 3.11645000e-08  1.14756743e+00  3.11645000e-08  1.95000007e+00  3.11645000e-08  1.43609764e-03 
 3.11655000e-08  1.09547498e+00  3.11655000e-08  1.94999968e+00  3.11655000e-08  1.39860641e-03 
 3.11665000e-08  1.04368447e+00  3.11665000e-08  1.95000011e+00  3.11665000e-08  1.34979544e-03 
 3.11675000e-08  9.92098358e-01  3.11675000e-08  1.94999972e+00  3.11675000e-08  1.31471720e-03 
 3.11685000e-08  9.40691170e-01  3.11685000e-08  1.95000015e+00  3.11685000e-08  1.26860661e-03 
 3.11695000e-08  8.89395619e-01  3.11695000e-08  1.94999976e+00  3.11695000e-08  1.23576713e-03 
 3.16085000e-08 -2.89058632e-06  3.16085000e-08  1.18145620e+00  3.16085000e-08 -2.87213190e-06 
 3.16095000e-08 -7.80817138e-07  3.16095000e-08  1.12736438e+00  3.16095000e-08 -2.68819041e-06 
 3.16105000e-08  2.11556239e-06  3.16105000e-08  1.07262055e+00  3.16105000e-08 -9.63584096e-07 
 3.16115000e-08  5.79415729e-06  3.16115000e-08  1.01722354e+00  3.16115000e-08  6.26215320e-07 
 3.16125000e-08  1.20864402e-05  3.16125000e-08  9.61187720e-01  3.16125000e-08  3.25973703e-06 
 3.16135000e-08  2.13091318e-05  3.16135000e-08  9.04525039e-01  3.16135000e-08  5.60587864e-06 
 3.17505000e-08  9.42352515e-01  3.17505000e-08  3.68088513e-04  3.17505000e-08  1.10574223e-05 
 3.17515000e-08  9.82970537e-01  3.17515000e-08  3.56335416e-04  3.17515000e-08  9.40735572e-06 
 3.17525000e-08  1.02300040e+00  3.17525000e-08  3.48093378e-04  3.17525000e-08  1.03354525e-05 
 3.17535000e-08  1.06248208e+00  3.17535000e-08  3.36980772e-04  3.17535000e-08  8.71686319e-06 
 3.17545000e-08  1.10146084e+00  3.17545000e-08  3.29285612e-04  3.17545000e-08  9.66977963e-06 
 3.17555000e-08  1.14002979e+00  3.17555000e-08  3.18772420e-04  3.17555000e-08  8.08197266e-06 
 3.20655000e-08  1.94996410e+00  3.20655000e-08  8.01506002e-01  3.20655000e-08 -5.00462497e-05 
 3.20665000e-08  1.94996427e+00  3.20665000e-08  8.84364974e-01  3.20665000e-08 -1.02966531e-04 
 3.20675000e-08  1.94996441e+00  3.20675000e-08  9.65572478e-01  3.20675000e-08 -1.46347852e-04 
 3.20685000e-08  1.94996457e+00  3.20685000e-08  1.04500013e+00  3.20685000e-08 -1.73568846e-04 
 3.20695000e-08  1.94996471e+00  3.20695000e-08  1.12258905e+00  3.20695000e-08 -1.93250021e-04 
 3.20705000e-08  1.94996487e+00  3.20705000e-08  1.19846702e+00  3.20705000e-08 -2.08797859e-04 
 3.21845000e-08  1.94985622e+00  3.21845000e-08  1.94994305e+00  3.21845000e-08  8.47072390e-01 
 3.21855000e-08  1.94989851e+00  3.21855000e-08  1.94994769e+00  3.21855000e-08  9.08495966e-01 
 3.21865000e-08  1.94996472e+00  3.21865000e-08  1.94995438e+00  3.21865000e-08  9.68559591e-01 
 3.21875000e-08  1.95006599e+00  3.21875000e-08  1.94995962e+00  3.21875000e-08  1.02841285e+00 
 3.21885000e-08  1.95019797e+00  3.21885000e-08  1.94996628e+00  3.21885000e-08  1.09155080e+00 
 3.21895000e-08  1.95037166e+00  3.21895000e-08  1.94996426e+00  3.21895000e-08  1.16198841e+00 
 3.22865000e-08  1.14704153e+00  3.22865000e-08  1.94999835e+00  3.22865000e-08  1.94987841e+00 
 3.22875000e-08  1.09495179e+00  3.22875000e-08  1.94999818e+00  3.22875000e-08  1.94988507e+00 
 3.22885000e-08  1.04316379e+00  3.22885000e-08  1.94999853e+00  3.22885000e-08  1.94989368e+00 
 3.22895000e-08  9.91579053e-01  3.22895000e-08  1.94999836e+00  3.22895000e-08  1.94989939e+00 
 3.22905000e-08  9.40173231e-01  3.22905000e-08  1.94999870e+00  3.22905000e-08  1.94990702e+00 
 3.22915000e-08  8.88878521e-01  3.22915000e-08  1.94999852e+00  3.22915000e-08  1.94991174e+00 
 3.27305000e-08 -2.90533812e-06  3.27305000e-08  1.18080618e+00  3.27305000e-08  1.94994213e+00 
 3.27315000e-08 -8.06726175e-07  3.27315000e-08  1.12670898e+00  3.27315000e-08  1.94993661e+00 
 3.27325000e-08  2.08375846e-06  3.27325000e-08  1.07195917e+00  3.27325000e-08  1.94993470e+00 
 3.27335000e-08  5.75359620e-06  3.27335000e-08  1.01655669e+00  3.27335000e-08  1.94993740e+00 
 3.27345000e-08  1.20060594e-05  3.27345000e-08  9.60514528e-01  3.27345000e-08  1.94994685e+00 
 3.27355000e-08  2.12045663e-05  3.27355000e-08  9.03845749e-01  3.27355000e-08  1.94996271e+00 
 3.28725000e-08  9.41925463e-01  3.28725000e-08  3.04693919e-04  3.28725000e-08  1.94986765e+00 
 3.28735000e-08  9.82549539e-01  3.28735000e-08  2.95790618e-04  3.28735000e-08  1.94987243e+00 
 3.28745000e-08  1.02258556e+00  3.28745000e-08  2.89735897e-04  3.28745000e-08  1.94987511e+00 
 3.28755000e-08  1.06207258e+00  3.28755000e-08  2.81302560e-04  3.28755000e-08  1.94987975e+00 
 3.28765000e-08  1.10105631e+00  3.28765000e-08  2.75609339e-04  3.28765000e-08  1.94988230e+00 
 3.28775000e-08  1.13962876e+00  3.28775000e-08  2.67585943e-04  3.28775000e-08  1.94988677e+00 
 3.31875000e-08  1.94996409e+00  3.31875000e-08  8.02549734e-01  3.31875000e-08  1.95010737e+00 
 3.31885000e-08  1.94996427e+00  3.31885000e-08  8.85419537e-01  3.31885000e-08  1.94997777e+00 
 3.31895000e-08  1.94996440e+00  3.31895000e-08  9.66479946e-01  3.31895000e-08  1.94984647e+00 
 3.31905000e-08  1.94996458e+00  3.31905000e-08  1.04557311e+00  3.31905000e-08  1.94969583e+00 
 3.31915000e-08  1.94996470e+00  3.31915000e-08  1.12262758e+00  3.31915000e-08  1.94953721e+00 
 3.31925000e-08  1.94996487e+00  3.31925000e-08  1.19781011e+00  3.31925000e-08  1.94939271e+00 
 3.33215000e-08  1.95124528e+00  3.33215000e-08  1.94999252e+00  3.33215000e-08  1.16282311e+00 
 3.33225000e-08  1.95113200e+00  3.33225000e-08  1.95002612e+00  3.33225000e-08  1.10527186e+00 
 3.33235000e-08  1.95100709e+00  3.33235000e-08  1.95005620e+00  3.33235000e-08  1.04749296e+00 
 3.33245000e-08  1.95085858e+00  3.33245000e-08  1.95008059e+00  3.33245000e-08  9.89364151e-01 
 3.33255000e-08  1.95066333e+00  3.33255000e-08  1.95009798e+00  3.33255000e-08  9.30699622e-01 
 3.33265000e-08  1.95040385e+00  3.33265000e-08  1.95010954e+00  3.33265000e-08  8.71426312e-01 
 3.34085000e-08  1.14755750e+00  3.34085000e-08  1.95000007e+00  3.34085000e-08  1.43609018e-03 
 3.34095000e-08  1.09546510e+00  3.34095000e-08  1.94999968e+00  3.34095000e-08  1.39860295e-03 
 3.34105000e-08  1.04367464e+00  3.34105000e-08  1.95000011e+00  3.34105000e-08  1.34978831e-03 
 3.34115000e-08  9.92088563e-01  3.34115000e-08  1.94999972e+00  3.34115000e-08  1.31471402e-03 
 3.34125000e-08  9.40681406e-01  3.34125000e-08  1.95000015e+00  3.34125000e-08  1.26859981e-03 
 3.34135000e-08  8.89385874e-01  3.34135000e-08  1.94999976e+00  3.34135000e-08  1.23576422e-03 
 3.38525000e-08 -2.89022640e-06  3.38525000e-08  1.18144603e+00  3.38525000e-08 -2.87339833e-06 
 3.38535000e-08 -7.80157897e-07  3.38535000e-08  1.12735409e+00  3.38535000e-08 -2.68684601e-06 
 3.38545000e-08  2.11636196e-06  3.38545000e-08  1.07261014e+00  3.38545000e-08 -9.64505778e-07 
 3.38555000e-08  5.79519631e-06  3.38555000e-08  1.01721301e+00  3.38555000e-08  6.27610166e-07 
 3.38565000e-08  1.20884941e-05  3.38565000e-08  9.61177066e-01  3.38565000e-08  3.25922709e-06 
 3.38575000e-08  2.13118145e-05  3.38575000e-08  9.04514273e-01  3.38575000e-08  5.60732633e-06 
 3.39945000e-08  9.42362710e-01  3.39945000e-08  3.68086846e-04  3.39945000e-08  1.10574823e-05 
 3.39955000e-08  9.82980586e-01  3.39955000e-08  3.56333252e-04  3.39955000e-08  9.40715741e-06 
 3.39965000e-08  1.02301030e+00  3.39965000e-08  3.48091821e-04  3.39965000e-08  1.03355161e-05 
 3.39975000e-08  1.06249185e+00  3.39975000e-08  3.36978726e-04  3.39975000e-08  8.71667219e-06 
 3.39985000e-08  1.10147050e+00  3.39985000e-08  3.29284158e-04  3.39985000e-08  9.66984651e-06 
 3.39995000e-08  1.14003937e+00  3.39995000e-08  3.18770484e-04  3.39995000e-08  8.08178864e-06 
 3.43095000e-08  1.94996410e+00  3.43095000e-08  8.01527004e-01  3.43095000e-08 -5.00583335e-05 
 3.43105000e-08  1.94996427e+00  3.43105000e-08  8.84385597e-01  3.43105000e-08 -1.02978437e-04 
 3.43115000e-08  1.94996441e+00  3.43115000e-08  9.65592660e-01  3.43115000e-08 -1.46357260e-04 
 3.43125000e-08  1.94996457e+00  3.43125000e-08  1.04501986e+00  3.43125000e-08 -1.73573954e-04 
 3.43135000e-08  1.94996471e+00  3.43135000e-08  1.12260832e+00  3.43135000e-08 -1.93253827e-04 
 3.43145000e-08  1.94996487e+00  3.43145000e-08  1.19848588e+00  3.43145000e-08 -2.08803634e-04 
 3.44285000e-08  1.94985623e+00  3.44285000e-08  1.94994305e+00  3.44285000e-08  8.47088020e-01 
 3.44295000e-08  1.94989853e+00  3.44295000e-08  1.94994769e+00  3.44295000e-08  9.08511174e-01 
 3.44305000e-08  1.94996474e+00  3.44305000e-08  1.94995438e+00  3.44305000e-08  9.68574557e-01 
 3.44315000e-08  1.95006602e+00  3.44315000e-08  1.94995963e+00  3.44315000e-08  1.02842807e+00 
 3.44325000e-08  1.95019801e+00  3.44325000e-08  1.94996628e+00  3.44325000e-08  1.09156727e+00 
 3.44335000e-08  1.95037170e+00  3.44335000e-08  1.94996426e+00  3.44335000e-08  1.16200687e+00 
 3.45305000e-08  1.14702887e+00  3.45305000e-08  1.94999835e+00  3.45305000e-08  1.94987840e+00 
 3.45315000e-08  1.09493921e+00  3.45315000e-08  1.94999818e+00  3.45315000e-08  1.94988508e+00 
 3.45325000e-08  1.04315127e+00  3.45325000e-08  1.94999853e+00  3.45325000e-08  1.94989367e+00 
 3.45335000e-08  9.91566575e-01  3.45335000e-08  1.94999836e+00  3.45335000e-08  1.94989940e+00 
 3.45345000e-08  9.40160792e-01  3.45345000e-08  1.94999870e+00  3.45345000e-08  1.94990701e+00 
 3.45355000e-08  8.88866105e-01  3.45355000e-08  1.94999852e+00  3.45355000e-08  1.94991175e+00 
 3.49745000e-08 -2.90457343e-06  3.49745000e-08  1.18079026e+00  3.49745000e-08  1.94994213e+00 
 3.49755000e-08 -8.05712911e-07  3.49755000e-08  1.12669288e+00  3.49755000e-08  1.94993661e+00 
 3.49765000e-08  2.08483223e-06  3.49765000e-08  1.07194287e+00  3.49765000e-08  1.94993470e+00 
 3.49775000e-08  5.75487026e-06  3.49775000e-08  1.01654021e+00  3.49775000e-08  1.94993740e+00 
 3.49785000e-08  1.20082829e-05  3.49785000e-08  9.60497860e-01  3.49785000e-08  1.94994685e+00 
 3.49795000e-08  2.12074528e-05  3.49795000e-08  9.03828911e-01  3.49795000e-08  1.94996272e+00 
 3.51165000e-08  9.41936684e-01  3.51165000e-08  3.04692355e-04  3.51165000e-08  1.94986765e+00 
 3.51175000e-08  9.82560602e-01  3.51175000e-08  2.95787862e-04  3.51175000e-08  1.94987243e+00 
 3.51185000e-08  1.02259646e+00  3.51185000e-08  2.89734445e-04  3.51185000e-08  1.94987511e+00 
 3.51195000e-08  1.06208334e+00  3.51195000e-08  2.81299938e-04  3.51195000e-08  1.94987976e+00 
 3.51205000e-08  1.10106694e+00  3.51205000e-08  2.75607980e-04  3.51205000e-08  1.94988230e+00 
 3.51215000e-08  1.13963930e+00  3.51215000e-08  2.67583437e-04  3.51215000e-08  1.94988677e+00 
 3.54315000e-08  1.94996409e+00  3.54315000e-08  8.02572887e-01  3.54315000e-08  1.95010734e+00 
 3.54325000e-08  1.94996427e+00  3.54325000e-08  8.85442234e-01  3.54325000e-08  1.94997774e+00 
 3.54335000e-08  1.94996440e+00  3.54335000e-08  9.66502112e-01  3.54335000e-08  1.94984643e+00 
 3.54345000e-08  1.94996458e+00  3.54345000e-08  1.04559472e+00  3.54345000e-08  1.94969579e+00 
 3.54355000e-08  1.94996470e+00  3.54355000e-08  1.12264863e+00  3.54355000e-08  1.94953717e+00 
 3.54365000e-08  1.94996487e+00  3.54365000e-08  1.19783069e+00  3.54365000e-08  1.94939266e+00 
 3.55655000e-08  1.95124521e+00  3.55655000e-08  1.94999253e+00  3.55655000e-08  1.16280721e+00 
 3.55665000e-08  1.95113194e+00  3.55665000e-08  1.95002613e+00  3.55665000e-08  1.10525594e+00 
 3.55675000e-08  1.95100702e+00  3.55675000e-08  1.95005620e+00  3.55675000e-08  1.04747695e+00 
 3.55685000e-08  1.95085849e+00  3.55685000e-08  1.95008059e+00  3.55685000e-08  9.89348026e-01 
 3.55695000e-08  1.95066321e+00  3.55695000e-08  1.95009798e+00  3.55695000e-08  9.30683324e-01 
 3.55705000e-08  1.95040369e+00  3.55705000e-08  1.95010954e+00  3.55705000e-08  8.71409839e-01 
 3.56525000e-08  1.14752838e+00  3.56525000e-08  1.95000007e+00  3.56525000e-08  1.43607364e-03 
 3.56535000e-08  1.09543615e+00  3.56535000e-08  1.94999968e+00  3.56535000e-08  1.39859524e-03 
 3.56545000e-08  1.04364584e+00  3.56545000e-08  1.95000011e+00  3.56545000e-08  1.34977253e-03 
 3.56555000e-08  9.92059858e-01  3.56555000e-08  1.94999972e+00  3.56555000e-08  1.31470693e-03 
 3.56565000e-08  9.40652792e-01  3.56565000e-08  1.95000015e+00  3.56565000e-08  1.26858476e-03 
 3.56575000e-08  8.89357311e-01  3.56575000e-08  1.94999976e+00  3.56575000e-08  1.23575774e-03 
 3.60965000e-08 -2.88949161e-06  3.60965000e-08  1.18143677e+00  3.60965000e-08 -2.87512166e-06 
 3.60975000e-08 -7.78779174e-07  3.60975000e-08  1.12734472e+00  3.60975000e-08 -2.68508324e-06 
 3.60985000e-08  2.11801396e-06  3.60985000e-08  1.07260066e+00  3.60985000e-08 -9.65899750e-07 
 3.60995000e-08  5.79736669e-06  3.60995000e-08  1.01720342e+00  3.60995000e-08  6.29353061e-07 
 3.61005000e-08  1.20927611e-05  3.61005000e-08  9.61167359e-01  3.61005000e-08  3.25831210e-06 
 3.61015000e-08  2.13174105e-05  3.61015000e-08  9.04504464e-01  3.61015000e-08  5.60909019e-06 
 3.62385000e-08  9.42376992e-01  3.62385000e-08  3.68085100e-04  3.62385000e-08  1.10573362e-05 
 3.62395000e-08  9.82994664e-01  3.62395000e-08  3.56331322e-04  3.62395000e-08  9.40718397e-06 
 3.62405000e-08  1.02302418e+00  3.62405000e-08  3.48090186e-04  3.62405000e-08  1.03353752e-05 
 3.62415000e-08  1.06250554e+00  3.62415000e-08  3.36976911e-04  3.62415000e-08  8.71670431e-06 
 3.62425000e-08  1.10148402e+00  3.62425000e-08  3.29282627e-04  3.62425000e-08  9.66971016e-06 
 3.62435000e-08  1.14005278e+00  3.62435000e-08  3.18768776e-04  3.62435000e-08  8.08182624e-06 
 3.65535000e-08  1.94996410e+00  3.65535000e-08  8.01572314e-01  3.65535000e-08 -5.00843722e-05 
 3.65545000e-08  1.94996427e+00  3.65545000e-08  8.84430089e-01  3.65545000e-08 -1.03004150e-04 
 3.65555000e-08  1.94996441e+00  3.65555000e-08  9.65636203e-01  3.65555000e-08 -1.46377524e-04 
 3.65565000e-08  1.94996457e+00  3.65565000e-08  1.04506241e+00  3.65565000e-08 -1.73585002e-04 
 3.65575000e-08  1.94996471e+00  3.65575000e-08  1.12264990e+00  3.65575000e-08 -1.93262008e-04 
 3.65585000e-08  1.94996487e+00  3.65585000e-08  1.19852658e+00  3.65585000e-08 -2.08816125e-04 
 3.66725000e-08  1.94985622e+00  3.66725000e-08  1.94994306e+00  3.66725000e-08  8.47121744e-01 
 3.66735000e-08  1.94989852e+00  3.66735000e-08  1.94994769e+00  3.66735000e-08  9.08543988e-01 
 3.66745000e-08  1.94996473e+00  3.66745000e-08  1.94995438e+00  3.66745000e-08  9.68606847e-01 
 3.66755000e-08  1.95006600e+00  3.66755000e-08  1.94995963e+00  3.66755000e-08  1.02846092e+00 
 3.66765000e-08  1.95019798e+00  3.66765000e-08  1.94996628e+00  3.66765000e-08  1.09160281e+00 
 3.66775000e-08  1.95037167e+00  3.66775000e-08  1.94996425e+00  3.66775000e-08  1.16204670e+00 
 3.67745000e-08  1.14703822e+00  3.67745000e-08  1.94999835e+00  3.67745000e-08  1.94987839e+00 
 3.67755000e-08  1.09494850e+00  3.67755000e-08  1.94999818e+00  3.67755000e-08  1.94988510e+00 
 3.67765000e-08  1.04316052e+00  3.67765000e-08  1.94999853e+00  3.67765000e-08  1.94989366e+00 
 3.67775000e-08  9.91575789e-01  3.67775000e-08  1.94999836e+00  3.67775000e-08  1.94989942e+00 
 3.67785000e-08  9.40169977e-01  3.67785000e-08  1.94999870e+00  3.67785000e-08  1.94990700e+00 
 3.67795000e-08  8.88875274e-01  3.67795000e-08  1.94999852e+00  3.67795000e-08  1.94991177e+00 
 3.72185000e-08 -2.90482410e-06  3.72185000e-08  1.18079989e+00  3.72185000e-08  1.94994213e+00 
 3.72195000e-08 -8.06176956e-07  3.72195000e-08  1.12670263e+00  3.72195000e-08  1.94993661e+00 
 3.72205000e-08  2.08426974e-06  3.72205000e-08  1.07195274e+00  3.72205000e-08  1.94993470e+00 
 3.72215000e-08  5.75413852e-06  3.72215000e-08  1.01655019e+00  3.72215000e-08  1.94993740e+00 
 3.72225000e-08  1.20068403e-05  3.72225000e-08  9.60507959e-01  3.72225000e-08  1.94994685e+00 
 3.72235000e-08  2.12055100e-05  3.72235000e-08  9.03839116e-01  3.72235000e-08  1.94996272e+00 
 3.73605000e-08  9.41926355e-01  3.73605000e-08  3.04692811e-04  3.73605000e-08  1.94986765e+00 
 3.73615000e-08  9.82550419e-01  3.73615000e-08  2.95789874e-04  3.73615000e-08  1.94987243e+00 
 3.73625000e-08  1.02258642e+00  3.73625000e-08  2.89734897e-04  3.73625000e-08  1.94987511e+00 
 3.73635000e-08  1.06207344e+00  3.73635000e-08  2.81301893e-04  3.73635000e-08  1.94987976e+00 
 3.73645000e-08  1.10105716e+00  3.73645000e-08  2.75608424e-04  3.73645000e-08  1.94988230e+00 
 3.73655000e-08  1.13962960e+00  3.73655000e-08  2.67585335e-04  3.73655000e-08  1.94988677e+00 
 3.76755000e-08  1.94996409e+00  3.76755000e-08  8.02551584e-01  3.76755000e-08  1.95010737e+00 
 3.76765000e-08  1.94996427e+00  3.76765000e-08  8.85421350e-01  3.76765000e-08  1.94997777e+00 
 3.76775000e-08  1.94996440e+00  3.76775000e-08  9.66481717e-01  3.76775000e-08  1.94984647e+00 
 3.76785000e-08  1.94996458e+00  3.76785000e-08  1.04557484e+00  3.76785000e-08  1.94969583e+00 
 3.76795000e-08  1.94996470e+00  3.76795000e-08  1.12262926e+00  3.76795000e-08  1.94953721e+00 
 3.76805000e-08  1.94996487e+00  3.76805000e-08  1.19781175e+00  3.76805000e-08  1.94939271e+00 
 3.78095000e-08  1.95124529e+00  3.78095000e-08  1.94999252e+00  3.78095000e-08  1.16282184e+00 
 3.78105000e-08  1.95113201e+00  3.78105000e-08  1.95002612e+00  3.78105000e-08  1.10527059e+00 
 3.78115000e-08  1.95100710e+00  3.78115000e-08  1.95005620e+00  3.78115000e-08  1.04749168e+00 
 3.78125000e-08  1.95085859e+00  3.78125000e-08  1.95008059e+00  3.78125000e-08  9.89362865e-01 
 3.78135000e-08  1.95066335e+00  3.78135000e-08  1.95009798e+00  3.78135000e-08  9.30698322e-01 
 3.78145000e-08  1.95040388e+00  3.78145000e-08  1.95010954e+00  3.78145000e-08  8.71424998e-01 
 3.78965000e-08  1.14756192e+00  3.78965000e-08  1.95000007e+00  3.78965000e-08  1.43608891e-03 
 3.78975000e-08  1.09546950e+00  3.78975000e-08  1.94999968e+00  3.78975000e-08  1.39860229e-03 
 3.78985000e-08  1.04367902e+00  3.78985000e-08  1.95000011e+00  3.78985000e-08  1.34978711e-03 
 3.78995000e-08  9.92092922e-01  3.78995000e-08  1.94999972e+00  3.78995000e-08  1.31471341e-03 
 3.79005000e-08  9.40685752e-01  3.79005000e-08  1.95000015e+00  3.79005000e-08  1.26859867e-03 
 3.79015000e-08  8.89390211e-01  3.79015000e-08  1.94999976e+00  3.79015000e-08  1.23576365e-03 
 3.83405000e-08 -2.89038842e-06  3.83405000e-08  1.18145053e+00  3.83405000e-08 -2.87277243e-06 
 3.83415000e-08 -7.80442959e-07  3.83415000e-08  1.12735864e+00  3.83415000e-08 -2.68744694e-06 
 3.83425000e-08  2.11600993e-06  3.83425000e-08  1.07261475e+00  3.83425000e-08 -9.64047819e-07 
 3.83435000e-08  5.79474645e-06  3.83435000e-08  1.01721767e+00  3.83435000e-08  6.26999231e-07 
 3.83445000e-08  1.20875983e-05  3.83445000e-08  9.61181778e-01  3.83445000e-08  3.25948247e-06 
 3.83455000e-08  2.13106532e-05  3.83455000e-08  9.04519034e-01  3.83455000e-08  5.60670655e-06 
 3.84825000e-08  9.42358287e-01  3.84825000e-08  3.68087578e-04  3.84825000e-08  1.10574117e-05 
 3.84835000e-08  9.82976226e-01  3.84835000e-08  3.56334213e-04  3.84835000e-08  9.40728937e-06 
 3.84845000e-08  1.02300601e+00  3.84845000e-08  3.48092505e-04  3.84845000e-08  1.03354443e-05 
 3.84855000e-08  1.06248761e+00  3.84855000e-08  3.36979636e-04  3.84855000e-08  8.71680052e-06 
 3.84865000e-08  1.10146631e+00  3.84865000e-08  3.29284796e-04  3.84865000e-08  9.66977366e-06 
 3.84875000e-08  1.14003521e+00  3.84875000e-08  3.18771345e-04  3.84875000e-08  8.08191348e-06 
 3.87975000e-08  1.94996410e+00  3.87975000e-08  8.01517893e-01  3.87975000e-08 -5.00530809e-05 
 3.87985000e-08  1.94996427e+00  3.87985000e-08  8.84376650e-01  3.87985000e-08 -1.02973281e-04 
 3.87995000e-08  1.94996441e+00  3.87995000e-08  9.65583904e-01  3.87995000e-08 -1.46353170e-04 
 3.88005000e-08  1.94996457e+00  3.88005000e-08  1.04501130e+00  3.88005000e-08 -1.73571747e-04 
 3.88015000e-08  1.94996471e+00  3.88015000e-08  1.12259996e+00  3.88015000e-08 -1.93252167e-04 
 3.88025000e-08  1.94996487e+00  3.88025000e-08  1.19847770e+00  3.88025000e-08 -2.08801137e-04 
 3.89165000e-08  1.94985623e+00  3.89165000e-08  1.94994305e+00  3.89165000e-08  8.47081240e-01 
 3.89175000e-08  1.94989852e+00  3.89175000e-08  1.94994769e+00  3.89175000e-08  9.08504577e-01 
 3.89185000e-08  1.94996473e+00  3.89185000e-08  1.94995438e+00  3.89185000e-08  9.68568064e-01 
 3.89195000e-08  1.95006601e+00  3.89195000e-08  1.94995962e+00  3.89195000e-08  1.02842147e+00 
 3.89205000e-08  1.95019799e+00  3.89205000e-08  1.94996628e+00  3.89205000e-08  1.09156013e+00 
 3.89215000e-08  1.95037168e+00  3.89215000e-08  1.94996426e+00  3.89215000e-08  1.16199886e+00 
 3.90185000e-08  1.14703436e+00  3.90185000e-08  1.94999835e+00  3.90185000e-08  1.94987840e+00 
 3.90195000e-08  1.09494467e+00  3.90195000e-08  1.94999818e+00  3.90195000e-08  1.94988507e+00 
 3.90205000e-08  1.04315670e+00  3.90205000e-08  1.94999853e+00  3.90205000e-08  1.94989367e+00 
 3.90215000e-08  9.91571988e-01  3.90215000e-08  1.94999836e+00  3.90215000e-08  1.94989940e+00 
 3.90225000e-08  9.40166188e-01  3.90225000e-08  1.94999870e+00  3.90225000e-08  1.94990701e+00 
 3.90235000e-08  8.88871492e-01  3.90235000e-08  1.94999852e+00  3.90235000e-08  1.94991175e+00 
 3.94625000e-08 -2.90514583e-06  3.94625000e-08  1.18079881e+00  3.94625000e-08  1.94994213e+00 
 3.94635000e-08 -8.06370175e-07  3.94635000e-08  1.12670153e+00  3.94635000e-08  1.94993661e+00 
 3.94645000e-08  2.08418972e-06  3.94645000e-08  1.07195162e+00  3.94645000e-08  1.94993470e+00 
 3.94655000e-08  5.75415754e-06  3.94655000e-08  1.01654906e+00  3.94655000e-08  1.94993740e+00 
 3.94665000e-08  1.20071654e-05  3.94665000e-08  9.60506807e-01  3.94665000e-08  1.94994685e+00 
 3.94675000e-08  2.12060678e-05  3.94675000e-08  9.03837947e-01  3.94675000e-08  1.94996272e+00 
 3.96045000e-08  9.41930986e-01  3.96045000e-08  3.04693155e-04  3.96045000e-08  1.94986765e+00 
 3.96055000e-08  9.82554984e-01  3.96055000e-08  2.95789309e-04  3.96055000e-08  1.94987243e+00 
 3.96065000e-08  1.02259092e+00  3.96065000e-08  2.89735187e-04  3.96065000e-08  1.94987511e+00 
 3.96075000e-08  1.06207788e+00  3.96075000e-08  2.81301315e-04  3.96075000e-08  1.94987975e+00 
 3.96085000e-08  1.10106154e+00  3.96085000e-08  2.75608676e-04  3.96085000e-08  1.94988230e+00 
 3.96095000e-08  1.13963394e+00  3.96095000e-08  2.67584753e-04  3.96095000e-08  1.94988677e+00 
 3.99195000e-08  1.94996409e+00  3.99195000e-08  8.02561124e-01  3.99195000e-08  1.95010736e+00 
 3.99205000e-08  1.94996427e+00  3.99205000e-08  8.85430702e-01  3.99205000e-08  1.94997775e+00 
 3.99215000e-08  1.94996440e+00  3.99215000e-08  9.66490850e-01  3.99215000e-08  1.94984645e+00 
 3.99225000e-08  1.94996458e+00  3.99225000e-08  1.04558375e+00  3.99225000e-08  1.94969581e+00 
 3.99235000e-08  1.94996470e+00  3.99235000e-08  1.12263793e+00  3.99235000e-08  1.94953719e+00 
 3.99245000e-08  1.94996487e+00  3.99245000e-08  1.19782023e+00  3.99245000e-08  1.94939269e+00 
 4.00535000e-08  1.95124526e+00  4.00535000e-08  1.94999252e+00  4.00535000e-08  1.16281529e+00 
 4.00545000e-08  1.95113199e+00  4.00545000e-08  1.95002612e+00  4.00545000e-08  1.10526403e+00 
 4.00555000e-08  1.95100708e+00  4.00555000e-08  1.95005620e+00  4.00555000e-08  1.04748508e+00 
 4.00565000e-08  1.95085856e+00  4.00565000e-08  1.95008059e+00  4.00565000e-08  9.89356218e-01 
 4.00575000e-08  1.95066330e+00  4.00575000e-08  1.95009798e+00  4.00575000e-08  9.30691604e-01 
 4.00585000e-08  1.95040381e+00  4.00585000e-08  1.95010954e+00  4.00585000e-08  8.71418208e-01 
 4.01405000e-08  1.14755064e+00  4.01405000e-08  1.95000007e+00  4.01405000e-08  1.43608205e-03 
 4.01415000e-08  1.09545828e+00  4.01415000e-08  1.94999968e+00  4.01415000e-08  1.39859915e-03 
 4.01425000e-08  1.04366786e+00  4.01425000e-08  1.95000011e+00  4.01425000e-08  1.34978056e-03 
 4.01435000e-08  9.92081799e-01  4.01435000e-08  1.94999972e+00  4.01435000e-08  1.31471053e-03 
 4.01445000e-08  9.40674663e-01  4.01445000e-08  1.95000015e+00  4.01445000e-08  1.26859241e-03 
 4.01455000e-08  8.89379143e-01  4.01455000e-08  1.94999976e+00  4.01455000e-08  1.23576102e-03 
 4.05845000e-08 -2.89008128e-06  4.05845000e-08  1.18143898e+00  4.05845000e-08 -2.87284926e-06 
 4.05855000e-08 -7.79877393e-07  4.05855000e-08  1.12734695e+00  4.05855000e-08 -2.68711553e-06 
 4.05865000e-08  2.11669435e-06  4.05865000e-08  1.07260292e+00  4.05865000e-08 -9.63807811e-07 
 4.05875000e-08  5.79563806e-06  4.05875000e-08  1.01720571e+00  4.05875000e-08  6.27563269e-07 
 4.05885000e-08  1.20893590e-05  4.05885000e-08  9.61169672e-01  4.05885000e-08  3.25991376e-06 
 4.05895000e-08  2.13129549e-05  4.05895000e-08  9.04506801e-01  4.05895000e-08  5.60741700e-06 
 4.07265000e-08  9.42367032e-01  4.07265000e-08  3.68085689e-04  4.07265000e-08  1.10576208e-05 
 4.07275000e-08  9.82984846e-01  4.07275000e-08  3.56331750e-04  4.07275000e-08  9.40692555e-06 
 4.07285000e-08  1.02301450e+00  4.07285000e-08  3.48090740e-04  4.07285000e-08  1.03356549e-05 
 4.07295000e-08  1.06249599e+00  4.07295000e-08  3.36977306e-04  4.07295000e-08  8.71644732e-06 
 4.07305000e-08  1.10147459e+00  4.07305000e-08  3.29283148e-04  4.07305000e-08  9.66998566e-06 
 4.07315000e-08  1.14004342e+00  4.07315000e-08  3.18769141e-04  4.07315000e-08  8.08157048e-06 
 4.10415000e-08  1.94996410e+00  4.10415000e-08  8.01535905e-01  4.10415000e-08 -5.00634672e-05 
 4.10425000e-08  1.94996427e+00  4.10425000e-08  8.84394337e-01  4.10425000e-08 -1.02983473e-04 
 4.10435000e-08  1.94996441e+00  4.10435000e-08  9.65601214e-01  4.10435000e-08 -1.46361257e-04 
 4.10445000e-08  1.94996457e+00  4.10445000e-08  1.04502822e+00  4.10445000e-08 -1.73576109e-04 
 4.10455000e-08  1.94996471e+00  4.10455000e-08  1.12261649e+00  4.10455000e-08 -1.93255450e-04 
 4.10465000e-08  1.94996487e+00  4.10465000e-08  1.19849388e+00  4.10465000e-08 -2.08806072e-04 
 4.11605000e-08  1.94985623e+00  4.11605000e-08  1.94994305e+00  4.11605000e-08  8.47094645e-01 
 4.11615000e-08  1.94989853e+00  4.11615000e-08  1.94994769e+00  4.11615000e-08  9.08517620e-01 
 4.11625000e-08  1.94996475e+00  4.11625000e-08  1.94995438e+00  4.11625000e-08  9.68580899e-01 
 4.11635000e-08  1.95006603e+00  4.11635000e-08  1.94995963e+00  4.11635000e-08  1.02843453e+00 
 4.11645000e-08  1.95019802e+00  4.11645000e-08  1.94996628e+00  4.11645000e-08  1.09157425e+00 
 4.11655000e-08  1.95037172e+00  4.11655000e-08  1.94996426e+00  4.11655000e-08  1.16201469e+00 
 4.12625000e-08  1.14702351e+00  4.12625000e-08  1.94999835e+00  4.12625000e-08  1.94987840e+00 
 4.12635000e-08  1.09493387e+00  4.12635000e-08  1.94999818e+00  4.12635000e-08  1.94988508e+00 
 4.12645000e-08  1.04314597e+00  4.12645000e-08  1.94999853e+00  4.12645000e-08  1.94989367e+00 
 4.12655000e-08  9.91561286e-01  4.12655000e-08  1.94999836e+00  4.12655000e-08  1.94989941e+00 
 4.12665000e-08  9.40155519e-01  4.12665000e-08  1.94999870e+00  4.12665000e-08  1.94990701e+00 
 4.12675000e-08  8.88860842e-01  4.12675000e-08  1.94999852e+00  4.12675000e-08  1.94991175e+00 
 4.17065000e-08 -2.90442955e-06  4.17065000e-08  1.18078475e+00  4.17065000e-08  1.94994213e+00 
 4.17075000e-08 -8.05446469e-07  4.17075000e-08  1.12668730e+00  4.17075000e-08  1.94993660e+00 
 4.17085000e-08  2.08515503e-06  4.17085000e-08  1.07193722e+00  4.17085000e-08  1.94993470e+00 
 4.17095000e-08  5.75529047e-06  4.17095000e-08  1.01653450e+00  4.17095000e-08  1.94993740e+00 
 4.17105000e-08  1.20091109e-05  4.17105000e-08  9.60492081e-01  4.17105000e-08  1.94994685e+00 
 4.17115000e-08  2.12085368e-05  4.17115000e-08  9.03823072e-01  4.17115000e-08  1.94996272e+00 
 4.18485000e-08  9.41944183e-01  4.18485000e-08  3.04691704e-04  4.18485000e-08  1.94986765e+00 
 4.18495000e-08  9.82567994e-01  4.18495000e-08  2.95786766e-04  4.18495000e-08  1.94987243e+00 
 4.18505000e-08  1.02260374e+00  4.18505000e-08  2.89733841e-04  4.18505000e-08  1.94987511e+00 
 4.18515000e-08  1.06209053e+00  4.18515000e-08  2.81298894e-04  4.18515000e-08  1.94987976e+00 
 4.18525000e-08  1.10107405e+00  4.18525000e-08  2.75607419e-04  4.18525000e-08  1.94988230e+00 
 4.18535000e-08  1.13964634e+00  4.18535000e-08  2.67582440e-04  4.18535000e-08  1.94988677e+00 
 4.20000000e-08  1.94962314e+00  4.20000000e-08  6.76614151e-06  4.20000000e-08  1.94999801e+00 
