 time            v(b_out)        time            v(u_puf_u_core_sel_ro) time            v(q)           
 0.00000000e+00  4.68653885e-09  0.00000000e+00  2.46749718e-09  0.00000000e+00  2.46749746e-09 
 2.57850000e-09  9.39877942e-01  2.57850000e-09  2.96831054e-09  2.57850000e-09  2.46768483e-09 
 2.57950000e-09  9.75581850e-01  2.57950000e-09  2.96999203e-09  2.57950000e-09  2.46768650e-09 
 2.58050000e-09  1.01193267e+00  2.58050000e-09  2.97562969e-09  2.58050000e-09  2.46769283e-09 
 2.58150000e-09  1.04913580e+00  2.58150000e-09  2.98115516e-09  2.58150000e-09  2.46768850e-09 
 2.58250000e-09  1.08676711e+00  2.58250000e-09  2.97681629e-09  2.58250000e-09  2.46767140e-09 
 2.58350000e-09  1.12430796e+00  2.58350000e-09  2.95486186e-09  2.58350000e-09  2.46764420e-09 
 2.85750000e-09  1.94994705e+00  2.85750000e-09  8.61355072e-01  2.85750000e-09 -8.16586835e-05 
 2.85850000e-09  1.94994762e+00  2.85850000e-09  9.31603999e-01  2.85850000e-09 -1.16591338e-04 
 2.85950000e-09  1.94994817e+00  2.85950000e-09  1.00125965e+00  2.85950000e-09 -1.39567174e-04 
 2.86050000e-09  1.94994872e+00  2.86050000e-09  1.07026793e+00  2.86050000e-09 -1.55451734e-04 
 2.86150000e-09  1.94994925e+00  2.86150000e-09  1.13871261e+00  2.86150000e-09 -1.68138550e-04 
 2.86250000e-09  1.94994977e+00  2.86250000e-09  1.20685153e+00  2.86250000e-09 -1.91383095e-04 
 2.97750000e-09  1.94997531e+00  2.97750000e-09  1.94988125e+00  2.97750000e-09  9.04623479e-01 
 2.97850000e-09  1.94997611e+00  2.97850000e-09  1.94988858e+00  2.97850000e-09  9.64661747e-01 
 2.97950000e-09  1.94997722e+00  2.97950000e-09  1.94989728e+00  2.97950000e-09  1.02435009e+00 
 2.98050000e-09  1.94997894e+00  2.98050000e-09  1.94990424e+00  2.98050000e-09  1.08706014e+00 
 2.98150000e-09  1.94998129e+00  2.98150000e-09  1.94990671e+00  2.98150000e-09  1.15683433e+00 
 2.98250000e-09  1.94998453e+00  2.98250000e-09  1.94990371e+00  2.98250000e-09  1.23006514e+00 
 3.11450000e-09  1.13520441e+00  3.11450000e-09  1.94999153e+00  3.11450000e-09  1.94998842e+00 
 3.11550000e-09  1.08243956e+00  3.11550000e-09  1.94999162e+00  3.11550000e-09  1.94998542e+00 
 3.11650000e-09  1.02991002e+00  3.11650000e-09  1.94999172e+00  3.11650000e-09  1.94998971e+00 
 3.11750000e-09  9.77512525e-01  3.11750000e-09  1.94999181e+00  3.11750000e-09  1.94998677e+00 
 3.11850000e-09  9.25213169e-01  3.11850000e-09  1.94999191e+00  3.11850000e-09  1.94999091e+00 
 3.11950000e-09  8.72909997e-01  3.11950000e-09  1.94999199e+00  3.11950000e-09  1.94998793e+00 
 3.58650000e-09 -1.61601403e-04  3.58650000e-09  1.12328332e+00  3.58650000e-09  1.94995819e+00 
 3.58750000e-09 -1.75540701e-04  3.58750000e-09  1.07925511e+00  3.58750000e-09  1.94995843e+00 
 3.58850000e-09 -1.89407269e-04  3.58850000e-09  1.03478740e+00  3.58850000e-09  1.94996240e+00 
 3.58950000e-09 -2.07467807e-04  3.58950000e-09  9.89886851e-01  3.58950000e-09  1.94997007e+00 
 3.59050000e-09 -2.25366684e-04  3.59050000e-09  9.44566262e-01  3.59050000e-09  1.94998252e+00 
 3.59150000e-09 -2.39472864e-04  3.59150000e-09  8.98837784e-01  3.59150000e-09  1.94999909e+00 
 3.70050000e-09  9.42807529e-01  3.70050000e-09  1.20735568e-03  3.70050000e-09  1.94983099e+00 
 3.70150000e-09  9.79861221e-01  3.70150000e-09  1.16950250e-03  3.70150000e-09  1.94983710e+00 
 3.70250000e-09  1.01743806e+00  3.70250000e-09  1.14105562e-03  3.70250000e-09  1.94984505e+00 
 3.70350000e-09  1.05531140e+00  3.70350000e-09  1.11464422e-03  3.70350000e-09  1.94985143e+00 
 3.70450000e-09  1.09308974e+00  3.70450000e-09  1.09433260e-03  3.70450000e-09  1.94985680e+00 
 3.70550000e-09  1.13053426e+00  3.70550000e-09  1.06885784e-03  3.70550000e-09  1.94985753e+00 
 3.97750000e-09  1.94994614e+00  3.97750000e-09  8.33987652e-01  3.97750000e-09  1.94999449e+00 
 3.97850000e-09  1.94994670e+00  3.97850000e-09  9.04342886e-01  3.97850000e-09  1.94989719e+00 
 3.97950000e-09  1.94994731e+00  3.97950000e-09  9.74035482e-01  3.97950000e-09  1.94978065e+00 
 3.98050000e-09  1.94994784e+00  3.98050000e-09  1.04293831e+00  3.98050000e-09  1.94965200e+00 
 3.98150000e-09  1.94994842e+00  3.98150000e-09  1.11109683e+00  3.98150000e-09  1.94953288e+00 
 3.98250000e-09  1.94994893e+00  3.98250000e-09  1.17872640e+00  3.98250000e-09  1.94940792e+00 
 4.11150000e-09  1.94997400e+00  4.11150000e-09  1.94994175e+00  4.11150000e-09  1.17773144e+00 
 4.11250000e-09  1.94997140e+00  4.11250000e-09  1.94997030e+00  4.11250000e-09  1.12018898e+00 
 4.11350000e-09  1.94996906e+00  4.11350000e-09  1.94999966e+00  4.11350000e-09  1.06248330e+00 
 4.11450000e-09  1.94996529e+00  4.11450000e-09  1.95002556e+00  4.11450000e-09  1.00444537e+00 
 4.11550000e-09  1.94995811e+00  4.11550000e-09  1.95004923e+00  4.11550000e-09  9.45926977e-01 
 4.11650000e-09  1.94994668e+00  4.11650000e-09  1.95006176e+00  4.11650000e-09  8.86803396e-01 
 4.23650000e-09  1.13710653e+00  4.23650000e-09  1.94999195e+00  4.23650000e-09  4.42029021e-04 
 4.23750000e-09  1.08433331e+00  4.23750000e-09  1.94999210e+00  4.23750000e-09  4.24735572e-04 
 4.23850000e-09  1.03179860e+00  4.23850000e-09  1.94999211e+00  4.23850000e-09  4.14847495e-04 
 4.23950000e-09  9.79397079e-01  4.23950000e-09  1.94999225e+00  4.23950000e-09  3.98394488e-04 
 4.24050000e-09  9.27097489e-01  4.24050000e-09  1.94999226e+00  4.24050000e-09  3.89314765e-04 
 4.24150000e-09  8.74794768e-01  4.24150000e-09  1.94999239e+00  4.24150000e-09  3.73654694e-04 
 4.70850000e-09 -1.61426288e-04  4.70850000e-09  1.12519717e+00  4.70850000e-09 -7.04437208e-07 
 4.70950000e-09 -1.75388514e-04  4.70950000e-09  1.08118749e+00  4.70950000e-09 -3.72385860e-07 
 4.71050000e-09 -1.89233191e-04  4.71050000e-09  1.03673749e+00  4.71050000e-09  1.63384744e-06 
 4.71150000e-09 -2.07213268e-04  4.71150000e-09  9.91855190e-01  4.71150000e-09  2.59291090e-06 
 4.71250000e-09 -2.25409103e-04  4.71250000e-09  9.46552193e-01  4.71250000e-09  4.76192864e-06 
 4.71350000e-09 -2.38998122e-04  4.71350000e-09  9.00841808e-01  4.71350000e-09  5.84776122e-06 
 4.82250000e-09  9.42406403e-01  4.82250000e-09  1.27835759e-03  4.82250000e-09  1.64119819e-05 
 4.82350000e-09  9.79451591e-01  4.82350000e-09  1.24337536e-03  4.82350000e-09  1.62920506e-05 
 4.82450000e-09  1.01702186e+00  4.82450000e-09  1.21225096e-03  4.82450000e-09  1.77939350e-05 
 4.82550000e-09  1.05489488e+00  4.82550000e-09  1.18021818e-03  4.82550000e-09  1.74887053e-05 
 4.82650000e-09  1.09267367e+00  4.82650000e-09  1.15170514e-03  4.82650000e-09  1.87660185e-05 
 4.82750000e-09  1.13012278e+00  4.82750000e-09  1.12212097e-03  4.82750000e-09  1.82369111e-05 
 5.09950000e-09  1.94994613e+00  5.09950000e-09  8.31543396e-01  5.09950000e-09 -6.74437294e-05 
 5.10050000e-09  1.94994670e+00  5.10050000e-09  9.02004878e-01  5.10050000e-09 -1.04525624e-04 
 5.10150000e-09  1.94994730e+00  5.10150000e-09  9.71940050e-01  5.10150000e-09 -1.31778826e-04 
 5.10250000e-09  1.94994784e+00  5.10250000e-09  1.04122607e+00  5.10250000e-09 -1.50034360e-04 
 5.10350000e-09  1.94994841e+00  5.10350000e-09  1.10990813e+00  5.10350000e-09 -1.62787749e-04 
 5.10450000e-09  1.94994893e+00  5.10450000e-09  1.17814330e+00  5.10450000e-09 -1.82789509e-04 
 5.21950000e-09  1.94997407e+00  5.21950000e-09  1.94988467e+00  5.21950000e-09  8.91004543e-01 
 5.22050000e-09  1.94997463e+00  5.22050000e-09  1.94989003e+00  5.22050000e-09  9.51391205e-01 
 5.22150000e-09  1.94997532e+00  5.22150000e-09  1.94989979e+00  5.22150000e-09  1.01109220e+00 
 5.22250000e-09  1.94997610e+00  5.22250000e-09  1.94990372e+00  5.22250000e-09  1.07300030e+00 
 5.22350000e-09  1.94997720e+00  5.22350000e-09  1.94991206e+00  5.22350000e-09  1.14095008e+00 
 5.22450000e-09  1.94997888e+00  5.22450000e-09  1.94990418e+00  5.22450000e-09  1.21440229e+00 
 5.35850000e-09  1.13769266e+00  5.35850000e-09  1.94999158e+00  5.35850000e-09  1.94998859e+00 
 5.35950000e-09  1.08491601e+00  5.35950000e-09  1.94999189e+00  5.35950000e-09  1.94997789e+00 
 5.36050000e-09  1.03237885e+00  5.36050000e-09  1.94999177e+00  5.36050000e-09  1.94999159e+00 
 5.36150000e-09  9.79975292e-01  5.36150000e-09  1.94999206e+00  5.36150000e-09  1.94997608e+00 
 5.36250000e-09  9.27674899e-01  5.36250000e-09  1.94999195e+00  5.36250000e-09  1.94998529e+00 
 5.36350000e-09  8.75371687e-01  5.36350000e-09  1.94999224e+00  5.36350000e-09  1.94997625e+00 
 5.83050000e-09 -1.61024575e-04  5.83050000e-09  1.12549431e+00  5.83050000e-09  1.94995825e+00 
 5.83150000e-09 -1.75044028e-04  5.83150000e-09  1.08148899e+00  5.83150000e-09  1.94995833e+00 
 5.83250000e-09 -1.88841069e-04  5.83250000e-09  1.03704291e+00  5.83250000e-09  1.94996212e+00 
 5.83350000e-09 -2.06634175e-04  5.83350000e-09  9.92164318e-01  5.83350000e-09  1.94996957e+00 
 5.83450000e-09 -2.25536799e-04  5.83450000e-09  9.46864293e-01  5.83450000e-09  1.94998180e+00 
 5.83550000e-09 -2.37893529e-04  5.83550000e-09  9.01156359e-01  5.83550000e-09  1.94999813e+00 
 5.94450000e-09  9.41436746e-01  5.94450000e-09  1.20929656e-03  5.94450000e-09  1.94983064e+00 
 5.94550000e-09  9.78473713e-01  5.94550000e-09  1.17115741e-03  5.94550000e-09  1.94983680e+00 
 5.94650000e-09  1.01603218e+00  5.94650000e-09  1.14257192e-03  5.94650000e-09  1.94984462e+00 
 5.94750000e-09  1.05390215e+00  5.94750000e-09  1.11571248e-03  5.94750000e-09  1.94985119e+00 
 5.94850000e-09  1.09168925e+00  5.94850000e-09  1.09561464e-03  5.94850000e-09  1.94985657e+00 
 5.94950000e-09  1.12914864e+00  5.94950000e-09  1.07001924e-03  5.94950000e-09  1.94985762e+00 
 6.22150000e-09  1.94994610e+00  6.22150000e-09  8.31316316e-01  6.22150000e-09  1.94999870e+00 
 6.22250000e-09  1.94994669e+00  6.22250000e-09  9.01693367e-01  6.22250000e-09  1.94990313e+00 
 6.22350000e-09  1.94994727e+00  6.22350000e-09  9.71414517e-01  6.22350000e-09  1.94978694e+00 
 6.22450000e-09  1.94994783e+00  6.22450000e-09  1.04034176e+00  6.22450000e-09  1.94965806e+00 
 6.22550000e-09  1.94994838e+00  6.22550000e-09  1.10851130e+00  6.22550000e-09  1.94953836e+00 
 6.22650000e-09  1.94994892e+00  6.22650000e-09  1.17614069e+00  6.22650000e-09  1.94941409e+00 
 6.35550000e-09  1.94997409e+00  6.35550000e-09  1.94994051e+00  6.35550000e-09  1.18006136e+00 
 6.35650000e-09  1.94997148e+00  6.35650000e-09  1.94996919e+00  6.35650000e-09  1.12252008e+00 
 6.35750000e-09  1.94996913e+00  6.35750000e-09  1.94999857e+00  6.35750000e-09  1.06482545e+00 
 6.35850000e-09  1.94996545e+00  6.35850000e-09  1.95002452e+00  6.35850000e-09  1.00680186e+00 
 6.35950000e-09  1.94995841e+00  6.35950000e-09  1.95004838e+00  6.35950000e-09  9.48306554e-01 
 6.36050000e-09  1.94994710e+00  6.36050000e-09  1.95006128e+00  6.36050000e-09  8.89207164e-01 
 6.48050000e-09  1.13883941e+00  6.48050000e-09  1.94999195e+00  6.48050000e-09  4.43339820e-04 
 6.48150000e-09  1.08605774e+00  6.48150000e-09  1.94999209e+00  6.48150000e-09  4.24544966e-04 
 6.48250000e-09  1.03351750e+00  6.48250000e-09  1.94999211e+00  6.48250000e-09  4.16109427e-04 
 6.48350000e-09  9.81111485e-01  6.48350000e-09  1.94999224e+00  6.48350000e-09  3.98185115e-04 
 6.48450000e-09  9.28810943e-01  6.48450000e-09  1.94999226e+00  6.48450000e-09  3.90530096e-04 
 6.48550000e-09  8.76508064e-01  6.48550000e-09  1.94999238e+00  6.48550000e-09  3.73428249e-04 
 6.95250000e-09 -1.61209569e-04  6.95250000e-09  1.12672851e+00  6.95250000e-09 -7.21688100e-07 
 6.95350000e-09 -1.75202136e-04  6.95350000e-09  1.08273469e+00  6.95350000e-09 -4.16721680e-07 
 6.95450000e-09 -1.89021514e-04  6.95450000e-09  1.03829968e+00  6.95450000e-09  1.59642885e-06 
 6.95550000e-09 -2.06903195e-04  6.95550000e-09  9.93432607e-01  6.95550000e-09  2.52461037e-06 
 6.95650000e-09 -2.25469204e-04  6.95650000e-09  9.48143851e-01  6.95650000e-09  4.70504895e-06 
 6.95750000e-09 -2.38412997e-04  6.95750000e-09  9.02447706e-01  6.95750000e-09  5.78342157e-06 
 7.06650000e-09  9.41892543e-01  7.06650000e-09  1.27966545e-03  7.06650000e-09  1.64352625e-05 
 7.06750000e-09  9.78931542e-01  7.06750000e-09  1.24453324e-03  7.06750000e-09  1.62149296e-05 
 7.06850000e-09  1.01649496e+00  7.06850000e-09  1.21344746e-03  7.06850000e-09  1.78239833e-05 
 7.06950000e-09  1.05436665e+00  7.06950000e-09  1.18127742e-03  7.06950000e-09  1.74183877e-05 
 7.07050000e-09  1.09214988e+00  7.07050000e-09  1.15280941e-03  7.07050000e-09  1.88046861e-05 
 7.07150000e-09  1.12960590e+00  7.07150000e-09  1.12309818e-03  7.07150000e-09  1.81743058e-05 
 7.34350000e-09  1.94994612e+00  7.34350000e-09  8.30576116e-01  7.34350000e-09 -6.68937846e-05 
 7.34450000e-09  1.94994670e+00  7.34450000e-09  9.01043718e-01  7.34450000e-09 -1.03983658e-04 
 7.34550000e-09  1.94994729e+00  7.34550000e-09  9.70987366e-01  7.34550000e-09 -1.31524491e-04 
 7.34650000e-09  1.94994784e+00  7.34650000e-09  1.04028206e+00  7.34650000e-09 -1.49814990e-04 
 7.34750000e-09  1.94994840e+00  7.34750000e-09  1.10897199e+00  7.34750000e-09 -1.62652452e-04 
 7.34850000e-09  1.94994892e+00  7.34850000e-09  1.17721082e+00  7.34850000e-09 -1.82491076e-04 
 7.46350000e-09  1.94997406e+00  7.46350000e-09  1.94988455e+00  7.46350000e-09  8.90252742e-01 
 7.46450000e-09  1.94997463e+00  7.46450000e-09  1.94988992e+00  7.46450000e-09  9.50653728e-01 
 7.46550000e-09  1.94997531e+00  7.46550000e-09  1.94989968e+00  7.46550000e-09  1.01035260e+00 
 7.46650000e-09  1.94997610e+00  7.46650000e-09  1.94990355e+00  7.46650000e-09  1.07221502e+00 
 7.46750000e-09  1.94997719e+00  7.46750000e-09  1.94991217e+00  7.46750000e-09  1.14005447e+00 
 7.46850000e-09  1.94997887e+00  7.46850000e-09  1.94990415e+00  7.46850000e-09  1.21350321e+00 
 7.60250000e-09  1.13794027e+00  7.60250000e-09  1.94999158e+00  7.60250000e-09  1.94999457e+00 
 7.60350000e-09  1.08516253e+00  7.60350000e-09  1.94999188e+00  7.60350000e-09  1.94998231e+00 
 7.60450000e-09  1.03262470e+00  7.60450000e-09  1.94999177e+00  7.60450000e-09  1.94999566e+00 
 7.60550000e-09  9.80220599e-01  7.60550000e-09  1.94999206e+00  7.60550000e-09  1.94997970e+00 
 7.60650000e-09  9.27920165e-01  7.60650000e-09  1.94999195e+00  7.60650000e-09  1.94998940e+00 
 7.60750000e-09  8.75617123e-01  7.60750000e-09  1.94999223e+00  7.60750000e-09  1.94997919e+00 
 8.07450000e-09 -1.60966985e-04  8.07450000e-09  1.12551001e+00  8.07450000e-09  1.94995825e+00 
 8.07550000e-09 -1.75044923e-04  8.07550000e-09  1.08150486e+00  8.07550000e-09  1.94995833e+00 
 8.07650000e-09 -1.88858598e-04  8.07650000e-09  1.03705894e+00  8.07650000e-09  1.94996212e+00 
 8.07750000e-09 -2.06584773e-04  8.07750000e-09  9.92180504e-01  8.07750000e-09  1.94996956e+00 
 8.07850000e-09 -2.25550132e-04  8.07850000e-09  9.46880627e-01  8.07850000e-09  1.94998180e+00 
 8.07950000e-09 -2.37743929e-04  8.07950000e-09  9.01172836e-01  8.07950000e-09  1.94999812e+00 
 8.18850000e-09  9.41303391e-01  8.18850000e-09  1.20934043e-03  8.18850000e-09  1.94983064e+00 
 8.18950000e-09  9.78338755e-01  8.18950000e-09  1.17119550e-03  8.18950000e-09  1.94983680e+00 
 8.19050000e-09  1.01589542e+00  8.19050000e-09  1.14260689e-03  8.19050000e-09  1.94984462e+00 
 8.19150000e-09  1.05376504e+00  8.19150000e-09  1.11573619e-03  8.19150000e-09  1.94985119e+00 
 8.19250000e-09  1.09155299e+00  8.19250000e-09  1.09564218e-03  8.19250000e-09  1.94985657e+00 
 8.19350000e-09  1.12901626e+00  8.19350000e-09  1.07004532e-03  8.19350000e-09  1.94985764e+00 
 8.46550000e-09  1.94994610e+00  8.46550000e-09  8.31089835e-01  8.46550000e-09  1.94999905e+00 
 8.46650000e-09  1.94994669e+00  8.46650000e-09  9.01468615e-01  8.46650000e-09  1.94990363e+00 
 8.46750000e-09  1.94994727e+00  8.46750000e-09  9.71192093e-01  8.46750000e-09  1.94978747e+00 
 8.46850000e-09  1.94994783e+00  8.46850000e-09  1.04012177e+00  8.46850000e-09  1.94965857e+00 
 8.46950000e-09  1.94994838e+00  8.46950000e-09  1.10829355e+00  8.46950000e-09  1.94953881e+00 
 8.47050000e-09  1.94994891e+00  8.47050000e-09  1.17590484e+00  8.47050000e-09  1.94941477e+00 
 8.59950000e-09  1.94997410e+00  8.59950000e-09  1.94994041e+00  8.59950000e-09  1.18024301e+00 
 8.60050000e-09  1.94997150e+00  8.60050000e-09  1.94996908e+00  8.60050000e-09  1.12270202e+00 
 8.60150000e-09  1.94996914e+00  8.60150000e-09  1.94999864e+00  8.60150000e-09  1.06500846e+00 
 8.60250000e-09  1.94996549e+00  8.60250000e-09  1.95002476e+00  8.60250000e-09  1.00698601e+00 
 8.60350000e-09  1.94995848e+00  8.60350000e-09  1.95004848e+00  8.60350000e-09  9.48492857e-01 
 8.60450000e-09  1.94994719e+00  8.60450000e-09  1.95006133e+00  8.60450000e-09  8.89396178e-01 
 8.72450000e-09  1.13916891e+00  8.72450000e-09  1.94999195e+00  8.72450000e-09  4.43450790e-04 
 8.72550000e-09  1.08638564e+00  8.72550000e-09  1.94999209e+00  8.72550000e-09  4.24535370e-04 
 8.72650000e-09  1.03384435e+00  8.72650000e-09  1.94999211e+00  8.72650000e-09  4.16216136e-04 
 8.72750000e-09  9.81437475e-01  8.72750000e-09  1.94999224e+00  8.72750000e-09  3.98173657e-04 
 8.72850000e-09  9.29136747e-01  8.72850000e-09  1.94999226e+00  8.72850000e-09  3.90632744e-04 
 8.72950000e-09  8.76833837e-01  8.72950000e-09  1.94999238e+00  8.72950000e-09  3.73415086e-04 
 9.19650000e-09 -1.60830097e-04  9.19650000e-09  1.12657897e+00  9.19650000e-09 -7.15738590e-07 
 9.19750000e-09 -1.74927885e-04  9.19750000e-09  1.08258363e+00  9.19750000e-09 -4.62408877e-07 
 9.19850000e-09 -1.88726485e-04  9.19850000e-09  1.03814718e+00  9.19850000e-09  1.55040819e-06 
 9.19950000e-09 -2.06393755e-04  9.19950000e-09  9.93278637e-01  9.19950000e-09  2.50865783e-06 
 9.20050000e-09 -2.25590089e-04  9.20050000e-09  9.47988505e-01  9.20050000e-09  4.70852952e-06 
 9.20150000e-09 -2.37523799e-04  9.20150000e-09  9.02290969e-01  9.20150000e-09  5.78508846e-06 
 9.31050000e-09  9.41016210e-01  9.31050000e-09  1.27954423e-03  9.31050000e-09  1.64331478e-05 
 9.31150000e-09  9.78044722e-01  9.31150000e-09  1.24442508e-03  9.31150000e-09  1.62196403e-05 
 9.31250000e-09  1.01559143e+00  9.31250000e-09  1.21333632e-03  9.31250000e-09  1.78216528e-05 
 9.31350000e-09  1.05345902e+00  9.31350000e-09  1.18117826e-03  9.31350000e-09  1.74225644e-05 
 9.31450000e-09  1.09125203e+00  9.31450000e-09  1.15270647e-03  9.31450000e-09  1.88016031e-05 
 9.31550000e-09  1.12871914e+00  9.31550000e-09  1.12300641e-03  9.31550000e-09  1.81783638e-05 
 9.58750000e-09  1.94994610e+00  9.58750000e-09  8.28933813e-01  9.58750000e-09 -6.51523441e-05 
 9.58850000e-09  1.94994669e+00  9.58850000e-09  8.99412466e-01  9.58850000e-09 -1.02335536e-04 
 9.58950000e-09  1.94994727e+00  9.58950000e-09  9.69370156e-01  9.58950000e-09 -1.31537708e-04 
 9.59050000e-09  1.94994783e+00  9.59050000e-09  1.03867935e+00  9.59050000e-09 -1.50012681e-04 
 9.59150000e-09  1.94994838e+00  9.59150000e-09  1.10738256e+00  9.59150000e-09 -1.62876961e-04 
 9.59250000e-09  1.94994892e+00  9.59250000e-09  1.17562765e+00  9.59250000e-09 -1.82430369e-04 
 9.70750000e-09  1.94997404e+00  9.70750000e-09  1.94988435e+00  9.70750000e-09  8.88809666e-01 
 9.70850000e-09  1.94997462e+00  9.70850000e-09  1.94988973e+00  9.70850000e-09  9.49240304e-01 
 9.70950000e-09  1.94997529e+00  9.70950000e-09  1.94989948e+00  9.70950000e-09  1.00893766e+00 
 9.71050000e-09  1.94997608e+00  9.71050000e-09  1.94990325e+00  9.71050000e-09  1.07071466e+00 
 9.71150000e-09  1.94997715e+00  9.71150000e-09  1.94991240e+00  9.71150000e-09  1.13834348e+00 
 9.71250000e-09  1.94997883e+00  9.71250000e-09  1.94990410e+00  9.71250000e-09  1.21178431e+00 
 9.84650000e-09  1.13909352e+00  9.84650000e-09  1.94999158e+00  9.84650000e-09  1.94998640e+00 
 9.84750000e-09  1.08631027e+00  9.84750000e-09  1.94999187e+00  9.84750000e-09  1.94997506e+00 
 9.84850000e-09  1.03376883e+00  9.84850000e-09  1.94999178e+00  9.84850000e-09  1.94999066e+00 
 9.84950000e-09  9.81361760e-01  9.84950000e-09  1.94999206e+00  9.84950000e-09  1.94997880e+00 
 9.85050000e-09  9.29060704e-01  9.85050000e-09  1.94999196e+00  9.85050000e-09  1.94999342e+00 
 9.85150000e-09  8.76757583e-01  9.85150000e-09  1.94999222e+00  9.85150000e-09  1.94997695e+00 
 1.03185000e-08 -1.60771689e-04  1.03185000e-08  1.12673536e+00  1.03185000e-08  1.94995829e+00 
 1.03195000e-08 -1.74828003e-04  1.03195000e-08  1.08274293e+00  1.03195000e-08  1.94995828e+00 
 1.03205000e-08 -1.88596361e-04  1.03205000e-08  1.03830902e+00  1.03205000e-08  1.94996197e+00 
 1.03215000e-08 -2.06277210e-04  1.03215000e-08  9.93442801e-01  1.03215000e-08  1.94996929e+00 
 1.03225000e-08 -2.25617854e-04  1.03225000e-08  9.48154352e-01  1.03225000e-08  1.94998140e+00 
 1.03235000e-08 -2.37210147e-04  1.03235000e-08  9.02457996e-01  1.03235000e-08  1.94999760e+00 
 1.04325000e-08  9.40842676e-01  1.04325000e-08  1.21036654e-03  1.04325000e-08  1.94983044e+00 
 1.04335000e-08  9.77872693e-01  1.04335000e-08  1.17207214e-03  1.04335000e-08  1.94983663e+00 
 1.04345000e-08  1.01542321e+00  1.04345000e-08  1.14341206e-03  1.04345000e-08  1.94984438e+00 
 1.04355000e-08  1.05329160e+00  1.04355000e-08  1.11628774e-03  1.04355000e-08  1.94985104e+00 
 1.04365000e-08  1.09108242e+00  1.04365000e-08  1.09631620e-03  1.04365000e-08  1.94985644e+00 
 1.04375000e-08  1.12855064e+00  1.04375000e-08  1.07065271e-03  1.04375000e-08  1.94985768e+00 
 1.07095000e-08  1.94994609e+00  1.07095000e-08  8.30229250e-01  1.07095000e-08  1.95000038e+00 
 1.07105000e-08  1.94994669e+00  1.07105000e-08  9.00614858e-01  1.07105000e-08  1.94990533e+00 
 1.07115000e-08  1.94994726e+00  1.07115000e-08  9.70347375e-01  1.07115000e-08  1.94978928e+00 
 1.07125000e-08  1.94994782e+00  1.07125000e-08  1.03928650e+00  1.07125000e-08  1.94966041e+00 
 1.07135000e-08  1.94994836e+00  1.07135000e-08  1.10746689e+00  1.07135000e-08  1.94954032e+00 
 1.07145000e-08  1.94994891e+00  1.07145000e-08  1.17508207e+00  1.07145000e-08  1.94941659e+00 
 1.08435000e-08  1.94997414e+00  1.08435000e-08  1.94994001e+00  1.08435000e-08  1.18099625e+00 
 1.08445000e-08  1.94997153e+00  1.08445000e-08  1.94996872e+00  1.08445000e-08  1.12345560e+00 
 1.08455000e-08  1.94996918e+00  1.08455000e-08  1.94999810e+00  1.08455000e-08  1.06576564e+00 
 1.08465000e-08  1.94996557e+00  1.08465000e-08  1.95002407e+00  1.08465000e-08  1.00774803e+00 
 1.08475000e-08  1.94995862e+00  1.08475000e-08  1.95004800e+00  1.08475000e-08  9.49262316e-01 
 1.08485000e-08  1.94994739e+00  1.08485000e-08  1.95006106e+00  1.08485000e-08  8.90172963e-01 
 1.09685000e-08  1.14000499e+00  1.09685000e-08  1.94999195e+00  1.09685000e-08  4.43876690e-04 
 1.09695000e-08  1.08721808e+00  1.09695000e-08  1.94999209e+00  1.09695000e-08  4.24462026e-04 
 1.09705000e-08  1.03467359e+00  1.09705000e-08  1.94999211e+00  1.09705000e-08  4.16626463e-04 
 1.09715000e-08  9.82264921e-01  1.09715000e-08  1.94999224e+00  1.09715000e-08  3.98094607e-04 
 1.09725000e-08  9.29963264e-01  1.09725000e-08  1.94999226e+00  1.09725000e-08  3.91028214e-04 
 1.09735000e-08  8.77660618e-01  1.09735000e-08  1.94999238e+00  1.09735000e-08  3.73330859e-04 
 1.14405000e-08 -1.60541324e-04  1.14405000e-08  1.12716594e+00  1.14405000e-08 -7.20109196e-07 
 1.14415000e-08 -1.74631591e-04  1.14415000e-08  1.08317667e+00  1.14415000e-08 -4.34657891e-07 
 1.14425000e-08 -1.88373920e-04  1.14425000e-08  1.03874595e+00  1.14425000e-08  1.59270448e-06 
 1.14435000e-08 -2.05936212e-04  1.14435000e-08  9.93883242e-01  1.14435000e-08  2.50138159e-06 
 1.14445000e-08 -2.25674535e-04  1.14445000e-08  9.48598575e-01  1.14445000e-08  4.69364776e-06 
 1.14455000e-08 -2.36562904e-04  1.14455000e-08  9.02906506e-01  1.14455000e-08  5.76019692e-06 
 1.15545000e-08  9.40267043e-01  1.15545000e-08  1.28000278e-03  1.15545000e-08  1.64445713e-05 
 1.15555000e-08  9.77290251e-01  1.15555000e-08  1.24482608e-03  1.15555000e-08  1.61902636e-05 
 1.15565000e-08  1.01482800e+00  1.15565000e-08  1.21375400e-03  1.15565000e-08  1.78356296e-05 
 1.15575000e-08  1.05269310e+00  1.15575000e-08  1.18154329e-03  1.15575000e-08  1.73957365e-05 
 1.15585000e-08  1.09049049e+00  1.15585000e-08  1.15309064e-03  1.15585000e-08  1.88185701e-05 
 1.15595000e-08  1.12796314e+00  1.15595000e-08  1.12334185e-03  1.15595000e-08  1.81542670e-05 
 1.18315000e-08  1.94994608e+00  1.18315000e-08  8.27498754e-01  1.18315000e-08 -6.51053425e-05 
 1.18325000e-08  1.94994669e+00  1.18325000e-08  8.97985583e-01  1.18325000e-08 -1.02288280e-04 
 1.18335000e-08  1.94994725e+00  1.18335000e-08  9.67956084e-01  1.18335000e-08 -1.30664685e-04 
 1.18345000e-08  1.94994783e+00  1.18345000e-08  1.03727838e+00  1.18345000e-08 -1.49155355e-04 
 1.18355000e-08  1.94994836e+00  1.18355000e-08  1.10599356e+00  1.18355000e-08 -1.62184752e-04 
 1.18365000e-08  1.94994892e+00  1.18365000e-08  1.17424445e+00  1.18365000e-08 -1.81583265e-04 
 1.19515000e-08  1.94997403e+00  1.19515000e-08  1.94988417e+00  1.19515000e-08  8.87574519e-01 
 1.19525000e-08  1.94997461e+00  1.19525000e-08  1.94988957e+00  1.19525000e-08  9.48031207e-01 
 1.19535000e-08  1.94997527e+00  1.19535000e-08  1.94989932e+00  1.19535000e-08  1.00772855e+00 
 1.19545000e-08  1.94997607e+00  1.19545000e-08  1.94990299e+00  1.19545000e-08  1.06943377e+00 
 1.19555000e-08  1.94997711e+00  1.19555000e-08  1.94991259e+00  1.19555000e-08  1.13688279e+00 
 1.19565000e-08  1.94997878e+00  1.19565000e-08  1.94990406e+00  1.19565000e-08  1.21031418e+00 
 1.20905000e-08  1.14040992e+00  1.20905000e-08  1.94999159e+00  1.20905000e-08  1.94999541e+00 
 1.20915000e-08  1.08762106e+00  1.20915000e-08  1.94999186e+00  1.20915000e-08  1.94997697e+00 
 1.20925000e-08  1.03507458e+00  1.20925000e-08  1.94999178e+00  1.20925000e-08  1.94998833e+00 
 1.20935000e-08  9.82664782e-01  1.20935000e-08  1.94999205e+00  1.20935000e-08  1.94997642e+00 
 1.20945000e-08  9.30362240e-01  1.20945000e-08  1.94999196e+00  1.20945000e-08  1.94999223e+00 
 1.20955000e-08  8.78059602e-01  1.20955000e-08  1.94999221e+00  1.20955000e-08  1.94997499e+00 
 1.25625000e-08 -1.59945397e-04  1.25625000e-08  1.12683145e+00  1.25625000e-08  1.94995829e+00 
 1.25635000e-08 -1.74120067e-04  1.25635000e-08  1.08284000e+00  1.25635000e-08  1.94995827e+00 
 1.25645000e-08 -1.87801309e-04  1.25645000e-08  1.03840703e+00  1.25645000e-08  1.94996196e+00 
 1.25655000e-08 -2.05109754e-04  1.25655000e-08  9.93541749e-01  1.25655000e-08  1.94996927e+00 
 1.25665000e-08 -2.26305826e-04  1.25665000e-08  9.48254195e-01  1.25665000e-08  1.94998137e+00 
 1.25675000e-08 -2.35661950e-04  1.25675000e-08  9.02558710e-01  1.25675000e-08  1.94999756e+00 
 1.26765000e-08  9.38963955e-01  1.26765000e-08  1.21042392e-03  1.26765000e-08  1.94983042e+00 
 1.26775000e-08  9.75972084e-01  1.26775000e-08  1.17212079e-03  1.26775000e-08  1.94983661e+00 
 1.26785000e-08  1.01349666e+00  1.26785000e-08  1.14345264e-03  1.26785000e-08  1.94984436e+00 
 1.26795000e-08  1.05135916e+00  1.26795000e-08  1.11631013e-03  1.26795000e-08  1.94985102e+00 
 1.26805000e-08  1.08916127e+00  1.26805000e-08  1.09634923e-03  1.26805000e-08  1.94985642e+00 
 1.26815000e-08  1.12664715e+00  1.26815000e-08  1.07068227e-03  1.26815000e-08  1.94985768e+00 
 1.29535000e-08  1.94994604e+00  1.29535000e-08  8.26703352e-01  1.29535000e-08  1.95000579e+00 
 1.29545000e-08  1.94994668e+00  1.29545000e-08  8.97116964e-01  1.29545000e-08  1.94991052e+00 
 1.29555000e-08  1.94994721e+00  1.29555000e-08  9.66886707e-01  1.29555000e-08  1.94979532e+00 
 1.29565000e-08  1.94994781e+00  1.29565000e-08  1.03586472e+00  1.29565000e-08  1.94966686e+00 
 1.29575000e-08  1.94994832e+00  1.29575000e-08  1.10408091e+00  1.29575000e-08  1.94954558e+00 
 1.29585000e-08  1.94994890e+00  1.29585000e-08  1.17171296e+00  1.29585000e-08  1.94942334e+00 
 1.30875000e-08  1.94997430e+00  1.30875000e-08  1.94993842e+00  1.30875000e-08  1.18393087e+00 
 1.30885000e-08  1.94997168e+00  1.30885000e-08  1.94996729e+00  1.30885000e-08  1.12639159e+00 
 1.30895000e-08  1.94996931e+00  1.30895000e-08  1.94999687e+00  1.30895000e-08  1.06871540e+00 
 1.30905000e-08  1.94996585e+00  1.30905000e-08  1.95002309e+00  1.30905000e-08  1.01071562e+00 
 1.30915000e-08  1.94995912e+00  1.30915000e-08  1.95004722e+00  1.30915000e-08  9.52258922e-01 
 1.30925000e-08  1.94994809e+00  1.30925000e-08  1.95006068e+00  1.30925000e-08  8.93199996e-01 
 1.32125000e-08  1.14304488e+00  1.32125000e-08  1.94999195e+00  1.32125000e-08  4.45639712e-04 
 1.32135000e-08  1.09024562e+00  1.32135000e-08  1.94999208e+00  1.32135000e-08  4.24115703e-04 
 1.32145000e-08  1.03768847e+00  1.32145000e-08  1.94999210e+00  1.32145000e-08  4.18325828e-04 
 1.32155000e-08  9.85273938e-01  1.32155000e-08  1.94999223e+00  1.32155000e-08  3.97726453e-04 
 1.32165000e-08  9.32967929e-01  1.32165000e-08  1.94999226e+00  1.32165000e-08  3.92666819e-04 
 1.32175000e-08  8.80666899e-01  1.32175000e-08  1.94999237e+00  1.32175000e-08  3.72942985e-04 
 1.36845000e-08 -1.59531184e-04  1.36845000e-08  1.12926462e+00  1.36845000e-08 -7.32520652e-07 
 1.36855000e-08 -1.73772130e-04  1.36855000e-08  1.08529712e+00  1.36855000e-08 -5.02498528e-07 
 1.36865000e-08 -1.87413944e-04  1.36865000e-08  1.04088697e+00  1.36865000e-08  1.55271310e-06 
 1.36875000e-08 -2.04555654e-04  1.36875000e-08  9.96045153e-01  1.36875000e-08  2.40247966e-06 
 1.36885000e-08 -2.26482650e-04  1.36885000e-08  9.50780054e-01  1.36885000e-08  4.62021900e-06 
 1.36895000e-08 -2.34597984e-04  1.36895000e-08  9.05107530e-01  1.36895000e-08  5.66475955e-06 
 1.37985000e-08  9.37984713e-01  1.37985000e-08  1.28175273e-03  1.37985000e-08  1.64828780e-05 
 1.37995000e-08  9.74981809e-01  1.37995000e-08  1.24630000e-03  1.37995000e-08  1.60799663e-05 
 1.38005000e-08  1.01248770e+00  1.38005000e-08  1.21535564e-03  1.38005000e-08  1.78836033e-05 
 1.38015000e-08  1.05034506e+00  1.38015000e-08  1.18288555e-03  1.38015000e-08  1.72940928e-05 
 1.38025000e-08  1.08815587e+00  1.38025000e-08  1.15456981e-03  1.38025000e-08  1.88786741e-05 
 1.38035000e-08  1.12565283e+00  1.38035000e-08  1.12457500e-03  1.38035000e-08  1.80626325e-05 
 1.40755000e-08  1.94994602e+00  1.40755000e-08  8.23170993e-01  1.40755000e-08 -6.26124533e-05 
 1.40765000e-08  1.94994668e+00  1.40765000e-08  8.93684584e-01  1.40765000e-08 -9.98580629e-05 
 1.40775000e-08  1.94994719e+00  1.40775000e-08  9.63690894e-01  1.40775000e-08 -1.29435485e-04 
 1.40785000e-08  1.94994782e+00  1.40785000e-08  1.03305248e+00  1.40785000e-08 -1.48192082e-04 
 1.40795000e-08  1.94994830e+00  1.40795000e-08  1.10180230e+00  1.40795000e-08 -1.61544591e-04 
 1.40805000e-08  1.94994890e+00  1.40805000e-08  1.17005782e+00  1.40805000e-08 -1.80111772e-04 
 1.41955000e-08  1.94997398e+00  1.41955000e-08  1.94988371e+00  1.41955000e-08  8.83745861e-01 
 1.41965000e-08  1.94997458e+00  1.41965000e-08  1.94988927e+00  1.41965000e-08  9.44280311e-01 
 1.41975000e-08  1.94997521e+00  1.41975000e-08  1.94989884e+00  1.41975000e-08  1.00397926e+00 
 1.41985000e-08  1.94997602e+00  1.41985000e-08  1.94990234e+00  1.41985000e-08  1.06546460e+00 
 1.41995000e-08  1.94997702e+00  1.41995000e-08  1.94991319e+00  1.41995000e-08  1.13235805e+00 
 1.42005000e-08  1.94997866e+00  1.42005000e-08  1.94990410e+00  1.42005000e-08  1.20573695e+00 
 1.43345000e-08  1.14400828e+00  1.43345000e-08  1.94999161e+00  1.43345000e-08  1.94999539e+00 
 1.43355000e-08  1.09120474e+00  1.43355000e-08  1.94999183e+00  1.43355000e-08  1.94997936e+00 
 1.43365000e-08  1.03864322e+00  1.43365000e-08  1.94999180e+00  1.43365000e-08  1.94999614e+00 
 1.43375000e-08  9.86226443e-01  1.43375000e-08  1.94999202e+00  1.43375000e-08  1.94997981e+00 
 1.43385000e-08  9.33918743e-01  1.43385000e-08  1.94999198e+00  1.43385000e-08  1.94999625e+00 
 1.43395000e-08  8.81617906e-01  1.43395000e-08  1.94999218e+00  1.43395000e-08  1.94998045e+00 
 1.48065000e-08 -1.58995096e-04  1.48065000e-08  1.12961649e+00  1.48065000e-08  1.94995837e+00 
 1.48075000e-08 -1.73281332e-04  1.48075000e-08  1.08565394e+00  1.48075000e-08  1.94995817e+00 
 1.48085000e-08 -1.86847941e-04  1.48085000e-08  1.04124828e+00  1.48085000e-08  1.94996162e+00 
 1.48095000e-08 -2.03741006e-04  1.48095000e-08  9.96410754e-01  1.48095000e-08  1.94996866e+00 
 1.48105000e-08 -2.26740958e-04  1.48105000e-08  9.51149198e-01  1.48105000e-08  1.94998049e+00 
 1.48115000e-08 -2.33031892e-04  1.48115000e-08  9.05479708e-01  1.48115000e-08  1.94999639e+00 
 1.49205000e-08  9.36625188e-01  1.49205000e-08  1.21279686e-03  1.49205000e-08  1.94982998e+00 
 1.49215000e-08  9.73607401e-01  1.49215000e-08  1.17419224e-03  1.49215000e-08  1.94983621e+00 
 1.49225000e-08  1.01109898e+00  1.49225000e-08  1.14535325e-03  1.49225000e-08  1.94984382e+00 
 1.49235000e-08  1.04895260e+00  1.49235000e-08  1.11761068e-03  1.49235000e-08  1.94985067e+00 
 1.49245000e-08  1.08676790e+00  1.49245000e-08  1.09791045e-03  1.49245000e-08  1.94985612e+00 
 1.49255000e-08  1.12427838e+00  1.49255000e-08  1.07208713e-03  1.49255000e-08  1.94985776e+00 
 1.51975000e-08  1.94994597e+00  1.51975000e-08  8.22168730e-01  1.51975000e-08  1.95001259e+00 
 1.51985000e-08  1.94994666e+00  1.51985000e-08  8.92619553e-01  1.51985000e-08  1.94991714e+00 
 1.51995000e-08  1.94994715e+00  1.51995000e-08  9.62434536e-01  1.51995000e-08  1.94980307e+00 
 1.52005000e-08  1.94994780e+00  1.52005000e-08  1.03146445e+00  1.52005000e-08  1.94967512e+00 
 1.52015000e-08  1.94994826e+00  1.52015000e-08  1.09973555e+00  1.52015000e-08  1.94955228e+00 
 1.52025000e-08  1.94994889e+00  1.52025000e-08  1.16740343e+00  1.52025000e-08  1.94943184e+00 
 1.53315000e-08  1.94997445e+00  1.53315000e-08  1.94993631e+00  1.53315000e-08  1.18764256e+00 
 1.53325000e-08  1.94997182e+00  1.53325000e-08  1.94996552e+00  1.53325000e-08  1.13010488e+00 
 1.53335000e-08  1.94996943e+00  1.53335000e-08  1.94999503e+00  1.53335000e-08  1.07244599e+00 
 1.53345000e-08  1.94996611e+00  1.53345000e-08  1.95002155e+00  1.53345000e-08  1.01446869e+00 
 1.53355000e-08  1.94995960e+00  1.53355000e-08  1.95004581e+00  1.53355000e-08  9.56048902e-01 
 1.53365000e-08  1.94994880e+00  1.53365000e-08  1.95006003e+00  1.53365000e-08  8.97028840e-01 
 1.54565000e-08  1.14595156e+00  1.54565000e-08  1.94999195e+00  1.54565000e-08  4.48038352e-04 
 1.54575000e-08  1.09314038e+00  1.54575000e-08  1.94999207e+00  1.54575000e-08  4.23522152e-04 
 1.54585000e-08  1.04057100e+00  1.54585000e-08  1.94999210e+00  1.54585000e-08  4.20639868e-04 
 1.54595000e-08  9.88150596e-01  1.54595000e-08  1.94999221e+00  1.54595000e-08  3.96656487e-04 
 1.54605000e-08  9.35840262e-01  1.54605000e-08  1.94999225e+00  1.54605000e-08  3.94412748e-04 
 1.54615000e-08  8.83540558e-01  1.54615000e-08  1.94999235e+00  1.54615000e-08  3.72638669e-04 
 1.59285000e-08 -1.58684851e-04  1.59285000e-08  1.13156611e+00  1.59285000e-08 -7.48774845e-07 
 1.59295000e-08 -1.73024103e-04  1.59295000e-08  1.08762251e+00  1.59295000e-08 -5.72911123e-07 
 1.59305000e-08 -1.86565635e-04  1.59305000e-08  1.04323495e+00  1.59305000e-08  1.50538661e-06 
 1.59315000e-08 -2.03342565e-04  1.59315000e-08  9.98416082e-01  1.59315000e-08  2.29659690e-06 
 1.59325000e-08 -2.26889521e-04  1.59325000e-08  9.53172480e-01  1.59325000e-08  4.53624614e-06 
 1.59335000e-08 -2.32252430e-04  1.59335000e-08  9.07521454e-01  1.59335000e-08  5.56269026e-06 
 1.60425000e-08  9.35891198e-01  1.60425000e-08  1.28368871e-03  1.60425000e-08  1.65172082e-05 
 1.60435000e-08  9.72865439e-01  1.60435000e-08  1.24794784e-03  1.60435000e-08  1.59675521e-05 
 1.60445000e-08  1.01034165e+00  1.60445000e-08  1.21712721e-03  1.60445000e-08  1.79280603e-05 
 1.60455000e-08  1.04819032e+00  1.60455000e-08  1.18438717e-03  1.60455000e-08  1.71911052e-05 
 1.60465000e-08  1.08601275e+00  1.60465000e-08  1.15620552e-03  1.60465000e-08  1.89360756e-05 
 1.60475000e-08  1.12353146e+00  1.60475000e-08  1.12595531e-03  1.60475000e-08  1.79706400e-05 
 1.63195000e-08  1.94994596e+00  1.63195000e-08  8.19126259e-01  1.63195000e-08 -5.99104271e-05 
 1.63205000e-08  1.94994666e+00  1.63205000e-08  8.89666752e-01  1.63205000e-08 -9.72078064e-05 
 1.63215000e-08  1.94994713e+00  1.63215000e-08  9.59705394e-01  1.63215000e-08 -1.28473574e-04 
 1.63225000e-08  1.94994780e+00  1.63225000e-08  1.02910509e+00  1.63225000e-08 -1.47547564e-04 
 1.63235000e-08  1.94994825e+00  1.63235000e-08  1.09788699e+00  1.63235000e-08 -1.61176847e-04 
 1.63245000e-08  1.94994889e+00  1.63245000e-08  1.16616289e+00  1.63245000e-08 -1.79150004e-04 
 1.64395000e-08  1.94997394e+00  1.64395000e-08  1.94988313e+00  1.64395000e-08  8.80204218e-01 
 1.64405000e-08  1.94997456e+00  1.64405000e-08  1.94988899e+00  1.64405000e-08  9.40818409e-01 
 1.64415000e-08  1.94997516e+00  1.64415000e-08  1.94989827e+00  1.64415000e-08  1.00053099e+00 
 1.64425000e-08  1.94997599e+00  1.64425000e-08  1.94990224e+00  1.64425000e-08  1.06175637e+00 
 1.64435000e-08  1.94997694e+00  1.64435000e-08  1.94991294e+00  1.64435000e-08  1.12824241e+00 
 1.64445000e-08  1.94997858e+00  1.64445000e-08  1.94990425e+00  1.64445000e-08  1.20150568e+00 
 1.65785000e-08  1.14664073e+00  1.65785000e-08  1.94999161e+00  1.65785000e-08  1.94999500e+00 
 1.65795000e-08  1.09382630e+00  1.65795000e-08  1.94999181e+00  1.65795000e-08  1.94997472e+00 
 1.65805000e-08  1.04125360e+00  1.65805000e-08  1.94999180e+00  1.65805000e-08  1.94998756e+00 
 1.65815000e-08  9.88831340e-01  1.65815000e-08  1.94999201e+00  1.65815000e-08  1.94997434e+00 
 1.65825000e-08  9.36519571e-01  1.65825000e-08  1.94999199e+00  1.65825000e-08  1.94999194e+00 
 1.65835000e-08  8.84219902e-01  1.65835000e-08  1.94999217e+00  1.65835000e-08  1.94997294e+00 
 1.70505000e-08 -1.58111347e-04  1.70505000e-08  1.13156736e+00  1.70505000e-08  1.94995841e+00 
 1.70515000e-08 -1.72577596e-04  1.70515000e-08  1.08762509e+00  1.70515000e-08  1.94995813e+00 
 1.70525000e-08 -1.86098074e-04  1.70525000e-08  1.04323859e+00  1.70525000e-08  1.94996137e+00 
 1.70535000e-08 -2.02681319e-04  1.70535000e-08  9.98420551e-01  1.70535000e-08  1.94996827e+00 
 1.70545000e-08 -2.27194798e-04  1.70545000e-08  9.53177255e-01  1.70545000e-08  1.94997985e+00 
 1.70555000e-08 -2.30927271e-04  1.70555000e-08  9.07526024e-01  1.70555000e-08  1.94999560e+00 
 1.71645000e-08  9.34695792e-01  1.71645000e-08  1.21443162e-03  1.71645000e-08  1.94982967e+00 
 1.71655000e-08  9.71657382e-01  1.71655000e-08  1.17565277e-03  1.71655000e-08  1.94983596e+00 
 1.71665000e-08  1.00912156e+00  1.71665000e-08  1.14669839e-03  1.71665000e-08  1.94984343e+00 
 1.71675000e-08  1.04696616e+00  1.71675000e-08  1.11854074e-03  1.71675000e-08  1.94985043e+00 
 1.71685000e-08  1.08479192e+00  1.71685000e-08  1.09900361e-03  1.71685000e-08  1.94985589e+00 
 1.71695000e-08  1.12232196e+00  1.71695000e-08  1.07307288e-03  1.71695000e-08  1.94985782e+00 
 1.74415000e-08  1.94994591e+00  1.74415000e-08  8.18475158e-01  1.74415000e-08  1.95001801e+00 
 1.74425000e-08  1.94994665e+00  1.74425000e-08  8.88957069e-01  1.74425000e-08  1.94992247e+00 
 1.74435000e-08  1.94994710e+00  1.74435000e-08  9.58808499e-01  1.74435000e-08  1.94980938e+00 
 1.74445000e-08  1.94994779e+00  1.74445000e-08  1.02788094e+00  1.74445000e-08  1.94968186e+00 
 1.74455000e-08  1.94994821e+00  1.74455000e-08  1.09618875e+00  1.74455000e-08  1.94955783e+00 
 1.74465000e-08  1.94994889e+00  1.74465000e-08  1.16387899e+00  1.74465000e-08  1.94943886e+00 
 1.75755000e-08  1.94997459e+00  1.75755000e-08  1.94993464e+00  1.75755000e-08  1.19059749e+00 
 1.75765000e-08  1.94997196e+00  1.75765000e-08  1.94996407e+00  1.75765000e-08  1.13306083e+00 
 1.75775000e-08  1.94996955e+00  1.75775000e-08  1.94999356e+00  1.75775000e-08  1.07541538e+00 
 1.75785000e-08  1.94996635e+00  1.75785000e-08  1.95002028e+00  1.75785000e-08  1.01745564e+00 
 1.75795000e-08  1.94996004e+00  1.75795000e-08  1.95004468e+00  1.75795000e-08  9.59065051e-01 
 1.75805000e-08  1.94994944e+00  1.75805000e-08  1.95005948e+00  1.75805000e-08  9.00075831e-01 
 1.77005000e-08  1.14864149e+00  1.77005000e-08  1.94999192e+00  1.77005000e-08  4.49507472e-04 
 1.77015000e-08  1.09581918e+00  1.77015000e-08  1.94999206e+00  1.77015000e-08  4.23324915e-04 
 1.77025000e-08  1.04323828e+00  1.77025000e-08  1.94999208e+00  1.77025000e-08  4.23152201e-04 
 1.77035000e-08  9.90812220e-01  1.77035000e-08  1.94999221e+00  1.77035000e-08  3.97011592e-04 
 1.77045000e-08  9.38497680e-01  1.77045000e-08  1.94999224e+00  1.77045000e-08  3.97248042e-04 
 1.77055000e-08  8.86199071e-01  1.77055000e-08  1.94999235e+00  1.77055000e-08  3.72060484e-04 
 1.81725000e-08 -1.57867704e-04  1.81725000e-08  1.13389279e+00  1.81725000e-08 -7.66139070e-07 
 1.81735000e-08 -1.72377558e-04  1.81735000e-08  1.08997340e+00  1.81735000e-08 -6.41497292e-07 
 1.81745000e-08 -1.85881004e-04  1.81745000e-08  1.04560870e+00  1.81745000e-08  1.45594715e-06 
 1.81755000e-08 -2.02379657e-04  1.81755000e-08  1.00081309e+00  1.81755000e-08  2.20509803e-06 
 1.81765000e-08 -2.27317528e-04  1.81765000e-08  9.55591273e-01  1.81765000e-08  4.47352683e-06 
 1.81775000e-08 -2.30332624e-04  1.81775000e-08  9.09962037e-01  1.81775000e-08  5.44638975e-06 
 1.82865000e-08  9.34135966e-01  1.82865000e-08  1.28564621e-03  1.82865000e-08  1.65335152e-05 
 1.82875000e-08  9.71092150e-01  1.82875000e-08  1.24960863e-03  1.82875000e-08  1.58720399e-05 
 1.82885000e-08  1.00854355e+00  1.82885000e-08  1.21891867e-03  1.82885000e-08  1.79545671e-05 
 1.82895000e-08  1.04638378e+00  1.82895000e-08  1.18590024e-03  1.82895000e-08  1.71049601e-05 
 1.82905000e-08  1.08421550e+00  1.82905000e-08  1.15785980e-03  1.82905000e-08  1.89757114e-05 
 1.82915000e-08  1.12175192e+00  1.82915000e-08  1.12734585e-03  1.82915000e-08  1.78954912e-05 
 1.85645000e-08  1.94994665e+00  1.85645000e-08  8.86359726e-01  1.85645000e-08 -9.54282514e-05 
 1.85655000e-08  1.94994708e+00  1.85655000e-08  9.56424704e-01  1.85655000e-08 -1.27387461e-04 
 1.85665000e-08  1.94994780e+00  1.85665000e-08  1.02585569e+00  1.85665000e-08 -1.46689198e-04 
 1.85675000e-08  1.94994820e+00  1.85675000e-08  1.09466429e+00  1.85675000e-08 -1.60605042e-04 
 1.85685000e-08  1.94994888e+00  1.85685000e-08  1.16295767e+00  1.85685000e-08 -1.78124278e-04 
 1.85695000e-08  1.94994926e+00  1.85695000e-08  1.23105488e+00  1.85695000e-08 -2.00131571e-04 
 1.86835000e-08  1.94997390e+00  1.86835000e-08  1.94988266e+00  1.86835000e-08  8.77318356e-01 
 1.86845000e-08  1.94997454e+00  1.86845000e-08  1.94988876e+00  1.86845000e-08  9.37997208e-01 
 1.86855000e-08  1.94997511e+00  1.86855000e-08  1.94989779e+00  1.86855000e-08  9.97723888e-01 
 1.86865000e-08  1.94997596e+00  1.86865000e-08  1.94990223e+00  1.86865000e-08  1.05874378e+00 
 1.86875000e-08  1.94997687e+00  1.86875000e-08  1.94991258e+00  1.86875000e-08  1.12490981e+00 
 1.86885000e-08  1.94997849e+00  1.86885000e-08  1.94990441e+00  1.86885000e-08  1.19804763e+00 
 1.88225000e-08  1.14935195e+00  1.88225000e-08  1.94999162e+00  1.88225000e-08  1.94998934e+00 
 1.88235000e-08  1.09652604e+00  1.88235000e-08  1.94999181e+00  1.88235000e-08  1.94997600e+00 
 1.88245000e-08  1.04394147e+00  1.88245000e-08  1.94999180e+00  1.88245000e-08  1.94999248e+00 
 1.88255000e-08  9.91513297e-01  1.88255000e-08  1.94999199e+00  1.88255000e-08  1.94997402e+00 
 1.88265000e-08  9.39197091e-01  1.88265000e-08  1.94999199e+00  1.88265000e-08  1.94998560e+00 
 1.88275000e-08  8.86898321e-01  1.88275000e-08  1.94999217e+00  1.88275000e-08  1.94997417e+00 
 1.92945000e-08 -1.57302506e-04  1.92945000e-08  1.13414141e+00  1.92945000e-08  1.94995847e+00 
 1.92955000e-08 -1.71917035e-04  1.92955000e-08  1.09022593e+00  1.92955000e-08  1.94995808e+00 
 1.92965000e-08 -1.85380856e-04  1.92965000e-08  1.04586474e+00  1.92965000e-08  1.94996106e+00 
 1.92975000e-08 -2.01660583e-04  1.92975000e-08  1.00107245e+00  1.92975000e-08  1.94996776e+00 
 1.92985000e-08 -2.27072476e-04  1.92985000e-08  9.55853293e-01  1.92985000e-08  1.94997903e+00 
 1.92995000e-08 -2.28498903e-04  1.92995000e-08  9.10226219e-01  1.92995000e-08  1.94999456e+00 
 1.94085000e-08  9.32702036e-01  1.94085000e-08  1.21655653e-03  1.94085000e-08  1.94982925e+00 
 1.94095000e-08  9.69643556e-01  1.94095000e-08  1.17761145e-03  1.94095000e-08  1.94983563e+00 
 1.94105000e-08  1.00707894e+00  1.94105000e-08  1.14848037e-03  1.94105000e-08  1.94984290e+00 
 1.94115000e-08  1.04491302e+00  1.94115000e-08  1.11978433e-03  1.94115000e-08  1.94985012e+00 
 1.94125000e-08  1.08274875e+00  1.94125000e-08  1.10042529e-03  1.94125000e-08  1.94985556e+00 
 1.94135000e-08  1.12030114e+00  1.94135000e-08  1.07437884e-03  1.94135000e-08  1.94985792e+00 
 1.96865000e-08  1.94994663e+00  1.96865000e-08  8.85200572e-01  1.96865000e-08  1.94992790e+00 
 1.96875000e-08  1.94994705e+00  1.96875000e-08  9.55089228e-01  1.96875000e-08  1.94981582e+00 
 1.96885000e-08  1.94994777e+00  1.96885000e-08  1.02420496e+00  1.96885000e-08  1.94968874e+00 
 1.96895000e-08  1.94994817e+00  1.96895000e-08  1.09255106e+00  1.96895000e-08  1.94956349e+00 
 1.96905000e-08  1.94994887e+00  1.96905000e-08  1.16026526e+00  1.96905000e-08  1.94944601e+00 
 1.96915000e-08  1.94994924e+00  1.96915000e-08  1.22781491e+00  1.96915000e-08  1.94930388e+00 
 1.98195000e-08  1.94997472e+00  1.98195000e-08  1.94993296e+00  1.98195000e-08  1.19357033e+00 
 1.98205000e-08  1.94997208e+00  1.98205000e-08  1.94996259e+00  1.98205000e-08  1.13603449e+00 
 1.98215000e-08  1.94996966e+00  1.98215000e-08  1.94999207e+00  1.98215000e-08  1.07840227e+00 
 1.98225000e-08  1.94996656e+00  1.98225000e-08  1.95001896e+00  1.98225000e-08  1.02045987e+00 
 1.98235000e-08  1.94996044e+00  1.98235000e-08  1.95004354e+00  1.98235000e-08  9.62098492e-01 
 1.98245000e-08  1.94995004e+00  1.98245000e-08  1.95005889e+00  1.98245000e-08  9.03140198e-01 
 1.99445000e-08  1.15117071e+00  1.99445000e-08  1.94999192e+00  1.99445000e-08  4.50446043e-04 
 1.99455000e-08  1.09833800e+00  1.99455000e-08  1.94999208e+00  1.99455000e-08  4.23998978e-04 
 1.99465000e-08  1.04574622e+00  1.99465000e-08  1.94999208e+00  1.99465000e-08  4.22936158e-04 
 1.99475000e-08  9.93314750e-01  1.99475000e-08  1.94999222e+00  1.99475000e-08  3.97057153e-04 
 1.99485000e-08  9.40996153e-01  1.99485000e-08  1.94999222e+00  1.99485000e-08  3.96594709e-04 
 1.99495000e-08  8.88698482e-01  1.99495000e-08  1.94999237e+00  1.99495000e-08  3.73009201e-04 
 2.04165000e-08 -1.57083893e-04  2.04165000e-08  1.13582945e+00  2.04165000e-08 -8.50116816e-07 
 2.04175000e-08 -1.71745915e-04  2.04175000e-08  1.09193024e+00  2.04175000e-08 -6.37006389e-07 
 2.04185000e-08 -1.85200324e-04  2.04185000e-08  1.04758461e+00  2.04185000e-08  1.33838086e-06 
 2.04195000e-08 -2.01415398e-04  2.04195000e-08  1.00280838e+00  2.04195000e-08  2.16338780e-06 
 2.04205000e-08 -2.26656750e-04  2.04205000e-08  9.57604740e-01  2.04205000e-08  4.34362583e-06 
 2.04215000e-08 -2.28355612e-04  2.04215000e-08  9.11993691e-01  2.04215000e-08  5.41558686e-06 
 2.05305000e-08  9.32226840e-01  2.05305000e-08  1.28728389e-03  2.05305000e-08  1.65200948e-05 
 2.05315000e-08  9.69161854e-01  2.05315000e-08  1.25099871e-03  2.05315000e-08  1.58213479e-05 
 2.05325000e-08  1.00658473e+00  2.05325000e-08  1.22041629e-03  2.05325000e-08  1.79493423e-05 
 2.05335000e-08  1.04441645e+00  2.05335000e-08  1.18716531e-03  2.05335000e-08  1.70616611e-05 
 2.05345000e-08  1.08225824e+00  2.05345000e-08  1.15924191e-03  2.05345000e-08  1.89819095e-05 
 2.05355000e-08  1.11981634e+00  2.05355000e-08  1.12850761e-03  2.05355000e-08  1.78614936e-05 
 2.08085000e-08  1.94994662e+00  2.08085000e-08  8.82711818e-01  2.08085000e-08 -9.34139842e-05 
 2.08095000e-08  1.94994704e+00  2.08095000e-08  9.52803959e-01  2.08095000e-08 -1.26116323e-04 
 2.08105000e-08  1.94994777e+00  2.08105000e-08  1.02226968e+00  2.08105000e-08 -1.45768087e-04 
 2.08115000e-08  1.94994817e+00  2.08115000e-08  1.09110833e+00  2.08115000e-08 -1.59976398e-04 
 2.08125000e-08  1.94994886e+00  2.08125000e-08  1.15942188e+00  2.08125000e-08 -1.77031863e-04 
 2.08135000e-08  1.94994923e+00  2.08135000e-08  1.22751987e+00  2.08135000e-08 -1.98977186e-04 
 2.09275000e-08  1.94997387e+00  2.09275000e-08  1.94988214e+00  2.09275000e-08  8.74144135e-01 
 2.09285000e-08  1.94997451e+00  2.09285000e-08  1.94988851e+00  2.09285000e-08  9.34895600e-01 
 2.09295000e-08  1.94997507e+00  2.09295000e-08  1.94989726e+00  2.09295000e-08  9.94642202e-01 
 2.09305000e-08  1.94997592e+00  2.09305000e-08  1.94990220e+00  2.09305000e-08  1.05546060e+00 
 2.09315000e-08  1.94997681e+00  2.09315000e-08  1.94991216e+00  2.09315000e-08  1.12127036e+00 
 2.09325000e-08  1.94997840e+00  2.09325000e-08  1.94990463e+00  2.09325000e-08  1.19424637e+00 
 2.10665000e-08  1.15211386e+00  2.10665000e-08  1.94999162e+00  2.10665000e-08  1.94998877e+00 
 2.10675000e-08  1.09927655e+00  2.10675000e-08  1.94999180e+00  2.10675000e-08  1.94997102e+00 
 2.10685000e-08  1.04668002e+00  2.10685000e-08  1.94999180e+00  2.10685000e-08  1.94998163e+00 
 2.10695000e-08  9.94245811e-01  2.10695000e-08  1.94999199e+00  2.10695000e-08  1.94997158e+00 
 2.10705000e-08  9.41925046e-01  2.10705000e-08  1.94999199e+00  2.10705000e-08  1.94998752e+00 
 2.10715000e-08  8.89627197e-01  2.10715000e-08  1.94999215e+00  2.10715000e-08  1.94997090e+00 
 2.15385000e-08 -1.56438764e-04  2.15385000e-08  1.13628190e+00  2.15385000e-08  1.94995852e+00 
 2.15395000e-08 -1.71242068e-04  2.15395000e-08  1.09238871e+00  2.15395000e-08  1.94995805e+00 
 2.15405000e-08 -1.84659057e-04  2.15405000e-08  1.04804861e+00  2.15405000e-08  1.94996081e+00 
 2.15415000e-08 -2.00673697e-04  2.15415000e-08  1.00327776e+00  2.15415000e-08  1.94996735e+00 
 2.15425000e-08 -2.25391428e-04  2.15425000e-08  9.58078723e-01  2.15425000e-08  1.94997835e+00 
 2.15435000e-08 -2.27920727e-04  2.15435000e-08  9.12471773e-01  2.15435000e-08  1.94999371e+00 
 2.16525000e-08  9.30801641e-01  2.16525000e-08  1.21809422e-03  2.16525000e-08  1.94982880e+00 
 2.16535000e-08  9.67725313e-01  2.16535000e-08  1.17947206e-03  2.16535000e-08  1.94983545e+00 
 2.16545000e-08  1.00513282e+00  2.16545000e-08  1.14977936e-03  2.16545000e-08  1.94984237e+00 
 2.16555000e-08  1.04295581e+00  2.16555000e-08  1.12104233e-03  2.16555000e-08  1.94984996e+00 
 2.16565000e-08  1.08080015e+00  2.16565000e-08  1.10140829e-03  2.16565000e-08  1.94985518e+00 
 2.16575000e-08  1.11836890e+00  2.16575000e-08  1.07565633e-03  2.16575000e-08  1.94985805e+00 
 2.19305000e-08  1.94994660e+00  2.19305000e-08  8.81545297e-01  2.19305000e-08  1.94993314e+00 
 2.19315000e-08  1.94994701e+00  2.19315000e-08  9.51467812e-01  2.19315000e-08  1.94982210e+00 
 2.19325000e-08  1.94994774e+00  2.19325000e-08  1.02062560e+00  2.19325000e-08  1.94969538e+00 
 2.19335000e-08  1.94994814e+00  2.19335000e-08  1.08900947e+00  2.19335000e-08  1.94956898e+00 
 2.19345000e-08  1.94994884e+00  2.19345000e-08  1.15674813e+00  2.19345000e-08  1.94945289e+00 
 2.19355000e-08  1.94994921e+00  2.19355000e-08  1.22428808e+00  2.19355000e-08  1.94931199e+00 
 2.20635000e-08  1.94997487e+00  2.20635000e-08  1.94993131e+00  2.20635000e-08  1.19659222e+00 
 2.20645000e-08  1.94997222e+00  2.20645000e-08  1.94996111e+00  2.20645000e-08  1.13905660e+00 
 2.20655000e-08  1.94996978e+00  2.20655000e-08  1.94999058e+00  2.20655000e-08  1.08143691e+00 
 2.20665000e-08  1.94996678e+00  2.20665000e-08  1.95001763e+00  2.20665000e-08  1.02351132e+00 
 2.20675000e-08  1.94996087e+00  2.20675000e-08  1.95004238e+00  2.20675000e-08  9.65178697e-01 
 2.20685000e-08  1.94995068e+00  2.20685000e-08  1.95005828e+00  2.20685000e-08  9.06251110e-01 
 2.21885000e-08  1.15393649e+00  2.21885000e-08  1.94999190e+00  2.21885000e-08  4.49871635e-04 
 2.21895000e-08  1.10109231e+00  2.21895000e-08  1.94999210e+00  2.21895000e-08  4.26026170e-04 
 2.21905000e-08  1.04848845e+00  2.21905000e-08  1.94999206e+00  2.21905000e-08  4.22336480e-04 
 2.21915000e-08  9.96050845e-01  2.21915000e-08  1.94999224e+00  2.21915000e-08  3.99486304e-04 
 2.21925000e-08  9.43727608e-01  2.21925000e-08  1.94999221e+00  2.21925000e-08  3.96467989e-04 
 2.21935000e-08  8.91430829e-01  2.21935000e-08  1.94999239e+00  2.21935000e-08  3.74562253e-04 
 2.26605000e-08 -1.56138107e-04  2.26605000e-08  1.13800068e+00  2.26605000e-08 -9.77706292e-07 
 2.26615000e-08 -1.71032707e-04  2.26615000e-08  1.09412411e+00  2.26615000e-08 -6.68802289e-07 
 2.26625000e-08 -1.84443972e-04  2.26625000e-08  1.04979987e+00  2.26625000e-08  1.09118282e-06 
 2.26635000e-08 -2.00378454e-04  2.26635000e-08  1.00504540e+00  2.26635000e-08  2.10868360e-06 
 2.26645000e-08 -2.24870041e-04  2.26645000e-08  9.59862178e-01  2.26645000e-08  4.16000277e-06 
 2.26655000e-08 -2.27759044e-04  2.26655000e-08  9.14271549e-01  2.26655000e-08  5.40533215e-06 
 2.27745000e-08  9.30166463e-01  2.27745000e-08  1.28911900e-03  2.27745000e-08  1.64856615e-05 
 2.27755000e-08  9.67082800e-01  2.27755000e-08  1.25257053e-03  2.27755000e-08  1.57760563e-05 
 2.27765000e-08  1.00447539e+00  2.27765000e-08  1.22209379e-03  2.27765000e-08  1.79244174e-05 
 2.27775000e-08  1.04229450e+00  2.27775000e-08  1.18859657e-03  2.27775000e-08  1.70250436e-05 
 2.27785000e-08  1.08014669e+00  2.27785000e-08  1.16078928e-03  2.27785000e-08  1.89693490e-05 
 2.27795000e-08  1.11772345e+00  2.27795000e-08  1.12982270e-03  2.27795000e-08  1.78355822e-05 
 2.30525000e-08  1.94994659e+00  2.30525000e-08  8.78686596e-01  2.30525000e-08 -9.12735984e-05 
 2.30535000e-08  1.94994701e+00  2.30535000e-08  9.48810508e-01  2.30535000e-08 -1.24729002e-04 
 2.30545000e-08  1.94994774e+00  2.30545000e-08  1.01831443e+00  2.30545000e-08 -1.44698879e-04 
 2.30555000e-08  1.94994813e+00  2.30555000e-08  1.08718065e+00  2.30555000e-08 -1.59333306e-04 
 2.30565000e-08  1.94994883e+00  2.30565000e-08  1.15552410e+00  2.30565000e-08 -1.75710362e-04 
 2.30575000e-08  1.94994921e+00  2.30575000e-08  1.22363686e+00  2.30575000e-08 -1.97911587e-04 
 2.31715000e-08  1.94997383e+00  2.31715000e-08  1.94988158e+00  2.31715000e-08  8.70630923e-01 
 2.31725000e-08  1.94997448e+00  2.31725000e-08  1.94988825e+00  2.31725000e-08  9.31464178e-01 
 2.31735000e-08  1.94997502e+00  2.31735000e-08  1.94989667e+00  2.31735000e-08  9.91237528e-01 
 2.31745000e-08  1.94997588e+00  2.31745000e-08  1.94990214e+00  2.31745000e-08  1.05185966e+00 
 2.31755000e-08  1.94997674e+00  2.31755000e-08  1.94991167e+00  2.31755000e-08  1.11727602e+00 
 2.31765000e-08  1.94997830e+00  2.31765000e-08  1.94990494e+00  2.31765000e-08  1.19004089e+00 
 2.33105000e-08  1.15515130e+00  2.33105000e-08  1.94999161e+00  2.33105000e-08  1.94998813e+00 
 2.33115000e-08  1.10230109e+00  2.33115000e-08  1.94999178e+00  2.33115000e-08  1.94997202e+00 
 2.33125000e-08  1.04969095e+00  2.33125000e-08  1.94999181e+00  2.33125000e-08  1.94998129e+00 
 2.33135000e-08  9.97249670e-01  2.33135000e-08  1.94999198e+00  2.33135000e-08  1.94997260e+00 
 2.33145000e-08  9.44923493e-01  2.33145000e-08  1.94999199e+00  2.33145000e-08  1.94998701e+00 
 2.33155000e-08  8.92626327e-01  2.33155000e-08  1.94999214e+00  2.33155000e-08  1.94997194e+00 
 2.37825000e-08 -1.55397597e-04  2.37825000e-08  1.13867904e+00  2.37825000e-08  1.94995859e+00 
 2.37835000e-08 -1.70480445e-04  2.37835000e-08  1.09481085e+00  2.37835000e-08  1.94995803e+00 
 2.37845000e-08 -1.83878713e-04  2.37845000e-08  1.05049440e+00  2.37845000e-08  1.94996055e+00 
 2.37855000e-08 -1.99629515e-04  2.37855000e-08  1.00574759e+00  2.37855000e-08  1.94996690e+00 
 2.37865000e-08 -2.23610366e-04  2.37865000e-08  9.60571130e-01  2.37865000e-08  1.94997761e+00 
 2.37875000e-08 -2.27347411e-04  2.37875000e-08  9.14986759e-01  2.37875000e-08  1.94999278e+00 
 2.38965000e-08  9.28695078e-01  2.38965000e-08  1.21979473e-03  2.38965000e-08  1.94982831e+00 
 2.38975000e-08  9.65600450e-01  2.38975000e-08  1.18155878e-03  2.38975000e-08  1.94983526e+00 
 2.38985000e-08  1.00297672e+00  2.38985000e-08  1.15125535e-03  2.38985000e-08  1.94984178e+00 
 2.38995000e-08  1.04078615e+00  2.38995000e-08  1.12245333e-03  2.38995000e-08  1.94984976e+00 
 2.39005000e-08  1.07863904e+00  2.39005000e-08  1.10250821e-03  2.39005000e-08  1.94985476e+00 
 2.39015000e-08  1.11623066e+00  2.39015000e-08  1.07708051e-03  2.39015000e-08  1.94985822e+00 
 2.41745000e-08  1.94994656e+00  2.41745000e-08  8.77491368e-01  2.41745000e-08  1.94993892e+00 
 2.41755000e-08  1.94994698e+00  2.41755000e-08  9.47453679e-01  2.41755000e-08  1.94982907e+00 
 2.41765000e-08  1.94994771e+00  2.41765000e-08  1.01665808e+00  2.41765000e-08  1.94970279e+00 
 2.41775000e-08  1.94994811e+00  2.41775000e-08  1.08508442e+00  2.41775000e-08  1.94957518e+00 
 2.41785000e-08  1.94994881e+00  2.41785000e-08  1.15286680e+00  2.41785000e-08  1.94946042e+00 
 2.41795000e-08  1.94994919e+00  2.41795000e-08  1.22041494e+00  2.41795000e-08  1.94932077e+00 
 2.43085000e-08  1.94997237e+00  2.43085000e-08  1.94995950e+00  2.43085000e-08  1.14230052e+00 
 2.43095000e-08  1.94996992e+00  2.43095000e-08  1.94998895e+00  2.43095000e-08  1.08469397e+00 
 2.43105000e-08  1.94996702e+00  2.43105000e-08  1.95001617e+00  2.43105000e-08  1.02678615e+00 
 2.43115000e-08  1.94996133e+00  2.43115000e-08  1.95004110e+00  2.43115000e-08  9.68484247e-01 
 2.43125000e-08  1.94995138e+00  2.43125000e-08  1.95005761e+00  2.43125000e-08  9.09589631e-01 
 2.43135000e-08  1.94993914e+00  2.43135000e-08  1.95006912e+00  2.43135000e-08  8.50067616e-01 
 2.44325000e-08  1.15696611e+00  2.44325000e-08  1.94999188e+00  2.44325000e-08  4.49502250e-04 
 2.44335000e-08  1.10410929e+00  2.44335000e-08  1.94999210e+00  2.44335000e-08  4.27913642e-04 
 2.44345000e-08  1.05149195e+00  2.44345000e-08  1.94999203e+00  2.44345000e-08  4.21939582e-04 
 2.44355000e-08  9.99047287e-01  2.44355000e-08  1.94999224e+00  2.44355000e-08  4.01315059e-04 
 2.44365000e-08  9.46718624e-01  2.44365000e-08  1.94999218e+00  2.44365000e-08  3.96045249e-04 
 2.44375000e-08  8.94422588e-01  2.44375000e-08  1.94999239e+00  2.44375000e-08  3.76334417e-04 
 2.49045000e-08 -1.54986407e-04  2.49045000e-08  1.14030186e+00  2.49045000e-08 -1.10312294e-06 
 2.49055000e-08 -1.70174290e-04  2.49055000e-08  1.09644929e+00  2.49055000e-08 -6.35485629e-07 
 2.49065000e-08 -1.83567374e-04  2.49065000e-08  1.05214777e+00  2.49065000e-08  9.26426499e-07 
 2.49075000e-08 -1.99222598e-04  2.49075000e-08  1.00741639e+00  2.49075000e-08  2.07719105e-06 
 2.49085000e-08 -2.22933505e-04  2.49085000e-08  9.62254839e-01  2.49085000e-08  3.98212954e-06 
 2.49095000e-08 -2.27129301e-04  2.49095000e-08  9.16685889e-01  2.49095000e-08  5.39009020e-06 
 2.50185000e-08  9.27857041e-01  2.50185000e-08  1.29104675e-03  2.50185000e-08  1.64342642e-05 
 2.50195000e-08  9.64754147e-01  2.50195000e-08  1.25428573e-03  2.50195000e-08  1.57482929e-05 
 2.50205000e-08  1.00211250e+00  2.50205000e-08  1.22385265e-03  2.50205000e-08  1.78828040e-05 
 2.50215000e-08  1.03991593e+00  2.50215000e-08  1.19015984e-03  2.50215000e-08  1.70063981e-05 
 2.50225000e-08  1.07777697e+00  2.50225000e-08  1.16240904e-03  2.50225000e-08  1.89408479e-05 
 2.50235000e-08  1.11537597e+00  2.50235000e-08  1.13126010e-03  2.50235000e-08  1.78279092e-05 
 2.52965000e-08  1.94994655e+00  2.52965000e-08  8.74315123e-01  2.52965000e-08 -8.90505530e-05 
 2.52975000e-08  1.94994697e+00  2.52975000e-08  9.44472975e-01  2.52975000e-08 -1.23235829e-04 
 2.52985000e-08  1.94994770e+00  2.52985000e-08  1.01401813e+00  2.52985000e-08 -1.43509302e-04 
 2.52995000e-08  1.94994810e+00  2.52995000e-08  1.08292119e+00  2.52995000e-08 -1.58831298e-04 
 2.53005000e-08  1.94994880e+00  2.53005000e-08  1.15129089e+00  2.53005000e-08 -1.74010717e-04 
 2.53015000e-08  1.94994918e+00  2.53015000e-08  1.21943015e+00  2.53015000e-08 -1.96937390e-04 
 2.54155000e-08  1.94997380e+00  2.54155000e-08  1.94988096e+00  2.54155000e-08  8.66846059e-01 
 2.54165000e-08  1.94997444e+00  2.54165000e-08  1.94988798e+00  2.54165000e-08  9.27771208e-01 
 2.54175000e-08  1.94997497e+00  2.54175000e-08  1.94989601e+00  2.54175000e-08  9.87580405e-01 
 2.54185000e-08  1.94997583e+00  2.54185000e-08  1.94990208e+00  2.54185000e-08  1.04802106e+00 
 2.54195000e-08  1.94997667e+00  2.54195000e-08  1.94991108e+00  2.54195000e-08  1.11302372e+00 
 2.54205000e-08  1.94997819e+00  2.54205000e-08  1.94990537e+00  2.54205000e-08  1.18552277e+00 
 2.55275000e-08  2.05290503e+00  2.55275000e-08  1.94998823e+00  2.55275000e-08  1.94993021e+00 
 2.55545000e-08  1.15823570e+00  2.55545000e-08  1.94999161e+00  2.55545000e-08  1.94998719e+00 
 2.55555000e-08  1.10537238e+00  2.55555000e-08  1.94999177e+00  2.55555000e-08  1.94997833e+00 
 2.55565000e-08  1.05274826e+00  2.55565000e-08  1.94999181e+00  2.55565000e-08  1.94999031e+00 
 2.55575000e-08  1.00029958e+00  2.55575000e-08  1.94999196e+00  2.55575000e-08  1.94997668e+00 
 2.55585000e-08  9.47967692e-01  2.55585000e-08  1.94999199e+00  2.55585000e-08  1.94998419e+00 
 2.55595000e-08  8.95671051e-01  2.55595000e-08  1.94999213e+00  2.55595000e-08  1.94997684e+00 
 2.60265000e-08 -1.54328829e-04  2.60265000e-08  1.14133795e+00  2.60265000e-08  1.94995868e+00 
 2.60275000e-08 -1.69687138e-04  2.60275000e-08  1.09749752e+00  2.60275000e-08  1.94995801e+00 
 2.60285000e-08 -1.83076928e-04  2.60285000e-08  1.05320734e+00  2.60285000e-08  1.94996026e+00 
 2.60295000e-08 -1.98581231e-04  2.60295000e-08  1.00848725e+00  2.60295000e-08  1.94996642e+00 
 2.60305000e-08 -2.21869606e-04  2.60305000e-08  9.63335895e-01  2.60305000e-08  1.94997681e+00 
 2.60315000e-08 -2.26802101e-04  2.60315000e-08  9.17776639e-01  2.60315000e-08  1.94999175e+00 
 2.61405000e-08  9.26579479e-01  2.61405000e-08  1.22162154e-03  2.61405000e-08  1.94982775e+00 
 2.61415000e-08  9.63468132e-01  2.61415000e-08  1.18390755e-03  2.61415000e-08  1.94983502e+00 
 2.61425000e-08  1.00081278e+00  2.61425000e-08  1.15288855e-03  2.61425000e-08  1.94984112e+00 
 2.61435000e-08  1.03860728e+00  2.61435000e-08  1.12406548e-03  2.61435000e-08  1.94984952e+00 
 2.61445000e-08  1.07646764e+00  2.61445000e-08  1.10370198e-03  2.61445000e-08  1.94985428e+00 
 2.61455000e-08  1.11407951e+00  2.61455000e-08  1.07867659e-03  2.61455000e-08  1.94985836e+00 
 2.64185000e-08  1.94994653e+00  2.64185000e-08  8.73469757e-01  2.64185000e-08  1.94994451e+00 
 2.64195000e-08  1.94994695e+00  2.64195000e-08  9.43470989e-01  2.64195000e-08  1.94983590e+00 
 2.64205000e-08  1.94994768e+00  2.64205000e-08  1.01272137e+00  2.64205000e-08  1.94971007e+00 
 2.64215000e-08  1.94994808e+00  2.64215000e-08  1.08118072e+00  2.64215000e-08  1.94958201e+00 
 2.64225000e-08  1.94994878e+00  2.64225000e-08  1.14898275e+00  2.64225000e-08  1.94946747e+00 
 2.64235000e-08  1.94994916e+00  2.64235000e-08  1.21655767e+00  2.64235000e-08  1.94932887e+00 
 2.65525000e-08  1.94997250e+00  2.65525000e-08  1.94995789e+00  2.65525000e-08  1.14557362e+00 
 2.65535000e-08  1.94997004e+00  2.65535000e-08  1.94998728e+00  2.65535000e-08  1.08797950e+00 
 2.65545000e-08  1.94996722e+00  2.65545000e-08  1.95001470e+00  2.65545000e-08  1.03008913e+00 
 2.65555000e-08  1.94996173e+00  2.65555000e-08  1.95003977e+00  2.65555000e-08  9.71817511e-01 
 2.65565000e-08  1.94995200e+00  2.65565000e-08  1.95005694e+00  2.65565000e-08  9.12955865e-01 
 2.65575000e-08  1.94993961e+00  2.65575000e-08  1.95006854e+00  2.65575000e-08  8.53474857e-01 
 2.66765000e-08  1.15968944e+00  2.66765000e-08  1.94999187e+00  2.66765000e-08  4.49492344e-04 
 2.66775000e-08  1.10682014e+00  2.66775000e-08  1.94999211e+00  2.66775000e-08  4.29529918e-04 
 2.66785000e-08  1.05418954e+00  2.66785000e-08  1.94999203e+00  2.66785000e-08  4.21887893e-04 
 2.66795000e-08  1.00173746e+00  2.66795000e-08  1.94999226e+00  2.66795000e-08  4.02871685e-04 
 2.66805000e-08  9.49402924e-01  2.66805000e-08  1.94999218e+00  2.66805000e-08  3.95955371e-04 
 2.66815000e-08  8.97106607e-01  2.66815000e-08  1.94999240e+00  2.66815000e-08  3.77834435e-04 
 2.71485000e-08 -1.53851424e-04  2.71485000e-08  1.14250321e+00  2.71485000e-08 -1.21329293e-06 
 2.71495000e-08 -1.69333387e-04  2.71495000e-08  1.09867365e+00  2.71495000e-08 -6.09712436e-07 
 2.71505000e-08 -1.82724481e-04  2.71505000e-08  1.05439387e+00  2.71505000e-08  7.78061740e-07 
 2.71515000e-08 -1.98126514e-04  2.71515000e-08  1.00968461e+00  2.71515000e-08  2.04276373e-06 
 2.71525000e-08 -2.21124400e-04  2.71525000e-08  9.64543839e-01  2.71525000e-08  3.81950532e-06 
 2.71535000e-08 -2.26579551e-04  2.71535000e-08  9.18995686e-01  2.71535000e-08  5.36946759e-06 
 2.72625000e-08  9.25659635e-01  2.72625000e-08  1.29266500e-03  2.72625000e-08  1.62826320e-05 
 2.72635000e-08  9.62540248e-01  2.72635000e-08  1.25608809e-03  2.72635000e-08  1.58216915e-05 
 2.72645000e-08  9.99865890e-01  2.72645000e-08  1.22531913e-03  2.72645000e-08  1.77400685e-05 
 2.72655000e-08  1.03765291e+00  2.72655000e-08  1.19181749e-03  2.72655000e-08  1.70883387e-05 
 2.72665000e-08  1.07552116e+00  2.72665000e-08  1.16375095e-03  2.72665000e-08  1.88101153e-05 
 2.72675000e-08  1.11314091e+00  2.72675000e-08  1.13279693e-03  2.72675000e-08  1.79199984e-05 
 2.75405000e-08  1.94994652e+00  2.75405000e-08  8.70090531e-01  2.75405000e-08 -8.69482030e-05 
 2.75415000e-08  1.94994694e+00  2.75415000e-08  9.40282424e-01  2.75415000e-08 -1.21745762e-04 
 2.75425000e-08  1.94994767e+00  2.75425000e-08  1.00986717e+00  2.75425000e-08 -1.42368256e-04 
 2.75435000e-08  1.94994807e+00  2.75435000e-08  1.07881180e+00  2.75435000e-08 -1.58378150e-04 
 2.75445000e-08  1.94994877e+00  2.75445000e-08  1.14721356e+00  2.75445000e-08 -1.72480862e-04 
 2.75455000e-08  1.94994915e+00  2.75455000e-08  1.21535638e+00  2.75455000e-08 -1.95619682e-04 
 2.76595000e-08  1.94997376e+00  2.76595000e-08  1.94988035e+00  2.76595000e-08  8.63070273e-01 
 2.76605000e-08  1.94997441e+00  2.76605000e-08  1.94988773e+00  2.76605000e-08  9.24088891e-01 
 2.76615000e-08  1.94997493e+00  2.76615000e-08  1.94989535e+00  2.76615000e-08  9.83938861e-01 
 2.76625000e-08  1.94997578e+00  2.76625000e-08  1.94990201e+00  2.76625000e-08  1.04422438e+00 
 2.76635000e-08  1.94997660e+00  2.76635000e-08  1.94991046e+00  2.76635000e-08  1.10882877e+00 
 2.76645000e-08  1.94997809e+00  2.76645000e-08  1.94990587e+00  2.76645000e-08  1.18101969e+00 
 2.77985000e-08  1.16146719e+00  2.77985000e-08  1.94999162e+00  2.77985000e-08  1.94998411e+00 
 2.77995000e-08  1.10859042e+00  2.77995000e-08  1.94999176e+00  2.77995000e-08  1.94997768e+00 
 2.78005000e-08  1.05595175e+00  2.78005000e-08  1.94999182e+00  2.78005000e-08  1.94998803e+00 
 2.78015000e-08  1.00349532e+00  2.78015000e-08  1.94999195e+00  2.78015000e-08  1.94998102e+00 
 2.78025000e-08  9.51157423e-01  2.78025000e-08  1.94999199e+00  2.78025000e-08  1.94999053e+00 
 2.78035000e-08  8.98861339e-01  2.78035000e-08  1.94999212e+00  2.78035000e-08  1.94997956e+00 
 2.82705000e-08 -1.53114566e-04  2.82705000e-08  1.14397757e+00  2.82705000e-08  1.94995876e+00 
 2.82715000e-08 -1.68792691e-04  2.82715000e-08  1.10016474e+00  2.82715000e-08  1.94995800e+00 
 2.82725000e-08 -1.82186904e-04  2.82725000e-08  1.05590068e+00  2.82725000e-08  1.94996000e+00 
 2.82735000e-08 -1.97436033e-04  2.82735000e-08  1.01120716e+00  2.82735000e-08  1.94996595e+00 
 2.82745000e-08 -2.19992385e-04  2.82745000e-08  9.66080783e-01  2.82745000e-08  1.94997603e+00 
 2.82755000e-08 -2.26264345e-04  2.82755000e-08  9.20546523e-01  2.82755000e-08  1.94999075e+00 
 2.83845000e-08  9.24235656e-01  2.83845000e-08  1.22333767e-03  2.83845000e-08  1.94982727e+00 
 2.83855000e-08  9.61107649e-01  2.83855000e-08  1.18626855e-03  2.83855000e-08  1.94983469e+00 
 2.83865000e-08  9.98417780e-01  2.83865000e-08  1.15446943e-03  2.83865000e-08  1.94984054e+00 
 2.83875000e-08  1.03619402e+00  2.83875000e-08  1.12571213e-03  2.83875000e-08  1.94984918e+00 
 2.83885000e-08  1.07406169e+00  2.83885000e-08  1.10483206e-03  2.83885000e-08  1.94985387e+00 
 2.83895000e-08  1.11169273e+00  2.83895000e-08  1.08028507e-03  2.83895000e-08  1.94985838e+00 
 2.86625000e-08  1.94994650e+00  2.86625000e-08  8.68812284e-01  2.86625000e-08  1.94995089e+00 
 2.86635000e-08  1.94994692e+00  2.86635000e-08  9.38859741e-01  2.86635000e-08  1.94984362e+00 
 2.86645000e-08  1.94994765e+00  2.86645000e-08  1.00816289e+00  2.86645000e-08  1.94971863e+00 
 2.86655000e-08  1.94994804e+00  2.86655000e-08  1.07667202e+00  2.86655000e-08  1.94959045e+00 
 2.86665000e-08  1.94994875e+00  2.86665000e-08  1.14450960e+00  2.86665000e-08  1.94947596e+00 
 2.86675000e-08  1.94994912e+00  2.86675000e-08  1.21207944e+00  2.86675000e-08  1.94933886e+00 
 2.87965000e-08  1.94997268e+00  2.87965000e-08  1.94995580e+00  2.87965000e-08  1.14936116e+00 
 2.87975000e-08  1.94997021e+00  2.87975000e-08  1.94998529e+00  2.87975000e-08  1.09177973e+00 
 2.87985000e-08  1.94996748e+00  2.87985000e-08  1.95001308e+00  2.87985000e-08  1.03390820e+00 
 2.87995000e-08  1.94996224e+00  2.87995000e-08  1.95003834e+00  2.87995000e-08  9.75669010e-01 
 2.88005000e-08  1.94995280e+00  2.88005000e-08  1.95005627e+00  2.88005000e-08  9.16843423e-01 
 2.88015000e-08  1.94994024e+00  2.88015000e-08  1.95006795e+00  2.88015000e-08  8.57406905e-01 
 2.89205000e-08  1.16343743e+00  2.89205000e-08  1.94999186e+00  2.89205000e-08  4.49705611e-04 
 2.89215000e-08  1.11055264e+00  2.89215000e-08  1.94999210e+00  2.89215000e-08  4.31039520e-04 
 2.89225000e-08  1.05790517e+00  2.89225000e-08  1.94999201e+00  2.89225000e-08  4.22051640e-04 
 2.89235000e-08  1.00544404e+00  2.89235000e-08  1.94999224e+00  2.89235000e-08  4.04323039e-04 
 2.89245000e-08  9.53102472e-01  2.89245000e-08  1.94999215e+00  2.89245000e-08  3.96073649e-04 
 2.89255000e-08  9.00806745e-01  2.89255000e-08  1.94999238e+00  2.89255000e-08  3.79231055e-04 
 2.93925000e-08 -1.52338081e-04  2.93925000e-08  1.14558639e+00  2.93925000e-08 -1.33527082e-06 
 2.93935000e-08 -1.68225453e-04  2.93935000e-08  1.10178910e+00  2.93935000e-08 -6.03272954e-07 
 2.93945000e-08 -1.81628465e-04  2.93945000e-08  1.05753985e+00  2.93945000e-08  5.42310845e-07 
 2.93955000e-08 -1.96725638e-04  2.93955000e-08  1.01286165e+00  2.93955000e-08  1.89755087e-06 
 2.93965000e-08 -2.18836751e-04  2.93965000e-08  9.67750061e-01  2.93965000e-08  3.59851666e-06 
 2.93975000e-08 -2.25969000e-04  2.93975000e-08  9.22231117e-01  2.93975000e-08  5.30811481e-06 
 2.95065000e-08  9.22722408e-01  2.95065000e-08  1.29498933e-03  2.95065000e-08  1.60655354e-05 
 2.95075000e-08  9.59583484e-01  2.95075000e-08  1.25867130e-03  2.95075000e-08  1.59296146e-05 
 2.95085000e-08  9.96865693e-01  2.95085000e-08  1.22742042e-03  2.95085000e-08  1.75358041e-05 
 2.95095000e-08  1.03462835e+00  2.95095000e-08  1.19418898e-03  2.95095000e-08  1.72081374e-05 
 2.95105000e-08  1.07250286e+00  2.95105000e-08  1.16566983e-03  2.95105000e-08  1.86237618e-05 
 2.95115000e-08  1.11014852e+00  2.95115000e-08  1.13499227e-03  2.95115000e-08  1.80540361e-05 
 2.97845000e-08  1.94994647e+00  2.97845000e-08  8.64292005e-01  2.97845000e-08 -8.39192142e-05 
 2.97855000e-08  1.94994689e+00  2.97855000e-08  9.34525938e-01  2.97855000e-08 -1.19351733e-04 
 2.97865000e-08  1.94994762e+00  2.97865000e-08  1.00416503e+00  2.97865000e-08 -1.41018225e-04 
 2.97875000e-08  1.94994802e+00  2.97875000e-08  1.07315947e+00  2.97875000e-08 -1.57672952e-04 
 2.97885000e-08  1.94994873e+00  2.97885000e-08  1.14159896e+00  2.97885000e-08 -1.70347247e-04 
 2.97895000e-08  1.94994910e+00  2.97895000e-08  1.20974842e+00  2.97895000e-08 -1.93911424e-04 
 2.99035000e-08  1.94997372e+00  2.99035000e-08  1.94987951e+00  2.99035000e-08  8.58085924e-01 
 2.99045000e-08  1.94997437e+00  2.99045000e-08  1.94988741e+00  2.99045000e-08  9.19228632e-01 
 2.99055000e-08  1.94997488e+00  2.99055000e-08  1.94989443e+00  2.99055000e-08  9.79138012e-01 
 2.99065000e-08  1.94997572e+00  2.99065000e-08  1.94990190e+00  2.99065000e-08  1.03925267e+00 
 2.99075000e-08  1.94997652e+00  2.99075000e-08  1.94990951e+00  2.99075000e-08  1.10335976e+00 
 2.99085000e-08  1.94997796e+00  2.99085000e-08  1.94990668e+00  2.99085000e-08  1.17507779e+00 
 3.00425000e-08  1.16543103e+00  3.00425000e-08  1.94999164e+00  3.00425000e-08  1.94999020e+00 
 3.00435000e-08  1.11253795e+00  3.00435000e-08  1.94999171e+00  3.00435000e-08  1.94998506e+00 
 3.00445000e-08  1.05988136e+00  3.00445000e-08  1.94999184e+00  3.00445000e-08  1.94999142e+00 
 3.00455000e-08  1.00741523e+00  3.00455000e-08  1.94999191e+00  3.00455000e-08  1.94998637e+00 
 3.00465000e-08  9.55069734e-01  3.00465000e-08  1.94999202e+00  3.00465000e-08  1.94999239e+00 
 3.00475000e-08  9.02774179e-01  3.00475000e-08  1.94999208e+00  3.00475000e-08  1.94998741e+00 
 3.05145000e-08 -1.51643185e-04  3.05145000e-08  1.14721512e+00  3.05145000e-08  1.94995888e+00 
 3.05155000e-08 -1.67719494e-04  3.05155000e-08  1.10343621e+00  3.05155000e-08  1.94995801e+00 
 3.05165000e-08 -1.81135208e-04  3.05165000e-08  1.05920427e+00  3.05165000e-08  1.94995969e+00 
 3.05175000e-08 -1.96103842e-04  3.05175000e-08  1.01454341e+00  3.05175000e-08  1.94996541e+00 
 3.05185000e-08 -2.17833134e-04  3.05185000e-08  9.69447769e-01  3.05185000e-08  1.94997509e+00 
 3.05195000e-08 -2.25737181e-04  3.05195000e-08  9.23944266e-01  3.05195000e-08  1.94998954e+00 
 3.06285000e-08  9.21433949e-01  3.06285000e-08  1.22540273e-03  3.06285000e-08  1.94982680e+00 
 3.06295000e-08  9.58289052e-01  3.06295000e-08  1.18923005e-03  3.06295000e-08  1.94983412e+00 
 3.06305000e-08  9.95556590e-01  3.06305000e-08  1.15642808e-03  3.06305000e-08  1.94983991e+00 
 3.06315000e-08  1.03330818e+00  3.06315000e-08  1.12775627e-03  3.06315000e-08  1.94984856e+00 
 3.06325000e-08  1.07118237e+00  3.06325000e-08  1.10618260e-03  3.06325000e-08  1.94985344e+00 
 3.06335000e-08  1.10883866e+00  3.06335000e-08  1.08226967e-03  3.06335000e-08  1.94985825e+00 
 3.09065000e-08  1.94994645e+00  3.09065000e-08  8.63415722e-01  3.09065000e-08  1.94995822e+00 
 3.09075000e-08  1.94994688e+00  3.09075000e-08  9.33513694e-01  3.09075000e-08  1.94985244e+00 
 3.09085000e-08  1.94994760e+00  3.09085000e-08  1.00287776e+00  3.09085000e-08  1.94972862e+00 
 3.09095000e-08  1.94994800e+00  3.09095000e-08  1.07144827e+00  3.09095000e-08  1.94959992e+00 
 3.09105000e-08  1.94994870e+00  3.09105000e-08  1.13933213e+00  3.09105000e-08  1.94948469e+00 
 3.09115000e-08  1.94994909e+00  3.09115000e-08  1.20687182e+00  3.09115000e-08  1.94935011e+00 
 3.10405000e-08  1.94997291e+00  3.10405000e-08  1.94995365e+00  3.10405000e-08  1.15381557e+00 
 3.10415000e-08  1.94997042e+00  3.10415000e-08  1.94998294e+00  3.10415000e-08  1.09624273e+00 
 3.10425000e-08  1.94996779e+00  3.10425000e-08  1.95001107e+00  3.10425000e-08  1.03839997e+00 
 3.10435000e-08  1.94996285e+00  3.10435000e-08  1.95003642e+00  3.10435000e-08  9.80194642e-01 
 3.10445000e-08  1.94995382e+00  3.10445000e-08  1.95005534e+00  3.10445000e-08  9.21418864e-01 
 3.10455000e-08  1.94994132e+00  3.10455000e-08  1.95006706e+00  3.10455000e-08  8.62032234e-01 
 3.11645000e-08  1.16818486e+00  3.11645000e-08  1.94999183e+00  3.11645000e-08  4.50449360e-04 
 3.11655000e-08  1.11528035e+00  3.11655000e-08  1.94999205e+00  3.11655000e-08  4.32459654e-04 
 3.11665000e-08  1.06261101e+00  3.11665000e-08  1.94999198e+00  3.11665000e-08  4.22728457e-04 
 3.11675000e-08  1.01013783e+00  3.11675000e-08  1.94999220e+00  3.11675000e-08  4.05682467e-04 
 3.11685000e-08  9.57786710e-01  3.11685000e-08  1.94999213e+00  3.11685000e-08  3.96686885e-04 
 3.11695000e-08  9.05491266e-01  3.11695000e-08  1.94999234e+00  3.11695000e-08  3.80532572e-04 
 3.16365000e-08 -1.50640482e-04  3.16365000e-08  1.14938758e+00  3.16365000e-08 -1.45541839e-06 
 3.16375000e-08 -1.66991364e-04  3.16375000e-08  1.10563063e+00  3.16375000e-08 -6.13594623e-07 
 3.16385000e-08 -1.80435910e-04  3.16385000e-08  1.06141956e+00  3.16385000e-08  3.72539915e-07 
 3.16395000e-08 -1.95229637e-04  3.16395000e-08  1.01678016e+00  3.16395000e-08  1.82368466e-06 
 3.16405000e-08 -2.16435865e-04  3.16405000e-08  9.71705083e-01  3.16405000e-08  3.38151731e-06 
 3.16415000e-08 -2.25458590e-04  3.16415000e-08  9.26222659e-01  3.16415000e-08  5.22363968e-06 
 3.17505000e-08  9.19497362e-01  3.17505000e-08  1.29786039e-03  3.17505000e-08  1.58003963e-05 
 3.17515000e-08  9.56340635e-01  3.17515000e-08  1.26186209e-03  3.17515000e-08  1.60586019e-05 
 3.17525000e-08  9.93575483e-01  3.17525000e-08  1.23001619e-03  3.17525000e-08  1.72861403e-05 
 3.17535000e-08  1.03130843e+00  3.17535000e-08  1.19711854e-03  3.17535000e-08  1.73513167e-05 
 3.17545000e-08  1.06918888e+00  3.17545000e-08  1.16804035e-03  3.17545000e-08  1.83958515e-05 
 3.17555000e-08  1.10686290e+00  3.17555000e-08  1.13770458e-03  3.17555000e-08  1.82148597e-05 
 3.20285000e-08  1.94994642e+00  3.20285000e-08  8.58153167e-01  3.20285000e-08 -8.07256513e-05 
 3.20295000e-08  1.94994685e+00  3.20295000e-08  9.28432169e-01  3.20295000e-08 -1.16581462e-04 
 3.20305000e-08  1.94994757e+00  3.20305000e-08  9.98127929e-01  3.20305000e-08 -1.39538951e-04 
 3.20315000e-08  1.94994798e+00  3.20315000e-08  1.06717072e+00  3.20315000e-08 -1.56508469e-04 
 3.20325000e-08  1.94994868e+00  3.20325000e-08  1.13564669e+00  3.20325000e-08 -1.68565534e-04 
 3.20335000e-08  1.94994906e+00  3.20335000e-08  1.20378648e+00  3.20335000e-08 -1.91895065e-04 
 3.21475000e-08  1.94997367e+00  3.21475000e-08  1.94987872e+00  3.21475000e-08  8.52540855e-01 
 3.21485000e-08  1.94997430e+00  3.21485000e-08  1.94988708e+00  3.21485000e-08  9.13826789e-01 
 3.21495000e-08  1.94997482e+00  3.21495000e-08  1.94989340e+00  3.21495000e-08  9.73813957e-01 
 3.21505000e-08  1.94997563e+00  3.21505000e-08  1.94990176e+00  3.21505000e-08  1.03378200e+00 
 3.21515000e-08  1.94997642e+00  3.21515000e-08  1.94990838e+00  3.21515000e-08  1.09738192e+00 
 3.21525000e-08  1.94997778e+00  3.21525000e-08  1.94990773e+00  3.21525000e-08  1.16849524e+00 
 3.22865000e-08  1.17131268e+00  3.22865000e-08  1.94999168e+00  3.22865000e-08  1.94998851e+00 
 3.22875000e-08  1.11839522e+00  3.22875000e-08  1.94999166e+00  3.22875000e-08  1.94998668e+00 
 3.22885000e-08  1.06571125e+00  3.22885000e-08  1.94999188e+00  3.22885000e-08  1.94998978e+00 
 3.22895000e-08  1.01322988e+00  3.22895000e-08  1.94999185e+00  3.22895000e-08  1.94998795e+00 
 3.22905000e-08  9.60872129e-01  3.22905000e-08  1.94999206e+00  3.22905000e-08  1.94999080e+00 
 3.22915000e-08  9.08576653e-01  3.22915000e-08  1.94999203e+00  3.22915000e-08  1.94998900e+00 
 3.27585000e-08 -1.49478090e-04  3.27585000e-08  1.15188296e+00  3.27585000e-08  1.94995911e+00 
 3.27595000e-08 -1.66149538e-04  3.27595000e-08  1.10815227e+00  3.27595000e-08  1.94995801e+00 
 3.27605000e-08 -1.79636934e-04  3.27605000e-08  1.06396754e+00  3.27605000e-08  1.94995932e+00 
 3.27615000e-08 -1.94249629e-04  3.27615000e-08  1.01935318e+00  3.27615000e-08  1.94996462e+00 
 3.27625000e-08 -2.14890619e-04  3.27625000e-08  9.74302726e-01  3.27625000e-08  1.94997381e+00 
 3.27635000e-08 -2.25212667e-04  3.27635000e-08  9.28843113e-01  3.27635000e-08  1.94998780e+00 
 3.28725000e-08  9.17273741e-01  3.28725000e-08  1.22826096e-03  3.28725000e-08  1.94982641e+00 
 3.28735000e-08  9.54108443e-01  3.28735000e-08  1.19365926e-03  3.28735000e-08  1.94983347e+00 
 3.28745000e-08  9.91314978e-01  3.28745000e-08  1.15934863e-03  3.28745000e-08  1.94983927e+00 
 3.28755000e-08  1.02902609e+00  3.28755000e-08  1.13086612e-03  3.28755000e-08  1.94984782e+00 
 3.28765000e-08  1.06690652e+00  3.28765000e-08  1.10810237e-03  3.28765000e-08  1.94985302e+00 
 3.28775000e-08  1.10460089e+00  3.28775000e-08  1.08521115e-03  3.28775000e-08  1.94985812e+00 
 3.31505000e-08  1.94994638e+00  3.31505000e-08  8.55524588e-01  3.31505000e-08  1.94996873e+00 
 3.31515000e-08  1.94994682e+00  3.31515000e-08  9.25694970e-01  3.31515000e-08  1.94986526e+00 
 3.31525000e-08  1.94994754e+00  3.31525000e-08  9.95151640e-01  3.31525000e-08  1.94974315e+00 
 3.31535000e-08  1.94994795e+00  3.31535000e-08  1.06381225e+00  3.31535000e-08  1.94961435e+00 
 3.31545000e-08  1.94994864e+00  3.31545000e-08  1.13175090e+00  3.31545000e-08  1.94949907e+00 
 3.31555000e-08  1.94994903e+00  3.31555000e-08  1.19928582e+00  3.31555000e-08  1.94936652e+00 
 3.32845000e-08  1.94997320e+00  3.32845000e-08  1.94995048e+00  3.32845000e-08  1.16041880e+00 
 3.32855000e-08  1.94997067e+00  3.32855000e-08  1.94997944e+00  3.32855000e-08  1.10285657e+00 
 3.32865000e-08  1.94996816e+00  3.32865000e-08  1.95000805e+00  3.32865000e-08  1.04505400e+00 
 3.32875000e-08  1.94996357e+00  3.32875000e-08  1.95003352e+00  3.32875000e-08  9.86896851e-01 
 3.32885000e-08  1.94995504e+00  3.32885000e-08  1.95005389e+00  3.32885000e-08  9.28193089e-01 
 3.32895000e-08  1.94994276e+00  3.32895000e-08  1.95006566e+00  3.32895000e-08  8.68879259e-01 
 3.34085000e-08  1.17407649e+00  3.34085000e-08  1.94999185e+00  3.34085000e-08  4.52032448e-04 
 3.34095000e-08  1.12114872e+00  3.34095000e-08  1.94999204e+00  3.34095000e-08  4.34147290e-04 
 3.34105000e-08  1.06845262e+00  3.34105000e-08  1.94999199e+00  3.34105000e-08  4.24201267e-04 
 3.34115000e-08  1.01596477e+00  3.34115000e-08  1.94999218e+00  3.34115000e-08  4.07285577e-04 
 3.34125000e-08  9.63601761e-01  3.34125000e-08  1.94999214e+00  3.34125000e-08  3.98057059e-04 
 3.34135000e-08  9.11306840e-01  3.34135000e-08  1.94999233e+00  3.34135000e-08  3.82055912e-04 
 3.38805000e-08 -1.48668925e-04  3.38805000e-08  1.15433775e+00  3.38805000e-08 -1.60369980e-06 
 3.38815000e-08 -1.65566630e-04  3.38815000e-08  1.11063048e+00  3.38815000e-08 -6.24575757e-07 
 3.38825000e-08 -1.79089693e-04  3.38825000e-08  1.06647013e+00  3.38825000e-08  1.60478453e-07 
 3.38835000e-08 -1.93583987e-04  3.38835000e-08  1.02187874e+00  3.38835000e-08  1.73068855e-06 
 3.38845000e-08 -2.13846522e-04  3.38845000e-08  9.76852156e-01  3.38845000e-08  3.10365955e-06 
 3.38855000e-08 -2.25095240e-04  3.38855000e-08  9.31415105e-01  3.38855000e-08  5.11212531e-06 
 3.39945000e-08  9.15868760e-01  3.39945000e-08  1.30156621e-03  3.39945000e-08  1.54890413e-05 
 3.39955000e-08  9.52697154e-01  3.39955000e-08  1.26607389e-03  3.39955000e-08  1.61951945e-05 
 3.39965000e-08  9.89880716e-01  3.39965000e-08  1.23336078e-03  3.39965000e-08  1.69916798e-05 
 3.39975000e-08  1.02757694e+00  3.39975000e-08  1.20098687e-03  3.39975000e-08  1.75084182e-05 
 3.39985000e-08  1.06546103e+00  3.39985000e-08  1.17108945e-03  3.39985000e-08  1.81268383e-05 
 3.39995000e-08  1.10316763e+00  3.39995000e-08  1.14128707e-03  3.39995000e-08  1.83968708e-05 
 3.42725000e-08  1.94994635e+00  3.42725000e-08  8.51243202e-01  3.42725000e-08 -7.70966467e-05 
 3.42735000e-08  1.94994680e+00  3.42735000e-08  9.21571615e-01  3.42735000e-08 -1.13353623e-04 
 3.42745000e-08  1.94994751e+00  3.42745000e-08  9.91330714e-01  3.42745000e-08 -1.37805773e-04 
 3.42755000e-08  1.94994793e+00  3.42755000e-08  1.06043456e+00  3.42755000e-08 -1.55272261e-04 
 3.42765000e-08  1.94994861e+00  3.42765000e-08  1.12894965e+00  3.42765000e-08 -1.66722940e-04 
 3.42775000e-08  1.94994901e+00  3.42775000e-08  1.19709486e+00  3.42775000e-08 -1.89523255e-04 
 3.43915000e-08  1.94997362e+00  3.43915000e-08  1.94987786e+00  3.43915000e-08  8.46423129e-01 
 3.43925000e-08  1.94997424e+00  3.43925000e-08  1.94988674e+00  3.43925000e-08  9.07870141e-01 
 3.43935000e-08  1.94997477e+00  3.43935000e-08  1.94989223e+00  3.43935000e-08  9.67950888e-01 
 3.43945000e-08  1.94997555e+00  3.43945000e-08  1.94990158e+00  3.43945000e-08  1.02779950e+00 
 3.43955000e-08  1.94997632e+00  3.43955000e-08  1.94990699e+00  3.43955000e-08  1.09089330e+00 
 3.43965000e-08  1.94997762e+00  3.43965000e-08  1.94990905e+00  3.43965000e-08  1.16125493e+00 
 3.45305000e-08  1.17651785e+00  3.45305000e-08  1.94999174e+00  3.45305000e-08  1.94998654e+00 
 3.45315000e-08  1.12357892e+00  3.45315000e-08  1.94999160e+00  3.45315000e-08  1.94998867e+00 
 3.45325000e-08  1.07087024e+00  3.45325000e-08  1.94999192e+00  3.45325000e-08  1.94998779e+00 
 3.45335000e-08  1.01837472e+00  3.45335000e-08  1.94999178e+00  3.45335000e-08  1.94998983e+00 
 3.45345000e-08  9.66005351e-01  3.45345000e-08  1.94999210e+00  3.45345000e-08  1.94998893e+00 
 3.45355000e-08  9.13709353e-01  3.45355000e-08  1.94999196e+00  3.45355000e-08  1.94999089e+00 
 3.50025000e-08 -1.47483404e-04  3.50025000e-08  1.15608945e+00  3.50025000e-08  1.94995934e+00 
 3.50035000e-08 -1.64717924e-04  3.50035000e-08  1.11240115e+00  3.50035000e-08  1.94995803e+00 
 3.50045000e-08 -1.78302497e-04  3.50045000e-08  1.06826029e+00  3.50045000e-08  1.94995903e+00 
 3.50055000e-08 -1.92637352e-04  3.50055000e-08  1.02368693e+00  3.50055000e-08  1.94996395e+00 
 3.50065000e-08 -2.12369626e-04  3.50065000e-08  9.78678423e-01  3.50065000e-08  1.94997271e+00 
 3.50075000e-08 -2.25006408e-04  3.50075000e-08  9.33257606e-01  3.50075000e-08  1.94998627e+00 
 3.51175000e-08  9.50524013e-01  3.51175000e-08  1.19765125e-03  3.51175000e-08  1.94983277e+00 
 3.51185000e-08  9.87681384e-01  3.51185000e-08  1.16200400e-03  3.51185000e-08  1.94983863e+00 
 3.51195000e-08  1.02535468e+00  3.51195000e-08  1.13377103e-03  3.51195000e-08  1.94984707e+00 
 3.51205000e-08  1.06323718e+00  3.51205000e-08  1.10981158e-03  3.51205000e-08  1.94985257e+00 
 3.51215000e-08  1.10096030e+00  3.51215000e-08  1.08790719e-03  3.51215000e-08  1.94985781e+00 
 3.51225000e-08  1.13831889e+00  3.51225000e-08  1.06342235e-03  3.51225000e-08  1.94985704e+00 
 3.53945000e-08  1.94994631e+00  3.53945000e-08  8.48808264e-01  3.53945000e-08  1.94997742e+00 
 3.53955000e-08  1.94994678e+00  3.53955000e-08  9.19038275e-01  3.53955000e-08  1.94987607e+00 
 3.53965000e-08  1.94994747e+00  3.53965000e-08  9.88569285e-01  3.53965000e-08  1.94975549e+00 
 3.53975000e-08  1.94994791e+00  3.53975000e-08  1.05730341e+00  3.53975000e-08  1.94962663e+00 
 3.53985000e-08  1.94994857e+00  3.53985000e-08  1.12530288e+00  3.53985000e-08  1.94951012e+00 
 3.53995000e-08  1.94994899e+00  3.53995000e-08  1.19285158e+00  3.53995000e-08  1.94938001e+00 
 3.55285000e-08  1.94997346e+00  3.55285000e-08  1.94994785e+00  3.55285000e-08  1.16591204e+00 
 3.55295000e-08  1.94997091e+00  3.55295000e-08  1.94997642e+00  3.55295000e-08  1.10835740e+00 
 3.55305000e-08  1.94996848e+00  3.55305000e-08  1.95000551e+00  3.55305000e-08  1.05058706e+00 
 3.55315000e-08  1.94996418e+00  3.55315000e-08  1.95003099e+00  3.55315000e-08  9.92468926e-01 
 3.55325000e-08  1.94995610e+00  3.55325000e-08  1.95005268e+00  3.55325000e-08  9.33824537e-01 
 3.55335000e-08  1.94994407e+00  3.55335000e-08  1.95006442e+00  3.55335000e-08  8.74571053e-01 
 3.56525000e-08  1.17942155e+00  3.56525000e-08  1.94999191e+00  3.56525000e-08  4.52588421e-04 
 3.56535000e-08  1.12647185e+00  3.56535000e-08  1.94999201e+00  3.56535000e-08  4.36376199e-04 
 3.56545000e-08  1.07375026e+00  3.56545000e-08  1.94999207e+00  3.56545000e-08  4.24678885e-04 
 3.56555000e-08  1.02124763e+00  3.56555000e-08  1.94999217e+00  3.56555000e-08  4.09417197e-04 
 3.56565000e-08  9.68872424e-01  3.56565000e-08  1.94999222e+00  3.56565000e-08  3.98460577e-04 
 3.56575000e-08  9.16576782e-01  3.56575000e-08  1.94999232e+00  3.56575000e-08  3.84095996e-04 
 3.61255000e-08 -1.64283023e-04  3.61255000e-08  1.11516579e+00  3.61255000e-08 -6.37141138e-07 
 3.61265000e-08 -1.77885153e-04  3.61265000e-08  1.07105227e+00  3.61265000e-08 -2.52896328e-08 
 3.61275000e-08 -1.92134357e-04  3.61275000e-08  1.02650469e+00  3.61275000e-08  1.64338854e-06 
 3.61285000e-08 -2.11585539e-04  3.61285000e-08  9.81522912e-01  3.61285000e-08  2.85911214e-06 
 3.61295000e-08 -2.24959742e-04  3.61295000e-08  9.36127329e-01  3.61295000e-08  5.00319633e-06 
 3.61305000e-08 -2.46820831e-04  3.61305000e-08  8.90324074e-01  3.61305000e-08  6.29674314e-06 
 3.62395000e-08  9.49374016e-01  3.62395000e-08  1.26998464e-03  3.62395000e-08  1.62630803e-05 
 3.62405000e-08  9.86511665e-01  3.62405000e-08  1.23635437e-03  3.62405000e-08  1.67740469e-05 
 3.62415000e-08  1.02417079e+00  3.62415000e-08  1.20458125e-03  3.62415000e-08  1.75989634e-05 
 3.62425000e-08  1.06205492e+00  3.62425000e-08  1.17381282e-03  3.62425000e-08  1.79283251e-05 
 3.62435000e-08  1.09978746e+00  3.62435000e-08  1.14461832e-03  3.62435000e-08  1.85140967e-05 
 3.62445000e-08  1.13716106e+00  3.62445000e-08  1.11622666e-03  3.62445000e-08  1.86285702e-05 
 3.65165000e-08  1.94994628e+00  3.65165000e-08  8.45081134e-01  3.65165000e-08 -7.36993378e-05 
 3.65175000e-08  1.94994676e+00  3.65175000e-08  9.15452584e-01  3.65175000e-08 -1.10386333e-04 
 3.65185000e-08  1.94994744e+00  3.65185000e-08  9.85267649e-01  3.65185000e-08 -1.36136691e-04 
 3.65195000e-08  1.94994790e+00  3.65195000e-08  1.05443164e+00  3.65195000e-08 -1.53996707e-04 
 3.65205000e-08  1.94994855e+00  3.65205000e-08  1.12299788e+00  3.65205000e-08 -1.65563827e-04 
 3.65215000e-08  1.94994898e+00  3.65215000e-08  1.19116083e+00  3.65215000e-08 -1.87399265e-04 
 3.66365000e-08  1.94997418e+00  3.66365000e-08  1.94988622e+00  3.66365000e-08  9.02590957e-01 
 3.66375000e-08  1.94997472e+00  3.66375000e-08  1.94989143e+00  3.66375000e-08  9.62760488e-01 
 3.66385000e-08  1.94997547e+00  3.66385000e-08  1.94990118e+00  3.66385000e-08  1.02253648e+00 
 3.66395000e-08  1.94997624e+00  3.66395000e-08  1.94990590e+00  3.66395000e-08  1.08522336e+00 
 3.66405000e-08  1.94997748e+00  3.66405000e-08  1.94991008e+00  3.66405000e-08  1.15486290e+00 
 3.66415000e-08  1.94997923e+00  3.66415000e-08  1.94990467e+00  3.66415000e-08  1.22825784e+00 
 3.67745000e-08  1.18122430e+00  3.67745000e-08  1.94999175e+00  3.67745000e-08  1.94998482e+00 
 3.67755000e-08  1.12826608e+00  3.67755000e-08  1.94999158e+00  3.67755000e-08  1.94999041e+00 
 3.67765000e-08  1.07553476e+00  3.67765000e-08  1.94999193e+00  3.67765000e-08  1.94998614e+00 
 3.67775000e-08  1.02302591e+00  3.67775000e-08  1.94999176e+00  3.67775000e-08  1.94999154e+00 
 3.67785000e-08  9.70645454e-01  3.67785000e-08  1.94999211e+00  3.67785000e-08  1.94998736e+00 
 3.67795000e-08  9.18348489e-01  3.67795000e-08  1.94999195e+00  3.67795000e-08  1.94999259e+00 
 3.72015000e-08  3.76756483e-05  3.72015000e-08  1.98902687e+00  3.72015000e-08  1.94999928e+00 
 3.72475000e-08 -1.63403493e-04  3.72475000e-08  1.11624177e+00  3.72475000e-08  1.94995807e+00 
 3.72485000e-08 -1.77093197e-04  3.72485000e-08  1.07214063e+00  3.72485000e-08  1.94995879e+00 
 3.72495000e-08 -1.91193732e-04  3.72495000e-08  1.02760442e+00  3.72495000e-08  1.94996338e+00 
 3.72505000e-08 -2.10141859e-04  3.72505000e-08  9.82633951e-01  3.72505000e-08  1.94997175e+00 
 3.72515000e-08 -2.25011897e-04  3.72515000e-08  9.37248342e-01  3.72515000e-08  1.94998492e+00 
 3.72525000e-08 -2.44342847e-04  3.72525000e-08  8.91454545e-01  3.72525000e-08  1.95000218e+00 
 3.73615000e-08  9.47120006e-01  3.73615000e-08  1.20119014e-03  3.73615000e-08  1.94983213e+00 
 3.73625000e-08  9.84231706e-01  3.73625000e-08  1.16445591e-03  3.73625000e-08  1.94983807e+00 
 3.73635000e-08  1.02186538e+00  3.73635000e-08  1.13638412e-03  3.73635000e-08  1.94984633e+00 
 3.73645000e-08  1.05974634e+00  3.73645000e-08  1.11136939e-03  3.73645000e-08  1.94985215e+00 
 3.73655000e-08  1.09749501e+00  3.73655000e-08  1.09028333e-03  3.73655000e-08  1.94985745e+00 
 3.73665000e-08  1.13489179e+00  3.73665000e-08  1.06524445e-03  3.73665000e-08  1.94985722e+00 
 3.76385000e-08  1.94994623e+00  3.76385000e-08  8.42326685e-01  3.76385000e-08  1.94998096e+00 
 3.76395000e-08  1.94994674e+00  3.76395000e-08  9.12611703e-01  3.76395000e-08  1.94987803e+00 
 3.76405000e-08  1.94994740e+00  3.76405000e-08  9.82214064e-01  3.76405000e-08  1.94976067e+00 
 3.76415000e-08  1.94994788e+00  3.76415000e-08  1.05102499e+00  3.76415000e-08  1.94963294e+00 
 3.76425000e-08  1.94994851e+00  3.76425000e-08  1.11909103e+00  3.76425000e-08  1.94951623e+00 
 3.76435000e-08  1.94994896e+00  3.76435000e-08  1.18665857e+00  3.76435000e-08  1.94938925e+00 
 3.77725000e-08  1.94997372e+00  3.77725000e-08  1.94994537e+00  3.77725000e-08  1.17118837e+00 
 3.77735000e-08  1.94997114e+00  3.77735000e-08  1.94997359e+00  3.77735000e-08  1.11363953e+00 
 3.77745000e-08  1.94996877e+00  3.77745000e-08  1.95000326e+00  3.77745000e-08  1.05589829e+00 
 3.77755000e-08  1.94996473e+00  3.77755000e-08  1.95002846e+00  3.77755000e-08  9.97816469e-01 
 3.77765000e-08  1.94995709e+00  3.77765000e-08  1.95005143e+00  3.77765000e-08  9.39228798e-01 
 3.77775000e-08  1.94994533e+00  3.77775000e-08  1.95006303e+00  3.77775000e-08  8.80033945e-01 
 3.78965000e-08  1.18460355e+00  3.78965000e-08  1.94999197e+00  3.78965000e-08  4.52766354e-04 
 3.78975000e-08  1.13163269e+00  3.78975000e-08  1.94999195e+00  3.78975000e-08  4.38807597e-04 
 3.78985000e-08  1.07888600e+00  3.78985000e-08  1.94999212e+00  3.78985000e-08  4.24794676e-04 
 3.78995000e-08  1.02636830e+00  3.78995000e-08  1.94999210e+00  3.78995000e-08  4.11752140e-04 
 3.79005000e-08  9.73980504e-01  3.79005000e-08  1.94999227e+00  3.79005000e-08  3.98518706e-04 
 3.79015000e-08  9.21683433e-01  3.79015000e-08  1.94999225e+00  3.79015000e-08  3.86339330e-04 
 3.83695000e-08 -1.62963609e-04  3.83695000e-08  1.11942888e+00  3.83695000e-08 -6.55256854e-07 
 3.83705000e-08 -1.76701693e-04  3.83705000e-08  1.07535950e+00  3.83705000e-08 -1.85045006e-07 
 3.83715000e-08 -1.90734839e-04  3.83715000e-08  1.03085323e+00  3.83715000e-08  1.58193168e-06 
 3.83725000e-08 -2.09451595e-04  3.83725000e-08  9.85913714e-01  3.83725000e-08  2.64133011e-06 
 3.83735000e-08 -2.25057945e-04  3.83735000e-08  9.40557284e-01  3.83735000e-08  4.88506935e-06 
 3.83745000e-08 -2.43128569e-04  3.83745000e-08  8.94793452e-01  3.83745000e-08  6.09053859e-06 
 3.84835000e-08  9.46055507e-01  3.84835000e-08  1.27362037e-03  3.84835000e-08  1.63198696e-05 
 3.84845000e-08  9.83149157e-01  3.84845000e-08  1.23924154e-03  3.84845000e-08  1.65758197e-05 
 3.84855000e-08  1.02076839e+00  3.84855000e-08  1.20791769e-03  3.84855000e-08  1.76762013e-05 
 3.84865000e-08  1.05864942e+00  3.84865000e-08  1.17644192e-03  3.84865000e-08  1.77480426e-05 
 3.84875000e-08  1.09640622e+00  3.84875000e-08  1.14770634e-03  3.84875000e-08  1.86159665e-05 
 3.84885000e-08  1.13381708e+00  3.84885000e-08  1.11864170e-03  3.84885000e-08  1.84684131e-05 
 3.87605000e-08  1.94994622e+00  3.87605000e-08  8.38791151e-01  3.87605000e-08 -7.03688622e-05 
 3.87615000e-08  1.94994673e+00  3.87615000e-08  9.09205193e-01  3.87615000e-08 -1.07309005e-04 
 3.87625000e-08  1.94994738e+00  3.87625000e-08  9.79076329e-01  3.87625000e-08 -1.34406829e-04 
 3.87635000e-08  1.94994787e+00  3.87635000e-08  1.04829694e+00  3.87635000e-08 -1.52466188e-04 
 3.87645000e-08  1.94994849e+00  3.87645000e-08  1.11691164e+00  3.87645000e-08 -1.64455298e-04 
 3.87655000e-08  1.94994895e+00  3.87655000e-08  1.18509520e+00  3.87655000e-08 -1.85323695e-04 
 3.88805000e-08  1.94997412e+00  3.88805000e-08  1.94988550e+00  3.88805000e-08  8.97152826e-01 
 3.88815000e-08  1.94997467e+00  3.88815000e-08  1.94989079e+00  3.88815000e-08  9.57420905e-01 
 3.88825000e-08  1.94997539e+00  3.88825000e-08  1.94990055e+00  3.88825000e-08  1.01714906e+00 
 3.88835000e-08  1.94997617e+00  3.88835000e-08  1.94990493e+00  3.88835000e-08  1.07944307e+00 
 3.88845000e-08  1.94997733e+00  3.88845000e-08  1.94991104e+00  3.88845000e-08  1.14828428e+00 
 3.88855000e-08  1.94997905e+00  3.88855000e-08  1.94990442e+00  3.88855000e-08  1.22172845e+00 
 3.90195000e-08  1.13325956e+00  3.90195000e-08  1.94999157e+00  3.90195000e-08  1.94998484e+00 
 3.90205000e-08  1.08050387e+00  3.90205000e-08  1.94999191e+00  3.90205000e-08  1.94997863e+00 
 3.90215000e-08  1.02798010e+00  3.90215000e-08  1.94999177e+00  3.90215000e-08  1.94998865e+00 
 3.90225000e-08  9.75587252e-01  3.90225000e-08  1.94999209e+00  3.90225000e-08  1.94998183e+00 
 3.90235000e-08  9.23288562e-01  3.90235000e-08  1.94999195e+00  3.90235000e-08  1.94999112e+00 
 3.90245000e-08  8.70985274e-01  3.90245000e-08  1.94999226e+00  3.90245000e-08  1.94998053e+00 
 3.94915000e-08 -1.62191792e-04  3.94915000e-08  1.12036193e+00  3.94915000e-08  1.94995814e+00 
 3.94925000e-08 -1.76024743e-04  3.94925000e-08  1.07630347e+00  3.94925000e-08  1.94995857e+00 
 3.94935000e-08 -1.89942216e-04  3.94935000e-08  1.03180727e+00  3.94935000e-08  1.94996279e+00 
 3.94945000e-08 -2.08254128e-04  3.94945000e-08  9.86877700e-01  3.94945000e-08  1.94997075e+00 
 3.94955000e-08 -2.25219181e-04  3.94955000e-08  9.41530045e-01  3.94955000e-08  1.94998349e+00 
 3.94965000e-08 -2.40940366e-04  3.94965000e-08  8.95774446e-01  3.94965000e-08  1.95000034e+00 
 3.96055000e-08  9.44092391e-01  3.96055000e-08  1.20485362e-03  3.96055000e-08  1.94983142e+00 
 3.96065000e-08  9.81162808e-01  3.96065000e-08  1.16742181e-03  3.96065000e-08  1.94983746e+00 
 3.96075000e-08  1.01875705e+00  3.96075000e-08  1.13911737e-03  3.96075000e-08  1.94984558e+00 
 3.96085000e-08  1.05663320e+00  3.96085000e-08  1.11326410e-03  3.96085000e-08  1.94985175e+00 
 3.96095000e-08  1.09440307e+00  3.96095000e-08  1.09265507e-03  3.96095000e-08  1.94985709e+00 
 3.96105000e-08  1.13183346e+00  3.96105000e-08  1.06735256e-03  3.96105000e-08  1.94985744e+00 
 3.98825000e-08  1.94994616e+00  3.98825000e-08  8.36598767e-01  3.98825000e-08  1.94999035e+00 
 3.98835000e-08  1.94994671e+00  3.98835000e-08  9.06932080e-01  3.98835000e-08  1.94989128e+00 
 3.98845000e-08  1.94994733e+00  3.98845000e-08  9.76596429e-01  3.98845000e-08  1.94977449e+00 
 3.98855000e-08  1.94994785e+00  3.98855000e-08  1.04547032e+00  3.98855000e-08  1.94964608e+00 
 3.98865000e-08  1.94994845e+00  3.98865000e-08  1.11359200e+00  3.98865000e-08  1.94952781e+00 
 3.98875000e-08  1.94994894e+00  3.98875000e-08  1.18118013e+00  3.98875000e-08  1.94940236e+00 
 4.00165000e-08  1.94997395e+00  4.00165000e-08  1.94994287e+00  4.00165000e-08  1.17580034e+00 
 4.00175000e-08  1.94997135e+00  4.00175000e-08  1.94997127e+00  4.00175000e-08  1.11825576e+00 
 4.00185000e-08  1.94996901e+00  4.00185000e-08  1.95000062e+00  4.00185000e-08  1.06053938e+00 
 4.00195000e-08  1.94996517e+00  4.00195000e-08  1.95002623e+00  4.00195000e-08  1.00248821e+00 
 4.00205000e-08  1.94995790e+00  4.00205000e-08  1.95004977e+00  4.00205000e-08  9.43949018e-01 
 4.00215000e-08  1.94994640e+00  4.00215000e-08  1.95006199e+00  4.00215000e-08  8.84803935e-01 
 4.01415000e-08  1.13595629e+00  4.01415000e-08  1.94999194e+00  4.01415000e-08  4.40994296e-04 
 4.01425000e-08  1.08318866e+00  4.01425000e-08  1.94999211e+00  4.01425000e-08  4.24829558e-04 
 4.01435000e-08  1.03065759e+00  4.01435000e-08  1.94999210e+00  4.01435000e-08  4.13851696e-04 
 4.01445000e-08  9.78259004e-01  4.01445000e-08  1.94999226e+00  4.01445000e-08  3.98506387e-04 
 4.01455000e-08  9.25960007e-01  4.01455000e-08  1.94999225e+00  4.01455000e-08  3.88356040e-04 
 4.01465000e-08  8.73657364e-01  4.01465000e-08  1.94999240e+00  4.01465000e-08  3.73783026e-04 
 4.06135000e-08 -1.61738748e-04  4.06135000e-08  1.12304050e+00  4.06135000e-08 -6.81848182e-07 
 4.06145000e-08 -1.75659509e-04  4.06145000e-08  1.07900847e+00  4.06145000e-08 -3.07259900e-07 
 4.06155000e-08 -1.89543960e-04  4.06155000e-08  1.03453741e+00  4.06155000e-08  1.51761515e-06 
 4.06165000e-08 -2.07674142e-04  4.06165000e-08  9.89633689e-01  4.06165000e-08  2.47754535e-06 
 4.06175000e-08 -2.25321950e-04  4.06175000e-08  9.44310682e-01  4.06175000e-08  4.78298323e-06 
 4.06185000e-08 -2.39864910e-04  4.06185000e-08  8.98580275e-01  4.06185000e-08  5.92450745e-06 
 4.07275000e-08  9.43165703e-01  4.07275000e-08  1.27658973e-03  4.07275000e-08  1.63746791e-05 
 4.07285000e-08  9.80220356e-01  4.07285000e-08  1.24182610e-03  4.07285000e-08  1.64016471e-05 
 4.07295000e-08  1.01780084e+00  4.07295000e-08  1.21063421e-03  4.07295000e-08  1.77471236e-05 
 4.07305000e-08  1.05567574e+00  4.07305000e-08  1.17880263e-03  4.07305000e-08  1.75889674e-05 
 4.07315000e-08  1.09344967e+00  4.07315000e-08  1.15021350e-03  4.07315000e-08  1.87073276e-05 
 4.07325000e-08  1.13089044e+00  4.07325000e-08  1.12081654e-03  4.07325000e-08  1.83266591e-05 
 4.10045000e-08  1.94994615e+00  4.10045000e-08  8.33044128e-01  4.10045000e-08 -6.82943701e-05 
 4.10055000e-08  1.94994670e+00  4.10055000e-08  9.03495586e-01  4.10055000e-08 -1.05363549e-04 
 4.10065000e-08  1.94994732e+00  4.10065000e-08  9.73417203e-01  4.10065000e-08 -1.32166576e-04 
 4.10075000e-08  1.94994784e+00  4.10075000e-08  1.04268945e+00  4.10075000e-08 -1.50375401e-04 
 4.10085000e-08  1.94994843e+00  4.10085000e-08  1.11135915e+00  4.10085000e-08 -1.62994343e-04 
 4.10095000e-08  1.94994893e+00  4.10095000e-08  1.17957329e+00  4.10095000e-08 -1.83044929e-04 
 4.11245000e-08  1.94997408e+00  4.11245000e-08  1.94988485e+00  4.11245000e-08  8.92215164e-01 
 4.11255000e-08  1.94997464e+00  4.11255000e-08  1.94989020e+00  4.11255000e-08  9.52578371e-01 
 4.11265000e-08  1.94997533e+00  4.11265000e-08  1.94989996e+00  4.11265000e-08  1.01228308e+00 
 4.11275000e-08  1.94997612e+00  4.11275000e-08  1.94990397e+00  4.11275000e-08  1.07426522e+00 
 4.11285000e-08  1.94997723e+00  4.11285000e-08  1.94991187e+00  4.11285000e-08  1.14239221e+00 
 4.11295000e-08  1.94997892e+00  4.11295000e-08  1.94990424e+00  4.11295000e-08  1.21584759e+00 
 4.12635000e-08  1.13660266e+00  4.12635000e-08  1.94999158e+00  4.12635000e-08  1.94998830e+00 
 4.12645000e-08  1.08383132e+00  4.12645000e-08  1.94999189e+00  4.12645000e-08  1.94997839e+00 
 4.12655000e-08  1.03129762e+00  4.12655000e-08  1.94999177e+00  4.12655000e-08  1.94999127e+00 
 4.12665000e-08  9.78896862e-01  4.12665000e-08  1.94999207e+00  4.12665000e-08  1.94997664e+00 
 4.12675000e-08  9.26597048e-01  4.12675000e-08  1.94999195e+00  4.12675000e-08  1.94998515e+00 
 4.12685000e-08  8.74294032e-01  4.12685000e-08  1.94999224e+00  4.12685000e-08  1.94997683e+00 
 4.17355000e-08 -1.61180877e-04  4.17355000e-08  1.12345220e+00  4.17355000e-08  1.94995820e+00 
 4.17365000e-08 -1.75178223e-04  4.17365000e-08  1.07942571e+00  4.17365000e-08  1.94995842e+00 
 4.17375000e-08 -1.88993303e-04  4.17375000e-08  1.03495967e+00  4.17375000e-08  1.94996238e+00 
 4.17385000e-08 -2.06856020e-04  4.17385000e-08  9.90060768e-01  4.17385000e-08  1.94997003e+00 
 4.17395000e-08 -2.25491440e-04  4.17395000e-08  9.44741767e-01  4.17395000e-08  1.94998247e+00 
 4.17405000e-08 -2.38314163e-04  4.17405000e-08  8.99014831e-01  4.17405000e-08  1.94999901e+00 
 4.18495000e-08  9.41767612e-01  4.18495000e-08  1.20754309e-03  4.18495000e-08  1.94983092e+00 
 4.18505000e-08  9.78808761e-01  4.18505000e-08  1.16965868e-03  4.18505000e-08  1.94983704e+00 
 4.18515000e-08  1.01637184e+00  4.18515000e-08  1.14117355e-03  4.18515000e-08  1.94984498e+00 
 4.18525000e-08  1.05424274e+00  4.18525000e-08  1.11470181e-03  4.18525000e-08  1.94985140e+00 
 4.18535000e-08  1.09202778e+00  4.18535000e-08  1.09442116e-03  4.18535000e-08  1.94985678e+00 
 4.18545000e-08  1.12948359e+00  4.18545000e-08  1.06894669e-03  4.18545000e-08  1.94985757e+00 
 4.20000000e-08  1.94990503e+00  4.20000000e-08  5.60949510e-05  4.20000000e-08  1.94999581e+00 
