 time            v(b_out)        time            v(u_puf_u_core_sel_ro) time            v(q)           
 0.00000000e+00  4.68653885e-09  0.00000000e+00  2.46749735e-09  0.00000000e+00  2.46749746e-09 
 2.57850000e-09  9.42482495e-01  2.57850000e-09  2.98113972e-09  2.57850000e-09  2.46770349e-09 
 2.57950000e-09  9.78659103e-01  2.57950000e-09  2.95525188e-09  2.57950000e-09  2.46762832e-09 
 2.58050000e-09  1.01493805e+00  2.58050000e-09  2.86349533e-09  2.58050000e-09  2.46754328e-09 
 2.58150000e-09  1.05106422e+00  2.58150000e-09  2.85941315e-09  2.58150000e-09  2.46775211e-09 
 2.58250000e-09  1.08688687e+00  2.58250000e-09  2.99778891e-09  2.58250000e-09  2.46797027e-09 
 2.58350000e-09  1.12240504e+00  2.58350000e-09  3.09321724e-09  2.58350000e-09  2.46778248e-09 
 2.86650000e-09  1.94999995e+00  2.86650000e-09  8.19872320e-01  2.86650000e-09 -6.18510402e-05 
 2.86750000e-09  1.94999971e+00  2.86750000e-09  9.02393197e-01  2.86750000e-09 -1.12338473e-04 
 2.86850000e-09  1.94999998e+00  2.86850000e-09  9.83211202e-01  2.86850000e-09 -1.52422503e-04 
 2.86950000e-09  1.94999974e+00  2.86950000e-09  1.06223027e+00  2.86950000e-09 -1.76459563e-04 
 2.87050000e-09  1.95000000e+00  2.87050000e-09  1.13941873e+00  2.87050000e-09 -1.94030078e-04 
 2.87150000e-09  1.94999976e+00  2.87150000e-09  1.21494844e+00  2.87150000e-09 -2.13946736e-04 
 2.98550000e-09  1.95001073e+00  2.98550000e-09  1.94993817e+00  2.98550000e-09  8.49165730e-01 
 2.98650000e-09  1.95000836e+00  2.98650000e-09  1.94994358e+00  2.98650000e-09  9.10463639e-01 
 2.98750000e-09  1.95000524e+00  2.98750000e-09  1.94995056e+00  2.98750000e-09  9.70400303e-01 
 2.98850000e-09  1.95000195e+00  2.98850000e-09  1.94995647e+00  2.98850000e-09  1.03017924e+00 
 2.98950000e-09  1.94999871e+00  2.98950000e-09  1.94996358e+00  2.98950000e-09  1.09335347e+00 
 2.99050000e-09  1.94999615e+00  2.99050000e-09  1.94996159e+00  2.99050000e-09  1.16390114e+00 
 3.11450000e-09  1.14036080e+00  3.11450000e-09  1.94999947e+00  3.11450000e-09  1.94997793e+00 
 3.11550000e-09  1.08807126e+00  3.11550000e-09  1.94999973e+00  3.11550000e-09  1.94997876e+00 
 3.11650000e-09  1.03588629e+00  3.11650000e-09  1.94999952e+00  3.11650000e-09  1.94998035e+00 
 3.11750000e-09  9.83702549e-01  3.11750000e-09  1.94999976e+00  3.11750000e-09  1.94998109e+00 
 3.11850000e-09  9.31492335e-01  3.11850000e-09  1.94999955e+00  3.11850000e-09  1.94998256e+00 
 3.11950000e-09  8.79192066e-01  3.11950000e-09  1.94999980e+00  3.11950000e-09  1.94998319e+00 
 3.53950000e-09  1.60634622e-05  3.53950000e-09  1.14130507e+00  3.53950000e-09  1.94993802e+00 
 3.54050000e-09  1.57724825e-05  3.54050000e-09  1.08673582e+00  3.54050000e-09  1.94993463e+00 
 3.54150000e-09  1.57595380e-05  3.54150000e-09  1.03149921e+00  3.54150000e-09  1.94993625e+00 
 3.54250000e-09  1.60102171e-05  3.54250000e-09  9.75632451e-01  3.54250000e-09  1.94994349e+00 
 3.54350000e-09  1.63078244e-05  3.54350000e-09  9.19121803e-01  3.54350000e-09  1.94995788e+00 
 3.54450000e-09  1.65717471e-05  3.54450000e-09  8.62016481e-01  3.54450000e-09  1.94997882e+00 
 3.70050000e-09  9.45363625e-01  3.70050000e-09  1.85216197e-04  3.70050000e-09  1.94992679e+00 
 3.70150000e-09  9.82365602e-01  3.70150000e-09  1.80622231e-04  3.70150000e-09  1.94992981e+00 
 3.70250000e-09  1.01909238e+00  3.70250000e-09  1.76051252e-04  3.70250000e-09  1.94993104e+00 
 3.70350000e-09  1.05545175e+00  3.70350000e-09  1.71681419e-04  3.70350000e-09  1.94993392e+00 
 3.70450000e-09  1.09143320e+00  3.70450000e-09  1.67324667e-04  3.70450000e-09  1.94993503e+00 
 3.70550000e-09  1.12714345e+00  3.70550000e-09  1.63169699e-04  3.70550000e-09  1.94993777e+00 
 3.98750000e-09  1.94999997e+00  3.98750000e-09  8.46483315e-01  3.98750000e-09  1.95004154e+00 
 3.98850000e-09  1.94999998e+00  3.98850000e-09  9.28426374e-01  3.98850000e-09  1.94991107e+00 
 3.98950000e-09  1.94999996e+00  3.98950000e-09  1.00845467e+00  3.98950000e-09  1.94976899e+00 
 3.99050000e-09  1.94999998e+00  3.99050000e-09  1.08646705e+00  3.99050000e-09  1.94961159e+00 
 3.99150000e-09  1.94999997e+00  3.99150000e-09  1.16250479e+00  3.99150000e-09  1.94945953e+00 
 3.99250000e-09  1.94999999e+00  3.99250000e-09  1.23683557e+00  3.99250000e-09  1.94930746e+00 
 4.12050000e-09  1.94994750e+00  4.12050000e-09  1.94997862e+00  4.12050000e-09  1.18992088e+00 
 4.12150000e-09  1.94994776e+00  4.12150000e-09  1.95001061e+00  4.12150000e-09  1.13239015e+00 
 4.12250000e-09  1.94994837e+00  4.12250000e-09  1.95004233e+00  4.12250000e-09  1.07475041e+00 
 4.12350000e-09  1.94994934e+00  4.12350000e-09  1.95007035e+00  4.12350000e-09  1.01679587e+00 
 4.12450000e-09  1.94994251e+00  4.12450000e-09  1.95008998e+00  4.12450000e-09  9.58411052e-01 
 4.12550000e-09  1.94994016e+00  4.12550000e-09  1.95010508e+00  4.12550000e-09  8.99427352e-01 
 4.23650000e-09  1.14230127e+00  4.23650000e-09  1.95000000e+00  4.23650000e-09  5.83326181e-04 
 4.23750000e-09  1.09000750e+00  4.23750000e-09  1.95000019e+00  4.23750000e-09  5.78039737e-04 
 4.23850000e-09  1.03782184e+00  4.23850000e-09  1.94999999e+00  4.23850000e-09  5.47216904e-04 
 4.23950000e-09  9.85638697e-01  4.23950000e-09  1.95000018e+00  4.23950000e-09  5.42849103e-04 
 4.24050000e-09  9.33431663e-01  4.24050000e-09  1.94999999e+00  4.24050000e-09  5.13281397e-04 
 4.24150000e-09  8.81134732e-01  4.24150000e-09  1.95000018e+00  4.24150000e-09  5.09769359e-04 
 4.66150000e-09  1.60752593e-05  4.66150000e-09  1.14333895e+00  4.66150000e-09 -2.20821066e-06 
 4.66250000e-09  1.57717751e-05  4.66250000e-09  1.08879286e+00  4.66250000e-09 -2.13270102e-06 
 4.66350000e-09  1.57637501e-05  4.66350000e-09  1.03357762e+00  4.66350000e-09  7.47466426e-07 
 4.66450000e-09  1.60043377e-05  4.66450000e-09  9.77733855e-01  4.66450000e-09  2.06197129e-06 
 4.66550000e-09  1.63099273e-05  4.66550000e-09  9.21244458e-01  4.66550000e-09  5.37180661e-06 
 4.66650000e-09  1.65675717e-05  4.66650000e-09  8.64161708e-01  4.66650000e-09  7.23598029e-06 
 4.82250000e-09  9.44521611e-01  4.82250000e-09  2.14363377e-04  4.82250000e-09  5.24756482e-06 
 4.82350000e-09  9.81528995e-01  4.82350000e-09  2.08407873e-04  4.82350000e-09  5.33907662e-06 
 4.82450000e-09  1.01826315e+00  4.82450000e-09  2.03218818e-04  4.82450000e-09  4.93030879e-06 
 4.82550000e-09  1.05463124e+00  4.82550000e-09  1.97585306e-04  4.82550000e-09  5.02775213e-06 
 4.82650000e-09  1.09062029e+00  4.82650000e-09  1.92691125e-04  4.82650000e-09  4.63609456e-06 
 4.82750000e-09  1.12633489e+00  4.82750000e-09  1.87359744e-04  4.82750000e-09  4.73816215e-06 
 5.10950000e-09  1.94999992e+00  5.10950000e-09  8.42660061e-01  5.10950000e-09 -7.77269439e-05 
 5.11050000e-09  1.94999996e+00  5.11050000e-09  9.24731013e-01  5.11050000e-09 -1.25434755e-04 
 5.11150000e-09  1.94999992e+00  5.11150000e-09  1.00505641e+00  5.11150000e-09 -1.62885775e-04 
 5.11250000e-09  1.94999996e+00  5.11250000e-09  1.08356979e+00  5.11250000e-09 -1.84658442e-04 
 5.11350000e-09  1.94999992e+00  5.11350000e-09  1.16029245e+00  5.11350000e-09 -1.99796883e-04 
 5.11450000e-09  1.94999996e+00  5.11450000e-09  1.23539552e+00  5.11450000e-09 -2.24431852e-04 
 5.22850000e-09  1.95001249e+00  5.22850000e-09  1.94994464e+00  5.22850000e-09  8.77808212e-01 
 5.22950000e-09  1.95001089e+00  5.22950000e-09  1.94995136e+00  5.22950000e-09  9.38472442e-01 
 5.23050000e-09  1.95000850e+00  5.23050000e-09  1.94995684e+00  5.23050000e-09  9.98194285e-01 
 5.23150000e-09  1.95000546e+00  5.23150000e-09  1.94996187e+00  5.23150000e-09  1.05924337e+00 
 5.23250000e-09  1.95000211e+00  5.23250000e-09  1.94996888e+00  5.23250000e-09  1.12546097e+00 
 5.23350000e-09  1.94999890e+00  5.23350000e-09  1.94996134e+00  5.23350000e-09  1.19861699e+00 
 5.35850000e-09  1.14320803e+00  5.35850000e-09  1.94999960e+00  5.35850000e-09  1.94997149e+00 
 5.35950000e-09  1.09091113e+00  5.35950000e-09  1.94999967e+00  5.35950000e-09  1.94998941e+00 
 5.36050000e-09  1.03872405e+00  5.36050000e-09  1.94999964e+00  5.36050000e-09  1.94997390e+00 
 5.36150000e-09  9.86540153e-01  5.36150000e-09  1.94999971e+00  5.36150000e-09  1.94999126e+00 
 5.36250000e-09  9.34333660e-01  5.36250000e-09  1.94999968e+00  5.36250000e-09  1.94997611e+00 
 5.36350000e-09  8.82037464e-01  5.36350000e-09  1.94999974e+00  5.36350000e-09  1.94999285e+00 
 5.78350000e-09  1.60968850e-05  5.78350000e-09  1.14445313e+00  5.78350000e-09  1.94993827e+00 
 5.78450000e-09  1.57739300e-05  5.78450000e-09  1.08992325e+00  5.78450000e-09  1.94993474e+00 
 5.78550000e-09  1.57584088e-05  5.78550000e-09  1.03472297e+00  5.78550000e-09  1.94993598e+00 
 5.78650000e-09  1.59875833e-05  5.78650000e-09  9.78894579e-01  5.78650000e-09  1.94994291e+00 
 5.78750000e-09  1.62970444e-05  5.78750000e-09  9.22418721e-01  5.78750000e-09  1.94995687e+00 
 5.78850000e-09  1.65565907e-05  5.78850000e-09  8.65349110e-01  5.78850000e-09  1.94997755e+00 
 5.94450000e-09  9.43103122e-01  5.94450000e-09  1.85381800e-04  5.94450000e-09  1.94992678e+00 
 5.94550000e-09  9.80119539e-01  5.94550000e-09  1.80992581e-04  5.94550000e-09  1.94992958e+00 
 5.94650000e-09  1.01686601e+00  5.94650000e-09  1.76206584e-04  5.94650000e-09  1.94993104e+00 
 5.94750000e-09  1.05324883e+00  5.94750000e-09  1.72036458e-04  5.94750000e-09  1.94993370e+00 
 5.94850000e-09  1.08925078e+00  5.94850000e-09  1.67470243e-04  5.94850000e-09  1.94993503e+00 
 5.94950000e-09  1.12497299e+00  5.94950000e-09  1.63509999e-04  5.94950000e-09  1.94993756e+00 
 6.23150000e-09  1.94999985e+00  6.23150000e-09  8.41474790e-01  6.23150000e-09  1.95004981e+00 
 6.23250000e-09  1.94999993e+00  6.23250000e-09  9.23528880e-01  6.23250000e-09  1.94991901e+00 
 6.23350000e-09  1.94999984e+00  6.23350000e-09  1.00367528e+00  6.23350000e-09  1.94977799e+00 
 6.23450000e-09  1.94999994e+00  6.23450000e-09  1.08181191e+00  6.23450000e-09  1.94962123e+00 
 6.23550000e-09  1.94999987e+00  6.23550000e-09  1.15796132e+00  6.23550000e-09  1.94946755e+00 
 6.23650000e-09  1.94999996e+00  6.23650000e-09  1.23238785e+00  6.23650000e-09  1.94931773e+00 
 6.36450000e-09  1.94994751e+00  6.36450000e-09  1.94997673e+00  6.36450000e-09  1.19350856e+00 
 6.36550000e-09  1.94994775e+00  6.36550000e-09  1.95000851e+00  6.36550000e-09  1.13597835e+00 
 6.36650000e-09  1.94994784e+00  6.36650000e-09  1.95004049e+00  6.36650000e-09  1.07835394e+00 
 6.36750000e-09  1.94994967e+00  6.36750000e-09  1.95006907e+00  6.36750000e-09  1.02041938e+00 
 6.36850000e-09  1.94994274e+00  6.36850000e-09  1.95008882e+00  6.36850000e-09  9.62069127e-01 
 6.36950000e-09  1.94994022e+00  6.36950000e-09  1.95010440e+00  6.36950000e-09  9.03122530e-01 
 6.48050000e-09  1.14504506e+00  6.48050000e-09  1.95000001e+00  6.48050000e-09  5.84654932e-04 
 6.48150000e-09  1.09274500e+00  6.48150000e-09  1.95000018e+00  6.48150000e-09  5.79017336e-04 
 6.48250000e-09  1.04055666e+00  6.48250000e-09  1.95000000e+00  6.48250000e-09  5.48477934e-04 
 6.48350000e-09  9.88374032e-01  6.48350000e-09  1.95000018e+00  6.48350000e-09  5.43755995e-04 
 6.48450000e-09  9.36170023e-01  6.48450000e-09  1.95000000e+00  6.48450000e-09  5.14478615e-04 
 6.48550000e-09  8.83877673e-01  6.48550000e-09  1.95000017e+00  6.48550000e-09  5.10609618e-04 
 6.90550000e-09  1.61056131e-05  6.90550000e-09  1.14626684e+00  6.90550000e-09 -2.32511027e-06 
 6.90650000e-09  1.57732974e-05  6.90650000e-09  1.09175742e+00  6.90650000e-09 -2.13653211e-06 
 6.90750000e-09  1.57606216e-05  6.90750000e-09  1.03657602e+00  6.90750000e-09  4.95213615e-07 
 6.90850000e-09  1.59821830e-05  6.90850000e-09  9.80767996e-01  6.90850000e-09  1.89386744e-06 
 6.90950000e-09  1.62999355e-05  6.90950000e-09  9.24311012e-01  6.90950000e-09  5.13584011e-06 
 6.91050000e-09  1.65545712e-05  6.91050000e-09  8.67261501e-01  6.91050000e-09  7.15679037e-06 
 7.06650000e-09  9.42753296e-01  7.06650000e-09  2.14581550e-04  7.06650000e-09  5.21813175e-06 
 7.06750000e-09  9.79771908e-01  7.06750000e-09  2.08799611e-04  7.06750000e-09  5.38596412e-06 
 7.06850000e-09  1.01652139e+00  7.06850000e-09  2.03421936e-04  7.06850000e-09  4.90046169e-06 
 7.06950000e-09  1.05290783e+00  7.06950000e-09  1.97958334e-04  7.06950000e-09  5.07380001e-06 
 7.07050000e-09  1.08891297e+00  7.07050000e-09  1.92880167e-04  7.07050000e-09  4.60586803e-06 
 7.07150000e-09  1.12463711e+00  7.07150000e-09  1.87715151e-04  7.07150000e-09  4.78343068e-06 
 7.35350000e-09  1.94999983e+00  7.35350000e-09  8.38773147e-01  7.35350000e-09 -7.51044673e-05 
 7.35450000e-09  1.94999992e+00  7.35450000e-09  9.20922532e-01  7.35450000e-09 -1.23512147e-04 
 7.35550000e-09  1.94999981e+00  7.35550000e-09  1.00133088e+00  7.35550000e-09 -1.61425035e-04 
 7.35650000e-09  1.94999991e+00  7.35650000e-09  1.07993161e+00  7.35650000e-09 -1.83310912e-04 
 7.35750000e-09  1.94999983e+00  7.35750000e-09  1.15673341e+00  7.35750000e-09 -1.98995985e-04 
 7.35850000e-09  1.94999993e+00  7.35850000e-09  1.23189402e+00  7.35850000e-09 -2.22865165e-04 
 7.47250000e-09  1.95001255e+00  7.47250000e-09  1.94994455e+00  7.47250000e-09  8.74851316e-01 
 7.47350000e-09  1.95001098e+00  7.47350000e-09  1.94995089e+00  7.47350000e-09  9.35583008e-01 
 7.47450000e-09  1.95000864e+00  7.47450000e-09  1.94995672e+00  7.47450000e-09  9.95322430e-01 
 7.47550000e-09  1.95000560e+00  7.47550000e-09  1.94996161e+00  7.47550000e-09  1.05617958e+00 
 7.47650000e-09  1.95000228e+00  7.47650000e-09  1.94996885e+00  7.47650000e-09  1.12206553e+00 
 7.47750000e-09  1.94999903e+00  7.47750000e-09  1.94996131e+00  7.47750000e-09  1.19507538e+00 
 7.60250000e-09  1.14572182e+00  7.60250000e-09  1.94999963e+00  7.60250000e-09  1.94997194e+00 
 7.60350000e-09  1.09341988e+00  7.60350000e-09  1.94999962e+00  7.60350000e-09  1.94998867e+00 
 7.60450000e-09  1.04122979e+00  7.60450000e-09  1.94999967e+00  7.60450000e-09  1.94997440e+00 
 7.60550000e-09  9.89047719e-01  7.60550000e-09  1.94999967e+00  7.60550000e-09  1.94999059e+00 
 7.60650000e-09  9.36843745e-01  7.60650000e-09  1.94999972e+00  7.60650000e-09  1.94997096e+00 
 7.60750000e-09  8.84551900e-01  7.60750000e-09  1.94999971e+00  7.60750000e-09  1.94998187e+00 
 8.02750000e-09  1.61204707e-05  8.02750000e-09  1.14696608e+00  8.02750000e-09  1.94993848e+00 
 8.02850000e-09  1.57765066e-05  8.02850000e-09  1.09246766e+00  8.02850000e-09  1.94993483e+00 
 8.02950000e-09  1.57606128e-05  8.02950000e-09  1.03729643e+00  8.02950000e-09  1.94993578e+00 
 8.03050000e-09  1.59749494e-05  8.03050000e-09  9.81498724e-01  8.03050000e-09  1.94994246e+00 
 8.03150000e-09  1.62927625e-05  8.03150000e-09  9.25050734e-01  8.03150000e-09  1.94995605e+00 
 8.03250000e-09  1.65479768e-05  8.03250000e-09  8.68009711e-01  8.03250000e-09  1.94997644e+00 
 8.18850000e-09  9.42114183e-01  8.18850000e-09  1.85506412e-04  8.18850000e-09  1.94992672e+00 
 8.18950000e-09  9.79139389e-01  8.18950000e-09  1.81298169e-04  8.18950000e-09  1.94992943e+00 
 8.19050000e-09  1.01589621e+00  8.19050000e-09  1.76323029e-04  8.19050000e-09  1.94993099e+00 
 8.19150000e-09  1.05228846e+00  8.19150000e-09  1.72329837e-04  8.19150000e-09  1.94993355e+00 
 8.19250000e-09  1.08829902e+00  8.19250000e-09  1.67578835e-04  8.19250000e-09  1.94993499e+00 
 8.19350000e-09  1.12402635e+00  8.19350000e-09  1.63791477e-04  8.19350000e-09  1.94993742e+00 
 8.47550000e-09  1.94999979e+00  8.47550000e-09  8.39302871e-01  8.47550000e-09  1.95005337e+00 
 8.47650000e-09  1.94999990e+00  8.47650000e-09  9.21404783e-01  8.47650000e-09  1.94992242e+00 
 8.47750000e-09  1.94999979e+00  8.47750000e-09  1.00160220e+00  8.47750000e-09  1.94978191e+00 
 8.47850000e-09  1.94999992e+00  8.47850000e-09  1.07979269e+00  8.47850000e-09  1.94962539e+00 
 8.47950000e-09  1.94999982e+00  8.47950000e-09  1.15599077e+00  8.47950000e-09  1.94947104e+00 
 8.48050000e-09  1.94999994e+00  8.48050000e-09  1.23045913e+00  8.48050000e-09  1.94932214e+00 
 8.60850000e-09  1.94994751e+00  8.60850000e-09  1.94997610e+00  8.60850000e-09  1.19480653e+00 
 8.60950000e-09  1.94994774e+00  8.60950000e-09  1.95000762e+00  8.60950000e-09  1.13727683e+00 
 8.61050000e-09  1.94994765e+00  8.61050000e-09  1.95003985e+00  8.61050000e-09  1.07965833e+00 
 8.61150000e-09  1.94994992e+00  8.61150000e-09  1.95006845e+00  8.61150000e-09  1.02173144e+00 
 8.61250000e-09  1.94994289e+00  8.61250000e-09  1.95008848e+00  8.61250000e-09  9.63394156e-01 
 8.61350000e-09  1.94994026e+00  8.61350000e-09  1.95010409e+00  8.61350000e-09  9.04461305e-01 
 8.72450000e-09  1.14655256e+00  8.72450000e-09  1.95000003e+00  8.72450000e-09  5.85724879e-04 
 8.72550000e-09  1.09424986e+00  8.72550000e-09  1.95000016e+00  8.72550000e-09  5.78791035e-04 
 8.72650000e-09  1.04205904e+00  8.72650000e-09  1.95000002e+00  8.72650000e-09  5.49512591e-04 
 8.72750000e-09  9.89877415e-01  8.72750000e-09  1.95000015e+00  8.72750000e-09  5.43514597e-04 
 8.72850000e-09  9.37674176e-01  8.72850000e-09  1.95000002e+00  8.72850000e-09  5.15479547e-04 
 8.72950000e-09  8.85385037e-01  8.72950000e-09  1.95000015e+00  8.72950000e-09  5.10354447e-04 
 9.14950000e-09  1.61327102e-05  9.14950000e-09  1.14774847e+00  9.14950000e-09 -2.39726732e-06 
 9.15050000e-09  1.57783071e-05  9.15050000e-09  1.09325759e+00  9.15050000e-09 -2.12725911e-06 
 9.15150000e-09  1.57594330e-05  9.15150000e-09  1.03809329e+00  9.15150000e-09  4.39998228e-07 
 9.15250000e-09  1.59670705e-05  9.15250000e-09  9.82303326e-01  9.15250000e-09  1.92446685e-06 
 9.15350000e-09  1.62874070e-05  9.15350000e-09  9.25862760e-01  9.15350000e-09  5.03428351e-06 
 9.15450000e-09  1.65425018e-05  9.15450000e-09  8.68830092e-01  9.15450000e-09  7.13348419e-06 
 9.31050000e-09  9.41233317e-01  9.31050000e-09  2.14701546e-04  9.31050000e-09  5.20448274e-06 
 9.31150000e-09  9.78261571e-01  9.31150000e-09  2.09010012e-04  9.31150000e-09  5.40819835e-06 
 9.31250000e-09  1.01502415e+00  9.31250000e-09  2.03533745e-04  9.31250000e-09  4.88656553e-06 
 9.31350000e-09  1.05143468e+00  9.31350000e-09  1.98158698e-04  9.31350000e-09  5.09560353e-06 
 9.31450000e-09  1.08746185e+00  9.31450000e-09  1.92984354e-04  9.31450000e-09  4.59179525e-06 
 9.31550000e-09  1.12319414e+00  9.31550000e-09  1.87906062e-04  9.31550000e-09  4.80496740e-06 
 9.59750000e-09  1.94999975e+00  9.59750000e-09  8.35550055e-01  9.59750000e-09 -7.29369867e-05 
 9.59850000e-09  1.94999988e+00  9.59850000e-09  9.17764078e-01  9.59850000e-09 -1.21891008e-04 
 9.59950000e-09  1.94999974e+00  9.59950000e-09  9.98245815e-01  9.59950000e-09 -1.59705376e-04 
 9.60050000e-09  1.94999990e+00  9.60050000e-09  1.07692364e+00  9.60050000e-09 -1.81601141e-04 
 9.60150000e-09  1.94999978e+00  9.60150000e-09  1.15379100e+00  9.60150000e-09 -1.98218331e-04 
 9.60250000e-09  1.94999993e+00  9.60250000e-09  1.22901440e+00  9.60250000e-09 -2.21778434e-04 
 9.71650000e-09  1.95001259e+00  9.71650000e-09  1.94994448e+00  9.71650000e-09  8.72450315e-01 
 9.71750000e-09  1.95001103e+00  9.71750000e-09  1.94995051e+00  9.71750000e-09  9.33237024e-01 
 9.71850000e-09  1.95000874e+00  9.71850000e-09  1.94995662e+00  9.71850000e-09  9.92992795e-01 
 9.71950000e-09  1.95000570e+00  9.71950000e-09  1.94996139e+00  9.71950000e-09  1.05370876e+00 
 9.72050000e-09  1.95000241e+00  9.72050000e-09  1.94996881e+00  9.72050000e-09  1.11932432e+00 
 9.72150000e-09  1.94999912e+00  9.72150000e-09  1.94996131e+00  9.72150000e-09  1.19219779e+00 
 9.84650000e-09  1.14744863e+00  9.84650000e-09  1.94999966e+00  9.84650000e-09  1.94997237e+00 
 9.84750000e-09  1.09514323e+00  9.84750000e-09  1.94999960e+00  9.84750000e-09  1.94998809e+00 
 9.84850000e-09  1.04294991e+00  9.84850000e-09  1.94999971e+00  9.84850000e-09  1.94997487e+00 
 9.84950000e-09  9.90768229e-01  9.84950000e-09  1.94999964e+00  9.84950000e-09  1.94998994e+00 
 9.85050000e-09  9.38564693e-01  9.85050000e-09  1.94999974e+00  9.85050000e-09  1.94997142e+00 
 9.85150000e-09  8.86276456e-01  9.85150000e-09  1.94999968e+00  9.85150000e-09  1.94998149e+00 
 1.02715000e-08  1.61579256e-05  1.02715000e-08  1.14878001e+00  1.02715000e-08  1.94993863e+00 
 1.02725000e-08  1.57833688e-05  1.02725000e-08  1.09430429e+00  1.02725000e-08  1.94993491e+00 
 1.02735000e-08  1.57543536e-05  1.02735000e-08  1.03915403e+00  1.02735000e-08  1.94993564e+00 
 1.02745000e-08  1.59499119e-05  1.02745000e-08  9.83378471e-01  1.02745000e-08  1.94994215e+00 
 1.02755000e-08  1.62724590e-05  1.02755000e-08  9.26950616e-01  1.02755000e-08  1.94995546e+00 
 1.02765000e-08  1.65302624e-05  1.02765000e-08  8.69930247e-01  1.02765000e-08  1.94997566e+00 
 1.04325000e-08  9.39548805e-01  1.04325000e-08  1.85609348e-04  1.04325000e-08  1.94992669e+00 
 1.04335000e-08  9.76587272e-01  1.04335000e-08  1.81530095e-04  1.04335000e-08  1.94992932e+00 
 1.04345000e-08  1.01336400e+00  1.04345000e-08  1.76419379e-04  1.04345000e-08  1.94993095e+00 
 1.04355000e-08  1.04979200e+00  1.04355000e-08  1.72552035e-04  1.04355000e-08  1.94993345e+00 
 1.04365000e-08  1.08583492e+00  1.04365000e-08  1.67669079e-04  1.04365000e-08  1.94993496e+00 
 1.04375000e-08  1.12157701e+00  1.04375000e-08  1.64004736e-04  1.04375000e-08  1.94993732e+00 
 1.07195000e-08  1.94999962e+00  1.07195000e-08  8.33918141e-01  1.07195000e-08  1.95006202e+00 
 1.07205000e-08  1.94999982e+00  1.07205000e-08  9.16137726e-01  1.07205000e-08  1.94993080e+00 
 1.07215000e-08  1.94999964e+00  1.07215000e-08  9.96460902e-01  1.07215000e-08  1.94979160e+00 
 1.07225000e-08  1.94999985e+00  1.07225000e-08  1.07478492e+00  1.07225000e-08  1.94963566e+00 
 1.07235000e-08  1.94999967e+00  1.07235000e-08  1.15110416e+00  1.07235000e-08  1.94947968e+00 
 1.07245000e-08  1.94999989e+00  1.07245000e-08  1.22567715e+00  1.07245000e-08  1.94933304e+00 
 1.08525000e-08  1.94994752e+00  1.08525000e-08  1.94997441e+00  1.08525000e-08  1.19858737e+00 
 1.08535000e-08  1.94994771e+00  1.08535000e-08  1.95000501e+00  1.08535000e-08  1.14105789e+00 
 1.08545000e-08  1.94994712e+00  1.08545000e-08  1.95003809e+00  1.08545000e-08  1.08345449e+00 
 1.08555000e-08  1.94995056e+00  1.08555000e-08  1.95006658e+00  1.08555000e-08  1.02554832e+00 
 1.08565000e-08  1.94994331e+00  1.08565000e-08  1.95008754e+00  1.08565000e-08  9.67246515e-01 
 1.08575000e-08  1.94994039e+00  1.08575000e-08  1.95010307e+00  1.08575000e-08  9.08351973e-01 
 1.09685000e-08  1.15025840e+00  1.09685000e-08  1.95000010e+00  1.09685000e-08  5.88473505e-04 
 1.09695000e-08  1.09794902e+00  1.09695000e-08  1.95000008e+00  1.09695000e-08  5.78527067e-04 
 1.09705000e-08  1.04575194e+00  1.09705000e-08  1.95000010e+00  1.09705000e-08  5.52164583e-04 
 1.09715000e-08  9.93572211e-01  1.09715000e-08  1.95000008e+00  1.09715000e-08  5.43198666e-04 
 1.09725000e-08  9.41371289e-01  1.09725000e-08  1.95000009e+00  1.09725000e-08  5.18039446e-04 
 1.09735000e-08  8.89089662e-01  1.09735000e-08  1.95000008e+00  1.09735000e-08  5.09990584e-04 
 1.13935000e-08  1.61815519e-05  1.13935000e-08  1.15159713e+00  1.13935000e-08 -2.57922491e-06 
 1.13945000e-08  1.57873878e-05  1.13945000e-08  1.09715443e+00  1.13945000e-08 -2.09741160e-06 
 1.13955000e-08  1.57557066e-05  1.13955000e-08  1.04203463e+00  1.13955000e-08  1.54234444e-07 
 1.13965000e-08  1.59373641e-05  1.13965000e-08  9.86291695e-01  1.13965000e-08  1.82028238e-06 
 1.13975000e-08  1.62661261e-05  1.13975000e-08  9.29893864e-01  1.13975000e-08  4.71277445e-06 
 1.13985000e-08  1.65209485e-05  1.13985000e-08  8.72905047e-01  1.13985000e-08  7.05195477e-06 
 1.15545000e-08  9.38260581e-01  1.15545000e-08  2.14977389e-04  1.15545000e-08  5.17327216e-06 
 1.15555000e-08  9.75308644e-01  1.15555000e-08  2.09517020e-04  1.15555000e-08  5.46205604e-06 
 1.15565000e-08  1.01209775e+00  1.15565000e-08  2.03790192e-04  1.15565000e-08  4.85473895e-06 
 1.15575000e-08  1.04853815e+00  1.15575000e-08  1.98641514e-04  1.15575000e-08  5.14856364e-06 
 1.15585000e-08  1.08459890e+00  1.15585000e-08  1.93222750e-04  1.15585000e-08  4.55925912e-06 
 1.15595000e-08  1.12035412e+00  1.15595000e-08  1.88366705e-04  1.15595000e-08  4.85704780e-06 
 1.18415000e-08  1.94999976e+00  1.18415000e-08  8.29026672e-01  1.18415000e-08 -6.86139225e-05 
 1.18425000e-08  1.95000002e+00  1.18425000e-08  9.11367834e-01  1.18425000e-08 -1.18550326e-04 
 1.18435000e-08  1.94999977e+00  1.18435000e-08  9.91986919e-01  1.18435000e-08 -1.57619730e-04 
 1.18445000e-08  1.95000003e+00  1.18445000e-08  1.07080855e+00  1.18445000e-08 -1.79827515e-04 
 1.18455000e-08  1.94999979e+00  1.18455000e-08  1.14781029e+00  1.18455000e-08 -1.97073469e-04 
 1.18465000e-08  1.95000005e+00  1.18465000e-08  1.22317546e+00  1.18465000e-08 -2.19653834e-04 
 1.19605000e-08  1.95001265e+00  1.19605000e-08  1.94994420e+00  1.19605000e-08  8.67636726e-01 
 1.19615000e-08  1.95001116e+00  1.19615000e-08  1.94994983e+00  1.19615000e-08  9.28537553e-01 
 1.19625000e-08  1.95000896e+00  1.19625000e-08  1.94995627e+00  1.19625000e-08  9.88334428e-01 
 1.19635000e-08  1.95000593e+00  1.19635000e-08  1.94996099e+00  1.19635000e-08  1.04880554e+00 
 1.19645000e-08  1.95000269e+00  1.19645000e-08  1.94996855e+00  1.19645000e-08  1.11388848e+00 
 1.19655000e-08  1.94999933e+00  1.19655000e-08  1.94996149e+00  1.19655000e-08  1.18644056e+00 
 1.20905000e-08  1.15172949e+00  1.20905000e-08  1.94999971e+00  1.20905000e-08  1.94997319e+00 
 1.20915000e-08  1.09941616e+00  1.20915000e-08  1.94999956e+00  1.20915000e-08  1.94998656e+00 
 1.20925000e-08  1.04721538e+00  1.20925000e-08  1.94999976e+00  1.20925000e-08  1.94997563e+00 
 1.20935000e-08  9.95035031e-01  1.20935000e-08  1.94999960e+00  1.20935000e-08  1.94998840e+00 
 1.20945000e-08  9.42834339e-01  1.20945000e-08  1.94999978e+00  1.20945000e-08  1.94997230e+00 
 1.20955000e-08  8.90554554e-01  1.20955000e-08  1.94999964e+00  1.20955000e-08  1.94998035e+00 
 1.25155000e-08  1.62058425e-05  1.25155000e-08  1.15314190e+00  1.25155000e-08  1.94993902e+00 
 1.25165000e-08  1.57941095e-05  1.25165000e-08  1.09872034e+00  1.25165000e-08  1.94993511e+00 
 1.25175000e-08  1.57530001e-05  1.25175000e-08  1.04362100e+00  1.25175000e-08  1.94993535e+00 
 1.25185000e-08  1.59235230e-05  1.25185000e-08  9.87898379e-01  1.25185000e-08  1.94994142e+00 
 1.25195000e-08  1.62536113e-05  1.25195000e-08  9.31519469e-01  1.25195000e-08  1.94995409e+00 
 1.25205000e-08  1.65103567e-05  1.25205000e-08  8.74548544e-01  1.25205000e-08  1.94997379e+00 
 1.26765000e-08  9.36753998e-01  1.26765000e-08  1.85820209e-04  1.26765000e-08  1.94992660e+00 
 1.26775000e-08  9.73810553e-01  1.26775000e-08  1.82044374e-04  1.26775000e-08  1.94992907e+00 
 1.26785000e-08  1.01061200e+00  1.26785000e-08  1.76616575e-04  1.26785000e-08  1.94993088e+00 
 1.26795000e-08  1.04706782e+00  1.26795000e-08  1.73045584e-04  1.26795000e-08  1.94993320e+00 
 1.26805000e-08  1.08314318e+00  1.26805000e-08  1.67852987e-04  1.26805000e-08  1.94993489e+00 
 1.26815000e-08  1.11890770e+00  1.26815000e-08  1.64478870e-04  1.26815000e-08  1.94993709e+00 
 1.29635000e-08  1.94999962e+00  1.29635000e-08  8.27664657e-01  1.29635000e-08  1.95007173e+00 
 1.29645000e-08  1.94999992e+00  1.29645000e-08  9.10014483e-01  1.29645000e-08  1.94994043e+00 
 1.29655000e-08  1.94999963e+00  1.29655000e-08  9.90484467e-01  1.29655000e-08  1.94980280e+00 
 1.29665000e-08  1.94999995e+00  1.29665000e-08  1.06895973e+00  1.29665000e-08  1.94964755e+00 
 1.29675000e-08  1.94999966e+00  1.29675000e-08  1.14542304e+00  1.29675000e-08  1.94949002e+00 
 1.29685000e-08  1.94999997e+00  1.29685000e-08  1.22013609e+00  1.29685000e-08  1.94934533e+00 
 1.30975000e-08  1.94994768e+00  1.30975000e-08  1.95000220e+00  1.30975000e-08  1.14544696e+00 
 1.30985000e-08  1.94994697e+00  1.30985000e-08  1.95003573e+00  1.30985000e-08  1.08785983e+00 
 1.30995000e-08  1.94995108e+00  1.30995000e-08  1.95006444e+00  1.30995000e-08  1.02997713e+00 
 1.31005000e-08  1.94994375e+00  1.31005000e-08  1.95008626e+00  1.31005000e-08  9.71715224e-01 
 1.31015000e-08  1.94994050e+00  1.31015000e-08  1.95010210e+00  1.31015000e-08  9.12863994e-01 
 1.31025000e-08  1.94993978e+00  1.31025000e-08  1.95011139e+00  1.31025000e-08  8.53395245e-01 
 1.32125000e-08  1.15391964e+00  1.32125000e-08  1.95000003e+00  1.32125000e-08  5.91114344e-04 
 1.32135000e-08  1.10160249e+00  1.32135000e-08  1.94999988e+00  1.32135000e-08  5.78741820e-04 
 1.32145000e-08  1.04939808e+00  1.32145000e-08  1.94999998e+00  1.32145000e-08  5.54706975e-04 
 1.32155000e-08  9.97218577e-01  1.32155000e-08  1.94999985e+00  1.32155000e-08  5.43344989e-04 
 1.32165000e-08  9.45019835e-01  1.32165000e-08  1.94999995e+00  1.32165000e-08  5.20487012e-04 
 1.32175000e-08  8.92744348e-01  1.32175000e-08  1.94999982e+00  1.32175000e-08  5.10073725e-04 
 1.36375000e-08  1.62275967e-05  1.36375000e-08  1.15537257e+00  1.36375000e-08 -2.75160917e-06 
 1.36385000e-08  1.57996322e-05  1.36385000e-08  1.10097466e+00  1.36385000e-08 -2.06226565e-06 
 1.36395000e-08  1.57526197e-05  1.36395000e-08  1.04590113e+00  1.36395000e-08 -1.21097594e-07 
 1.36405000e-08  1.59119159e-05  1.36405000e-08  9.90202159e-01  1.36405000e-08  1.74775653e-06 
 1.36415000e-08  1.62448297e-05  1.36415000e-08  9.33848674e-01  1.36415000e-08  4.42010111e-06 
 1.36425000e-08  1.65010840e-05  1.36425000e-08  8.76901011e-01  1.36425000e-08  6.98953875e-06 
 1.37985000e-08  9.35188683e-01  1.37985000e-08  2.15268558e-04  1.37985000e-08  5.14842035e-06 
 1.37995000e-08  9.72253936e-01  1.37995000e-08  2.10018352e-04  1.37995000e-08  5.51043222e-06 
 1.38005000e-08  1.00906805e+00  1.38005000e-08  2.04061867e-04  1.38005000e-08  4.82923676e-06 
 1.38015000e-08  1.04553985e+00  1.38015000e-08  1.99118218e-04  1.38015000e-08  5.19589571e-06 
 1.38025000e-08  1.08163053e+00  1.38025000e-08  1.93476272e-04  1.38025000e-08  4.53318356e-06 
 1.38035000e-08  1.11740506e+00  1.38035000e-08  1.88820240e-04  1.38035000e-08  4.90339021e-06 
 1.40855000e-08  1.94999935e+00  1.40855000e-08  8.22243835e-01  1.40855000e-08 -6.41055429e-05 
 1.40865000e-08  1.94999970e+00  1.40865000e-08  9.04715917e-01  1.40865000e-08 -1.14932933e-04 
 1.40875000e-08  1.94999936e+00  1.40875000e-08  9.85482914e-01  1.40875000e-08 -1.55035337e-04 
 1.40885000e-08  1.94999976e+00  1.40885000e-08  1.06445511e+00  1.40885000e-08 -1.78375564e-04 
 1.40895000e-08  1.94999943e+00  1.40895000e-08  1.14160076e+00  1.40895000e-08 -1.96217918e-04 
 1.40905000e-08  1.94999982e+00  1.40905000e-08  1.21709505e+00  1.40905000e-08 -2.16840306e-04 
 1.42045000e-08  1.95001270e+00  1.42045000e-08  1.94994384e+00  1.42045000e-08  8.62546390e-01 
 1.42055000e-08  1.95001126e+00  1.42055000e-08  1.94994931e+00  1.42055000e-08  9.23573171e-01 
 1.42065000e-08  1.95000917e+00  1.42065000e-08  1.94995582e+00  1.42065000e-08  9.83424243e-01 
 1.42075000e-08  1.95000615e+00  1.42075000e-08  1.94996071e+00  1.42075000e-08  1.04368499e+00 
 1.42085000e-08  1.95000297e+00  1.42085000e-08  1.94996812e+00  1.42085000e-08  1.10823006e+00 
 1.42095000e-08  1.94999953e+00  1.42095000e-08  1.94996199e+00  1.42095000e-08  1.18036873e+00 
 1.43345000e-08  1.15582579e+00  1.43345000e-08  1.94999973e+00  1.43345000e-08  1.94997441e+00 
 1.43355000e-08  1.10350467e+00  1.43355000e-08  1.94999954e+00  1.43355000e-08  1.94998501e+00 
 1.43365000e-08  1.05129647e+00  1.43365000e-08  1.94999978e+00  1.43365000e-08  1.94997683e+00 
 1.43375000e-08  9.99117128e-01  1.43375000e-08  1.94999951e+00  1.43375000e-08  1.94998690e+00 
 1.43385000e-08  9.46919569e-01  1.43385000e-08  1.94999967e+00  1.43385000e-08  1.94997886e+00 
 1.43395000e-08  8.94647375e-01  1.43395000e-08  1.94999951e+00  1.43395000e-08  1.94998866e+00 
 1.47595000e-08  1.62510739e-05  1.47595000e-08  1.15731844e+00  1.47595000e-08  1.94993940e+00 
 1.47605000e-08  1.58065004e-05  1.47605000e-08  1.10294540e+00  1.47605000e-08  1.94993533e+00 
 1.47615000e-08  1.57516536e-05  1.47615000e-08  1.04789842e+00  1.47615000e-08  1.94993510e+00 
 1.47625000e-08  1.58995426e-05  1.47625000e-08  9.92223606e-01  1.47625000e-08  1.94994076e+00 
 1.47635000e-08  1.62341371e-05  1.47635000e-08  9.35894870e-01  1.47635000e-08  1.94995282e+00 
 1.47645000e-08  1.64907878e-05  1.47645000e-08  8.78968796e-01  1.47645000e-08  1.94997207e+00 
 1.49205000e-08  9.33934604e-01  1.49205000e-08  1.86044737e-04  1.49205000e-08  1.94992652e+00 
 1.49215000e-08  9.71006676e-01  1.49215000e-08  1.82539050e-04  1.49215000e-08  1.94992881e+00 
 1.49225000e-08  1.00783078e+00  1.49225000e-08  1.76827617e-04  1.49225000e-08  1.94993081e+00 
 1.49235000e-08  1.04431532e+00  1.49235000e-08  1.73519447e-04  1.49235000e-08  1.94993296e+00 
 1.49245000e-08  1.08041835e+00  1.49245000e-08  1.68051135e-04  1.49245000e-08  1.94993483e+00 
 1.49255000e-08  1.11620112e+00  1.49255000e-08  1.64932173e-04  1.49255000e-08  1.94993686e+00 
 1.52075000e-08  1.94999929e+00  1.52075000e-08  8.21342593e-01  1.52075000e-08  1.95008123e+00 
 1.52085000e-08  1.94999976e+00  1.52085000e-08  9.03831683e-01  1.52085000e-08  1.94995001e+00 
 1.52095000e-08  1.94999937e+00  1.52095000e-08  9.84455142e-01  1.52095000e-08  1.94981399e+00 
 1.52105000e-08  1.94999982e+00  1.52105000e-08  1.06308405e+00  1.52105000e-08  1.94965963e+00 
 1.52115000e-08  1.94999938e+00  1.52115000e-08  1.13968424e+00  1.52115000e-08  1.94950166e+00 
 1.52125000e-08  1.94999976e+00  1.52125000e-08  1.21450842e+00  1.52125000e-08  1.94935747e+00 
 1.53415000e-08  1.94994770e+00  1.53415000e-08  1.94999935e+00  1.53415000e-08  1.14979161e+00 
 1.53425000e-08  1.94994719e+00  1.53425000e-08  1.95003343e+00  1.53425000e-08  1.09221814e+00 
 1.53435000e-08  1.94995101e+00  1.53435000e-08  1.95006260e+00  1.53435000e-08  1.03435677e+00 
 1.53445000e-08  1.94994404e+00  1.53445000e-08  1.95008509e+00  1.53445000e-08  9.76131022e-01 
 1.53455000e-08  1.94994052e+00  1.53455000e-08  1.95010128e+00  1.53455000e-08  9.17320781e-01 
 1.53465000e-08  1.94993975e+00  1.53465000e-08  1.95011109e+00  1.53465000e-08  8.57902048e-01 
 1.54565000e-08  1.15792298e+00  1.54565000e-08  1.94999991e+00  1.54565000e-08  5.93212558e-04 
 1.54575000e-08  1.10559783e+00  1.54575000e-08  1.94999968e+00  1.54575000e-08  5.79365076e-04 
 1.54585000e-08  1.05338572e+00  1.54585000e-08  1.94999985e+00  1.54585000e-08  5.56714789e-04 
 1.54595000e-08  1.00120679e+00  1.54595000e-08  1.94999963e+00  1.54595000e-08  5.43893806e-04 
 1.54605000e-08  9.49010738e-01  1.54605000e-08  1.94999980e+00  1.54605000e-08  5.22409531e-04 
 1.54615000e-08  8.96742397e-01  1.54615000e-08  1.94999964e+00  1.54615000e-08  5.10549685e-04 
 1.58815000e-08  1.62753491e-05  1.58815000e-08  1.15953538e+00  1.58815000e-08 -2.90252994e-06 
 1.58825000e-08  1.58137877e-05  1.58825000e-08  1.10518588e+00  1.58825000e-08 -2.05810246e-06 
 1.58835000e-08  1.57514177e-05  1.58835000e-08  1.05016455e+00  1.58835000e-08 -3.86081387e-07 
 1.58845000e-08  1.58872199e-05  1.58845000e-08  9.94513256e-01  1.58845000e-08  1.66837074e-06 
 1.58855000e-08  1.62236862e-05  1.58855000e-08  9.38209803e-01  1.58855000e-08  4.13546235e-06 
 1.58865000e-08  1.64800833e-05  1.58865000e-08  8.81306888e-01  1.58865000e-08  6.88885805e-06 
 1.60425000e-08  9.32100779e-01  1.60425000e-08  2.15605340e-04  1.60425000e-08  5.10615856e-06 
 1.60435000e-08  9.69181217e-01  1.60435000e-08  2.10568278e-04  1.60435000e-08  5.57823823e-06 
 1.60445000e-08  1.00601882e+00  1.60445000e-08  2.04376819e-04  1.60445000e-08  4.78649197e-06 
 1.60455000e-08  1.04252243e+00  1.60455000e-08  1.99640641e-04  1.60455000e-08  5.26228613e-06 
 1.60465000e-08  1.07864393e+00  1.60465000e-08  1.93770958e-04  1.60465000e-08  4.49008938e-06 
 1.60475000e-08  1.11443931e+00  1.60475000e-08  1.89316271e-04  1.60475000e-08  4.96844942e-06 
 1.63295000e-08  1.94999922e+00  1.63295000e-08  8.15494103e-01  1.63295000e-08 -5.97018806e-05 
 1.63305000e-08  1.94999964e+00  1.63305000e-08  8.98093410e-01  1.63305000e-08 -1.11262785e-04 
 1.63315000e-08  1.94999923e+00  1.63315000e-08  9.79004358e-01  1.63315000e-08 -1.52235470e-04 
 1.63325000e-08  1.94999971e+00  1.63325000e-08  1.05812478e+00  1.63325000e-08 -1.77006533e-04 
 1.63335000e-08  1.94999931e+00  1.63335000e-08  1.13541354e+00  1.63335000e-08 -1.95329247e-04 
 1.63345000e-08  1.94999978e+00  1.63345000e-08  1.21103637e+00  1.63345000e-08 -2.14070167e-04 
 1.64485000e-08  1.95001273e+00  1.64485000e-08  1.94994349e+00  1.64485000e-08  8.57543879e-01 
 1.64495000e-08  1.95001139e+00  1.64495000e-08  1.94994880e+00  1.64495000e-08  9.18697665e-01 
 1.64505000e-08  1.95000939e+00  1.64505000e-08  1.94995536e+00  1.64505000e-08  9.78610309e-01 
 1.64515000e-08  1.95000640e+00  1.64515000e-08  1.94996041e+00  1.64515000e-08  1.03870509e+00 
 1.64525000e-08  1.95000327e+00  1.64525000e-08  1.94996761e+00  1.64525000e-08  1.10275575e+00 
 1.64535000e-08  1.94999976e+00  1.64535000e-08  1.94996263e+00  1.64535000e-08  1.17441355e+00 
 1.65515000e-08  2.05287081e+00  1.65515000e-08  1.94999817e+00  1.65515000e-08  1.94989193e+00 
 1.65785000e-08  1.16038730e+00  1.65785000e-08  1.94999972e+00  1.65785000e-08  1.94997581e+00 
 1.65795000e-08  1.10805737e+00  1.65795000e-08  1.94999954e+00  1.65795000e-08  1.94998331e+00 
 1.65805000e-08  1.05584055e+00  1.65805000e-08  1.94999977e+00  1.65805000e-08  1.94997820e+00 
 1.65815000e-08  1.00366199e+00  1.65815000e-08  1.94999951e+00  1.65815000e-08  1.94998526e+00 
 1.65825000e-08  9.51467612e-01  1.65825000e-08  1.94999967e+00  1.65825000e-08  1.94998021e+00 
 1.65835000e-08  8.99203758e-01  1.65835000e-08  1.94999950e+00  1.65835000e-08  1.94998702e+00 
 1.70035000e-08  1.62984387e-05  1.70035000e-08  1.16211491e+00  1.70035000e-08  1.94993986e+00 
 1.70045000e-08  1.58191457e-05  1.70045000e-08  1.10779769e+00  1.70045000e-08  1.94993561e+00 
 1.70055000e-08  1.57494286e-05  1.70055000e-08  1.05281091e+00  1.70055000e-08  1.94993486e+00 
 1.70065000e-08  1.58723056e-05  1.70065000e-08  9.97191124e-01  1.70065000e-08  1.94994004e+00 
 1.70075000e-08  1.62114470e-05  1.70075000e-08  9.40920188e-01  1.70075000e-08  1.94995143e+00 
 1.70085000e-08  1.64678338e-05  1.70085000e-08  8.84045863e-01  1.70085000e-08  1.94997013e+00 
 1.71645000e-08  9.30624246e-01  1.71645000e-08  1.86297833e-04  1.71645000e-08  1.94992643e+00 
 1.71655000e-08  9.67712575e-01  1.71655000e-08  1.83114582e-04  1.71655000e-08  1.94992852e+00 
 1.71665000e-08  1.00456172e+00  1.71665000e-08  1.77065103e-04  1.71665000e-08  1.94993072e+00 
 1.71675000e-08  1.04108013e+00  1.71675000e-08  1.74070576e-04  1.71675000e-08  1.94993268e+00 
 1.71685000e-08  1.07721635e+00  1.71685000e-08  1.68273968e-04  1.71685000e-08  1.94993476e+00 
 1.71695000e-08  1.11302201e+00  1.71695000e-08  1.65460242e-04  1.71695000e-08  1.94993659e+00 
 1.74515000e-08  1.94999929e+00  1.74515000e-08  8.13844253e-01  1.74515000e-08  1.95009208e+00 
 1.74525000e-08  1.94999977e+00  1.74525000e-08  8.96486889e-01  1.74525000e-08  1.94996124e+00 
 1.74535000e-08  1.94999936e+00  1.74535000e-08  9.77285617e-01  1.74535000e-08  1.94982700e+00 
 1.74545000e-08  1.94999983e+00  1.74545000e-08  1.05609598e+00  1.74545000e-08  1.94967413e+00 
 1.74555000e-08  1.94999937e+00  1.74555000e-08  1.13287275e+00  1.74555000e-08  1.94951594e+00 
 1.74565000e-08  1.94999977e+00  1.74565000e-08  1.20784420e+00  1.74565000e-08  1.94937169e+00 
 1.75855000e-08  1.94994767e+00  1.75855000e-08  1.94999664e+00  1.75855000e-08  1.15501099e+00 
 1.75865000e-08  1.94994736e+00  1.75865000e-08  1.95003055e+00  1.75865000e-08  1.09744704e+00 
 1.75875000e-08  1.94995089e+00  1.75875000e-08  1.95006012e+00  1.75875000e-08  1.03961927e+00 
 1.75885000e-08  1.94994443e+00  1.75885000e-08  1.95008336e+00  1.75885000e-08  9.81432629e-01 
 1.75895000e-08  1.94994059e+00  1.75895000e-08  1.95009999e+00  1.75895000e-08  9.22680772e-01 
 1.75905000e-08  1.94993971e+00  1.75905000e-08  1.95011047e+00  1.75905000e-08  8.63320130e-01 
 1.77005000e-08  1.16236448e+00  1.77005000e-08  1.94999984e+00  1.77005000e-08  5.95131654e-04 
 1.77015000e-08  1.11003067e+00  1.77015000e-08  1.94999954e+00  1.77015000e-08  5.80746727e-04 
 1.77025000e-08  1.05781001e+00  1.77025000e-08  1.94999976e+00  1.77025000e-08  5.58542907e-04 
 1.77035000e-08  1.00563169e+00  1.77035000e-08  1.94999954e+00  1.77035000e-08  5.45168806e-04 
 1.77045000e-08  9.53438579e-01  1.77045000e-08  1.94999983e+00  1.77045000e-08  5.24151584e-04 
 1.77055000e-08  9.01178303e-01  1.77055000e-08  1.94999955e+00  1.77055000e-08  5.11728112e-04 
 1.81255000e-08  1.63221170e-05  1.81255000e-08  1.16415003e+00  1.81255000e-08 -3.03986338e-06 
 1.81265000e-08  1.58264804e-05  1.81265000e-08  1.10985429e+00  1.81265000e-08 -2.06615456e-06 
 1.81275000e-08  1.57501503e-05  1.81275000e-08  1.05489088e+00  1.81275000e-08 -6.50581171e-07 
 1.81285000e-08  1.58609167e-05  1.81285000e-08  9.99292553e-01  1.81285000e-08  1.56559197e-06 
 1.81295000e-08  1.62008543e-05  1.81295000e-08  9.43044747e-01  1.81295000e-08  3.84050692e-06 
 1.81305000e-08  1.64565714e-05  1.81305000e-08  8.86191639e-01  1.81305000e-08  6.74684176e-06 
 1.82865000e-08  9.28978699e-01  1.82865000e-08  2.15944990e-04  1.82865000e-08  5.05207688e-06 
 1.82875000e-08  9.66075651e-01  1.82875000e-08  2.11200145e-04  1.82875000e-08  5.65967903e-06 
 1.82885000e-08  1.00293746e+00  1.82885000e-08  2.04692790e-04  1.82885000e-08  4.73165906e-06 
 1.82895000e-08  1.03947226e+00  1.82895000e-08  2.00242183e-04  1.82895000e-08  5.34247063e-06 
 1.82905000e-08  1.07562498e+00  1.82905000e-08  1.94064897e-04  1.82905000e-08  4.43463345e-06 
 1.82915000e-08  1.11144242e+00  1.82915000e-08  1.89889311e-04  1.82915000e-08  5.04745088e-06 
 1.85735000e-08  1.94999923e+00  1.85735000e-08  8.08355082e-01  1.85735000e-08 -5.51161230e-05 
 1.85745000e-08  1.94999963e+00  1.85745000e-08  8.91086999e-01  1.85745000e-08 -1.07293946e-04 
 1.85755000e-08  1.94999924e+00  1.85755000e-08  9.72149213e-01  1.85755000e-08 -1.49170232e-04 
 1.85765000e-08  1.94999970e+00  1.85765000e-08  1.05142614e+00  1.85765000e-08 -1.75469988e-04 
 1.85775000e-08  1.94999932e+00  1.85775000e-08  1.12886727e+00  1.85775000e-08 -1.94262454e-04 
 1.85785000e-08  1.94999977e+00  1.85785000e-08  1.20462672e+00  1.85785000e-08 -2.11383836e-04 
 1.86925000e-08  1.95001275e+00  1.86925000e-08  1.94994326e+00  1.86925000e-08  8.52239519e-01 
 1.86935000e-08  1.95001154e+00  1.86935000e-08  1.94994824e+00  1.86935000e-08  9.13528450e-01 
 1.86945000e-08  1.95000960e+00  1.86945000e-08  1.94995486e+00  1.86945000e-08  9.73513963e-01 
 1.86955000e-08  1.95000667e+00  1.86955000e-08  1.94996003e+00  1.86955000e-08  1.03347039e+00 
 1.86965000e-08  1.95000355e+00  1.86965000e-08  1.94996696e+00  1.86965000e-08  1.09703813e+00 
 1.86975000e-08  1.95000003e+00  1.86975000e-08  1.94996340e+00  1.86975000e-08  1.16811061e+00 
 1.88225000e-08  1.16468588e+00  1.88225000e-08  1.94999971e+00  1.88225000e-08  1.94997748e+00 
 1.88235000e-08  1.11234740e+00  1.88235000e-08  1.94999954e+00  1.88235000e-08  1.94998158e+00 
 1.88245000e-08  1.06012205e+00  1.88245000e-08  1.94999976e+00  1.88245000e-08  1.94997983e+00 
 1.88255000e-08  1.00794384e+00  1.88255000e-08  1.94999958e+00  1.88255000e-08  1.94998360e+00 
 1.88265000e-08  9.55752070e-01  1.88265000e-08  1.94999979e+00  1.88265000e-08  1.94998181e+00 
 1.88275000e-08  9.03495902e-01  1.88275000e-08  1.94999962e+00  1.88275000e-08  1.94998542e+00 
 1.92475000e-08  1.63470418e-05  1.92475000e-08  1.16665555e+00  1.92475000e-08  1.94994034e+00 
 1.92485000e-08  1.58348746e-05  1.92485000e-08  1.11239123e+00  1.92485000e-08  1.94993586e+00 
 1.92495000e-08  1.57514041e-05  1.92495000e-08  1.05746155e+00  1.92495000e-08  1.94993472e+00 
 1.92505000e-08  1.58493688e-05  1.92505000e-08  1.00189395e+00  1.92505000e-08  1.94993938e+00 
 1.92515000e-08  1.61908306e-05  1.92515000e-08  9.45677956e-01  1.92515000e-08  1.94995019e+00 
 1.92525000e-08  1.64452334e-05  1.92525000e-08  8.88852792e-01  1.92525000e-08  1.94996831e+00 
 1.94085000e-08  9.27634456e-01  1.94085000e-08  1.86589994e-04  1.94085000e-08  1.94992631e+00 
 1.94095000e-08  9.64738372e-01  1.94095000e-08  1.83609773e-04  1.94095000e-08  1.94992827e+00 
 1.94105000e-08  1.00161041e+00  1.94105000e-08  1.77341408e-04  1.94105000e-08  1.94993061e+00 
 1.94115000e-08  1.03815853e+00  1.94115000e-08  1.74544023e-04  1.94115000e-08  1.94993245e+00 
 1.94125000e-08  1.07432482e+00  1.94125000e-08  1.68535143e-04  1.94125000e-08  1.94993466e+00 
 1.94135000e-08  1.11015213e+00  1.94135000e-08  1.65912929e-04  1.94135000e-08  1.94993637e+00 
 1.96955000e-08  1.94999919e+00  1.96955000e-08  8.07300813e-01  1.96955000e-08  1.95010114e+00 
 1.96965000e-08  1.94999965e+00  1.96965000e-08  8.90075362e-01  1.96965000e-08  1.94997088e+00 
 1.96975000e-08  1.94999927e+00  1.96975000e-08  9.71026001e-01  1.96975000e-08  1.94983830e+00 
 1.96985000e-08  1.94999972e+00  1.96985000e-08  1.05000406e+00  1.96985000e-08  1.94968660e+00 
 1.96995000e-08  1.94999935e+00  1.96995000e-08  1.12695586e+00  1.96995000e-08  1.94952809e+00 
 1.97005000e-08  1.94999979e+00  1.97005000e-08  1.20206851e+00  1.97005000e-08  1.94938379e+00 
 1.98295000e-08  1.94994768e+00  1.98295000e-08  1.94999441e+00  1.98295000e-08  1.15927112e+00 
 1.98305000e-08  1.94994744e+00  1.98305000e-08  1.95002828e+00  1.98305000e-08  1.10171419e+00 
 1.98315000e-08  1.94995067e+00  1.98315000e-08  1.95005820e+00  1.98315000e-08  1.04391328e+00 
 1.98325000e-08  1.94994481e+00  1.98325000e-08  1.95008189e+00  1.98325000e-08  9.85758313e-01 
 1.98335000e-08  1.94994073e+00  1.98335000e-08  1.95009881e+00  1.98335000e-08  9.27055046e-01 
 1.98345000e-08  1.94993974e+00  1.98345000e-08  1.95010981e+00  1.98345000e-08  8.67743407e-01 
 1.99445000e-08  1.16637790e+00  1.99445000e-08  1.94999995e+00  1.99445000e-08  5.96515012e-04 
 1.99455000e-08  1.11403678e+00  1.99455000e-08  1.94999962e+00  1.99455000e-08  5.82185654e-04 
 1.99465000e-08  1.06180867e+00  1.99465000e-08  1.94999987e+00  1.99465000e-08  5.59849966e-04 
 1.99475000e-08  1.00963116e+00  1.99475000e-08  1.94999955e+00  1.99475000e-08  5.46515611e-04 
 1.99485000e-08  9.57440910e-01  1.99485000e-08  1.94999980e+00  1.99485000e-08  5.25387713e-04 
 1.99495000e-08  9.05188301e-01  1.99495000e-08  1.94999948e+00  1.99495000e-08  5.12986716e-04 
 2.03695000e-08  1.63626440e-05  2.03695000e-08  1.16836908e+00  2.03695000e-08 -3.14014342e-06 
 2.03705000e-08  1.58404409e-05  2.03705000e-08  1.11412250e+00  2.03705000e-08 -2.08676515e-06 
 2.03715000e-08  1.57533528e-05  2.03715000e-08  1.05921217e+00  2.03715000e-08 -8.67593972e-07 
 2.03725000e-08  1.58432863e-05  2.03725000e-08  1.00366233e+00  2.03725000e-08  1.45685371e-06 
 2.03735000e-08  1.61860293e-05  2.03735000e-08  9.47465601e-01  2.03735000e-08  3.58832745e-06 
 2.03745000e-08  1.64390081e-05  2.03745000e-08  8.90658199e-01  2.03745000e-08  6.58639684e-06 
 2.05305000e-08  9.26885596e-01  2.05305000e-08  2.16287666e-04  2.05305000e-08  4.99556026e-06 
 2.05315000e-08  9.63993329e-01  2.05315000e-08  2.11750097e-04  2.05315000e-08  5.74156018e-06 
 2.05325000e-08  1.00087099e+00  2.05325000e-08  2.05012670e-04  2.05325000e-08  4.67429369e-06 
 2.05335000e-08  1.03742650e+00  2.05335000e-08  2.00765371e-04  2.05335000e-08  5.42329756e-06 
 2.05345000e-08  1.07360036e+00  2.05345000e-08  1.94363529e-04  2.05345000e-08  4.37659614e-06 
 2.05355000e-08  1.10943325e+00  2.05355000e-08  1.90387364e-04  2.05355000e-08  5.12731431e-06 
 2.08175000e-08  1.94999954e+00  2.08175000e-08  8.03740942e-01  2.08175000e-08 -5.22167915e-05 
 2.08185000e-08  1.94999997e+00  2.08185000e-08  8.86560581e-01  2.08185000e-08 -1.04760054e-04 
 2.08195000e-08  1.94999958e+00  2.08195000e-08  9.67721655e-01  2.08195000e-08 -1.47167047e-04 
 2.08205000e-08  1.95000000e+00  2.08205000e-08  1.04709827e+00  2.08205000e-08 -1.74338580e-04 
 2.08215000e-08  1.94999962e+00  2.08215000e-08  1.12463794e+00  2.08215000e-08 -1.93385700e-04 
 2.08225000e-08  1.95000003e+00  2.08225000e-08  1.20048567e+00  2.08225000e-08 -2.09927313e-04 
 2.09365000e-08  1.95001274e+00  2.09365000e-08  1.94994312e+00  2.09365000e-08  8.48796476e-01 
 2.09375000e-08  1.95001157e+00  2.09375000e-08  1.94994791e+00  2.09375000e-08  9.10176019e-01 
 2.09385000e-08  1.95000966e+00  2.09385000e-08  1.94995453e+00  2.09385000e-08  9.70213645e-01 
 2.09395000e-08  1.95000675e+00  2.09395000e-08  1.94995979e+00  2.09395000e-08  1.03009920e+00 
 2.09405000e-08  1.95000365e+00  2.09405000e-08  1.94996651e+00  2.09405000e-08  1.09337707e+00 
 2.09415000e-08  1.95000012e+00  2.09415000e-08  1.94996399e+00  2.09415000e-08  1.16403402e+00 
 2.10665000e-08  1.16632601e+00  2.10665000e-08  1.94999970e+00  2.10665000e-08  1.94997869e+00 
 2.10675000e-08  1.11398439e+00  2.10675000e-08  1.94999955e+00  2.10675000e-08  1.94998038e+00 
 2.10685000e-08  1.06175584e+00  2.10685000e-08  1.94999975e+00  2.10685000e-08  1.94998100e+00 
 2.10695000e-08  1.00957780e+00  2.10695000e-08  1.94999959e+00  2.10695000e-08  1.94998245e+00 
 2.10705000e-08  9.57387051e-01  2.10705000e-08  1.94999978e+00  2.10705000e-08  1.94998296e+00 
 2.10715000e-08  9.05133885e-01  2.10715000e-08  1.94999964e+00  2.10715000e-08  1.94998434e+00 
 2.14915000e-08  1.63677515e-05  2.14915000e-08  1.16833555e+00  2.14915000e-08  1.94994052e+00 
 2.14925000e-08  1.58425350e-05  2.14925000e-08  1.11409080e+00  2.14925000e-08  1.94993596e+00 
 2.14935000e-08  1.57523823e-05  2.14935000e-08  1.05918227e+00  2.14935000e-08  1.94993467e+00 
 2.14945000e-08  1.58401401e-05  2.14945000e-08  1.00363399e+00  2.14945000e-08  1.94993915e+00 
 2.14955000e-08  1.61820240e-05  2.14955000e-08  9.47438373e-01  2.14955000e-08  1.94994975e+00 
 2.14965000e-08  1.64357712e-05  2.14965000e-08  8.90631451e-01  2.14965000e-08  1.94996764e+00 
 2.16525000e-08  9.26629259e-01  2.16525000e-08  1.86745339e-04  2.16525000e-08  1.94992628e+00 
 2.16535000e-08  9.63738287e-01  2.16535000e-08  1.83747095e-04  2.16535000e-08  1.94992816e+00 
 2.16545000e-08  1.00061786e+00  2.16545000e-08  1.77489755e-04  2.16545000e-08  1.94993058e+00 
 2.16555000e-08  1.03717589e+00  2.16555000e-08  1.74674416e-04  2.16555000e-08  1.94993234e+00 
 2.16565000e-08  1.07334579e+00  2.16565000e-08  1.68677017e-04  2.16565000e-08  1.94993463e+00 
 2.16575000e-08  1.10917413e+00  2.16575000e-08  1.66036542e-04  2.16575000e-08  1.94993627e+00 
 2.19395000e-08  1.94999920e+00  2.19395000e-08  8.04916582e-01  2.19395000e-08  1.95010434e+00 
 2.19405000e-08  1.94999965e+00  2.19405000e-08  8.87738568e-01  2.19405000e-08  1.94997435e+00 
 2.19415000e-08  1.94999928e+00  2.19415000e-08  9.68744211e-01  2.19415000e-08  1.94984239e+00 
 2.19425000e-08  1.94999973e+00  2.19425000e-08  1.04777971e+00  2.19425000e-08  1.94969118e+00 
 2.19435000e-08  1.94999930e+00  2.19435000e-08  1.12477771e+00  2.19435000e-08  1.94953255e+00 
 2.19445000e-08  1.94999968e+00  2.19445000e-08  1.19992784e+00  2.19445000e-08  1.94938787e+00 
 2.20735000e-08  1.94994768e+00  2.20735000e-08  1.94999354e+00  2.20735000e-08  1.16098797e+00 
 2.20745000e-08  1.94994755e+00  2.20745000e-08  1.95002714e+00  2.20745000e-08  1.10343384e+00 
 2.20755000e-08  1.94995072e+00  2.20755000e-08  1.95005717e+00  2.20755000e-08  1.04564362e+00 
 2.20765000e-08  1.94994504e+00  2.20765000e-08  1.95008125e+00  2.20765000e-08  9.87501071e-01 
 2.20775000e-08  1.94994080e+00  2.20775000e-08  1.95009841e+00  2.20775000e-08  9.28815997e-01 
 2.20785000e-08  1.94993974e+00  2.20785000e-08  1.95010964e+00  2.20785000e-08  8.69522338e-01 
 2.21885000e-08  1.16788153e+00  2.21885000e-08  1.95000025e+00  2.21885000e-08  5.96950928e-04 
 2.21895000e-08  1.11553788e+00  2.21895000e-08  1.94999993e+00  2.21895000e-08  5.82729090e-04 
 2.21905000e-08  1.06330712e+00  2.21905000e-08  1.95000024e+00  2.21905000e-08  5.60258826e-04 
 2.21915000e-08  1.01113005e+00  2.21915000e-08  1.94999993e+00  2.21915000e-08  5.47023867e-04 
 2.21925000e-08  9.58941005e-01  2.21925000e-08  1.95000024e+00  2.21925000e-08  5.25771122e-04 
 2.21935000e-08  9.06691418e-01  2.21935000e-08  1.94999993e+00  2.21935000e-08  5.13462182e-04 
 2.26135000e-08  1.63763375e-05  2.26135000e-08  1.16985997e+00  2.26135000e-08 -3.17239559e-06 
 2.26145000e-08  1.58444554e-05  2.26145000e-08  1.11563078e+00  2.26145000e-08 -2.09591746e-06 
 2.26155000e-08  1.57532688e-05  2.26155000e-08  1.06073921e+00  2.26155000e-08 -9.41077268e-07 
 2.26165000e-08  1.58354681e-05  2.26165000e-08  1.00520654e+00  2.26165000e-08  1.41622672e-06 
 2.26175000e-08  1.61791344e-05  2.26175000e-08  9.49027889e-01  2.26175000e-08  3.50105098e-06 
 2.26185000e-08  1.64312284e-05  2.26185000e-08  8.92236684e-01  2.26185000e-08  6.52727116e-06 
 2.27745000e-08  9.25920656e-01  2.27745000e-08  2.16407612e-04  2.27745000e-08  4.98055300e-06 
 2.27755000e-08  9.63033254e-01  2.27755000e-08  2.11942394e-04  2.27755000e-08  5.76687325e-06 
 2.27765000e-08  9.99918089e-01  2.27765000e-08  2.05124535e-04  2.27765000e-08  4.65887250e-06 
 2.27775000e-08  1.03648308e+00  2.27775000e-08  2.00948331e-04  2.27775000e-08  5.44826456e-06 
 2.27785000e-08  1.07266012e+00  2.27785000e-08  1.94468943e-04  2.27785000e-08  4.36131615e-06 
 2.27795000e-08  1.10849378e+00  2.27795000e-08  1.90561869e-04  2.27795000e-08  5.15217038e-06 
 2.30615000e-08  1.94999920e+00  2.30615000e-08  8.01360046e-01  2.30615000e-08 -4.96564601e-05 
 2.30625000e-08  1.94999965e+00  2.30625000e-08  8.84221348e-01  2.30625000e-08 -1.03162020e-04 
 2.30635000e-08  1.94999928e+00  2.30635000e-08  9.65430795e-01  2.30635000e-08 -1.46008194e-04 
 2.30645000e-08  1.94999972e+00  2.30645000e-08  1.04486046e+00  2.30645000e-08 -1.73778208e-04 
 2.30655000e-08  1.94999935e+00  2.30655000e-08  1.12245212e+00  2.30655000e-08 -1.92958864e-04 
 2.30665000e-08  1.94999978e+00  2.30665000e-08  1.19834603e+00  2.30665000e-08 -2.09209060e-04 
 2.31805000e-08  1.95001273e+00  2.31805000e-08  1.94994305e+00  2.31805000e-08  8.47096531e-01 
 2.31815000e-08  1.95001166e+00  2.31815000e-08  1.94994773e+00  2.31815000e-08  9.08520600e-01 
 2.31825000e-08  1.95000979e+00  2.31825000e-08  1.94995437e+00  2.31825000e-08  9.68584165e-01 
 2.31835000e-08  1.95000693e+00  2.31835000e-08  1.94995966e+00  2.31835000e-08  1.02843907e+00 
 2.31845000e-08  1.95000383e+00  2.31845000e-08  1.94996627e+00  2.31845000e-08  1.09157963e+00 
 2.31855000e-08  1.95000031e+00  2.31855000e-08  1.94996428e+00  2.31855000e-08  1.16202187e+00 
 2.33105000e-08  1.16910401e+00  2.33105000e-08  1.94999970e+00  2.33105000e-08  1.94997928e+00 
 2.33115000e-08  1.11675673e+00  2.33115000e-08  1.94999955e+00  2.33115000e-08  1.94997977e+00 
 2.33125000e-08  1.06452235e+00  2.33125000e-08  1.94999975e+00  2.33125000e-08  1.94998158e+00 
 2.33135000e-08  1.01234425e+00  2.33135000e-08  1.94999960e+00  2.33135000e-08  1.94998186e+00 
 2.33145000e-08  9.60154894e-01  2.33145000e-08  1.94999978e+00  2.33145000e-08  1.94998353e+00 
 2.33155000e-08  9.07906575e-01  2.33155000e-08  1.94999964e+00  2.33155000e-08  1.94998377e+00 
 2.37015000e-08  2.00111305e-05  2.37015000e-08  2.00750897e+00  2.37015000e-08  1.94999909e+00 
 2.37355000e-08  1.64030492e-05  2.37355000e-08  1.17125634e+00  2.37355000e-08  1.94994084e+00 
 2.37365000e-08  1.58552635e-05  2.37365000e-08  1.11704567e+00  2.37365000e-08  1.94993615e+00 
 2.37375000e-08  1.57527347e-05  2.37375000e-08  1.06217391e+00  2.37375000e-08  1.94993461e+00 
 2.37385000e-08  1.58223975e-05  2.37385000e-08  1.00665928e+00  2.37385000e-08  1.94993876e+00 
 2.37395000e-08  1.61643452e-05  2.37395000e-08  9.50499132e-01  2.37395000e-08  1.94994899e+00 
 2.37405000e-08  1.64171037e-05  2.37405000e-08  8.93724005e-01  2.37405000e-08  1.94996651e+00 
 2.38965000e-08  9.24339000e-01  2.38965000e-08  1.87075908e-04  2.38965000e-08  1.94992628e+00 
 2.38975000e-08  9.61459457e-01  2.38975000e-08  1.83934009e-04  2.38975000e-08  1.94992793e+00 
 2.38985000e-08  9.98355902e-01  2.38985000e-08  1.77806664e-04  2.38985000e-08  1.94993060e+00 
 2.38995000e-08  1.03493633e+00  2.38995000e-08  1.74850501e-04  2.38995000e-08  1.94993211e+00 
 2.39005000e-08  1.07112935e+00  2.39005000e-08  1.68980652e-04  2.39005000e-08  1.94993465e+00 
 2.39015000e-08  1.10697509e+00  2.39015000e-08  1.66202213e-04  2.39015000e-08  1.94993605e+00 
 2.41835000e-08  1.94999931e+00  2.41835000e-08  7.99557290e-01  2.41835000e-08  1.95011134e+00 
 2.41845000e-08  1.94999973e+00  2.41845000e-08  8.82484784e-01  2.41845000e-08  1.94998209e+00 
 2.41855000e-08  1.94999938e+00  2.41855000e-08  9.63613450e-01  2.41855000e-08  1.94985155e+00 
 2.41865000e-08  1.94999979e+00  2.41865000e-08  1.04277780e+00  2.41865000e-08  1.94970148e+00 
 2.41875000e-08  1.94999939e+00  2.41875000e-08  1.11990365e+00  2.41875000e-08  1.94954281e+00 
 2.41885000e-08  1.94999975e+00  2.41885000e-08  1.19514720e+00  2.41885000e-08  1.94939811e+00 
 2.43175000e-08  1.94994764e+00  2.43175000e-08  1.94999158e+00  2.43175000e-08  1.16483848e+00 
 2.43185000e-08  1.94994763e+00  2.43185000e-08  1.95002496e+00  2.43185000e-08  1.10728919e+00 
 2.43195000e-08  1.94995052e+00  2.43195000e-08  1.95005531e+00  2.43195000e-08  1.04952125e+00 
 2.43205000e-08  1.94994549e+00  2.43205000e-08  1.95007989e+00  2.43205000e-08  9.91405406e-01 
 2.43215000e-08  1.94994094e+00  2.43215000e-08  1.95009740e+00  2.43215000e-08  9.32761540e-01 
 2.43225000e-08  1.94993975e+00  2.43225000e-08  1.95010909e+00  2.43225000e-08  8.73509510e-01 
 2.44325000e-08  1.17159334e+00  2.44325000e-08  1.95000025e+00  2.44325000e-08  5.98861774e-04 
 2.44335000e-08  1.11924210e+00  2.44335000e-08  1.94999994e+00  2.44335000e-08  5.83357877e-04 
 2.44345000e-08  1.06700338e+00  2.44345000e-08  1.95000024e+00  2.44345000e-08  5.62085053e-04 
 2.44355000e-08  1.01482612e+00  2.44355000e-08  1.94999994e+00  2.44355000e-08  5.47585241e-04 
 2.44365000e-08  9.62638747e-01  2.44365000e-08  1.95000023e+00  2.44365000e-08  5.27517145e-04 
 2.44375000e-08  9.10395602e-01  2.44375000e-08  1.94999994e+00  2.44375000e-08  5.13960469e-04 
 2.48575000e-08  1.64199575e-05  2.48575000e-08  1.17376025e+00  2.48575000e-08 -3.25905190e-06 
 2.48585000e-08  1.58612597e-05  2.48585000e-08  1.11957661e+00  2.48585000e-08 -2.10922155e-06 
 2.48595000e-08  1.57573705e-05  2.48595000e-08  1.06473415e+00  2.48595000e-08 -1.13526249e-06 
 2.48605000e-08  1.58175413e-05  2.48605000e-08  1.00924644e+00  2.48605000e-08  1.46218280e-06 
 2.48615000e-08  1.61622837e-05  2.48615000e-08  9.53115164e-01  2.48615000e-08  3.45441846e-06 
 2.48625000e-08  1.64114974e-05  2.48625000e-08  8.96366450e-01  2.48625000e-08  6.42771598e-06 
 2.50185000e-08  9.23391054e-01  2.50185000e-08  2.16733650e-04  2.50185000e-08  4.94526929e-06 
 2.50195000e-08  9.60515973e-01  2.50195000e-08  2.12448174e-04  2.50195000e-08  5.82760979e-06 
 2.50205000e-08  9.97419170e-01  2.50205000e-08  2.05428963e-04  2.50205000e-08  4.62247384e-06 
 2.50215000e-08  1.03400872e+00  2.50215000e-08  2.01429401e-04  2.50215000e-08  5.50823723e-06 
 2.50225000e-08  1.07021129e+00  2.50225000e-08  1.94753236e-04  2.50225000e-08  4.32398562e-06 
 2.50235000e-08  1.10606434e+00  2.50235000e-08  1.91019726e-04  2.50235000e-08  5.21144640e-06 
 2.53055000e-08  1.94999934e+00  2.53055000e-08  7.95730612e-01  2.53055000e-08 -4.64280629e-05 
 2.53065000e-08  1.94999974e+00  2.53065000e-08  8.78692680e-01  2.53065000e-08 -9.99469785e-05 
 2.53075000e-08  1.94999940e+00  2.53075000e-08  9.60019621e-01  2.53075000e-08 -1.43442652e-04 
 2.53085000e-08  1.94999979e+00  2.53085000e-08  1.03957182e+00  2.53085000e-08 -1.72375402e-04 
 2.53095000e-08  1.94999946e+00  2.53095000e-08  1.11728499e+00  2.53095000e-08 -1.91927761e-04 
 2.53105000e-08  1.94999984e+00  2.53105000e-08  1.19327451e+00  2.53105000e-08 -2.07480278e-04 
 2.54255000e-08  1.95001180e+00  2.54255000e-08  1.94994728e+00  2.54255000e-08  9.04309062e-01 
 2.54265000e-08  1.95000997e+00  2.54265000e-08  1.94995397e+00  2.54265000e-08  9.64440881e-01 
 2.54275000e-08  1.95000716e+00  2.54275000e-08  1.94995930e+00  2.54275000e-08  1.02423191e+00 
 2.54285000e-08  1.95000407e+00  2.54285000e-08  1.94996564e+00  2.54285000e-08  1.08703963e+00 
 2.54295000e-08  1.95000056e+00  2.54295000e-08  1.94996505e+00  2.54295000e-08  1.15691294e+00 
 2.54305000e-08  1.94999775e+00  2.54305000e-08  1.94996159e+00  2.54305000e-08  1.23027803e+00 
 2.55545000e-08  1.17293894e+00  2.55545000e-08  1.94999969e+00  2.55545000e-08  1.94998079e+00 
 2.55555000e-08  1.12058375e+00  2.55555000e-08  1.94999956e+00  2.55555000e-08  1.94997825e+00 
 2.55565000e-08  1.06834104e+00  2.55565000e-08  1.94999973e+00  2.55565000e-08  1.94998300e+00 
 2.55575000e-08  1.01616261e+00  2.55575000e-08  1.94999960e+00  2.55575000e-08  1.94998046e+00 
 2.55585000e-08  9.63974865e-01  2.55585000e-08  1.94999977e+00  2.55585000e-08  1.94998499e+00 
 2.55595000e-08  9.11733139e-01  2.55595000e-08  1.94999964e+00  2.55595000e-08  1.94998237e+00 
 2.59795000e-08  1.64490359e-05  2.59795000e-08  1.17511337e+00  2.59795000e-08  1.94994127e+00 
 2.59805000e-08  1.58738085e-05  2.59805000e-08  1.12094776e+00  2.59805000e-08  1.94993641e+00 
 2.59815000e-08  1.57577604e-05  2.59815000e-08  1.06612460e+00  2.59815000e-08  1.94993454e+00 
 2.59825000e-08  1.58042043e-05  2.59825000e-08  1.01065448e+00  2.59825000e-08  1.94993827e+00 
 2.59835000e-08  1.61465816e-05  2.59835000e-08  9.54541273e-01  2.59835000e-08  1.94994801e+00 
 2.59845000e-08  1.63960008e-05  2.59845000e-08  8.97808274e-01  2.59845000e-08  1.94996504e+00 
 2.61405000e-08  9.21686822e-01  2.61405000e-08  1.87523912e-04  2.61405000e-08  1.94992629e+00 
 2.61415000e-08  9.58819974e-01  2.61415000e-08  1.84169954e-04  2.61415000e-08  1.94992761e+00 
 2.61425000e-08  9.95735369e-01  2.61425000e-08  1.78236294e-04  2.61425000e-08  1.94993061e+00 
 2.61435000e-08  1.03234132e+00  2.61435000e-08  1.75072420e-04  2.61435000e-08  1.94993181e+00 
 2.61445000e-08  1.06856124e+00  2.61445000e-08  1.69392431e-04  2.61445000e-08  1.94993466e+00 
 2.61455000e-08  1.10442776e+00  2.61455000e-08  1.66410642e-04  2.61455000e-08  1.94993576e+00 
 2.64275000e-08  1.94999933e+00  2.64275000e-08  7.93585080e-01  2.64275000e-08  1.95011882e+00 
 2.64285000e-08  1.94999970e+00  2.64285000e-08  8.76624554e-01  2.64285000e-08  1.94998771e+00 
 2.64295000e-08  1.94999941e+00  2.64295000e-08  9.57886256e-01  2.64295000e-08  1.94985649e+00 
 2.64305000e-08  1.94999976e+00  2.64305000e-08  1.03719396e+00  2.64305000e-08  1.94970872e+00 
 2.64315000e-08  1.94999941e+00  2.64315000e-08  1.11446287e+00  2.64315000e-08  1.94955079e+00 
 2.64325000e-08  1.94999972e+00  2.64325000e-08  1.18983024e+00  2.64325000e-08  1.94940582e+00 
 2.65615000e-08  1.94994761e+00  2.65615000e-08  1.94998944e+00  2.65615000e-08  1.16898323e+00 
 2.65625000e-08  1.94994764e+00  2.65625000e-08  1.95002274e+00  2.65625000e-08  1.11143840e+00 
 2.65635000e-08  1.94995027e+00  2.65635000e-08  1.95005334e+00  2.65635000e-08  1.05369366e+00 
 2.65645000e-08  1.94994618e+00  2.65645000e-08  1.95007828e+00  2.65645000e-08  9.95606461e-01 
 2.65655000e-08  1.94994116e+00  2.65655000e-08  1.95009623e+00  2.65655000e-08  9.37007593e-01 
 2.65665000e-08  1.94993978e+00  2.65665000e-08  1.95010844e+00  2.65665000e-08  8.77801237e-01 
 2.66765000e-08  1.17573708e+00  2.66765000e-08  1.95000023e+00  2.66765000e-08  6.01179317e-04 
 2.66775000e-08  1.12337720e+00  2.66775000e-08  1.94999995e+00  2.66775000e-08  5.83757494e-04 
 2.66785000e-08  1.07112925e+00  2.66785000e-08  1.95000023e+00  2.66785000e-08  5.64305291e-04 
 2.66795000e-08  1.01895142e+00  2.66795000e-08  1.94999995e+00  2.66795000e-08  5.47919589e-04 
 2.66805000e-08  9.66765558e-01  2.66805000e-08  1.95000022e+00  2.66805000e-08  5.29644980e-04 
 2.66815000e-08  9.14529424e-01  2.66815000e-08  1.94999995e+00  2.66815000e-08  5.14234003e-04 
 2.71015000e-08  1.64697161e-05  2.71015000e-08  1.17783631e+00  2.71015000e-08 -3.34736823e-06 
 2.71025000e-08  1.58818166e-05  2.71025000e-08  1.12370035e+00  2.71025000e-08 -2.12090984e-06 
 2.71035000e-08  1.57632569e-05  2.71035000e-08  1.06890926e+00  2.71035000e-08 -1.33505067e-06 
 2.71045000e-08  1.57983560e-05  2.71045000e-08  1.01346863e+00  2.71045000e-08  1.34774226e-06 
 2.71055000e-08  1.61431869e-05  2.71055000e-08  9.57386994e-01  2.71055000e-08  3.19804872e-06 
 2.71065000e-08  1.63886343e-05  2.71065000e-08  9.00682866e-01  2.71065000e-08  6.26645359e-06 
 2.72625000e-08  9.20841943e-01  2.72625000e-08  2.17226240e-04  2.72625000e-08  5.03449746e-06 
 2.72635000e-08  9.57979064e-01  2.72635000e-08  2.12837867e-04  2.72635000e-08  5.75859747e-06 
 2.72645000e-08  9.94900452e-01  2.72645000e-08  2.05895687e-04  2.72645000e-08  4.70990263e-06 
 2.72655000e-08  1.03151446e+00  2.72655000e-08  2.01796091e-04  2.72655000e-08  5.43949003e-06 
 2.72665000e-08  1.06774301e+00  2.72665000e-08  1.95195083e-04  2.72665000e-08  4.40951343e-06 
 2.72675000e-08  1.10361627e+00  2.72675000e-08  1.91364647e-04  2.72675000e-08  5.14291545e-06 
 2.75495000e-08  1.94999940e+00  2.75495000e-08  7.89825423e-01  2.75495000e-08 -4.31528264e-05 
 2.75505000e-08  1.94999974e+00  2.75505000e-08  8.72893122e-01  2.75505000e-08 -9.65487210e-05 
 2.75515000e-08  1.94999946e+00  2.75515000e-08  9.54344748e-01  2.75515000e-08 -1.40770668e-04 
 2.75525000e-08  1.94999980e+00  2.75525000e-08  1.03402376e+00  2.75525000e-08 -1.70800656e-04 
 2.75535000e-08  1.94999951e+00  2.75535000e-08  1.11186495e+00  2.75535000e-08 -1.90678658e-04 
 2.75545000e-08  1.94999985e+00  2.75545000e-08  1.18796898e+00  2.75545000e-08 -2.06020094e-04 
 2.76695000e-08  1.95001193e+00  2.76695000e-08  1.94994685e+00  2.76695000e-08  9.00035835e-01 
 2.76705000e-08  1.95001014e+00  2.76705000e-08  1.94995354e+00  2.76705000e-08  9.60246104e-01 
 2.76715000e-08  1.95000740e+00  2.76715000e-08  1.94995895e+00  2.76715000e-08  1.01999384e+00 
 2.76725000e-08  1.95000432e+00  2.76725000e-08  1.94996495e+00  2.76725000e-08  1.08249200e+00 
 2.76735000e-08  1.95000082e+00  2.76735000e-08  1.94996591e+00  2.76735000e-08  1.15176480e+00 
 2.76745000e-08  1.94999794e+00  2.76745000e-08  1.94996145e+00  2.76745000e-08  1.22518114e+00 
 2.77985000e-08  1.17681527e+00  2.77985000e-08  1.94999967e+00  2.77985000e-08  1.94998235e+00 
 2.77995000e-08  1.12445203e+00  2.77995000e-08  1.94999958e+00  2.77995000e-08  1.94997674e+00 
 2.78005000e-08  1.07220063e+00  2.78005000e-08  1.94999971e+00  2.78005000e-08  1.94998457e+00 
 2.78015000e-08  1.02002163e+00  2.78015000e-08  1.94999962e+00  2.78015000e-08  1.94997896e+00 
 2.78025000e-08  9.67835233e-01  2.78025000e-08  1.94999975e+00  2.78025000e-08  1.94998648e+00 
 2.78035000e-08  9.15600061e-01  2.78035000e-08  1.94999966e+00  2.78035000e-08  1.94998097e+00 
 2.82235000e-08  1.64972575e-05  2.82235000e-08  1.17917355e+00  2.82235000e-08  1.94994173e+00 
 2.82245000e-08  1.58947134e-05  2.82245000e-08  1.12505546e+00  2.82245000e-08  1.94993670e+00 
 2.82255000e-08  1.57640275e-05  2.82255000e-08  1.07028349e+00  2.82255000e-08  1.94993450e+00 
 2.82265000e-08  1.57863052e-05  2.82265000e-08  1.01486033e+00  2.82265000e-08  1.94993779e+00 
 2.82275000e-08  1.61278064e-05  2.82275000e-08  9.58796647e-01  2.82275000e-08  1.94994702e+00 
 2.82285000e-08  1.63734678e-05  2.82285000e-08  9.02108171e-01  2.82285000e-08  1.94996353e+00 
 2.83845000e-08  9.18956834e-01  2.83845000e-08  1.88020191e-04  2.83845000e-08  1.94992625e+00 
 2.83855000e-08  9.56102788e-01  2.83855000e-08  1.84384569e-04  2.83855000e-08  1.94992732e+00 
 2.83865000e-08  9.93037314e-01  2.83865000e-08  1.78712699e-04  2.83865000e-08  1.94993058e+00 
 2.83875000e-08  1.02966936e+00  2.83875000e-08  1.75273298e-04  2.83875000e-08  1.94993153e+00 
 2.83885000e-08  1.06591701e+00  2.83885000e-08  1.69849514e-04  2.83885000e-08  1.94993465e+00 
 2.83895000e-08  1.10180565e+00  2.83895000e-08  1.66598302e-04  2.83895000e-08  1.94993549e+00 
 2.86715000e-08  1.94999949e+00  2.86715000e-08  7.87513475e-01  2.86715000e-08  1.95012604e+00 
 2.86725000e-08  1.94999974e+00  2.86725000e-08  8.70667859e-01  2.86725000e-08  1.94999857e+00 
 2.86735000e-08  1.94999950e+00  2.86735000e-08  9.52067671e-01  2.86735000e-08  1.94987119e+00 
 2.86745000e-08  1.94999978e+00  2.86745000e-08  1.03152080e+00  2.86745000e-08  1.94972381e+00 
 2.86755000e-08  1.94999951e+00  2.86755000e-08  1.10893576e+00  2.86755000e-08  1.94956515e+00 
 2.86765000e-08  1.94999975e+00  2.86765000e-08  1.18443086e+00  2.86765000e-08  1.94941873e+00 
 2.88055000e-08  1.94994757e+00  2.88055000e-08  1.94998728e+00  2.88055000e-08  1.17313649e+00 
 2.88065000e-08  1.94994769e+00  2.88065000e-08  1.95002034e+00  2.88065000e-08  1.11559566e+00 
 2.88075000e-08  1.94994999e+00  2.88075000e-08  1.95005125e+00  2.88075000e-08  1.05787358e+00 
 2.88085000e-08  1.94994675e+00  2.88085000e-08  1.95007675e+00  2.88085000e-08  9.99814043e-01 
 2.88095000e-08  1.94994137e+00  2.88095000e-08  1.95009507e+00  2.88095000e-08  9.41258904e-01 
 2.88105000e-08  1.94993981e+00  2.88105000e-08  1.95010783e+00  2.88105000e-08  8.82097206e-01 
 2.89205000e-08  1.17946276e+00  2.89205000e-08  1.95000022e+00  2.89205000e-08  6.03489841e-04 
 2.89215000e-08  1.12709499e+00  2.89215000e-08  1.94999997e+00  2.89215000e-08  5.84235132e-04 
 2.89225000e-08  1.07483847e+00  2.89225000e-08  1.95000021e+00  2.89225000e-08  5.66515845e-04 
 2.89235000e-08  1.02265980e+00  2.89235000e-08  1.94999997e+00  2.89235000e-08  5.48330372e-04 
 2.89245000e-08  9.70474995e-01  2.89245000e-08  1.95000021e+00  2.89245000e-08  5.31760619e-04 
 2.89255000e-08  9.18244999e-01  2.89255000e-08  1.94999996e+00  2.89255000e-08  5.14582476e-04 
 2.93455000e-08  1.65180859e-05  2.93455000e-08  1.18173076e+00  2.93455000e-08 -3.41283510e-06 
 2.93465000e-08  1.59045998e-05  2.93465000e-08  1.12764043e+00  2.93465000e-08 -2.14393837e-06 
 2.93475000e-08  1.57680363e-05  2.93475000e-08  1.07289846e+00  2.93475000e-08 -1.50686824e-06 
 2.93485000e-08  1.57802483e-05  2.93485000e-08  1.01750291e+00  2.93485000e-08  1.23329671e-06 
 2.93495000e-08  1.61228468e-05  2.93495000e-08  9.61468826e-01  2.93495000e-08  2.97541720e-06 
 2.93505000e-08  1.63661700e-05  2.93505000e-08  9.04807474e-01  2.93505000e-08  6.10133411e-06 
 2.95065000e-08  9.18043802e-01  2.95065000e-08  2.17739262e-04  2.95065000e-08  5.15752898e-06 
 2.95075000e-08  9.55194036e-01  2.95075000e-08  2.13163115e-04  2.95075000e-08  5.66525017e-06 
 2.95085000e-08  9.92134876e-01  2.95085000e-08  2.06383279e-04  2.95085000e-08  4.83062539e-06 
 2.95095000e-08  1.02877560e+00  2.95095000e-08  2.02100279e-04  2.95095000e-08  5.34637130e-06 
 2.95105000e-08  1.06503255e+00  2.95105000e-08  1.95658231e-04  2.95105000e-08  4.52787239e-06 
 2.95115000e-08  1.10092877e+00  2.95115000e-08  1.91648945e-04  2.95115000e-08  5.05000822e-06 
 2.97935000e-08  1.94999959e+00  2.97935000e-08  7.83569622e-01  2.97935000e-08 -3.97781905e-05 
 2.97945000e-08  1.94999985e+00  2.97945000e-08  8.66742250e-01  2.97945000e-08 -9.38938906e-05 
 2.97955000e-08  1.94999963e+00  2.97955000e-08  9.48321002e-01  2.97955000e-08 -1.38844135e-04 
 2.97965000e-08  1.94999988e+00  2.97965000e-08  1.02813489e+00  2.97965000e-08 -1.68469160e-04 
 2.97975000e-08  1.94999966e+00  2.97975000e-08  1.10611340e+00  2.97975000e-08 -1.88466022e-04 
 2.97985000e-08  1.94999991e+00  2.97985000e-08  1.18233953e+00  2.97985000e-08 -2.03987798e-04 
 2.99135000e-08  1.95001205e+00  2.99135000e-08  1.94994641e+00  2.99135000e-08  8.95495805e-01 
 2.99145000e-08  1.95001029e+00  2.99145000e-08  1.94995306e+00  2.99145000e-08  9.55791575e-01 
 2.99155000e-08  1.95000762e+00  2.99155000e-08  1.94995858e+00  2.99155000e-08  1.01550811e+00 
 2.99165000e-08  1.95000454e+00  2.99165000e-08  1.94996417e+00  2.99165000e-08  1.07769123e+00 
 2.99175000e-08  1.95000108e+00  2.99175000e-08  1.94996686e+00  2.99175000e-08  1.14629202e+00 
 2.99185000e-08  1.94999813e+00  2.99185000e-08  1.94996129e+00  2.99185000e-08  1.21973918e+00 
 3.00425000e-08  1.18058098e+00  3.00425000e-08  1.94999964e+00  3.00425000e-08  1.94998405e+00 
 3.00435000e-08  1.12820964e+00  3.00435000e-08  1.94999960e+00  3.00435000e-08  1.94997504e+00 
 3.00445000e-08  1.07594943e+00  3.00445000e-08  1.94999968e+00  3.00445000e-08  1.94998622e+00 
 3.00455000e-08  1.02376941e+00  3.00455000e-08  1.94999964e+00  3.00455000e-08  1.94997735e+00 
 3.00465000e-08  9.71583935e-01  3.00465000e-08  1.94999972e+00  3.00465000e-08  1.94998813e+00 
 3.00475000e-08  9.19354856e-01  3.00475000e-08  1.94999968e+00  3.00475000e-08  1.94997943e+00 
 3.04675000e-08  1.65415365e-05  3.04675000e-08  1.18298707e+00  3.04675000e-08  1.94994217e+00 
 3.04685000e-08  1.59236728e-05  3.04685000e-08  1.12891365e+00  3.04685000e-08  1.94993699e+00 
 3.04695000e-08  1.57704032e-05  3.04695000e-08  1.07418978e+00  3.04695000e-08  1.94993449e+00 
 3.04705000e-08  1.57697284e-05  3.04705000e-08  1.01881079e+00  3.04705000e-08  1.94993738e+00 
 3.04715000e-08  1.61062690e-05  3.04715000e-08  9.62793727e-01  3.04715000e-08  1.94994613e+00 
 3.04725000e-08  1.63488429e-05  3.04725000e-08  9.06147203e-01  3.04725000e-08  1.94996215e+00 
 3.06285000e-08  9.16208423e-01  3.06285000e-08  1.88475222e-04  3.06285000e-08  1.94992605e+00 
 3.06295000e-08  9.53367288e-01  3.06295000e-08  1.84600372e-04  3.06295000e-08  1.94992721e+00 
 3.06305000e-08  9.90320754e-01  3.06305000e-08  1.79149180e-04  3.06305000e-08  1.94993039e+00 
 3.06315000e-08  1.02697888e+00  3.06315000e-08  1.75475932e-04  3.06315000e-08  1.94993143e+00 
 3.06325000e-08  1.06325471e+00  3.06325000e-08  1.70267964e-04  3.06325000e-08  1.94993446e+00 
 3.06335000e-08  1.09916660e+00  3.06335000e-08  1.66788266e-04  3.06335000e-08  1.94993539e+00 
 3.09165000e-08  1.94999982e+00  3.09165000e-08  8.64608686e-01  3.09165000e-08  1.95000980e+00 
 3.09175000e-08  1.94999965e+00  3.09175000e-08  9.46147127e-01  3.09175000e-08  1.94988194e+00 
 3.09185000e-08  1.94999985e+00  3.09185000e-08  1.02574703e+00  3.09185000e-08  1.94973575e+00 
 3.09195000e-08  1.94999968e+00  3.09195000e-08  1.10332050e+00  3.09195000e-08  1.94957706e+00 
 3.09205000e-08  1.94999988e+00  3.09205000e-08  1.17895673e+00  3.09205000e-08  1.94942946e+00 
 3.09215000e-08  1.94999968e+00  3.09215000e-08  1.25293498e+00  3.09215000e-08  1.94927014e+00 
 3.10495000e-08  1.94994752e+00  3.10495000e-08  1.94998525e+00  3.10495000e-08  1.17732548e+00 
 3.10505000e-08  1.94994772e+00  3.10505000e-08  1.95001794e+00  3.10505000e-08  1.11978857e+00 
 3.10515000e-08  1.94994961e+00  3.10515000e-08  1.95004901e+00  3.10515000e-08  1.06208932e+00 
 3.10525000e-08  1.94994738e+00  3.10525000e-08  1.95007515e+00  3.10525000e-08  1.00405809e+00 
 3.10535000e-08  1.94994157e+00  3.10535000e-08  1.95009383e+00  3.10535000e-08  9.45547753e-01 
 3.10545000e-08  1.94993989e+00  3.10545000e-08  1.95010711e+00  3.10545000e-08  8.86432336e-01 
 3.11655000e-08  1.13125594e+00  3.11655000e-08  1.94999998e+00  3.11655000e-08  5.84468766e-04 
 3.11665000e-08  1.07898951e+00  3.11665000e-08  1.95000021e+00  3.11665000e-08  5.68969570e-04 
 3.11675000e-08  1.02680954e+00  3.11675000e-08  1.94999997e+00  3.11675000e-08  5.48502610e-04 
 3.11685000e-08  9.74625578e-01  3.11685000e-08  1.95000020e+00  3.11685000e-08  5.34113904e-04 
 3.11695000e-08  9.22402265e-01  3.11695000e-08  1.94999997e+00  3.11695000e-08  5.14697775e-04 
 3.11705000e-08  8.70088952e-01  3.11705000e-08  1.95000020e+00  3.11705000e-08  5.01353899e-04 
 3.15895000e-08  1.65538743e-05  3.15895000e-08  1.18594001e+00  3.15895000e-08 -3.47308256e-06 
 3.15905000e-08  1.59476407e-05  3.15905000e-08  1.13189911e+00  3.15905000e-08 -2.17429725e-06 
 3.15915000e-08  1.57688547e-05  3.15915000e-08  1.07721024e+00  3.15915000e-08 -1.68028673e-06 
 3.15925000e-08  1.57728711e-05  3.15925000e-08  1.02186348e+00  3.15925000e-08  1.09166038e-06 
 3.15935000e-08  1.60917911e-05  3.15935000e-08  9.65880875e-01  3.15935000e-08  2.72724124e-06 
 3.15945000e-08  1.63501686e-05  3.15945000e-08  9.09265917e-01  3.15945000e-08  5.91131340e-06 
 3.17515000e-08  9.52226554e-01  3.17515000e-08  2.13512591e-04  3.17515000e-08  5.55921432e-06 
 3.17525000e-08  9.89183487e-01  3.17525000e-08  2.06911207e-04  3.17525000e-08  4.96080072e-06 
 3.17535000e-08  1.02584904e+00  3.17535000e-08  2.02426875e-04  3.17535000e-08  5.24091615e-06 
 3.17545000e-08  1.06213755e+00  3.17545000e-08  1.96160119e-04  3.17545000e-08  4.65552028e-06 
 3.17555000e-08  1.09805975e+00  3.17555000e-08  1.91954273e-04  3.17555000e-08  4.94536479e-06 
 3.17565000e-08  1.13373704e+00  3.17565000e-08  1.86001762e-04  3.17565000e-08  4.37170333e-06 
 3.20385000e-08  1.94999988e+00  3.20385000e-08  8.60219032e-01  3.20385000e-08 -8.95840676e-05 
 3.20395000e-08  1.94999973e+00  3.20395000e-08  9.41933840e-01  3.20395000e-08 -1.35317285e-04 
 3.20405000e-08  1.94999990e+00  3.20405000e-08  1.02188962e+00  3.20405000e-08 -1.66810420e-04 
 3.20415000e-08  1.94999975e+00  3.20415000e-08  1.10001382e+00  3.20415000e-08 -1.87131548e-04 
 3.20425000e-08  1.94999993e+00  3.20425000e-08  1.17637020e+00  3.20425000e-08 -2.02743792e-04 
 3.20435000e-08  1.94999976e+00  3.20435000e-08  1.25109880e+00  3.20435000e-08 -2.29274938e-04 
 3.21575000e-08  1.95001221e+00  3.21575000e-08  1.94994585e+00  3.21575000e-08  8.90721205e-01 
 3.21585000e-08  1.95001050e+00  3.21585000e-08  1.94995258e+00  3.21585000e-08  9.51110045e-01 
 3.21595000e-08  1.95000790e+00  3.21595000e-08  1.94995807e+00  3.21595000e-08  1.01080872e+00 
 3.21605000e-08  1.95000484e+00  3.21605000e-08  1.94996333e+00  3.21605000e-08  1.07269575e+00 
 3.21615000e-08  1.95000139e+00  3.21615000e-08  1.94996774e+00  3.21615000e-08  1.14060159e+00 
 3.21625000e-08  1.94999837e+00  3.21625000e-08  1.94996120e+00  3.21625000e-08  1.21404848e+00 
 3.22875000e-08  1.13277129e+00  3.22875000e-08  1.94999960e+00  3.22875000e-08  1.94997322e+00 
 3.22885000e-08  1.08050014e+00  3.22885000e-08  1.94999968e+00  3.22885000e-08  1.94998793e+00 
 3.22895000e-08  1.02831860e+00  3.22895000e-08  1.94999964e+00  3.22895000e-08  1.94997557e+00 
 3.22905000e-08  9.76133954e-01  3.22905000e-08  1.94999972e+00  3.22905000e-08  1.94998981e+00 
 3.22915000e-08  9.23912163e-01  3.22915000e-08  1.94999968e+00  3.22915000e-08  1.94997771e+00 
 3.22925000e-08  8.71600388e-01  3.22925000e-08  1.94999975e+00  3.22925000e-08  1.94999147e+00 
 3.27115000e-08  1.65809210e-05  3.27115000e-08  1.18757255e+00  3.27115000e-08  1.94994270e+00 
 3.27125000e-08  1.59788473e-05  3.27125000e-08  1.13355303e+00  3.27125000e-08  1.94993737e+00 
 3.27135000e-08  1.57696605e-05  3.27135000e-08  1.07888706e+00  3.27135000e-08  1.94993451e+00 
 3.27145000e-08  1.57642704e-05  3.27145000e-08  1.02356130e+00  3.27145000e-08  1.94993693e+00 
 3.27155000e-08  1.60671060e-05  3.27155000e-08  9.67600430e-01  3.27155000e-08  1.94994509e+00 
 3.27165000e-08  1.63338504e-05  3.27165000e-08  9.11004614e-01  3.27165000e-08  1.94996053e+00 
 3.28735000e-08  9.49936707e-01  3.28735000e-08  1.84864166e-04  3.28735000e-08  1.94992708e+00 
 3.28745000e-08  9.86909545e-01  3.28745000e-08  1.79668662e-04  3.28745000e-08  1.94993015e+00 
 3.28755000e-08  1.02359640e+00  3.28755000e-08  1.75723797e-04  3.28755000e-08  1.94993131e+00 
 3.28765000e-08  1.05990866e+00  3.28765000e-08  1.70765843e-04  3.28765000e-08  1.94993424e+00 
 3.28775000e-08  1.09585053e+00  3.28775000e-08  1.67020754e-04  3.28775000e-08  1.94993529e+00 
 3.28785000e-08  1.13153731e+00  3.28785000e-08  1.62290477e-04  3.28785000e-08  1.94993807e+00 
 3.31605000e-08  1.94999988e+00  3.31605000e-08  8.57044453e-01  3.31605000e-08  1.95002331e+00 
 3.31615000e-08  1.94999978e+00  3.31615000e-08  9.38751607e-01  3.31615000e-08  1.94989425e+00 
 3.31625000e-08  1.94999990e+00  3.31625000e-08  1.01852948e+00  3.31625000e-08  1.94974975e+00 
 3.31635000e-08  1.94999978e+00  3.31635000e-08  1.09628066e+00  3.31635000e-08  1.94959130e+00 
 3.31645000e-08  1.94999988e+00  3.31645000e-08  1.17207259e+00  3.31645000e-08  1.94944239e+00 
 3.31655000e-08  1.94999979e+00  3.31655000e-08  1.24619119e+00  3.31655000e-08  1.94928606e+00 
 3.32935000e-08  1.94994751e+00  3.32935000e-08  1.94998248e+00  3.32935000e-08  1.18264442e+00 
 3.32945000e-08  1.94994775e+00  3.32945000e-08  1.95001484e+00  3.32945000e-08  1.12511079e+00 
 3.32955000e-08  1.94994912e+00  3.32955000e-08  1.95004626e+00  3.32955000e-08  1.06743768e+00 
 3.32965000e-08  1.94994822e+00  3.32965000e-08  1.95007313e+00  3.32965000e-08  1.00943967e+00 
 3.32975000e-08  1.94994194e+00  3.32975000e-08  1.95009227e+00  3.32975000e-08  9.50983087e-01 
 3.32985000e-08  1.94993999e+00  3.32985000e-08  1.95010626e+00  3.32985000e-08  8.91923689e-01 
 3.34095000e-08  1.13614007e+00  3.34095000e-08  1.94999999e+00  3.34095000e-08  5.84308156e-04 
 3.34105000e-08  1.08386165e+00  3.34105000e-08  1.95000019e+00  3.34105000e-08  5.72552615e-04 
 3.34115000e-08  1.03167971e+00  3.34115000e-08  1.94999999e+00  3.34115000e-08  5.48273576e-04 
 3.34125000e-08  9.79496291e-01  3.34125000e-08  1.95000018e+00  3.34125000e-08  5.37559102e-04 
 3.34135000e-08  9.27280562e-01  3.34135000e-08  1.94999999e+00  3.34135000e-08  5.14405806e-04 
 3.34145000e-08  8.74974483e-01  3.34145000e-08  1.95000018e+00  3.34145000e-08  5.04667693e-04 
 3.38345000e-08  1.60055568e-05  3.38345000e-08  1.13696506e+00  3.38345000e-08 -2.20081496e-06 
 3.38355000e-08  1.57687197e-05  3.38355000e-08  1.08233942e+00  3.38355000e-08 -1.87778309e-06 
 3.38365000e-08  1.57665141e-05  3.38365000e-08  1.02705085e+00  3.38365000e-08  9.29199643e-07 
 3.38375000e-08  1.60502628e-05  3.38375000e-08  9.71129664e-01  3.38375000e-08  2.43621790e-06 
 3.38385000e-08  1.63307767e-05  3.38385000e-08  9.14570169e-01  3.38385000e-08  5.68685203e-06 
 3.38395000e-08  1.65955158e-05  3.38395000e-08  8.57415495e-01  3.38395000e-08  7.65604883e-06 
 3.39955000e-08  9.48435286e-01  3.39955000e-08  2.13911621e-04  3.39955000e-08  5.42526688e-06 
 3.39965000e-08  9.85418384e-01  3.39965000e-08  2.07553822e-04  3.39965000e-08  5.12403510e-06 
 3.39975000e-08  1.02211875e+00  3.39975000e-08  2.02799252e-04  3.39975000e-08  5.10773059e-06 
 3.39985000e-08  1.05844673e+00  3.39985000e-08  1.96771620e-04  3.39985000e-08  4.81581957e-06 
 3.39995000e-08  1.09440691e+00  3.39995000e-08  1.92301631e-04  3.39995000e-08  4.81295270e-06 
 3.40005000e-08  1.13010594e+00  3.40005000e-08  1.86584058e-04  3.40005000e-08  4.52926322e-06 
 3.42825000e-08  1.94999994e+00  3.42825000e-08  8.51805760e-01  3.42825000e-08 -8.39271882e-05 
 3.42835000e-08  1.94999986e+00  3.42835000e-08  9.33690275e-01  3.42835000e-08 -1.30545152e-04 
 3.42845000e-08  1.94999992e+00  3.42845000e-08  1.01381927e+00  3.42845000e-08 -1.64399286e-04 
 3.42855000e-08  1.94999986e+00  3.42855000e-08  1.09212737e+00  3.42855000e-08 -1.85367303e-04 
 3.42865000e-08  1.94999994e+00  3.42865000e-08  1.16866490e+00  3.42865000e-08 -2.01401672e-04 
 3.42875000e-08  1.94999986e+00  3.42875000e-08  1.24357105e+00  3.42875000e-08 -2.26957449e-04 
 3.44015000e-08  1.95001234e+00  3.44015000e-08  1.94994519e+00  3.44015000e-08  8.84498743e-01 
 3.44025000e-08  1.95001069e+00  3.44025000e-08  1.94995210e+00  3.44025000e-08  9.45015677e-01 
 3.44035000e-08  1.95000818e+00  3.44035000e-08  1.94995741e+00  3.44035000e-08  1.00471319e+00 
 3.44045000e-08  1.95000513e+00  3.44045000e-08  1.94996226e+00  3.44045000e-08  1.06605541e+00 
 3.44055000e-08  1.95000172e+00  3.44055000e-08  1.94996881e+00  3.44055000e-08  1.13288423e+00 
 3.44065000e-08  1.94999862e+00  3.44065000e-08  1.94996134e+00  3.44065000e-08  1.20629155e+00 
 3.45315000e-08  1.13772153e+00  3.45315000e-08  1.94999957e+00  3.45315000e-08  1.94997094e+00 
 3.45325000e-08  1.08543819e+00  3.45325000e-08  1.94999970e+00  3.45325000e-08  1.94999010e+00 
 3.45335000e-08  1.03325446e+00  3.45335000e-08  1.94999962e+00  3.45335000e-08  1.94997341e+00 
 3.45345000e-08  9.81070294e-01  3.45345000e-08  1.94999974e+00  3.45345000e-08  1.94999188e+00 
 3.45355000e-08  9.28856056e-01  3.45355000e-08  1.94999966e+00  3.45355000e-08  1.94997556e+00 
 3.45365000e-08  8.76551622e-01  3.45365000e-08  1.94999977e+00  3.45365000e-08  1.94999345e+00 
 3.49565000e-08  1.60285287e-05  3.49565000e-08  1.13870266e+00  3.49565000e-08  1.94993780e+00 
 3.49575000e-08  1.57697847e-05  3.49575000e-08  1.08410098e+00  3.49575000e-08  1.94993456e+00 
 3.49585000e-08  1.57630904e-05  3.49585000e-08  1.02883445e+00  3.49585000e-08  1.94993647e+00 
 3.49595000e-08  1.60337402e-05  3.49595000e-08  9.72936103e-01  3.49595000e-08  1.94994400e+00 
 3.49605000e-08  1.63211998e-05  3.49605000e-08  9.16396827e-01  3.49605000e-08  1.94995879e+00 
 3.49615000e-08  1.65860019e-05  3.49615000e-08  8.59262145e-01  3.49615000e-08  1.94998012e+00 
 3.51175000e-08  9.46928396e-01  3.51175000e-08  1.85108946e-04  3.51175000e-08  1.94992693e+00 
 3.51185000e-08  9.83921580e-01  3.51185000e-08  1.80289084e-04  3.51185000e-08  1.94992989e+00 
 3.51195000e-08  1.02063544e+00  3.51195000e-08  1.75952289e-04  3.51195000e-08  1.94993117e+00 
 3.51205000e-08  1.05697913e+00  3.51205000e-08  1.71361082e-04  3.51205000e-08  1.94993399e+00 
 3.51215000e-08  1.09295263e+00  3.51215000e-08  1.67233507e-04  3.51215000e-08  1.94993516e+00 
 3.51225000e-08  1.12865890e+00  3.51225000e-08  1.62861589e-04  3.51225000e-08  1.94993784e+00 
 3.54045000e-08  1.94999997e+00  3.54045000e-08  8.50335652e-01  3.54045000e-08  1.95003495e+00 
 3.54055000e-08  1.94999994e+00  3.54055000e-08  9.32192733e-01  3.54055000e-08  1.94990500e+00 
 3.54065000e-08  1.94999996e+00  3.54065000e-08  1.01212973e+00  3.54065000e-08  1.94976197e+00 
 3.54075000e-08  1.94999993e+00  3.54075000e-08  1.09004662e+00  3.54075000e-08  1.94960424e+00 
 3.54085000e-08  1.94999997e+00  3.54085000e-08  1.16598632e+00  3.54085000e-08  1.94945338e+00 
 3.54095000e-08  1.94999993e+00  3.54095000e-08  1.24023103e+00  3.54095000e-08  1.94929976e+00 
 3.55375000e-08  1.94994750e+00  3.55375000e-08  1.94998001e+00  3.55375000e-08  1.18731946e+00 
 3.55385000e-08  1.94994776e+00  3.55385000e-08  1.95001212e+00  3.55385000e-08  1.12978785e+00 
 3.55395000e-08  1.94994863e+00  3.55395000e-08  1.95004376e+00  3.55395000e-08  1.07213652e+00 
 3.55405000e-08  1.94994896e+00  3.55405000e-08  1.95007134e+00  3.55405000e-08  1.01416666e+00 
 3.55415000e-08  1.94994231e+00  3.55415000e-08  1.95009082e+00  3.55415000e-08  9.55756444e-01 
 3.55425000e-08  1.94994010e+00  3.55425000e-08  1.95010550e+00  3.55425000e-08  8.96745759e-01 
 3.56535000e-08  1.14020836e+00  3.56535000e-08  1.95000000e+00  3.56535000e-08  5.83811780e-04 
 3.56545000e-08  1.08791985e+00  3.56545000e-08  1.95000018e+00  3.56545000e-08  5.75965770e-04 
 3.56555000e-08  1.03573555e+00  3.56555000e-08  1.95000000e+00  3.56555000e-08  5.47726652e-04 
 3.56565000e-08  9.83552384e-01  3.56565000e-08  1.95000018e+00  3.56565000e-08  5.40846862e-04 
 3.56575000e-08  9.31342460e-01  3.56575000e-08  1.94999999e+00  3.56575000e-08  5.13812868e-04 
 3.56585000e-08  8.79042436e-01  3.56585000e-08  1.95000018e+00  3.56585000e-08  5.07835714e-04 
 3.60785000e-08  1.60504901e-05  3.60785000e-08  1.14117792e+00  3.60785000e-08 -2.22206417e-06 
 3.60795000e-08  1.57702430e-05  3.60795000e-08  1.08660483e+00  3.60795000e-08 -2.03373872e-06 
 3.60805000e-08  1.57648582e-05  3.60805000e-08  1.03136468e+00  3.60805000e-08  7.93450530e-07 
 3.60815000e-08  1.60205856e-05  3.60815000e-08  9.75494617e-01  3.60815000e-08  2.19773171e-06 
 3.60825000e-08  1.63178974e-05  3.60825000e-08  9.18981384e-01  3.60825000e-08  5.44522228e-06 
 3.60835000e-08  1.65778529e-05  3.60835000e-08  8.61874187e-01  3.60835000e-08  7.37175885e-06 
 3.62395000e-08  9.45978588e-01  3.62395000e-08  2.14209220e-04  3.62395000e-08  5.30444639e-06 
 3.62405000e-08  9.82976940e-01  3.62405000e-08  2.08117607e-04  3.62405000e-08  5.26930785e-06 
 3.62415000e-08  1.01969854e+00  3.62415000e-08  2.03075638e-04  3.62415000e-08  4.98723939e-06 
 3.62425000e-08  1.05605167e+00  3.62425000e-08  1.97308808e-04  3.62425000e-08  4.95886994e-06 
 3.62435000e-08  1.09202777e+00  3.62435000e-08  1.92558221e-04  3.62435000e-08  4.69304583e-06 
 3.62445000e-08  1.12773284e+00  3.62445000e-08  1.87096194e-04  3.62445000e-08  4.67012102e-06 
 3.65265000e-08  1.94999999e+00  3.65265000e-08  8.46144602e-01  3.65265000e-08 -8.00876641e-05 
 3.65275000e-08  1.94999999e+00  3.65275000e-08  9.28144824e-01  3.65275000e-08 -1.27319410e-04 
 3.65285000e-08  1.94999999e+00  3.65285000e-08  1.00839560e+00  3.65285000e-08 -1.62795438e-04 
 3.65295000e-08  1.94999999e+00  3.65295000e-08  1.08683070e+00  3.65295000e-08 -1.84205909e-04 
 3.65305000e-08  1.94999999e+00  3.65305000e-08  1.16348264e+00  3.65305000e-08 -2.00329214e-04 
 3.65315000e-08  1.94999998e+00  3.65315000e-08  1.23849950e+00  3.65315000e-08 -2.25287326e-04 
 3.66455000e-08  1.95001244e+00  3.66455000e-08  1.94994471e+00  3.66455000e-08  8.80280941e-01 
 3.66465000e-08  1.95001083e+00  3.66465000e-08  1.94995176e+00  3.66465000e-08  9.40890433e-01 
 3.66475000e-08  1.95000840e+00  3.66475000e-08  1.94995693e+00  3.66475000e-08  1.00060124e+00 
 3.66485000e-08  1.95000536e+00  3.66485000e-08  1.94996208e+00  3.66485000e-08  1.06182862e+00 
 3.66495000e-08  1.95000199e+00  3.66495000e-08  1.94996889e+00  3.66495000e-08  1.12832058e+00 
 3.66505000e-08  1.94999882e+00  3.66505000e-08  1.94996141e+00  3.66505000e-08  1.20158293e+00 
 3.67755000e-08  1.14146520e+00  3.67755000e-08  1.94999957e+00  3.67755000e-08  1.94997095e+00 
 3.67765000e-08  1.08917270e+00  3.67765000e-08  1.94999970e+00  3.67765000e-08  1.94998989e+00 
 3.67775000e-08  1.03698681e+00  3.67775000e-08  1.94999961e+00  3.67775000e-08  1.94997340e+00 
 3.67785000e-08  9.84802931e-01  3.67785000e-08  1.94999974e+00  3.67785000e-08  1.94999175e+00 
 3.67795000e-08  9.32594066e-01  3.67795000e-08  1.94999965e+00  3.67795000e-08  1.94997564e+00 
 3.67805000e-08  8.80295309e-01  3.67805000e-08  1.94999978e+00  3.67805000e-08  1.94999334e+00 
 3.72005000e-08  1.60781439e-05  3.72005000e-08  1.14262376e+00  3.72005000e-08  1.94993813e+00 
 3.72015000e-08  1.57732087e-05  3.72015000e-08  1.08807105e+00  3.72015000e-08  1.94993467e+00 
 3.72025000e-08  1.57589181e-05  3.72025000e-08  1.03284968e+00  3.72025000e-08  1.94993614e+00 
 3.72035000e-08  1.60003352e-05  3.72035000e-08  9.76999019e-01  3.72035000e-08  1.94994324e+00 
 3.72045000e-08  1.63030107e-05  3.72045000e-08  9.20502954e-01  3.72045000e-08  1.94995747e+00 
 3.72055000e-08  1.65652475e-05  3.72055000e-08  8.63412615e-01  3.72055000e-08  1.94997835e+00 
 3.73615000e-08  9.44119674e-01  3.73615000e-08  1.85291010e-04  3.73615000e-08  1.94992683e+00 
 3.73625000e-08  9.81129941e-01  3.73625000e-08  1.80768409e-04  3.73625000e-08  1.94992969e+00 
 3.73635000e-08  1.01786779e+00  3.73635000e-08  1.76121868e-04  3.73635000e-08  1.94993108e+00 
 3.73645000e-08  1.05424020e+00  3.73645000e-08  1.71821374e-04  3.73645000e-08  1.94993380e+00 
 3.73655000e-08  1.09023301e+00  3.73655000e-08  1.67391277e-04  3.73655000e-08  1.94993507e+00 
 3.73665000e-08  1.12594989e+00  3.73665000e-08  1.63303650e-04  3.73665000e-08  1.94993766e+00 
 3.76485000e-08  1.94999990e+00  3.76485000e-08  8.43890061e-01  3.76485000e-08  1.95004582e+00 
 3.76495000e-08  1.94999995e+00  3.76495000e-08  9.25890728e-01  3.76495000e-08  1.94991521e+00 
 3.76505000e-08  1.94999990e+00  3.76505000e-08  1.00598025e+00  3.76505000e-08  1.94977363e+00 
 3.76515000e-08  1.94999996e+00  3.76515000e-08  1.08405696e+00  3.76515000e-08  1.94961661e+00 
 3.76525000e-08  1.94999992e+00  3.76525000e-08  1.16015241e+00  3.76525000e-08  1.94946366e+00 
 3.76535000e-08  1.94999997e+00  3.76535000e-08  1.23453264e+00  3.76535000e-08  1.94931280e+00 
 3.77815000e-08  1.94994751e+00  3.77815000e-08  1.94997766e+00  3.77815000e-08  1.19174601e+00 
 3.77825000e-08  1.94994775e+00  3.77825000e-08  1.95000954e+00  3.77825000e-08  1.13421560e+00 
 3.77835000e-08  1.94994796e+00  3.77835000e-08  1.95004146e+00  3.77835000e-08  1.07658375e+00 
 3.77845000e-08  1.94994951e+00  3.77845000e-08  1.95006975e+00  3.77845000e-08  1.01863934e+00 
 3.77855000e-08  1.94994264e+00  3.77855000e-08  1.95008940e+00  3.77855000e-08  9.60272248e-01 
 3.77865000e-08  1.94994019e+00  3.77865000e-08  1.95010470e+00  3.77865000e-08  9.01307773e-01 
 3.78975000e-08  1.14422856e+00  3.78975000e-08  1.95000000e+00  3.78975000e-08  5.83098920e-04 
 3.78985000e-08  1.09192993e+00  3.78985000e-08  1.95000018e+00  3.78985000e-08  5.79486615e-04 
 3.78995000e-08  1.03974289e+00  3.78995000e-08  1.95000000e+00  3.78995000e-08  5.46970301e-04 
 3.79005000e-08  9.87559709e-01  3.79005000e-08  1.95000018e+00  3.79005000e-08  5.44241724e-04 
 3.79015000e-08  9.35355246e-01  3.79015000e-08  1.94999999e+00  3.79015000e-08  5.13017303e-04 
 3.79025000e-08  8.83061161e-01  3.79025000e-08  1.95000018e+00  3.79025000e-08  5.11110136e-04 
 3.83225000e-08  1.61009463e-05  3.83225000e-08  1.14545631e+00  3.83225000e-08 -2.23062639e-06 
 3.83235000e-08  1.57741174e-05  3.83235000e-08  1.09093674e+00  3.83235000e-08 -2.19280583e-06 
 3.83245000e-08  1.57624736e-05  3.83245000e-08  1.03574598e+00  3.83245000e-08  6.66770339e-07 
 3.83255000e-08  1.59877942e-05  3.83255000e-08  9.79928039e-01  3.83255000e-08  1.95405151e-06 
 3.83265000e-08  1.63009993e-05  3.83265000e-08  9.23462084e-01  3.83265000e-08  5.26825859e-06 
 3.83275000e-08  1.65566737e-05  3.83275000e-08  8.66403367e-01  3.83275000e-08  7.13392818e-06 
 3.84835000e-08  9.43002072e-01  3.84835000e-08  2.14518710e-04  3.84835000e-08  5.20589652e-06 
 3.84845000e-08  9.80019372e-01  3.84845000e-08  2.08692446e-04  3.84845000e-08  5.39323050e-06 
 3.84855000e-08  1.01676687e+00  3.84855000e-08  2.03363345e-04  3.84855000e-08  4.88851873e-06 
 3.84865000e-08  1.05315084e+00  3.84865000e-08  1.97856371e-04  3.84865000e-08  5.08112982e-06 
 3.84875000e-08  1.08915381e+00  3.84875000e-08  1.92825526e-04  3.84875000e-08  4.59420692e-06 
 3.84885000e-08  1.12487670e+00  3.84885000e-08  1.87618088e-04  3.84885000e-08  4.79080705e-06 
 3.87705000e-08  1.94999984e+00  3.87705000e-08  8.39434848e-01  3.87705000e-08 -7.55467601e-05 
 3.87715000e-08  1.94999992e+00  3.87715000e-08  9.21570909e-01  3.87715000e-08 -1.23845990e-04 
 3.87725000e-08  1.94999984e+00  3.87725000e-08  1.00196516e+00  3.87725000e-08 -1.61672034e-04 
 3.87735000e-08  1.94999994e+00  3.87735000e-08  1.08055101e+00  3.87735000e-08 -1.83544355e-04 
 3.87745000e-08  1.94999986e+00  3.87745000e-08  1.15733932e+00  3.87745000e-08 -1.99128307e-04 
 3.87755000e-08  1.94999995e+00  3.87755000e-08  1.23248703e+00  3.87755000e-08 -2.23090955e-04 
 3.88895000e-08  1.95001255e+00  3.88895000e-08  1.94994457e+00  3.88895000e-08  8.75310348e-01 
 3.88905000e-08  1.95001098e+00  3.88905000e-08  1.94995097e+00  3.88905000e-08  9.36032127e-01 
 3.88915000e-08  1.95000864e+00  3.88915000e-08  1.94995674e+00  3.88915000e-08  9.95769092e-01 
 3.88925000e-08  1.95000560e+00  3.88925000e-08  1.94996165e+00  3.88925000e-08  1.05665502e+00 
 3.88935000e-08  1.95000228e+00  3.88935000e-08  1.94996886e+00  3.88935000e-08  1.12259298e+00 
 3.88945000e-08  1.94999903e+00  3.88945000e-08  1.94996131e+00  3.88945000e-08  1.19562747e+00 
 3.90195000e-08  1.14564374e+00  3.90195000e-08  1.94999963e+00  3.90195000e-08  1.94997189e+00 
 3.90205000e-08  1.09334177e+00  3.90205000e-08  1.94999964e+00  3.90205000e-08  1.94998884e+00 
 3.90215000e-08  1.04115168e+00  3.90215000e-08  1.94999968e+00  3.90215000e-08  1.94997438e+00 
 3.90225000e-08  9.88968706e-01  3.90225000e-08  1.94999968e+00  3.90225000e-08  1.94999068e+00 
 3.90235000e-08  9.36764353e-01  3.90235000e-08  1.94999971e+00  3.90235000e-08  1.94997086e+00 
 3.90245000e-08  8.84472666e-01  3.90245000e-08  1.94999971e+00  3.90245000e-08  1.94998197e+00 
 3.94445000e-08  1.61324766e-05  3.94445000e-08  1.14697407e+00  3.94445000e-08  1.94993848e+00 
 3.94455000e-08  1.57790129e-05  3.94455000e-08  1.09247575e+00  3.94455000e-08  1.94993483e+00 
 3.94465000e-08  1.57563044e-05  3.94465000e-08  1.03730461e+00  3.94465000e-08  1.94993578e+00 
 3.94475000e-08  1.59656380e-05  3.94475000e-08  9.81507005e-01  3.94475000e-08  1.94994246e+00 
 3.94485000e-08  1.62833896e-05  3.94485000e-08  9.25059102e-01  3.94485000e-08  1.94995605e+00 
 3.94495000e-08  1.65415697e-05  3.94495000e-08  8.68018170e-01  3.94495000e-08  1.94997644e+00 
 3.96055000e-08  9.41042451e-01  3.96055000e-08  1.85505440e-04  3.96055000e-08  1.94992673e+00 
 3.96065000e-08  9.78071870e-01  3.96065000e-08  1.81298699e-04  3.96065000e-08  1.94992944e+00 
 3.96075000e-08  1.01483606e+00  3.96075000e-08  1.76322063e-04  3.96075000e-08  1.94993099e+00 
 3.96085000e-08  1.05124857e+00  3.96085000e-08  1.72330162e-04  3.96085000e-08  1.94993356e+00 
 3.96095000e-08  1.08727752e+00  3.96095000e-08  1.67578012e-04  3.96095000e-08  1.94993499e+00 
 3.96105000e-08  1.12301089e+00  3.96105000e-08  1.63791973e-04  3.96105000e-08  1.94993743e+00 
 3.98925000e-08  1.94999970e+00  3.98925000e-08  8.37101434e-01  3.98925000e-08  1.95005694e+00 
 3.98935000e-08  1.94999987e+00  3.98935000e-08  9.19252904e-01  3.98935000e-08  1.94992586e+00 
 3.98945000e-08  1.94999973e+00  3.98945000e-08  9.99502705e-01  3.98945000e-08  1.94978587e+00 
 3.98955000e-08  1.94999989e+00  3.98955000e-08  1.07774836e+00  3.98955000e-08  1.94962959e+00 
 3.98965000e-08  1.94999976e+00  3.98965000e-08  1.15399623e+00  3.98965000e-08  1.94947457e+00 
 3.98975000e-08  1.94999992e+00  3.98975000e-08  1.22850741e+00  3.98975000e-08  1.94932660e+00 
 4.00255000e-08  1.94994751e+00  4.00255000e-08  1.94997538e+00  4.00255000e-08  1.19646467e+00 
 4.00265000e-08  1.94994773e+00  4.00265000e-08  1.95000651e+00  4.00265000e-08  1.13893486e+00 
 4.00275000e-08  1.94994734e+00  4.00275000e-08  1.95003909e+00  4.00275000e-08  1.08132263e+00 
 4.00285000e-08  1.94995029e+00  4.00285000e-08  1.95006765e+00  4.00285000e-08  1.02340461e+00 
 4.00295000e-08  1.94994312e+00  4.00295000e-08  1.95008807e+00  4.00295000e-08  9.65082468e-01 
 4.00305000e-08  1.94994034e+00  4.00305000e-08  1.95010365e+00  4.00305000e-08  9.06166091e-01 
 4.01415000e-08  1.14871976e+00  4.01415000e-08  1.95000006e+00  4.01415000e-08  5.87037812e-04 
 4.01425000e-08  1.09641319e+00  4.01425000e-08  1.95000012e+00  4.01425000e-08  5.78654968e-04 
 4.01435000e-08  1.04421873e+00  4.01435000e-08  1.95000006e+00  4.01435000e-08  5.50779358e-04 
 4.01445000e-08  9.92038434e-01  4.01445000e-08  1.95000012e+00  4.01445000e-08  5.43354321e-04 
 4.01455000e-08  9.39836264e-01  4.01455000e-08  1.95000005e+00  4.01455000e-08  5.16702306e-04 
 4.01465000e-08  8.87551683e-01  4.01465000e-08  1.95000012e+00  4.01465000e-08  5.10171855e-04 
 4.05665000e-08  1.61625238e-05  4.05665000e-08  1.15005453e+00  4.05665000e-08 -2.48527464e-06 
 4.05675000e-08  1.57834772e-05  4.05675000e-08  1.09559251e+00  4.05675000e-08 -2.12851174e-06 
 4.05685000e-08  1.57571302e-05  4.05685000e-08  1.04045486e+00  4.05685000e-08  2.89319617e-07 
 4.05695000e-08  1.59487085e-05  4.05695000e-08  9.84693049e-01  4.05695000e-08  1.84910281e-06 
 4.05705000e-08  1.62745951e-05  4.05705000e-08  9.28278067e-01  4.05705000e-08  4.86554504e-06 
 4.05715000e-08  1.65293359e-05  4.05715000e-08  8.71271646e-01  4.05715000e-08  7.07465834e-06 
 4.07275000e-08  9.39328196e-01  4.07275000e-08  2.14861473e-04  4.07275000e-08  5.17752272e-06 
 4.07285000e-08  9.76368013e-01  4.07285000e-08  2.09312016e-04  4.07285000e-08  5.44875398e-06 
 4.07295000e-08  1.01314661e+00  4.07295000e-08  2.03681846e-04  4.07295000e-08  4.85925264e-06 
 4.07305000e-08  1.04957691e+00  4.07305000e-08  1.98445444e-04  4.07305000e-08  5.13554779e-06 
 4.07315000e-08  1.08562192e+00  4.07315000e-08  1.93122207e-04  4.07315000e-08  4.56416616e-06 
 4.07325000e-08  1.12136533e+00  4.07325000e-08  1.88180044e-04  4.07325000e-08  4.84431973e-06 
 4.10145000e-08  1.94999959e+00  4.10145000e-08  8.31335435e-01  4.10145000e-08 -7.01098772e-05 
 4.10155000e-08  1.94999978e+00  4.10155000e-08  9.13631022e-01  4.10155000e-08 -1.19732177e-04 
 4.10165000e-08  1.94999959e+00  4.10165000e-08  9.94201015e-01  4.10165000e-08 -1.58367917e-04 
 4.10175000e-08  1.94999983e+00  4.10175000e-08  1.07297230e+00  4.10175000e-08 -1.80468461e-04 
 4.10185000e-08  1.94999961e+00  4.10185000e-08  1.14991523e+00  4.10185000e-08 -1.97208657e-04 
 4.10195000e-08  1.94999980e+00  4.10195000e-08  1.22520938e+00  4.10195000e-08 -2.20223138e-04 
 4.11335000e-08  1.95001264e+00  4.11335000e-08  1.94994430e+00  4.11335000e-08  8.69258507e-01 
 4.11345000e-08  1.95001113e+00  4.11345000e-08  1.94995000e+00  4.11345000e-08  9.30122811e-01 
 4.11355000e-08  1.95000890e+00  4.11355000e-08  1.94995641e+00  4.11355000e-08  9.89906922e-01 
 4.11365000e-08  1.95000587e+00  4.11365000e-08  1.94996108e+00  4.11365000e-08  1.05045713e+00 
 4.11375000e-08  1.95000261e+00  4.11375000e-08  1.94996867e+00  4.11375000e-08  1.11571960e+00 
 4.11385000e-08  1.94999927e+00  4.11385000e-08  1.94996138e+00  4.11385000e-08  1.18838953e+00 
 4.12635000e-08  1.15050243e+00  4.12635000e-08  1.94999970e+00  4.12635000e-08  1.94997285e+00 
 4.12645000e-08  1.09819135e+00  4.12645000e-08  1.94999956e+00  4.12645000e-08  1.94998697e+00 
 4.12655000e-08  1.04599271e+00  4.12655000e-08  1.94999973e+00  4.12655000e-08  1.94996935e+00 
 4.12665000e-08  9.93811974e-01  4.12665000e-08  1.94999961e+00  4.12665000e-08  1.94997821e+00 
 4.12675000e-08  9.41610264e-01  4.12675000e-08  1.94999979e+00  4.12675000e-08  1.94996883e+00 
 4.12685000e-08  8.89328163e-01  4.12685000e-08  1.94999965e+00  4.12685000e-08  1.94998350e+00 
 4.16885000e-08  1.61912921e-05  4.16885000e-08  1.15187597e+00  4.16885000e-08  1.94993891e+00 
 4.16895000e-08  1.57901564e-05  4.16895000e-08  1.09743998e+00  4.16895000e-08  1.94993505e+00 
 4.16905000e-08  1.57538363e-05  4.16905000e-08  1.04232644e+00  4.16905000e-08  1.94993543e+00 
 4.16915000e-08  1.59313418e-05  4.16915000e-08  9.86589598e-01  4.16915000e-08  1.94994162e+00 
 4.16925000e-08  1.62600974e-05  4.16925000e-08  9.30196982e-01  4.16925000e-08  1.94995448e+00 
 4.16935000e-08  1.65163842e-05  4.16935000e-08  8.73212719e-01  4.16935000e-08  1.94997431e+00 
 4.18495000e-08  9.37707014e-01  4.18495000e-08  1.85755845e-04  4.18495000e-08  1.94992663e+00 
 4.18505000e-08  9.74758233e-01  4.18505000e-08  1.81892631e-04  4.18505000e-08  1.94992914e+00 
 4.18515000e-08  1.01155191e+00  4.18515000e-08  1.76556327e-04  4.18515000e-08  1.94993090e+00 
 4.18525000e-08  1.04799799e+00  4.18525000e-08  1.72900092e-04  4.18525000e-08  1.94993328e+00 
 4.18535000e-08  1.08405822e+00  4.18535000e-08  1.67796808e-04  4.18535000e-08  1.94993491e+00 
 4.18545000e-08  1.11981095e+00  4.18545000e-08  1.64339310e-04  4.18545000e-08  1.94993716e+00 
 4.20000000e-08  1.94990548e+00  4.20000000e-08  1.00863798e-05  4.20000000e-08  1.94999877e+00 
