 time            v(b_out)        time            v(u_puf_u_core_sel_ro) time            v(q)           
 0.00000000e+00  4.68653885e-09  0.00000000e+00  2.46749735e-09  0.00000000e+00  2.46749746e-09 
 2.57750000e-09  9.09165354e-01  2.57750000e-09  2.61935423e-09  2.57750000e-09  2.46804999e-09 
 2.57850000e-09  9.50762293e-01  2.57850000e-09  2.85482440e-09  2.57850000e-09  2.46813592e-09 
 2.57950000e-09  9.91971533e-01  2.57950000e-09  3.16231480e-09  2.57950000e-09  2.46810200e-09 
 2.58050000e-09  1.03279941e+00  2.58050000e-09  3.37829936e-09  2.58050000e-09  2.46776233e-09 
 2.58150000e-09  1.07325856e+00  2.58150000e-09  3.43894699e-09  2.58150000e-09  2.46745879e-09 
 2.58250000e-09  1.11334802e+00  2.58250000e-09  3.41111558e-09  2.58250000e-09  2.46735460e-09 
 2.77850000e-09  1.94979837e+00  2.77850000e-09  8.29888651e-01  2.77850000e-09 -7.05150575e-05 
 2.77950000e-09  1.94980105e+00  2.77950000e-09  9.12484943e-01  2.77950000e-09 -1.19673152e-04 
 2.78050000e-09  1.94980427e+00  2.78050000e-09  9.93230759e-01  2.78050000e-09 -1.58250627e-04 
 2.78150000e-09  1.94980681e+00  2.78150000e-09  1.07206625e+00  2.78150000e-09 -1.80027038e-04 
 2.78250000e-09  1.94980988e+00  2.78250000e-09  1.14902492e+00  2.78250000e-09 -1.96420417e-04 
 2.78350000e-09  1.94981229e+00  2.78350000e-09  1.22429184e+00  2.78350000e-09 -2.18532065e-04 
 2.89750000e-09  1.94993523e+00  2.89750000e-09  1.94993271e+00  2.89750000e-09  8.56266944e-01 
 2.89850000e-09  1.94993573e+00  2.89850000e-09  1.94993951e+00  2.89850000e-09  9.17376725e-01 
 2.89950000e-09  1.94993604e+00  2.89950000e-09  1.94994569e+00  2.89950000e-09  9.77207798e-01 
 2.90050000e-09  1.94993653e+00  2.90050000e-09  1.94995235e+00  2.90050000e-09  1.03714985e+00 
 2.90150000e-09  1.94993683e+00  2.90150000e-09  1.94995912e+00  2.90150000e-09  1.10094326e+00 
 2.90250000e-09  1.94993731e+00  2.90250000e-09  1.94995599e+00  2.90250000e-09  1.17231328e+00 
 3.11450000e-09  1.13301558e+00  3.11450000e-09  1.94999950e+00  3.11450000e-09  1.94999910e+00 
 3.11550000e-09  1.08096375e+00  3.11550000e-09  1.94999952e+00  3.11550000e-09  1.94999798e+00 
 3.11650000e-09  1.02921075e+00  3.11650000e-09  1.94999950e+00  3.11650000e-09  1.94999944e+00 
 3.11750000e-09  9.77658125e-01  3.11750000e-09  1.94999952e+00  3.11750000e-09  1.94999782e+00 
 3.11850000e-09  9.26282640e-01  3.11850000e-09  1.94999951e+00  3.11850000e-09  1.94999884e+00 
 3.11950000e-09  8.75015407e-01  3.11950000e-09  1.94999953e+00  3.11950000e-09  1.94999783e+00 
 3.48650000e-09  6.40614998e-05  3.48650000e-09  1.18928634e+00  3.48650000e-09  1.94994292e+00 
 3.48750000e-09  6.27010453e-05  3.48750000e-09  1.13526860e+00  3.48750000e-09  1.94993750e+00 
 3.48850000e-09  6.13732614e-05  3.48850000e-09  1.08060597e+00  3.48850000e-09  1.94993454e+00 
 3.48950000e-09  6.00388772e-05  3.48950000e-09  1.02528089e+00  3.48950000e-09  1.94993676e+00 
 3.49050000e-09  5.87432227e-05  3.49050000e-09  9.69321976e-01  3.49050000e-09  1.94994474e+00 
 3.49150000e-09  5.74811059e-05  3.49150000e-09  9.12725258e-01  3.49150000e-09  1.94995995e+00 
 3.69950000e-09  9.08433809e-01  3.69950000e-09  5.01734774e-05  3.69950000e-09  1.94998410e+00 
 3.70050000e-09  9.50037817e-01  3.70050000e-09  4.91642882e-05  3.70050000e-09  1.94998393e+00 
 3.70150000e-09  9.91253502e-01  3.70150000e-09  4.76936075e-05  3.70150000e-09  1.94998499e+00 
 3.70250000e-09  1.03208802e+00  3.70250000e-09  4.67414402e-05  3.70250000e-09  1.94998481e+00 
 3.70350000e-09  1.07255348e+00  3.70350000e-09  4.53371983e-05  3.70350000e-09  1.94998584e+00 
 3.70450000e-09  1.11264965e+00  3.70450000e-09  4.44389803e-05  3.70450000e-09  1.94998564e+00 
 3.89950000e-09  1.94979491e+00  3.89950000e-09  7.81614791e-01  3.89950000e-09  1.95013442e+00 
 3.90050000e-09  1.94979833e+00  3.90050000e-09  8.65248609e-01  3.90050000e-09  1.95000820e+00 
 3.90150000e-09  1.94980098e+00  3.90150000e-09  9.46995060e-01  3.90150000e-09  1.94987894e+00 
 3.90250000e-09  1.94980424e+00  3.90250000e-09  1.02667050e+00  3.90250000e-09  1.94973130e+00 
 3.90350000e-09  1.94980674e+00  3.90350000e-09  1.10424817e+00  3.90350000e-09  1.94957175e+00 
 3.90450000e-09  1.94980985e+00  3.90450000e-09  1.17981940e+00  3.90450000e-09  1.94942395e+00 
 4.03350000e-09  1.94994054e+00  4.03350000e-09  1.94998146e+00  4.03350000e-09  1.17726541e+00 
 4.03450000e-09  1.94994097e+00  4.03450000e-09  1.95001303e+00  4.03450000e-09  1.11972489e+00 
 4.03550000e-09  1.94994123e+00  4.03550000e-09  1.95004457e+00  4.03550000e-09  1.06202120e+00 
 4.03650000e-09  1.94994165e+00  4.03650000e-09  1.95007054e+00  4.03650000e-09  1.00398422e+00 
 4.03750000e-09  1.94994191e+00  4.03750000e-09  1.95008944e+00  4.03750000e-09  9.45467418e-01 
 4.03850000e-09  1.94994233e+00  4.03850000e-09  1.95010248e+00  4.03850000e-09  8.86345080e-01 
 4.23650000e-09  1.13425247e+00  4.23650000e-09  1.94999953e+00  4.23650000e-09  3.68263572e-05 
 4.23750000e-09  1.08219312e+00  4.23750000e-09  1.94999934e+00  4.23750000e-09  3.35838958e-05 
 4.23850000e-09  1.03043496e+00  4.23850000e-09  1.94999954e+00  4.23850000e-09  3.47795145e-05 
 4.23950000e-09  9.78877760e-01  4.23950000e-09  1.94999934e+00  4.23950000e-09  3.13028700e-05 
 4.24050000e-09  9.27499649e-01  4.24050000e-09  1.94999954e+00  4.24050000e-09  3.24889592e-05 
 4.24150000e-09  8.76229737e-01  4.24150000e-09  1.94999935e+00  4.24150000e-09  2.94066387e-05 
 4.60950000e-09  6.27600496e-05  4.60950000e-09  1.13752311e+00  4.60950000e-09 -2.97199444e-06 
 4.61050000e-09  6.14239951e-05  4.61050000e-09  1.08288649e+00  4.61050000e-09 -1.14478635e-06 
 4.61150000e-09  6.00960707e-05  4.61150000e-09  1.02758522e+00  4.61150000e-09  1.36001207e-07 
 4.61250000e-09  5.87917358e-05  4.61250000e-09  9.71652042e-01  4.61250000e-09  2.89980190e-06 
 4.61350000e-09  5.75355147e-05  4.61350000e-09  9.15078863e-01  4.61350000e-09  4.98407437e-06 
 4.61450000e-09  5.63249290e-05  4.61450000e-09  8.57911086e-01  4.61450000e-09  8.26866876e-06 
 4.82150000e-09  9.07560936e-01  4.82150000e-09  5.64598378e-05  4.82150000e-09  9.22457430e-07 
 4.82250000e-09  9.49173419e-01  4.82250000e-09  5.55073778e-05  4.82250000e-09  1.58240618e-06 
 4.82350000e-09  9.90396991e-01  4.82350000e-09  5.36435771e-05  4.82350000e-09  8.62698310e-07 
 4.82450000e-09  1.03123943e+00  4.82450000e-09  5.27538291e-05  4.82450000e-09  1.52466158e-06 
 4.82550000e-09  1.07171250e+00  4.82550000e-09  5.09693973e-05  4.82550000e-09  8.35901731e-07 
 4.82650000e-09  1.11181645e+00  4.82650000e-09  5.01388947e-05  4.82650000e-09  1.49517776e-06 
 5.02250000e-09  1.94979828e+00  5.02250000e-09  8.61495621e-01  5.02250000e-09 -9.21449999e-05 
 5.02350000e-09  1.94980091e+00  5.02350000e-09  9.43407585e-01  5.02350000e-09 -1.38345721e-04 
 5.02450000e-09  1.94980419e+00  5.02450000e-09  1.02343062e+00  5.02450000e-09 -1.68536447e-04 
 5.02550000e-09  1.94980668e+00  5.02550000e-09  1.10154896e+00  5.02550000e-09 -1.88918201e-04 
 5.02650000e-09  1.94980981e+00  5.02650000e-09  1.17783557e+00  5.02650000e-09 -2.03529016e-04 
 5.02750000e-09  1.94981217e+00  5.02750000e-09  1.25248913e+00  5.02750000e-09 -2.30606026e-04 
 5.14150000e-09  1.94993520e+00  5.14150000e-09  1.94994079e+00  5.14150000e-09  8.91516890e-01 
 5.14250000e-09  1.94993572e+00  5.14250000e-09  1.94994735e+00  5.14250000e-09  9.51888608e-01 
 5.14350000e-09  1.94993602e+00  5.14350000e-09  1.94995316e+00  5.14350000e-09  1.01158758e+00 
 5.14450000e-09  1.94993652e+00  5.14450000e-09  1.94995833e+00  5.14450000e-09  1.07352248e+00 
 5.14550000e-09  1.94993681e+00  5.14550000e-09  1.94996273e+00  5.14550000e-09  1.14154382e+00 
 5.14650000e-09  1.94993731e+00  5.14650000e-09  1.94995622e+00  5.14650000e-09  1.21499285e+00 
 5.35850000e-09  1.13563109e+00  5.35850000e-09  1.94999953e+00  5.35850000e-09  1.94999619e+00 
 5.35950000e-09  1.08356263e+00  5.35950000e-09  1.94999948e+00  5.35950000e-09  1.94999080e+00 
 5.36050000e-09  1.03179796e+00  5.36050000e-09  1.94999954e+00  5.36050000e-09  1.94999485e+00 
 5.36150000e-09  9.80234890e-01  5.36150000e-09  1.94999949e+00  5.36150000e-09  1.94999152e+00 
 5.36250000e-09  9.28853085e-01  5.36250000e-09  1.94999954e+00  5.36250000e-09  1.94999710e+00 
 5.36350000e-09  8.77579640e-01  5.36350000e-09  1.94999950e+00  5.36350000e-09  1.94999187e+00 
 5.73150000e-09  6.27793368e-05  5.73150000e-09  1.13833973e+00  5.73150000e-09  1.94993756e+00 
 5.73250000e-09  6.14377749e-05  5.73250000e-09  1.08371543e+00  5.73250000e-09  1.94993479e+00 
 5.73350000e-09  6.01158355e-05  5.73350000e-09  1.02842560e+00  5.73350000e-09  1.94993630e+00 
 5.73450000e-09  5.88048854e-05  5.73450000e-09  9.72503967e-01  5.73450000e-09  1.94994430e+00 
 5.73550000e-09  5.75535403e-05  5.73550000e-09  9.15940919e-01  5.73550000e-09  1.94995871e+00 
 5.73650000e-09  5.63363178e-05  5.73650000e-09  8.58782656e-01  5.73650000e-09  1.94998053e+00 
 5.94350000e-09  9.06434075e-01  5.94350000e-09  5.03128607e-05  5.94350000e-09  1.94998396e+00 
 5.94450000e-09  9.48057503e-01  5.94450000e-09  4.91693424e-05  5.94450000e-09  1.94998401e+00 
 5.94550000e-09  9.89291258e-01  5.94550000e-09  4.78279863e-05  5.94550000e-09  1.94998486e+00 
 5.94650000e-09  1.03014391e+00  5.94650000e-09  4.67442445e-05  5.94650000e-09  1.94998489e+00 
 5.94750000e-09  1.07062682e+00  5.94750000e-09  4.54668432e-05  5.94750000e-09  1.94998571e+00 
 5.94850000e-09  1.11074078e+00  5.94850000e-09  4.44396988e-05  5.94850000e-09  1.94998572e+00 
 6.14450000e-09  1.94979817e+00  6.14450000e-09  8.61183317e-01  6.14450000e-09  1.95001569e+00 
 6.14550000e-09  1.94980085e+00  6.14550000e-09  9.43022315e-01  6.14550000e-09  1.94988567e+00 
 6.14650000e-09  1.94980408e+00  6.14650000e-09  1.02279638e+00  6.14650000e-09  1.94973899e+00 
 6.14750000e-09  1.94980662e+00  6.14750000e-09  1.10047604e+00  6.14750000e-09  1.94957940e+00 
 6.14850000e-09  1.94980971e+00  6.14850000e-09  1.17613871e+00  6.14850000e-09  1.94943091e+00 
 6.14950000e-09  1.94981212e+00  6.14950000e-09  1.25010075e+00  6.14950000e-09  1.94927260e+00 
 6.27750000e-09  1.94994053e+00  6.27750000e-09  1.94997970e+00  6.27750000e-09  1.18020063e+00 
 6.27850000e-09  1.94994095e+00  6.27850000e-09  1.95001138e+00  6.27850000e-09  1.12266155e+00 
 6.27950000e-09  1.94994121e+00  6.27950000e-09  1.95004305e+00  6.27950000e-09  1.06497161e+00 
 6.28050000e-09  1.94994163e+00  6.28050000e-09  1.95006961e+00  6.28050000e-09  1.00695208e+00 
 6.28150000e-09  1.94994190e+00  6.28150000e-09  1.95008860e+00  6.28150000e-09  9.48463610e-01 
 6.28250000e-09  1.94994232e+00  6.28250000e-09  1.95010217e+00  6.28250000e-09  8.89370702e-01 
 6.48050000e-09  1.13659826e+00  6.48050000e-09  1.94999953e+00  6.48050000e-09  3.72753065e-05 
 6.48150000e-09  1.08452423e+00  6.48150000e-09  1.94999933e+00  6.48150000e-09  3.30891897e-05 
 6.48250000e-09  1.03275590e+00  6.48250000e-09  1.94999954e+00  6.48250000e-09  3.52272168e-05 
 6.48350000e-09  9.81189706e-01  6.48350000e-09  1.94999934e+00  6.48350000e-09  3.08437451e-05 
 6.48450000e-09  9.29806236e-01  6.48450000e-09  1.94999954e+00  6.48450000e-09  3.29534418e-05 
 6.48550000e-09  8.78530934e-01  6.48550000e-09  1.94999935e+00  6.48550000e-09  2.89542806e-05 
 6.85350000e-09  6.28277837e-05  6.85350000e-09  1.14028069e+00  6.85350000e-09 -3.03817286e-06 
 6.85450000e-09  6.14791775e-05  6.85450000e-09  1.08567848e+00  6.85450000e-09 -1.19705662e-06 
 6.85550000e-09  6.01623118e-05  6.85550000e-09  1.03040888e+00  6.85550000e-09  1.08268159e-08 
 6.85650000e-09  5.88445444e-05  6.85650000e-09  9.74509173e-01  6.85650000e-09  2.79650257e-06 
 6.85750000e-09  5.75982254e-05  6.85750000e-09  9.17966249e-01  6.85750000e-09  4.82021411e-06 
 6.85850000e-09  5.63743617e-05  6.85850000e-09  8.60829547e-01  6.85850000e-09  8.15576668e-06 
 7.06550000e-09  9.06369861e-01  7.06550000e-09  5.65929646e-05  7.06550000e-09  9.94798649e-07 
 7.06650000e-09  9.47993896e-01  7.06650000e-09  5.55266483e-05  7.06650000e-09  1.52493759e-06 
 7.06750000e-09  9.89228218e-01  7.06750000e-09  5.37722796e-05  7.06750000e-09  9.53490326e-07 
 7.06850000e-09  1.03008144e+00  7.06850000e-09  5.27709072e-05  7.06850000e-09  1.48714985e-06 
 7.06950000e-09  1.07056490e+00  7.06950000e-09  5.10918532e-05  7.06950000e-09  8.72816138e-07 
 7.07050000e-09  1.11067942e+00  7.07050000e-09  5.01525988e-05  7.07050000e-09  1.40048285e-06 
 7.26650000e-09  1.94979817e+00  7.26650000e-09  8.59162620e-01  7.26650000e-09 -9.06347695e-05 
 7.26750000e-09  1.94980085e+00  7.26750000e-09  9.41124231e-01  7.26750000e-09 -1.37035443e-04 
 7.26850000e-09  1.94980408e+00  7.26850000e-09  1.02119487e+00  7.26850000e-09 -1.67872010e-04 
 7.26950000e-09  1.94980662e+00  7.26950000e-09  1.09936068e+00  7.26950000e-09 -1.88339274e-04 
 7.27050000e-09  1.94980970e+00  7.27050000e-09  1.17569553e+00  7.27050000e-09 -2.03176533e-04 
 7.27150000e-09  1.94981212e+00  7.27150000e-09  1.25037393e+00  7.27150000e-09 -2.29613703e-04 
 7.38550000e-09  1.94993520e+00  7.38550000e-09  1.94994050e+00  7.38550000e-09  8.89741296e-01 
 7.38650000e-09  1.94993570e+00  7.38650000e-09  1.94994722e+00  7.38650000e-09  9.50150161e-01 
 7.38750000e-09  1.94993601e+00  7.38750000e-09  1.94995289e+00  7.38750000e-09  1.00984703e+00 
 7.38850000e-09  1.94993650e+00  7.38850000e-09  1.94995806e+00  7.38850000e-09  1.07167636e+00 
 7.38950000e-09  1.94993681e+00  7.38950000e-09  1.94996299e+00  7.38950000e-09  1.13943943e+00 
 7.39050000e-09  1.94993729e+00  7.39050000e-09  1.94995625e+00  7.39050000e-09  1.21288306e+00 
 7.60250000e-09  1.13704525e+00  7.60250000e-09  1.94999954e+00  7.60250000e-09  1.94999735e+00 
 7.60350000e-09  1.08496783e+00  7.60350000e-09  1.94999948e+00  7.60350000e-09  1.94999145e+00 
 7.60450000e-09  1.03319693e+00  7.60450000e-09  1.94999955e+00  7.60450000e-09  1.94999587e+00 
 7.60550000e-09  9.81628345e-01  7.60550000e-09  1.94999949e+00  7.60550000e-09  1.94999009e+00 
 7.60650000e-09  9.30243222e-01  7.60650000e-09  1.94999955e+00  7.60650000e-09  1.94999435e+00 
 7.60750000e-09  8.78966330e-01  7.60750000e-09  1.94999949e+00  7.60750000e-09  1.94999091e+00 
 7.97550000e-09  6.28161681e-05  7.97550000e-09  1.13960505e+00  7.97550000e-09  1.94993767e+00 
 7.97650000e-09  6.14682289e-05  7.97650000e-09  1.08499661e+00  7.97650000e-09  1.94993481e+00 
 7.97750000e-09  6.01522790e-05  7.97750000e-09  1.02972143e+00  7.97750000e-09  1.94993619e+00 
 7.97850000e-09  5.88339665e-05  7.97850000e-09  9.73815222e-01  7.97850000e-09  1.94994404e+00 
 7.97950000e-09  5.75876397e-05  7.97950000e-09  9.17266167e-01  7.97950000e-09  1.94995829e+00 
 7.98050000e-09  5.63630621e-05  7.98050000e-09  8.60122242e-01  7.98050000e-09  1.94997994e+00 
 8.18750000e-09  9.05271659e-01  8.18750000e-09  5.03750899e-05  8.18750000e-09  1.94998396e+00 
 8.18850000e-09  9.46906362e-01  8.18850000e-09  4.91661113e-05  8.18850000e-09  1.94998400e+00 
 8.18950000e-09  9.88150621e-01  8.18950000e-09  4.78882076e-05  8.18950000e-09  1.94998486e+00 
 8.19050000e-09  1.02901381e+00  8.19050000e-09  4.67401596e-05  8.19050000e-09  1.94998488e+00 
 8.19150000e-09  1.06950685e+00  8.19150000e-09  4.55251059e-05  8.19150000e-09  1.94998570e+00 
 8.19250000e-09  1.10963112e+00  8.19250000e-09  4.44348047e-05  8.19250000e-09  1.94998571e+00 
 8.38850000e-09  1.94979806e+00  8.38850000e-09  8.59068271e-01  8.38850000e-09  1.95001947e+00 
 8.38950000e-09  1.94980080e+00  8.38950000e-09  9.40957234e-01  8.38950000e-09  1.94988911e+00 
 8.39050000e-09  1.94980398e+00  8.39050000e-09  1.02078447e+00  8.39050000e-09  1.94974289e+00 
 8.39150000e-09  1.94980657e+00  8.39150000e-09  1.09851693e+00  8.39150000e-09  1.94958339e+00 
 8.39250000e-09  1.94980961e+00  8.39250000e-09  1.17422732e+00  8.39250000e-09  1.94943449e+00 
 8.39350000e-09  1.94981207e+00  8.39350000e-09  1.24825563e+00  8.39350000e-09  1.94927674e+00 
 8.52150000e-09  1.94994052e+00  8.52150000e-09  1.94997909e+00  8.52150000e-09  1.18161259e+00 
 8.52250000e-09  1.94994094e+00  8.52250000e-09  1.95001061e+00  8.52250000e-09  1.12407490e+00 
 8.52350000e-09  1.94994121e+00  8.52350000e-09  1.95004220e+00  8.52350000e-09  1.06639272e+00 
 8.52450000e-09  1.94994162e+00  8.52450000e-09  1.95006902e+00  8.52450000e-09  1.00838312e+00 
 8.52550000e-09  1.94994189e+00  8.52550000e-09  1.95008805e+00  8.52550000e-09  9.49910361e-01 
 8.52650000e-09  1.94994230e+00  8.52650000e-09  1.95010189e+00  8.52650000e-09  8.90833975e-01 
 8.72450000e-09  1.13815183e+00  8.72450000e-09  1.94999953e+00  8.72450000e-09  3.76266630e-05 
 8.72550000e-09  1.08606751e+00  8.72550000e-09  1.94999933e+00  8.72550000e-09  3.30274310e-05 
 8.72650000e-09  1.03429193e+00  8.72650000e-09  1.94999954e+00  8.72650000e-09  3.55912029e-05 
 8.72750000e-09  9.82719308e-01  8.72750000e-09  1.94999934e+00  8.72750000e-09  3.07289566e-05 
 8.72850000e-09  9.31331870e-01  8.72850000e-09  1.94999954e+00  8.72850000e-09  3.32535052e-05 
 8.72950000e-09  8.80052645e-01  8.72950000e-09  1.94999935e+00  8.72950000e-09  2.88627306e-05 
 9.09750000e-09  6.28611487e-05  9.09750000e-09  1.14115741e+00  9.09750000e-09 -3.06239913e-06 
 9.09850000e-09  6.15060786e-05  9.09850000e-09  1.08656622e+00  9.09850000e-09 -1.20925415e-06 
 9.09950000e-09  6.01959882e-05  9.09950000e-09  1.03130678e+00  9.09950000e-09 -3.53267475e-08 
 9.10050000e-09  5.88701570e-05  9.10050000e-09  9.75417791e-01  9.10050000e-09  2.76944026e-06 
 9.10150000e-09  5.76291471e-05  9.10150000e-09  9.18884586e-01  9.10150000e-09  4.76604288e-06 
 9.10250000e-09  5.63971623e-05  9.10250000e-09  8.61757838e-01  9.10250000e-09  8.12322622e-06 
 9.30950000e-09  9.04463860e-01  9.30950000e-09  5.66305241e-05  9.30950000e-09  1.02119486e-06 
 9.31050000e-09  9.46106400e-01  9.31050000e-09  5.55286492e-05  9.31050000e-09  1.51528968e-06 
 9.31150000e-09  9.87357967e-01  9.31150000e-09  5.38086029e-05  9.31150000e-09  9.80737792e-07 
 9.31250000e-09  1.02822848e+00  9.31250000e-09  5.27723089e-05  9.31250000e-09  1.47947499e-06 
 9.31350000e-09  1.06872857e+00  9.31350000e-09  5.11268056e-05  9.31350000e-09  8.96500466e-07 
 9.31450000e-09  1.10886000e+00  9.31450000e-09  5.01533431e-05  9.31450000e-09  1.38907655e-06 
 9.51050000e-09  1.94979798e+00  9.51050000e-09  8.55402528e-01  9.51050000e-09 -8.81674690e-05 
 9.51150000e-09  1.94980076e+00  9.51150000e-09  9.37447971e-01  9.51150000e-09 -1.34939866e-04 
 9.51250000e-09  1.94980390e+00  9.51250000e-09  1.01760621e+00  9.51250000e-09 -1.66920948e-04 
 9.51350000e-09  1.94980654e+00  9.51350000e-09  1.09585838e+00  9.51350000e-09 -1.87565062e-04 
 9.51450000e-09  1.94980953e+00  9.51450000e-09  1.17228358e+00  9.51450000e-09 -2.02689463e-04 
 9.51550000e-09  1.94981204e+00  9.51550000e-09  1.24706789e+00  9.51550000e-09 -2.28911793e-04 
 9.62950000e-09  1.94993519e+00  9.62950000e-09  1.94994017e+00  9.62950000e-09  8.87019808e-01 
 9.63050000e-09  1.94993567e+00  9.63050000e-09  1.94994711e+00  9.63050000e-09  9.47484001e-01 
 9.63150000e-09  1.94993601e+00  9.63150000e-09  1.94995256e+00  9.63150000e-09  1.00717890e+00 
 9.63250000e-09  1.94993647e+00  9.63250000e-09  1.94995771e+00  9.63250000e-09  1.06884829e+00 
 9.63350000e-09  1.94993680e+00  9.63350000e-09  1.94996343e+00  9.63350000e-09  1.13621387e+00 
 9.63450000e-09  1.94993726e+00  9.63450000e-09  1.94995635e+00  9.63450000e-09  1.20963590e+00 
 9.84650000e-09  1.13925229e+00  9.84650000e-09  1.94999955e+00  9.84650000e-09  1.94999680e+00 
 9.84750000e-09  1.08716037e+00  9.84750000e-09  1.94999947e+00  9.84750000e-09  1.94999013e+00 
 9.84850000e-09  1.03537927e+00  9.84850000e-09  1.94999956e+00  9.84850000e-09  1.94999504e+00 
 9.84950000e-09  9.83801632e-01  9.84950000e-09  1.94999948e+00  9.84950000e-09  1.94999071e+00 
 9.85050000e-09  9.32410974e-01  9.85050000e-09  1.94999956e+00  9.85050000e-09  1.94999727e+00 
 9.85150000e-09  8.81128702e-01  9.85150000e-09  1.94999948e+00  9.85150000e-09  1.94999089e+00 
 1.02195000e-08  6.28671627e-05  1.02195000e-08  1.14130207e+00  1.02195000e-08  1.94993782e+00 
 1.02205000e-08  6.15121082e-05  1.02205000e-08  1.08671488e+00  1.02205000e-08  1.94993484e+00 
 1.02215000e-08  6.02037143e-05  1.02215000e-08  1.03145929e+00  1.02215000e-08  1.94993605e+00 
 1.02225000e-08  5.88758890e-05  1.02225000e-08  9.75573766e-01  1.02225000e-08  1.94994370e+00 
 1.02235000e-08  5.76349678e-05  1.02235000e-08  9.19043457e-01  1.02235000e-08  1.94995774e+00 
 1.02245000e-08  5.64007237e-05  1.02245000e-08  8.61918756e-01  1.02245000e-08  1.94997916e+00 
 1.04325000e-08  9.43969874e-01  1.04325000e-08  4.91610910e-05  1.04325000e-08  1.94998398e+00 
 1.04335000e-08  9.85241011e-01  1.04335000e-08  4.79644263e-05  1.04335000e-08  1.94998484e+00 
 1.04345000e-08  1.02613113e+00  1.04345000e-08  4.67340926e-05  1.04345000e-08  1.94998486e+00 
 1.04355000e-08  1.06665005e+00  1.04355000e-08  4.55988299e-05  1.04355000e-08  1.94998569e+00 
 1.04365000e-08  1.10680061e+00  1.04365000e-08  4.44277662e-05  1.04365000e-08  1.94998570e+00 
 1.04375000e-08  1.14657806e+00  1.04375000e-08  4.33507838e-05  1.04375000e-08  1.94998649e+00 
 1.06325000e-08  1.94979777e+00  1.06325000e-08  8.53188360e-01  1.06325000e-08  1.95002990e+00 
 1.06335000e-08  1.94980066e+00  1.06335000e-08  9.35218702e-01  1.06335000e-08  1.94989865e+00 
 1.06345000e-08  1.94980370e+00  1.06345000e-08  1.01519524e+00  1.06345000e-08  1.94975366e+00 
 1.06355000e-08  1.94980644e+00  1.06355000e-08  1.09306647e+00  1.06355000e-08  1.94959458e+00 
 1.06365000e-08  1.94980933e+00  1.06365000e-08  1.16890154e+00  1.06365000e-08  1.94944452e+00 
 1.06375000e-08  1.94981193e+00  1.06375000e-08  1.24301340e+00  1.06375000e-08  1.94928920e+00 
 1.07655000e-08  1.94994052e+00  1.07655000e-08  1.94997681e+00  1.07655000e-08  1.18577223e+00 
 1.07665000e-08  1.94994090e+00  1.07665000e-08  1.95000831e+00  1.07665000e-08  1.12823634e+00 
 1.07675000e-08  1.94994120e+00  1.07675000e-08  1.95003992e+00  1.07675000e-08  1.07057369e+00 
 1.07685000e-08  1.94994158e+00  1.07685000e-08  1.95006755e+00  1.07685000e-08  1.01258915e+00 
 1.07695000e-08  1.94994189e+00  1.07695000e-08  1.95008670e+00  1.07695000e-08  9.54157637e-01 
 1.07705000e-08  1.94994226e+00  1.07705000e-08  1.95010132e+00  1.07705000e-08  8.95124390e-01 
 1.09685000e-08  1.14189857e+00  1.09685000e-08  1.94999953e+00  1.09685000e-08  3.84586204e-05 
 1.09695000e-08  1.08979123e+00  1.09695000e-08  1.94999933e+00  1.09695000e-08  3.24576869e-05 
 1.09705000e-08  1.03799749e+00  1.09705000e-08  1.94999954e+00  1.09705000e-08  3.64226079e-05 
 1.09715000e-08  9.86410720e-01  1.09715000e-08  1.94999934e+00  1.09715000e-08  3.01142705e-05 
 1.09725000e-08  9.35013050e-01  1.09725000e-08  1.94999955e+00  1.09725000e-08  3.40397549e-05 
 1.09735000e-08  8.83725739e-01  1.09735000e-08  1.94999935e+00  1.09735000e-08  2.83088633e-05 
 1.13415000e-08  6.29588866e-05  1.13415000e-08  1.14459146e+00  1.13415000e-08 -3.11801251e-06 
 1.13425000e-08  6.15910556e-05  1.13425000e-08  1.09004312e+00  1.13425000e-08 -1.30353402e-06 
 1.13435000e-08  6.02923024e-05  1.13435000e-08  1.03482325e+00  1.13435000e-08 -1.83121158e-07 
 1.13445000e-08  5.89513761e-05  1.13445000e-08  9.78975994e-01  1.13445000e-08  2.62556799e-06 
 1.13455000e-08  5.77194731e-05  1.13455000e-08  9.22480664e-01  1.13455000e-08  4.58429611e-06 
 1.13465000e-08  5.64724299e-05  1.13465000e-08  8.65392721e-01  1.13465000e-08  7.95603187e-06 
 1.15545000e-08  9.43029664e-01  1.15545000e-08  5.55472480e-05  1.15545000e-08  1.43723476e-06 
 1.15555000e-08  9.84309384e-01  1.15555000e-08  5.39636890e-05  1.15555000e-08  1.04520827e-06 
 1.15565000e-08  1.02520811e+00  1.15565000e-08  5.27874369e-05  1.15565000e-08  1.39674462e-06 
 1.15575000e-08  1.06573529e+00  1.15575000e-08  5.12762560e-05  1.15575000e-08  9.65324901e-07 
 1.15585000e-08  1.10589423e+00  1.15585000e-08  5.01658476e-05  1.15585000e-08  1.31305761e-06 
 1.15595000e-08  1.14568027e+00  1.15595000e-08  4.87254597e-05  1.15595000e-08  9.26463322e-07 
 1.17545000e-08  1.94979768e+00  1.17545000e-08  8.49090740e-01  1.17545000e-08 -8.40279840e-05 
 1.17555000e-08  1.94980062e+00  1.17555000e-08  9.31269696e-01  1.17555000e-08 -1.31256878e-04 
 1.17565000e-08  1.94980360e+00  1.17565000e-08  1.01156905e+00  1.17565000e-08 -1.65235732e-04 
 1.17575000e-08  1.94980638e+00  1.17575000e-08  1.08996577e+00  1.17575000e-08 -1.86283502e-04 
 1.17585000e-08  1.94980925e+00  1.17585000e-08  1.16652304e+00  1.17585000e-08 -2.01629023e-04 
 1.17595000e-08  1.94981191e+00  1.17595000e-08  1.24141108e+00  1.17595000e-08 -2.26736822e-04 
 1.18735000e-08  1.94993518e+00  1.18735000e-08  1.94993948e+00  1.18735000e-08  8.82261033e-01 
 1.18745000e-08  1.94993562e+00  1.18745000e-08  1.94994684e+00  1.18745000e-08  9.42827500e-01 
 1.18755000e-08  1.94993600e+00  1.18755000e-08  1.94995188e+00  1.18755000e-08  1.00253157e+00 
 1.18765000e-08  1.94993643e+00  1.18765000e-08  1.94995717e+00  1.18765000e-08  1.06391510e+00 
 1.18775000e-08  1.94993679e+00  1.18775000e-08  1.94996392e+00  1.18775000e-08  1.13062296e+00 
 1.18785000e-08  1.94993721e+00  1.18785000e-08  1.94995657e+00  1.18785000e-08  1.20396166e+00 
 1.20905000e-08  1.14336514e+00  1.20905000e-08  1.94999957e+00  1.20905000e-08  1.94999689e+00 
 1.20915000e-08  1.09124874e+00  1.20915000e-08  1.94999944e+00  1.20915000e-08  1.94998923e+00 
 1.20925000e-08  1.03944630e+00  1.20925000e-08  1.94999958e+00  1.20925000e-08  1.94999471e+00 
 1.20935000e-08  9.87853972e-01  1.20935000e-08  1.94999946e+00  1.20935000e-08  1.94998742e+00 
 1.20945000e-08  9.36450966e-01  1.20945000e-08  1.94999958e+00  1.20945000e-08  1.94999275e+00 
 1.20955000e-08  8.85160479e-01  1.20955000e-08  1.94999946e+00  1.20955000e-08  1.94998832e+00 
 1.24635000e-08  6.29736206e-05  1.24635000e-08  1.14505479e+00  1.24635000e-08  1.94993818e+00 
 1.24645000e-08  6.16056982e-05  1.24645000e-08  1.09051447e+00  1.24645000e-08  1.94993492e+00 
 1.24655000e-08  6.03084413e-05  1.24655000e-08  1.03530223e+00  1.24655000e-08  1.94993579e+00 
 1.24665000e-08  5.89653744e-05  1.24665000e-08  9.79462393e-01  1.24665000e-08  1.94994296e+00 
 1.24675000e-08  5.77334321e-05  1.24675000e-08  9.22973607e-01  1.24675000e-08  1.94995654e+00 
 1.24685000e-08  5.64838434e-05  1.24685000e-08  8.65891424e-01  1.24685000e-08  1.94997745e+00 
 1.26765000e-08  9.41077719e-01  1.26765000e-08  4.91623866e-05  1.26765000e-08  1.94998396e+00 
 1.26775000e-08  9.82375044e-01  1.26775000e-08  4.81347071e-05  1.26775000e-08  1.94998481e+00 
 1.26785000e-08  1.02329204e+00  1.26785000e-08  4.67326673e-05  1.26785000e-08  1.94998484e+00 
 1.26795000e-08  1.06383611e+00  1.26795000e-08  4.57632845e-05  1.26795000e-08  1.94998566e+00 
 1.26805000e-08  1.10401282e+00  1.26805000e-08  4.44238068e-05  1.26805000e-08  1.94998567e+00 
 1.26815000e-08  1.14381637e+00  1.26815000e-08  4.35096550e-05  1.26815000e-08  1.94998646e+00 
 1.28765000e-08  1.94979753e+00  1.28765000e-08  8.47165436e-01  1.28765000e-08  1.95004030e+00 
 1.28775000e-08  1.94980048e+00  1.28775000e-08  9.29339094e-01  1.28775000e-08  1.94990833e+00 
 1.28785000e-08  1.94980347e+00  1.28785000e-08  1.00946754e+00  1.28785000e-08  1.94976459e+00 
 1.28795000e-08  1.94980627e+00  1.28795000e-08  1.08749113e+00  1.28795000e-08  1.94960619e+00 
 1.28805000e-08  1.94980912e+00  1.28805000e-08  1.16347683e+00  1.28805000e-08  1.94945409e+00 
 1.28815000e-08  1.94981179e+00  1.28815000e-08  1.23771588e+00  1.28815000e-08  1.94930141e+00 
 1.30095000e-08  1.94994050e+00  1.30095000e-08  1.94997453e+00  1.30095000e-08  1.18990204e+00 
 1.30105000e-08  1.94994087e+00  1.30105000e-08  1.95000600e+00  1.30105000e-08  1.13236754e+00 
 1.30115000e-08  1.94994118e+00  1.30115000e-08  1.95003759e+00  1.30115000e-08  1.07472364e+00 
 1.30125000e-08  1.94994155e+00  1.30125000e-08  1.95006606e+00  1.30125000e-08  1.01676351e+00 
 1.30135000e-08  1.94994187e+00  1.30135000e-08  1.95008531e+00  1.30135000e-08  9.58372643e-01 
 1.30145000e-08  1.94994223e+00  1.30145000e-08  1.95010073e+00  1.30145000e-08  8.99382253e-01 
 1.32125000e-08  1.14559075e+00  1.32125000e-08  1.94999954e+00  1.32125000e-08  3.93646693e-05 
 1.32135000e-08  1.09346215e+00  1.32135000e-08  1.94999933e+00  1.32135000e-08  3.18278105e-05 
 1.32145000e-08  1.04164807e+00  1.32145000e-08  1.94999954e+00  1.32145000e-08  3.73797175e-05 
 1.32155000e-08  9.90048705e-01  1.32155000e-08  1.94999933e+00  1.32155000e-08  2.94568332e-05 
 1.32165000e-08  9.38638977e-01  1.32165000e-08  1.94999955e+00  1.32165000e-08  3.49258412e-05 
 1.32175000e-08  8.87344911e-01  1.32175000e-08  1.94999934e+00  1.32175000e-08  2.76931542e-05 
 1.35855000e-08  6.30532132e-05  1.35855000e-08  1.14809031e+00  1.35855000e-08 -3.20284534e-06 
 1.35865000e-08  6.16753845e-05  1.35865000e-08  1.09358568e+00  1.35865000e-08 -1.34100238e-06 
 1.35875000e-08  6.03857646e-05  1.35875000e-08  1.03840642e+00  1.35875000e-08 -3.62808745e-07 
 1.35885000e-08  5.90321870e-05  1.35885000e-08  9.82601820e-01  1.35885000e-08  2.52692961e-06 
 1.35895000e-08  5.78067696e-05  1.35895000e-08  9.26145420e-01  1.35895000e-08  4.37538402e-06 
 1.35905000e-08  5.65466679e-05  1.35905000e-08  8.69097188e-01  1.35905000e-08  7.83084584e-06 
 1.37985000e-08  9.39914114e-01  1.37985000e-08  5.55681446e-05  1.37985000e-08  1.35639459e-06 
 1.37995000e-08  9.81221907e-01  1.37995000e-08  5.41250943e-05  1.37995000e-08  1.10600861e-06 
 1.38005000e-08  1.02214982e+00  1.38005000e-08  5.28053681e-05  1.38005000e-08  1.31057262e-06 
 1.38015000e-08  1.06270392e+00  1.38015000e-08  5.14322562e-05  1.38015000e-08  1.04269384e-06 
 1.38025000e-08  1.10289122e+00  1.38025000e-08  5.01805616e-05  1.38025000e-08  1.24556185e-06 
 1.38035000e-08  1.14270516e+00  1.38035000e-08  4.88744570e-05  1.38035000e-08  9.70328867e-07 
 1.39985000e-08  1.94979746e+00  1.39985000e-08  8.42843141e-01  1.39985000e-08 -7.98881550e-05 
 1.39995000e-08  1.94980039e+00  1.39995000e-08  9.25157954e-01  1.39995000e-08 -1.27649841e-04 
 1.40005000e-08  1.94980340e+00  1.40005000e-08  1.00560103e+00  1.40005000e-08 -1.64652993e-04 
 1.40015000e-08  1.94980619e+00  1.40015000e-08  1.08414096e+00  1.40015000e-08 -1.86172249e-04 
 1.40025000e-08  1.94980905e+00  1.40025000e-08  1.16083024e+00  1.40025000e-08 -2.00703221e-04 
 1.40035000e-08  1.94981171e+00  1.40035000e-08  1.23584012e+00  1.40035000e-08 -2.24811111e-04 
 1.41175000e-08  1.94993515e+00  1.41175000e-08  1.94993916e+00  1.41175000e-08  8.77716246e-01 
 1.41185000e-08  1.94993559e+00  1.41185000e-08  1.94994629e+00  1.41185000e-08  9.38383462e-01 
 1.41195000e-08  1.94993597e+00  1.41195000e-08  1.94995153e+00  1.41195000e-08  9.98106637e-01 
 1.41205000e-08  1.94993640e+00  1.41205000e-08  1.94995696e+00  1.41205000e-08  1.05915081e+00 
 1.41215000e-08  1.94993676e+00  1.41215000e-08  1.94996373e+00  1.41215000e-08  1.12535947e+00 
 1.41225000e-08  1.94993718e+00  1.41225000e-08  1.94995659e+00  1.41225000e-08  1.19851297e+00 
 1.43345000e-08  1.14756698e+00  1.43345000e-08  1.94999955e+00  1.43345000e-08  1.94999501e+00 
 1.43355000e-08  1.09542626e+00  1.43355000e-08  1.94999947e+00  1.43355000e-08  1.94999065e+00 
 1.43365000e-08  1.04360053e+00  1.43365000e-08  1.94999956e+00  1.43365000e-08  1.94999724e+00 
 1.43375000e-08  9.91993720e-01  1.43375000e-08  1.94999947e+00  1.43375000e-08  1.94999080e+00 
 1.43385000e-08  9.40576902e-01  1.43385000e-08  1.94999957e+00  1.43385000e-08  1.94999553e+00 
 1.43395000e-08  8.89278652e-01  1.43395000e-08  1.94999948e+00  1.43395000e-08  1.94998923e+00 
 1.47075000e-08  6.30916491e-05  1.47075000e-08  1.14957496e+00  1.47075000e-08  1.94993865e+00 
 1.47085000e-08  6.17086385e-05  1.47085000e-08  1.09509110e+00  1.47085000e-08  1.94993502e+00 
 1.47095000e-08  6.04239859e-05  1.47095000e-08  1.03993121e+00  1.47095000e-08  1.94993553e+00 
 1.47105000e-08  5.90655541e-05  1.47105000e-08  9.84146464e-01  1.47105000e-08  1.94994208e+00 
 1.47115000e-08  5.78424529e-05  1.47115000e-08  9.27707930e-01  1.47115000e-08  1.94995517e+00 
 1.47125000e-08  5.65764611e-05  1.47125000e-08  8.70677101e-01  1.47125000e-08  1.94997540e+00 
 1.49205000e-08  9.37738946e-01  1.49205000e-08  4.91678491e-05  1.49205000e-08  1.94998393e+00 
 1.49215000e-08  9.79066071e-01  1.49215000e-08  4.83338926e-05  1.49215000e-08  1.94998475e+00 
 1.49225000e-08  1.02001460e+00  1.49225000e-08  4.67348168e-05  1.49225000e-08  1.94998482e+00 
 1.49235000e-08  1.06058725e+00  1.49235000e-08  4.59555662e-05  1.49235000e-08  1.94998561e+00 
 1.49245000e-08  1.10079467e+00  1.49245000e-08  4.44228668e-05  1.49245000e-08  1.94998565e+00 
 1.49255000e-08  1.14062798e+00  1.49255000e-08  4.36953320e-05  1.49255000e-08  1.94998641e+00 
 1.51205000e-08  1.94979732e+00  1.51205000e-08  8.40773818e-01  1.51205000e-08  1.95005104e+00 
 1.51215000e-08  1.94980022e+00  1.51215000e-08  9.23098223e-01  1.51215000e-08  1.94991851e+00 
 1.51225000e-08  1.94980327e+00  1.51225000e-08  1.00338716e+00  1.51225000e-08  1.94977616e+00 
 1.51235000e-08  1.94980602e+00  1.51235000e-08  1.08157252e+00  1.51235000e-08  1.94961847e+00 
 1.51245000e-08  1.94980893e+00  1.51245000e-08  1.15770621e+00  1.51245000e-08  1.94946434e+00 
 1.51255000e-08  1.94981155e+00  1.51255000e-08  1.23206788e+00  1.51255000e-08  1.94931443e+00 
 1.52535000e-08  1.94994046e+00  1.52535000e-08  1.94997222e+00  1.52535000e-08  1.19432093e+00 
 1.52545000e-08  1.94994085e+00  1.52545000e-08  1.95000340e+00  1.52545000e-08  1.13678722e+00 
 1.52555000e-08  1.94994115e+00  1.52555000e-08  1.95003520e+00  1.52555000e-08  1.07916233e+00 
 1.52565000e-08  1.94994153e+00  1.52565000e-08  1.95006431e+00  1.52565000e-08  1.02122736e+00 
 1.52575000e-08  1.94994183e+00  1.52575000e-08  1.95008389e+00  1.52575000e-08  9.62879125e-01 
 1.52585000e-08  1.94994221e+00  1.52585000e-08  1.95009998e+00  1.52585000e-08  9.03934035e-01 
 1.54565000e-08  1.14955830e+00  1.54565000e-08  1.94999952e+00  1.54565000e-08  3.93913102e-05 
 1.54575000e-08  1.09740650e+00  1.54575000e-08  1.94999935e+00  1.54575000e-08  3.19942436e-05 
 1.54585000e-08  1.04557011e+00  1.54585000e-08  1.94999952e+00  1.54585000e-08  3.68146717e-05 
 1.54595000e-08  9.93956806e-01  1.54595000e-08  1.94999936e+00  1.54595000e-08  3.00693476e-05 
 1.54605000e-08  9.42533824e-01  1.54605000e-08  1.94999953e+00  1.54605000e-08  3.49175936e-05 
 1.54615000e-08  8.91232282e-01  1.54615000e-08  1.94999936e+00  1.54615000e-08  2.78493130e-05 
 1.58295000e-08  6.31439694e-05  1.58295000e-08  1.15146831e+00  1.58295000e-08 -3.16146154e-06 
 1.58305000e-08  6.17539500e-05  1.58305000e-08  1.09700594e+00  1.58305000e-08 -1.51518210e-06 
 1.58315000e-08  6.04749238e-05  1.58315000e-08  1.04186584e+00  1.58315000e-08 -4.14909509e-07 
 1.58325000e-08  5.91096555e-05  1.58325000e-08  9.86102434e-01  1.58325000e-08  2.30948677e-06 
 1.58335000e-08  5.78907061e-05  1.58335000e-08  9.29683647e-01  1.58335000e-08  4.27232273e-06 
 1.58345000e-08  5.66172570e-05  1.58345000e-08  8.72673822e-01  1.58345000e-08  7.59086118e-06 
 1.60425000e-08  9.36346997e-01  1.60425000e-08  5.55850321e-05  1.60425000e-08  1.26235329e-06 
 1.60435000e-08  9.77686710e-01  1.60435000e-08  5.42794354e-05  1.60435000e-08  1.19069487e-06 
 1.60445000e-08  1.01864829e+00  1.60445000e-08  5.28185608e-05  1.60445000e-08  1.19814231e-06 
 1.60455000e-08  1.05923297e+00  1.60455000e-08  5.15813848e-05  1.60455000e-08  1.12716278e-06 
 1.60465000e-08  1.09945297e+00  1.60465000e-08  5.01912090e-05  1.60465000e-08  1.13764206e-06 
 1.60475000e-08  1.13929865e+00  1.60475000e-08  4.90187642e-05  1.60475000e-08  1.06721415e-06 
 1.62425000e-08  1.94979723e+00  1.62425000e-08  8.36046407e-01  1.62425000e-08 -7.54118139e-05 
 1.62435000e-08  1.94980012e+00  1.62435000e-08  9.18507738e-01  1.62435000e-08 -1.24211986e-04 
 1.62445000e-08  1.94980319e+00  1.62445000e-08  9.99112400e-01  1.62445000e-08 -1.61712927e-04 
 1.62455000e-08  1.94980593e+00  1.62455000e-08  1.07781268e+00  1.62455000e-08 -1.83173499e-04 
 1.62465000e-08  1.94980885e+00  1.62465000e-08  1.15464709e+00  1.62465000e-08 -1.99315822e-04 
 1.62475000e-08  1.94981146e+00  1.62475000e-08  1.22978876e+00  1.62475000e-08 -2.22478686e-04 
 1.63615000e-08  1.94993511e+00  1.63615000e-08  1.94993884e+00  1.63615000e-08  8.72721798e-01 
 1.63625000e-08  1.94993557e+00  1.63625000e-08  1.94994565e+00  1.63625000e-08  9.33503527e-01 
 1.63635000e-08  1.94993592e+00  1.63635000e-08  1.94995116e+00  1.63635000e-08  9.93258811e-01 
 1.63645000e-08  1.94993637e+00  1.63645000e-08  1.94995667e+00  1.63645000e-08  1.05399187e+00 
 1.63655000e-08  1.94993672e+00  1.63655000e-08  1.94996351e+00  1.63655000e-08  1.11963995e+00 
 1.63665000e-08  1.94993716e+00  1.63665000e-08  1.94995671e+00  1.63665000e-08  1.19253180e+00 
 1.65785000e-08  1.15164204e+00  1.65785000e-08  1.94999954e+00  1.65785000e-08  1.94999546e+00 
 1.65795000e-08  1.09947761e+00  1.65795000e-08  1.94999949e+00  1.65795000e-08  1.94999179e+00 
 1.65805000e-08  1.04762900e+00  1.65805000e-08  1.94999954e+00  1.65805000e-08  1.94999739e+00 
 1.65815000e-08  9.96007901e-01  1.65815000e-08  1.94999949e+00  1.65815000e-08  1.94999190e+00 
 1.65825000e-08  9.44577526e-01  1.65825000e-08  1.94999954e+00  1.65825000e-08  1.94999584e+00 
 1.65835000e-08  8.93271669e-01  1.65835000e-08  1.94999949e+00  1.65835000e-08  1.94999231e+00 
 1.69515000e-08  6.31977638e-05  1.69515000e-08  1.15352521e+00  1.69515000e-08  1.94993907e+00 
 1.69525000e-08  6.18008351e-05  1.69525000e-08  1.09908995e+00  1.69525000e-08  1.94993513e+00 
 1.69535000e-08  6.05276971e-05  1.69535000e-08  1.04397671e+00  1.69535000e-08  1.94993535e+00 
 1.69545000e-08  5.91557849e-05  1.69545000e-08  9.88239518e-01  1.69545000e-08  1.94994135e+00 
 1.69555000e-08  5.79404569e-05  1.69555000e-08  9.31845799e-01  1.69555000e-08  1.94995401e+00 
 1.69565000e-08  5.66593337e-05  1.69565000e-08  8.74859400e-01  1.69565000e-08  1.94997365e+00 
 1.71645000e-08  9.34274346e-01  1.71645000e-08  4.91739560e-05  1.71645000e-08  1.94998392e+00 
 1.71655000e-08  9.75633158e-01  1.71655000e-08  4.85051977e-05  1.71655000e-08  1.94998471e+00 
 1.71665000e-08  1.01661384e+00  1.71665000e-08  4.67380615e-05  1.71665000e-08  1.94998480e+00 
 1.71675000e-08  1.05721676e+00  1.71675000e-08  4.61208879e-05  1.71675000e-08  1.94998557e+00 
 1.71685000e-08  1.09745515e+00  1.71685000e-08  4.44234419e-05  1.71685000e-08  1.94998564e+00 
 1.71695000e-08  1.13731952e+00  1.71695000e-08  4.38549269e-05  1.71695000e-08  1.94998637e+00 
 1.73645000e-08  1.94979708e+00  1.73645000e-08  8.33955368e-01  1.73645000e-08  1.95006216e+00 
 1.73655000e-08  1.94979996e+00  1.73655000e-08  9.16439704e-01  1.73655000e-08  1.94992925e+00 
 1.73665000e-08  1.94980304e+00  1.73665000e-08  9.96899695e-01  1.73665000e-08  1.94978845e+00 
 1.73675000e-08  1.94980578e+00  1.73675000e-08  1.07525787e+00  1.73675000e-08  1.94963152e+00 
 1.73685000e-08  1.94980872e+00  1.73685000e-08  1.15155132e+00  1.73685000e-08  1.94947523e+00 
 1.73695000e-08  1.94981131e+00  1.73695000e-08  1.22604561e+00  1.73695000e-08  1.94932823e+00 
 1.74975000e-08  1.94994043e+00  1.74975000e-08  1.94997005e+00  1.74975000e-08  1.19901967e+00 
 1.74985000e-08  1.94994082e+00  1.74985000e-08  1.95000034e+00  1.74985000e-08  1.14148629e+00 
 1.74995000e-08  1.94994112e+00  1.74995000e-08  1.95003292e+00  1.74995000e-08  1.08388037e+00 
 1.75005000e-08  1.94994151e+00  1.75005000e-08  1.95006211e+00  1.75005000e-08  1.02597131e+00 
 1.75015000e-08  1.94994180e+00  1.75015000e-08  1.95008265e+00  1.75015000e-08  9.67667424e-01 
 1.75025000e-08  1.94994219e+00  1.75025000e-08  1.95009881e+00  1.75025000e-08  9.08770101e-01 
 1.77005000e-08  1.15388916e+00  1.77005000e-08  1.94999946e+00  1.77005000e-08  3.82753217e-05 
 1.77015000e-08  1.10171155e+00  1.77015000e-08  1.94999940e+00  1.77015000e-08  3.29751230e-05 
 1.77025000e-08  1.04985016e+00  1.77025000e-08  1.94999947e+00  1.77025000e-08  3.58137204e-05 
 1.77035000e-08  9.98221030e-01  1.77035000e-08  1.94999941e+00  1.77035000e-08  3.09741498e-05 
 1.77045000e-08  9.46783065e-01  1.77045000e-08  1.94999948e+00  1.77045000e-08  3.38518747e-05 
 1.77055000e-08  8.95472944e-01  1.77055000e-08  1.94999942e+00  1.77055000e-08  2.88126630e-05 
 1.80735000e-08  6.32612223e-05  1.80735000e-08  1.15598341e+00  1.80735000e-08 -3.06876467e-06 
 1.80745000e-08  6.18545651e-05  1.80745000e-08  1.10157445e+00  1.80745000e-08 -1.77308050e-06 
 1.80755000e-08  6.05895183e-05  1.80755000e-08  1.04648993e+00  1.80755000e-08 -4.49123545e-07 
 1.80765000e-08  5.92082972e-05  1.80765000e-08  9.90778972e-01  1.80765000e-08  1.99351326e-06 
 1.80775000e-08  5.79991186e-05  1.80775000e-08  9.34413436e-01  1.80775000e-08  4.16155874e-06 
 1.80785000e-08  5.67078806e-05  1.80785000e-08  8.77452705e-01  1.80785000e-08  7.24467655e-06 
 1.82865000e-08  9.32757306e-01  1.82865000e-08  5.56211574e-05  1.82865000e-08  1.13216818e-06 
 1.82875000e-08  9.74130228e-01  1.82875000e-08  5.44766040e-05  1.82875000e-08  1.32579289e-06 
 1.82885000e-08  1.01512482e+00  1.82885000e-08  5.28503557e-05  1.82885000e-08  1.06891715e-06 
 1.82895000e-08  1.05574170e+00  1.82895000e-08  5.17710957e-05  1.82895000e-08  1.26098109e-06 
 1.82905000e-08  1.09599394e+00  1.82905000e-08  5.02190009e-05  1.82905000e-08  1.00942532e-06 
 1.82915000e-08  1.13587208e+00  1.82915000e-08  4.92013822e-05  1.82915000e-08  1.19977445e-06 
 1.84865000e-08  1.94979697e+00  1.84865000e-08  8.28833196e-01  1.84865000e-08 -7.06979207e-05 
 1.84875000e-08  1.94979985e+00  1.84875000e-08  9.11447591e-01  1.84875000e-08 -1.20436874e-04 
 1.84885000e-08  1.94980293e+00  1.84885000e-08  9.92217168e-01  1.84885000e-08 -1.59564566e-04 
 1.84895000e-08  1.94980567e+00  1.84895000e-08  1.07108233e+00  1.84895000e-08 -1.81188943e-04 
 1.84905000e-08  1.94980861e+00  1.84905000e-08  1.14806148e+00  1.84905000e-08 -1.98135381e-04 
 1.84915000e-08  1.94981121e+00  1.84915000e-08  1.22334859e+00  1.84915000e-08 -2.19823804e-04 
 1.86055000e-08  1.94993507e+00  1.86055000e-08  1.94993850e+00  1.86055000e-08  8.67421002e-01 
 1.86065000e-08  1.94993553e+00  1.86065000e-08  1.94994502e+00  1.86065000e-08  9.28324847e-01 
 1.86075000e-08  1.94993588e+00  1.86075000e-08  1.94995073e+00  1.86075000e-08  9.88122411e-01 
 1.86085000e-08  1.94993634e+00  1.86085000e-08  1.94995632e+00  1.86085000e-08  1.04858281e+00 
 1.86095000e-08  1.94993668e+00  1.86095000e-08  1.94996317e+00  1.86095000e-08  1.11364186e+00 
 1.86105000e-08  1.94993713e+00  1.86105000e-08  1.94995700e+00  1.86105000e-08  1.18617723e+00 
 1.87955000e-08  2.05290159e+00  1.87955000e-08  1.94999938e+00  1.87955000e-08  1.94999052e+00 
 1.88225000e-08  1.15519687e+00  1.88225000e-08  1.94999952e+00  1.88225000e-08  1.94999616e+00 
 1.88235000e-08  1.10301153e+00  1.88235000e-08  1.94999951e+00  1.88235000e-08  1.94999329e+00 
 1.88245000e-08  1.05114263e+00  1.88245000e-08  1.94999952e+00  1.88245000e-08  1.94999769e+00 
 1.88255000e-08  9.99508755e-01  1.88255000e-08  1.94999951e+00  1.88255000e-08  1.94999332e+00 
 1.88265000e-08  9.48066327e-01  1.88265000e-08  1.94999952e+00  1.88265000e-08  1.94999639e+00 
 1.88275000e-08  8.96753681e-01  1.88275000e-08  1.94999951e+00  1.88275000e-08  1.94999364e+00 
 1.91955000e-08  6.33019280e-05  1.91955000e-08  1.15733286e+00  1.91955000e-08  1.94993950e+00 
 1.91965000e-08  6.18886395e-05  1.91965000e-08  1.10294177e+00  1.91965000e-08  1.94993526e+00 
 1.91975000e-08  6.06292604e-05  1.91975000e-08  1.04787638e+00  1.91975000e-08  1.94993520e+00 
 1.91985000e-08  5.92416972e-05  1.91985000e-08  9.92182685e-01  1.91985000e-08  1.94994068e+00 
 1.91995000e-08  5.80368379e-05  1.91995000e-08  9.35834807e-01  1.91995000e-08  1.94995293e+00 
 1.92005000e-08  5.67387045e-05  1.92005000e-08  8.78889228e-01  1.92005000e-08  1.94997200e+00 
 1.94085000e-08  9.31692947e-01  1.94085000e-08  4.91908127e-05  1.94085000e-08  1.94998390e+00 
 1.94095000e-08  9.73075780e-01  1.94095000e-08  4.86616677e-05  1.94095000e-08  1.94998466e+00 
 1.94105000e-08  1.01408014e+00  1.94105000e-08  4.67520014e-05  1.94105000e-08  1.94998479e+00 
 1.94115000e-08  1.05470646e+00  1.94115000e-08  4.62716326e-05  1.94115000e-08  1.94998552e+00 
 1.94125000e-08  1.09496807e+00  1.94125000e-08  4.44346491e-05  1.94125000e-08  1.94998563e+00 
 1.94135000e-08  1.13485585e+00  1.94135000e-08  4.40002019e-05  1.94135000e-08  1.94998633e+00 
 1.96085000e-08  1.94979688e+00  1.96085000e-08  8.28655977e-01  1.96085000e-08  1.95007051e+00 
 1.96095000e-08  1.94979977e+00  1.96095000e-08  9.11262178e-01  1.96095000e-08  1.94993751e+00 
 1.96105000e-08  1.94980286e+00  1.96105000e-08  9.91854750e-01  1.96105000e-08  1.94979797e+00 
 1.96115000e-08  1.94980560e+00  1.96115000e-08  1.07034625e+00  1.96115000e-08  1.94964162e+00 
 1.96125000e-08  1.94980854e+00  1.96125000e-08  1.14676543e+00  1.96125000e-08  1.94948366e+00 
 1.96135000e-08  1.94981114e+00  1.96135000e-08  1.22138321e+00  1.96135000e-08  1.94933871e+00 
 1.97425000e-08  1.94994080e+00  1.97425000e-08  1.94999837e+00  1.97425000e-08  1.14507718e+00 
 1.97435000e-08  1.94994109e+00  1.97435000e-08  1.95003107e+00  1.97435000e-08  1.08748481e+00 
 1.97445000e-08  1.94994148e+00  1.97445000e-08  1.95006039e+00  1.97445000e-08  1.02959499e+00 
 1.97455000e-08  1.94994178e+00  1.97455000e-08  1.95008160e+00  1.97455000e-08  9.71324187e-01 
 1.97465000e-08  1.94994217e+00  1.97465000e-08  1.95009791e+00  1.97465000e-08  9.12463108e-01 
 1.97475000e-08  1.94994246e+00  1.97475000e-08  1.95010664e+00  1.97475000e-08  8.52983917e-01 
 1.99445000e-08  1.15752597e+00  1.99445000e-08  1.94999943e+00  1.99445000e-08  3.77638076e-05 
 1.99455000e-08  1.10532683e+00  1.99455000e-08  1.94999944e+00  1.99455000e-08  3.36773536e-05 
 1.99465000e-08  1.05344452e+00  1.99465000e-08  1.94999944e+00  1.99465000e-08  3.54253625e-05 
 1.99475000e-08  1.00180212e+00  1.99475000e-08  1.94999944e+00  1.99475000e-08  3.13858426e-05 
 1.99485000e-08  9.50351718e-01  1.99485000e-08  1.94999944e+00  1.99485000e-08  3.31610381e-05 
 1.99495000e-08  8.99034547e-01  1.99495000e-08  1.94999945e+00  1.99495000e-08  2.94651818e-05 
 2.03175000e-08  6.33736322e-05  2.03175000e-08  1.15998364e+00  2.03175000e-08 -3.01788056e-06 
 2.03185000e-08  6.19501887e-05  2.03185000e-08  1.10562111e+00  2.03185000e-08 -1.96054116e-06 
 2.03195000e-08  6.06994451e-05  2.03195000e-08  1.05058686e+00  2.03195000e-08 -5.10457855e-07 
 2.03205000e-08  5.93024079e-05  2.03205000e-08  9.94921643e-01  2.03205000e-08  1.74664699e-06 
 2.03215000e-08  5.81033320e-05  2.03215000e-08  9.38604316e-01  2.03215000e-08  4.03499053e-06 
 2.03225000e-08  5.67943352e-05  2.03225000e-08  8.81686519e-01  2.03225000e-08  6.96880359e-06 
 2.05305000e-08  9.29792141e-01  2.05305000e-08  5.56655992e-05  2.05305000e-08  1.04059938e-06 
 2.05315000e-08  9.71192658e-01  2.05315000e-08  5.46427699e-05  2.05315000e-08  1.44888967e-06 
 2.05325000e-08  1.01221455e+00  2.05325000e-08  5.28902362e-05  2.05325000e-08  9.67516032e-07 
 2.05335000e-08  1.05285771e+00  2.05335000e-08  5.19304223e-05  2.05335000e-08  1.36901859e-06 
 2.05345000e-08  1.09313606e+00  2.05345000e-08  5.02556620e-05  2.05345000e-08  9.25252088e-07 
 2.05355000e-08  1.13304094e+00  2.05355000e-08  4.93547403e-05  2.05355000e-08  1.32587547e-06 
 2.07305000e-08  1.94979673e+00  2.07305000e-08  8.23008655e-01  2.07305000e-08 -6.69262586e-05 
 2.07315000e-08  1.94979964e+00  2.07315000e-08  9.05745315e-01  2.07315000e-08 -1.17306548e-04 
 2.07325000e-08  1.94980271e+00  2.07325000e-08  9.86647519e-01  2.07325000e-08 -1.57398474e-04 
 2.07335000e-08  1.94980547e+00  2.07335000e-08  1.06564572e+00  2.07335000e-08 -1.79945933e-04 
 2.07345000e-08  1.94980840e+00  2.07345000e-08  1.14276137e+00  2.07345000e-08 -1.97629433e-04 
 2.07355000e-08  1.94981103e+00  2.07355000e-08  1.21817135e+00  2.07355000e-08 -2.17485641e-04 
 2.08495000e-08  1.94993504e+00  2.08495000e-08  1.94993819e+00  2.08495000e-08  8.63062545e-01 
 2.08505000e-08  1.94993550e+00  2.08505000e-08  1.94994451e+00  2.08505000e-08  9.24077613e-01 
 2.08515000e-08  1.94993586e+00  2.08515000e-08  1.94995036e+00  2.08515000e-08  9.83924756e-01 
 2.08525000e-08  1.94993631e+00  2.08525000e-08  1.94995604e+00  2.08525000e-08  1.04420673e+00 
 2.08535000e-08  1.94993666e+00  2.08535000e-08  1.94996283e+00  2.08535000e-08  1.10880750e+00 
 2.08545000e-08  1.94993710e+00  2.08545000e-08  1.94995739e+00  2.08545000e-08  1.18099407e+00 
 2.10665000e-08  1.16007351e+00  2.10665000e-08  1.94999950e+00  2.10665000e-08  1.94999851e+00 
 2.10675000e-08  1.10785939e+00  2.10675000e-08  1.94999952e+00  2.10675000e-08  1.94999505e+00 
 2.10685000e-08  1.05596241e+00  2.10685000e-08  1.94999951e+00  2.10685000e-08  1.94999735e+00 
 2.10695000e-08  1.00431069e+00  2.10695000e-08  1.94999952e+00  2.10695000e-08  1.94999518e+00 
 2.10705000e-08  9.52851582e-01  2.10705000e-08  1.94999952e+00  2.10705000e-08  1.94999844e+00 
 2.10715000e-08  9.01529508e-01  2.10715000e-08  1.94999953e+00  2.10715000e-08  1.94999516e+00 
 2.14395000e-08  6.34431758e-05  2.14395000e-08  1.16265152e+00  2.14395000e-08  1.94994008e+00 
 2.14405000e-08  6.20099468e-05  2.14405000e-08  1.10832221e+00  2.14405000e-08  1.94993549e+00 
 2.14415000e-08  6.07675928e-05  2.14415000e-08  1.05332370e+00  2.14415000e-08  1.94993501e+00 
 2.14425000e-08  5.93612494e-05  2.14425000e-08  9.97690947e-01  2.14425000e-08  1.94993982e+00 
 2.14435000e-08  5.81679691e-05  2.14435000e-08  9.41407303e-01  2.14435000e-08  1.94995145e+00 
 2.14445000e-08  5.68484573e-05  2.14445000e-08  8.84519016e-01  2.14445000e-08  1.94996977e+00 
 2.16525000e-08  9.27644453e-01  2.16525000e-08  4.92136283e-05  2.16525000e-08  1.94998390e+00 
 2.16535000e-08  9.69065106e-01  2.16535000e-08  4.88845681e-05  2.16535000e-08  1.94998458e+00 
 2.16545000e-08  1.01010671e+00  2.16545000e-08  4.67708011e-05  2.16545000e-08  1.94998478e+00 
 2.16555000e-08  1.05076901e+00  2.16555000e-08  4.64865893e-05  2.16555000e-08  1.94998544e+00 
 2.16565000e-08  1.09106619e+00  2.16565000e-08  4.44495025e-05  2.16565000e-08  1.94998562e+00 
 2.16575000e-08  1.13099054e+00  2.16575000e-08  4.42073422e-05  2.16575000e-08  1.94998625e+00 
 2.18525000e-08  1.94979656e+00  2.18525000e-08  8.20453889e-01  2.18525000e-08  1.95008299e+00 
 2.18535000e-08  1.94979950e+00  2.18535000e-08  9.03251469e-01  2.18535000e-08  1.94995007e+00 
 2.18545000e-08  1.94980255e+00  2.18545000e-08  9.84051214e-01  2.18545000e-08  1.94981252e+00 
 2.18555000e-08  1.94980534e+00  2.18555000e-08  1.06274817e+00  2.18555000e-08  1.94965737e+00 
 2.18565000e-08  1.94980824e+00  2.18565000e-08  1.13935278e+00  2.18565000e-08  1.94949858e+00 
 2.18575000e-08  1.94981090e+00  2.18575000e-08  1.21412097e+00  2.18575000e-08  1.94935448e+00 
 2.19865000e-08  1.94994076e+00  2.19865000e-08  1.94999514e+00  2.19865000e-08  1.15070109e+00 
 2.19875000e-08  1.94994106e+00  2.19875000e-08  1.95002807e+00  2.19875000e-08  1.09312587e+00 
 2.19885000e-08  1.94994145e+00  2.19885000e-08  1.95005777e+00  2.19885000e-08  1.03526599e+00 
 2.19895000e-08  1.94994175e+00  2.19895000e-08  1.95008001e+00  2.19895000e-08  9.77042320e-01 
 2.19905000e-08  1.94994213e+00  2.19905000e-08  1.95009660e+00  2.19905000e-08  9.18237143e-01 
 2.19915000e-08  1.94994243e+00  2.19915000e-08  1.95010619e+00  2.19915000e-08  8.58823641e-01 
 2.21885000e-08  1.16304774e+00  2.21885000e-08  1.94999938e+00  2.21885000e-08  3.71005198e-05 
 2.21895000e-08  1.11081583e+00  2.21895000e-08  1.94999948e+00  2.21895000e-08  3.42189114e-05 
 2.21905000e-08  1.05890137e+00  2.21905000e-08  1.94999939e+00  2.21905000e-08  3.48084178e-05 
 2.21915000e-08  1.00723844e+00  2.21915000e-08  1.94999948e+00  2.21915000e-08  3.20368708e-05 
 2.21925000e-08  9.55768896e-01  2.21925000e-08  1.94999940e+00  2.21925000e-08  3.26591467e-05 
 2.21935000e-08  9.04440894e-01  2.21935000e-08  1.94999949e+00  2.21935000e-08  2.99922908e-05 
 2.25275000e-08  1.30853280e-04  2.25275000e-08  2.00712523e+00  2.25275000e-08 -1.65068428e-07 
 2.25615000e-08  6.35171257e-05  2.25615000e-08  1.16589279e+00  2.25615000e-08 -2.95321818e-06 
 2.25625000e-08  6.20905053e-05  2.25625000e-08  1.11159896e+00  2.25625000e-08 -2.20956125e-06 
 2.25635000e-08  6.08401448e-05  2.25635000e-08  1.05663908e+00  2.25635000e-08 -6.11566758e-07 
 2.25645000e-08  5.94405155e-05  2.25645000e-08  1.00104160e+00  2.25645000e-08  1.40206569e-06 
 2.25655000e-08  5.82365414e-05  2.25655000e-08  9.44795724e-01  2.25655000e-08  3.84460916e-06 
 2.25665000e-08  5.69218515e-05  2.25665000e-08  8.87941655e-01  2.25665000e-08  6.56830711e-06 
 2.27745000e-08  9.25028628e-01  2.27745000e-08  5.56941040e-05  2.27745000e-08  9.08420000e-07 
 2.27755000e-08  9.66473743e-01  2.27755000e-08  5.49224660e-05  2.27755000e-08  1.65417094e-06 
 2.27765000e-08  1.00753935e+00  2.27765000e-08  5.29128678e-05  2.27765000e-08  8.21745019e-07 
 2.27775000e-08  1.04822496e+00  2.27775000e-08  5.22006106e-05  2.27775000e-08  1.72631074e-06 
 2.27785000e-08  1.08854505e+00  2.27785000e-08  5.02734816e-05  2.27785000e-08  1.00739792e-06 
 2.27795000e-08  1.12849303e+00  2.27795000e-08  4.96144562e-05  2.27795000e-08  1.58069006e-06 
 2.29745000e-08  1.94979634e+00  2.29745000e-08  8.13161051e-01  2.29745000e-08 -6.06453825e-05 
 2.29755000e-08  1.94979934e+00  2.29755000e-08  8.96102809e-01  2.29755000e-08 -1.11862014e-04 
 2.29765000e-08  1.94980234e+00  2.29765000e-08  9.77229073e-01  2.29765000e-08 -1.53470580e-04 
 2.29775000e-08  1.94980518e+00  2.29775000e-08  1.05645247e+00  2.29775000e-08 -1.77898330e-04 
 2.29785000e-08  1.94980805e+00  2.29785000e-08  1.13378345e+00  2.29785000e-08 -1.96513541e-04 
 2.29795000e-08  1.94981075e+00  2.29795000e-08  1.20938443e+00  2.29795000e-08 -2.13398273e-04 
 2.30935000e-08  1.94993500e+00  2.30935000e-08  1.94993775e+00  2.30935000e-08  8.55769768e-01 
 2.30945000e-08  1.94993544e+00  2.30945000e-08  1.94994369e+00  2.30945000e-08  9.16969485e-01 
 2.30955000e-08  1.94993582e+00  2.30955000e-08  1.94994972e+00  2.30955000e-08  9.76907704e-01 
 2.30965000e-08  1.94993625e+00  2.30965000e-08  1.94995552e+00  2.30965000e-08  1.03695384e+00 
 2.30975000e-08  1.94993662e+00  2.30975000e-08  1.94996210e+00  2.30975000e-08  1.10084080e+00 
 2.30985000e-08  1.94993704e+00  2.30985000e-08  1.94995825e+00  2.30985000e-08  1.17231329e+00 
 2.33105000e-08  1.16655946e+00  2.33105000e-08  1.94999949e+00  2.33105000e-08  1.94999882e+00 
 2.33115000e-08  1.11430636e+00  2.33115000e-08  1.94999953e+00  2.33115000e-08  1.94999729e+00 
 2.33125000e-08  1.06237102e+00  2.33125000e-08  1.94999949e+00  2.33125000e-08  1.94999817e+00 
 2.33135000e-08  1.01069467e+00  2.33135000e-08  1.94999953e+00  2.33135000e-08  1.94999732e+00 
 2.33145000e-08  9.59212616e-01  2.33145000e-08  1.94999950e+00  2.33145000e-08  1.94999871e+00 
 2.33155000e-08  9.07877530e-01  2.33155000e-08  1.94999953e+00  2.33155000e-08  1.94999724e+00 
 2.36835000e-08  6.36091329e-05  2.36835000e-08  1.16968530e+00  2.36835000e-08  1.94994088e+00 
 2.36845000e-08  6.21922961e-05  2.36845000e-08  1.11543788e+00  2.36845000e-08  1.94993585e+00 
 2.36855000e-08  6.09297952e-05  2.36855000e-08  1.06052796e+00  2.36855000e-08  1.94993484e+00 
 2.36865000e-08  5.95399382e-05  2.36865000e-08  1.00497604e+00  2.36865000e-08  1.94993877e+00 
 2.36875000e-08  5.83216005e-05  2.36875000e-08  9.48777691e-01  2.36875000e-08  1.94994960e+00 
 2.36885000e-08  5.70149038e-05  2.36885000e-08  8.91965635e-01  2.36885000e-08  1.94996693e+00 
 2.38965000e-08  9.22806290e-01  2.38965000e-08  4.93456999e-05  2.38965000e-08  1.94998392e+00 
 2.38975000e-08  9.64271880e-01  2.38975000e-08  4.90759931e-05  2.38975000e-08  1.94998443e+00 
 2.38985000e-08  1.00535766e+00  2.38985000e-08  4.68954063e-05  2.38985000e-08  1.94998481e+00 
 2.38995000e-08  1.04606311e+00  2.38995000e-08  4.66690904e-05  2.38995000e-08  1.94998530e+00 
 2.39005000e-08  1.08640261e+00  2.39005000e-08  4.45672254e-05  2.39005000e-08  1.94998565e+00 
 2.39015000e-08  1.12637051e+00  2.39015000e-08  4.43815771e-05  2.39015000e-08  1.94998612e+00 
 2.40965000e-08  1.94979616e+00  2.40965000e-08  8.10750590e-01  2.40965000e-08  1.95009708e+00 
 2.40975000e-08  1.94979920e+00  2.40975000e-08  8.93765126e-01  2.40975000e-08  1.94996470e+00 
 2.40985000e-08  1.94980216e+00  2.40985000e-08  9.74805864e-01  2.40985000e-08  1.94982940e+00 
 2.40995000e-08  1.94980505e+00  2.40995000e-08  1.05375556e+00  2.40995000e-08  1.94967604e+00 
 2.41005000e-08  1.94980788e+00  2.41005000e-08  1.13060536e+00  2.41005000e-08  1.94951647e+00 
 2.41015000e-08  1.94981063e+00  2.41015000e-08  1.20556801e+00  2.41015000e-08  1.94937154e+00 
 2.42305000e-08  1.94994071e+00  2.42305000e-08  1.94999166e+00  2.42305000e-08  1.15738648e+00 
 2.42315000e-08  1.94994104e+00  2.42315000e-08  1.95002437e+00  2.42315000e-08  1.09982295e+00 
 2.42325000e-08  1.94994139e+00  2.42325000e-08  1.95005456e+00  2.42325000e-08  1.04200561e+00 
 2.42335000e-08  1.94994172e+00  2.42335000e-08  1.95007778e+00  2.42335000e-08  9.83831611e-01 
 2.42345000e-08  1.94994208e+00  2.42345000e-08  1.95009495e+00  2.42345000e-08  9.25100918e-01 
 2.42355000e-08  1.94994240e+00  2.42355000e-08  1.95010541e+00  2.42355000e-08  8.65761556e-01 
 2.44325000e-08  1.16890632e+00  2.44325000e-08  1.94999934e+00  2.44325000e-08  3.69381758e-05 
 2.44335000e-08  1.11663900e+00  2.44335000e-08  1.94999950e+00  2.44335000e-08  3.46414502e-05 
 2.44345000e-08  1.06468942e+00  2.44345000e-08  1.94999935e+00  2.44345000e-08  3.46526390e-05 
 2.44355000e-08  1.01300389e+00  2.44355000e-08  1.94999951e+00  2.44355000e-08  3.24706582e-05 
 2.44365000e-08  9.61513362e-01  2.44365000e-08  1.94999936e+00  2.44365000e-08  3.24827521e-05 
 2.44375000e-08  9.10173423e-01  2.44375000e-08  1.94999951e+00  2.44375000e-08  3.03962562e-05 
 2.48055000e-08  6.36684425e-05  2.48055000e-08  1.17238713e+00  2.48055000e-08 -2.89413794e-06 
 2.48065000e-08  6.22580594e-05  2.48065000e-08  1.11816900e+00  2.48065000e-08 -2.44642305e-06 
 2.48075000e-08  6.09880842e-05  2.48075000e-08  1.06329094e+00  2.48075000e-08 -7.34294260e-07 
 2.48085000e-08  5.96044697e-05  2.48085000e-08  1.00776816e+00  2.48085000e-08  1.04988631e-06 
 2.48095000e-08  5.83769264e-05  2.48095000e-08  9.51601135e-01  2.48095000e-08  3.62575776e-06 
 2.48105000e-08  5.70751213e-05  2.48105000e-08  8.94817558e-01  2.48105000e-08  6.14333344e-06 
 2.50185000e-08  9.20977179e-01  2.50185000e-08  5.57578416e-05  2.50185000e-08  9.95118184e-07 
 2.50195000e-08  9.62460360e-01  2.50195000e-08  5.51979285e-05  2.50195000e-08  2.06325132e-06 
 2.50205000e-08  1.00356321e+00  2.50205000e-08  5.29699874e-05  2.50205000e-08  9.49989186e-07 
 2.50215000e-08  1.04428494e+00  2.50215000e-08  5.24651461e-05  2.50215000e-08  2.00206834e-06 
 2.50225000e-08  1.08464124e+00  2.50225000e-08  5.03227984e-05  2.50225000e-08  9.29694613e-07 
 2.50235000e-08  1.12462630e+00  2.50235000e-08  4.98700396e-05  2.50235000e-08  1.97636708e-06 
 2.52185000e-08  1.94979600e+00  2.52185000e-08  8.05085008e-01  2.52185000e-08 -5.56254113e-05 
 2.52195000e-08  1.94979909e+00  2.52195000e-08  8.88190624e-01  2.52195000e-08 -1.07243974e-04 
 2.52205000e-08  1.94980201e+00  2.52205000e-08  9.69498970e-01  2.52205000e-08 -1.50111278e-04 
 2.52215000e-08  1.94980495e+00  2.52215000e-08  1.04890564e+00  2.52215000e-08 -1.75976820e-04 
 2.52225000e-08  1.94980773e+00  2.52225000e-08  1.12641512e+00  2.52225000e-08 -1.95244727e-04 
 2.52235000e-08  1.94981053e+00  2.52235000e-08  1.20217307e+00  2.52235000e-08 -2.10690866e-04 
 2.53375000e-08  1.94993498e+00  2.53375000e-08  1.94993750e+00  2.53375000e-08  8.49774990e-01 
 2.53385000e-08  1.94993539e+00  2.53385000e-08  1.94994304e+00  2.53385000e-08  9.11129490e-01 
 2.53395000e-08  1.94993580e+00  2.53395000e-08  1.94994915e+00  2.53395000e-08  9.71154314e-01 
 2.53405000e-08  1.94993620e+00  2.53405000e-08  1.94995506e+00  2.53405000e-08  1.03106014e+00 
 2.53415000e-08  1.94993660e+00  2.53415000e-08  1.94996134e+00  2.53415000e-08  1.09442143e+00 
 2.53425000e-08  1.94993699e+00  2.53425000e-08  1.94995917e+00  2.53425000e-08  1.16520128e+00 
 2.55545000e-08  1.17172533e+00  2.55545000e-08  1.94999948e+00  2.55545000e-08  1.94999928e+00 
 2.55555000e-08  1.11944103e+00  2.55555000e-08  1.94999953e+00  2.55555000e-08  1.94999944e+00 
 2.55565000e-08  1.06747444e+00  2.55565000e-08  1.94999949e+00  2.55565000e-08  1.94999926e+00 
 2.55575000e-08  1.01577769e+00  2.55575000e-08  1.94999953e+00  2.55575000e-08  1.94999942e+00 
 2.55585000e-08  9.64276831e-01  2.55585000e-08  1.94999949e+00  2.55585000e-08  1.94999925e+00 
 2.55595000e-08  9.12930944e-01  2.55595000e-08  1.94999954e+00  2.55595000e-08  1.94999944e+00 
 2.59275000e-08  6.37266423e-05  2.59275000e-08  1.17472633e+00  2.59275000e-08  1.94994144e+00 
 2.59285000e-08  6.23254494e-05  2.59285000e-08  1.12053775e+00  2.59285000e-08  1.94993618e+00 
 2.59295000e-08  6.10454405e-05  2.59295000e-08  1.06569139e+00  2.59295000e-08  1.94993476e+00 
 2.59305000e-08  5.96706725e-05  2.59305000e-08  1.01019759e+00  2.59305000e-08  1.94993812e+00 
 2.59315000e-08  5.84312273e-05  2.59315000e-08  9.54060600e-01  2.59315000e-08  1.94994833e+00 
 2.59325000e-08  5.71367545e-05  2.59325000e-08  8.97303514e-01  2.59325000e-08  1.94996499e+00 
 2.61405000e-08  9.18425772e-01  2.61405000e-08  4.95413572e-05  2.61405000e-08  1.94998404e+00 
 2.61415000e-08  9.59933473e-01  2.61415000e-08  4.91142331e-05  2.61415000e-08  1.94998423e+00 
 2.61425000e-08  1.00105924e+00  2.61425000e-08  4.70838495e-05  2.61425000e-08  1.94998493e+00 
 2.61435000e-08  1.04180384e+00  2.61435000e-08  4.67029246e-05  2.61435000e-08  1.94998511e+00 
 2.61445000e-08  1.08218190e+00  2.61445000e-08  4.47487858e-05  2.61445000e-08  1.94998577e+00 
 2.61455000e-08  1.12218911e+00  2.61455000e-08  4.44112684e-05  2.61455000e-08  1.94998593e+00 
 2.63405000e-08  1.94979577e+00  2.63405000e-08  8.01731624e-01  2.63405000e-08  1.95010946e+00 
 2.63415000e-08  1.94979894e+00  2.63415000e-08  8.84942622e-01  2.63415000e-08  1.94997795e+00 
 2.63425000e-08  1.94980180e+00  2.63425000e-08  9.66205286e-01  2.63425000e-08  1.94984501e+00 
 2.63435000e-08  1.94980481e+00  2.63435000e-08  1.04537961e+00  2.63435000e-08  1.94969338e+00 
 2.63445000e-08  1.94980753e+00  2.63445000e-08  1.12245080e+00  2.63445000e-08  1.94953382e+00 
 2.63455000e-08  1.94981040e+00  2.63455000e-08  1.19758244e+00  2.63455000e-08  1.94938914e+00 
 2.64745000e-08  1.94994066e+00  2.64745000e-08  1.94998863e+00  2.64745000e-08  1.16363910e+00 
 2.64755000e-08  1.94994102e+00  2.64755000e-08  1.95002083e+00  2.64755000e-08  1.10608515e+00 
 2.64765000e-08  1.94994134e+00  2.64765000e-08  1.95005146e+00  2.64765000e-08  1.04830659e+00 
 2.64775000e-08  1.94994170e+00  2.64775000e-08  1.95007546e+00  2.64775000e-08  9.90178652e-01 
 2.64785000e-08  1.94994203e+00  2.64785000e-08  1.95009323e+00  2.64785000e-08  9.31518125e-01 
 2.64795000e-08  1.94994238e+00  2.64795000e-08  1.95010445e+00  2.64795000e-08  8.72249399e-01 
 2.66765000e-08  1.17405838e+00  2.66765000e-08  1.94999934e+00  2.66765000e-08  3.68226686e-05 
 2.66775000e-08  1.12176037e+00  2.66775000e-08  1.94999952e+00  2.66775000e-08  3.50234640e-05 
 2.66785000e-08  1.06977988e+00  2.66785000e-08  1.94999935e+00  2.66785000e-08  3.45157281e-05 
 2.66795000e-08  1.01807424e+00  2.66795000e-08  1.94999953e+00  2.66795000e-08  3.28231345e-05 
 2.66805000e-08  9.66565142e-01  2.66805000e-08  1.94999935e+00  2.66805000e-08  3.23526614e-05 
 2.66815000e-08  9.15214681e-01  2.66815000e-08  1.94999953e+00  2.66815000e-08  3.07612174e-05 
 2.70495000e-08  6.37979795e-05  2.70495000e-08  1.17758982e+00  2.70495000e-08 -2.84352002e-06 
 2.70505000e-08  6.24032795e-05  2.70505000e-08  1.12343249e+00  2.70505000e-08 -2.62498445e-06 
 2.70515000e-08  6.11148519e-05  2.70515000e-08  1.06862007e+00  2.70515000e-08 -8.28398861e-07 
 2.70525000e-08  5.97465124e-05  2.70525000e-08  1.01315731e+00  2.70525000e-08  7.73554129e-07 
 2.70535000e-08  5.84974650e-05  2.70535000e-08  9.57053685e-01  2.70535000e-08  3.44885248e-06 
 2.70545000e-08  5.72082853e-05  2.70545000e-08  9.00326918e-01  2.70545000e-08  5.80541583e-06 
 2.72625000e-08  9.17080481e-01  2.72625000e-08  5.58784100e-05  2.72625000e-08  1.04526079e-06 
 2.72635000e-08  9.58601105e-01  2.72635000e-08  5.53501400e-05  2.72635000e-08  2.17604619e-06 
 2.72645000e-08  9.99738987e-01  2.72645000e-08  5.30839331e-05  2.72645000e-08  9.48522190e-07 
 2.72655000e-08  1.04049565e+00  2.72655000e-08  5.26112799e-05  2.72655000e-08  2.05326291e-06 
 2.72665000e-08  1.08088553e+00  2.72665000e-08  5.04312300e-05  2.72665000e-08  9.10521450e-07 
 2.72675000e-08  1.12090475e+00  2.72675000e-08  5.00096116e-05  2.72675000e-08  2.02340003e-06 
 2.74625000e-08  1.94979566e+00  2.74625000e-08  7.97046856e-01  2.74625000e-08 -4.96102242e-05 
 2.74635000e-08  1.94979886e+00  2.74635000e-08  8.80314321e-01  2.74635000e-08 -1.02415317e-04 
 2.74645000e-08  1.94980168e+00  2.74645000e-08  9.61803436e-01  2.74645000e-08 -1.46538684e-04 
 2.74655000e-08  1.94980474e+00  2.74655000e-08  1.04139192e+00  2.74655000e-08 -1.73978298e-04 
 2.74665000e-08  1.94980742e+00  2.74665000e-08  1.11908074e+00  2.74665000e-08 -1.93876924e-04 
 2.74675000e-08  1.94981033e+00  2.74675000e-08  1.19498277e+00  2.74675000e-08 -2.08183038e-04 
 2.75825000e-08  1.94993533e+00  2.75825000e-08  1.94994244e+00  2.75825000e-08  9.05359854e-01 
 2.75835000e-08  1.94993578e+00  2.75835000e-08  1.94994856e+00  2.75835000e-08  9.65476453e-01 
 2.75845000e-08  1.94993615e+00  2.75845000e-08  1.94995459e+00  2.75845000e-08  1.02528306e+00 
 2.75855000e-08  1.94993658e+00  2.75855000e-08  1.94996047e+00  2.75855000e-08  1.08817420e+00 
 2.75865000e-08  1.94993694e+00  2.75865000e-08  1.94996021e+00  2.75865000e-08  1.15819428e+00 
 2.75875000e-08  1.94993736e+00  2.75875000e-08  1.94995647e+00  2.75875000e-08  1.23154772e+00 
 2.77985000e-08  1.17656865e+00  2.77985000e-08  1.94999948e+00  2.77985000e-08  1.94999680e+00 
 2.77995000e-08  1.12425496e+00  2.77995000e-08  1.94999953e+00  2.77995000e-08  1.94999802e+00 
 2.78005000e-08  1.07225851e+00  2.78005000e-08  1.94999949e+00  2.78005000e-08  1.94999691e+00 
 2.78015000e-08  1.02054222e+00  2.78015000e-08  1.94999954e+00  2.78015000e-08  1.94999873e+00 
 2.78025000e-08  9.69023255e-01  2.78025000e-08  1.94999949e+00  2.78025000e-08  1.94999687e+00 
 2.78035000e-08  9.17667064e-01  2.78035000e-08  1.94999954e+00  2.78035000e-08  1.94999806e+00 
 2.81715000e-08  6.38431062e-05  2.81715000e-08  1.17938440e+00  2.81715000e-08  1.94994197e+00 
 2.81725000e-08  6.24560307e-05  2.81725000e-08  1.12525034e+00  2.81725000e-08  1.94993650e+00 
 2.81735000e-08  6.11597592e-05  2.81735000e-08  1.07046274e+00  2.81735000e-08  1.94993471e+00 
 2.81745000e-08  5.97984888e-05  2.81745000e-08  1.01502280e+00  2.81745000e-08  1.94993757e+00 
 2.81755000e-08  5.85392470e-05  2.81755000e-08  9.58942653e-01  2.81755000e-08  1.94994719e+00 
 2.81765000e-08  5.72551495e-05  2.81765000e-08  9.02236630e-01  2.81765000e-08  1.94996326e+00 
 2.83845000e-08  9.14199160e-01  2.83845000e-08  4.97475912e-05  2.83845000e-08  1.94998413e+00 
 2.83855000e-08  9.55747492e-01  2.83855000e-08  4.91258267e-05  2.83855000e-08  1.94998406e+00 
 2.83865000e-08  9.96911337e-01  2.83865000e-08  4.72828853e-05  2.83865000e-08  1.94998502e+00 
 2.83875000e-08  1.03769386e+00  2.83875000e-08  4.67109048e-05  2.83875000e-08  1.94998494e+00 
 2.83885000e-08  1.07810903e+00  2.83885000e-08  4.49409460e-05  2.83885000e-08  1.94998586e+00 
 2.83895000e-08  1.11815391e+00  2.83895000e-08  4.44158659e-05  2.83895000e-08  1.94998577e+00 
 2.85845000e-08  1.94979540e+00  2.85845000e-08  7.93278758e-01  2.85845000e-08  1.95012040e+00 
 2.85855000e-08  1.94979869e+00  2.85855000e-08  8.76666698e-01  2.85855000e-08  1.94998706e+00 
 2.85865000e-08  1.94980144e+00  2.85865000e-08  9.58133389e-01  2.85865000e-08  1.94985403e+00 
 2.85875000e-08  1.94980458e+00  2.85875000e-08  1.03751744e+00  2.85875000e-08  1.94970515e+00 
 2.85885000e-08  1.94980719e+00  2.85885000e-08  1.11479812e+00  2.85885000e-08  1.94954639e+00 
 2.85895000e-08  1.94981018e+00  2.85895000e-08  1.19010673e+00  2.85895000e-08  1.94940128e+00 
 2.87185000e-08  1.94994061e+00  2.87185000e-08  1.94998572e+00  2.87185000e-08  1.16934997e+00 
 2.87195000e-08  1.94994100e+00  2.87195000e-08  1.95001747e+00  2.87195000e-08  1.11180269e+00 
 2.87205000e-08  1.94994129e+00  2.87205000e-08  1.95004872e+00  2.87205000e-08  1.05405678e+00 
 2.87215000e-08  1.94994168e+00  2.87215000e-08  1.95007333e+00  2.87215000e-08  9.95968070e-01 
 2.87225000e-08  1.94994198e+00  2.87225000e-08  1.95009179e+00  2.87225000e-08  9.37368710e-01 
 2.87235000e-08  1.94994236e+00  2.87235000e-08  1.95010356e+00  2.87235000e-08  8.78161919e-01 
 2.89205000e-08  1.17923050e+00  2.89205000e-08  1.94999933e+00  2.89205000e-08  3.64056290e-05 
 2.89215000e-08  1.12690136e+00  2.89215000e-08  1.94999952e+00  2.89215000e-08  3.58648365e-05 
 2.89225000e-08  1.07488895e+00  2.89225000e-08  1.94999934e+00  2.89225000e-08  3.41158704e-05 
 2.89235000e-08  1.02316245e+00  2.89235000e-08  1.94999953e+00  2.89235000e-08  3.36293575e-05 
 2.89245000e-08  9.71634086e-01  2.89245000e-08  1.94999935e+00  2.89245000e-08  3.18672170e-05 
 2.89255000e-08  9.20272807e-01  2.89255000e-08  1.94999954e+00  2.89255000e-08  3.14472703e-05 
 2.92935000e-08  6.39244913e-05  2.92935000e-08  1.18283505e+00  2.92935000e-08 -2.79685644e-06 
 2.92945000e-08  6.25444786e-05  2.92945000e-08  1.12873922e+00  2.92945000e-08 -2.78898327e-06 
 2.92955000e-08  6.12387395e-05  2.92955000e-08  1.07399298e+00  2.92955000e-08 -9.26292531e-07 
 2.92965000e-08  5.98845977e-05  2.92965000e-08  1.01859094e+00  2.92965000e-08  5.06209746e-07 
 2.92975000e-08  5.86147447e-05  2.92975000e-08  9.62551384e-01  2.92975000e-08  3.26317402e-06 
 2.92985000e-08  5.73365924e-05  2.92985000e-08  9.05882236e-01  2.92985000e-08  5.47305869e-06 
 2.95065000e-08  9.12755700e-01  2.95065000e-08  5.60887201e-05  2.95065000e-08  1.07448642e-06 
 2.95075000e-08  9.54317869e-01  2.95075000e-08  5.54174695e-05  2.95075000e-08  1.87676786e-06 
 2.95085000e-08  9.95494671e-01  2.95085000e-08  5.32858861e-05  2.95085000e-08  7.39425863e-07 
 2.95095000e-08  1.03629012e+00  2.95095000e-08  5.26732403e-05  2.95095000e-08  1.89184366e-06 
 2.95105000e-08  1.07671789e+00  2.95105000e-08  5.06250424e-05  2.95105000e-08  9.35375926e-07 
 2.95115000e-08  1.11677557e+00  2.95115000e-08  5.00661579e-05  2.95115000e-08  1.92994635e-06 
 2.97065000e-08  1.94979528e+00  2.97065000e-08  7.88398630e-01  2.97065000e-08 -4.47986686e-05 
 2.97075000e-08  1.94979860e+00  2.97075000e-08  8.71837689e-01  2.97075000e-08 -9.74650883e-05 
 2.97085000e-08  1.94980133e+00  2.97085000e-08  9.53522430e-01  2.97085000e-08 -1.42634207e-04 
 2.97095000e-08  1.94980449e+00  2.97095000e-08  1.03330500e+00  2.97095000e-08 -1.71770356e-04 
 2.97105000e-08  1.94980708e+00  2.97105000e-08  1.11118819e+00  2.97105000e-08 -1.92022564e-04 
 2.97115000e-08  1.94981010e+00  2.97115000e-08  1.18726079e+00  2.97115000e-08 -2.06181933e-04 
 2.98265000e-08  1.94993527e+00  2.98265000e-08  1.94994184e+00  2.98265000e-08  8.99144883e-01 
 2.98275000e-08  1.94993575e+00  2.98275000e-08  1.94994789e+00  2.98275000e-08  9.59370283e-01 
 2.98285000e-08  1.94993609e+00  2.98285000e-08  1.94995411e+00  2.98285000e-08  1.01910876e+00 
 2.98295000e-08  1.94993655e+00  2.98295000e-08  1.94995942e+00  2.98295000e-08  1.08154462e+00 
 2.98305000e-08  1.94993688e+00  2.98305000e-08  1.94996146e+00  2.98305000e-08  1.15068822e+00 
 2.98315000e-08  1.94993733e+00  2.98315000e-08  1.94995620e+00  2.98315000e-08  1.22411222e+00 
 3.00425000e-08  1.18190512e+00  3.00425000e-08  1.94999949e+00  3.00425000e-08  1.94999469e+00 
 3.00435000e-08  1.12955898e+00  3.00435000e-08  1.94999953e+00  3.00435000e-08  1.94999827e+00 
 3.00445000e-08  1.07752904e+00  3.00445000e-08  1.94999949e+00  3.00445000e-08  1.94999473e+00 
 3.00455000e-08  1.02579066e+00  3.00455000e-08  1.94999953e+00  3.00455000e-08  1.94999722e+00 
 3.00465000e-08  9.74251230e-01  3.00465000e-08  1.94999950e+00  3.00465000e-08  1.94999505e+00 
 3.00475000e-08  9.22883397e-01  3.00475000e-08  1.94999954e+00  3.00475000e-08  1.94999847e+00 
 3.04155000e-08  6.39718065e-05  3.04155000e-08  1.18493331e+00  3.04155000e-08  1.94994262e+00 
 3.04165000e-08  6.25992171e-05  3.04165000e-08  1.13086440e+00  3.04165000e-08  1.94993694e+00 
 3.04175000e-08  6.12857092e-05  3.04175000e-08  1.07614685e+00  3.04175000e-08  1.94993471e+00 
 3.04185000e-08  5.99391374e-05  3.04185000e-08  1.02077123e+00  3.04185000e-08  1.94993698e+00 
 3.04195000e-08  5.86596252e-05  3.04195000e-08  9.64758969e-01  3.04195000e-08  1.94994591e+00 
 3.04205000e-08  5.73872652e-05  3.04205000e-08  9.08114094e-01  3.04205000e-08  1.94996126e+00 
 3.06285000e-08  9.10378753e-01  3.06285000e-08  4.99830392e-05  3.06285000e-08  1.94998406e+00 
 3.06295000e-08  9.51963953e-01  3.06295000e-08  4.91495040e-05  3.06295000e-08  1.94998404e+00 
 3.06305000e-08  9.93162119e-01  3.06305000e-08  4.75099136e-05  3.06305000e-08  1.94998495e+00 
 3.06315000e-08  1.03397907e+00  3.06315000e-08  4.67301162e-05  3.06315000e-08  1.94998492e+00 
 3.06325000e-08  1.07442756e+00  3.06325000e-08  4.51599428e-05  3.06325000e-08  1.94998580e+00 
 3.06335000e-08  1.11450645e+00  3.06335000e-08  4.44308950e-05  3.06335000e-08  1.94998575e+00 
 3.08285000e-08  1.94979508e+00  3.08285000e-08  7.85573096e-01  3.08285000e-08  1.95012970e+00 
 3.08295000e-08  1.94979845e+00  3.08295000e-08  8.69123612e-01  3.08295000e-08  1.95000098e+00 
 3.08305000e-08  1.94980114e+00  3.08305000e-08  9.50776064e-01  3.08305000e-08  1.94987238e+00 
 3.08315000e-08  1.94980435e+00  3.08315000e-08  1.03035253e+00  3.08315000e-08  1.94972400e+00 
 3.08325000e-08  1.94980690e+00  3.08325000e-08  1.10782322e+00  3.08325000e-08  1.94956438e+00 
 3.08335000e-08  1.94980996e+00  3.08335000e-08  1.18329788e+00  3.08335000e-08  1.94941740e+00 
 3.09625000e-08  1.94994056e+00  3.09625000e-08  1.94998290e+00  3.09625000e-08  1.17462309e+00 
 3.09635000e-08  1.94994098e+00  3.09635000e-08  1.95001447e+00  3.09635000e-08  1.11708059e+00 
 3.09645000e-08  1.94994125e+00  3.09645000e-08  1.95004598e+00  3.09645000e-08  1.05936313e+00 
 3.09655000e-08  1.94994166e+00  3.09655000e-08  1.95007144e+00  3.09655000e-08  1.00130918e+00 
 3.09665000e-08  1.94994193e+00  3.09665000e-08  1.95009025e+00  3.09665000e-08  9.42765025e-01 
 3.09675000e-08  1.94994234e+00  3.09675000e-08  1.95010281e+00  3.09675000e-08  8.83614624e-01 
 3.11655000e-08  1.13192461e+00  3.11655000e-08  1.94999953e+00  3.11655000e-08  3.66100009e-05 
 3.11665000e-08  1.07988027e+00  3.11665000e-08  1.94999934e+00  3.11665000e-08  3.36583929e-05 
 3.11675000e-08  1.02813249e+00  3.11675000e-08  1.94999953e+00  3.11675000e-08  3.42191539e-05 
 3.11685000e-08  9.76584426e-01  3.11685000e-08  1.94999935e+00  3.11685000e-08  3.16127345e-05 
 3.11695000e-08  9.25211829e-01  3.11695000e-08  1.94999954e+00  3.11695000e-08  3.22967961e-05 
 3.11705000e-08  8.73947636e-01  3.11705000e-08  1.94999935e+00  3.11705000e-08  2.94892936e-05 
 3.15375000e-08  6.40471514e-05  3.15375000e-08  1.18807343e+00  3.15375000e-08 -2.77496994e-06 
 3.15385000e-08  6.26809295e-05  3.15385000e-08  1.13403914e+00  3.15385000e-08 -2.91443285e-06 
 3.15395000e-08  6.13587308e-05  3.15395000e-08  1.07935901e+00  3.15395000e-08 -1.04683282e-06 
 3.15405000e-08  6.00185682e-05  3.15405000e-08  1.02401769e+00  3.15405000e-08  2.70263065e-07 
 3.15415000e-08  5.87294336e-05  3.15415000e-08  9.68042234e-01  3.15415000e-08  3.05460304e-06 
 3.15425000e-08  5.74624521e-05  3.15425000e-08  9.11430864e-01  3.15425000e-08  5.16715044e-06 
 3.17505000e-08  9.09105505e-01  3.17505000e-08  5.63029048e-05  3.17505000e-08  8.59742343e-07 
 3.17515000e-08  9.50703047e-01  3.17515000e-08  5.54804832e-05  3.17515000e-08  1.85975105e-06 
 3.17525000e-08  9.91912682e-01  3.17525000e-08  5.34931070e-05  3.17525000e-08  1.06138588e-06 
 3.17535000e-08  1.03274115e+00  3.17535000e-08  5.27307747e-05  3.17535000e-08  1.70831929e-06 
 3.17545000e-08  1.07320075e+00  3.17545000e-08  5.08228480e-05  3.17545000e-08  7.56792464e-07 
 3.17555000e-08  1.11329098e+00  3.17555000e-08  5.01183251e-05  3.17555000e-08  1.72332744e-06 
 3.19515000e-08  1.94979838e+00  3.19515000e-08  8.64622763e-01  3.19515000e-08 -9.41631231e-05 
 3.19525000e-08  1.94980103e+00  3.19525000e-08  9.46465669e-01  3.19525000e-08 -1.40073118e-04 
 3.19535000e-08  1.94980428e+00  3.19535000e-08  1.02641632e+00  3.19535000e-08 -1.69273165e-04 
 3.19545000e-08  1.94980680e+00  3.19545000e-08  1.10446353e+00  3.19545000e-08 -1.89583751e-04 
 3.19555000e-08  1.94980989e+00  3.19555000e-08  1.18068524e+00  3.19555000e-08 -2.04063006e-04 
 3.19565000e-08  1.94981228e+00  3.19565000e-08  1.25527730e+00  3.19565000e-08 -2.31565641e-04 
 3.20705000e-08  1.94993522e+00  3.20705000e-08  1.94994114e+00  3.20705000e-08  8.93826189e-01 
 3.20715000e-08  1.94993573e+00  3.20715000e-08  1.94994750e+00  3.20715000e-08  9.54152666e-01 
 3.20725000e-08  1.94993604e+00  3.20725000e-08  1.94995348e+00  3.20725000e-08  1.01385949e+00 
 3.20735000e-08  1.94993653e+00  3.20735000e-08  1.94995866e+00  3.20735000e-08  1.07593686e+00 
 3.20745000e-08  1.94993683e+00  3.20745000e-08  1.94996239e+00  3.20745000e-08  1.14429492e+00 
 3.20755000e-08  1.94993731e+00  3.20755000e-08  1.94995619e+00  3.20755000e-08  1.21774555e+00 
 3.22875000e-08  1.13391100e+00  3.22875000e-08  1.94999953e+00  3.22875000e-08  1.94999775e+00 
 3.22885000e-08  1.08185352e+00  3.22885000e-08  1.94999949e+00  3.22885000e-08  1.94999286e+00 
 3.22895000e-08  1.03009646e+00  3.22895000e-08  1.94999953e+00  3.22895000e-08  1.94999643e+00 
 3.22905000e-08  9.78540149e-01  3.22905000e-08  1.94999950e+00  3.22905000e-08  1.94999334e+00 
 3.22915000e-08  9.27162422e-01  3.22915000e-08  1.94999954e+00  3.22915000e-08  1.94999816e+00 
 3.22925000e-08  8.75893073e-01  3.22925000e-08  1.94999951e+00  3.22925000e-08  1.94999347e+00 
 3.26595000e-08  6.40765229e-05  3.26595000e-08  1.18929649e+00  3.26595000e-08  1.94994313e+00 
 3.26605000e-08  6.27185491e-05  3.26605000e-08  1.13527885e+00  3.26605000e-08  1.94993730e+00 
 3.26615000e-08  6.13884262e-05  3.26615000e-08  1.08061636e+00  3.26615000e-08  1.94993474e+00 
 3.26625000e-08  6.00568069e-05  3.26625000e-08  1.02529139e+00  3.26625000e-08  1.94993656e+00 
 3.26635000e-08  5.87577324e-05  3.26635000e-08  9.69332605e-01  3.26635000e-08  1.94994494e+00 
 3.26645000e-08  5.74974295e-05  3.26645000e-08  9.12735995e-01  3.26645000e-08  1.94995974e+00 
 3.28725000e-08  9.06923395e-01  3.28725000e-08  5.01662147e-05  3.28725000e-08  1.94998400e+00 
 3.28735000e-08  9.48542079e-01  3.28735000e-08  4.91709142e-05  3.28735000e-08  1.94998403e+00 
 3.28745000e-08  9.89771413e-01  3.28745000e-08  4.76864304e-05  3.28745000e-08  1.94998489e+00 
 3.28755000e-08  1.03061963e+00  3.28755000e-08  4.67480081e-05  3.28755000e-08  1.94998491e+00 
 3.28765000e-08  1.07109827e+00  3.28765000e-08  4.53301113e-05  3.28765000e-08  1.94998574e+00 
 3.28775000e-08  1.11120789e+00  3.28775000e-08  4.44454917e-05  3.28775000e-08  1.94998574e+00 
 3.30735000e-08  1.94979822e+00  3.30735000e-08  8.62214898e-01  3.30735000e-08  1.95001383e+00 
 3.30745000e-08  1.94980088e+00  3.30745000e-08  9.44033596e-01  3.30745000e-08  1.94988392e+00 
 3.30755000e-08  1.94980413e+00  3.30755000e-08  1.02378569e+00  3.30755000e-08  1.94973703e+00 
 3.30765000e-08  1.94980665e+00  3.30765000e-08  1.10143910e+00  3.30765000e-08  1.94957748e+00 
 3.30775000e-08  1.94980975e+00  3.30775000e-08  1.17707844e+00  3.30775000e-08  1.94942921e+00 
 3.30785000e-08  1.94981214e+00  3.30785000e-08  1.25102161e+00  3.30785000e-08  1.94927047e+00 
 3.32065000e-08  1.94994053e+00  3.32065000e-08  1.94998009e+00  3.32065000e-08  1.17946616e+00 
 3.32075000e-08  1.94994096e+00  3.32075000e-08  1.95001179e+00  3.32075000e-08  1.12192664e+00 
 3.32085000e-08  1.94994121e+00  3.32085000e-08  1.95004345e+00  3.32085000e-08  1.06423308e+00 
 3.32095000e-08  1.94994164e+00  3.32095000e-08  1.95006987e+00  3.32095000e-08  1.00620896e+00 
 3.32105000e-08  1.94994190e+00  3.32105000e-08  1.95008884e+00  3.32105000e-08  9.47713067e-01 
 3.32115000e-08  1.94994232e+00  3.32115000e-08  1.95010227e+00  3.32115000e-08  8.88612438e-01 
 3.34095000e-08  1.13645936e+00  3.34095000e-08  1.94999953e+00  3.34095000e-08  3.72375326e-05 
 3.34105000e-08  1.08438591e+00  3.34105000e-08  1.94999933e+00  3.34105000e-08  3.32786454e-05 
 3.34115000e-08  1.03261794e+00  3.34115000e-08  1.94999954e+00  3.34115000e-08  3.51957157e-05 
 3.34125000e-08  9.81052046e-01  3.34125000e-08  1.94999934e+00  3.34125000e-08  3.09915744e-05 
 3.34135000e-08  9.29668686e-01  3.34135000e-08  1.94999954e+00  3.34135000e-08  3.28838505e-05 
 3.34145000e-08  8.78393519e-01  3.34145000e-08  1.94999935e+00  3.34145000e-08  2.91102956e-05 
 3.37825000e-08  6.28134969e-05  3.37825000e-08  1.13878020e+00  3.37825000e-08 -3.01774206e-06 
 3.37835000e-08  6.14667234e-05  3.37835000e-08  1.08415929e+00  3.37835000e-08 -1.15320139e-06 
 3.37845000e-08  6.01491580e-05  3.37845000e-08  1.02887248e+00  3.37845000e-08  6.52750498e-08 
 3.37855000e-08  5.88325633e-05  3.37855000e-08  9.72954580e-01  3.37855000e-08  2.86533298e-06 
 3.37865000e-08  5.75850968e-05  3.37865000e-08  9.16395213e-01  3.37865000e-08  4.89667999e-06 
 3.37875000e-08  5.63622754e-05  3.37875000e-08  8.59241613e-01  3.37875000e-08  8.23039373e-06 
 3.39945000e-08  9.05572440e-01  3.39945000e-08  5.65189979e-05  3.39945000e-08  9.66600824e-07 
 3.39955000e-08  9.47204225e-01  3.39955000e-08  5.55143771e-05  3.39955000e-08  1.56811206e-06 
 3.39965000e-08  9.88445765e-01  3.39965000e-08  5.37012458e-05  3.39965000e-08  9.28491869e-07 
 3.39975000e-08  1.02930622e+00  3.39975000e-08  5.27602823e-05  3.39975000e-08  1.53403421e-06 
 3.39985000e-08  1.06979665e+00  3.39985000e-08  5.10233081e-05  3.39985000e-08  8.43221071e-07 
 3.39995000e-08  1.10991825e+00  3.39995000e-08  5.01433634e-05  3.39995000e-08  1.44126528e-06 
 3.41955000e-08  1.94979809e+00  3.41955000e-08  8.57532190e-01  3.41955000e-08 -8.95452922e-05 
 3.41965000e-08  1.94980081e+00  3.41965000e-08  9.39530829e-01  3.41965000e-08 -1.36145621e-04 
 3.41975000e-08  1.94980400e+00  3.41975000e-08  1.01963991e+00  3.41975000e-08 -1.67441646e-04 
 3.41985000e-08  1.94980659e+00  3.41985000e-08  1.09784342e+00  3.41985000e-08 -1.88018961e-04 
 3.41995000e-08  1.94980963e+00  3.41995000e-08  1.17422421e+00  3.41995000e-08 -2.03046697e-04 
 3.42005000e-08  1.94981209e+00  3.42005000e-08  1.24894672e+00  3.42005000e-08 -2.29281008e-04 
 3.43145000e-08  1.94993520e+00  3.43145000e-08  1.94994031e+00  3.43145000e-08  8.88557341e-01 
 3.43155000e-08  1.94993569e+00  3.43155000e-08  1.94994713e+00  3.43155000e-08  9.48990697e-01 
 3.43165000e-08  1.94993601e+00  3.43165000e-08  1.94995271e+00  3.43165000e-08  1.00868662e+00 
 3.43175000e-08  1.94993649e+00  3.43175000e-08  1.94995787e+00  3.43175000e-08  1.07044623e+00 
 3.43185000e-08  1.94993681e+00  3.43185000e-08  1.94996316e+00  3.43185000e-08  1.13803653e+00 
 3.43195000e-08  1.94993728e+00  3.43195000e-08  1.94995627e+00  3.43195000e-08  1.21147294e+00 
 3.45315000e-08  1.13821580e+00  3.45315000e-08  1.94999954e+00  3.45315000e-08  1.94999560e+00 
 3.45325000e-08  1.08613076e+00  3.45325000e-08  1.94999947e+00  3.45325000e-08  1.94998940e+00 
 3.45335000e-08  1.03435450e+00  3.45335000e-08  1.94999955e+00  3.45335000e-08  1.94999405e+00 
 3.45345000e-08  9.82781177e-01  3.45345000e-08  1.94999948e+00  3.45345000e-08  1.94999024e+00 
 3.45355000e-08  9.31393158e-01  3.45355000e-08  1.94999955e+00  3.45355000e-08  1.94999662e+00 
 3.45365000e-08  8.80113520e-01  3.45365000e-08  1.94999949e+00  3.45365000e-08  1.94999062e+00 
 3.49045000e-08  6.28323351e-05  3.49045000e-08  1.13947109e+00  3.49045000e-08  1.94993766e+00 
 3.49055000e-08  6.14819618e-05  3.49055000e-08  1.08486099e+00  3.49055000e-08  1.94993480e+00 
 3.49065000e-08  6.01693321e-05  3.49065000e-08  1.02958425e+00  3.49065000e-08  1.94993620e+00 
 3.49075000e-08  5.88470452e-05  3.49075000e-08  9.73676424e-01  3.49075000e-08  1.94994407e+00 
 3.49085000e-08  5.76027516e-05  3.49085000e-08  9.17125891e-01  3.49085000e-08  1.94995834e+00 
 3.49095000e-08  5.63740541e-05  3.49095000e-08  8.59980454e-01  3.49095000e-08  1.94998000e+00 
 3.51165000e-08  9.03371954e-01  3.51165000e-08  5.03680848e-05  3.51165000e-08  1.94998396e+00 
 3.51175000e-08  9.45025096e-01  3.51175000e-08  4.91639590e-05  3.51175000e-08  1.94998400e+00 
 3.51185000e-08  9.86286553e-01  3.51185000e-08  4.78814681e-05  3.51185000e-08  1.94998486e+00 
 3.51195000e-08  1.02716697e+00  3.51195000e-08  4.67382056e-05  3.51195000e-08  1.94998488e+00 
 3.51205000e-08  1.06767659e+00  3.51205000e-08  4.55186233e-05  3.51205000e-08  1.94998571e+00 
 3.51215000e-08  1.10781770e+00  3.51215000e-08  4.44330366e-05  3.51215000e-08  1.94998571e+00 
 3.53175000e-08  1.94979788e+00  3.53175000e-08  8.55186063e-01  3.53175000e-08  1.95002641e+00 
 3.53185000e-08  1.94980071e+00  3.53185000e-08  9.37170249e-01  3.53185000e-08  1.94989542e+00 
 3.53195000e-08  1.94980380e+00  3.53195000e-08  1.01709730e+00  3.53195000e-08  1.94975003e+00 
 3.53205000e-08  1.94980649e+00  3.53205000e-08  1.09491871e+00  3.53205000e-08  1.94959072e+00 
 3.53215000e-08  1.94980944e+00  3.53215000e-08  1.17070845e+00  3.53215000e-08  1.94944115e+00 
 3.53225000e-08  1.94981199e+00  3.53225000e-08  1.24478284e+00  3.53225000e-08  1.94928515e+00 
 3.54505000e-08  1.94994052e+00  3.54505000e-08  1.94997757e+00  3.54505000e-08  1.18438661e+00 
 3.54515000e-08  1.94994091e+00  3.54515000e-08  1.95000908e+00  3.54515000e-08  1.12685013e+00 
 3.54525000e-08  1.94994121e+00  3.54525000e-08  1.95004069e+00  3.54525000e-08  1.06918099e+00 
 3.54535000e-08  1.94994159e+00  3.54535000e-08  1.95006804e+00  3.54535000e-08  1.01118810e+00 
 3.54545000e-08  1.94994189e+00  3.54545000e-08  1.95008717e+00  3.54545000e-08  9.52742799e-01 
 3.54555000e-08  1.94994227e+00  3.54555000e-08  1.95010151e+00  3.54555000e-08  8.93695100e-01 
 3.56535000e-08  1.14067185e+00  3.56535000e-08  1.94999953e+00  3.56535000e-08  3.81586707e-05 
 3.56545000e-08  1.08857138e+00  3.56545000e-08  1.94999933e+00  3.56545000e-08  3.26414058e-05 
 3.56555000e-08  1.03678421e+00  3.56555000e-08  1.94999954e+00  3.56555000e-08  3.61294233e-05 
 3.56565000e-08  9.85201579e-01  3.56565000e-08  1.94999934e+00  3.56565000e-08  3.03330535e-05 
 3.56575000e-08  9.33807880e-01  3.56575000e-08  1.94999955e+00  3.56575000e-08  3.37618092e-05 
 3.56585000e-08  8.82522794e-01  3.56585000e-08  1.94999935e+00  3.56585000e-08  2.84900858e-05 
 3.60265000e-08  6.29216286e-05  3.60265000e-08  1.14270769e+00  3.60265000e-08 -3.10235898e-06 
 3.60275000e-08  6.15589462e-05  3.60275000e-08  1.08813590e+00  3.60275000e-08 -1.23093331e-06 
 3.60285000e-08  6.02563231e-05  3.60285000e-08  1.03289438e+00  3.60285000e-08 -1.16482800e-07 
 3.60295000e-08  5.89207278e-05  3.60295000e-08  9.77024278e-01  3.60295000e-08  2.72257000e-06 
 3.60305000e-08  5.76851926e-05  3.60305000e-08  9.20508211e-01  3.60305000e-08  4.67254426e-06 
 3.60315000e-08  5.64433278e-05  3.60315000e-08  8.63399016e-01  3.60315000e-08  8.06512383e-06 
 3.62395000e-08  9.43459783e-01  3.62395000e-08  5.55362812e-05  3.62395000e-08  1.48268501e-06 
 3.62405000e-08  9.84735568e-01  3.62405000e-08  5.38779949e-05  3.62405000e-08  1.01067837e-06 
 3.62415000e-08  1.02563034e+00  3.62415000e-08  5.27785315e-05  3.62415000e-08  1.44532542e-06 
 3.62425000e-08  1.06615374e+00  3.62425000e-08  5.11937536e-05  3.62425000e-08  9.27709752e-07 
 3.62435000e-08  1.10630883e+00  3.62435000e-08  5.01583098e-05  3.62435000e-08  1.35697330e-06 
 3.62445000e-08  1.14609094e+00  3.62445000e-08  4.86458808e-05  3.62445000e-08  8.91260669e-07 
 3.64395000e-08  1.94979772e+00  3.64395000e-08  8.49956554e-01  3.64395000e-08 -8.45909731e-05 
 3.64405000e-08  1.94980064e+00  3.64405000e-08  9.32117882e-01  3.64405000e-08 -1.31771625e-04 
 3.64415000e-08  1.94980364e+00  3.64415000e-08  1.01239818e+00  3.64415000e-08 -1.65456989e-04 
 3.64425000e-08  1.94980640e+00  3.64425000e-08  1.09077560e+00  3.64425000e-08 -1.86482324e-04 
 3.64435000e-08  1.94980929e+00  3.64435000e-08  1.16731503e+00  3.64435000e-08 -2.01770078e-04 
 3.64445000e-08  1.94981193e+00  3.64445000e-08  1.24218629e+00  3.64445000e-08 -2.27013389e-04 
 3.65585000e-08  1.94993518e+00  3.65585000e-08  1.94993959e+00  3.65585000e-08  8.82958403e-01 
 3.65595000e-08  1.94993563e+00  3.65595000e-08  1.94994688e+00  3.65595000e-08  9.43508730e-01 
 3.65605000e-08  1.94993600e+00  3.65605000e-08  1.94995198e+00  3.65605000e-08  1.00320983e+00 
 3.65615000e-08  1.94993643e+00  3.65615000e-08  1.94995715e+00  3.65615000e-08  1.06464999e+00 
 3.65625000e-08  1.94993680e+00  3.65625000e-08  1.94996399e+00  3.65625000e-08  1.13143137e+00 
 3.65635000e-08  1.94993722e+00  3.65635000e-08  1.94995652e+00  3.65635000e-08  1.20479368e+00 
 3.67755000e-08  1.14326498e+00  3.67755000e-08  1.94999957e+00  3.67755000e-08  1.94999218e+00 
 3.67765000e-08  1.09114917e+00  3.67765000e-08  1.94999944e+00  3.67765000e-08  1.94998742e+00 
 3.67775000e-08  1.03934727e+00  3.67775000e-08  1.94999958e+00  3.67775000e-08  1.94999545e+00 
 3.67785000e-08  9.87755298e-01  3.67785000e-08  1.94999946e+00  3.67785000e-08  1.94998790e+00 
 3.67795000e-08  9.36352624e-01  3.67795000e-08  1.94999958e+00  3.67795000e-08  1.94999335e+00 
 3.67805000e-08  8.85062324e-01  3.67805000e-08  1.94999946e+00  3.67805000e-08  1.94998865e+00 
 3.71485000e-08  6.29667462e-05  3.71485000e-08  1.14436459e+00  3.71485000e-08  1.94993810e+00 
 3.71495000e-08  6.15996462e-05  3.71495000e-08  1.08981565e+00  3.71495000e-08  1.94993491e+00 
 3.71505000e-08  6.03019321e-05  3.71505000e-08  1.03459543e+00  3.71505000e-08  1.94993583e+00 
 3.71515000e-08  5.89595871e-05  3.71515000e-08  9.78747188e-01  3.71515000e-08  1.94994310e+00 
 3.71525000e-08  5.77271263e-05  3.71525000e-08  9.22250748e-01  3.71525000e-08  1.94995675e+00 
 3.71535000e-08  5.64782302e-05  3.71535000e-08  8.65160741e-01  3.71535000e-08  1.94997777e+00 
 3.73615000e-08  9.40992470e-01  3.73615000e-08  4.91622363e-05  3.73615000e-08  1.94998396e+00 
 3.73625000e-08  9.82290561e-01  3.73625000e-08  4.81038382e-05  3.73625000e-08  1.94998481e+00 
 3.73635000e-08  1.02320836e+00  3.73635000e-08  4.67330107e-05  3.73635000e-08  1.94998485e+00 
 3.73645000e-08  1.06375316e+00  3.73645000e-08  4.57334712e-05  3.73645000e-08  1.94998566e+00 
 3.73655000e-08  1.10393065e+00  3.73655000e-08  4.44246075e-05  3.73655000e-08  1.94998568e+00 
 3.73665000e-08  1.14373496e+00  3.73665000e-08  4.34808532e-05  3.73665000e-08  1.94998647e+00 
 3.75615000e-08  1.94979753e+00  3.75615000e-08  8.46962150e-01  3.75615000e-08  1.95004064e+00 
 3.75625000e-08  1.94980047e+00  3.75625000e-08  9.29139563e-01  3.75625000e-08  1.94990865e+00 
 3.75635000e-08  1.94980347e+00  3.75635000e-08  1.00927244e+00  3.75635000e-08  1.94976496e+00 
 3.75645000e-08  1.94980627e+00  3.75645000e-08  1.08730073e+00  3.75645000e-08  1.94960658e+00 
 3.75655000e-08  1.94980912e+00  3.75655000e-08  1.16329086e+00  3.75655000e-08  1.94945443e+00 
 3.75665000e-08  1.94981178e+00  3.75665000e-08  1.23753364e+00  3.75665000e-08  1.94930182e+00 
 3.76945000e-08  1.94994050e+00  3.76945000e-08  1.94997446e+00  3.76945000e-08  1.19004598e+00 
 3.76955000e-08  1.94994087e+00  3.76955000e-08  1.95000592e+00  3.76955000e-08  1.13251153e+00 
 3.76965000e-08  1.94994118e+00  3.76965000e-08  1.95003751e+00  3.76965000e-08  1.07486826e+00 
 3.76975000e-08  1.94994155e+00  3.76975000e-08  1.95006600e+00  3.76975000e-08  1.01690897e+00 
 3.76985000e-08  1.94994187e+00  3.76985000e-08  1.95008526e+00  3.76985000e-08  9.58519506e-01 
 3.76995000e-08  1.94994223e+00  3.76995000e-08  1.95010071e+00  3.76995000e-08  8.99530605e-01 
 3.78975000e-08  1.14572070e+00  3.78975000e-08  1.94999954e+00  3.78975000e-08  3.93989457e-05 
 3.78985000e-08  1.09359135e+00  3.78985000e-08  1.94999933e+00  3.78985000e-08  3.18020106e-05 
 3.78995000e-08  1.04177655e+00  3.78995000e-08  1.94999955e+00  3.78995000e-08  3.74145843e-05 
 3.79005000e-08  9.90176741e-01  3.79005000e-08  1.94999933e+00  3.79005000e-08  2.94303924e-05 
 3.79015000e-08  9.38766587e-01  3.79015000e-08  1.94999955e+00  3.79015000e-08  3.49587059e-05 
 3.79025000e-08  8.87472284e-01  3.79025000e-08  1.94999934e+00  3.79025000e-08  2.76681007e-05 
 3.82705000e-08  6.30567361e-05  3.82705000e-08  1.14774756e+00  3.82705000e-08 -3.20026656e-06 
 3.82715000e-08  6.16784246e-05  3.82715000e-08  1.09323868e+00  3.82715000e-08 -1.33056004e-06 
 3.82725000e-08  6.03892501e-05  3.82725000e-08  1.03805545e+00  3.82725000e-08 -3.50396475e-07 
 3.82735000e-08  5.90351861e-05  3.82735000e-08  9.82246669e-01  3.82735000e-08  2.54251390e-06 
 3.82745000e-08  5.78101190e-05  3.82745000e-08  9.25786457e-01  3.82745000e-08  4.39160913e-06 
 3.82755000e-08  5.65494983e-05  3.82755000e-08  8.68734329e-01  3.82755000e-08  7.84877591e-06 
 3.84835000e-08  9.39778058e-01  3.84835000e-08  5.55662063e-05  3.84835000e-08  1.38152585e-06 
 3.84845000e-08  9.81087077e-01  3.84845000e-08  5.41092541e-05  3.84845000e-08  1.09752404e-06 
 3.84855000e-08  1.02201626e+00  3.84855000e-08  5.28027986e-05  3.84855000e-08  1.31302117e-06 
 3.84865000e-08  1.06257154e+00  3.84865000e-08  5.14166525e-05  3.84865000e-08  1.02130980e-06 
 3.84875000e-08  1.10276007e+00  3.84875000e-08  5.01787339e-05  3.84875000e-08  1.23875164e-06 
 3.84885000e-08  1.14257523e+00  3.84885000e-08  4.88610681e-05  3.84885000e-08  9.77460237e-07 
 3.86835000e-08  1.94979745e+00  3.86835000e-08  8.42534876e-01  3.86835000e-08 -7.96757297e-05 
 3.86845000e-08  1.94980038e+00  3.86845000e-08  9.24854767e-01  3.86845000e-08 -1.27493756e-04 
 3.86855000e-08  1.94980339e+00  3.86855000e-08  1.00530391e+00  3.86855000e-08 -1.64532657e-04 
 3.86865000e-08  1.94980618e+00  3.86865000e-08  1.08385023e+00  3.86865000e-08 -1.86062039e-04 
 3.86875000e-08  1.94980904e+00  3.86875000e-08  1.16054566e+00  3.86875000e-08 -2.00635146e-04 
 3.86885000e-08  1.94981170e+00  3.86885000e-08  1.23556130e+00  3.86885000e-08 -2.24704526e-04 
 3.88025000e-08  1.94993515e+00  3.88025000e-08  1.94993915e+00  3.88025000e-08  8.77491504e-01 
 3.88035000e-08  1.94993559e+00  3.88035000e-08  1.94994626e+00  3.88035000e-08  9.38163669e-01 
 3.88045000e-08  1.94993596e+00  3.88045000e-08  1.94995151e+00  3.88045000e-08  9.97887933e-01 
 3.88055000e-08  1.94993639e+00  3.88055000e-08  1.94995695e+00  3.88055000e-08  1.05891680e+00 
 3.88065000e-08  1.94993676e+00  3.88065000e-08  1.94996372e+00  3.88065000e-08  1.12510031e+00 
 3.88075000e-08  1.94993718e+00  3.88075000e-08  1.94995660e+00  3.88075000e-08  1.19824327e+00 
 3.90195000e-08  1.14750528e+00  3.90195000e-08  1.94999955e+00  3.90195000e-08  1.94999502e+00 
 3.90205000e-08  1.09536492e+00  3.90205000e-08  1.94999947e+00  3.90205000e-08  1.94999069e+00 
 3.90215000e-08  1.04353952e+00  3.90215000e-08  1.94999956e+00  3.90215000e-08  1.94999724e+00 
 3.90225000e-08  9.91932930e-01  3.90225000e-08  1.94999947e+00  3.90225000e-08  1.94999084e+00 
 3.90235000e-08  9.40516316e-01  3.90235000e-08  1.94999957e+00  3.90235000e-08  1.94999554e+00 
 3.90245000e-08  8.89218180e-01  3.90245000e-08  1.94999948e+00  3.90245000e-08  1.94998927e+00 
 3.93925000e-08  6.30899722e-05  3.93925000e-08  1.14892407e+00  3.93925000e-08  1.94993859e+00 
 3.93935000e-08  6.17071238e-05  3.93935000e-08  1.09443207e+00  3.93935000e-08  1.94993500e+00 
 3.93945000e-08  6.04223938e-05  3.93945000e-08  1.03926465e+00  3.93945000e-08  1.94993557e+00 
 3.93955000e-08  5.90641241e-05  3.93955000e-08  9.83471957e-01  3.93955000e-08  1.94994220e+00 
 3.93965000e-08  5.78409113e-05  3.93965000e-08  9.27026174e-01  3.93965000e-08  1.94995537e+00 
 3.93975000e-08  5.65750619e-05  3.93975000e-08  8.69987938e-01  3.93975000e-08  1.94997569e+00 
 3.96055000e-08  9.37730225e-01  3.96055000e-08  4.91675350e-05  3.96055000e-08  1.94998393e+00 
 3.96065000e-08  9.79057688e-01  3.96065000e-08  4.83051982e-05  3.96065000e-08  1.94998476e+00 
 3.96075000e-08  1.02000608e+00  3.96075000e-08  4.67349653e-05  3.96075000e-08  1.94998482e+00 
 3.96085000e-08  1.06057902e+00  3.96085000e-08  4.59278636e-05  3.96085000e-08  1.94998562e+00 
 3.96095000e-08  1.10078615e+00  3.96095000e-08  4.44234468e-05  3.96095000e-08  1.94998565e+00 
 3.96105000e-08  1.14061955e+00  3.96105000e-08  4.36685775e-05  3.96105000e-08  1.94998642e+00 
 3.98055000e-08  1.94979731e+00  3.98055000e-08  8.40643979e-01  3.98055000e-08  1.95005124e+00 
 3.98065000e-08  1.94980022e+00  3.98065000e-08  9.22969853e-01  3.98065000e-08  1.94991871e+00 
 3.98075000e-08  1.94980326e+00  3.98075000e-08  1.00326102e+00  3.98075000e-08  1.94977639e+00 
 3.98085000e-08  1.94980602e+00  3.98085000e-08  1.08144901e+00  3.98085000e-08  1.94961872e+00 
 3.98095000e-08  1.94980892e+00  3.98095000e-08  1.15758533e+00  3.98095000e-08  1.94946456e+00 
 3.98105000e-08  1.94981155e+00  3.98105000e-08  1.23194930e+00  3.98105000e-08  1.94931471e+00 
 3.99385000e-08  1.94994046e+00  3.99385000e-08  1.94997219e+00  3.99385000e-08  1.19438927e+00 
 3.99395000e-08  1.94994085e+00  3.99395000e-08  1.95000335e+00  3.99395000e-08  1.13685557e+00 
 3.99405000e-08  1.94994115e+00  3.99405000e-08  1.95003516e+00  3.99405000e-08  1.07923096e+00 
 3.99415000e-08  1.94994153e+00  3.99415000e-08  1.95006428e+00  3.99415000e-08  1.02129638e+00 
 3.99425000e-08  1.94994183e+00  3.99425000e-08  1.95008388e+00  3.99425000e-08  9.62948801e-01 
 3.99435000e-08  1.94994221e+00  3.99435000e-08  1.95009996e+00  3.99435000e-08  9.04004414e-01 
 4.01415000e-08  1.14968912e+00  4.01415000e-08  1.94999952e+00  4.01415000e-08  3.93748770e-05 
 4.01425000e-08  1.09753655e+00  4.01425000e-08  1.94999935e+00  4.01425000e-08  3.20117645e-05 
 4.01435000e-08  1.04569949e+00  4.01435000e-08  1.94999952e+00  4.01435000e-08  3.68025572e-05 
 4.01445000e-08  9.94085769e-01  4.01445000e-08  1.94999936e+00  4.01445000e-08  3.00710653e-05 
 4.01455000e-08  9.42662325e-01  4.01455000e-08  1.94999953e+00  4.01455000e-08  3.48779770e-05 
 4.01465000e-08  8.91360520e-01  4.01465000e-08  1.94999936e+00  4.01465000e-08  2.78652295e-05 
 4.05145000e-08  6.31473981e-05  4.05145000e-08  1.15124582e+00  4.05145000e-08 -3.15695493e-06 
 4.05155000e-08  6.17569172e-05  4.05155000e-08  1.09678067e+00  4.05155000e-08 -1.51177195e-06 
 4.05165000e-08  6.04783895e-05  4.05165000e-08  1.04163800e+00  4.05165000e-08 -4.04363682e-07 
 4.05175000e-08  5.91125915e-05  4.05175000e-08  9.85871879e-01  4.05175000e-08  2.31691176e-06 
 4.05185000e-08  5.78938854e-05  4.05185000e-08  9.29450616e-01  4.05185000e-08  4.28514044e-06 
 4.05195000e-08  5.66198243e-05  4.05195000e-08  8.72438261e-01  4.05195000e-08  7.59999668e-06 
 4.07275000e-08  9.35944634e-01  4.07275000e-08  5.55833575e-05  4.07275000e-08  1.26596814e-06 
 4.07285000e-08  9.77288206e-01  4.07285000e-08  5.42696820e-05  4.07285000e-08  1.18683598e-06 
 4.07295000e-08  1.01825335e+00  4.07295000e-08  5.28170968e-05  4.07295000e-08  1.20172905e-06 
 4.07305000e-08  1.05884169e+00  4.07305000e-08  5.15720000e-05  4.07305000e-08  1.12334762e-06 
 4.07315000e-08  1.09906501e+00  4.07315000e-08  5.01899414e-05  4.07315000e-08  1.14119906e-06 
 4.07325000e-08  1.13891427e+00  4.07325000e-08  4.90097285e-05  4.07325000e-08  1.06344114e-06 
 4.09275000e-08  1.94979720e+00  4.09275000e-08  8.35167550e-01  4.09275000e-08 -7.48246543e-05 
 4.09285000e-08  1.94980009e+00  4.09285000e-08  9.17646406e-01  4.09285000e-08 -1.23761340e-04 
 4.09295000e-08  1.94980315e+00  4.09295000e-08  9.98270389e-01  4.09295000e-08 -1.61444050e-04 
 4.09305000e-08  1.94980590e+00  4.09305000e-08  1.07699024e+00  4.09305000e-08 -1.82936092e-04 
 4.09315000e-08  1.94980882e+00  4.09315000e-08  1.15384316e+00  4.09315000e-08 -1.99150568e-04 
 4.09325000e-08  1.94981143e+00  4.09325000e-08  1.22901856e+00  4.09325000e-08 -2.22420762e-04 
 4.10465000e-08  1.94993510e+00  4.10465000e-08  1.94993880e+00  4.10465000e-08  8.72145932e-01 
 4.10475000e-08  1.94993556e+00  4.10475000e-08  1.94994558e+00  4.10475000e-08  9.32941169e-01 
 4.10485000e-08  1.94993592e+00  4.10485000e-08  1.94995111e+00  4.10485000e-08  9.92700874e-01 
 4.10495000e-08  1.94993637e+00  4.10495000e-08  1.94995663e+00  4.10495000e-08  1.05340182e+00 
 4.10505000e-08  1.94993672e+00  4.10505000e-08  1.94996348e+00  4.10505000e-08  1.11898542e+00 
 4.10515000e-08  1.94993715e+00  4.10515000e-08  1.94995674e+00  4.10515000e-08  1.19184283e+00 
 4.12635000e-08  1.15173150e+00  4.12635000e-08  1.94999953e+00  4.12635000e-08  1.94999544e+00 
 4.12645000e-08  1.09956656e+00  4.12645000e-08  1.94999949e+00  4.12645000e-08  1.94999192e+00 
 4.12655000e-08  1.04771745e+00  4.12655000e-08  1.94999954e+00  4.12655000e-08  1.94999743e+00 
 4.12665000e-08  9.96096043e-01  4.12665000e-08  1.94999949e+00  4.12665000e-08  1.94999199e+00 
 4.12675000e-08  9.44665375e-01  4.12675000e-08  1.94999954e+00  4.12675000e-08  1.94999584e+00 
 4.12685000e-08  8.93359356e-01  4.12685000e-08  1.94999950e+00  4.12685000e-08  1.94999243e+00 
 4.16365000e-08  6.32002718e-05  4.16365000e-08  1.15341197e+00  4.16365000e-08  1.94993906e+00 
 4.16375000e-08  6.18029373e-05  4.16375000e-08  1.09897538e+00  4.16375000e-08  1.94993512e+00 
 4.16385000e-08  6.05300934e-05  4.16385000e-08  1.04386071e+00  4.16385000e-08  1.94993536e+00 
 4.16395000e-08  5.91578840e-05  4.16395000e-08  9.88122216e-01  4.16395000e-08  1.94994137e+00 
 4.16405000e-08  5.79427888e-05  4.16405000e-08  9.31727124e-01  4.16405000e-08  1.94995405e+00 
 4.16415000e-08  5.66612982e-05  4.16415000e-08  8.74739504e-01  4.16415000e-08  1.94997370e+00 
 4.18495000e-08  9.34634662e-01  4.18495000e-08  4.91766775e-05  4.18495000e-08  1.94998391e+00 
 4.18505000e-08  9.75990059e-01  4.18505000e-08  4.85028989e-05  4.18505000e-08  1.94998471e+00 
 4.18515000e-08  1.01696749e+00  4.18515000e-08  4.67407231e-05  4.18515000e-08  1.94998480e+00 
 4.18525000e-08  1.05756714e+00  4.18525000e-08  4.61186317e-05  4.18525000e-08  1.94998557e+00 
 4.18535000e-08  1.09780299e+00  4.18535000e-08  4.44259573e-05  4.18535000e-08  1.94998564e+00 
 4.18545000e-08  1.13766457e+00  4.18545000e-08  4.38527659e-05  4.18545000e-08  1.94998638e+00 
 4.20000000e-08  1.94940850e+00  4.20000000e-08  1.65676855e-03  4.20000000e-08  1.94999937e+00 
