 time            v(b_out)        time            v(u_puf_u_core_sel_ro) time            v(q)           
 0.00000000e+00  4.68653885e-09  0.00000000e+00  2.46749732e-09  0.00000000e+00  2.46749746e-09 
 2.57750000e-09  9.09979355e-01  2.57750000e-09  2.99313993e-09  2.57750000e-09  2.46768878e-09 
 2.57850000e-09  9.51166916e-01  2.57850000e-09  2.98997241e-09  2.57850000e-09  2.46766707e-09 
 2.57950000e-09  9.91830000e-01  2.57950000e-09  2.97948199e-09  2.57950000e-09  2.46765675e-09 
 2.58050000e-09  1.03200851e+00  2.58050000e-09  2.96926911e-09  2.58050000e-09  2.46767079e-09 
 2.58150000e-09  1.07176823e+00  2.58150000e-09  2.95968555e-09  2.58150000e-09  2.46767423e-09 
 2.58250000e-09  1.11120805e+00  2.58250000e-09  2.96374675e-09  2.58250000e-09  2.46770643e-09 
 2.81750000e-09  1.94994288e+00  2.81750000e-09  7.87736136e-01  2.81750000e-09 -4.36224436e-05 
 2.81850000e-09  1.94994286e+00  2.81850000e-09  8.71194327e-01  2.81850000e-09 -9.61366469e-05 
 2.81950000e-09  1.94994366e+00  2.81950000e-09  9.52896549e-01  2.81950000e-09 -1.40508409e-04 
 2.82050000e-09  1.94994363e+00  2.82050000e-09  1.03269361e+00  2.82050000e-09 -1.70560886e-04 
 2.82150000e-09  1.94994442e+00  2.82150000e-09  1.11058742e+00  2.82150000e-09 -1.89847064e-04 
 2.82250000e-09  1.94994439e+00  2.82250000e-09  1.18667776e+00  2.82250000e-09 -2.04537303e-04 
 2.93750000e-09  1.94996840e+00  2.93750000e-09  1.94993597e+00  2.93750000e-09  8.86905399e-01 
 2.93850000e-09  1.94996839e+00  2.93850000e-09  1.94994246e+00  2.93850000e-09  9.47285604e-01 
 2.93950000e-09  1.94996867e+00  2.93950000e-09  1.94994937e+00  2.93950000e-09  1.00687533e+00 
 2.94050000e-09  1.94996868e+00  2.94050000e-09  1.94995412e+00  2.94050000e-09  1.06841572e+00 
 2.94150000e-09  1.94996900e+00  2.94150000e-09  1.94996130e+00  2.94150000e-09  1.13561993e+00 
 2.94250000e-09  1.94996902e+00  2.94250000e-09  1.94995378e+00  2.94250000e-09  1.20890096e+00 
 3.11450000e-09  1.13413527e+00  3.11450000e-09  1.94999937e+00  3.11450000e-09  1.95000313e+00 
 3.11550000e-09  1.08216914e+00  3.11550000e-09  1.94999925e+00  3.11550000e-09  1.94999361e+00 
 3.11650000e-09  1.03048475e+00  3.11650000e-09  1.94999939e+00  3.11650000e-09  1.95000317e+00 
 3.11750000e-09  9.78977676e-01  3.11750000e-09  1.94999927e+00  3.11750000e-09  1.94999387e+00 
 3.11850000e-09  9.27623917e-01  3.11850000e-09  1.94999940e+00  3.11850000e-09  1.95000320e+00 
 3.11950000e-09  8.76353009e-01  3.11950000e-09  1.94999928e+00  3.11950000e-09  1.94999411e+00 
 3.51450000e-09  7.76361458e-07  3.51450000e-09  1.18071925e+00  3.51450000e-09  1.94994213e+00 
 3.51550000e-09  9.48546618e-07  3.51550000e-09  1.12660078e+00  3.51550000e-09  1.94993657e+00 
 3.51650000e-09  1.00118310e-06  3.51650000e-09  1.07183000e+00  3.51650000e-09  1.94993471e+00 
 3.51750000e-09  1.33024251e-06  3.51750000e-09  1.01640548e+00  3.51750000e-09  1.94993738e+00 
 3.51850000e-09  1.53545477e-06  3.51850000e-09  9.60341644e-01  3.51850000e-09  1.94994688e+00 
 3.51950000e-09  1.76622827e-06  3.51950000e-09  9.03650285e-01  3.51950000e-09  1.94996274e+00 
 3.69950000e-09  9.09258066e-01  3.69950000e-09  1.01709874e-04  3.69950000e-09  1.94996393e+00 
 3.70050000e-09  9.50455041e-01  3.70050000e-09  9.99099793e-05  3.70050000e-09  1.94996422e+00 
 3.70150000e-09  9.91126929e-01  3.70150000e-09  9.66360377e-05  3.70150000e-09  1.94996601e+00 
 3.70250000e-09  1.03131342e+00  3.70250000e-09  9.49479118e-05  3.70250000e-09  1.94996625e+00 
 3.70350000e-09  1.07107971e+00  3.70350000e-09  9.18173470e-05  3.70350000e-09  1.94996796e+00 
 3.70450000e-09  1.11052411e+00  3.70450000e-09  9.02351527e-05  3.70450000e-09  1.94996816e+00 
 3.93950000e-09  1.94994287e+00  3.93950000e-09  8.23250964e-01  3.93950000e-09  1.95007887e+00 
 3.94050000e-09  1.94994284e+00  3.94050000e-09  9.05986331e-01  3.94050000e-09  1.94994574e+00 
 3.94150000e-09  1.94994365e+00  3.94150000e-09  9.86717507e-01  3.94150000e-09  1.94980784e+00 
 3.94250000e-09  1.94994361e+00  3.94250000e-09  1.06534783e+00  3.94250000e-09  1.94965194e+00 
 3.94350000e-09  1.94994441e+00  3.94350000e-09  1.14189788e+00  3.94350000e-09  1.94949355e+00 
 3.94450000e-09  1.94994436e+00  3.94450000e-09  1.21662296e+00  3.94450000e-09  1.94934906e+00 
 4.07350000e-09  1.94996975e+00  4.07350000e-09  1.94999599e+00  4.07350000e-09  1.14878272e+00 
 4.07450000e-09  1.94996979e+00  4.07450000e-09  1.95002898e+00  4.07450000e-09  1.09120392e+00 
 4.07550000e-09  1.94997003e+00  4.07550000e-09  1.95005842e+00  4.07550000e-09  1.03333370e+00 
 4.07650000e-09  1.94996989e+00  4.07650000e-09  1.95008062e+00  4.07650000e-09  9.75096025e-01 
 4.07750000e-09  1.94997005e+00  4.07750000e-09  1.95009714e+00  4.07750000e-09  9.16271000e-01 
 4.07850000e-09  1.94996998e+00  4.07850000e-09  1.95010670e+00  4.07850000e-09  8.56835511e-01 
 4.23650000e-09  1.13490291e+00  4.23650000e-09  1.94999933e+00  4.23650000e-09  1.26268080e-04 
 4.23750000e-09  1.08293127e+00  4.23750000e-09  1.94999922e+00  4.23750000e-09  1.25408946e-04 
 4.23850000e-09  1.03124292e+00  4.23850000e-09  1.94999934e+00  4.23850000e-09  1.18300617e-04 
 4.23950000e-09  9.79732402e-01  4.23950000e-09  1.94999923e+00  4.23950000e-09  1.17633036e-04 
 4.24050000e-09  9.28376516e-01  4.24050000e-09  1.94999935e+00  4.24050000e-09  1.10830332e-04 
 4.24150000e-09  8.77103740e-01  4.24150000e-09  1.94999924e+00  4.24150000e-09  1.10339891e-04 
 4.63650000e-09  7.73622996e-07  4.63650000e-09  1.18168006e+00  4.63650000e-09 -3.11079764e-06 
 4.63750000e-09  9.47073250e-07  4.63750000e-09  1.12757067e+00  4.63750000e-09 -2.45877009e-06 
 4.63850000e-09  9.95710585e-07  4.63850000e-09  1.07280976e+00  4.63850000e-09 -1.20493022e-06 
 4.63950000e-09  1.32215535e-06  4.63950000e-09  1.01739435e+00  4.63950000e-09  8.26829071e-07 
 4.64050000e-09  1.52727290e-06  4.64050000e-09  9.61340586e-01  4.64050000e-09  3.05945880e-06 
 4.64150000e-09  1.76752798e-06  4.64150000e-09  9.04658777e-01  4.64150000e-09  5.79548305e-06 
 4.82150000e-09  9.07855094e-01  4.82150000e-09  1.15388372e-04  4.82150000e-09  2.25393696e-06 
 4.82250000e-09  9.49070365e-01  4.82250000e-09  1.13416741e-04  4.82250000e-09  3.11253941e-06 
 4.82350000e-09  9.89759404e-01  4.82350000e-09  1.09544311e-04  4.82350000e-09  2.10889283e-06 
 4.82450000e-09  1.02996146e+00  4.82450000e-09  1.07707146e-04  4.82450000e-09  2.96487453e-06 
 4.82550000e-09  1.06974060e+00  4.82550000e-09  1.04004346e-04  4.82550000e-09  1.94537025e-06 
 4.82650000e-09  1.10919401e+00  4.82650000e-09  1.02294006e-04  4.82650000e-09  2.79829082e-06 
 5.06150000e-09  1.94994288e+00  5.06150000e-09  8.18427537e-01  5.06150000e-09 -6.40450754e-05 
 5.06250000e-09  1.94994283e+00  5.06250000e-09  9.01264725e-01  5.06250000e-09 -1.14744102e-04 
 5.06350000e-09  1.94994364e+00  5.06350000e-09  9.82274172e-01  5.06350000e-09 -1.55653926e-04 
 5.06450000e-09  1.94994359e+00  5.06450000e-09  1.06137972e+00  5.06450000e-09 -1.78974261e-04 
 5.06550000e-09  1.94994440e+00  5.06550000e-09  1.13859642e+00  5.06550000e-09 -1.97164320e-04 
 5.06650000e-09  1.94994434e+00  5.06650000e-09  1.21409621e+00  5.06650000e-09 -2.15530738e-04 
 5.18050000e-09  1.94996810e+00  5.18050000e-09  1.94993801e+00  5.18050000e-09  8.59569716e-01 
 5.18150000e-09  1.94996840e+00  5.18150000e-09  1.94994402e+00  5.18150000e-09  9.20671990e-01 
 5.18250000e-09  1.94996838e+00  5.18250000e-09  1.94995011e+00  5.18250000e-09  9.80560040e-01 
 5.18350000e-09  1.94996867e+00  5.18350000e-09  1.94995571e+00  5.18350000e-09  1.04071806e+00 
 5.18450000e-09  1.94996866e+00  5.18450000e-09  1.94996256e+00  5.18450000e-09  1.10496569e+00 
 5.18550000e-09  1.94996900e+00  5.18550000e-09  1.94995769e+00  5.18550000e-09  1.17682783e+00 
 5.35850000e-09  1.13658769e+00  5.35850000e-09  1.94999936e+00  5.35850000e-09  1.94999221e+00 
 5.35950000e-09  1.08460579e+00  5.35950000e-09  1.94999928e+00  5.35950000e-09  1.94999494e+00 
 5.36050000e-09  1.03291060e+00  5.36050000e-09  1.94999936e+00  5.36050000e-09  1.94999239e+00 
 5.36150000e-09  9.81394235e-01  5.36150000e-09  1.94999929e+00  5.36150000e-09  1.94999658e+00 
 5.36250000e-09  9.30035143e-01  5.36250000e-09  1.94999937e+00  5.36250000e-09  1.94999228e+00 
 5.36350000e-09  8.78759141e-01  5.36350000e-09  1.94999931e+00  5.36350000e-09  1.94999496e+00 
 5.75850000e-09  7.70915949e-07  5.75850000e-09  1.18321263e+00  5.75850000e-09  1.94994239e+00 
 5.75950000e-09  9.43483952e-07  5.75950000e-09  1.12912345e+00  5.75950000e-09  1.94993680e+00 
 5.76050000e-09  9.90821917e-07  5.76050000e-09  1.07438412e+00  5.76050000e-09  1.94993468e+00 
 5.76150000e-09  1.31054514e-06  5.76150000e-09  1.01898851e+00  5.76150000e-09  1.94993715e+00 
 5.76250000e-09  1.51851443e-06  5.76250000e-09  9.62955154e-01  5.76250000e-09  1.94994627e+00 
 5.76350000e-09  1.76538986e-06  5.76350000e-09  9.06291298e-01  5.76350000e-09  1.94996186e+00 
 5.94350000e-09  9.06292721e-01  5.94350000e-09  1.01891105e-04  5.94350000e-09  1.94996382e+00 
 5.94450000e-09  9.47528408e-01  5.94450000e-09  9.99782874e-05  5.94450000e-09  1.94996425e+00 
 5.94550000e-09  9.88236599e-01  5.94550000e-09  9.68097748e-05  5.94550000e-09  1.94996589e+00 
 5.94650000e-09  1.02845606e+00  5.94650000e-09  9.50111847e-05  5.94650000e-09  1.94996628e+00 
 5.94750000e-09  1.06824960e+00  5.94750000e-09  9.19839311e-05  5.94750000e-09  1.94996785e+00 
 5.94850000e-09  1.10771317e+00  5.94850000e-09  9.02936647e-05  5.94850000e-09  1.94996819e+00 
 6.18350000e-09  1.94994286e+00  6.18350000e-09  8.17115407e-01  6.18350000e-09  1.95008790e+00 
 6.18450000e-09  1.94994279e+00  6.18450000e-09  8.99992589e-01  6.18450000e-09  1.94995506e+00 
 6.18550000e-09  1.94994364e+00  6.18550000e-09  9.80878674e-01  6.18550000e-09  1.94981847e+00 
 6.18650000e-09  1.94994356e+00  6.18650000e-09  1.05966158e+00  6.18650000e-09  1.94966392e+00 
 6.18750000e-09  1.94994438e+00  6.18750000e-09  1.13635921e+00  6.18750000e-09  1.94950502e+00 
 6.18850000e-09  1.94994432e+00  6.18850000e-09  1.21120574e+00  6.18850000e-09  1.94936074e+00 
 6.31750000e-09  1.94996974e+00  6.31750000e-09  1.94999379e+00  6.31750000e-09  1.15305864e+00 
 6.31850000e-09  1.94996978e+00  6.31850000e-09  1.95002662e+00  6.31850000e-09  1.09548870e+00 
 6.31950000e-09  1.94997004e+00  6.31950000e-09  1.95005640e+00  6.31950000e-09  1.03764544e+00 
 6.32050000e-09  1.94996989e+00  6.32050000e-09  1.95007919e+00  6.32050000e-09  9.79440751e-01 
 6.32150000e-09  1.94997005e+00  6.32150000e-09  1.95009610e+00  6.32150000e-09  9.20662930e-01 
 6.32250000e-09  1.94996997e+00  6.32250000e-09  1.95010620e+00  6.32250000e-09  8.61275697e-01 
 6.48050000e-09  1.13867604e+00  6.48050000e-09  1.94999928e+00  6.48050000e-09  1.26971334e-04 
 6.48150000e-09  1.08668145e+00  6.48150000e-09  1.94999914e+00  6.48150000e-09  1.25312978e-04 
 6.48250000e-09  1.03497777e+00  6.48250000e-09  1.94999931e+00  6.48250000e-09  1.18984713e-04 
 6.48350000e-09  9.83454154e-01  6.48350000e-09  1.94999916e+00  6.48350000e-09  1.17521804e-04 
 6.48450000e-09  9.32091091e-01  6.48450000e-09  1.94999933e+00  6.48450000e-09  1.11495880e-04 
 6.48550000e-09  8.80811131e-01  6.48550000e-09  1.94999918e+00  6.48550000e-09  1.10214063e-04 
 6.88050000e-09  7.69399956e-07  6.88050000e-09  1.18541771e+00  6.88050000e-09 -3.03686189e-06 
 6.88150000e-09  9.41543185e-07  6.88150000e-09  1.13135222e+00  6.88150000e-09 -2.61216606e-06 
 6.88250000e-09  9.87916110e-07  6.88250000e-09  1.07663850e+00  6.88250000e-09 -1.23347864e-06 
 6.88350000e-09  1.30306901e-06  6.88350000e-09  1.02126642e+00  6.88350000e-09  6.02463251e-07 
 6.88450000e-09  1.51269296e-06  6.88450000e-09  9.65258399e-01  6.88450000e-09  2.95873255e-06 
 6.88550000e-09  1.76415915e-06  6.88550000e-09  9.08617782e-01  6.88550000e-09  5.52460559e-06 
 7.06550000e-09  9.05350320e-01  7.06550000e-09  1.15663471e-04  7.06550000e-09  2.30544012e-06 
 7.06650000e-09  9.46598297e-01  7.06650000e-09  1.13554413e-04  7.06650000e-09  3.07174644e-06 
 7.06750000e-09  9.87318046e-01  7.06750000e-09  1.09807794e-04  7.06750000e-09  2.15953414e-06 
 7.06850000e-09  1.02754803e+00  7.06850000e-09  1.07835898e-04  7.06850000e-09  2.92489663e-06 
 7.06950000e-09  1.06735032e+00  7.06950000e-09  1.04257394e-04  7.06950000e-09  2.02225079e-06 
 7.07050000e-09  1.10682009e+00  7.07050000e-09  1.02414470e-04  7.07050000e-09  2.78628898e-06 
 7.30550000e-09  1.94994287e+00  7.30550000e-09  8.13347037e-01  7.30550000e-09 -6.07763179e-05 
 7.30650000e-09  1.94994279e+00  7.30650000e-09  8.96288876e-01  7.30650000e-09 -1.11955876e-04 
 7.30750000e-09  1.94994363e+00  7.30750000e-09  9.77413612e-01  7.30750000e-09 -1.53562353e-04 
 7.30850000e-09  1.94994355e+00  7.30850000e-09  1.05663488e+00  7.30850000e-09 -1.77947489e-04 
 7.30950000e-09  1.94994439e+00  7.30950000e-09  1.13396299e+00  7.30950000e-09 -1.96546816e-04 
 7.31050000e-09  1.94994431e+00  7.31050000e-09  1.20956119e+00  7.31050000e-09 -2.13470938e-04 
 7.42450000e-09  1.94996809e+00  7.42450000e-09  1.94993777e+00  7.42450000e-09  8.55754711e-01 
 7.42550000e-09  1.94996840e+00  7.42550000e-09  1.94994364e+00  7.42550000e-09  9.16953752e-01 
 7.42650000e-09  1.94996837e+00  7.42650000e-09  1.94994974e+00  7.42650000e-09  9.76891028e-01 
 7.42750000e-09  1.94996867e+00  7.42750000e-09  1.94995547e+00  7.42750000e-09  1.03693527e+00 
 7.42850000e-09  1.94996865e+00  7.42850000e-09  1.94996212e+00  7.42850000e-09  1.10081903e+00 
 7.42950000e-09  1.94996899e+00  7.42950000e-09  1.94995821e+00  7.42950000e-09  1.17228802e+00 
 7.60250000e-09  1.13949868e+00  7.60250000e-09  1.94999934e+00  7.60250000e-09  1.94999501e+00 
 7.60350000e-09  1.08749902e+00  7.60350000e-09  1.94999929e+00  7.60350000e-09  1.94999767e+00 
 7.60450000e-09  1.03579194e+00  7.60450000e-09  1.94999937e+00  7.60450000e-09  1.94999473e+00 
 7.60550000e-09  9.84265422e-01  7.60550000e-09  1.94999930e+00  7.60550000e-09  1.94999629e+00 
 7.60650000e-09  9.32900753e-01  7.60650000e-09  1.94999937e+00  7.60650000e-09  1.94999472e+00 
 7.60750000e-09  8.81618985e-01  7.60750000e-09  1.94999932e+00  7.60750000e-09  1.94999735e+00 
 8.00250000e-09  7.68191738e-07  8.00250000e-09  1.18591285e+00  8.00250000e-09  1.94994272e+00 
 8.00350000e-09  9.39122790e-07  8.00350000e-09  1.13185540e+00  8.00350000e-09  1.94993700e+00 
 8.00450000e-09  9.85424340e-07  8.00450000e-09  1.07715018e+00  8.00450000e-09  1.94993470e+00 
 8.00550000e-09  1.29574103e-06  8.00550000e-09  1.02178592e+00  8.00550000e-09  1.94993686e+00 
 8.00650000e-09  1.50748410e-06  8.00650000e-09  9.65785645e-01  8.00650000e-09  1.94994567e+00 
 8.00750000e-09  1.76274889e-06  8.00750000e-09  9.09151607e-01  8.00750000e-09  1.94996089e+00 
 8.18750000e-09  9.04480039e-01  8.18750000e-09  1.02079976e-04  8.18750000e-09  1.94996373e+00 
 8.18850000e-09  9.45739410e-01  8.18850000e-09  1.00036197e-04  8.18850000e-09  1.94996422e+00 
 8.18950000e-09  9.86469880e-01  8.18950000e-09  9.69911040e-05  8.18950000e-09  1.94996581e+00 
 8.19050000e-09  1.02670964e+00  8.19050000e-09  9.50642303e-05  8.19050000e-09  1.94996625e+00 
 8.19150000e-09  1.06652006e+00  8.19150000e-09  9.21580620e-05  8.19150000e-09  1.94996777e+00 
 8.19250000e-09  1.10599564e+00  8.19250000e-09  9.03421172e-05  8.19250000e-09  1.94996817e+00 
 8.42750000e-09  1.94994285e+00  8.42750000e-09  8.13741413e-01  8.42750000e-09  1.95009278e+00 
 8.42850000e-09  1.94994276e+00  8.42850000e-09  8.96693687e-01  8.42850000e-09  1.94996015e+00 
 8.42950000e-09  1.94994363e+00  8.42950000e-09  9.77663457e-01  8.42950000e-09  1.94982433e+00 
 8.43050000e-09  1.94994353e+00  8.43050000e-09  1.05653074e+00  8.43050000e-09  1.94967045e+00 
 8.43150000e-09  1.94994437e+00  8.43150000e-09  1.13331032e+00  8.43150000e-09  1.94951141e+00 
 8.43250000e-09  1.94994429e+00  8.43250000e-09  1.20822433e+00  8.43250000e-09  1.94936706e+00 
 8.56150000e-09  1.94996973e+00  8.56150000e-09  1.94999258e+00  8.56150000e-09  1.15537940e+00 
 8.56250000e-09  1.94996977e+00  8.56250000e-09  1.95002532e+00  8.56250000e-09  1.09781356e+00 
 8.56350000e-09  1.94997003e+00  8.56350000e-09  1.95005528e+00  8.56350000e-09  1.03998513e+00 
 8.56450000e-09  1.94996989e+00  8.56450000e-09  1.95007840e+00  8.56450000e-09  9.81797758e-01 
 8.56550000e-09  1.94997005e+00  8.56550000e-09  1.95009552e+00  8.56550000e-09  9.23045883e-01 
 8.56650000e-09  1.94996996e+00  8.56650000e-09  1.95010591e+00  8.56650000e-09  8.63684513e-01 
 8.72450000e-09  1.14063930e+00  8.72450000e-09  1.94999929e+00  8.72450000e-09  1.27233129e-04 
 8.72550000e-09  1.08863231e+00  8.72550000e-09  1.94999913e+00  8.72550000e-09  1.25401510e-04 
 8.72650000e-09  1.03692020e+00  8.72650000e-09  1.94999932e+00  8.72650000e-09  1.19235972e-04 
 8.72750000e-09  9.85389385e-01  8.72750000e-09  1.94999915e+00  8.72750000e-09  1.17598593e-04 
 8.72850000e-09  9.34022257e-01  8.72850000e-09  1.94999934e+00  8.72850000e-09  1.11737325e-04 
 8.72950000e-09  8.82738286e-01  8.72950000e-09  1.94999917e+00  8.72950000e-09  1.10279900e-04 
 9.12450000e-09  7.66449717e-07  9.12450000e-09  1.18714257e+00  9.12450000e-09 -3.00731701e-06 
 9.12550000e-09  9.35045556e-07  9.12550000e-09  1.13309738e+00  9.12550000e-09 -2.67508791e-06 
 9.12650000e-09  9.80980753e-07  9.12650000e-09  1.07840546e+00  9.12650000e-09 -1.25091817e-06 
 9.12750000e-09  1.28193325e-06  9.12750000e-09  1.02305341e+00  9.12750000e-09  5.09955227e-07 
 9.12850000e-09  1.49690813e-06  9.12850000e-09  9.67066542e-01  9.12850000e-09  2.91385451e-06 
 9.12950000e-09  1.75917744e-06  9.12950000e-09  9.10444987e-01  9.12950000e-09  5.40660645e-06 
 9.31050000e-09  9.43725603e-01  9.31050000e-09  1.13619403e-04  9.31050000e-09  3.05246839e-06 
 9.31150000e-09  9.84481225e-01  9.31150000e-09  1.09928431e-04  9.31150000e-09  2.18336226e-06 
 9.31250000e-09  1.02474396e+00  9.31250000e-09  1.07896543e-04  9.31250000e-09  2.90586254e-06 
 9.31350000e-09  1.06457356e+00  9.31350000e-09  1.04372654e-04  9.31350000e-09  2.04554033e-06 
 9.31450000e-09  1.10406294e+00  9.31450000e-09  1.02471004e-04  9.31450000e-09  2.76748437e-06 
 9.31550000e-09  1.14333855e+00  9.31550000e-09  9.91045849e-05  9.31550000e-09  1.89133390e-06 
 9.54950000e-09  1.94994285e+00  9.54950000e-09  8.07774433e-01  9.54950000e-09 -5.72466377e-05 
 9.55050000e-09  1.94994276e+00  9.55050000e-09  8.90828551e-01  9.55050000e-09 -1.08835082e-04 
 9.55150000e-09  1.94994361e+00  9.55150000e-09  9.72078456e-01  9.55150000e-09 -1.51208597e-04 
 9.55250000e-09  1.94994353e+00  9.55250000e-09  1.05142575e+00  9.55250000e-09 -1.76693431e-04 
 9.55350000e-09  1.94994437e+00  9.55350000e-09  1.12887665e+00  9.55350000e-09 -1.95645015e-04 
 9.55450000e-09  1.94994429e+00  9.55450000e-09  1.20458284e+00  9.55450000e-09 -2.11595927e-04 
 9.66850000e-09  1.94996808e+00  9.66850000e-09  1.94993758e+00  9.66850000e-09  8.51616485e-01 
 9.66950000e-09  1.94996838e+00  9.66950000e-09  1.94994320e+00  9.66950000e-09  9.12921383e-01 
 9.67050000e-09  1.94996835e+00  9.67050000e-09  1.94994933e+00  9.67050000e-09  9.72916936e-01 
 9.67150000e-09  1.94996865e+00  9.67150000e-09  1.94995517e+00  9.67150000e-09  1.03285950e+00 
 9.67250000e-09  1.94996864e+00  9.67250000e-09  1.94996159e+00  9.67250000e-09  1.09637425e+00 
 9.67350000e-09  1.94996898e+00  9.67350000e-09  1.94995884e+00  9.67350000e-09  1.16737364e+00 
 9.84650000e-09  1.14356722e+00  9.84650000e-09  1.94999935e+00  9.84650000e-09  1.94999746e+00 
 9.84750000e-09  1.09154393e+00  9.84750000e-09  1.94999929e+00  9.84750000e-09  1.94999831e+00 
 9.84850000e-09  1.03981728e+00  9.84850000e-09  1.94999936e+00  9.84850000e-09  1.94999758e+00 
 9.84950000e-09  9.88277630e-01  9.84950000e-09  1.94999930e+00  9.84950000e-09  1.94999842e+00 
 9.85050000e-09  9.36902732e-01  9.85050000e-09  1.94999937e+00  9.85050000e-09  1.94999773e+00 
 9.85150000e-09  8.85614547e-01  9.85150000e-09  1.94999932e+00  9.85150000e-09  1.94999858e+00 
 1.02465000e-08  7.62439261e-07  1.02465000e-08  1.19041668e+00  1.02465000e-08  1.94994326e+00 
 1.02475000e-08  9.32508799e-07  1.02475000e-08  1.13641229e+00  1.02475000e-08  1.94993737e+00 
 1.02485000e-08  9.82785916e-07  1.02485000e-08  1.08176398e+00  1.02485000e-08  1.94993475e+00 
 1.02495000e-08  1.26517119e-06  1.02495000e-08  1.02645210e+00  1.02495000e-08  1.94993643e+00 
 1.02505000e-08  1.48315979e-06  1.02505000e-08  9.70507121e-01  1.02505000e-08  1.94994470e+00 
 1.02515000e-08  1.74865168e-06  1.02515000e-08  9.13923036e-01  1.02515000e-08  1.94995933e+00 
 1.04325000e-08  9.41793784e-01  1.04325000e-08  1.00139463e-04  1.04325000e-08  1.94996418e+00 
 1.04335000e-08  9.82573348e-01  1.04335000e-08  9.73085001e-05  1.04335000e-08  1.94996569e+00 
 1.04345000e-08  1.02285855e+00  1.04345000e-08  9.51591009e-05  1.04345000e-08  1.94996621e+00 
 1.04355000e-08  1.06270647e+00  1.04355000e-08  9.24626648e-05  1.04355000e-08  1.94996765e+00 
 1.04365000e-08  1.10220967e+00  1.04365000e-08  9.04290582e-05  1.04365000e-08  1.94996813e+00 
 1.04375000e-08  1.14149187e+00  1.04375000e-08  8.78605433e-05  1.04375000e-08  1.94996950e+00 
 1.06715000e-08  1.94994276e+00  1.06715000e-08  8.05587177e-01  1.06715000e-08  1.95010414e+00 
 1.06725000e-08  1.94994277e+00  1.06725000e-08  8.88717117e-01  1.06725000e-08  1.94997225e+00 
 1.06735000e-08  1.94994356e+00  1.06735000e-08  9.69887252e-01  1.06735000e-08  1.94983842e+00 
 1.06745000e-08  1.94994355e+00  1.06745000e-08  1.04896694e+00  1.06745000e-08  1.94968607e+00 
 1.06755000e-08  1.94994433e+00  1.06755000e-08  1.12595474e+00  1.06755000e-08  1.94952667e+00 
 1.06765000e-08  1.94994431e+00  1.06765000e-08  1.20101751e+00  1.06765000e-08  1.94938235e+00 
 1.08055000e-08  1.94996970e+00  1.08055000e-08  1.94998974e+00  1.08055000e-08  1.16088608e+00 
 1.08065000e-08  1.94996976e+00  1.08065000e-08  1.95002218e+00  1.08065000e-08  1.10332887e+00 
 1.08075000e-08  1.94997002e+00  1.08075000e-08  1.95005263e+00  1.08075000e-08  1.04553442e+00 
 1.08085000e-08  1.94996991e+00  1.08085000e-08  1.95007647e+00  1.08085000e-08  9.87387094e-01 
 1.08095000e-08  1.94997003e+00  1.08095000e-08  1.95009413e+00  1.08095000e-08  9.28695927e-01 
 1.08105000e-08  1.94996997e+00  1.08105000e-08  1.95010517e+00  1.08105000e-08  8.69395393e-01 
 1.09685000e-08  1.14549999e+00  1.09685000e-08  1.94999939e+00  1.09685000e-08  1.27698009e-04 
 1.09695000e-08  1.09346655e+00  1.09695000e-08  1.94999918e+00  1.09695000e-08  1.25697032e-04 
 1.09705000e-08  1.04173041e+00  1.09705000e-08  1.94999939e+00  1.09705000e-08  1.19679007e-04 
 1.09715000e-08  9.90185471e-01  1.09715000e-08  1.94999919e+00  1.09715000e-08  1.17866035e-04 
 1.09725000e-08  9.38805497e-01  1.09725000e-08  1.94999940e+00  1.09725000e-08  1.12160119e-04 
 1.09735000e-08  8.87515004e-01  1.09735000e-08  1.94999920e+00  1.09735000e-08  1.10521338e-04 
 1.13695000e-08  9.27046215e-07  1.13695000e-08  1.13865249e+00  1.13695000e-08 -2.83429926e-06 
 1.13705000e-08  9.76362551e-07  1.13705000e-08  1.08402997e+00  1.13705000e-08 -1.33690486e-06 
 1.13715000e-08  1.24965581e-06  1.13715000e-08  1.02874176e+00  1.13715000e-08  2.33918052e-07 
 1.13725000e-08  1.47357365e-06  1.13725000e-08  9.72822321e-01  1.13725000e-08  2.72231168e-06 
 1.13735000e-08  1.74099472e-06  1.13735000e-08  9.16261655e-01  1.13735000e-08  5.05618127e-06 
 1.13745000e-08  1.63977953e-06  1.13745000e-08  8.59106692e-01  1.13745000e-08  8.07813282e-06 
 1.15545000e-08  9.40929721e-01  1.15545000e-08  1.13796348e-04  1.15545000e-08  2.94750844e-06 
 1.15555000e-08  9.81719975e-01  1.15555000e-08  1.10343368e-04  1.15555000e-08  2.30272634e-06 
 1.15565000e-08  1.02201530e+00  1.15565000e-08  1.08060263e-04  1.15565000e-08  2.80193853e-06 
 1.15575000e-08  1.06187144e+00  1.15575000e-08  1.04769886e-04  1.15575000e-08  2.16291844e-06 
 1.15585000e-08  1.10138092e+00  1.15585000e-08  1.02622306e-04  1.15585000e-08  2.66461626e-06 
 1.15595000e-08  1.14066614e+00  1.15595000e-08  9.94858082e-05  1.15595000e-08  2.03121931e-06 
 1.17935000e-08  1.94994277e+00  1.17935000e-08  8.01686330e-01  1.17935000e-08 -5.34309485e-05 
 1.17945000e-08  1.94994280e+00  1.17945000e-08  8.84864212e-01  1.17945000e-08 -1.05391321e-04 
 1.17955000e-08  1.94994353e+00  1.17955000e-08  9.66252339e-01  1.17955000e-08 -1.48550809e-04 
 1.17965000e-08  1.94994356e+00  1.17965000e-08  1.04573803e+00  1.17965000e-08 -1.75274756e-04 
 1.17975000e-08  1.94994430e+00  1.17975000e-08  1.12332479e+00  1.17975000e-08 -1.94582886e-04 
 1.17985000e-08  1.94994431e+00  1.17985000e-08  1.19913634e+00  1.17985000e-08 -2.09573373e-04 
 1.19125000e-08  1.94996809e+00  1.19125000e-08  1.94993735e+00  1.19125000e-08  8.47100849e-01 
 1.19135000e-08  1.94996836e+00  1.19135000e-08  1.94994276e+00  1.19135000e-08  9.08526354e-01 
 1.19145000e-08  1.94996836e+00  1.19145000e-08  1.94994886e+00  1.19145000e-08  9.68592363e-01 
 1.19155000e-08  1.94996863e+00  1.19155000e-08  1.94995485e+00  1.19155000e-08  1.02844881e+00 
 1.19165000e-08  1.94996864e+00  1.19165000e-08  1.94996094e+00  1.19165000e-08  1.09159198e+00 
 1.19175000e-08  1.94996895e+00  1.19175000e-08  1.94995963e+00  1.19175000e-08  1.16203646e+00 
 1.20905000e-08  1.14736268e+00  1.20905000e-08  1.94999934e+00  1.20905000e-08  1.94999835e+00 
 1.20915000e-08  1.09531853e+00  1.20915000e-08  1.94999929e+00  1.20915000e-08  1.94999764e+00 
 1.20925000e-08  1.04357226e+00  1.20925000e-08  1.94999936e+00  1.20925000e-08  1.94999854e+00 
 1.20935000e-08  9.92021338e-01  1.20935000e-08  1.94999930e+00  1.20935000e-08  1.94999773e+00 
 1.20945000e-08  9.40635779e-01  1.20945000e-08  1.94999937e+00  1.20945000e-08  1.94999860e+00 
 1.20955000e-08  8.89342431e-01  1.20955000e-08  1.94999932e+00  1.20955000e-08  1.94999789e+00 
 1.24915000e-08  9.18551895e-07  1.24915000e-08  1.14059718e+00  1.24915000e-08  1.94993774e+00 
 1.24925000e-08  9.68758582e-07  1.24925000e-08  1.08600117e+00  1.24925000e-08  1.94993482e+00 
 1.24935000e-08  1.23281906e-06  1.24935000e-08  1.03073746e+00  1.24935000e-08  1.94993609e+00 
 1.24945000e-08  1.46095844e-06  1.24945000e-08  9.74843381e-01  1.24945000e-08  1.94994384e+00 
 1.24955000e-08  1.73342361e-06  1.24955000e-08  9.18305335e-01  1.24955000e-08  1.94995794e+00 
 1.24965000e-08  1.64786206e-06  1.24965000e-08  8.61172737e-01  1.24965000e-08  1.94997948e+00 
 1.26765000e-08  9.38972948e-01  1.26765000e-08  1.00196891e-04  1.26765000e-08  1.94996410e+00 
 1.26775000e-08  9.79787453e-01  1.26775000e-08  9.76382958e-05  1.26775000e-08  1.94996560e+00 
 1.26785000e-08  1.02010576e+00  1.26785000e-08  9.52093972e-05  1.26785000e-08  1.94996614e+00 
 1.26795000e-08  1.05998062e+00  1.26795000e-08  9.27801087e-05  1.26795000e-08  1.94996757e+00 
 1.26805000e-08  1.09950452e+00  1.26805000e-08  9.04726367e-05  1.26805000e-08  1.94996807e+00 
 1.26815000e-08  1.13879677e+00  1.26815000e-08  8.81661892e-05  1.26815000e-08  1.94996943e+00 
 1.29155000e-08  1.94994268e+00  1.29155000e-08  7.99808639e-01  1.29155000e-08  1.95011189e+00 
 1.29165000e-08  1.94994280e+00  1.29165000e-08  8.83064806e-01  1.29165000e-08  1.94998067e+00 
 1.29175000e-08  1.94994348e+00  1.29175000e-08  9.64377974e-01  1.29175000e-08  1.94984838e+00 
 1.29185000e-08  1.94994359e+00  1.29185000e-08  1.04360182e+00  1.29185000e-08  1.94969717e+00 
 1.29195000e-08  1.94994425e+00  1.29195000e-08  1.12073233e+00  1.29195000e-08  1.94953756e+00 
 1.29205000e-08  1.94994434e+00  1.29205000e-08  1.19591484e+00  1.29205000e-08  1.94939269e+00 
 1.30495000e-08  1.94996968e+00  1.30495000e-08  1.94998768e+00  1.30495000e-08  1.16496162e+00 
 1.30505000e-08  1.94996977e+00  1.30505000e-08  1.95001980e+00  1.30505000e-08  1.10740977e+00 
 1.30515000e-08  1.94997000e+00  1.30515000e-08  1.95005068e+00  1.30515000e-08  1.04963934e+00 
 1.30525000e-08  1.94996992e+00  1.30525000e-08  1.95007495e+00  1.30525000e-08  9.91520632e-01 
 1.30535000e-08  1.94997001e+00  1.30535000e-08  1.95009311e+00  1.30535000e-08  9.32873578e-01 
 1.30545000e-08  1.94996998e+00  1.30545000e-08  1.95010454e+00  1.30545000e-08  8.73617495e-01 
 1.32125000e-08  1.14909468e+00  1.32125000e-08  1.94999938e+00  1.32125000e-08  1.28456980e-04 
 1.32135000e-08  1.09704222e+00  1.32135000e-08  1.94999918e+00  1.32135000e-08  1.25531575e-04 
 1.32145000e-08  1.04528812e+00  1.32145000e-08  1.94999939e+00  1.32145000e-08  1.20412622e-04 
 1.32155000e-08  9.93733123e-01  1.32155000e-08  1.94999919e+00  1.32155000e-08  1.17688610e-04 
 1.32165000e-08  9.42343657e-01  1.32165000e-08  1.94999940e+00  1.32165000e-08  1.12869702e-04 
 1.32175000e-08  8.91048687e-01  1.32175000e-08  1.94999920e+00  1.32175000e-08  1.10333060e-04 
 1.36135000e-08  9.11461849e-07  1.36135000e-08  1.14236848e+00  1.36135000e-08 -2.94287877e-06 
 1.36145000e-08  9.65325954e-07  1.36145000e-08  1.08779242e+00  1.36145000e-08 -1.38441279e-06 
 1.36155000e-08  1.22453158e-06  1.36155000e-08  1.03254701e+00  1.36155000e-08  4.62810313e-08 
 1.36165000e-08  1.45689211e-06  1.36165000e-08  9.76672784e-01  1.36165000e-08  2.59947050e-06 
 1.36175000e-08  1.72905683e-06  1.36175000e-08  9.20153027e-01  1.36175000e-08  4.81708996e-06 
 1.36185000e-08  1.65150191e-06  1.36185000e-08  8.63040068e-01  1.36185000e-08  7.94486015e-06 
 1.37985000e-08  9.38285273e-01  1.37985000e-08  1.13904347e-04  1.37985000e-08  2.88144636e-06 
 1.37995000e-08  9.79108402e-01  1.37995000e-08  1.10633119e-04  1.37995000e-08  2.37864522e-06 
 1.38005000e-08  1.01943473e+00  1.38005000e-08  1.08159366e-04  1.38005000e-08  2.73611617e-06 
 1.38015000e-08  1.05931630e+00  1.38015000e-08  1.05047194e-04  1.38015000e-08  2.23782709e-06 
 1.38025000e-08  1.09884525e+00  1.38025000e-08  1.02713308e-04  1.38025000e-08  2.59911987e-06 
 1.38035000e-08  1.13814011e+00  1.38035000e-08  9.97514433e-05  1.38035000e-08  2.10518849e-06 
 1.40375000e-08  1.94994266e+00  1.40375000e-08  7.96433698e-01  1.40375000e-08 -4.91167073e-05 
 1.40385000e-08  1.94994280e+00  1.40385000e-08  8.79717396e-01  1.40385000e-08 -1.02197132e-04 
 1.40395000e-08  1.94994346e+00  1.40395000e-08  9.61223726e-01  1.40395000e-08 -1.46143930e-04 
 1.40405000e-08  1.94994359e+00  1.40405000e-08  1.04082810e+00  1.40405000e-08 -1.73981789e-04 
 1.40415000e-08  1.94994423e+00  1.40415000e-08  1.11853242e+00  1.40415000e-08 -1.93652715e-04 
 1.40425000e-08  1.94994435e+00  1.40425000e-08  1.19446016e+00  1.40425000e-08 -2.08342950e-04 
 1.41575000e-08  1.94996833e+00  1.41575000e-08  1.94994239e+00  1.41575000e-08  9.04775295e-01 
 1.41585000e-08  1.94996837e+00  1.41585000e-08  1.94994846e+00  1.41585000e-08  9.64902789e-01 
 1.41595000e-08  1.94996860e+00  1.41595000e-08  1.94995457e+00  1.41595000e-08  1.02470240e+00 
 1.41605000e-08  1.94996865e+00  1.41605000e-08  1.94996034e+00  1.41605000e-08  1.08754884e+00 
 1.41615000e-08  1.94996892e+00  1.41615000e-08  1.94996035e+00  1.41615000e-08  1.15748907e+00 
 1.41625000e-08  1.94996900e+00  1.41625000e-08  1.94995641e+00  1.41625000e-08  1.23085166e+00 
 1.43345000e-08  1.15054436e+00  1.43345000e-08  1.94999934e+00  1.43345000e-08  1.94999744e+00 
 1.43355000e-08  1.09848258e+00  1.43355000e-08  1.94999929e+00  1.43355000e-08  1.94999450e+00 
 1.43365000e-08  1.04671966e+00  1.43365000e-08  1.94999935e+00  1.43365000e-08  1.94999612e+00 
 1.43375000e-08  9.95159087e-01  1.43375000e-08  1.94999931e+00  1.43375000e-08  1.94999463e+00 
 1.43385000e-08  9.43764474e-01  1.43385000e-08  1.94999936e+00  1.43385000e-08  1.94999731e+00 
 1.43395000e-08  8.92466736e-01  1.43395000e-08  1.94999932e+00  1.43395000e-08  1.94999561e+00 
 1.47355000e-08  8.93846099e-07  1.47355000e-08  1.14379220e+00  1.47355000e-08  1.94993803e+00 
 1.47365000e-08  9.49081349e-07  1.47365000e-08  1.08923612e+00  1.47365000e-08  1.94993490e+00 
 1.47375000e-08  1.20202325e-06  1.47375000e-08  1.03400928e+00  1.47375000e-08  1.94993584e+00 
 1.47385000e-08  1.43956463e-06  1.47385000e-08  9.78154097e-01  1.47385000e-08  1.94994321e+00 
 1.47395000e-08  1.71781698e-06  1.47395000e-08  9.21651347e-01  1.47395000e-08  1.94995690e+00 
 1.47405000e-08  1.65668589e-06  1.47405000e-08  8.64554937e-01  1.47405000e-08  1.94997802e+00 
 1.49205000e-08  9.36214383e-01  1.49205000e-08  1.00250420e-04  1.49205000e-08  1.94996406e+00 
 1.49215000e-08  9.77063820e-01  1.49215000e-08  9.78813157e-05  1.49215000e-08  1.94996552e+00 
 1.49225000e-08  1.01741406e+00  1.49225000e-08  9.52573892e-05  1.49225000e-08  1.94996610e+00 
 1.49235000e-08  1.05731623e+00  1.49235000e-08  9.30137335e-05  1.49235000e-08  1.94996750e+00 
 1.49245000e-08  1.09686027e+00  1.49245000e-08  9.05154113e-05  1.49245000e-08  1.94996803e+00 
 1.49255000e-08  1.13616355e+00  1.49255000e-08  8.83908501e-05  1.49255000e-08  1.94996936e+00 
 1.51595000e-08  1.94994262e+00  1.51595000e-08  7.94151149e-01  1.51595000e-08  1.95011915e+00 
 1.51605000e-08  1.94994282e+00  1.51605000e-08  8.77524688e-01  1.51605000e-08  1.94998538e+00 
 1.51615000e-08  1.94994340e+00  1.51615000e-08  9.58973596e-01  1.51615000e-08  1.94985185e+00 
 1.51625000e-08  1.94994361e+00  1.51625000e-08  1.03833796e+00  1.51625000e-08  1.94970303e+00 
 1.51635000e-08  1.94994418e+00  1.51635000e-08  1.11560877e+00  1.51635000e-08  1.94954429e+00 
 1.51645000e-08  1.94994437e+00  1.51645000e-08  1.19092447e+00  1.51645000e-08  1.94939913e+00 
 1.52935000e-08  1.94996965e+00  1.52935000e-08  1.94998574e+00  1.52935000e-08  1.16879175e+00 
 1.52945000e-08  1.94996978e+00  1.52945000e-08  1.95001768e+00  1.52945000e-08  1.11124414e+00 
 1.52955000e-08  1.94996998e+00  1.52955000e-08  1.95004900e+00  1.52955000e-08  1.05349527e+00 
 1.52965000e-08  1.94996994e+00  1.52965000e-08  1.95007350e+00  1.52965000e-08  9.95403025e-01 
 1.52975000e-08  1.94997000e+00  1.52975000e-08  1.95009206e+00  1.52975000e-08  9.36797801e-01 
 1.52985000e-08  1.94996999e+00  1.52985000e-08  1.95010384e+00  1.52985000e-08  8.77584625e-01 
 1.54565000e-08  1.15253368e+00  1.54565000e-08  1.94999938e+00  1.54565000e-08  1.29327643e-04 
 1.54575000e-08  1.10046205e+00  1.54575000e-08  1.94999918e+00  1.54575000e-08  1.25217915e-04 
 1.54585000e-08  1.04868979e+00  1.54585000e-08  1.94999939e+00  1.54585000e-08  1.21256404e-04 
 1.54595000e-08  9.97124221e-01  1.54595000e-08  1.94999919e+00  1.54595000e-08  1.17367385e-04 
 1.54605000e-08  9.45724880e-01  1.54605000e-08  1.94999939e+00  1.54605000e-08  1.13687848e-04 
 1.54615000e-08  8.94425121e-01  1.54615000e-08  1.94999920e+00  1.54615000e-08  1.10005141e-04 
 1.58575000e-08  8.90922654e-07  1.58575000e-08  1.14599428e+00  1.58575000e-08 -3.03937680e-06 
 1.58585000e-08  9.49004386e-07  1.58585000e-08  1.09146350e+00  1.58585000e-08 -1.43055414e-06 
 1.58595000e-08  1.19632788e-06  1.58595000e-08  1.03625999e+00  1.58595000e-08 -1.29380403e-07 
 1.58605000e-08  1.43749764e-06  1.58605000e-08  9.80429874e-01  1.58605000e-08  2.50334092e-06 
 1.58615000e-08  1.71393315e-06  1.58615000e-08  9.23950246e-01  1.58615000e-08  4.59612633e-06 
 1.58625000e-08  1.66012256e-06  1.58625000e-08  8.66878323e-01  1.58625000e-08  7.81343506e-06 
 1.60425000e-08  9.35651282e-01  1.60425000e-08  1.14008409e-04  1.60425000e-08  2.81936697e-06 
 1.60435000e-08  9.76507888e-01  1.60435000e-08  1.10916737e-04  1.60435000e-08  2.45023706e-06 
 1.60445000e-08  1.01686465e+00  1.60445000e-08  1.08255380e-04  1.60445000e-08  2.67428004e-06 
 1.60455000e-08  1.05677247e+00  1.60455000e-08  1.05319042e-04  1.60455000e-08  2.30865365e-06 
 1.60465000e-08  1.09632066e+00  1.60465000e-08  1.02801604e-04  1.60465000e-08  2.53754851e-06 
 1.60475000e-08  1.13562628e+00  1.60475000e-08  1.00012032e-04  1.60475000e-08  2.17526066e-06 
 1.62815000e-08  1.94994259e+00  1.62815000e-08  7.90992776e-01  1.62815000e-08 -4.60707212e-05 
 1.62825000e-08  1.94994283e+00  1.62825000e-08  8.74383007e-01  1.62825000e-08 -9.90629955e-05 
 1.62835000e-08  1.94994339e+00  1.62835000e-08  9.56011439e-01  1.62835000e-08 -1.43669523e-04 
 1.62845000e-08  1.94994361e+00  1.62845000e-08  1.03573810e+00  1.62845000e-08 -1.72618241e-04 
 1.62855000e-08  1.94994416e+00  1.62855000e-08  1.11356502e+00  1.62855000e-08 -1.92523322e-04 
 1.62865000e-08  1.94994438e+00  1.62865000e-08  1.18959948e+00  1.62865000e-08 -2.07066197e-04 
 1.64015000e-08  1.94996831e+00  1.64015000e-08  1.94994202e+00  1.64015000e-08  9.00800178e-01 
 1.64025000e-08  1.94996838e+00  1.64025000e-08  1.94994801e+00  1.64025000e-08  9.60997351e-01 
 1.64035000e-08  1.94996858e+00  1.64035000e-08  1.94995427e+00  1.64035000e-08  1.02075213e+00 
 1.64045000e-08  1.94996866e+00  1.64045000e-08  1.94995966e+00  1.64045000e-08  1.08330533e+00 
 1.64055000e-08  1.94996890e+00  1.64055000e-08  1.94996116e+00  1.64055000e-08  1.15268780e+00 
 1.64065000e-08  1.94996900e+00  1.64065000e-08  1.94995623e+00  1.64065000e-08  1.22609805e+00 
 1.65785000e-08  1.15378245e+00  1.65785000e-08  1.94999933e+00  1.65785000e-08  1.94999711e+00 
 1.65795000e-08  1.10170256e+00  1.65795000e-08  1.94999930e+00  1.65795000e-08  1.94999248e+00 
 1.65805000e-08  1.04992243e+00  1.65805000e-08  1.94999934e+00  1.65805000e-08  1.94999542e+00 
 1.65815000e-08  9.98351820e-01  1.65815000e-08  1.94999931e+00  1.65815000e-08  1.94999275e+00 
 1.65825000e-08  9.46947842e-01  1.65825000e-08  1.94999935e+00  1.65825000e-08  1.94999709e+00 
 1.65835000e-08  8.95645541e-01  1.65835000e-08  1.94999933e+00  1.65835000e-08  1.94999271e+00 
 1.69795000e-08  8.85805715e-07  1.69795000e-08  1.14715557e+00  1.69795000e-08  1.94993834e+00 
 1.69805000e-08  9.43221822e-07  1.69805000e-08  1.09264148e+00  1.69805000e-08  1.94993499e+00 
 1.69815000e-08  1.18145604e-06  1.69815000e-08  1.03745357e+00  1.69815000e-08  1.94993561e+00 
 1.69825000e-08  1.42464523e-06  1.69825000e-08  9.81639342e-01  1.69825000e-08  1.94994257e+00 
 1.69835000e-08  1.70485485e-06  1.69835000e-08  9.25173922e-01  1.69835000e-08  1.94995584e+00 
 1.69845000e-08  1.66569556e-06  1.69845000e-08  8.68115656e-01  1.69845000e-08  1.94997652e+00 
 1.71645000e-08  9.33829176e-01  1.71645000e-08  1.00310925e-04  1.71645000e-08  1.94996402e+00 
 1.71655000e-08  9.74709012e-01  1.71655000e-08  9.81340165e-05  1.71655000e-08  1.94996544e+00 
 1.71665000e-08  1.01508696e+00  1.71665000e-08  9.53119348e-05  1.71665000e-08  1.94996607e+00 
 1.71675000e-08  1.05501311e+00  1.71675000e-08  9.32566367e-05  1.71675000e-08  1.94996741e+00 
 1.71685000e-08  1.09457489e+00  1.71685000e-08  9.05643315e-05  1.71685000e-08  1.94996799e+00 
 1.71695000e-08  1.13388828e+00  1.71695000e-08  8.86243993e-05  1.71695000e-08  1.94996928e+00 
 1.74035000e-08  1.94994255e+00  1.74035000e-08  7.89322300e-01  1.74035000e-08  1.95012512e+00 
 1.74045000e-08  1.94994285e+00  1.74045000e-08  8.72798038e-01  1.74045000e-08  1.94999429e+00 
 1.74055000e-08  1.94994333e+00  1.74055000e-08  9.54364095e-01  1.74055000e-08  1.94986390e+00 
 1.74065000e-08  1.94994363e+00  1.74065000e-08  1.03384828e+00  1.74065000e-08  1.94971528e+00 
 1.74075000e-08  1.94994411e+00  1.74075000e-08  1.11123852e+00  1.74075000e-08  1.94955592e+00 
 1.74085000e-08  1.94994439e+00  1.74085000e-08  1.18665646e+00  1.74085000e-08  1.94940953e+00 
 1.75375000e-08  1.94996962e+00  1.75375000e-08  1.94998405e+00  1.75375000e-08  1.17207435e+00 
 1.75385000e-08  1.94996978e+00  1.75385000e-08  1.95001577e+00  1.75385000e-08  1.11453002e+00 
 1.75395000e-08  1.94996996e+00  1.75395000e-08  1.95004736e+00  1.75395000e-08  1.05679926e+00 
 1.75405000e-08  1.94996996e+00  1.75405000e-08  1.95007227e+00  1.75405000e-08  9.98729060e-01 
 1.75415000e-08  1.94996999e+00  1.75415000e-08  1.95009116e+00  1.75415000e-08  9.40158582e-01 
 1.75425000e-08  1.94997000e+00  1.75425000e-08  1.95010333e+00  1.75425000e-08  8.80980823e-01 
 1.77005000e-08  1.15553009e+00  1.77005000e-08  1.94999937e+00  1.77005000e-08  1.30014238e-04 
 1.77015000e-08  1.10344161e+00  1.77015000e-08  1.94999919e+00  1.77015000e-08  1.25005672e-04 
 1.77025000e-08  1.05165328e+00  1.77025000e-08  1.94999938e+00  1.77025000e-08  1.21920409e-04 
 1.77035000e-08  1.00007829e+00  1.77035000e-08  1.94999920e+00  1.77035000e-08  1.17148386e-04 
 1.77045000e-08  9.48670197e-01  1.77045000e-08  1.94999939e+00  1.77045000e-08  1.14330326e-04 
 1.77055000e-08  8.97366176e-01  1.77055000e-08  1.94999921e+00  1.77055000e-08  1.09780126e-04 
 1.81015000e-08  8.81775039e-07  1.81015000e-08  1.14915912e+00  1.81015000e-08 -3.10962120e-06 
 1.81025000e-08  9.42446332e-07  1.81025000e-08  1.09466786e+00  1.81025000e-08 -1.48201027e-06 
 1.81035000e-08  1.17630085e-06  1.81035000e-08  1.03950100e+00  1.81035000e-08 -2.70600598e-07 
 1.81045000e-08  1.42283131e-06  1.81045000e-08  9.83709437e-01  1.81045000e-08  2.41552279e-06 
 1.81055000e-08  1.70161533e-06  1.81055000e-08  9.27264963e-01  1.81055000e-08  4.41505744e-06 
 1.81065000e-08  1.66883417e-06  1.81065000e-08  8.70228948e-01  1.81065000e-08  7.68693851e-06 
 1.82865000e-08  9.33372148e-01  1.82865000e-08  1.14099108e-04  1.82865000e-08  2.76062562e-06 
 1.82875000e-08  9.74257821e-01  1.82875000e-08  1.11165904e-04  1.82875000e-08  2.51753090e-06 
 1.82885000e-08  1.01464110e+00  1.82885000e-08  1.08338765e-04  1.82885000e-08  2.61572356e-06 
 1.82895000e-08  1.05457188e+00  1.82895000e-08  1.05558140e-04  1.82895000e-08  2.37540117e-06 
 1.82905000e-08  1.09413837e+00  1.82905000e-08  1.02878261e-04  1.82905000e-08  2.47928066e-06 
 1.82915000e-08  1.13345506e+00  1.82915000e-08  1.00240317e-04  1.82915000e-08  2.24080219e-06 
 1.85255000e-08  1.94994252e+00  1.85255000e-08  7.86364613e-01  1.85255000e-08 -4.35115242e-05 
 1.85265000e-08  1.94994286e+00  1.85265000e-08  8.69848285e-01  1.85265000e-08 -9.64343358e-05 
 1.85275000e-08  1.94994332e+00  1.85275000e-08  9.51581014e-01  1.85275000e-08 -1.41538493e-04 
 1.85285000e-08  1.94994364e+00  1.85285000e-08  1.03141228e+00  1.85285000e-08 -1.71425111e-04 
 1.85295000e-08  1.94994410e+00  1.85295000e-08  1.10934247e+00  1.85295000e-08 -1.91410475e-04 
 1.85305000e-08  1.94994440e+00  1.85305000e-08  1.18546927e+00  1.85305000e-08 -2.06093349e-04 
 1.86455000e-08  1.94996829e+00  1.86455000e-08  1.94994164e+00  1.86455000e-08  8.97481348e-01 
 1.86465000e-08  1.94996839e+00  1.86465000e-08  1.94994771e+00  1.86465000e-08  9.57739176e-01 
 1.86475000e-08  1.94996856e+00  1.86475000e-08  1.94995394e+00  1.86475000e-08  1.01746687e+00 
 1.86485000e-08  1.94996866e+00  1.86485000e-08  1.94995915e+00  1.86485000e-08  1.07977827e+00 
 1.86495000e-08  1.94996888e+00  1.86495000e-08  1.94996181e+00  1.86495000e-08  1.14866321e+00 
 1.86505000e-08  1.94996901e+00  1.86505000e-08  1.94995614e+00  1.86505000e-08  1.22210126e+00 
 1.87955000e-08  2.05291415e+00  1.87955000e-08  1.94999900e+00  1.87955000e-08  1.94998559e+00 
 1.88225000e-08  1.15653676e+00  1.88225000e-08  1.94999932e+00  1.88225000e-08  1.94999733e+00 
 1.88235000e-08  1.10444132e+00  1.88235000e-08  1.94999930e+00  1.88235000e-08  1.94999129e+00 
 1.88245000e-08  1.05264636e+00  1.88245000e-08  1.94999933e+00  1.88245000e-08  1.94999536e+00 
 1.88255000e-08  1.00106702e+00  1.88255000e-08  1.94999932e+00  1.88255000e-08  1.94999161e+00 
 1.88265000e-08  9.49654940e-01  1.88265000e-08  1.94999935e+00  1.88265000e-08  1.94999727e+00 
 1.88275000e-08  8.98348677e-01  1.88275000e-08  1.94999933e+00  1.88275000e-08  1.94999152e+00 
 1.92235000e-08  8.69304913e-07  1.92235000e-08  1.15011823e+00  1.92235000e-08  1.94993863e+00 
 1.92245000e-08  9.24800943e-07  1.92245000e-08  1.09564115e+00  1.92245000e-08  1.94993508e+00 
 1.92255000e-08  1.15506485e-06  1.92255000e-08  1.04048757e+00  1.92255000e-08  1.94993543e+00 
 1.92265000e-08  1.40623618e-06  1.92265000e-08  9.84709468e-01  1.92265000e-08  1.94994203e+00 
 1.92275000e-08  1.69051279e-06  1.92275000e-08  9.28277023e-01  1.92275000e-08  1.94995491e+00 
 1.92285000e-08  1.67313036e-06  1.92285000e-08  8.71252450e-01  1.92285000e-08  1.94997516e+00 
 1.94085000e-08  9.31645235e-01  1.94085000e-08  1.00365497e-04  1.94085000e-08  1.94996399e+00 
 1.94095000e-08  9.72552994e-01  1.94095000e-08  9.83564623e-05  1.94095000e-08  1.94996535e+00 
 1.94105000e-08  1.01295645e+00  1.94105000e-08  9.53612250e-05  1.94105000e-08  1.94996604e+00 
 1.94115000e-08  1.05290479e+00  1.94115000e-08  9.34704239e-05  1.94115000e-08  1.94996734e+00 
 1.94125000e-08  1.09248440e+00  1.94125000e-08  9.06086392e-05  1.94125000e-08  1.94996797e+00 
 1.94135000e-08  1.13180876e+00  1.94135000e-08  8.88299222e-05  1.94135000e-08  1.94996920e+00 
 1.96475000e-08  1.94994249e+00  1.96475000e-08  7.84700264e-01  1.96475000e-08  1.95013060e+00 
 1.96485000e-08  1.94994287e+00  1.96485000e-08  8.68273949e-01  1.96485000e-08  1.95000250e+00 
 1.96495000e-08  1.94994328e+00  1.96495000e-08  9.49950972e-01  1.96495000e-08  1.94987384e+00 
 1.96505000e-08  1.94994365e+00  1.96505000e-08  1.02955152e+00  1.96505000e-08  1.94972569e+00 
 1.96515000e-08  1.94994405e+00  1.96515000e-08  1.10705532e+00  1.96515000e-08  1.94956603e+00 
 1.96525000e-08  1.94994441e+00  1.96525000e-08  1.18257359e+00  1.96525000e-08  1.94941860e+00 
 1.97815000e-08  1.94996960e+00  1.97815000e-08  1.94998233e+00  1.97815000e-08  1.17521535e+00 
 1.97825000e-08  1.94996978e+00  1.97825000e-08  1.95001400e+00  1.97825000e-08  1.11767368e+00 
 1.97835000e-08  1.94996994e+00  1.97835000e-08  1.95004567e+00  1.97835000e-08  1.05995969e+00 
 1.97845000e-08  1.94996997e+00  1.97845000e-08  1.95007116e+00  1.97845000e-08  1.00191005e+00 
 1.97855000e-08  1.94996997e+00  1.97855000e-08  1.95009019e+00  1.97855000e-08  9.43372409e-01 
 1.97865000e-08  1.94997001e+00  1.97865000e-08  1.95010291e+00  1.97865000e-08  8.84228246e-01 
 1.99445000e-08  1.15851245e+00  1.99445000e-08  1.94999938e+00  1.99445000e-08  1.30748821e-04 
 1.99455000e-08  1.10640706e+00  1.99455000e-08  1.94999918e+00  1.99455000e-08  1.24741426e-04 
 1.99465000e-08  1.05460251e+00  1.99465000e-08  1.94999938e+00  1.99465000e-08  1.22631196e-04 
 1.99475000e-08  1.00301796e+00  1.99475000e-08  1.94999919e+00  1.99475000e-08  1.16878863e-04 
 1.99485000e-08  9.51601005e-01  1.99485000e-08  1.94999939e+00  1.99485000e-08  1.15018407e-04 
 1.99495000e-08  9.00292819e-01  1.99495000e-08  1.94999920e+00  1.99495000e-08  1.09381815e-04 
 2.03455000e-08  8.65493704e-07  2.03455000e-08  1.15229258e+00  2.03455000e-08 -3.17059104e-06 
 2.03465000e-08  9.23788600e-07  2.03465000e-08  1.09784050e+00  2.03465000e-08 -1.53724591e-06 
 2.03475000e-08  1.14844206e-06  2.03475000e-08  1.04270996e+00  2.03475000e-08 -4.03183988e-07 
 2.03485000e-08  1.40323370e-06  2.03485000e-08  9.86956643e-01  2.03485000e-08  2.32285437e-06 
 2.03495000e-08  1.68581903e-06  2.03495000e-08  9.30547077e-01  2.03495000e-08  4.22850567e-06 
 2.03505000e-08  1.67643102e-06  2.03505000e-08  8.73546728e-01  2.03505000e-08  7.54342032e-06 
 2.05305000e-08  9.30992130e-01  2.05305000e-08  1.14189456e-04  2.05305000e-08  2.70185362e-06 
 2.05315000e-08  9.71908249e-01  2.05315000e-08  1.11413495e-04  2.05315000e-08  2.58478951e-06 
 2.05325000e-08  1.01231935e+00  2.05325000e-08  1.08421486e-04  2.05325000e-08  2.55685532e-06 
 2.05335000e-08  1.05227436e+00  2.05335000e-08  1.05794770e-04  2.05335000e-08  2.44165168e-06 
 2.05345000e-08  1.09185897e+00  2.05345000e-08  1.02954057e-04  2.05345000e-08  2.42060491e-06 
 2.05355000e-08  1.13118630e+00  2.05355000e-08  1.00468047e-04  2.05355000e-08  2.30690022e-06 
 2.07695000e-08  1.94994248e+00  2.07695000e-08  7.81354369e-01  2.07695000e-08 -4.07897944e-05 
 2.07705000e-08  1.94994287e+00  2.07705000e-08  8.64933941e-01  2.07705000e-08 -9.45202806e-05 
 2.07715000e-08  1.94994326e+00  2.07715000e-08  9.46774010e-01  2.07715000e-08 -1.40103796e-04 
 2.07725000e-08  1.94994365e+00  2.07725000e-08  1.02672006e+00  2.07725000e-08 -1.69513319e-04 
 2.07735000e-08  1.94994404e+00  2.07735000e-08  1.10476228e+00  2.07735000e-08 -1.89507716e-04 
 2.07745000e-08  1.94994441e+00  2.07745000e-08  1.18097852e+00  2.07745000e-08 -2.04265714e-04 
 2.08895000e-08  1.94996827e+00  2.08895000e-08  1.94994116e+00  2.08895000e-08  8.93813210e-01 
 2.08905000e-08  1.94996839e+00  2.08905000e-08  1.94994745e+00  2.08905000e-08  9.54140763e-01 
 2.08915000e-08  1.94996854e+00  2.08915000e-08  1.94995351e+00  2.08915000e-08  1.01384844e+00 
 2.08925000e-08  1.94996867e+00  2.08925000e-08  1.94995861e+00  2.08925000e-08  1.07592519e+00 
 2.08935000e-08  1.94996885e+00  2.08935000e-08  1.94996242e+00  2.08935000e-08  1.14428173e+00 
 2.08945000e-08  1.94996901e+00  2.08945000e-08  1.94995615e+00  2.08945000e-08  1.21773278e+00 
 2.10665000e-08  1.15967803e+00  2.10665000e-08  1.94999932e+00  2.10665000e-08  1.94999269e+00 
 2.10675000e-08  1.10756472e+00  2.10675000e-08  1.94999930e+00  2.10675000e-08  1.94998802e+00 
 2.10685000e-08  1.05575260e+00  2.10685000e-08  1.94999934e+00  2.10685000e-08  1.94999563e+00 
 2.10695000e-08  1.00416310e+00  2.10695000e-08  1.94999931e+00  2.10695000e-08  1.94998827e+00 
 2.10705000e-08  9.52741634e-01  2.10705000e-08  1.94999935e+00  2.10705000e-08  1.94999345e+00 
 2.10715000e-08  9.01430764e-01  2.10715000e-08  1.94999933e+00  2.10715000e-08  1.94998893e+00 
 2.14675000e-08  8.59266417e-07  2.14675000e-08  1.15327998e+00  2.14675000e-08  1.94993894e+00 
 2.14685000e-08  9.19192175e-07  2.14685000e-08  1.09884186e+00  2.14685000e-08  1.94993520e+00 
 2.14695000e-08  1.13499402e-06  2.14695000e-08  1.04372553e+00  2.14695000e-08  1.94993525e+00 
 2.14705000e-08  1.39139830e-06  2.14705000e-08  9.87985547e-01  2.14705000e-08  1.94994147e+00 
 2.14715000e-08  1.67672292e-06  2.14715000e-08  9.31588896e-01  2.14715000e-08  1.94995396e+00 
 2.14725000e-08  1.68224497e-06  2.14725000e-08  8.74599934e-01  2.14725000e-08  1.94997380e+00 
 2.16525000e-08  9.29087509e-01  2.16525000e-08  1.00424350e-04  2.16525000e-08  1.94996396e+00 
 2.16535000e-08  9.70028079e-01  2.16535000e-08  9.85937994e-05  2.16535000e-08  1.94996527e+00 
 2.16545000e-08  1.01046157e+00  2.16545000e-08  9.54144287e-05  2.16545000e-08  1.94996601e+00 
 2.16555000e-08  1.05043618e+00  2.16555000e-08  9.36984441e-05  2.16555000e-08  1.94996725e+00 
 2.16565000e-08  1.09003555e+00  2.16565000e-08  9.06565521e-05  2.16565000e-08  1.94996794e+00 
 2.16575000e-08  1.12937174e+00  2.16575000e-08  8.90490681e-05  2.16575000e-08  1.94996912e+00 
 2.18925000e-08  1.94994288e+00  2.18925000e-08  8.63101027e-01  2.18925000e-08  1.95001213e+00 
 2.18935000e-08  1.94994323e+00  2.18935000e-08  9.44903341e-01  2.18935000e-08  1.94988252e+00 
 2.18945000e-08  1.94994366e+00  2.18945000e-08  1.02463581e+00  2.18945000e-08  1.94973547e+00 
 2.18955000e-08  1.94994400e+00  2.18955000e-08  1.10226946e+00  2.18955000e-08  1.94957595e+00 
 2.18965000e-08  1.94994441e+00  2.18965000e-08  1.17788991e+00  2.18965000e-08  1.94942766e+00 
 2.18975000e-08  1.94994475e+00  2.18975000e-08  1.25181790e+00  2.18975000e-08  1.94926889e+00 
 2.20255000e-08  1.94996958e+00  2.20255000e-08  1.94998038e+00  2.20255000e-08  1.17886450e+00 
 2.20265000e-08  1.94996978e+00  2.20265000e-08  1.95001199e+00  2.20265000e-08  1.12132549e+00 
 2.20275000e-08  1.94996993e+00  2.20275000e-08  1.95004372e+00  2.20275000e-08  1.06363013e+00 
 2.20285000e-08  1.94996998e+00  2.20285000e-08  1.95006987e+00  2.20285000e-08  1.00560386e+00 
 2.20295000e-08  1.94996996e+00  2.20295000e-08  1.95008905e+00  2.20295000e-08  9.47103671e-01 
 2.20305000e-08  1.94997001e+00  2.20305000e-08  1.95010239e+00  2.20305000e-08  8.87998264e-01 
 2.21885000e-08  1.16185303e+00  2.21885000e-08  1.94999938e+00  2.21885000e-08  1.31921365e-04 
 2.21895000e-08  1.10972847e+00  2.21895000e-08  1.94999918e+00  2.21895000e-08  1.24439009e-04 
 2.21905000e-08  1.05790546e+00  2.21905000e-08  1.94999938e+00  2.21905000e-08  1.23748476e-04 
 2.21915000e-08  1.00630989e+00  2.21915000e-08  1.94999919e+00  2.21915000e-08  1.16533630e-04 
 2.21925000e-08  9.54882800e-01  2.21925000e-08  1.94999939e+00  2.21925000e-08  1.16067133e-04 
 2.21935000e-08  9.03569614e-01  2.21935000e-08  1.94999920e+00  2.21935000e-08  1.08969308e-04 
 2.25895000e-08  8.54261421e-07  2.25895000e-08  1.15567015e+00  2.25895000e-08 -3.23414681e-06 
 2.25905000e-08  9.19496735e-07  2.25905000e-08  1.10125755e+00  2.25905000e-08 -1.59093612e-06 
 2.25915000e-08  1.10597664e-06  2.25915000e-08  1.04616905e+00  2.25915000e-08 -5.44548802e-07 
 2.25925000e-08  1.36133858e-06  2.25925000e-08  9.90454552e-01  2.25925000e-08  2.22561799e-06 
 2.25935000e-08  1.67049221e-06  2.25935000e-08  9.34085240e-01  2.25935000e-08  4.04539036e-06 
 2.25945000e-08  1.69714836e-06  2.25945000e-08  8.77121242e-01  2.25945000e-08  7.40929948e-06 
 2.27745000e-08  9.28283051e-01  2.27745000e-08  1.14294982e-04  2.27745000e-08  2.63793328e-06 
 2.27755000e-08  9.69233954e-01  2.27755000e-08  1.11671291e-04  2.27755000e-08  2.65697719e-06 
 2.27765000e-08  1.00967692e+00  2.27765000e-08  1.08520143e-04  2.27765000e-08  2.49368127e-06 
 2.27775000e-08  1.04965984e+00  2.27775000e-08  1.06042054e-04  2.27775000e-08  2.51370185e-06 
 2.27785000e-08  1.08926551e+00  2.27785000e-08  1.03044446e-04  2.27785000e-08  2.35718081e-06 
 2.27795000e-08  1.12860552e+00  2.27795000e-08  1.00703980e-04  2.27795000e-08  2.37763383e-06 
 2.30145000e-08  1.94994287e+00  2.30145000e-08  8.59509953e-01  2.30145000e-08 -9.09870689e-05 
 2.30155000e-08  1.94994321e+00  2.30155000e-08  9.41470076e-01  2.30155000e-08 -1.37119641e-04 
 2.30165000e-08  1.94994366e+00  2.30165000e-08  1.02153648e+00  2.30165000e-08 -1.68095674e-04 
 2.30175000e-08  1.94994400e+00  2.30175000e-08  1.09969743e+00  2.30175000e-08 -1.88302978e-04 
 2.30185000e-08  1.94994442e+00  2.30185000e-08  1.17602643e+00  2.30185000e-08 -2.03361128e-04 
 2.30195000e-08  1.94994474e+00  2.30195000e-08  1.25069908e+00  2.30195000e-08 -2.29602012e-04 
 2.31335000e-08  1.94996825e+00  2.31335000e-08  1.94994057e+00  2.31335000e-08  8.89853093e-01 
 2.31345000e-08  1.94996840e+00  2.31345000e-08  1.94994715e+00  2.31345000e-08  9.50258665e-01 
 2.31355000e-08  1.94996852e+00  2.31355000e-08  1.94995295e+00  2.31355000e-08  1.00995495e+00 
 2.31365000e-08  1.94996867e+00  2.31365000e-08  1.94995800e+00  2.31365000e-08  1.07178977e+00 
 2.31375000e-08  1.94996883e+00  2.31375000e-08  1.94996303e+00  2.31375000e-08  1.13956818e+00 
 2.31385000e-08  1.94996901e+00  2.31385000e-08  1.94995618e+00  2.31385000e-08  1.21301120e+00 
 2.33105000e-08  1.16331787e+00  2.33105000e-08  1.94999934e+00  2.33105000e-08  1.94999569e+00 
 2.33115000e-08  1.11118388e+00  2.33115000e-08  1.94999928e+00  2.33115000e-08  1.94998633e+00 
 2.33125000e-08  1.05935175e+00  2.33125000e-08  1.94999935e+00  2.33125000e-08  1.94999294e+00 
 2.33135000e-08  1.00775035e+00  2.33135000e-08  1.94999930e+00  2.33135000e-08  1.94998706e+00 
 2.33145000e-08  9.56317948e-01  2.33145000e-08  1.94999936e+00  2.33145000e-08  1.94999604e+00 
 2.33155000e-08  9.05001746e-01  2.33155000e-08  1.94999931e+00  2.33155000e-08  1.94998713e+00 
 2.37115000e-08  8.46598442e-07  2.37115000e-08  1.15722220e+00  2.37115000e-08  1.94993934e+00 
 2.37125000e-08  9.13249694e-07  2.37125000e-08  1.10282980e+00  2.37125000e-08  1.94993537e+00 
 2.37135000e-08  1.09311558e-06  2.37135000e-08  1.04776300e+00  2.37135000e-08  1.94993505e+00 
 2.37145000e-08  1.35096524e-06  2.37145000e-08  9.92068055e-01  2.37145000e-08  1.94994081e+00 
 2.37155000e-08  1.65786502e-06  2.37155000e-08  9.35718855e-01  2.37155000e-08  1.94995280e+00 
 2.37165000e-08  1.70063143e-06  2.37165000e-08  8.78772141e-01  2.37165000e-08  1.94997215e+00 
 2.38965000e-08  9.26067490e-01  2.38965000e-08  1.00512124e-04  2.38965000e-08  1.94996392e+00 
 2.38975000e-08  9.67046880e-01  2.38975000e-08  9.88763883e-05  2.38975000e-08  1.94996515e+00 
 2.38985000e-08  1.00751604e+00  2.38985000e-08  9.54948516e-05  2.38985000e-08  1.94996598e+00 
 2.38995000e-08  1.04752202e+00  2.38995000e-08  9.39693478e-05  2.38995000e-08  1.94996714e+00 
 2.39005000e-08  1.08714524e+00  2.39005000e-08  9.07302642e-05  2.39005000e-08  1.94996791e+00 
 2.39015000e-08  1.12649604e+00  2.39015000e-08  8.93089343e-05  2.39015000e-08  1.94996902e+00 
 2.41365000e-08  1.94994289e+00  2.41365000e-08  8.56977861e-01  2.41365000e-08  1.95002314e+00 
 2.41375000e-08  1.94994319e+00  2.41375000e-08  9.38923297e-01  2.41375000e-08  1.94989255e+00 
 2.41385000e-08  1.94994366e+00  2.41385000e-08  1.01880710e+00  2.41385000e-08  1.94974684e+00 
 2.41395000e-08  1.94994394e+00  2.41395000e-08  1.09659533e+00  2.41395000e-08  1.94958745e+00 
 2.41405000e-08  1.94994442e+00  2.41405000e-08  1.17235451e+00  2.41405000e-08  1.94943799e+00 
 2.41415000e-08  1.94994470e+00  2.41415000e-08  1.24639671e+00  2.41415000e-08  1.94928158e+00 
 2.42695000e-08  1.94996955e+00  2.42695000e-08  1.94997808e+00  2.42695000e-08  1.18313797e+00 
 2.42705000e-08  1.94996978e+00  2.42705000e-08  1.95000958e+00  2.42705000e-08  1.12560143e+00 
 2.42715000e-08  1.94996991e+00  2.42715000e-08  1.95004139e+00  2.42715000e-08  1.06792696e+00 
 2.42725000e-08  1.94996999e+00  2.42725000e-08  1.95006832e+00  2.42725000e-08  1.00992729e+00 
 2.42735000e-08  1.94996995e+00  2.42735000e-08  1.95008773e+00  2.42735000e-08  9.51470292e-01 
 2.42745000e-08  1.94997002e+00  2.42745000e-08  1.95010181e+00  2.42745000e-08  8.92409768e-01 
 2.44325000e-08  1.16576879e+00  2.44325000e-08  1.94999938e+00  2.44325000e-08  1.32958123e-04 
 2.44335000e-08  1.11362154e+00  2.44335000e-08  1.94999918e+00  2.44335000e-08  1.23900464e-04 
 2.44345000e-08  1.06177649e+00  2.44345000e-08  1.94999938e+00  2.44345000e-08  1.25191272e-04 
 2.44355000e-08  1.01016766e+00  2.44355000e-08  1.94999919e+00  2.44355000e-08  1.16050987e-04 
 2.44365000e-08  9.58728418e-01  2.44365000e-08  1.94999939e+00  2.44365000e-08  1.17441410e-04 
 2.44375000e-08  9.07409193e-01  2.44375000e-08  1.94999920e+00  2.44375000e-08  1.08392160e-04 
 2.48335000e-08  8.39108865e-07  2.48335000e-08  1.15960896e+00  2.48335000e-08 -3.30159680e-06 
 2.48345000e-08  9.16419882e-07  2.48345000e-08  1.10524200e+00  2.48345000e-08 -1.65563609e-06 
 2.48355000e-08  1.08434424e-06  2.48355000e-08  1.05020295e+00  2.48355000e-08 -7.81289608e-07 
 2.48365000e-08  1.35256173e-06  2.48365000e-08  9.94533410e-01  2.48365000e-08  2.02497467e-06 
 2.48375000e-08  1.64907454e-06  2.48375000e-08  9.38211497e-01  2.48375000e-08  3.81322917e-06 
 2.48385000e-08  1.70717710e-06  2.48385000e-08  8.81289694e-01  2.48385000e-08  7.23674139e-06 
 2.50185000e-08  9.25224656e-01  2.50185000e-08  1.14426969e-04  2.50185000e-08  2.56088034e-06 
 2.50195000e-08  9.66214898e-01  2.50195000e-08  1.11964323e-04  2.50195000e-08  2.74408734e-06 
 2.50205000e-08  1.00669402e+00  2.50205000e-08  1.08643264e-04  2.50205000e-08  2.41723622e-06 
 2.50215000e-08  1.04670878e+00  2.50215000e-08  1.06322337e-04  2.50215000e-08  2.59996820e-06 
 2.50225000e-08  1.08633873e+00  2.50225000e-08  1.03159565e-04  2.50225000e-08  2.28144990e-06 
 2.50235000e-08  1.12569368e+00  2.50235000e-08  1.00972310e-04  2.50235000e-08  2.46314005e-06 
 2.52585000e-08  1.94994288e+00  2.52585000e-08  8.53503523e-01  2.52585000e-08 -8.70619382e-05 
 2.52595000e-08  1.94994316e+00  2.52595000e-08  9.35596150e-01  2.52595000e-08 -1.33751628e-04 
 2.52605000e-08  1.94994366e+00  2.52605000e-08  1.01580130e+00  2.52605000e-08 -1.66591878e-04 
 2.52615000e-08  1.94994392e+00  2.52615000e-08  1.09409980e+00  2.52615000e-08 -1.87055667e-04 
 2.52625000e-08  1.94994441e+00  2.52625000e-08  1.17056573e+00  2.52625000e-08 -2.02494381e-04 
 2.52635000e-08  1.94994467e+00  2.52635000e-08  1.24536862e+00  2.52635000e-08 -2.27933116e-04 
 2.53775000e-08  1.94996822e+00  2.53775000e-08  1.94994001e+00  2.53775000e-08  8.85449341e-01 
 2.53785000e-08  1.94996840e+00  2.53785000e-08  1.94994692e+00  2.53785000e-08  9.45945118e-01 
 2.53795000e-08  1.94996850e+00  2.53795000e-08  1.94995240e+00  2.53795000e-08  1.00564032e+00 
 2.53805000e-08  1.94996867e+00  2.53805000e-08  1.94995739e+00  2.53805000e-08  1.06721855e+00 
 2.53815000e-08  1.94996880e+00  2.53815000e-08  1.94996373e+00  2.53815000e-08  1.13435543e+00 
 2.53825000e-08  1.94996901e+00  2.53825000e-08  1.94995632e+00  2.53825000e-08  1.20775742e+00 
 2.55545000e-08  1.16641794e+00  2.55545000e-08  1.94999936e+00  2.55545000e-08  1.95000002e+00 
 2.55555000e-08  1.11426633e+00  2.55555000e-08  1.94999926e+00  2.55555000e-08  1.94999083e+00 
 2.55565000e-08  1.06241703e+00  2.55565000e-08  1.94999937e+00  2.55565000e-08  1.95000051e+00 
 2.55575000e-08  1.01080543e+00  2.55575000e-08  1.94999928e+00  2.55575000e-08  1.94999131e+00 
 2.55585000e-08  9.59363684e-01  2.55585000e-08  1.94999938e+00  2.55585000e-08  1.95000068e+00 
 2.55595000e-08  9.08042865e-01  2.55595000e-08  1.94999929e+00  2.55595000e-08  1.94999162e+00 
 2.59555000e-08  8.34486016e-07  2.59555000e-08  1.16032553e+00  2.59555000e-08  1.94993966e+00 
 2.59565000e-08  9.15484971e-07  2.59565000e-08  1.10596909e+00  2.59565000e-08  1.94993551e+00 
 2.59575000e-08  1.07764695e-06  2.59575000e-08  1.05094126e+00  2.59575000e-08  1.94993492e+00 
 2.59585000e-08  1.34797092e-06  2.59585000e-08  9.95281776e-01  2.59585000e-08  1.94994032e+00 
 2.59595000e-08  1.64120724e-06  2.59595000e-08  9.38969978e-01  2.59595000e-08  1.94995192e+00 
 2.59605000e-08  1.70966894e-06  2.59605000e-08  8.82056586e-01  2.59605000e-08  1.94997086e+00 
 2.61405000e-08  9.23909123e-01  2.61405000e-08  1.00579286e-04  2.61405000e-08  1.94996390e+00 
 2.61415000e-08  9.64916369e-01  2.61415000e-08  9.91006865e-05  2.61415000e-08  1.94996506e+00 
 2.61425000e-08  1.00541116e+00  2.61425000e-08  9.55567532e-05  2.61425000e-08  1.94996595e+00 
 2.61435000e-08  1.04543977e+00  2.61435000e-08  9.41846891e-05  2.61435000e-08  1.94996705e+00 
 2.61445000e-08  1.08508036e+00  2.61445000e-08  9.07869397e-05  2.61445000e-08  1.94996789e+00 
 2.61455000e-08  1.12444199e+00  2.61455000e-08  8.95156243e-05  2.61455000e-08  1.94996893e+00 
 2.63805000e-08  1.94994288e+00  2.63805000e-08  8.52729977e-01  2.63805000e-08  1.95003063e+00 
 2.63815000e-08  1.94994314e+00  2.63815000e-08  9.34777408e-01  2.63815000e-08  1.94989943e+00 
 2.63825000e-08  1.94994366e+00  2.63825000e-08  1.01476888e+00  2.63825000e-08  1.94975458e+00 
 2.63835000e-08  1.94994390e+00  2.63835000e-08  1.09266449e+00  2.63835000e-08  1.94959555e+00 
 2.63845000e-08  1.94994442e+00  2.63845000e-08  1.16852069e+00  2.63845000e-08  1.94944501e+00 
 2.63855000e-08  1.94994466e+00  2.63855000e-08  1.24264309e+00  2.63855000e-08  1.94929034e+00 
 2.65135000e-08  1.94996953e+00  2.65135000e-08  1.94997648e+00  2.65135000e-08  1.18607368e+00 
 2.65145000e-08  1.94996977e+00  2.65145000e-08  1.95000793e+00  2.65145000e-08  1.12853847e+00 
 2.65155000e-08  1.94996989e+00  2.65155000e-08  1.95003976e+00  2.65155000e-08  1.07087785e+00 
 2.65165000e-08  1.94997000e+00  2.65165000e-08  1.95006725e+00  2.65165000e-08  1.01289601e+00 
 2.65175000e-08  1.94996994e+00  2.65175000e-08  1.95008676e+00  2.65175000e-08  9.54468319e-01 
 2.65185000e-08  1.94997002e+00  2.65185000e-08  1.95010139e+00  2.65185000e-08  8.95438525e-01 
 2.66765000e-08  1.16861463e+00  2.66765000e-08  1.94999938e+00  2.66765000e-08  1.34394742e-04 
 2.66775000e-08  1.11645081e+00  2.66775000e-08  1.94999918e+00  2.66775000e-08  1.23132422e-04 
 2.66785000e-08  1.06458956e+00  2.66785000e-08  1.94999939e+00  2.66785000e-08  1.25819290e-04 
 2.66795000e-08  1.01297082e+00  2.66795000e-08  1.94999919e+00  2.66795000e-08  1.15629147e-04 
 2.66805000e-08  9.61522563e-01  2.66805000e-08  1.94999939e+00  2.66805000e-08  1.18580145e-04 
 2.66815000e-08  9.10198815e-01  2.66815000e-08  1.94999920e+00  2.66815000e-08  1.07980537e-04 
 2.70775000e-08  8.29278904e-07  2.70775000e-08  1.16249160e+00  2.70775000e-08 -3.35000976e-06 
 2.70785000e-08  9.21000102e-07  2.70785000e-08  1.10815814e+00  2.70785000e-08 -1.69851728e-06 
 2.70795000e-08  1.07220521e-06  2.70795000e-08  1.05315534e+00  2.70795000e-08 -9.09435684e-07 
 2.70805000e-08  1.35025252e-06  2.70805000e-08  9.97518816e-01  2.70805000e-08  1.92721001e-06 
 2.70815000e-08  1.63437230e-06  2.70815000e-08  9.41231703e-01  2.70815000e-08  3.66158703e-06 
 2.70825000e-08  1.71687054e-06  2.70825000e-08  8.84340938e-01  2.70825000e-08  7.11304342e-06 
 2.72625000e-08  9.23001665e-01  2.72625000e-08  1.14519790e-04  2.72625000e-08  2.50558951e-06 
 2.72635000e-08  9.64020583e-01  2.72635000e-08  1.12185607e-04  2.72635000e-08  2.80788149e-06 
 2.72645000e-08  1.00452621e+00  2.72645000e-08  1.08727723e-04  2.72645000e-08  2.36114921e-06 
 2.72655000e-08  1.04456434e+00  2.72655000e-08  1.06532951e-04  2.72655000e-08  2.66227029e-06 
 2.72665000e-08  1.08421234e+00  2.72665000e-08  1.03238044e-04  2.72665000e-08  2.22582050e-06 
 2.72675000e-08  1.12357859e+00  2.72675000e-08  1.01174273e-04  2.72675000e-08  2.52523437e-06 
 2.75025000e-08  1.94994288e+00  2.75025000e-08  8.48868648e-01  2.75025000e-08 -8.40179279e-05 
 2.75035000e-08  1.94994312e+00  2.75035000e-08  9.31058958e-01  2.75035000e-08 -1.31015489e-04 
 2.75045000e-08  1.94994366e+00  2.75045000e-08  1.01136718e+00  2.75045000e-08 -1.65331218e-04 
 2.75055000e-08  1.94994388e+00  2.75055000e-08  1.08977232e+00  2.75055000e-08 -1.86124349e-04 
 2.75065000e-08  1.94994441e+00  2.75065000e-08  1.16633557e+00  2.75065000e-08 -2.01725895e-04 
 2.75075000e-08  1.94994463e+00  2.75075000e-08  1.24122932e+00  2.75075000e-08 -2.26550508e-04 
 2.76215000e-08  1.94996821e+00  2.76215000e-08  1.94993952e+00  2.76215000e-08  8.81971441e-01 
 2.76225000e-08  1.94996840e+00  2.76225000e-08  1.94994672e+00  2.76225000e-08  9.42542829e-01 
 2.76235000e-08  1.94996848e+00  2.76235000e-08  1.94995191e+00  2.76235000e-08  1.00224680e+00 
 2.76245000e-08  1.94996867e+00  2.76245000e-08  1.94995708e+00  2.76245000e-08  1.06360556e+00 
 2.76255000e-08  1.94996878e+00  2.76255000e-08  1.94996396e+00  2.76255000e-08  1.13028108e+00 
 2.76265000e-08  1.94996901e+00  2.76265000e-08  1.94995649e+00  2.76265000e-08  1.20360783e+00 
 2.77985000e-08  1.17011437e+00  2.77985000e-08  1.94999938e+00  2.77985000e-08  1.94998886e+00 
 2.77995000e-08  1.11794092e+00  2.77995000e-08  1.94999924e+00  2.77995000e-08  1.94998150e+00 
 2.78005000e-08  1.06607026e+00  2.78005000e-08  1.94999939e+00  2.78005000e-08  1.94999355e+00 
 2.78015000e-08  1.01444551e+00  2.78015000e-08  1.94999926e+00  2.78015000e-08  1.94998204e+00 
 2.78025000e-08  9.62991820e-01  2.78025000e-08  1.94999940e+00  2.78025000e-08  1.94999028e+00 
 2.78035000e-08  9.11665025e-01  2.78035000e-08  1.94999927e+00  2.78035000e-08  1.94998309e+00 
 2.81995000e-08  8.21155900e-07  2.81995000e-08  1.16402201e+00  2.81995000e-08  1.94994006e+00 
 2.82005000e-08  9.20346627e-07  2.82005000e-08  1.10970855e+00  2.82005000e-08  1.94993570e+00 
 2.82015000e-08  1.06106205e-06  2.82015000e-08  1.05472722e+00  2.82015000e-08  1.94993479e+00 
 2.82025000e-08  1.34349930e-06  2.82025000e-08  9.99110134e-01  2.82025000e-08  1.94993975e+00 
 2.82035000e-08  1.62030571e-06  2.82035000e-08  9.42843027e-01  2.82035000e-08  1.94995091e+00 
 2.82045000e-08  1.72087866e-06  2.82045000e-08  8.85969543e-01  2.82045000e-08  1.94996935e+00 
 2.83845000e-08  9.20929846e-01  2.83845000e-08  1.00663589e-04  2.83845000e-08  1.94996387e+00 
 2.83855000e-08  9.61975494e-01  2.83855000e-08  9.93643847e-05  2.83855000e-08  1.94996494e+00 
 2.83865000e-08  1.00250595e+00  2.83865000e-08  9.56344093e-05  2.83865000e-08  1.94996593e+00 
 2.83875000e-08  1.04256599e+00  2.83875000e-08  9.44375640e-05  2.83875000e-08  1.94996695e+00 
 2.83885000e-08  1.08223109e+00  2.83885000e-08  9.08582868e-05  2.83885000e-08  1.94996787e+00 
 2.83895000e-08  1.12160815e+00  2.83895000e-08  8.97581726e-05  2.83895000e-08  1.94996883e+00 
 2.86245000e-08  1.94994289e+00  2.86245000e-08  8.46788874e-01  2.86245000e-08  1.95004087e+00 
 2.86255000e-08  1.94994309e+00  2.86255000e-08  9.28977803e-01  2.86255000e-08  1.94990896e+00 
 2.86265000e-08  1.94994366e+00  2.86265000e-08  1.00911920e+00  2.86265000e-08  1.94976536e+00 
 2.86275000e-08  1.94994384e+00  2.86275000e-08  1.08715559e+00  2.86275000e-08  1.94960710e+00 
 2.86285000e-08  1.94994440e+00  2.86285000e-08  1.16315112e+00  2.86285000e-08  1.94945456e+00 
 2.86295000e-08  1.94994459e+00  2.86295000e-08  1.23739908e+00  2.86295000e-08  1.94930239e+00 
 2.87575000e-08  1.94996951e+00  2.87575000e-08  1.94997422e+00  2.87575000e-08  1.19019934e+00 
 2.87585000e-08  1.94996977e+00  2.87585000e-08  1.95000562e+00  2.87585000e-08  1.13266547e+00 
 2.87595000e-08  1.94996987e+00  2.87595000e-08  1.95003742e+00  2.87595000e-08  1.07502351e+00 
 2.87605000e-08  1.94997001e+00  2.87605000e-08  1.95006573e+00  2.87605000e-08  1.01706604e+00 
 2.87615000e-08  1.94996992e+00  2.87615000e-08  1.95008531e+00  2.87615000e-08  9.58678918e-01 
 2.87625000e-08  1.94997001e+00  2.87625000e-08  1.95010074e+00  2.87625000e-08  8.99692084e-01 
 2.89205000e-08  1.17248462e+00  2.89205000e-08  1.94999938e+00  2.89205000e-08  1.36207381e-04 
 2.89215000e-08  1.12029814e+00  2.89215000e-08  1.94999918e+00  2.89215000e-08  1.22405578e-04 
 2.89225000e-08  1.06841461e+00  2.89225000e-08  1.94999939e+00  2.89225000e-08  1.27432899e-04 
 2.89235000e-08  1.01678221e+00  2.89235000e-08  1.94999919e+00  2.89235000e-08  1.14981919e-04 
 2.89245000e-08  9.65321587e-01  2.89245000e-08  1.94999940e+00  2.89245000e-08  1.20251098e-04 
 2.89255000e-08  9.13991627e-01  2.89255000e-08  1.94999919e+00  2.89255000e-08  1.07227463e-04 
 2.93215000e-08  8.14041380e-07  2.93215000e-08  1.16633689e+00  2.93215000e-08 -3.41304935e-06 
 2.93225000e-08  9.24459730e-07  2.93225000e-08  1.11204817e+00  2.93225000e-08 -1.74971158e-06 
 2.93235000e-08  1.05275477e-06  2.93235000e-08  1.05709377e+00  2.93235000e-08 -1.07899130e-06 
 2.93245000e-08  1.34450223e-06  2.93245000e-08  1.00150137e+00  2.93245000e-08  1.79990055e-06 
 2.93255000e-08  1.61028850e-06  2.93255000e-08  9.45260796e-01  2.93255000e-08  3.45637724e-06 
 2.93265000e-08  1.72721835e-06  2.93265000e-08  8.88411560e-01  2.93265000e-08  6.93959677e-06 
 2.95065000e-08  9.19789003e-01  2.95065000e-08  1.14615099e-04  2.95065000e-08  2.41199316e-06 
 2.95075000e-08  9.60849328e-01  2.95075000e-08  1.12508482e-04  2.95075000e-08  2.91196379e-06 
 2.95085000e-08  1.00139350e+00  2.95085000e-08  1.08815738e-04  2.95085000e-08  2.26887121e-06 
 2.95095000e-08  1.04146567e+00  2.95095000e-08  1.06842190e-04  2.95095000e-08  2.76507565e-06 
 2.95105000e-08  1.08114030e+00  2.95105000e-08  1.03317006e-04  2.95105000e-08  2.13307523e-06 
 2.95115000e-08  1.12052347e+00  2.95115000e-08  1.01470759e-04  2.95115000e-08  2.62701110e-06 
 2.97465000e-08  1.94994289e+00  2.97465000e-08  8.42372716e-01  2.97465000e-08 -7.97197684e-05 
 2.97475000e-08  1.94994307e+00  2.97475000e-08  9.24704164e-01  2.97475000e-08 -1.27288076e-04 
 2.97485000e-08  1.94994367e+00  2.97485000e-08  1.00516185e+00  2.97485000e-08 -1.64627828e-04 
 2.97495000e-08  1.94994384e+00  2.97495000e-08  1.08371586e+00  2.97495000e-08 -1.85870239e-04 
 2.97505000e-08  1.94994441e+00  2.97505000e-08  1.16041649e+00  2.97505000e-08 -2.00753551e-04 
 2.97515000e-08  1.94994457e+00  2.97515000e-08  1.23543689e+00  2.97515000e-08 -2.24526826e-04 
 2.98655000e-08  1.94996818e+00  2.98655000e-08  1.94993920e+00  2.98655000e-08  8.77232473e-01 
 2.98665000e-08  1.94996840e+00  2.98665000e-08  1.94994612e+00  2.98665000e-08  9.37909237e-01 
 2.98675000e-08  1.94996846e+00  2.98675000e-08  1.94995157e+00  2.98675000e-08  9.97634039e-01 
 2.98685000e-08  1.94996867e+00  2.98685000e-08  1.94995684e+00  2.98685000e-08  1.05864404e+00 
 2.98695000e-08  1.94996876e+00  2.98695000e-08  1.94996379e+00  2.98695000e-08  1.12479744e+00 
 2.98705000e-08  1.94996901e+00  2.98705000e-08  1.94995650e+00  2.98705000e-08  1.19792690e+00 
 3.00425000e-08  1.17409895e+00  3.00425000e-08  1.94999935e+00  3.00425000e-08  1.94999412e+00 
 3.00435000e-08  1.12190210e+00  3.00435000e-08  1.94999927e+00  3.00435000e-08  1.94998350e+00 
 3.00445000e-08  1.07000836e+00  3.00445000e-08  1.94999935e+00  3.00445000e-08  1.94999084e+00 
 3.00455000e-08  1.01836939e+00  3.00455000e-08  1.94999928e+00  3.00455000e-08  1.94998441e+00 
 3.00465000e-08  9.66902840e-01  3.00465000e-08  1.94999938e+00  3.00465000e-08  1.94999467e+00 
 3.00475000e-08  9.15569571e-01  3.00475000e-08  1.94999930e+00  3.00475000e-08  1.94998462e+00 
 3.04095000e-08  2.25768685e-06  3.04095000e-08  2.00712541e+00  3.04095000e-08  1.94999887e+00 
 3.04435000e-08  8.06211108e-07  3.04435000e-08  1.16799396e+00  3.04435000e-08  1.94994053e+00 
 3.04445000e-08  9.25186985e-07  3.04445000e-08  1.11372675e+00  3.04445000e-08  1.94993588e+00 
 3.04455000e-08  1.04256804e-06  3.04455000e-08  1.05879544e+00  3.04455000e-08  1.94993472e+00 
 3.04465000e-08  1.33871896e-06  3.04465000e-08  1.00322400e+00  3.04465000e-08  1.94993914e+00 
 3.04475000e-08  1.59608196e-06  3.04475000e-08  9.47005057e-01  3.04475000e-08  1.94994989e+00 
 3.04485000e-08  1.73132195e-06  3.04485000e-08  8.90174599e-01  3.04485000e-08  1.94996773e+00 
 3.06285000e-08  9.17627929e-01  3.06285000e-08  1.00804366e-04  3.06285000e-08  1.94996381e+00 
 3.06295000e-08  9.58716232e-01  3.06295000e-08  9.95980894e-05  3.06295000e-08  1.94996484e+00 
 3.06305000e-08  9.99286465e-01  3.06305000e-08  9.57669251e-05  3.06305000e-08  1.94996588e+00 
 3.06315000e-08  1.03938174e+00  3.06315000e-08  9.46607038e-05  3.06315000e-08  1.94996685e+00 
 3.06325000e-08  1.07907462e+00  3.06325000e-08  9.09829616e-05  3.06325000e-08  1.94996782e+00 
 3.06335000e-08  1.11846956e+00  3.06335000e-08  8.99712613e-05  3.06335000e-08  1.94996874e+00 
 3.08685000e-08  1.94994289e+00  3.08685000e-08  8.40123036e-01  3.08685000e-08  1.95005205e+00 
 3.08695000e-08  1.94994301e+00  3.08695000e-08  9.22469267e-01  3.08695000e-08  1.94991956e+00 
 3.08705000e-08  1.94994366e+00  3.08705000e-08  1.00277818e+00  3.08705000e-08  1.94977742e+00 
 3.08715000e-08  1.94994377e+00  3.08715000e-08  1.08098336e+00  3.08715000e-08  1.94961989e+00 
 3.08725000e-08  1.94994441e+00  3.08725000e-08  1.15713344e+00  3.08725000e-08  1.94946524e+00 
 3.08735000e-08  1.94994452e+00  3.08735000e-08  1.23150943e+00  3.08735000e-08  1.94931596e+00 
 3.10015000e-08  1.94996948e+00  3.10015000e-08  1.94997185e+00  3.10015000e-08  1.19480514e+00 
 3.10025000e-08  1.94996977e+00  3.10025000e-08  1.95000286e+00  3.10025000e-08  1.13727211e+00 
 3.10035000e-08  1.94996985e+00  3.10035000e-08  1.95003495e+00  3.10035000e-08  1.07964994e+00 
 3.10045000e-08  1.94997002e+00  3.10045000e-08  1.95006386e+00  3.10045000e-08  1.02171873e+00 
 3.10055000e-08  1.94996992e+00  3.10055000e-08  1.95008390e+00  3.10055000e-08  9.63376092e-01 
 3.10065000e-08  1.94997004e+00  3.10065000e-08  1.95009993e+00  3.10065000e-08  9.04436408e-01 
 3.11645000e-08  1.17680701e+00  3.11645000e-08  1.94999935e+00  3.11645000e-08  1.35223250e-04 
 3.11655000e-08  1.12459502e+00  3.11655000e-08  1.94999921e+00  3.11655000e-08  1.23574496e-04 
 3.11665000e-08  1.07268617e+00  3.11665000e-08  1.94999936e+00  3.11665000e-08  1.27434161e-04 
 3.11675000e-08  1.02103806e+00  3.11675000e-08  1.94999921e+00  3.11675000e-08  1.15372387e-04 
 3.11685000e-08  9.69563267e-01  3.11685000e-08  1.94999937e+00  3.11685000e-08  1.19276474e-04 
 3.11695000e-08  9.18226128e-01  3.11695000e-08  1.94999923e+00  3.11695000e-08  1.08379740e-04 
 3.15655000e-08  7.97994772e-07  3.15655000e-08  1.17089906e+00  3.15655000e-08 -3.34199653e-06 
 3.15665000e-08  9.30351136e-07  3.15665000e-08  1.11666351e+00  3.15665000e-08 -1.95248516e-06 
 3.15675000e-08  1.03663849e-06  3.15675000e-08  1.06176661e+00  3.15675000e-08 -1.13601938e-06 
 3.15685000e-08  1.34438218e-06  3.15685000e-08  1.00622668e+00  3.15685000e-08  1.52091939e-06 
 3.15695000e-08  1.58245069e-06  3.15695000e-08  9.50041473e-01  3.15695000e-08  3.32708848e-06 
 3.15705000e-08  1.73719222e-06  3.15705000e-08  8.93241716e-01  3.15705000e-08  6.61182699e-06 
 3.17505000e-08  9.15863122e-01  3.17505000e-08  1.14771482e-04  3.17505000e-08  2.28897104e-06 
 3.17515000e-08  9.56974623e-01  3.17515000e-08  1.12847779e-04  3.17515000e-08  3.04670900e-06 
 3.17525000e-08  9.97566659e-01  3.17525000e-08  1.08959920e-04  3.17525000e-08  2.14556867e-06 
 3.17535000e-08  1.03768097e+00  3.17535000e-08  1.07169232e-04  3.17535000e-08  2.90013253e-06 
 3.17545000e-08  1.07739015e+00  3.17545000e-08  1.03450315e-04  3.17545000e-08  2.01028193e-06 
 3.17555000e-08  1.11679624e+00  3.17555000e-08  1.01782869e-04  3.17555000e-08  2.76028146e-06 
 3.19905000e-08  1.94994289e+00  3.19905000e-08  8.34580905e-01  3.19905000e-08 -7.45918838e-05 
 3.19915000e-08  1.94994297e+00  3.19915000e-08  9.17079451e-01  3.19915000e-08 -1.23323655e-04 
 3.19925000e-08  1.94994366e+00  3.19925000e-08  9.97721129e-01  3.19925000e-08 -1.61443276e-04 
 3.19935000e-08  1.94994373e+00  3.19935000e-08  1.07645804e+00  3.19935000e-08 -1.82653737e-04 
 3.19945000e-08  1.94994441e+00  3.19945000e-08  1.15332512e+00  3.19945000e-08 -1.99199588e-04 
 3.19955000e-08  1.94994447e+00  3.19955000e-08  1.22849653e+00  3.19955000e-08 -2.21848683e-04 
 3.21095000e-08  1.94996815e+00  3.21095000e-08  1.94993883e+00  3.21095000e-08  8.71480847e-01 
 3.21105000e-08  1.94996840e+00  3.21105000e-08  1.94994539e+00  3.21105000e-08  9.32290677e-01 
 3.21115000e-08  1.94996842e+00  3.21115000e-08  1.94995114e+00  3.21115000e-08  9.92054881e-01 
 3.21125000e-08  1.94996867e+00  3.21125000e-08  1.94995648e+00  3.21125000e-08  1.05271778e+00 
 3.21135000e-08  1.94996872e+00  3.21135000e-08  1.94996352e+00  3.21135000e-08  1.11822540e+00 
 3.21145000e-08  1.94996901e+00  3.21145000e-08  1.94995667e+00  3.21145000e-08  1.19104049e+00 
 3.22865000e-08  1.17921727e+00  3.22865000e-08  1.94999932e+00  3.22865000e-08  1.94999593e+00 
 3.22875000e-08  1.12699017e+00  3.22875000e-08  1.94999931e+00  3.22875000e-08  1.94998709e+00 
 3.22885000e-08  1.07506625e+00  3.22885000e-08  1.94999933e+00  3.22885000e-08  1.94999309e+00 
 3.22895000e-08  1.02340846e+00  3.22895000e-08  1.94999932e+00  3.22895000e-08  1.94998758e+00 
 3.22905000e-08  9.71924967e-01  3.22905000e-08  1.94999934e+00  3.22905000e-08  1.94999591e+00 
 3.22915000e-08  9.20583118e-01  3.22915000e-08  1.94999933e+00  3.22915000e-08  1.94998753e+00 
 3.26875000e-08  7.90926858e-07  3.26875000e-08  1.17320155e+00  3.26875000e-08  1.94994116e+00 
 3.26885000e-08  9.32121036e-07  3.26885000e-08  1.11899508e+00  3.26885000e-08  1.94993616e+00 
 3.26895000e-08  1.02080867e-06  3.26895000e-08  1.06412943e+00  3.26895000e-08  1.94993466e+00 
 3.26905000e-08  1.33537504e-06  3.26905000e-08  1.00861799e+00  3.26905000e-08  1.94993840e+00 
 3.26915000e-08  1.56399849e-06  3.26915000e-08  9.52462375e-01  3.26915000e-08  1.94994859e+00 
 3.26925000e-08  1.74322124e-06  3.26925000e-08  8.95688604e-01  3.26925000e-08  1.94996566e+00 
 3.28725000e-08  9.13421847e-01  3.28725000e-08  1.01148087e-04  3.28725000e-08  1.94996388e+00 
 3.28735000e-08  9.54564557e-01  3.28735000e-08  9.97497499e-05  3.28735000e-08  1.94996457e+00 
 3.28745000e-08  9.95185752e-01  3.28745000e-08  9.60963691e-05  3.28745000e-08  1.94996595e+00 
 3.28755000e-08  1.03532644e+00  3.28755000e-08  9.48017715e-05  3.28755000e-08  1.94996659e+00 
 3.28765000e-08  1.07505519e+00  3.28765000e-08  9.12987885e-05  3.28765000e-08  1.94996789e+00 
 3.28775000e-08  1.11447301e+00  3.28775000e-08  9.01023096e-05  3.28775000e-08  1.94996849e+00 
 3.31125000e-08  1.94994289e+00  3.31125000e-08  8.32147409e-01  3.31125000e-08  1.95006500e+00 
 3.31135000e-08  1.94994291e+00  3.31135000e-08  9.14679238e-01  3.31135000e-08  1.94993206e+00 
 3.31145000e-08  1.94994366e+00  3.31145000e-08  9.95188007e-01  3.31145000e-08  1.94979182e+00 
 3.31155000e-08  1.94994367e+00  3.31155000e-08  1.07359462e+00  3.31155000e-08  1.94963510e+00 
 3.31165000e-08  1.94994441e+00  3.31165000e-08  1.14993216e+00  3.31165000e-08  1.94947800e+00 
 3.31175000e-08  1.94994442e+00  3.31175000e-08  1.22446320e+00  3.31175000e-08  1.94933203e+00 
 3.32465000e-08  1.94996976e+00  3.32465000e-08  1.94999947e+00  3.32465000e-08  1.14267746e+00 
 3.32475000e-08  1.94996982e+00  3.32475000e-08  1.95003224e+00  3.32475000e-08  1.08507722e+00 
 3.32485000e-08  1.94997003e+00  3.32485000e-08  1.95006129e+00  3.32485000e-08  1.02717603e+00 
 3.32495000e-08  1.94996990e+00  3.32495000e-08  1.95008239e+00  3.32495000e-08  9.68884591e-01 
 3.32505000e-08  1.94997005e+00  3.32505000e-08  1.95009861e+00  3.32505000e-08  9.10000197e-01 
 3.32515000e-08  1.94997000e+00  3.32515000e-08  1.95010716e+00  3.32515000e-08  8.50491196e-01 
 3.34085000e-08  1.18228354e+00  3.34085000e-08  1.94999928e+00  3.34085000e-08  1.34285504e-04 
 3.34095000e-08  1.13003827e+00  3.34095000e-08  1.94999928e+00  3.34095000e-08  1.25012302e-04 
 3.34105000e-08  1.07809602e+00  3.34105000e-08  1.94999929e+00  3.34105000e-08  1.25980465e-04 
 3.34115000e-08  1.02642670e+00  3.34115000e-08  1.94999928e+00  3.34115000e-08  1.16887054e-04 
 3.34125000e-08  9.74932847e-01  3.34125000e-08  1.94999929e+00  3.34125000e-08  1.18029493e-04 
 3.34135000e-08  9.23585741e-01  3.34135000e-08  1.94999929e+00  3.34135000e-08  1.09744658e-04 
 3.38095000e-08  7.89751859e-07  3.38095000e-08  1.17632258e+00  3.38095000e-08 -3.21160481e-06 
 3.38105000e-08  9.44704499e-07  3.38105000e-08  1.12215035e+00  3.38105000e-08 -2.22988728e-06 
 3.38115000e-08  1.01476313e-06  3.38115000e-08  1.06732183e+00  3.38115000e-08 -1.15739468e-06 
 3.38125000e-08  1.33437239e-06  3.38125000e-08  1.01184439e+00  3.38125000e-08  1.15361367e-06 
 3.38135000e-08  1.55339401e-06  3.38135000e-08  9.55725222e-01  3.38135000e-08  3.20576178e-06 
 3.38145000e-08  1.75433297e-06  3.38145000e-08  8.98984588e-01  3.38145000e-08  6.18560188e-06 
 3.39945000e-08  9.11413191e-01  3.39945000e-08  1.15003754e-04  3.39945000e-08  2.18905355e-06 
 3.39955000e-08  9.52581990e-01  3.39955000e-08  1.13212229e-04  3.39955000e-08  3.16309883e-06 
 3.39965000e-08  9.93227565e-01  3.39965000e-08  1.09176795e-04  3.39965000e-08  2.04528443e-06 
 3.39975000e-08  1.03339106e+00  3.39975000e-08  1.07513141e-04  3.39975000e-08  3.01324174e-06 
 3.39985000e-08  1.07313861e+00  3.39985000e-08  1.03653363e-04  3.39985000e-08  1.88251302e-06 
 3.39995000e-08  1.11256957e+00  3.39995000e-08  1.02115260e-04  3.39995000e-08  2.84760936e-06 
 3.42345000e-08  1.94994290e+00  3.42345000e-08  8.26005873e-01  3.42345000e-08 -6.89842200e-05 
 3.42355000e-08  1.94994288e+00  3.42355000e-08  9.08686022e-01  3.42355000e-08 -1.18813183e-04 
 3.42365000e-08  1.94994366e+00  3.42365000e-08  9.89523708e-01  3.42365000e-08 -1.58680135e-04 
 3.42375000e-08  1.94994364e+00  3.42375000e-08  1.06845673e+00  3.42375000e-08 -1.80465940e-04 
 3.42385000e-08  1.94994442e+00  3.42385000e-08  1.14550874e+00  3.42385000e-08 -1.98092353e-04 
 3.42395000e-08  1.94994440e+00  3.42395000e-08  1.22086226e+00  3.42395000e-08 -2.18645830e-04 
 3.43535000e-08  1.94996812e+00  3.43535000e-08  1.94993841e+00  3.43535000e-08  8.65142494e-01 
 3.43545000e-08  1.94996840e+00  3.43545000e-08  1.94994464e+00  3.43545000e-08  9.26105959e-01 
 3.43555000e-08  1.94996839e+00  3.43555000e-08  1.94995062e+00  3.43555000e-08  9.85930265e-01 
 3.43565000e-08  1.94996867e+00  3.43565000e-08  1.94995608e+00  3.43565000e-08  1.04629369e+00 
 3.43575000e-08  1.94996868e+00  3.43575000e-08  1.94996309e+00  3.43575000e-08  1.11111081e+00 
 3.43585000e-08  1.94996901e+00  3.43585000e-08  1.94995710e+00  3.43585000e-08  1.18347171e+00 
 3.45315000e-08  1.13264412e+00  3.45315000e-08  1.94999934e+00  3.45315000e-08  1.94998881e+00 
 3.45325000e-08  1.08068601e+00  3.45325000e-08  1.94999930e+00  3.45325000e-08  1.94999313e+00 
 3.45335000e-08  1.02900656e+00  3.45335000e-08  1.94999935e+00  3.45335000e-08  1.94998926e+00 
 3.45345000e-08  9.77503688e-01  3.45345000e-08  1.94999931e+00  3.45345000e-08  1.94999563e+00 
 3.45355000e-08  9.26151914e-01  3.45355000e-08  1.94999936e+00  3.45355000e-08  1.94998928e+00 
 3.45365000e-08  8.74883349e-01  3.45365000e-08  1.94999933e+00  3.45365000e-08  1.94999349e+00 
 3.49315000e-08  7.80393344e-07  3.49315000e-08  1.17905796e+00  3.49315000e-08  1.94994187e+00 
 3.49325000e-08  9.45634972e-07  3.49325000e-08  1.12492004e+00  3.49325000e-08  1.94993653e+00 
 3.49335000e-08  1.00185002e-06  3.49335000e-08  1.07012827e+00  3.49335000e-08  1.94993465e+00 
 3.49345000e-08  1.32306895e-06  3.49345000e-08  1.01468453e+00  3.49345000e-08  1.94993764e+00 
 3.49355000e-08  1.53596822e-06  3.49355000e-08  9.58600371e-01  3.49355000e-08  1.94994721e+00 
 3.49365000e-08  1.75867067e-06  3.49365000e-08  9.01890767e-01  3.49365000e-08  1.94996341e+00 
 3.51165000e-08  9.09325182e-01  3.51165000e-08  1.01581001e-04  3.51165000e-08  1.94996395e+00 
 3.51175000e-08  9.50521299e-01  3.51175000e-08  9.98767769e-05  3.51175000e-08  1.94996428e+00 
 3.51185000e-08  9.91192343e-01  3.51185000e-08  9.65121409e-05  3.51185000e-08  1.94996602e+00 
 3.51195000e-08  1.03137811e+00  3.51195000e-08  9.49178390e-05  3.51195000e-08  1.94996630e+00 
 3.51205000e-08  1.07114376e+00  3.51205000e-08  9.16982353e-05  3.51205000e-08  1.94996797e+00 
 3.51215000e-08  1.11058775e+00  3.51215000e-08  9.02079997e-05  3.51215000e-08  1.94996821e+00 
 3.53565000e-08  1.94994287e+00  3.53565000e-08  8.23553131e-01  3.53565000e-08  1.95007836e+00 
 3.53575000e-08  1.94994284e+00  3.53575000e-08  9.06281671e-01  3.53575000e-08  1.94994531e+00 
 3.53585000e-08  1.94994365e+00  3.53585000e-08  9.87005281e-01  3.53585000e-08  1.94980726e+00 
 3.53595000e-08  1.94994361e+00  3.53595000e-08  1.06562805e+00  3.53595000e-08  1.94965140e+00 
 3.53605000e-08  1.94994441e+00  3.53605000e-08  1.14217080e+00  3.53605000e-08  1.94949297e+00 
 3.53615000e-08  1.94994436e+00  3.53615000e-08  1.21688996e+00  3.53615000e-08  1.94934852e+00 
 3.54905000e-08  1.94996975e+00  3.54905000e-08  1.94999610e+00  3.54905000e-08  1.14857038e+00 
 3.54915000e-08  1.94996979e+00  3.54915000e-08  1.95002910e+00  3.54915000e-08  1.09099090e+00 
 3.54925000e-08  1.94997003e+00  3.54925000e-08  1.95005852e+00  3.54925000e-08  1.03311954e+00 
 3.54935000e-08  1.94996989e+00  3.54935000e-08  1.95008069e+00  3.54935000e-08  9.74880017e-01 
 3.54945000e-08  1.94997005e+00  3.54945000e-08  1.95009719e+00  3.54945000e-08  9.16052829e-01 
 3.54955000e-08  1.94996998e+00  3.54955000e-08  1.95010672e+00  3.54955000e-08  8.56614767e-01 
 3.56535000e-08  1.13505063e+00  3.56535000e-08  1.94999933e+00  3.56535000e-08  1.26285911e-04 
 3.56545000e-08  1.08307809e+00  3.56545000e-08  1.94999922e+00  3.56545000e-08  1.25360182e-04 
 3.56555000e-08  1.03138915e+00  3.56555000e-08  1.94999934e+00  3.56555000e-08  1.18319524e-04 
 3.56565000e-08  9.79878115e-01  3.56565000e-08  1.94999923e+00  3.56565000e-08  1.17585176e-04 
 3.56575000e-08  9.28521950e-01  3.56575000e-08  1.94999935e+00  3.56575000e-08  1.10850201e-04 
 3.56585000e-08  8.77248892e-01  3.56585000e-08  1.94999924e+00  3.56585000e-08  1.10292869e-04 
 3.60535000e-08  7.72672515e-07  3.60535000e-08  1.18154729e+00  3.60535000e-08 -3.10028592e-06 
 3.60545000e-08  9.46470465e-07  3.60545000e-08  1.12743634e+00  3.60545000e-08 -2.46643472e-06 
 3.60555000e-08  9.94318680e-07  3.60555000e-08  1.07267376e+00  3.60555000e-08 -1.19089477e-06 
 3.60565000e-08  1.31990795e-06  3.60565000e-08  1.01725681e+00  3.60565000e-08  8.23117552e-07 
 3.60575000e-08  1.52512391e-06  3.60575000e-08  9.61201431e-01  3.60575000e-08  3.07362344e-06 
 3.60585000e-08  1.76722225e-06  3.60585000e-08  9.04518160e-01  3.60585000e-08  5.79396028e-06 
 3.62385000e-08  9.07413758e-01  3.62385000e-08  1.15378321e-04  3.62385000e-08  2.24762998e-06 
 3.62395000e-08  9.48634736e-01  3.62395000e-08  1.13413244e-04  3.62395000e-08  3.11923100e-06 
 3.62405000e-08  9.89329179e-01  3.62405000e-08  1.09534876e-04  3.62405000e-08  2.10285432e-06 
 3.62415000e-08  1.02953615e+00  3.62415000e-08  1.07702712e-04  3.62415000e-08  2.97061148e-06 
 3.62425000e-08  1.06931934e+00  3.62425000e-08  1.03995113e-04  3.62425000e-08  1.93906565e-06 
 3.62435000e-08  1.10877560e+00  3.62435000e-08  1.02289956e-04  3.62435000e-08  2.80406136e-06 
 3.64785000e-08  1.94994288e+00  3.64785000e-08  8.17507121e-01  3.64785000e-08 -6.34538674e-05 
 3.64795000e-08  1.94994282e+00  3.64795000e-08  9.00363361e-01  3.64795000e-08 -1.14238957e-04 
 3.64805000e-08  1.94994364e+00  3.64805000e-08  9.81393726e-01  3.64805000e-08 -1.55282339e-04 
 3.64815000e-08  1.94994358e+00  3.64815000e-08  1.06052026e+00  3.64815000e-08 -1.78786625e-04 
 3.64825000e-08  1.94994440e+00  3.64825000e-08  1.13775710e+00  3.64825000e-08 -1.97055769e-04 
 3.64835000e-08  1.94994434e+00  3.64835000e-08  1.21327470e+00  3.64835000e-08 -2.15152568e-04 
 3.65975000e-08  1.94996810e+00  3.65975000e-08  1.94993795e+00  3.65975000e-08  8.58776430e-01 
 3.65985000e-08  1.94996840e+00  3.65985000e-08  1.94994395e+00  3.65985000e-08  9.19899386e-01 
 3.65995000e-08  1.94996837e+00  3.65995000e-08  1.94995004e+00  3.65995000e-08  9.79797817e-01 
 3.66005000e-08  1.94996867e+00  3.66005000e-08  1.94995567e+00  3.66005000e-08  1.03993088e+00 
 3.66015000e-08  1.94996866e+00  3.66015000e-08  1.94996248e+00  3.66015000e-08  1.10410142e+00 
 3.66025000e-08  1.94996900e+00  3.66025000e-08  1.94995779e+00  3.66025000e-08  1.17588558e+00 
 3.67755000e-08  1.13784906e+00  3.67755000e-08  1.94999936e+00  3.67755000e-08  1.94999270e+00 
 3.67765000e-08  1.08585945e+00  3.67765000e-08  1.94999928e+00  3.67765000e-08  1.94999519e+00 
 3.67775000e-08  1.03415909e+00  3.67775000e-08  1.94999936e+00  3.67775000e-08  1.94999285e+00 
 3.67785000e-08  9.82638312e-01  3.67785000e-08  1.94999929e+00  3.67785000e-08  1.94999671e+00 
 3.67795000e-08  9.31276782e-01  3.67795000e-08  1.94999937e+00  3.67795000e-08  1.94999273e+00 
 3.67805000e-08  8.79998357e-01  3.67805000e-08  1.94999931e+00  3.67805000e-08  1.94999518e+00 
 3.71755000e-08  7.68924780e-07  3.71755000e-08  1.18428864e+00  3.71755000e-08  1.94994252e+00 
 3.71765000e-08  9.41358961e-07  3.71765000e-08  1.13021210e+00  3.71765000e-08  1.94993687e+00 
 3.71775000e-08  9.87196050e-07  3.71775000e-08  1.07548636e+00  3.71775000e-08  1.94993469e+00 
 3.71785000e-08  1.30214152e-06  3.71785000e-08  1.02010324e+00  3.71785000e-08  1.94993703e+00 
 3.71795000e-08  1.51155585e-06  3.71795000e-08  9.64083061e-01  3.71795000e-08  1.94994603e+00 
 3.71805000e-08  1.76413948e-06  3.71805000e-08  9.07431082e-01  3.71805000e-08  1.94996147e+00 
 3.73605000e-08  9.05100494e-01  3.73605000e-08  1.01962410e-04  3.73605000e-08  1.94996378e+00 
 3.73615000e-08  9.46351757e-01  3.73615000e-08  9.99973806e-05  3.73615000e-08  1.94996424e+00 
 3.73625000e-08  9.87074594e-01  3.73625000e-08  9.68782609e-05  3.73625000e-08  1.94996586e+00 
 3.73635000e-08  1.02730740e+00  3.73635000e-08  9.50285385e-05  3.73635000e-08  1.94996627e+00 
 3.73645000e-08  1.06711202e+00  3.73645000e-08  9.20497253e-05  3.73645000e-08  1.94996781e+00 
 3.73655000e-08  1.10658346e+00  3.73655000e-08  9.03093767e-05  3.73655000e-08  1.94996818e+00 
 3.76005000e-08  1.94994284e+00  3.76005000e-08  8.14864988e-01  3.76005000e-08  1.95009117e+00 
 3.76015000e-08  1.94994276e+00  3.76015000e-08  8.97792320e-01  3.76015000e-08  1.94995846e+00 
 3.76025000e-08  1.94994363e+00  3.76025000e-08  9.78734239e-01  3.76025000e-08  1.94982238e+00 
 3.76035000e-08  1.94994354e+00  3.76035000e-08  1.05757344e+00  3.76035000e-08  1.94966828e+00 
 3.76045000e-08  1.94994438e+00  3.76045000e-08  1.13432569e+00  3.76045000e-08  1.94950928e+00 
 3.76055000e-08  1.94994430e+00  3.76055000e-08  1.20921718e+00  3.76055000e-08  1.94936496e+00 
 3.77345000e-08  1.94996974e+00  3.77345000e-08  1.94999299e+00  3.77345000e-08  1.15459057e+00 
 3.77355000e-08  1.94996977e+00  3.77355000e-08  1.95002576e+00  3.77355000e-08  1.09702337e+00 
 3.77365000e-08  1.94997004e+00  3.77365000e-08  1.95005566e+00  3.77365000e-08  1.03918993e+00 
 3.77375000e-08  1.94996989e+00  3.77375000e-08  1.95007867e+00  3.77375000e-08  9.80996700e-01 
 3.77385000e-08  1.94997005e+00  3.77385000e-08  1.95009571e+00  3.77385000e-08  9.22236025e-01 
 3.77395000e-08  1.94996997e+00  3.77395000e-08  1.95010601e+00  3.77395000e-08  8.62865880e-01 
 3.78975000e-08  1.14007705e+00  3.78975000e-08  1.94999929e+00  3.78975000e-08  1.27142923e-04 
 3.78985000e-08  1.08807352e+00  3.78985000e-08  1.94999913e+00  3.78985000e-08  1.25347719e-04 
 3.78995000e-08  1.03636376e+00  3.78995000e-08  1.94999931e+00  3.78995000e-08  1.19150036e-04 
 3.79005000e-08  9.84834942e-01  3.79005000e-08  1.94999915e+00  3.79005000e-08  1.17549522e-04 
 3.79015000e-08  9.33468917e-01  3.79015000e-08  1.94999933e+00  3.79015000e-08  1.11655203e-04 
 3.79025000e-08  8.82186039e-01  3.79025000e-08  1.94999917e+00  3.79025000e-08  1.10235235e-04 
 3.82975000e-08  7.67402656e-07  3.82975000e-08  1.18650936e+00  3.82975000e-08 -3.01421593e-06 
 3.82985000e-08  9.36437288e-07  3.82985000e-08  1.13245671e+00  3.82985000e-08 -2.65592427e-06 
 3.82995000e-08  9.82176098e-07  3.82995000e-08  1.07775679e+00  3.82995000e-08 -1.24068971e-06 
 3.83005000e-08  1.28668309e-06  3.83005000e-08  1.02239738e+00  3.83005000e-08  5.42363126e-07 
 3.83015000e-08  1.50052740e-06  3.83015000e-08  9.66402756e-01  3.83015000e-08  2.93588965e-06 
 3.83025000e-08  1.76109039e-06  3.83025000e-08  9.09774200e-01  3.83025000e-08  5.44732130e-06 
 3.84835000e-08  9.44349958e-01  3.84835000e-08  1.13595758e-04  3.84835000e-08  3.06088798e-06 
 3.84845000e-08  9.85097801e-01  3.84845000e-08  1.09883995e-04  3.84845000e-08  2.17328341e-06 
 3.84855000e-08  1.02535342e+00  3.84855000e-08  1.07874485e-04  3.84855000e-08  2.91417859e-06 
 3.84865000e-08  1.06517707e+00  3.84865000e-08  1.04330174e-04  3.84865000e-08  2.03566153e-06 
 3.84875000e-08  1.10466216e+00  3.84875000e-08  1.02450442e-04  3.84875000e-08  2.77569789e-06 
 3.84885000e-08  1.14393563e+00  3.84885000e-08  9.90639969e-05  3.84885000e-08  1.88161151e-06 
 3.87225000e-08  1.94994286e+00  3.87225000e-08  8.08965539e-01  3.87225000e-08 -5.79961738e-05 
 3.87235000e-08  1.94994275e+00  3.87235000e-08  8.91996822e-01  3.87235000e-08 -1.09506666e-04 
 3.87245000e-08  1.94994361e+00  3.87245000e-08  9.73220708e-01  3.87245000e-08 -1.51720598e-04 
 3.87255000e-08  1.94994352e+00  3.87255000e-08  1.05254154e+00  3.87255000e-08 -1.76972869e-04 
 3.87265000e-08  1.94994438e+00  3.87265000e-08  1.12996640e+00  3.87265000e-08 -1.95855064e-04 
 3.87275000e-08  1.94994428e+00  3.87275000e-08  1.20564964e+00  3.87275000e-08 -2.11970988e-04 
 3.88415000e-08  1.94996808e+00  3.88415000e-08  1.94993762e+00  3.88415000e-08  8.52433957e-01 
 3.88425000e-08  1.94996839e+00  3.88425000e-08  1.94994329e+00  3.88425000e-08  9.13717662e-01 
 3.88435000e-08  1.94996835e+00  3.88435000e-08  1.94994941e+00  3.88435000e-08  9.73701232e-01 
 3.88445000e-08  1.94996866e+00  3.88445000e-08  1.94995523e+00  3.88445000e-08  1.03366215e+00 
 3.88455000e-08  1.94996863e+00  3.88455000e-08  1.94996170e+00  3.88455000e-08  1.09724761e+00 
 3.88465000e-08  1.94996898e+00  3.88465000e-08  1.94995871e+00  3.88465000e-08  1.16834301e+00 
 3.90195000e-08  1.14334206e+00  3.90195000e-08  1.94999934e+00  3.90195000e-08  1.94999730e+00 
 3.90205000e-08  1.09132007e+00  3.90205000e-08  1.94999928e+00  3.90205000e-08  1.94999847e+00 
 3.90215000e-08  1.03959464e+00  3.90215000e-08  1.94999935e+00  3.90215000e-08  1.94999746e+00 
 3.90225000e-08  9.88055711e-01  3.90225000e-08  1.94999930e+00  3.90225000e-08  1.94999863e+00 
 3.90235000e-08  9.36681493e-01  3.90235000e-08  1.94999938e+00  3.90235000e-08  1.94999764e+00 
 3.90245000e-08  8.85393662e-01  3.90245000e-08  1.94999931e+00  3.90245000e-08  1.94999867e+00 
 3.94195000e-08  7.63054289e-07  3.94195000e-08  1.19004592e+00  3.94195000e-08  1.94994321e+00 
 3.94205000e-08  9.34013265e-07  3.94205000e-08  1.13603716e+00  3.94205000e-08  1.94993734e+00 
 3.94215000e-08  9.84175505e-07  3.94215000e-08  1.08138416e+00  3.94215000e-08  1.94993475e+00 
 3.94225000e-08  1.26845751e-06  3.94225000e-08  1.02606796e+00  3.94225000e-08  1.94993647e+00 
 3.94235000e-08  1.48551900e-06  3.94235000e-08  9.70118428e-01  3.94235000e-08  1.94994478e+00 
 3.94245000e-08  1.74990113e-06  3.94245000e-08  9.13530225e-01  3.94245000e-08  1.94995945e+00 
 3.96055000e-08  9.42166812e-01  3.96055000e-08  1.00133546e-04  3.96055000e-08  1.94996418e+00 
 3.96065000e-08  9.82941778e-01  3.96065000e-08  9.72797585e-05  3.96065000e-08  1.94996569e+00 
 3.96075000e-08  1.02322263e+00  3.96075000e-08  9.51538330e-05  3.96075000e-08  1.94996622e+00 
 3.96085000e-08  1.06306702e+00  3.96085000e-08  9.24350245e-05  3.96085000e-08  1.94996766e+00 
 3.96095000e-08  1.10256752e+00  3.96095000e-08  9.04244008e-05  3.96095000e-08  1.94996814e+00 
 3.96105000e-08  1.14184845e+00  3.96105000e-08  8.78339540e-05  3.96105000e-08  1.94996951e+00 
 3.98445000e-08  1.94994277e+00  3.98445000e-08  8.06373435e-01  3.98445000e-08  1.95010308e+00 
 3.98455000e-08  1.94994276e+00  3.98455000e-08  8.89487672e-01  3.98455000e-08  1.94997110e+00 
 3.98465000e-08  1.94994357e+00  3.98465000e-08  9.70639387e-01  3.98465000e-08  1.94983707e+00 
 3.98475000e-08  1.94994355e+00  3.98475000e-08  1.04970010e+00  3.98475000e-08  1.94968456e+00 
 3.98485000e-08  1.94994433e+00  3.98485000e-08  1.12666897e+00  3.98485000e-08  1.94952518e+00 
 3.98495000e-08  1.94994430e+00  3.98495000e-08  1.20171578e+00  3.98495000e-08  1.94938093e+00 
 3.99785000e-08  1.94996971e+00  3.99785000e-08  1.94998997e+00  3.99785000e-08  1.16043828e+00 
 3.99795000e-08  1.94996976e+00  3.99795000e-08  1.95002245e+00  3.99795000e-08  1.10288037e+00 
 3.99805000e-08  1.94997002e+00  3.99805000e-08  1.95005284e+00  3.99805000e-08  1.04508316e+00 
 3.99815000e-08  1.94996990e+00  3.99815000e-08  1.95007663e+00  3.99815000e-08  9.86932539e-01 
 3.99825000e-08  1.94997003e+00  3.99825000e-08  1.95009424e+00  3.99825000e-08  9.28236374e-01 
 3.99835000e-08  1.94996997e+00  3.99835000e-08  1.95010523e+00  3.99835000e-08  8.68930821e-01 
 4.01415000e-08  1.14524665e+00  4.01415000e-08  1.94999939e+00  4.01415000e-08  1.27666726e-04 
 4.01425000e-08  1.09321460e+00  4.01425000e-08  1.94999918e+00  4.01425000e-08  1.25664648e-04 
 4.01435000e-08  1.04147976e+00  4.01435000e-08  1.94999939e+00  4.01435000e-08  1.19649321e-04 
 4.01445000e-08  9.89935569e-01  4.01445000e-08  1.94999919e+00  4.01445000e-08  1.17835962e-04 
 4.01455000e-08  9.38556301e-01  4.01455000e-08  1.94999940e+00  4.01455000e-08  1.12131932e-04 
 4.01465000e-08  8.87266150e-01  4.01465000e-08  1.94999920e+00  4.01465000e-08  1.10493449e-04 
 4.05425000e-08  9.27791021e-07  4.05425000e-08  1.13833771e+00  4.05425000e-08 -2.82525901e-06 
 4.05435000e-08  9.76442958e-07  4.05435000e-08  1.08371127e+00  4.05435000e-08 -1.33283344e-06 
 4.05445000e-08  1.25093201e-06  4.05445000e-08  1.02841944e+00  4.05445000e-08  2.49672850e-07 
 4.05455000e-08  1.47395359e-06  4.05455000e-08  9.72496178e-01  4.05455000e-08  2.73259815e-06 
 4.05465000e-08  1.74078590e-06  4.05465000e-08  9.15932058e-01  4.05465000e-08  5.07628577e-06 
 4.05475000e-08  1.63805613e-06  4.05475000e-08  8.58773508e-01  4.05475000e-08  8.09043413e-06 
 4.07275000e-08  9.41172606e-01  4.07275000e-08  1.13787279e-04  4.07275000e-08  2.95433286e-06 
 4.07285000e-08  9.81959856e-01  4.07285000e-08  1.10318899e-04  4.07285000e-08  2.29501989e-06 
 4.07295000e-08  1.02225234e+00  4.07295000e-08  1.08051831e-04  4.07295000e-08  2.80865943e-06 
 4.07305000e-08  1.06210616e+00  4.07305000e-08  1.04746419e-04  4.07305000e-08  2.15533814e-06 
 4.07315000e-08  1.10161387e+00  4.07315000e-08  1.02614549e-04  4.07315000e-08  2.67128012e-06 
 4.07325000e-08  1.14089824e+00  4.07325000e-08  9.94634134e-05  4.07325000e-08  2.02381867e-06 
 4.09665000e-08  1.94994278e+00  4.09665000e-08  8.02319075e-01  4.09665000e-08 -5.38229877e-05 
 4.09675000e-08  1.94994279e+00  4.09675000e-08  8.85484307e-01  4.09675000e-08 -1.05753050e-04 
 4.09685000e-08  1.94994354e+00  4.09685000e-08  9.66858179e-01  4.09685000e-08 -1.48830216e-04 
 4.09695000e-08  1.94994356e+00  4.09695000e-08  1.04632956e+00  4.09695000e-08 -1.75425457e-04 
 4.09705000e-08  1.94994430e+00  4.09705000e-08  1.12390220e+00  4.09705000e-08 -1.94692738e-04 
 4.09715000e-08  1.94994431e+00  4.09715000e-08  1.19970135e+00  4.09715000e-08 -2.09744828e-04 
 4.10855000e-08  1.94996809e+00  4.10855000e-08  1.94993738e+00  4.10855000e-08  8.47556387e-01 
 4.10865000e-08  1.94996836e+00  4.10865000e-08  1.94994280e+00  4.10865000e-08  9.08968089e-01 
 4.10875000e-08  1.94996836e+00  4.10875000e-08  1.94994891e+00  4.10875000e-08  9.69025556e-01 
 4.10885000e-08  1.94996863e+00  4.10885000e-08  1.94995488e+00  4.10885000e-08  1.02888847e+00 
 4.10895000e-08  1.94996864e+00  4.10895000e-08  1.94996100e+00  4.10895000e-08  1.09206673e+00 
 4.10905000e-08  1.94996895e+00  4.10905000e-08  1.94995954e+00  4.10905000e-08  1.16256775e+00 
 4.12635000e-08  1.14706609e+00  4.12635000e-08  1.94999934e+00  4.12635000e-08  1.94999827e+00 
 4.12645000e-08  1.09502357e+00  4.12645000e-08  1.94999929e+00  4.12645000e-08  1.94999770e+00 
 4.12655000e-08  1.04327885e+00  4.12655000e-08  1.94999936e+00  4.12655000e-08  1.94999843e+00 
 4.12665000e-08  9.91728814e-01  4.12665000e-08  1.94999930e+00  4.12665000e-08  1.94999780e+00 
 4.12675000e-08  9.40344091e-01  4.12675000e-08  1.94999937e+00  4.12675000e-08  1.94999854e+00 
 4.12685000e-08  8.89051148e-01  4.12685000e-08  1.94999932e+00  4.12685000e-08  1.94999795e+00 
 4.16645000e-08  9.19595495e-07  4.16645000e-08  1.14028654e+00  4.16645000e-08  1.94993771e+00 
 4.16655000e-08  9.69596191e-07  4.16655000e-08  1.08568665e+00  4.16655000e-08  1.94993482e+00 
 4.16665000e-08  1.23520967e-06  4.16665000e-08  1.03041936e+00  4.16665000e-08  1.94993611e+00 
 4.16675000e-08  1.46265641e-06  4.16675000e-08  9.74521500e-01  4.16675000e-08  1.94994390e+00 
 4.16685000e-08  1.73452149e-06  4.16685000e-08  9.17980030e-01  4.16685000e-08  1.94995804e+00 
 4.16695000e-08  1.64647542e-06  4.16695000e-08  8.60843916e-01  4.16695000e-08  1.94997962e+00 
 4.18495000e-08  9.39295788e-01  4.18495000e-08  1.00193024e-04  4.18495000e-08  1.94996411e+00 
 4.18505000e-08  9.80106286e-01  4.18505000e-08  9.76135563e-05  4.18505000e-08  1.94996561e+00 
 4.18515000e-08  1.02042079e+00  4.18515000e-08  9.52060529e-05  4.18515000e-08  1.94996615e+00 
 4.18525000e-08  1.06029255e+00  4.18525000e-08  9.27562902e-05  4.18525000e-08  1.94996758e+00 
 4.18535000e-08  1.09981406e+00  4.18535000e-08  9.04697839e-05  4.18535000e-08  1.94996807e+00 
 4.18545000e-08  1.13910513e+00  4.18545000e-08  8.81432505e-05  4.18545000e-08  1.94996943e+00 
 4.20000000e-08  1.94973403e+00  4.20000000e-08 -3.73713226e-05  4.20000000e-08  1.94999923e+00 
