 time            v(b_out)        time            v(u_puf_u_core_sel_ro) time            v(q)           
 0.00000000e+00  4.68653891e-09  0.00000000e+00  2.46749735e-09  0.00000000e+00  2.46749746e-09 
 2.57850000e-09  9.39876557e-01  2.57850000e-09  2.97651148e-09  2.57850000e-09  2.46768211e-09 
 2.57950000e-09  9.75580638e-01  2.57950000e-09  2.96503075e-09  2.57950000e-09  2.46766374e-09 
 2.58050000e-09  1.01193266e+00  2.58050000e-09  2.94285910e-09  2.58050000e-09  2.46765453e-09 
 2.58150000e-09  1.04913616e+00  2.58150000e-09  2.95091587e-09  2.58150000e-09  2.46772008e-09 
 2.58250000e-09  1.08676419e+00  2.58250000e-09  3.00089667e-09  2.58250000e-09  2.46777809e-09 
 2.58350000e-09  1.12429959e+00  2.58350000e-09  2.97306982e-09  2.58350000e-09  2.46760296e-09 
 2.80150000e-09  1.94994105e+00  2.80150000e-09  8.00682906e-01  2.80150000e-09 -5.20182320e-05 
 2.80250000e-09  1.94994155e+00  2.80250000e-09  8.83882735e-01  2.80250000e-09 -1.03755465e-04 
 2.80350000e-09  1.94994195e+00  2.80350000e-09  9.65292394e-01  2.80350000e-09 -1.46350907e-04 
 2.80450000e-09  1.94994244e+00  2.80450000e-09  1.04479496e+00  2.80450000e-09 -1.73804814e-04 
 2.80550000e-09  1.94994282e+00  2.80550000e-09  1.12239613e+00  2.80550000e-09 -1.92385136e-04 
 2.80650000e-09  1.94994329e+00  2.80650000e-09  1.19823040e+00  2.80650000e-09 -2.07750784e-04 
 2.92150000e-09  1.94996834e+00  2.92150000e-09  1.94993701e+00  2.92150000e-09  8.96096828e-01 
 2.92250000e-09  1.94996845e+00  2.92250000e-09  1.94994349e+00  2.92250000e-09  9.56282895e-01 
 2.92350000e-09  1.94996857e+00  2.92350000e-09  1.94995032e+00  2.92350000e-09  1.01588713e+00 
 2.92450000e-09  1.94996869e+00  2.92450000e-09  1.94995584e+00  2.92450000e-09  1.07797812e+00 
 2.92550000e-09  1.94996882e+00  2.92550000e-09  1.94995957e+00  2.92550000e-09  1.14651244e+00 
 2.92650000e-09  1.94996893e+00  2.92650000e-09  1.94995398e+00  2.92650000e-09  1.21981328e+00 
 3.11450000e-09  1.13566932e+00  3.11450000e-09  1.94999946e+00  3.11450000e-09  1.95000062e+00 
 3.11550000e-09  1.08290247e+00  3.11550000e-09  1.94999936e+00  3.11550000e-09  1.94999584e+00 
 3.11650000e-09  1.03037146e+00  3.11650000e-09  1.94999947e+00  3.11650000e-09  1.95000068e+00 
 3.11750000e-09  9.77972550e-01  3.11750000e-09  1.94999937e+00  3.11750000e-09  1.94999598e+00 
 3.11850000e-09  9.25672321e-01  3.11850000e-09  1.94999948e+00  3.11850000e-09  1.95000070e+00 
 3.11950000e-09  8.73367937e-01  3.11950000e-09  1.94999938e+00  3.11950000e-09  1.94999610e+00 
 3.52250000e-09  4.72545242e-05  3.52250000e-09  1.16462017e+00  3.52250000e-09  1.94994034e+00 
 3.52350000e-09  4.57845449e-05  3.52350000e-09  1.11031367e+00  3.52350000e-09  1.94993557e+00 
 3.52450000e-09  4.43791332e-05  3.52450000e-09  1.05533988e+00  3.52450000e-09  1.94993499e+00 
 3.52550000e-09  4.34244774e-05  3.52550000e-09  9.99729629e-01  3.52550000e-09  1.94993950e+00 
 3.52650000e-09  4.25779475e-05  3.52650000e-09  9.43469755e-01  3.52650000e-09  1.94995096e+00 
 3.52750000e-09  4.21200577e-05  3.52750000e-09  8.86602696e-01  3.52750000e-09  1.94996895e+00 
 3.70050000e-09  9.43122627e-01  3.70050000e-09  1.21854625e-04  3.70050000e-09  1.94995564e+00 
 3.70150000e-09  9.80177607e-01  3.70150000e-09  1.17429906e-04  3.70150000e-09  1.94995685e+00 
 3.70250000e-09  1.01775763e+00  3.70250000e-09  1.15801269e-04  3.70250000e-09  1.94995819e+00 
 3.70350000e-09  1.05562964e+00  3.70350000e-09  1.11559110e-04  3.70350000e-09  1.94995932e+00 
 3.70450000e-09  1.09339895e+00  3.70450000e-09  1.10050965e-04  3.70450000e-09  1.94996059e+00 
 3.70550000e-09  1.13083450e+00  3.70550000e-09  1.05982222e-04  3.70550000e-09  1.94996164e+00 
 3.92250000e-09  1.94994077e+00  3.92250000e-09  8.09606243e-01  3.92250000e-09  1.95009904e+00 
 3.92350000e-09  1.94994128e+00  3.92350000e-09  8.92649066e-01  3.92350000e-09  1.94996630e+00 
 3.92450000e-09  1.94994168e+00  3.92450000e-09  9.73721076e-01  3.92450000e-09  1.94983144e+00 
 3.92550000e-09  1.94994217e+00  3.92550000e-09  1.05270051e+00  3.92550000e-09  1.94967793e+00 
 3.92650000e-09  1.94994255e+00  3.92650000e-09  1.12959043e+00  3.92650000e-09  1.94951888e+00 
 3.92750000e-09  1.94994303e+00  3.92750000e-09  1.20458708e+00  3.92750000e-09  1.94937450e+00 
 4.05650000e-09  1.94996982e+00  4.05650000e-09  1.94999147e+00  4.05650000e-09  1.15792944e+00 
 4.05750000e-09  1.94996996e+00  4.05750000e-09  1.95002394e+00  4.05750000e-09  1.10036548e+00 
 4.05850000e-09  1.94997004e+00  4.05850000e-09  1.95005416e+00  4.05850000e-09  1.04255060e+00 
 4.05950000e-09  1.94997021e+00  4.05950000e-09  1.95007742e+00  4.05950000e-09  9.84378426e-01 
 4.06050000e-09  1.94997029e+00  4.06050000e-09  1.95009483e+00  4.06050000e-09  9.25651152e-01 
 4.06150000e-09  1.94997045e+00  4.06150000e-09  1.95010536e+00  4.06150000e-09  8.66313594e-01 
 4.23650000e-09  1.13657615e+00  4.23650000e-09  1.94999927e+00  4.23650000e-09  7.50593128e-05 
 4.23750000e-09  1.08380450e+00  4.23750000e-09  1.94999942e+00  4.23750000e-09  7.09556113e-05 
 4.23850000e-09  1.03127024e+00  4.23850000e-09  1.94999928e+00  4.23850000e-09  7.03859104e-05 
 4.23950000e-09  9.78868633e-01  4.23950000e-09  1.94999943e+00  4.23950000e-09  6.64799612e-05 
 4.24050000e-09  9.26567524e-01  4.24050000e-09  1.94999929e+00  4.24050000e-09  6.60022385e-05 
 4.24150000e-09  8.74262819e-01  4.24150000e-09  1.94999944e+00  4.24150000e-09  6.22916191e-05 
 4.64450000e-09  4.72895072e-05  4.64450000e-09  1.16548072e+00  4.64450000e-09 -3.07693628e-06 
 4.64550000e-09  4.58207129e-05  4.64550000e-09  1.11118217e+00  4.64550000e-09 -2.06936219e-06 
 4.64650000e-09  4.44032915e-05  4.64650000e-09  1.05621709e+00  4.64650000e-09 -7.23773227e-07 
 4.64750000e-09  4.34438760e-05  4.64750000e-09  1.00061494e+00  4.64750000e-09  1.53543192e-06 
 4.64850000e-09  4.25878088e-05  4.64850000e-09  9.44364052e-01  4.64850000e-09  3.75874943e-06 
 4.64950000e-09  4.21229126e-05  4.64950000e-09  8.87505597e-01  4.64950000e-09  6.70022278e-06 
 4.82250000e-09  9.42005892e-01  4.82250000e-09  1.38409494e-04  4.82250000e-09  3.66218402e-06 
 4.82350000e-09  9.79050830e-01  4.82350000e-09  1.33973893e-04  4.82350000e-09  2.82292975e-06 
 4.82450000e-09  1.01661729e+00  4.82450000e-09  1.31384903e-04  4.82450000e-09  3.47582524e-06 
 4.82550000e-09  1.05448365e+00  4.82550000e-09  1.27158611e-04  4.82550000e-09  2.65135182e-06 
 4.82650000e-09  1.09226145e+00  4.82650000e-09  1.24731691e-04  4.82650000e-09  3.30087641e-06 
 4.82750000e-09  1.12971114e+00  4.82750000e-09  1.20700261e-04  4.82750000e-09  2.48904268e-06 
 5.04450000e-09  1.94994076e+00  5.04450000e-09  8.05256591e-01  5.04450000e-09 -5.53950528e-05 
 5.04550000e-09  1.94994124e+00  5.04550000e-09  8.88364961e-01  5.04550000e-09 -1.07729082e-04 
 5.04650000e-09  1.94994167e+00  5.04650000e-09  9.69674832e-01  5.04650000e-09 -1.49940482e-04 
 5.04750000e-09  1.94994214e+00  5.04750000e-09  1.04907856e+00  5.04750000e-09 -1.76283320e-04 
 5.04850000e-09  1.94994255e+00  5.04850000e-09  1.12658547e+00  5.04850000e-09 -1.94967567e-04 
 5.04950000e-09  1.94994300e+00  5.04950000e-09  1.20234057e+00  5.04950000e-09 -2.11038218e-04 
 5.16350000e-09  1.94996816e+00  5.16350000e-09  1.94993751e+00  5.16350000e-09  8.50021360e-01 
 5.16450000e-09  1.94996825e+00  5.16450000e-09  1.94994313e+00  5.16450000e-09  9.11369248e-01 
 5.16550000e-09  1.94996839e+00  5.16550000e-09  1.94994916e+00  5.16550000e-09  9.71389457e-01 
 5.16650000e-09  1.94996848e+00  5.16650000e-09  1.94995513e+00  5.16650000e-09  1.03130010e+00 
 5.16750000e-09  1.94996863e+00  5.16750000e-09  1.94996135e+00  5.16750000e-09  1.09468087e+00 
 5.16850000e-09  1.94996872e+00  5.16850000e-09  1.94995917e+00  5.16850000e-09  1.16549052e+00 
 5.35850000e-09  1.13841726e+00  5.35850000e-09  1.94999940e+00  5.35850000e-09  1.94999905e+00 
 5.35950000e-09  1.08563662e+00  5.35950000e-09  1.94999944e+00  5.35950000e-09  1.94999879e+00 
 5.36050000e-09  1.03309653e+00  5.36050000e-09  1.94999941e+00  5.36050000e-09  1.94999912e+00 
 5.36150000e-09  9.80690221e-01  5.36150000e-09  1.94999945e+00  5.36150000e-09  1.94999887e+00 
 5.36250000e-09  9.28388188e-01  5.36250000e-09  1.94999942e+00  5.36250000e-09  1.94999918e+00 
 5.36350000e-09  8.76083385e-01  5.36350000e-09  1.94999946e+00  5.36350000e-09  1.94999894e+00 
 5.76650000e-09  4.73412990e-05  5.76650000e-09  1.16774644e+00  5.76650000e-09  1.94994048e+00 
 5.76750000e-09  4.58729073e-05  5.76750000e-09  1.11347649e+00  5.76750000e-09  1.94993594e+00 
 5.76850000e-09  4.44427326e-05  5.76850000e-09  1.05854212e+00  5.76850000e-09  1.94993471e+00 
 5.76950000e-09  4.34750588e-05  5.76950000e-09  1.00296793e+00  5.76950000e-09  1.94993925e+00 
 5.77050000e-09  4.26119773e-05  5.77050000e-09  9.46746005e-01  5.77050000e-09  1.94994994e+00 
 5.77150000e-09  4.21375185e-05  5.77150000e-09  8.89912949e-01  5.77150000e-09  1.94996790e+00 
 5.94450000e-09  9.40844777e-01  5.94450000e-09  1.22079761e-04  5.94450000e-09  1.94995543e+00 
 5.94550000e-09  9.77872334e-01  5.94550000e-09  1.17575754e-04  5.94550000e-09  1.94995691e+00 
 5.94650000e-09  1.01542193e+00  5.94650000e-09  1.16015785e-04  5.94650000e-09  1.94995798e+00 
 5.94750000e-09  1.05328811e+00  5.94750000e-09  1.11697018e-04  5.94750000e-09  1.94995938e+00 
 5.94850000e-09  1.09107303e+00  5.94850000e-09  1.10255440e-04  5.94850000e-09  1.94996039e+00 
 5.94950000e-09  1.12853481e+00  5.94950000e-09  1.06112556e-04  5.94950000e-09  1.94996171e+00 
 6.16650000e-09  1.94994077e+00  6.16650000e-09  8.04564973e-01  6.16650000e-09  1.95010592e+00 
 6.16750000e-09  1.94994121e+00  6.16750000e-09  8.87717970e-01  6.16750000e-09  1.94997379e+00 
 6.16850000e-09  1.94994169e+00  6.16850000e-09  9.68914151e-01  6.16850000e-09  1.94984012e+00 
 6.16950000e-09  1.94994211e+00  6.16950000e-09  1.04801929e+00  6.16950000e-09  1.94968769e+00 
 6.17050000e-09  1.94994257e+00  6.17050000e-09  1.12503267e+00  6.17050000e-09  1.94952835e+00 
 6.17150000e-09  1.94994298e+00  6.17150000e-09  1.20011610e+00  6.17150000e-09  1.94938396e+00 
 6.30050000e-09  1.94996982e+00  6.30050000e-09  1.94998962e+00  6.30050000e-09  1.16152550e+00 
 6.30150000e-09  1.94996995e+00  6.30150000e-09  1.95002192e+00  6.30150000e-09  1.10396675e+00 
 6.30250000e-09  1.94997004e+00  6.30250000e-09  1.95005242e+00  6.30250000e-09  1.04617342e+00 
 6.30350000e-09  1.94997019e+00  6.30350000e-09  1.95007617e+00  6.30350000e-09  9.88026940e-01 
 6.30450000e-09  1.94997030e+00  6.30450000e-09  1.95009390e+00  6.30450000e-09  9.29338712e-01 
 6.30550000e-09  1.94997044e+00  6.30550000e-09  1.95010486e+00  6.30550000e-09  8.70040472e-01 
 6.48050000e-09  1.13984371e+00  6.48050000e-09  1.94999926e+00  6.48050000e-09  7.51493329e-05 
 6.48150000e-09  1.08705711e+00  6.48150000e-09  1.94999944e+00  6.48150000e-09  7.11988673e-05 
 6.48250000e-09  1.03451276e+00  6.48250000e-09  1.94999927e+00  6.48250000e-09  7.04639082e-05 
 6.48350000e-09  9.82103619e-01  6.48350000e-09  1.94999945e+00  6.48350000e-09  6.66980912e-05 
 6.48450000e-09  9.29801067e-01  6.48450000e-09  1.94999928e+00  6.48450000e-09  6.60526876e-05 
 6.48550000e-09  8.77496809e-01  6.48550000e-09  1.94999945e+00  6.48550000e-09  6.24892716e-05 
 6.88850000e-09  4.73629111e-05  6.88850000e-09  1.16919950e+00  6.88850000e-09 -3.15492992e-06 
 6.88950000e-09  4.58933215e-05  6.88950000e-09  1.11494419e+00  6.88950000e-09 -2.09788371e-06 
 6.89050000e-09  4.44626692e-05  6.89050000e-09  1.06002591e+00  6.89050000e-09 -9.04662569e-07 
 6.89150000e-09  4.34929750e-05  6.89150000e-09  1.00446643e+00  6.89150000e-09  1.43001104e-06 
 6.89250000e-09  4.26299220e-05  6.89250000e-09  9.48260603e-01  6.89250000e-09  3.54376718e-06 
 6.89350000e-09  4.21533605e-05  6.89350000e-09  8.91442384e-01  6.89350000e-09  6.54926231e-06 
 7.06650000e-09  9.40728933e-01  7.06650000e-09  1.38735293e-04  7.06650000e-09  3.72619480e-06 
 7.06750000e-09  9.77758518e-01  7.06750000e-09  1.34147005e-04  7.06750000e-09  2.77169298e-06 
 7.06850000e-09  1.01530769e+00  7.06850000e-09  1.31695960e-04  7.06850000e-09  3.53927084e-06 
 7.06950000e-09  1.05317066e+00  7.06950000e-09  1.27320154e-04  7.06950000e-09  2.59996761e-06 
 7.07050000e-09  1.09095647e+00  7.07050000e-09  1.25028855e-04  7.07050000e-09  3.36377836e-06 
 7.07150000e-09  1.12842006e+00  7.07150000e-09  1.20850911e-04  7.07150000e-09  2.43753482e-06 
 7.28850000e-09  1.94994076e+00  7.28850000e-09  8.02267821e-01  7.28850000e-09 -5.35172034e-05 
 7.28950000e-09  1.94994120e+00  7.28950000e-09  8.85433264e-01  7.28950000e-09 -1.05979232e-04 
 7.29050000e-09  1.94994169e+00  7.29050000e-09  9.66807809e-01  7.29050000e-09 -1.48571064e-04 
 7.29150000e-09  1.94994211e+00  7.29150000e-09  1.04627960e+00  7.29150000e-09 -1.75623353e-04 
 7.29250000e-09  1.94994257e+00  7.29250000e-09  1.12385326e+00  7.29250000e-09 -1.94457221e-04 
 7.29350000e-09  1.94994298e+00  7.29350000e-09  1.19966669e+00  7.29350000e-09 -2.10161080e-04 
 7.40750000e-09  1.94996815e+00  7.40750000e-09  1.94993742e+00  7.40750000e-09  8.47854485e-01 
 7.40850000e-09  1.94996825e+00  7.40850000e-09  1.94994290e+00  7.40850000e-09  9.09257504e-01 
 7.40950000e-09  1.94996838e+00  7.40950000e-09  1.94994895e+00  7.40950000e-09  9.69309218e-01 
 7.41050000e-09  1.94996848e+00  7.41050000e-09  1.94995495e+00  7.41050000e-09  1.02917735e+00 
 7.41150000e-09  1.94996861e+00  7.41150000e-09  1.94996105e+00  7.41150000e-09  1.09237904e+00 
 7.41250000e-09  1.94996872e+00  7.41250000e-09  1.94995952e+00  7.41250000e-09  1.16291805e+00 
 7.60250000e-09  1.13969590e+00  7.60250000e-09  1.94999939e+00  7.60250000e-09  1.94999883e+00 
 7.60350000e-09  1.08690944e+00  7.60350000e-09  1.94999944e+00  7.60350000e-09  1.94999917e+00 
 7.60450000e-09  1.03436521e+00  7.60450000e-09  1.94999940e+00  7.60450000e-09  1.94999886e+00 
 7.60550000e-09  9.81955853e-01  7.60550000e-09  1.94999945e+00  7.60550000e-09  1.94999921e+00 
 7.60650000e-09  9.29653047e-01  7.60650000e-09  1.94999941e+00  7.60650000e-09  1.94999889e+00 
 7.60750000e-09  8.77348376e-01  7.60750000e-09  1.94999946e+00  7.60750000e-09  1.94999924e+00 
 8.01050000e-09  4.73735749e-05  8.01050000e-09  1.16902336e+00  8.01050000e-09  1.94994062e+00 
 8.01150000e-09  4.59056315e-05  8.01150000e-09  1.11476828e+00  8.01150000e-09  1.94993602e+00 
 8.01250000e-09  4.44684946e-05  8.01250000e-09  1.05985000e+00  8.01250000e-09  1.94993468e+00 
 8.01350000e-09  4.34957200e-05  8.01350000e-09  1.00429049e+00  8.01350000e-09  1.94993907e+00 
 8.01450000e-09  4.26287996e-05  8.01450000e-09  9.48084063e-01  8.01450000e-09  1.94994960e+00 
 8.01550000e-09  4.21482474e-05  8.01550000e-09  8.91264869e-01  8.01550000e-09  1.94996740e+00 
 8.18850000e-09  9.39959433e-01  8.18850000e-09  1.22121553e-04  8.18850000e-09  1.94995536e+00 
 8.18950000e-09  9.76976652e-01  8.18950000e-09  1.17662170e-04  8.18950000e-09  1.94995692e+00 
 8.19050000e-09  1.01451421e+00  8.19050000e-09  1.16054775e-04  8.19050000e-09  1.94995791e+00 
 8.19150000e-09  1.05237767e+00  8.19150000e-09  1.11779826e-04  8.19150000e-09  1.94995939e+00 
 8.19250000e-09  1.09016798e+00  8.19250000e-09  1.10291741e-04  8.19250000e-09  1.94996032e+00 
 8.19350000e-09  1.12763929e+00  8.19350000e-09  1.06191931e-04  8.19350000e-09  1.94996172e+00 
 8.41050000e-09  1.94994077e+00  8.41050000e-09  8.02516736e-01  8.41050000e-09  1.95010867e+00 
 8.41150000e-09  1.94994119e+00  8.41150000e-09  8.85714119e-01  8.41150000e-09  1.94997680e+00 
 8.41250000e-09  1.94994169e+00  8.41250000e-09  9.66960625e-01  8.41250000e-09  1.94984364e+00 
 8.41350000e-09  1.94994209e+00  8.41350000e-09  1.04611673e+00  8.41350000e-09  1.94969165e+00 
 8.41450000e-09  1.94994257e+00  8.41450000e-09  1.12318046e+00  8.41450000e-09  1.94953220e+00 
 8.41550000e-09  1.94994296e+00  8.41550000e-09  1.19830626e+00  8.41550000e-09  1.94938765e+00 
 8.54450000e-09  1.94996983e+00  8.54450000e-09  1.94998892e+00  8.54450000e-09  1.16290160e+00 
 8.54550000e-09  1.94996994e+00  8.54550000e-09  1.95002113e+00  8.54550000e-09  1.10534475e+00 
 8.54650000e-09  1.94997005e+00  8.54650000e-09  1.95005175e+00  8.54650000e-09  1.04755961e+00 
 8.54750000e-09  1.94997018e+00  8.54750000e-09  1.95007567e+00  8.54750000e-09  9.89422892e-01 
 8.54850000e-09  1.94997030e+00  8.54850000e-09  1.95009355e+00  8.54850000e-09  9.30749636e-01 
 8.54950000e-09  1.94997043e+00  8.54950000e-09  1.95010468e+00  8.54950000e-09  8.71466475e-01 
 8.72450000e-09  1.14069645e+00  8.72450000e-09  1.94999926e+00  8.72450000e-09  7.50651897e-05 
 8.72550000e-09  1.08790646e+00  8.72550000e-09  1.94999944e+00  8.72550000e-09  7.13666431e-05 
 8.72650000e-09  1.03535858e+00  8.72650000e-09  1.94999927e+00  8.72650000e-09  7.03794469e-05 
 8.72750000e-09  9.82947813e-01  8.72750000e-09  1.94999945e+00  8.72750000e-09  6.68784250e-05 
 8.72850000e-09  9.30644063e-01  8.72850000e-09  1.94999928e+00  8.72850000e-09  6.59851605e-05 
 8.72950000e-09  8.78340281e-01  8.72950000e-09  1.94999945e+00  8.72950000e-09  6.26711389e-05 
 9.13250000e-09  4.73998860e-05  9.13250000e-09  1.16990550e+00  9.13250000e-09 -3.17912755e-06 
 9.13350000e-09  4.59313403e-05  9.13350000e-09  1.11565851e+00  9.13350000e-09 -2.09265963e-06 
 9.13450000e-09  4.44891975e-05  9.13450000e-09  1.06074915e+00  9.13450000e-09 -9.48241102e-07 
 9.13550000e-09  4.35118156e-05  9.13550000e-09  1.00519785e+00  9.13550000e-09  1.41912335e-06 
 9.13650000e-09  4.26427276e-05  9.13650000e-09  9.49000620e-01  9.13650000e-09  3.49529581e-06 
 9.13750000e-09  4.21571009e-05  9.13750000e-09  8.92190129e-01  9.13750000e-09  6.52909102e-06 
 9.31050000e-09  9.39426707e-01  9.31050000e-09  1.38789396e-04  9.31050000e-09  3.73326406e-06 
 9.31150000e-09  9.76437854e-01  9.31150000e-09  1.34172478e-04  9.31150000e-09  2.76767043e-06 
 9.31250000e-09  1.01396807e+00  9.31250000e-09  1.31748284e-04  9.31250000e-09  3.54670717e-06 
 9.31350000e-09  1.05182977e+00  9.31350000e-09  1.27341235e-04  9.31350000e-09  2.59452953e-06 
 9.31450000e-09  1.08962456e+00  9.31450000e-09  1.25077209e-04  9.31450000e-09  3.36992461e-06 
 9.31550000e-09  1.12710249e+00  9.31550000e-09  1.20871072e-04  9.31550000e-09  2.43250462e-06 
 9.53250000e-09  1.94994077e+00  9.53250000e-09  7.99362572e-01  9.53250000e-09 -5.17317752e-05 
 9.53350000e-09  1.94994117e+00  9.53350000e-09  8.82585944e-01  9.53350000e-09 -1.04306374e-04 
 9.53450000e-09  1.94994169e+00  9.53450000e-09  9.64025844e-01  9.53450000e-09 -1.47287541e-04 
 9.53550000e-09  1.94994207e+00  9.53550000e-09  1.04356332e+00  9.53550000e-09 -1.74921514e-04 
 9.53650000e-09  1.94994257e+00  9.53650000e-09  1.12120184e+00  9.53650000e-09 -1.93959870e-04 
 9.53750000e-09  1.94994294e+00  9.53750000e-09  1.19705880e+00  9.53750000e-09 -2.09175952e-04 
 9.65150000e-09  1.94996814e+00  9.65150000e-09  1.94993732e+00  9.65150000e-09  8.45514321e-01 
 9.65250000e-09  1.94996826e+00  9.65250000e-09  1.94994267e+00  9.65250000e-09  9.06982084e-01 
 9.65350000e-09  1.94996837e+00  9.65350000e-09  1.94994872e+00  9.65350000e-09  9.67071943e-01 
 9.65450000e-09  1.94996848e+00  9.65450000e-09  1.94995478e+00  9.65450000e-09  1.02690318e+00 
 9.65550000e-09  1.94996860e+00  9.65550000e-09  1.94996071e+00  9.65550000e-09  1.08992121e+00 
 9.65650000e-09  1.94996872e+00  9.65650000e-09  1.94995995e+00  9.65650000e-09  1.16016130e+00 
 9.84650000e-09  1.14215796e+00  9.84650000e-09  1.94999939e+00  9.84650000e-09  1.94999737e+00 
 9.84750000e-09  1.08936110e+00  9.84750000e-09  1.94999944e+00  9.84750000e-09  1.94999861e+00 
 9.84850000e-09  1.03680628e+00  9.84850000e-09  1.94999940e+00  9.84850000e-09  1.94999778e+00 
 9.84950000e-09  9.84391900e-01  9.84950000e-09  1.94999945e+00  9.84950000e-09  1.94999894e+00 
 9.85050000e-09  9.32085300e-01  9.85050000e-09  1.94999942e+00  9.85050000e-09  1.94999763e+00 
 9.85150000e-09  8.79781709e-01  9.85150000e-09  1.94999946e+00  9.85150000e-09  1.94999835e+00 
 1.02545000e-08  4.74606334e-05  1.02545000e-08  1.17134348e+00  1.02545000e-08  1.94994088e+00 
 1.02555000e-08  4.59946085e-05  1.02555000e-08  1.11711546e+00  1.02555000e-08  1.94993616e+00 
 1.02565000e-08  4.45331717e-05  1.02565000e-08  1.06222642e+00  1.02565000e-08  1.94993463e+00 
 1.02575000e-08  4.35431867e-05  1.02575000e-08  1.00669364e+00  1.02575000e-08  1.94993876e+00 
 1.02585000e-08  4.26636608e-05  1.02585000e-08  9.50515426e-01  1.02585000e-08  1.94994900e+00 
 1.02595000e-08  4.21627250e-05  1.02595000e-08  8.93721481e-01  1.02595000e-08  1.94996649e+00 
 1.04325000e-08  9.37395705e-01  1.04325000e-08  1.22210327e-04  1.04325000e-08  1.94995522e+00 
 1.04335000e-08  9.74384240e-01  1.04335000e-08  1.17835430e-04  1.04335000e-08  1.94995695e+00 
 1.04345000e-08  1.01188615e+00  1.04345000e-08  1.16137771e-04  1.04345000e-08  1.94995778e+00 
 1.04355000e-08  1.04974039e+00  1.04355000e-08  1.11945780e-04  1.04355000e-08  1.94995942e+00 
 1.04365000e-08  1.08754544e+00  1.04365000e-08  1.10369188e-04  1.04365000e-08  1.94996019e+00 
 1.04375000e-08  1.12504411e+00  1.04375000e-08  1.06350935e-04  1.04375000e-08  1.94996175e+00 
 1.06545000e-08  1.94994078e+00  1.06545000e-08  7.96636319e-01  1.06545000e-08  1.95011630e+00 
 1.06555000e-08  1.94994111e+00  1.06555000e-08  8.79957279e-01  1.06555000e-08  1.94998531e+00 
 1.06565000e-08  1.94994171e+00  1.06565000e-08  9.61346232e-01  1.06565000e-08  1.94985372e+00 
 1.06575000e-08  1.94994201e+00  1.06575000e-08  1.04064719e+00  1.06575000e-08  1.94970296e+00 
 1.06585000e-08  1.94994257e+00  1.06585000e-08  1.11784542e+00  1.06585000e-08  1.94954340e+00 
 1.06595000e-08  1.94994286e+00  1.06595000e-08  1.19309840e+00  1.06595000e-08  1.94939814e+00 
 1.07885000e-08  1.94996984e+00  1.07885000e-08  1.94998686e+00  1.07885000e-08  1.16694786e+00 
 1.07895000e-08  1.94996992e+00  1.07895000e-08  1.95001875e+00  1.07895000e-08  1.10939609e+00 
 1.07905000e-08  1.94997005e+00  1.07905000e-08  1.95004980e+00  1.07905000e-08  1.05163448e+00 
 1.07915000e-08  1.94997015e+00  1.07915000e-08  1.95007416e+00  1.07915000e-08  9.93525984e-01 
 1.07925000e-08  1.94997031e+00  1.07925000e-08  1.95009252e+00  1.07925000e-08  9.34896372e-01 
 1.07935000e-08  1.94997041e+00  1.07935000e-08  1.95010404e+00  1.07935000e-08  8.75657362e-01 
 1.09685000e-08  1.14464889e+00  1.09685000e-08  1.94999926e+00  1.09685000e-08  7.46935503e-05 
 1.09695000e-08  1.09184299e+00  1.09695000e-08  1.94999944e+00  1.09695000e-08  7.20722441e-05 
 1.09705000e-08  1.03927883e+00  1.09705000e-08  1.94999927e+00  1.09705000e-08  7.00028944e-05 
 1.09715000e-08  9.86860540e-01  1.09715000e-08  1.94999945e+00  1.09715000e-08  6.75632668e-05 
 1.09725000e-08  9.34551272e-01  1.09725000e-08  1.94999928e+00  1.09725000e-08  6.56050099e-05 
 1.09735000e-08  8.82249692e-01  1.09735000e-08  1.94999946e+00  1.09735000e-08  6.33367134e-05 
 1.13765000e-08  4.75112117e-05  1.13765000e-08  1.17387661e+00  1.13765000e-08 -3.25898478e-06 
 1.13775000e-08  4.60424467e-05  1.13775000e-08  1.11967597e+00  1.13775000e-08 -2.11439269e-06 
 1.13785000e-08  4.45765885e-05  1.13785000e-08  1.06481666e+00  1.13785000e-08 -1.13765460e-06 
 1.13795000e-08  4.35775768e-05  1.13795000e-08  1.00931113e+00  1.13795000e-08  1.31139284e-06 
 1.13805000e-08  4.26971410e-05  1.13805000e-08  9.53162174e-01  1.13805000e-08  3.26655843e-06 
 1.13815000e-08  4.21861614e-05  1.13815000e-08  8.96394920e-01  1.13815000e-08  6.37055040e-06 
 1.15545000e-08  9.36620711e-01  1.15545000e-08  1.39141140e-04  1.15545000e-08  3.79421956e-06 
 1.15555000e-08  9.73601002e-01  1.15555000e-08  1.34346995e-04  1.15555000e-08  2.72071417e-06 
 1.15565000e-08  1.01109190e+00  1.15565000e-08  1.32084313e-04  1.15565000e-08  3.60715261e-06 
 1.15575000e-08  1.04894289e+00  1.15575000e-08  1.27502913e-04  1.15575000e-08  2.54688572e-06 
 1.15585000e-08  1.08675353e+00  1.15585000e-08  1.25397968e-04  1.15585000e-08  3.42960443e-06 
 1.15595000e-08  1.12426123e+00  1.15595000e-08  1.21022819e-04  1.15595000e-08  2.38535979e-06 
 1.17765000e-08  1.94994079e+00  1.17765000e-08  7.92864602e-01  1.17765000e-08 -4.68235468e-05 
 1.17775000e-08  1.94994109e+00  1.17775000e-08  8.76216535e-01  1.17775000e-08 -1.00379934e-04 
 1.17785000e-08  1.94994171e+00  1.17785000e-08  9.57801748e-01  1.17785000e-08 -1.44297621e-04 
 1.17795000e-08  1.94994199e+00  1.17795000e-08  1.03748524e+00  1.17795000e-08 -1.73281781e-04 
 1.17805000e-08  1.94994259e+00  1.17805000e-08  1.11526936e+00  1.17805000e-08 -1.92732317e-04 
 1.17815000e-08  1.94994286e+00  1.17815000e-08  1.19125401e+00  1.17815000e-08 -2.07506410e-04 
 1.18965000e-08  1.94996827e+00  1.18965000e-08  1.94994221e+00  1.18965000e-08  9.02260673e-01 
 1.18975000e-08  1.94996834e+00  1.18975000e-08  1.94994821e+00  1.18975000e-08  9.62430445e-01 
 1.18985000e-08  1.94996850e+00  1.18985000e-08  1.94995441e+00  1.18985000e-08  1.02219966e+00 
 1.18995000e-08  1.94996858e+00  1.18995000e-08  1.94995993e+00  1.18995000e-08  1.08485750e+00 
 1.19005000e-08  1.94996874e+00  1.19005000e-08  1.94996088e+00  1.19005000e-08  1.15444724e+00 
 1.19015000e-08  1.94996882e+00  1.19015000e-08  1.94995630e+00  1.19015000e-08  1.22784100e+00 
 1.20905000e-08  1.14571100e+00  1.20905000e-08  1.94999940e+00  1.20905000e-08  1.94999545e+00 
 1.20915000e-08  1.09289957e+00  1.20915000e-08  1.94999944e+00  1.20915000e-08  1.94999836e+00 
 1.20925000e-08  1.04032982e+00  1.20925000e-08  1.94999941e+00  1.20925000e-08  1.94999538e+00 
 1.20935000e-08  9.87908314e-01  1.20935000e-08  1.94999944e+00  1.20935000e-08  1.94999735e+00 
 1.20945000e-08  9.35596472e-01  1.20945000e-08  1.94999942e+00  1.20945000e-08  1.94999558e+00 
 1.20955000e-08  8.83294567e-01  1.20955000e-08  1.94999946e+00  1.20955000e-08  1.94999839e+00 
 1.24985000e-08  4.75363963e-05  1.24985000e-08  1.17535586e+00  1.24985000e-08  1.94994134e+00 
 1.24995000e-08  4.60676070e-05  1.24995000e-08  1.12117439e+00  1.24995000e-08  1.94993644e+00 
 1.25005000e-08  4.45975032e-05  1.25005000e-08  1.06633578e+00  1.25005000e-08  1.94993458e+00 
 1.25015000e-08  4.35931538e-05  1.25015000e-08  1.01084901e+00  1.25015000e-08  1.94993826e+00 
 1.25025000e-08  4.27108544e-05  1.25025000e-08  9.54719512e-01  1.25025000e-08  1.94994800e+00 
 1.25035000e-08  4.21931874e-05  1.25035000e-08  8.97969103e-01  1.25035000e-08  1.94996497e+00 
 1.26765000e-08  9.36076380e-01  1.26765000e-08  1.22360759e-04  1.26765000e-08  1.94995498e+00 
 1.26775000e-08  9.73050740e-01  1.26775000e-08  1.18155004e-04  1.26775000e-08  1.94995700e+00 
 1.26785000e-08  1.01053410e+00  1.26785000e-08  1.16278080e-04  1.26785000e-08  1.94995755e+00 
 1.26795000e-08  1.04838265e+00  1.26795000e-08  1.12252058e-04  1.26795000e-08  1.94995947e+00 
 1.26805000e-08  1.08619496e+00  1.26805000e-08  1.10499779e-04  1.26805000e-08  1.94995996e+00 
 1.26815000e-08  1.12370738e+00  1.26815000e-08  1.06644555e-04  1.26815000e-08  1.94996181e+00 
 1.28985000e-08  1.94994080e+00  1.28985000e-08  7.93635309e-01  1.28985000e-08  1.95012011e+00 
 1.28995000e-08  1.94994107e+00  1.28995000e-08  8.77019158e-01  1.28995000e-08  1.94998650e+00 
 1.29005000e-08  1.94994172e+00  1.29005000e-08  9.58480179e-01  1.29005000e-08  1.94985310e+00 
 1.29015000e-08  1.94994197e+00  1.29015000e-08  1.03785681e+00  1.29015000e-08  1.94970414e+00 
 1.29025000e-08  1.94994259e+00  1.29025000e-08  1.11513026e+00  1.29025000e-08  1.94954535e+00 
 1.29035000e-08  1.94994281e+00  1.29035000e-08  1.19043164e+00  1.29035000e-08  1.94940048e+00 
 1.30325000e-08  1.94996984e+00  1.30325000e-08  1.94998580e+00  1.30325000e-08  1.16904348e+00 
 1.30335000e-08  1.94996990e+00  1.30335000e-08  1.95001768e+00  1.30335000e-08  1.11149377e+00 
 1.30345000e-08  1.94997006e+00  1.30345000e-08  1.95004896e+00  1.30345000e-08  1.05374361e+00 
 1.30355000e-08  1.94997014e+00  1.30355000e-08  1.95007338e+00  1.30355000e-08  9.95649487e-01 
 1.30365000e-08  1.94997031e+00  1.30365000e-08  1.95009190e+00  1.30365000e-08  9.37042907e-01 
 1.30375000e-08  1.94997039e+00  1.30375000e-08  1.95010361e+00  1.30375000e-08  8.77827799e-01 
 1.32125000e-08  1.14619332e+00  1.32125000e-08  1.94999926e+00  1.32125000e-08  7.44979545e-05 
 1.32135000e-08  1.09338107e+00  1.32135000e-08  1.94999944e+00  1.32135000e-08  7.24414923e-05 
 1.32145000e-08  1.04081039e+00  1.32145000e-08  1.94999927e+00  1.32145000e-08  6.98062362e-05 
 1.32155000e-08  9.88388953e-01  1.32155000e-08  1.94999945e+00  1.32155000e-08  6.79226224e-05 
 1.32165000e-08  9.36077370e-01  1.32165000e-08  1.94999928e+00  1.32165000e-08  6.54075521e-05 
 1.32175000e-08  8.83776491e-01  1.32175000e-08  1.94999946e+00  1.32175000e-08  6.36865950e-05 
 1.36205000e-08  4.75399884e-05  1.36205000e-08  1.17580916e+00  1.36205000e-08 -3.28806394e-06 
 1.36215000e-08  4.60698926e-05  1.36215000e-08  1.12163111e+00  1.36215000e-08 -2.13323147e-06 
 1.36225000e-08  4.46016666e-05  1.36225000e-08  1.06679616e+00  1.36225000e-08 -1.22007065e-06 
 1.36235000e-08  4.35969271e-05  1.36235000e-08  1.01131292e+00  1.36235000e-08  1.25097166e-06 
 1.36245000e-08  4.27161143e-05  1.36245000e-08  9.55187490e-01  1.36245000e-08  3.16206101e-06 
 1.36255000e-08  4.21985345e-05  1.36255000e-08  8.98441336e-01  1.36255000e-08  6.28510765e-06 
 1.37985000e-08  9.36076099e-01  1.37985000e-08  1.39277868e-04  1.37985000e-08  3.79029002e-06 
 1.37995000e-08  9.73050537e-01  1.37995000e-08  1.34466589e-04  1.37995000e-08  2.73096614e-06 
 1.38005000e-08  1.01053378e+00  1.38005000e-08  1.32214093e-04  1.38005000e-08  3.60323538e-06 
 1.38015000e-08  1.04838229e+00  1.38015000e-08  1.27615951e-04  1.38015000e-08  2.55677266e-06 
 1.38025000e-08  1.08619594e+00  1.38025000e-08  1.25521243e-04  1.38025000e-08  3.42574482e-06 
 1.38035000e-08  1.12370923e+00  1.38035000e-08  1.21129596e-04  1.38035000e-08  2.39485140e-06 
 1.40205000e-08  1.94994080e+00  1.40205000e-08  7.91633660e-01  1.40205000e-08 -4.61449594e-05 
 1.40215000e-08  1.94994107e+00  1.40215000e-08  8.75010405e-01  1.40215000e-08 -9.96666372e-05 
 1.40225000e-08  1.94994172e+00  1.40225000e-08  9.56623749e-01  1.40225000e-08 -1.43740908e-04 
 1.40235000e-08  1.94994197e+00  1.40235000e-08  1.03633519e+00  1.40235000e-08 -1.72971981e-04 
 1.40245000e-08  1.94994260e+00  1.40245000e-08  1.11414733e+00  1.40245000e-08 -1.92451449e-04 
 1.40255000e-08  1.94994284e+00  1.40255000e-08  1.19015633e+00  1.40255000e-08 -2.07244260e-04 
 1.41405000e-08  1.94996827e+00  1.41405000e-08  1.94994213e+00  1.41405000e-08  9.01379768e-01 
 1.41415000e-08  1.94996834e+00  1.41415000e-08  1.94994810e+00  1.41415000e-08  9.61565058e-01 
 1.41425000e-08  1.94996850e+00  1.41425000e-08  1.94995435e+00  1.41425000e-08  1.02132503e+00 
 1.41435000e-08  1.94996857e+00  1.41435000e-08  1.94995977e+00  1.41435000e-08  1.08391890e+00 
 1.41445000e-08  1.94996874e+00  1.41445000e-08  1.94996106e+00  1.41445000e-08  1.15338384e+00 
 1.41455000e-08  1.94996881e+00  1.41455000e-08  1.94995625e+00  1.41455000e-08  1.22678724e+00 
 1.43345000e-08  1.14666690e+00  1.43345000e-08  1.94999940e+00  1.43345000e-08  1.94999675e+00 
 1.43355000e-08  1.09385181e+00  1.43355000e-08  1.94999943e+00  1.43355000e-08  1.94999902e+00 
 1.43365000e-08  1.04127825e+00  1.43365000e-08  1.94999941e+00  1.43365000e-08  1.94999583e+00 
 1.43375000e-08  9.88855004e-01  1.43375000e-08  1.94999944e+00  1.43375000e-08  1.94999806e+00 
 1.43385000e-08  9.36541912e-01  1.43385000e-08  1.94999942e+00  1.43385000e-08  1.94999496e+00 
 1.43395000e-08  8.84240606e-01  1.43395000e-08  1.94999945e+00  1.43395000e-08  1.94999714e+00 
 1.47425000e-08  4.75734248e-05  1.47425000e-08  1.17581974e+00  1.47425000e-08  1.94994139e+00 
 1.47435000e-08  4.61045892e-05  1.47435000e-08  1.12164401e+00  1.47435000e-08  1.94993646e+00 
 1.47445000e-08  4.46247937e-05  1.47445000e-08  1.06681143e+00  1.47445000e-08  1.94993457e+00 
 1.47455000e-08  4.36113074e-05  1.47455000e-08  1.01133030e+00  1.47455000e-08  1.94993819e+00 
 1.47465000e-08  4.27244723e-05  1.47465000e-08  9.55206620e-01  1.47465000e-08  1.94994788e+00 
 1.47475000e-08  4.21966163e-05  1.47475000e-08  8.98461552e-01  1.47475000e-08  1.94996479e+00 
 1.49205000e-08  9.34806556e-01  1.49205000e-08  1.22366381e-04  1.49205000e-08  1.94995495e+00 
 1.49215000e-08  9.71767576e-01  1.49215000e-08  1.18188258e-04  1.49215000e-08  1.94995700e+00 
 1.49225000e-08  1.00923296e+00  1.49225000e-08  1.16283014e-04  1.49225000e-08  1.94995752e+00 
 1.49235000e-08  1.04707537e+00  1.49235000e-08  1.12284040e-04  1.49235000e-08  1.94995948e+00 
 1.49245000e-08  1.08489446e+00  1.49245000e-08  1.10504050e-04  1.49245000e-08  1.94995994e+00 
 1.49255000e-08  1.12241984e+00  1.49255000e-08  1.06675326e-04  1.49255000e-08  1.94996181e+00 
 1.51425000e-08  1.94994081e+00  1.51425000e-08  7.90678057e-01  1.51425000e-08  1.95012377e+00 
 1.51435000e-08  1.94994103e+00  1.51435000e-08  8.74124142e-01  1.51435000e-08  1.94999199e+00 
 1.51445000e-08  1.94994173e+00  1.51445000e-08  9.55657300e-01  1.51445000e-08  1.94986049e+00 
 1.51455000e-08  1.94994193e+00  1.51455000e-08  1.03510696e+00  1.51455000e-08  1.94971168e+00 
 1.51465000e-08  1.94994260e+00  1.51465000e-08  1.11245395e+00  1.51465000e-08  1.94955248e+00 
 1.51475000e-08  1.94994278e+00  1.51475000e-08  1.18781792e+00  1.51475000e-08  1.94940689e+00 
 1.52765000e-08  1.94996985e+00  1.52765000e-08  1.94998477e+00  1.52765000e-08  1.17106363e+00 
 1.52775000e-08  1.94996989e+00  1.52775000e-08  1.95001649e+00  1.52775000e-08  1.11351601e+00 
 1.52785000e-08  1.94997006e+00  1.52785000e-08  1.95004797e+00  1.52785000e-08  1.05577707e+00 
 1.52795000e-08  1.94997013e+00  1.52795000e-08  1.95007261e+00  1.52795000e-08  9.97696583e-01 
 1.52805000e-08  1.94997031e+00  1.52805000e-08  1.95009137e+00  1.52805000e-08  9.39111433e-01 
 1.52815000e-08  1.94997038e+00  1.52815000e-08  1.95010328e+00  1.52815000e-08  8.79918170e-01 
 1.54565000e-08  1.14832962e+00  1.54565000e-08  1.94999926e+00  1.54565000e-08  7.43434647e-05 
 1.54575000e-08  1.09550858e+00  1.54575000e-08  1.94999944e+00  1.54575000e-08  7.27614564e-05 
 1.54585000e-08  1.04292881e+00  1.54585000e-08  1.94999927e+00  1.54585000e-08  6.95702569e-05 
 1.54595000e-08  9.90502935e-01  1.54595000e-08  1.94999945e+00  1.54595000e-08  6.81333111e-05 
 1.54605000e-08  9.38188030e-01  1.54605000e-08  1.94999928e+00  1.54605000e-08  6.52970622e-05 
 1.54615000e-08  8.85888030e-01  1.54615000e-08  1.94999945e+00  1.54615000e-08  6.40699356e-05 
 1.58645000e-08  4.76057872e-05  1.58645000e-08  1.17768419e+00  1.58645000e-08 -3.32427976e-06 
 1.58655000e-08  4.61357308e-05  1.58655000e-08  1.12352809e+00  1.58655000e-08 -2.14223923e-06 
 1.58665000e-08  4.46554283e-05  1.58665000e-08  1.06871680e+00  1.58665000e-08 -1.30708281e-06 
 1.58675000e-08  4.36352913e-05  1.58675000e-08  1.01325523e+00  1.58675000e-08  1.20011662e-06 
 1.58685000e-08  4.27491031e-05  1.58685000e-08  9.57152683e-01  1.58685000e-08  3.05464202e-06 
 1.58695000e-08  4.22137864e-05  1.58695000e-08  9.00427057e-01  1.58695000e-08  6.20933448e-06 
 1.60425000e-08  9.34393336e-01  1.60425000e-08  1.39372544e-04  1.60425000e-08  3.74882311e-06 
 1.60435000e-08  9.71350250e-01  1.60435000e-08  1.34620445e-04  1.60435000e-08  2.77864676e-06 
 1.60445000e-08  1.00880960e+00  1.60445000e-08  1.32302776e-04  1.60445000e-08  3.56206226e-06 
 1.60455000e-08  1.04664982e+00  1.60455000e-08  1.27762700e-04  1.60455000e-08  2.60380165e-06 
 1.60465000e-08  1.08447240e+00  1.60465000e-08  1.25604396e-04  1.60465000e-08  3.38492986e-06 
 1.60475000e-08  1.12200282e+00  1.60475000e-08  1.21269529e-04  1.60475000e-08  2.44116634e-06 
 1.62645000e-08  1.94994082e+00  1.62645000e-08  7.87714292e-01  1.62645000e-08 -4.40014642e-05 
 1.62655000e-08  1.94994101e+00  1.62655000e-08  8.71170206e-01  1.62655000e-08 -9.74126726e-05 
 1.62665000e-08  1.94994174e+00  1.62665000e-08  9.52872807e-01  1.62665000e-08 -1.41976496e-04 
 1.62675000e-08  1.94994192e+00  1.62675000e-08  1.03267230e+00  1.62675000e-08 -1.71911664e-04 
 1.62685000e-08  1.94994262e+00  1.62685000e-08  1.11057227e+00  1.62685000e-08 -1.91530308e-04 
 1.62695000e-08  1.94994279e+00  1.62695000e-08  1.18665914e+00  1.62695000e-08 -2.06379927e-04 
 1.63845000e-08  1.94996828e+00  1.63845000e-08  1.94994185e+00  1.63845000e-08  8.98599745e-01 
 1.63855000e-08  1.94996832e+00  1.63855000e-08  1.94994783e+00  1.63855000e-08  9.58835296e-01 
 1.63865000e-08  1.94996851e+00  1.63865000e-08  1.94995411e+00  1.63865000e-08  1.01857054e+00 
 1.63875000e-08  1.94996855e+00  1.63875000e-08  1.94995931e+00  1.63875000e-08  1.08096877e+00 
 1.63885000e-08  1.94996874e+00  1.63885000e-08  1.94996161e+00  1.63885000e-08  1.15003447e+00 
 1.63895000e-08  1.94996880e+00  1.63895000e-08  1.94995616e+00  1.63895000e-08  1.22346294e+00 
 1.65785000e-08  1.14938365e+00  1.65785000e-08  1.94999941e+00  1.65785000e-08  1.94999477e+00 
 1.65795000e-08  1.09655700e+00  1.65795000e-08  1.94999943e+00  1.65795000e-08  1.94999880e+00 
 1.65805000e-08  1.04397154e+00  1.65805000e-08  1.94999941e+00  1.65805000e-08  1.94999456e+00 
 1.65815000e-08  9.91542347e-01  1.65815000e-08  1.94999944e+00  1.65815000e-08  1.94999751e+00 
 1.65825000e-08  9.39224783e-01  1.65825000e-08  1.94999942e+00  1.65825000e-08  1.94999343e+00 
 1.65835000e-08  8.86924378e-01  1.65835000e-08  1.94999945e+00  1.65835000e-08  1.94999632e+00 
 1.69865000e-08  4.76495494e-05  1.69865000e-08  1.17865190e+00  1.69865000e-08  1.94994171e+00 
 1.69875000e-08  4.61853555e-05  1.69875000e-08  1.12450932e+00  1.69875000e-08  1.94993666e+00 
 1.69885000e-08  4.46954106e-05  1.69885000e-08  1.06971247e+00  1.69885000e-08  1.94993455e+00 
 1.69895000e-08  4.36619039e-05  1.69895000e-08  1.01426409e+00  1.69895000e-08  1.94993786e+00 
 1.69905000e-08  4.27697478e-05  1.69905000e-08  9.58174973e-01  1.69905000e-08  1.94994720e+00 
 1.69915000e-08  4.22176977e-05  1.69915000e-08  9.01460955e-01  1.69915000e-08  1.94996373e+00 
 1.71645000e-08  9.32686906e-01  1.71645000e-08  1.22448564e-04  1.71645000e-08  1.94995477e+00 
 1.71655000e-08  9.69626817e-01  1.71655000e-08  1.18428025e-04  1.71655000e-08  1.94995704e+00 
 1.71665000e-08  1.00706177e+00  1.71665000e-08  1.16358729e-04  1.71665000e-08  1.94995735e+00 
 1.71675000e-08  1.04489284e+00  1.71675000e-08  1.12514212e-04  1.71675000e-08  1.94995952e+00 
 1.71685000e-08  1.08272245e+00  1.71685000e-08  1.10573552e-04  1.71685000e-08  1.94995977e+00 
 1.71695000e-08  1.12026921e+00  1.71695000e-08  1.06896360e-04  1.71695000e-08  1.94996185e+00 
 1.73865000e-08  1.94994081e+00  1.73865000e-08  7.85784175e-01  1.73865000e-08  1.95012959e+00 
 1.73875000e-08  1.94994095e+00  1.73875000e-08  8.69333888e-01  1.73875000e-08  1.95000075e+00 
 1.73885000e-08  1.94994173e+00  1.73885000e-08  9.50984324e-01  1.73885000e-08  1.94987193e+00 
 1.73895000e-08  1.94994187e+00  1.73895000e-08  1.03055705e+00  1.73895000e-08  1.94972351e+00 
 1.73905000e-08  1.94994261e+00  1.73905000e-08  1.10802412e+00  1.73905000e-08  1.94956376e+00 
 1.73915000e-08  1.94994273e+00  1.73915000e-08  1.18349460e+00  1.73915000e-08  1.94941703e+00 
 1.75205000e-08  1.94996985e+00  1.75205000e-08  1.94998297e+00  1.75205000e-08  1.17438858e+00 
 1.75215000e-08  1.94996987e+00  1.75215000e-08  1.95001465e+00  1.75215000e-08  1.11684401e+00 
 1.75225000e-08  1.94997006e+00  1.75225000e-08  1.95004619e+00  1.75225000e-08  1.05912304e+00 
 1.75235000e-08  1.94997011e+00  1.75235000e-08  1.95007146e+00  1.75235000e-08  1.00106459e+00 
 1.75245000e-08  1.94997031e+00  1.75245000e-08  1.95009035e+00  1.75245000e-08  9.42514377e-01 
 1.75255000e-08  1.94997036e+00  1.75255000e-08  1.95010286e+00  1.75255000e-08  8.83356857e-01 
 1.77005000e-08  1.15141595e+00  1.77005000e-08  1.94999925e+00  1.77005000e-08  7.40977239e-05 
 1.77015000e-08  1.09858203e+00  1.77015000e-08  1.94999944e+00  1.77015000e-08  7.33860078e-05 
 1.77025000e-08  1.04598883e+00  1.77025000e-08  1.94999926e+00  1.77025000e-08  6.93864656e-05 
 1.77035000e-08  9.93556214e-01  1.77035000e-08  1.94999945e+00  1.77035000e-08  6.88274352e-05 
 1.77045000e-08  9.41236294e-01  1.77045000e-08  1.94999927e+00  1.77045000e-08  6.48845278e-05 
 1.77055000e-08  8.88937398e-01  1.77055000e-08  1.94999946e+00  1.77055000e-08  6.44468702e-05 
 1.81085000e-08  4.76876853e-05  1.81085000e-08  1.18097339e+00  1.81085000e-08 -3.36613848e-06 
 1.81095000e-08  4.62222237e-05  1.81095000e-08  1.12685585e+00  1.81095000e-08 -2.17598763e-06 
 1.81105000e-08  4.47323082e-05  1.81105000e-08  1.07208605e+00  1.81105000e-08 -1.43876487e-06 
 1.81115000e-08  4.36900896e-05  1.81115000e-08  1.01666254e+00  1.81115000e-08  1.09404296e-06 
 1.81125000e-08  4.27986926e-05  1.81125000e-08  9.60600137e-01  1.81125000e-08  2.88150102e-06 
 1.81135000e-08  4.22377688e-05  1.81135000e-08  9.03910616e-01  1.81135000e-08  6.05947508e-06 
 1.82865000e-08  9.32184912e-01  1.82865000e-08  1.39530812e-04  1.82865000e-08  3.67596567e-06 
 1.82875000e-08  9.69120210e-01  1.82875000e-08  1.34898375e-04  1.82875000e-08  2.86203116e-06 
 1.82885000e-08  1.00654765e+00  1.82885000e-08  1.32450197e-04  1.82885000e-08  3.48939918e-06 
 1.82895000e-08  1.04437568e+00  1.82895000e-08  1.28030127e-04  1.82895000e-08  2.68714923e-06 
 1.82905000e-08  1.08220761e+00  1.82905000e-08  1.25744566e-04  1.82905000e-08  3.31442545e-06 
 1.82915000e-08  1.11975938e+00  1.82915000e-08  1.21522710e-04  1.82915000e-08  2.52211949e-06 
 1.85085000e-08  1.94994081e+00  1.85085000e-08  7.82664402e-01  1.85085000e-08 -4.12960552e-05 
 1.85095000e-08  1.94994096e+00  1.85095000e-08  8.66216930e-01  1.85095000e-08 -9.55064540e-05 
 1.85105000e-08  1.94994173e+00  1.85105000e-08  9.48027442e-01  1.85105000e-08 -1.40644646e-04 
 1.85115000e-08  1.94994186e+00  1.85115000e-08  1.02794255e+00  1.85115000e-08 -1.69924614e-04 
 1.85125000e-08  1.94994261e+00  1.85125000e-08  1.10595512e+00  1.85125000e-08 -1.89617821e-04 
 1.85135000e-08  1.94994274e+00  1.85135000e-08  1.18214438e+00  1.85135000e-08 -2.04642237e-04 
 1.86285000e-08  1.94996828e+00  1.86285000e-08  1.94994137e+00  1.86285000e-08  8.94999905e-01 
 1.86295000e-08  1.94996830e+00  1.86295000e-08  1.94994757e+00  1.86295000e-08  9.55304619e-01 
 1.86305000e-08  1.94996851e+00  1.86305000e-08  1.94995369e+00  1.86305000e-08  1.01501845e+00 
 1.86315000e-08  1.94996854e+00  1.86315000e-08  1.94995881e+00  1.86315000e-08  1.07717031e+00 
 1.86325000e-08  1.94996875e+00  1.86325000e-08  1.94996225e+00  1.86325000e-08  1.14569994e+00 
 1.86335000e-08  1.94996878e+00  1.86335000e-08  1.94995615e+00  1.86335000e-08  1.21914917e+00 
 1.88225000e-08  1.15244477e+00  1.88225000e-08  1.94999940e+00  1.88225000e-08  1.94999193e+00 
 1.88235000e-08  1.09960539e+00  1.88235000e-08  1.94999943e+00  1.88235000e-08  1.94999752e+00 
 1.88245000e-08  1.04700661e+00  1.88245000e-08  1.94999941e+00  1.88245000e-08  1.94999359e+00 
 1.88255000e-08  9.94570699e-01  1.88255000e-08  1.94999944e+00  1.88255000e-08  1.94999875e+00 
 1.88265000e-08  9.42248105e-01  1.88265000e-08  1.94999942e+00  1.88265000e-08  1.94999468e+00 
 1.88275000e-08  8.89948738e-01  1.88275000e-08  1.94999945e+00  1.88275000e-08  1.94999956e+00 
 1.92305000e-08  4.77265015e-05  1.92305000e-08  1.18183878e+00  1.92305000e-08  1.94994208e+00 
 1.92315000e-08  4.62665464e-05  1.92315000e-08  1.12773357e+00  1.92315000e-08  1.94993689e+00 
 1.92325000e-08  4.47753285e-05  1.92325000e-08  1.07297693e+00  1.92325000e-08  1.94993454e+00 
 1.92335000e-08  4.37122963e-05  1.92335000e-08  1.01756545e+00  1.92335000e-08  1.94993750e+00 
 1.92345000e-08  4.28160367e-05  1.92345000e-08  9.61515286e-01  1.92345000e-08  1.94994645e+00 
 1.92355000e-08  4.22406974e-05  1.92355000e-08  9.04836320e-01  1.92355000e-08  1.94996256e+00 
 1.94085000e-08  9.30500452e-01  1.94085000e-08  1.22550488e-04  1.94085000e-08  1.94995472e+00 
 1.94095000e-08  9.67420218e-01  1.94095000e-08  1.18690319e-04  1.94095000e-08  1.94995694e+00 
 1.94105000e-08  1.00482321e+00  1.94105000e-08  1.16453150e-04  1.94105000e-08  1.94995730e+00 
 1.94115000e-08  1.04264120e+00  1.94115000e-08  1.12765788e-04  1.94115000e-08  1.94995942e+00 
 1.94125000e-08  1.08048053e+00  1.94125000e-08  1.10660811e-04  1.94125000e-08  1.94995973e+00 
 1.94135000e-08  1.11804904e+00  1.94135000e-08  1.07137742e-04  1.94135000e-08  1.94996176e+00 
 1.96315000e-08  1.94994093e+00  1.96315000e-08  8.64599088e-01  1.96315000e-08  1.95000963e+00 
 1.96325000e-08  1.94994170e+00  1.96325000e-08  9.46364346e-01  1.96325000e-08  1.94987990e+00 
 1.96335000e-08  1.94994184e+00  1.96335000e-08  1.02605815e+00  1.96335000e-08  1.94973248e+00 
 1.96345000e-08  1.94994259e+00  1.96345000e-08  1.10365372e+00  1.96345000e-08  1.94957275e+00 
 1.96355000e-08  1.94994271e+00  1.96355000e-08  1.17924017e+00  1.96355000e-08  1.94942512e+00 
 1.96365000e-08  1.94994343e+00  1.96365000e-08  1.25313955e+00  1.96365000e-08  1.94926509e+00 
 1.97645000e-08  1.94996985e+00  1.97645000e-08  1.94998118e+00  1.97645000e-08  1.17769221e+00 
 1.97655000e-08  1.94996986e+00  1.97655000e-08  1.95001285e+00  1.97655000e-08  1.12015008e+00 
 1.97665000e-08  1.94997006e+00  1.97665000e-08  1.95004441e+00  1.97665000e-08  1.06244608e+00 
 1.97675000e-08  1.94997010e+00  1.97675000e-08  1.95007032e+00  1.97675000e-08  1.00440887e+00 
 1.97685000e-08  1.94997031e+00  1.97685000e-08  1.95008931e+00  1.97685000e-08  9.45892626e-01 
 1.97695000e-08  1.94997035e+00  1.97695000e-08  1.95010243e+00  1.97695000e-08  8.86770195e-01 
 1.99445000e-08  1.15423431e+00  1.99445000e-08  1.94999925e+00  1.99445000e-08  7.38438679e-05 
 1.99455000e-08  1.10138865e+00  1.99455000e-08  1.94999945e+00  1.99455000e-08  7.41978175e-05 
 1.99465000e-08  1.04878308e+00  1.99465000e-08  1.94999926e+00  1.99465000e-08  6.91663232e-05 
 1.99475000e-08  9.96344141e-01  1.99475000e-08  1.94999946e+00  1.99475000e-08  6.95940836e-05 
 1.99485000e-08  9.44019449e-01  1.99485000e-08  1.94999927e+00  1.99485000e-08  6.45914216e-05 
 1.99495000e-08  8.91721396e-01  1.99495000e-08  1.94999946e+00  1.99495000e-08  6.51244292e-05 
 2.03525000e-08  4.77560153e-05  2.03525000e-08  1.18410033e+00  2.03525000e-08 -3.40022937e-06 
 2.03535000e-08  4.62936439e-05  2.03535000e-08  1.13001951e+00  2.03535000e-08 -2.20901073e-06 
 2.03545000e-08  4.48045334e-05  2.03545000e-08  1.07528916e+00  2.03545000e-08 -1.55769550e-06 
 2.03555000e-08  4.37352314e-05  2.03555000e-08  1.01990190e+00  2.03555000e-08  9.91218779e-07 
 2.03565000e-08  4.28409107e-05  2.03565000e-08  9.63877718e-01  2.03565000e-08  2.72035123e-06 
 2.03575000e-08  4.22600348e-05  2.03575000e-08  9.07222627e-01  2.03575000e-08  5.91390391e-06 
 2.05305000e-08  9.30319160e-01  2.05305000e-08  1.39678466e-04  2.05305000e-08  3.60415541e-06 
 2.05315000e-08  9.67237574e-01  2.05315000e-08  1.35166693e-04  2.05315000e-08  2.94392789e-06 
 2.05325000e-08  1.00463756e+00  2.05325000e-08  1.32587904e-04  2.05325000e-08  3.41824423e-06 
 2.05335000e-08  1.04245422e+00  2.05335000e-08  1.28285761e-04  2.05335000e-08  2.76748125e-06 
 2.05345000e-08  1.08029425e+00  2.05345000e-08  1.25872464e-04  2.05345000e-08  3.24364151e-06 
 2.05355000e-08  1.11786454e+00  2.05355000e-08  1.21768359e-04  2.05355000e-08  2.60197803e-06 
 2.07535000e-08  1.94994093e+00  2.07535000e-08  8.62192297e-01  2.07535000e-08 -9.28599277e-05 
 2.07545000e-08  1.94994170e+00  2.07545000e-08  9.44091891e-01  2.07545000e-08 -1.38492971e-04 
 2.07555000e-08  1.94994184e+00  2.07555000e-08  1.02410035e+00  2.07555000e-08 -1.68943009e-04 
 2.07565000e-08  1.94994259e+00  2.07565000e-08  1.10220443e+00  2.07565000e-08 -1.88825976e-04 
 2.07575000e-08  1.94994271e+00  2.07575000e-08  1.17847721e+00  2.07575000e-08 -2.03904264e-04 
 2.07585000e-08  1.94994342e+00  2.07585000e-08  1.25309689e+00  2.07585000e-08 -2.30288482e-04 
 2.08725000e-08  1.94996828e+00  2.08725000e-08  1.94994095e+00  2.08725000e-08  8.91983358e-01 
 2.08735000e-08  1.94996829e+00  2.08735000e-08  1.94994739e+00  2.08735000e-08  9.52347067e-01 
 2.08745000e-08  1.94996850e+00  2.08745000e-08  1.94995329e+00  2.08745000e-08  1.01204918e+00 
 2.08755000e-08  1.94996853e+00  2.08755000e-08  1.94995839e+00  2.08755000e-08  1.07401343e+00 
 2.08765000e-08  1.94996874e+00  2.08765000e-08  1.94996272e+00  2.08765000e-08  1.14210450e+00 
 2.08775000e-08  1.94996877e+00  2.08775000e-08  1.94995620e+00  2.08775000e-08  1.21555572e+00 
 2.10665000e-08  1.15484994e+00  2.10665000e-08  1.94999939e+00  2.10665000e-08  1.94998985e+00 
 2.10675000e-08  1.10200063e+00  2.10675000e-08  1.94999944e+00  2.10675000e-08  1.94999664e+00 
 2.10685000e-08  1.04939130e+00  2.10685000e-08  1.94999940e+00  2.10685000e-08  1.94999008e+00 
 2.10695000e-08  9.96949965e-01  2.10695000e-08  1.94999945e+00  2.10695000e-08  1.94999483e+00 
 2.10705000e-08  9.44623255e-01  2.10705000e-08  1.94999941e+00  2.10705000e-08  1.94999066e+00 
 2.10715000e-08  8.92324575e-01  2.10715000e-08  1.94999946e+00  2.10715000e-08  1.94999709e+00 
 2.14745000e-08  4.77888352e-05  2.14745000e-08  1.18430863e+00  2.14745000e-08  1.94994237e+00 
 2.14755000e-08  4.63328760e-05  2.14755000e-08  1.13023242e+00  2.14755000e-08  1.94993708e+00 
 2.14765000e-08  4.48423316e-05  2.14765000e-08  1.07550696e+00  2.14765000e-08  1.94993454e+00 
 2.14775000e-08  4.37530874e-05  2.14775000e-08  1.02012413e+00  2.14775000e-08  1.94993724e+00 
 2.14785000e-08  4.28533609e-05  2.14785000e-08  9.64104202e-01  2.14785000e-08  1.94994588e+00 
 2.14795000e-08  4.22587350e-05  2.14795000e-08  9.07452478e-01  2.14795000e-08  1.94996167e+00 
 2.16525000e-08  9.28804507e-01  2.16525000e-08  1.22630803e-04  2.16525000e-08  1.94995469e+00 
 2.16535000e-08  9.65709888e-01  2.16535000e-08  1.18892633e-04  2.16535000e-08  1.94995685e+00 
 2.16545000e-08  1.00308794e+00  2.16545000e-08  1.16527656e-04  2.16545000e-08  1.94995727e+00 
 2.16555000e-08  1.04089818e+00  2.16555000e-08  1.12959689e-04  2.16555000e-08  1.94995934e+00 
 2.16565000e-08  1.07874539e+00  2.16565000e-08  1.10729818e-04  2.16565000e-08  1.94995970e+00 
 2.16575000e-08  1.11632751e+00  2.16575000e-08  1.07323929e-04  2.16575000e-08  1.94996168e+00 
 2.18755000e-08  1.94994090e+00  2.18755000e-08  8.60569498e-01  2.18755000e-08  1.95001697e+00 
 2.18765000e-08  1.94994168e+00  2.18765000e-08  9.42427240e-01  2.18765000e-08  1.94988659e+00 
 2.18775000e-08  1.94994182e+00  2.18775000e-08  1.02221939e+00  2.18775000e-08  1.94974004e+00 
 2.18785000e-08  1.94994257e+00  2.18785000e-08  1.09991640e+00  2.18785000e-08  1.94958036e+00 
 2.18795000e-08  1.94994269e+00  2.18795000e-08  1.17559389e+00  2.18795000e-08  1.94943195e+00 
 2.18805000e-08  1.94994341e+00  2.18805000e-08  1.24956781e+00  2.18805000e-08  1.94927349e+00 
 2.20085000e-08  1.94996985e+00  2.20085000e-08  1.94997965e+00  2.20085000e-08  1.18044308e+00 
 2.20095000e-08  1.94996985e+00  2.20095000e-08  1.95001131e+00  2.20095000e-08  1.12290296e+00 
 2.20105000e-08  1.94997006e+00  2.20105000e-08  1.95004288e+00  2.20105000e-08  1.06521301e+00 
 2.20115000e-08  1.94997009e+00  2.20115000e-08  1.95006941e+00  2.20115000e-08  1.00719344e+00 
 2.20125000e-08  1.94997031e+00  2.20125000e-08  1.95008848e+00  2.20125000e-08  9.48705391e-01 
 2.20135000e-08  1.94997034e+00  2.20135000e-08  1.95010206e+00  2.20135000e-08  8.89612276e-01 
 2.21885000e-08  1.15555785e+00  2.21885000e-08  1.94999925e+00  2.21885000e-08  7.33595024e-05 
 2.21895000e-08  1.10270670e+00  2.21895000e-08  1.94999945e+00  2.21895000e-08  7.46508635e-05 
 2.21905000e-08  1.05009524e+00  2.21905000e-08  1.94999925e+00  2.21905000e-08  6.88889032e-05 
 2.21915000e-08  9.97653248e-01  2.21915000e-08  1.94999946e+00  2.21915000e-08  7.03749953e-05 
 2.21925000e-08  9.45326205e-01  2.21925000e-08  1.94999926e+00  2.21925000e-08  6.44817867e-05 
 2.21935000e-08  8.93028471e-01  2.21935000e-08  1.94999947e+00  2.21935000e-08  6.60054066e-05 
 2.25965000e-08  4.77929908e-05  2.25965000e-08  1.18527619e+00  2.25965000e-08 -3.42152475e-06 
 2.25975000e-08  4.63332356e-05  2.25975000e-08  1.13120918e+00  2.25975000e-08 -2.20891325e-06 
 2.25985000e-08  4.48443832e-05  2.25985000e-08  1.07649369e+00  2.25985000e-08 -1.61062994e-06 
 2.25995000e-08  4.37592297e-05  2.25995000e-08  1.02112007e+00  2.25995000e-08  9.63198250e-07 
 2.26005000e-08  4.28626180e-05  2.26005000e-08  9.65110297e-01  2.26005000e-08  2.65288233e-06 
 2.26015000e-08  4.22701551e-05  2.26015000e-08  9.08468183e-01  2.26015000e-08  5.86889164e-06 
 2.27745000e-08  9.29283202e-01  2.27745000e-08  1.39736044e-04  2.27745000e-08  3.57698136e-06 
 2.27755000e-08  9.66192758e-01  2.27755000e-08  1.35266010e-04  2.27755000e-08  2.97495876e-06 
 2.27765000e-08  1.00357741e+00  2.27765000e-08  1.32641693e-04  2.27765000e-08  3.39135948e-06 
 2.27775000e-08  1.04139059e+00  2.27775000e-08  1.28380178e-04  2.27775000e-08  2.79775321e-06 
 2.27785000e-08  1.07923587e+00  2.27785000e-08  1.25922564e-04  2.27785000e-08  3.21702123e-06 
 2.27795000e-08  1.11681337e+00  2.27795000e-08  1.21859185e-04  2.27795000e-08  2.63212530e-06 
 2.29975000e-08  1.94994091e+00  2.29975000e-08  8.59706617e-01  2.29975000e-08 -9.12220936e-05 
 2.29985000e-08  1.94994169e+00  2.29985000e-08  9.41661128e-01  2.29985000e-08 -1.37137227e-04 
 2.29995000e-08  1.94994182e+00  2.29995000e-08  1.02172201e+00  2.29995000e-08 -1.68221408e-04 
 2.30005000e-08  1.94994257e+00  2.30005000e-08  1.09987778e+00  2.30005000e-08 -1.88253638e-04 
 2.30015000e-08  1.94994269e+00  2.30015000e-08  1.17620245e+00  2.30015000e-08 -2.03501576e-04 
 2.30025000e-08  1.94994341e+00  2.30025000e-08  1.25087130e+00  2.30025000e-08 -2.29584709e-04 
 2.31165000e-08  1.94996828e+00  2.31165000e-08  1.94994068e+00  2.31165000e-08  8.90178213e-01 
 2.31175000e-08  1.94996829e+00  2.31175000e-08  1.94994728e+00  2.31175000e-08  9.50577462e-01 
 2.31185000e-08  1.94996850e+00  2.31185000e-08  1.94995304e+00  2.31185000e-08  1.01027502e+00 
 2.31195000e-08  1.94996852e+00  2.31195000e-08  1.94995814e+00  2.31195000e-08  1.07212981e+00 
 2.31205000e-08  1.94996874e+00  2.31205000e-08  1.94996299e+00  2.31205000e-08  1.13995678e+00 
 2.31215000e-08  1.94996876e+00  2.31215000e-08  1.94995624e+00  2.31215000e-08  1.21340206e+00 
 2.32835000e-08  2.05290509e+00  2.32835000e-08  1.94999926e+00  2.32835000e-08  1.94999411e+00 
 2.33105000e-08  1.15627515e+00  2.33105000e-08  1.94999939e+00  2.33105000e-08  1.94998917e+00 
 2.33115000e-08  1.10341993e+00  2.33115000e-08  1.94999945e+00  2.33115000e-08  1.94999659e+00 
 2.33125000e-08  1.05080430e+00  2.33125000e-08  1.94999939e+00  2.33125000e-08  1.94998938e+00 
 2.33135000e-08  9.98359704e-01  2.33135000e-08  1.94999946e+00  2.33135000e-08  1.94999463e+00 
 2.33145000e-08  9.46030507e-01  2.33145000e-08  1.94999941e+00  2.33145000e-08  1.94998999e+00 
 2.33155000e-08  8.93732203e-01  2.33155000e-08  1.94999946e+00  2.33155000e-08  1.94999702e+00 
 2.37185000e-08  4.78241229e-05  2.37185000e-08  1.18577316e+00  2.37185000e-08  1.94994254e+00 
 2.37195000e-08  4.63726907e-05  2.37195000e-08  1.13171417e+00  2.37195000e-08  1.94993720e+00 
 2.37205000e-08  4.48810896e-05  2.37205000e-08  1.07700722e+00  2.37205000e-08  1.94993455e+00 
 2.37215000e-08  4.37759706e-05  2.37215000e-08  1.02164140e+00  2.37215000e-08  1.94993709e+00 
 2.37225000e-08  4.28740057e-05  2.37225000e-08  9.65639428e-01  2.37225000e-08  1.94994555e+00 
 2.37235000e-08  4.22689071e-05  2.37235000e-08  9.09003893e-01  2.37235000e-08  1.94996115e+00 
 2.38965000e-08  9.27968062e-01  2.38965000e-08  1.22678990e-04  2.38965000e-08  1.94995467e+00 
 2.38975000e-08  9.64866658e-01  2.38975000e-08  1.19012401e-04  2.38975000e-08  1.94995680e+00 
 2.38985000e-08  1.00223233e+00  2.38985000e-08  1.16572376e-04  2.38985000e-08  1.94995725e+00 
 2.38995000e-08  1.04003680e+00  2.38995000e-08  1.13074562e-04  2.38995000e-08  1.94995929e+00 
 2.39005000e-08  1.07788713e+00  2.39005000e-08  1.10771202e-04  2.39005000e-08  1.94995969e+00 
 2.39015000e-08  1.11547728e+00  2.39015000e-08  1.07434109e-04  2.39015000e-08  1.94996163e+00 
 2.41195000e-08  1.94994090e+00  2.41195000e-08  8.58683622e-01  2.41195000e-08  1.95002036e+00 
 2.41205000e-08  1.94994166e+00  2.41205000e-08  9.40586754e-01  2.41205000e-08  1.94988967e+00 
 2.41215000e-08  1.94994178e+00  2.41215000e-08  1.02042687e+00  2.41215000e-08  1.94974352e+00 
 2.41225000e-08  1.94994255e+00  2.41225000e-08  1.09817134e+00  2.41225000e-08  1.94958391e+00 
 2.41235000e-08  1.94994267e+00  2.41235000e-08  1.17389165e+00  2.41235000e-08  1.94943515e+00 
 2.41245000e-08  1.94994340e+00  2.41245000e-08  1.24790082e+00  2.41245000e-08  1.94927741e+00 
 2.42525000e-08  1.94996985e+00  2.42525000e-08  1.94997892e+00  2.42525000e-08  1.18183520e+00 
 2.42535000e-08  1.94996985e+00  2.42535000e-08  1.95001056e+00  2.42535000e-08  1.12429572e+00 
 2.42545000e-08  1.94997006e+00  2.42545000e-08  1.95004213e+00  2.42545000e-08  1.06661230e+00 
 2.42555000e-08  1.94997008e+00  2.42555000e-08  1.95006885e+00  2.42555000e-08  1.00860122e+00 
 2.42565000e-08  1.94997030e+00  2.42565000e-08  1.95008797e+00  2.42565000e-08  9.50127110e-01 
 2.42575000e-08  1.94997034e+00  2.42575000e-08  1.95010187e+00  2.42575000e-08  8.91048543e-01 
 2.44325000e-08  1.15787859e+00  2.44325000e-08  1.94999924e+00  2.44325000e-08  7.31628867e-05 
 2.44335000e-08  1.10501780e+00  2.44335000e-08  1.94999945e+00  2.44335000e-08  7.49896039e-05 
 2.44345000e-08  1.05239602e+00  2.44345000e-08  1.94999925e+00  2.44345000e-08  6.87052970e-05 
 2.44355000e-08  9.99948646e-01  2.44355000e-08  1.94999946e+00  2.44355000e-08  7.07195866e-05 
 2.44365000e-08  9.47617489e-01  2.44365000e-08  1.94999926e+00  2.44365000e-08  6.41148058e-05 
 2.44375000e-08  8.95320325e-01  2.44375000e-08  1.94999947e+00  2.44375000e-08  6.61346617e-05 
 2.48405000e-08  4.78546853e-05  2.48405000e-08  1.18760964e+00  2.48405000e-08 -3.43941442e-06 
 2.48415000e-08  4.64018693e-05  2.48415000e-08  1.13357010e+00  2.48415000e-08 -2.23741966e-06 
 2.48425000e-08  4.49121285e-05  2.48425000e-08  1.07888409e+00  2.48425000e-08 -1.69145307e-06 
 2.48435000e-08  4.37990936e-05  2.48435000e-08  1.02353757e+00  2.48435000e-08  8.82374140e-07 
 2.48445000e-08  4.28982435e-05  2.48445000e-08  9.67556404e-01  2.48445000e-08  2.53770993e-06 
 2.48455000e-08  4.22865242e-05  2.48455000e-08  9.10940091e-01  2.48455000e-08  5.75531069e-06 
 2.50185000e-08  9.27650690e-01  2.50185000e-08  1.39851826e-04  2.50185000e-08  3.52766372e-06 
 2.50195000e-08  9.64546698e-01  2.50195000e-08  1.35467090e-04  2.50195000e-08  3.03259475e-06 
 2.50205000e-08  1.00190759e+00  2.50205000e-08  1.32747879e-04  2.50205000e-08  3.34136895e-06 
 2.50215000e-08  1.03970978e+00  2.50215000e-08  1.28571222e-04  2.50215000e-08  2.85386869e-06 
 2.50225000e-08  1.07756125e+00  2.50225000e-08  1.26022373e-04  2.50225000e-08  3.16807062e-06 
 2.50235000e-08  1.11515443e+00  2.50235000e-08  1.22042393e-04  2.50235000e-08  2.68793724e-06 
 2.52415000e-08  1.94994089e+00  2.52415000e-08  8.55965028e-01  2.52415000e-08 -8.87457490e-05 
 2.52425000e-08  1.94994167e+00  2.52425000e-08  9.38001951e-01  2.52425000e-08 -1.35076938e-04 
 2.52435000e-08  1.94994180e+00  2.52435000e-08  1.01814936e+00  2.52435000e-08 -1.67260710e-04 
 2.52445000e-08  1.94994255e+00  2.52445000e-08  1.09639059e+00  2.52445000e-08 -1.87503720e-04 
 2.52455000e-08  1.94994267e+00  2.52455000e-08  1.17280496e+00  2.52455000e-08 -2.02995938e-04 
 2.52465000e-08  1.94994339e+00  2.52465000e-08  1.24755938e+00  2.52465000e-08 -2.28628764e-04 
 2.53605000e-08  1.94996827e+00  2.53605000e-08  1.94994029e+00  2.53605000e-08  8.87457153e-01 
 2.53615000e-08  1.94996828e+00  2.53615000e-08  1.94994713e+00  2.53615000e-08  9.47912220e-01 
 2.53625000e-08  1.94996850e+00  2.53625000e-08  1.94995266e+00  2.53625000e-08  1.00760769e+00 
 2.53635000e-08  1.94996851e+00  2.53635000e-08  1.94995775e+00  2.53635000e-08  1.06930241e+00 
 2.53645000e-08  1.94996874e+00  2.53645000e-08  1.94996341e+00  2.53645000e-08  1.13673229e+00 
 2.53655000e-08  1.94996875e+00  2.53655000e-08  1.94995632e+00  2.53655000e-08  1.21015880e+00 
 2.55545000e-08  1.15871052e+00  2.55545000e-08  1.94999937e+00  2.55545000e-08  1.94998558e+00 
 2.55555000e-08  1.10584518e+00  2.55555000e-08  1.94999946e+00  2.55555000e-08  1.94999166e+00 
 2.55565000e-08  1.05321871e+00  2.55565000e-08  1.94999938e+00  2.55565000e-08  1.94998668e+00 
 2.55575000e-08  1.00076843e+00  2.55575000e-08  1.94999947e+00  2.55575000e-08  1.94999521e+00 
 2.55585000e-08  9.48434867e-01  2.55585000e-08  1.94999939e+00  2.55585000e-08  1.94998721e+00 
 2.55595000e-08  8.96137118e-01  2.55595000e-08  1.94999948e+00  2.55595000e-08  1.94999301e+00 
 2.59625000e-08  4.78853803e-05  2.59625000e-08  1.18820683e+00  2.59625000e-08  1.94994283e+00 
 2.59635000e-08  4.64388880e-05  2.59635000e-08  1.13417648e+00  2.59635000e-08  1.94993740e+00 
 2.59645000e-08  4.49482848e-05  2.59645000e-08  1.07950028e+00  2.59645000e-08  1.94993457e+00 
 2.59655000e-08  4.38177098e-05  2.59655000e-08  1.02416273e+00  2.59655000e-08  1.94993685e+00 
 2.59665000e-08  4.29126672e-05  2.59665000e-08  9.68190622e-01  2.59665000e-08  1.94994502e+00 
 2.59675000e-08  4.22884916e-05  2.59675000e-08  9.11582032e-01  2.59675000e-08  1.94996030e+00 
 2.61405000e-08  9.26375282e-01  2.61405000e-08  1.22763493e-04  2.61405000e-08  1.94995464e+00 
 2.61415000e-08  9.63261533e-01  2.61415000e-08  1.19211048e-04  2.61415000e-08  1.94995671e+00 
 2.61425000e-08  1.00060350e+00  2.61425000e-08  1.16651006e-04  2.61425000e-08  1.94995723e+00 
 2.61435000e-08  1.03839633e+00  2.61435000e-08  1.13264974e-04  2.61435000e-08  1.94995920e+00 
 2.61445000e-08  1.07625215e+00  2.61445000e-08  1.10844186e-04  2.61445000e-08  1.94995967e+00 
 2.61455000e-08  1.11385740e+00  2.61455000e-08  1.07616632e-04  2.61455000e-08  1.94996155e+00 
 2.63635000e-08  1.94994086e+00  2.63635000e-08  8.55069968e-01  2.63635000e-08  1.95002678e+00 
 2.63645000e-08  1.94994165e+00  2.63645000e-08  9.37059820e-01  2.63645000e-08  1.94989554e+00 
 2.63655000e-08  1.94994178e+00  2.63655000e-08  1.01699165e+00  2.63655000e-08  1.94975014e+00 
 2.63665000e-08  1.94994254e+00  2.63665000e-08  1.09481740e+00  2.63665000e-08  1.94959065e+00 
 2.63675000e-08  1.94994265e+00  2.63675000e-08  1.17061050e+00  2.63675000e-08  1.94944129e+00 
 2.63685000e-08  1.94994340e+00  2.63685000e-08  1.24468742e+00  2.63685000e-08  1.94928511e+00 
 2.64965000e-08  1.94996984e+00  2.64965000e-08  1.94997754e+00  2.64965000e-08  1.18436072e+00 
 2.64975000e-08  1.94996984e+00  2.64975000e-08  1.95000915e+00  2.64975000e-08  1.12682251e+00 
 2.64985000e-08  1.94997005e+00  2.64985000e-08  1.95004073e+00  2.64985000e-08  1.06915124e+00 
 2.64995000e-08  1.94997007e+00  2.64995000e-08  1.95006794e+00  2.64995000e-08  1.01115568e+00 
 2.65005000e-08  1.94997030e+00  2.65005000e-08  1.95008714e+00  2.65005000e-08  9.52706955e-01 
 2.65015000e-08  1.94997033e+00  2.65015000e-08  1.95010152e+00  2.65015000e-08  8.93654888e-01 
 2.66765000e-08  1.16009186e+00  2.66765000e-08  1.94999924e+00  2.66765000e-08  7.29882124e-05 
 2.66775000e-08  1.10722170e+00  2.66775000e-08  1.94999946e+00  2.66775000e-08  7.59484907e-05 
 2.66785000e-08  1.05458990e+00  2.66785000e-08  1.94999925e+00  2.66785000e-08  6.82879548e-05 
 2.66795000e-08  1.00213720e+00  2.66795000e-08  1.94999946e+00  2.66795000e-08  7.12573984e-05 
 2.66805000e-08  9.49801899e-01  2.66805000e-08  1.94999926e+00  2.66805000e-08  6.38035589e-05 
 2.66815000e-08  8.97505104e-01  2.66815000e-08  1.94999947e+00  2.66815000e-08  6.68556230e-05 
 2.70845000e-08  4.79103596e-05  2.70845000e-08  1.18983405e+00  2.70845000e-08 -3.45919448e-06 
 2.70855000e-08  4.64626516e-05  2.70855000e-08  1.13582072e+00  2.70855000e-08 -2.25936723e-06 
 2.70865000e-08  4.49736335e-05  2.70865000e-08  1.08116281e+00  2.70865000e-08 -1.77060610e-06 
 2.70875000e-08  4.38371511e-05  2.70875000e-08  1.02584215e+00  2.70875000e-08  8.09260425e-07 
 2.70885000e-08  4.29333799e-05  2.70885000e-08  9.69888277e-01  2.70885000e-08  2.42530776e-06 
 2.70895000e-08  4.23041281e-05  2.70895000e-08  9.13296606e-01  2.70895000e-08  5.65006037e-06 
 2.72625000e-08  9.26163449e-01  2.72625000e-08  1.39957984e-04  2.72625000e-08  3.47888466e-06 
 2.72635000e-08  9.63048148e-01  2.72635000e-08  1.35657696e-04  2.72635000e-08  3.08854163e-06 
 2.72645000e-08  1.00038698e+00  2.72645000e-08  1.32846929e-04  2.72645000e-08  3.29303438e-06 
 2.72655000e-08  1.03817822e+00  2.72655000e-08  1.28753939e-04  2.72655000e-08  2.90926128e-06 
 2.72665000e-08  1.07603473e+00  2.72665000e-08  1.26114994e-04  2.72665000e-08  3.12041856e-06 
 2.72675000e-08  1.11364196e+00  2.72675000e-08  1.22216520e-04  2.72675000e-08  2.74217152e-06 
 2.74855000e-08  1.94994087e+00  2.74855000e-08  8.52667613e-01  2.74855000e-08 -8.65587219e-05 
 2.74865000e-08  1.94994165e+00  2.74865000e-08  9.34777045e-01  2.74865000e-08 -1.33238763e-04 
 2.74875000e-08  1.94994178e+00  2.74875000e-08  1.01500061e+00  2.74875000e-08 -1.66394010e-04 
 2.74885000e-08  1.94994254e+00  2.74885000e-08  1.09331734e+00  2.74885000e-08 -1.86847356e-04 
 2.74895000e-08  1.94994265e+00  2.74895000e-08  1.16980069e+00  2.74895000e-08 -2.02399155e-04 
 2.74905000e-08  1.94994339e+00  2.74905000e-08  1.24461987e+00  2.74905000e-08 -2.27660784e-04 
 2.76045000e-08  1.94996827e+00  2.76045000e-08  1.94993993e+00  2.76045000e-08  8.85014637e-01 
 2.76055000e-08  1.94996827e+00  2.76055000e-08  1.94994700e+00  2.76055000e-08  9.45521072e-01 
 2.76065000e-08  1.94996850e+00  2.76065000e-08  1.94995232e+00  2.76065000e-08  1.00521857e+00 
 2.76075000e-08  1.94996850e+00  2.76075000e-08  1.94995742e+00  2.76075000e-08  1.06677376e+00 
 2.76085000e-08  1.94996873e+00  2.76085000e-08  1.94996376e+00  2.76085000e-08  1.13384981e+00 
 2.76095000e-08  1.94996875e+00  2.76095000e-08  1.94995641e+00  2.76095000e-08  1.20724753e+00 
 2.77985000e-08  1.16113944e+00  2.77985000e-08  1.94999935e+00  2.77985000e-08  1.94999064e+00 
 2.77995000e-08  1.10826406e+00  2.77995000e-08  1.94999948e+00  2.77995000e-08  1.94999925e+00 
 2.78005000e-08  1.05562675e+00  2.78005000e-08  1.94999937e+00  2.78005000e-08  1.94999022e+00 
 2.78015000e-08  1.00317076e+00  2.78015000e-08  1.94999949e+00  2.78015000e-08  1.94999681e+00 
 2.78025000e-08  9.50832777e-01  2.78025000e-08  1.94999937e+00  2.78025000e-08  1.94998808e+00 
 2.78035000e-08  8.98535503e-01  2.78035000e-08  1.94999949e+00  2.78035000e-08  1.94999454e+00 
 2.82075000e-08  4.65135817e-05  2.82075000e-08  1.13669261e+00  2.82075000e-08  1.94993761e+00 
 2.82085000e-08  4.50233511e-05  2.82085000e-08  1.08204783e+00  2.82085000e-08  1.94993460e+00 
 2.82095000e-08  4.38638442e-05  2.82095000e-08  1.02673920e+00  2.82095000e-08  1.94993662e+00 
 2.82105000e-08  4.29543086e-05  2.82105000e-08  9.70797631e-01  2.82105000e-08  1.94994448e+00 
 2.82115000e-08  4.23084751e-05  2.82115000e-08  9.14216627e-01  2.82115000e-08  1.94995944e+00 
 2.82125000e-08  4.19244447e-05  2.82125000e-08  8.57039912e-01  2.82125000e-08  1.94998113e+00 
 2.83845000e-08  9.24422166e-01  2.83845000e-08  1.22836515e-04  2.83845000e-08  1.94995461e+00 
 2.83855000e-08  9.61294639e-01  2.83855000e-08  1.19423522e-04  2.83855000e-08  1.94995662e+00 
 2.83865000e-08  9.98607675e-01  2.83865000e-08  1.16718465e-04  2.83865000e-08  1.94995720e+00 
 2.83875000e-08  1.03638523e+00  2.83875000e-08  1.13468777e-04  2.83875000e-08  1.94995912e+00 
 2.83885000e-08  1.07424698e+00  2.83885000e-08  1.10906278e-04  2.83885000e-08  1.94995964e+00 
 2.83895000e-08  1.11187038e+00  2.83895000e-08  1.07812133e-04  2.83895000e-08  1.94996147e+00 
 2.86075000e-08  1.94994085e+00  2.86075000e-08  8.50742700e-01  2.86075000e-08  1.95003435e+00 
 2.86085000e-08  1.94994163e+00  2.86085000e-08  9.32836016e-01  2.86085000e-08  1.94990253e+00 
 2.86095000e-08  1.94994174e+00  2.86095000e-08  1.01287742e+00  2.86095000e-08  1.94975802e+00 
 2.86105000e-08  1.94994252e+00  2.86105000e-08  1.09081258e+00  2.86105000e-08  1.94959901e+00 
 2.86115000e-08  1.94994264e+00  2.86115000e-08  1.16670508e+00  2.86115000e-08  1.94944862e+00 
 2.86125000e-08  1.94994336e+00  2.86125000e-08  1.24086382e+00  2.86125000e-08  1.94929387e+00 
 2.87405000e-08  1.94996984e+00  2.87405000e-08  1.94997589e+00  2.87405000e-08  1.18735810e+00 
 2.87415000e-08  1.94996983e+00  2.87415000e-08  1.95000748e+00  2.87415000e-08  1.12982112e+00 
 2.87425000e-08  1.94997005e+00  2.87425000e-08  1.95003904e+00  2.87425000e-08  1.07216385e+00 
 2.87435000e-08  1.94997006e+00  2.87435000e-08  1.95006687e+00  2.87435000e-08  1.01418636e+00 
 2.87445000e-08  1.94997029e+00  2.87445000e-08  1.95008612e+00  2.87445000e-08  9.55767465e-01 
 2.87455000e-08  1.94997032e+00  2.87455000e-08  1.95010110e+00  2.87455000e-08  8.96746712e-01 
 2.89205000e-08  1.16316495e+00  2.89205000e-08  1.94999924e+00  2.89205000e-08  7.22511883e-05 
 2.89215000e-08  1.11028220e+00  2.89215000e-08  1.94999946e+00  2.89215000e-08  7.65067033e-05 
 2.89225000e-08  1.05763666e+00  2.89225000e-08  1.94999924e+00  2.89225000e-08  6.73698326e-05 
 2.89235000e-08  1.00517664e+00  2.89235000e-08  1.94999947e+00  2.89235000e-08  7.16678015e-05 
 2.89245000e-08  9.52835621e-01  2.89245000e-08  1.94999925e+00  2.89245000e-08  6.30134665e-05 
 2.89255000e-08  9.00539395e-01  2.89255000e-08  1.94999948e+00  2.89255000e-08  6.74178206e-05 
 2.93295000e-08  4.65693800e-05  2.93295000e-08  1.13889113e+00  2.93295000e-08 -2.28663910e-06 
 2.93305000e-08  4.50777676e-05  2.93305000e-08  1.08427159e+00  2.93305000e-08 -1.87642654e-06 
 2.93315000e-08  4.39005090e-05  2.93315000e-08  1.02898622e+00  2.93315000e-08  7.11058629e-07 
 2.93325000e-08  4.29895048e-05  2.93325000e-08  9.73069635e-01  2.93325000e-08  2.27249313e-06 
 2.93335000e-08  4.23313264e-05  2.93335000e-08  9.16511648e-01  2.93335000e-08  5.50680275e-06 
 2.93345000e-08  4.19448652e-05  2.93345000e-08  8.59359317e-01  2.93345000e-08  7.60212251e-06 
 2.95065000e-08  9.23920122e-01  2.95065000e-08  1.40074205e-04  2.95065000e-08  3.38387761e-06 
 2.95075000e-08  9.60789298e-01  2.95075000e-08  1.35949021e-04  2.95075000e-08  3.19312091e-06 
 2.95085000e-08  9.98094950e-01  2.95085000e-08  1.32955853e-04  2.95085000e-08  3.19983491e-06 
 2.95095000e-08  1.03586839e+00  2.95095000e-08  1.29033657e-04  2.95095000e-08  3.01293626e-06 
 2.95105000e-08  1.07373155e+00  2.95105000e-08  1.26214477e-04  2.95105000e-08  3.02749619e-06 
 2.95115000e-08  1.11135954e+00  2.95115000e-08  1.22483449e-04  2.95115000e-08  2.84373932e-06 
 2.97295000e-08  1.94994083e+00  2.97295000e-08  8.47626269e-01  2.97295000e-08 -8.31820338e-05 
 2.97305000e-08  1.94994162e+00  2.97305000e-08  9.29841962e-01  2.97305000e-08 -1.30305325e-04 
 2.97315000e-08  1.94994174e+00  2.97315000e-08  1.01017790e+00  2.97315000e-08 -1.64964859e-04 
 2.97325000e-08  1.94994251e+00  2.97325000e-08  1.08861047e+00  2.97325000e-08 -1.85877513e-04 
 2.97335000e-08  1.94994262e+00  2.97335000e-08  1.16519981e+00  2.97335000e-08 -2.01512627e-04 
 2.97345000e-08  1.94994336e+00  2.97345000e-08  1.24011763e+00  2.97345000e-08 -2.26205630e-04 
 2.98485000e-08  1.94996826e+00  2.98485000e-08  1.94993941e+00  2.98485000e-08  8.81267807e-01 
 2.98495000e-08  1.94996826e+00  2.98495000e-08  1.94994678e+00  2.98495000e-08  9.41855144e-01 
 2.98505000e-08  1.94996849e+00  2.98505000e-08  1.94995179e+00  2.98505000e-08  1.00156226e+00 
 2.98515000e-08  1.94996849e+00  2.98515000e-08  1.94995717e+00  2.98515000e-08  1.06286600e+00 
 2.98525000e-08  1.94996873e+00  2.98525000e-08  1.94996386e+00  2.98525000e-08  1.12946643e+00 
 2.98535000e-08  1.94996873e+00  2.98535000e-08  1.94995660e+00  2.98535000e-08  1.20276800e+00 
 3.00425000e-08  1.16491988e+00  3.00425000e-08  1.94999934e+00  3.00425000e-08  1.94998600e+00 
 3.00435000e-08  1.11202893e+00  3.00435000e-08  1.94999949e+00  3.00435000e-08  1.94999561e+00 
 3.00445000e-08  1.05937446e+00  3.00445000e-08  1.94999935e+00  3.00445000e-08  1.94998635e+00 
 3.00455000e-08  1.00690921e+00  3.00455000e-08  1.94999950e+00  3.00455000e-08  1.94999306e+00 
 3.00465000e-08  9.54563960e-01  3.00465000e-08  1.94999936e+00  3.00465000e-08  1.94998710e+00 
 3.00475000e-08  9.02267243e-01  3.00475000e-08  1.94999950e+00  3.00475000e-08  1.94999616e+00 
 3.04515000e-08  4.66373857e-05  3.04515000e-08  1.14082865e+00  3.04515000e-08  1.94993795e+00 
 3.04525000e-08  4.51461363e-05  3.04525000e-08  1.08623557e+00  3.04525000e-08  1.94993469e+00 
 3.04535000e-08  4.39399691e-05  3.04535000e-08  1.03097456e+00  3.04535000e-08  1.94993626e+00 
 3.04545000e-08  4.30228369e-05  3.04545000e-08  9.75083297e-01  3.04545000e-08  1.94994366e+00 
 3.04555000e-08  4.23428089e-05  3.04555000e-08  9.18547807e-01  3.04555000e-08  1.94995805e+00 
 3.04565000e-08  4.19484784e-05  3.04565000e-08  8.61417830e-01  3.04565000e-08  1.94997923e+00 
 3.06285000e-08  9.21768376e-01  3.06285000e-08  1.22930883e-04  3.06285000e-08  1.94995454e+00 
 3.06295000e-08  9.58624314e-01  3.06295000e-08  1.19802206e-04  3.06295000e-08  1.94995649e+00 
 3.06305000e-08  9.95898108e-01  3.06305000e-08  1.16803857e-04  3.06305000e-08  1.94995714e+00 
 3.06315000e-08  1.03365303e+00  3.06315000e-08  1.13832774e-04  3.06315000e-08  1.94995899e+00 
 3.06325000e-08  1.07152130e+00  3.06325000e-08  1.10983190e-04  3.06325000e-08  1.94995958e+00 
 3.06335000e-08  1.10916872e+00  3.06335000e-08  1.08162136e-04  3.06335000e-08  1.94996135e+00 
 3.08515000e-08  1.94994082e+00  3.08515000e-08  8.44750095e-01  3.08515000e-08  1.95004462e+00 
 3.08525000e-08  1.94994159e+00  3.08525000e-08  9.26985558e-01  3.08525000e-08  1.94991212e+00 
 3.08535000e-08  1.94994172e+00  3.08535000e-08  1.00717803e+00  3.08535000e-08  1.94976891e+00 
 3.08545000e-08  1.94994248e+00  3.08545000e-08  1.08526480e+00  3.08545000e-08  1.94961053e+00 
 3.08555000e-08  1.94994260e+00  3.08555000e-08  1.16130775e+00  3.08555000e-08  1.94945815e+00 
 3.08565000e-08  1.94994333e+00  3.08565000e-08  1.23559341e+00  3.08565000e-08  1.94930598e+00 
 3.09845000e-08  1.94996984e+00  3.09845000e-08  1.94997366e+00  3.09845000e-08  1.19139175e+00 
 3.09855000e-08  1.94996982e+00  3.09855000e-08  1.95000522e+00  3.09855000e-08  1.13385606e+00 
 3.09865000e-08  1.94997004e+00  3.09865000e-08  1.95003674e+00  3.09865000e-08  1.07621709e+00 
 3.09875000e-08  1.94997005e+00  3.09875000e-08  1.95006539e+00  3.09875000e-08  1.01826340e+00 
 3.09885000e-08  1.94997029e+00  3.09885000e-08  1.95008473e+00  3.09885000e-08  9.59884307e-01 
 3.09895000e-08  1.94997031e+00  3.09895000e-08  1.95010051e+00  3.09895000e-08  9.00905514e-01 
 3.11645000e-08  1.16732109e+00  3.11645000e-08  1.94999923e+00  3.11645000e-08  7.15074734e-05 
 3.11655000e-08  1.11442086e+00  3.11655000e-08  1.94999947e+00  3.11655000e-08  7.77331152e-05 
 3.11665000e-08  1.06175600e+00  3.11665000e-08  1.94999924e+00  3.11665000e-08  6.71708077e-05 
 3.11675000e-08  1.00928526e+00  3.11675000e-08  1.94999948e+00  3.11675000e-08  7.35247818e-05 
 3.11685000e-08  9.56935823e-01  3.11685000e-08  1.94999925e+00  3.11685000e-08  6.24671928e-05 
 3.11695000e-08  9.04639757e-01  3.11695000e-08  1.94999948e+00  3.11695000e-08  6.87222241e-05 
 3.15735000e-08  4.66885158e-05  3.15735000e-08  1.14336728e+00  3.15735000e-08 -2.32587506e-06 
 3.15745000e-08  4.51994322e-05  3.15745000e-08  1.08880369e+00  3.15745000e-08 -2.02603484e-06 
 3.15755000e-08  4.39771364e-05  3.15755000e-08  1.03356989e+00  3.15755000e-08  5.67591011e-07 
 3.15765000e-08  4.30594221e-05  3.15765000e-08  9.77707771e-01  3.15765000e-08  2.05088752e-06 
 3.15775000e-08  4.23662832e-05  3.15775000e-08  9.21199106e-01  3.15775000e-08  5.24998440e-06 
 3.15785000e-08  4.19703900e-05  3.15785000e-08  8.64097374e-01  3.15785000e-08  7.32184103e-06 
 3.17505000e-08  9.20605720e-01  3.17505000e-08  1.40251594e-04  3.17505000e-08  3.27976728e-06 
 3.17515000e-08  9.57455164e-01  3.17515000e-08  1.36365563e-04  3.17515000e-08  3.31236122e-06 
 3.17525000e-08  9.94711791e-01  3.17525000e-08  1.33119961e-04  3.17525000e-08  3.09623056e-06 
 3.17535000e-08  1.03245610e+00  3.17535000e-08  1.29432065e-04  3.17535000e-08  3.13078723e-06 
 3.17545000e-08  1.07032661e+00  3.17545000e-08  1.26365501e-04  3.17545000e-08  2.92408758e-06 
 3.17555000e-08  1.10798430e+00  3.17555000e-08  1.22864884e-04  3.17555000e-08  2.96009432e-06 
 3.19735000e-08  1.94994080e+00  3.19735000e-08  8.40084813e-01  3.19735000e-08 -7.81123960e-05 
 3.19745000e-08  1.94994158e+00  3.19745000e-08  9.22463651e-01  3.19745000e-08 -1.26233772e-04 
 3.19755000e-08  1.94994172e+00  3.19755000e-08  1.00297318e+00  3.19755000e-08 -1.63735284e-04 
 3.19765000e-08  1.94994246e+00  3.19765000e-08  1.08157833e+00  3.19765000e-08 -1.85197556e-04 
 3.19775000e-08  1.94994259e+00  3.19775000e-08  1.15832773e+00  3.19775000e-08 -2.00249196e-04 
 3.19785000e-08  1.94994332e+00  3.19785000e-08  1.23339214e+00  3.19785000e-08 -2.23842571e-04 
 3.20925000e-08  1.94996825e+00  3.20925000e-08  1.94993908e+00  3.20925000e-08  8.75699722e-01 
 3.20935000e-08  1.94996825e+00  3.20935000e-08  1.94994604e+00  3.20935000e-08  9.36412124e-01 
 3.20945000e-08  1.94996848e+00  3.20945000e-08  1.94995142e+00  3.20945000e-08  9.96146664e-01 
 3.20955000e-08  1.94996848e+00  3.20955000e-08  1.94995685e+00  3.20955000e-08  1.05705760e+00 
 3.20965000e-08  1.94996872e+00  3.20965000e-08  1.94996368e+00  3.20965000e-08  1.12304006e+00 
 3.20975000e-08  1.94996872e+00  3.20975000e-08  1.94995662e+00  3.20975000e-08  1.19609542e+00 
 3.22865000e-08  1.17001574e+00  3.22865000e-08  1.94999937e+00  3.22865000e-08  1.94998730e+00 
 3.22875000e-08  1.11710372e+00  3.22875000e-08  1.94999946e+00  3.22875000e-08  1.94999561e+00 
 3.22885000e-08  1.06442575e+00  3.22885000e-08  1.94999937e+00  3.22885000e-08  1.94998754e+00 
 3.22895000e-08  1.01194747e+00  3.22895000e-08  1.94999946e+00  3.22895000e-08  1.94999329e+00 
 3.22905000e-08  9.59591852e-01  3.22905000e-08  1.94999938e+00  3.22905000e-08  1.94998824e+00 
 3.22915000e-08  9.07295366e-01  3.22915000e-08  1.94999947e+00  3.22915000e-08  1.94999610e+00 
 3.26955000e-08  4.67704720e-05  3.26955000e-08  1.14573388e+00  3.26955000e-08  1.94993836e+00 
 3.26965000e-08  4.52829286e-05  3.26965000e-08  1.09120208e+00  3.26965000e-08  1.94993485e+00 
 3.26975000e-08  4.40291597e-05  3.26975000e-08  1.03599773e+00  3.26975000e-08  1.94993586e+00 
 3.26985000e-08  4.31053469e-05  3.26985000e-08  9.80166196e-01  3.26985000e-08  1.94994274e+00 
 3.26995000e-08  4.23876063e-05  3.26995000e-08  9.23684987e-01  3.26995000e-08  1.94995643e+00 
 3.27005000e-08  4.19830302e-05  3.27005000e-08  8.66610591e-01  3.27005000e-08  1.94997705e+00 
 3.28725000e-08  9.18260751e-01  3.28725000e-08  1.23056750e-04  3.28725000e-08  1.94995449e+00 
 3.28735000e-08  9.55098636e-01  3.28735000e-08  1.20234533e-04  3.28735000e-08  1.94995630e+00 
 3.28745000e-08  9.92321133e-01  3.28745000e-08  1.16918711e-04  3.28745000e-08  1.94995709e+00 
 3.28755000e-08  1.03004280e+00  3.28755000e-08  1.14247390e-04  3.28755000e-08  1.94995882e+00 
 3.28765000e-08  1.06791691e+00  3.28765000e-08  1.11088146e-04  3.28765000e-08  1.94995954e+00 
 3.28775000e-08  1.10559476e+00  3.28775000e-08  1.08560826e-04  3.28775000e-08  1.94996118e+00 
 3.30955000e-08  1.94994080e+00  3.30955000e-08  8.36797389e-01  3.30955000e-08  1.95005783e+00 
 3.30965000e-08  1.94994154e+00  3.30965000e-08  9.19219632e-01  3.30965000e-08  1.94992472e+00 
 3.30975000e-08  1.94994169e+00  3.30975000e-08  9.99611623e-01  3.30975000e-08  1.94978330e+00 
 3.30985000e-08  1.94994243e+00  3.30985000e-08  1.07789967e+00  3.30985000e-08  1.94962578e+00 
 3.30995000e-08  1.94994258e+00  3.30995000e-08  1.15412784e+00  3.30995000e-08  1.94947091e+00 
 3.31005000e-08  1.94994329e+00  3.31005000e-08  1.22856704e+00  3.31005000e-08  1.94932213e+00 
 3.32285000e-08  1.94996982e+00  3.32285000e-08  1.94997099e+00  3.32285000e-08  1.19688004e+00 
 3.32295000e-08  1.94996982e+00  3.32295000e-08  1.95000175e+00  3.32295000e-08  1.13934525e+00 
 3.32305000e-08  1.94997003e+00  3.32305000e-08  1.95003394e+00  3.32305000e-08  1.08172944e+00 
 3.32315000e-08  1.94997004e+00  3.32315000e-08  1.95006297e+00  3.32315000e-08  1.02380690e+00 
 3.32325000e-08  1.94997028e+00  3.32325000e-08  1.95008315e+00  3.32325000e-08  9.65480501e-01 
 3.32335000e-08  1.94997030e+00  3.32335000e-08  1.95009932e+00  3.32335000e-08  9.06558091e-01 
 3.34085000e-08  1.17243700e+00  3.34085000e-08  1.94999929e+00  3.34085000e-08  7.32573636e-05 
 3.34095000e-08  1.11951541e+00  3.34095000e-08  1.94999941e+00  3.34095000e-08  7.67931558e-05 
 3.34105000e-08  1.06682645e+00  3.34105000e-08  1.94999929e+00  3.34105000e-08  6.83043738e-05 
 3.34115000e-08  1.01434215e+00  3.34115000e-08  1.94999942e+00  3.34115000e-08  7.18424663e-05 
 3.34125000e-08  9.61981691e-01  3.34125000e-08  1.94999931e+00  3.34125000e-08  6.41535550e-05 
 3.34135000e-08  9.09685407e-01  3.34135000e-08  1.94999943e+00  3.34135000e-08  6.77855451e-05 
 3.38175000e-08  4.68281839e-05  3.38175000e-08  1.14811984e+00  3.38175000e-08 -2.54814742e-06 
 3.38185000e-08  4.53421662e-05  3.38185000e-08  1.09361560e+00  3.38185000e-08 -2.00034018e-06 
 3.38195000e-08  4.40699477e-05  3.38195000e-08  1.03843679e+00  3.38195000e-08  2.54104620e-07 
 3.38205000e-08  4.31433477e-05  3.38205000e-08  9.82632516e-01  3.38205000e-08  1.96258480e-06 
 3.38215000e-08  4.24106632e-05  3.38215000e-08  9.26176550e-01  3.38215000e-08  4.88250812e-06 
 3.38225000e-08  4.20016066e-05  3.38225000e-08  8.69128660e-01  3.38225000e-08  7.23144277e-06 
 3.39945000e-08  9.16991127e-01  3.39945000e-08  1.40445322e-04  3.39945000e-08  3.23205122e-06 
 3.39955000e-08  9.53823638e-01  3.39955000e-08  1.36806937e-04  3.39955000e-08  3.37637128e-06 
 3.39965000e-08  9.91027955e-01  3.39965000e-08  1.33298567e-04  3.39965000e-08  3.04810203e-06 
 3.39975000e-08  1.02873671e+00  3.39975000e-08  1.29853133e-04  3.39975000e-08  3.19369119e-06 
 3.39985000e-08  1.06661220e+00  3.39985000e-08  1.26531447e-04  3.39985000e-08  2.87609957e-06 
 3.39995000e-08  1.10430066e+00  3.39995000e-08  1.23268052e-04  3.39995000e-08  3.02238700e-06 
 3.42175000e-08  1.94994077e+00  3.42175000e-08  8.32001804e-01  3.42175000e-08 -7.27278781e-05 
 3.42185000e-08  1.94994151e+00  3.42185000e-08  9.14553159e-01  3.42185000e-08 -1.22144874e-04 
 3.42195000e-08  1.94994169e+00  3.42195000e-08  9.95253058e-01  3.42195000e-08 -1.60487981e-04 
 3.42205000e-08  1.94994240e+00  3.42205000e-08  1.07404762e+00  3.42205000e-08 -1.82102766e-04 
 3.42215000e-08  1.94994256e+00  3.42215000e-08  1.15095966e+00  3.42215000e-08 -1.98478108e-04 
 3.42225000e-08  1.94994326e+00  3.42225000e-08  1.22617002e+00  3.42225000e-08 -2.20966292e-04 
 3.43365000e-08  1.94996824e+00  3.43365000e-08  1.94993868e+00  3.43365000e-08  8.69698610e-01 
 3.43375000e-08  1.94996824e+00  3.43375000e-08  1.94994530e+00  3.43375000e-08  9.30549839e-01 
 3.43385000e-08  1.94996847e+00  3.43385000e-08  1.94995095e+00  3.43385000e-08  9.90328149e-01 
 3.43395000e-08  1.94996847e+00  3.43395000e-08  1.94995648e+00  3.43395000e-08  1.05089843e+00 
 3.43405000e-08  1.94996870e+00  3.43405000e-08  1.94996335e+00  3.43405000e-08  1.11620772e+00 
 3.43415000e-08  1.94996871e+00  3.43415000e-08  1.94995686e+00  3.43415000e-08  1.18890657e+00 
 3.45305000e-08  1.17520497e+00  3.45305000e-08  1.94999939e+00  3.45305000e-08  1.94998958e+00 
 3.45315000e-08  1.12227137e+00  3.45315000e-08  1.94999943e+00  3.45315000e-08  1.94999431e+00 
 3.45325000e-08  1.06956876e+00  3.45325000e-08  1.94999941e+00  3.45325000e-08  1.94999015e+00 
 3.45335000e-08  1.01707647e+00  3.45335000e-08  1.94999945e+00  3.45335000e-08  1.94999669e+00 
 3.45345000e-08  9.64709444e-01  3.45345000e-08  1.94999942e+00  3.45345000e-08  1.94999022e+00 
 3.45355000e-08  9.12412531e-01  3.45355000e-08  1.94999945e+00  3.45355000e-08  1.94999471e+00 
 3.49395000e-08  4.69065021e-05  3.49395000e-08  1.15117379e+00  3.49395000e-08  1.94993884e+00 
 3.49405000e-08  4.54247940e-05  3.49405000e-08  1.09670994e+00  3.49405000e-08  1.94993507e+00 
 3.49415000e-08  4.41249589e-05  3.49415000e-08  1.04156861e+00  3.49415000e-08  1.94993547e+00 
 3.49425000e-08  4.31937566e-05  3.49425000e-08  9.85803406e-01  3.49425000e-08  1.94994179e+00 
 3.49435000e-08  4.24372827e-05  3.49435000e-08  9.29382715e-01  3.49435000e-08  1.94995471e+00 
 3.49445000e-08  4.20194283e-05  3.49445000e-08  8.72370164e-01  3.49445000e-08  1.94997470e+00 
 3.51175000e-08  9.51533540e-01  3.51175000e-08  1.20711398e-04  3.51175000e-08  1.94995608e+00 
 3.51185000e-08  9.88701071e-01  3.51185000e-08  1.17058661e-04  3.51185000e-08  1.94995706e+00 
 3.51195000e-08  1.02638390e+00  3.51195000e-08  1.14704996e-04  3.51195000e-08  1.94995861e+00 
 3.51205000e-08  1.06426468e+00  3.51205000e-08  1.11216400e-04  3.51205000e-08  1.94995951e+00 
 3.51215000e-08  1.10197311e+00  3.51215000e-08  1.09000247e-04  3.51215000e-08  1.94996098e+00 
 3.51225000e-08  1.13931417e+00  3.51225000e-08  1.05666227e-04  3.51225000e-08  1.94996182e+00 
 3.53395000e-08  1.94994078e+00  3.53395000e-08  8.28791646e-01  3.53395000e-08  1.95007058e+00 
 3.53405000e-08  1.94994147e+00  3.53405000e-08  9.11398762e-01  3.53405000e-08  1.94993723e+00 
 3.53415000e-08  1.94994167e+00  3.53415000e-08  9.91991200e-01  3.53415000e-08  1.94979772e+00 
 3.53425000e-08  1.94994236e+00  3.53425000e-08  1.07048096e+00  3.53425000e-08  1.94964107e+00 
 3.53435000e-08  1.94994256e+00  3.53435000e-08  1.14689855e+00  3.53435000e-08  1.94948368e+00 
 3.53445000e-08  1.94994321e+00  3.53445000e-08  1.22151397e+00  3.53445000e-08  1.94933809e+00 
 3.54735000e-08  1.94996981e+00  3.54735000e-08  1.94999856e+00  3.54735000e-08  1.14485918e+00 
 3.54745000e-08  1.94997001e+00  3.54745000e-08  1.95003114e+00  3.54745000e-08  1.08726448e+00 
 3.54755000e-08  1.94997004e+00  3.54755000e-08  1.95006037e+00  3.54755000e-08  1.02937168e+00 
 3.54765000e-08  1.94997026e+00  3.54765000e-08  1.95008156e+00  3.54765000e-08  9.71096325e-01 
 3.54775000e-08  1.94997030e+00  3.54775000e-08  1.95009797e+00  3.54775000e-08  9.12229593e-01 
 3.54785000e-08  1.94997051e+00  3.54785000e-08  1.95010671e+00  3.54785000e-08  8.52743040e-01 
 3.56525000e-08  1.17770583e+00  3.56525000e-08  1.94999934e+00  3.56525000e-08  7.43009383e-05 
 3.56535000e-08  1.12476195e+00  3.56535000e-08  1.94999935e+00  3.56535000e-08  7.56058021e-05 
 3.56545000e-08  1.07204740e+00  3.56545000e-08  1.94999935e+00  3.56545000e-08  6.94244319e-05 
 3.56555000e-08  1.01954819e+00  3.56555000e-08  1.94999936e+00  3.56555000e-08  7.08296416e-05 
 3.56565000e-08  9.67175429e-01  3.56565000e-08  1.94999936e+00  3.56565000e-08  6.51663357e-05 
 3.56575000e-08  9.14878141e-01  3.56575000e-08  1.94999937e+00  3.56575000e-08  6.66721956e-05 
 3.60615000e-08  4.69695548e-05  3.60615000e-08  1.15368818e+00  3.60615000e-08 -2.75425778e-06 
 3.60625000e-08  4.54923039e-05  3.60625000e-08  1.09925260e+00  3.60625000e-08 -2.00750246e-06 
 3.60635000e-08  4.41701334e-05  3.60635000e-08  1.04413926e+00  3.60635000e-08 -7.54629312e-08 
 3.60645000e-08  4.32363031e-05  3.60645000e-08  9.88402100e-01  3.60645000e-08  1.83033403e-06 
 3.60655000e-08  4.24606065e-05  3.60655000e-08  9.32008970e-01  3.60655000e-08  4.51298231e-06 
 3.60665000e-08  4.20374173e-05  3.60665000e-08  8.75023707e-01  3.60665000e-08  7.10525918e-06 
 3.62395000e-08  9.49841532e-01  3.62395000e-08  1.37322358e-04  3.62395000e-08  3.46098260e-06 
 3.62405000e-08  9.86985810e-01  3.62405000e-08  1.33509105e-04  3.62405000e-08  2.98357517e-06 
 3.62415000e-08  1.02464971e+00  3.62415000e-08  1.30343966e-04  3.62415000e-08  3.27613672e-06 
 3.62425000e-08  1.06253049e+00  3.62425000e-08  1.26724884e-04  3.62425000e-08  2.81056189e-06 
 3.62435000e-08  1.10025207e+00  3.62435000e-08  1.23738556e-04  3.62435000e-08  3.10439098e-06 
 3.62445000e-08  1.13761243e+00  3.62445000e-08  1.20299614e-04  3.62445000e-08  2.64932682e-06 
 3.64615000e-08  1.94994075e+00  3.64615000e-08  8.23227697e-01  3.64615000e-08 -6.69385340e-05 
 3.64625000e-08  1.94994143e+00  3.64625000e-08  9.05963880e-01  3.64625000e-08 -1.17548939e-04 
 3.64635000e-08  1.94994168e+00  3.64635000e-08  9.86863994e-01  3.64635000e-08 -1.57388711e-04 
 3.64645000e-08  1.94994232e+00  3.64645000e-08  1.06585902e+00  3.64645000e-08 -1.80095206e-04 
 3.64655000e-08  1.94994255e+00  3.64655000e-08  1.14297131e+00  3.64655000e-08 -1.97565342e-04 
 3.64665000e-08  1.94994317e+00  3.64665000e-08  1.21837793e+00  3.64665000e-08 -2.17692848e-04 
 3.65805000e-08  1.94996821e+00  3.65805000e-08  1.94993824e+00  3.65805000e-08  8.63147182e-01 
 3.65815000e-08  1.94996824e+00  3.65815000e-08  1.94994456e+00  3.65815000e-08  9.24159171e-01 
 3.65825000e-08  1.94996844e+00  3.65825000e-08  1.94995039e+00  3.65825000e-08  9.84004107e-01 
 3.65835000e-08  1.94996847e+00  3.65835000e-08  1.94995607e+00  3.65835000e-08  1.04428809e+00 
 3.65845000e-08  1.94996868e+00  3.65845000e-08  1.94996285e+00  3.65845000e-08  1.10889583e+00 
 3.65855000e-08  1.94996871e+00  3.65855000e-08  1.94995739e+00  3.65855000e-08  1.18108865e+00 
 3.67745000e-08  1.18051629e+00  3.67745000e-08  1.94999941e+00  3.67745000e-08  1.94999166e+00 
 3.67755000e-08  1.12756096e+00  3.67755000e-08  1.94999941e+00  3.67755000e-08  1.94999497e+00 
 3.67765000e-08  1.07483292e+00  3.67765000e-08  1.94999943e+00  3.67765000e-08  1.94999214e+00 
 3.67775000e-08  1.02232579e+00  3.67775000e-08  1.94999942e+00  3.67775000e-08  1.94999688e+00 
 3.67785000e-08  9.69946435e-01  3.67785000e-08  1.94999944e+00  3.67785000e-08  1.94999220e+00 
 3.67795000e-08  9.17648641e-01  3.67795000e-08  1.94999943e+00  3.67795000e-08  1.94999532e+00 
 3.71835000e-08  4.70460071e-05  3.71835000e-08  1.15659262e+00  3.71835000e-08  1.94993934e+00 
 3.71845000e-08  4.55732396e-05  3.71845000e-08  1.10219295e+00  3.71845000e-08  1.94993533e+00 
 3.71855000e-08  4.42238352e-05  3.71855000e-08  1.04711821e+00  3.71855000e-08  1.94993515e+00 
 3.71865000e-08  4.32868248e-05  3.71865000e-08  9.91416066e-01  3.71865000e-08  1.94994091e+00 
 3.71875000e-08  4.24882262e-05  3.71875000e-08  9.35059223e-01  3.71875000e-08  1.94995305e+00 
 3.71885000e-08  4.20583977e-05  3.71885000e-08  8.78105749e-01  3.71885000e-08  1.94997242e+00 
 3.73615000e-08  9.47841689e-01  3.73615000e-08  1.21170582e-04  3.73615000e-08  1.94995586e+00 
 3.73625000e-08  9.84957383e-01  3.73625000e-08  1.17202045e-04  3.73625000e-08  1.94995702e+00 
 3.73635000e-08  1.02259675e+00  3.73635000e-08  1.15145141e-04  3.73635000e-08  1.94995839e+00 
 3.73645000e-08  1.06047601e+00  3.73645000e-08  1.11348599e-04  3.73645000e-08  1.94995948e+00 
 3.73655000e-08  1.09821255e+00  3.73655000e-08  1.09422352e-04  3.73655000e-08  1.94996078e+00 
 3.73665000e-08  1.13559562e+00  3.73665000e-08  1.05787820e-04  3.73665000e-08  1.94996180e+00 
 3.75835000e-08  1.94994077e+00  3.75835000e-08  8.20331901e-01  3.75835000e-08  1.95008347e+00 
 3.75845000e-08  1.94994139e+00  3.75845000e-08  9.03136361e-01  3.75845000e-08  1.94995020e+00 
 3.75855000e-08  1.94994167e+00  3.75855000e-08  9.83942662e-01  3.75855000e-08  1.94981273e+00 
 3.75865000e-08  1.94994228e+00  3.75865000e-08  1.06264432e+00  3.75865000e-08  1.94965733e+00 
 3.75875000e-08  1.94994256e+00  3.75875000e-08  1.13926445e+00  3.75875000e-08  1.94949876e+00 
 3.75885000e-08  1.94994314e+00  3.75885000e-08  1.21404637e+00  3.75885000e-08  1.94935443e+00 
 3.77175000e-08  1.94996982e+00  3.77175000e-08  1.94999526e+00  3.77175000e-08  1.15065751e+00 
 3.77185000e-08  1.94996999e+00  3.77185000e-08  1.95002802e+00  3.77185000e-08  1.09308066e+00 
 3.77195000e-08  1.94997004e+00  3.77195000e-08  1.95005765e+00  3.77195000e-08  1.03521903e+00 
 3.77205000e-08  1.94997023e+00  3.77205000e-08  1.95007989e+00  3.77205000e-08  9.76992516e-01 
 3.77215000e-08  1.94997029e+00  3.77215000e-08  1.95009664e+00  3.77215000e-08  9.18183700e-01 
 3.77225000e-08  1.94997048e+00  3.77225000e-08  1.95010626e+00  3.77225000e-08  8.58765025e-01 
 3.78965000e-08  1.18311291e+00  3.78965000e-08  1.94999939e+00  3.78965000e-08  7.51414946e-05 
 3.78975000e-08  1.13014699e+00  3.78975000e-08  1.94999930e+00  3.78975000e-08  7.50451219e-05 
 3.78985000e-08  1.07740638e+00  3.78985000e-08  1.94999940e+00  3.78985000e-08  7.03851194e-05 
 3.78995000e-08  1.02489175e+00  3.78995000e-08  1.94999931e+00  3.78995000e-08  7.03906518e-05 
 3.79005000e-08  9.72506102e-01  3.79005000e-08  1.94999940e+00  3.79005000e-08  6.59225080e-05 
 3.79015000e-08  9.20207616e-01  3.79015000e-08  1.94999932e+00  3.79015000e-08  6.60201389e-05 
 3.83055000e-08  4.71128006e-05  3.83055000e-08  1.15926311e+00  3.83055000e-08 -2.92666124e-06 
 3.83065000e-08  4.56429562e-05  3.83065000e-08  1.10489222e+00  3.83065000e-08 -2.02843759e-06 
 3.83075000e-08  4.42723756e-05  3.83075000e-08  1.04984889e+00  3.83075000e-08 -4.01273390e-07 
 3.83085000e-08  4.33316986e-05  3.83085000e-08  9.94175420e-01  3.83085000e-08  1.70109670e-06 
 3.83095000e-08  4.25150215e-05  3.83095000e-08  9.37849364e-01  3.83095000e-08  4.13762517e-06 
 3.83105000e-08  4.20783896e-05  3.83105000e-08  8.80923844e-01  3.83105000e-08  6.93088827e-06 
 3.84835000e-08  9.46161842e-01  3.84835000e-08  1.37818638e-04  3.84835000e-08  3.54905348e-06 
 3.84845000e-08  9.83255343e-01  3.84845000e-08  1.33746580e-04  3.84845000e-08  2.91504926e-06 
 3.84855000e-08  1.02087411e+00  3.84855000e-08  1.30820595e-04  3.84855000e-08  3.36446542e-06 
 3.84865000e-08  1.05875148e+00  3.84865000e-08  1.26946142e-04  3.84865000e-08  2.74214152e-06 
 3.84875000e-08  1.09650009e+00  3.84875000e-08  1.24191226e-04  3.84875000e-08  3.19008239e-06 
 3.84885000e-08  1.13390197e+00  3.84885000e-08  1.20504312e-04  3.84885000e-08  2.57999404e-06 
 3.87055000e-08  1.94994075e+00  3.87055000e-08  8.14395473e-01  3.87055000e-08 -6.12072489e-05 
 3.87065000e-08  1.94994135e+00  3.87065000e-08  8.97314910e-01  3.87065000e-08 -1.12761753e-04 
 3.87075000e-08  1.94994168e+00  3.87075000e-08  9.78415550e-01  3.87075000e-08 -1.53792639e-04 
 3.87085000e-08  1.94994224e+00  3.87085000e-08  1.05761214e+00  3.87085000e-08 -1.78344742e-04 
 3.87095000e-08  1.94994255e+00  3.87095000e-08  1.13491724e+00  3.87095000e-08 -1.96479186e-04 
 3.87105000e-08  1.94994310e+00  3.87105000e-08  1.21049489e+00  3.87105000e-08 -2.14101224e-04 
 3.88245000e-08  1.94996819e+00  3.88245000e-08  1.94993782e+00  3.88245000e-08  8.56613160e-01 
 3.88255000e-08  1.94996824e+00  3.88255000e-08  1.94994382e+00  3.88255000e-08  9.17790462e-01 
 3.88265000e-08  1.94996842e+00  3.88265000e-08  1.94994981e+00  3.88265000e-08  9.77715835e-01 
 3.88275000e-08  1.94996847e+00  3.88275000e-08  1.94995560e+00  3.88275000e-08  1.03778429e+00 
 3.88285000e-08  1.94996865e+00  3.88285000e-08  1.94996219e+00  3.88285000e-08  1.10174789e+00 
 3.88295000e-08  1.94996871e+00  3.88295000e-08  1.94995815e+00  3.88295000e-08  1.17330938e+00 
 3.90195000e-08  1.13283756e+00  3.90195000e-08  1.94999940e+00  3.90195000e-08  1.94999650e+00 
 3.90205000e-08  1.08008382e+00  3.90205000e-08  1.94999945e+00  3.90205000e-08  1.94999504e+00 
 3.90215000e-08  1.02756107e+00  3.90215000e-08  1.94999941e+00  3.90215000e-08  1.94999763e+00 
 3.90225000e-08  9.75168726e-01  3.90225000e-08  1.94999945e+00  3.90225000e-08  1.94999498e+00 
 3.90235000e-08  9.22869285e-01  3.90235000e-08  1.94999941e+00  3.90235000e-08  1.94999656e+00 
 3.90245000e-08  8.70564640e-01  3.90245000e-08  1.94999945e+00  3.90245000e-08  1.94999519e+00 
 3.94275000e-08  4.71823894e-05  3.94275000e-08  1.16191138e+00  3.94275000e-08  1.94993985e+00 
 3.94285000e-08  4.57126280e-05  3.94285000e-08  1.10757351e+00  3.94285000e-08  1.94993562e+00 
 3.94295000e-08  4.43241759e-05  3.94295000e-08  1.05256566e+00  3.94295000e-08  1.94993489e+00 
 3.94305000e-08  4.33767124e-05  3.94305000e-08  9.96924437e-01  3.94305000e-08  1.94994010e+00 
 3.94315000e-08  4.25448983e-05  3.94315000e-08  9.40631802e-01  3.94315000e-08  1.94995151e+00 
 3.94325000e-08  4.20981352e-05  3.94325000e-08  8.83735581e-01  3.94325000e-08  1.94997025e+00 
 3.96055000e-08  9.44494587e-01  3.96055000e-08  1.21624904e-04  3.96055000e-08  1.94995564e+00 
 3.96065000e-08  9.81566629e-01  3.96065000e-08  1.17349579e-04  3.96065000e-08  1.94995698e+00 
 3.96075000e-08  1.01916443e+00  3.96075000e-08  1.15581070e-04  3.96075000e-08  1.94995818e+00 
 3.96085000e-08  1.05703916e+00  3.96085000e-08  1.11484760e-04  3.96085000e-08  1.94995945e+00 
 3.96095000e-08  1.09479935e+00  3.96095000e-08  1.09839784e-04  3.96095000e-08  1.94996057e+00 
 3.96105000e-08  1.13221975e+00  3.96105000e-08  1.05913561e-04  3.96105000e-08  1.94996177e+00 
 3.98275000e-08  1.94994077e+00  3.98275000e-08  8.12615236e-01  3.98275000e-08  1.95009472e+00 
 3.98285000e-08  1.94994132e+00  3.98285000e-08  8.95591768e-01  3.98285000e-08  1.94996186e+00 
 3.98295000e-08  1.94994167e+00  3.98295000e-08  9.76589451e-01  3.98295000e-08  1.94982617e+00 
 3.98305000e-08  1.94994221e+00  3.98305000e-08  1.05548418e+00  3.98305000e-08  1.94967228e+00 
 3.98315000e-08  1.94994256e+00  3.98315000e-08  1.13229137e+00  3.98315000e-08  1.94951327e+00 
 3.98325000e-08  1.94994307e+00  3.98325000e-08  1.20722735e+00  3.98325000e-08  1.94936896e+00 
 3.99615000e-08  1.94996982e+00  3.99615000e-08  1.94999250e+00  3.99615000e-08  1.15597110e+00 
 3.99625000e-08  1.94996997e+00  3.99625000e-08  1.95002506e+00  3.99625000e-08  1.09840382e+00 
 3.99635000e-08  1.94997004e+00  3.99635000e-08  1.95005511e+00  3.99635000e-08  1.04057636e+00 
 3.99645000e-08  1.94997021e+00  3.99645000e-08  1.95007810e+00  3.99645000e-08  9.82389632e-01 
 3.99655000e-08  1.94997029e+00  3.99655000e-08  1.95009532e+00  3.99655000e-08  9.23640276e-01 
 3.99665000e-08  1.94997046e+00  3.99665000e-08  1.95010561e+00  3.99665000e-08  8.64280780e-01 
 4.01415000e-08  1.13490716e+00  4.01415000e-08  1.94999928e+00  4.01415000e-08  7.49833820e-05 
 4.01425000e-08  1.08214372e+00  4.01425000e-08  1.94999942e+00  4.01425000e-08  7.08726274e-05 
 4.01435000e-08  1.02961481e+00  4.01435000e-08  1.94999929e+00  4.01435000e-08  7.03056640e-05 
 4.01445000e-08  9.77217519e-01  4.01445000e-08  1.94999942e+00  4.01445000e-08  6.63961117e-05 
 4.01455000e-08  9.24917351e-01  4.01455000e-08  1.94999930e+00  4.01455000e-08  6.59287879e-05 
 4.01465000e-08  8.72612831e-01  4.01465000e-08  1.94999943e+00  4.01465000e-08  6.22054434e-05 
 4.05495000e-08  4.72407308e-05  4.05495000e-08  1.16387816e+00  4.05495000e-08 -3.04688904e-06 
 4.05505000e-08  4.57713649e-05  4.05505000e-08  1.10956094e+00  4.05505000e-08 -2.05164190e-06 
 4.05515000e-08  4.43673023e-05  4.05515000e-08  1.05457568e+00  4.05515000e-08 -6.49284295e-07 
 4.05525000e-08  4.34138227e-05  4.05525000e-08  9.98955120e-01  4.05525000e-08  1.58508585e-06 
 4.05535000e-08  4.25683602e-05  4.05535000e-08  9.42684826e-01  4.05535000e-08  3.84767944e-06 
 4.05545000e-08  4.21119832e-05  4.05545000e-08  8.85809042e-01  4.05545000e-08  6.76890307e-06 
 4.07275000e-08  9.43277565e-01  4.07275000e-08  1.38244186e-04  4.07275000e-08  3.62632704e-06 
 4.07285000e-08  9.80338105e-01  4.07285000e-08  1.33919809e-04  4.07285000e-08  2.85293964e-06 
 4.07295000e-08  1.01792140e+00  4.07295000e-08  1.31226594e-04  4.07295000e-08  3.44032445e-06 
 4.07305000e-08  1.05579059e+00  4.07305000e-08  1.27109132e-04  4.07305000e-08  2.68139062e-06 
 4.07315000e-08  1.09356015e+00  4.07315000e-08  1.24579991e-04  4.07315000e-08  3.26570790e-06 
 4.07325000e-08  1.13099587e+00  4.07325000e-08  1.20655140e-04  4.07325000e-08  2.51910894e-06 
 4.09495000e-08  1.94994075e+00  4.09495000e-08  8.07908009e-01  4.09495000e-08 -5.70680851e-05 
 4.09505000e-08  1.94994127e+00  4.09505000e-08  8.90959850e-01  4.09505000e-08 -1.09157455e-04 
 4.09515000e-08  1.94994168e+00  4.09515000e-08  9.72207260e-01  4.09515000e-08 -1.51044911e-04 
 4.09525000e-08  1.94994218e+00  4.09525000e-08  1.05155126e+00  4.09525000e-08 -1.76929453e-04 
 4.09535000e-08  1.94994255e+00  4.09535000e-08  1.12899956e+00  4.09535000e-08 -1.95456774e-04 
 4.09545000e-08  1.94994304e+00  4.09545000e-08  1.20470311e+00  4.09545000e-08 -2.11868588e-04 
 4.10685000e-08  1.94996817e+00  4.10685000e-08  1.94993760e+00  4.10685000e-08  8.51804942e-01 
 4.10695000e-08  1.94996824e+00  4.10695000e-08  1.94994332e+00  4.10695000e-08  9.13105563e-01 
 4.10705000e-08  1.94996840e+00  4.10705000e-08  1.94994934e+00  4.10705000e-08  9.73098422e-01 
 4.10715000e-08  1.94996847e+00  4.10715000e-08  1.94995526e+00  4.10715000e-08  1.03304607e+00 
 4.10725000e-08  1.94996864e+00  4.10725000e-08  1.94996159e+00  4.10725000e-08  1.09657742e+00 
 4.10735000e-08  1.94996871e+00  4.10735000e-08  1.94995887e+00  4.10735000e-08  1.16760022e+00 
 4.12635000e-08  1.13692254e+00  4.12635000e-08  1.94999939e+00  4.12635000e-08  1.94999908e+00 
 4.12645000e-08  1.08414920e+00  4.12645000e-08  1.94999943e+00  4.12645000e-08  1.94999832e+00 
 4.12655000e-08  1.03161386e+00  4.12655000e-08  1.94999940e+00  4.12655000e-08  1.94999917e+00 
 4.12665000e-08  9.79211362e-01  4.12665000e-08  1.94999944e+00  4.12665000e-08  1.94999806e+00 
 4.12675000e-08  9.26910112e-01  4.12675000e-08  1.94999942e+00  4.12675000e-08  1.94999860e+00 
 4.12685000e-08  8.74605409e-01  4.12685000e-08  1.94999946e+00  4.12685000e-08  1.94999801e+00 
 4.16375000e-08  7.88452390e-05  4.16375000e-08  2.00712553e+00  4.16375000e-08  1.94999886e+00 
 4.16715000e-08  4.73010940e-05  4.16715000e-08  1.16593346e+00  4.16715000e-08  1.94994028e+00 
 4.16725000e-08  4.58324863e-05  4.16725000e-08  1.11164240e+00  4.16725000e-08  1.94993584e+00 
 4.16735000e-08  4.44118601e-05  4.16735000e-08  1.05668520e+00  4.16735000e-08  1.94993476e+00 
 4.16745000e-08  4.34505082e-05  4.16745000e-08  1.00109016e+00  4.16745000e-08  1.94993951e+00 
 4.16755000e-08  4.25926741e-05  4.16755000e-08  9.44846251e-01  4.16755000e-08  1.94995042e+00 
 4.16765000e-08  4.21255196e-05  4.16765000e-08  8.87993531e-01  4.16765000e-08  1.94996862e+00 
 4.18495000e-08  9.41635617e-01  4.18495000e-08  1.21937653e-04  4.18495000e-08  1.94995550e+00 
 4.18505000e-08  9.78672532e-01  4.18505000e-08  1.17495786e-04  4.18505000e-08  1.94995694e+00 
 4.18515000e-08  1.01623281e+00  4.18515000e-08  1.15880108e-04  4.18515000e-08  1.94995805e+00 
 4.18525000e-08  1.05410119e+00  4.18525000e-08  1.11621716e-04  4.18525000e-08  1.94995941e+00 
 4.18535000e-08  1.09188121e+00  4.18535000e-08  1.10125846e-04  4.18535000e-08  1.94996045e+00 
 4.18545000e-08  1.12933436e+00  4.18545000e-08  1.06041705e-04  4.18545000e-08  1.94996174e+00 
 4.20000000e-08  1.94979042e+00  4.20000000e-08 -8.04736962e-05  4.20000000e-08  1.94999908e+00 
