 time            v(b_out)        time            v(u_puf_u_core_sel_ro) time            v(q)           
 0.00000000e+00  4.68653885e-09  0.00000000e+00  2.46749735e-09  0.00000000e+00  2.46749746e-09 
 2.57750000e-09  9.09177354e-01  2.57750000e-09  3.07210135e-09  2.57750000e-09  2.46806514e-09 
 2.57850000e-09  9.50776557e-01  2.57850000e-09  3.50750479e-09  2.57850000e-09  2.46811888e-09 
 2.57950000e-09  9.91987516e-01  2.57950000e-09  3.74584641e-09  2.57950000e-09  2.46757309e-09 
 2.58050000e-09  1.03281734e+00  2.58050000e-09  3.73650860e-09  2.58050000e-09  2.46716836e-09 
 2.58150000e-09  1.07327826e+00  2.58150000e-09  3.62479036e-09  2.58150000e-09  2.46714099e-09 
 2.58250000e-09  1.11336907e+00  2.58250000e-09  3.50739043e-09  2.58250000e-09  2.46731346e-09 
 2.85050000e-09  1.94986050e+00  2.85050000e-09  8.48784515e-01  2.85050000e-09 -8.06818597e-05 
 2.85150000e-09  1.94986283e+00  2.85150000e-09  9.30735361e-01  2.85150000e-09 -1.27268647e-04 
 2.85250000e-09  1.94986492e+00  2.85250000e-09  1.01093489e+00  2.85250000e-09 -1.62542452e-04 
 2.85350000e-09  1.94986714e+00  2.85350000e-09  1.08930972e+00  2.85350000e-09 -1.83124389e-04 
 2.85450000e-09  1.94986913e+00  2.85450000e-09  1.16590001e+00  2.85450000e-09 -1.98937435e-04 
 2.85550000e-09  1.94987125e+00  2.85550000e-09  1.24087486e+00  2.85550000e-09 -2.24525747e-04 
 2.96950000e-09  1.94995499e+00  2.96950000e-09  1.94993915e+00  2.96950000e-09  8.70820990e-01 
 2.97050000e-09  1.94995498e+00  2.97050000e-09  1.94994657e+00  2.97050000e-09  9.31563591e-01 
 2.97150000e-09  1.94995511e+00  2.97150000e-09  1.94995226e+00  2.97150000e-09  9.91229568e-01 
 2.97250000e-09  1.94995527e+00  2.97250000e-09  1.94995855e+00  2.97250000e-09  1.05173679e+00 
 2.97350000e-09  1.94995571e+00  2.97350000e-09  1.94996552e+00  2.97350000e-09  1.11702733e+00 
 2.97450000e-09  1.94995627e+00  2.97450000e-09  1.94995962e+00  2.97450000e-09  1.18965174e+00 
 3.11450000e-09  1.13402703e+00  3.11450000e-09  1.94999991e+00  3.11450000e-09  1.94998597e+00 
 3.11550000e-09  1.08196789e+00  3.11550000e-09  1.94999981e+00  3.11550000e-09  1.94997729e+00 
 3.11650000e-09  1.03021057e+00  3.11650000e-09  1.94999987e+00  3.11650000e-09  1.94999010e+00 
 3.11750000e-09  9.78655469e-01  3.11750000e-09  1.94999980e+00  3.11750000e-09  1.94997636e+00 
 3.11850000e-09  9.27280430e-01  3.11850000e-09  1.94999990e+00  3.11850000e-09  1.94998459e+00 
 3.11950000e-09  8.76015227e-01  3.11950000e-09  1.94999983e+00  3.11950000e-09  1.94997707e+00 
 3.51350000e-09  4.14699645e-05  3.51350000e-09  1.13879064e+00  3.51350000e-09  1.94993766e+00 
 3.51450000e-09  4.06539429e-05  3.51450000e-09  1.08419172e+00  3.51450000e-09  1.94993471e+00 
 3.51550000e-09  3.99253278e-05  3.51550000e-09  1.02892816e+00  3.51550000e-09  1.94993631e+00 
 3.51650000e-09  3.91942767e-05  3.51650000e-09  9.73032561e-01  3.51650000e-09  1.94994412e+00 
 3.51750000e-09  3.86789237e-05  3.51750000e-09  9.16496193e-01  3.51750000e-09  1.94995861e+00 
 3.51850000e-09  3.81594419e-05  3.51850000e-09  8.59364191e-01  3.51850000e-09  1.94998022e+00 
 3.69950000e-09  9.06950984e-01  3.69950000e-09  9.77829399e-05  3.69950000e-09  1.94996572e+00 
 3.70050000e-09  9.48571766e-01  3.70050000e-09  9.54229227e-05  3.70050000e-09  1.94996606e+00 
 3.70150000e-09  9.89802694e-01  3.70150000e-09  9.29229886e-05  3.70150000e-09  1.94996769e+00 
 3.70250000e-09  1.03065270e+00  3.70250000e-09  9.06823329e-05  3.70250000e-09  1.94996798e+00 
 3.70350000e-09  1.07113299e+00  3.70350000e-09  8.83064682e-05  3.70350000e-09  1.94996954e+00 
 3.70450000e-09  1.11124386e+00  3.70450000e-09  8.61794570e-05  3.70450000e-09  1.94996979e+00 
 3.97150000e-09  1.94985818e+00  3.97150000e-09  7.94991141e-01  3.97150000e-09  1.95011706e+00 
 3.97250000e-09  1.94986040e+00  3.97250000e-09  8.78003893e-01  3.97250000e-09  1.94998499e+00 
 3.97350000e-09  1.94986271e+00  3.97350000e-09  9.59233696e-01  3.97350000e-09  1.94985303e+00 
 3.97450000e-09  1.94986482e+00  3.97450000e-09  1.03850236e+00  3.97450000e-09  1.94970522e+00 
 3.97550000e-09  1.94986703e+00  3.97550000e-09  1.11573201e+00  3.97550000e-09  1.94954765e+00 
 3.97650000e-09  1.94986903e+00  3.97650000e-09  1.19107030e+00  3.97650000e-09  1.94940271e+00 
 4.10550000e-09  1.94996983e+00  4.10550000e-09  1.94999001e+00  4.10550000e-09  1.16808169e+00 
 4.10650000e-09  1.94996983e+00  4.10650000e-09  1.95002308e+00  4.10650000e-09  1.11053756e+00 
 4.10750000e-09  1.94996866e+00  4.10750000e-09  1.95005349e+00  4.10750000e-09  1.05279017e+00 
 4.10850000e-09  1.94996671e+00  4.10850000e-09  1.95007852e+00  4.10850000e-09  9.94699399e-01 
 4.10950000e-09  1.94996420e+00  4.10950000e-09  1.95009645e+00  4.10950000e-09  9.36093539e-01 
 4.11050000e-09  1.94996134e+00  4.11050000e-09  1.95010865e+00  4.11050000e-09  8.76879845e-01 
 4.23650000e-09  1.13658527e+00  4.23650000e-09  1.95000019e+00  4.23650000e-09  3.61110479e-04 
 4.23750000e-09  1.08451055e+00  4.23750000e-09  1.94999993e+00  4.23750000e-09  3.50942924e-04 
 4.23850000e-09  1.03274252e+00  4.23850000e-09  1.95000019e+00  4.23850000e-09  3.38743324e-04 
 4.23950000e-09  9.81178012e-01  4.23950000e-09  1.94999992e+00  4.23950000e-09  3.29199776e-04 
 4.24050000e-09  9.29797512e-01  4.24050000e-09  1.95000018e+00  4.24050000e-09  3.17742716e-04 
 4.24150000e-09  8.78526790e-01  4.24150000e-09  1.94999992e+00  4.24150000e-09  3.08784520e-04 
 4.63550000e-09  4.15295569e-05  4.63550000e-09  1.14221941e+00  4.63550000e-09 -2.99211695e-06 
 4.63650000e-09  4.07018060e-05  4.63650000e-09  1.08766112e+00  4.63650000e-09 -1.32236772e-06 
 4.63750000e-09  3.99814494e-05  4.63750000e-09  1.03243494e+00  4.63750000e-09  4.94982622e-09 
 4.63850000e-09  3.92381382e-05  4.63850000e-09  9.76579342e-01  4.63850000e-09  2.65191390e-06 
 4.63950000e-09  3.87259556e-05  4.63950000e-09  9.20079540e-01  4.63950000e-09  4.77883091e-06 
 4.64050000e-09  3.81987176e-05  4.64050000e-09  8.62985928e-01  4.64050000e-09  7.99897887e-06 
 4.82150000e-09  9.05726563e-01  4.82150000e-09  1.10889206e-04  4.82150000e-09  2.35858375e-06 
 4.82250000e-09  9.47359209e-01  4.82250000e-09  1.08410876e-04  4.82250000e-09  2.76210279e-06 
 4.82350000e-09  9.88601199e-01  4.82350000e-09  1.05297094e-04  4.82350000e-09  2.21769796e-06 
 4.82450000e-09  1.02946229e+00  4.82450000e-09  1.02958477e-04  4.82450000e-09  2.62495219e-06 
 4.82550000e-09  1.06995325e+00  4.82550000e-09  9.99945226e-05  4.82550000e-09  2.08505623e-06 
 4.82650000e-09  1.11007499e+00  4.82650000e-09  9.77868715e-05  4.82650000e-09  2.49507541e-06 
 5.09350000e-09  1.94985811e+00  5.09350000e-09  7.90630345e-01  5.09350000e-09 -4.44128385e-05 
 5.09450000e-09  1.94986033e+00  5.09450000e-09  8.73684513e-01  5.09450000e-09 -9.69313502e-05 
 5.09550000e-09  1.94986264e+00  5.09550000e-09  9.55119576e-01  5.09550000e-09 -1.41361958e-04 
 5.09650000e-09  1.94986476e+00  5.09650000e-09  1.03478173e+00  5.09650000e-09 -1.70844443e-04 
 5.09750000e-09  1.94986696e+00  5.09750000e-09  1.11260534e+00  5.09750000e-09 -1.91062495e-04 
 5.09850000e-09  1.94986897e+00  5.09850000e-09  1.18869398e+00  5.09850000e-09 -2.06011279e-04 
 5.21350000e-09  1.94995498e+00  5.21350000e-09  1.94994686e+00  5.21350000e-09  9.00652372e-01 
 5.21450000e-09  1.94995498e+00  5.21450000e-09  1.94995360e+00  5.21450000e-09  9.60852071e-01 
 5.21550000e-09  1.94995509e+00  5.21550000e-09  1.94995897e+00  5.21550000e-09  1.02060518e+00 
 5.21650000e-09  1.94995526e+00  5.21650000e-09  1.94996507e+00  5.21650000e-09  1.08314710e+00 
 5.21750000e-09  1.94995566e+00  5.21750000e-09  1.94996576e+00  5.21750000e-09  1.15250762e+00 
 5.21850000e-09  1.94995622e+00  5.21850000e-09  1.94996149e+00  5.21850000e-09  1.22591864e+00 
 5.35850000e-09  1.13820450e+00  5.35850000e-09  1.94999992e+00  5.35850000e-09  1.94999418e+00 
 5.35950000e-09  1.08611857e+00  5.35950000e-09  1.94999982e+00  5.35950000e-09  1.94998925e+00 
 5.36050000e-09  1.03434260e+00  5.36050000e-09  1.94999994e+00  5.36050000e-09  1.94999500e+00 
 5.36150000e-09  9.82771022e-01  5.36150000e-09  1.94999981e+00  5.36150000e-09  1.94998769e+00 
 5.36250000e-09  9.31386048e-01  5.36250000e-09  1.94999991e+00  5.36250000e-09  1.94999128e+00 
 5.36350000e-09  8.80110879e-01  5.36350000e-09  1.94999982e+00  5.36350000e-09  1.94998741e+00 
 5.75750000e-09  4.15417965e-05  5.75750000e-09  1.14294981e+00  5.75750000e-09  1.94993794e+00 
 5.75850000e-09  4.07057342e-05  5.75850000e-09  1.08840285e+00  5.75850000e-09  1.94993489e+00 
 5.75950000e-09  3.99911376e-05  5.75950000e-09  1.03318724e+00  5.75950000e-09  1.94993589e+00 
 5.76050000e-09  3.92380880e-05  5.76050000e-09  9.77342255e-01  5.76050000e-09  1.94994338e+00 
 5.76150000e-09  3.87217222e-05  5.76150000e-09  9.20851771e-01  5.76150000e-09  1.94995716e+00 
 5.76250000e-09  3.81924790e-05  5.76250000e-09  8.63766833e-01  5.76250000e-09  1.94997840e+00 
 5.94350000e-09  9.03714422e-01  5.94350000e-09  9.80976114e-05  5.94350000e-09  1.94996554e+00 
 5.94450000e-09  9.45366589e-01  5.94450000e-09  9.54954107e-05  5.94450000e-09  1.94996609e+00 
 5.94550000e-09  9.86626803e-01  5.94550000e-09  9.32253521e-05  5.94550000e-09  1.94996751e+00 
 5.94650000e-09  1.02750612e+00  5.94650000e-09  9.07477240e-05  5.94650000e-09  1.94996802e+00 
 5.94750000e-09  1.06801465e+00  5.94750000e-09  8.85971115e-05  5.94750000e-09  1.94996937e+00 
 5.94850000e-09  1.10815424e+00  5.94850000e-09  8.62381564e-05  5.94850000e-09  1.94996983e+00 
 6.21550000e-09  1.94985800e+00  6.21550000e-09  7.88521600e-01  6.21550000e-09  1.95012486e+00 
 6.21650000e-09  1.94986023e+00  6.21650000e-09  8.71657124e-01  6.21650000e-09  1.94999685e+00 
 6.21750000e-09  1.94986252e+00  6.21750000e-09  9.53033125e-01  6.21750000e-09  1.94986905e+00 
 6.21850000e-09  1.94986465e+00  6.21850000e-09  1.03246171e+00  6.21850000e-09  1.94972156e+00 
 6.21950000e-09  1.94986685e+00  6.21950000e-09  1.10985201e+00  6.21950000e-09  1.94956313e+00 
 6.22050000e-09  1.94986888e+00  6.22050000e-09  1.18532576e+00  6.22050000e-09  1.94941673e+00 
 6.34950000e-09  1.94996977e+00  6.34950000e-09  1.94998770e+00  6.34950000e-09  1.17251887e+00 
 6.35050000e-09  1.94996987e+00  6.35050000e-09  1.95002049e+00  6.35050000e-09  1.11497928e+00 
 6.35150000e-09  1.94996875e+00  6.35150000e-09  1.95005126e+00  6.35150000e-09  1.05725627e+00 
 6.35250000e-09  1.94996685e+00  6.35250000e-09  1.95007688e+00  6.35250000e-09  9.99195241e-01 
 6.35350000e-09  1.94996436e+00  6.35350000e-09  1.95009524e+00  6.35350000e-09  9.40636153e-01 
 6.35450000e-09  1.94996153e+00  6.35450000e-09  1.95010799e+00  6.35450000e-09  8.81470244e-01 
 6.48050000e-09  1.14009334e+00  6.48050000e-09  1.95000018e+00  6.48050000e-09  3.62892333e-04 
 6.48150000e-09  1.08799595e+00  6.48150000e-09  1.94999994e+00  6.48150000e-09  3.50926351e-04 
 6.48250000e-09  1.03621203e+00  6.48250000e-09  1.95000018e+00  6.48250000e-09  3.40456021e-04 
 6.48350000e-09  9.84633404e-01  6.48350000e-09  1.94999994e+00  6.48350000e-09  3.29144964e-04 
 6.48450000e-09  9.33244341e-01  6.48450000e-09  1.95000017e+00  6.48450000e-09  3.19389719e-04 
 6.48550000e-09  8.81965078e-01  6.48550000e-09  1.94999993e+00  6.48550000e-09  3.08694375e-04 
 6.87950000e-09  4.15911066e-05  6.87950000e-09  1.14586574e+00  6.87950000e-09 -3.10766145e-06 
 6.88050000e-09  4.07497722e-05  6.88050000e-09  1.09135303e+00  6.88050000e-09 -1.35382070e-06 
 6.88150000e-09  4.00382625e-05  6.88150000e-09  1.03616890e+00  6.88150000e-09 -1.87834565e-07 
 6.88250000e-09  3.92804134e-05  6.88250000e-09  9.80357715e-01  6.88250000e-09  2.57874016e-06 
 6.88350000e-09  3.87665203e-05  6.88350000e-09  9.23898188e-01  6.88350000e-09  4.54467531e-06 
 6.88450000e-09  3.82332000e-05  6.88450000e-09  8.66845897e-01  6.88450000e-09  7.88026667e-06 
 7.06550000e-09  9.03728380e-01  7.06550000e-09  1.11174060e-04  7.06550000e-09  2.42678986e-06 
 7.06650000e-09  9.45380407e-01  7.06650000e-09  1.08508728e-04  7.06650000e-09  2.70378890e-06 
 7.06750000e-09  9.86640489e-01  7.06750000e-09  1.05570185e-04  7.06750000e-09  2.28505130e-06 
 7.06850000e-09  1.02751968e+00  7.06850000e-09  1.03047940e-04  7.06850000e-09  2.56665688e-06 
 7.06950000e-09  1.06802808e+00  7.06950000e-09  1.00256036e-04  7.06950000e-09  2.15163608e-06 
 7.07050000e-09  1.10816755e+00  7.07050000e-09  9.78696660e-05  7.07050000e-09  2.43738337e-06 
 7.33750000e-09  1.94985800e+00  7.33750000e-09  7.86616967e-01  7.33750000e-09 -4.20340178e-05 
 7.33850000e-09  1.94986023e+00  7.33850000e-09  8.69739698e-01  7.33850000e-09 -9.45583068e-05 
 7.33950000e-09  1.94986253e+00  7.33950000e-09  9.51257380e-01  7.33950000e-09 -1.39449288e-04 
 7.34050000e-09  1.94986466e+00  7.34050000e-09  1.03100546e+00  7.34050000e-09 -1.69798729e-04 
 7.34150000e-09  1.94986685e+00  7.34150000e-09  1.10891669e+00  7.34150000e-09 -1.90087487e-04 
 7.34250000e-09  1.94986888e+00  7.34250000e-09  1.18508328e+00  7.34250000e-09 -2.05151964e-04 
 7.45750000e-09  1.94995497e+00  7.45750000e-09  1.94994658e+00  7.45750000e-09  8.97641141e-01 
 7.45850000e-09  1.94995498e+00  7.45850000e-09  1.94995328e+00  7.45850000e-09  9.57893935e-01 
 7.45950000e-09  1.94995508e+00  7.45950000e-09  1.94995873e+00  7.45950000e-09  1.01762077e+00 
 7.46050000e-09  1.94995525e+00  7.46050000e-09  1.94996456e+00  7.46050000e-09  1.07994036e+00 
 7.46150000e-09  1.94995564e+00  7.46150000e-09  1.94996640e+00  7.46150000e-09  1.14884567e+00 
 7.46250000e-09  1.94995620e+00  7.46250000e-09  1.94996135e+00  7.46250000e-09  1.22228035e+00 
 7.60250000e-09  1.14040198e+00  7.60250000e-09  1.94999991e+00  7.60250000e-09  1.94999121e+00 
 7.60350000e-09  1.08830163e+00  7.60350000e-09  1.94999984e+00  7.60350000e-09  1.94998519e+00 
 7.60450000e-09  1.03651534e+00  7.60450000e-09  1.94999993e+00  7.60450000e-09  1.94999325e+00 
 7.60550000e-09  9.84934627e-01  7.60550000e-09  1.94999983e+00  7.60550000e-09  1.94998396e+00 
 7.60650000e-09  9.33543988e-01  7.60650000e-09  1.94999990e+00  7.60650000e-09  1.94998904e+00 
 7.60750000e-09  8.82263356e-01  7.60750000e-09  1.94999984e+00  7.60750000e-09  1.94998408e+00 
 8.00150000e-09  4.15828302e-05  8.00150000e-09  1.14548121e+00  8.00150000e-09  1.94993817e+00 
 8.00250000e-09  4.07381764e-05  8.00250000e-09  1.09096590e+00  8.00250000e-09  1.94993496e+00 
 8.00350000e-09  4.00284163e-05  8.00350000e-09  1.03577951e+00  8.00350000e-09  1.94993571e+00 
 8.00450000e-09  3.92662517e-05  8.00450000e-09  9.79965373e-01  8.00450000e-09  1.94994290e+00 
 8.00550000e-09  3.87445718e-05  8.00550000e-09  9.23502897e-01  8.00550000e-09  1.94995634e+00 
 8.00650000e-09  3.82127575e-05  8.00650000e-09  8.66446687e-01  8.00650000e-09  1.94997726e+00 
 8.18850000e-09  9.43334827e-01  8.18850000e-09  9.55307691e-05  8.18850000e-09  1.94996606e+00 
 8.18950000e-09  9.84613672e-01  8.18950000e-09  9.34036690e-05  8.18950000e-09  1.94996745e+00 
 8.19050000e-09  1.02551162e+00  8.19050000e-09  9.07791328e-05  8.19050000e-09  1.94996799e+00 
 8.19150000e-09  1.06603806e+00  8.19150000e-09  8.87686474e-05  8.19150000e-09  1.94996931e+00 
 8.19250000e-09  1.10619584e+00  8.19250000e-09  8.62658453e-05  8.19250000e-09  1.94996981e+00 
 8.19350000e-09  1.14598018e+00  8.19350000e-09  8.43662195e-05  8.19350000e-09  1.94997106e+00 
 8.45950000e-09  1.94985787e+00  8.45950000e-09  7.84363755e-01  8.45950000e-09  1.95012968e+00 
 8.46050000e-09  1.94986012e+00  8.46050000e-09  8.67574358e-01  8.46050000e-09  1.95000429e+00 
 8.46150000e-09  1.94986240e+00  8.46150000e-09  9.49042000e-01  8.46150000e-09  1.94987717e+00 
 8.46250000e-09  1.94986455e+00  8.46250000e-09  1.02856824e+00  8.46250000e-09  1.94973031e+00 
 8.46350000e-09  1.94986674e+00  8.46350000e-09  1.10606767e+00  8.46350000e-09  1.94957166e+00 
 8.46450000e-09  1.94986878e+00  8.46450000e-09  1.18163888e+00  8.46450000e-09  1.94942440e+00 
 8.59350000e-09  1.94996972e+00  8.59350000e-09  1.94998629e+00  8.59350000e-09  1.17521708e+00 
 8.59450000e-09  1.94996991e+00  8.59450000e-09  1.95001910e+00  8.59450000e-09  1.11767953e+00 
 8.59550000e-09  1.94996885e+00  8.59550000e-09  1.95005016e+00  8.59550000e-09  1.05997046e+00 
 8.59650000e-09  1.94996699e+00  8.59650000e-09  1.95007600e+00  8.59650000e-09  1.00192692e+00 
 8.59750000e-09  1.94996452e+00  8.59750000e-09  1.95009444e+00  8.59750000e-09  9.43396768e-01 
 8.59850000e-09  1.94996170e+00  8.59850000e-09  1.95010748e+00  8.59850000e-09  8.84261328e-01 
 8.72450000e-09  1.14313482e+00  8.72450000e-09  1.95000018e+00  8.72450000e-09  3.64033034e-04 
 8.72550000e-09  1.09101980e+00  8.72550000e-09  1.94999994e+00  8.72550000e-09  3.50887454e-04 
 8.72650000e-09  1.03921952e+00  8.72650000e-09  1.95000017e+00  8.72650000e-09  3.41551955e-04 
 8.72750000e-09  9.87630408e-01  8.72750000e-09  1.94999994e+00  8.72750000e-09  3.29083834e-04 
 8.72850000e-09  9.36231702e-01  8.72850000e-09  1.95000017e+00  8.72850000e-09  3.20443085e-04 
 8.72950000e-09  8.84946703e-01  8.72950000e-09  1.94999994e+00  8.72950000e-09  3.08612792e-04 
 9.12350000e-09  4.16424356e-05  9.12350000e-09  1.14905251e+00  9.12350000e-09 -3.17381781e-06 
 9.12450000e-09  4.07903608e-05  9.12450000e-09  1.09457973e+00  9.12450000e-09 -1.40667875e-06 
 9.12550000e-09  4.00843719e-05  9.12550000e-09  1.03943247e+00  9.12550000e-09 -3.26362818e-07 
 9.12650000e-09  3.93142046e-05  9.12650000e-09  9.83660226e-01  9.12650000e-09  2.48875236e-06 
 9.12750000e-09  3.87927442e-05  9.12750000e-09  9.27236079e-01  9.12750000e-09  4.34837018e-06 
 9.12850000e-09  3.82553601e-05  9.12850000e-09  8.70220057e-01  9.12850000e-09  7.73415853e-06 
 9.31050000e-09  9.42235813e-01  9.31050000e-09  1.08593324e-04  9.31050000e-09  2.64226470e-06 
 9.31150000e-09  9.83524657e-01  9.31150000e-09  1.05810272e-04  9.31150000e-09  2.35466227e-06 
 9.31250000e-09  1.02443282e+00  9.31250000e-09  1.03126177e-04  9.31250000e-09  2.50550685e-06 
 9.31350000e-09  1.06496886e+00  9.31350000e-09  1.00486800e-04  9.31350000e-09  2.22080976e-06 
 9.31450000e-09  1.10513659e+00  9.31450000e-09  9.79408813e-05  9.31450000e-09  2.37617566e-06 
 9.31550000e-09  1.14493089e+00  9.31550000e-09  9.54365675e-05  9.31550000e-09  2.09356739e-06 
 9.58250000e-09  1.94986006e+00  9.58250000e-09  8.63436797e-01  9.58250000e-09 -9.16240408e-05 
 9.58350000e-09  1.94986234e+00  9.58350000e-09  9.45082194e-01  9.58350000e-09 -1.37193593e-04 
 9.58450000e-09  1.94986450e+00  9.58450000e-09  1.02496670e+00  9.58450000e-09 -1.67526684e-04 
 9.58550000e-09  1.94986668e+00  9.58550000e-09  1.10301793e+00  9.58550000e-09 -1.87906430e-04 
 9.58650000e-09  1.94986873e+00  9.58650000e-09  1.17930945e+00  9.58650000e-09 -2.03228499e-04 
 9.58750000e-09  1.94987080e+00  9.58750000e-09  1.25399546e+00  9.58750000e-09 -2.30641990e-04 
 9.70150000e-09  1.94995496e+00  9.70150000e-09  1.94994612e+00  9.70150000e-09  8.93026940e-01 
 9.70250000e-09  1.94995499e+00  9.70250000e-09  1.94995282e+00  9.70250000e-09  9.53370156e-01 
 9.70350000e-09  1.94995507e+00  9.70350000e-09  1.94995832e+00  9.70350000e-09  1.01307487e+00 
 9.70450000e-09  1.94995524e+00  9.70450000e-09  1.94996375e+00  9.70450000e-09  1.07510232e+00 
 9.70550000e-09  1.94995560e+00  9.70550000e-09  1.94996732e+00  9.70550000e-09  1.14334390e+00 
 9.70650000e-09  1.94995615e+00  9.70650000e-09  1.94996125e+00  9.70650000e-09  1.21679499e+00 
 9.84650000e-09  1.14452038e+00  9.84650000e-09  1.94999990e+00  9.84650000e-09  1.94998963e+00 
 9.84750000e-09  1.09239676e+00  9.84750000e-09  1.94999985e+00  9.84750000e-09  1.94997695e+00 
 9.84850000e-09  1.04058823e+00  9.84850000e-09  1.94999991e+00  9.84850000e-09  1.94998445e+00 
 9.84950000e-09  9.88993695e-01  9.84950000e-09  1.94999987e+00  9.84950000e-09  1.94997775e+00 
 9.85050000e-09  9.37589806e-01  9.85050000e-09  1.94999994e+00  9.85050000e-09  1.94998951e+00 
 9.85150000e-09  8.86301746e-01  9.85150000e-09  1.94999989e+00  9.85150000e-09  1.94997762e+00 
 1.02455000e-08  4.16458048e-05  1.02455000e-08  1.14938379e+00  1.02455000e-08  1.94993853e+00 
 1.02465000e-08  4.07891888e-05  1.02465000e-08  1.09491734e+00  1.02465000e-08  1.94993508e+00 
 1.02475000e-08  4.00894568e-05  1.02475000e-08  1.03977611e+00  1.02475000e-08  1.94993545e+00 
 1.02485000e-08  3.93174260e-05  1.02485000e-08  9.84009653e-01  1.02485000e-08  1.94994218e+00 
 1.02495000e-08  3.87837129e-05  1.02495000e-08  9.27590531e-01  1.02495000e-08  1.94995510e+00 
 1.02505000e-08  3.82434063e-05  1.02505000e-08  8.70578773e-01  1.02505000e-08  1.94997548e+00 
 1.04325000e-08  9.40142390e-01  1.04325000e-08  9.55958161e-05  1.04325000e-08  1.94996603e+00 
 1.04335000e-08  9.81450061e-01  1.04335000e-08  9.36842024e-05  1.04335000e-08  1.94996735e+00 
 1.04345000e-08  1.02237785e+00  1.04345000e-08  9.08376660e-05  1.04345000e-08  1.94996796e+00 
 1.04355000e-08  1.06293194e+00  1.04355000e-08  8.90383346e-05  1.04355000e-08  1.94996921e+00 
 1.04365000e-08  1.10311876e+00  1.04365000e-08  8.63182270e-05  1.04365000e-08  1.94996977e+00 
 1.04375000e-08  1.14293179e+00  1.04375000e-08  8.46255412e-05  1.04375000e-08  1.94997097e+00 
 1.07045000e-08  1.94985996e+00  1.07045000e-08  8.61219854e-01  1.07045000e-08  1.95001573e+00 
 1.07055000e-08  1.94986222e+00  1.07055000e-08  9.42827182e-01  1.07055000e-08  1.94988756e+00 
 1.07065000e-08  1.94986440e+00  1.07065000e-08  1.02250170e+00  1.07065000e-08  1.94974210e+00 
 1.07075000e-08  1.94986656e+00  1.07075000e-08  1.10015754e+00  1.07075000e-08  1.94958362e+00 
 1.07085000e-08  1.94986863e+00  1.07085000e-08  1.17586655e+00  1.07085000e-08  1.94943520e+00 
 1.07095000e-08  1.94987069e+00  1.07095000e-08  1.24993539e+00  1.07095000e-08  1.94927723e+00 
 1.08375000e-08  1.94996963e+00  1.08375000e-08  1.94998396e+00  1.08375000e-08  1.17965990e+00 
 1.08385000e-08  1.94996994e+00  1.08385000e-08  1.95001651e+00  1.08385000e-08  1.12212545e+00 
 1.08395000e-08  1.94996895e+00  1.08395000e-08  1.95004777e+00  1.08395000e-08  1.06443892e+00 
 1.08405000e-08  1.94996716e+00  1.08405000e-08  1.95007421e+00  1.08405000e-08  1.00642381e+00 
 1.08415000e-08  1.94996472e+00  1.08415000e-08  1.95009312e+00  1.08415000e-08  9.47939024e-01 
 1.08425000e-08  1.94996193e+00  1.08425000e-08  1.95010679e+00  1.08425000e-08  8.88850216e-01 
 1.09685000e-08  1.14726774e+00  1.09685000e-08  1.95000016e+00  1.09685000e-08  3.66131616e-04 
 1.09695000e-08  1.09512885e+00  1.09695000e-08  1.94999996e+00  1.09695000e-08  3.50516701e-04 
 1.09705000e-08  1.04330565e+00  1.09705000e-08  1.95000016e+00  1.09705000e-08  3.43573870e-04 
 1.09715000e-08  9.91702300e-01  1.09715000e-08  1.94999995e+00  1.09715000e-08  3.28684828e-04 
 1.09725000e-08  9.40289966e-01  1.09725000e-08  1.95000016e+00  1.09725000e-08  3.22391912e-04 
 1.09735000e-08  8.88997313e-01  1.09735000e-08  1.94999995e+00  1.09735000e-08  3.08188117e-04 
 1.13675000e-08  4.17119102e-05  1.13675000e-08  1.15331299e+00  1.13675000e-08 -3.26624607e-06 
 1.13685000e-08  4.08478692e-05  1.13685000e-08  1.09889308e+00  1.13685000e-08 -1.46681327e-06 
 1.13695000e-08  4.01510880e-05  1.13695000e-08  1.04379560e+00  1.13695000e-08 -5.15178960e-07 
 1.13705000e-08  3.93710949e-05  1.13705000e-08  9.88075008e-01  1.13705000e-08  2.37632029e-06 
 1.13715000e-08  3.88374289e-05  1.13715000e-08  9.31698671e-01  1.13715000e-08  4.11020556e-06 
 1.13725000e-08  3.82917848e-05  1.13725000e-08  8.74730862e-01  1.13725000e-08  7.57467257e-06 
 1.15545000e-08  9.39064866e-01  1.15545000e-08  1.08706879e-04  1.15545000e-08  2.56196483e-06 
 1.15555000e-08  9.80382254e-01  1.15555000e-08  1.06131574e-04  1.15555000e-08  2.44541647e-06 
 1.15565000e-08  1.02132015e+00  1.15565000e-08  1.03230790e-04  1.15565000e-08  2.42563417e-06 
 1.15575000e-08  1.06188354e+00  1.15575000e-08  1.00794563e-04  1.15575000e-08  2.31060155e-06 
 1.15585000e-08  1.10208017e+00  1.15585000e-08  9.80364871e-05  1.15585000e-08  2.29641569e-06 
 1.15595000e-08  1.14190282e+00  1.15595000e-08  9.57322771e-05  1.15595000e-08  2.18275847e-06 
 1.18265000e-08  1.94985990e+00  1.18265000e-08  8.57079456e-01  1.18265000e-08 -8.74144288e-05 
 1.18275000e-08  1.94986216e+00  1.18275000e-08  9.38856161e-01  1.18275000e-08 -1.33655371e-04 
 1.18285000e-08  1.94986434e+00  1.18285000e-08  1.01887294e+00  1.18285000e-08 -1.65810555e-04 
 1.18295000e-08  1.94986650e+00  1.18295000e-08  1.09706115e+00  1.18295000e-08 -1.86476441e-04 
 1.18305000e-08  1.94986858e+00  1.18305000e-08  1.17347995e+00  1.18305000e-08 -2.02110566e-04 
 1.18315000e-08  1.94987064e+00  1.18315000e-08  1.24829062e+00  1.18315000e-08 -2.28721130e-04 
 1.19455000e-08  1.94995495e+00  1.19455000e-08  1.94994560e+00  1.19455000e-08  8.88358539e-01 
 1.19465000e-08  1.94995499e+00  1.19465000e-08  1.94995241e+00  1.19465000e-08  9.48794004e-01 
 1.19475000e-08  1.94995505e+00  1.19475000e-08  1.94995783e+00  1.19475000e-08  1.00848807e+00 
 1.19485000e-08  1.94995522e+00  1.19485000e-08  1.94996296e+00  1.19485000e-08  1.07023345e+00 
 1.19495000e-08  1.94995555e+00  1.19495000e-08  1.94996817e+00  1.19495000e-08  1.13779222e+00 
 1.19505000e-08  1.94995611e+00  1.19505000e-08  1.94996122e+00  1.19505000e-08  1.21122442e+00 
 1.20905000e-08  1.14854793e+00  1.20905000e-08  1.94999991e+00  1.20905000e-08  1.94999316e+00 
 1.20915000e-08  1.09640112e+00  1.20915000e-08  1.94999984e+00  1.20915000e-08  1.94997750e+00 
 1.20925000e-08  1.04457026e+00  1.20925000e-08  1.94999992e+00  1.20925000e-08  1.94998745e+00 
 1.20935000e-08  9.92961865e-01  1.20935000e-08  1.94999984e+00  1.20935000e-08  1.94997783e+00 
 1.20945000e-08  9.41544717e-01  1.20945000e-08  1.94999990e+00  1.20945000e-08  1.94999200e+00 
 1.20955000e-08  8.90249238e-01  1.20955000e-08  1.94999984e+00  1.20955000e-08  1.94997726e+00 
 1.24895000e-08  4.17142832e-05  1.24895000e-08  1.15355265e+00  1.24895000e-08  1.94993892e+00 
 1.24905000e-08  4.08463343e-05  1.24905000e-08  1.09913771e+00  1.24905000e-08  1.94993524e+00 
 1.24915000e-08  4.01500954e-05  1.24915000e-08  1.04404543e+00  1.24915000e-08  1.94993520e+00 
 1.24925000e-08  3.93653375e-05  1.24925000e-08  9.88329366e-01  1.24925000e-08  1.94994145e+00 
 1.24935000e-08  3.88264579e-05  1.24935000e-08  9.31957291e-01  1.24935000e-08  1.94995383e+00 
 1.24945000e-08  3.82807390e-05  1.24945000e-08  8.74992615e-01  1.24945000e-08  1.94997370e+00 
 1.26765000e-08  9.37053587e-01  1.26765000e-08  9.56683224e-05  1.26765000e-08  1.94996599e+00 
 1.26775000e-08  9.78389123e-01  1.26775000e-08  9.39822417e-05  1.26775000e-08  1.94996723e+00 
 1.26785000e-08  1.01934590e+00  1.26785000e-08  9.09032071e-05  1.26785000e-08  1.94996792e+00 
 1.26795000e-08  1.05992664e+00  1.26795000e-08  8.93247755e-05  1.26795000e-08  1.94996910e+00 
 1.26805000e-08  1.10014157e+00  1.26805000e-08  8.63771602e-05  1.26805000e-08  1.94996974e+00 
 1.26815000e-08  1.13998214e+00  1.26815000e-08  8.49008908e-05  1.26815000e-08  1.94997087e+00 
 1.29485000e-08  1.94985981e+00  1.29485000e-08  8.55179723e-01  1.29485000e-08  1.95002641e+00 
 1.29495000e-08  1.94986205e+00  1.29495000e-08  9.36924667e-01  1.29495000e-08  1.94989730e+00 
 1.29505000e-08  1.94986425e+00  1.29505000e-08  1.01674407e+00  1.29505000e-08  1.94975322e+00 
 1.29515000e-08  1.94986640e+00  1.29515000e-08  1.09453970e+00  1.29515000e-08  1.94959513e+00 
 1.29525000e-08  1.94986850e+00  1.29525000e-08  1.17037152e+00  1.29525000e-08  1.94944555e+00 
 1.29535000e-08  1.94987054e+00  1.29535000e-08  1.24455123e+00  1.29535000e-08  1.94928985e+00 
 1.30815000e-08  1.94996955e+00  1.30815000e-08  1.94998173e+00  1.30815000e-08  1.18391732e+00 
 1.30825000e-08  1.94996996e+00  1.30825000e-08  1.95001403e+00  1.30825000e-08  1.12638505e+00 
 1.30835000e-08  1.94996904e+00  1.30835000e-08  1.95004556e+00  1.30835000e-08  1.06871889e+00 
 1.30845000e-08  1.94996730e+00  1.30845000e-08  1.95007259e+00  1.30845000e-08  1.01072981e+00 
 1.30855000e-08  1.94996489e+00  1.30855000e-08  1.95009186e+00  1.30855000e-08  9.52287524e-01 
 1.30865000e-08  1.94996212e+00  1.30865000e-08  1.95010611e+00  1.30865000e-08  8.93243102e-01 
 1.32125000e-08  1.15067384e+00  1.32125000e-08  1.95000016e+00  1.32125000e-08  3.68378957e-04 
 1.32135000e-08  1.09851507e+00  1.32135000e-08  1.94999996e+00  1.32135000e-08  3.49976708e-04 
 1.32145000e-08  1.04667271e+00  1.32145000e-08  1.95000015e+00  1.32145000e-08  3.45741510e-04 
 1.32155000e-08  9.95057354e-01  1.32155000e-08  1.94999996e+00  1.32155000e-08  3.28120906e-04 
 1.32165000e-08  9.43633610e-01  1.32165000e-08  1.95000015e+00  1.32165000e-08  3.24483535e-04 
 1.32175000e-08  8.92334524e-01  1.32175000e-08  1.94999996e+00  1.32175000e-08  3.07602777e-04 
 1.36115000e-08  4.17672839e-05  1.36115000e-08  1.15669472e+00  1.36115000e-08 -3.34330033e-06 
 1.36125000e-08  4.08935867e-05  1.36125000e-08  1.10231408e+00  1.36125000e-08 -1.50663175e-06 
 1.36135000e-08  4.01993322e-05  1.36135000e-08  1.04725897e+00  1.36135000e-08 -6.68300255e-07 
 1.36145000e-08  3.94085540e-05  1.36145000e-08  9.91577030e-01  1.36145000e-08  2.29219119e-06 
 1.36155000e-08  3.88694193e-05  1.36155000e-08  9.35241273e-01  1.36155000e-08  3.91644717e-06 
 1.36165000e-08  3.83194909e-05  1.36165000e-08  8.78309698e-01  1.36165000e-08  7.45133367e-06 
 1.37985000e-08  9.35959247e-01  1.37985000e-08  1.08806821e-04  1.37985000e-08  2.49731700e-06 
 1.37995000e-08  9.77304667e-01  1.37995000e-08  1.06376992e-04  1.37995000e-08  2.51797111e-06 
 1.38005000e-08  1.01827170e+00  1.38005000e-08  1.03324150e-04  1.38005000e-08  2.36165298e-06 
 1.38015000e-08  1.05886189e+00  1.38015000e-08  1.01029963e-04  1.38015000e-08  2.38292094e-06 
 1.38025000e-08  1.09908673e+00  1.38025000e-08  9.81231105e-05  1.38025000e-08  2.23274948e-06 
 1.38035000e-08  1.13893704e+00  1.38035000e-08  9.59575833e-05  1.38035000e-08  2.25429791e-06 
 1.40705000e-08  1.94985975e+00  1.40705000e-08  8.51014668e-01  1.40705000e-08 -8.30711841e-05 
 1.40715000e-08  1.94986199e+00  1.40715000e-08  9.32914834e-01  1.40715000e-08 -1.29845248e-04 
 1.40725000e-08  1.94986420e+00  1.40725000e-08  1.01305896e+00  1.40725000e-08 -1.64329576e-04 
 1.40735000e-08  1.94986633e+00  1.40735000e-08  1.09138356e+00  1.40735000e-08 -1.85443691e-04 
 1.40745000e-08  1.94986845e+00  1.40745000e-08  1.16793631e+00  1.40745000e-08 -2.01398057e-04 
 1.40755000e-08  1.94987048e+00  1.40755000e-08  1.24287709e+00  1.40755000e-08 -2.27189871e-04 
 1.41895000e-08  1.94995494e+00  1.41895000e-08  1.94994510e+00  1.41895000e-08  8.83906819e-01 
 1.41905000e-08  1.94995499e+00  1.41905000e-08  1.94995204e+00  1.41905000e-08  9.44435860e-01 
 1.41915000e-08  1.94995503e+00  1.41915000e-08  1.94995733e+00  1.41915000e-08  1.00413381e+00 
 1.41925000e-08  1.94995521e+00  1.41925000e-08  1.94996222e+00  1.41925000e-08  1.06562504e+00 
 1.41935000e-08  1.94995552e+00  1.41935000e-08  1.94996894e+00  1.41935000e-08  1.13253955e+00 
 1.41945000e-08  1.94995607e+00  1.41945000e-08  1.94996128e+00  1.41945000e-08  1.20591799e+00 
 1.43345000e-08  1.15218460e+00  1.43345000e-08  1.94999992e+00  1.43345000e-08  1.94999629e+00 
 1.43355000e-08  1.10001659e+00  1.43355000e-08  1.94999979e+00  1.43355000e-08  1.94997712e+00 
 1.43365000e-08  1.04816524e+00  1.43365000e-08  1.94999988e+00  1.43365000e-08  1.94998928e+00 
 1.43375000e-08  9.96543980e-01  1.43375000e-08  1.94999979e+00  1.43375000e-08  1.94997717e+00 
 1.43385000e-08  9.45114653e-01  1.43385000e-08  1.94999992e+00  1.43385000e-08  1.94999360e+00 
 1.43395000e-08  8.93812321e-01  1.43395000e-08  1.94999980e+00  1.43395000e-08  1.94997633e+00 
 1.47335000e-08  4.17747394e-05  1.47335000e-08  1.15726217e+00  1.47335000e-08  1.94993929e+00 
 1.47345000e-08  4.08967114e-05  1.47345000e-08  1.10289032e+00  1.47345000e-08  1.94993541e+00 
 1.47355000e-08  4.02028705e-05  1.47355000e-08  1.04784455e+00  1.47355000e-08  1.94993501e+00 
 1.47365000e-08  3.94071485e-05  1.47365000e-08  9.92170929e-01  1.47365000e-08  1.94994084e+00 
 1.47375000e-08  3.88626239e-05  1.47375000e-08  9.35843424e-01  1.47375000e-08  1.94995274e+00 
 1.47385000e-08  3.83119463e-05  1.47385000e-08  8.78918574e-01  1.47385000e-08  1.94997215e+00 
 1.49205000e-08  9.33937595e-01  1.49205000e-08  9.57429837e-05  1.49205000e-08  1.94996596e+00 
 1.49215000e-08  9.75301420e-01  1.49215000e-08  9.42384660e-05  1.49215000e-08  1.94996712e+00 
 1.49225000e-08  1.01628733e+00  1.49225000e-08  9.09716225e-05  1.49225000e-08  1.94996790e+00 
 1.49235000e-08  1.05689510e+00  1.49235000e-08  8.95706133e-05  1.49235000e-08  1.94996900e+00 
 1.49245000e-08  1.09713816e+00  1.49245000e-08  8.64396712e-05  1.49245000e-08  1.94996972e+00 
 1.49255000e-08  1.13700654e+00  1.49255000e-08  8.51368222e-05  1.49255000e-08  1.94997077e+00 
 1.51925000e-08  1.94985965e+00  1.51925000e-08  8.48933828e-01  1.51925000e-08  1.95003713e+00 
 1.51935000e-08  1.94986187e+00  1.51935000e-08  9.30821115e-01  1.51935000e-08  1.94990727e+00 
 1.51945000e-08  1.94986410e+00  1.51945000e-08  1.01078857e+00  1.51945000e-08  1.94976456e+00 
 1.51955000e-08  1.94986622e+00  1.51955000e-08  1.08873878e+00  1.51955000e-08  1.94960718e+00 
 1.51965000e-08  1.94986835e+00  1.51965000e-08  1.16472110e+00  1.51965000e-08  1.94945549e+00 
 1.51975000e-08  1.94987037e+00  1.51975000e-08  1.23903027e+00  1.51975000e-08  1.94930255e+00 
 1.53255000e-08  1.94996945e+00  1.53255000e-08  1.94997947e+00  1.53255000e-08  1.18813419e+00 
 1.53265000e-08  1.94996997e+00  1.53265000e-08  1.95001154e+00  1.53265000e-08  1.13060392e+00 
 1.53275000e-08  1.94996914e+00  1.53275000e-08  1.95004327e+00  1.53275000e-08  1.07295761e+00 
 1.53285000e-08  1.94996746e+00  1.53285000e-08  1.95007095e+00  1.53285000e-08  1.01499411e+00 
 1.53295000e-08  1.94996510e+00  1.53295000e-08  1.95009054e+00  1.53295000e-08  9.56593985e-01 
 1.53305000e-08  1.94996235e+00  1.53305000e-08  1.95010541e+00  1.53305000e-08  8.97593864e-01 
 1.54565000e-08  1.15466571e+00  1.54565000e-08  1.95000014e+00  1.54565000e-08  3.71302067e-04 
 1.54575000e-08  1.10248337e+00  1.54575000e-08  1.94999996e+00  1.54575000e-08  3.49650214e-04 
 1.54585000e-08  1.05061818e+00  1.54585000e-08  1.95000013e+00  1.54585000e-08  3.48497581e-04 
 1.54595000e-08  9.98988382e-01  1.54595000e-08  1.94999995e+00  1.54595000e-08  3.27663291e-04 
 1.54605000e-08  9.47551035e-01  1.54605000e-08  1.95000013e+00  1.54605000e-08  3.27053506e-04 
 1.54615000e-08  8.96244202e-01  1.54615000e-08  1.94999995e+00  1.54615000e-08  3.07036004e-04 
 1.58555000e-08  4.18331960e-05  1.58555000e-08  1.16073296e+00  1.58555000e-08 -3.42678787e-06 
 1.58565000e-08  4.09490191e-05  1.58565000e-08  1.10639929e+00  1.58565000e-08 -1.55426628e-06 
 1.58575000e-08  4.02568853e-05  1.58575000e-08  1.05139483e+00  1.58575000e-08 -8.43839410e-07 
 1.58585000e-08  3.94547221e-05  1.58585000e-08  9.95759159e-01  1.58585000e-08  2.42821878e-06 
 1.58595000e-08  3.89092619e-05  1.58595000e-08  9.39471986e-01  1.58595000e-08  3.99674266e-06 
 1.58605000e-08  3.83540171e-05  1.58605000e-08  8.82583859e-01  1.58605000e-08  7.36792488e-06 
 1.60425000e-08  9.32817743e-01  1.60425000e-08  1.08938562e-04  1.60425000e-08  2.42256153e-06 
 1.60435000e-08  9.74192004e-01  1.60435000e-08  1.06663052e-04  1.60435000e-08  2.60475001e-06 
 1.60445000e-08  1.01518815e+00  1.60445000e-08  1.03445106e-04  1.60445000e-08  2.28617473e-06 
 1.60455000e-08  1.05580637e+00  1.60455000e-08  1.01301835e-04  1.60455000e-08  2.46738533e-06 
 1.60465000e-08  1.09605978e+00  1.60465000e-08  9.82361493e-05  1.60465000e-08  2.15789087e-06 
 1.60475000e-08  1.13593838e+00  1.60475000e-08  9.62180303e-05  1.60475000e-08  2.33833649e-06 
 1.63145000e-08  1.94985959e+00  1.63145000e-08  8.44847606e-01  1.63145000e-08 -7.92361780e-05 
 1.63155000e-08  1.94986181e+00  1.63155000e-08  9.26873472e-01  1.63155000e-08 -1.26544093e-04 
 1.63165000e-08  1.94986405e+00  1.63165000e-08  1.00715502e+00  1.63165000e-08 -1.62544604e-04 
 1.63175000e-08  1.94986616e+00  1.63175000e-08  1.08562277e+00  1.63175000e-08 -1.83990974e-04 
 1.63185000e-08  1.94986830e+00  1.63185000e-08  1.16229998e+00  1.63185000e-08 -2.00059901e-04 
 1.63195000e-08  1.94987032e+00  1.63195000e-08  1.23736035e+00  1.63195000e-08 -2.25129850e-04 
 1.64335000e-08  1.94995492e+00  1.64335000e-08  1.94994466e+00  1.64335000e-08  8.79357248e-01 
 1.64345000e-08  1.94995500e+00  1.64345000e-08  1.94995160e+00  1.64345000e-08  9.39986874e-01 
 1.64355000e-08  1.94995502e+00  1.64355000e-08  1.94995688e+00  1.64355000e-08  9.99701209e-01 
 1.64365000e-08  1.94995520e+00  1.64365000e-08  1.94996200e+00  1.64365000e-08  1.06085956e+00 
 1.64375000e-08  1.94995548e+00  1.64375000e-08  1.94996888e+00  1.64375000e-08  1.12724912e+00 
 1.64385000e-08  1.94995603e+00  1.64385000e-08  1.94996137e+00  1.64385000e-08  1.20047303e+00 
 1.65515000e-08  2.05290902e+00  1.65515000e-08  1.94999923e+00  1.65515000e-08  1.94994811e+00 
 1.65785000e-08  1.15607898e+00  1.65785000e-08  1.94999992e+00  1.65785000e-08  1.94998960e+00 
 1.65795000e-08  1.10388772e+00  1.65795000e-08  1.94999980e+00  1.65795000e-08  1.94997203e+00 
 1.65805000e-08  1.05201384e+00  1.65805000e-08  1.94999988e+00  1.65805000e-08  1.94998330e+00 
 1.65815000e-08  1.00037824e+00  1.65815000e-08  1.94999981e+00  1.65815000e-08  1.94997303e+00 
 1.65825000e-08  9.48935435e-01  1.65825000e-08  1.94999991e+00  1.65825000e-08  1.94998929e+00 
 1.65835000e-08  8.97625340e-01  1.65835000e-08  1.94999980e+00  1.65835000e-08  1.94997275e+00 
 1.69775000e-08  4.18401473e-05  1.69775000e-08  1.16123781e+00  1.69775000e-08  1.94993975e+00 
 1.69785000e-08  4.09518100e-05  1.69785000e-08  1.10691221e+00  1.69785000e-08  1.94993556e+00 
 1.69795000e-08  4.02597350e-05  1.69795000e-08  1.05191632e+00  1.69795000e-08  1.94993488e+00 
 1.69805000e-08  3.94478147e-05  1.69805000e-08  9.96288294e-01  1.69805000e-08  1.94994017e+00 
 1.69815000e-08  3.88935196e-05  1.69815000e-08  9.40008679e-01  1.69815000e-08  1.94995166e+00 
 1.69825000e-08  3.83403438e-05  1.69825000e-08  8.83126692e-01  1.69825000e-08  1.94997047e+00 
 1.71645000e-08  9.30857983e-01  1.71645000e-08  9.58227071e-05  1.71645000e-08  1.94996592e+00 
 1.71655000e-08  9.72250565e-01  1.71655000e-08  9.45146194e-05  1.71655000e-08  1.94996702e+00 
 1.71665000e-08  1.01326465e+00  1.71665000e-08  9.10446423e-05  1.71665000e-08  1.94996786e+00 
 1.71675000e-08  1.05390033e+00  1.71675000e-08  8.98356305e-05  1.71675000e-08  1.94996890e+00 
 1.71685000e-08  1.09417099e+00  1.71685000e-08  8.65063302e-05  1.71685000e-08  1.94996969e+00 
 1.71695000e-08  1.13406744e+00  1.71695000e-08  8.53912012e-05  1.71695000e-08  1.94997068e+00 
 1.74365000e-08  1.94985948e+00  1.74365000e-08  8.42892849e-01  1.74365000e-08  1.95004728e+00 
 1.74375000e-08  1.94986169e+00  1.74375000e-08  9.24912466e-01  1.74375000e-08  1.94991684e+00 
 1.74385000e-08  1.94986395e+00  1.74385000e-08  1.00502305e+00  1.74385000e-08  1.94977544e+00 
 1.74395000e-08  1.94986606e+00  1.74395000e-08  1.08312338e+00  1.74395000e-08  1.94961874e+00 
 1.74405000e-08  1.94986821e+00  1.74405000e-08  1.15924002e+00  1.74405000e-08  1.94946519e+00 
 1.74415000e-08  1.94987022e+00  1.74415000e-08  1.23366253e+00  1.74415000e-08  1.94931491e+00 
 1.75695000e-08  1.94996936e+00  1.75695000e-08  1.94997727e+00  1.75695000e-08  1.19230254e+00 
 1.75705000e-08  1.94996996e+00  1.75705000e-08  1.95000908e+00  1.75705000e-08  1.13477336e+00 
 1.75715000e-08  1.94996923e+00  1.75715000e-08  1.95004099e+00  1.75715000e-08  1.07714549e+00 
 1.75725000e-08  1.94996761e+00  1.75725000e-08  1.95006930e+00  1.75725000e-08  1.01920611e+00 
 1.75735000e-08  1.94996529e+00  1.75735000e-08  1.95008918e+00  1.75735000e-08  9.60846622e-01 
 1.75745000e-08  1.94996257e+00  1.75745000e-08  1.95010468e+00  1.75745000e-08  9.01889468e-01 
 1.77005000e-08  1.15851975e+00  1.77005000e-08  1.95000014e+00  1.77005000e-08  3.73345315e-04 
 1.77015000e-08  1.10631448e+00  1.77015000e-08  1.94999997e+00  1.77015000e-08  3.49302638e-04 
 1.77025000e-08  1.05442700e+00  1.77025000e-08  1.95000013e+00  1.77025000e-08  3.50459367e-04 
 1.77035000e-08  1.00278296e+00  1.77035000e-08  1.94999996e+00  1.77035000e-08  3.27286203e-04 
 1.77045000e-08  9.51332312e-01  1.77045000e-08  1.95000013e+00  1.77045000e-08  3.28937994e-04 
 1.77055000e-08  9.00017957e-01  1.77055000e-08  1.94999995e+00  1.77055000e-08  3.06192367e-04 
 1.80995000e-08  4.18978294e-05  1.80995000e-08  1.16472439e+00  1.80995000e-08 -3.46603486e-06 
 1.81005000e-08  4.10034403e-05  1.81005000e-08  1.11043719e+00  1.81005000e-08 -1.63401831e-06 
 1.81015000e-08  4.03122868e-05  1.81015000e-08  1.05548282e+00  1.81015000e-08 -9.80622327e-07 
 1.81025000e-08  3.94961467e-05  1.81025000e-08  9.99892979e-01  1.81025000e-08  2.27415189e-06 
 1.81035000e-08  3.89416084e-05  1.81035000e-08  9.43653941e-01  1.81035000e-08  3.78264084e-06 
 1.81045000e-08  3.83837168e-05  1.81045000e-08  8.86808909e-01  1.81045000e-08  7.15579636e-06 
 1.82865000e-08  9.29835791e-01  1.82865000e-08  1.09029423e-04  1.82865000e-08  2.32282944e-06 
 1.82875000e-08  9.71237942e-01  1.82875000e-08  1.06982314e-04  1.82875000e-08  2.71379343e-06 
 1.82885000e-08  1.01226138e+00  1.82885000e-08  1.03527431e-04  1.82885000e-08  2.18653000e-06 
 1.82895000e-08  1.05290617e+00  1.82895000e-08  1.01608620e-04  1.82895000e-08  2.57606118e-06 
 1.82905000e-08  1.09318580e+00  1.82905000e-08  9.83108689e-05  1.82905000e-08  2.05881932e-06 
 1.82915000e-08  1.13309154e+00  1.82915000e-08  9.65128297e-05  1.82915000e-08  2.44635889e-06 
 1.85585000e-08  1.94985943e+00  1.85585000e-08  8.38906841e-01  1.85585000e-08 -7.52772169e-05 
 1.85595000e-08  1.94986164e+00  1.85595000e-08  9.21051175e-01  1.85595000e-08 -1.23503261e-04 
 1.85605000e-08  1.94986389e+00  1.85605000e-08  1.00145504e+00  1.85605000e-08 -1.61532865e-04 
 1.85615000e-08  1.94986600e+00  1.85615000e-08  1.08005189e+00  1.85615000e-08 -1.83265877e-04 
 1.85625000e-08  1.94986816e+00  1.85625000e-08  1.15685025e+00  1.85625000e-08 -1.99078177e-04 
 1.85635000e-08  1.94987016e+00  1.85635000e-08  1.23202560e+00  1.85635000e-08 -2.23080457e-04 
 1.86775000e-08  1.94995492e+00  1.86775000e-08  1.94994454e+00  1.86775000e-08  8.74920099e-01 
 1.86785000e-08  1.94995500e+00  1.86785000e-08  1.94995088e+00  1.86785000e-08  9.35650520e-01 
 1.86795000e-08  1.94995501e+00  1.86795000e-08  1.94995672e+00  1.86795000e-08  9.95389805e-01 
 1.86805000e-08  1.94995519e+00  1.86805000e-08  1.94996160e+00  1.86805000e-08  1.05625103e+00 
 1.86815000e-08  1.94995545e+00  1.86815000e-08  1.94996885e+00  1.86815000e-08  1.12214469e+00 
 1.86825000e-08  1.94995599e+00  1.86825000e-08  1.94996130e+00  1.86825000e-08  1.19515816e+00 
 1.88225000e-08  1.15999049e+00  1.88225000e-08  1.94999986e+00  1.88225000e-08  1.94999068e+00 
 1.88235000e-08  1.10777578e+00  1.88235000e-08  1.94999988e+00  1.88235000e-08  1.94997486e+00 
 1.88245000e-08  1.05587910e+00  1.88245000e-08  1.94999988e+00  1.88245000e-08  1.94998472e+00 
 1.88255000e-08  1.00422885e+00  1.88255000e-08  1.94999991e+00  1.88255000e-08  1.94997553e+00 
 1.88265000e-08  9.52772406e-01  1.88265000e-08  1.94999991e+00  1.88265000e-08  1.94998990e+00 
 1.88275000e-08  9.01454443e-01  1.88275000e-08  1.94999992e+00  1.88275000e-08  1.94997505e+00 
 1.92215000e-08  4.19058435e-05  1.92215000e-08  1.16529069e+00  1.92215000e-08  1.94994022e+00 
 1.92225000e-08  4.10078161e-05  1.92225000e-08  1.11101229e+00  1.92225000e-08  1.94993574e+00 
 1.92235000e-08  4.03159083e-05  1.92235000e-08  1.05606729e+00  1.92235000e-08  1.94993479e+00 
 1.92245000e-08  3.94980625e-05  1.92245000e-08  1.00048584e+00  1.92245000e-08  1.94993953e+00 
 1.92255000e-08  3.89161781e-05  1.92255000e-08  9.44255167e-01  1.92255000e-08  1.94995059e+00 
 1.92265000e-08  3.83511175e-05  1.92265000e-08  8.87417030e-01  1.92265000e-08  1.94996880e+00 
 1.94085000e-08  9.27813729e-01  1.94085000e-08  9.59321098e-05  1.94085000e-08  1.94996589e+00 
 1.94095000e-08  9.69233649e-01  1.94095000e-08  9.47715643e-05  1.94095000e-08  1.94996692e+00 
 1.94105000e-08  1.01027466e+00  1.94105000e-08  9.11466781e-05  1.94105000e-08  1.94996783e+00 
 1.94115000e-08  1.05093770e+00  1.94115000e-08  9.00817077e-05  1.94115000e-08  1.94996881e+00 
 1.94125000e-08  1.09123494e+00  1.94125000e-08  8.66013273e-05  1.94125000e-08  1.94996966e+00 
 1.94135000e-08  1.13115882e+00  1.94135000e-08  8.56268455e-05  1.94135000e-08  1.94997058e+00 
 1.96805000e-08  1.94985932e+00  1.96805000e-08  8.36895347e-01  1.96805000e-08  1.95005706e+00 
 1.96815000e-08  1.94986153e+00  1.96815000e-08  9.19046912e-01  1.96815000e-08  1.94992623e+00 
 1.96825000e-08  1.94986380e+00  1.96825000e-08  9.99298141e-01  1.96825000e-08  1.94978624e+00 
 1.96835000e-08  1.94986590e+00  1.96835000e-08  1.07754727e+00  1.96835000e-08  1.94963020e+00 
 1.96845000e-08  1.94986806e+00  1.96845000e-08  1.15379828e+00  1.96845000e-08  1.94947481e+00 
 1.96855000e-08  1.94987006e+00  1.96855000e-08  1.22831322e+00  1.96855000e-08  1.94932730e+00 
 1.98135000e-08  1.94996926e+00  1.98135000e-08  1.94997525e+00  1.98135000e-08  1.19655353e+00 
 1.98145000e-08  1.94996993e+00  1.98145000e-08  1.95000631e+00  1.98145000e-08  1.13902486e+00 
 1.98155000e-08  1.94996932e+00  1.98155000e-08  1.95003889e+00  1.98155000e-08  1.08141461e+00 
 1.98165000e-08  1.94996777e+00  1.98165000e-08  1.95006735e+00  1.98165000e-08  1.02349897e+00 
 1.98175000e-08  1.94996550e+00  1.98175000e-08  1.95008802e+00  1.98175000e-08  9.65179903e-01 
 1.98185000e-08  1.94996280e+00  1.98185000e-08  1.95010370e+00  1.98185000e-08  9.06266044e-01 
 1.99445000e-08  1.16283955e+00  1.99445000e-08  1.95000009e+00  1.99445000e-08  3.71887749e-04 
 1.99455000e-08  1.11060841e+00  1.99455000e-08  1.95000003e+00  1.99455000e-08  3.51502301e-04 
 1.99465000e-08  1.05869561e+00  1.99465000e-08  1.95000009e+00  1.99465000e-08  3.49065868e-04 
 1.99475000e-08  1.00703524e+00  1.99475000e-08  1.95000003e+00  1.99475000e-08  3.29524374e-04 
 1.99485000e-08  9.55569458e-01  1.99485000e-08  1.95000009e+00  1.99485000e-08  3.27633279e-04 
 1.99495000e-08  9.04246308e-01  1.99495000e-08  1.95000002e+00  1.99495000e-08  3.08892473e-04 
 2.03435000e-08  4.19605253e-05  2.03435000e-08  1.16896084e+00  2.03435000e-08 -3.32695946e-06 
 2.03445000e-08  4.10672655e-05  2.03445000e-08  1.11472305e+00  2.03445000e-08 -1.91007253e-06 
 2.03455000e-08  4.03644209e-05  2.03455000e-08  1.05982193e+00  2.03455000e-08 -1.06817753e-06 
 2.03465000e-08  3.95530464e-05  2.03465000e-08  1.00428083e+00  2.03465000e-08  1.77444479e-06 
 2.03475000e-08  3.89605983e-05  2.03475000e-08  9.48093048e-01  2.03475000e-08  3.64016716e-06 
 2.03485000e-08  3.84012673e-05  2.03485000e-08  8.91293971e-01  2.03485000e-08  6.77205305e-06 
 2.05305000e-08  9.25900416e-01  2.05305000e-08  1.09160601e-04  2.05305000e-08  2.17360047e-06 
 2.05315000e-08  9.67338640e-01  2.05315000e-08  1.07288541e-04  2.05315000e-08  2.87289762e-06 
 2.05325000e-08  1.00839750e+00  2.05325000e-08  1.03648859e-04  2.05325000e-08  2.03809265e-06 
 2.05335000e-08  1.04907749e+00  2.05335000e-08  1.01902185e-04  2.05335000e-08  2.73399319e-06 
 2.05345000e-08  1.08939154e+00  2.05345000e-08  9.84230823e-05  2.05345000e-08  1.91112100e-06 
 2.05355000e-08  1.12933279e+00  2.05355000e-08  9.67942987e-05  2.05355000e-08  2.60308691e-06 
 2.08025000e-08  1.94985922e+00  2.08025000e-08  8.31069823e-01  2.08025000e-08 -7.00809249e-05 
 2.08035000e-08  1.94986142e+00  2.08035000e-08  9.13371168e-01  2.08035000e-08 -1.19464542e-04 
 2.08045000e-08  1.94986370e+00  2.08045000e-08  9.93947263e-01  2.08045000e-08 -1.58421840e-04 
 2.08055000e-08  1.94986580e+00  2.08055000e-08  1.07272484e+00  2.08055000e-08 -1.80269481e-04 
 2.08065000e-08  1.94986797e+00  2.08065000e-08  1.14967345e+00  2.08065000e-08 -1.97293953e-04 
 2.08075000e-08  1.94986997e+00  2.08075000e-08  1.22497281e+00  2.08075000e-08 -2.20010545e-04 
 2.09215000e-08  1.94995491e+00  2.09215000e-08  1.94994427e+00  2.09215000e-08  8.69055904e-01 
 2.09225000e-08  1.94995500e+00  2.09225000e-08  1.94994995e+00  2.09225000e-08  9.29923993e-01 
 2.09235000e-08  1.94995500e+00  2.09235000e-08  1.94995638e+00  2.09235000e-08  9.89709184e-01 
 2.09245000e-08  1.94995518e+00  2.09245000e-08  1.94996105e+00  2.09245000e-08  1.05024780e+00 
 2.09255000e-08  1.94995541e+00  2.09255000e-08  1.94996866e+00  2.09255000e-08  1.11548641e+00 
 2.09265000e-08  1.94995593e+00  2.09265000e-08  1.94996138e+00  2.09265000e-08  1.18814103e+00 
 2.10665000e-08  1.16524060e+00  2.10665000e-08  1.94999971e+00  2.10665000e-08  1.94998380e+00 
 2.10675000e-08  1.11299404e+00  2.10675000e-08  1.94999981e+00  2.10675000e-08  1.94997634e+00 
 2.10685000e-08  1.06106612e+00  2.10685000e-08  1.94999972e+00  2.10685000e-08  1.94998872e+00 
 2.10695000e-08  1.00939558e+00  2.10695000e-08  1.94999987e+00  2.10695000e-08  1.94997585e+00 
 2.10705000e-08  9.57920376e-01  2.10705000e-08  1.94999972e+00  2.10705000e-08  1.94998336e+00 
 2.10715000e-08  9.06591515e-01  2.10715000e-08  1.94999982e+00  2.10715000e-08  1.94997670e+00 
 2.14315000e-08  8.67676116e-05  2.14315000e-08  2.00750548e+00  2.14315000e-08  1.94999915e+00 
 2.14655000e-08  4.19843488e-05  2.14655000e-08  1.17075601e+00  2.14655000e-08  1.94994087e+00 
 2.14665000e-08  4.10956377e-05  2.14665000e-08  1.11654137e+00  2.14665000e-08  1.94993601e+00 
 2.14675000e-08  4.03819004e-05  2.14675000e-08  1.06166505e+00  2.14675000e-08  1.94993470e+00 
 2.14685000e-08  3.95779400e-05  2.14685000e-08  1.00614655e+00  2.14685000e-08  1.94993872e+00 
 2.14695000e-08  3.89701570e-05  2.14695000e-08  9.49982072e-01  2.14695000e-08  1.94994920e+00 
 2.14705000e-08  3.84181344e-05  2.14705000e-08  8.93203365e-01  2.14705000e-08  1.94996659e+00 
 2.16525000e-08  9.23373590e-01  2.16525000e-08  9.62139123e-05  2.16525000e-08  1.94996590e+00 
 2.16535000e-08  9.64836155e-01  2.16535000e-08  9.49810897e-05  2.16535000e-08  1.94996670e+00 
 2.16545000e-08  1.00591875e+00  2.16545000e-08  9.14156731e-05  2.16545000e-08  1.94996784e+00 
 2.16555000e-08  1.04662124e+00  2.16555000e-08  9.02793995e-05  2.16555000e-08  1.94996860e+00 
 2.16565000e-08  1.08695754e+00  2.16565000e-08  8.68580914e-05  2.16565000e-08  1.94996967e+00 
 2.16575000e-08  1.12692174e+00  2.16575000e-08  8.58133349e-05  2.16575000e-08  1.94997038e+00 
 2.19245000e-08  1.94985909e+00  2.19245000e-08  8.27929570e-01  2.19245000e-08  1.95007116e+00 
 2.19255000e-08  1.94986128e+00  2.19255000e-08  9.10273929e-01  2.19255000e-08  1.94994008e+00 
 2.19265000e-08  1.94986357e+00  2.19265000e-08  9.90737345e-01  2.19265000e-08  1.94980233e+00 
 2.19275000e-08  1.94986566e+00  2.19275000e-08  1.06920647e+00  2.19275000e-08  1.94964724e+00 
 2.19285000e-08  1.94986785e+00  2.19285000e-08  1.14566340e+00  2.19285000e-08  1.94948959e+00 
 2.19295000e-08  1.94986984e+00  2.19295000e-08  1.22037173e+00  2.19295000e-08  1.94934500e+00 
 2.20585000e-08  1.94996994e+00  2.20585000e-08  1.95000222e+00  2.20585000e-08  1.14529373e+00 
 2.20595000e-08  1.94996946e+00  2.20595000e-08  1.95003580e+00  2.20595000e-08  1.08770698e+00 
 2.20605000e-08  1.94996799e+00  2.20605000e-08  1.95006443e+00  2.20605000e-08  1.02982465e+00 
 2.20615000e-08  1.94996578e+00  2.20615000e-08  1.95008628e+00  2.20615000e-08  9.71562982e-01 
 2.20625000e-08  1.94996312e+00  2.20625000e-08  1.95010217e+00  2.20625000e-08  9.12711891e-01 
 2.20635000e-08  1.94996021e+00  2.20635000e-08  1.95011153e+00  2.20635000e-08  8.53242786e-01 
 2.21885000e-08  1.16879480e+00  2.21885000e-08  1.94999980e+00  2.21885000e-08  3.71405222e-04 
 2.21895000e-08  1.11652672e+00  2.21895000e-08  1.94999989e+00  2.21895000e-08  3.54425159e-04 
 2.21905000e-08  1.06457747e+00  2.21905000e-08  1.94999980e+00  2.21905000e-08  3.48532056e-04 
 2.21915000e-08  1.01289301e+00  2.21915000e-08  1.94999992e+00  2.21915000e-08  3.32351074e-04 
 2.21925000e-08  9.61404969e-01  2.21925000e-08  1.94999979e+00  2.21925000e-08  3.27052204e-04 
 2.21935000e-08  9.10068684e-01  2.21935000e-08  1.94999988e+00  2.21935000e-08  3.11627317e-04 
 2.25875000e-08  4.20377050e-05  2.25875000e-08  1.17429311e+00  2.25875000e-08 -3.15643943e-06 
 2.25885000e-08  4.11569135e-05  2.25885000e-08  1.12011759e+00  2.25885000e-08 -2.23166951e-06 
 2.25895000e-08  4.04275233e-05  2.25895000e-08  1.06528354e+00  2.25895000e-08 -1.04777269e-06 
 2.25905000e-08  3.96353595e-05  2.25905000e-08  1.00980390e+00  2.25905000e-08  1.19619302e-06 
 2.25915000e-08  3.90076343e-05  2.25915000e-08  9.53680822e-01  2.25915000e-08  3.33228391e-06 
 2.25925000e-08  3.84650641e-05  2.25925000e-08  8.96939836e-01  2.25925000e-08  6.25442644e-06 
 2.27745000e-08  9.20959349e-01  2.27745000e-08  1.09325760e-04  2.27745000e-08  1.97513209e-06 
 2.27755000e-08  9.62445023e-01  2.27755000e-08  1.07673018e-04  2.27755000e-08  3.02149247e-06 
 2.27765000e-08  1.00354969e+00  2.27765000e-08  1.03804216e-04  2.27765000e-08  1.89758914e-06 
 2.27775000e-08  1.04427363e+00  2.27775000e-08  1.02274706e-04  2.27775000e-08  2.94727325e-06 
 2.27785000e-08  1.08463116e+00  2.27785000e-08  9.85661465e-05  2.27785000e-08  1.77554740e-06 
 2.27795000e-08  1.12461704e+00  2.27795000e-08  9.71494825e-05  2.27795000e-08  2.80765053e-06 
 2.30465000e-08  1.94985896e+00  2.30465000e-08  8.21136371e-01  2.30465000e-08 -6.35960509e-05 
 2.30475000e-08  1.94986115e+00  2.30475000e-08  9.03629241e-01  2.30475000e-08 -1.14139194e-04 
 2.30485000e-08  1.94986345e+00  2.30485000e-08  9.84419667e-01  2.30485000e-08 -1.54769586e-04 
 2.30495000e-08  1.94986554e+00  2.30495000e-08  1.06341631e+00  2.30495000e-08 -1.77969371e-04 
 2.30505000e-08  1.94986773e+00  2.30505000e-08  1.14058523e+00  2.30505000e-08 -1.96252551e-04 
 2.30515000e-08  1.94986972e+00  2.30515000e-08  1.21610062e+00  2.30515000e-08 -2.16192353e-04 
 2.31655000e-08  1.94995490e+00  2.31655000e-08  1.94994375e+00  2.31655000e-08  8.61601013e-01 
 2.31665000e-08  1.94995500e+00  2.31665000e-08  1.94994918e+00  2.31665000e-08  9.22653568e-01 
 2.31675000e-08  1.94995499e+00  2.31675000e-08  1.94995573e+00  2.31675000e-08  9.82517956e-01 
 2.31685000e-08  1.94995516e+00  2.31685000e-08  1.94996064e+00  2.31685000e-08  1.04274543e+00 
 2.31695000e-08  1.94995536e+00  2.31695000e-08  1.94996803e+00  2.31695000e-08  1.10719559e+00 
 2.31705000e-08  1.94995587e+00  2.31705000e-08  1.94996210e+00  2.31705000e-08  1.17925019e+00 
 2.33105000e-08  1.17167487e+00  2.33105000e-08  1.94999959e+00  2.33105000e-08  1.94999027e+00 
 2.33115000e-08  1.11938922e+00  2.33115000e-08  1.94999981e+00  2.33115000e-08  1.94998454e+00 
 2.33125000e-08  1.06742244e+00  2.33125000e-08  1.94999959e+00  2.33125000e-08  1.94999225e+00 
 2.33135000e-08  1.01572644e+00  2.33135000e-08  1.94999975e+00  2.33135000e-08  1.94998649e+00 
 2.33145000e-08  9.64227800e-01  2.33145000e-08  1.94999962e+00  2.33145000e-08  1.94999388e+00 
 2.33155000e-08  9.12885359e-01  2.33155000e-08  1.94999983e+00  2.33155000e-08  1.94998525e+00 
 2.37095000e-08  4.20810003e-05  2.37095000e-08  1.17724427e+00  2.37095000e-08  1.94994167e+00 
 2.37105000e-08  4.12061528e-05  2.37105000e-08  1.12310553e+00  2.37105000e-08  1.94993638e+00 
 2.37115000e-08  4.04634953e-05  2.37115000e-08  1.06831088e+00  2.37115000e-08  1.94993467e+00 
 2.37125000e-08  3.96811384e-05  2.37125000e-08  1.01286736e+00  2.37125000e-08  1.94993784e+00 
 2.37135000e-08  3.90363182e-05  2.37135000e-08  9.56781803e-01  2.37135000e-08  1.94994764e+00 
 2.37145000e-08  3.85010779e-05  2.37145000e-08  9.00074081e-01  2.37145000e-08  1.94996406e+00 
 2.38965000e-08  9.18563581e-01  2.38965000e-08  9.66569349e-05  2.38965000e-08  1.94996599e+00 
 2.38975000e-08  9.60072311e-01  2.38975000e-08  9.51273571e-05  2.38975000e-08  1.94996638e+00 
 2.38985000e-08  1.00119856e+00  2.38985000e-08  9.18410583e-05  2.38985000e-08  1.94996793e+00 
 2.38995000e-08  1.04194403e+00  2.38995000e-08  9.04137905e-05  2.38995000e-08  1.94996828e+00 
 2.39005000e-08  1.08232267e+00  2.39005000e-08  8.72666377e-05  2.39005000e-08  1.94996977e+00 
 2.39015000e-08  1.12233005e+00  2.39015000e-08  8.59364990e-05  2.39015000e-08  1.94997008e+00 
 2.41685000e-08  1.94985883e+00  2.41685000e-08  8.18228473e-01  2.41685000e-08  1.95008565e+00 
 2.41695000e-08  1.94986102e+00  2.41695000e-08  9.00780872e-01  2.41695000e-08  1.94995470e+00 
 2.41705000e-08  1.94986332e+00  2.41705000e-08  9.81476426e-01  2.41705000e-08  1.94981943e+00 
 2.41715000e-08  1.94986541e+00  2.41715000e-08  1.06018068e+00  2.41715000e-08  1.94966581e+00 
 2.41725000e-08  1.94986761e+00  2.41725000e-08  1.13685360e+00  2.41725000e-08  1.94950773e+00 
 2.41735000e-08  1.94986960e+00  2.41735000e-08  1.21173880e+00  2.41735000e-08  1.94936357e+00 
 2.43025000e-08  1.94996993e+00  2.43025000e-08  1.94999836e+00  2.43025000e-08  1.15198955e+00 
 2.43035000e-08  1.94996958e+00  2.43035000e-08  1.95003219e+00  2.43035000e-08  1.09442222e+00 
 2.43045000e-08  1.94996819e+00  2.43045000e-08  1.95006132e+00  2.43045000e-08  1.03657786e+00 
 2.43055000e-08  1.94996604e+00  2.43055000e-08  1.95008414e+00  2.43055000e-08  9.78372622e-01 
 2.43065000e-08  1.94996343e+00  2.43065000e-08  1.95010058e+00  2.43065000e-08  9.19591421e-01 
 2.43075000e-08  1.94996052e+00  2.43075000e-08  1.95011080e+00  2.43075000e-08  8.60201879e-01 
 2.44325000e-08  1.17449309e+00  2.44325000e-08  1.94999962e+00  2.44325000e-08  3.71972373e-04 
 2.44335000e-08  1.12219029e+00  2.44335000e-08  1.94999981e+00  2.44335000e-08  3.56646785e-04 
 2.44345000e-08  1.07020616e+00  2.44345000e-08  1.94999963e+00  2.44345000e-08  3.49017579e-04 
 2.44355000e-08  1.01849878e+00  2.44355000e-08  1.94999986e+00  2.44355000e-08  3.34484070e-04 
 2.44365000e-08  9.66989601e-01  2.44365000e-08  1.94999962e+00  2.44365000e-08  3.27461515e-04 
 2.44375000e-08  9.15641110e-01  2.44375000e-08  1.94999980e+00  2.44375000e-08  3.13676323e-04 
 2.48315000e-08  4.21245631e-05  2.48315000e-08  1.18021679e+00  2.48315000e-08 -3.03164879e-06 
 2.48325000e-08  4.12552712e-05  2.48325000e-08  1.12611063e+00  2.48325000e-08 -2.50169206e-06 
 2.48335000e-08  4.04992884e-05  2.48335000e-08  1.07135122e+00  2.48335000e-08 -1.08761142e-06 
 2.48345000e-08  3.97266154e-05  2.48345000e-08  1.01594006e+00  2.48345000e-08  8.21051484e-07 
 2.48355000e-08  3.90647167e-05  2.48355000e-08  9.59889170e-01  2.48355000e-08  3.18303411e-06 
 2.48365000e-08  3.85364258e-05  2.48365000e-08  9.03213073e-01  2.48365000e-08  5.81073999e-06 
 2.50185000e-08  9.15944337e-01  2.50185000e-08  1.09711193e-04  2.50185000e-08  2.02022437e-06 
 2.50195000e-08  9.57478176e-01  2.50195000e-08  1.07908599e-04  2.50195000e-08  2.99323668e-06 
 2.50205000e-08  9.98627976e-01  2.50205000e-08  1.04171237e-04  2.50205000e-08  1.94140760e-06 
 2.50215000e-08  1.03939687e+00  2.50215000e-08  1.02493307e-04  2.50215000e-08  2.91812681e-06 
 2.50225000e-08  1.07979851e+00  2.50225000e-08  9.89169409e-05  2.50225000e-08  1.81836673e-06 
 2.50235000e-08  1.11982923e+00  2.50235000e-08  9.73568927e-05  2.50235000e-08  2.78034460e-06 
 2.52905000e-08  1.94985869e+00  2.52905000e-08  8.11027662e-01  2.52905000e-08 -5.70650328e-05 
 2.52915000e-08  1.94986087e+00  2.52915000e-08  8.93710372e-01  2.52915000e-08 -1.08573467e-04 
 2.52925000e-08  1.94986320e+00  2.52925000e-08  9.74716022e-01  2.52925000e-08 -1.50540226e-04 
 2.52935000e-08  1.94986527e+00  2.52935000e-08  1.05393479e+00  2.52935000e-08 -1.75876233e-04 
 2.52945000e-08  1.94986749e+00  2.52945000e-08  1.13131858e+00  2.52945000e-08 -1.94943645e-04 
 2.52955000e-08  1.94986946e+00  2.52955000e-08  1.20702701e+00  2.52955000e-08 -2.12050525e-04 
 2.54095000e-08  1.94995489e+00  2.54095000e-08  1.94994333e+00  2.54095000e-08  8.54136032e-01 
 2.54105000e-08  1.94995500e+00  2.54105000e-08  1.94994840e+00  2.54105000e-08  9.15377934e-01 
 2.54115000e-08  1.94995498e+00  2.54115000e-08  1.94995504e+00  2.54115000e-08  9.75338549e-01 
 2.54125000e-08  1.94995514e+00  2.54125000e-08  1.94996014e+00  2.54125000e-08  1.03534121e+00 
 2.54135000e-08  1.94995532e+00  2.54135000e-08  1.94996722e+00  2.54135000e-08  1.09907785e+00 
 2.54145000e-08  1.94995580e+00  2.54145000e-08  1.94996310e+00  2.54145000e-08  1.17036870e+00 
 2.55545000e-08  1.17818800e+00  2.55545000e-08  1.94999961e+00  2.55545000e-08  1.94999227e+00 
 2.55555000e-08  1.12586270e+00  2.55555000e-08  1.94999976e+00  2.55555000e-08  1.94998971e+00 
 2.55565000e-08  1.07385551e+00  2.55565000e-08  1.94999962e+00  2.55565000e-08  1.94999303e+00 
 2.55575000e-08  1.02213298e+00  2.55575000e-08  1.94999982e+00  2.55575000e-08  1.94999052e+00 
 2.55585000e-08  9.70609724e-01  2.55585000e-08  1.94999964e+00  2.55585000e-08  1.94999380e+00 
 2.55595000e-08  9.19253191e-01  2.55595000e-08  1.94999979e+00  2.55595000e-08  1.94999135e+00 
 2.59535000e-08  4.21804501e-05  2.59535000e-08  1.18404524e+00  2.59535000e-08  1.94994249e+00 
 2.59545000e-08  4.13200429e-05  2.59545000e-08  1.12998624e+00  2.59545000e-08  1.94993685e+00 
 2.59555000e-08  4.05457470e-05  2.59555000e-08  1.07527740e+00  2.59555000e-08  1.94993469e+00 
 2.59565000e-08  3.97866147e-05  2.59565000e-08  1.01991266e+00  2.59565000e-08  1.94993705e+00 
 2.59575000e-08  3.91045206e-05  2.59575000e-08  9.63910237e-01  2.59575000e-08  1.94994609e+00 
 2.59585000e-08  3.85864649e-05  2.59585000e-08  9.07277362e-01  2.59585000e-08  1.94996154e+00 
 2.61405000e-08  9.13047278e-01  2.61405000e-08  9.71350367e-05  2.61405000e-08  1.94996585e+00 
 2.61415000e-08  9.54609029e-01  2.61415000e-08  9.52710981e-05  2.61415000e-08  1.94996626e+00 
 2.61425000e-08  9.95785033e-01  2.61425000e-08  9.23001557e-05  2.61425000e-08  1.94996780e+00 
 2.61435000e-08  1.03657996e+00  2.61435000e-08  9.05453854e-05  2.61435000e-08  1.94996818e+00 
 2.61445000e-08  1.07700707e+00  2.61445000e-08  8.77076367e-05  2.61445000e-08  1.94996965e+00 
 2.61455000e-08  1.11706361e+00  2.61455000e-08  8.60566010e-05  2.61455000e-08  1.94996998e+00 
 2.64125000e-08  1.94985854e+00  2.64125000e-08  8.07190580e-01  2.64125000e-08  1.95010114e+00 
 2.64135000e-08  1.94986071e+00  2.64135000e-08  8.89966201e-01  2.64135000e-08  1.94997104e+00 
 2.64145000e-08  1.94986305e+00  2.64145000e-08  9.70918293e-01  2.64145000e-08  1.94983850e+00 
 2.64155000e-08  1.94986511e+00  2.64155000e-08  1.04989878e+00  2.64155000e-08  1.94968696e+00 
 2.64165000e-08  1.94986735e+00  2.64165000e-08  1.12684214e+00  2.64165000e-08  1.94952833e+00 
 2.64175000e-08  1.94986931e+00  2.64175000e-08  1.20192968e+00  2.64175000e-08  1.94938387e+00 
 2.65465000e-08  1.94996990e+00  2.65465000e-08  1.94999436e+00  2.65465000e-08  1.15968324e+00 
 2.65475000e-08  1.94996971e+00  2.65475000e-08  1.95002790e+00  2.65475000e-08  1.10212853e+00 
 2.65485000e-08  1.94996844e+00  2.65485000e-08  1.95005760e+00  2.65485000e-08  1.04433220e+00 
 2.65495000e-08  1.94996637e+00  2.65495000e-08  1.95008154e+00  2.65495000e-08  9.86183145e-01 
 2.65505000e-08  1.94996382e+00  2.65505000e-08  1.95009864e+00  2.65505000e-08  9.27486853e-01 
 2.65515000e-08  1.94996092e+00  2.65515000e-08  1.95010984e+00  2.65515000e-08  8.68182057e-01 
 2.66765000e-08  1.18176448e+00  2.66765000e-08  1.94999947e+00  2.66765000e-08  3.73455067e-04 
 2.66775000e-08  1.12941777e+00  2.66775000e-08  1.94999973e+00  2.66775000e-08  3.58296113e-04 
 2.66785000e-08  1.07738837e+00  2.66785000e-08  1.94999950e+00  2.66785000e-08  3.50393129e-04 
 2.66795000e-08  1.02565132e+00  2.66795000e-08  1.94999983e+00  2.66795000e-08  3.36048971e-04 
 2.66805000e-08  9.74114576e-01  2.66805000e-08  1.94999952e+00  2.66805000e-08  3.28736066e-04 
 2.66815000e-08  9.22750457e-01  2.66815000e-08  1.94999978e+00  2.66815000e-08  3.15161828e-04 
 2.70755000e-08  4.22445656e-05  2.70755000e-08  1.18821116e+00  2.70755000e-08 -2.93354784e-06 
 2.70765000e-08  4.13938783e-05  2.70765000e-08  1.13419885e+00  2.70765000e-08 -2.76361276e-06 
 2.70775000e-08  4.06016925e-05  2.70775000e-08  1.07954031e+00  2.70775000e-08 -1.20775352e-06 
 2.70785000e-08  3.98557771e-05  2.70785000e-08  1.02422179e+00  2.70785000e-08  4.03592240e-07 
 2.70795000e-08  3.91520795e-05  2.70795000e-08  9.68268719e-01  2.70795000e-08  2.92412684e-06 
 2.70805000e-08  3.86389447e-05  2.70805000e-08  9.11680733e-01  2.70805000e-08  5.28726256e-06 
 2.72625000e-08  9.10686399e-01  2.72625000e-08  1.10271287e-04  2.72625000e-08  2.17798237e-06 
 2.72635000e-08  9.52270963e-01  2.72635000e-08  1.08190528e-04  2.72635000e-08  2.92076052e-06 
 2.72645000e-08  9.93468158e-01  2.72645000e-08  1.04704163e-04  2.72645000e-08  2.01200819e-06 
 2.72655000e-08  1.03428438e+00  2.72655000e-08  1.02754684e-04  2.72655000e-08  2.75440422e-06 
 2.72665000e-08  1.07473205e+00  2.72665000e-08  9.94276817e-05  2.72665000e-08  1.93211485e-06 
 2.72675000e-08  1.11480965e+00  2.72675000e-08  9.76010017e-05  2.72675000e-08  2.68038812e-06 
 2.75345000e-08  1.94985840e+00  2.75345000e-08  8.00499645e-01  2.75345000e-08 -5.04447156e-05 
 2.75355000e-08  1.94986058e+00  2.75355000e-08  8.83376692e-01  2.75355000e-08 -1.02615833e-04 
 2.75365000e-08  1.94986291e+00  2.75365000e-08  9.64604122e-01  2.75365000e-08 -1.45889278e-04 
 2.75375000e-08  1.94986499e+00  2.75375000e-08  1.04405290e+00  2.75375000e-08 -1.73373293e-04 
 2.75385000e-08  1.94986722e+00  2.75385000e-08  1.12166304e+00  2.75385000e-08 -1.93032405e-04 
 2.75395000e-08  1.94986920e+00  2.75395000e-08  1.19756018e+00  2.75395000e-08 -2.08560411e-04 
 2.76535000e-08  1.94995488e+00  2.76535000e-08  1.94994301e+00  2.76535000e-08  8.46263295e-01 
 2.76545000e-08  1.94995499e+00  2.76545000e-08  1.94994761e+00  2.76545000e-08  9.07712622e-01 
 2.76555000e-08  1.94995498e+00  2.76555000e-08  1.94995430e+00  2.76555000e-08  9.67792245e-01 
 2.76565000e-08  1.94995512e+00  2.76565000e-08  1.94995957e+00  2.76565000e-08  1.02763537e+00 
 2.76575000e-08  1.94995528e+00  2.76575000e-08  1.94996617e+00  2.76575000e-08  1.09071219e+00 
 2.76585000e-08  1.94995573e+00  2.76585000e-08  1.94996442e+00  2.76585000e-08  1.16104909e+00 
 2.77995000e-08  1.13249593e+00  2.77995000e-08  1.94999983e+00  2.77995000e-08  1.94999195e+00 
 2.78005000e-08  1.08044655e+00  2.78005000e-08  1.94999971e+00  2.78005000e-08  1.94999109e+00 
 2.78015000e-08  1.02869598e+00  2.78015000e-08  1.94999988e+00  2.78015000e-08  1.94999287e+00 
 2.78025000e-08  9.77146884e-01  2.78025000e-08  1.94999972e+00  2.78025000e-08  1.94999185e+00 
 2.78035000e-08  9.25775476e-01  2.78035000e-08  1.94999984e+00  2.78035000e-08  1.94999354e+00 
 2.78045000e-08  8.74513942e-01  2.78045000e-08  1.94999973e+00  2.78045000e-08  1.94999257e+00 
 2.81985000e-08  4.14433848e-05  2.81985000e-08  1.13721181e+00  2.81985000e-08  1.94993744e+00 
 2.81995000e-08  4.06356580e-05  2.81995000e-08  1.08259315e+00  2.81995000e-08  1.94993477e+00 
 2.82005000e-08  3.99013557e-05  2.82005000e-08  1.02731143e+00  2.82005000e-08  1.94993636e+00 
 2.82015000e-08  3.91798554e-05  2.82015000e-08  9.71396629e-01  2.82015000e-08  1.94994453e+00 
 2.82025000e-08  3.86664144e-05  2.82025000e-08  9.14842896e-01  2.82025000e-08  1.94995905e+00 
 2.82035000e-08  3.81496866e-05  2.82035000e-08  8.57693045e-01  2.82035000e-08  1.94998104e+00 
 2.83845000e-08  9.08422147e-01  2.83845000e-08  9.76456268e-05  2.83845000e-08  1.94996566e+00 
 2.83855000e-08  9.50028661e-01  2.83855000e-08  9.54139710e-05  2.83855000e-08  1.94996618e+00 
 2.83865000e-08  9.91246301e-01  2.83865000e-08  9.27905199e-05  2.83865000e-08  1.94996763e+00 
 2.83875000e-08  1.03208299e+00  2.83875000e-08  9.06758450e-05  2.83875000e-08  1.94996810e+00 
 2.83885000e-08  1.07255044e+00  2.83885000e-08  8.81786222e-05  2.83885000e-08  1.94996948e+00 
 2.83895000e-08  1.11264822e+00  2.83895000e-08  8.61752804e-05  2.83895000e-08  1.94996991e+00 
 2.86565000e-08  1.94985827e+00  2.86565000e-08  7.97950289e-01  2.86565000e-08  1.95011327e+00 
 2.86575000e-08  1.94986047e+00  2.86575000e-08  8.80908909e-01  2.86575000e-08  1.94998435e+00 
 2.86585000e-08  1.94986279e+00  2.86585000e-08  9.62073958e-01  2.86585000e-08  1.94985432e+00 
 2.86595000e-08  1.94986489e+00  2.86595000e-08  1.04127700e+00  2.86595000e-08  1.94970466e+00 
 2.86605000e-08  1.94986710e+00  2.86605000e-08  1.11844108e+00  2.86605000e-08  1.94954603e+00 
 2.86615000e-08  1.94986909e+00  2.86615000e-08  1.19371800e+00  2.86615000e-08  1.94940099e+00 
 2.87905000e-08  1.94996985e+00  2.87905000e-08  1.94999107e+00  2.87905000e-08  1.16604058e+00 
 2.87915000e-08  1.94996980e+00  2.87915000e-08  1.95002426e+00  2.87915000e-08  1.10849425e+00 
 2.87925000e-08  1.94996861e+00  2.87925000e-08  1.95005450e+00  2.87925000e-08  1.05073528e+00 
 2.87935000e-08  1.94996662e+00  2.87935000e-08  1.95007927e+00  2.87935000e-08  9.92630734e-01 
 2.87945000e-08  1.94996410e+00  2.87945000e-08  1.95009700e+00  2.87945000e-08  9.34003128e-01 
 2.87955000e-08  1.94996123e+00  2.87955000e-08  1.95010895e+00  2.87955000e-08  8.74767535e-01 
 2.89215000e-08  1.13482941e+00  2.89215000e-08  1.95000020e+00  2.89215000e-08  3.60335541e-04 
 2.89225000e-08  1.08276596e+00  2.89225000e-08  1.94999992e+00  2.89225000e-08  3.50869747e-04 
 2.89235000e-08  1.03100578e+00  2.89235000e-08  1.95000019e+00  2.89235000e-08  3.38000936e-04 
 2.89245000e-08  9.79448245e-01  2.89245000e-08  1.94999992e+00  2.89245000e-08  3.29145674e-04 
 2.89255000e-08  9.28071976e-01  2.89255000e-08  1.95000019e+00  2.89255000e-08  3.17031218e-04 
 2.89265000e-08  8.76805490e-01  2.89265000e-08  1.94999992e+00  2.89265000e-08  3.08748090e-04 
 2.93205000e-08  4.14985244e-05  2.93205000e-08  1.14039197e+00  2.93205000e-08 -2.95408612e-06 
 2.93215000e-08  4.06795168e-05  2.93215000e-08  1.08581084e+00  2.93215000e-08 -1.28651205e-06 
 2.93225000e-08  3.99531268e-05  2.93225000e-08  1.03056360e+00  2.93225000e-08  8.38207208e-08 
 2.93235000e-08  3.92195484e-05  2.93235000e-08  9.74685774e-01  2.93235000e-08  2.72271539e-06 
 2.93245000e-08  3.87080976e-05  2.93245000e-08  9.18165837e-01  2.93245000e-08  4.88387053e-06 
 2.93255000e-08  3.81846648e-05  2.93255000e-08  8.61051561e-01  2.93255000e-08  8.07583653e-06 
 2.95065000e-08  9.07176363e-01  2.95065000e-08  1.10746094e-04  2.95065000e-08  2.31752506e-06 
 2.95075000e-08  9.48794946e-01  2.95075000e-08  1.08362610e-04  2.95075000e-08  2.79829804e-06 
 2.95085000e-08  9.90023826e-01  2.95085000e-08  1.05159694e-04  2.95085000e-08  2.17682949e-06 
 2.95095000e-08  1.03087178e+00  2.95095000e-08  1.02913700e-04  2.95095000e-08  2.66078570e-06 
 2.95105000e-08  1.07135010e+00  2.95105000e-08  9.98627273e-05  2.95105000e-08  2.04458523e-06 
 2.95115000e-08  1.11145895e+00  2.95115000e-08  9.77465440e-05  2.95115000e-08  2.53119330e-06 
 2.97785000e-08  1.94985820e+00  2.97785000e-08  7.93564746e-01  2.97785000e-08 -4.61754397e-05 
 2.97795000e-08  1.94986041e+00  2.97795000e-08  8.76565025e-01  2.97795000e-08 -9.85971951e-05 
 2.97805000e-08  1.94986272e+00  2.97805000e-08  9.57936749e-01  2.97805000e-08 -1.42693144e-04 
 2.97815000e-08  1.94986483e+00  2.97815000e-08  1.03753616e+00  2.97815000e-08 -1.71619097e-04 
 2.97825000e-08  1.94986704e+00  2.97825000e-08  1.11529603e+00  2.97825000e-08 -1.91760695e-04 
 2.97835000e-08  1.94986904e+00  2.97835000e-08  1.19132788e+00  2.97835000e-08 -2.06685716e-04 
 2.98985000e-08  1.94995498e+00  2.98985000e-08  1.94994705e+00  2.98985000e-08  9.02663689e-01 
 2.98995000e-08  1.94995498e+00  2.98995000e-08  1.94995382e+00  2.98995000e-08  9.62827990e-01 
 2.99005000e-08  1.94995510e+00  2.99005000e-08  1.94995913e+00  2.99005000e-08  1.02260201e+00 
 2.99015000e-08  1.94995526e+00  2.99015000e-08  1.94996541e+00  2.99015000e-08  1.08528968e+00 
 2.99025000e-08  1.94995568e+00  2.99025000e-08  1.94996535e+00  2.99025000e-08  1.15493564e+00 
 2.99035000e-08  1.94995624e+00  2.99035000e-08  1.94996157e+00  2.99035000e-08  1.22832511e+00 
 3.00435000e-08  1.13636260e+00  3.00435000e-08  1.94999989e+00  3.00435000e-08  1.94999359e+00 
 3.00445000e-08  1.08428854e+00  3.00445000e-08  1.94999977e+00  3.00445000e-08  1.94998982e+00 
 3.00455000e-08  1.03252086e+00  3.00455000e-08  1.94999992e+00  3.00455000e-08  1.94999443e+00 
 3.00465000e-08  9.80956648e-01  3.00465000e-08  1.94999977e+00  3.00465000e-08  1.94999061e+00 
 3.00475000e-08  9.29576090e-01  3.00475000e-08  1.94999988e+00  3.00475000e-08  1.94999505e+00 
 3.00485000e-08  8.78305355e-01  3.00485000e-08  1.94999978e+00  3.00485000e-08  1.94999142e+00 
 3.04425000e-08  4.15082779e-05  3.04425000e-08  1.14102129e+00  3.04425000e-08  1.94993776e+00 
 3.04435000e-08  4.06805638e-05  3.04435000e-08  1.08645022e+00  3.04435000e-08  1.94993484e+00 
 3.04445000e-08  3.99602379e-05  3.04445000e-08  1.03121237e+00  3.04445000e-08  1.94993604e+00 
 3.04455000e-08  3.92163521e-05  3.04455000e-08  9.75343895e-01  3.04455000e-08  1.94994376e+00 
 3.04465000e-08  3.87008200e-05  3.04465000e-08  9.18832118e-01  3.04465000e-08  1.94995778e+00 
 3.04475000e-08  3.81757412e-05  3.04475000e-08  8.61725326e-01  3.04475000e-08  1.94997928e+00 
 3.06285000e-08  9.04954455e-01  3.06285000e-08  9.79458434e-05  3.06285000e-08  1.94996558e+00 
 3.06295000e-08  9.46594588e-01  3.06295000e-08  9.54604314e-05  3.06295000e-08  1.94996612e+00 
 3.06305000e-08  9.87843564e-01  3.06305000e-08  9.30794954e-05  3.06305000e-08  1.94996755e+00 
 3.06315000e-08  1.02871164e+00  3.06315000e-08  9.07161893e-05  3.06315000e-08  1.94996804e+00 
 3.06325000e-08  1.06920934e+00  3.06325000e-08  8.84568846e-05  3.06325000e-08  1.94996941e+00 
 3.06335000e-08  1.10933794e+00  3.06335000e-08  8.62098691e-05  3.06335000e-08  1.94996985e+00 
 3.09005000e-08  1.94985807e+00  3.09005000e-08  7.90998162e-01  3.09005000e-08  1.95012190e+00 
 3.09015000e-08  1.94986029e+00  3.09015000e-08  8.74087429e-01  3.09015000e-08  1.94999237e+00 
 3.09025000e-08  1.94986259e+00  3.09025000e-08  9.55407909e-01  3.09025000e-08  1.94986294e+00 
 3.09035000e-08  1.94986471e+00  3.09035000e-08  1.03477775e+00  3.09035000e-08  1.94971532e+00 
 3.09045000e-08  1.94986692e+00  3.09045000e-08  1.11210874e+00  3.09045000e-08  1.94955718e+00 
 3.09055000e-08  1.94986893e+00  3.09055000e-08  1.18753050e+00  3.09055000e-08  1.94941141e+00 
 3.10345000e-08  1.94996980e+00  3.10345000e-08  1.94998859e+00  3.10345000e-08  1.17080552e+00 
 3.10355000e-08  1.94996986e+00  3.10355000e-08  1.95002149e+00  3.10355000e-08  1.11326429e+00 
 3.10365000e-08  1.94996872e+00  3.10365000e-08  1.95005213e+00  3.10365000e-08  1.05553195e+00 
 3.10375000e-08  1.94996680e+00  3.10375000e-08  1.95007752e+00  3.10375000e-08  9.97459571e-01 
 3.10385000e-08  1.94996431e+00  3.10385000e-08  1.95009572e+00  3.10385000e-08  9.38882484e-01 
 3.10395000e-08  1.94996146e+00  3.10395000e-08  1.95010825e+00  3.10395000e-08  8.79698205e-01 
 3.11655000e-08  1.13869544e+00  3.11655000e-08  1.95000019e+00  3.11655000e-08  3.62220352e-04 
 3.11665000e-08  1.08660711e+00  3.11665000e-08  1.94999993e+00  3.11665000e-08  3.50916262e-04 
 3.11675000e-08  1.03482956e+00  3.11675000e-08  1.95000018e+00  3.11675000e-08  3.39810938e-04 
 3.11685000e-08  9.83256583e-01  3.11685000e-08  1.94999993e+00  3.11685000e-08  3.29149472e-04 
 3.11695000e-08  9.31870950e-01  3.11695000e-08  1.95000018e+00  3.11695000e-08  3.18770185e-04 
 3.11705000e-08  8.80595102e-01  3.11705000e-08  1.94999993e+00  3.11705000e-08  3.08712369e-04 
 3.15645000e-08  4.15665073e-05  3.15645000e-08  1.14444332e+00  3.15645000e-08 -3.07230122e-06 
 3.15655000e-08  4.07295512e-05  3.15655000e-08  1.08991283e+00  3.15655000e-08 -1.33169630e-06 
 3.15665000e-08  4.00152450e-05  3.15665000e-08  1.03471229e+00  3.15665000e-08 -1.21218316e-07 
 3.15675000e-08  3.92619037e-05  3.15675000e-08  9.78883779e-01  3.15675000e-08  2.61680770e-06 
 3.15685000e-08  3.87481428e-05  3.15685000e-08  9.22408527e-01  3.15685000e-08  4.62844933e-06 
 3.15695000e-08  3.82170483e-05  3.15695000e-08  8.65340106e-01  3.15695000e-08  7.93537747e-06 
 3.17505000e-08  9.04174529e-01  3.17505000e-08  1.11062359e-04  3.17505000e-08  2.39670646e-06 
 3.17515000e-08  9.45822245e-01  3.17515000e-08  1.08471108e-04  3.17515000e-08  2.72997311e-06 
 3.17525000e-08  9.87078299e-01  3.17525000e-08  1.05462830e-04  3.17525000e-08  2.25530399e-06 
 3.17535000e-08  1.02795346e+00  3.17535000e-08  1.03013559e-04  3.17535000e-08  2.59274317e-06 
 3.17545000e-08  1.06845797e+00  3.17545000e-08  1.00153255e-04  3.17545000e-08  2.12219883e-06 
 3.17555000e-08  1.10859350e+00  3.17555000e-08  9.78381794e-05  3.17555000e-08  2.46338037e-06 
 3.20225000e-08  1.94985802e+00  3.20225000e-08  7.87501430e-01  3.20225000e-08 -4.25626841e-05 
 3.20235000e-08  1.94986025e+00  3.20235000e-08  8.70607479e-01  3.20235000e-08 -9.50774196e-05 
 3.20245000e-08  1.94986255e+00  3.20245000e-08  9.52105874e-01  3.20245000e-08 -1.39874789e-04 
 3.20255000e-08  1.94986468e+00  3.20255000e-08  1.03183431e+00  3.20255000e-08 -1.70022782e-04 
 3.20265000e-08  1.94986688e+00  3.20265000e-08  1.10972575e+00  3.20265000e-08 -1.90302335e-04 
 3.20275000e-08  1.94986890e+00  3.20275000e-08  1.18587486e+00  3.20275000e-08 -2.05332600e-04 
 3.21425000e-08  1.94995497e+00  3.21425000e-08  1.94994664e+00  3.21425000e-08  8.98293350e-01 
 3.21435000e-08  1.94995498e+00  3.21435000e-08  1.94995335e+00  3.21435000e-08  9.58536214e-01 
 3.21445000e-08  1.94995508e+00  3.21445000e-08  1.94995878e+00  3.21445000e-08  1.01826962e+00 
 3.21455000e-08  1.94995525e+00  3.21455000e-08  1.94996468e+00  3.21455000e-08  1.08063391e+00 
 3.21465000e-08  1.94995564e+00  3.21465000e-08  1.94996628e+00  3.21465000e-08  1.14963354e+00 
 3.21475000e-08  1.94995620e+00  3.21475000e-08  1.94996138e+00  3.21475000e-08  1.22306591e+00 
 3.22875000e-08  1.14040323e+00  3.22875000e-08  1.94999991e+00  3.22875000e-08  1.94999096e+00 
 3.22885000e-08  1.08830278e+00  3.22885000e-08  1.94999984e+00  3.22885000e-08  1.94998537e+00 
 3.22895000e-08  1.03651638e+00  3.22895000e-08  1.94999993e+00  3.22895000e-08  1.94999308e+00 
 3.22905000e-08  9.84935585e-01  3.22905000e-08  1.94999983e+00  3.22905000e-08  1.94998426e+00 
 3.22915000e-08  9.33544866e-01  3.22915000e-08  1.94999990e+00  3.22915000e-08  1.94998905e+00 
 3.22925000e-08  8.82264165e-01  3.22925000e-08  1.94999984e+00  3.22925000e-08  1.94998432e+00 
 3.26865000e-08  4.15826787e-05  3.26865000e-08  1.14548554e+00  3.26865000e-08  1.94993816e+00 
 3.26875000e-08  4.07377714e-05  3.26875000e-08  1.09097028e+00  3.26875000e-08  1.94993496e+00 
 3.26885000e-08  4.00280625e-05  3.26885000e-08  1.03578393e+00  3.26885000e-08  1.94993571e+00 
 3.26895000e-08  3.92655884e-05  3.26895000e-08  9.79969852e-01  3.26895000e-08  1.94994290e+00 
 3.26905000e-08  3.87433033e-05  3.26905000e-08  9.23507423e-01  3.26905000e-08  1.94995634e+00 
 3.26915000e-08  3.82116461e-05  3.26915000e-08  8.66451263e-01  3.26915000e-08  1.94997726e+00 
 3.28735000e-08  9.42926462e-01  3.28735000e-08  9.55315475e-05  3.28735000e-08  1.94996607e+00 
 3.28745000e-08  9.84209045e-01  3.28745000e-08  9.34040438e-05  3.28745000e-08  1.94996745e+00 
 3.28755000e-08  1.02511076e+00  3.28755000e-08  9.07798910e-05  3.28755000e-08  1.94996799e+00 
 3.28765000e-08  1.06564078e+00  3.28765000e-08  8.87690039e-05  3.28765000e-08  1.94996931e+00 
 3.28775000e-08  1.10580223e+00  3.28775000e-08  8.62665834e-05  3.28775000e-08  1.94996981e+00 
 3.28785000e-08  1.14559030e+00  3.28785000e-08  8.43665547e-05  3.28785000e-08  1.94997106e+00 
 3.31445000e-08  1.94985785e+00  3.31445000e-08  7.83480977e-01  3.31445000e-08  1.95013067e+00 
 3.31455000e-08  1.94986010e+00  3.31455000e-08  8.66707319e-01  3.31455000e-08  1.95000580e+00 
 3.31465000e-08  1.94986238e+00  3.31465000e-08  9.48195412e-01  3.31465000e-08  1.94987851e+00 
 3.31475000e-08  1.94986453e+00  3.31475000e-08  1.02774306e+00  3.31475000e-08  1.94973185e+00 
 3.31485000e-08  1.94986672e+00  3.31485000e-08  1.10526400e+00  3.31485000e-08  1.94957324e+00 
 3.31495000e-08  1.94986876e+00  3.31495000e-08  1.18085410e+00  3.31495000e-08  1.94942584e+00 
 3.32785000e-08  1.94996971e+00  3.32785000e-08  1.94998591e+00  3.32785000e-08  1.17590118e+00 
 3.32795000e-08  1.94996992e+00  3.32795000e-08  1.95001869e+00  3.32795000e-08  1.11836407e+00 
 3.32805000e-08  1.94996886e+00  3.32805000e-08  1.95004970e+00  3.32805000e-08  1.06065858e+00 
 3.32815000e-08  1.94996700e+00  3.32815000e-08  1.95007562e+00  3.32815000e-08  1.00261958e+00 
 3.32825000e-08  1.94996454e+00  3.32825000e-08  1.95009420e+00  3.32825000e-08  9.44096400e-01 
 3.32835000e-08  1.94996173e+00  3.32835000e-08  1.95010738e+00  3.32835000e-08  8.84967739e-01 
 3.34095000e-08  1.14353049e+00  3.34095000e-08  1.95000018e+00  3.34095000e-08  3.64329592e-04 
 3.34105000e-08  1.09141318e+00  3.34105000e-08  1.94999994e+00  3.34105000e-08  3.50851071e-04 
 3.34115000e-08  1.03961072e+00  3.34115000e-08  1.95000017e+00  3.34115000e-08  3.41837448e-04 
 3.34125000e-08  9.88020254e-01  3.34125000e-08  1.94999994e+00  3.34125000e-08  3.29042707e-04 
 3.34135000e-08  9.36620248e-01  3.34135000e-08  1.95000017e+00  3.34135000e-08  3.20718041e-04 
 3.34145000e-08  8.85334517e-01  3.34145000e-08  1.94999994e+00  3.34145000e-08  3.08567325e-04 
 3.38085000e-08  4.16490814e-05  3.38085000e-08  1.14945464e+00  3.38085000e-08 -3.18634541e-06 
 3.38095000e-08  4.07959164e-05  3.38095000e-08  1.09498689e+00  3.38095000e-08 -1.40914662e-06 
 3.38105000e-08  4.00955574e-05  3.38105000e-08  1.03984429e+00  3.38105000e-08 -3.47523649e-07 
 3.38115000e-08  3.93281151e-05  3.38115000e-08  9.84076950e-01  3.38115000e-08  2.48151662e-06 
 3.38125000e-08  3.87998282e-05  3.38125000e-08  9.27657266e-01  3.38125000e-08  4.32304555e-06 
 3.38135000e-08  3.82585661e-05  3.38135000e-08  8.70645823e-01  3.38135000e-08  7.72205575e-06 
 3.39955000e-08  9.41975495e-01  3.39955000e-08  1.08603771e-04  3.39955000e-08  2.63525806e-06 
 3.39965000e-08  9.83266681e-01  3.39965000e-08  1.05840695e-04  3.39965000e-08  2.36252980e-06 
 3.39975000e-08  1.02417730e+00  3.39975000e-08  1.03135945e-04  3.39975000e-08  2.49875139e-06 
 3.39985000e-08  1.06471558e+00  3.39985000e-08  1.00514745e-04  3.39985000e-08  2.22793002e-06 
 3.39995000e-08  1.10488569e+00  3.39995000e-08  9.79503700e-05  3.39995000e-08  2.36963978e-06 
 3.40005000e-08  1.14468233e+00  3.40005000e-08  9.54655375e-05  3.40005000e-08  2.10196230e-06 
 3.42675000e-08  1.94986005e+00  3.42675000e-08  8.62903494e-01  3.42675000e-08 -9.12721341e-05 
 3.42685000e-08  1.94986233e+00  3.42685000e-08  9.44560018e-01  3.42685000e-08 -1.36900423e-04 
 3.42695000e-08  1.94986449e+00  3.42695000e-08  1.02445612e+00  3.42695000e-08 -1.67393808e-04 
 3.42705000e-08  1.94986666e+00  3.42705000e-08  1.10251927e+00  3.42705000e-08 -1.87793195e-04 
 3.42715000e-08  1.94986872e+00  3.42715000e-08  1.17882144e+00  3.42715000e-08 -2.03130246e-04 
 3.42725000e-08  1.94987079e+00  3.42725000e-08  1.25351796e+00  3.42725000e-08 -2.30478996e-04 
 3.43865000e-08  1.94995496e+00  3.43865000e-08  1.94994607e+00  3.43865000e-08  8.92759671e-01 
 3.43875000e-08  1.94995499e+00  3.43875000e-08  1.94995279e+00  3.43875000e-08  9.53106889e-01 
 3.43885000e-08  1.94995506e+00  3.43885000e-08  1.94995828e+00  3.43885000e-08  1.01280969e+00 
 3.43895000e-08  1.94995523e+00  3.43895000e-08  1.94996370e+00  3.43895000e-08  1.07481985e+00 
 3.43905000e-08  1.94995559e+00  3.43905000e-08  1.94996736e+00  3.43905000e-08  1.14302183e+00 
 3.43915000e-08  1.94995615e+00  3.43915000e-08  1.94996124e+00  3.43915000e-08  1.21647186e+00 
 3.45315000e-08  1.14490215e+00  3.45315000e-08  1.94999990e+00  3.45315000e-08  1.94998967e+00 
 3.45325000e-08  1.09277633e+00  3.45325000e-08  1.94999985e+00  3.45325000e-08  1.94997682e+00 
 3.45335000e-08  1.04096568e+00  3.45335000e-08  1.94999991e+00  3.45335000e-08  1.94998446e+00 
 3.45345000e-08  9.89369834e-01  3.45345000e-08  1.94999987e+00  3.45345000e-08  1.94997762e+00 
 3.45355000e-08  9.37964688e-01  3.45355000e-08  1.94999994e+00  3.45355000e-08  1.94998954e+00 
 3.45365000e-08  8.86675920e-01  3.45365000e-08  1.94999989e+00  3.45365000e-08  1.94997748e+00 
 3.49305000e-08  4.16521209e-05  3.49305000e-08  1.14977685e+00  3.49305000e-08  1.94993856e+00 
 3.49315000e-08  4.07943650e-05  3.49315000e-08  1.09531532e+00  3.49315000e-08  1.94993509e+00 
 3.49325000e-08  4.00950247e-05  3.49325000e-08  1.04017864e+00  3.49325000e-08  1.94993542e+00 
 3.49335000e-08  3.93216863e-05  3.49335000e-08  9.84416993e-01  3.49335000e-08  1.94994211e+00 
 3.49345000e-08  3.87874582e-05  3.49345000e-08  9.28002245e-01  3.49345000e-08  1.94995498e+00 
 3.49355000e-08  3.82466628e-05  3.49355000e-08  8.70994974e-01  3.49355000e-08  1.94997531e+00 
 3.51175000e-08  9.39877284e-01  3.51175000e-08  9.56050977e-05  3.51175000e-08  1.94996602e+00 
 3.51185000e-08  9.81187343e-01  3.51185000e-08  9.37120787e-05  3.51185000e-08  1.94996733e+00 
 3.51195000e-08  1.02211762e+00  3.51195000e-08  9.08462175e-05  3.51195000e-08  1.94996795e+00 
 3.51205000e-08  1.06267399e+00  3.51205000e-08  8.90651060e-05  3.51205000e-08  1.94996920e+00 
 3.51215000e-08  1.10286323e+00  3.51215000e-08  8.63260866e-05  3.51215000e-08  1.94996977e+00 
 3.51225000e-08  1.14267863e+00  3.51225000e-08  8.46512569e-05  3.51225000e-08  1.94997096e+00 
 3.53895000e-08  1.94985994e+00  3.53895000e-08  8.60677262e-01  3.53895000e-08  1.95001671e+00 
 3.53905000e-08  1.94986221e+00  3.53905000e-08  9.42297646e-01  3.53905000e-08  1.94988844e+00 
 3.53915000e-08  1.94986439e+00  3.53915000e-08  1.02198563e+00  3.53915000e-08  1.94974311e+00 
 3.53925000e-08  1.94986655e+00  3.53925000e-08  1.09965517e+00  3.53925000e-08  1.94958464e+00 
 3.53935000e-08  1.94986862e+00  3.53935000e-08  1.17537618e+00  3.53935000e-08  1.94943612e+00 
 3.53945000e-08  1.94987068e+00  3.53945000e-08  1.24945503e+00  3.53945000e-08  1.94927836e+00 
 3.55225000e-08  1.94996963e+00  3.55225000e-08  1.94998378e+00  3.55225000e-08  1.17996278e+00 
 3.55235000e-08  1.94996995e+00  3.55235000e-08  1.95001631e+00  3.55235000e-08  1.12242881e+00 
 3.55245000e-08  1.94996896e+00  3.55245000e-08  1.95004760e+00  3.55245000e-08  1.06474419e+00 
 3.55255000e-08  1.94996717e+00  3.55255000e-08  1.95007409e+00  3.55255000e-08  1.00673132e+00 
 3.55265000e-08  1.94996473e+00  3.55265000e-08  1.95009303e+00  3.55265000e-08  9.48250060e-01 
 3.55275000e-08  1.94996194e+00  3.55275000e-08  1.95010674e+00  3.55275000e-08  8.89164833e-01 
 3.56535000e-08  1.14741673e+00  3.56535000e-08  1.95000016e+00  3.56535000e-08  3.66303888e-04 
 3.56545000e-08  1.09527697e+00  3.56545000e-08  1.94999996e+00  3.56545000e-08  3.50506501e-04 
 3.56555000e-08  1.04345294e+00  3.56555000e-08  1.95000016e+00  3.56555000e-08  3.43739406e-04 
 3.56565000e-08  9.91849064e-01  3.56565000e-08  1.94999995e+00  3.56565000e-08  3.28671529e-04 
 3.56575000e-08  9.40436233e-01  3.56575000e-08  1.95000015e+00  3.56575000e-08  3.22551041e-04 
 3.56585000e-08  8.89143300e-01  3.56585000e-08  1.94999995e+00  3.56585000e-08  3.08171918e-04 
 3.60525000e-08  4.17142832e-05  3.60525000e-08  1.15345624e+00  3.60525000e-08 -3.27053161e-06 
 3.60535000e-08  4.08498772e-05  3.60535000e-08  1.09903799e+00  3.60535000e-08 -1.46760193e-06 
 3.60545000e-08  4.01532247e-05  3.60545000e-08  1.04394230e+00  3.60545000e-08 -5.22564846e-07 
 3.60555000e-08  3.93728229e-05  3.60555000e-08  9.88223344e-01  3.60555000e-08  2.37369823e-06 
 3.60565000e-08  3.88390474e-05  3.60565000e-08  9.31848724e-01  3.60565000e-08  4.10123372e-06 
 3.60575000e-08  3.82932039e-05  3.60575000e-08  8.74882448e-01  3.60575000e-08  7.57026837e-06 
 3.62395000e-08  9.38994147e-01  3.62395000e-08  1.08711545e-04  3.62395000e-08  2.55972297e-06 
 3.62405000e-08  9.80312181e-01  3.62405000e-08  1.06141681e-04  3.62405000e-08  2.44772983e-06 
 3.62415000e-08  1.02125077e+00  3.62415000e-08  1.03234290e-04  3.62415000e-08  2.42297149e-06 
 3.62425000e-08  1.06181539e+00  3.62425000e-08  1.00803833e-04  3.62425000e-08  2.31263766e-06 
 3.62435000e-08  1.10201329e+00  3.62435000e-08  9.80406746e-05  3.62435000e-08  2.29434599e-06 
 3.62445000e-08  1.14183726e+00  3.62445000e-08  9.57418526e-05  3.62445000e-08  2.18535142e-06 
 3.65115000e-08  1.94985990e+00  3.65115000e-08  8.57000680e-01  3.65115000e-08 -8.67843392e-05 
 3.65125000e-08  1.94986216e+00  3.65125000e-08  9.38781614e-01  3.65125000e-08 -1.33052922e-04 
 3.65135000e-08  1.94986435e+00  3.65135000e-08  1.01880519e+00  3.65135000e-08 -1.66247698e-04 
 3.65145000e-08  1.94986650e+00  3.65145000e-08  1.09700008e+00  3.65145000e-08 -1.86945858e-04 
 3.65155000e-08  1.94986859e+00  3.65155000e-08  1.17343214e+00  3.65155000e-08 -2.02591621e-04 
 3.65165000e-08  1.94987064e+00  3.65165000e-08  1.24825651e+00  3.65165000e-08 -2.29135813e-04 
 3.66305000e-08  1.94995495e+00  3.66305000e-08  1.94994560e+00  3.66305000e-08  8.88320526e-01 
 3.66315000e-08  1.94995499e+00  3.66315000e-08  1.94995240e+00  3.66315000e-08  9.48756741e-01 
 3.66325000e-08  1.94995505e+00  3.66325000e-08  1.94995783e+00  3.66325000e-08  1.00845075e+00 
 3.66335000e-08  1.94995522e+00  3.66335000e-08  1.94996295e+00  3.66335000e-08  1.07019387e+00 
 3.66345000e-08  1.94995555e+00  3.66345000e-08  1.94996818e+00  3.66345000e-08  1.13774706e+00 
 3.66355000e-08  1.94995611e+00  3.66355000e-08  1.94996122e+00  3.66355000e-08  1.21117892e+00 
 3.67755000e-08  1.14835311e+00  3.67755000e-08  1.94999991e+00  3.67755000e-08  1.94999316e+00 
 3.67765000e-08  1.09620749e+00  3.67765000e-08  1.94999984e+00  3.67765000e-08  1.94997748e+00 
 3.67775000e-08  1.04437775e+00  3.67775000e-08  1.94999992e+00  3.67775000e-08  1.94998745e+00 
 3.67785000e-08  9.92770076e-01  3.67785000e-08  1.94999984e+00  3.67785000e-08  1.94997782e+00 
 3.67795000e-08  9.41353610e-01  3.67795000e-08  1.94999990e+00  3.67795000e-08  1.94999200e+00 
 3.67805000e-08  8.90058530e-01  3.67805000e-08  1.94999984e+00  3.67805000e-08  1.94997725e+00 
 3.71745000e-08  4.17111688e-05  3.71745000e-08  1.15337088e+00  3.71745000e-08  1.94993891e+00 
 3.71755000e-08  4.08436282e-05  3.71755000e-08  1.09895383e+00  3.71755000e-08  1.94993523e+00 
 3.71765000e-08  4.01472310e-05  3.71765000e-08  1.04385927e+00  3.71765000e-08  1.94993521e+00 
 3.71775000e-08  3.93629147e-05  3.71775000e-08  9.88141132e-01  3.71775000e-08  1.94994149e+00 
 3.71785000e-08  3.88240556e-05  3.71785000e-08  9.31766876e-01  3.71785000e-08  1.94995389e+00 
 3.71795000e-08  3.82786304e-05  3.71795000e-08  8.74800253e-01  3.71795000e-08  1.94997378e+00 
 3.73615000e-08  9.37373760e-01  3.73615000e-08  9.56677764e-05  3.73615000e-08  1.94996599e+00 
 3.73625000e-08  9.78706409e-01  3.73625000e-08  9.39695076e-05  3.73625000e-08  1.94996724e+00 
 3.73635000e-08  1.01966018e+00  3.73635000e-08  9.09028760e-05  3.73635000e-08  1.94996792e+00 
 3.73645000e-08  1.06023817e+00  3.73645000e-08  8.93125261e-05  3.73645000e-08  1.94996911e+00 
 3.73655000e-08  1.10045018e+00  3.73655000e-08  8.63770339e-05  3.73655000e-08  1.94996974e+00 
 3.73665000e-08  1.14028790e+00  3.73665000e-08  8.48891054e-05  3.73665000e-08  1.94997087e+00 
 3.76335000e-08  1.94985982e+00  3.76335000e-08  8.55837755e-01  3.76335000e-08  1.95002526e+00 
 3.76345000e-08  1.94986207e+00  3.76345000e-08  9.37567846e-01  3.76345000e-08  1.94989625e+00 
 3.76355000e-08  1.94986427e+00  3.76355000e-08  1.01737156e+00  3.76355000e-08  1.94975201e+00 
 3.76365000e-08  1.94986641e+00  3.76365000e-08  1.09515089e+00  3.76365000e-08  1.94959386e+00 
 3.76375000e-08  1.94986851e+00  3.76375000e-08  1.17096824e+00  3.76375000e-08  1.94944448e+00 
 3.76385000e-08  1.94987055e+00  3.76385000e-08  1.24513580e+00  3.76385000e-08  1.94928851e+00 
 3.77665000e-08  1.94996956e+00  3.77665000e-08  1.94998196e+00  3.77665000e-08  1.18347483e+00 
 3.77675000e-08  1.94996996e+00  3.77675000e-08  1.95001429e+00  3.77675000e-08  1.12594234e+00 
 3.77685000e-08  1.94996903e+00  3.77685000e-08  1.95004580e+00  3.77685000e-08  1.06827409e+00 
 3.77695000e-08  1.94996729e+00  3.77695000e-08  1.95007283e+00  3.77695000e-08  1.01028230e+00 
 3.77705000e-08  1.94996488e+00  3.77705000e-08  1.95009207e+00  3.77705000e-08  9.51835431e-01 
 3.77715000e-08  1.94996210e+00  3.77715000e-08  1.95010619e+00  3.77715000e-08  8.92786297e-01 
 3.78975000e-08  1.15012043e+00  3.78975000e-08  1.95000016e+00  3.78975000e-08  3.68182209e-04 
 3.78985000e-08  1.09796491e+00  3.78985000e-08  1.94999996e+00  3.78985000e-08  3.50076327e-04 
 3.78995000e-08  1.04612567e+00  3.78995000e-08  1.95000015e+00  3.78995000e-08  3.45550662e-04 
 3.79005000e-08  9.94512286e-01  3.79005000e-08  1.94999996e+00  3.79005000e-08  3.28220484e-04 
 3.79015000e-08  9.43090403e-01  3.79015000e-08  1.95000015e+00  3.79015000e-08  3.24298345e-04 
 3.79025000e-08  8.91792373e-01  3.79025000e-08  1.94999996e+00  3.79025000e-08  3.07702198e-04 
 3.82965000e-08  4.17591624e-05  3.82965000e-08  1.15611289e+00  3.82965000e-08 -3.33190138e-06 
 3.82975000e-08  4.08871575e-05  3.82975000e-08  1.10172549e+00  3.82975000e-08 -1.49901603e-06 
 3.82985000e-08  4.01925655e-05  3.82985000e-08  1.04666310e+00  3.82985000e-08 -6.43575929e-07 
 3.82995000e-08  3.94039661e-05  3.82995000e-08  9.90974497e-01  3.82995000e-08  2.30789776e-06 
 3.83005000e-08  3.88666017e-05  3.83005000e-08  9.34631744e-01  3.83005000e-08  3.94845480e-06 
 3.83015000e-08  3.83170459e-05  3.83015000e-08  8.77693918e-01  3.83015000e-08  7.47355917e-06 
 3.84835000e-08  9.37085310e-01  3.84835000e-08  1.08789581e-04  3.84835000e-08  2.51038284e-06 
 3.84845000e-08  9.78420533e-01  3.84845000e-08  1.06334221e-04  3.84845000e-08  2.50276155e-06 
 3.84855000e-08  1.01937699e+00  3.84855000e-08  1.03307856e-04  3.84855000e-08  2.37449643e-06 
 3.84865000e-08  1.05995744e+00  3.84865000e-08  1.00988899e-04  3.84865000e-08  2.36784178e-06 
 3.84875000e-08  1.10017206e+00  3.84875000e-08  9.81080254e-05  3.84875000e-08  2.24557558e-06 
 3.84885000e-08  1.14001234e+00  3.84885000e-08  9.59183496e-05  3.84885000e-08  2.23948494e-06 
 3.87555000e-08  1.94985981e+00  3.87555000e-08  8.53302358e-01  3.87555000e-08 -8.48971587e-05 
 3.87565000e-08  1.94986205e+00  3.87565000e-08  9.35157597e-01  3.87565000e-08 -1.31516616e-04 
 3.87575000e-08  1.94986425e+00  3.87575000e-08  1.01525641e+00  3.87575000e-08 -1.64821658e-04 
 3.87585000e-08  1.94986639e+00  3.87585000e-08  1.09352956e+00  3.87585000e-08 -1.85673258e-04 
 3.87595000e-08  1.94986850e+00  3.87595000e-08  1.17003616e+00  3.87595000e-08 -2.01601376e-04 
 3.87605000e-08  1.94987054e+00  3.87605000e-08  1.24493248e+00  3.87605000e-08 -2.27701825e-04 
 3.88745000e-08  1.94995494e+00  3.88745000e-08  1.94994529e+00  3.88745000e-08  8.85561303e-01 
 3.88755000e-08  1.94995499e+00  3.88755000e-08  1.94995217e+00  3.88755000e-08  9.46052615e-01 
 3.88765000e-08  1.94995504e+00  3.88765000e-08  1.94995752e+00  3.88765000e-08  1.00574554e+00 
 3.88775000e-08  1.94995522e+00  3.88775000e-08  1.94996249e+00  3.88775000e-08  1.06732777e+00 
 3.88785000e-08  1.94995553e+00  3.88785000e-08  1.94996865e+00  3.88785000e-08  1.13447826e+00 
 3.88795000e-08  1.94995609e+00  3.88795000e-08  1.94996124e+00  3.88795000e-08  1.20787917e+00 
 3.90195000e-08  1.14965535e+00  3.90195000e-08  1.94999991e+00  3.90195000e-08  1.94999715e+00 
 3.90205000e-08  1.09750225e+00  3.90205000e-08  1.94999979e+00  3.90205000e-08  1.94997981e+00 
 3.90215000e-08  1.04566530e+00  3.90215000e-08  1.94999988e+00  3.90215000e-08  1.94999122e+00 
 3.90225000e-08  9.94053130e-01  3.90225000e-08  1.94999981e+00  3.90225000e-08  1.94997952e+00 
 3.90235000e-08  9.42632395e-01  3.90235000e-08  1.94999991e+00  3.90235000e-08  1.94999467e+00 
 3.90245000e-08  8.91334961e-01  3.90245000e-08  1.94999980e+00  3.90245000e-08  1.94997836e+00 
 3.94185000e-08  4.17363656e-05  3.94185000e-08  1.15488326e+00  3.94185000e-08  1.94993906e+00 
 3.94195000e-08  4.08653043e-05  3.94195000e-08  1.10048378e+00  3.94195000e-08  1.94993530e+00 
 3.94205000e-08  4.01699716e-05  3.94205000e-08  1.04540819e+00  3.94205000e-08  1.94993512e+00 
 3.94215000e-08  3.93818952e-05  3.94215000e-08  9.89707338e-01  3.94215000e-08  1.94994123e+00 
 3.94225000e-08  3.88418955e-05  3.94225000e-08  9.33351246e-01  3.94225000e-08  1.94995344e+00 
 3.94235000e-08  3.82944496e-05  3.94235000e-08  8.76400840e-01  3.94235000e-08  1.94997314e+00 
 3.96055000e-08  9.36315129e-01  3.96055000e-08  9.57018509e-05  3.96055000e-08  1.94996598e+00 
 3.96065000e-08  9.77657337e-01  3.96065000e-08  9.40791770e-05  3.96065000e-08  1.94996719e+00 
 3.96075000e-08  1.01862105e+00  3.96075000e-08  9.09341990e-05  3.96075000e-08  1.94996791e+00 
 3.96085000e-08  1.05920817e+00  3.96085000e-08  8.94177373e-05  3.96085000e-08  1.94996907e+00 
 3.96095000e-08  1.09942980e+00  3.96095000e-08  8.64057449e-05  3.96095000e-08  1.94996973e+00 
 3.96105000e-08  1.13927694e+00  3.96105000e-08  8.49900611e-05  3.96105000e-08  1.94997084e+00 
 3.98775000e-08  1.94985977e+00  3.98775000e-08  8.53693603e-01  3.98775000e-08  1.95002899e+00 
 3.98785000e-08  1.94986201e+00  3.98785000e-08  9.35472193e-01  3.98785000e-08  1.94989969e+00 
 3.98795000e-08  1.94986422e+00  3.98795000e-08  1.01532710e+00  3.98795000e-08  1.94975592e+00 
 3.98805000e-08  1.94986636e+00  3.98805000e-08  1.09315961e+00  3.98805000e-08  1.94959800e+00 
 3.98815000e-08  1.94986846e+00  3.98815000e-08  1.16902418e+00  3.98815000e-08  1.94944793e+00 
 3.98825000e-08  1.94987050e+00  3.98825000e-08  1.24323142e+00  3.98825000e-08  1.94929291e+00 
 4.00105000e-08  1.94996953e+00  4.00105000e-08  1.94998119e+00  4.00105000e-08  1.18494013e+00 
 4.00115000e-08  1.94996996e+00  4.00115000e-08  1.95001343e+00  4.00115000e-08  1.12740840e+00 
 4.00125000e-08  1.94996906e+00  4.00125000e-08  1.95004502e+00  4.00125000e-08  1.06974710e+00 
 4.00135000e-08  1.94996733e+00  4.00135000e-08  1.95007220e+00  4.00135000e-08  1.01176428e+00 
 4.00145000e-08  1.94996493e+00  4.00145000e-08  1.95009155e+00  4.00145000e-08  9.53332228e-01 
 4.00155000e-08  1.94996217e+00  4.00155000e-08  1.95010594e+00  4.00155000e-08  8.94298551e-01 
 4.01415000e-08  1.15144419e+00  4.01415000e-08  1.95000015e+00  4.01415000e-08  3.68976265e-04 
 4.01425000e-08  1.09928091e+00  4.01425000e-08  1.94999997e+00  4.01425000e-08  3.49829502e-04 
 4.01435000e-08  1.04743417e+00  4.01435000e-08  1.95000015e+00  4.01435000e-08  3.46317573e-04 
 4.01445000e-08  9.95816067e-01  4.01445000e-08  1.94999996e+00  4.01445000e-08  3.27967589e-04 
 4.01455000e-08  9.44389725e-01  4.01455000e-08  1.95000014e+00  4.01455000e-08  3.25039334e-04 
 4.01465000e-08  8.93089164e-01  4.01465000e-08  1.94999996e+00  4.01465000e-08  3.07444059e-04 
 4.05405000e-08  4.17797000e-05  4.05405000e-08  1.15747238e+00  4.05405000e-08 -3.36054415e-06 
 4.05415000e-08  4.09042807e-05  4.05415000e-08  1.10310077e+00  4.05415000e-08 -1.51573099e-06 
 4.05425000e-08  4.02104441e-05  4.05425000e-08  1.04805542e+00  4.05425000e-08 -7.03104494e-07 
 4.05435000e-08  3.94177741e-05  4.05435000e-08  9.92382377e-01  4.05435000e-08  2.27258394e-06 
 4.05445000e-08  3.88778389e-05  4.05445000e-08  9.36055966e-01  4.05445000e-08  3.87199840e-06 
 4.05455000e-08  3.83269501e-05  4.05455000e-08  8.79132743e-01  4.05455000e-08  7.42263896e-06 
 4.07275000e-08  9.35509636e-01  4.07275000e-08  1.08832691e-04  4.07275000e-08  2.48056769e-06 
 4.07285000e-08  9.76859121e-01  4.07285000e-08  1.06436671e-04  4.07285000e-08  2.53666290e-06 
 4.07295000e-08  1.01783037e+00  4.07295000e-08  1.03348201e-04  4.07295000e-08  2.34496854e-06 
 4.07305000e-08  1.05842445e+00  4.07305000e-08  1.01087044e-04  4.07305000e-08  2.40142051e-06 
 4.07315000e-08  1.09865337e+00  4.07315000e-08  9.81460173e-05  4.07315000e-08  2.21641146e-06 
 4.07325000e-08  1.13850767e+00  4.07325000e-08  9.60124931e-05  4.07325000e-08  2.27281947e-06 
 4.09995000e-08  1.94985973e+00  4.09995000e-08  8.50112793e-01  4.09995000e-08 -8.25129604e-05 
 4.10005000e-08  1.94986196e+00  4.10005000e-08  9.32031417e-01  4.10005000e-08 -1.29365619e-04 
 4.10015000e-08  1.94986418e+00  4.10015000e-08  1.01219496e+00  4.10015000e-08 -1.64060590e-04 
 4.10025000e-08  1.94986631e+00  4.10025000e-08  1.09053979e+00  4.10025000e-08 -1.85219996e-04 
 4.10035000e-08  1.94986843e+00  4.10035000e-08  1.16711073e+00  4.10035000e-08 -2.01210224e-04 
 4.10045000e-08  1.94987046e+00  4.10045000e-08  1.24206902e+00  4.10045000e-08 -2.26888995e-04 
 4.11185000e-08  1.94995493e+00  4.11185000e-08  1.94994502e+00  4.11185000e-08  8.83241990e-01 
 4.11195000e-08  1.94995500e+00  4.11195000e-08  1.94995199e+00  4.11195000e-08  9.43785056e-01 
 4.11205000e-08  1.94995503e+00  4.11205000e-08  1.94995725e+00  4.11205000e-08  1.00348432e+00 
 4.11215000e-08  1.94995521e+00  4.11215000e-08  1.94996208e+00  4.11215000e-08  1.06494627e+00 
 4.11225000e-08  1.94995551e+00  4.11225000e-08  1.94996901e+00  4.11225000e-08  1.13178535e+00 
 4.11235000e-08  1.94995607e+00  4.11235000e-08  1.94996131e+00  4.11235000e-08  1.20515303e+00 
 4.12635000e-08  1.15271954e+00  4.12635000e-08  1.94999992e+00  4.12635000e-08  1.94999641e+00 
 4.12645000e-08  1.10054838e+00  4.12645000e-08  1.94999979e+00  4.12645000e-08  1.94997689e+00 
 4.12655000e-08  1.04869398e+00  4.12655000e-08  1.94999988e+00  4.12655000e-08  1.94998932e+00 
 4.12665000e-08  9.97070789e-01  4.12665000e-08  1.94999979e+00  4.12665000e-08  1.94997693e+00 
 4.12675000e-08  9.45639644e-01  4.12675000e-08  1.94999992e+00  4.12675000e-08  1.94999365e+00 
 4.12685000e-08  8.94336277e-01  4.12685000e-08  1.94999979e+00  4.12685000e-08  1.94997605e+00 
 4.16625000e-08  4.17836354e-05  4.16625000e-08  1.15781119e+00  4.16625000e-08  1.94993935e+00 
 4.16635000e-08  4.09040917e-05  4.16635000e-08  1.10344572e+00  4.16635000e-08  1.94993543e+00 
 4.16645000e-08  4.02105057e-05  4.16645000e-08  1.04840683e+00  4.16645000e-08  1.94993498e+00 
 4.16655000e-08  3.94059194e-05  4.16655000e-08  9.92739504e-01  4.16655000e-08  1.94994075e+00 
 4.16665000e-08  3.88554821e-05  4.16665000e-08  9.36418605e-01  4.16665000e-08  1.94995258e+00 
 4.16675000e-08  3.83084166e-05  4.16675000e-08  8.79499663e-01  4.16675000e-08  1.94997192e+00 
 4.18495000e-08  9.33450420e-01  4.18495000e-08  9.57562021e-05  4.18495000e-08  1.94996596e+00 
 4.18505000e-08  9.74818788e-01  4.18505000e-08  9.42760540e-05  4.18505000e-08  1.94996711e+00 
 4.18515000e-08  1.01580916e+00  4.18515000e-08  9.09836402e-05  4.18515000e-08  1.94996790e+00 
 4.18525000e-08  1.05642126e+00  4.18525000e-08  8.96065657e-05  4.18525000e-08  1.94996899e+00 
 4.18535000e-08  1.09666861e+00  4.18535000e-08  8.64507299e-05  4.18535000e-08  1.94996972e+00 
 4.18545000e-08  1.13654143e+00  4.18545000e-08  8.51712892e-05  4.18545000e-08  1.94997076e+00 
 4.20000000e-08  1.94967136e+00  4.20000000e-08 -2.36200899e-06  4.20000000e-08  1.94999933e+00 
