 time            v(b_out)        time            v(u_puf_u_core_sel_ro) time            v(q)           
 0.00000000e+00  4.68653891e-09  0.00000000e+00  2.46749735e-09  0.00000000e+00  2.46749746e-09 
 2.57750000e-09  9.12556583e-01  2.57750000e-09 -4.59032352e-08  2.57750000e-09  2.52941890e-09 
 2.57850000e-09  9.53714209e-01  2.57850000e-09 -1.15983552e-08  2.57850000e-09  2.50543614e-09 
 2.57950000e-09  9.94283413e-01  2.57950000e-09  1.23994707e-08  2.57950000e-09  2.46657389e-09 
 2.58050000e-09  1.03426450e+00  2.58050000e-09  2.83027942e-08  2.58050000e-09  2.45377635e-09 
 2.58150000e-09  1.07370096e+00  2.58150000e-09  5.14814634e-08  2.58150000e-09  2.46366127e-09 
 2.58250000e-09  1.11263632e+00  2.58250000e-09  4.39072418e-08  2.58250000e-09  2.40996606e-09 
 2.75250000e-09  1.94988674e+00  2.75250000e-09  8.21431705e-01  2.75250000e-09 -6.28673201e-05 
 2.75350000e-09  1.94988995e+00  2.75350000e-09  9.03923950e-01  2.75350000e-09 -1.13183321e-04 
 2.75450000e-09  1.94989125e+00  2.75450000e-09  9.84709461e-01  2.75450000e-09 -1.53060643e-04 
 2.75550000e-09  1.94989414e+00  2.75550000e-09  1.06369493e+00  2.75550000e-09 -1.76782798e-04 
 2.75650000e-09  1.94989521e+00  2.75650000e-09  1.14085103e+00  2.75650000e-09 -1.94240502e-04 
 2.75750000e-09  1.94989790e+00  2.75750000e-09  1.21635164e+00  2.75750000e-09 -2.14592808e-04 
 2.87150000e-09  1.94995999e+00  2.87150000e-09  1.94993819e+00  2.87150000e-09  8.50365775e-01 
 2.87250000e-09  1.94995987e+00  2.87250000e-09  1.94994369e+00  2.87250000e-09  9.11634919e-01 
 2.87350000e-09  1.94996037e+00  2.87350000e-09  1.94995066e+00  2.87350000e-09  9.71556296e-01 
 2.87450000e-09  1.94996026e+00  2.87450000e-09  1.94995657e+00  2.87450000e-09  1.03136153e+00 
 2.87550000e-09  1.94996075e+00  2.87550000e-09  1.94996374e+00  2.87550000e-09  1.09463799e+00 
 2.87650000e-09  1.94996064e+00  2.87650000e-09  1.94996141e+00  2.87650000e-09  1.16533597e+00 
 3.11450000e-09  1.13366900e+00  3.11450000e-09  1.95000000e+00  3.11450000e-09  1.94999951e+00 
 3.11550000e-09  1.08165352e+00  3.11550000e-09  1.95000004e+00  3.11550000e-09  1.94999961e+00 
 3.11650000e-09  1.02992100e+00  3.11650000e-09  1.94999992e+00  3.11650000e-09  1.94999950e+00 
 3.11750000e-09  9.78372564e-01  3.11750000e-09  1.94999993e+00  3.11750000e-09  1.94999961e+00 
 3.11850000e-09  9.26990250e-01  3.11850000e-09  1.94999984e+00  3.11850000e-09  1.94999953e+00 
 3.11950000e-09  8.75710021e-01  3.11950000e-09  1.94999985e+00  3.11950000e-09  1.94999966e+00 
 3.37850000e-09  6.63918077e-05  3.37850000e-09  1.16937107e+00  3.37850000e-09  1.94994056e+00 
 3.37950000e-09  6.41794200e-05  3.37950000e-09  1.11514036e+00  3.37950000e-09  1.94993599e+00 
 3.38050000e-09  6.19788413e-05  3.38050000e-09  1.06024670e+00  3.38050000e-09  1.94993457e+00 
 3.38150000e-09  5.99140319e-05  3.38150000e-09  1.00471231e+00  3.38150000e-09  1.94993896e+00 
 3.38250000e-09  5.78589165e-05  3.38250000e-09  9.48531065e-01  3.38250000e-09  1.94994940e+00 
 3.38350000e-09  5.59340765e-05  3.38350000e-09  8.91737303e-01  3.38350000e-09  1.94996721e+00 
 3.69950000e-09  9.10771021e-01  3.69950000e-09  3.04857712e-06  3.69950000e-09  1.94999899e+00 
 3.70050000e-09  9.51954523e-01  3.70050000e-09  3.35531167e-06  3.70050000e-09  1.94999895e+00 
 3.70150000e-09  9.92548915e-01  3.70150000e-09  2.94754182e-06  3.70150000e-09  1.94999903e+00 
 3.70250000e-09  1.03255491e+00  3.70250000e-09  3.23770978e-06  3.70250000e-09  1.94999899e+00 
 3.70350000e-09  1.07201390e+00  3.70350000e-09  2.83709548e-06  3.70350000e-09  1.94999907e+00 
 3.70450000e-09  1.11096924e+00  3.70450000e-09  3.10229655e-06  3.70450000e-09  1.94999903e+00 
 3.87450000e-09  1.94988698e+00  3.87450000e-09  8.51399343e-01  3.87450000e-09  1.95003282e+00 
 3.87550000e-09  1.94988998e+00  3.87550000e-09  9.33235941e-01  3.87550000e-09  1.94990333e+00 
 3.87650000e-09  1.94989143e+00  3.87650000e-09  1.01315099e+00  3.87650000e-09  1.94976036e+00 
 3.87750000e-09  1.94989414e+00  3.87750000e-09  1.09105002e+00  3.87750000e-09  1.94960284e+00 
 3.87850000e-09  1.94989537e+00  3.87850000e-09  1.16698786e+00  3.87850000e-09  1.94945151e+00 
 3.87950000e-09  1.94989789e+00  3.87950000e-09  1.24125162e+00  3.87950000e-09  1.94929818e+00 
 4.00750000e-09  1.94996252e+00  4.00750000e-09  1.94997987e+00  4.00750000e-09  1.18659480e+00 
 4.00850000e-09  1.94996247e+00  4.00850000e-09  1.95001218e+00  4.00850000e-09  1.12906666e+00 
 4.00950000e-09  1.94996286e+00  4.00950000e-09  1.95004403e+00  4.00950000e-09  1.07141603e+00 
 4.01050000e-09  1.94996282e+00  4.01050000e-09  1.95007169e+00  4.01050000e-09  1.01344702e+00 
 4.01150000e-09  1.94996320e+00  4.01150000e-09  1.95009127e+00  4.01150000e-09  9.55035512e-01 
 4.01250000e-09  1.94996316e+00  4.01250000e-09  1.95010594e+00  4.01250000e-09  8.96024049e-01 
 4.23650000e-09  1.13584591e+00  4.23650000e-09  1.95000002e+00  4.23650000e-09  1.80051185e-05 
 4.23750000e-09  1.08381747e+00  4.23750000e-09  1.94999983e+00  4.23750000e-09  1.27733306e-05 
 4.23850000e-09  1.03207635e+00  4.23850000e-09  1.94999992e+00  4.23850000e-09  1.68148298e-05 
 4.23950000e-09  9.80520283e-01  4.23950000e-09  1.94999970e+00  4.23950000e-09  1.20165785e-05 
 4.24050000e-09  9.29133382e-01  4.24050000e-09  1.94999976e+00  4.24050000e-09  1.60632871e-05 
 4.24150000e-09  8.77848258e-01  4.24150000e-09  1.94999958e+00  4.24150000e-09  1.11277034e-05 
 4.50050000e-09  6.64873659e-05  4.50050000e-09  1.17169205e+00  4.50050000e-09 -2.40162314e-06 
 4.50150000e-09  6.42797013e-05  4.50150000e-09  1.11748615e+00  4.50150000e-09 -2.88827881e-06 
 4.50250000e-09  6.20676447e-05  4.50250000e-09  1.06261951e+00  4.50250000e-09 -2.32489058e-07 
 4.50350000e-09  6.00080125e-05  4.50350000e-09  1.00710986e+00  4.50350000e-09  6.72968378e-07 
 4.50450000e-09  5.79416345e-05  4.50450000e-09  9.50955304e-01  4.50450000e-09  4.04744721e-06 
 4.50550000e-09  5.60220620e-05  4.50550000e-09  8.94185925e-01  4.50550000e-09  5.79808630e-06 
 4.82150000e-09  9.09878232e-01  4.82150000e-09  3.44187032e-06  4.82150000e-09 -1.64827462e-07 
 4.82250000e-09  9.51074652e-01  4.82250000e-09  3.72738020e-06  4.82250000e-09  6.52904872e-07 
 4.82350000e-09  9.91681651e-01  4.82350000e-09  3.32293946e-06  4.82350000e-09 -1.57051572e-07 
 4.82450000e-09  1.03170010e+00  4.82450000e-09  3.59343046e-06  4.82450000e-09  6.50637700e-07 
 4.82550000e-09  1.07117039e+00  4.82550000e-09  3.19568289e-06  4.82550000e-09 -1.49912100e-07 
 4.82650000e-09  1.11013577e+00  4.82650000e-09  3.44313273e-06  4.82650000e-09  6.48650559e-07 
 4.99650000e-09  1.94988694e+00  4.99650000e-09  8.47635228e-01  4.99650000e-09 -8.09010414e-05 
 4.99750000e-09  1.94988992e+00  4.99750000e-09  9.29609187e-01  4.99750000e-09 -1.28413864e-04 
 4.99850000e-09  1.94989140e+00  4.99850000e-09  1.00983683e+00  4.99850000e-09 -1.63223241e-04 
 4.99950000e-09  1.94989409e+00  4.99950000e-09  1.08824264e+00  4.99950000e-09 -1.84703750e-04 
 5.00050000e-09  1.94989534e+00  5.00050000e-09  1.16486369e+00  5.00050000e-09 -2.00341853e-04 
 5.00150000e-09  1.94989784e+00  5.00150000e-09  1.23986966e+00  5.00150000e-09 -2.26098372e-04 
 5.11550000e-09  1.94995994e+00  5.11550000e-09  1.94994471e+00  5.11550000e-09  8.81091133e-01 
 5.11650000e-09  1.94995990e+00  5.11650000e-09  1.94995178e+00  5.11650000e-09  9.41680180e-01 
 5.11750000e-09  1.94996033e+00  5.11750000e-09  1.94995695e+00  5.11750000e-09  1.00138461e+00 
 5.11850000e-09  1.94996029e+00  5.11850000e-09  1.94996205e+00  5.11850000e-09  1.06267121e+00 
 5.11950000e-09  1.94996071e+00  5.11950000e-09  1.94996889e+00  5.11950000e-09  1.12924797e+00 
 5.12050000e-09  1.94996067e+00  5.12050000e-09  1.94996136e+00  5.12050000e-09  1.20253890e+00 
 5.35850000e-09  1.13736906e+00  5.35850000e-09  1.95000013e+00  5.35850000e-09  1.94999550e+00 
 5.35950000e-09  1.08533104e+00  5.35950000e-09  1.95000003e+00  5.35950000e-09  1.94999196e+00 
 5.36050000e-09  1.03358339e+00  5.36050000e-09  1.95000003e+00  5.36050000e-09  1.94999750e+00 
 5.36150000e-09  9.82021501e-01  5.36150000e-09  1.94999991e+00  5.36150000e-09  1.94999215e+00 
 5.36250000e-09  9.30631123e-01  5.36250000e-09  1.94999990e+00  5.36250000e-09  1.94999608e+00 
 5.36350000e-09  8.79342330e-01  5.36350000e-09  1.94999980e+00  5.36350000e-09  1.94999262e+00 
 5.58850000e-09  2.14685208e-04  5.58850000e-09  2.00750567e+00  5.58850000e-09  1.94999870e+00 
 5.62250000e-09  6.65490253e-05  5.62250000e-09  1.17316025e+00  5.62250000e-09  1.94994128e+00 
 5.62350000e-09  6.43442530e-05  5.62350000e-09  1.11897380e+00  5.62350000e-09  1.94993592e+00 
 5.62450000e-09  6.21214510e-05  5.62450000e-09  1.06412783e+00  5.62450000e-09  1.94993479e+00 
 5.62550000e-09  6.00657870e-05  5.62550000e-09  1.00863717e+00  5.62550000e-09  1.94993816e+00 
 5.62650000e-09  5.79918322e-05  5.62650000e-09  9.52501954e-01  5.62650000e-09  1.94994872e+00 
 5.62750000e-09  5.60743512e-05  5.62750000e-09  8.95749551e-01  5.62750000e-09  1.94996544e+00 
 5.94350000e-09  9.08171856e-01  5.94350000e-09  3.07405377e-06  5.94350000e-09  1.94999899e+00 
 5.94450000e-09  9.49392947e-01  5.94450000e-09  3.33781841e-06  5.94450000e-09  1.94999894e+00 
 5.94550000e-09  9.90024047e-01  5.94550000e-09  2.97311303e-06  5.94550000e-09  1.94999903e+00 
 5.94650000e-09  1.03006631e+00  5.94650000e-09  3.22123554e-06  5.94650000e-09  1.94999898e+00 
 5.94750000e-09  1.06955827e+00  5.94750000e-09  2.86199364e-06  5.94750000e-09  1.94999907e+00 
 5.94850000e-09  1.10854292e+00  5.94850000e-09  3.08775351e-06  5.94850000e-09  1.94999902e+00 
 6.11850000e-09  1.94988686e+00  6.11850000e-09  8.46179693e-01  6.11850000e-09  1.95004168e+00 
 6.11950000e-09  1.94988981e+00  6.11950000e-09  9.28132768e-01  6.11950000e-09  1.94991161e+00 
 6.12050000e-09  1.94989133e+00  6.12050000e-09  1.00817136e+00  6.12050000e-09  1.94976980e+00 
 6.12150000e-09  1.94989398e+00  6.12150000e-09  1.08619975e+00  6.12150000e-09  1.94961285e+00 
 6.12250000e-09  1.94989529e+00  6.12250000e-09  1.16225298e+00  6.12250000e-09  1.94945991e+00 
 6.12350000e-09  1.94989774e+00  6.12350000e-09  1.23661405e+00  6.12350000e-09  1.94930887e+00 
 6.25150000e-09  1.94996249e+00  6.25150000e-09  1.94997798e+00  6.25150000e-09  1.19018350e+00 
 6.25250000e-09  1.94996247e+00  6.25250000e-09  1.95001007e+00  6.25250000e-09  1.13265659e+00 
 6.25350000e-09  1.94996284e+00  6.25350000e-09  1.95004205e+00  6.25350000e-09  1.07502212e+00 
 6.25450000e-09  1.94996283e+00  6.25450000e-09  1.95007021e+00  6.25450000e-09  1.01707429e+00 
 6.25550000e-09  1.94996318e+00  6.25550000e-09  1.95009006e+00  6.25550000e-09  9.58698248e-01 
 6.25650000e-09  1.94996315e+00  6.25650000e-09  1.95010538e+00  6.25650000e-09  8.99724061e-01 
 6.48050000e-09  1.13885810e+00  6.48050000e-09  1.95000006e+00  6.48050000e-09  1.83183680e-05 
 6.48150000e-09  1.08681148e+00  6.48150000e-09  1.94999985e+00  6.48150000e-09  1.21496932e-05 
 6.48250000e-09  1.03505807e+00  6.48250000e-09  1.94999995e+00  6.48250000e-09  1.73507697e-05 
 6.48350000e-09  9.83491096e-01  6.48350000e-09  1.94999973e+00  6.48350000e-09  1.13119246e-05 
 6.48450000e-09  9.32097703e-01  6.48450000e-09  1.94999980e+00  6.48450000e-09  1.64624643e-05 
 6.48550000e-09  8.80805709e-01  6.48550000e-09  1.94999961e+00  6.48550000e-09  1.06947568e-05 
 6.74450000e-09  6.66137085e-05  6.74450000e-09  1.17470283e+00  6.74450000e-09 -2.36731752e-06 
 6.74550000e-09  6.44112302e-05  6.74550000e-09  1.12053212e+00  6.74550000e-09 -3.00116076e-06 
 6.74650000e-09  6.21837585e-05  6.74650000e-09  1.06570336e+00  6.74650000e-09 -2.82979944e-07 
 6.74750000e-09  6.01276448e-05  6.74750000e-09  1.01022847e+00  6.74750000e-09  5.05677377e-07 
 6.74850000e-09  5.80479135e-05  6.74850000e-09  9.54110485e-01  6.74850000e-09  3.94892008e-06 
 6.74950000e-09  5.61331584e-05  6.74950000e-09  8.97373979e-01  6.74950000e-09  5.59697216e-06 
 7.06550000e-09  9.07993283e-01  7.06550000e-09  3.42743153e-06  7.06550000e-09 -2.19203370e-07 
 7.06650000e-09  9.49217115e-01  7.06650000e-09  3.74971161e-06  7.06650000e-09  6.64939088e-07 
 7.06750000e-09  9.89850731e-01  7.06750000e-09  3.30890585e-06  7.06750000e-09 -2.08263940e-07 
 7.06850000e-09  1.02989551e+00  7.06850000e-09  3.61566157e-06  7.06850000e-09  6.69312241e-07 
 7.06950000e-09  1.06938974e+00  7.06950000e-09  3.18134141e-06  7.06950000e-09 -1.89660573e-07 
 7.07050000e-09  1.10837644e+00  7.07050000e-09  3.46576495e-06  7.07050000e-09  6.66942306e-07 
 7.24050000e-09  1.94988686e+00  7.24050000e-09  8.43855335e-01  7.24050000e-09 -7.83488358e-05 
 7.24150000e-09  1.94988980e+00  7.24150000e-09  9.25906750e-01  7.24150000e-09 -1.26255854e-04 
 7.24250000e-09  1.94989133e+00  7.24250000e-09  1.00621576e+00  7.24250000e-09 -1.62139182e-04 
 7.24350000e-09  1.94989397e+00  7.24350000e-09  1.08470668e+00  7.24350000e-09 -1.83908884e-04 
 7.24450000e-09  1.94989528e+00  7.24450000e-09  1.16140452e+00  7.24450000e-09 -1.99637057e-04 
 7.24550000e-09  1.94989773e+00  7.24550000e-09  1.23648378e+00  7.24550000e-09 -2.24965980e-04 
 7.35950000e-09  1.94995992e+00  7.35950000e-09  1.94994455e+00  7.35950000e-09  8.78331400e-01 
 7.36050000e-09  1.94995990e+00  7.36050000e-09  1.94995141e+00  7.36050000e-09  9.38980719e-01 
 7.36150000e-09  1.94996031e+00  7.36150000e-09  1.94995677e+00  7.36150000e-09  9.98696132e-01 
 7.36250000e-09  1.94996029e+00  7.36250000e-09  1.94996189e+00  7.36250000e-09  1.05977816e+00 
 7.36350000e-09  1.94996069e+00  7.36350000e-09  1.94996881e+00  7.36350000e-09  1.12604980e+00 
 7.36450000e-09  1.94996068e+00  7.36450000e-09  1.94996134e+00  7.36450000e-09  1.19922570e+00 
 7.60250000e-09  1.13953227e+00  7.60250000e-09  1.95000012e+00  7.60250000e-09  1.94999761e+00 
 7.60350000e-09  1.08748081e+00  7.60350000e-09  1.95000003e+00  7.60350000e-09  1.94999253e+00 
 7.60450000e-09  1.03572397e+00  7.60450000e-09  1.95000002e+00  7.60450000e-09  1.94999621e+00 
 7.60550000e-09  9.84153929e-01  7.60550000e-09  1.94999992e+00  7.60550000e-09  1.94999300e+00 
 7.60650000e-09  9.32758501e-01  7.60650000e-09  1.94999991e+00  7.60650000e-09  1.94999801e+00 
 7.60750000e-09  8.81464442e-01  7.60750000e-09  1.94999982e+00  7.60750000e-09  1.94999449e+00 
 7.86650000e-09  6.66396885e-05  7.86650000e-09  1.17537991e+00  7.86650000e-09  1.94994150e+00 
 7.86750000e-09  6.44372716e-05  7.86750000e-09  1.12121944e+00  7.86750000e-09  1.94993611e+00 
 7.86850000e-09  6.22108958e-05  7.86850000e-09  1.06640138e+00  7.86850000e-09  1.94993472e+00 
 7.86950000e-09  6.01554232e-05  7.86950000e-09  1.01093637e+00  7.86950000e-09  1.94993792e+00 
 7.87050000e-09  5.80714897e-05  7.87050000e-09  9.54828150e-01  7.87050000e-09  1.94994813e+00 
 7.87150000e-09  5.61556316e-05  7.87150000e-09  8.98100052e-01  7.87150000e-09  1.94996463e+00 
 8.18750000e-09  9.05939086e-01  8.18750000e-09  3.09269083e-06  8.18750000e-09  1.94999903e+00 
 8.18850000e-09  9.47192443e-01  8.18850000e-09  3.32246328e-06  8.18850000e-09  1.94999890e+00 
 8.18950000e-09  9.87855123e-01  8.18950000e-09  2.99191768e-06  8.18950000e-09  1.94999908e+00 
 8.19050000e-09  1.02792861e+00  8.19050000e-09  3.20680504e-06  8.19050000e-09  1.94999894e+00 
 8.19150000e-09  1.06744903e+00  8.19150000e-09  2.88033205e-06  8.19150000e-09  1.94999911e+00 
 8.19250000e-09  1.10645910e+00  8.19250000e-09  3.07488307e-06  8.19250000e-09  1.94999898e+00 
 8.36250000e-09  1.94988676e+00  8.36250000e-09  8.41831440e-01  8.36250000e-09  1.95004889e+00 
 8.36350000e-09  1.94988967e+00  8.36350000e-09  9.23882305e-01  8.36350000e-09  1.94991847e+00 
 8.36450000e-09  1.94989124e+00  8.36450000e-09  1.00402426e+00  8.36450000e-09  1.94977762e+00 
 8.36550000e-09  1.94989386e+00  8.36550000e-09  1.08216113e+00  8.36550000e-09  1.94962117e+00 
 8.36650000e-09  1.94989520e+00  8.36650000e-09  1.15831155e+00  8.36650000e-09  1.94946688e+00 
 8.36750000e-09  1.94989763e+00  8.36750000e-09  1.23273180e+00  8.36750000e-09  1.94931795e+00 
 8.49550000e-09  1.94996247e+00  8.49550000e-09  1.94997632e+00  8.49550000e-09  1.19334455e+00 
 8.49650000e-09  1.94996247e+00  8.49650000e-09  1.95000823e+00  8.49650000e-09  1.13581795e+00 
 8.49750000e-09  1.94996282e+00  8.49750000e-09  1.95004032e+00  8.49750000e-09  1.07819686e+00 
 8.49850000e-09  1.94996282e+00  8.49850000e-09  1.95006897e+00  8.49850000e-09  1.02026665e+00 
 8.49950000e-09  1.94996315e+00  8.49950000e-09  1.95008899e+00  8.49950000e-09  9.61920757e-01 
 8.50050000e-09  1.94996316e+00  8.50050000e-09  1.95010478e+00  8.50050000e-09  9.02978656e-01 
 8.72450000e-09  1.14196233e+00  8.72450000e-09  1.94999997e+00  8.72450000e-09  1.84400971e-05 
 8.72550000e-09  1.08989701e+00  8.72550000e-09  1.94999979e+00  8.72550000e-09  1.24536303e-05 
 8.72650000e-09  1.03812891e+00  8.72650000e-09  1.94999988e+00  8.72650000e-09  1.72579008e-05 
 8.72750000e-09  9.86550797e-01  8.72750000e-09  1.94999972e+00  8.72750000e-09  1.16994103e-05 
 8.72850000e-09  9.35149014e-01  8.72850000e-09  1.94999981e+00  8.72850000e-09  1.64781166e-05 
 8.72950000e-09  8.83850153e-01  8.72950000e-09  1.94999964e+00  8.72950000e-09  1.08283999e-05 
 8.98850000e-09  6.67488578e-05  8.98850000e-09  1.17790984e+00  8.98850000e-09 -2.45496977e-06 
 8.98950000e-09  6.45422377e-05  8.98950000e-09  1.12377668e+00  8.98950000e-09 -2.99068569e-06 
 8.99050000e-09  6.23127204e-05  8.99050000e-09  1.06898831e+00  8.99050000e-09 -4.58201687e-07 
 8.99150000e-09  6.02534438e-05  8.99150000e-09  1.01355049e+00  8.99150000e-09  4.42016176e-07 
 8.99250000e-09  5.81690530e-05  8.99250000e-09  9.57471565e-01  8.99250000e-09  3.74272498e-06 
 8.99350000e-09  5.62505560e-05  8.99350000e-09  9.00770187e-01  8.99350000e-09  5.48973108e-06 
 9.30950000e-09  9.04568430e-01  9.30950000e-09  3.44503401e-06  9.30950000e-09 -1.15075831e-07 
 9.31050000e-09  9.45841536e-01  9.31050000e-09  3.73814597e-06  9.31050000e-09  6.65149712e-07 
 9.31150000e-09  9.86523557e-01  9.31150000e-09  3.32602210e-06  9.31150000e-09 -1.36380826e-07 
 9.31250000e-09  1.02661621e+00  9.31250000e-09  3.60514316e-06  9.31250000e-09  6.30299809e-07 
 9.31350000e-09  1.06615412e+00  9.31350000e-09  3.19825948e-06  9.31350000e-09 -1.39782007e-07 
 9.31450000e-09  1.10517990e+00  9.31450000e-09  3.45794355e-06  9.31450000e-09  6.27359570e-07 
 9.48450000e-09  1.94988669e+00  9.48450000e-09  8.37178687e-01  9.48450000e-09 -7.38781653e-05 
 9.48550000e-09  1.94988958e+00  9.48550000e-09  9.19363678e-01  9.48550000e-09 -1.22912010e-04 
 9.48650000e-09  1.94989119e+00  9.48650000e-09  9.99814236e-01  9.48650000e-09 -1.60150041e-04 
 9.48750000e-09  1.94989378e+00  9.48750000e-09  1.07845473e+00  9.48750000e-09 -1.82115409e-04 
 9.48850000e-09  1.94989516e+00  9.48850000e-09  1.15528822e+00  9.48850000e-09 -1.98352003e-04 
 9.48950000e-09  1.94989755e+00  9.48950000e-09  1.23049653e+00  9.48950000e-09 -2.22660110e-04 
 9.60350000e-09  1.94995988e+00  9.60350000e-09  1.94994441e+00  9.60350000e-09  8.73363727e-01 
 9.60450000e-09  1.94995990e+00  9.60450000e-09  1.94995062e+00  9.60450000e-09  9.34127123e-01 
 9.60550000e-09  1.94996027e+00  9.60550000e-09  1.94995658e+00  9.60550000e-09  9.93873471e-01 
 9.60650000e-09  1.94996029e+00  9.60650000e-09  1.94996145e+00  9.60650000e-09  1.05463899e+00 
 9.60750000e-09  1.94996066e+00  9.60750000e-09  1.94996876e+00  9.60750000e-09  1.12035383e+00 
 9.60850000e-09  1.94996068e+00  9.60850000e-09  1.94996130e+00  9.60850000e-09  1.19327803e+00 
 9.84650000e-09  1.14389222e+00  9.84650000e-09  1.95000011e+00  9.84650000e-09  1.94999977e+00 
 9.84750000e-09  1.09181630e+00  9.84750000e-09  1.95000005e+00  9.84750000e-09  1.94999637e+00 
 9.84850000e-09  1.04003810e+00  9.84850000e-09  1.95000002e+00  9.84850000e-09  1.95000024e+00 
 9.84950000e-09  9.88453941e-01  9.84950000e-09  1.94999996e+00  9.84950000e-09  1.94999592e+00 
 9.85050000e-09  9.37046305e-01  9.85050000e-09  1.94999993e+00  9.85050000e-09  1.94999902e+00 
 9.85150000e-09  8.85744095e-01  9.85150000e-09  1.94999987e+00  9.85150000e-09  1.94999596e+00 
 1.01105000e-08  6.68339898e-05  1.01105000e-08  1.17990721e+00  1.01105000e-08  1.94994196e+00 
 1.01115000e-08  6.46228660e-05  1.01115000e-08  1.12579976e+00  1.01115000e-08  1.94993649e+00 
 1.01125000e-08  6.23919624e-05  1.01125000e-08  1.07103878e+00  1.01125000e-08  1.94993463e+00 
 1.01135000e-08  6.03288579e-05  1.01135000e-08  1.01562616e+00  1.01135000e-08  1.94993745e+00 
 1.01145000e-08  5.82433123e-05  1.01145000e-08  9.59573178e-01  1.01145000e-08  1.94994698e+00 
 1.01155000e-08  5.63208605e-05  1.01155000e-08  9.02894772e-01  1.01155000e-08  1.94996301e+00 
 1.04325000e-08  9.43783575e-01  1.04325000e-08  3.28978960e-06  1.04325000e-08  1.94999884e+00 
 1.04335000e-08  9.84494736e-01  1.04335000e-08  3.03358554e-06  1.04335000e-08  1.94999912e+00 
 1.04345000e-08  1.02461706e+00  1.04345000e-08  3.17563500e-06  1.04345000e-08  1.94999889e+00 
 1.04355000e-08  1.06418136e+00  1.04355000e-08  2.92103150e-06  1.04355000e-08  1.94999916e+00 
 1.04365000e-08  1.10323166e+00  1.04365000e-08  3.04621940e-06  1.04365000e-08  1.94999893e+00 
 1.04375000e-08  1.14185050e+00  1.04375000e-08  2.76701632e-06  1.04375000e-08  1.94999920e+00 
 1.06065000e-08  1.94988661e+00  1.06065000e-08  8.34992565e-01  1.06065000e-08  1.95005994e+00 
 1.06075000e-08  1.94988944e+00  1.06075000e-08  9.17189315e-01  1.06075000e-08  1.94992920e+00 
 1.06085000e-08  1.94989112e+00  1.06085000e-08  9.97487562e-01  1.06085000e-08  1.94978994e+00 
 1.06095000e-08  1.94989365e+00  1.06095000e-08  1.07578489e+00  1.06095000e-08  1.94963431e+00 
 1.06105000e-08  1.94989510e+00  1.06105000e-08  1.15207946e+00  1.06105000e-08  1.94947787e+00 
 1.06115000e-08  1.94989743e+00  1.06115000e-08  1.22663170e+00  1.06115000e-08  1.94933180e+00 
 1.07395000e-08  1.94996244e+00  1.07395000e-08  1.94997420e+00  1.07395000e-08  1.19800021e+00 
 1.07405000e-08  1.94996248e+00  1.07405000e-08  1.95000508e+00  1.07405000e-08  1.14047421e+00 
 1.07415000e-08  1.94996279e+00  1.07415000e-08  1.95003809e+00  1.07415000e-08  1.08287235e+00 
 1.07425000e-08  1.94996283e+00  1.07425000e-08  1.95006671e+00  1.07425000e-08  1.02496809e+00 
 1.07435000e-08  1.94996312e+00  1.07435000e-08  1.95008778e+00  1.07435000e-08  9.66666535e-01 
 1.07445000e-08  1.94996316e+00  1.07445000e-08  1.95010359e+00  1.07445000e-08  9.07772029e-01 
 1.09685000e-08  1.14632043e+00  1.09685000e-08  1.94999999e+00  1.09685000e-08  1.73932828e-05 
 1.09695000e-08  1.09423096e+00  1.09695000e-08  1.94999990e+00  1.09695000e-08  1.34503669e-05 
 1.09705000e-08  1.04243990e+00  1.09705000e-08  1.94999991e+00  1.09705000e-08  1.65520594e-05 
 1.09715000e-08  9.90847853e-01  1.09715000e-08  1.94999982e+00  1.09715000e-08  1.24110349e-05 
 1.09725000e-08  9.39432493e-01  1.09725000e-08  1.94999983e+00  1.09725000e-08  1.54603786e-05 
 1.09735000e-08  8.88125783e-01  1.09735000e-08  1.94999973e+00  1.09735000e-08  1.16714160e-05 
 1.12325000e-08  6.69441051e-05  1.12325000e-08  1.18239886e+00  1.12325000e-08 -2.70737866e-06 
 1.12335000e-08  6.47252134e-05  1.12335000e-08  1.12831834e+00  1.12335000e-08 -2.85600018e-06 
 1.12345000e-08  6.24925390e-05  1.12345000e-08  1.07358658e+00  1.12345000e-08 -8.29249038e-07 
 1.12355000e-08  6.04248493e-05  1.12355000e-08  1.01820073e+00  1.12355000e-08  4.57484042e-07 
 1.12365000e-08  5.83391154e-05  1.12365000e-08  9.62176612e-01  1.12365000e-08  3.34971474e-06 
 1.12375000e-08  5.64098290e-05  1.12375000e-08  9.05524562e-01  1.12375000e-08  5.43654315e-06 
 1.15545000e-08  9.42267027e-01  1.15545000e-08  3.71413406e-06  1.15545000e-08  5.25699915e-07 
 1.15555000e-08  9.82999654e-01  1.15555000e-08  3.36084933e-06  1.15555000e-08 -6.23830553e-08 
 1.15565000e-08  1.02314383e+00  1.15565000e-08  3.58330802e-06  1.15565000e-08  5.38334059e-07 
 1.15575000e-08  1.06272763e+00  1.15575000e-08  3.23130405e-06  1.15575000e-08 -8.15366616e-08 
 1.15585000e-08  1.10179607e+00  1.15585000e-08  3.43801465e-06  1.15585000e-08  5.10151932e-07 
 1.15595000e-08  1.14042858e+00  1.15595000e-08  3.06386890e-06  1.15595000e-08 -7.00367522e-08 
 1.17285000e-08  1.94988654e+00  1.17285000e-08  8.29937972e-01  1.17285000e-08 -6.90857968e-05 
 1.17295000e-08  1.94988933e+00  1.17295000e-08  9.12263461e-01  1.17295000e-08 -1.19087617e-04 
 1.17305000e-08  1.94989107e+00  1.17305000e-08  9.92865743e-01  1.17305000e-08 -1.57873920e-04 
 1.17315000e-08  1.94989355e+00  1.17315000e-08  1.07166878e+00  1.17315000e-08 -1.80166865e-04 
 1.17325000e-08  1.94989505e+00  1.17325000e-08  1.14864160e+00  1.17325000e-08 -1.96909855e-04 
 1.17335000e-08  1.94989734e+00  1.17335000e-08  1.22397858e+00  1.17335000e-08 -2.20009410e-04 
 1.18475000e-08  1.94995985e+00  1.18475000e-08  1.94994414e+00  1.18475000e-08  8.67938169e-01 
 1.18485000e-08  1.94995992e+00  1.18485000e-08  1.94994982e+00  1.18485000e-08  9.28830432e-01 
 1.18495000e-08  1.94996024e+00  1.18495000e-08  1.94995624e+00  1.18495000e-08  9.88622532e-01 
 1.18505000e-08  1.94996030e+00  1.18505000e-08  1.94996098e+00  1.18505000e-08  1.04910524e+00 
 1.18515000e-08  1.94996062e+00  1.18515000e-08  1.94996853e+00  1.18515000e-08  1.11421787e+00 
 1.18525000e-08  1.94996069e+00  1.18525000e-08  1.94996146e+00  1.18525000e-08  1.18678969e+00 
 1.20905000e-08  1.14852452e+00  1.20905000e-08  1.95000009e+00  1.20905000e-08  1.94999711e+00 
 1.20915000e-08  1.09642290e+00  1.20915000e-08  1.95000008e+00  1.20915000e-08  1.94999489e+00 
 1.20925000e-08  1.04462029e+00  1.20925000e-08  1.95000000e+00  1.20925000e-08  1.94999827e+00 
 1.20935000e-08  9.93021269e-01  1.20935000e-08  1.94999998e+00  1.20935000e-08  1.94999492e+00 
 1.20945000e-08  9.41599091e-01  1.20945000e-08  1.94999991e+00  1.20945000e-08  1.94999728e+00 
 1.20955000e-08  8.90288712e-01  1.20955000e-08  1.94999988e+00  1.20955000e-08  1.94999515e+00 
 1.23545000e-08  6.70415188e-05  1.23545000e-08  1.18465777e+00  1.23545000e-08  1.94994245e+00 
 1.23555000e-08  6.48167117e-05  1.23555000e-08  1.13060608e+00  1.23555000e-08  1.94993692e+00 
 1.23565000e-08  6.25836851e-05  1.23565000e-08  1.07590505e+00  1.23565000e-08  1.94993457e+00 
 1.23575000e-08  6.05102206e-05  1.23575000e-08  1.02054751e+00  1.23575000e-08  1.94993701e+00 
 1.23585000e-08  5.84241142e-05  1.23585000e-08  9.64552656e-01  1.23585000e-08  1.94994583e+00 
 1.23595000e-08  5.64895440e-05  1.23595000e-08  9.07926619e-01  1.23595000e-08  1.94996136e+00 
 1.26765000e-08  9.40208865e-01  1.26765000e-08  3.25940059e-06  1.26765000e-08  1.94999884e+00 
 1.26775000e-08  9.80970620e-01  1.26775000e-08  3.07301795e-06  1.26775000e-08  1.94999912e+00 
 1.26785000e-08  1.02114447e+00  1.26785000e-08  3.14691468e-06  1.26785000e-08  1.94999888e+00 
 1.26795000e-08  1.06075480e+00  1.26795000e-08  2.95956106e-06  1.26795000e-08  1.94999916e+00 
 1.26805000e-08  1.09984800e+00  1.26805000e-08  3.02011113e-06  1.26805000e-08  1.94999892e+00 
 1.26815000e-08  1.13849933e+00  1.26815000e-08  2.80766297e-06  1.26815000e-08  1.94999920e+00 
 1.28505000e-08  1.94988646e+00  1.28505000e-08  8.27724185e-01  1.28505000e-08  1.95007123e+00 
 1.28515000e-08  1.94988918e+00  1.28515000e-08  9.10074477e-01  1.28515000e-08  1.94994038e+00 
 1.28525000e-08  1.94989099e+00  1.28525000e-08  9.90543974e-01  1.28525000e-08  1.94980293e+00 
 1.28535000e-08  1.94989341e+00  1.28535000e-08  1.06901824e+00  1.28535000e-08  1.94964810e+00 
 1.28545000e-08  1.94989500e+00  1.28545000e-08  1.14548014e+00  1.28545000e-08  1.94949042e+00 
 1.28555000e-08  1.94989721e+00  1.28555000e-08  1.22019229e+00  1.28555000e-08  1.94934585e+00 
 1.29845000e-08  1.94996249e+00  1.29845000e-08  1.95000184e+00  1.29845000e-08  1.14543027e+00 
 1.29855000e-08  1.94996275e+00  1.29855000e-08  1.95003556e+00  1.29855000e-08  1.08784733e+00 
 1.29865000e-08  1.94996284e+00  1.29865000e-08  1.95006439e+00  1.29865000e-08  1.02996972e+00 
 1.29875000e-08  1.94996309e+00  1.29875000e-08  1.95008633e+00  1.29875000e-08  9.71714059e-01 
 1.29885000e-08  1.94996317e+00  1.29885000e-08  1.95010240e+00  1.29885000e-08  9.12869743e-01 
 1.29895000e-08  1.94996342e+00  1.29895000e-08  1.95011180e+00  1.29895000e-08  8.53408002e-01 
 1.32125000e-08  1.15106706e+00  1.32125000e-08  1.95000003e+00  1.32125000e-08  1.67982261e-05 
 1.32135000e-08  1.09895132e+00  1.32135000e-08  1.95000000e+00  1.32135000e-08  1.39807091e-05 
 1.32145000e-08  1.04713525e+00  1.32145000e-08  1.94999995e+00  1.32145000e-08  1.57220920e-05 
 1.32155000e-08  9.95528051e-01  1.32155000e-08  1.94999992e+00  1.32155000e-08  1.31258800e-05 
 1.32165000e-08  9.44097931e-01  1.32165000e-08  1.94999986e+00  1.32165000e-08  1.48751490e-05 
 1.32175000e-08  8.92783010e-01  1.32175000e-08  1.94999982e+00  1.32175000e-08  1.21925739e-05 
 1.34765000e-08  6.71544884e-05  1.34765000e-08  1.18721852e+00  1.34765000e-08 -2.92608942e-06 
 1.34775000e-08  6.49224978e-05  1.34775000e-08  1.13319466e+00  1.34775000e-08 -2.74658708e-06 
 1.34785000e-08  6.26893310e-05  1.34785000e-08  1.07852372e+00  1.34785000e-08 -1.17508455e-06 
 1.34795000e-08  6.06086932e-05  1.34795000e-08  1.02319380e+00  1.34795000e-08  4.40311238e-07 
 1.34805000e-08  5.85224143e-05  1.34805000e-08  9.67228672e-01  1.34805000e-08  2.96686399e-06 
 1.34815000e-08  5.65819631e-05  1.34815000e-08  9.10629830e-01  1.34815000e-08  5.34498204e-06 
 1.37985000e-08  9.38231381e-01  1.37985000e-08  3.68716785e-06  1.37985000e-08  3.97887623e-07 
 1.37995000e-08  9.79021132e-01  1.37995000e-08  3.39805426e-06  1.37995000e-08 -2.79263155e-08 
 1.38005000e-08  1.01922348e+00  1.38005000e-08  3.55736491e-06  1.38005000e-08  3.98345721e-07 
 1.38015000e-08  1.05885941e+00  1.38015000e-08  3.26852587e-06  1.38015000e-08 -1.28904299e-08 
 1.38025000e-08  1.09797654e+00  1.38025000e-08  3.41529343e-06  1.38025000e-08  4.06778066e-07 
 1.38035000e-08  1.13664627e+00  1.38035000e-08  3.10245845e-06  1.38035000e-08 -2.75609591e-08 
 1.39725000e-08  1.94988638e+00  1.39725000e-08  8.21801440e-01  1.39725000e-08 -6.37705566e-05 
 1.39735000e-08  1.94988903e+00  1.39735000e-08  9.04282873e-01  1.39735000e-08 -1.14729737e-04 
 1.39745000e-08  1.94989093e+00  1.39745000e-08  9.85060112e-01  1.39745000e-08 -1.54789043e-04 
 1.39755000e-08  1.94989328e+00  1.39755000e-08  1.06404221e+00  1.39755000e-08 -1.78362673e-04 
 1.39765000e-08  1.94989494e+00  1.39765000e-08  1.14119718e+00  1.39765000e-08 -1.96083529e-04 
 1.39775000e-08  1.94989709e+00  1.39775000e-08  1.21669924e+00  1.39775000e-08 -2.16701094e-04 
 1.40915000e-08  1.94995980e+00  1.40915000e-08  1.94994371e+00  1.40915000e-08  8.61825145e-01 
 1.40925000e-08  1.94995993e+00  1.40925000e-08  1.94994918e+00  1.40925000e-08  9.22868040e-01 
 1.40935000e-08  1.94996019e+00  1.40935000e-08  1.94995569e+00  1.40935000e-08  9.82725229e-01 
 1.40945000e-08  1.94996032e+00  1.40945000e-08  1.94996064e+00  1.40945000e-08  1.04295713e+00 
 1.40955000e-08  1.94996058e+00  1.40955000e-08  1.94996801e+00  1.40955000e-08  1.10742551e+00 
 1.40965000e-08  1.94996070e+00  1.40965000e-08  1.94996206e+00  1.40965000e-08  1.17949639e+00 
 1.43345000e-08  1.15348682e+00  1.43345000e-08  1.95000007e+00  1.43345000e-08  1.94999901e+00 
 1.43355000e-08  1.10135756e+00  1.43355000e-08  1.95000007e+00  1.43355000e-08  1.94999666e+00 
 1.43365000e-08  1.04952855e+00  1.43365000e-08  1.94999996e+00  1.43365000e-08  1.94999818e+00 
 1.43375000e-08  9.97913467e-01  1.43375000e-08  1.94999996e+00  1.43375000e-08  1.94999673e+00 
 1.43385000e-08  9.46475720e-01  1.43385000e-08  1.94999987e+00  1.43385000e-08  1.94999888e+00 
 1.43395000e-08  8.95156437e-01  1.43395000e-08  1.94999986e+00  1.43395000e-08  1.94999665e+00 
 1.45985000e-08  6.72619326e-05  1.45985000e-08  1.18974001e+00  1.45985000e-08  1.94994299e+00 
 1.45995000e-08  6.50244904e-05  1.45995000e-08  1.13574813e+00  1.45995000e-08  1.94993741e+00 
 1.46005000e-08  6.27925323e-05  1.46005000e-08  1.08111127e+00  1.46005000e-08  1.94993455e+00 
 1.46015000e-08  6.07046067e-05  1.46015000e-08  1.02581280e+00  1.46015000e-08  1.94993659e+00 
 1.46025000e-08  5.86183240e-05  1.46025000e-08  9.69880281e-01  1.46025000e-08  1.94994465e+00 
 1.46035000e-08  5.66716517e-05  1.46035000e-08  9.13310539e-01  1.46035000e-08  1.94995965e+00 
 1.49205000e-08  9.36152314e-01  1.49205000e-08  3.22937666e-06  1.49205000e-08  1.94999885e+00 
 1.49215000e-08  9.76971530e-01  1.49215000e-08  3.11194410e-06  1.49215000e-08  1.94999912e+00 
 1.49225000e-08  1.01720388e+00  1.49225000e-08  3.11871890e-06  1.49225000e-08  1.94999889e+00 
 1.49235000e-08  1.05686681e+00  1.49235000e-08  2.99757011e-06  1.49235000e-08  1.94999915e+00 
 1.49245000e-08  1.09600925e+00  1.49245000e-08  2.99485512e-06  1.49245000e-08  1.94999893e+00 
 1.49255000e-08  1.13469863e+00  1.49255000e-08  2.84815560e-06  1.49255000e-08  1.94999919e+00 
 1.50945000e-08  1.94988630e+00  1.50945000e-08  8.19603049e-01  1.50945000e-08  1.95008335e+00 
 1.50955000e-08  1.94988888e+00  1.50955000e-08  9.02128566e-01  1.50955000e-08  1.94995264e+00 
 1.50965000e-08  1.94989086e+00  1.50965000e-08  9.82792845e-01  1.50965000e-08  1.94981723e+00 
 1.50975000e-08  1.94989314e+00  1.50975000e-08  1.06146388e+00  1.50975000e-08  1.94966363e+00 
 1.50985000e-08  1.94989488e+00  1.50985000e-08  1.13810452e+00  1.50985000e-08  1.94950568e+00 
 1.50995000e-08  1.94989695e+00  1.50995000e-08  1.21296262e+00  1.50995000e-08  1.94936141e+00 
 1.52285000e-08  1.94996251e+00  1.52285000e-08  1.94999839e+00  1.52285000e-08  1.15104670e+00 
 1.52295000e-08  1.94996271e+00  1.52295000e-08  1.95003250e+00  1.52295000e-08  1.09348032e+00 
 1.52305000e-08  1.94996284e+00  1.52305000e-08  1.95006185e+00  1.52305000e-08  1.03563276e+00 
 1.52315000e-08  1.94996304e+00  1.52315000e-08  1.95008467e+00  1.52315000e-08  9.77423626e-01 
 1.52325000e-08  1.94996318e+00  1.52325000e-08  1.95010118e+00  1.52325000e-08  9.18635304e-01 
 1.52335000e-08  1.94996337e+00  1.52335000e-08  1.95011130e+00  1.52335000e-08  8.59238748e-01 
 1.54295000e-08  2.05292818e+00  1.54295000e-08  1.94999991e+00  1.54295000e-08  3.65862932e-05 
 1.54565000e-08  1.15587507e+00  1.54565000e-08  1.94999994e+00  1.54565000e-08  1.62330419e-05 
 1.54575000e-08  1.10373237e+00  1.54575000e-08  1.94999997e+00  1.54575000e-08  1.44843022e-05 
 1.54585000e-08  1.05189045e+00  1.54585000e-08  1.94999988e+00  1.54585000e-08  1.52402843e-05 
 1.54595000e-08  1.00026746e+00  1.54595000e-08  1.94999991e+00  1.54595000e-08  1.35507894e-05 
 1.54605000e-08  9.48822108e-01  1.54605000e-08  1.94999980e+00  1.54605000e-08  1.43091822e-05 
 1.54615000e-08  8.97498471e-01  1.54615000e-08  1.94999981e+00  1.54615000e-08  1.26763734e-05 
 1.57215000e-08  6.51243778e-05  1.57215000e-08  1.13821831e+00  1.57215000e-08 -2.65766272e-06 
 1.57225000e-08  6.28932942e-05  1.57225000e-08  1.08361008e+00  1.57225000e-08 -1.49164859e-06 
 1.57235000e-08  6.07989683e-05  1.57235000e-08  1.02833791e+00  1.57235000e-08  4.46784815e-07 
 1.57245000e-08  5.87133150e-05  1.57245000e-08  9.72433709e-01  1.57245000e-08  2.66144849e-06 
 1.57255000e-08  5.67597760e-05  1.57255000e-08  9.15889945e-01  1.57255000e-08  5.24169327e-06 
 1.57265000e-08  5.48107987e-05  1.57265000e-08  8.58751181e-01  1.57265000e-08  7.95561393e-06 
 1.60425000e-08  9.34382808e-01  1.60425000e-08  3.65231460e-06  1.60425000e-08  2.80259485e-07 
 1.60435000e-08  9.75227107e-01  1.60435000e-08  3.44283124e-06  1.60435000e-08  4.54674419e-08 
 1.60445000e-08  1.01548500e+00  1.60445000e-08  3.52458472e-06  1.60445000e-08  2.66930864e-07 
 1.60455000e-08  1.05517098e+00  1.60455000e-08  3.31244246e-06  1.60455000e-08  4.67922655e-08 
 1.60465000e-08  1.09433508e+00  1.60465000e-08  3.38529231e-06  1.60465000e-08  2.69155781e-07 
 1.60475000e-08  1.13304143e+00  1.60475000e-08  3.14892459e-06  1.60475000e-08  3.86605917e-08 
 1.62165000e-08  1.94988622e+00  1.62165000e-08  8.14019645e-01  1.62165000e-08 -5.87647906e-05 
 1.62175000e-08  1.94988874e+00  1.62175000e-08  8.96647553e-01  1.62175000e-08 -1.10430033e-04 
 1.62185000e-08  1.94989081e+00  1.62185000e-08  9.77590585e-01  1.62185000e-08 -1.51601603e-04 
 1.62195000e-08  1.94989302e+00  1.62195000e-08  1.05674364e+00  1.62195000e-08 -1.76724978e-04 
 1.62205000e-08  1.94989483e+00  1.62205000e-08  1.13406371e+00  1.62205000e-08 -1.95113376e-04 
 1.62215000e-08  1.94989684e+00  1.62215000e-08  1.20971415e+00  1.62215000e-08 -2.13460482e-04 
 1.63355000e-08  1.94995975e+00  1.63355000e-08  1.94994333e+00  1.63355000e-08  8.56026220e-01 
 1.63365000e-08  1.94995994e+00  1.63365000e-08  1.94994857e+00  1.63365000e-08  9.17216391e-01 
 1.63375000e-08  1.94996015e+00  1.63375000e-08  1.94995515e+00  1.63375000e-08  9.77146929e-01 
 1.63385000e-08  1.94996033e+00  1.63385000e-08  1.94996025e+00  1.63385000e-08  1.03719587e+00 
 1.63395000e-08  1.94996053e+00  1.63395000e-08  1.94996738e+00  1.63395000e-08  1.10110096e+00 
 1.63405000e-08  1.94996071e+00  1.63405000e-08  1.94996281e+00  1.63405000e-08  1.17259566e+00 
 1.65785000e-08  1.15815523e+00  1.65785000e-08  1.95000007e+00  1.65785000e-08  1.94999901e+00 
 1.65795000e-08  1.10599963e+00  1.65795000e-08  1.95000008e+00  1.65795000e-08  1.94999781e+00 
 1.65805000e-08  1.05414525e+00  1.65805000e-08  1.94999997e+00  1.65805000e-08  1.94999846e+00 
 1.65815000e-08  1.00251462e+00  1.65815000e-08  1.94999997e+00  1.65815000e-08  1.94999784e+00 
 1.65825000e-08  9.51061913e-01  1.65825000e-08  1.94999988e+00  1.65825000e-08  1.94999896e+00 
 1.65835000e-08  8.99734099e-01  1.65835000e-08  1.94999988e+00  1.65835000e-08  1.94999783e+00 
 1.68435000e-08  6.52179269e-05  1.68435000e-08  1.14047781e+00  1.68435000e-08  1.94993787e+00 
 1.68445000e-08  6.29841684e-05  1.68445000e-08  1.08589998e+00  1.68445000e-08  1.94993458e+00 
 1.68455000e-08  6.08832369e-05  1.68455000e-08  1.03065588e+00  1.68455000e-08  1.94993624e+00 
 1.68465000e-08  5.87984362e-05  1.68465000e-08  9.74780803e-01  1.68465000e-08  1.94994362e+00 
 1.68475000e-08  5.68395923e-05  1.68475000e-08  9.18263027e-01  1.68475000e-08  1.94995808e+00 
 1.68485000e-08  5.48895006e-05  1.68485000e-08  8.61150071e-01  1.68485000e-08  1.94997916e+00 
 1.71645000e-08  9.32307253e-01  1.71645000e-08  3.18613124e-06  1.71645000e-08  1.94999882e+00 
 1.71655000e-08  9.73180982e-01  1.71655000e-08  3.16322761e-06  1.71655000e-08  1.94999913e+00 
 1.71665000e-08  1.01346884e+00  1.71665000e-08  3.07737465e-06  1.71665000e-08  1.94999887e+00 
 1.71675000e-08  1.05318195e+00  1.71675000e-08  3.04778795e-06  1.71675000e-08  1.94999917e+00 
 1.71685000e-08  1.09237158e+00  1.71685000e-08  2.95650846e-06  1.71685000e-08  1.94999891e+00 
 1.71695000e-08  1.13109813e+00  1.71695000e-08  2.90051874e-06  1.71695000e-08  1.94999921e+00 
 1.73385000e-08  1.94988614e+00  1.73385000e-08  8.11721539e-01  1.73385000e-08  1.95009456e+00 
 1.73395000e-08  1.94988859e+00  1.73395000e-08  8.94407969e-01  1.73395000e-08  1.94996438e+00 
 1.73405000e-08  1.94989074e+00  1.73405000e-08  9.75256126e-01  1.73405000e-08  1.94983084e+00 
 1.73415000e-08  1.94989287e+00  1.73415000e-08  1.05411792e+00  1.73415000e-08  1.94967883e+00 
 1.73425000e-08  1.94989478e+00  1.73425000e-08  1.13094441e+00  1.73425000e-08  1.94952032e+00 
 1.73435000e-08  1.94989671e+00  1.73435000e-08  1.20595801e+00  1.73435000e-08  1.94937532e+00 
 1.74725000e-08  1.94996251e+00  1.74725000e-08  1.94999550e+00  1.74725000e-08  1.15660158e+00 
 1.74735000e-08  1.94996267e+00  1.74735000e-08  1.95002943e+00  1.74735000e-08  1.09904464e+00 
 1.74745000e-08  1.94996285e+00  1.74745000e-08  1.95005915e+00  1.74745000e-08  1.04123191e+00 
 1.74755000e-08  1.94996300e+00  1.74755000e-08  1.95008280e+00  1.74755000e-08  9.83063666e-01 
 1.74765000e-08  1.94996319e+00  1.74765000e-08  1.95009976e+00  1.74765000e-08  9.24336689e-01 
 1.74775000e-08  1.94996334e+00  1.74775000e-08  1.95011063e+00  1.74775000e-08  8.65001423e-01 
 1.77005000e-08  1.16086432e+00  1.77005000e-08  1.94999989e+00  1.77005000e-08  1.60385329e-05 
 1.77015000e-08  1.10869349e+00  1.77015000e-08  1.94999996e+00  1.77015000e-08  1.47675296e-05 
 1.77025000e-08  1.05682428e+00  1.77025000e-08  1.94999980e+00  1.77025000e-08  1.50444339e-05 
 1.77035000e-08  1.00518459e+00  1.77035000e-08  1.94999985e+00  1.77035000e-08  1.38310263e-05 
 1.77045000e-08  9.53723157e-01  1.77045000e-08  1.94999972e+00  1.77045000e-08  1.41122848e-05 
 1.77055000e-08  9.02390446e-01  1.77055000e-08  1.94999978e+00  1.77055000e-08  1.29537448e-05 
 1.79655000e-08  6.53289059e-05  1.79655000e-08  1.14317136e+00  1.79655000e-08 -2.60686534e-06 
 1.79665000e-08  6.30961616e-05  1.79665000e-08  1.08862494e+00  1.79665000e-08 -1.74675722e-06 
 1.79675000e-08  6.09881829e-05  1.79675000e-08  1.03340977e+00  1.79675000e-08  3.61797784e-07 
 1.79685000e-08  5.89021364e-05  1.79685000e-08  9.77565741e-01  1.79685000e-08  2.33060606e-06 
 1.79695000e-08  5.69360531e-05  1.79695000e-08  9.21076482e-01  1.79695000e-08  5.08497405e-06 
 1.79705000e-08  5.49878165e-05  1.79705000e-08  8.63993624e-01  1.79705000e-08  7.61084667e-06 
 1.82865000e-08  9.30293056e-01  1.82865000e-08  3.61633217e-06  1.82865000e-08  1.29624108e-07 
 1.82875000e-08  9.71195349e-01  1.82875000e-08  3.48908214e-06  1.82875000e-08  9.62826577e-08 
 1.82885000e-08  1.01151229e+00  1.82885000e-08  3.49048417e-06  1.82885000e-08  1.25896476e-07 
 1.82895000e-08  1.05125182e+00  1.82895000e-08  3.35747426e-06  1.82895000e-08  9.29323711e-08 
 1.82905000e-08  1.09046634e+00  1.82905000e-08  3.35404026e-06  1.82905000e-08  1.22359518e-07 
 1.82915000e-08  1.12921278e+00  1.82915000e-08  3.19658524e-06  1.82915000e-08  8.97218361e-08 
 1.84605000e-08  1.94988606e+00  1.84605000e-08  8.05575099e-01  1.84605000e-08 -5.34378763e-05 
 1.84615000e-08  1.94988843e+00  1.84615000e-08  8.88358969e-01  1.84615000e-08 -1.05639713e-04 
 1.84625000e-08  1.94989067e+00  1.84625000e-08  9.69480449e-01  1.84625000e-08 -1.47999608e-04 
 1.84635000e-08  1.94989274e+00  1.84635000e-08  1.04881841e+00  1.84635000e-08 -1.74773038e-04 
 1.84645000e-08  1.94989472e+00  1.84645000e-08  1.12631916e+00  1.84645000e-08 -1.93794597e-04 
 1.84655000e-08  1.94989658e+00  1.84655000e-08  1.20213142e+00  1.84655000e-08 -2.10433067e-04 
 1.85795000e-08  1.94995970e+00  1.85795000e-08  1.94994308e+00  1.85795000e-08  8.49765687e-01 
 1.85805000e-08  1.94995995e+00  1.85805000e-08  1.94994793e+00  1.85805000e-08  9.11118479e-01 
 1.85815000e-08  1.94996010e+00  1.85815000e-08  1.94995456e+00  1.85815000e-08  9.71139976e-01 
 1.85825000e-08  1.94996034e+00  1.85825000e-08  1.94995981e+00  1.85825000e-08  1.03104227e+00 
 1.85835000e-08  1.94996049e+00  1.85835000e-08  1.94996660e+00  1.85835000e-08  1.09439785e+00 
 1.85845000e-08  1.94996072e+00  1.85845000e-08  1.94996380e+00  1.85845000e-08  1.16517175e+00 
 1.88225000e-08  1.16378234e+00  1.88225000e-08  1.95000007e+00  1.88225000e-08  1.94999956e+00 
 1.88235000e-08  1.11159482e+00  1.88235000e-08  1.95000009e+00  1.88235000e-08  1.94999965e+00 
 1.88245000e-08  1.05970930e+00  1.88245000e-08  1.95000000e+00  1.88245000e-08  1.94999952e+00 
 1.88255000e-08  1.00805953e+00  1.88255000e-08  1.95000000e+00  1.88255000e-08  1.94999961e+00 
 1.88265000e-08  9.56588461e-01  1.88265000e-08  1.94999991e+00  1.88265000e-08  1.94999951e+00 
 1.88275000e-08  9.05250294e-01  1.88275000e-08  1.94999990e+00  1.88275000e-08  1.94999962e+00 
 1.90875000e-08  6.54532688e-05  1.90875000e-08  1.14623592e+00  1.90875000e-08  1.94993842e+00 
 1.90885000e-08  6.32202448e-05  1.90885000e-08  1.09173009e+00  1.90885000e-08  1.94993470e+00 
 1.90895000e-08  6.11040617e-05  1.90895000e-08  1.03655243e+00  1.90895000e-08  1.94993583e+00 
 1.90905000e-08  5.90180364e-05  1.90905000e-08  9.80747533e-01  1.90905000e-08  1.94994248e+00 
 1.90915000e-08  5.70442842e-05  1.90915000e-08  9.24293413e-01  1.90915000e-08  1.94995626e+00 
 1.90925000e-08  5.50950430e-05  1.90925000e-08  8.67245784e-01  1.90925000e-08  1.94997658e+00 
 1.94085000e-08  9.27938780e-01  1.94085000e-08  3.14382368e-06  1.94085000e-08  1.94999883e+00 
 1.94095000e-08  9.68874447e-01  1.94095000e-08  3.21609052e-06  1.94095000e-08  1.94999912e+00 
 1.94105000e-08  1.00922539e+00  1.94105000e-08  3.03705475e-06  1.94105000e-08  1.94999887e+00 
 1.94115000e-08  1.04899588e+00  1.94115000e-08  3.09948851e-06  1.94115000e-08  1.94999916e+00 
 1.94125000e-08  1.08823967e+00  1.94125000e-08  2.91949204e-06  1.94125000e-08  1.94999891e+00 
 1.94135000e-08  1.12700968e+00  1.94135000e-08  2.95468393e-06  1.94135000e-08  1.94999920e+00 
 1.95825000e-08  1.94988596e+00  1.95825000e-08  8.02739861e-01  1.95825000e-08  1.95010669e+00 
 1.95835000e-08  1.94988825e+00  1.95835000e-08  8.85605427e-01  1.95835000e-08  1.94997747e+00 
 1.95845000e-08  1.94989059e+00  1.95845000e-08  9.66660955e-01  1.95845000e-08  1.94984625e+00 
 1.95855000e-08  1.94989257e+00  1.95855000e-08  1.04574888e+00  1.95855000e-08  1.94969594e+00 
 1.95865000e-08  1.94989465e+00  1.95865000e-08  1.12279820e+00  1.95865000e-08  1.94953744e+00 
 1.95875000e-08  1.94989643e+00  1.95875000e-08  1.19797634e+00  1.95875000e-08  1.94939288e+00 
 1.97165000e-08  1.94996253e+00  1.97165000e-08  1.94999226e+00  1.97165000e-08  1.16285634e+00 
 1.97175000e-08  1.94996262e+00  1.97175000e-08  1.95002601e+00  1.97175000e-08  1.10530830e+00 
 1.97185000e-08  1.94996287e+00  1.97185000e-08  1.95005626e+00  1.97185000e-08  1.04753308e+00 
 1.97195000e-08  1.94996297e+00  1.97195000e-08  1.95008058e+00  1.97195000e-08  9.89409686e-01 
 1.97205000e-08  1.94996320e+00  1.97205000e-08  1.95009807e+00  1.97205000e-08  9.30751867e-01 
 1.97215000e-08  1.94996329e+00  1.97215000e-08  1.95010969e+00  1.97215000e-08  8.71486516e-01 
 1.99445000e-08  1.16622390e+00  1.99445000e-08  1.94999986e+00  1.99445000e-08  1.58992560e-05 
 1.99455000e-08  1.11402282e+00  1.99455000e-08  1.94999996e+00  1.99455000e-08  1.50014435e-05 
 1.99465000e-08  1.06212396e+00  1.99465000e-08  1.94999978e+00  1.99465000e-08  1.49541333e-05 
 1.99475000e-08  1.01046612e+00  1.99475000e-08  1.94999985e+00  1.99475000e-08  1.41207990e-05 
 1.99485000e-08  9.58987349e-01  1.99485000e-08  1.94999969e+00  1.99485000e-08  1.40174968e-05 
 1.99495000e-08  9.07644824e-01  1.99495000e-08  1.94999978e+00  1.99495000e-08  1.32277232e-05 
 2.02095000e-08  6.55572928e-05  2.02095000e-08  1.14881399e+00  2.02095000e-08 -2.56875945e-06 
 2.02105000e-08  6.33243779e-05  2.02105000e-08  1.09433816e+00  2.02105000e-08 -2.00170067e-06 
 2.02115000e-08  6.12010526e-05  2.02115000e-08  1.03918820e+00  2.02115000e-08  2.43472402e-07 
 2.02125000e-08  5.91153853e-05  2.02125000e-08  9.83412981e-01  2.02125000e-08  1.97582190e-06 
 2.02135000e-08  5.71348844e-05  2.02135000e-08  9.26986235e-01  2.02135000e-08  4.84974071e-06 
 2.02145000e-08  5.51858723e-05  2.02145000e-08  8.69967444e-01  2.02145000e-08  7.21208555e-06 
 2.05305000e-08  9.26209697e-01  2.05305000e-08  3.57726481e-06  2.05305000e-08  7.83711635e-08 
 2.05315000e-08  9.67169868e-01  2.05315000e-08  3.54085993e-06  2.05315000e-08  2.47231455e-07 
 2.05325000e-08  1.00754584e+00  2.05325000e-08  3.45285388e-06  2.05325000e-08  6.89617272e-08 
 2.05335000e-08  1.04734040e+00  2.05335000e-08  3.40800644e-06  2.05335000e-08  2.33140215e-07 
 2.05345000e-08  1.08660712e+00  2.05345000e-08  3.31961283e-06  2.05345000e-08  7.03806713e-08 
 2.05355000e-08  1.12539477e+00  2.05355000e-08  3.24951023e-06  2.05355000e-08  2.36308409e-07 
 2.07045000e-08  1.94988590e+00  2.07045000e-08  7.97285445e-01  2.07045000e-08 -4.74977969e-05 
 2.07055000e-08  1.94988812e+00  2.07055000e-08  8.80220714e-01  2.07055000e-08 -1.00685500e-04 
 2.07065000e-08  1.94989054e+00  2.07065000e-08  9.61515729e-01  2.07065000e-08 -1.44285232e-04 
 2.07075000e-08  1.94989245e+00  2.07075000e-08  1.04103443e+00  2.07075000e-08 -1.72671427e-04 
 2.07085000e-08  1.94989461e+00  2.07085000e-08  1.11871381e+00  2.07085000e-08 -1.92329975e-04 
 2.07095000e-08  1.94989632e+00  2.07095000e-08  1.19467267e+00  2.07095000e-08 -2.07756942e-04 
 2.08245000e-08  1.94995995e+00  2.08245000e-08  1.94994728e+00  2.08245000e-08  9.05097049e-01 
 2.08255000e-08  1.94996004e+00  2.08255000e-08  1.94995399e+00  2.08255000e-08  9.65216026e-01 
 2.08265000e-08  1.94996034e+00  2.08265000e-08  1.94995931e+00  2.08265000e-08  1.02501702e+00 
 2.08275000e-08  1.94996043e+00  2.08275000e-08  1.94996573e+00  2.08275000e-08  1.08788442e+00 
 2.08285000e-08  1.94996072e+00  2.08285000e-08  1.94996487e+00  2.08285000e-08  1.15786508e+00 
 2.08295000e-08  1.94996081e+00  2.08295000e-08  1.94996160e+00  2.08295000e-08  1.23121938e+00 
 2.10665000e-08  1.16902176e+00  2.10665000e-08  1.95000008e+00  2.10665000e-08  1.94999789e+00 
 2.10675000e-08  1.11680401e+00  2.10675000e-08  1.95000010e+00  2.10675000e-08  1.94999884e+00 
 2.10685000e-08  1.06488871e+00  2.10685000e-08  1.95000000e+00  2.10685000e-08  1.94999792e+00 
 2.10695000e-08  1.01322040e+00  2.10695000e-08  1.95000000e+00  2.10695000e-08  1.94999926e+00 
 2.10705000e-08  9.61731711e-01  2.10705000e-08  1.94999990e+00  2.10705000e-08  1.94999792e+00 
 2.10715000e-08  9.10383569e-01  2.10715000e-08  1.94999988e+00  2.10715000e-08  1.94999884e+00 
 2.13315000e-08  6.56730537e-05  2.13315000e-08  1.15168162e+00  2.13315000e-08  1.94993896e+00 
 2.13325000e-08  6.34413303e-05  2.13325000e-08  1.09724396e+00  2.13325000e-08  1.94993486e+00 
 2.13335000e-08  6.13096721e-05  2.13335000e-08  1.04212931e+00  2.13335000e-08  1.94993551e+00 
 2.13345000e-08  5.92242746e-05  2.13345000e-08  9.86390969e-01  2.13345000e-08  1.94994147e+00 
 2.13355000e-08  5.72355142e-05  2.13355000e-08  9.29997380e-01  2.13355000e-08  1.94995463e+00 
 2.13365000e-08  5.52878620e-05  2.13365000e-08  8.73011842e-01  2.13365000e-08  1.94997424e+00 
 2.16525000e-08  9.23865035e-01  2.16525000e-08  3.10613115e-06  2.16525000e-08  1.94999884e+00 
 2.16535000e-08  9.64858970e-01  2.16535000e-08  3.26384010e-06  2.16535000e-08  1.94999911e+00 
 2.16545000e-08  1.00526832e+00  2.16545000e-08  3.00112132e-06  2.16545000e-08  1.94999888e+00 
 2.16555000e-08  1.04509437e+00  2.16555000e-08  3.14617299e-06  2.16555000e-08  1.94999915e+00 
 2.16565000e-08  1.08439002e+00  2.16565000e-08  2.88659880e-06  2.16565000e-08  1.94999892e+00 
 2.16575000e-08  1.12320221e+00  2.16575000e-08  3.00366583e-06  2.16575000e-08  1.94999918e+00 
 2.18265000e-08  1.94988579e+00  2.18265000e-08  7.94456060e-01  2.18265000e-08  1.95011724e+00 
 2.18275000e-08  1.94988795e+00  2.18275000e-08  8.77479903e-01  2.18275000e-08  1.94998598e+00 
 2.18285000e-08  1.94989045e+00  2.18285000e-08  9.58722015e-01  2.18285000e-08  1.94985440e+00 
 2.18295000e-08  1.94989230e+00  2.18295000e-08  1.03800345e+00  2.18295000e-08  1.94970704e+00 
 2.18305000e-08  1.94989454e+00  2.18305000e-08  1.11524552e+00  2.18305000e-08  1.94954942e+00 
 2.18315000e-08  1.94989617e+00  2.18315000e-08  1.19059471e+00  2.18315000e-08  1.94940419e+00 
 2.19605000e-08  1.94996253e+00  2.19605000e-08  1.94998930e+00  2.19605000e-08  1.16857441e+00 
 2.19615000e-08  1.94996258e+00  2.19615000e-08  1.95002271e+00  2.19615000e-08  1.11103317e+00 
 2.19625000e-08  1.94996287e+00  2.19625000e-08  1.95005343e+00  2.19625000e-08  1.05329072e+00 
 2.19635000e-08  1.94996292e+00  2.19635000e-08  1.95007849e+00  2.19635000e-08  9.95206707e-01 
 2.19645000e-08  1.94996320e+00  2.19645000e-08  1.95009654e+00  2.19645000e-08  9.36610208e-01 
 2.19655000e-08  1.94996325e+00  2.19655000e-08  1.95010884e+00  2.19655000e-08  8.77406974e-01 
 2.21885000e-08  1.17156209e+00  2.21885000e-08  1.94999989e+00  2.21885000e-08  1.54897422e-05 
 2.21895000e-08  1.11933009e+00  2.21895000e-08  1.94999999e+00  2.21895000e-08  1.56257197e-05 
 2.21905000e-08  1.06740058e+00  2.21905000e-08  1.94999980e+00  2.21905000e-08  1.45801495e-05 
 2.21915000e-08  1.01572358e+00  2.21915000e-08  1.94999989e+00  2.21915000e-08  1.47752619e-05 
 2.21925000e-08  9.64226644e-01  2.21925000e-08  1.94999972e+00  2.21925000e-08  1.35684803e-05 
 2.21935000e-08  9.12873865e-01  2.21935000e-08  1.94999981e+00  2.21935000e-08  1.37851423e-05 
 2.24535000e-08  6.57915145e-05  2.24535000e-08  1.15453486e+00  2.24535000e-08 -2.51843346e-06 
 2.24545000e-08  6.35592371e-05  2.24545000e-08  1.10012906e+00  2.24545000e-08 -2.25803259e-06 
 2.24555000e-08  6.14193165e-05  2.24555000e-08  1.04504696e+00  2.24555000e-08  1.33794148e-07 
 2.24565000e-08  5.93343630e-05  2.24565000e-08  9.89340261e-01  2.24565000e-08  1.61709582e-06 
 2.24575000e-08  5.73381448e-05  2.24575000e-08  9.32978648e-01  2.24575000e-08  4.68318936e-06 
 2.24585000e-08  5.53910061e-05  2.24585000e-08  8.76023851e-01  2.24585000e-08  6.86632058e-06 
 2.27745000e-08  9.22466395e-01  2.27745000e-08  3.54089378e-06  2.27745000e-08  7.90790750e-09 
 2.27755000e-08  9.63480613e-01  2.27755000e-08  3.58970193e-06  2.27755000e-08  3.52779595e-07 
 2.27765000e-08  1.00390973e+00  2.27765000e-08  3.41889029e-06  2.27765000e-08  1.31817388e-08 
 2.27775000e-08  1.04375550e+00  2.27775000e-08  3.45608114e-06  2.27775000e-08  3.25095591e-07 
 2.27785000e-08  1.08306915e+00  2.27785000e-08  3.28750025e-06  2.27785000e-08 -4.45336998e-08 
 2.27795000e-08  1.12189640e+00  2.27795000e-08  3.29978543e-06  2.27795000e-08  3.37555817e-07 
 2.29485000e-08  1.94988572e+00  2.29485000e-08  7.89699005e-01  2.29485000e-08 -4.33060059e-05 
 2.29495000e-08  1.94988786e+00  2.29495000e-08  8.72770394e-01  2.29495000e-08 -9.62925446e-05 
 2.29505000e-08  1.94989040e+00  2.29505000e-08  9.54225445e-01  2.29505000e-08 -1.40876941e-04 
 2.29515000e-08  1.94989222e+00  2.29515000e-08  1.03390783e+00  2.29515000e-08 -1.70634607e-04 
 2.29525000e-08  1.94989449e+00  2.29525000e-08  1.11175169e+00  2.29525000e-08 -1.90813418e-04 
 2.29535000e-08  1.94989610e+00  2.29535000e-08  1.18785794e+00  2.29535000e-08 -2.05809206e-04 
 2.30685000e-08  1.94995995e+00  2.30685000e-08  1.94994672e+00  2.30685000e-08  8.99616411e-01 
 2.30695000e-08  1.94996000e+00  2.30695000e-08  1.94995344e+00  2.30695000e-08  9.59831511e-01 
 2.30705000e-08  1.94996034e+00  2.30705000e-08  1.94995885e+00  2.30705000e-08  1.01957224e+00 
 2.30715000e-08  1.94996039e+00  2.30715000e-08  1.94996484e+00  2.30715000e-08  1.08203800e+00 
 2.30725000e-08  1.94996072e+00  2.30725000e-08  1.94996594e+00  2.30725000e-08  1.15124666e+00 
 2.30735000e-08  1.94996077e+00  2.30735000e-08  1.94996142e+00  2.30735000e-08  1.22466379e+00 
 2.33105000e-08  1.17362979e+00  2.33105000e-08  1.95000009e+00  2.33105000e-08  1.94999599e+00 
 2.33115000e-08  1.12138519e+00  2.33115000e-08  1.95000010e+00  2.33115000e-08  1.94999781e+00 
 2.33125000e-08  1.06944317e+00  2.33125000e-08  1.95000002e+00  2.33125000e-08  1.94999626e+00 
 2.33135000e-08  1.01775804e+00  2.33135000e-08  1.95000001e+00  2.33135000e-08  1.94999878e+00 
 2.33145000e-08  9.66253482e-01  2.33145000e-08  1.94999993e+00  2.33145000e-08  1.94999634e+00 
 2.33155000e-08  9.14896340e-01  2.33155000e-08  1.94999991e+00  2.33155000e-08  1.94999809e+00 
 2.35755000e-08  6.58683013e-05  2.35755000e-08  1.15640656e+00  2.35755000e-08  1.94993946e+00 
 2.35765000e-08  6.36372014e-05  2.35765000e-08  1.10202478e+00  2.35765000e-08  1.94993503e+00 
 2.35775000e-08  6.14916117e-05  2.35775000e-08  1.04696830e+00  2.35775000e-08  1.94993529e+00 
 2.35785000e-08  5.94056301e-05  2.35785000e-08  9.91284887e-01  2.35785000e-08  1.94994064e+00 
 2.35795000e-08  5.74042475e-05  2.35795000e-08  9.34947082e-01  2.35795000e-08  1.94995324e+00 
 2.35805000e-08  5.54569725e-05  2.35805000e-08  8.78013016e-01  2.35805000e-08  1.94997220e+00 
 2.38965000e-08  9.20118016e-01  2.38965000e-08  3.07686892e-06  2.38965000e-08  1.94999886e+00 
 2.38975000e-08  9.61166270e-01  2.38975000e-08  3.30100543e-06  2.38975000e-08  1.94999909e+00 
 2.38985000e-08  1.00162859e+00  2.38985000e-08  2.97341511e-06  2.38985000e-08  1.94999890e+00 
 2.38995000e-08  1.04150498e+00  2.38995000e-08  3.18155042e-06  2.38995000e-08  1.94999913e+00 
 2.39005000e-08  1.08084547e+00  2.39005000e-08  2.86153851e-06  2.39005000e-08  1.94999894e+00 
 2.39015000e-08  1.11969692e+00  2.39015000e-08  3.04376081e-06  2.39015000e-08  1.94999917e+00 
 2.40705000e-08  1.94988561e+00  2.40705000e-08  7.86912365e-01  2.40705000e-08  1.95012625e+00 
 2.40715000e-08  1.94988770e+00  2.40715000e-08  8.70079169e-01  2.40715000e-08  1.94999949e+00 
 2.40725000e-08  1.94989030e+00  2.40725000e-08  9.51492735e-01  2.40725000e-08  1.94987274e+00 
 2.40735000e-08  1.94989208e+00  2.40735000e-08  1.03096048e+00  2.40735000e-08  1.94972573e+00 
 2.40745000e-08  1.94989440e+00  2.40745000e-08  1.10838941e+00  2.40745000e-08  1.94956705e+00 
 2.40755000e-08  1.94989597e+00  2.40755000e-08  1.18389717e+00  2.40755000e-08  1.94942010e+00 
 2.42045000e-08  1.94996252e+00  2.42045000e-08  1.94998663e+00  2.42045000e-08  1.17370030e+00 
 2.42055000e-08  1.94996255e+00  2.42055000e-08  1.95001973e+00  2.42055000e-08  1.11616397e+00 
 2.42065000e-08  1.94996287e+00  2.42065000e-08  1.95005082e+00  2.42065000e-08  1.05844946e+00 
 2.42075000e-08  1.94996289e+00  2.42075000e-08  1.95007664e+00  2.42075000e-08  1.00039953e+00 
 2.42085000e-08  1.94996320e+00  2.42085000e-08  1.95009517e+00  2.42085000e-08  9.41856864e-01 
 2.42095000e-08  1.94996322e+00  2.42095000e-08  1.95010806e+00  2.42095000e-08  8.82708660e-01 
 2.44325000e-08  1.17618582e+00  2.44325000e-08  1.94999992e+00  2.44325000e-08  1.51275004e-05 
 2.44335000e-08  1.12392678e+00  2.44335000e-08  1.95000003e+00  2.44335000e-08  1.60984421e-05 
 2.44345000e-08  1.07197025e+00  2.44345000e-08  1.94999984e+00  2.44345000e-08  1.42371436e-05 
 2.44355000e-08  1.02027613e+00  2.44355000e-08  1.94999992e+00  2.44355000e-08  1.52572078e-05 
 2.44365000e-08  9.68763119e-01  2.44365000e-08  1.94999971e+00  2.44365000e-08  1.32135722e-05 
 2.44375000e-08  9.17401226e-01  2.44375000e-08  1.94999976e+00  2.44375000e-08  1.42387423e-05 
 2.46975000e-08  6.59945759e-05  2.46975000e-08  1.15938782e+00  2.46975000e-08 -2.48750787e-06 
 2.46985000e-08  6.37578116e-05  2.46985000e-08  1.10503840e+00  2.46985000e-08 -2.44671234e-06 
 2.46995000e-08  6.16095351e-05  2.46995000e-08  1.05001717e+00  2.46995000e-08  2.76929258e-08 
 2.47005000e-08  5.95204168e-05  2.47005000e-08  9.94365989e-01  2.47005000e-08  1.33151109e-06 
 2.47015000e-08  5.75150618e-05  2.47015000e-08  9.38062708e-01  2.47015000e-08  4.49712121e-06 
 2.47025000e-08  5.55616670e-05  2.47025000e-08  8.81160010e-01  2.47025000e-08  6.56574100e-06 
 2.50185000e-08  9.18627842e-01  2.50185000e-08  3.51759517e-06  2.50185000e-08 -3.91386569e-08 
 2.50195000e-08  9.59697673e-01  2.50195000e-08  3.62318289e-06  2.50195000e-08  4.41368904e-07 
 2.50205000e-08  1.00018108e+00  2.50205000e-08  3.39615884e-06  2.50205000e-08 -4.32054107e-08 
 2.50215000e-08  1.04007804e+00  2.50215000e-08  3.48804307e-06  2.50215000e-08  4.38472211e-07 
 2.50225000e-08  1.07943773e+00  2.50225000e-08  3.26879042e-06  2.50225000e-08 -2.50387672e-08 
 2.50235000e-08  1.11830595e+00  2.50235000e-08  3.33559344e-06  2.50235000e-08  4.50225463e-07 
 2.51925000e-08  1.94988553e+00  2.51925000e-08  7.81885237e-01  2.51925000e-08 -3.91073792e-05 
 2.51935000e-08  1.94988760e+00  2.51935000e-08  8.65087902e-01  2.51935000e-08 -9.26158548e-05 
 2.51945000e-08  1.94989023e+00  2.51945000e-08  9.46702088e-01  2.51945000e-08 -1.38119595e-04 
 2.51955000e-08  1.94989199e+00  2.51955000e-08  1.02655271e+00  2.51955000e-08 -1.67917629e-04 
 2.51965000e-08  1.94989435e+00  2.51965000e-08  1.10456809e+00  2.51965000e-08 -1.88293109e-04 
 2.51975000e-08  1.94989589e+00  2.51975000e-08  1.18082699e+00  2.51975000e-08 -2.03484922e-04 
 2.53125000e-08  1.94995995e+00  2.53125000e-08  1.94994617e+00  2.53125000e-08  8.93942475e-01 
 2.53135000e-08  1.94995997e+00  2.53135000e-08  1.94995285e+00  2.53135000e-08  9.54264474e-01 
 2.53145000e-08  1.94996034e+00  2.53145000e-08  1.94995837e+00  2.53145000e-08  1.01396945e+00 
 2.53155000e-08  1.94996036e+00  2.53155000e-08  1.94996387e+00  2.53155000e-08  1.07605073e+00 
 2.53165000e-08  1.94996072e+00  2.53165000e-08  1.94996711e+00  2.53165000e-08  1.14442209e+00 
 2.53175000e-08  1.94996074e+00  2.53175000e-08  1.94996123e+00  2.53175000e-08  1.21786910e+00 
 2.55545000e-08  1.17851503e+00  2.55545000e-08  1.95000011e+00  2.55545000e-08  1.94999433e+00 
 2.55555000e-08  1.12624174e+00  2.55555000e-08  1.95000010e+00  2.55555000e-08  1.94999704e+00 
 2.55565000e-08  1.07427093e+00  2.55565000e-08  1.95000004e+00  2.55565000e-08  1.94999476e+00 
 2.55575000e-08  1.02256745e+00  2.55575000e-08  1.95000001e+00  2.55575000e-08  1.94999845e+00 
 2.55585000e-08  9.71045742e-01  2.55585000e-08  1.94999994e+00  2.55585000e-08  1.94999490e+00 
 2.55595000e-08  9.19678826e-01  2.55595000e-08  1.94999990e+00  2.55595000e-08  1.94999751e+00 
 2.58195000e-08  6.60860981e-05  2.58195000e-08  1.16160806e+00  2.58195000e-08  1.94994001e+00 
 2.58205000e-08  6.38475909e-05  2.58205000e-08  1.10728679e+00  2.58205000e-08  1.94993526e+00 
 2.58215000e-08  6.16918142e-05  2.58215000e-08  1.05229559e+00  2.58215000e-08  1.94993508e+00 
 2.58225000e-08  5.96012713e-05  2.58225000e-08  9.96671848e-01  2.58225000e-08  1.94993980e+00 
 2.58235000e-08  5.75925183e-05  2.58235000e-08  9.40396690e-01  2.58235000e-08  1.94995177e+00 
 2.58245000e-08  5.56390589e-05  2.58245000e-08  8.83518692e-01  2.58245000e-08  1.94997002e+00 
 2.61405000e-08  9.16143162e-01  2.61405000e-08  3.04645898e-06  2.61405000e-08  1.94999888e+00 
 2.61415000e-08  9.57248860e-01  2.61415000e-08  3.34126880e-06  2.61415000e-08  1.94999907e+00 
 2.61425000e-08  9.97767376e-01  2.61425000e-08  2.94439088e-06  2.61425000e-08  1.94999892e+00 
 2.61435000e-08  1.03769864e+00  2.61435000e-08  3.22237645e-06  2.61435000e-08  1.94999911e+00 
 2.61445000e-08  1.07708997e+00  2.61445000e-08  2.83463060e-06  2.61445000e-08  1.94999896e+00 
 2.61455000e-08  1.11598578e+00  2.61455000e-08  3.08434517e-06  2.61455000e-08  1.94999915e+00 
 2.63155000e-08  1.94988737e+00  2.63155000e-08  8.62005517e-01  2.63155000e-08  1.95001429e+00 
 2.63165000e-08  1.94989019e+00  2.63165000e-08  9.43603654e-01  2.63165000e-08  1.94988627e+00 
 2.63175000e-08  1.94989177e+00  2.63175000e-08  1.02326637e+00  2.63175000e-08  1.94974099e+00 
 2.63185000e-08  1.94989431e+00  2.63185000e-08  1.10090368e+00  2.63185000e-08  1.94958262e+00 
 2.63195000e-08  1.94989569e+00  2.63195000e-08  1.17659638e+00  2.63195000e-08  1.94943413e+00 
 2.63205000e-08  1.94989804e+00  2.63205000e-08  1.25062311e+00  2.63205000e-08  1.94927663e+00 
 2.64485000e-08  1.94996253e+00  2.64485000e-08  1.94998370e+00  2.64485000e-08  1.17930326e+00 
 2.64495000e-08  1.94996250e+00  2.64495000e-08  1.95001647e+00  2.64495000e-08  1.12177121e+00 
 2.64505000e-08  1.94996288e+00  2.64505000e-08  1.95004791e+00  2.64505000e-08  1.06408557e+00 
 2.64515000e-08  1.94996285e+00  2.64515000e-08  1.95007452e+00  2.64515000e-08  1.00607168e+00 
 2.64525000e-08  1.94996321e+00  2.64525000e-08  1.95009353e+00  2.64525000e-08  9.47586832e-01 
 2.64535000e-08  1.94996317e+00  2.64535000e-08  1.95010718e+00  2.64535000e-08  8.88498393e-01 
 2.66765000e-08  1.18121612e+00  2.66765000e-08  1.94999995e+00  2.66765000e-08  1.45892978e-05 
 2.66775000e-08  1.12892743e+00  2.66775000e-08  1.95000006e+00  2.66775000e-08  1.67491930e-05 
 2.66785000e-08  1.07694096e+00  2.66785000e-08  1.94999987e+00  2.66785000e-08  1.37246546e-05 
 2.66795000e-08  1.02522765e+00  2.66795000e-08  1.94999995e+00  2.66795000e-08  1.59166229e-05 
 2.66805000e-08  9.73696753e-01  2.66805000e-08  1.94999974e+00  2.66805000e-08  1.26911284e-05 
 2.66815000e-08  9.22324669e-01  2.66815000e-08  1.94999979e+00  2.66815000e-08  1.48639882e-05 
 2.69415000e-08  6.62011437e-05  2.69415000e-08  1.16455191e+00  2.69415000e-08 -2.45315066e-06 
 2.69425000e-08  6.39717730e-05  2.69425000e-08  1.11026266e+00  2.69425000e-08 -2.64066008e-06 
 2.69435000e-08  6.18000499e-05  2.69435000e-08  1.05530626e+00  2.69435000e-08 -8.29601283e-08 
 2.69445000e-08  5.97205824e-05  2.69445000e-08  9.99714370e-01  2.69445000e-08  1.04703662e-06 
 2.69455000e-08  5.76948662e-05  2.69455000e-08  9.43473352e-01  2.69455000e-08  4.30489677e-06 
 2.69465000e-08  5.57519078e-05  2.69465000e-08  8.86626396e-01  2.69465000e-08  6.24480174e-06 
 2.72625000e-08  9.14736514e-01  2.72625000e-08  3.48306178e-06  2.72625000e-08 -8.24378565e-08 
 2.72635000e-08  9.55862570e-01  2.72635000e-08  3.66896279e-06  2.72635000e-08  5.40283462e-07 
 2.72645000e-08  9.96400980e-01  2.72645000e-08  3.36413414e-06  2.72645000e-08 -6.95001107e-08 
 2.72655000e-08  1.03635175e+00  2.72655000e-08  3.53517321e-06  2.72655000e-08  5.53106933e-07 
 2.72665000e-08  1.07576075e+00  2.72665000e-08  3.23584893e-06  2.72665000e-08 -8.96923806e-08 
 2.72675000e-08  1.11467198e+00  2.72675000e-08  3.38212417e-06  2.72675000e-08  5.23787619e-07 
 2.74375000e-08  1.94988721e+00  2.74375000e-08  8.57254772e-01  2.74375000e-08 -8.74074526e-05 
 2.74385000e-08  1.94989019e+00  2.74385000e-08  9.39031856e-01  2.74385000e-08 -1.33842505e-04 
 2.74395000e-08  1.94989163e+00  2.74395000e-08  1.01905258e+00  2.74395000e-08 -1.65878965e-04 
 2.74405000e-08  1.94989432e+00  2.74405000e-08  1.09724310e+00  2.74405000e-08 -1.86682508e-04 
 2.74415000e-08  1.94989556e+00  2.74415000e-08  1.17365879e+00  2.74415000e-08 -2.01989509e-04 
 2.74425000e-08  1.94989806e+00  2.74425000e-08  1.24844529e+00  2.74425000e-08 -2.28543253e-04 
 2.75565000e-08  1.94995997e+00  2.75565000e-08  1.94994553e+00  2.75565000e-08  8.88150548e-01 
 2.75575000e-08  1.94995991e+00  2.75575000e-08  1.94995234e+00  2.75575000e-08  9.48587878e-01 
 2.75585000e-08  1.94996036e+00  2.75585000e-08  1.94995776e+00  2.75585000e-08  1.00827912e+00 
 2.75595000e-08  1.94996030e+00  2.75595000e-08  1.94996289e+00  2.75595000e-08  1.07000985e+00 
 2.75605000e-08  1.94996074e+00  2.75605000e-08  1.94996817e+00  2.75605000e-08  1.13753531e+00 
 2.75615000e-08  1.94996068e+00  2.75615000e-08  1.94996120e+00  2.75615000e-08  1.21096306e+00 
 2.77995000e-08  1.13102383e+00  2.77995000e-08  1.95000011e+00  2.77995000e-08  1.94999583e+00 
 2.78005000e-08  1.07902411e+00  2.78005000e-08  1.95000003e+00  2.78005000e-08  1.94999275e+00 
 2.78015000e-08  1.02730200e+00  2.78015000e-08  1.95000002e+00  2.78015000e-08  1.94999771e+00 
 2.78025000e-08  9.75762958e-01  2.78025000e-08  1.94999993e+00  2.78025000e-08  1.94999303e+00 
 2.78035000e-08  9.24386135e-01  2.78035000e-08  1.94999989e+00  2.78035000e-08  1.94999649e+00 
 2.78045000e-08  8.73112204e-01  2.78045000e-08  1.94999981e+00  2.78045000e-08  1.94999344e+00 
 2.80635000e-08  6.62778968e-05  2.80635000e-08  1.16648013e+00  2.80635000e-08  1.94994055e+00 
 2.80645000e-08  6.40549902e-05  2.80645000e-08  1.11221568e+00  2.80645000e-08  1.94993549e+00 
 2.80655000e-08  6.18709143e-05  2.80655000e-08  1.05728567e+00  2.80655000e-08  1.94993495e+00 
 2.80665000e-08  5.97984523e-05  2.80665000e-08  1.00171796e+00  2.80665000e-08  1.94993905e+00 
 2.80675000e-08  5.77607056e-05  2.80675000e-08  9.45501686e-01  2.80675000e-08  1.94995047e+00 
 2.80685000e-08  5.58247449e-05  2.80685000e-08  8.88676471e-01  2.80685000e-08  1.94996803e+00 
 2.83845000e-08  9.12670442e-01  2.83845000e-08  3.03054777e-06  2.83845000e-08  1.94999889e+00 
 2.83855000e-08  9.53826454e-01  2.83855000e-08  3.36721421e-06  2.83855000e-08  1.94999905e+00 
 2.83865000e-08  9.94394014e-01  2.83865000e-08  2.92940690e-06  2.83865000e-08  1.94999893e+00 
 2.83875000e-08  1.03437355e+00  2.83875000e-08  3.24890667e-06  2.83875000e-08  1.94999909e+00 
 2.83885000e-08  1.07380853e+00  2.83885000e-08  2.81944159e-06  2.83885000e-08  1.94999897e+00 
 2.83895000e-08  1.11274267e+00  2.83895000e-08  3.11244056e-06  2.83895000e-08  1.94999913e+00 
 2.85595000e-08  1.94988707e+00  2.85595000e-08  8.55160160e-01  2.85595000e-08  1.95002637e+00 
 2.85605000e-08  1.94989010e+00  2.85605000e-08  9.36913559e-01  2.85605000e-08  1.94989729e+00 
 2.85615000e-08  1.94989150e+00  2.85615000e-08  1.01674006e+00  2.85615000e-08  1.94975357e+00 
 2.85625000e-08  1.94989425e+00  2.85625000e-08  1.09454650e+00  2.85625000e-08  1.94959554e+00 
 2.85635000e-08  1.94989544e+00  2.85635000e-08  1.17038903e+00  2.85635000e-08  1.94944559e+00 
 2.85645000e-08  1.94989799e+00  2.85645000e-08  1.24456993e+00  2.85645000e-08  1.94929055e+00 
 2.86925000e-08  1.94996254e+00  2.86925000e-08  1.94998123e+00  2.86925000e-08  1.18401789e+00 
 2.86935000e-08  1.94996247e+00  2.86935000e-08  1.95001369e+00  2.86935000e-08  1.12648860e+00 
 2.86945000e-08  1.94996288e+00  2.86945000e-08  1.95004542e+00  2.86945000e-08  1.06882587e+00 
 2.86955000e-08  1.94996282e+00  2.86955000e-08  1.95007270e+00  2.86955000e-08  1.01084127e+00 
 2.86965000e-08  1.94996322e+00  2.86965000e-08  1.95009208e+00  2.86965000e-08  9.52404017e-01 
 2.86975000e-08  1.94996315e+00  2.86975000e-08  1.95010637e+00  2.86975000e-08  8.93365520e-01 
 2.89215000e-08  1.13327638e+00  2.89215000e-08  1.95000000e+00  2.89215000e-08  1.74180193e-05 
 2.89225000e-08  1.08126355e+00  2.89225000e-08  1.94999981e+00  2.89225000e-08  1.32283359e-05 
 2.89235000e-08  1.02953296e+00  2.89235000e-08  1.94999990e+00  2.89235000e-08  1.66011240e-05 
 2.89245000e-08  9.77986267e-01  2.89245000e-08  1.94999973e+00  2.89245000e-08  1.21749304e-05 
 2.89255000e-08  9.26604999e-01  2.89255000e-08  1.94999983e+00  2.89255000e-08  1.55018879e-05 
 2.89265000e-08  8.75326132e-01  2.89265000e-08  1.94999965e+00  2.89265000e-08  1.14562802e-05 
 2.91855000e-08  6.63780981e-05  2.91855000e-08  1.16898370e+00  2.91855000e-08 -2.41495251e-06 
 2.91865000e-08  6.41638533e-05  2.91865000e-08  1.11474614e+00  2.91865000e-08 -2.80177790e-06 
 2.91875000e-08  6.19656861e-05  2.91875000e-08  1.05984542e+00  2.91875000e-08 -1.70241116e-07 
 2.91885000e-08  5.99013124e-05  2.91885000e-08  1.00430453e+00  2.91885000e-08  8.09003162e-07 
 2.91895000e-08  5.78492179e-05  2.91895000e-08  9.48117120e-01  2.91895000e-08  4.14860352e-06 
 2.91905000e-08  5.59212327e-05  2.91905000e-08  8.91318232e-01  2.91905000e-08  5.96469313e-06 
 2.95065000e-08  9.11700361e-01  2.95065000e-08  3.45735126e-06  2.95065000e-08 -1.25749329e-07 
 2.95075000e-08  9.52870402e-01  2.95075000e-08  3.70539867e-06  2.95075000e-08  6.17430145e-07 
 2.95085000e-08  9.93451673e-01  2.95085000e-08  3.33813019e-06  2.95085000e-08 -1.28724107e-07 
 2.95095000e-08  1.03344470e+00  2.95095000e-08  3.57132607e-06  2.95095000e-08  6.14602995e-07 
 2.95105000e-08  1.07289194e+00  2.95105000e-08  3.21158898e-06  2.95105000e-08 -1.01449275e-07 
 2.95115000e-08  1.11183687e+00  2.95115000e-08  3.42061313e-06  2.95115000e-08  6.31762073e-07 
 2.96815000e-08  1.94988702e+00  2.96815000e-08  8.51254835e-01  2.96815000e-08 -8.33483296e-05 
 2.96825000e-08  1.94989004e+00  2.96825000e-08  9.33154831e-01  2.96825000e-08 -1.30479240e-04 
 2.96835000e-08  1.94989147e+00  2.96835000e-08  1.01330469e+00  2.96835000e-08 -1.64239534e-04 
 2.96845000e-08  1.94989419e+00  2.96845000e-08  1.09162934e+00  2.96845000e-08 -1.85450897e-04 
 2.96855000e-08  1.94989541e+00  2.96855000e-08  1.16817728e+00  2.96855000e-08 -2.01021832e-04 
 2.96865000e-08  1.94989794e+00  2.96865000e-08  1.24311304e+00  2.96865000e-08 -2.27180154e-04 
 2.98005000e-08  1.94995996e+00  2.98005000e-08  1.94994503e+00  2.98005000e-08  8.83785065e-01 
 2.98015000e-08  1.94995990e+00  2.98015000e-08  1.94995199e+00  2.98015000e-08  9.44314426e-01 
 2.98025000e-08  1.94996034e+00  2.98025000e-08  1.94995727e+00  2.98025000e-08  1.00400988e+00 
 2.98035000e-08  1.94996029e+00  2.98035000e-08  1.94996216e+00  2.98035000e-08  1.06549195e+00 
 2.98045000e-08  1.94996073e+00  2.98045000e-08  1.94996893e+00  2.98045000e-08  1.13238604e+00 
 2.98055000e-08  1.94996067e+00  2.98055000e-08  1.94996125e+00  2.98055000e-08  1.20575971e+00 
 3.00435000e-08  1.13502024e+00  3.00435000e-08  1.95000013e+00  3.00435000e-08  1.94999750e+00 
 3.00445000e-08  1.08299655e+00  3.00445000e-08  1.95000002e+00  3.00445000e-08  1.94999178e+00 
 3.00455000e-08  1.03125848e+00  3.00455000e-08  1.95000003e+00  3.00455000e-08  1.94999591e+00 
 3.00465000e-08  9.79705116e-01  3.00465000e-08  1.94999991e+00  3.00465000e-08  1.94999044e+00 
 3.00475000e-08  9.28319830e-01  3.00475000e-08  1.94999990e+00  3.00475000e-08  1.94999453e+00 
 3.00485000e-08  8.77036719e-01  3.00485000e-08  1.94999980e+00  3.00485000e-08  1.94999120e+00 
 3.03075000e-08  6.64410039e-05  3.03075000e-08  1.17062703e+00  3.03075000e-08  1.94994102e+00 
 3.03085000e-08  6.42315373e-05  3.03085000e-08  1.11641099e+00  3.03085000e-08  1.94993573e+00 
 3.03095000e-08  6.20245997e-05  3.03095000e-08  1.06153313e+00  3.03095000e-08  1.94993486e+00 
 3.03105000e-08  5.99628321e-05  3.03105000e-08  1.00601322e+00  3.03105000e-08  1.94993846e+00 
 3.03115000e-08  5.79014723e-05  3.03115000e-08  9.49847212e-01  3.03115000e-08  1.94994939e+00 
 3.03125000e-08  5.59798249e-05  3.03125000e-08  8.93067140e-01  3.03125000e-08  1.94996639e+00 
 3.06285000e-08  9.09735414e-01  3.06285000e-08  3.05447626e-06  3.06285000e-08  1.94999895e+00 
 3.06295000e-08  9.50933900e-01  3.06295000e-08  3.35166579e-06  3.06295000e-08  1.94999899e+00 
 3.06305000e-08  9.91542915e-01  3.06305000e-08  2.95355752e-06  3.06305000e-08  1.94999899e+00 
 3.06315000e-08  1.03156335e+00  3.06315000e-08  3.23444441e-06  3.06315000e-08  1.94999903e+00 
 3.06325000e-08  1.07103545e+00  3.06325000e-08  2.84290665e-06  3.06325000e-08  1.94999903e+00 
 3.06335000e-08  1.11000243e+00  3.06335000e-08  3.09988346e-06  3.06335000e-08  1.94999907e+00 
 3.08035000e-08  1.94988694e+00  3.08035000e-08  8.49311755e-01  3.08035000e-08  1.95003641e+00 
 3.08045000e-08  1.94988991e+00  3.08045000e-08  9.31195018e-01  3.08045000e-08  1.94990664e+00 
 3.08055000e-08  1.94989139e+00  3.08055000e-08  1.01115954e+00  3.08055000e-08  1.94976416e+00 
 3.08065000e-08  1.94989407e+00  3.08065000e-08  1.08911028e+00  3.08065000e-08  1.94960684e+00 
 3.08075000e-08  1.94989534e+00  3.08075000e-08  1.16509416e+00  3.08075000e-08  1.94945489e+00 
 3.08085000e-08  1.94989783e+00  3.08085000e-08  1.23939669e+00  3.08085000e-08  1.94930245e+00 
 3.09365000e-08  1.94996251e+00  3.09365000e-08  1.94997911e+00  3.09365000e-08  1.18802732e+00 
 3.09375000e-08  1.94996247e+00  3.09375000e-08  1.95001134e+00  3.09375000e-08  1.13049971e+00 
 3.09385000e-08  1.94996285e+00  3.09385000e-08  1.95004324e+00  3.09385000e-08  1.07285555e+00 
 3.09395000e-08  1.94996282e+00  3.09395000e-08  1.95007107e+00  3.09395000e-08  1.01489505e+00 
 3.09405000e-08  1.94996319e+00  3.09405000e-08  1.95009074e+00  3.09405000e-08  9.56497799e-01 
 3.09415000e-08  1.94996315e+00  3.09415000e-08  1.95010571e+00  3.09415000e-08  8.97501330e-01 
 3.11655000e-08  1.13717012e+00  3.11655000e-08  1.95000000e+00  3.11655000e-08  1.80724656e-05 
 3.11665000e-08  1.08513359e+00  3.11665000e-08  1.94999981e+00  3.11665000e-08  1.27537945e-05 
 3.11675000e-08  1.03338699e+00  3.11675000e-08  1.94999991e+00  3.11675000e-08  1.72740520e-05 
 3.11685000e-08  9.81826054e-01  3.11685000e-08  1.94999973e+00  3.11685000e-08  1.16766487e-05 
 3.11695000e-08  9.30436224e-01  3.11695000e-08  1.94999983e+00  3.11695000e-08  1.61241057e-05 
 3.11705000e-08  8.79148273e-01  3.11705000e-08  1.94999965e+00  3.11705000e-08  1.09881084e-05 
 3.14295000e-08  6.65390289e-05  3.14295000e-08  1.17295277e+00  3.14295000e-08 -2.37867908e-06 
 3.14305000e-08  6.43353874e-05  3.14305000e-08  1.11876157e+00  3.14305000e-08 -2.93923846e-06 
 3.14315000e-08  6.21144095e-05  3.14315000e-08  1.06391079e+00  3.14315000e-08 -2.46067976e-07 
 3.14325000e-08  6.00566778e-05  3.14325000e-08  1.00841569e+00  3.14325000e-08  5.99475657e-07 
 3.14335000e-08  5.79831621e-05  3.14335000e-08  9.52276444e-01  3.14335000e-08  4.01248124e-06 
 3.14345000e-08  5.60667875e-05  3.14345000e-08  8.95520818e-01  3.14345000e-08  5.71038564e-06 
 3.17505000e-08  9.08511150e-01  3.17505000e-08  3.43423413e-06  3.17505000e-08 -1.55410040e-07 
 3.17515000e-08  9.49727337e-01  3.17515000e-08  3.73698274e-06  3.17515000e-08  6.79000813e-07 
 3.17525000e-08  9.90353643e-01  3.17525000e-08  3.31589750e-06  3.17525000e-08 -1.58123828e-07 
 3.17535000e-08  1.03039117e+00  3.17535000e-08  3.60333438e-06  3.17535000e-08  6.75913231e-07 
 3.17545000e-08  1.06987881e+00  3.17545000e-08  3.18934168e-06  3.17545000e-08 -1.27682549e-07 
 3.17555000e-08  1.10885961e+00  3.17555000e-08  3.45407291e-06  3.17555000e-08  6.94940520e-07 
 3.19255000e-08  1.94988688e+00  3.19255000e-08  8.44890631e-01  3.19255000e-08 -7.90482402e-05 
 3.19265000e-08  1.94988983e+00  3.19265000e-08  9.26920370e-01  3.19265000e-08 -1.26828746e-04 
 3.19275000e-08  1.94989135e+00  3.19275000e-08  1.00720679e+00  3.19275000e-08 -1.62439340e-04 
 3.19285000e-08  1.94989400e+00  3.19285000e-08  1.08567417e+00  3.19285000e-08 -1.84131347e-04 
 3.19295000e-08  1.94989530e+00  3.19295000e-08  1.16235081e+00  3.19295000e-08 -1.99831767e-04 
 3.19305000e-08  1.94989776e+00  3.19305000e-08  1.23740993e+00  3.19305000e-08 -2.25279022e-04 
 3.20445000e-08  1.94995992e+00  3.20445000e-08  1.94994457e+00  3.20445000e-08  8.79078794e-01 
 3.20455000e-08  1.94995990e+00  3.20455000e-08  1.94995153e+00  3.20455000e-08  9.39712530e-01 
 3.20465000e-08  1.94996031e+00  3.20465000e-08  1.94995680e+00  3.20465000e-08  9.99425401e-01 
 3.20475000e-08  1.94996029e+00  3.20475000e-08  1.94996196e+00  3.20475000e-08  1.06056142e+00 
 3.20485000e-08  1.94996069e+00  3.20485000e-08  1.94996882e+00  3.20485000e-08  1.12691711e+00 
 3.20495000e-08  1.94996067e+00  3.20495000e-08  1.94996136e+00  3.20495000e-08  1.20012664e+00 
 3.22875000e-08  1.13894092e+00  3.22875000e-08  1.95000012e+00  3.22875000e-08  1.94999760e+00 
 3.22885000e-08  1.08689323e+00  3.22885000e-08  1.95000002e+00  3.22885000e-08  1.94999237e+00 
 3.22895000e-08  1.03513887e+00  3.22895000e-08  1.95000003e+00  3.22895000e-08  1.94999616e+00 
 3.22905000e-08  9.83571055e-01  3.22905000e-08  1.94999993e+00  3.22905000e-08  1.94999287e+00 
 3.22915000e-08  9.32177058e-01  3.22915000e-08  1.94999991e+00  3.22915000e-08  1.94999791e+00 
 3.22925000e-08  8.80884751e-01  3.22925000e-08  1.94999981e+00  3.22925000e-08  1.94999290e+00 
 3.25515000e-08  6.66098812e-05  3.25515000e-08  1.17466205e+00  3.25515000e-08  1.94994142e+00 
 3.25525000e-08  6.44072489e-05  3.25525000e-08  1.12049317e+00  3.25525000e-08  1.94993605e+00 
 3.25535000e-08  6.21803156e-05  3.25535000e-08  1.06566609e+00  3.25535000e-08  1.94993474e+00 
 3.25545000e-08  6.01238024e-05  3.25545000e-08  1.01019280e+00  3.25545000e-08  1.94993800e+00 
 3.25555000e-08  5.80445253e-05  3.25555000e-08  9.54075837e-01  3.25555000e-08  1.94994832e+00 
 3.25565000e-08  5.61295871e-05  3.25565000e-08  8.97339872e-01  3.25565000e-08  1.94996490e+00 
 3.28725000e-08  9.06106090e-01  3.28725000e-08  3.08556237e-06  3.28725000e-08  1.94999902e+00 
 3.28735000e-08  9.47357047e-01  3.28735000e-08  3.32757257e-06  3.28735000e-08  1.94999891e+00 
 3.28745000e-08  9.88017359e-01  3.28745000e-08  2.98489433e-06  3.28745000e-08  1.94999906e+00 
 3.28755000e-08  1.02808852e+00  3.28755000e-08  3.21181346e-06  3.28755000e-08  1.94999895e+00 
 3.28765000e-08  1.06760680e+00  3.28765000e-08  2.87345680e-06  3.28765000e-08  1.94999910e+00 
 3.28775000e-08  1.10661498e+00  3.28775000e-08  3.07974232e-06  3.28775000e-08  1.94999899e+00 
 3.30475000e-08  1.94988677e+00  3.30475000e-08  8.42148057e-01  3.30475000e-08  1.95004837e+00 
 3.30485000e-08  1.94988968e+00  3.30485000e-08  9.24191958e-01  3.30485000e-08  1.94991797e+00 
 3.30495000e-08  1.94989125e+00  3.30495000e-08  1.00432650e+00  3.30495000e-08  1.94977705e+00 
 3.30505000e-08  1.94989386e+00  3.30505000e-08  1.08245553e+00  3.30505000e-08  1.94962056e+00 
 3.30515000e-08  1.94989521e+00  3.30515000e-08  1.15859889e+00  3.30515000e-08  1.94946637e+00 
 3.30525000e-08  1.94989763e+00  3.30525000e-08  1.23301307e+00  3.30525000e-08  1.94931730e+00 
 3.31805000e-08  1.94996247e+00  3.31805000e-08  1.94997648e+00  3.31805000e-08  1.19303364e+00 
 3.31815000e-08  1.94996248e+00  3.31815000e-08  1.95000841e+00  3.31815000e-08  1.13550708e+00 
 3.31825000e-08  1.94996282e+00  3.31825000e-08  1.95004049e+00  3.31825000e-08  1.07788476e+00 
 3.31835000e-08  1.94996282e+00  3.31835000e-08  1.95006909e+00  3.31835000e-08  1.01995292e+00 
 3.31845000e-08  1.94996315e+00  3.31845000e-08  1.95008910e+00  3.31845000e-08  9.61604175e-01 
 3.31855000e-08  1.94996316e+00  3.31855000e-08  1.95010484e+00  3.31855000e-08  9.02659056e-01 
 3.34095000e-08  1.14184088e+00  3.34095000e-08  1.94999987e+00  3.34095000e-08  1.83614921e-05 
 3.34105000e-08  1.08977627e+00  3.34105000e-08  1.94999973e+00  3.34105000e-08  1.25486697e-05 
 3.34115000e-08  1.03800870e+00  3.34115000e-08  1.94999986e+00  3.34115000e-08  1.75323927e-05 
 3.34125000e-08  9.86430911e-01  3.34125000e-08  1.94999969e+00  3.34125000e-08  1.14865695e-05 
 3.34135000e-08  9.35029569e-01  3.34135000e-08  1.94999980e+00  3.34135000e-08  1.63991239e-05 
 3.34145000e-08  8.83731219e-01  3.34145000e-08  1.94999962e+00  3.34145000e-08  1.07952764e-05 
 3.36735000e-08  6.67404400e-05  3.36735000e-08  1.17767412e+00  3.36735000e-08 -2.43244228e-06 
 3.36745000e-08  6.45317302e-05  3.36745000e-08  1.12353820e+00  3.36745000e-08 -3.00640663e-06 
 3.36755000e-08  6.23020850e-05  3.36755000e-08  1.06874686e+00  3.36755000e-08 -4.29584494e-07 
 3.36765000e-08  6.02442203e-05  3.36765000e-08  1.01330631e+00  3.36765000e-08  4.33485491e-07 
 3.36775000e-08  5.81614953e-05  3.36775000e-08  9.57224513e-01  3.36775000e-08  3.77069157e-06 
 3.36785000e-08  5.62410967e-05  3.36785000e-08  9.00520551e-01  3.36785000e-08  5.48518629e-06 
 3.39945000e-08  9.04639471e-01  3.39945000e-08  3.44357718e-06  3.39945000e-08 -1.16826711e-07 
 3.39955000e-08  9.45911581e-01  3.39955000e-08  3.73910273e-06  3.39955000e-08  6.74484922e-07 
 3.39965000e-08  9.86592618e-01  3.39965000e-08  3.32461672e-06  3.39965000e-08 -1.39209196e-07 
 3.39975000e-08  1.02668429e+00  3.39975000e-08  3.60610968e-06  3.39975000e-08  6.39208609e-07 
 3.39985000e-08  1.06622131e+00  3.39985000e-08  3.19686356e-06  3.39985000e-08 -1.42692318e-07 
 3.39995000e-08  1.10524629e+00  3.39995000e-08  3.45881614e-06  3.39995000e-08  6.36126676e-07 
 3.41695000e-08  1.94988670e+00  3.41695000e-08  8.37337475e-01  3.41695000e-08 -7.39811458e-05 
 3.41705000e-08  1.94988959e+00  3.41705000e-08  9.19515166e-01  3.41705000e-08 -1.22916866e-04 
 3.41715000e-08  1.94989120e+00  3.41715000e-08  9.99958712e-01  3.41715000e-08 -1.60142326e-04 
 3.41725000e-08  1.94989379e+00  3.41725000e-08  1.07859585e+00  3.41725000e-08 -1.82193169e-04 
 3.41735000e-08  1.94989516e+00  3.41735000e-08  1.15542618e+00  3.41735000e-08 -1.98403654e-04 
 3.41745000e-08  1.94989756e+00  3.41745000e-08  1.23061385e+00  3.41745000e-08 -2.22479411e-04 
 3.42885000e-08  1.94995988e+00  3.42885000e-08  1.94994441e+00  3.42885000e-08  8.73436808e-01 
 3.42895000e-08  1.94995990e+00  3.42895000e-08  1.94995063e+00  3.42895000e-08  9.34198501e-01 
 3.42905000e-08  1.94996027e+00  3.42905000e-08  1.94995658e+00  3.42905000e-08  9.93944312e-01 
 3.42915000e-08  1.94996029e+00  3.42915000e-08  1.94996146e+00  3.42915000e-08  1.05471406e+00 
 3.42925000e-08  1.94996066e+00  3.42925000e-08  1.94996876e+00  3.42925000e-08  1.12043710e+00 
 3.42935000e-08  1.94996068e+00  3.42935000e-08  1.94996130e+00  3.42935000e-08  1.19336547e+00 
 3.45315000e-08  1.14391641e+00  3.45315000e-08  1.95000011e+00  3.45315000e-08  1.94999732e+00 
 3.45325000e-08  1.09184016e+00  3.45325000e-08  1.95000005e+00  3.45325000e-08  1.94999297e+00 
 3.45335000e-08  1.04006163e+00  3.45335000e-08  1.95000002e+00  3.45335000e-08  1.94999608e+00 
 3.45345000e-08  9.88477142e-01  3.45345000e-08  1.94999996e+00  3.45345000e-08  1.94999339e+00 
 3.45355000e-08  9.37069202e-01  3.45355000e-08  1.94999993e+00  3.45355000e-08  1.94999774e+00 
 3.45365000e-08  8.85766979e-01  3.45365000e-08  1.94999987e+00  3.45365000e-08  1.94999360e+00 
 3.47955000e-08  6.68313808e-05  3.47955000e-08  1.17980426e+00  3.47955000e-08  1.94994194e+00 
 3.47965000e-08  6.46199327e-05  3.47965000e-08  1.12569561e+00  3.47965000e-08  1.94993648e+00 
 3.47975000e-08  6.23896372e-05  3.47975000e-08  1.07093333e+00  3.47975000e-08  1.94993463e+00 
 3.47985000e-08  6.03260070e-05  3.47985000e-08  1.01551953e+00  3.47985000e-08  1.94993746e+00 
 3.47995000e-08  5.82410441e-05  3.47995000e-08  9.59465287e-01  3.47995000e-08  1.94994701e+00 
 3.48005000e-08  5.63182001e-05  3.48005000e-08  9.02785754e-01  3.48005000e-08  1.94996305e+00 
 3.51175000e-08  9.43596003e-01  3.51175000e-08  3.29005914e-06  3.51175000e-08  1.94999884e+00 
 3.51185000e-08  9.84309813e-01  3.51185000e-08  3.03278235e-06  3.51185000e-08  1.94999912e+00 
 3.51195000e-08  1.02443484e+00  3.51195000e-08  3.17598093e-06  3.51195000e-08  1.94999889e+00 
 3.51205000e-08  1.06400153e+00  3.51205000e-08  2.92023708e-06  3.51205000e-08  1.94999916e+00 
 3.51215000e-08  1.10305406e+00  3.51215000e-08  3.04668700e-06  3.51215000e-08  1.94999893e+00 
 3.51225000e-08  1.14167456e+00  3.51225000e-08  2.76639243e-06  3.51225000e-08  1.94999920e+00 
 3.52915000e-08  1.94988660e+00  3.52915000e-08  8.34589147e-01  3.52915000e-08  1.95006053e+00 
 3.52925000e-08  1.94988943e+00  3.52925000e-08  9.16791438e-01  3.52925000e-08  1.94992980e+00 
 3.52935000e-08  1.94989111e+00  3.52935000e-08  9.97096908e-01  3.52935000e-08  1.94979065e+00 
 3.52945000e-08  1.94989364e+00  3.52945000e-08  1.07540284e+00  3.52945000e-08  1.94963507e+00 
 3.52955000e-08  1.94989510e+00  3.52955000e-08  1.15170563e+00  3.52955000e-08  1.94947852e+00 
 3.52965000e-08  1.94989742e+00  3.52965000e-08  1.22626524e+00  3.52965000e-08  1.94933263e+00 
 3.54245000e-08  1.94996244e+00  3.54245000e-08  1.94997406e+00  3.54245000e-08  1.19830417e+00 
 3.54255000e-08  1.94996248e+00  3.54255000e-08  1.95000487e+00  3.54255000e-08  1.14077824e+00 
 3.54265000e-08  1.94996279e+00  3.54265000e-08  1.95003794e+00  3.54265000e-08  1.08317763e+00 
 3.54275000e-08  1.94996283e+00  3.54275000e-08  1.95006656e+00  3.54275000e-08  1.02527510e+00 
 3.54285000e-08  1.94996312e+00  3.54285000e-08  1.95008770e+00  3.54285000e-08  9.66976478e-01 
 3.54295000e-08  1.94996317e+00  3.54295000e-08  1.95010351e+00  3.54295000e-08  9.08085155e-01 
 3.56535000e-08  1.14638838e+00  3.56535000e-08  1.94999999e+00  3.56535000e-08  1.73413343e-05 
 3.56545000e-08  1.09429854e+00  3.56545000e-08  1.94999990e+00  3.56545000e-08  1.34984428e-05 
 3.56555000e-08  1.04250713e+00  3.56555000e-08  1.94999991e+00  3.56555000e-08  1.64956921e-05 
 3.56565000e-08  9.90914873e-01  3.56565000e-08  1.94999982e+00  3.56565000e-08  1.24623677e-05 
 3.56575000e-08  9.39499308e-01  3.56575000e-08  1.94999983e+00  3.56575000e-08  1.54095532e-05 
 3.56585000e-08  8.88192713e-01  3.56585000e-08  1.94999973e+00  3.56585000e-08  1.17197796e-05 
 3.59175000e-08  6.69430937e-05  3.59175000e-08  1.18234850e+00  3.59175000e-08 -2.72119110e-06 
 3.59185000e-08  6.47238359e-05  3.59185000e-08  1.12826740e+00  3.59185000e-08 -2.84159212e-06 
 3.59195000e-08  6.24916240e-05  3.59195000e-08  1.07353501e+00  3.59195000e-08 -8.41454531e-07 
 3.59205000e-08  6.04235402e-05  3.59205000e-08  1.01814858e+00  3.59205000e-08  4.71436914e-07 
 3.59215000e-08  5.83382505e-05  3.59215000e-08  9.62123849e-01  3.59215000e-08  3.34080339e-06 
 3.59225000e-08  5.64085952e-05  3.59225000e-08  9.05471250e-01  3.59225000e-08  5.45053719e-06 
 3.62395000e-08  9.42060799e-01  3.62395000e-08  3.71386841e-06  3.62395000e-08  5.22394359e-07 
 3.62405000e-08  9.82796330e-01  3.62405000e-08  3.36065722e-06  3.62405000e-08 -6.12387401e-08 
 3.62415000e-08  1.02294346e+00  3.62415000e-08  3.58329722e-06  3.62415000e-08  5.34840870e-07 
 3.62425000e-08  1.06252990e+00  3.62425000e-08  3.23116614e-06  3.62425000e-08 -8.03069937e-08 
 3.62435000e-08  1.10160079e+00  3.62435000e-08  3.43813567e-06  3.62435000e-08  5.06838324e-07 
 3.62445000e-08  1.14023516e+00  3.62445000e-08  3.06387154e-06  3.62445000e-08 -6.89557317e-08 
 3.64135000e-08  1.94988653e+00  3.64135000e-08  8.29560717e-01  3.64135000e-08 -6.88365199e-05 
 3.64145000e-08  1.94988932e+00  3.64145000e-08  9.11893489e-01  3.64145000e-08 -1.18889366e-04 
 3.64155000e-08  1.94989106e+00  3.64155000e-08  9.92503910e-01  3.64155000e-08 -1.57754223e-04 
 3.64165000e-08  1.94989354e+00  3.64165000e-08  1.07131526e+00  3.64165000e-08 -1.80062844e-04 
 3.64175000e-08  1.94989505e+00  3.64175000e-08  1.14829601e+00  3.64175000e-08 -1.96863604e-04 
 3.64185000e-08  1.94989733e+00  3.64185000e-08  1.22364016e+00  3.64185000e-08 -2.19850079e-04 
 3.65325000e-08  1.94995984e+00  3.65325000e-08  1.94994413e+00  3.65325000e-08  8.67658509e-01 
 3.65335000e-08  1.94995991e+00  3.65335000e-08  1.94994979e+00  3.65335000e-08  9.28556804e-01 
 3.65345000e-08  1.94996023e+00  3.65345000e-08  1.94995622e+00  3.65345000e-08  9.88350903e-01 
 3.65355000e-08  1.94996030e+00  3.65355000e-08  1.94996096e+00  3.65355000e-08  1.04882007e+00 
 3.65365000e-08  1.94996062e+00  3.65365000e-08  1.94996851e+00  3.65365000e-08  1.11390163e+00 
 3.65375000e-08  1.94996069e+00  3.65375000e-08  1.94996148e+00  3.65375000e-08  1.18645228e+00 
 3.67755000e-08  1.14839870e+00  3.67755000e-08  1.95000009e+00  3.67755000e-08  1.94999712e+00 
 3.67765000e-08  1.09629778e+00  3.67765000e-08  1.95000008e+00  3.67765000e-08  1.94999493e+00 
 3.67775000e-08  1.04449584e+00  3.67775000e-08  1.95000000e+00  3.67775000e-08  1.94999826e+00 
 3.67785000e-08  9.92897218e-01  3.67785000e-08  1.94999998e+00  3.67785000e-08  1.94999495e+00 
 3.67795000e-08  9.41475434e-01  3.67795000e-08  1.94999991e+00  3.67795000e-08  1.94999728e+00 
 3.67805000e-08  8.90165282e-01  3.67805000e-08  1.94999988e+00  3.67805000e-08  1.94999518e+00 
 3.70395000e-08  6.70324062e-05  3.70395000e-08  1.18438903e+00  3.70395000e-08  1.94994242e+00 
 3.70405000e-08  6.48097372e-05  3.70405000e-08  1.13033417e+00  3.70405000e-08  1.94993691e+00 
 3.70415000e-08  6.25783951e-05  3.70415000e-08  1.07562973e+00  3.70415000e-08  1.94993457e+00 
 3.70425000e-08  6.05040729e-05  3.70425000e-08  1.02026906e+00  3.70425000e-08  1.94993704e+00 
 3.70435000e-08  5.84179505e-05  3.70435000e-08  9.64270893e-01  3.70435000e-08  1.94994589e+00 
 3.70445000e-08  5.64842352e-05  3.70445000e-08  9.07641874e-01  3.70445000e-08  1.94996146e+00 
 3.73615000e-08  9.40594938e-01  3.73615000e-08  3.26128102e-06  3.73615000e-08  1.94999884e+00 
 3.73625000e-08  9.81351233e-01  3.73625000e-08  3.07088758e-06  3.73625000e-08  1.94999913e+00 
 3.73635000e-08  1.02151952e+00  3.73635000e-08  3.14862864e-06  3.73635000e-08  1.94999888e+00 
 3.73645000e-08  1.06112486e+00  3.73645000e-08  2.95747807e-06  3.73645000e-08  1.94999916e+00 
 3.73655000e-08  1.10021341e+00  3.73655000e-08  3.02155088e-06  3.73655000e-08  1.94999892e+00 
 3.73665000e-08  1.13886117e+00  3.73665000e-08  2.80530647e-06  3.73665000e-08  1.94999920e+00 
 3.75355000e-08  1.94988647e+00  3.75355000e-08  8.28539853e-01  3.75355000e-08  1.95006998e+00 
 3.75365000e-08  1.94988921e+00  3.75365000e-08  9.10872996e-01  3.75365000e-08  1.94993914e+00 
 3.75375000e-08  1.94989101e+00  3.75375000e-08  9.91323186e-01  3.75375000e-08  1.94980148e+00 
 3.75385000e-08  1.94989344e+00  3.75385000e-08  1.06977764e+00  3.75385000e-08  1.94964656e+00 
 3.75395000e-08  1.94989501e+00  3.75395000e-08  1.14622057e+00  3.75395000e-08  1.94948893e+00 
 3.75405000e-08  1.94989724e+00  3.75405000e-08  1.22089676e+00  3.75405000e-08  1.94934438e+00 
 3.76695000e-08  1.94996249e+00  3.76695000e-08  1.95000220e+00  3.76695000e-08  1.14490590e+00 
 3.76705000e-08  1.94996276e+00  3.76705000e-08  1.95003580e+00  3.76705000e-08  1.08732148e+00 
 3.76715000e-08  1.94996284e+00  3.76715000e-08  1.95006465e+00  3.76715000e-08  1.02944165e+00 
 3.76725000e-08  1.94996309e+00  3.76725000e-08  1.95008652e+00  3.76725000e-08  9.71181754e-01 
 3.76735000e-08  1.94996317e+00  3.76735000e-08  1.95010246e+00  3.76735000e-08  9.12332928e-01 
 3.76745000e-08  1.94996342e+00  3.76745000e-08  1.95011178e+00  3.76745000e-08  8.52865938e-01 
 3.78975000e-08  1.15045339e+00  3.78975000e-08  1.95000003e+00  3.78975000e-08  1.68402042e-05 
 3.78985000e-08  1.09834138e+00  3.78985000e-08  1.95000000e+00  3.78985000e-08  1.39175328e-05 
 3.78995000e-08  1.04652884e+00  3.78995000e-08  1.94999996e+00  3.78995000e-08  1.57659029e-05 
 3.79005000e-08  9.94923879e-01  3.79005000e-08  1.94999992e+00  3.79005000e-08  1.30652599e-05 
 3.79015000e-08  9.43495900e-01  3.79015000e-08  1.94999987e+00  3.79015000e-08  1.49200064e-05 
 3.79025000e-08  8.92182288e-01  3.79025000e-08  1.94999981e+00  3.79025000e-08  1.21335237e-05 
 3.81615000e-08  6.71274127e-05  3.81615000e-08  1.18656213e+00  3.81615000e-08 -2.90779457e-06 
 3.81625000e-08  6.48977826e-05  3.81625000e-08  1.13253056e+00  3.81625000e-08 -2.75213827e-06 
 3.81635000e-08  6.26654463e-05  3.81635000e-08  1.07785135e+00  3.81635000e-08 -1.13930220e-06 
 3.81645000e-08  6.05859403e-05  3.81645000e-08  1.02251381e+00  3.81645000e-08  4.51093215e-07 
 3.81655000e-08  5.84997514e-05  3.81655000e-08  9.66540646e-01  3.81655000e-08  3.00999862e-06 
 3.81665000e-08  5.65598374e-05  3.81665000e-08  9.09934551e-01  3.81665000e-08  5.36557140e-06 
 3.84835000e-08  9.39158198e-01  3.84835000e-08  3.69045260e-06  3.84835000e-08  4.15831482e-07 
 3.84845000e-08  9.79934829e-01  3.84845000e-08  3.39319164e-06  3.84845000e-08 -3.31779995e-08 
 3.84855000e-08  1.02012380e+00  3.84855000e-08  3.56085270e-06  3.84855000e-08  4.12752949e-07 
 3.84865000e-08  1.05974772e+00  3.84865000e-08  3.26409875e-06  3.84865000e-08 -1.86700242e-08 
 3.84875000e-08  1.09885360e+00  3.84875000e-08  3.41828106e-06  3.84875000e-08  4.21469716e-07 
 3.84885000e-08  1.13751465e+00  3.84885000e-08  3.09734536e-06  3.84885000e-08 -3.38444648e-08 
 3.86575000e-08  1.94988642e+00  3.86575000e-08  8.23751189e-01  3.86575000e-08 -6.50439065e-05 
 3.86585000e-08  1.94988910e+00  3.86585000e-08  9.06194281e-01  3.86585000e-08 -1.15779097e-04 
 3.86595000e-08  1.94989096e+00  3.86595000e-08  9.86928912e-01  3.86595000e-08 -1.55570836e-04 
 3.86605000e-08  1.94989334e+00  3.86605000e-08  1.06586760e+00  3.86605000e-08 -1.78753946e-04 
 3.86615000e-08  1.94989497e+00  3.86615000e-08  1.14297065e+00  3.86615000e-08 -1.96168691e-04 
 3.86625000e-08  1.94989715e+00  3.86625000e-08  1.21842506e+00  3.86625000e-08 -2.17394496e-04 
 3.87765000e-08  1.94995981e+00  3.87765000e-08  1.94994380e+00  3.87765000e-08  8.63325695e-01 
 3.87775000e-08  1.94995993e+00  3.87775000e-08  1.94994932e+00  3.87775000e-08  9.24331079e-01 
 3.87785000e-08  1.94996020e+00  3.87785000e-08  1.94995582e+00  3.87785000e-08  9.84171057e-01 
 3.87795000e-08  1.94996031e+00  3.87795000e-08  1.94996071e+00  3.87795000e-08  1.04445859e+00 
 3.87805000e-08  1.94996059e+00  3.87805000e-08  1.94996814e+00  3.87805000e-08  1.10908075e+00 
 3.87815000e-08  1.94996070e+00  3.87815000e-08  1.94996189e+00  3.87815000e-08  1.18128490e+00 
 3.90195000e-08  1.15222064e+00  3.90195000e-08  1.95000007e+00  3.90195000e-08  1.94999747e+00 
 3.90205000e-08  1.10009848e+00  3.90205000e-08  1.95000008e+00  3.90205000e-08  1.94999585e+00 
 3.90215000e-08  1.04827627e+00  3.90215000e-08  1.94999999e+00  3.90215000e-08  1.94999839e+00 
 3.90225000e-08  9.96665331e-01  3.90225000e-08  1.94999999e+00  3.90225000e-08  1.94999585e+00 
 3.90235000e-08  9.45231593e-01  3.90235000e-08  1.94999990e+00  3.90235000e-08  1.94999758e+00 
 3.90245000e-08  8.93914606e-01  3.90245000e-08  1.94999988e+00  3.90245000e-08  1.94999604e+00 
 3.92835000e-08  6.72051506e-05  3.92835000e-08  1.18835787e+00  3.92835000e-08  1.94994284e+00 
 3.92845000e-08  6.49694912e-05  3.92845000e-08  1.13434972e+00  3.92845000e-08  1.94993728e+00 
 3.92855000e-08  6.27365873e-05  3.92855000e-08  1.07969540e+00  3.92855000e-08  1.94993455e+00 
 3.92865000e-08  6.06525954e-05  3.92865000e-08  1.02438086e+00  3.92865000e-08  1.94993670e+00 
 3.92875000e-08  5.85666206e-05  3.92875000e-08  9.68431375e-01  3.92875000e-08  1.94994496e+00 
 3.92885000e-08  5.66228128e-05  3.92885000e-08  9.11846301e-01  3.92885000e-08  1.94996011e+00 
 3.96055000e-08  9.36986491e-01  3.96055000e-08  3.23774128e-06  3.96055000e-08  1.94999884e+00 
 3.96065000e-08  9.77793886e-01  3.96065000e-08  3.10088961e-06  3.96065000e-08  1.94999912e+00 
 3.96075000e-08  1.01801420e+00  3.96075000e-08  3.12669176e-06  3.96075000e-08  1.94999889e+00 
 3.96085000e-08  1.05766628e+00  3.96085000e-08  2.98676464e-06  3.96085000e-08  1.94999916e+00 
 3.96095000e-08  1.09679854e+00  3.96095000e-08  3.00219862e-06  3.96095000e-08  1.94999893e+00 
 3.96105000e-08  1.13547998e+00  3.96105000e-08  2.83690249e-06  3.96105000e-08  1.94999919e+00 
 3.97795000e-08  1.94988633e+00  3.97795000e-08  8.21330380e-01  3.97795000e-08  1.95008081e+00 
 3.97805000e-08  1.94988894e+00  3.97805000e-08  9.03820366e-01  3.97805000e-08  1.94995004e+00 
 3.97815000e-08  1.94989089e+00  3.97815000e-08  9.84444221e-01  3.97815000e-08  1.94981423e+00 
 3.97825000e-08  1.94989320e+00  3.97825000e-08  1.06307345e+00  3.97825000e-08  1.94966030e+00 
 3.97835000e-08  1.94989491e+00  3.97835000e-08  1.13967357e+00  3.97835000e-08  1.94950239e+00 
 3.97845000e-08  1.94989701e+00  3.97845000e-08  1.21449801e+00  3.97845000e-08  1.94935816e+00 
 3.99135000e-08  1.94996250e+00  3.99135000e-08  1.94999900e+00  3.99135000e-08  1.14986721e+00 
 3.99145000e-08  1.94996272e+00  3.99145000e-08  1.95003315e+00  3.99145000e-08  1.09229855e+00 
 3.99155000e-08  1.94996284e+00  3.99155000e-08  1.95006241e+00  3.99155000e-08  1.03444330e+00 
 3.99165000e-08  1.94996305e+00  3.99165000e-08  1.95008506e+00  3.99165000e-08  9.76225222e-01 
 3.99175000e-08  1.94996318e+00  3.99175000e-08  1.95010147e+00  3.99175000e-08  9.17423642e-01 
 3.99185000e-08  1.94996338e+00  3.99185000e-08  1.95011144e+00  3.99185000e-08  8.58013895e-01 
 4.01415000e-08  1.15480405e+00  4.01415000e-08  1.94999994e+00  4.01415000e-08  1.63199650e-05 
 4.01425000e-08  1.10266739e+00  4.01425000e-08  1.94999997e+00  4.01425000e-08  1.43905760e-05 
 4.01435000e-08  1.05083127e+00  4.01435000e-08  1.94999989e+00  4.01435000e-08  1.52947080e-05 
 4.01445000e-08  9.99211841e-01  4.01445000e-08  1.94999991e+00  4.01445000e-08  1.35036612e-05 
 4.01455000e-08  9.47769904e-01  4.01455000e-08  1.94999981e+00  4.01455000e-08  1.44130814e-05 
 4.01465000e-08  8.96448222e-01  4.01465000e-08  1.94999981e+00  4.01465000e-08  1.26277170e-05 
 4.04065000e-08  6.50799071e-05  4.04065000e-08  1.13707361e+00  4.04065000e-08 -2.66900511e-06 
 4.04075000e-08  6.28477200e-05  4.04075000e-08  1.08245108e+00  4.04075000e-08 -1.43011922e-06 
 4.04085000e-08  6.07563995e-05  4.04085000e-08  1.02716575e+00  4.04085000e-08  4.66528134e-07 
 4.04095000e-08  5.86706737e-05  4.04095000e-08  9.71247646e-01  4.04095000e-08  2.73951071e-06 
 4.04105000e-08  5.67199107e-05  4.04105000e-08  9.14691313e-01  4.04105000e-08  5.27762266e-06 
 4.04115000e-08  5.47706228e-05  4.04115000e-08  8.57539650e-01  4.04115000e-08  8.03674279e-06 
 4.07275000e-08  9.35240787e-01  4.07275000e-08  3.66150764e-06  4.07275000e-08  3.12301387e-07 
 4.07285000e-08  9.76072923e-01  4.07285000e-08  3.43117697e-06  4.07285000e-08  2.75213924e-08 
 4.07295000e-08  1.01631843e+00  4.07295000e-08  3.53335215e-06  4.07295000e-08  2.96858273e-07 
 4.07305000e-08  1.05599322e+00  4.07305000e-08  3.30087661e-06  4.07305000e-08  2.34566493e-08 
 4.07315000e-08  1.09514681e+00  4.07315000e-08  3.39333869e-06  4.07315000e-08  2.93080899e-07 
 4.07325000e-08  1.13384489e+00  4.07325000e-08  3.13737619e-06  4.07325000e-08  3.05700975e-08 
 4.09015000e-08  1.94988626e+00  4.09015000e-08  8.15769177e-01  4.09015000e-08 -5.98819256e-05 
 4.09025000e-08  1.94988881e+00  4.09025000e-08  8.98364332e-01  4.09025000e-08 -1.11407094e-04 
 4.09035000e-08  1.94989083e+00  4.09035000e-08  9.79270181e-01  4.09035000e-08 -1.52328133e-04 
 4.09045000e-08  1.94989308e+00  4.09045000e-08  1.05838480e+00  4.09045000e-08 -1.77098558e-04 
 4.09055000e-08  1.94989486e+00  4.09055000e-08  1.13566765e+00  4.09055000e-08 -1.95330435e-04 
 4.09065000e-08  1.94989690e+00  4.09065000e-08  1.21128465e+00  4.09065000e-08 -2.14185175e-04 
 4.10205000e-08  1.94995977e+00  4.10205000e-08  1.94994339e+00  4.10205000e-08  8.57423383e-01 
 4.10215000e-08  1.94995993e+00  4.10215000e-08  1.94994872e+00  4.10215000e-08  9.18578111e-01 
 4.10225000e-08  1.94996016e+00  4.10225000e-08  1.94995528e+00  4.10225000e-08  9.78490037e-01 
 4.10235000e-08  1.94996033e+00  4.10235000e-08  1.94996035e+00  4.10235000e-08  1.03857862e+00 
 4.10245000e-08  1.94996054e+00  4.10245000e-08  1.94996754e+00  4.10245000e-08  1.10261477e+00 
 4.10255000e-08  1.94996071e+00  4.10255000e-08  1.94996262e+00  4.10255000e-08  1.17425691e+00 
 4.12635000e-08  1.15721393e+00  4.12635000e-08  1.95000007e+00  4.12635000e-08  1.94999894e+00 
 4.12645000e-08  1.10506366e+00  4.12645000e-08  1.95000008e+00  4.12645000e-08  1.94999750e+00 
 4.12655000e-08  1.05321444e+00  4.12655000e-08  1.94999996e+00  4.12655000e-08  1.94999833e+00 
 4.12665000e-08  1.00158698e+00  4.12665000e-08  1.94999997e+00  4.12665000e-08  1.94999754e+00 
 4.12675000e-08  9.50137312e-01  4.12675000e-08  1.94999987e+00  4.12675000e-08  1.94999886e+00 
 4.12685000e-08  8.98811225e-01  4.12685000e-08  1.94999987e+00  4.12685000e-08  1.94999750e+00 
 4.15285000e-08  6.51838755e-05  4.15285000e-08  1.13960899e+00  4.15285000e-08  1.94993779e+00 
 4.15295000e-08  6.29502819e-05  4.15295000e-08  1.08502031e+00  4.15295000e-08  1.94993457e+00 
 4.15305000e-08  6.08513007e-05  4.15305000e-08  1.02976620e+00  4.15305000e-08  1.94993630e+00 
 4.15315000e-08  5.87665081e-05  4.15315000e-08  9.73880556e-01  4.15315000e-08  1.94994380e+00 
 4.15325000e-08  5.68095200e-05  4.15325000e-08  9.17353211e-01  4.15325000e-08  1.94995836e+00 
 4.15335000e-08  5.48606513e-05  4.15335000e-08  8.60230428e-01  4.15335000e-08  1.94997955e+00 
 4.18495000e-08  9.33252521e-01  4.18495000e-08  3.19441244e-06  4.18495000e-08  1.94999883e+00 
 4.18505000e-08  9.74112842e-01  4.18505000e-08  3.15383657e-06  4.18505000e-08  1.94999913e+00 
 4.18515000e-08  1.01438705e+00  4.18515000e-08  3.08518809e-06  4.18515000e-08  1.94999887e+00 
 4.18525000e-08  1.05408780e+00  4.18525000e-08  3.03858875e-06  4.18525000e-08  1.94999917e+00 
 4.18535000e-08  1.09326579e+00  4.18535000e-08  2.96360875e-06  4.18535000e-08  1.94999891e+00 
 4.18545000e-08  1.13198311e+00  4.18545000e-08  2.89073156e-06  4.18545000e-08  1.94999921e+00 
 4.20000000e-08  1.94981108e+00  4.20000000e-08 -3.84320577e-02  4.20000000e-08  1.94999408e+00 
