 time            v(b_out)        time            v(u_puf_u_core_sel_ro) time            v(q)           
 0.00000000e+00  4.68653891e-09  0.00000000e+00  2.46749718e-09  0.00000000e+00  2.46749746e-09 
 2.57850000e-09  9.42482529e-01  2.57850000e-09  2.96560398e-09  2.57850000e-09  2.46768661e-09 
 2.57950000e-09  9.78658539e-01  2.57950000e-09  2.96506858e-09  2.57950000e-09  2.46768528e-09 
 2.58050000e-09  1.01493919e+00  2.58050000e-09  2.96417768e-09  2.58050000e-09  2.46768483e-09 
 2.58150000e-09  1.05106932e+00  2.58150000e-09  2.96230890e-09  2.58150000e-09  2.46768278e-09 
 2.58250000e-09  1.08689487e+00  2.58250000e-09  2.95980229e-09  2.58250000e-09  2.46768406e-09 
 2.58350000e-09  1.12241452e+00  2.58350000e-09  2.95794089e-09  2.58350000e-09  2.46768372e-09 
 2.91550000e-09  1.94999975e+00  2.91550000e-09  8.25621073e-01  2.91550000e-09 -6.25684793e-05 
 2.91650000e-09  1.94999995e+00  2.91650000e-09  8.96111166e-01  2.91650000e-09 -9.96127283e-05 
 2.91750000e-09  1.94999979e+00  2.91750000e-09  9.66088379e-01  2.91750000e-09 -1.29588074e-04 
 2.91850000e-09  1.94999997e+00  2.91850000e-09  1.03541522e+00  2.91850000e-09 -1.47850320e-04 
 2.91950000e-09  1.94999981e+00  2.91950000e-09  1.10413290e+00  2.91950000e-09 -1.60624148e-04 
 2.92050000e-09  1.94999998e+00  2.92050000e-09  1.17237539e+00  2.92050000e-09 -1.79880694e-04 
 3.03550000e-09  1.94932372e+00  3.03550000e-09  1.94987798e+00  3.03550000e-09  8.73841751e-01 
 3.03650000e-09  1.94895104e+00  3.03650000e-09  1.94988377e+00  3.03650000e-09  9.34516032e-01 
 3.03750000e-09  1.94851805e+00  3.03750000e-09  1.94989414e+00  3.03750000e-09  9.94159850e-01 
 3.03850000e-09  1.94806166e+00  3.03850000e-09  1.94989860e+00  3.03850000e-09  1.05483810e+00 
 3.03950000e-09  1.94758158e+00  3.03950000e-09  1.94991011e+00  3.03950000e-09  1.12046864e+00 
 3.04050000e-09  1.94704389e+00  3.04050000e-09  1.94990212e+00  3.04050000e-09  1.19327964e+00 
 3.11450000e-09  1.14033008e+00  3.11450000e-09  1.94997712e+00  3.11450000e-09  1.94941563e+00 
 3.11550000e-09  1.08804046e+00  3.11550000e-09  1.94997835e+00  3.11550000e-09  1.94942281e+00 
 3.11650000e-09  1.03585529e+00  3.11650000e-09  1.94997836e+00  3.11650000e-09  1.94949707e+00 
 3.11750000e-09  9.83671121e-01  3.11750000e-09  1.94997948e+00  3.11750000e-09  1.94949950e+00 
 3.11850000e-09  9.31460461e-01  3.11850000e-09  1.94997944e+00  3.11850000e-09  1.94956693e+00 
 3.11950000e-09  8.79159454e-01  3.11950000e-09  1.94998049e+00  3.11950000e-09  1.94956546e+00 
 3.61150000e-09 -7.12018723e-04  3.61150000e-09  1.13070244e+00  3.61150000e-09  1.94995820e+00 
 3.61250000e-09 -5.75526665e-04  3.61250000e-09  1.08675126e+00  3.61250000e-09  1.94995827e+00 
 3.61350000e-09 -3.52957088e-04  3.61350000e-09  1.04235621e+00  3.61350000e-09  1.94996130e+00 
 3.61450000e-09 -4.23279136e-05  3.61450000e-09  9.97529599e-01  3.61450000e-09  1.94996857e+00 
 3.61550000e-09  3.40975395e-04  3.61550000e-09  9.52278136e-01  3.61550000e-09  1.94997996e+00 
 3.61650000e-09  7.96164944e-04  3.61650000e-09  9.06618849e-01  3.61650000e-09  1.94999607e+00 
 3.70050000e-09  9.45179667e-01  3.70050000e-09  2.44849381e-03  3.70050000e-09  1.95052660e+00 
 3.70150000e-09  9.82184175e-01  3.70150000e-09  2.35301487e-03  3.70150000e-09  1.95045351e+00 
 3.70250000e-09  1.01891569e+00  3.70250000e-09  2.25373395e-03  3.70250000e-09  1.95038388e+00 
 3.70350000e-09  1.05527950e+00  3.70350000e-09  2.16668744e-03  3.70350000e-09  1.95032008e+00 
 3.70450000e-09  1.09126425e+00  3.70450000e-09  2.07688680e-03  3.70450000e-09  1.95025908e+00 
 3.70550000e-09  1.12697538e+00  3.70550000e-09  1.99967921e-03  3.70550000e-09  1.95020395e+00 
 4.03650000e-09  1.94999998e+00  4.03650000e-09  8.40513748e-01  4.03650000e-09  1.94998780e+00 
 4.03750000e-09  1.94999998e+00  4.03750000e-09  9.10814477e-01  4.03750000e-09  1.94988945e+00 
 4.03850000e-09  1.94999999e+00  4.03850000e-09  9.80435027e-01  4.03850000e-09  1.94977102e+00 
 4.03950000e-09  1.94999999e+00  4.03950000e-09  1.04926454e+00  4.03950000e-09  1.94964202e+00 
 4.04050000e-09  1.95000000e+00  4.04050000e-09  1.11734674e+00  4.04050000e-09  1.94952357e+00 
 4.04150000e-09  1.95000000e+00  4.04150000e-09  1.18494134e+00  4.04150000e-09  1.94939696e+00 
 4.17050000e-09  1.94188633e+00  4.17050000e-09  1.94994429e+00  4.17050000e-09  1.17268037e+00 
 4.17150000e-09  1.94119578e+00  4.17150000e-09  1.94997254e+00  4.17150000e-09  1.11513725e+00 
 4.17250000e-09  1.94040017e+00  4.17250000e-09  1.95000235e+00  4.17250000e-09  1.05740890e+00 
 4.17350000e-09  1.93943859e+00  4.17350000e-09  1.95002777e+00  4.17350000e-09  9.99343197e-01 
 4.17450000e-09  1.93824498e+00  4.17450000e-09  1.95005116e+00  4.17450000e-09  9.40778092e-01 
 4.17550000e-09  1.93678656e+00  4.17550000e-09  1.95006294e+00  4.17550000e-09  8.81607169e-01 
 4.23650000e-09  1.14224068e+00  4.23650000e-09  1.94999272e+00  4.23650000e-09  2.82096291e-03 
 4.23750000e-09  1.08994628e+00  4.23750000e-09  1.94999134e+00  4.23750000e-09  2.72411664e-03 
 4.23850000e-09  1.03775984e+00  4.23850000e-09  1.94999107e+00  4.23850000e-09  2.63606418e-03 
 4.23950000e-09  9.85575710e-01  4.23950000e-09  1.94998998e+00  4.23950000e-09  2.54799598e-03 
 4.24050000e-09  9.33367667e-01  4.24050000e-09  1.94998991e+00  4.24050000e-09  2.46758014e-03 
 4.24150000e-09  8.81069491e-01  4.24150000e-09  1.94998905e+00  4.24150000e-09  2.38686270e-03 
 4.73350000e-09 -7.12464723e-04  4.73350000e-09  1.13245755e+00  4.73350000e-09 -8.13054571e-07 
 4.73450000e-09 -5.76357333e-04  4.73450000e-09  1.08852322e+00  4.73450000e-09 -5.48993111e-07 
 4.73550000e-09 -3.54186951e-04  4.73550000e-09  1.04414444e+00  4.73550000e-09  1.42470297e-06 
 4.73650000e-09 -4.39824120e-05  4.73650000e-09  9.99334471e-01  4.73650000e-09  2.30470879e-06 
 4.73750000e-09  3.39036888e-04  4.73750000e-09  9.54099238e-01  4.73750000e-09  4.47637898e-06 
 4.73850000e-09  7.93912788e-04  4.73850000e-09  9.08456537e-01  4.73850000e-09  5.55864512e-06 
 4.82250000e-09  9.44972452e-01  4.82250000e-09  2.91915478e-03  4.82250000e-09  5.00680381e-05 
 4.82350000e-09  9.81978261e-01  4.82350000e-09  2.84165944e-03  4.82350000e-09  5.75912837e-05 
 4.82450000e-09  1.01871159e+00  4.82450000e-09  2.76745738e-03  4.82450000e-09  6.45692801e-05 
 4.82550000e-09  1.05508558e+00  4.82550000e-09  2.70786062e-03  4.82550000e-09  7.59506509e-05 
 4.82650000e-09  1.09108547e+00  4.82650000e-09  2.63671139e-03  4.82650000e-09  7.69037246e-05 
 4.82750000e-09  1.12680751e+00  4.82750000e-09  2.56284605e-03  4.82750000e-09  7.63408722e-05 
 5.15850000e-09  1.94999998e+00  5.15850000e-09  8.38727528e-01  5.15850000e-09 -7.06077651e-05 
 5.15950000e-09  1.94999998e+00  5.15950000e-09  9.09142370e-01  5.15950000e-09 -1.07180177e-04 
 5.16050000e-09  1.94999999e+00  5.16050000e-09  9.79012792e-01  5.16050000e-09 -1.34572168e-04 
 5.16150000e-09  1.94999999e+00  5.16150000e-09  1.04823284e+00  5.16150000e-09 -1.52310901e-04 
 5.16250000e-09  1.95000000e+00  5.16250000e-09  1.11685625e+00  5.16250000e-09 -1.64707279e-04 
 5.16350000e-09  1.94999999e+00  5.16350000e-09  1.18506463e+00  5.16350000e-09 -1.85464754e-04 
 5.27850000e-09  1.94969635e+00  5.27850000e-09  1.94988538e+00  5.27850000e-09  8.96897094e-01 
 5.27950000e-09  1.94933688e+00  5.27950000e-09  1.94989071e+00  5.27950000e-09  9.57166755e-01 
 5.28050000e-09  1.94896458e+00  5.28050000e-09  1.94990045e+00  5.28050000e-09  1.01688985e+00 
 5.28150000e-09  1.94853462e+00  5.28150000e-09  1.94990485e+00  5.28150000e-09  1.07916429e+00 
 5.28250000e-09  1.94807835e+00  5.28250000e-09  1.94991102e+00  5.28250000e-09  1.14796550e+00 
 5.28350000e-09  1.94759962e+00  5.28350000e-09  1.94990439e+00  5.28350000e-09  1.22140768e+00 
 5.35850000e-09  1.14224379e+00  5.35850000e-09  1.94997855e+00  5.35850000e-09  1.94944702e+00 
 5.35950000e-09  1.08994969e+00  5.35950000e-09  1.94997854e+00  5.35950000e-09  1.94950619e+00 
 5.36050000e-09  1.03776353e+00  5.36050000e-09  1.94997966e+00  5.36050000e-09  1.94952103e+00 
 5.36150000e-09  9.85579650e-01  5.36150000e-09  1.94997960e+00  5.36150000e-09  1.94957406e+00 
 5.36250000e-09  9.33371848e-01  5.36250000e-09  1.94998064e+00  5.36250000e-09  1.94958465e+00 
 5.36350000e-09  8.81073884e-01  5.36350000e-09  1.94998055e+00  5.36350000e-09  1.94963237e+00 
 5.85550000e-09 -7.14972998e-04  5.85550000e-09  1.13238743e+00  5.85550000e-09  1.94995845e+00 
 5.85650000e-09 -5.81013797e-04  5.85650000e-09  1.08845368e+00  5.85650000e-09  1.94995803e+00 
 5.85750000e-09 -3.61120308e-04  5.85750000e-09  1.04407526e+00  5.85750000e-09  1.94996130e+00 
 5.85850000e-09 -5.32944854e-05  5.85850000e-09  9.99265400e-01  5.85850000e-09  1.94996802e+00 
 5.85950000e-09  3.28093069e-04  5.85950000e-09  9.54029797e-01  5.85950000e-09  1.94997962e+00 
 5.86050000e-09  7.81204628e-04  5.86050000e-09  9.08386207e-01  5.86050000e-09  1.94999519e+00 
 5.94450000e-09  9.44070811e-01  5.94450000e-09  2.45224764e-03  5.94450000e-09  1.95052943e+00 
 5.94550000e-09  9.81082345e-01  5.94550000e-09  2.35687423e-03  5.94550000e-09  1.95045636e+00 
 5.94650000e-09  1.01782350e+00  5.94650000e-09  2.25718312e-03  5.94650000e-09  1.95038632e+00 
 5.94750000e-09  1.05419884e+00  5.94750000e-09  2.17020191e-03  5.94750000e-09  1.95032258e+00 
 5.94850000e-09  1.09019364e+00  5.94850000e-09  2.07996496e-03  5.94850000e-09  1.95026120e+00 
 5.94950000e-09  1.12591062e+00  5.94950000e-09  2.00280884e-03  5.94950000e-09  1.95020610e+00 
 6.28050000e-09  1.94999998e+00  6.28050000e-09  8.38447312e-01  6.28050000e-09  1.94999033e+00 
 6.28150000e-09  1.94999996e+00  6.28150000e-09  9.08765148e-01  6.28150000e-09  1.94989270e+00 
 6.28250000e-09  1.94999999e+00  6.28250000e-09  9.78407803e-01  6.28250000e-09  1.94977478e+00 
 6.28350000e-09  1.94999997e+00  6.28350000e-09  1.04725455e+00  6.28350000e-09  1.94964574e+00 
 6.28450000e-09  1.95000000e+00  6.28450000e-09  1.11535142e+00  6.28450000e-09  1.94952701e+00 
 6.28550000e-09  1.94999997e+00  6.28550000e-09  1.18293201e+00  6.28550000e-09  1.94940146e+00 
 6.41450000e-09  1.94189935e+00  6.41450000e-09  1.94994327e+00  6.41450000e-09  1.17448671e+00 
 6.41550000e-09  1.94121025e+00  6.41550000e-09  1.94997167e+00  6.41550000e-09  1.11694507e+00 
 6.41650000e-09  1.94041729e+00  6.41650000e-09  1.95000131e+00  6.41650000e-09  1.05922627e+00 
 6.41750000e-09  1.93945960e+00  6.41750000e-09  1.95002699e+00  6.41750000e-09  1.00117231e+00 
 6.41850000e-09  1.93827107e+00  6.41850000e-09  1.95005051e+00  6.41850000e-09  9.42625955e-01 
 6.41950000e-09  1.93681780e+00  6.41950000e-09  1.95006260e+00  6.41950000e-09  8.83474236e-01 
 6.48050000e-09  1.14324062e+00  6.48050000e-09  1.94999275e+00  6.48050000e-09  2.82340233e-03 
 6.48150000e-09  1.09094369e+00  6.48150000e-09  1.94999138e+00  6.48150000e-09  2.72763020e-03 
 6.48250000e-09  1.03875659e+00  6.48250000e-09  1.94999109e+00  6.48250000e-09  2.63822335e-03 
 6.48350000e-09  9.86572479e-01  6.48350000e-09  1.94999001e+00  6.48350000e-09  2.55124710e-03 
 6.48450000e-09  9.34365850e-01  6.48450000e-09  1.94998993e+00  6.48450000e-09  2.46950964e-03 
 6.48550000e-09  8.82069175e-01  6.48550000e-09  1.94998908e+00  6.48550000e-09  2.38989191e-03 
 6.97750000e-09 -7.13309370e-04  6.97750000e-09  1.13330273e+00  6.97750000e-09 -8.19498398e-07 
 6.97850000e-09 -5.77926534e-04  6.97850000e-09  1.08937718e+00  6.97850000e-09 -5.74223761e-07 
 6.97950000e-09 -3.56519360e-04  6.97950000e-09  1.04500671e+00  6.97950000e-09  1.40668380e-06 
 6.98050000e-09 -4.71153452e-05  6.98050000e-09  1.00020518e+00  6.98050000e-09  2.26707274e-06 
 6.98150000e-09  3.35358506e-04  6.98150000e-09  9.54977866e-01  6.98150000e-09  4.44670554e-06 
 6.98250000e-09  7.89642256e-04  6.98250000e-09  9.09343071e-01  6.98250000e-09  5.52008147e-06 
 7.06650000e-09  9.44638193e-01  7.06650000e-09  2.92063115e-03  7.06650000e-09  4.99521474e-05 
 7.06750000e-09  9.81646125e-01  7.06750000e-09  2.84310484e-03  7.06750000e-09  5.74771224e-05 
 7.06850000e-09  1.01838236e+00  7.06850000e-09  2.76858843e-03  7.06850000e-09  6.43581117e-05 
 7.06950000e-09  1.05475986e+00  7.06950000e-09  2.70905428e-03  7.06950000e-09  7.58300904e-05 
 7.07050000e-09  1.09076280e+00  7.07050000e-09  2.63798912e-03  7.07050000e-09  7.69023377e-05 
 7.07150000e-09  1.12648661e+00  7.07150000e-09  2.56433889e-03  7.07150000e-09  7.64001898e-05 
 7.40250000e-09  1.94999998e+00  7.40250000e-09  8.38189712e-01  7.40250000e-09 -7.03245158e-05 
 7.40350000e-09  1.94999997e+00  7.40350000e-09  9.08608004e-01  7.40350000e-09 -1.06907059e-04 
 7.40450000e-09  1.94999999e+00  7.40450000e-09  9.78483073e-01  7.40450000e-09 -1.34425419e-04 
 7.40550000e-09  1.94999998e+00  7.40550000e-09  1.04770790e+00  7.40550000e-09 -1.52173642e-04 
 7.40650000e-09  1.95000000e+00  7.40650000e-09  1.11633541e+00  7.40650000e-09 -1.64617393e-04 
 7.40750000e-09  1.94999999e+00  7.40750000e-09  1.18454552e+00  7.40750000e-09 -1.85282155e-04 
 7.52250000e-09  1.94969738e+00  7.52250000e-09  1.94988532e+00  7.52250000e-09  8.96435826e-01 
 7.52350000e-09  1.94933795e+00  7.52350000e-09  1.94989065e+00  7.52350000e-09  9.56714170e-01 
 7.52450000e-09  1.94896569e+00  7.52450000e-09  1.94990039e+00  7.52450000e-09  1.01643439e+00 
 7.52550000e-09  1.94853597e+00  7.52550000e-09  1.94990476e+00  7.52550000e-09  1.07867895e+00 
 7.52650000e-09  1.94807971e+00  7.52650000e-09  1.94991110e+00  7.52650000e-09  1.14741407e+00 
 7.52750000e-09  1.94760109e+00  7.52750000e-09  1.94990437e+00  7.52750000e-09  1.22085851e+00 
 7.60250000e-09  1.14239366e+00  7.60250000e-09  1.94997855e+00  7.60250000e-09  1.94944632e+00 
 7.60350000e-09  1.09009903e+00  7.60350000e-09  1.94997853e+00  7.60350000e-09  1.94950628e+00 
 7.60450000e-09  1.03791266e+00  7.60450000e-09  1.94997966e+00  7.60450000e-09  1.94952039e+00 
 7.60550000e-09  9.85728693e-01  7.60550000e-09  1.94997959e+00  7.60550000e-09  1.94957419e+00 
 7.60650000e-09  9.33521029e-01  7.60650000e-09  1.94998064e+00  7.60650000e-09  1.94958406e+00 
 7.60750000e-09  8.81223220e-01  7.60750000e-09  1.94998054e+00  7.60750000e-09  1.94963252e+00 
 8.09950000e-09 -7.14037398e-04  8.09950000e-09  1.13256196e+00  8.09950000e-09  1.94995846e+00 
 8.10050000e-09 -5.79272177e-04  8.10050000e-09  1.08863003e+00  8.10050000e-09  1.94995802e+00 
 8.10150000e-09 -3.58523562e-04  8.10150000e-09  1.04425334e+00  8.10150000e-09  1.94996128e+00 
 8.10250000e-09 -4.98048036e-05  8.10250000e-09  9.99445233e-01  8.10250000e-09  1.94996798e+00 
 8.10350000e-09  3.32195743e-04  8.10350000e-09  9.54211270e-01  8.10350000e-09  1.94997957e+00 
 8.10450000e-09  7.85970670e-04  8.10450000e-09  9.08569324e-01  8.10450000e-09  1.94999512e+00 
 8.18850000e-09  9.44423721e-01  8.18850000e-09  2.45265059e-03  8.18850000e-09  1.95052977e+00 
 8.18950000e-09  9.81433020e-01  8.18950000e-09  2.35728461e-03  8.18950000e-09  1.95045666e+00 
 8.19050000e-09  1.01817111e+00  8.19050000e-09  2.25755369e-03  8.19050000e-09  1.95038661e+00 
 8.19150000e-09  1.05454278e+00  8.19150000e-09  2.17057554e-03  8.19150000e-09  1.95032285e+00 
 8.19250000e-09  1.09053437e+00  8.19250000e-09  2.08029580e-03  8.19250000e-09  1.95026145e+00 
 8.19350000e-09  1.12624945e+00  8.19350000e-09  2.00314121e-03  8.19350000e-09  1.95020632e+00 
 8.52450000e-09  1.94999998e+00  8.52450000e-09  8.39132743e-01  8.52450000e-09  1.94998949e+00 
 8.52550000e-09  1.94999997e+00  8.52550000e-09  9.09445102e-01  8.52550000e-09  1.94989162e+00 
 8.52650000e-09  1.94999999e+00  8.52650000e-09  9.79080581e-01  8.52650000e-09  1.94977354e+00 
 8.52750000e-09  1.94999998e+00  8.52750000e-09  1.04791994e+00  8.52750000e-09  1.94964446e+00 
 8.52850000e-09  1.95000000e+00  8.52850000e-09  1.11601027e+00  8.52850000e-09  1.94952589e+00 
 8.52950000e-09  1.94999997e+00  8.52950000e-09  1.18358850e+00  8.52950000e-09  1.94940015e+00 
 8.65850000e-09  1.94188881e+00  8.65850000e-09  1.94994361e+00  8.65850000e-09  1.17390269e+00 
 8.65950000e-09  1.94119853e+00  8.65950000e-09  1.94997196e+00  8.65950000e-09  1.11636063e+00 
 8.66050000e-09  1.94040342e+00  8.66050000e-09  1.95000165e+00  8.66050000e-09  1.05863882e+00 
 8.66150000e-09  1.93944258e+00  8.66150000e-09  1.95002727e+00  8.66150000e-09  1.00058111e+00 
 8.66250000e-09  1.93824993e+00  8.66250000e-09  1.95005073e+00  8.66250000e-09  9.42028759e-01 
 8.66350000e-09  1.93679247e+00  8.66350000e-09  1.95006272e+00  8.66350000e-09  8.82870864e-01 
 8.72450000e-09  1.14243714e+00  8.72450000e-09  1.94999280e+00  8.72450000e-09  2.82291723e-03 
 8.72550000e-09  1.09014233e+00  8.72550000e-09  1.94999142e+00  8.72550000e-09  2.72676257e-03 
 8.72650000e-09  1.03795584e+00  8.72650000e-09  1.94999113e+00  8.72650000e-09  2.63780747e-03 
 8.72750000e-09  9.85771780e-01  8.72750000e-09  1.94999004e+00  8.72750000e-09  2.55044338e-03 
 8.72850000e-09  9.33564077e-01  8.72850000e-09  1.94998996e+00  8.72850000e-09  2.46914841e-03 
 8.72950000e-09  8.81266250e-01  8.72950000e-09  1.94998910e+00  8.72950000e-09  2.38914198e-03 
 9.22150000e-09 -7.12825600e-04  9.22150000e-09  1.13251794e+00  9.22150000e-09 -8.10147560e-07 
 9.22250000e-09 -5.77034593e-04  9.22250000e-09  1.08858424e+00  9.22250000e-09 -5.53868718e-07 
 9.22350000e-09 -3.55196074e-04  9.22350000e-09  1.04420605e+00  9.22350000e-09  1.42697243e-06 
 9.22450000e-09 -4.53417068e-05  9.22450000e-09  9.99396691e-01  9.22450000e-09  2.29978307e-06 
 9.22550000e-09  3.37439204e-04  9.22550000e-09  9.54162026e-01  9.22550000e-09  4.47702203e-06 
 9.22650000e-09  7.92054806e-04  9.22650000e-09  9.08519893e-01  9.22650000e-09  5.55309457e-06 
 9.31050000e-09  9.44854974e-01  9.31050000e-09  2.91922360e-03  9.31050000e-09  5.00658385e-05 
 9.31150000e-09  9.81861515e-01  9.31150000e-09  2.84172743e-03  9.31150000e-09  5.75918793e-05 
 9.31250000e-09  1.01859585e+00  9.31250000e-09  2.76751785e-03  9.31250000e-09  6.45651830e-05 
 9.31350000e-09  1.05497108e+00  9.31350000e-09  2.70792242e-03  9.31350000e-09  7.59511804e-05 
 9.31450000e-09  1.09097203e+00  9.31450000e-09  2.63677448e-03  9.31450000e-09  7.69042725e-05 
 9.31550000e-09  1.12669468e+00  9.31550000e-09  2.56291370e-03  9.31550000e-09  7.63451729e-05 
 9.64650000e-09  1.94999998e+00  9.64650000e-09  8.38497599e-01  9.64650000e-09 -7.04828510e-05 
 9.64750000e-09  1.94999998e+00  9.64750000e-09  9.08913952e-01  9.64750000e-09 -1.07067877e-04 
 9.64850000e-09  1.94999999e+00  9.64850000e-09  9.78786396e-01  9.64850000e-09 -1.34505704e-04 
 9.64950000e-09  1.94999999e+00  9.64950000e-09  1.04800851e+00  9.64950000e-09 -1.52256584e-04 
 9.65050000e-09  1.95000000e+00  9.65050000e-09  1.11663370e+00  9.65050000e-09 -1.64665047e-04 
 9.65150000e-09  1.94999999e+00  9.65150000e-09  1.18484283e+00  9.65150000e-09 -1.85390992e-04 
 9.76650000e-09  1.94969617e+00  9.76650000e-09  1.94988536e+00  9.76650000e-09  8.96656856e-01 
 9.76750000e-09  1.94933670e+00  9.76750000e-09  1.94989068e+00  9.76750000e-09  9.56931324e-01 
 9.76850000e-09  1.94896440e+00  9.76850000e-09  1.94990042e+00  9.76850000e-09  1.01665310e+00 
 9.76950000e-09  1.94853440e+00  9.76950000e-09  1.94990481e+00  9.76950000e-09  1.07891208e+00 
 9.77050000e-09  1.94807813e+00  9.77050000e-09  1.94991107e+00  9.77050000e-09  1.14767897e+00 
 9.77150000e-09  1.94759939e+00  9.77150000e-09  1.94990438e+00  9.77150000e-09  1.22112256e+00 
 9.84650000e-09  1.14223059e+00  9.84650000e-09  1.94997855e+00  9.84650000e-09  1.94944666e+00 
 9.84750000e-09  1.08993623e+00  9.84750000e-09  1.94997853e+00  9.84750000e-09  1.94950624e+00 
 9.84850000e-09  1.03774981e+00  9.84850000e-09  1.94997966e+00  9.84850000e-09  1.94952069e+00 
 9.84950000e-09  9.85565690e-01  9.84950000e-09  1.94997960e+00  9.84950000e-09  1.94957413e+00 
 9.85050000e-09  9.33357648e-01  9.85050000e-09  1.94998064e+00  9.85050000e-09  1.94958434e+00 
 9.85150000e-09  8.81059465e-01  9.85150000e-09  1.94998054e+00  9.85150000e-09  1.94963245e+00 
 1.03435000e-08 -7.14606391e-04  1.03435000e-08  1.13226314e+00  1.03435000e-08  1.94995845e+00 
 1.03445000e-08 -5.80329228e-04  1.03445000e-08  1.08832809e+00  1.03445000e-08  1.94995803e+00 
 1.03455000e-08 -3.60098753e-04  1.03455000e-08  1.04394845e+00  1.03455000e-08  1.94996131e+00 
 1.03465000e-08 -5.19208625e-05  1.03465000e-08  9.99137346e-01  1.03465000e-08  1.94996805e+00 
 1.03475000e-08  3.29708240e-04  1.03475000e-08  9.53900576e-01  1.03475000e-08  1.94997966e+00 
 1.03485000e-08  7.83081577e-04  1.03485000e-08  9.08255820e-01  1.03485000e-08  1.94999524e+00 
 1.04325000e-08  9.44205426e-01  1.04325000e-08  2.45198148e-03  1.04325000e-08  1.95052924e+00 
 1.04335000e-08  9.81216179e-01  1.04335000e-08  2.35660406e-03  1.04335000e-08  1.95045617e+00 
 1.04345000e-08  1.01795621e+00  1.04345000e-08  2.25693831e-03  1.04345000e-08  1.95038615e+00 
 1.04355000e-08  1.05433018e+00  1.04355000e-08  2.16995569e-03  1.04355000e-08  1.95032242e+00 
 1.04365000e-08  1.09032378e+00  1.04365000e-08  2.07974587e-03  1.04365000e-08  1.95026105e+00 
 1.04375000e-08  1.12604482e+00  1.04375000e-08  2.00258900e-03  1.04375000e-08  1.95020596e+00 
 1.07685000e-08  1.94999998e+00  1.07685000e-08  8.38739857e-01  1.07685000e-08  1.94998997e+00 
 1.07695000e-08  1.94999996e+00  1.07695000e-08  9.09055247e-01  1.07695000e-08  1.94989224e+00 
 1.07705000e-08  1.94999999e+00  1.07705000e-08  9.78694745e-01  1.07705000e-08  1.94977425e+00 
 1.07715000e-08  1.94999997e+00  1.07715000e-08  1.04753827e+00  1.07715000e-08  1.94964520e+00 
 1.07725000e-08  1.94999999e+00  1.07725000e-08  1.11563227e+00  1.07725000e-08  1.94952653e+00 
 1.07735000e-08  1.94999997e+00  1.07735000e-08  1.18323253e+00  1.07735000e-08  1.94940070e+00 
 1.09025000e-08  1.94189895e+00  1.09025000e-08  1.94994362e+00  1.09025000e-08  1.17417648e+00 
 1.09035000e-08  1.94121020e+00  1.09035000e-08  1.94997183e+00  1.09035000e-08  1.11663517e+00 
 1.09045000e-08  1.94041743e+00  1.09045000e-08  1.95000141e+00  1.09045000e-08  1.05891564e+00 
 1.09055000e-08  1.93945981e+00  1.09055000e-08  1.95002701e+00  1.09055000e-08  1.00086092e+00 
 1.09065000e-08  1.93827132e+00  1.09065000e-08  1.95005051e+00  1.09065000e-08  9.42312935e-01 
 1.09075000e-08  1.93681805e+00  1.09075000e-08  1.95006256e+00  1.09075000e-08  8.83159715e-01 
 1.09685000e-08  1.14326471e+00  1.09685000e-08  1.94999274e+00  1.09685000e-08  2.82336767e-03 
 1.09695000e-08  1.09096773e+00  1.09695000e-08  1.94999137e+00  1.09695000e-08  2.72740058e-03 
 1.09705000e-08  1.03878059e+00  1.09705000e-08  1.94999109e+00  1.09705000e-08  2.63820472e-03 
 1.09715000e-08  9.86596458e-01  1.09715000e-08  1.94999001e+00  1.09715000e-08  2.55103165e-03 
 1.09725000e-08  9.34389819e-01  1.09725000e-08  1.94998993e+00  1.09725000e-08  2.46950214e-03 
 1.09735000e-08  8.82093158e-01  1.09735000e-08  1.94998907e+00  1.09735000e-08  2.38968866e-03 
 1.14655000e-08 -7.14611869e-04  1.14655000e-08  1.13316234e+00  1.14655000e-08 -8.13713282e-07 
 1.14665000e-08 -5.80357398e-04  1.14665000e-08  1.08923536e+00  1.14665000e-08 -5.73997308e-07 
 1.14675000e-08 -3.60143598e-04  1.14675000e-08  1.04486351e+00  1.14675000e-08  1.41474849e-06 
 1.14685000e-08 -5.19904625e-05  1.14685000e-08  1.00006059e+00  1.14685000e-08  2.27060678e-06 
 1.14695000e-08  3.29626240e-04  1.14695000e-08  9.54831964e-01  1.14695000e-08  4.45570909e-06 
 1.14705000e-08  7.82979341e-04  1.14705000e-08  9.09195872e-01  1.14705000e-08  5.52288096e-06 
 1.15545000e-08  9.44131520e-01  1.15545000e-08  2.92037086e-03  1.15545000e-08  4.99761804e-05 
 1.15555000e-08  9.81142709e-01  1.15555000e-08  2.84285066e-03  1.15555000e-08  5.75054513e-05 
 1.15565000e-08  1.01788337e+00  1.15565000e-08  2.76838690e-03  1.15565000e-08  6.43961336e-05 
 1.15575000e-08  1.05426620e+00  1.15575000e-08  2.70884366e-03  1.15575000e-08  7.58586138e-05 
 1.15585000e-08  1.09027382e+00  1.15585000e-08  2.63776403e-03  1.15585000e-08  7.69044663e-05 
 1.15595000e-08  1.12600036e+00  1.15595000e-08  2.56407826e-03  1.15595000e-08  7.63973409e-05 
 1.18905000e-08  1.94999999e+00  1.18905000e-08  8.37154814e-01  1.18905000e-08 -6.97582690e-05 
 1.18915000e-08  1.94999997e+00  1.18915000e-08  9.07579545e-01  1.18915000e-08 -1.06399023e-04 
 1.18925000e-08  1.95000000e+00  1.18925000e-08  9.77463441e-01  1.18925000e-08 -1.34122118e-04 
 1.18935000e-08  1.94999998e+00  1.18935000e-08  1.04669733e+00  1.18935000e-08 -1.51928035e-04 
 1.18945000e-08  1.95000001e+00  1.18945000e-08  1.11533275e+00  1.18945000e-08 -1.64425391e-04 
 1.18955000e-08  1.94999998e+00  1.18955000e-08  1.18354617e+00  1.18955000e-08 -1.84950721e-04 
 1.20105000e-08  1.94970482e+00  1.20105000e-08  1.94988521e+00  1.20105000e-08  8.95519237e-01 
 1.20115000e-08  1.94934577e+00  1.20115000e-08  1.94989055e+00  1.20115000e-08  9.55815354e-01 
 1.20125000e-08  1.94897374e+00  1.20125000e-08  1.94990029e+00  1.20125000e-08  1.01553066e+00 
 1.20135000e-08  1.94854579e+00  1.20135000e-08  1.94990459e+00  1.20135000e-08  1.07771658e+00 
 1.20145000e-08  1.94808961e+00  1.20145000e-08  1.94991126e+00  1.20145000e-08  1.14632001e+00 
 1.20155000e-08  1.94761176e+00  1.20155000e-08  1.94990433e+00  1.20155000e-08  1.21976845e+00 
 1.20905000e-08  1.14351676e+00  1.20905000e-08  1.94997854e+00  1.20905000e-08  1.94944495e+00 
 1.20915000e-08  1.09121913e+00  1.20915000e-08  1.94997852e+00  1.20915000e-08  1.94950648e+00 
 1.20925000e-08  1.03903181e+00  1.20925000e-08  1.94997965e+00  1.20925000e-08  1.94951913e+00 
 1.20935000e-08  9.86847666e-01  1.20935000e-08  1.94997959e+00  1.20935000e-08  1.94957443e+00 
 1.20945000e-08  9.34641359e-01  1.20945000e-08  1.94998063e+00  1.20945000e-08  1.94958290e+00 
 1.20955000e-08  8.82345064e-01  1.20955000e-08  1.94998053e+00  1.20955000e-08  1.94963280e+00 
 1.25875000e-08 -7.18083838e-04  1.25875000e-08  1.13325032e+00  1.25875000e-08  1.94995848e+00 
 1.25885000e-08 -5.86835293e-04  1.25885000e-08  1.08932554e+00  1.25885000e-08  1.94995800e+00 
 1.25895000e-08 -3.69825394e-04  1.25895000e-08  1.04495562e+00  1.25895000e-08  1.94996121e+00 
 1.25905000e-08 -6.50211274e-05  1.25905000e-08  1.00015438e+00  1.25905000e-08  1.94996784e+00 
 1.25915000e-08  3.14288318e-04  1.25915000e-08  9.54926879e-01  1.25915000e-08  1.94997935e+00 
 1.25925000e-08  7.64956554e-04  1.25925000e-08  9.09291392e-01  1.25925000e-08  1.94999483e+00 
 1.26765000e-08  9.42808348e-01  1.26765000e-08  2.45417720e-03  1.26765000e-08  1.95053099e+00 
 1.26775000e-08  9.79827829e-01  1.26775000e-08  2.35884287e-03  1.26775000e-08  1.95045779e+00 
 1.26785000e-08  1.01657987e+00  1.26785000e-08  2.25895729e-03  1.26785000e-08  1.95038767e+00 
 1.26795000e-08  1.05296835e+00  1.26795000e-08  2.17199332e-03  1.26795000e-08  1.95032384e+00 
 1.26805000e-08  1.08897474e+00  1.26805000e-08  2.08154715e-03  1.26805000e-08  1.95026238e+00 
 1.26815000e-08  1.12469861e+00  1.26815000e-08  2.00440045e-03  1.26815000e-08  1.95020717e+00 
 1.30125000e-08  1.94999998e+00  1.30125000e-08  8.36179796e-01  1.30125000e-08  1.94999308e+00 
 1.30135000e-08  1.94999992e+00  1.30135000e-08  9.06516383e-01  1.30135000e-08  1.94989625e+00 
 1.30145000e-08  1.94999999e+00  1.30145000e-08  9.76183375e-01  1.30145000e-08  1.94977890e+00 
 1.30155000e-08  1.94999993e+00  1.30155000e-08  1.04505510e+00  1.30155000e-08  1.94964997e+00 
 1.30165000e-08  1.94999999e+00  1.30165000e-08  1.11317426e+00  1.30165000e-08  1.94953076e+00 
 1.30175000e-08  1.94999992e+00  1.30175000e-08  1.18076338e+00  1.30175000e-08  1.94940576e+00 
 1.31465000e-08  1.94192686e+00  1.31465000e-08  1.94994226e+00  1.31465000e-08  1.17634180e+00 
 1.31475000e-08  1.94124079e+00  1.31475000e-08  1.94997079e+00  1.31475000e-08  1.11880151e+00 
 1.31485000e-08  1.94045337e+00  1.31485000e-08  1.95000023e+00  1.31485000e-08  1.06109223e+00 
 1.31495000e-08  1.93950381e+00  1.31495000e-08  1.95002611e+00  1.31495000e-08  1.00305015e+00 
 1.31505000e-08  1.93832603e+00  1.31505000e-08  1.95004978e+00  1.31505000e-08  9.44522815e-01 
 1.31515000e-08  1.93688370e+00  1.31515000e-08  1.95006218e+00  1.31515000e-08  8.85390702e-01 
 1.32125000e-08  1.14545939e+00  1.32125000e-08  1.94999279e+00  1.32125000e-08  2.82606363e-03 
 1.32135000e-08  1.09315780e+00  1.32135000e-08  1.94999142e+00  1.32135000e-08  2.73158423e-03 
 1.32145000e-08  1.04096800e+00  1.32145000e-08  1.94999112e+00  1.32145000e-08  2.64058247e-03 
 1.32155000e-08  9.88784693e-01  1.32155000e-08  1.94999004e+00  1.32155000e-08  2.55491493e-03 
 1.32165000e-08  9.36580037e-01  1.32165000e-08  1.94998994e+00  1.32165000e-08  2.47161799e-03 
 1.32175000e-08  8.84287442e-01  1.32175000e-08  1.94998910e+00  1.32175000e-08  2.39331697e-03 
 1.37095000e-08 -7.18891349e-04  1.37095000e-08  1.13486142e+00  1.37095000e-08 -8.17873332e-07 
 1.37105000e-08 -5.88356758e-04  1.37105000e-08  1.09095208e+00  1.37105000e-08 -6.30275758e-07 
 1.37115000e-08 -3.72104139e-04  1.37115000e-08  1.04659697e+00  1.37115000e-08  1.38775137e-06 
 1.37125000e-08 -6.81000167e-05  1.37125000e-08  1.00181101e+00  1.37125000e-08  2.19124498e-06 
 1.37135000e-08  3.10662074e-04  1.37135000e-08  9.56598328e-01  1.37135000e-08  4.40360781e-06 
 1.37145000e-08  7.60726786e-04  1.37145000e-08  9.10978148e-01  1.37145000e-08  5.43930087e-06 
 1.37985000e-08  9.42444434e-01  1.37985000e-08  2.92352339e-03  1.37985000e-08  4.97435074e-05 
 1.37995000e-08  9.79466117e-01  1.37995000e-08  2.84593693e-03  1.37995000e-08  5.72839830e-05 
 1.38005000e-08  1.01622126e+00  1.38005000e-08  2.77083891e-03  1.38005000e-08  6.39765914e-05 
 1.38015000e-08  1.05262170e+00  1.38015000e-08  2.71139145e-03  1.38015000e-08  7.56107764e-05 
 1.38025000e-08  1.08864496e+00  1.38025000e-08  2.64048656e-03  1.38025000e-08  7.69042179e-05 
 1.38035000e-08  1.12438075e+00  1.38035000e-08  2.56723572e-03  1.38035000e-08  7.65269537e-05 
 1.41345000e-08  1.94999994e+00  1.41345000e-08  8.33948163e-01  1.41345000e-08 -6.80326327e-05 
 1.41355000e-08  1.94999988e+00  1.41355000e-08  9.04394260e-01  1.41355000e-08 -1.04787541e-04 
 1.41365000e-08  1.94999996e+00  1.41365000e-08  9.74303400e-01  1.41365000e-08 -1.33131226e-04 
 1.41375000e-08  1.94999990e+00  1.41375000e-08  1.04356333e+00  1.41375000e-08 -1.51093847e-04 
 1.41385000e-08  1.94999998e+00  1.41385000e-08  1.11222443e+00  1.41385000e-08 -1.63898162e-04 
 1.41395000e-08  1.94999992e+00  1.41395000e-08  1.18044929e+00  1.41395000e-08 -1.83926252e-04 
 1.42545000e-08  1.94971930e+00  1.42545000e-08  1.94988484e+00  1.42545000e-08  8.92753702e-01 
 1.42555000e-08  1.94936098e+00  1.42555000e-08  1.94989022e+00  1.42555000e-08  9.53103303e-01 
 1.42565000e-08  1.94898940e+00  1.42565000e-08  1.94989995e+00  1.42565000e-08  1.01280652e+00 
 1.42575000e-08  1.94856486e+00  1.42575000e-08  1.94990405e+00  1.42575000e-08  1.07481895e+00 
 1.42585000e-08  1.94810882e+00  1.42585000e-08  1.94991173e+00  1.42585000e-08  1.14302118e+00 
 1.42595000e-08  1.94763243e+00  1.42595000e-08  1.94990424e+00  1.42595000e-08  1.21647381e+00 
 1.43345000e-08  1.14568698e+00  1.43345000e-08  1.94997851e+00  1.43345000e-08  1.94944085e+00 
 1.43355000e-08  1.09338499e+00  1.43355000e-08  1.94997850e+00  1.43355000e-08  1.94950714e+00 
 1.43365000e-08  1.04119480e+00  1.43365000e-08  1.94997962e+00  1.43365000e-08  1.94951539e+00 
 1.43375000e-08  9.89011611e-01  1.43375000e-08  1.94997957e+00  1.43375000e-08  1.94957521e+00 
 1.43385000e-08  9.36807037e-01  1.43385000e-08  1.94998061e+00  1.43385000e-08  1.94957943e+00 
 1.43395000e-08  8.84514896e-01  1.43395000e-08  1.94998052e+00  1.43395000e-08  1.94963370e+00 
 1.48315000e-08 -7.22173341e-04  1.48315000e-08  1.13503934e+00  1.48315000e-08  1.94995855e+00 
 1.48325000e-08 -5.94572632e-04  1.48325000e-08  1.09113319e+00  1.48325000e-08  1.94995795e+00 
 1.48335000e-08 -3.81467194e-04  1.48335000e-08  1.04678090e+00  1.48335000e-08  1.94996102e+00 
 1.48345000e-08 -8.09551797e-05  1.48345000e-08  1.00199757e+00  1.48345000e-08  1.94996747e+00 
 1.48355000e-08  2.95446732e-04  1.48355000e-08  9.56786885e-01  1.48355000e-08  1.94997881e+00 
 1.48365000e-08  7.43164687e-04  1.48365000e-08  9.11168201e-01  1.48365000e-08  1.94999409e+00 
 1.49205000e-08  9.41117178e-01  1.49205000e-08  2.45843118e-03  1.49205000e-08  1.95053439e+00 
 1.49215000e-08  9.78147050e-01  1.49215000e-08  2.36282531e-03  1.49215000e-08  1.95046061e+00 
 1.49225000e-08  1.01491344e+00  1.49225000e-08  2.26288191e-03  1.49225000e-08  1.95039062e+00 
 1.49235000e-08  1.05132773e+00  1.49235000e-08  2.17560924e-03  1.49235000e-08  1.95032631e+00 
 1.49245000e-08  1.08735773e+00  1.49245000e-08  2.08506798e-03  1.49245000e-08  1.95026497e+00 
 1.49255000e-08  1.12309067e+00  1.49255000e-08  2.00760358e-03  1.49255000e-08  1.95020927e+00 
 1.52565000e-08  1.94999993e+00  1.52565000e-08  8.32911343e-01  1.52565000e-08  1.94999701e+00 
 1.52575000e-08  1.94999984e+00  1.52575000e-08  9.03274702e-01  1.52575000e-08  1.94990133e+00 
 1.52585000e-08  1.94999995e+00  1.52585000e-08  9.72976742e-01  1.52585000e-08  1.94978483e+00 
 1.52595000e-08  1.94999985e+00  1.52595000e-08  1.04188456e+00  1.52595000e-08  1.94965605e+00 
 1.52605000e-08  1.94999994e+00  1.52605000e-08  1.11003617e+00  1.52605000e-08  1.94953580e+00 
 1.52615000e-08  1.94999984e+00  1.52615000e-08  1.17763876e+00  1.52615000e-08  1.94941205e+00 
 1.53905000e-08  1.94196249e+00  1.53905000e-08  1.94994079e+00  1.53905000e-08  1.17903010e+00 
 1.53915000e-08  1.94128007e+00  1.53915000e-08  1.94996946e+00  1.53915000e-08  1.12149186e+00 
 1.53925000e-08  1.94049947e+00  1.53925000e-08  1.94999894e+00  1.53925000e-08  1.06379630e+00 
 1.53935000e-08  1.93956003e+00  1.53935000e-08  1.95002496e+00  1.53935000e-08  1.00577153e+00 
 1.53945000e-08  1.93839580e+00  1.53945000e-08  1.95004887e+00  1.53945000e-08  9.47271853e-01 
 1.53955000e-08  1.93696743e+00  1.53955000e-08  1.95006169e+00  1.53955000e-08  8.88168468e-01 
 1.54565000e-08  1.14825755e+00  1.54565000e-08  1.94999286e+00  1.54565000e-08  2.82915975e-03 
 1.54575000e-08  1.09595080e+00  1.54575000e-08  1.94999147e+00  1.54575000e-08  2.73710369e-03 
 1.54585000e-08  1.04375617e+00  1.54585000e-08  1.94999117e+00  1.54585000e-08  2.64327144e-03 
 1.54595000e-08  9.91574704e-01  1.54595000e-08  1.94999008e+00  1.54595000e-08  2.56006578e-03 
 1.54605000e-08  9.39371371e-01  1.54605000e-08  1.94998998e+00  1.54605000e-08  2.47398109e-03 
 1.54615000e-08  8.87084425e-01  1.54615000e-08  1.94998912e+00  1.54615000e-08  2.39809078e-03 
 1.59535000e-08 -7.23770253e-04  1.59535000e-08  1.13689087e+00  1.59535000e-08 -8.21615321e-07 
 1.59545000e-08 -5.97624237e-04  1.59545000e-08  1.09300267e+00  1.59545000e-08 -6.95390444e-07 
 1.59555000e-08 -3.86080309e-04  1.59555000e-08  1.04866758e+00  1.59555000e-08  1.35568053e-06 
 1.59565000e-08 -8.74819189e-05  1.59565000e-08  1.00390193e+00  1.59565000e-08  2.09789569e-06 
 1.59575000e-08  2.87680324e-04  1.59575000e-08  9.58708345e-01  1.59575000e-08  4.34101037e-06 
 1.59585000e-08  7.34364821e-04  1.59585000e-08  9.13107221e-01  1.59585000e-08  5.34135368e-06 
 1.60425000e-08  9.40354356e-01  1.60425000e-08  2.92734059e-03  1.60425000e-08  4.94455704e-05 
 1.60435000e-08  9.77388761e-01  1.60435000e-08  2.84967063e-03  1.60435000e-08  5.70026021e-05 
 1.60445000e-08  1.01416155e+00  1.60445000e-08  2.77382801e-03  1.60445000e-08  6.34680467e-05 
 1.60455000e-08  1.05058377e+00  1.60455000e-08  2.71443606e-03  1.60455000e-08  7.52717846e-05 
 1.60465000e-08  1.08662665e+00  1.60465000e-08  2.64375818e-03  1.60465000e-08  7.68873323e-05 
 1.60475000e-08  1.12237450e+00  1.60475000e-08  2.57103116e-03  1.60475000e-08  7.66681636e-05 
 1.63785000e-08  1.94999991e+00  1.63785000e-08  8.29994662e-01  1.63785000e-08 -6.58984629e-05 
 1.63795000e-08  1.94999980e+00  1.63795000e-08  9.00465640e-01  1.63795000e-08 -1.02773532e-04 
 1.63805000e-08  1.94999994e+00  1.63805000e-08  9.70409394e-01  1.63805000e-08 -1.31959148e-04 
 1.63815000e-08  1.94999983e+00  1.63815000e-08  1.03970473e+00  1.63815000e-08 -1.50116813e-04 
 1.63825000e-08  1.94999996e+00  1.63825000e-08  1.10839774e+00  1.63825000e-08 -1.63204642e-04 
 1.63835000e-08  1.94999984e+00  1.63835000e-08  1.17662234e+00  1.63835000e-08 -1.82452069e-04 
 1.64985000e-08  1.94974085e+00  1.64985000e-08  1.94988433e+00  1.64985000e-08  8.89293202e-01 
 1.64995000e-08  1.94938370e+00  1.64995000e-08  1.94988976e+00  1.64995000e-08  9.49712554e-01 
 1.65005000e-08  1.94901280e+00  1.65005000e-08  1.94989948e+00  1.65005000e-08  1.00940844e+00 
 1.65015000e-08  1.94859339e+00  1.65015000e-08  1.94990333e+00  1.65015000e-08  1.07121216e+00 
 1.65025000e-08  1.94813750e+00  1.65025000e-08  1.94991227e+00  1.65025000e-08  1.13890917e+00 
 1.65035000e-08  1.94766328e+00  1.65035000e-08  1.94990411e+00  1.65035000e-08  1.21235118e+00 
 1.65785000e-08  1.14899520e+00  1.65785000e-08  1.94997847e+00  1.65785000e-08  1.94943574e+00 
 1.65795000e-08  1.09668713e+00  1.65795000e-08  1.94997848e+00  1.65795000e-08  1.94950791e+00 
 1.65805000e-08  1.04449123e+00  1.65805000e-08  1.94997958e+00  1.65805000e-08  1.94951067e+00 
 1.65815000e-08  9.92310008e-01  1.65815000e-08  1.94997955e+00  1.65815000e-08  1.94957619e+00 
 1.65825000e-08  9.40106955e-01  1.65825000e-08  1.94998057e+00  1.65825000e-08  1.94957510e+00 
 1.65835000e-08  8.87821615e-01  1.65835000e-08  1.94998050e+00  1.65835000e-08  1.94963480e+00 
 1.70755000e-08 -7.27433108e-04  1.70755000e-08  1.13755218e+00  1.70755000e-08  1.94995865e+00 
 1.70765000e-08 -6.04674559e-04  1.70765000e-08  1.09367221e+00  1.70765000e-08  1.94995789e+00 
 1.70775000e-08 -3.96799439e-04  1.70775000e-08  1.04934473e+00  1.70775000e-08  1.94996076e+00 
 1.70785000e-08 -1.01952927e-04  1.70785000e-08  1.00458657e+00  1.70785000e-08  1.94996696e+00 
 1.70795000e-08  2.70553794e-04  1.70795000e-08  9.59399561e-01  1.70795000e-08  1.94997806e+00 
 1.70805000e-08  7.14158281e-04  1.70805000e-08  9.13804514e-01  1.70805000e-08  1.94999307e+00 
 1.71645000e-08  9.38813578e-01  1.71645000e-08  2.46455272e-03  1.71645000e-08  1.95053921e+00 
 1.71655000e-08  9.75857276e-01  1.71655000e-08  2.36827017e-03  1.71655000e-08  1.95046453e+00 
 1.71665000e-08  1.01264313e+00  1.71665000e-08  2.26854192e-03  1.71665000e-08  1.95039479e+00 
 1.71675000e-08  1.04908132e+00  1.71675000e-08  2.18055152e-03  1.71675000e-08  1.95032971e+00 
 1.71685000e-08  1.08513322e+00  1.71685000e-08  2.09016586e-03  1.71685000e-08  1.95026864e+00 
 1.71695000e-08  1.12087981e+00  1.71695000e-08  2.01197348e-03  1.71695000e-08  1.95021217e+00 
 1.75005000e-08  1.94999989e+00  1.75005000e-08  8.28773368e-01  1.75005000e-08  1.95000255e+00 
 1.75015000e-08  1.94999975e+00  1.75015000e-08  8.99170004e-01  1.75015000e-08  1.94990760e+00 
 1.75025000e-08  1.94999992e+00  1.75025000e-08  9.68916080e-01  1.75025000e-08  1.94979216e+00 
 1.75035000e-08  1.94999976e+00  1.75035000e-08  1.03786960e+00  1.75035000e-08  1.94966367e+00 
 1.75045000e-08  1.94999991e+00  1.75045000e-08  1.10606291e+00  1.75045000e-08  1.94954206e+00 
 1.75055000e-08  1.94999975e+00  1.75055000e-08  1.17368423e+00  1.75055000e-08  1.94941997e+00 
 1.76345000e-08  1.94199589e+00  1.76345000e-08  1.94993895e+00  1.76345000e-08  1.18237078e+00 
 1.76355000e-08  1.94131714e+00  1.76355000e-08  1.94996779e+00  1.76355000e-08  1.12483472e+00 
 1.76365000e-08  1.94054323e+00  1.76365000e-08  1.94999746e+00  1.76365000e-08  1.06715580e+00 
 1.76375000e-08  1.93961363e+00  1.76375000e-08  1.95002372e+00  1.76375000e-08  1.00915215e+00 
 1.76385000e-08  1.93846267e+00  1.76385000e-08  1.95004787e+00  1.76385000e-08  9.50686570e-01 
 1.76395000e-08  1.93704805e+00  1.76395000e-08  1.95006118e+00  1.76395000e-08  8.91618718e-01 
 1.77005000e-08  1.15099125e+00  1.77005000e-08  1.94999293e+00  1.77005000e-08  2.83304975e-03 
 1.77015000e-08  1.09867944e+00  1.77015000e-08  1.94999151e+00  1.77015000e-08  2.74428168e-03 
 1.77025000e-08  1.04648007e+00  1.77025000e-08  1.94999123e+00  1.77025000e-08  2.64665098e-03 
 1.77035000e-08  9.94299476e-01  1.77035000e-08  1.94999010e+00  1.77035000e-08  2.56672442e-03 
 1.77045000e-08  9.42097979e-01  1.77045000e-08  1.94999003e+00  1.77045000e-08  2.47693314e-03 
 1.77055000e-08  8.89816503e-01  1.77055000e-08  1.94998913e+00  1.77055000e-08  2.40437546e-03 
 1.81975000e-08 -7.28485904e-04  1.81975000e-08  1.13921580e+00  1.81975000e-08 -8.29299613e-07 
 1.81985000e-08 -6.06719564e-04  1.81985000e-08  1.09535183e+00  1.81985000e-08 -7.68323967e-07 
 1.81995000e-08 -3.99920855e-04  1.81995000e-08  1.05103969e+00  1.81995000e-08  1.31561588e-06 
 1.82005000e-08 -1.06180257e-04  1.82005000e-08  1.00629734e+00  1.82005000e-08  1.99138859e-06 
 1.82015000e-08  2.65544039e-04  1.82015000e-08  9.61125663e-01  1.82015000e-08  4.26613302e-06 
 1.82025000e-08  7.08234153e-04  1.82025000e-08  9.15546411e-01  1.82025000e-08  5.22998356e-06 
 1.82865000e-08  9.38328445e-01  1.82865000e-08  2.93167866e-03  1.82865000e-08  4.91142549e-05 
 1.82875000e-08  9.75374696e-01  1.82875000e-08  2.85388201e-03  1.82875000e-08  5.66761026e-05 
 1.82885000e-08  1.01216450e+00  1.82885000e-08  2.77725752e-03  1.82885000e-08  6.29147984e-05 
 1.82895000e-08  1.04860754e+00  1.82895000e-08  2.71782323e-03  1.82895000e-08  7.48435181e-05 
 1.82905000e-08  1.08466991e+00  1.82905000e-08  2.64744378e-03  1.82905000e-08  7.68607811e-05 
 1.82915000e-08  1.12042986e+00  1.82915000e-08  2.57527558e-03  1.82915000e-08  7.68054931e-05 
 1.86225000e-08  1.94999988e+00  1.86225000e-08  8.26233260e-01  1.86225000e-08 -6.38685919e-05 
 1.86235000e-08  1.94999973e+00  1.86235000e-08  8.96727320e-01  1.86235000e-08 -1.00830411e-04 
 1.86245000e-08  1.94999992e+00  1.86245000e-08  9.66703648e-01  1.86245000e-08 -1.30814918e-04 
 1.86255000e-08  1.94999976e+00  1.86255000e-08  1.03603263e+00  1.86255000e-08 -1.49183144e-04 
 1.86265000e-08  1.94999994e+00  1.86265000e-08  1.10475646e+00  1.86265000e-08 -1.62547403e-04 
 1.86275000e-08  1.94999977e+00  1.86275000e-08  1.17299645e+00  1.86275000e-08 -1.81253233e-04 
 1.87425000e-08  1.94975825e+00  1.87425000e-08  1.94988398e+00  1.87425000e-08  8.86014457e-01 
 1.87435000e-08  1.94940207e+00  1.87435000e-08  1.94988943e+00  1.87435000e-08  9.46499598e-01 
 1.87445000e-08  1.94903175e+00  1.87445000e-08  1.94989912e+00  1.87445000e-08  1.00619340e+00 
 1.87455000e-08  1.94861642e+00  1.87455000e-08  1.94990272e+00  1.87455000e-08  1.06780502e+00 
 1.87465000e-08  1.94816062e+00  1.87465000e-08  1.94991284e+00  1.87465000e-08  1.13502309e+00 
 1.87475000e-08  1.94768807e+00  1.87475000e-08  1.94990407e+00  1.87475000e-08  1.20843346e+00 
 1.88225000e-08  1.15165994e+00  1.88225000e-08  1.94997842e+00  1.88225000e-08  1.94943093e+00 
 1.88235000e-08  1.09934690e+00  1.88235000e-08  1.94997847e+00  1.88235000e-08  1.94950851e+00 
 1.88245000e-08  1.04714635e+00  1.88245000e-08  1.94997954e+00  1.88245000e-08  1.94950627e+00 
 1.88255000e-08  9.94965938e-01  1.88255000e-08  1.94997954e+00  1.88255000e-08  1.94957698e+00 
 1.88265000e-08  9.42764955e-01  1.88265000e-08  1.94998053e+00  1.88265000e-08  1.94957105e+00 
 1.88275000e-08  8.90484695e-01  1.88275000e-08  1.94998050e+00  1.88275000e-08  1.94963573e+00 
 1.93195000e-08 -7.31774586e-04  1.93195000e-08  1.13955009e+00  1.93195000e-08  1.94995873e+00 
 1.93205000e-08 -6.13144864e-04  1.93205000e-08  1.09569094e+00  1.93205000e-08  1.94995784e+00 
 1.93215000e-08 -4.09775442e-04  1.93215000e-08  1.05138320e+00  1.93215000e-08  1.94996057e+00 
 1.93225000e-08 -1.19553795e-04  1.93225000e-08  1.00664508e+00  1.93225000e-08  1.94996657e+00 
 1.93235000e-08  2.49663114e-04  1.93235000e-08  9.61476922e-01  1.93235000e-08  1.94997747e+00 
 1.93245000e-08  6.89426210e-04  1.93245000e-08  9.15900699e-01  1.93245000e-08  1.94999227e+00 
 1.94085000e-08  9.36871437e-01  1.94085000e-08  2.46936850e-03  1.94085000e-08  1.95054297e+00 
 1.94095000e-08  9.73926226e-01  1.94095000e-08  2.37256506e-03  1.94095000e-08  1.95046757e+00 
 1.94105000e-08  1.01072821e+00  1.94105000e-08  2.27299746e-03  1.94105000e-08  1.95039804e+00 
 1.94115000e-08  1.04718623e+00  1.94115000e-08  2.18445135e-03  1.94115000e-08  1.95033237e+00 
 1.94125000e-08  1.08326286e+00  1.94125000e-08  2.09418040e-03  1.94125000e-08  1.95027151e+00 
 1.94135000e-08  1.11902717e+00  1.94135000e-08  2.01542567e-03  1.94135000e-08  1.95021443e+00 
 1.97445000e-08  1.94999986e+00  1.97445000e-08  8.24839533e-01  1.97445000e-08  1.95000854e+00 
 1.97455000e-08  1.94999967e+00  1.97455000e-08  8.95267822e-01  1.97455000e-08  1.94991334e+00 
 1.97465000e-08  1.94999990e+00  1.97465000e-08  9.65054677e-01  1.97465000e-08  1.94979889e+00 
 1.97475000e-08  1.94999969e+00  1.97475000e-08  1.03405226e+00  1.97475000e-08  1.94967082e+00 
 1.97485000e-08  1.94999989e+00  1.97485000e-08  1.10229554e+00  1.97485000e-08  1.94954784e+00 
 1.97495000e-08  1.94999968e+00  1.97495000e-08  1.16994749e+00  1.97495000e-08  1.94942732e+00 
 1.98785000e-08  1.94203137e+00  1.98785000e-08  1.94993718e+00  1.98785000e-08  1.18554318e+00 
 1.98795000e-08  1.94135645e+00  1.98795000e-08  1.94996623e+00  1.98795000e-08  1.12800871e+00 
 1.98805000e-08  1.94058949e+00  1.98805000e-08  1.94999593e+00  1.98805000e-08  1.07034486e+00 
 1.98815000e-08  1.93967022e+00  1.98815000e-08  1.95002235e+00  1.98815000e-08  1.01236066e+00 
 1.98825000e-08  1.93853323e+00  1.98825000e-08  1.95004672e+00  1.98825000e-08  9.53926863e-01 
 1.98835000e-08  1.93713332e+00  1.98835000e-08  1.95006058e+00  1.98835000e-08  8.94892363e-01 
 1.99445000e-08  1.15388936e+00  1.99445000e-08  1.94999302e+00  1.99445000e-08  2.83650781e-03 
 1.99455000e-08  1.10157213e+00  1.99455000e-08  1.94999156e+00  1.99455000e-08  2.75137082e-03 
 1.99465000e-08  1.04936761e+00  1.99465000e-08  1.94999129e+00  1.99465000e-08  2.64962174e-03 
 1.99475000e-08  9.97187843e-01  1.99475000e-08  1.94999013e+00  1.99475000e-08  2.57333486e-03 
 1.99485000e-08  9.44988660e-01  1.99485000e-08  1.94999008e+00  1.99485000e-08  2.47950518e-03 
 1.99495000e-08  8.92712619e-01  1.99495000e-08  1.94998915e+00  1.99495000e-08  2.41058015e-03 
 2.04415000e-08 -7.32578123e-04  2.04415000e-08  1.14122387e+00  2.04415000e-08 -8.31194792e-07 
 2.04425000e-08 -6.14724425e-04  2.04425000e-08  1.09738086e+00  2.04425000e-08 -8.32680578e-07 
 2.04435000e-08 -4.12212257e-04  2.04435000e-08  1.05308856e+00  2.04435000e-08  1.28545702e-06 
 2.04445000e-08 -1.22867064e-04  2.04445000e-08  1.00836637e+00  2.04445000e-08  1.89844970e-06 
 2.04455000e-08  2.45719689e-04  2.04455000e-08  9.63213639e-01  2.04455000e-08  4.20468883e-06 
 2.04465000e-08  6.84749523e-04  2.04465000e-08  9.17653317e-01  2.04465000e-08  5.13196352e-06 
 2.05305000e-08  9.36477520e-01  2.05305000e-08  2.93561786e-03  2.05305000e-08  4.88780277e-05 
 2.05315000e-08  9.73534314e-01  2.05315000e-08  2.85741568e-03  2.05315000e-08  5.63379998e-05 
 2.05325000e-08  1.01033938e+00  2.05325000e-08  2.78043336e-03  2.05325000e-08  6.25097804e-05 
 2.05335000e-08  1.04680133e+00  2.05335000e-08  2.72060529e-03  2.05335000e-08  7.43906388e-05 
 2.05345000e-08  1.08288174e+00  2.05345000e-08  2.65078947e-03  2.05345000e-08  7.68963165e-05 
 2.05355000e-08  1.11865321e+00  2.05355000e-08  2.57882479e-03  2.05355000e-08  7.68727936e-05 
 2.08665000e-08  1.94999980e+00  2.08665000e-08  8.22422425e-01  2.08665000e-08 -6.17858173e-05 
 2.08675000e-08  1.94999960e+00  2.08675000e-08  8.92941101e-01  2.08675000e-08 -9.88665248e-05 
 2.08685000e-08  1.94999985e+00  2.08685000e-08  9.62952290e-01  2.08685000e-08 -1.29664242e-04 
 2.08695000e-08  1.94999965e+00  2.08695000e-08  1.03231992e+00  2.08695000e-08 -1.48300921e-04 
 2.08705000e-08  1.94999989e+00  2.08705000e-08  1.10107428e+00  2.08705000e-08 -1.61825345e-04 
 2.08715000e-08  1.94999967e+00  2.08715000e-08  1.16933223e+00  2.08715000e-08 -1.80066847e-04 
 2.09865000e-08  1.94977684e+00  2.09865000e-08  1.94988348e+00  2.09865000e-08  8.82742288e-01 
 2.09875000e-08  1.94942173e+00  2.09875000e-08  1.94988913e+00  2.09875000e-08  9.43299159e-01 
 2.09885000e-08  1.94905201e+00  2.09885000e-08  1.94989864e+00  2.09885000e-08  1.00300076e+00 
 2.09895000e-08  1.94864104e+00  2.09895000e-08  1.94990220e+00  2.09895000e-08  1.06442432e+00 
 2.09905000e-08  1.94818530e+00  2.09905000e-08  1.94991322e+00  2.09905000e-08  1.13118260e+00 
 2.09915000e-08  1.94771448e+00  2.09915000e-08  1.94990411e+00  2.09915000e-08  1.20453874e+00 
 2.10665000e-08  1.15448656e+00  2.10665000e-08  1.94997836e+00  2.10665000e-08  1.94942661e+00 
 2.10675000e-08  1.10216816e+00  2.10675000e-08  1.94997846e+00  2.10675000e-08  1.94950864e+00 
 2.10685000e-08  1.04996251e+00  2.10685000e-08  1.94997948e+00  2.10685000e-08  1.94950233e+00 
 2.10695000e-08  9.97782834e-01  2.10695000e-08  1.94997954e+00  2.10695000e-08  1.94957731e+00 
 2.10705000e-08  9.45584040e-01  2.10705000e-08  1.94998048e+00  2.10705000e-08  1.94956745e+00 
 2.10715000e-08  8.93309035e-01  2.10715000e-08  1.94998050e+00  2.10715000e-08  1.94963623e+00 
 2.15635000e-08 -7.36001346e-04  2.15635000e-08  1.14153210e+00  2.15635000e-08  1.94995882e+00 
 2.15645000e-08 -6.21472490e-04  2.15645000e-08  1.09769365e+00  2.15645000e-08  1.94995781e+00 
 2.15655000e-08 -4.22687607e-04  2.15655000e-08  1.05340550e+00  2.15655000e-08  1.94996038e+00 
 2.15665000e-08 -1.37127341e-04  2.15665000e-08  1.00868729e+00  2.15665000e-08  1.94996619e+00 
 2.15675000e-08  2.28699908e-04  2.15675000e-08  9.63537859e-01  2.15675000e-08  1.94997689e+00 
 2.15685000e-08  6.64546594e-04  2.15685000e-08  9.17980358e-01  2.15685000e-08  1.94999149e+00 
 2.16525000e-08  9.34892117e-01  2.16525000e-08  2.47426616e-03  2.16525000e-08  1.95054679e+00 
 2.16535000e-08  9.71957966e-01  2.16535000e-08  2.37684941e-03  2.16535000e-08  1.95047069e+00 
 2.16545000e-08  1.00877602e+00  2.16545000e-08  2.27753357e-03  2.16545000e-08  1.95040135e+00 
 2.16555000e-08  1.04525418e+00  2.16555000e-08  2.18834031e-03  2.16555000e-08  1.95033509e+00 
 2.16565000e-08  1.08135023e+00  2.16565000e-08  2.09827163e-03  2.16565000e-08  1.95027443e+00 
 2.16575000e-08  1.11712726e+00  2.16575000e-08  2.01886206e-03  2.16575000e-08  1.95021675e+00 
 2.19885000e-08  1.94999978e+00  2.19885000e-08  8.20907783e-01  2.19885000e-08  1.95001442e+00 
 2.19895000e-08  1.94999954e+00  2.19895000e-08  8.91368908e-01  2.19895000e-08  1.94991904e+00 
 2.19905000e-08  1.94999983e+00  2.19905000e-08  9.61195329e-01  2.19905000e-08  1.94980562e+00 
 2.19915000e-08  1.94999956e+00  2.19915000e-08  1.03023853e+00  2.19915000e-08  1.94967794e+00 
 2.19925000e-08  1.94999981e+00  2.19925000e-08  1.09852086e+00  2.19925000e-08  1.94955374e+00 
 2.19935000e-08  1.94999954e+00  2.19935000e-08  1.16619572e+00  2.19935000e-08  1.94943476e+00 
 2.21225000e-08  1.94206352e+00  2.21225000e-08  1.94993538e+00  2.21225000e-08  1.18872774e+00 
 2.21235000e-08  1.94139197e+00  2.21235000e-08  1.94996469e+00  2.21235000e-08  1.13119451e+00 
 2.21245000e-08  1.94063117e+00  2.21245000e-08  1.94999434e+00  2.21245000e-08  1.07354538e+00 
 2.21255000e-08  1.93972110e+00  2.21255000e-08  1.95002100e+00  2.21255000e-08  1.01558024e+00 
 2.21265000e-08  1.93859668e+00  2.21265000e-08  1.95004550e+00  2.21265000e-08  9.57178043e-01 
 2.21275000e-08  1.93721019e+00  2.21275000e-08  1.95006001e+00  2.21275000e-08  8.98176792e-01 
 2.21885000e-08  1.15653885e+00  2.21885000e-08  1.94999309e+00  2.21885000e-08  2.83977129e-03 
 2.21895000e-08  1.10421659e+00  2.21895000e-08  1.94999160e+00  2.21895000e-08  2.75873711e-03 
 2.21905000e-08  1.05200723e+00  2.21905000e-08  1.94999134e+00  2.21905000e-08  2.65239581e-03 
 2.21915000e-08  9.99828081e-01  2.21915000e-08  1.94999016e+00  2.21915000e-08  2.58021407e-03 
 2.21925000e-08  9.47630899e-01  2.21925000e-08  1.94999011e+00  2.21925000e-08  2.48187943e-03 
 2.21935000e-08  8.95359776e-01  2.21935000e-08  1.94998917e+00  2.21935000e-08  2.41704614e-03 
 2.26855000e-08 -7.36751422e-04  2.26855000e-08  1.14319190e+00  2.26855000e-08 -8.31330246e-07 
 2.26865000e-08 -6.22942172e-04  2.26865000e-08  1.09936945e+00  2.26865000e-08 -8.94922063e-07 
 2.26875000e-08 -4.25001478e-04  2.26875000e-08  1.05509661e+00  2.26875000e-08  1.25732592e-06 
 2.26885000e-08 -1.40268707e-04  2.26885000e-08  1.01039420e+00  2.26885000e-08  1.80794948e-06 
 2.26895000e-08  2.24927395e-04  2.26895000e-08  9.65260061e-01  2.26895000e-08  4.14546448e-06 
 2.26905000e-08  6.60075728e-04  2.26905000e-08  9.19718336e-01  2.26905000e-08  5.03607150e-06 
 2.27745000e-08  9.34504019e-01  2.27745000e-08  2.93961668e-03  2.27745000e-08  4.86869482e-05 
 2.27755000e-08  9.71573458e-01  2.27755000e-08  2.86083755e-03  2.27755000e-08  5.59878122e-05 
 2.27765000e-08  1.00839560e+00  2.27765000e-08  2.78371980e-03  2.27765000e-08  6.21778771e-05 
 2.27775000e-08  1.04487699e+00  2.27775000e-08  2.72320990e-03  2.27775000e-08  7.38810966e-05 
 2.27785000e-08  1.08097647e+00  2.27785000e-08  2.65415573e-03  2.27785000e-08  7.69667840e-05 
 2.27795000e-08  1.11676053e+00  2.27795000e-08  2.58219163e-03  2.27795000e-08  7.69016686e-05 
 2.31105000e-08  1.94999982e+00  2.31105000e-08  8.18601001e-01  2.31105000e-08 -5.96899932e-05 
 2.31115000e-08  1.94999956e+00  2.31115000e-08  8.89144524e-01  2.31115000e-08 -9.68855019e-05 
 2.31125000e-08  1.94999986e+00  2.31125000e-08  9.59186755e-01  2.31125000e-08 -1.28401258e-04 
 2.31135000e-08  1.94999961e+00  2.31135000e-08  1.02859068e+00  2.31135000e-08 -1.47371152e-04 
 2.31145000e-08  1.94999990e+00  2.31145000e-08  1.09737577e+00  2.31145000e-08 -1.61125796e-04 
 2.31155000e-08  1.94999963e+00  2.31155000e-08  1.16565324e+00  2.31155000e-08 -1.78922226e-04 
 2.32305000e-08  1.94979472e+00  2.32305000e-08  1.94988294e+00  2.32305000e-08  8.79303148e-01 
 2.32315000e-08  1.94944066e+00  2.32315000e-08  1.94988884e+00  2.32315000e-08  9.39936196e-01 
 2.32325000e-08  1.94907155e+00  2.32325000e-08  1.94989810e+00  2.32325000e-08  9.99651136e-01 
 2.32335000e-08  1.94866473e+00  2.32335000e-08  1.94990218e+00  2.32335000e-08  1.06080821e+00 
 2.32345000e-08  1.94820901e+00  2.32345000e-08  1.94991282e+00  2.32345000e-08  1.12719286e+00 
 2.32355000e-08  1.94773979e+00  2.32355000e-08  1.94990426e+00  2.32355000e-08  1.20041724e+00 
 2.33105000e-08  1.15722271e+00  2.33105000e-08  1.94997831e+00  2.33105000e-08  1.94942606e+00 
 2.33115000e-08  1.10489909e+00  2.33115000e-08  1.94997845e+00  2.33115000e-08  1.94950511e+00 
 2.33125000e-08  1.05268841e+00  2.33125000e-08  1.94997944e+00  2.33125000e-08  1.94950202e+00 
 2.33135000e-08  1.00050933e+00  2.33135000e-08  1.94997953e+00  2.33135000e-08  1.94957412e+00 
 2.33145000e-08  9.48312570e-01  2.33145000e-08  1.94998044e+00  2.33145000e-08  1.94956735e+00 
 2.33155000e-08  8.96042645e-01  2.33155000e-08  1.94998049e+00  2.33155000e-08  1.94963336e+00 
 2.38075000e-08 -7.40093278e-04  2.38075000e-08  1.14359093e+00  2.38075000e-08  1.94995887e+00 
 2.38085000e-08 -6.29548394e-04  2.38085000e-08  1.09977400e+00  2.38085000e-08  1.94995782e+00 
 2.38095000e-08 -4.35438095e-04  2.38095000e-08  1.05550622e+00  2.38095000e-08  1.94996016e+00 
 2.38105000e-08 -1.54484402e-04  2.38105000e-08  1.01080874e+00  2.38105000e-08  1.94996584e+00 
 2.38115000e-08  2.07706148e-04  2.38115000e-08  9.65678789e-01  2.38115000e-08  1.94997626e+00 
 2.38125000e-08  6.39718155e-04  2.38125000e-08  9.20140779e-01  2.38125000e-08  1.94999072e+00 
 2.38965000e-08  9.32707185e-01  2.38965000e-08  2.47944298e-03  2.38965000e-08  1.95055081e+00 
 2.38975000e-08  9.69784919e-01  2.38975000e-08  2.38130503e-03  2.38975000e-08  1.95047406e+00 
 2.38985000e-08  1.00662035e+00  2.38985000e-08  2.28233283e-03  2.38985000e-08  1.95040481e+00 
 2.38995000e-08  1.04312059e+00  2.38995000e-08  2.19238395e-03  2.38995000e-08  1.95033803e+00 
 2.39005000e-08  1.07923211e+00  2.39005000e-08  2.10260331e-03  2.39005000e-08  1.95027747e+00 
 2.39015000e-08  1.11501765e+00  2.39015000e-08  2.02242895e-03  2.39015000e-08  1.95021927e+00 
 2.42335000e-08  1.94999944e+00  2.42335000e-08  8.87146751e-01  2.42335000e-08  1.94992514e+00 
 2.42345000e-08  1.94999978e+00  2.42345000e-08  9.57015680e-01  2.42345000e-08  1.94981286e+00 
 2.42355000e-08  1.94999947e+00  2.42355000e-08  1.02610803e+00  2.42355000e-08  1.94968565e+00 
 2.42365000e-08  1.94999976e+00  2.42365000e-08  1.09443331e+00  2.42365000e-08  1.94956011e+00 
 2.42375000e-08  1.94999945e+00  2.42375000e-08  1.16213437e+00  2.42375000e-08  1.94944274e+00 
 2.42385000e-08  1.94999972e+00  2.42385000e-08  1.22969094e+00  2.42385000e-08  1.94930079e+00 
 2.43665000e-08  1.94209996e+00  2.43665000e-08  1.94993340e+00  2.43665000e-08  1.19229032e+00 
 2.43675000e-08  1.94143205e+00  2.43675000e-08  1.94996294e+00  2.43675000e-08  1.13475790e+00 
 2.43685000e-08  1.94067799e+00  2.43685000e-08  1.94999259e+00  2.43685000e-08  1.07712437e+00 
 2.43695000e-08  1.93977800e+00  2.43695000e-08  1.95001951e+00  2.43695000e-08  1.01917975e+00 
 2.43705000e-08  1.93866755e+00  2.43705000e-08  1.95004422e+00  2.43705000e-08  9.60811949e-01 
 2.43715000e-08  1.93729653e+00  2.43715000e-08  1.95005932e+00  2.43715000e-08  9.01847248e-01 
 2.44325000e-08  1.15953180e+00  2.44325000e-08  1.94999317e+00  2.44325000e-08  2.84387742e-03 
 2.44335000e-08  1.10720376e+00  2.44335000e-08  1.94999163e+00  2.44335000e-08  2.76634862e-03 
 2.44345000e-08  1.05498876e+00  2.44345000e-08  1.94999140e+00  2.44345000e-08  2.65595808e-03 
 2.44355000e-08  1.00281014e+00  2.44355000e-08  1.94999018e+00  2.44355000e-08  2.58729087e-03 
 2.44365000e-08  9.50615060e-01  2.44365000e-08  1.94999016e+00  2.44365000e-08  2.48499657e-03 
 2.44375000e-08  8.98349423e-01  2.44375000e-08  1.94998917e+00  2.44375000e-08  2.42367046e-03 
 2.49295000e-08 -7.41601410e-04  2.49295000e-08  1.14541757e+00  2.49295000e-08 -8.57387887e-07 
 2.49305000e-08 -6.32551837e-04  2.49305000e-08  1.10161841e+00  2.49305000e-08 -9.43016779e-07 
 2.49315000e-08 -4.40219418e-04  2.49315000e-08  1.05736761e+00  2.49315000e-08  1.19704294e-06 
 2.49325000e-08 -1.61013217e-04  2.49325000e-08  1.01268760e+00  2.49325000e-08  1.72090720e-06 
 2.49335000e-08  1.99733045e-04  2.49335000e-08  9.67574539e-01  2.49335000e-08  4.05494668e-06 
 2.49345000e-08  6.30307673e-04  2.49345000e-08  9.22053894e-01  2.49345000e-08  4.94749461e-06 
 2.50185000e-08  9.31961696e-01  2.50185000e-08  2.94418157e-03  2.50185000e-08  4.85180983e-05 
 2.50195000e-08  9.69043536e-01  2.50195000e-08  2.86469109e-03  2.50195000e-08  5.55323163e-05 
 2.50205000e-08  1.00588455e+00  2.50205000e-08  2.78740367e-03  2.50205000e-08  6.18209827e-05 
 2.50215000e-08  1.04239213e+00  2.50215000e-08  2.72615173e-03  2.50215000e-08  7.32557436e-05 
 2.50225000e-08  1.07851714e+00  2.50225000e-08  2.65795733e-03  2.50225000e-08  7.70773246e-05 
 2.50235000e-08  1.11431863e+00  2.50235000e-08  2.58599781e-03  2.50235000e-08  7.68945113e-05 
 2.53555000e-08  1.94999950e+00  2.53555000e-08  8.84242403e-01  2.53555000e-08 -9.42952341e-05 
 2.53565000e-08  1.94999983e+00  2.53565000e-08  9.54321092e-01  2.53565000e-08 -1.27727812e-04 
 2.53575000e-08  1.94999954e+00  2.53575000e-08  1.02376884e+00  2.53575000e-08 -1.47309265e-04 
 2.53585000e-08  1.94999986e+00  2.53585000e-08  1.09259426e+00  2.53585000e-08 -1.60387634e-04 
 2.53595000e-08  1.94999956e+00  2.53595000e-08  1.16089828e+00  2.53595000e-08 -1.77455997e-04 
 2.53605000e-08  1.94999983e+00  2.53605000e-08  1.22899463e+00  2.53605000e-08 -1.99394576e-04 
 2.54745000e-08  1.94981762e+00  2.54745000e-08  1.94988227e+00  2.54745000e-08  8.75073073e-01 
 2.54755000e-08  1.94946497e+00  2.54755000e-08  1.94988850e+00  2.54755000e-08  9.35801858e-01 
 2.54765000e-08  1.94909665e+00  2.54765000e-08  1.94989740e+00  2.54765000e-08  9.95540589e-01 
 2.54775000e-08  1.94869510e+00  2.54775000e-08  1.94990214e+00  2.54775000e-08  1.05641362e+00 
 2.54785000e-08  1.94823934e+00  2.54785000e-08  1.94991228e+00  2.54785000e-08  1.12232562e+00 
 2.54795000e-08  1.94777210e+00  2.54795000e-08  1.94990451e+00  2.54795000e-08  1.19534972e+00 
 2.55275000e-08  2.05287103e+00  2.55275000e-08  1.94990918e+00  2.55275000e-08  1.94562184e+00 
 2.55545000e-08  1.16065416e+00  2.55545000e-08  1.94997824e+00  2.55545000e-08  1.94942526e+00 
 2.55555000e-08  1.10832388e+00  2.55555000e-08  1.94997843e+00  2.55555000e-08  1.94950052e+00 
 2.55565000e-08  1.05610666e+00  2.55565000e-08  1.94997938e+00  2.55565000e-08  1.94950155e+00 
 2.55575000e-08  1.00392813e+00  2.55575000e-08  1.94997951e+00  2.55575000e-08  1.94956997e+00 
 2.55585000e-08  9.51733711e-01  2.55585000e-08  1.94998039e+00  2.55585000e-08  1.94956715e+00 
 2.55595000e-08  8.99470050e-01  2.55595000e-08  1.94998048e+00  2.55595000e-08  1.94962959e+00 
 2.60515000e-08 -7.44818395e-04  2.60515000e-08  1.14639938e+00  2.60515000e-08  1.94995896e+00 
 2.60525000e-08 -6.39026983e-04  2.60525000e-08  1.10261185e+00  2.60525000e-08  1.94995784e+00 
 2.60535000e-08 -4.50580635e-04  2.60535000e-08  1.05837191e+00  2.60535000e-08  1.94995987e+00 
 2.60545000e-08 -1.75214982e-04  2.60545000e-08  1.01370274e+00  2.60545000e-08  1.94996538e+00 
 2.60555000e-08  1.82358617e-04  2.60555000e-08  9.68599428e-01  2.60555000e-08  1.94997543e+00 
 2.60565000e-08  6.09751293e-04  2.60565000e-08  9.23088076e-01  2.60565000e-08  1.94998968e+00 
 2.61405000e-08  9.30321738e-01  2.61405000e-08  2.48640232e-03  2.61405000e-08  1.95055593e+00 
 2.61415000e-08  9.67412105e-01  2.61415000e-08  2.38730481e-03  2.61415000e-08  1.95047866e+00 
 2.61425000e-08  1.00426610e+00  2.61425000e-08  2.28878954e-03  2.61425000e-08  1.95040918e+00 
 2.61435000e-08  1.04079027e+00  2.61435000e-08  2.19783702e-03  2.61435000e-08  1.95034207e+00 
 2.61445000e-08  1.07692552e+00  2.61445000e-08  2.10843923e-03  2.61445000e-08  1.95028130e+00 
 2.61455000e-08  1.11272759e+00  2.61455000e-08  2.02724903e-03  2.61455000e-08  1.95022275e+00 
 2.64775000e-08  1.94999951e+00  2.64775000e-08  8.82676692e-01  2.64775000e-08  1.94993155e+00 
 2.64785000e-08  1.94999984e+00  2.64785000e-08  9.52589713e-01  2.64785000e-08  1.94982049e+00 
 2.64795000e-08  1.94999953e+00  2.64795000e-08  1.02173337e+00  2.64795000e-08  1.94969381e+00 
 2.64805000e-08  1.94999982e+00  2.64805000e-08  1.09010454e+00  2.64805000e-08  1.94956682e+00 
 2.64815000e-08  1.94999951e+00  2.64815000e-08  1.15783483e+00  2.64815000e-08  1.94945118e+00 
 2.64825000e-08  1.94999978e+00  2.64825000e-08  1.22537849e+00  2.64825000e-08  1.94931068e+00 
 2.66105000e-08  1.94213940e+00  2.66105000e-08  1.94993155e+00  2.66105000e-08  1.19585262e+00 
 2.66115000e-08  1.94147587e+00  2.66115000e-08  1.94996119e+00  2.66115000e-08  1.13832109e+00 
 2.66125000e-08  1.94072932e+00  2.66125000e-08  1.94999077e+00  2.66125000e-08  1.08070314e+00 
 2.66135000e-08  1.93984049e+00  2.66135000e-08  1.95001785e+00  2.66135000e-08  1.02277933e+00 
 2.66145000e-08  1.93874543e+00  2.66145000e-08  1.95004277e+00  2.66145000e-08  9.64446672e-01 
 2.66155000e-08  1.93739129e+00  2.66155000e-08  1.95005854e+00  2.66155000e-08  9.05519550e-01 
 2.66765000e-08  1.16284365e+00  2.66765000e-08  1.94999322e+00  2.66765000e-08  2.85249567e-03 
 2.66775000e-08  1.11050904e+00  2.66775000e-08  1.94999170e+00  2.66775000e-08  2.76977880e-03 
 2.66785000e-08  1.05828753e+00  2.66785000e-08  1.94999144e+00  2.66785000e-08  2.66397899e-03 
 2.66795000e-08  1.00610925e+00  2.66795000e-08  1.94999023e+00  2.66795000e-08  2.59023541e-03 
 2.66805000e-08  9.53916233e-01  2.66805000e-08  1.94999019e+00  2.66805000e-08  2.49252399e-03 
 2.66815000e-08  9.01656526e-01  2.66815000e-08  1.94998920e+00  2.66815000e-08  2.42614212e-03 
 2.71735000e-08 -7.46529142e-04  2.71735000e-08  1.14807586e+00  2.71735000e-08 -1.03102044e-06 
 2.71745000e-08 -6.42505847e-04  2.71745000e-08  1.10430456e+00  2.71745000e-08 -8.79765280e-07 
 2.71755000e-08 -4.56188754e-04  2.71755000e-08  1.06008011e+00  2.71755000e-08  9.70018696e-07 
 2.71765000e-08 -1.82928292e-04  2.71765000e-08  1.01542692e+00  2.71765000e-08  1.70157149e-06 
 2.71775000e-08  1.72895168e-04  2.71775000e-08  9.70339077e-01  2.71775000e-08  3.82133959e-06 
 2.71785000e-08  5.98532056e-04  2.71785000e-08  9.24843672e-01  2.71785000e-08  4.95232687e-06 
 2.72625000e-08  9.29429743e-01  2.72625000e-08  2.94959050e-03  2.72625000e-08  4.83324324e-05 
 2.72635000e-08  9.66524995e-01  2.72635000e-08  2.86928692e-03  2.72635000e-08  5.49543968e-05 
 2.72645000e-08  1.00338550e+00  2.72645000e-08  2.79189619e-03  2.72645000e-08  6.14840784e-05 
 2.72655000e-08  1.03991836e+00  2.72655000e-08  2.72964279e-03  2.72655000e-08  7.24408438e-05 
 2.72665000e-08  1.07606877e+00  2.72665000e-08  2.66246843e-03  2.72665000e-08  7.72309128e-05 
 2.72675000e-08  1.11188823e+00  2.72675000e-08  2.59050307e-03  2.72675000e-08  7.68337484e-05 
 2.75995000e-08  1.94999948e+00  2.75995000e-08  8.79544970e-01  2.75995000e-08 -9.18016330e-05 
 2.76005000e-08  1.94999981e+00  2.76005000e-08  9.49660641e-01  2.76005000e-08 -1.25729916e-04 
 2.76015000e-08  1.94999953e+00  2.76015000e-08  1.01915277e+00  2.76015000e-08 -1.45759903e-04 
 2.76025000e-08  1.94999984e+00  2.76025000e-08  1.08801105e+00  2.76025000e-08 -1.59452228e-04 
 2.76035000e-08  1.94999957e+00  2.76035000e-08  1.15634827e+00  2.76035000e-08 -1.76091398e-04 
 2.76045000e-08  1.94999987e+00  2.76045000e-08  1.22445934e+00  2.76045000e-08 -1.98069748e-04 
 2.77185000e-08  1.94984262e+00  2.77185000e-08  1.94988161e+00  2.77185000e-08  8.70992726e-01 
 2.77195000e-08  1.94949155e+00  2.77195000e-08  1.94988818e+00  2.77195000e-08  9.31816274e-01 
 2.77205000e-08  1.94912407e+00  2.77205000e-08  1.94989672e+00  2.77205000e-08  9.91585230e-01 
 2.77215000e-08  1.94872824e+00  2.77215000e-08  1.94990208e+00  2.77215000e-08  1.05222411e+00 
 2.77225000e-08  1.94827235e+00  2.77225000e-08  1.94991172e+00  2.77225000e-08  1.11767823e+00 
 2.77235000e-08  1.94780717e+00  2.77235000e-08  1.94990485e+00  2.77235000e-08  1.19046443e+00 
 2.77985000e-08  1.16445260e+00  2.77985000e-08  1.94997818e+00  2.77985000e-08  1.94942455e+00 
 2.77995000e-08  1.11211477e+00  2.77995000e-08  1.94997842e+00  2.77995000e-08  1.94949586e+00 
 2.78005000e-08  1.05989003e+00  2.78005000e-08  1.94997932e+00  2.78005000e-08  1.94950116e+00 
 2.78015000e-08  1.00771181e+00  2.78015000e-08  1.94997950e+00  2.78015000e-08  1.94956574e+00 
 2.78025000e-08  9.55519710e-01  2.78025000e-08  1.94998033e+00  2.78025000e-08  1.94956703e+00 
 2.78035000e-08  9.03262857e-01  2.78035000e-08  1.94998047e+00  2.78035000e-08  1.94962574e+00 
 2.82955000e-08 -7.49923009e-04  2.82955000e-08  1.14939377e+00  2.82955000e-08  1.94995907e+00 
 2.82965000e-08 -6.49488907e-04  2.82965000e-08  1.10563815e+00  2.82965000e-08  1.94995786e+00 
 2.82975000e-08 -4.67518966e-04  2.82975000e-08  1.06142845e+00  2.82975000e-08  1.94995959e+00 
 2.82985000e-08 -1.98577512e-04  2.82985000e-08  1.01678998e+00  2.82985000e-08  1.94996489e+00 
 2.82995000e-08  1.53650552e-04  2.82995000e-08  9.71715607e-01  2.82995000e-08  1.94997457e+00 
 2.83005000e-08  5.75658888e-04  2.83005000e-08  9.26233176e-01  2.83005000e-08  1.94998859e+00 
 2.83845000e-08  9.27603907e-01  2.83845000e-08  2.49374953e-03  2.83845000e-08  1.95056135e+00 
 2.83855000e-08  9.64708837e-01  2.83855000e-08  2.39365137e-03  2.83855000e-08  1.95048354e+00 
 2.83865000e-08  1.00158322e+00  2.83865000e-08  2.29561407e-03  2.83865000e-08  1.95041382e+00 
 2.83875000e-08  1.03813424e+00  2.83875000e-08  2.20360843e-03  2.83875000e-08  1.95034635e+00 
 2.83885000e-08  1.07429669e+00  2.83885000e-08  2.11460959e-03  2.83885000e-08  1.95028536e+00 
 2.83895000e-08  1.11011836e+00  2.83895000e-08  2.03235414e-03  2.83895000e-08  1.95022645e+00 
 2.87215000e-08  1.94999948e+00  2.87215000e-08  8.77744210e-01  2.87215000e-08  1.94993855e+00 
 2.87225000e-08  1.94999981e+00  2.87225000e-08  9.47705520e-01  2.87225000e-08  1.94982887e+00 
 2.87235000e-08  1.94999951e+00  2.87235000e-08  1.01690579e+00  2.87235000e-08  1.94970279e+00 
 2.87245000e-08  1.94999979e+00  2.87245000e-08  1.08531876e+00  2.87245000e-08  1.94957461e+00 
 2.87255000e-08  1.94999951e+00  2.87255000e-08  1.15308887e+00  2.87255000e-08  1.94945991e+00 
 2.87265000e-08  1.94999981e+00  2.87265000e-08  1.22063792e+00  2.87265000e-08  1.94932102e+00 
 2.88555000e-08  1.94152772e+00  2.88555000e-08  1.94995920e+00  2.88555000e-08  1.14233828e+00 
 2.88565000e-08  1.94078929e+00  2.88565000e-08  1.94998875e+00  2.88565000e-08  1.08473644e+00 
 2.88575000e-08  1.93991311e+00  2.88575000e-08  1.95001606e+00  2.88575000e-08  1.02683449e+00 
 2.88585000e-08  1.93883589e+00  2.88585000e-08  1.95004119e+00  2.88585000e-08  9.68539642e-01 
 2.88595000e-08  1.93750172e+00  2.88595000e-08  1.95005772e+00  2.88595000e-08  9.09653145e-01 
 2.88605000e-08  1.93590888e+00  2.88605000e-08  1.95006935e+00  2.88605000e-08  8.50140276e-01 
 2.89205000e-08  1.16677689e+00  2.89205000e-08  1.94999327e+00  2.89205000e-08  2.86130983e-03 
 2.89215000e-08  1.11443454e+00  2.89215000e-08  1.94999178e+00  2.89215000e-08  2.77438120e-03 
 2.89225000e-08  1.06220519e+00  2.89225000e-08  1.94999147e+00  2.89225000e-08  2.67213009e-03 
 2.89235000e-08  1.01002716e+00  2.89235000e-08  1.94999029e+00  2.89235000e-08  2.59424569e-03 
 2.89245000e-08  9.57836464e-01  2.89245000e-08  1.94999021e+00  2.89245000e-08  2.50012682e-03 
 2.89255000e-08  9.05583809e-01  2.89255000e-08  1.94998925e+00  2.89255000e-08  2.42967005e-03 
 2.94175000e-08 -7.52028554e-04  2.94175000e-08  1.15131893e+00  2.94175000e-08 -1.20521182e-06 
 2.94185000e-08 -6.53880222e-04  2.94185000e-08  1.10758116e+00  2.94185000e-08 -9.18657837e-07 
 2.94195000e-08 -4.74709687e-04  2.94195000e-08  1.06338947e+00  2.94195000e-08  6.28569384e-07 
 2.94205000e-08 -2.08553142e-04  2.94205000e-08  1.01876861e+00  2.94205000e-08  1.62677477e-06 
 2.94215000e-08  1.41341172e-04  2.94215000e-08  9.73712080e-01  2.94215000e-08  3.55726562e-06 
 2.94225000e-08  5.60992777e-04  2.94225000e-08  9.28247164e-01  2.94225000e-08  4.93036920e-06 
 2.95065000e-08  9.26416833e-01  2.95065000e-08  2.95618596e-03  2.95065000e-08  4.80897242e-05 
 2.95075000e-08  9.63528333e-01  2.95075000e-08  2.87489157e-03  2.95075000e-08  5.42763629e-05 
 2.95085000e-08  1.00041183e+00  2.95085000e-08  2.79742059e-03  2.95085000e-08  6.10878613e-05 
 2.95095000e-08  1.03697479e+00  2.95095000e-08  2.73386216e-03  2.95095000e-08  7.14392182e-05 
 2.95105000e-08  1.07315588e+00  2.95105000e-08  2.66790253e-03  2.95105000e-08  7.73717739e-05 
 2.95115000e-08  1.10899799e+00  2.95115000e-08  2.59592773e-03  2.95115000e-08  7.67671500e-05 
 2.98435000e-08  1.94999947e+00  2.98435000e-08  8.74031914e-01  2.98435000e-08 -8.90447250e-05 
 2.98445000e-08  1.94999980e+00  2.98445000e-08  9.44190560e-01  2.98445000e-08 -1.23433330e-04 
 2.98455000e-08  1.94999952e+00  2.98455000e-08  1.01373480e+00  2.98455000e-08 -1.43870472e-04 
 2.98465000e-08  1.94999983e+00  2.98465000e-08  1.08263963e+00  2.98465000e-08 -1.58743698e-04 
 2.98475000e-08  1.94999956e+00  2.98475000e-08  1.15100986e+00  2.98475000e-08 -1.74002689e-04 
 2.98485000e-08  1.94999986e+00  2.98485000e-08  1.21912491e+00  2.98485000e-08 -1.96430117e-04 
 2.99625000e-08  1.94987033e+00  2.99625000e-08  1.94988083e+00  2.99625000e-08  8.66147173e-01 
 2.99635000e-08  1.94952116e+00  2.99635000e-08  1.94988783e+00  2.99635000e-08  9.27087967e-01 
 2.99645000e-08  1.94915468e+00  2.99645000e-08  1.94989589e+00  2.99645000e-08  9.86902754e-01 
 2.99655000e-08  1.94876518e+00  2.99655000e-08  1.94990199e+00  2.99655000e-08  1.04731039e+00 
 2.99665000e-08  1.94830907e+00  2.99665000e-08  1.94991099e+00  2.99665000e-08  1.11223537e+00 
 2.99675000e-08  1.94784606e+00  2.99675000e-08  1.94990539e+00  2.99675000e-08  1.18467811e+00 
 3.00425000e-08  1.16883530e+00  3.00425000e-08  1.94997809e+00  3.00425000e-08  1.94942423e+00 
 3.00435000e-08  1.11648875e+00  3.00435000e-08  1.94997841e+00  3.00435000e-08  1.94949029e+00 
 3.00445000e-08  1.06425508e+00  3.00445000e-08  1.94997924e+00  3.00445000e-08  1.94950119e+00 
 3.00455000e-08  1.01207701e+00  3.00455000e-08  1.94997950e+00  3.00455000e-08  1.94956067e+00 
 3.00465000e-08  9.59887332e-01  3.00465000e-08  1.94998026e+00  3.00465000e-08  1.94956733e+00 
 3.00475000e-08  9.07638294e-01  3.00475000e-08  1.94998046e+00  3.00475000e-08  1.94962110e+00 
 3.05395000e-08 -7.55570503e-04  3.05395000e-08  1.15304298e+00  3.05395000e-08  1.94995922e+00 
 3.05405000e-08 -6.61383782e-04  3.05405000e-08  1.10932392e+00  3.05405000e-08  1.94995791e+00 
 3.05415000e-08 -4.87105459e-04  3.05415000e-08  1.06515135e+00  3.05415000e-08  1.94995928e+00 
 3.05425000e-08 -2.25838460e-04  3.05425000e-08  1.02054823e+00  3.05425000e-08  1.94996433e+00 
 3.05435000e-08  1.19944528e-04  3.05435000e-08  9.75509381e-01  3.05435000e-08  1.94997355e+00 
 3.05445000e-08  5.35426943e-04  3.05445000e-08  9.30060376e-01  3.05445000e-08  1.94998728e+00 
 3.06285000e-08  9.24322093e-01  3.06285000e-08  2.50290430e-03  3.06285000e-08  1.95056810e+00 
 3.06295000e-08  9.61444097e-01  3.06295000e-08  2.40145560e-03  3.06295000e-08  1.95048965e+00 
 3.06305000e-08  9.98342840e-01  3.06305000e-08  2.30411910e-03  3.06305000e-08  1.95041955e+00 
 3.06315000e-08  1.03492645e+00  3.06315000e-08  2.21070670e-03  3.06315000e-08  1.95035171e+00 
 3.06325000e-08  1.07112196e+00  3.06325000e-08  2.12231405e-03  3.06325000e-08  1.95029039e+00 
 3.06335000e-08  1.10696869e+00  3.06335000e-08  2.03862706e-03  3.06335000e-08  1.95023108e+00 
 3.09655000e-08  1.94999950e+00  3.09655000e-08  8.71540029e-01  3.09655000e-08  1.94994719e+00 
 3.09665000e-08  1.94999982e+00  3.09665000e-08  9.41560790e-01  3.09665000e-08  1.94983937e+00 
 3.09675000e-08  1.94999953e+00  3.09675000e-08  1.01083164e+00  3.09675000e-08  1.94971404e+00 
 3.09685000e-08  1.94999980e+00  3.09685000e-08  1.07931047e+00  3.09685000e-08  1.94958583e+00 
 3.09695000e-08  1.94999953e+00  3.09695000e-08  1.14712597e+00  3.09695000e-08  1.94947131e+00 
 3.09705000e-08  1.94999982e+00  3.09705000e-08  1.21466711e+00  3.09705000e-08  1.94933438e+00 
 3.10995000e-08  1.94159208e+00  3.10995000e-08  1.94995670e+00  3.10995000e-08  1.14739779e+00 
 3.11005000e-08  1.94086338e+00  3.11005000e-08  1.94998619e+00  3.11005000e-08  1.08981428e+00 
 3.11015000e-08  1.94000258e+00  3.11015000e-08  1.95001377e+00  3.11015000e-08  1.03193833e+00 
 3.11025000e-08  1.93894723e+00  3.11025000e-08  1.95003911e+00  3.11025000e-08  9.73689248e-01 
 3.11035000e-08  1.93763784e+00  3.11035000e-08  1.95005672e+00  3.11035000e-08  9.14852606e-01 
 3.11045000e-08  1.93606766e+00  3.11045000e-08  1.95006851e+00  3.11045000e-08  8.55401520e-01 
 3.11645000e-08  1.17168499e+00  3.11645000e-08  1.94999333e+00  3.11645000e-08  2.87135342e-03 
 3.11655000e-08  1.11933259e+00  3.11655000e-08  1.94999190e+00  3.11655000e-08  2.78131873e-03 
 3.11665000e-08  1.06709277e+00  3.11665000e-08  1.94999151e+00  3.11665000e-08  2.68135347e-03 
 3.11675000e-08  1.01491452e+00  3.11675000e-08  1.94999037e+00  3.11675000e-08  2.60040097e-03 
 3.11685000e-08  9.62726092e-01  3.11685000e-08  1.94999022e+00  3.11685000e-08  2.50866493e-03 
 3.11695000e-08  9.10481988e-01  3.11695000e-08  1.94998932e+00  3.11695000e-08  2.43525432e-03 
 3.16615000e-08 -7.58735003e-04  3.16615000e-08  1.15539516e+00  3.16615000e-08 -1.38777012e-06 
 3.16625000e-08 -6.68216535e-04  3.16625000e-08  1.11169847e+00  3.16625000e-08 -8.73633844e-07 
 3.16635000e-08 -4.98528298e-04  3.16635000e-08  1.06754922e+00  3.16635000e-08  3.72197424e-07 
 3.16645000e-08 -2.41867808e-04  3.16645000e-08  1.02296805e+00  3.16645000e-08  1.55679170e-06 
 3.16655000e-08  1.00015186e-04  3.16655000e-08  9.77952089e-01  3.16655000e-08  3.26757515e-06 
 3.16665000e-08  5.11535621e-04  3.16665000e-08  9.32524697e-01  3.16665000e-08  4.87995683e-06 
 3.17505000e-08  9.22321352e-01  3.17505000e-08  2.96466598e-03  3.17505000e-08  4.76190828e-05 
 3.17515000e-08  9.59453139e-01  3.17515000e-08  2.88196606e-03  3.17515000e-08  5.35548778e-05 
 3.17525000e-08  9.96366073e-01  3.17525000e-08  2.80460485e-03  3.17525000e-08  6.04868064e-05 
 3.17535000e-08  1.03296916e+00  3.17535000e-08  2.73913259e-03  3.17535000e-08  7.02586136e-05 
 3.17545000e-08  1.06919167e+00  3.17545000e-08  2.67481206e-03  3.17545000e-08  7.73802491e-05 
 3.17555000e-08  1.10506588e+00  3.17555000e-08  2.60269336e-03  3.17555000e-08  7.67938482e-05 
 3.20875000e-08  1.94999956e+00  3.20875000e-08  8.66158463e-01  3.20875000e-08 -8.50320741e-05 
 3.20885000e-08  1.94999985e+00  3.20885000e-08  9.36379701e-01  3.20885000e-08 -1.20097842e-04 
 3.20895000e-08  1.94999961e+00  3.20895000e-08  1.00600047e+00  3.20895000e-08 -1.41547296e-04 
 3.20905000e-08  1.94999989e+00  3.20905000e-08  1.07497255e+00  3.20905000e-08 -1.57673763e-04 
 3.20915000e-08  1.94999965e+00  3.20915000e-08  1.14339295e+00  3.20915000e-08 -1.71062210e-04 
 3.20925000e-08  1.94999990e+00  3.20925000e-08  1.21151754e+00  3.20925000e-08 -1.94110567e-04 
 3.22065000e-08  1.94990944e+00  3.22065000e-08  1.94987969e+00  3.22065000e-08  8.59260707e-01 
 3.22075000e-08  1.94956309e+00  3.22075000e-08  1.94988738e+00  3.22075000e-08  9.20372871e-01 
 3.22085000e-08  1.94919812e+00  3.22085000e-08  1.94989465e+00  3.22085000e-08  9.80266470e-01 
 3.22095000e-08  1.94881746e+00  3.22095000e-08  1.94990184e+00  3.22095000e-08  1.04041616e+00 
 3.22105000e-08  1.94836092e+00  3.22105000e-08  1.94990976e+00  3.22105000e-08  1.10463499e+00 
 3.22115000e-08  1.94790074e+00  3.22115000e-08  1.94990641e+00  3.22115000e-08  1.17646864e+00 
 3.22865000e-08  1.17497538e+00  3.22865000e-08  1.94997793e+00  3.22865000e-08  1.94942417e+00 
 3.22875000e-08  1.12261613e+00  3.22875000e-08  1.94997843e+00  3.22875000e-08  1.94948152e+00 
 3.22885000e-08  1.07036900e+00  3.22885000e-08  1.94997909e+00  3.22885000e-08  1.94950164e+00 
 3.22895000e-08  1.01819031e+00  3.22895000e-08  1.94997953e+00  3.22895000e-08  1.94955267e+00 
 3.22905000e-08  9.66003120e-01  3.22905000e-08  1.94998012e+00  3.22905000e-08  1.94956819e+00 
 3.22915000e-08  9.13764604e-01  3.22915000e-08  1.94998050e+00  3.22915000e-08  1.94961376e+00 
 3.27385000e-08  7.85072325e-05  3.27385000e-08  1.98902663e+00  3.27385000e-08  1.94999926e+00 
 3.27835000e-08 -7.62193656e-04  3.27835000e-08  1.15818276e+00  3.27835000e-08  1.94995945e+00 
 3.27845000e-08 -6.75837171e-04  3.27845000e-08  1.11451556e+00  3.27845000e-08  1.94995800e+00 
 3.27855000e-08 -5.11427986e-04  3.27855000e-08  1.07039663e+00  3.27855000e-08  1.94995888e+00 
 3.27865000e-08 -2.60092352e-04  3.27865000e-08  1.02584366e+00  3.27865000e-08  1.94996358e+00 
 3.27875000e-08  7.73710396e-05  3.27875000e-08  9.80856137e-01  3.27875000e-08  1.94997217e+00 
 3.27885000e-08  4.84356412e-04  3.27885000e-08  9.35454614e-01  3.27885000e-08  1.94998548e+00 
 3.28725000e-08  9.20064302e-01  3.28725000e-08  2.51587935e-03  3.28725000e-08  1.95057784e+00 
 3.28735000e-08  9.57206898e-01  3.28735000e-08  2.41254343e-03  3.28735000e-08  1.95049848e+00 
 3.28745000e-08  9.94135582e-01  3.28745000e-08  2.31616891e-03  3.28745000e-08  1.95042777e+00 
 3.28755000e-08  1.03076034e+00  3.28755000e-08  2.22080171e-03  3.28755000e-08  1.95035942e+00 
 3.28765000e-08  1.06699885e+00  3.28765000e-08  2.13324002e-03  3.28765000e-08  1.95029758e+00 
 3.28775000e-08  1.10287947e+00  3.28775000e-08  2.04755857e-03  3.28775000e-08  1.95023777e+00 
 3.32095000e-08  1.94999958e+00  3.32095000e-08  8.63452205e-01  3.32095000e-08  1.94995820e+00 
 3.32105000e-08  1.94999984e+00  3.32105000e-08  9.33549096e-01  3.32105000e-08  1.94985264e+00 
 3.32115000e-08  1.94999961e+00  3.32115000e-08  1.00291141e+00  3.32115000e-08  1.94972899e+00 
 3.32125000e-08  1.94999982e+00  3.32125000e-08  1.07148051e+00  3.32125000e-08  1.94960029e+00 
 3.32135000e-08  1.94999961e+00  3.32135000e-08  1.13936300e+00  3.32135000e-08  1.94948512e+00 
 3.32145000e-08  1.94999984e+00  3.32145000e-08  1.20690283e+00  3.32145000e-08  1.94935096e+00 
 3.33435000e-08  1.94167068e+00  3.33435000e-08  1.94995319e+00  3.33435000e-08  1.15410557e+00 
 3.33445000e-08  1.94095327e+00  3.33445000e-08  1.94998265e+00  3.33445000e-08  1.09653716e+00 
 3.33455000e-08  1.94011043e+00  3.33455000e-08  1.95001080e+00  3.33455000e-08  1.03870058e+00 
 3.33465000e-08  1.93908121e+00  3.33465000e-08  1.95003639e+00  3.33465000e-08  9.80503225e-01 
 3.33475000e-08  1.93780216e+00  3.33475000e-08  1.95005539e+00  3.33475000e-08  9.21736906e-01 
 3.33485000e-08  1.93626083e+00  3.33485000e-08  1.95006729e+00  3.33485000e-08  8.62360712e-01 
 3.34085000e-08  1.17774528e+00  3.34085000e-08  1.94999339e+00  3.34085000e-08  2.88310422e-03 
 3.34095000e-08  1.12538017e+00  3.34095000e-08  1.94999207e+00  3.34095000e-08  2.79214802e-03 
 3.34105000e-08  1.07312674e+00  3.34105000e-08  1.94999153e+00  3.34105000e-08  2.69204353e-03 
 3.34115000e-08  1.02094749e+00  3.34115000e-08  1.94999051e+00  3.34115000e-08  2.61018077e-03 
 3.34125000e-08  9.68761158e-01  3.34125000e-08  1.94999023e+00  3.34125000e-08  2.51848409e-03 
 3.34135000e-08  9.16527242e-01  3.34135000e-08  1.94998942e+00  3.34135000e-08  2.44413767e-03 
 3.39065000e-08 -6.81255691e-04  3.39065000e-08  1.11702741e+00  3.39065000e-08 -8.45352343e-07 
 3.39075000e-08 -5.20720825e-04  3.39075000e-08  1.07293325e+00  3.39075000e-08  8.59751086e-08 
 3.39085000e-08 -2.73308528e-04  3.39085000e-08  1.02840363e+00  3.39085000e-08  1.44608269e-06 
 3.39095000e-08  6.07841497e-05  3.39095000e-08  9.83440384e-01  3.39095000e-08  2.93017617e-06 
 3.39105000e-08  4.64339774e-04  3.39105000e-08  9.38061808e-01  3.39105000e-08  4.78523919e-06 
 3.39115000e-08  9.37225763e-04  3.39115000e-08  8.92275840e-01  3.39115000e-08  6.37175504e-06 
 3.39945000e-08  9.18374669e-01  3.39945000e-08  2.97575312e-03  3.39945000e-08  4.68846252e-05 
 3.39955000e-08  9.55525234e-01  3.39955000e-08  2.89113825e-03  3.39955000e-08  5.27148805e-05 
 3.39965000e-08  9.92465459e-01  3.39965000e-08  2.81409708e-03  3.39965000e-08  5.96616465e-05 
 3.39975000e-08  1.02910624e+00  3.39975000e-08  2.74594728e-03  3.39975000e-08  6.87931647e-05 
 3.39985000e-08  1.06536910e+00  3.39985000e-08  2.68368155e-03  3.39985000e-08  7.71976593e-05 
 3.39995000e-08  1.10127579e+00  3.39995000e-08  2.61131267e-03  3.39995000e-08  7.68907091e-05 
 3.43315000e-08  1.94999966e+00  3.43315000e-08  8.58675001e-01  3.43315000e-08 -8.11603469e-05 
 3.43325000e-08  1.94999989e+00  3.43325000e-08  9.28951221e-01  3.43325000e-08 -1.16723879e-04 
 3.43335000e-08  1.94999970e+00  3.43335000e-08  9.98641168e-01  3.43335000e-08 -1.39814596e-04 
 3.43345000e-08  1.94999992e+00  3.43345000e-08  1.06767848e+00  3.43345000e-08 -1.56459383e-04 
 3.43355000e-08  1.94999973e+00  3.43355000e-08  1.13614949e+00  3.43355000e-08 -1.68817313e-04 
 3.43365000e-08  1.94999993e+00  3.43365000e-08  1.20428711e+00  3.43365000e-08 -1.91919862e-04 
 3.44505000e-08  1.94994305e+00  3.44505000e-08  1.94987872e+00  3.44505000e-08  8.52669618e-01 
 3.44515000e-08  1.94959932e+00  3.44515000e-08  1.94988699e+00  3.44515000e-08  9.13949761e-01 
 3.44525000e-08  1.94923575e+00  3.44525000e-08  1.94989342e+00  3.44525000e-08  9.73932823e-01 
 3.44535000e-08  1.94886014e+00  3.44535000e-08  1.94990168e+00  3.44535000e-08  1.03390124e+00 
 3.44545000e-08  1.94840684e+00  3.44545000e-08  1.94990841e+00  3.44545000e-08  1.09750989e+00 
 3.44555000e-08  1.94794843e+00  3.44555000e-08  1.94990764e+00  3.44555000e-08  1.16863503e+00 
 3.45305000e-08  1.18031709e+00  3.45305000e-08  1.94997772e+00  3.45305000e-08  1.94942470e+00 
 3.45315000e-08  1.12794650e+00  3.45315000e-08  1.94997851e+00  3.45315000e-08  1.94947250e+00 
 3.45325000e-08  1.07568706e+00  3.45325000e-08  1.94997889e+00  3.45325000e-08  1.94950260e+00 
 3.45335000e-08  1.02350716e+00  3.45335000e-08  1.94997961e+00  3.45335000e-08  1.94954440e+00 
 3.45345000e-08  9.71321469e-01  3.45345000e-08  1.94997993e+00  3.45345000e-08  1.94956952e+00 
 3.45355000e-08  9.19091759e-01  3.45355000e-08  1.94998059e+00  3.45355000e-08  1.94960617e+00 
 3.50285000e-08 -6.87356455e-04  3.50285000e-08  1.11885258e+00  3.50285000e-08  1.94995808e+00 
 3.50295000e-08 -5.31293157e-04  3.50295000e-08  1.07477853e+00  3.50295000e-08  1.94995861e+00 
 3.50305000e-08 -2.88430879e-04  3.50305000e-08  1.03026765e+00  3.50305000e-08  1.94996298e+00 
 3.50315000e-08  4.17305289e-05  3.50315000e-08  9.85323115e-01  3.50315000e-08  1.94997108e+00 
 3.50325000e-08  4.41282624e-04  3.50325000e-08  9.39961511e-01  3.50325000e-08  1.94998400e+00 
 3.50335000e-08  9.11078303e-04  3.50335000e-08  8.94191913e-01  3.50335000e-08  1.95000100e+00 
 3.51165000e-08  9.16383205e-01  3.51165000e-08  2.52660542e-03  3.51165000e-08  1.95058611e+00 
 3.51175000e-08  9.53543046e-01  3.51175000e-08  2.42203093e-03  3.51175000e-08  1.95050595e+00 
 3.51185000e-08  9.90496595e-01  3.51185000e-08  2.32612913e-03  3.51185000e-08  1.95043471e+00 
 3.51195000e-08  1.02715604e+00  3.51195000e-08  2.22946783e-03  3.51195000e-08  1.95036593e+00 
 3.51205000e-08  1.06343203e+00  3.51205000e-08  2.14227244e-03  3.51205000e-08  1.95030365e+00 
 3.51215000e-08  1.09934333e+00  3.51215000e-08  2.05525234e-03  3.51215000e-08  1.95024343e+00 
 3.54535000e-08  1.94999974e+00  3.54535000e-08  8.56382560e-01  3.54535000e-08  1.94996764e+00 
 3.54545000e-08  1.94999992e+00  3.54545000e-08  9.26544256e-01  3.54545000e-08  1.94986415e+00 
 3.54555000e-08  1.94999976e+00  3.54555000e-08  9.95985848e-01  3.54555000e-08  1.94974205e+00 
 3.54565000e-08  1.94999992e+00  3.54565000e-08  1.06463197e+00  3.54565000e-08  1.94961327e+00 
 3.54575000e-08  1.94999976e+00  3.54575000e-08  1.13256179e+00  3.54575000e-08  1.94949769e+00 
 3.54585000e-08  1.94999991e+00  3.54585000e-08  1.20009503e+00  3.54585000e-08  1.94936560e+00 
 3.55875000e-08  1.94173316e+00  3.55875000e-08  1.94995038e+00  3.55875000e-08  1.15992540e+00 
 3.55885000e-08  1.94102468e+00  3.55885000e-08  1.94997952e+00  3.55885000e-08  1.10236661e+00 
 3.55895000e-08  1.94019695e+00  3.55895000e-08  1.95000812e+00  3.55895000e-08  1.04456594e+00 
 3.55905000e-08  1.93918895e+00  3.55905000e-08  1.95003380e+00  3.55905000e-08  9.86411327e-01 
 3.55915000e-08  1.93793590e+00  3.55915000e-08  1.95005411e+00  3.55915000e-08  9.27709000e-01 
 3.55925000e-08  1.93641926e+00  3.55925000e-08  1.95006605e+00  3.55925000e-08  8.68397321e-01 
 3.56525000e-08  1.18283407e+00  3.56525000e-08  1.94999342e+00  3.56525000e-08  2.89253496e-03 
 3.56535000e-08  1.13045803e+00  3.56535000e-08  1.94999224e+00  3.56535000e-08  2.80258796e-03 
 3.56545000e-08  1.07819259e+00  3.56545000e-08  1.94999154e+00  3.56545000e-08  2.70055237e-03 
 3.56555000e-08  1.02601189e+00  3.56555000e-08  1.94999065e+00  3.56555000e-08  2.61967393e-03 
 3.56565000e-08  9.73826686e-01  3.56565000e-08  1.94999022e+00  3.56565000e-08  2.52623877e-03 
 3.56575000e-08  9.21601014e-01  3.56575000e-08  1.94998954e+00  3.56575000e-08  2.45283485e-03 
 3.61505000e-08 -6.91507159e-04  3.61505000e-08  1.12090912e+00  3.61505000e-08 -8.20352770e-07 
 3.61515000e-08 -5.38571436e-04  3.61515000e-08  1.07685507e+00  3.61515000e-08 -1.03767238e-07 
 3.61525000e-08 -2.98903992e-04  3.61525000e-08  1.03236324e+00  3.61525000e-08  1.40444835e-06 
 3.61535000e-08  2.84801853e-05  3.61535000e-08  9.87438415e-01  3.61535000e-08  2.69811760e-06 
 3.61545000e-08  4.25205827e-04  3.61545000e-08  9.42095687e-01  3.61545000e-08  4.71911028e-06 
 3.61555000e-08  8.92775254e-04  3.61555000e-08  8.96345565e-01  3.61555000e-08  6.14645978e-06 
 3.62395000e-08  9.52181272e-01  3.62395000e-08  2.89803882e-03  3.62395000e-08  5.20786927e-05 
 3.62405000e-08  9.89143797e-01  3.62405000e-08  2.82097103e-03  3.62405000e-08  5.91072030e-05 
 3.62415000e-08  1.02581592e+00  3.62415000e-08  2.75114200e-03  3.62415000e-08  6.77098701e-05 
 3.62425000e-08  1.06211330e+00  3.62425000e-08  2.68991878e-03  3.62425000e-08  7.69963264e-05 
 3.62435000e-08  1.09804880e+00  3.62435000e-08  2.61769061e-03  3.62435000e-08  7.69281717e-05 
 3.62445000e-08  1.13373703e+00  3.62445000e-08  2.54114079e-03  3.62445000e-08  7.53488915e-05 
 3.65755000e-08  1.94999977e+00  3.65755000e-08  8.52283728e-01  3.65755000e-08 -7.77986956e-05 
 3.65765000e-08  1.94999993e+00  3.65765000e-08  9.22605516e-01  3.65765000e-08 -1.13752015e-04 
 3.65775000e-08  1.94999980e+00  3.65775000e-08  9.92353925e-01  3.65775000e-08 -1.38213969e-04 
 3.65785000e-08  1.94999996e+00  3.65785000e-08  1.06144755e+00  3.65785000e-08 -1.55322393e-04 
 3.65795000e-08  1.94999981e+00  3.65795000e-08  1.12995353e+00  3.65795000e-08 -1.67073761e-04 
 3.65805000e-08  1.94999994e+00  3.65805000e-08  1.19809486e+00  3.65805000e-08 -1.89746895e-04 
 3.66945000e-08  1.94997294e+00  3.66945000e-08  1.94987792e+00  3.66945000e-08  8.47041117e-01 
 3.66955000e-08  1.94963173e+00  3.66955000e-08  1.94988668e+00  3.66955000e-08  9.08468879e-01 
 3.66965000e-08  1.94926945e+00  3.66965000e-08  1.94989234e+00  3.66965000e-08  9.68537556e-01 
 3.66975000e-08  1.94889490e+00  3.66975000e-08  1.94990152e+00  3.66975000e-08  1.02839354e+00 
 3.66985000e-08  1.94844951e+00  3.66985000e-08  1.94990713e+00  3.66985000e-08  1.09153355e+00 
 3.66995000e-08  1.94799191e+00  3.66995000e-08  1.94990884e+00  3.66995000e-08  1.16197114e+00 
 3.67755000e-08  1.13274147e+00  3.67755000e-08  1.94997859e+00  3.67755000e-08  1.94946440e+00 
 3.67765000e-08  1.08047053e+00  3.67765000e-08  1.94997872e+00  3.67765000e-08  1.94950382e+00 
 3.67775000e-08  1.02828903e+00  3.67775000e-08  1.94997969e+00  3.67775000e-08  1.94953697e+00 
 3.67785000e-08  9.76104201e-01  3.67785000e-08  1.94997977e+00  3.67785000e-08  1.94957104e+00 
 3.67795000e-08  9.23882152e-01  3.67795000e-08  1.94998066e+00  3.67795000e-08  1.94959931e+00 
 3.67805000e-08  8.71569820e-01  3.67805000e-08  1.94998070e+00  3.67805000e-08  1.94962882e+00 
 3.72725000e-08 -6.97825286e-04  3.72725000e-08  1.12318780e+00  3.72725000e-08  1.94995818e+00 
 3.72735000e-08 -5.49763643e-04  3.72735000e-08  1.07915859e+00  3.72735000e-08  1.94995839e+00 
 3.72745000e-08 -3.15115851e-04  3.72745000e-08  1.03469001e+00  3.72745000e-08  1.94996240e+00 
 3.72755000e-08  8.10220567e-06  3.72755000e-08  9.89788480e-01  3.72755000e-08  1.94997005e+00 
 3.72765000e-08  4.00536875e-04  3.72765000e-08  9.44467049e-01  3.72765000e-08  1.94998255e+00 
 3.72775000e-08  8.64645171e-04  3.72775000e-08  8.98737620e-01  3.72775000e-08  1.94999909e+00 
 3.73615000e-08  9.50014905e-01  3.73615000e-08  2.43172133e-03  3.73615000e-08  1.95051350e+00 
 3.73625000e-08  9.86991695e-01  3.73625000e-08  2.33600914e-03  3.73625000e-08  1.95044167e+00 
 3.73635000e-08  1.02368343e+00  3.73635000e-08  2.23834139e-03  3.73635000e-08  1.95037251e+00 
 3.73645000e-08  1.05999587e+00  3.73645000e-08  2.15123455e-03  3.73645000e-08  1.95030974e+00 
 3.73655000e-08  1.09593758e+00  3.73655000e-08  2.06315160e-03  3.73655000e-08  1.95024916e+00 
 3.73665000e-08  1.13162292e+00  3.73665000e-08  1.98593497e-03  3.73665000e-08  1.95019517e+00 
 3.76975000e-08  1.94999981e+00  3.76975000e-08  8.49856971e-01  3.76975000e-08  1.94997607e+00 
 3.76985000e-08  1.94999993e+00  3.76985000e-08  9.20076948e-01  3.76985000e-08  1.94987462e+00 
 3.76995000e-08  1.94999983e+00  3.76995000e-08  9.89591159e-01  3.76995000e-08  1.94975401e+00 
 3.77005000e-08  1.94999994e+00  3.77005000e-08  1.05830883e+00  3.77005000e-08  1.94962517e+00 
 3.77015000e-08  1.94999984e+00  3.77015000e-08  1.12629749e+00  3.77015000e-08  1.94950837e+00 
 3.77025000e-08  1.94999993e+00  3.77025000e-08  1.19384332e+00  3.77025000e-08  1.94937866e+00 
 3.78315000e-08  1.94180246e+00  3.78315000e-08  1.94994785e+00  3.78315000e-08  1.16521893e+00 
 3.78325000e-08  1.94110218e+00  3.78325000e-08  1.94997661e+00  3.78325000e-08  1.10766757e+00 
 3.78335000e-08  1.94028896e+00  3.78335000e-08  1.95000567e+00  3.78335000e-08  1.04989804e+00 
 3.78345000e-08  1.93930183e+00  3.78345000e-08  1.95003135e+00  3.78345000e-08  9.91781092e-01 
 3.78355000e-08  1.93807516e+00  3.78355000e-08  1.95005294e+00  3.78355000e-08  9.33136029e-01 
 3.78365000e-08  1.93658407e+00  3.78365000e-08  1.95006484e+00  3.78365000e-08  8.73882535e-01 
 3.78975000e-08  1.13564812e+00  3.78975000e-08  1.94999245e+00  3.78975000e-08  2.81098906e-03 
 3.78985000e-08  1.08336996e+00  3.78985000e-08  1.94999148e+00  3.78985000e-08  2.70994370e-03 
 3.78995000e-08  1.03118725e+00  3.78995000e-08  1.94999083e+00  3.78995000e-08  2.62722709e-03 
 3.79005000e-08  9.79002675e-01  3.79005000e-08  1.94999014e+00  3.79005000e-08  2.53488423e-03 
 3.79015000e-08  9.26785116e-01  3.79015000e-08  1.94998970e+00  3.79015000e-08  2.45968085e-03 
 3.79025000e-08  8.74477045e-01  3.79025000e-08  1.94998920e+00  3.79025000e-08  2.37466169e-03 
 3.83945000e-08 -7.01126060e-04  3.83945000e-08  1.12585255e+00  3.83945000e-08 -8.15190389e-07 
 3.83955000e-08 -5.55679147e-04  3.83955000e-08  1.08184967e+00  3.83955000e-08 -3.00642319e-07 
 3.83965000e-08 -3.23735952e-04  3.83965000e-08  1.03740612e+00  3.83965000e-08  1.35643958e-06 
 3.83975000e-08 -3.33332272e-06  3.83975000e-08  9.92530346e-01  3.83975000e-08  2.43988961e-06 
 3.83985000e-08  3.86590061e-04  3.83985000e-08  9.47233480e-01  3.83985000e-08  4.59995363e-06 
 3.83995000e-08  8.48844451e-04  3.83995000e-08  9.01529178e-01  3.83995000e-08  5.89164738e-06 
 3.84835000e-08  9.48855089e-01  3.84835000e-08  2.90702479e-03  3.84835000e-08  5.12326006e-05 
 3.84845000e-08  9.85839537e-01  3.84845000e-08  2.82971862e-03  3.84845000e-08  5.84504129e-05 
 3.84855000e-08  1.02254151e+00  3.84855000e-08  2.75801332e-03  3.84855000e-08  6.63354566e-05 
 3.84865000e-08  1.05887383e+00  3.84865000e-08  2.69763346e-03  3.84865000e-08  7.66415420e-05 
 3.84875000e-08  1.09483839e+00  3.84875000e-08  2.62587084e-03  3.84875000e-08  7.69329760e-05 
 3.84885000e-08  1.13054102e+00  3.84885000e-08  2.55042001e-03  3.84885000e-08  7.57818675e-05 
 3.88195000e-08  1.94999986e+00  3.88195000e-08  8.46028071e-01  3.88195000e-08 -7.44843813e-05 
 3.88205000e-08  1.94999995e+00  3.88205000e-08  9.16393663e-01  3.88205000e-08 -1.10783650e-04 
 3.88215000e-08  1.94999987e+00  3.88215000e-08  9.86195644e-01  3.88215000e-08 -1.36482855e-04 
 3.88225000e-08  1.94999995e+00  3.88225000e-08  1.05534677e+00  3.88225000e-08 -1.54071367e-04 
 3.88235000e-08  1.94999987e+00  3.88235000e-08  1.12390454e+00  3.88235000e-08 -1.65866598e-04 
 3.88245000e-08  1.94999995e+00  3.88245000e-08  1.19206330e+00  3.88245000e-08 -1.87606626e-04 
 3.89395000e-08  1.94966469e+00  3.89395000e-08  1.94988623e+00  3.89395000e-08  9.03123351e-01 
 3.89405000e-08  1.94930379e+00  3.89405000e-08  1.94989143e+00  3.89405000e-08  9.63280508e-01 
 3.89415000e-08  1.94893034e+00  3.89415000e-08  1.94990119e+00  3.89415000e-08  1.02305938e+00 
 3.89425000e-08  1.94849284e+00  3.89425000e-08  1.94990596e+00  3.89425000e-08  1.08578277e+00 
 3.89435000e-08  1.94803595e+00  3.89435000e-08  1.94990996e+00  3.89435000e-08  1.15549376e+00 
 3.89445000e-08  1.94755392e+00  3.89445000e-08  1.94990467e+00  3.89445000e-08  1.22887908e+00 
 3.90195000e-08  1.13761608e+00  3.90195000e-08  1.94997862e+00  3.90195000e-08  1.94945652e+00 
 3.90205000e-08  1.08533297e+00  3.90205000e-08  1.94997859e+00  3.90205000e-08  1.94950494e+00 
 3.90215000e-08  1.03314917e+00  3.90215000e-08  1.94997972e+00  3.90215000e-08  1.94952974e+00 
 3.90225000e-08  9.80964672e-01  3.90225000e-08  1.94997964e+00  3.90225000e-08  1.94957246e+00 
 3.90235000e-08  9.28749956e-01  3.90235000e-08  1.94998070e+00  3.90235000e-08  1.94959266e+00 
 3.90245000e-08  8.76444728e-01  3.90245000e-08  1.94998059e+00  3.90245000e-08  1.94963047e+00 
 3.95165000e-08 -7.06621544e-04  3.95165000e-08  1.12753067e+00  3.95165000e-08  1.94995830e+00 
 3.95175000e-08 -5.65623213e-04  3.95175000e-08  1.08354648e+00  3.95175000e-08  1.94995820e+00 
 3.95185000e-08 -3.38319010e-04  3.95185000e-08  1.03912040e+00  3.95185000e-08  1.94996186e+00 
 3.95195000e-08 -2.27452876e-05  3.95195000e-08  9.94262072e-01  3.95195000e-08  1.94996907e+00 
 3.95205000e-08  3.63919617e-04  3.95205000e-08  9.48981066e-01  3.95205000e-08  1.94998115e+00 
 3.95215000e-08  8.22719240e-04  3.95215000e-08  9.03292064e-01  3.95215000e-08  1.94999722e+00 
 3.96055000e-08  9.46861334e-01  3.96055000e-08  2.44145518e-03  3.96055000e-08  1.95052109e+00 
 3.96065000e-08  9.83858617e-01  3.96065000e-08  2.34591598e-03  3.96065000e-08  1.95044867e+00 
 3.96075000e-08  1.02057804e+00  3.96075000e-08  2.24726990e-03  3.96075000e-08  1.95037911e+00 
 3.96085000e-08  1.05692354e+00  3.96085000e-08  2.16023416e-03  3.96085000e-08  1.95031587e+00 
 3.96095000e-08  1.09289285e+00  3.96095000e-08  2.07111105e-03  3.96095000e-08  1.95025491e+00 
 3.96105000e-08  1.12859300e+00  3.96105000e-08  1.99393303e-03  3.96105000e-08  1.95020039e+00 
 3.99415000e-08  1.94999994e+00  3.99415000e-08  8.43791869e-01  3.99415000e-08  1.94998373e+00 
 3.99425000e-08  1.94999999e+00  3.99425000e-08  9.14064659e-01  3.99425000e-08  1.94988427e+00 
 3.99435000e-08  1.94999995e+00  3.99435000e-08  9.83645646e-01  3.99435000e-08  1.94976509e+00 
 3.99445000e-08  1.94999999e+00  3.99445000e-08  1.05243543e+00  3.99445000e-08  1.94963612e+00 
 3.99455000e-08  1.94999996e+00  3.99455000e-08  1.12048628e+00  3.99455000e-08  1.94951821e+00 
 3.99465000e-08  1.95000000e+00  3.99465000e-08  1.18804884e+00  3.99465000e-08  1.94939068e+00 
 4.00755000e-08  1.94185718e+00  4.00755000e-08  1.94994552e+00  4.00755000e-08  1.17013941e+00 
 4.00765000e-08  1.94116329e+00  4.00765000e-08  1.94997397e+00  4.00765000e-08  1.11259360e+00 
 4.00775000e-08  1.94036167e+00  4.00775000e-08  1.95000357e+00  4.00775000e-08  1.05485137e+00 
 4.00785000e-08  1.93939132e+00  4.00785000e-08  1.95002900e+00  4.00785000e-08  9.96768431e-01 
 4.00795000e-08  1.93818627e+00  4.00795000e-08  1.95005177e+00  4.00795000e-08  9.38176481e-01 
 4.00805000e-08  1.93671636e+00  4.00805000e-08  1.95006355e+00  4.00805000e-08  8.78977876e-01 
 4.01415000e-08  1.13993844e+00  4.01415000e-08  1.94999258e+00  4.01415000e-08  2.81751313e-03 
 4.01425000e-08  1.08764983e+00  4.01425000e-08  1.94999134e+00  4.01425000e-08  2.71918226e-03 
 4.01435000e-08  1.03546488e+00  4.01435000e-08  1.94999095e+00  4.01435000e-08  2.63300779e-03 
 4.01445000e-08  9.83280727e-01  4.01445000e-08  1.94998999e+00  4.01445000e-08  2.54342982e-03 
 4.01455000e-08  9.31069497e-01  4.01455000e-08  1.94998982e+00  4.01455000e-08  2.46484874e-03 
 4.01465000e-08  8.78767915e-01  4.01465000e-08  1.94998907e+00  4.01465000e-08  2.38260711e-03 
 4.06385000e-08 -7.08828693e-04  4.06385000e-08  1.12942154e+00  4.06385000e-08 -7.97501939e-07 
 4.06395000e-08 -5.69659461e-04  4.06395000e-08  1.08545567e+00  4.06395000e-08 -4.51120612e-07 
 4.06405000e-08 -3.44268332e-04  4.06405000e-08  1.04104710e+00  4.06405000e-08  1.48045868e-06 
 4.06415000e-08 -3.06951979e-05  4.06415000e-08  9.96206837e-01  4.06415000e-08  2.43655850e-06 
 4.06425000e-08  3.54616362e-04  4.06425000e-08  9.50943236e-01  4.06425000e-08  4.56156828e-06 
 4.06435000e-08  8.11963580e-04  4.06435000e-08  9.05272165e-01  4.06435000e-08  5.71116852e-06 
 4.07275000e-08  9.46269522e-01  4.07275000e-08  2.91351332e-03  4.07275000e-08  5.05991192e-05 
 4.07285000e-08  9.83270585e-01  4.07285000e-08  2.83610586e-03  4.07285000e-08  5.80013977e-05 
 4.07295000e-08  1.01999515e+00  4.07295000e-08  2.76303391e-03  4.07295000e-08  6.53602764e-05 
 4.07305000e-08  1.05635473e+00  4.07305000e-08  2.70312121e-03  4.07305000e-08  7.63046050e-05 
 4.07315000e-08  1.09234241e+00  4.07315000e-08  2.63168514e-03  4.07315000e-08  7.69068734e-05 
 4.07325000e-08  1.12805760e+00  4.07325000e-08  2.55708650e-03  4.07325000e-08  7.60955113e-05 
 4.10635000e-08  1.94999996e+00  4.10635000e-08  8.41134167e-01  4.10635000e-08 -7.18778631e-05 
 4.10645000e-08  1.94999999e+00  4.10645000e-08  9.11532898e-01  4.10645000e-08 -1.08391790e-04 
 4.10655000e-08  1.94999997e+00  4.10655000e-08  9.81378582e-01  4.10655000e-08 -1.35154746e-04 
 4.10665000e-08  1.95000000e+00  4.10665000e-08  1.05057366e+00  4.10665000e-08 -1.52870437e-04 
 4.10675000e-08  1.94999998e+00  4.10675000e-08  1.11916870e+00  4.10675000e-08 -1.65009044e-04 
 4.10685000e-08  1.95000000e+00  4.10685000e-08  1.18734286e+00  4.10685000e-08 -1.85972300e-04 
 4.11835000e-08  1.94968941e+00  4.11835000e-08  1.94988565e+00  4.11835000e-08  8.98912229e-01 
 4.11845000e-08  1.94932962e+00  4.11845000e-08  1.94989096e+00  4.11845000e-08  9.59144526e-01 
 4.11855000e-08  1.94895709e+00  4.11855000e-08  1.94990068e+00  4.11855000e-08  1.01888214e+00 
 4.11865000e-08  1.94852550e+00  4.11865000e-08  1.94990522e+00  4.11865000e-08  1.08130394e+00 
 4.11875000e-08  1.94806914e+00  4.11875000e-08  1.94991065e+00  4.11875000e-08  1.15041479e+00 
 4.11885000e-08  1.94758970e+00  4.11885000e-08  1.94990450e+00  4.11885000e-08  1.22384274e+00 
 4.12635000e-08  1.14122030e+00  4.12635000e-08  1.94997857e+00  4.12635000e-08  1.94945022e+00 
 4.12645000e-08  1.08892847e+00  4.12645000e-08  1.94997856e+00  4.12645000e-08  1.94950585e+00 
 4.12655000e-08  1.03674269e+00  4.12655000e-08  1.94997967e+00  4.12655000e-08  1.94952396e+00 
 4.12665000e-08  9.84558559e-01  4.12665000e-08  1.94997962e+00  4.12665000e-08  1.94957359e+00 
 4.12675000e-08  9.32349105e-01  4.12675000e-08  1.94998066e+00  4.12675000e-08  1.94958734e+00 
 4.12685000e-08  8.80049418e-01  4.12685000e-08  1.94998057e+00  4.12685000e-08  1.94963180e+00 
 4.17605000e-08 -7.14073064e-04  4.17605000e-08  1.13054081e+00  4.17605000e-08  1.94995839e+00 
 4.17615000e-08 -5.79334467e-04  4.17615000e-08  1.08658786e+00  4.17615000e-08  1.94995809e+00 
 4.17625000e-08 -3.58617626e-04  4.17625000e-08  1.04219132e+00  4.17625000e-08  1.94996151e+00 
 4.17635000e-08 -4.99276026e-05  4.17635000e-08  9.97363006e-01  4.17635000e-08  1.94996841e+00 
 4.17645000e-08  3.32050333e-04  4.17645000e-08  9.52110124e-01  4.17645000e-08  1.94998019e+00 
 4.17655000e-08  7.85804783e-04  4.17655000e-08  9.06449238e-01  4.17655000e-08  1.94999596e+00 
 4.18495000e-08  9.44277204e-01  4.18495000e-08  2.44822946e-03  4.18495000e-08  1.95052640e+00 
 4.18505000e-08  9.81290651e-01  4.18505000e-08  2.35280675e-03  4.18505000e-08  1.95045357e+00 
 4.18515000e-08  1.01803235e+00  4.18515000e-08  2.25349161e-03  4.18515000e-08  1.95038370e+00 
 4.18525000e-08  1.05441283e+00  4.18525000e-08  2.16650158e-03  4.18525000e-08  1.95032016e+00 
 4.18535000e-08  1.09041315e+00  4.18535000e-08  2.07666406e-03  4.18535000e-08  1.95025893e+00 
 4.18545000e-08  1.12612836e+00  4.18545000e-08  1.99950853e-03  4.18545000e-08  1.95020404e+00 
 4.20000000e-08  1.94986572e+00  4.20000000e-08  9.10943580e-05  4.20000000e-08  1.94999202e+00 
