 time            v(b_out)        time            v(u_puf_u_core_sel_ro) time            v(q)           
 0.00000000e+00  4.68653885e-09  0.00000000e+00  2.46749715e-09  0.00000000e+00  2.46749746e-09 
 2.57750000e-09  9.09998518e-01  2.57750000e-09  2.96587782e-09  2.57750000e-09  2.46768550e-09 
 2.57850000e-09  9.51189493e-01  2.57850000e-09  2.96519975e-09  2.57850000e-09  2.46768567e-09 
 2.57950000e-09  9.91855374e-01  2.57950000e-09  2.96453284e-09  2.57950000e-09  2.46768450e-09 
 2.58050000e-09  1.03203584e+00  2.58050000e-09  2.96388664e-09  2.58050000e-09  2.46768544e-09 
 2.58150000e-09  1.07179645e+00  2.58150000e-09  2.96325559e-09  2.58150000e-09  2.46768439e-09 
 2.58250000e-09  1.11123554e+00  2.58250000e-09  2.96263908e-09  2.58250000e-09  2.46768594e-09 
 2.91550000e-09  1.94995861e+00  2.91550000e-09  8.76886309e-01  2.91550000e-09 -8.96002532e-05 
 2.91650000e-09  1.94995894e+00  2.91650000e-09  9.47018091e-01  2.91650000e-09 -1.23159817e-04 
 2.91750000e-09  1.94995933e+00  2.91750000e-09  1.01652792e+00  2.91750000e-09 -1.42961985e-04 
 2.91850000e-09  1.94995964e+00  2.91850000e-09  1.08540359e+00  2.91850000e-09 -1.57339819e-04 
 2.91950000e-09  1.94996001e+00  2.91950000e-09  1.15374855e+00  2.91950000e-09 -1.73823192e-04 
 2.92050000e-09  1.94996030e+00  2.92050000e-09  1.22187258e+00  2.92050000e-09 -1.95941016e-04 
 3.03450000e-09  1.94964749e+00  3.03450000e-09  1.94987532e+00  3.03450000e-09  8.56947461e-01 
 3.03550000e-09  1.94928575e+00  3.03550000e-09  1.94988226e+00  3.03550000e-09  9.18043544e-01 
 3.03650000e-09  1.94891149e+00  3.03650000e-09  1.94989122e+00  3.03650000e-09  9.77868675e-01 
 3.03750000e-09  1.94847683e+00  3.03750000e-09  1.94989792e+00  3.03750000e-09  1.03783271e+00 
 3.03850000e-09  1.94801885e+00  3.03850000e-09  1.94990735e+00  3.03850000e-09  1.10169224e+00 
 3.03950000e-09  1.94753758e+00  3.03950000e-09  1.94990403e+00  3.03950000e-09  1.17313777e+00 
 3.11450000e-09  1.13424009e+00  3.11450000e-09  1.94997809e+00  3.11450000e-09  1.94942203e+00 
 3.11550000e-09  1.08227157e+00  3.11550000e-09  1.94997829e+00  3.11550000e-09  1.94947618e+00 
 3.11650000e-09  1.03058661e+00  3.11650000e-09  1.94997925e+00  3.11650000e-09  1.94949997e+00 
 3.11750000e-09  9.79080854e-01  3.11750000e-09  1.94997939e+00  3.11750000e-09  1.94954791e+00 
 3.11850000e-09  9.27730490e-01  3.11850000e-09  1.94998027e+00  3.11850000e-09  1.94956696e+00 
 3.11950000e-09  8.76464939e-01  3.11950000e-09  1.94998037e+00  3.11950000e-09  1.94960951e+00 
 3.63150000e-09  3.42934728e-03  3.63150000e-09  1.15637569e+00  3.63150000e-09  1.94995935e+00 
 3.63250000e-09  3.32384500e-03  3.63250000e-09  1.11269027e+00  3.63250000e-09  1.94995801e+00 
 3.63350000e-09  3.23075920e-03  3.63350000e-09  1.06855241e+00  3.63350000e-09  1.94995900e+00 
 3.63450000e-09  3.15410660e-03  3.63450000e-09  1.02398183e+00  3.63450000e-09  1.94996389e+00 
 3.63550000e-09  3.09321715e-03  3.63550000e-09  9.78976198e-01  3.63550000e-09  1.94997263e+00 
 3.63650000e-09  3.04797398e-03  3.63650000e-09  9.33557995e-01  3.63650000e-09  1.94998615e+00 
 3.69950000e-09  9.08710101e-01  3.69950000e-09  5.34422738e-03  3.69950000e-09  1.94967508e+00 
 3.70050000e-09  9.49918436e-01  3.70050000e-09  5.33355373e-03  3.70050000e-09  1.95037288e+00 
 3.70150000e-09  9.90601007e-01  3.70150000e-09  5.30020263e-03  3.70150000e-09  1.95105465e+00 
 3.70250000e-09  1.03079714e+00  3.70250000e-09  5.23788138e-03  3.70250000e-09  1.95156708e+00 
 3.70350000e-09  1.07057150e+00  3.70350000e-09  5.13690582e-03  3.70350000e-09  1.95191949e+00 
 3.70450000e-09  1.11002304e+00  3.70450000e-09  5.00850825e-03  3.70450000e-09  1.95213607e+00 
 4.03550000e-09  1.94995784e+00  4.03550000e-09  8.18200656e-01  4.03550000e-09  1.95001836e+00 
 4.03650000e-09  1.94995820e+00  4.03650000e-09  8.88685325e-01  4.03650000e-09  1.94992295e+00 
 4.03750000e-09  1.94995859e+00  4.03750000e-09  9.58540221e-01  4.03750000e-09  1.94980997e+00 
 4.03850000e-09  1.94995893e+00  4.03850000e-09  1.02761616e+00  4.03850000e-09  1.94968259e+00 
 4.03950000e-09  1.94995931e+00  4.03950000e-09  1.09592722e+00  4.03950000e-09  1.94955799e+00 
 4.04050000e-09  1.94995964e+00  4.04050000e-09  1.16363631e+00  4.04050000e-09  1.94943943e+00 
 4.16950000e-09  1.94247322e+00  4.16950000e-09  1.94993442e+00  4.16950000e-09  1.19080633e+00 
 4.17050000e-09  1.94184035e+00  4.17050000e-09  1.94996386e+00  4.17050000e-09  1.13327130e+00 
 4.17150000e-09  1.94115078e+00  4.17150000e-09  1.94999342e+00  4.17150000e-09  1.07562844e+00 
 4.17250000e-09  1.94035493e+00  4.17250000e-09  1.95002016e+00  4.17250000e-09  1.01767211e+00 
 4.17350000e-09  1.93939161e+00  4.17350000e-09  1.95004466e+00  4.17350000e-09  9.59286047e-01 
 4.17450000e-09  1.93819413e+00  4.17450000e-09  1.95005951e+00  4.17450000e-09  9.00301888e-01 
 4.23650000e-09  1.13635821e+00  4.23650000e-09  1.94999162e+00  4.23650000e-09  2.76347039e-03 
 4.23750000e-09  1.08437677e+00  4.23750000e-09  1.94999138e+00  4.23750000e-09  2.65378683e-03 
 4.23850000e-09  1.03268323e+00  4.23850000e-09  1.94999017e+00  4.23850000e-09  2.58464642e-03 
 4.23950000e-09  9.81170151e-01  4.23950000e-09  1.94999014e+00  4.23950000e-09  2.48302672e-03 
 4.24050000e-09  9.29815688e-01  4.24050000e-09  1.94998917e+00  4.24050000e-09  2.42122372e-03 
 4.24150000e-09  8.78546032e-01  4.24150000e-09  1.94998930e+00  4.24150000e-09  2.32640522e-03 
 4.75350000e-09  3.43210127e-03  4.75350000e-09  1.15839734e+00  4.75350000e-09 -1.93995313e-06 
 4.75450000e-09  3.32620038e-03  4.75450000e-09  1.11473110e+00  4.75450000e-09 -3.93961770e-07 
 4.75550000e-09  3.23288958e-03  4.75550000e-09  1.07061305e+00  4.75550000e-09 -2.09147563e-07 
 4.75650000e-09  3.15571478e-03  4.75650000e-09  1.02606131e+00  4.75650000e-09  2.09039090e-06 
 4.75750000e-09  3.09456081e-03  4.75750000e-09  9.81075192e-01  4.75750000e-09  2.96978860e-06 
 4.75850000e-09  3.04887046e-03  4.75850000e-09  9.35675664e-01  4.75850000e-09  5.28910644e-06 
 4.82150000e-09  9.07628821e-01  4.82150000e-09  4.74326447e-03  4.82150000e-09  2.02147231e-04 
 4.82250000e-09  9.48851318e-01  4.82250000e-09  4.76342084e-03  4.82250000e-09  1.85119447e-04 
 4.82350000e-09  9.89547153e-01  4.82350000e-09  4.76966833e-03  4.82350000e-09  1.60832748e-04 
 4.82450000e-09  1.02975534e+00  4.82450000e-09  4.73696240e-03  4.82450000e-09  1.15962732e-04 
 4.82550000e-09  1.06953964e+00  4.82550000e-09  4.65692226e-03  4.82550000e-09  5.23190215e-05 
 4.82650000e-09  1.10899817e+00  4.82650000e-09  4.54295588e-03  4.82650000e-09 -3.86742963e-05 
 5.15850000e-09  1.94995819e+00  5.15850000e-09  8.85105475e-01  5.15850000e-09 -9.49735282e-05 
 5.15950000e-09  1.94995858e+00  5.15950000e-09  9.55181423e-01  5.15950000e-09 -1.26779202e-04 
 5.16050000e-09  1.94995893e+00  5.16050000e-09  1.02462490e+00  5.16050000e-09 -1.46586320e-04 
 5.16150000e-09  1.94995930e+00  5.16150000e-09  1.09344442e+00  5.16150000e-09 -1.60175801e-04 
 5.16250000e-09  1.94995963e+00  5.16250000e-09  1.16175802e+00  5.16250000e-09 -1.78129345e-04 
 5.16350000e-09  1.94995998e+00  5.16350000e-09  1.22989580e+00  5.16350000e-09 -2.00016572e-04 
 5.27750000e-09  1.95000203e+00  5.27750000e-09  1.94988247e+00  5.27750000e-09  8.76202371e-01 
 5.27850000e-09  1.94966426e+00  5.27850000e-09  1.94988864e+00  5.27850000e-09  9.36904741e-01 
 5.27950000e-09  1.94930350e+00  5.27950000e-09  1.94989760e+00  5.27950000e-09  9.96636781e-01 
 5.28050000e-09  1.94892967e+00  5.28050000e-09  1.94990220e+00  5.28050000e-09  1.05758136e+00 
 5.28150000e-09  1.94849917e+00  5.28150000e-09  1.94991243e+00  5.28150000e-09  1.12362109e+00 
 5.28250000e-09  1.94804126e+00  5.28250000e-09  1.94990447e+00  5.28250000e-09  1.19670323e+00 
 5.35850000e-09  1.13676291e+00  5.35850000e-09  1.94997844e+00  5.35850000e-09  1.94950149e+00 
 5.35950000e-09  1.08477897e+00  5.35950000e-09  1.94997939e+00  5.35950000e-09  1.94950173e+00 
 5.36050000e-09  1.03308370e+00  5.36050000e-09  1.94997952e+00  5.36050000e-09  1.94957084e+00 
 5.36150000e-09  9.81569120e-01  5.36150000e-09  1.94998040e+00  5.36150000e-09  1.94956727e+00 
 5.36250000e-09  9.30213867e-01  5.36250000e-09  1.94998048e+00  5.36250000e-09  1.94963037e+00 
 5.36350000e-09  8.78943416e-01  5.36350000e-09  1.94998129e+00  5.36350000e-09  1.94962367e+00 
 5.83050000e-09 -1.83205778e-04  5.83050000e-09  1.98902690e+00  5.83050000e-09  1.94999930e+00 
 5.87550000e-09  3.43555103e-03  5.87550000e-09  1.15865184e+00  5.87550000e-09  1.94995952e+00 
 5.87650000e-09  3.32915528e-03  5.87650000e-09  1.11498946e+00  5.87650000e-09  1.94995800e+00 
 5.87750000e-09  3.23556720e-03  5.87750000e-09  1.07087535e+00  5.87750000e-09  1.94995890e+00 
 5.87850000e-09  3.15774099e-03  5.87850000e-09  1.02632705e+00  5.87850000e-09  1.94996350e+00 
 5.87950000e-09  3.09625681e-03  5.87950000e-09  9.81344143e-01  5.87950000e-09  1.94997208e+00 
 5.88050000e-09  3.05000471e-03  5.88050000e-09  9.35947057e-01  5.88050000e-09  1.94998524e+00 
 5.94350000e-09  9.06369429e-01  5.94350000e-09  5.34439232e-03  5.94350000e-09  1.94964115e+00 
 5.94450000e-09  9.47608347e-01  5.94450000e-09  5.33471386e-03  5.94450000e-09  1.95033176e+00 
 5.94550000e-09  9.88319613e-01  5.94550000e-09  5.30220831e-03  5.94550000e-09  1.95102246e+00 
 5.94650000e-09  1.02854183e+00  5.94650000e-09  5.24242188e-03  5.94650000e-09  1.95154405e+00 
 5.94750000e-09  1.06833777e+00  5.94750000e-09  5.14260911e-03  5.94750000e-09  1.95190421e+00 
 5.94850000e-09  1.10780167e+00  5.94850000e-09  5.01634290e-03  5.94850000e-09  1.95212773e+00 
 6.28050000e-09  1.94995819e+00  6.28050000e-09  8.84527935e-01  6.28050000e-09  1.94992889e+00 
 6.28150000e-09  1.94995856e+00  6.28150000e-09  9.54423946e-01  6.28150000e-09  1.94981713e+00 
 6.28250000e-09  1.94995892e+00  6.28250000e-09  1.02354772e+00  6.28250000e-09  1.94969014e+00 
 6.28350000e-09  1.94995928e+00  6.28350000e-09  1.09190119e+00  6.28350000e-09  1.94956431e+00 
 6.28450000e-09  1.94995962e+00  6.28450000e-09  1.15962026e+00  6.28450000e-09  1.94944744e+00 
 6.28550000e-09  1.94995996e+00  6.28550000e-09  1.22716910e+00  6.28550000e-09  1.94930589e+00 
 6.41350000e-09  1.94250249e+00  6.41350000e-09  1.94993245e+00  6.41350000e-09  1.19436442e+00 
 6.41450000e-09  1.94187136e+00  6.41450000e-09  1.94996211e+00  6.41450000e-09  1.13682996e+00 
 6.41550000e-09  1.94118528e+00  6.41550000e-09  1.94999166e+00  6.41550000e-09  1.07920254e+00 
 6.41650000e-09  1.94039574e+00  6.41650000e-09  1.95001859e+00  6.41650000e-09  1.02126644e+00 
 6.41750000e-09  1.93944173e+00  6.41750000e-09  1.95004330e+00  6.41750000e-09  9.62914864e-01 
 6.41850000e-09  1.93825645e+00  6.41850000e-09  1.95005880e+00  6.41850000e-09  9.03967169e-01 
 6.48050000e-09  1.13878724e+00  6.48050000e-09  1.94999168e+00  6.48050000e-09  2.76811770e-03 
 6.48150000e-09  1.08679088e+00  6.48150000e-09  1.94999142e+00  6.48150000e-09  2.66046411e-03 
 6.48250000e-09  1.03508732e+00  6.48250000e-09  1.94999021e+00  6.48250000e-09  2.58880515e-03 
 6.48350000e-09  9.83565649e-01  6.48350000e-09  1.94999017e+00  6.48350000e-09  2.48923114e-03 
 6.48450000e-09  9.32206408e-01  6.48450000e-09  1.94998919e+00  6.48450000e-09  2.42490145e-03 
 6.48550000e-09  8.80931780e-01  6.48550000e-09  1.94998932e+00  6.48550000e-09  2.33218162e-03 
 6.99850000e-09  3.33052156e-03  6.99850000e-09  1.11672528e+00  6.99850000e-09 -5.43165607e-07 
 6.99950000e-09  3.23680958e-03  6.99950000e-09  1.07262789e+00  6.99950000e-09 -1.67734415e-07 
 7.00050000e-09  3.15868201e-03  7.00050000e-09  1.02809545e+00  7.00050000e-09  1.71911698e-06 
 7.00150000e-09  3.09704620e-03  7.00150000e-09  9.83129102e-01  7.00150000e-09  2.69919193e-06 
 7.00250000e-09  3.05053211e-03  7.00250000e-09  9.37747853e-01  7.00250000e-09  5.03692727e-06 
 7.00350000e-09  3.01538612e-03  7.00350000e-09  8.91958988e-01  7.00350000e-09  6.14792145e-06 
 7.06550000e-09  9.05781354e-01  7.06550000e-09  4.74259617e-03  7.06550000e-09  2.01997491e-04 
 7.06650000e-09  9.47027993e-01  7.06650000e-09  4.76301771e-03  7.06650000e-09  1.86455269e-04 
 7.06750000e-09  9.87746502e-01  7.06750000e-09  4.77008801e-03  7.06750000e-09  1.62447909e-04 
 7.06850000e-09  1.02797531e+00  7.06850000e-09  4.73986467e-03  7.06850000e-09  1.18445467e-04 
 7.06950000e-09  1.06777670e+00  7.06950000e-09  4.66122826e-03  7.06950000e-09  5.56440835e-05 
 7.07050000e-09  1.10724732e+00  7.07050000e-09  4.54888936e-03  7.07050000e-09 -3.37450827e-05 
 7.40250000e-09  1.94995818e+00  7.40250000e-09  8.81962698e-01  7.40250000e-09 -9.32811306e-05 
 7.40350000e-09  1.94995855e+00  7.40350000e-09  9.52063569e-01  7.40350000e-09 -1.25692185e-04 
 7.40450000e-09  1.94995892e+00  7.40450000e-09  1.02153685e+00  7.40450000e-09 -1.45780718e-04 
 7.40550000e-09  1.94995928e+00  7.40550000e-09  1.09037628e+00  7.40550000e-09 -1.59454113e-04 
 7.40650000e-09  1.94995962e+00  7.40650000e-09  1.15868831e+00  7.40650000e-09 -1.76904497e-04 
 7.40750000e-09  1.94995996e+00  7.40750000e-09  1.22678687e+00  7.40750000e-09 -1.98588609e-04 
 7.52150000e-09  1.95001976e+00  7.52150000e-09  1.94988201e+00  7.52150000e-09  8.73283840e-01 
 7.52250000e-09  1.94968144e+00  7.52250000e-09  1.94988842e+00  7.52250000e-09  9.34053929e-01 
 7.52350000e-09  1.94932156e+00  7.52350000e-09  1.94989712e+00  7.52350000e-09  9.93805975e-01 
 7.52450000e-09  1.94894827e+00  7.52450000e-09  1.94990216e+00  7.52450000e-09  1.05457257e+00 
 7.52550000e-09  1.94852190e+00  7.52550000e-09  1.94991205e+00  7.52550000e-09  1.12028484e+00 
 7.52650000e-09  1.94806413e+00  7.52650000e-09  1.94990469e+00  7.52650000e-09  1.19321095e+00 
 7.60250000e-09  1.13920552e+00  7.60250000e-09  1.94997843e+00  7.60250000e-09  1.94949832e+00 
 7.60350000e-09  1.08720676e+00  7.60350000e-09  1.94997935e+00  7.60350000e-09  1.94950148e+00 
 7.60450000e-09  1.03550165e+00  7.60450000e-09  1.94997952e+00  7.60450000e-09  1.94956800e+00 
 7.60550000e-09  9.83978638e-01  7.60550000e-09  1.94998036e+00  7.60550000e-09  1.94956722e+00 
 7.60650000e-09  9.32618803e-01  7.60650000e-09  1.94998048e+00  7.60650000e-09  1.94962779e+00 
 7.60750000e-09  8.81343548e-01  7.60750000e-09  1.94998126e+00  7.60750000e-09  1.94962376e+00 
 8.12050000e-09  3.33129111e-03  8.12050000e-09  1.11745369e+00  8.12050000e-09  1.94995801e+00 
 8.12150000e-09  3.23752041e-03  8.12150000e-09  1.07336509e+00  8.12150000e-09  1.94995878e+00 
 8.12250000e-09  3.15922853e-03  8.12250000e-09  1.02884065e+00  8.12250000e-09  1.94996312e+00 
 8.12350000e-09  3.09751104e-03  8.12350000e-09  9.83882191e-01  8.12350000e-09  1.94997151e+00 
 8.12450000e-09  3.05085030e-03  8.12450000e-09  9.38507732e-01  8.12450000e-09  1.94998438e+00 
 8.12550000e-09  3.01568048e-03  8.12550000e-09  8.92725138e-01  8.12550000e-09  1.95000165e+00 
 8.18750000e-09  9.05412571e-01  8.18750000e-09  5.34487373e-03  8.18750000e-09  1.94960567e+00 
 8.18850000e-09  9.46664006e-01  8.18850000e-09  5.33597789e-03  8.18850000e-09  1.95028877e+00 
 8.18950000e-09  9.87387041e-01  8.18950000e-09  5.30443725e-03  8.18950000e-09  1.95098874e+00 
 8.19050000e-09  1.02761998e+00  8.19050000e-09  5.24709714e-03  8.19050000e-09  1.95151988e+00 
 8.19150000e-09  1.06742480e+00  8.19150000e-09  5.14862247e-03  8.19150000e-09  1.95188813e+00 
 8.19250000e-09  1.10689504e+00  8.19250000e-09  5.02444788e-03  8.19250000e-09  1.95211892e+00 
 8.52450000e-09  1.94995818e+00  8.52450000e-09  8.82964671e-01  8.52450000e-09  1.94993112e+00 
 8.52550000e-09  1.94995855e+00  8.52550000e-09  9.52875799e-01  8.52550000e-09  1.94981980e+00 
 8.52650000e-09  1.94995892e+00  8.52650000e-09  1.02201738e+00  8.52650000e-09  1.94969300e+00 
 8.52750000e-09  1.94995927e+00  8.52750000e-09  1.09038677e+00  8.52750000e-09  1.94956666e+00 
 8.52850000e-09  1.94995962e+00  8.52850000e-09  1.15811613e+00  8.52850000e-09  1.94945036e+00 
 8.52950000e-09  1.94995995e+00  8.52950000e-09  1.22569837e+00  8.52950000e-09  1.94930890e+00 
 8.65750000e-09  1.94251507e+00  8.65750000e-09  1.94993177e+00  8.65750000e-09  1.19560793e+00 
 8.65850000e-09  1.94188493e+00  8.65850000e-09  1.94996150e+00  8.65850000e-09  1.13807358e+00 
 8.65950000e-09  1.94120046e+00  8.65950000e-09  1.94999104e+00  8.65950000e-09  1.08045124e+00 
 8.66050000e-09  1.94041366e+00  8.66050000e-09  1.95001805e+00  8.66050000e-09  1.02252208e+00 
 8.66150000e-09  1.93946364e+00  8.66150000e-09  1.95004282e+00  8.66150000e-09  9.64182257e-01 
 8.66250000e-09  1.93828360e+00  8.66250000e-09  1.95005855e+00  8.66250000e-09  9.05247200e-01 
 8.72450000e-09  1.13984717e+00  8.72450000e-09  1.94999170e+00  8.72450000e-09  2.76964372e-03 
 8.72550000e-09  1.08784438e+00  8.72550000e-09  1.94999143e+00  8.72550000e-09  2.66346047e-03 
 8.72650000e-09  1.03613653e+00  8.72650000e-09  1.94999023e+00  8.72650000e-09  2.59012890e-03 
 8.72750000e-09  9.84611184e-01  8.72750000e-09  1.94999018e+00  8.72750000e-09  2.49203380e-03 
 8.72850000e-09  9.33249950e-01  8.72850000e-09  1.94998921e+00  8.72850000e-09  2.42605914e-03 
 8.72950000e-09  8.81973330e-01  8.72950000e-09  1.94998932e+00  8.72950000e-09  2.33481955e-03 
 9.24250000e-09  3.33255374e-03  9.24250000e-09  1.11796670e+00  9.24250000e-09 -6.09733614e-07 
 9.24350000e-09  3.23865343e-03  9.24350000e-09  1.07388219e+00  9.24350000e-09 -1.63102702e-07 
 9.24450000e-09  3.16008101e-03  9.24450000e-09  1.02936177e+00  9.24450000e-09  1.64103982e-06 
 9.24550000e-09  3.09821699e-03  9.24550000e-09  9.84407759e-01  9.24550000e-09  2.68480429e-06 
 9.24650000e-09  3.05131591e-03  9.24650000e-09  9.39037916e-01  9.24650000e-09  4.95319013e-06 
 9.24750000e-09  3.01609558e-03  9.24750000e-09  8.93260532e-01  9.24750000e-09  6.13574195e-06 
 9.30950000e-09  9.04906822e-01  9.30950000e-09  4.74204305e-03  9.30950000e-09  2.01734553e-04 
 9.31050000e-09  9.46164885e-01  9.31050000e-09  4.76255827e-03  9.31050000e-09  1.87191162e-04 
 9.31150000e-09  9.86894148e-01  9.31150000e-09  4.77012648e-03  9.31150000e-09  1.63371203e-04 
 9.31250000e-09  1.02713276e+00  9.31250000e-09  4.74149574e-03  9.31250000e-09  1.19964897e-04 
 9.31350000e-09  1.06694230e+00  9.31350000e-09  4.66378969e-03  9.31350000e-09  5.76870185e-05 
 9.31450000e-09  1.10641873e+00  9.31450000e-09  4.55253494e-03  9.31450000e-09 -3.06645709e-05 
 9.64650000e-09  1.94995818e+00  9.64650000e-09  8.80575941e-01  9.64650000e-09 -9.25246996e-05 
 9.64750000e-09  1.94995854e+00  9.64750000e-09  9.50687353e-01  9.64750000e-09 -1.25208577e-04 
 9.64850000e-09  1.94995891e+00  9.64850000e-09  1.02017349e+00  9.64850000e-09 -1.45416517e-04 
 9.64950000e-09  1.94995926e+00  9.64950000e-09  1.08902418e+00  9.64950000e-09 -1.59293947e-04 
 9.65050000e-09  1.94995962e+00  9.65050000e-09  1.15734404e+00  9.65050000e-09 -1.76487387e-04 
 9.65150000e-09  1.94995994e+00  9.65150000e-09  1.22546820e+00  9.65150000e-09 -1.98464852e-04 
 9.76550000e-09  1.95002624e+00  9.76550000e-09  1.94988181e+00  9.76550000e-09  8.72116248e-01 
 9.76650000e-09  1.94968769e+00  9.76650000e-09  1.94988833e+00  9.76650000e-09  9.32912972e-01 
 9.76750000e-09  1.94932812e+00  9.76750000e-09  1.94989692e+00  9.76750000e-09  9.92673247e-01 
 9.76850000e-09  1.94895501e+00  9.76850000e-09  1.94990214e+00  9.76850000e-09  1.05337272e+00 
 9.76950000e-09  1.94853012e+00  9.76950000e-09  1.94991189e+00  9.76950000e-09  1.11895282e+00 
 9.77050000e-09  1.94807240e+00  9.77050000e-09  1.94990479e+00  9.77050000e-09  1.19180934e+00 
 9.84650000e-09  1.14023972e+00  9.84650000e-09  1.94997843e+00  9.84650000e-09  1.94949711e+00 
 9.84750000e-09  1.08823414e+00  9.84750000e-09  1.94997933e+00  9.84750000e-09  1.94950146e+00 
 9.84850000e-09  1.03652424e+00  9.84850000e-09  1.94997951e+00  9.84850000e-09  1.94956686e+00 
 9.84950000e-09  9.84997130e-01  9.84950000e-09  1.94998034e+00  9.84950000e-09  1.94956724e+00 
 9.85050000e-09  9.33634789e-01  9.85050000e-09  1.94998048e+00  9.85050000e-09  1.94962671e+00 
 9.85150000e-09  8.82357102e-01  9.85150000e-09  1.94998124e+00  9.85150000e-09  1.94962382e+00 
 1.03645000e-08  3.33625451e-03  1.03645000e-08  1.11820516e+00  1.03645000e-08  1.94995801e+00 
 1.03655000e-08  3.24200864e-03  1.03655000e-08  1.07412436e+00  1.03655000e-08  1.94995875e+00 
 1.03665000e-08  3.16262161e-03  1.03665000e-08  1.02960722e+00  1.03665000e-08  1.94996300e+00 
 1.03675000e-08  3.10033867e-03  1.03675000e-08  9.84656237e-01  1.03675000e-08  1.94997133e+00 
 1.03685000e-08  3.05272609e-03  1.03685000e-08  9.39288701e-01  1.03685000e-08  1.94998411e+00 
 1.03695000e-08  3.01736155e-03  1.03695000e-08  8.93513087e-01  1.03695000e-08  1.95000133e+00 
 1.04325000e-08  9.44609897e-01  1.04325000e-08  5.33624872e-03  1.04325000e-08  1.95027517e+00 
 1.04335000e-08  9.85358577e-01  1.04335000e-08  5.30510691e-03  1.04335000e-08  1.95097798e+00 
 1.04345000e-08  1.02561491e+00  1.04345000e-08  5.24845981e-03  1.04345000e-08  1.95151210e+00 
 1.04355000e-08  1.06543924e+00  1.04355000e-08  5.15051514e-03  1.04355000e-08  1.95188291e+00 
 1.04365000e-08  1.10492349e+00  1.04365000e-08  5.02692835e-03  1.04365000e-08  1.95211601e+00 
 1.04375000e-08  1.14419725e+00  1.04375000e-08  4.87174885e-03  1.04375000e-08  1.95223068e+00 
 1.07685000e-08  1.94995817e+00  1.07685000e-08  8.79565568e-01  1.07685000e-08  1.94993596e+00 
 1.07695000e-08  1.94995852e+00  1.07695000e-08  9.49509795e-01  1.07695000e-08  1.94982558e+00 
 1.07705000e-08  1.94995891e+00  1.07705000e-08  1.01869027e+00  1.07705000e-08  1.94969920e+00 
 1.07715000e-08  1.94995925e+00  1.07715000e-08  1.08709484e+00  1.07715000e-08  1.94957178e+00 
 1.07725000e-08  1.94995961e+00  1.07725000e-08  1.15484759e+00  1.07725000e-08  1.94945675e+00 
 1.07735000e-08  1.94995993e+00  1.07735000e-08  1.22242029e+00  1.07735000e-08  1.94931639e+00 
 1.09015000e-08  1.94254767e+00  1.09015000e-08  1.94993022e+00  1.09015000e-08  1.19838831e+00 
 1.09025000e-08  1.94191956e+00  1.09025000e-08  1.94996013e+00  1.09025000e-08  1.14085407e+00 
 1.09035000e-08  1.94123877e+00  1.09035000e-08  1.94998974e+00  1.09035000e-08  1.08324292e+00 
 1.09045000e-08  1.94045892e+00  1.09045000e-08  1.95001693e+00  1.09045000e-08  1.02532881e+00 
 1.09055000e-08  1.93951938e+00  1.09055000e-08  1.95004172e+00  1.09055000e-08  9.67015418e-01 
 1.09065000e-08  1.93835323e+00  1.09065000e-08  1.95005792e+00  1.09065000e-08  9.08109269e-01 
 1.09685000e-08  1.14263054e+00  1.09685000e-08  1.94999176e+00  1.09685000e-08  2.77287558e-03 
 1.09695000e-08  1.09061146e+00  1.09695000e-08  1.94999145e+00  1.09695000e-08  2.66934147e-03 
 1.09705000e-08  1.03889019e+00  1.09705000e-08  1.94999027e+00  1.09705000e-08  2.59294314e-03 
 1.09715000e-08  9.87355718e-01  1.09715000e-08  1.94999019e+00  1.09715000e-08  2.49752239e-03 
 1.09725000e-08  9.35987436e-01  1.09725000e-08  1.94998924e+00  1.09725000e-08  2.42853140e-03 
 1.09735000e-08  8.84706158e-01  1.09735000e-08  1.94998933e+00  1.09735000e-08  2.33997615e-03 
 1.14865000e-08  3.33945620e-03  1.14865000e-08  1.12006159e+00  1.14865000e-08 -7.32638240e-07 
 1.14875000e-08  3.24491985e-03  1.14875000e-08  1.07599879e+00  1.14875000e-08 -1.43693931e-07 
 1.14885000e-08  3.16483771e-03  1.14885000e-08  1.03149867e+00  1.14885000e-08  1.49812918e-06 
 1.14895000e-08  3.10219579e-03  1.14895000e-08  9.86565453e-01  1.14895000e-08  2.67056300e-06 
 1.14905000e-08  3.05396958e-03  1.14905000e-08  9.41214862e-01  1.14905000e-08  4.80196228e-06 
 1.14915000e-08  3.01847458e-03  1.14915000e-08  8.95456906e-01  1.14915000e-08  6.12379575e-06 
 1.15545000e-08  9.43302746e-01  1.15545000e-08  4.76132133e-03  1.15545000e-08  1.88340572e-04 
 1.15555000e-08  9.84067799e-01  1.15555000e-08  4.76999700e-03  1.15555000e-08  1.64840782e-04 
 1.15565000e-08  1.02433910e+00  1.15565000e-08  4.74383518e-03  1.15565000e-08  1.22490584e-04 
 1.15575000e-08  1.06417596e+00  1.15575000e-08  4.66808431e-03  1.15575000e-08  6.11182035e-05 
 1.15585000e-08  1.10367206e+00  1.15585000e-08  4.55849207e-03  1.15585000e-08 -2.54401058e-05 
 1.15595000e-08  1.14295331e+00  1.15595000e-08  4.42797437e-03  1.15595000e-08 -1.23499745e-04 
 1.18905000e-08  1.94995816e+00  1.18905000e-08  8.75682843e-01  1.18905000e-08 -9.00245842e-05 
 1.18915000e-08  1.94995851e+00  1.18915000e-08  9.45832286e-01  1.18915000e-08 -1.23545111e-04 
 1.18925000e-08  1.94995890e+00  1.18925000e-08  1.01536456e+00  1.18925000e-08 -1.44081000e-04 
 1.18935000e-08  1.94995923e+00  1.18935000e-08  1.08425626e+00  1.18935000e-08 -1.58753257e-04 
 1.18945000e-08  1.94995961e+00  1.18945000e-08  1.15261758e+00  1.18945000e-08 -1.74762654e-04 
 1.18955000e-08  1.94995992e+00  1.18955000e-08  1.22073259e+00  1.18955000e-08 -1.96807801e-04 
 1.20095000e-08  1.95004919e+00  1.20095000e-08  1.94988112e+00  1.20095000e-08  8.67814164e-01 
 1.20105000e-08  1.94971003e+00  1.20105000e-08  1.94988801e+00  1.20105000e-08  9.28713474e-01 
 1.20115000e-08  1.94935164e+00  1.20115000e-08  1.94989619e+00  1.20115000e-08  9.88511507e-01 
 1.20125000e-08  1.94897922e+00  1.20125000e-08  1.94990207e+00  1.20125000e-08  1.04899348e+00 
 1.20135000e-08  1.94855963e+00  1.20135000e-08  1.94991125e+00  1.20135000e-08  1.11409856e+00 
 1.20145000e-08  1.94810202e+00  1.20145000e-08  1.94990523e+00  1.20145000e-08  1.18666735e+00 
 1.20905000e-08  1.14364074e+00  1.20905000e-08  1.94997842e+00  1.20905000e-08  1.94949221e+00 
 1.20915000e-08  1.09161597e+00  1.20915000e-08  1.94997926e+00  1.20915000e-08  1.94950130e+00 
 1.20925000e-08  1.03988930e+00  1.20925000e-08  1.94997951e+00  1.20925000e-08  1.94956241e+00 
 1.20935000e-08  9.88351664e-01  1.20935000e-08  1.94998028e+00  1.20935000e-08  1.94956734e+00 
 1.20945000e-08  9.36980451e-01  1.20945000e-08  1.94998048e+00  1.20945000e-08  1.94962268e+00 
 1.20955000e-08  8.85697702e-01  1.20955000e-08  1.94998118e+00  1.20955000e-08  1.94962415e+00 
 1.26085000e-08  3.34036115e-03  1.26085000e-08  1.12065801e+00  1.26085000e-08  1.94995803e+00 
 1.26095000e-08  3.24574878e-03  1.26095000e-08  1.07660268e+00  1.26095000e-08  1.94995865e+00 
 1.26105000e-08  3.16547523e-03  1.26105000e-08  1.03210939e+00  1.26105000e-08  1.94996264e+00 
 1.26115000e-08  3.10273302e-03  1.26115000e-08  9.87182809e-01  1.26115000e-08  1.94997078e+00 
 1.26125000e-08  3.05433464e-03  1.26125000e-08  9.41837913e-01  1.26125000e-08  1.94998326e+00 
 1.26135000e-08  3.01880254e-03  1.26135000e-08  8.96085080e-01  1.26135000e-08  1.95000036e+00 
 1.26765000e-08  9.42955450e-01  1.26765000e-08  5.33724720e-03  1.26765000e-08  1.95023136e+00 
 1.26775000e-08  9.83724801e-01  1.26775000e-08  5.30733703e-03  1.26775000e-08  1.95094334e+00 
 1.26785000e-08  1.02400016e+00  1.26785000e-08  5.25287610e-03  1.26785000e-08  1.95148702e+00 
 1.26795000e-08  1.06384030e+00  1.26795000e-08  5.15661326e-03  1.26795000e-08  1.95186608e+00 
 1.26805000e-08  1.10333611e+00  1.26805000e-08  5.03489650e-03  1.26805000e-08  1.95210659e+00 
 1.26815000e-08  1.14261561e+00  1.26815000e-08  4.88071812e-03  1.26815000e-08  1.95222686e+00 
 1.30125000e-08  1.94995816e+00  1.30125000e-08  8.76764601e-01  1.30125000e-08  1.94993991e+00 
 1.30135000e-08  1.94995850e+00  1.30135000e-08  9.46736008e-01  1.30135000e-08  1.94983034e+00 
 1.30145000e-08  1.94995890e+00  1.30145000e-08  1.01594856e+00  1.30145000e-08  1.94970430e+00 
 1.30155000e-08  1.94995922e+00  1.30155000e-08  1.08438247e+00  1.30155000e-08  1.94957637e+00 
 1.30165000e-08  1.94995960e+00  1.30165000e-08  1.15217024e+00  1.30165000e-08  1.94946179e+00 
 1.30175000e-08  1.94995991e+00  1.30175000e-08  1.21971816e+00  1.30175000e-08  1.94932269e+00 
 1.31465000e-08  1.94194183e+00  1.31465000e-08  1.94995899e+00  1.31465000e-08  1.14317493e+00 
 1.31475000e-08  1.94126338e+00  1.31475000e-08  1.94998847e+00  1.31475000e-08  1.08557292e+00 
 1.31485000e-08  1.94048785e+00  1.31485000e-08  1.95001577e+00  1.31485000e-08  1.02767152e+00 
 1.31495000e-08  1.93955455e+00  1.31495000e-08  1.95004080e+00  1.31495000e-08  9.69379649e-01 
 1.31505000e-08  1.93839695e+00  1.31505000e-08  1.95005751e+00  1.31505000e-08  9.10496222e-01 
 1.31515000e-08  1.93697359e+00  1.31515000e-08  1.95006908e+00  1.31515000e-08  8.50987584e-01 
 1.32125000e-08  1.14439967e+00  1.32125000e-08  1.94999181e+00  1.32125000e-08  2.77547483e-03 
 1.32135000e-08  1.09237075e+00  1.32135000e-08  1.94999147e+00  1.32135000e-08  2.67354408e-03 
 1.32145000e-08  1.04064018e+00  1.32145000e-08  1.94999031e+00  1.32145000e-08  2.59522086e-03 
 1.32155000e-08  9.89100302e-01  1.32155000e-08  1.94999020e+00  1.32155000e-08  2.50143419e-03 
 1.32165000e-08  9.37726889e-01  1.32165000e-08  1.94998927e+00  1.32165000e-08  2.43054782e-03 
 1.32175000e-08  8.86443248e-01  1.32175000e-08  1.94998933e+00  1.32175000e-08  2.34364500e-03 
 1.37305000e-08  3.34190197e-03  1.37305000e-08  1.12179037e+00  1.37305000e-08 -8.29761781e-07 
 1.37315000e-08  3.24714375e-03  1.37315000e-08  1.07774545e+00  1.37315000e-08 -1.30729733e-07 
 1.37325000e-08  3.16653303e-03  1.37325000e-08  1.03326218e+00  1.37325000e-08  1.38459056e-06 
 1.37335000e-08  3.10361437e-03  1.37335000e-08  9.88346088e-01  1.37335000e-08  2.65567512e-06 
 1.37345000e-08  3.05491899e-03  1.37345000e-08  9.43011482e-01  1.37345000e-08  4.68013941e-06 
 1.37355000e-08  3.01931855e-03  1.37355000e-08  8.97269523e-01  1.37355000e-08  6.11107886e-06 
 1.37985000e-08  9.42343072e-01  1.37985000e-08  4.76099176e-03  1.37985000e-08  1.89506563e-04 
 1.37995000e-08  9.83119949e-01  1.37995000e-08  4.77051372e-03  1.37995000e-08  1.66161657e-04 
 1.38005000e-08  1.02340243e+00  1.38005000e-08  4.74620162e-03  1.38005000e-08  1.24593459e-04 
 1.38015000e-08  1.06324833e+00  1.38015000e-08  4.67198259e-03  1.38015000e-08  6.38955741e-05 
 1.38025000e-08  1.10275133e+00  1.38025000e-08  4.56362777e-03  1.38025000e-08 -2.12147577e-05 
 1.38035000e-08  1.14203277e+00  1.38035000e-08  4.43318647e-03  1.38035000e-08 -1.20051089e-04 
 1.41345000e-08  1.94995816e+00  1.41345000e-08  8.74008021e-01  1.41345000e-08 -8.91629334e-05 
 1.41355000e-08  1.94995849e+00  1.41355000e-08  9.44170467e-01  1.41355000e-08 -1.22972353e-04 
 1.41365000e-08  1.94995890e+00  1.41365000e-08  1.01371860e+00  1.41365000e-08 -1.43624452e-04 
 1.41375000e-08  1.94995922e+00  1.41375000e-08  1.08262455e+00  1.41375000e-08 -1.58559505e-04 
 1.41385000e-08  1.94995960e+00  1.41385000e-08  1.15099615e+00  1.41385000e-08 -1.74109210e-04 
 1.41395000e-08  1.94995990e+00  1.41395000e-08  1.21911262e+00  1.41395000e-08 -1.96323510e-04 
 1.42535000e-08  1.95005896e+00  1.42535000e-08  1.94988088e+00  1.42535000e-08  8.66301816e-01 
 1.42545000e-08  1.94971955e+00  1.42545000e-08  1.94988791e+00  1.42545000e-08  9.27239413e-01 
 1.42555000e-08  1.94936168e+00  1.42555000e-08  1.94989593e+00  1.42555000e-08  9.87053712e-01 
 1.42565000e-08  1.94898956e+00  1.42565000e-08  1.94990205e+00  1.42565000e-08  1.04746889e+00 
 1.42575000e-08  1.94857222e+00  1.42575000e-08  1.94991101e+00  1.42575000e-08  1.11241176e+00 
 1.42585000e-08  1.94811464e+00  1.42585000e-08  1.94990542e+00  1.42585000e-08  1.18486766e+00 
 1.43345000e-08  1.14512821e+00  1.43345000e-08  1.94997842e+00  1.43345000e-08  1.94949042e+00 
 1.43355000e-08  1.09309525e+00  1.43355000e-08  1.94997924e+00  1.43355000e-08  1.94950130e+00 
 1.43365000e-08  1.04136090e+00  1.43365000e-08  1.94997951e+00  1.43365000e-08  1.94956078e+00 
 1.43375000e-08  9.89818831e-01  1.43375000e-08  1.94998025e+00  1.43375000e-08  1.94956743e+00 
 1.43385000e-08  9.38443428e-01  1.43385000e-08  1.94998048e+00  1.43385000e-08  1.94962120e+00 
 1.43395000e-08  8.87158817e-01  1.43395000e-08  1.94998116e+00  1.43395000e-08  1.94962432e+00 
 1.48525000e-08  3.34520768e-03  1.48525000e-08  1.12185596e+00  1.48525000e-08  1.94995803e+00 
 1.48535000e-08  3.25015196e-03  1.48535000e-08  1.07781298e+00  1.48535000e-08  1.94995861e+00 
 1.48545000e-08  3.16883168e-03  1.48545000e-08  1.03333135e+00  1.48545000e-08  1.94996245e+00 
 1.48555000e-08  3.10553809e-03  1.48555000e-08  9.88416613e-01  1.48555000e-08  1.94997052e+00 
 1.48565000e-08  3.05620867e-03  1.48565000e-08  9.43082791e-01  1.48565000e-08  1.94998284e+00 
 1.48575000e-08  3.02045961e-03  1.48575000e-08  8.97341045e-01  1.48575000e-08  1.94999979e+00 
 1.49205000e-08  9.40986148e-01  1.49205000e-08  5.33809237e-03  1.49205000e-08  1.95020977e+00 
 1.49215000e-08  9.81779846e-01  1.49215000e-08  5.30873047e-03  1.49215000e-08  1.95092648e+00 
 1.49225000e-08  1.02207826e+00  1.49225000e-08  5.25528834e-03  1.49225000e-08  1.95147492e+00 
 1.49235000e-08  1.06193708e+00  1.49235000e-08  5.15978962e-03  1.49235000e-08  1.95185803e+00 
 1.49245000e-08  1.10144721e+00  1.49245000e-08  5.03895323e-03  1.49245000e-08  1.95210215e+00 
 1.49255000e-08  1.14073352e+00  1.49255000e-08  4.88522710e-03  1.49255000e-08  1.95222514e+00 
 1.52565000e-08  1.94995815e+00  1.52565000e-08  8.73368752e-01  1.52565000e-08  1.94994473e+00 
 1.52575000e-08  1.94995848e+00  1.52575000e-08  9.43372975e-01  1.52575000e-08  1.94983615e+00 
 1.52585000e-08  1.94995889e+00  1.52585000e-08  1.01262447e+00  1.52585000e-08  1.94971053e+00 
 1.52595000e-08  1.94995920e+00  1.52595000e-08  1.08108487e+00  1.52595000e-08  1.94958232e+00 
 1.52605000e-08  1.94995960e+00  1.52605000e-08  1.14888795e+00  1.52605000e-08  1.94946794e+00 
 1.52615000e-08  1.94995989e+00  1.52615000e-08  1.21643098e+00  1.52615000e-08  1.94932992e+00 
 1.53905000e-08  1.94197823e+00  1.53905000e-08  1.94995764e+00  1.53905000e-08  1.14592760e+00 
 1.53915000e-08  1.94130378e+00  1.53915000e-08  1.94998705e+00  1.53915000e-08  1.08833598e+00 
 1.53925000e-08  1.94053547e+00  1.53925000e-08  1.95001453e+00  1.53925000e-08  1.03044921e+00 
 1.53935000e-08  1.93961288e+00  1.53935000e-08  1.95003967e+00  1.53935000e-08  9.72182742e-01 
 1.53945000e-08  1.93846973e+00  1.53945000e-08  1.95005694e+00  1.53945000e-08  9.13327037e-01 
 1.53955000e-08  1.93706156e+00  1.53955000e-08  1.95006858e+00  1.53955000e-08  8.53852872e-01 
 1.54565000e-08  1.14739389e+00  1.54565000e-08  1.94999187e+00  1.54565000e-08  2.77918708e-03 
 1.54575000e-08  1.09534837e+00  1.54575000e-08  1.94999149e+00  1.54575000e-08  2.67859247e-03 
 1.54585000e-08  1.04360217e+00  1.54585000e-08  1.94999036e+00  1.54585000e-08  2.59849998e-03 
 1.54595000e-08  9.92053236e-01  1.54595000e-08  1.94999021e+00  1.54595000e-08  2.50610715e-03 
 1.54605000e-08  9.40671279e-01  1.54605000e-08  1.94998931e+00  1.54605000e-08  2.43352676e-03 
 1.54615000e-08  8.89383434e-01  1.54615000e-08  1.94998932e+00  1.54615000e-08  2.34802535e-03 
 1.59745000e-08  3.34891073e-03  1.59745000e-08  1.12386013e+00  1.59745000e-08 -9.29773799e-07 
 1.59755000e-08  3.25352542e-03  1.59755000e-08  1.07983663e+00  1.59755000e-08 -1.40118293e-07 
 1.59765000e-08  3.17141868e-03  1.59765000e-08  1.03537356e+00  1.59765000e-08  1.24912388e-06 
 1.59775000e-08  3.10770416e-03  1.59775000e-08  9.90478011e-01  1.59775000e-08  2.62085544e-06 
 1.59785000e-08  3.05766617e-03  1.59785000e-08  9.45162586e-01  1.59785000e-08  4.54343435e-06 
 1.59795000e-08  3.02174084e-03  1.59795000e-08  8.99439820e-01  1.59795000e-08  6.08804679e-06 
 1.60425000e-08  9.39442024e-01  1.60425000e-08  4.75972855e-03  1.60425000e-08  1.90554422e-04 
 1.60435000e-08  9.80254862e-01  1.60435000e-08  4.77027544e-03  1.60435000e-08  1.67507775e-04 
 1.60445000e-08  1.02057142e+00  1.60445000e-08  4.74830337e-03  1.60445000e-08  1.27020860e-04 
 1.60455000e-08  1.06044502e+00  1.60455000e-08  4.67610142e-03  1.60455000e-08  6.71684716e-05 
 1.60465000e-08  1.09996930e+00  1.60465000e-08  4.56940088e-03  1.60465000e-08 -1.61441721e-05 
 1.60475000e-08  1.13926104e+00  1.60475000e-08  4.43916891e-03  1.60475000e-08 -1.16089904e-04 
 1.63785000e-08  1.94995814e+00  1.63785000e-08  8.69056682e-01  1.63785000e-08 -8.66048183e-05 
 1.63795000e-08  1.94995846e+00  1.63795000e-08  9.39256924e-01  1.63795000e-08 -1.21227362e-04 
 1.63805000e-08  1.94995888e+00  1.63805000e-08  1.00885161e+00  1.63805000e-08 -1.42267393e-04 
 1.63815000e-08  1.94995918e+00  1.63815000e-08  1.07779983e+00  1.63815000e-08 -1.57967599e-04 
 1.63825000e-08  1.94995959e+00  1.63825000e-08  1.14620265e+00  1.63825000e-08 -1.72204661e-04 
 1.63835000e-08  1.94995987e+00  1.63835000e-08  1.21432454e+00  1.63835000e-08 -1.94893811e-04 
 1.64975000e-08  1.95008588e+00  1.64975000e-08  1.94988016e+00  1.64975000e-08  8.61954093e-01 
 1.64985000e-08  1.94974595e+00  1.64985000e-08  1.94988762e+00  1.64985000e-08  9.22998553e-01 
 1.64995000e-08  1.94938956e+00  1.64995000e-08  1.94989515e+00  1.64995000e-08  9.82859985e-01 
 1.65005000e-08  1.94901829e+00  1.65005000e-08  1.94990196e+00  1.65005000e-08  1.04310199e+00 
 1.65015000e-08  1.94860713e+00  1.65015000e-08  1.94991026e+00  1.65015000e-08  1.10759012e+00 
 1.65025000e-08  1.94814958e+00  1.65025000e-08  1.94990603e+00  1.65025000e-08  1.17967943e+00 
 1.65785000e-08  1.14909738e+00  1.65785000e-08  1.94997842e+00  1.65785000e-08  1.94948501e+00 
 1.65795000e-08  1.09704240e+00  1.65795000e-08  1.94997916e+00  1.65795000e-08  1.94950144e+00 
 1.65805000e-08  1.04528725e+00  1.65805000e-08  1.94997951e+00  1.65805000e-08  1.94955585e+00 
 1.65815000e-08  9.93733118e-01  1.65815000e-08  1.94998018e+00  1.65815000e-08  1.94956783e+00 
 1.65825000e-08  9.42346337e-01  1.65825000e-08  1.94998048e+00  1.65825000e-08  1.94961669e+00 
 1.65835000e-08  8.91056149e-01  1.65835000e-08  1.94998109e+00  1.65835000e-08  1.94962494e+00 
 1.70965000e-08  3.35290894e-03  1.70965000e-08  1.12490774e+00  1.70965000e-08  1.94995806e+00 
 1.70975000e-08  3.25715071e-03  1.70975000e-08  1.08089639e+00  1.70975000e-08  1.94995850e+00 
 1.70985000e-08  3.17424041e-03  1.70985000e-08  1.03644458e+00  1.70985000e-08  1.94996202e+00 
 1.70995000e-08  3.11004765e-03  1.70995000e-08  9.91560188e-01  1.70995000e-08  1.94996985e+00 
 1.71005000e-08  3.05927787e-03  1.71005000e-08  9.46254717e-01  1.71005000e-08  1.94998181e+00 
 1.71015000e-08  3.02312774e-03  1.71015000e-08  9.00541344e-01  1.71015000e-08  1.94999852e+00 
 1.71645000e-08  9.37787152e-01  1.71645000e-08  5.33911649e-03  1.71645000e-08  1.95015551e+00 
 1.71655000e-08  9.78620780e-01  1.71655000e-08  5.31117225e-03  1.71655000e-08  1.95088323e+00 
 1.71665000e-08  1.01895662e+00  1.71665000e-08  5.26040069e-03  1.71665000e-08  1.95144332e+00 
 1.71675000e-08  1.05884639e+00  1.71675000e-08  5.16699225e-03  1.71675000e-08  1.95183663e+00 
 1.71685000e-08  1.09838007e+00  1.71685000e-08  5.04850030e-03  1.71685000e-08  1.95208995e+00 
 1.71695000e-08  1.13767834e+00  1.71695000e-08  4.89605320e-03  1.71695000e-08  1.95221994e+00 
 1.75005000e-08  1.94995814e+00  1.75005000e-08  8.67871148e-01  1.75005000e-08  1.94995229e+00 
 1.75015000e-08  1.94995843e+00  1.75015000e-08  9.37927619e-01  1.75015000e-08  1.94984525e+00 
 1.75025000e-08  1.94995887e+00  1.75025000e-08  1.00724593e+00  1.75025000e-08  1.94972058e+00 
 1.75035000e-08  1.94995916e+00  1.75035000e-08  1.07576935e+00  1.75035000e-08  1.94959219e+00 
 1.75045000e-08  1.94995958e+00  1.75045000e-08  1.14361464e+00  1.75045000e-08  1.94947776e+00 
 1.75055000e-08  1.94995985e+00  1.75055000e-08  1.21115461e+00  1.75055000e-08  1.94934145e+00 
 1.76345000e-08  1.94202646e+00  1.76345000e-08  1.94995523e+00  1.76345000e-08  1.15034072e+00 
 1.76355000e-08  1.94135687e+00  1.76355000e-08  1.94998472e+00  1.76355000e-08  1.09276275e+00 
 1.76365000e-08  1.94059764e+00  1.76365000e-08  1.95001262e+00  1.76365000e-08  1.03489940e+00 
 1.76375000e-08  1.93968880e+00  1.76375000e-08  1.95003795e+00  1.76375000e-08  9.76669952e-01 
 1.76385000e-08  1.93856447e+00  1.76385000e-08  1.95005615e+00  1.76385000e-08  9.17857855e-01 
 1.76395000e-08  1.93717643e+00  1.76395000e-08  1.95006785e+00  1.76395000e-08  8.58435102e-01 
 1.77005000e-08  1.15132687e+00  1.77005000e-08  1.94999198e+00  1.77005000e-08  2.78579331e-03 
 1.77015000e-08  1.09925942e+00  1.77015000e-08  1.94999151e+00  1.77015000e-08  2.68610686e-03 
 1.77025000e-08  1.04749246e+00  1.77025000e-08  1.94999044e+00  1.77025000e-08  2.60442968e-03 
 1.77035000e-08  9.95931443e-01  1.77035000e-08  1.94999021e+00  1.77035000e-08  2.51303930e-03 
 1.77045000e-08  9.44538203e-01  1.77045000e-08  1.94998938e+00  1.77045000e-08  2.43889276e-03 
 1.77055000e-08  8.93244845e-01  1.77055000e-08  1.94998931e+00  1.77055000e-08  2.35446756e-03 
 1.82185000e-08  3.35607855e-03  1.82185000e-08  1.12676398e+00  1.82185000e-08 -1.07347569e-06 
 1.82195000e-08  3.26000074e-03  1.82195000e-08  1.08277057e+00  1.82195000e-08 -1.26919654e-07 
 1.82205000e-08  3.17645623e-03  1.82205000e-08  1.03833589e+00  1.82205000e-08  1.07705363e-06 
 1.82215000e-08  3.11186478e-03  1.82215000e-08  9.93469211e-01  1.82215000e-08  2.58840942e-06 
 1.82225000e-08  3.06051848e-03  1.82225000e-08  9.48180766e-01  1.82225000e-08  4.35448601e-06 
 1.82235000e-08  3.02417055e-03  1.82235000e-08  9.02484990e-01  1.82235000e-08  6.05360317e-06 
 1.82865000e-08  9.36293144e-01  1.82865000e-08  4.75859928e-03  1.82865000e-08  1.92279777e-04 
 1.82875000e-08  9.77145766e-01  1.82875000e-08  4.77042103e-03  1.82875000e-08  1.69502576e-04 
 1.82885000e-08  1.01749887e+00  1.82885000e-08  4.75152714e-03  1.82885000e-08  1.30413415e-04 
 1.82895000e-08  1.05740354e+00  1.82895000e-08  4.68201027e-03  1.82895000e-08  7.16335496e-05 
 1.82905000e-08  1.09695087e+00  1.82905000e-08  4.57752680e-03  1.82905000e-08 -9.22274475e-06 
 1.82915000e-08  1.13625510e+00  1.82915000e-08  4.44756573e-03  1.82915000e-08 -1.10608991e-04 
 1.86225000e-08  1.94995813e+00  1.86225000e-08  8.63689942e-01  1.86225000e-08 -8.37936206e-05 
 1.86235000e-08  1.94995842e+00  1.86235000e-08  9.33930278e-01  1.86235000e-08 -1.18974985e-04 
 1.86245000e-08  1.94995886e+00  1.86245000e-08  1.00357507e+00  1.86245000e-08 -1.41018311e-04 
 1.86255000e-08  1.94995914e+00  1.86255000e-08  1.07256953e+00  1.86255000e-08 -1.57328109e-04 
 1.86265000e-08  1.94995957e+00  1.86265000e-08  1.14100769e+00  1.86265000e-08 -1.70222392e-04 
 1.86275000e-08  1.94995983e+00  1.86275000e-08  1.20913740e+00  1.86275000e-08 -1.93365642e-04 
 1.87415000e-08  1.95011069e+00  1.87415000e-08  1.94987938e+00  1.87415000e-08  8.57234695e-01 
 1.87425000e-08  1.94977040e+00  1.87425000e-08  1.94988734e+00  1.87425000e-08  9.18399517e-01 
 1.87435000e-08  1.94941545e+00  1.87435000e-08  1.94989429e+00  1.87435000e-08  9.78320433e-01 
 1.87445000e-08  1.94904500e+00  1.87445000e-08  1.94990186e+00  1.87445000e-08  1.03840926e+00 
 1.87455000e-08  1.94863952e+00  1.87455000e-08  1.94990936e+00  1.87455000e-08  1.10243474e+00 
 1.87465000e-08  1.94818194e+00  1.87465000e-08  1.94990682e+00  1.87465000e-08  1.17406440e+00 
 1.88225000e-08  1.15281829e+00  1.88225000e-08  1.94997847e+00  1.88225000e-08  1.94947875e+00 
 1.88235000e-08  1.10074247e+00  1.88235000e-08  1.94997902e+00  1.88235000e-08  1.94950192e+00 
 1.88245000e-08  1.04896753e+00  1.88245000e-08  1.94997957e+00  1.88245000e-08  1.94955015e+00 
 1.88255000e-08  9.97401843e-01  1.88255000e-08  1.94998005e+00  1.88255000e-08  1.94956861e+00 
 1.88265000e-08  9.46004239e-01  1.88265000e-08  1.94998054e+00  1.88265000e-08  1.94961145e+00 
 1.88275000e-08  8.94708734e-01  1.88275000e-08  1.94998097e+00  1.88275000e-08  1.94962594e+00 
 1.93405000e-08  3.35992302e-03  1.93405000e-08  1.12714550e+00  1.93405000e-08  1.94995809e+00 
 1.93415000e-08  3.26346481e-03  1.93415000e-08  1.08315732e+00  1.93415000e-08  1.94995844e+00 
 1.93425000e-08  3.17916673e-03  1.93425000e-08  1.03872742e+00  1.93425000e-08  1.94996171e+00 
 1.93435000e-08  3.11409337e-03  1.93435000e-08  9.93865285e-01  1.93435000e-08  1.94996938e+00 
 1.93445000e-08  3.06205522e-03  1.93445000e-08  9.48580652e-01  1.93445000e-08  1.94998106e+00 
 1.93455000e-08  3.02545834e-03  1.93455000e-08  9.02888106e-01  1.93455000e-08  1.94999761e+00 
 1.94085000e-08  9.34763358e-01  1.94085000e-08  5.33988276e-03  1.94085000e-08  1.95011545e+00 
 1.94095000e-08  9.75635466e-01  1.94095000e-08  5.31292679e-03  1.94095000e-08  1.95085109e+00 
 1.94105000e-08  1.01600634e+00  1.94105000e-08  5.26410232e-03  1.94105000e-08  1.95141969e+00 
 1.94115000e-08  1.05592636e+00  1.94115000e-08  5.17223823e-03  1.94115000e-08  1.95182050e+00 
 1.94125000e-08  1.09548504e+00  1.94125000e-08  5.05551018e-03  1.94125000e-08  1.95208067e+00 
 1.94135000e-08  1.13479873e+00  1.94135000e-08  4.90402414e-03  1.94135000e-08  1.95221588e+00 
 1.97445000e-08  1.94995812e+00  1.97445000e-08  8.62797811e-01  1.97445000e-08  1.94995915e+00 
 1.97455000e-08  1.94995840e+00  1.97455000e-08  9.32901323e-01  1.97455000e-08  1.94985353e+00 
 1.97465000e-08  1.94995886e+00  1.97465000e-08  1.00227246e+00  1.97465000e-08  1.94973001e+00 
 1.97475000e-08  1.94995912e+00  1.97475000e-08  1.07084946e+00  1.97475000e-08  1.94960118e+00 
 1.97485000e-08  1.94995956e+00  1.97485000e-08  1.13872551e+00  1.97485000e-08  1.94948640e+00 
 1.97495000e-08  1.94995982e+00  1.97495000e-08  1.20625206e+00  1.97495000e-08  1.94935222e+00 
 1.98785000e-08  1.94206596e+00  1.98785000e-08  1.94995345e+00  1.98785000e-08  1.15451226e+00 
 1.98795000e-08  1.94140042e+00  1.98795000e-08  1.94998264e+00  1.98795000e-08  1.09694252e+00 
 1.98805000e-08  1.94064863e+00  1.98805000e-08  1.95001080e+00  1.98805000e-08  1.03910672e+00 
 1.98815000e-08  1.93975111e+00  1.98815000e-08  1.95003606e+00  1.98815000e-08  9.80910383e-01 
 1.98825000e-08  1.93864234e+00  1.98825000e-08  1.95005512e+00  1.98825000e-08  9.22147306e-01 
 1.98835000e-08  1.93727151e+00  1.98835000e-08  1.95006682e+00  1.98835000e-08  8.62774376e-01 
 1.99445000e-08  1.15460737e+00  1.99445000e-08  1.94999210e+00  1.99445000e-08  2.79291916e-03 
 1.99455000e-08  1.10252145e+00  1.99455000e-08  1.94999151e+00  1.99455000e-08  2.69262552e-03 
 1.99465000e-08  1.05073689e+00  1.99465000e-08  1.94999054e+00  1.99465000e-08  2.61088296e-03 
 1.99475000e-08  9.99165526e-01  1.99475000e-08  1.94999021e+00  1.99475000e-08  2.51901068e-03 
 1.99485000e-08  9.47762642e-01  1.99485000e-08  1.94998946e+00  1.99485000e-08  2.44478235e-03 
 1.99495000e-08  8.96464536e-01  1.99495000e-08  1.94998929e+00  1.99495000e-08  2.35998150e-03 
 2.04625000e-08  3.36272365e-03  2.04625000e-08  1.12844967e+00  2.04625000e-08 -1.17396194e-06 
 2.04635000e-08  3.26599466e-03  2.04635000e-08  1.08447376e+00  2.04635000e-08 -9.75110583e-08 
 2.04645000e-08  3.18115550e-03  2.04645000e-08  1.04005558e+00  2.04645000e-08  9.61576561e-07 
 2.04655000e-08  3.11573165e-03  2.04655000e-08  9.95205694e-01  2.04655000e-08  2.58698415e-06 
 2.04665000e-08  3.06319150e-03  2.04665000e-08  9.49932949e-01  2.04665000e-08  4.22563421e-06 
 2.04675000e-08  3.02640769e-03  2.04675000e-08  9.04252884e-01  2.04675000e-08  6.05190880e-06 
 2.05305000e-08  9.33639680e-01  2.05305000e-08  4.75776802e-03  2.05305000e-08  1.93114312e-04 
 2.05315000e-08  9.74526130e-01  2.05315000e-08  4.77032786e-03  2.05315000e-08  1.70581469e-04 
 2.05325000e-08  1.01491009e+00  2.05325000e-08  4.75324358e-03  2.05325000e-08  1.32325295e-04 
 2.05335000e-08  1.05484147e+00  2.05335000e-08  4.68535543e-03  2.05335000e-08  7.42007626e-05 
 2.05345000e-08  1.09440857e+00  2.05345000e-08  4.58225125e-03  2.05345000e-08 -5.22675200e-06 
 2.05355000e-08  1.13372413e+00  2.05355000e-08  4.45249921e-03  2.05355000e-08 -1.07299603e-04 
 2.08665000e-08  1.94995811e+00  2.08665000e-08  8.59177552e-01  2.08665000e-08 -8.14035738e-05 
 2.08675000e-08  1.94995838e+00  2.08675000e-08  9.29450769e-01  2.08675000e-08 -1.16977412e-04 
 2.08685000e-08  1.94995885e+00  2.08685000e-08  9.99137142e-01  2.08685000e-08 -1.39887743e-04 
 2.08695000e-08  1.94995911e+00  2.08695000e-08  1.06817098e+00  2.08695000e-08 -1.56578656e-04 
 2.08705000e-08  1.94995956e+00  2.08705000e-08  1.13663984e+00  2.08705000e-08 -1.68935072e-04 
 2.08715000e-08  1.94995980e+00  2.08715000e-08  1.20477765e+00  2.08715000e-08 -1.92092289e-04 
 2.09855000e-08  1.95013337e+00  2.09855000e-08  1.94987882e+00  2.09855000e-08  8.53282492e-01 
 2.09865000e-08  1.94979289e+00  2.09865000e-08  1.94988711e+00  2.09865000e-08  9.14547889e-01 
 2.09875000e-08  1.94943933e+00  2.09875000e-08  1.94989354e+00  2.09875000e-08  9.74523152e-01 
 2.09885000e-08  1.94906966e+00  2.09885000e-08  1.94990176e+00  2.09885000e-08  1.03450747e+00 
 2.09895000e-08  1.94866934e+00  2.09895000e-08  1.94990854e+00  2.09895000e-08  1.09817167e+00 
 2.09905000e-08  1.94821166e+00  2.09905000e-08  1.94990757e+00  2.09905000e-08  1.16936928e+00 
 2.10395000e-08  2.05292049e+00  2.10395000e-08  1.94991387e+00  2.10395000e-08  1.94580741e+00 
 2.10665000e-08  1.15608250e+00  2.10665000e-08  1.94997852e+00  2.10665000e-08  1.94947327e+00 
 2.10675000e-08  1.10398821e+00  2.10675000e-08  1.94997890e+00  2.10675000e-08  1.94950236e+00 
 2.10685000e-08  1.05219565e+00  2.10685000e-08  1.94997962e+00  2.10685000e-08  1.94954511e+00 
 2.10695000e-08  1.00061956e+00  2.10695000e-08  1.94997994e+00  2.10695000e-08  1.94956926e+00 
 2.10705000e-08  9.49212282e-01  2.10705000e-08  1.94998059e+00  2.10705000e-08  1.94960685e+00 
 2.10715000e-08  8.97912007e-01  2.10715000e-08  1.94998086e+00  2.10715000e-08  1.94962681e+00 
 2.15845000e-08  3.36629740e-03  2.15845000e-08  1.12948040e+00  2.15845000e-08  1.94995815e+00 
 2.15855000e-08  3.26922651e-03  2.15855000e-08  1.08551647e+00  2.15855000e-08  1.94995836e+00 
 2.15865000e-08  3.18370149e-03  2.15865000e-08  1.04110947e+00  2.15865000e-08  1.94996143e+00 
 2.15875000e-08  3.11783033e-03  2.15875000e-08  9.96270609e-01  2.15875000e-08  1.94996888e+00 
 2.15885000e-08  3.06464926e-03  2.15885000e-08  9.51007776e-01  2.15885000e-08  1.94998032e+00 
 2.15895000e-08  3.02762072e-03  2.15895000e-08  9.05337035e-01  2.15895000e-08  1.94999663e+00 
 2.16525000e-08  9.32213205e-01  2.16525000e-08  5.34064507e-03  2.16525000e-08  1.95007314e+00 
 2.16535000e-08  9.73117891e-01  2.16535000e-08  5.31468018e-03  2.16535000e-08  1.95081696e+00 
 2.16545000e-08  1.01351852e+00  2.16545000e-08  5.26789334e-03  2.16545000e-08  1.95139456e+00 
 2.16555000e-08  1.05346439e+00  2.16555000e-08  5.17766333e-03  2.16555000e-08  1.95180322e+00 
 2.16565000e-08  1.09304231e+00  2.16565000e-08  5.06278589e-03  2.16565000e-08  1.95207067e+00 
 2.16575000e-08  1.13236718e+00  2.16575000e-08  4.91233262e-03  2.16575000e-08  1.95221136e+00 
 2.19885000e-08  1.94995810e+00  2.19885000e-08  8.58373287e-01  2.19885000e-08  1.94996504e+00 
 2.19895000e-08  1.94995837e+00  2.19895000e-08  9.28517195e-01  2.19895000e-08  1.94986070e+00 
 2.19905000e-08  1.94995884e+00  2.19905000e-08  9.97937853e-01  2.19905000e-08  1.94973817e+00 
 2.19915000e-08  1.94995910e+00  2.19915000e-08  1.06656285e+00  2.19915000e-08  1.94960928e+00 
 2.19925000e-08  1.94995955e+00  2.19925000e-08  1.13447662e+00  2.19925000e-08  1.94949437e+00 
 2.19935000e-08  1.94995979e+00  2.19935000e-08  1.20200721e+00  2.19935000e-08  1.94936101e+00 
 2.21225000e-08  1.94211224e+00  2.21225000e-08  1.94995169e+00  2.21225000e-08  1.15811268e+00 
 2.21235000e-08  1.94145144e+00  2.21235000e-08  1.94998070e+00  2.21235000e-08  1.10054909e+00 
 2.21245000e-08  1.94070814e+00  2.21245000e-08  1.95000915e+00  2.21245000e-08  1.04273574e+00 
 2.21255000e-08  1.93982349e+00  2.21255000e-08  1.95003446e+00  2.21255000e-08  9.84566065e-01 
 2.21265000e-08  1.93873259e+00  2.21265000e-08  1.95005434e+00  2.21265000e-08  9.25842801e-01 
 2.21275000e-08  1.93738151e+00  2.21275000e-08  1.95006605e+00  2.21275000e-08  8.66509967e-01 
 2.21885000e-08  1.15843971e+00  2.21885000e-08  1.94999221e+00  2.21885000e-08  2.79950375e-03 
 2.21895000e-08  1.10633200e+00  2.21895000e-08  1.94999152e+00  2.21895000e-08  2.69806656e-03 
 2.21905000e-08  1.05452655e+00  2.21905000e-08  1.94999063e+00  2.21905000e-08  2.61687170e-03 
 2.21915000e-08  1.00294282e+00  2.21915000e-08  1.94999020e+00  2.21915000e-08  2.52397565e-03 
 2.21925000e-08  9.51528462e-01  2.21925000e-08  1.94998953e+00  2.21925000e-08  2.45027057e-03 
 2.21935000e-08  9.00224686e-01  2.21935000e-08  1.94998927e+00  2.21935000e-08  2.36454903e-03 
 2.27065000e-08  3.37041527e-03  2.27065000e-08  1.13115458e+00  2.27065000e-08 -1.27153192e-06 
 2.27075000e-08  3.27295453e-03  2.27075000e-08  1.08720677e+00  2.27075000e-08 -1.11300994e-07 
 2.27085000e-08  3.18664634e-03  2.27085000e-08  1.04281512e+00  2.27085000e-08  8.32413162e-07 
 2.27095000e-08  3.12025884e-03  2.27095000e-08  9.97992214e-01  2.27095000e-08  2.53433225e-06 
 2.27105000e-08  3.06633980e-03  2.27105000e-08  9.52744728e-01  2.27105000e-08  4.06958360e-06 
 2.27115000e-08  3.02902003e-03  2.27115000e-08  9.07089919e-01  2.27115000e-08  5.99563678e-06 
 2.27745000e-08  9.30604757e-01  2.27745000e-08  4.75629730e-03  2.27745000e-08  1.94452341e-04 
 2.27755000e-08  9.71530060e-01  2.27755000e-08  4.76996082e-03  2.27755000e-08  1.72263179e-04 
 2.27765000e-08  1.01194955e+00  2.27765000e-08  4.75582525e-03  2.27765000e-08  1.35446216e-04 
 2.27775000e-08  1.05191189e+00  2.27775000e-08  4.69063675e-03  2.27775000e-08  7.83260916e-05 
 2.27785000e-08  1.09150215e+00  2.27785000e-08  4.58987320e-03  2.27785000e-08  1.13418435e-06 
 2.27795000e-08  1.13083136e+00  2.27795000e-08  4.46055049e-03  2.27795000e-08 -1.01716345e-04 
 2.31105000e-08  1.94995808e+00  2.31105000e-08  8.54051688e-01  2.31105000e-08 -7.86444008e-05 
 2.31115000e-08  1.94995836e+00  2.31115000e-08  9.24361365e-01  2.31115000e-08 -1.14670685e-04 
 2.31125000e-08  1.94995882e+00  2.31125000e-08  9.94094543e-01  2.31125000e-08 -1.38547130e-04 
 2.31135000e-08  1.94995909e+00  2.31135000e-08  1.06317329e+00  2.31135000e-08 -1.55733236e-04 
 2.31145000e-08  1.94995953e+00  2.31145000e-08  1.13166765e+00  2.31145000e-08 -1.67399329e-04 
 2.31155000e-08  1.94995978e+00  2.31155000e-08  1.19980565e+00  2.31155000e-08 -1.90451476e-04 
 2.32295000e-08  1.95015825e+00  2.32295000e-08  1.94987818e+00  2.32295000e-08  8.48735305e-01 
 2.32305000e-08  1.94981765e+00  2.32305000e-08  1.94988686e+00  2.32305000e-08  9.10119355e-01 
 2.32315000e-08  1.94946569e+00  2.32315000e-08  1.94989267e+00  2.32315000e-08  9.70162601e-01 
 2.32325000e-08  1.94909688e+00  2.32325000e-08  1.94990164e+00  2.32325000e-08  1.03005021e+00 
 2.32335000e-08  1.94870224e+00  2.32335000e-08  1.94990752e+00  2.32335000e-08  1.09332806e+00 
 2.32345000e-08  1.94824437e+00  2.32345000e-08  1.94990853e+00  2.32345000e-08  1.16398154e+00 
 2.33105000e-08  1.15996227e+00  2.33105000e-08  1.94997858e+00  2.33105000e-08  1.94946689e+00 
 2.33115000e-08  1.10784601e+00  2.33115000e-08  1.94997876e+00  2.33115000e-08  1.94950332e+00 
 2.33125000e-08  1.05603230e+00  2.33125000e-08  1.94997968e+00  2.33125000e-08  1.94953926e+00 
 2.33135000e-08  1.00444369e+00  2.33135000e-08  1.94997980e+00  2.33135000e-08  1.94957046e+00 
 2.33145000e-08  9.53024822e-01  2.33145000e-08  1.94998066e+00  2.33145000e-08  1.94960144e+00 
 2.33155000e-08  9.01718861e-01  2.33155000e-08  1.94998073e+00  2.33155000e-08  1.94962817e+00 
 2.38285000e-08  3.37464900e-03  2.38285000e-08  1.13212103e+00  2.38285000e-08  1.94995824e+00 
 2.38295000e-08  3.27679273e-03  2.38295000e-08  1.08818454e+00  2.38295000e-08  1.94995828e+00 
 2.38305000e-08  3.18968559e-03  2.38305000e-08  1.04380349e+00  2.38305000e-08  1.94996113e+00 
 2.38315000e-08  3.12276796e-03  2.38315000e-08  9.98991005e-01  2.38315000e-08  1.94996832e+00 
 2.38325000e-08  3.06808967e-03  2.38325000e-08  9.53752895e-01  2.38325000e-08  1.94997949e+00 
 2.38335000e-08  3.03046200e-03  2.38335000e-08  9.08106870e-01  2.38335000e-08  1.94999553e+00 
 2.38965000e-08  9.28922948e-01  2.38965000e-08  5.34141900e-03  2.38965000e-08  1.95002396e+00 
 2.38975000e-08  9.69869842e-01  2.38975000e-08  5.31654399e-03  2.38975000e-08  1.95077709e+00 
 2.38985000e-08  1.01030912e+00  2.38985000e-08  5.27210470e-03  2.38985000e-08  1.95136510e+00 
 2.38995000e-08  1.05028879e+00  2.38995000e-08  5.18378490e-03  2.38995000e-08  1.95178291e+00 
 2.39005000e-08  1.08989213e+00  2.39005000e-08  5.07107796e-03  2.39005000e-08  1.95205887e+00 
 2.39015000e-08  1.12922922e+00  2.39015000e-08  4.92182582e-03  2.39015000e-08  1.95220597e+00 
 2.42325000e-08  1.94995806e+00  2.42325000e-08  8.52723330e-01  2.42325000e-08  1.94997246e+00 
 2.42335000e-08  1.94995834e+00  2.42335000e-08  9.22918303e-01  2.42335000e-08  1.94986982e+00 
 2.42345000e-08  1.94995880e+00  2.42345000e-08  9.92402123e-01  2.42345000e-08  1.94974858e+00 
 2.42355000e-08  1.94995907e+00  2.42355000e-08  1.06108902e+00  2.42355000e-08  1.94961961e+00 
 2.42365000e-08  1.94995952e+00  2.42365000e-08  1.12905293e+00  2.42365000e-08  1.94950373e+00 
 2.42375000e-08  1.94995977e+00  2.42375000e-08  1.19659275e+00  2.42375000e-08  1.94937239e+00 
 2.43665000e-08  1.94216655e+00  2.43665000e-08  1.94994926e+00  2.43665000e-08  1.16273237e+00 
 2.43675000e-08  1.94151038e+00  2.43675000e-08  1.94997805e+00  2.43675000e-08  1.10517537e+00 
 2.43685000e-08  1.94077624e+00  2.43685000e-08  1.95000695e+00  2.43685000e-08  1.04738904e+00 
 2.43695000e-08  1.93990568e+00  2.43695000e-08  1.95003249e+00  2.43695000e-08  9.89251141e-01 
 2.43705000e-08  1.93883497e+00  2.43705000e-08  1.95005353e+00  2.43705000e-08  9.30575617e-01 
 2.43715000e-08  1.93750672e+00  2.43715000e-08  1.95006523e+00  2.43715000e-08  8.71290435e-01 
 2.44325000e-08  1.16291467e+00  2.44325000e-08  1.94999238e+00  2.44325000e-08  2.80731206e-03 
 2.44335000e-08  1.11078141e+00  2.44335000e-08  1.94999149e+00  2.44335000e-08  2.70481339e-03 
 2.44345000e-08  1.05895124e+00  2.44345000e-08  1.94999077e+00  2.44345000e-08  2.62395240e-03 
 2.44355000e-08  1.00735276e+00  2.44355000e-08  1.94999016e+00  2.44355000e-08  2.53013318e-03 
 2.44365000e-08  9.55924786e-01  2.44365000e-08  1.94998965e+00  2.44365000e-08  2.45674250e-03 
 2.44375000e-08  9.04614303e-01  2.44375000e-08  1.94998922e+00  2.44375000e-08  2.37021582e-03 
 2.49505000e-08  3.37869938e-03  2.49505000e-08  1.13466191e+00  2.49505000e-08 -1.38966532e-06 
 2.49515000e-08  3.28047023e-03  2.49515000e-08  1.09075060e+00  2.49515000e-08 -1.33327449e-07 
 2.49525000e-08  3.19260711e-03  2.49525000e-08  1.04639343e+00  2.49525000e-08  6.71641475e-07 
 2.49535000e-08  3.12518183e-03  2.49535000e-08  1.00160557e+00  2.49535000e-08  2.46148133e-06 
 2.49545000e-08  3.06977813e-03  2.49545000e-08  9.56390931e-01  2.49545000e-08  3.87130011e-06 
 2.49555000e-08  3.03184685e-03  2.49555000e-08  9.10768977e-01  2.49555000e-08  5.91700990e-06 
 2.50185000e-08  9.27312237e-01  2.50185000e-08  4.75477938e-03  2.50185000e-08  1.96413456e-04 
 2.50195000e-08  9.68279843e-01  2.50195000e-08  4.76936969e-03  2.50195000e-08  1.73906939e-04 
 2.50205000e-08  1.00873813e+00  2.50205000e-08  4.75893353e-03  2.50205000e-08  1.39235956e-04 
 2.50215000e-08  1.04873451e+00  2.50215000e-08  4.69719592e-03  2.50215000e-08  8.34487498e-05 
 2.50225000e-08  1.08835053e+00  2.50225000e-08  4.59946143e-03  2.50225000e-08  8.34987060e-06 
 2.50235000e-08  1.12769538e+00  2.50235000e-08  4.47085715e-03  2.50235000e-08 -9.39713658e-05 
 2.53545000e-08  1.94995805e+00  2.53545000e-08  8.48770202e-01  2.53545000e-08 -7.57741087e-05 
 2.53555000e-08  1.94995833e+00  2.53555000e-08  9.19117055e-01  2.53555000e-08 -1.12253681e-04 
 2.53565000e-08  1.94995879e+00  2.53565000e-08  9.88898519e-01  2.53565000e-08 -1.37096087e-04 
 2.53575000e-08  1.94995906e+00  2.53575000e-08  1.05802408e+00  2.53575000e-08 -1.54851683e-04 
 2.53585000e-08  1.94995950e+00  2.53585000e-08  1.12655747e+00  2.53585000e-08 -1.66104071e-04 
 2.53595000e-08  1.94995976e+00  2.53595000e-08  1.19470923e+00  2.53595000e-08 -1.88721545e-04 
 2.54745000e-08  1.94984863e+00  2.54745000e-08  1.94988662e+00  2.54745000e-08  9.05553223e-01 
 2.54755000e-08  1.94949891e+00  2.54755000e-08  1.94989176e+00  2.54755000e-08  9.65670777e-01 
 2.54765000e-08  1.94913132e+00  2.54765000e-08  1.94990151e+00  2.54765000e-08  1.02548311e+00 
 2.54775000e-08  1.94874398e+00  2.54775000e-08  1.94990641e+00  2.54775000e-08  1.08839264e+00 
 2.54785000e-08  1.94828582e+00  2.54785000e-08  1.94990959e+00  2.54785000e-08  1.15844206e+00 
 2.54795000e-08  1.94782284e+00  2.54795000e-08  1.94990480e+00  2.54795000e-08  1.23179650e+00 
 2.55545000e-08  1.16495020e+00  2.55545000e-08  1.94997865e+00  2.55545000e-08  1.94946022e+00 
 2.55555000e-08  1.11280513e+00  2.55555000e-08  1.94997860e+00  2.55555000e-08  1.94950430e+00 
 2.55565000e-08  1.06096348e+00  2.55565000e-08  1.94997975e+00  2.55565000e-08  1.94953314e+00 
 2.55575000e-08  1.00935807e+00  2.55575000e-08  1.94997966e+00  2.55575000e-08  1.94957169e+00 
 2.55585000e-08  9.57923753e-01  2.55585000e-08  1.94998073e+00  2.55585000e-08  1.94959580e+00 
 2.55595000e-08  9.06610089e-01  2.55595000e-08  1.94998059e+00  2.55595000e-08  1.94962960e+00 
 2.60725000e-08  3.38500625e-03  2.60725000e-08  1.13629819e+00  2.60725000e-08  1.94995838e+00 
 2.60735000e-08  3.28621386e-03  2.60735000e-08  1.09240517e+00  2.60735000e-08  1.94995817e+00 
 2.60745000e-08  3.19718979e-03  2.60745000e-08  1.04806525e+00  2.60745000e-08  1.94996067e+00 
 2.60755000e-08  3.12897862e-03  2.60755000e-08  1.00329456e+00  2.60755000e-08  1.94996747e+00 
 2.60765000e-08  3.07244653e-03  2.60765000e-08  9.58095673e-01  2.60765000e-08  1.94997821e+00 
 2.60775000e-08  3.03402898e-03  2.60775000e-08  9.12488870e-01  2.60775000e-08  1.94999383e+00 
 2.61405000e-08  9.24821824e-01  2.61405000e-08  5.34197605e-03  2.61405000e-08  1.94995966e+00 
 2.61415000e-08  9.65821506e-01  2.61415000e-08  5.31941281e-03  2.61415000e-08  1.95071037e+00 
 2.61425000e-08  1.00630932e+00  2.61425000e-08  5.27782317e-03  2.61425000e-08  1.95131442e+00 
 2.61435000e-08  1.04633173e+00  2.61435000e-08  5.19332445e-03  2.61435000e-08  1.95174841e+00 
 2.61445000e-08  1.08596766e+00  2.61445000e-08  5.08327221e-03  2.61445000e-08  1.95203705e+00 
 2.61455000e-08  1.12532488e+00  2.61455000e-08  4.93680022e-03  2.61455000e-08  1.95219579e+00 
 2.64765000e-08  1.94995802e+00  2.64765000e-08  8.45803110e-01  2.64765000e-08  1.94998129e+00 
 2.64775000e-08  1.94995831e+00  2.64775000e-08  9.16058920e-01  2.64775000e-08  1.94988091e+00 
 2.64785000e-08  1.94995876e+00  2.64785000e-08  9.85619257e-01  2.64785000e-08  1.94976126e+00 
 2.64795000e-08  1.94995904e+00  2.64795000e-08  1.05438220e+00  2.64795000e-08  1.94963224e+00 
 2.64805000e-08  1.94995948e+00  2.64805000e-08  1.12241008e+00  2.64805000e-08  1.94951507e+00 
 2.64815000e-08  1.94995974e+00  2.64815000e-08  1.18996663e+00  2.64815000e-08  1.94938621e+00 
 2.66105000e-08  1.94223337e+00  2.66105000e-08  1.94994657e+00  2.66105000e-08  1.16843136e+00 
 2.66115000e-08  1.94158269e+00  2.66115000e-08  1.94997502e+00  2.66115000e-08  1.11088125e+00 
 2.66125000e-08  1.94085949e+00  2.66125000e-08  1.95000451e+00  2.66125000e-08  1.05312701e+00 
 2.66135000e-08  1.94000649e+00  2.66135000e-08  1.95002976e+00  2.66135000e-08  9.95028906e-01 
 2.66145000e-08  1.93896075e+00  2.66145000e-08  1.95005214e+00  2.66145000e-08  9.36415106e-01 
 2.66155000e-08  1.93766085e+00  2.66155000e-08  1.95006378e+00  2.66155000e-08  8.77193470e-01 
 2.66765000e-08  1.16849827e+00  2.66765000e-08  1.94999264e+00  2.66765000e-08  2.81515835e-03 
 2.66775000e-08  1.11633252e+00  2.66775000e-08  1.94999141e+00  2.66775000e-08  2.71584685e-03 
 2.66785000e-08  1.06447068e+00  2.66785000e-08  1.94999100e+00  2.66785000e-08  2.63092001e-03 
 2.66795000e-08  1.01285296e+00  2.66795000e-08  1.94999006e+00  2.66795000e-08  2.54034454e-03 
 2.66805000e-08  9.61407429e-01  2.66805000e-08  1.94998985e+00  2.66805000e-08  2.46298254e-03 
 2.66815000e-08  9.10087989e-01  2.66815000e-08  1.94998913e+00  2.66815000e-08  2.37973076e-03 
 2.71945000e-08  3.38927612e-03  2.71945000e-08  1.13942027e+00  2.71945000e-08 -1.53990015e-06 
 2.71955000e-08  3.28993757e-03  2.71955000e-08  1.09555854e+00  2.71955000e-08 -1.64953749e-07 
 2.71965000e-08  3.20034477e-03  2.71965000e-08  1.05124828e+00  2.71965000e-08  4.61461596e-07 
 2.71975000e-08  3.13143451e-03  2.71975000e-08  1.00650809e+00  2.71975000e-08  2.35885329e-06 
 2.71985000e-08  3.07433976e-03  2.71985000e-08  9.61338199e-01  2.71985000e-08  3.60820948e-06 
 2.71995000e-08  3.03541288e-03  2.71995000e-08  9.15760979e-01  2.71995000e-08  5.80378253e-06 
 2.72625000e-08  9.23182052e-01  2.72625000e-08  4.75271231e-03  2.72625000e-08  1.98889885e-04 
 2.72635000e-08  9.64202869e-01  2.72635000e-08  4.76822738e-03  2.72635000e-08  1.75934189e-04 
 2.72645000e-08  1.00471023e+00  2.72645000e-08  4.76264025e-03  2.72645000e-08  1.44223102e-04 
 2.72655000e-08  1.04474989e+00  2.72655000e-08  4.70567732e-03  2.72655000e-08  9.02092574e-05 
 2.72665000e-08  1.08439916e+00  2.72665000e-08  4.61216140e-03  2.72665000e-08  1.79106666e-05 
 2.72675000e-08  1.12376771e+00  2.72675000e-08  4.48486893e-03  2.72675000e-08 -8.35261795e-05 
 2.75985000e-08  1.94995800e+00  2.75985000e-08  8.41285288e-01  2.75985000e-08 -7.16800539e-05 
 2.75995000e-08  1.94995830e+00  2.75995000e-08  9.11683500e-01  2.75995000e-08 -1.08739602e-04 
 2.76005000e-08  1.94995875e+00  2.76005000e-08  9.81532417e-01  2.76005000e-08 -1.34968000e-04 
 2.76015000e-08  1.94995903e+00  2.76015000e-08  1.05073017e+00  2.76015000e-08 -1.53223531e-04 
 2.76025000e-08  1.94995946e+00  2.76025000e-08  1.11932540e+00  2.76025000e-08 -1.64739318e-04 
 2.76035000e-08  1.94995973e+00  2.76035000e-08  1.18750011e+00  2.76035000e-08 -1.86286078e-04 
 2.77185000e-08  1.94988352e+00  2.77185000e-08  1.94988577e+00  2.77185000e-08  8.99168507e-01 
 2.77195000e-08  1.94953626e+00  2.77195000e-08  1.94989100e+00  2.77195000e-08  9.59397776e-01 
 2.77205000e-08  1.94916998e+00  2.77205000e-08  1.94990079e+00  2.77205000e-08  1.01913978e+00 
 2.77215000e-08  1.94879040e+00  2.77215000e-08  1.94990526e+00  2.77215000e-08  1.08158078e+00 
 2.77225000e-08  1.94833174e+00  2.77225000e-08  1.94991068e+00  2.77225000e-08  1.15073091e+00 
 2.77235000e-08  1.94787112e+00  2.77235000e-08  1.94990449e+00  2.77235000e-08  1.22415861e+00 
 2.77985000e-08  1.17032027e+00  2.77985000e-08  1.94997859e+00  2.77985000e-08  1.94945077e+00 
 2.77995000e-08  1.11814382e+00  2.77995000e-08  1.94997854e+00  2.77995000e-08  1.94950559e+00 
 2.78005000e-08  1.06627149e+00  2.78005000e-08  1.94997970e+00  2.78005000e-08  1.94952447e+00 
 2.78015000e-08  1.01464732e+00  2.78015000e-08  1.94997960e+00  2.78015000e-08  1.94957333e+00 
 2.78025000e-08  9.63195929e-01  2.78025000e-08  1.94998068e+00  2.78025000e-08  1.94958783e+00 
 2.78035000e-08  9.11873655e-01  2.78035000e-08  1.94998055e+00  2.78035000e-08  1.94963153e+00 
 2.83165000e-08  3.39581464e-03  2.83165000e-08  1.14107419e+00  2.83165000e-08  1.94995858e+00 
 2.83175000e-08  3.29542189e-03  2.83175000e-08  1.09723100e+00  2.83175000e-08  1.94995808e+00 
 2.83185000e-08  3.20523929e-03  2.83185000e-08  1.05293824e+00  2.83185000e-08  1.94996020e+00 
 2.83195000e-08  3.13504730e-03  2.83195000e-08  1.00821549e+00  2.83195000e-08  1.94996653e+00 
 2.83205000e-08  3.07734944e-03  2.83205000e-08  9.63061650e-01  2.83205000e-08  1.94997681e+00 
 2.83215000e-08  3.03741727e-03  2.83215000e-08  9.17499889e-01  2.83215000e-08  1.94999192e+00 
 2.83845000e-08  9.20753287e-01  2.83845000e-08  5.34252643e-03  2.83845000e-08  1.94989199e+00 
 2.83855000e-08  9.61805434e-01  2.83855000e-08  5.32309380e-03  2.83855000e-08  1.95063213e+00 
 2.83865000e-08  1.00234192e+00  2.83865000e-08  5.28384036e-03  2.83865000e-08  1.95125440e+00 
 2.83875000e-08  1.04240729e+00  2.83875000e-08  5.20444876e-03  2.83875000e-08  1.95170786e+00 
 2.83885000e-08  1.08207665e+00  2.83885000e-08  5.09665115e-03  2.83885000e-08  1.95201067e+00 
 2.83895000e-08  1.12145498e+00  2.83895000e-08  4.95416508e-03  2.83895000e-08  1.95218359e+00 
 2.87205000e-08  1.94995798e+00  2.87205000e-08  8.38906404e-01  2.87205000e-08  1.94998983e+00 
 2.87215000e-08  1.94995828e+00  2.87215000e-08  9.09221267e-01  2.87215000e-08  1.94989186e+00 
 2.87225000e-08  1.94995872e+00  2.87225000e-08  9.78860809e-01  2.87225000e-08  1.94977377e+00 
 2.87235000e-08  1.94995901e+00  2.87235000e-08  1.04770883e+00  2.87235000e-08  1.94964468e+00 
 2.87245000e-08  1.94995944e+00  2.87245000e-08  1.11580823e+00  2.87245000e-08  1.94952625e+00 
 2.87255000e-08  1.94995971e+00  2.87255000e-08  1.18338780e+00  2.87255000e-08  1.94939987e+00 
 2.88545000e-08  1.94229607e+00  2.88545000e-08  1.94994377e+00  2.88545000e-08  1.17402461e+00 
 2.88555000e-08  1.94165035e+00  2.88555000e-08  1.94997200e+00  2.88555000e-08  1.11648016e+00 
 2.88565000e-08  1.94093678e+00  2.88565000e-08  1.95000172e+00  2.88565000e-08  1.05875625e+00 
 2.88575000e-08  1.94009935e+00  2.88575000e-08  1.95002717e+00  2.88575000e-08  1.00069577e+00 
 2.88585000e-08  1.93907609e+00  2.88585000e-08  1.95005067e+00  2.88585000e-08  9.42140725e-01 
 2.88595000e-08  1.93780291e+00  2.88595000e-08  1.95006252e+00  2.88595000e-08  8.82979579e-01 
 2.89205000e-08  1.17373610e+00  2.89205000e-08  1.94999282e+00  2.89205000e-08  2.82268270e-03 
 2.89215000e-08  1.12153954e+00  2.89215000e-08  1.94999140e+00  2.89215000e-08  2.72654031e-03 
 2.89225000e-08  1.06964731e+00  2.89225000e-08  1.94999115e+00  2.89225000e-08  2.63758873e-03 
 2.89235000e-08  1.01801086e+00  2.89235000e-08  1.94999002e+00  2.89235000e-08  2.55025817e-03 
 2.89245000e-08  9.66548328e-01  2.89245000e-08  1.94998998e+00  2.89245000e-08  2.46895166e-03 
 2.89255000e-08  9.15220296e-01  2.89255000e-08  1.94998907e+00  2.89255000e-08  2.38892756e-03 
 2.94385000e-08  3.39994623e-03  2.94385000e-08  1.14401715e+00  2.94385000e-08 -1.65549838e-06 
 2.94395000e-08  3.29888800e-03  2.94395000e-08  1.10020346e+00  2.94395000e-08 -2.15222879e-07 
 2.94405000e-08  3.20833621e-03  2.94405000e-08  1.05593865e+00  2.94405000e-08  2.83435335e-07 
 2.94415000e-08  3.13733466e-03  2.94415000e-08  1.01124467e+00  2.94415000e-08  2.24130171e-06 
 2.94425000e-08  3.07925501e-03  2.94425000e-08  9.66118200e-01  2.94425000e-08  3.37533912e-06 
 2.94435000e-08  3.03868041e-03  2.94435000e-08  9.20584417e-01  2.94435000e-08  5.67326019e-06 
 2.95065000e-08  9.19230420e-01  2.95065000e-08  4.75007162e-03  2.95065000e-08  2.00699112e-04 
 2.95075000e-08  9.60302236e-01  2.95075000e-08  4.76709070e-03  2.95075000e-08  1.77731906e-04 
 2.95085000e-08  1.00085706e+00  2.95085000e-08  4.76503390e-03  2.95085000e-08  1.48667051e-04 
 2.95095000e-08  1.04093866e+00  2.95095000e-08  4.71384189e-03  2.95095000e-08  9.67237395e-05 
 2.95105000e-08  1.08062079e+00  2.95105000e-08  4.62357555e-03  2.95105000e-08  2.67920213e-05 
 2.95115000e-08  1.12001029e+00  2.95115000e-08  4.49896235e-03  2.95115000e-08 -7.30294716e-05 
 2.98425000e-08  1.94995796e+00  2.98425000e-08  8.34713463e-01  2.98425000e-08 -6.81257755e-05 
 2.98435000e-08  1.94995827e+00  2.98435000e-08  9.05155222e-01  2.98435000e-08 -1.05487630e-04 
 2.98445000e-08  1.94995871e+00  2.98445000e-08  9.75062322e-01  2.98445000e-08 -1.33085736e-04 
 2.98455000e-08  1.94995900e+00  2.98455000e-08  1.04431941e+00  2.98455000e-08 -1.51637790e-04 
 2.98465000e-08  1.94995942e+00  2.98465000e-08  1.11297593e+00  2.98465000e-08 -1.63698564e-04 
 2.98475000e-08  1.94995970e+00  2.98475000e-08  1.18119921e+00  2.98475000e-08 -1.84477889e-04 
 2.99625000e-08  1.94991240e+00  2.99625000e-08  1.94988505e+00  2.99625000e-08  8.93624906e-01 
 2.99635000e-08  1.94956731e+00  2.99635000e-08  1.94989032e+00  2.99635000e-08  9.53957893e-01 
 2.99645000e-08  1.94920220e+00  2.99645000e-08  1.94990015e+00  2.99645000e-08  1.01366585e+00 
 2.99655000e-08  1.94882560e+00  2.99655000e-08  1.94990421e+00  2.99655000e-08  1.07573295e+00 
 2.99665000e-08  1.94837151e+00  2.99665000e-08  1.94991165e+00  2.99665000e-08  1.14406373e+00 
 2.99675000e-08  1.94791207e+00  2.99675000e-08  1.94990425e+00  2.99675000e-08  1.21751703e+00 
 3.00425000e-08  1.17481877e+00  3.00425000e-08  1.94997855e+00  3.00425000e-08  1.94944243e+00 
 3.00435000e-08  1.12261581e+00  3.00435000e-08  1.94997848e+00  3.00435000e-08  1.94950676e+00 
 3.00445000e-08  1.07071721e+00  3.00445000e-08  1.94997966e+00  3.00445000e-08  1.94951685e+00 
 3.00455000e-08  1.01907681e+00  3.00455000e-08  1.94997955e+00  3.00455000e-08  1.94957481e+00 
 3.00465000e-08  9.67610694e-01  3.00465000e-08  1.94998064e+00  3.00465000e-08  1.94958081e+00 
 3.00475000e-08  9.16280966e-01  3.00475000e-08  1.94998050e+00  3.00475000e-08  1.94963325e+00 
 3.05605000e-08  3.40571891e-03  3.05605000e-08  1.14474450e+00  3.05605000e-08  1.94995874e+00 
 3.05615000e-08  3.30374784e-03  3.05615000e-08  1.10093970e+00  3.05615000e-08  1.94995803e+00 
 3.05625000e-08  3.21269680e-03  3.05625000e-08  1.05668328e+00  3.05625000e-08  1.94995987e+00 
 3.05635000e-08  3.14056005e-03  3.05635000e-08  1.01199749e+00  3.05635000e-08  1.94996585e+00 
 3.05645000e-08  3.08194627e-03  3.05645000e-08  9.66878404e-01  3.05645000e-08  1.94997576e+00 
 3.05655000e-08  3.04045700e-03  3.05655000e-08  9.21351416e-01  3.05655000e-08  1.94999049e+00 
 3.06285000e-08  9.17039396e-01  3.06285000e-08  5.34287306e-03  3.06285000e-08  1.94984072e+00 
 3.06295000e-08  9.58139522e-01  3.06295000e-08  5.32589824e-03  3.06295000e-08  1.95057194e+00 
 3.06305000e-08  9.98720806e-01  3.06305000e-08  5.28806601e-03  3.06305000e-08  1.95120830e+00 
 3.06315000e-08  1.03882589e+00  3.06315000e-08  5.21282891e-03  3.06315000e-08  1.95167610e+00 
 3.06325000e-08  1.07852661e+00  3.06325000e-08  5.10650178e-03  3.06325000e-08  1.95199021e+00 
 3.06335000e-08  1.11792524e+00  3.06335000e-08  4.96737474e-03  3.06335000e-08  1.95217360e+00 
 3.09645000e-08  1.94995794e+00  3.09645000e-08  8.32482344e-01  3.09645000e-08  1.94999759e+00 
 3.09655000e-08  1.94995825e+00  3.09655000e-08  9.02850107e-01  3.09655000e-08  1.94990190e+00 
 3.09665000e-08  1.94995869e+00  3.09665000e-08  9.72558415e-01  3.09665000e-08  1.94978543e+00 
 3.09675000e-08  1.94995898e+00  3.09675000e-08  1.04147196e+00  3.09675000e-08  1.94965647e+00 
 3.09685000e-08  1.94995940e+00  3.09685000e-08  1.10962964e+00  3.09685000e-08  1.94953672e+00 
 3.09695000e-08  1.94995968e+00  3.09695000e-08  1.17725402e+00  3.09695000e-08  1.94941229e+00 
 3.10985000e-08  1.94234890e+00  3.10985000e-08  1.94994091e+00  3.10985000e-08  1.17920538e+00 
 3.10995000e-08  1.94170724e+00  3.10995000e-08  1.94996949e+00  3.10995000e-08  1.12166497e+00 
 3.11005000e-08  1.94100113e+00  3.11005000e-08  1.94999897e+00  3.11005000e-08  1.06396775e+00 
 3.11015000e-08  1.94017655e+00  3.11015000e-08  1.95002487e+00  3.11015000e-08  1.00594079e+00 
 3.11025000e-08  1.93917155e+00  3.11025000e-08  1.95004878e+00  3.11025000e-08  9.47439176e-01 
 3.11035000e-08  1.93792102e+00  3.11035000e-08  1.95006150e+00  3.11035000e-08  8.88333368e-01 
 3.11645000e-08  1.17816367e+00  3.11645000e-08  1.94999291e+00  3.11645000e-08  2.82915582e-03 
 3.11655000e-08  1.12594080e+00  3.11655000e-08  1.94999148e+00  3.11655000e-08  2.73721271e-03 
 3.11665000e-08  1.07402238e+00  3.11665000e-08  1.94999121e+00  3.11665000e-08  2.64325945e-03 
 3.11675000e-08  1.02236963e+00  3.11675000e-08  1.94999008e+00  3.11675000e-08  2.56016729e-03 
 3.11685000e-08  9.70892389e-01  3.11685000e-08  1.94999002e+00  3.11685000e-08  2.47396307e-03 
 3.11695000e-08  9.19556861e-01  3.11695000e-08  1.94998911e+00  3.11695000e-08  2.39818646e-03 
 3.16825000e-08  3.40970347e-03  3.16825000e-08  1.14774943e+00  3.16825000e-08 -1.74140676e-06 
 3.16835000e-08  3.30711517e-03  3.16835000e-08  1.10397483e+00  3.16835000e-08 -2.59045204e-07 
 3.16845000e-08  3.21572202e-03  3.16845000e-08  1.05974702e+00  3.16845000e-08  1.45525792e-07 
 3.16855000e-08  3.14280910e-03  3.16855000e-08  1.01509067e+00  3.16855000e-08  2.14160826e-06 
 3.16865000e-08  3.08382253e-03  3.16865000e-08  9.69999585e-01  3.16865000e-08  3.19076027e-06 
 3.16875000e-08  3.04170068e-03  3.16875000e-08  9.24501215e-01  3.16875000e-08  5.56127803e-06 
 3.17505000e-08  9.15551992e-01  3.17505000e-08  4.74825190e-03  3.17505000e-08  2.02070973e-04 
 3.17515000e-08  9.56671392e-01  3.17515000e-08  4.76630087e-03  3.17515000e-08  1.79153748e-04 
 3.17525000e-08  9.97270728e-01  3.17525000e-08  4.76677485e-03  3.17525000e-08  1.52080392e-04 
 3.17535000e-08  1.03739187e+00  3.17535000e-08  4.72029209e-03  3.17535000e-08  1.01875662e-04 
 3.17545000e-08  1.07710538e+00  3.17545000e-08  4.63256911e-03  3.17545000e-08  3.36757692e-05 
 3.17555000e-08  1.11651535e+00  3.17555000e-08  4.51037924e-03  3.17555000e-08 -6.46004008e-05 
 3.20865000e-08  1.94995793e+00  3.20865000e-08  8.28299781e-01  3.20865000e-08 -6.46589685e-05 
 3.20875000e-08  1.94995824e+00  3.20875000e-08  8.98782048e-01  3.20875000e-08 -1.02222333e-04 
 3.20885000e-08  1.94995867e+00  3.20885000e-08  9.68745196e-01  3.20885000e-08 -1.31174335e-04 
 3.20895000e-08  1.94995897e+00  3.20895000e-08  1.03805978e+00  3.20895000e-08 -1.50059510e-04 
 3.20905000e-08  1.94995939e+00  3.20905000e-08  1.10676814e+00  3.20905000e-08 -1.62570408e-04 
 3.20915000e-08  1.94995967e+00  3.20915000e-08  1.17501543e+00  3.20915000e-08 -1.82419239e-04 
 3.22065000e-08  1.94994091e+00  3.22065000e-08  1.94988424e+00  3.22065000e-08  8.88148450e-01 
 3.22075000e-08  1.94959813e+00  3.22075000e-08  1.94988961e+00  3.22075000e-08  9.48590869e-01 
 3.22085000e-08  1.94923424e+00  3.22085000e-08  1.94989939e+00  3.22085000e-08  1.00828677e+00 
 3.22095000e-08  1.94885859e+00  3.22095000e-08  1.94990309e+00  3.22095000e-08  1.07002335e+00 
 3.22105000e-08  1.94841200e+00  3.22105000e-08  1.94991250e+00  3.22105000e-08  1.13755456e+00 
 3.22115000e-08  1.94795325e+00  3.22115000e-08  1.94990406e+00  3.22115000e-08  1.21098865e+00 
 3.22865000e-08  1.17934010e+00  3.22865000e-08  1.94997847e+00  3.22865000e-08  1.94943432e+00 
 3.22875000e-08  1.12711028e+00  3.22875000e-08  1.94997846e+00  3.22875000e-08  1.94950796e+00 
 3.22885000e-08  1.07518488e+00  3.22885000e-08  1.94997959e+00  3.22885000e-08  1.94950938e+00 
 3.22895000e-08  1.02352766e+00  3.22895000e-08  1.94997953e+00  3.22895000e-08  1.94957630e+00 
 3.22905000e-08  9.72046430e-01  3.22905000e-08  1.94998058e+00  3.22905000e-08  1.94957393e+00 
 3.22915000e-08  9.20708939e-01  3.22915000e-08  1.94998048e+00  3.22915000e-08  1.94963498e+00 
 3.28045000e-08  3.41585922e-03  3.28045000e-08  1.14852384e+00  3.28045000e-08  1.94995892e+00 
 3.28055000e-08  3.31234559e-03  3.28055000e-08  1.10475864e+00  3.28055000e-08  1.94995801e+00 
 3.28065000e-08  3.22041356e-03  3.28065000e-08  1.06053973e+00  3.28065000e-08  1.94995955e+00 
 3.28075000e-08  3.14632468e-03  3.28075000e-08  1.01589207e+00  3.28075000e-08  1.94996519e+00 
 3.28085000e-08  3.08674439e-03  3.28085000e-08  9.70808895e-01  3.28085000e-08  1.94997470e+00 
 3.28095000e-08  3.04365521e-03  3.28095000e-08  9.25317836e-01  3.28095000e-08  1.94998905e+00 
 3.28725000e-08  9.13253593e-01  3.28725000e-08  5.34316708e-03  3.28725000e-08  1.94978695e+00 
 3.28735000e-08  9.54402730e-01  3.28735000e-08  5.32852478e-03  3.28735000e-08  1.95050799e+00 
 3.28745000e-08  9.95029934e-01  3.28745000e-08  5.29216907e-03  3.28745000e-08  1.95115924e+00 
 3.28755000e-08  1.03517600e+00  3.28755000e-08  5.22121195e-03  3.28755000e-08  1.95164169e+00 
 3.28765000e-08  1.07490943e+00  3.28765000e-08  5.11651890e-03  3.28765000e-08  1.95196806e+00 
 3.28775000e-08  1.11432975e+00  3.28775000e-08  4.98088982e-03  3.28775000e-08  1.95216219e+00 
 3.32085000e-08  1.94995790e+00  3.32085000e-08  8.26003945e-01  3.32085000e-08  1.95000685e+00 
 3.32095000e-08  1.94995822e+00  3.32095000e-08  8.96423730e-01  3.32095000e-08  1.94991158e+00 
 3.32105000e-08  1.94995865e+00  3.32105000e-08  9.66200724e-01  3.32105000e-08  1.94979671e+00 
 3.32115000e-08  1.94995896e+00  3.32115000e-08  1.03518609e+00  3.32115000e-08  1.94966835e+00 
 3.32125000e-08  1.94995937e+00  3.32125000e-08  1.10340942e+00  3.32125000e-08  1.94954647e+00 
 3.32135000e-08  1.94995966e+00  3.32135000e-08  1.17104514e+00  3.32135000e-08  1.94942487e+00 
 3.33425000e-08  1.94240133e+00  3.33425000e-08  1.94993796e+00  3.33425000e-08  1.18459380e+00 
 3.33435000e-08  1.94176377e+00  3.33435000e-08  1.94996683e+00  3.33435000e-08  1.12705643e+00 
 3.33445000e-08  1.94106521e+00  3.33445000e-08  1.94999653e+00  3.33445000e-08  1.06938532e+00 
 3.33455000e-08  1.94025374e+00  3.33455000e-08  1.95002276e+00  3.33455000e-08  1.01139186e+00 
 3.33465000e-08  1.93926748e+00  3.33465000e-08  1.95004706e+00  3.33465000e-08  9.52944522e-01 
 3.33475000e-08  1.93804061e+00  3.33475000e-08  1.95006061e+00  3.33475000e-08  8.93895508e-01 
 3.34095000e-08  1.13048870e+00  3.34095000e-08  1.94999153e+00  3.34095000e-08  2.74911235e-03 
 3.34105000e-08  1.07854287e+00  3.34105000e-08  1.94999130e+00  3.34105000e-08  2.64866310e-03 
 3.34115000e-08  1.02687275e+00  3.34115000e-08  1.94999011e+00  3.34115000e-08  2.57122887e-03 
 3.34125000e-08  9.75379961e-01  3.34125000e-08  1.94999009e+00  3.34125000e-08  2.47867284e-03 
 3.34135000e-08  9.24036461e-01  3.34135000e-08  1.94998913e+00  3.34135000e-08  2.40860366e-03 
 3.34145000e-08  8.72778119e-01  3.34145000e-08  1.94998926e+00  3.34145000e-08  2.32269073e-03 
 3.39265000e-08  3.41870136e-03  3.39265000e-08  1.15187908e+00  3.39265000e-08 -1.82277384e-06 
 3.39275000e-08  3.31476158e-03  3.39275000e-08  1.10814708e+00  3.39275000e-08 -3.15684726e-07 
 3.39285000e-08  3.22258454e-03  3.39285000e-08  1.06396108e+00  3.39285000e-08  4.95144187e-09 
 3.39295000e-08  3.14795177e-03  3.39295000e-08  1.01934579e+00  3.39295000e-08  2.02329341e-06 
 3.39305000e-08  3.08809802e-03  3.39305000e-08  9.74294696e-01  3.39305000e-08  2.99654552e-06 
 3.39315000e-08  3.04455693e-03  3.39315000e-08  9.28835050e-01  3.39315000e-08  5.42725914e-06 
 3.39945000e-08  9.12210149e-01  3.39945000e-08  4.74662861e-03  3.39945000e-08  2.03227496e-04 
 3.39955000e-08  9.53372903e-01  3.39955000e-08  4.76555000e-03  3.39955000e-08  1.80886422e-04 
 3.39965000e-08  9.94012786e-01  3.39965000e-08  4.76859738e-03  3.39965000e-08  1.55757982e-04 
 3.39975000e-08  1.03417030e+00  3.39975000e-08  4.72723326e-03  3.39975000e-08  1.07413799e-04 
 3.39985000e-08  1.07391291e+00  3.39985000e-08  4.64239627e-03  3.39985000e-08  4.10796714e-05 
 3.39995000e-08  1.11334244e+00  3.39995000e-08  4.52300792e-03  3.39995000e-08 -5.54175325e-05 
 3.43305000e-08  1.94995789e+00  3.43305000e-08  8.22541953e-01  3.43305000e-08 -6.15446886e-05 
 3.43315000e-08  1.94995822e+00  3.43315000e-08  8.93060744e-01  3.43315000e-08 -9.92329135e-05 
 3.43325000e-08  1.94995864e+00  3.43325000e-08  9.63072467e-01  3.43325000e-08 -1.29381559e-04 
 3.43335000e-08  1.94995895e+00  3.43335000e-08  1.03244001e+00  3.43335000e-08 -1.48630060e-04 
 3.43345000e-08  1.94995935e+00  3.43345000e-08  1.10119507e+00  3.43345000e-08 -1.61560856e-04 
 3.43355000e-08  1.94995965e+00  3.43355000e-08  1.16945363e+00  3.43355000e-08 -1.80414997e-04 
 3.44505000e-08  1.94997006e+00  3.44505000e-08  1.94988359e+00  3.44505000e-08  8.82976297e-01 
 3.44515000e-08  1.94962980e+00  3.44515000e-08  1.94988917e+00  3.44515000e-08  9.43528698e-01 
 3.44525000e-08  1.94926729e+00  3.44525000e-08  1.94989873e+00  3.44525000e-08  1.00323131e+00 
 3.44535000e-08  1.94889260e+00  3.44535000e-08  1.94990221e+00  3.44535000e-08  1.06467518e+00 
 3.44545000e-08  1.94845368e+00  3.44545000e-08  1.94991329e+00  3.44545000e-08  1.13146026e+00 
 3.44555000e-08  1.94799551e+00  3.44555000e-08  1.94990411e+00  3.44555000e-08  1.20482558e+00 
 3.45315000e-08  1.13179963e+00  3.45315000e-08  1.94997846e+00  3.45315000e-08  1.94950883e+00 
 3.45325000e-08  1.07984574e+00  3.45325000e-08  1.94997950e+00  3.45325000e-08  1.94950271e+00 
 3.45335000e-08  1.02817038e+00  3.45335000e-08  1.94997953e+00  3.45335000e-08  1.94957746e+00 
 3.45345000e-08  9.76672916e-01  3.45345000e-08  1.94998049e+00  3.45345000e-08  1.94956780e+00 
 3.45355000e-08  9.25327016e-01  3.45355000e-08  1.94998049e+00  3.45355000e-08  1.94963637e+00 
 3.45365000e-08  8.74066059e-01  3.45365000e-08  1.94998138e+00  3.45365000e-08  1.94962382e+00 
 3.50485000e-08  3.42412882e-03  3.50485000e-08  1.15260140e+00  3.50485000e-08  1.94995913e+00 
 3.50495000e-08  3.31938810e-03  3.50495000e-08  1.10887794e+00  3.50495000e-08  1.94995801e+00 
 3.50505000e-08  3.22674442e-03  3.50505000e-08  1.06470070e+00  3.50505000e-08  1.94995924e+00 
 3.50515000e-08  3.15108008e-03  3.50515000e-08  1.02009333e+00  3.50515000e-08  1.94996450e+00 
 3.50525000e-08  3.09069867e-03  3.50525000e-08  9.75050026e-01  3.50525000e-08  1.94997361e+00 
 3.50535000e-08  3.04629312e-03  3.50535000e-08  9.29597023e-01  3.50535000e-08  1.94998754e+00 
 3.51165000e-08  9.10219246e-01  3.51165000e-08  5.34375561e-03  3.51165000e-08  1.94972841e+00 
 3.51175000e-08  9.51407954e-01  3.51175000e-08  5.33133503e-03  3.51175000e-08  1.95043789e+00 
 3.51185000e-08  9.92072088e-01  3.51185000e-08  5.29653263e-03  3.51185000e-08  1.95110519e+00 
 3.51195000e-08  1.03225077e+00  3.51195000e-08  5.23005473e-03  3.51195000e-08  1.95160327e+00 
 3.51205000e-08  1.07201055e+00  3.51205000e-08  5.12723718e-03  3.51205000e-08  1.95194305e+00 
 3.51215000e-08  1.11144952e+00  3.51215000e-08  4.99541985e-03  3.51215000e-08  1.95214905e+00 
 3.54525000e-08  1.94995786e+00  3.54525000e-08  8.20833737e-01  3.54525000e-08  1.95001458e+00 
 3.54535000e-08  1.94995821e+00  3.54535000e-08  8.91296470e-01  3.54535000e-08  1.94991909e+00 
 3.54545000e-08  1.94995861e+00  3.54545000e-08  9.61125020e-01  3.54545000e-08  1.94980554e+00 
 3.54555000e-08  1.94995894e+00  3.54555000e-08  1.03017017e+00  3.54555000e-08  1.94967776e+00 
 3.54565000e-08  1.94995933e+00  3.54565000e-08  1.09845476e+00  3.54565000e-08  1.94955411e+00 
 3.54575000e-08  1.94995964e+00  3.54575000e-08  1.16613077e+00  3.54575000e-08  1.94943456e+00 
 3.55865000e-08  1.94244680e+00  3.55865000e-08  1.94993552e+00  3.55865000e-08  1.18889114e+00 
 3.55875000e-08  1.94181247e+00  3.55875000e-08  1.94996479e+00  3.55875000e-08  1.13135540e+00 
 3.55885000e-08  1.94111978e+00  3.55885000e-08  1.94999439e+00  3.55885000e-08  1.07370401e+00 
 3.55895000e-08  1.94031844e+00  3.55895000e-08  1.95002097e+00  3.55895000e-08  1.01573625e+00 
 3.55905000e-08  1.93934691e+00  3.55905000e-08  1.95004541e+00  3.55905000e-08  9.57331380e-01 
 3.55915000e-08  1.93813887e+00  3.55915000e-08  1.95005985e+00  3.55915000e-08  8.98327134e-01 
 3.56535000e-08  1.13423181e+00  3.56535000e-08  1.94999159e+00  3.56535000e-08  2.75885430e-03 
 3.56545000e-08  1.08226336e+00  3.56545000e-08  1.94999135e+00  3.56545000e-08  2.65228835e-03 
 3.56555000e-08  1.03057850e+00  3.56555000e-08  1.94999015e+00  3.56555000e-08  2.58032581e-03 
 3.56565000e-08  9.79072852e-01  3.56565000e-08  1.94999012e+00  3.56565000e-08  2.48176911e-03 
 3.56575000e-08  9.27722500e-01  3.56575000e-08  1.94998916e+00  3.56575000e-08  2.41715385e-03 
 3.56585000e-08  8.76456967e-01  3.56585000e-08  1.94998928e+00  3.56585000e-08  2.32534755e-03 
 3.61705000e-08  3.42783711e-03  3.61705000e-08  1.15474605e+00  3.61705000e-08 -1.87520502e-06 
 3.61715000e-08  3.32255294e-03  3.61715000e-08  1.11104292e+00  3.61715000e-08 -3.48027021e-07 
 3.61725000e-08  3.22959372e-03  3.61725000e-08  1.06688680e+00  3.61725000e-08 -9.06701214e-08 
 3.61735000e-08  3.15322630e-03  3.61735000e-08  1.02229941e+00  3.61735000e-08  1.96356396e-06 
 3.61745000e-08  3.09248393e-03  3.61745000e-08  9.77276875e-01  3.61745000e-08  2.86727654e-06 
 3.61755000e-08  3.04748369e-03  3.61755000e-08  9.31843604e-01  3.61755000e-08  5.33840383e-06 
 3.62385000e-08  9.09131425e-01  3.62385000e-08  4.74523586e-03  3.62385000e-08  2.02922248e-04 
 3.62395000e-08  9.50334314e-01  3.62395000e-08  4.76481705e-03  3.62395000e-08  1.82881951e-04 
 3.62405000e-08  9.91011752e-01  3.62405000e-08  4.76934698e-03  3.62405000e-08  1.58084363e-04 
 3.62415000e-08  1.03120323e+00  3.62415000e-08  4.73173038e-03  3.62415000e-08  1.11232446e-04 
 3.62425000e-08  1.07097374e+00  3.62425000e-08  4.64895397e-03  3.62425000e-08  4.60778435e-05 
 3.62435000e-08  1.11042257e+00  3.62435000e-08  4.53182178e-03  3.62435000e-08 -4.81616263e-05 
 3.65745000e-08  1.94995785e+00  3.65745000e-08  8.17248028e-01  3.65745000e-08 -5.86816665e-05 
 3.65755000e-08  1.94995820e+00  3.65755000e-08  8.87801066e-01  3.65755000e-08 -9.64431859e-05 
 3.65765000e-08  1.94995860e+00  3.65765000e-08  9.57855496e-01  3.65765000e-08 -1.27661374e-04 
 3.65775000e-08  1.94995894e+00  3.65775000e-08  1.02727333e+00  3.65775000e-08 -1.47299652e-04 
 3.65785000e-08  1.94995932e+00  3.65785000e-08  1.09607088e+00  3.65785000e-08 -1.60629634e-04 
 3.65795000e-08  1.94995964e+00  3.65795000e-08  1.16435676e+00  3.65795000e-08 -1.78793653e-04 
 3.66945000e-08  1.94999485e+00  3.66945000e-08  1.94988284e+00  3.66945000e-08  8.78428906e-01 
 3.66955000e-08  1.94965674e+00  3.66955000e-08  1.94988882e+00  3.66955000e-08  9.39081452e-01 
 3.66965000e-08  1.94929557e+00  3.66965000e-08  1.94989798e+00  3.66965000e-08  9.98801633e-01 
 3.66975000e-08  1.94892157e+00  3.66975000e-08  1.94990221e+00  3.66975000e-08  1.05989661e+00 
 3.66985000e-08  1.94848923e+00  3.66985000e-08  1.94991273e+00  3.66985000e-08  1.12618562e+00 
 3.66995000e-08  1.94803129e+00  3.66995000e-08  1.94990433e+00  3.66995000e-08  1.19937273e+00 
 3.67755000e-08  1.13565169e+00  3.67755000e-08  1.94997844e+00  3.67755000e-08  1.94950393e+00 
 3.67765000e-08  1.08367455e+00  3.67765000e-08  1.94997943e+00  3.67765000e-08  1.94950207e+00 
 3.67775000e-08  1.03198384e+00  3.67775000e-08  1.94997953e+00  3.67775000e-08  1.94957304e+00 
 3.67785000e-08  9.80473155e-01  3.67785000e-08  1.94998043e+00  3.67785000e-08  1.94956746e+00 
 3.67795000e-08  9.29120061e-01  3.67795000e-08  1.94998049e+00  3.67795000e-08  1.94963236e+00 
 3.67805000e-08  8.77851771e-01  3.67805000e-08  1.94998132e+00  3.67805000e-08  1.94962374e+00 
 3.72925000e-08  3.43334240e-03  3.72925000e-08  1.15568115e+00  3.72925000e-08  1.94995934e+00 
 3.72935000e-08  3.32726352e-03  3.72935000e-08  1.11198873e+00  3.72935000e-08  1.94995798e+00 
 3.72945000e-08  3.23385327e-03  3.72945000e-08  1.06784362e+00  3.72945000e-08  1.94995907e+00 
 3.72955000e-08  3.15644478e-03  3.72955000e-08  1.02326627e+00  3.72955000e-08  1.94996397e+00 
 3.72965000e-08  3.09517273e-03  3.72965000e-08  9.78253699e-01  3.72965000e-08  1.94997282e+00 
 3.72975000e-08  3.04928105e-03  3.72975000e-08  9.32829094e-01  3.72975000e-08  1.94998631e+00 
 3.73605000e-08  9.07127903e-01  3.73605000e-08  5.34411203e-03  3.73605000e-08  1.94968429e+00 
 3.73615000e-08  9.48356942e-01  3.73615000e-08  5.33315269e-03  3.73615000e-08  1.95038430e+00 
 3.73625000e-08  9.89058915e-01  3.73625000e-08  5.29953835e-03  3.73625000e-08  1.95106367e+00 
 3.73635000e-08  1.02927268e+00  3.73635000e-08  5.23647187e-03  3.73635000e-08  1.95157363e+00 
 3.73645000e-08  1.06906160e+00  3.73645000e-08  5.13514572e-03  3.73645000e-08  1.95192383e+00 
 3.73655000e-08  1.10852051e+00  3.73655000e-08  5.00608980e-03  3.73655000e-08  1.95213845e+00 
 3.76975000e-08  1.94995819e+00  3.76975000e-08  8.85837804e-01  3.76975000e-08  1.94992700e+00 
 3.76985000e-08  1.94995857e+00  3.76985000e-08  9.55720885e-01  3.76985000e-08  1.94981489e+00 
 3.76995000e-08  1.94995893e+00  3.76995000e-08  1.02482952e+00  3.76995000e-08  1.94968775e+00 
 3.77005000e-08  1.94995929e+00  3.77005000e-08  1.09316956e+00  3.77005000e-08  1.94956234e+00 
 3.77015000e-08  1.94995963e+00  3.77015000e-08  1.16088000e+00  3.77015000e-08  1.94944495e+00 
 3.77025000e-08  1.94995997e+00  3.77025000e-08  1.22843266e+00  3.77025000e-08  1.94930298e+00 
 3.78305000e-08  1.94249903e+00  3.78305000e-08  1.94993302e+00  3.78305000e-08  1.19335224e+00 
 3.78315000e-08  1.94186770e+00  3.78315000e-08  1.94996261e+00  3.78315000e-08  1.13581761e+00 
 3.78325000e-08  1.94118122e+00  3.78325000e-08  1.94999217e+00  3.78325000e-08  1.07818586e+00 
 3.78335000e-08  1.94039093e+00  3.78335000e-08  1.95001904e+00  3.78335000e-08  1.02024400e+00 
 3.78345000e-08  1.93943583e+00  3.78345000e-08  1.95004369e+00  3.78345000e-08  9.61882633e-01 
 3.78355000e-08  1.93824911e+00  3.78355000e-08  1.95005900e+00  3.78355000e-08  9.02924507e-01 
 3.78975000e-08  1.13851661e+00  3.78975000e-08  1.94999166e+00  3.78975000e-08  2.76716517e-03 
 3.78985000e-08  1.08652190e+00  3.78985000e-08  1.94999141e+00  3.78985000e-08  2.65818008e-03 
 3.78995000e-08  1.03481943e+00  3.78995000e-08  1.94999019e+00  3.78995000e-08  2.58797087e-03 
 3.79005000e-08  9.83298720e-01  3.79005000e-08  1.94999017e+00  3.79005000e-08  2.48708264e-03 
 3.79015000e-08  9.31940017e-01  3.79015000e-08  1.94998918e+00  3.79015000e-08  2.42423819e-03 
 3.79025000e-08  8.80666145e-01  3.79025000e-08  1.94998932e+00  3.79025000e-08  2.33017580e-03 
 3.84145000e-08  3.43834573e-03  3.84145000e-08  1.15795081e+00  3.84145000e-08 -1.87478044e-06 
 3.84155000e-08  3.33155439e-03  3.84155000e-08  1.11428002e+00  3.84155000e-08 -4.53570147e-07 
 3.84165000e-08  3.23774618e-03  3.84165000e-08  1.07015736e+00  3.84165000e-08 -1.42123338e-07 
 3.84175000e-08  3.15939141e-03  3.84175000e-08  1.02560122e+00  3.84175000e-08  1.82996941e-06 
 3.84185000e-08  3.09763955e-03  3.84185000e-08  9.80610697e-01  3.84185000e-08  2.77164455e-06 
 3.84195000e-08  3.05092819e-03  3.84195000e-08  9.35207001e-01  3.84195000e-08  5.17833370e-06 
 3.84825000e-08  9.05312546e-01  3.84825000e-08  4.74361773e-03  3.84825000e-08  2.02436799e-04 
 3.84835000e-08  9.46565309e-01  3.84835000e-08  4.76376058e-03  3.84835000e-08  1.84961412e-04 
 3.84845000e-08  9.87289582e-01  3.84845000e-08  4.76980030e-03  3.84845000e-08  1.60603134e-04 
 3.84855000e-08  1.02752364e+00  3.84855000e-08  4.73640124e-03  3.84855000e-08  1.15381475e-04 
 3.84865000e-08  1.06732940e+00  3.84865000e-08  4.65596899e-03  3.84865000e-08  5.15694142e-05 
 3.84875000e-08  1.10680313e+00  3.84875000e-08  4.54152164e-03  3.84875000e-08 -3.99038821e-05 
 3.88195000e-08  1.94995818e+00  3.88195000e-08  8.81268463e-01  3.88195000e-08 -9.29223461e-05 
 3.88205000e-08  1.94995855e+00  3.88205000e-08  9.51374462e-01  3.88205000e-08 -1.25430027e-04 
 3.88215000e-08  1.94995892e+00  3.88215000e-08  1.02085400e+00  3.88215000e-08 -1.45617776e-04 
 3.88225000e-08  1.94995927e+00  3.88225000e-08  1.08969897e+00  3.88225000e-08 -1.59353296e-04 
 3.88235000e-08  1.94995962e+00  3.88235000e-08  1.15801476e+00  3.88235000e-08 -1.76746456e-04 
 3.88245000e-08  1.94995995e+00  3.88245000e-08  1.22611351e+00  3.88245000e-08 -1.98331107e-04 
 3.89385000e-08  1.95002577e+00  3.89385000e-08  1.94988191e+00  3.89385000e-08  8.72705761e-01 
 3.89395000e-08  1.94968726e+00  3.89395000e-08  1.94988837e+00  3.89395000e-08  9.33489456e-01 
 3.89405000e-08  1.94932767e+00  3.89405000e-08  1.94989703e+00  3.89405000e-08  9.93246004e-01 
 3.89415000e-08  1.94895455e+00  3.89415000e-08  1.94990216e+00  3.89415000e-08  1.05397965e+00 
 3.89425000e-08  1.94852957e+00  3.89425000e-08  1.94991197e+00  3.89425000e-08  1.11962720e+00 
 3.89435000e-08  1.94807184e+00  3.89435000e-08  1.94990473e+00  3.89435000e-08  1.19251976e+00 
 3.90195000e-08  1.14018666e+00  3.90195000e-08  1.94997843e+00  3.90195000e-08  1.94949777e+00 
 3.90205000e-08  1.08818138e+00  3.90205000e-08  1.94997934e+00  3.90205000e-08  1.94950152e+00 
 3.90215000e-08  1.03647168e+00  3.90215000e-08  1.94997951e+00  3.90215000e-08  1.94956746e+00 
 3.90225000e-08  9.84944738e-01  3.90225000e-08  1.94998035e+00  3.90225000e-08  1.94956726e+00 
 3.90235000e-08  9.33582559e-01  3.90235000e-08  1.94998048e+00  3.90235000e-08  1.94962729e+00 
 3.90245000e-08  8.82305234e-01  3.90245000e-08  1.94998125e+00  3.90245000e-08  1.94962384e+00 
 3.95375000e-08  3.33687088e-03  3.95375000e-08  1.11549773e+00  3.95375000e-08  1.94995797e+00 
 3.95385000e-08  3.24256842e-03  3.95385000e-08  1.07138892e+00  3.95385000e-08  1.94995890e+00 
 3.95395000e-08  3.16304698e-03  3.95395000e-08  1.02684550e+00  3.95395000e-08  1.94996339e+00 
 3.95405000e-08  3.10069452e-03  3.95405000e-08  9.81867677e-01  3.95405000e-08  1.94997199e+00 
 3.95415000e-08  3.05296377e-03  3.95415000e-08  9.36475217e-01  3.95415000e-08  1.94998504e+00 
 3.95425000e-08  3.01757446e-03  3.95425000e-08  8.90674554e-01  3.95425000e-08  1.95000252e+00 
 3.96055000e-08  9.44353861e-01  3.96055000e-08  5.33494532e-03  3.96055000e-08  1.95032285e+00 
 3.96065000e-08  9.85105768e-01  3.96065000e-08  5.30262064e-03  3.96065000e-08  1.95101558e+00 
 3.96075000e-08  1.02536505e+00  3.96075000e-08  5.24334131e-03  3.96075000e-08  1.95153913e+00 
 3.96085000e-08  1.06519185e+00  3.96085000e-08  5.14377918e-03  3.96085000e-08  1.95190100e+00 
 3.96095000e-08  1.10467787e+00  3.96095000e-08  5.01794666e-03  3.96095000e-08  1.95212597e+00 
 3.96105000e-08  1.14395253e+00  3.96105000e-08  4.86190525e-03  3.96105000e-08  1.95223465e+00 
 3.99415000e-08  1.94995817e+00  3.99415000e-08  8.79090998e-01  3.99415000e-08  1.94993663e+00 
 3.99425000e-08  1.94995852e+00  3.99425000e-08  9.49040060e-01  3.99425000e-08  1.94982639e+00 
 3.99435000e-08  1.94995891e+00  3.99435000e-08  1.01822608e+00  3.99435000e-08  1.94970006e+00 
 3.99445000e-08  1.94995924e+00  3.99445000e-08  1.08663575e+00  3.99445000e-08  1.94957249e+00 
 3.99455000e-08  1.94995961e+00  3.99455000e-08  1.15439192e+00  3.99455000e-08  1.94945765e+00 
 3.99465000e-08  1.94995992e+00  3.99465000e-08  1.22192809e+00  3.99465000e-08  1.94931782e+00 
 4.00745000e-08  1.94255678e+00  4.00745000e-08  1.94992999e+00  4.00745000e-08  1.19883060e+00 
 4.00755000e-08  1.94192864e+00  4.00755000e-08  1.94995992e+00  4.00755000e-08  1.14129625e+00 
 4.00765000e-08  1.94124870e+00  4.00765000e-08  1.94998943e+00  4.00765000e-08  1.08368692e+00 
 4.00775000e-08  1.94047049e+00  4.00775000e-08  1.95001661e+00  4.00775000e-08  1.02577533e+00 
 4.00785000e-08  1.93953326e+00  4.00785000e-08  1.95004155e+00  4.00785000e-08  9.67465916e-01 
 4.00795000e-08  1.93837036e+00  4.00795000e-08  1.95005789e+00  4.00795000e-08  9.08563433e-01 
 4.01415000e-08  1.14335638e+00  4.01415000e-08  1.94999177e+00  4.01415000e-08  2.77303948e-03 
 4.01425000e-08  1.09133322e+00  4.01425000e-08  1.94999146e+00  4.01425000e-08  2.66983923e-03 
 4.01435000e-08  1.03960807e+00  4.01435000e-08  1.94999028e+00  4.01435000e-08  2.59307088e-03 
 4.01445000e-08  9.88071320e-01  4.01445000e-08  1.94999020e+00  4.01445000e-08  2.49798972e-03 
 4.01455000e-08  9.36700885e-01  4.01455000e-08  1.94998924e+00  4.01455000e-08  2.42863273e-03 
 4.01465000e-08  8.85418697e-01  4.01465000e-08  1.94998933e+00  4.01465000e-08  2.34042017e-03 
 4.06595000e-08  3.34122332e-03  4.06595000e-08  1.11822065e+00  4.06595000e-08 -7.07080332e-07 
 4.06605000e-08  3.24652649e-03  4.06605000e-08  1.07413881e+00  4.06605000e-08 -9.03732532e-08 
 4.06615000e-08  3.16606208e-03  4.06615000e-08  1.02962079e+00  4.06615000e-08  1.54247086e-06 
 4.06625000e-08  3.10322025e-03  4.06625000e-08  9.84669335e-01  4.06625000e-08  2.74597604e-06 
 4.06635000e-08  3.05465501e-03  4.06635000e-08  9.39301767e-01  4.06635000e-08  4.86333627e-06 
 4.06645000e-08  3.01908426e-03  4.06645000e-08  8.93526792e-01  4.06645000e-08  6.19969008e-06 
 4.07275000e-08  9.42584881e-01  4.07275000e-08  4.76238105e-03  4.07275000e-08  1.87325768e-04 
 4.07285000e-08  9.83358814e-01  4.07285000e-08  4.77008277e-03  4.07285000e-08  1.63609559e-04 
 4.07295000e-08  1.02363851e+00  4.07295000e-08  4.74177273e-03  4.07295000e-08  1.20260725e-04 
 4.07305000e-08  1.06348215e+00  4.07305000e-08  4.66429902e-03  4.07305000e-08  5.81637033e-05 
 4.07315000e-08  1.10298342e+00  4.07315000e-08  4.55325868e-03  4.07315000e-08 -3.00355725e-05 
 4.07325000e-08  1.14226405e+00  4.07325000e-08  4.42270203e-03  4.07325000e-08 -1.26734754e-04 
 4.10635000e-08  1.94995816e+00  4.10635000e-08  8.74480224e-01  4.10635000e-08 -8.94313301e-05 
 4.10645000e-08  1.94995850e+00  4.10645000e-08  9.44639058e-01  4.10645000e-08 -1.23110742e-04 
 4.10655000e-08  1.94995890e+00  4.10655000e-08  1.01418272e+00  4.10655000e-08 -1.43777540e-04 
 4.10665000e-08  1.94995922e+00  4.10665000e-08  1.08308469e+00  4.10665000e-08 -1.58590208e-04 
 4.10675000e-08  1.94995960e+00  4.10675000e-08  1.15145336e+00  4.10675000e-08 -1.74317115e-04 
 4.10685000e-08  1.94995991e+00  4.10685000e-08  1.21956943e+00  4.10685000e-08 -1.96436931e-04 
 4.11825000e-08  1.95005919e+00  4.11825000e-08  1.94988095e+00  4.11825000e-08  8.66741775e-01 
 4.11835000e-08  1.94971978e+00  4.11835000e-08  1.94988794e+00  4.11835000e-08  9.27668610e-01 
 4.11845000e-08  1.94936192e+00  4.11845000e-08  1.94989601e+00  4.11845000e-08  9.87478507e-01 
 4.11855000e-08  1.94898981e+00  4.11855000e-08  1.94990206e+00  4.11855000e-08  1.04791295e+00 
 4.11865000e-08  1.94857252e+00  4.11865000e-08  1.94991109e+00  4.11865000e-08  1.11290309e+00 
 4.11875000e-08  1.94811494e+00  4.11875000e-08  1.94990536e+00  4.11875000e-08  1.18539285e+00 
 4.12635000e-08  1.14515826e+00  4.12635000e-08  1.94997842e+00  4.12635000e-08  1.94949094e+00 
 4.12645000e-08  1.09312513e+00  4.12645000e-08  1.94997924e+00  4.12645000e-08  1.94950132e+00 
 4.12655000e-08  1.04139062e+00  4.12655000e-08  1.94997951e+00  4.12655000e-08  1.94956125e+00 
 4.12665000e-08  9.89848462e-01  4.12665000e-08  1.94998026e+00  4.12665000e-08  1.94956742e+00 
 4.12675000e-08  9.38472973e-01  4.12675000e-08  1.94998048e+00  4.12675000e-08  1.94962162e+00 
 4.12685000e-08  8.87188319e-01  4.12685000e-08  1.94998117e+00  4.12685000e-08  1.94962429e+00 
 4.17815000e-08  3.34599470e-03  4.17815000e-08  1.11966571e+00  4.17815000e-08  1.94995798e+00 
 4.17825000e-08  3.25086863e-03  4.17825000e-08  1.07560006e+00  4.17825000e-08  1.94995872e+00 
 4.17835000e-08  3.16938020e-03  4.17835000e-08  1.03109710e+00  4.17835000e-08  1.94996275e+00 
 4.17845000e-08  3.10599727e-03  4.17845000e-08  9.86160624e-01  4.17845000e-08  1.94997103e+00 
 4.17855000e-08  3.05651687e-03  4.17855000e-08  9.40806542e-01  4.17855000e-08  1.94998357e+00 
 4.17865000e-08  3.02073127e-03  4.17865000e-08  8.95044484e-01  4.17865000e-08  1.95000074e+00 
 4.18495000e-08  9.40604607e-01  4.18495000e-08  5.33714164e-03  4.18495000e-08  1.95024919e+00 
 4.18505000e-08  9.81403020e-01  4.18505000e-08  5.30670727e-03  4.18505000e-08  1.95095783e+00 
 4.18515000e-08  1.02170590e+00  4.18515000e-08  5.25128845e-03  4.18515000e-08  1.95149769e+00 
 4.18525000e-08  1.06156835e+00  4.18525000e-08  5.15427924e-03  4.18525000e-08  1.95187343e+00 
 4.18535000e-08  1.10108127e+00  4.18535000e-08  5.03173540e-03  4.18535000e-08  1.95211083e+00 
 4.18545000e-08  1.14036893e+00  4.18545000e-08  4.87710614e-03  4.18545000e-08  1.95222879e+00 
 4.20000000e-08  1.94998210e+00  4.20000000e-08  1.35149637e-04  4.20000000e-08  1.94998550e+00 
