 time            v(b_out)        time            v(u_puf_u_core_sel_ro) time            v(q)           
 0.00000000e+00  4.68653885e-09  0.00000000e+00  2.46749735e-09  0.00000000e+00  2.46749746e-09 
 2.57850000e-09  9.42483611e-01  2.57850000e-09  2.98516695e-09  2.57850000e-09  2.46770587e-09 
 2.57950000e-09  9.78661569e-01  2.57950000e-09  2.96509367e-09  2.57950000e-09  2.46763687e-09 
 2.58050000e-09  1.01493371e+00  2.58050000e-09  2.86337126e-09  2.58050000e-09  2.46751614e-09 
 2.58150000e-09  1.05104790e+00  2.58150000e-09  2.81003970e-09  2.58150000e-09  2.46767023e-09 
 2.58250000e-09  1.08686620e+00  2.58250000e-09  2.91113758e-09  2.58250000e-09  2.46794102e-09 
 2.58350000e-09  1.12238810e+00  2.58350000e-09  3.08132661e-09  2.58350000e-09  2.46796250e-09 
 2.81150000e-09  1.94999897e+00  2.81150000e-09  8.54003745e-01  2.81150000e-09 -8.58884335e-05 
 2.81250000e-09  1.94999964e+00  2.81250000e-09  9.36086195e-01  2.81250000e-09 -1.32056291e-04 
 2.81350000e-09  1.94999908e+00  2.81350000e-09  1.01628168e+00  2.81350000e-09 -1.65865062e-04 
 2.81450000e-09  1.94999972e+00  2.81450000e-09  1.09456773e+00  2.81450000e-09 -1.85753771e-04 
 2.81550000e-09  1.94999917e+00  2.81550000e-09  1.17101458e+00  2.81550000e-09 -2.00909416e-04 
 2.81650000e-09  1.94999979e+00  2.81650000e-09  1.24581708e+00  2.81650000e-09 -2.26699399e-04 
 2.93050000e-09  1.94999986e+00  2.93050000e-09  1.94993423e+00  2.93050000e-09  8.74134749e-01 
 2.93150000e-09  1.94999969e+00  2.93150000e-09  1.94994155e+00  2.93150000e-09  9.34795964e-01 
 2.93250000e-09  1.94999989e+00  2.93250000e-09  1.94994755e+00  2.93250000e-09  9.94433309e-01 
 2.93350000e-09  1.94999971e+00  2.93350000e-09  1.94995350e+00  2.93350000e-09  1.05512387e+00 
 2.93450000e-09  1.94999990e+00  2.93450000e-09  1.94996089e+00  2.93450000e-09  1.12078299e+00 
 2.93550000e-09  1.94999973e+00  2.93550000e-09  1.94995440e+00  2.93550000e-09  1.19360475e+00 
 3.11450000e-09  1.14055952e+00  3.11450000e-09  1.94999930e+00  3.11450000e-09  1.94999243e+00 
 3.11550000e-09  1.08826891e+00  3.11550000e-09  1.94999942e+00  3.11550000e-09  1.95000016e+00 
 3.11650000e-09  1.03608365e+00  3.11650000e-09  1.94999931e+00  3.11650000e-09  1.94999286e+00 
 3.11750000e-09  9.83900501e-01  3.11750000e-09  1.94999943e+00  3.11750000e-09  1.95000080e+00 
 3.11850000e-09  9.31691457e-01  3.11850000e-09  1.94999932e+00  3.11850000e-09  1.94999219e+00 
 3.11950000e-09  8.79393326e-01  3.11950000e-09  1.94999944e+00  3.11950000e-09  1.94999833e+00 
 3.50950000e-09  1.94238026e-05  3.50950000e-09  1.14165757e+00  3.50950000e-09  1.94993799e+00 
 3.51050000e-09  1.93015923e-05  3.51050000e-09  1.08707467e+00  3.51050000e-09  1.94993470e+00 
 3.51150000e-09  1.91912302e-05  3.51150000e-09  1.03182300e+00  3.51150000e-09  1.94993616e+00 
 3.51250000e-09  1.90832936e-05  3.51250000e-09  9.75941716e-01  3.51250000e-09  1.94994349e+00 
 3.51350000e-09  1.90463803e-05  3.51350000e-09  9.19415201e-01  3.51350000e-09  1.94995774e+00 
 3.51450000e-09  1.90511457e-05  3.51450000e-09  8.62294500e-01  3.51450000e-09  1.94997885e+00 
 3.70050000e-09  9.45737433e-01  3.70050000e-09  8.59898202e-05  3.70050000e-09  1.94996983e+00 
 3.70150000e-09  9.82734802e-01  3.70150000e-09  8.38625860e-05  3.70150000e-09  1.94997119e+00 
 3.70250000e-09  1.01945052e+00  3.70250000e-09  8.17156590e-05  3.70250000e-09  1.94997153e+00 
 3.70350000e-09  1.05579789e+00  3.70350000e-09  7.96985415e-05  3.70350000e-09  1.94997283e+00 
 3.70450000e-09  1.09177389e+00  3.70450000e-09  7.76565976e-05  3.70450000e-09  1.94997314e+00 
 3.70550000e-09  1.12748451e+00  3.70550000e-09  7.57434955e-05  3.70550000e-09  1.94997438e+00 
 3.93250000e-09  1.94999989e+00  3.93250000e-09  8.35575618e-01  3.93250000e-09  1.95005956e+00 
 3.93350000e-09  1.94999978e+00  3.93350000e-09  9.18033833e-01  3.93350000e-09  1.94992660e+00 
 3.93450000e-09  1.94999990e+00  3.93450000e-09  9.98460265e-01  3.93450000e-09  1.94978564e+00 
 3.93550000e-09  1.94999979e+00  3.93550000e-09  1.07677983e+00  3.93550000e-09  1.94962855e+00 
 3.93650000e-09  1.94999990e+00  3.93650000e-09  1.15303640e+00  3.93650000e-09  1.94947265e+00 
 3.93750000e-09  1.94999978e+00  3.93750000e-09  1.22750086e+00  3.93750000e-09  1.94932509e+00 
 4.06550000e-09  1.95000013e+00  4.06550000e-09  1.94997052e+00  4.06550000e-09  1.19794391e+00 
 4.06650000e-09  1.95000014e+00  4.06650000e-09  1.95000087e+00  4.06650000e-09  1.14041170e+00 
 4.06750000e-09  1.94999996e+00  4.06750000e-09  1.95003346e+00  4.06750000e-09  1.08280261e+00 
 4.06850000e-09  1.94999981e+00  4.06850000e-09  1.95006253e+00  4.06850000e-09  1.02488931e+00 
 4.06950000e-09  1.94999964e+00  4.06950000e-09  1.95008302e+00  4.06950000e-09  9.66577011e-01 
 4.07050000e-09  1.94999961e+00  4.07050000e-09  1.95009908e+00  4.07050000e-09  9.07670937e-01 
 4.23650000e-09  1.14154660e+00  4.23650000e-09  1.94999935e+00  4.23650000e-09  1.04789737e-04 
 4.23750000e-09  1.08925356e+00  4.23750000e-09  1.94999928e+00  4.23750000e-09  9.56668969e-05 
 4.23850000e-09  1.03706765e+00  4.23850000e-09  1.94999936e+00  4.23850000e-09  9.83308327e-05 
 4.23950000e-09  9.84884544e-01  4.23950000e-09  1.94999928e+00  4.23950000e-09  8.94785162e-05 
 4.24050000e-09  9.32676847e-01  4.24050000e-09  1.94999937e+00  4.24050000e-09  9.22646070e-05 
 4.24150000e-09  8.80380195e-01  4.24150000e-09  1.94999929e+00  4.24150000e-09  8.35243303e-05 
 4.63150000e-09  1.94285351e-05  4.63150000e-09  1.14294688e+00  4.63150000e-09 -2.97828389e-06 
 4.63250000e-09  1.93022415e-05  4.63250000e-09  1.08837809e+00  4.63250000e-09 -1.37260711e-06 
 4.63350000e-09  1.91967949e-05  4.63350000e-09  1.03313939e+00  4.63350000e-09  1.29704053e-09 
 4.63450000e-09  1.90826311e-05  4.63450000e-09  9.77272237e-01  4.63450000e-09  2.59439924e-06 
 4.63550000e-09  1.90483709e-05  4.63550000e-09  9.20758902e-01  4.63550000e-09  4.76681665e-06 
 4.63650000e-09  1.90468276e-05  4.63650000e-09  8.63652516e-01  4.63650000e-09  7.93617960e-06 
 4.82250000e-09  9.44529260e-01  4.82250000e-09  9.75541235e-05  4.82250000e-09  2.43076079e-06 
 4.82350000e-09  9.81534525e-01  4.82350000e-09  9.47857735e-05  4.82350000e-09  2.02093406e-06 
 4.82450000e-09  1.01826067e+00  4.82450000e-09  9.26548585e-05  4.82450000e-09  2.30831717e-06 
 4.82550000e-09  1.05462056e+00  4.82550000e-09  9.00212763e-05  4.82550000e-09  1.90304496e-06 
 4.82650000e-09  1.09060728e+00  4.82650000e-09  8.80091435e-05  4.82650000e-09  2.19354893e-06 
 4.82750000e-09  1.12632411e+00  4.82750000e-09  8.55022120e-05  4.82750000e-09  1.79221483e-06 
 5.05450000e-09  1.94999984e+00  5.05450000e-09  8.30897029e-01  5.05450000e-09 -7.19919178e-05 
 5.05550000e-09  1.94999966e+00  5.05550000e-09  9.13479219e-01  5.05550000e-09 -1.21730866e-04 
 5.05650000e-09  1.94999987e+00  5.05650000e-09  9.94208768e-01  5.05650000e-09 -1.60172066e-04 
 5.05750000e-09  1.94999970e+00  5.05750000e-09  1.07302941e+00  5.05750000e-09 -1.81816242e-04 
 5.05850000e-09  1.94999989e+00  5.05850000e-09  1.14996544e+00  5.05850000e-09 -1.98245198e-04 
 5.05950000e-09  1.94999971e+00  5.05950000e-09  1.22521400e+00  5.05950000e-09 -2.20785939e-04 
 5.17350000e-09  1.94999988e+00  5.17350000e-09  1.94993863e+00  5.17350000e-09  8.68828213e-01 
 5.17450000e-09  1.94999995e+00  5.17450000e-09  1.94994510e+00  5.17450000e-09  9.29702011e-01 
 5.17550000e-09  1.94999990e+00  5.17550000e-09  1.94995090e+00  5.17550000e-09  9.89489410e-01 
 5.17650000e-09  1.94999996e+00  5.17650000e-09  1.94995635e+00  5.17650000e-09  1.05001862e+00 
 5.17750000e-09  1.94999990e+00  5.17750000e-09  1.94996334e+00  5.17750000e-09  1.11523372e+00 
 5.17850000e-09  1.94999995e+00  5.17850000e-09  1.94995685e+00  5.17850000e-09  1.18787381e+00 
 5.35850000e-09  1.14377882e+00  5.35850000e-09  1.94999936e+00  5.35850000e-09  1.94999341e+00 
 5.35950000e-09  1.09147989e+00  5.35950000e-09  1.94999936e+00  5.35950000e-09  1.94998876e+00 
 5.36050000e-09  1.03929222e+00  5.36050000e-09  1.94999937e+00  5.36050000e-09  1.94999600e+00 
 5.36150000e-09  9.87108845e-01  5.36150000e-09  1.94999937e+00  5.36150000e-09  1.94999101e+00 
 5.36250000e-09  9.34903943e-01  5.36250000e-09  1.94999939e+00  5.36250000e-09  1.94999783e+00 
 5.36350000e-09  8.82610346e-01  5.36350000e-09  1.94999939e+00  5.36350000e-09  1.94999087e+00 
 5.75350000e-09  1.94380106e-05  5.75350000e-09  1.14530579e+00  5.75350000e-09  1.94993829e+00 
 5.75450000e-09  1.93021257e-05  5.75450000e-09  1.09076862e+00  5.75450000e-09  1.94993482e+00 
 5.75550000e-09  1.92080029e-05  5.75550000e-09  1.03555929e+00  5.75550000e-09  1.94993586e+00 
 5.75650000e-09  1.90817484e-05  5.75650000e-09  9.79722541e-01  5.75650000e-09  1.94994281e+00 
 5.75750000e-09  1.90545506e-05  5.75750000e-09  9.23236571e-01  5.75750000e-09  1.94995651e+00 
 5.75850000e-09  1.90402849e-05  5.75850000e-09  8.66157332e-01  5.75850000e-09  1.94997713e+00 
 5.94450000e-09  9.42441399e-01  5.94450000e-09  8.60272023e-05  5.94450000e-09  1.94996973e+00 
 5.94550000e-09  9.79459902e-01  5.94550000e-09  8.41196109e-05  5.94550000e-09  1.94997117e+00 
 5.94650000e-09  1.01620387e+00  5.94650000e-09  8.17476209e-05  5.94650000e-09  1.94997144e+00 
 5.94750000e-09  1.05259333e+00  5.94750000e-09  7.99457372e-05  5.94750000e-09  1.94997282e+00 
 5.94850000e-09  1.08860654e+00  5.94850000e-09  7.76837438e-05  5.94850000e-09  1.94997305e+00 
 5.94950000e-09  1.12433406e+00  5.94950000e-09  7.59821640e-05  5.94950000e-09  1.94997437e+00 
 6.17650000e-09  1.94999976e+00  6.17650000e-09  8.28386041e-01  6.17650000e-09  1.95007087e+00 
 6.17750000e-09  1.94999945e+00  6.17750000e-09  9.11009638e-01  6.17750000e-09  1.94993786e+00 
 6.17850000e-09  1.94999981e+00  6.17850000e-09  9.91615912e-01  6.17850000e-09  1.94979851e+00 
 6.17950000e-09  1.94999948e+00  6.17950000e-09  1.07011649e+00  6.17950000e-09  1.94964230e+00 
 6.18050000e-09  1.94999978e+00  6.18050000e-09  1.14654344e+00  6.18050000e-09  1.94948416e+00 
 6.18150000e-09  1.94999948e+00  6.18150000e-09  1.22116813e+00  6.18150000e-09  1.94933937e+00 
 6.31050000e-09  1.95000009e+00  6.31050000e-09  1.94999813e+00  6.31050000e-09  1.14526915e+00 
 6.31150000e-09  1.94999986e+00  6.31150000e-09  1.95003095e+00  6.31150000e-09  1.08767886e+00 
 6.31250000e-09  1.94999979e+00  6.31250000e-09  1.95006021e+00  6.31250000e-09  1.02979174e+00 
 6.31350000e-09  1.94999955e+00  6.31350000e-09  1.95008161e+00  6.31350000e-09  9.71524637e-01 
 6.31450000e-09  1.94999958e+00  6.31450000e-09  1.95009787e+00  6.31450000e-09  9.12667722e-01 
 6.31550000e-09  1.94999952e+00  6.31550000e-09  1.95010677e+00  6.31550000e-09  8.53193185e-01 
 6.48050000e-09  1.14597694e+00  6.48050000e-09  1.94999929e+00  6.48050000e-09  1.03585656e-04 
 6.48150000e-09  1.09367409e+00  6.48150000e-09  1.94999933e+00  6.48150000e-09  9.67906651e-05 
 6.48250000e-09  1.04148348e+00  6.48250000e-09  1.94999930e+00  6.48250000e-09  9.74314533e-05 
 6.48350000e-09  9.89301995e-01  6.48350000e-09  1.94999934e+00  6.48350000e-09  9.06645450e-05 
 6.48450000e-09  9.37098951e-01  6.48450000e-09  1.94999931e+00  6.48450000e-09  9.13914223e-05 
 6.48550000e-09  8.84809589e-01  6.48550000e-09  1.94999934e+00  6.48550000e-09  8.48790236e-05 
 6.87550000e-09  1.94462280e-05  6.87550000e-09  1.14752166e+00  6.87550000e-09 -2.88779548e-06 
 6.87650000e-09  1.93022657e-05  6.87650000e-09  1.09300995e+00  6.87650000e-09 -1.64942067e-06 
 6.87750000e-09  1.92167398e-05  6.87750000e-09  1.03782417e+00  6.87750000e-09 -3.51471049e-08 
 6.87850000e-09  1.90810564e-05  6.87850000e-09  9.82012657e-01  6.87850000e-09  2.26485339e-06 
 6.87950000e-09  1.90601318e-05  6.87950000e-09  9.25550028e-01  6.87950000e-09  4.65796806e-06 
 6.88050000e-09  1.90360931e-05  6.88050000e-09  8.68495417e-01  6.88050000e-09  7.57953450e-06 
 7.06650000e-09  9.41624461e-01  7.06650000e-09  9.76455154e-05  7.06650000e-09  2.27571457e-06 
 7.06750000e-09  9.78648051e-01  7.06750000e-09  9.51074791e-05  7.06750000e-09  2.18572361e-06 
 7.06850000e-09  1.01539894e+00  7.06850000e-09  9.27380875e-05  7.06850000e-09  2.15436790e-06 
 7.06950000e-09  1.05179682e+00  7.06950000e-09  9.03298779e-05  7.06950000e-09  2.06627636e-06 
 7.07050000e-09  1.08781745e+00  7.07050000e-09  8.80845763e-05  7.07050000e-09  2.04052031e-06 
 7.07150000e-09  1.12354947e+00  7.07150000e-09  8.57990034e-05  7.07150000e-09  1.95400033e-06 
 7.29850000e-09  1.94999968e+00  7.29850000e-09  8.24801777e-01  7.29850000e-09 -6.80459050e-05 
 7.29950000e-09  1.94999932e+00  7.29950000e-09  9.07513412e-01  7.29950000e-09 -1.18467925e-04 
 7.30050000e-09  1.94999974e+00  7.30050000e-09  9.88382649e-01  7.30050000e-09 -1.58080781e-04 
 7.30150000e-09  1.94999939e+00  7.30150000e-09  1.06734313e+00  7.30150000e-09 -1.80372991e-04 
 7.30250000e-09  1.94999979e+00  7.30250000e-09  1.14441139e+00  7.30250000e-09 -1.97583332e-04 
 7.30350000e-09  1.94999943e+00  7.30350000e-09  1.21977793e+00  7.30350000e-09 -2.18202589e-04 
 7.41750000e-09  1.94999975e+00  7.41750000e-09  1.94993833e+00  7.41750000e-09  8.64301356e-01 
 7.41850000e-09  1.94999990e+00  7.41850000e-09  1.94994457e+00  7.41850000e-09  9.25285451e-01 
 7.41950000e-09  1.94999979e+00  7.41950000e-09  1.94995053e+00  7.41950000e-09  9.85118320e-01 
 7.42050000e-09  1.94999992e+00  7.42050000e-09  1.94995605e+00  7.42050000e-09  1.04544816e+00 
 7.42150000e-09  1.94999980e+00  7.42150000e-09  1.94996300e+00  7.42150000e-09  1.11017710e+00 
 7.42250000e-09  1.94999992e+00  7.42250000e-09  1.94995720e+00  7.42250000e-09  1.18246910e+00 
 7.60250000e-09  1.14732933e+00  7.60250000e-09  1.94999933e+00  7.60250000e-09  1.94999424e+00 
 7.60350000e-09  1.09502362e+00  7.60350000e-09  1.94999938e+00  7.60350000e-09  1.94999065e+00 
 7.60450000e-09  1.04283033e+00  7.60450000e-09  1.94999936e+00  7.60450000e-09  1.94999646e+00 
 7.60550000e-09  9.90648998e-01  7.60550000e-09  1.94999940e+00  7.60550000e-09  1.94999069e+00 
 7.60650000e-09  9.38446156e-01  7.60650000e-09  1.94999936e+00  7.60650000e-09  1.94999448e+00 
 7.60750000e-09  8.86159492e-01  7.60750000e-09  1.94999941e+00  7.60750000e-09  1.94999109e+00 
 7.99750000e-09  1.94500819e-05  7.99750000e-09  1.14915517e+00  7.99750000e-09  1.94993869e+00 
 7.99850000e-09  1.93024507e-05  7.99850000e-09  1.09466609e+00  7.99850000e-09  1.94993490e+00 
 7.99950000e-09  1.92232748e-05  7.99950000e-09  1.03950140e+00  7.99950000e-09  1.94993564e+00 
 8.00050000e-09  1.90803751e-05  8.00050000e-09  9.83711579e-01  8.00050000e-09  1.94994205e+00 
 8.00150000e-09  1.90620863e-05  8.00150000e-09  9.27268445e-01  8.00150000e-09  1.94995536e+00 
 8.00250000e-09  1.90300219e-05  8.00250000e-09  8.70232940e-01  8.00250000e-09  1.94997541e+00 
 8.18850000e-09  9.39708016e-01  8.18850000e-09  8.60736951e-05  8.18850000e-09  1.94996969e+00 
 8.18950000e-09  9.76743639e-01  8.18950000e-09  8.43697428e-05  8.18950000e-09  1.94997108e+00 
 8.19050000e-09  1.01351077e+00  8.19050000e-09  8.17886167e-05  8.19050000e-09  1.94997140e+00 
 8.19150000e-09  1.04992852e+00  8.19150000e-09  8.01863752e-05  8.19150000e-09  1.94997274e+00 
 8.19250000e-09  1.08596682e+00  8.19250000e-09  7.77196377e-05  8.19250000e-09  1.94997301e+00 
 8.19350000e-09  1.12170989e+00  8.19350000e-09  7.62137284e-05  8.19350000e-09  1.94997430e+00 
 8.42050000e-09  1.94999961e+00  8.42050000e-09  8.22651833e-01  8.42050000e-09  1.95007966e+00 
 8.42150000e-09  1.94999914e+00  8.42150000e-09  9.05405776e-01  8.42150000e-09  1.94994671e+00 
 8.42250000e-09  1.94999969e+00  8.42250000e-09  9.86154973e-01  8.42250000e-09  1.94980876e+00 
 8.42350000e-09  1.94999917e+00  8.42350000e-09  1.06479965e+00  8.42350000e-09  1.94965322e+00 
 8.42450000e-09  1.94999964e+00  8.42450000e-09  1.14135305e+00  8.42450000e-09  1.94949452e+00 
 8.42550000e-09  1.94999916e+00  8.42550000e-09  1.21607894e+00  8.42550000e-09  1.94935020e+00 
 8.55450000e-09  1.95000005e+00  8.55450000e-09  1.94999601e+00  8.55450000e-09  1.14927761e+00 
 8.55550000e-09  1.94999978e+00  8.55550000e-09  1.95002883e+00  8.55550000e-09  1.09170134e+00 
 8.55650000e-09  1.94999977e+00  8.55650000e-09  1.95005829e+00  8.55650000e-09  1.03383479e+00 
 8.55750000e-09  1.94999948e+00  8.55750000e-09  1.95008038e+00  8.55750000e-09  9.75603631e-01 
 8.55850000e-09  1.94999956e+00  8.55850000e-09  1.95009687e+00  8.55850000e-09  9.16786566e-01 
 8.55950000e-09  1.94999944e+00  8.55950000e-09  1.95010637e+00  8.55950000e-09  8.57361507e-01 
 8.72450000e-09  1.14976540e+00  8.72450000e-09  1.94999924e+00  8.72450000e-09  1.03392374e-04 
 8.72550000e-09  1.09745519e+00  8.72550000e-09  1.94999935e+00  8.72550000e-09  9.74560545e-05 
 8.72650000e-09  1.04525769e+00  8.72650000e-09  1.94999926e+00  8.72650000e-09  9.69756834e-05 
 8.72750000e-09  9.93077154e-01  8.72750000e-09  1.94999936e+00  8.72750000e-09  9.12969596e-05 
 8.72850000e-09  9.40875949e-01  8.72850000e-09  1.94999927e+00  8.72850000e-09  9.09580111e-05 
 8.72950000e-09  8.88594104e-01  8.72950000e-09  1.94999937e+00  8.72950000e-09  8.55232038e-05 
 9.11950000e-09  1.94584958e-05  9.11950000e-09  1.15164293e+00  9.11950000e-09 -2.84630758e-06 
 9.12050000e-09  1.93058869e-05  9.12050000e-09  1.09718273e+00  9.12050000e-09 -1.84681499e-06 
 9.12150000e-09  1.92328288e-05  9.12150000e-09  1.04204473e+00  9.12150000e-09 -1.08362660e-07 
 9.12250000e-09  1.90816469e-05  9.12250000e-09  9.86283479e-01  9.12250000e-09  2.01256520e-06 
 9.12350000e-09  1.90663420e-05  9.12350000e-09  9.29866739e-01  9.12350000e-09  4.49210215e-06 
 9.12450000e-09  1.90253965e-05  9.12450000e-09  8.72858982e-01  9.12450000e-09  7.26919331e-06 
 9.31050000e-09  9.37948294e-01  9.31050000e-09  9.77325529e-05  9.31050000e-09  2.15373157e-06 
 9.31150000e-09  9.74994856e-01  9.31150000e-09  9.53987617e-05  9.31150000e-09  2.31735624e-06 
 9.31250000e-09  1.01177719e+00  9.31250000e-09  9.28166580e-05  9.31250000e-09  2.03269754e-06 
 9.31350000e-09  1.04821303e+00  9.31350000e-09  9.06088609e-05  9.31350000e-09  2.19615883e-06 
 9.31450000e-09  1.08426814e+00  9.31450000e-09  8.81561995e-05  9.31450000e-09  1.91970576e-06 
 9.31550000e-09  1.12002172e+00  9.31550000e-09  8.60675346e-05  9.31550000e-09  2.08307714e-06 
 9.54250000e-09  1.94999964e+00  9.54250000e-09  8.16563409e-01  9.54250000e-09 -6.27459323e-05 
 9.54350000e-09  1.94999904e+00  9.54350000e-09  8.99444995e-01  9.54350000e-09 -1.13961017e-04 
 9.54450000e-09  1.94999972e+00  9.54450000e-09  9.80500676e-01  9.54450000e-09 -1.54818118e-04 
 9.54550000e-09  1.94999913e+00  9.54550000e-09  1.05964864e+00  9.54550000e-09 -1.78692966e-04 
 9.54650000e-09  1.94999979e+00  9.54650000e-09  1.13690649e+00  9.54650000e-09 -1.96789608e-04 
 9.54750000e-09  1.94999921e+00  9.54750000e-09  1.21244242e+00  9.54750000e-09 -2.14892601e-04 
 9.66150000e-09  1.94999959e+00  9.66150000e-09  1.94993788e+00  9.66150000e-09  8.58128046e-01 
 9.66250000e-09  1.94999983e+00  9.66250000e-09  1.94994391e+00  9.66250000e-09  9.19267409e-01 
 9.66350000e-09  1.94999964e+00  9.66350000e-09  1.94994995e+00  9.66350000e-09  9.79173696e-01 
 9.66450000e-09  1.94999987e+00  9.66450000e-09  1.94995566e+00  9.66450000e-09  1.03928714e+00 
 9.66550000e-09  1.94999967e+00  9.66550000e-09  1.94996238e+00  9.66550000e-09  1.10339538e+00 
 9.66650000e-09  1.94999989e+00  9.66650000e-09  1.94995791e+00  9.66650000e-09  1.17511464e+00 
 9.84650000e-09  1.15282870e+00  9.84650000e-09  1.94999934e+00  9.84650000e-09  1.94999736e+00 
 9.84750000e-09  1.10051275e+00  9.84750000e-09  1.94999940e+00  9.84750000e-09  1.94999370e+00 
 9.84850000e-09  1.04830982e+00  9.84850000e-09  1.94999934e+00  9.84850000e-09  1.94999587e+00 
 9.84950000e-09  9.96130137e-01  9.84950000e-09  1.94999940e+00  9.84950000e-09  1.94999384e+00 
 9.85050000e-09  9.43931369e-01  9.85050000e-09  1.94999935e+00  9.85050000e-09  1.94999720e+00 
 9.85150000e-09  8.91655205e-01  9.85150000e-09  1.94999941e+00  9.85150000e-09  1.94999376e+00 
 1.02415000e-08  1.94704833e-05  1.02415000e-08  1.15479757e+00  1.02415000e-08  1.94993929e+00 
 1.02425000e-08  1.93181799e-05  1.02425000e-08  1.10037708e+00  1.02425000e-08  1.94993507e+00 
 1.02435000e-08  1.92496901e-05  1.02435000e-08  1.04527988e+00  1.02435000e-08  1.94993537e+00 
 1.02445000e-08  1.90870497e-05  1.02445000e-08  9.89557260e-01  1.02445000e-08  1.94994102e+00 
 1.02455000e-08  1.90740519e-05  1.02455000e-08  9.33178921e-01  1.02455000e-08  1.94995371e+00 
 1.02465000e-08  1.90217249e-05  1.02465000e-08  8.76206237e-01  1.02465000e-08  1.94997296e+00 
 1.04325000e-08  9.35967104e-01  1.04325000e-08  8.61571866e-05  1.04325000e-08  1.94996965e+00 
 1.04335000e-08  9.73025137e-01  1.04335000e-08  8.47379249e-05  1.04335000e-08  1.94997095e+00 
 1.04345000e-08  1.00982382e+00  1.04345000e-08  8.18636460e-05  1.04345000e-08  1.94997136e+00 
 1.04355000e-08  1.04627974e+00  1.04355000e-08  8.05402311e-05  1.04355000e-08  1.94997261e+00 
 1.04365000e-08  1.08235364e+00  1.04365000e-08  7.77867916e-05  1.04365000e-08  1.94997298e+00 
 1.04375000e-08  1.11811929e+00  1.04375000e-08  7.65539306e-05  1.04375000e-08  1.94997417e+00 
 1.06645000e-08  1.94999955e+00  1.06645000e-08  8.13905476e-01  1.06645000e-08  1.95009249e+00 
 1.06655000e-08  1.94999882e+00  1.06655000e-08  8.96853092e-01  1.06655000e-08  1.94995997e+00 
 1.06665000e-08  1.94999965e+00  1.06665000e-08  9.77818090e-01  1.06665000e-08  1.94982397e+00 
 1.06675000e-08  1.94999886e+00  1.06675000e-08  1.05668089e+00  1.06675000e-08  1.94967018e+00 
 1.06685000e-08  1.94999957e+00  1.06685000e-08  1.13344569e+00  1.06685000e-08  1.94951113e+00 
 1.06695000e-08  1.94999885e+00  1.06695000e-08  1.20834557e+00  1.06695000e-08  1.94936693e+00 
 1.07985000e-08  1.94999989e+00  1.07985000e-08  1.94999262e+00  1.07985000e-08  1.15534714e+00 
 1.07995000e-08  1.94999958e+00  1.07995000e-08  1.95002548e+00  1.07995000e-08  1.09778106e+00 
 1.08005000e-08  1.94999967e+00  1.08005000e-08  1.95005556e+00  1.08005000e-08  1.03995187e+00 
 1.08015000e-08  1.94999929e+00  1.08015000e-08  1.95007854e+00  1.08015000e-08  9.81764031e-01 
 1.08025000e-08  1.94999945e+00  1.08025000e-08  1.95009554e+00  1.08025000e-08  9.23011987e-01 
 1.08035000e-08  1.94999927e+00  1.08035000e-08  1.95010577e+00  1.08035000e-08  8.63651426e-01 
 1.09685000e-08  1.15527304e+00  1.09685000e-08  1.94999916e+00  1.09685000e-08  1.03361460e-04 
 1.09695000e-08  1.10295247e+00  1.09695000e-08  1.94999934e+00  1.09695000e-08  9.81496252e-05 
 1.09705000e-08  1.05074511e+00  1.09705000e-08  1.94999919e+00  1.09705000e-08  9.69252227e-05 
 1.09715000e-08  9.98566021e-01  1.09715000e-08  1.94999936e+00  1.09715000e-08  9.19702061e-05 
 1.09725000e-08  9.46369122e-01  1.09725000e-08  1.94999921e+00  1.09725000e-08  9.08895063e-05 
 1.09735000e-08  8.94097471e-01  1.09735000e-08  1.94999938e+00  1.09735000e-08  8.61772759e-05 
 1.13635000e-08  1.94781163e-05  1.13635000e-08  1.15739212e+00  1.13635000e-08 -2.80307867e-06 
 1.13645000e-08  1.93202207e-05  1.13645000e-08  1.10299950e+00  1.13645000e-08 -2.09068101e-06 
 1.13655000e-08  1.92592436e-05  1.13655000e-08  1.04793275e+00  1.13655000e-08 -2.25775220e-07 
 1.13665000e-08  1.90882562e-05  1.13665000e-08  9.92237909e-01  1.13665000e-08  1.68355915e-06 
 1.13675000e-08  1.90789390e-05  1.13675000e-08  9.35889427e-01  1.13675000e-08  4.30468294e-06 
 1.13685000e-08  1.90169863e-05  1.13685000e-08  8.78943867e-01  1.13685000e-08  6.91362244e-06 
 1.15545000e-08  9.33953802e-01  1.15545000e-08  9.78737201e-05  1.15545000e-08  1.99326725e-06 
 1.15555000e-08  9.71023182e-01  1.15555000e-08  9.57918315e-05  1.15555000e-08  2.49094636e-06 
 1.15565000e-08  1.00783817e+00  1.15565000e-08  9.29464781e-05  1.15565000e-08  1.87300350e-06 
 1.15575000e-08  1.04431438e+00  1.15575000e-08  9.09851447e-05  1.15575000e-08  2.36781112e-06 
 1.15585000e-08  1.08040756e+00  1.15585000e-08  8.82758010e-05  1.15585000e-08  1.76099005e-06 
 1.15595000e-08  1.11618601e+00  1.15595000e-08  8.64285236e-05  1.15595000e-08  2.25325401e-06 
 1.17865000e-08  1.94999947e+00  1.17865000e-08  8.07412259e-01  1.17865000e-08 -5.69876228e-05 
 1.17875000e-08  1.94999863e+00  1.17875000e-08  8.90480654e-01  1.17875000e-08 -1.08792614e-04 
 1.17885000e-08  1.94999959e+00  1.17885000e-08  9.71743233e-01  1.17885000e-08 -1.51046168e-04 
 1.17895000e-08  1.94999876e+00  1.17895000e-08  1.05109932e+00  1.17895000e-08 -1.76644158e-04 
 1.17905000e-08  1.94999969e+00  1.17905000e-08  1.12855885e+00  1.17905000e-08 -1.95506820e-04 
 1.17915000e-08  1.94999888e+00  1.17915000e-08  1.20427238e+00  1.17915000e-08 -2.11538703e-04 
 1.19055000e-08  1.94999940e+00  1.19055000e-08  1.94993754e+00  1.19055000e-08  8.51401895e-01 
 1.19065000e-08  1.94999973e+00  1.19065000e-08  1.94994320e+00  1.19065000e-08  9.12713375e-01 
 1.19075000e-08  1.94999947e+00  1.19075000e-08  1.94994929e+00  1.19075000e-08  9.72712924e-01 
 1.19085000e-08  1.94999979e+00  1.19085000e-08  1.94995518e+00  1.19085000e-08  1.03265179e+00 
 1.19095000e-08  1.94999952e+00  1.19095000e-08  1.94996154e+00  1.19095000e-08  1.09614902e+00 
 1.19105000e-08  1.94999982e+00  1.19105000e-08  1.94995890e+00  1.19105000e-08  1.16712410e+00 
 1.20905000e-08  1.15810390e+00  1.20905000e-08  1.94999933e+00  1.20905000e-08  1.94999871e+00 
 1.20915000e-08  1.10577788e+00  1.20915000e-08  1.94999939e+00  1.20915000e-08  1.94999804e+00 
 1.20925000e-08  1.05356523e+00  1.20925000e-08  1.94999935e+00  1.20925000e-08  1.94999881e+00 
 1.20935000e-08  1.00138667e+00  1.20935000e-08  1.94999941e+00  1.20935000e-08  1.94999818e+00 
 1.20945000e-08  9.49191787e-01  1.20945000e-08  1.94999936e+00  1.20945000e-08  1.94999884e+00 
 1.20955000e-08  8.96925295e-01  1.20955000e-08  1.94999941e+00  1.20955000e-08  1.94999824e+00 
 1.24855000e-08  1.94904873e-05  1.24855000e-08  1.16025211e+00  1.24855000e-08  1.94993986e+00 
 1.24865000e-08  1.93175256e-05  1.24865000e-08  1.10589493e+00  1.24865000e-08  1.94993531e+00 
 1.24875000e-08  1.92724325e-05  1.24875000e-08  1.05086628e+00  1.24875000e-08  1.94993513e+00 
 1.24885000e-08  1.90844302e-05  1.24885000e-08  9.95206052e-01  1.24885000e-08  1.94994013e+00 
 1.24895000e-08  1.90874752e-05  1.24895000e-08  9.38893460e-01  1.24895000e-08  1.94995215e+00 
 1.24905000e-08  1.90074846e-05  1.24905000e-08  8.81979368e-01  1.24905000e-08  1.94997070e+00 
 1.26765000e-08  9.31988107e-01  1.26765000e-08  8.62514154e-05  1.26765000e-08  1.94996964e+00 
 1.26775000e-08  9.69066943e-01  1.26775000e-08  8.50824887e-05  1.26775000e-08  1.94997079e+00 
 1.26785000e-08  1.00589667e+00  1.26785000e-08  8.19494993e-05  1.26785000e-08  1.94997135e+00 
 1.26795000e-08  1.04239310e+00  1.26795000e-08  8.08706889e-05  1.26795000e-08  1.94997245e+00 
 1.26805000e-08  1.07850557e+00  1.26805000e-08  7.78650550e-05  1.26805000e-08  1.94997297e+00 
 1.26815000e-08  1.11429723e+00  1.26815000e-08  7.68709285e-05  1.26815000e-08  1.94997402e+00 
 1.29085000e-08  1.94999928e+00  1.29085000e-08  8.04831705e-01  1.29085000e-08  1.95010517e+00 
 1.29095000e-08  1.94999840e+00  1.29095000e-08  8.87980687e-01  1.29095000e-08  1.94997345e+00 
 1.29105000e-08  1.94999943e+00  1.29105000e-08  9.69170939e-01  1.29105000e-08  1.94983967e+00 
 1.29115000e-08  1.94999856e+00  1.29115000e-08  1.04827064e+00  1.29115000e-08  1.94968757e+00 
 1.29125000e-08  1.94999957e+00  1.29125000e-08  1.12526725e+00  1.29125000e-08  1.94952797e+00 
 1.29135000e-08  1.94999860e+00  1.29135000e-08  1.20033566e+00  1.29135000e-08  1.94938340e+00 
 1.30425000e-08  1.94999989e+00  1.30425000e-08  1.94998937e+00  1.30425000e-08  1.16163775e+00 
 1.30435000e-08  1.94999955e+00  1.30435000e-08  1.95002192e+00  1.30435000e-08  1.10408135e+00 
 1.30445000e-08  1.94999969e+00  1.30445000e-08  1.95005252e+00  1.30445000e-08  1.04629079e+00 
 1.30455000e-08  1.94999927e+00  1.30455000e-08  1.95007635e+00  1.30455000e-08  9.88148522e-01 
 1.30465000e-08  1.94999946e+00  1.30465000e-08  1.95009394e+00  1.30465000e-08  9.29465725e-01 
 1.30475000e-08  1.94999923e+00  1.30475000e-08  1.95010493e+00  1.30475000e-08  8.70174585e-01 
 1.32125000e-08  1.16067321e+00  1.32125000e-08  1.94999920e+00  1.32125000e-08  1.03651936e-04 
 1.32135000e-08  1.10834296e+00  1.32135000e-08  1.94999942e+00  1.32135000e-08  9.85854911e-05 
 1.32145000e-08  1.05612609e+00  1.32145000e-08  1.94999921e+00  1.32145000e-08  9.71892162e-05 
 1.32155000e-08  1.00394856e+00  1.32155000e-08  1.94999942e+00  1.32155000e-08  9.23871623e-05 
 1.32165000e-08  9.51756003e-01  1.32165000e-08  1.94999922e+00  1.32165000e-08  9.11282489e-05 
 1.32175000e-08  8.99494714e-01  1.32175000e-08  1.94999943e+00  1.32175000e-08  8.65763496e-05 
 1.36075000e-08  1.95005825e-05  1.36075000e-08  1.16289436e+00  1.36075000e-08 -2.76779266e-06 
 1.36085000e-08  1.93139265e-05  1.36085000e-08  1.10856564e+00  1.36085000e-08 -2.29962289e-06 
 1.36095000e-08  1.92825548e-05  1.36095000e-08  1.05356807e+00  1.36095000e-08 -3.44805743e-07 
 1.36105000e-08  1.90796883e-05  1.36105000e-08  9.97936194e-01  1.36105000e-08  1.38508923e-06 
 1.36115000e-08  1.90938782e-05  1.36115000e-08  9.41654100e-01  1.36115000e-08  4.11512196e-06 
 1.36125000e-08  1.89982790e-05  1.36125000e-08  8.84767705e-01  1.36125000e-08  6.58348192e-06 
 1.37985000e-08  9.30587089e-01  1.37985000e-08  9.80072885e-05  1.37985000e-08  1.82423035e-06 
 1.37995000e-08  9.67673582e-01  1.37995000e-08  9.61604503e-05  1.37995000e-08  2.62447411e-06 
 1.38005000e-08  1.00451437e+00  1.38005000e-08  9.30711425e-05  1.38005000e-08  1.74896927e-06 
 1.38015000e-08  1.04102470e+00  1.38015000e-08  9.13371440e-05  1.38015000e-08  2.54833448e-06 
 1.38025000e-08  1.07715075e+00  1.38025000e-08  8.83890657e-05  1.38025000e-08  1.61521298e-06 
 1.38035000e-08  1.11295192e+00  1.38035000e-08  8.67660023e-05  1.38035000e-08  2.40252306e-06 
 1.40305000e-08  1.94999940e+00  1.40305000e-08  7.99744558e-01  1.40305000e-08 -5.22864615e-05 
 1.40315000e-08  1.94999854e+00  1.40315000e-08  8.82966528e-01  1.40315000e-08 -1.04348180e-04 
 1.40325000e-08  1.94999953e+00  1.40325000e-08  9.64401649e-01  1.40325000e-08 -1.47755600e-04 
 1.40335000e-08  1.94999869e+00  1.40335000e-08  1.04393133e+00  1.40335000e-08 -1.74762733e-04 
 1.40345000e-08  1.94999964e+00  1.40345000e-08  1.12156158e+00  1.40345000e-08 -1.94246648e-04 
 1.40355000e-08  1.94999873e+00  1.40355000e-08  1.19741137e+00  1.40355000e-08 -2.09020850e-04 
 1.41495000e-08  1.94999939e+00  1.41495000e-08  1.94993727e+00  1.41495000e-08  8.45693481e-01 
 1.41505000e-08  1.94999972e+00  1.41505000e-08  1.94994262e+00  1.41505000e-08  9.07157382e-01 
 1.41515000e-08  1.94999945e+00  1.41515000e-08  1.94994871e+00  1.41515000e-08  9.67245825e-01 
 1.41525000e-08  1.94999978e+00  1.41525000e-08  1.94995475e+00  1.41525000e-08  1.02708030e+00 
 1.41535000e-08  1.94999951e+00  1.41535000e-08  1.94996072e+00  1.41535000e-08  1.09011332e+00 
 1.41545000e-08  1.94999981e+00  1.41545000e-08  1.94995990e+00  1.41545000e-08  1.16037725e+00 
 1.43345000e-08  1.16274923e+00  1.43345000e-08  1.94999934e+00  1.43345000e-08  1.94999685e+00 
 1.43355000e-08  1.11041407e+00  1.43355000e-08  1.94999939e+00  1.43355000e-08  1.94999772e+00 
 1.43365000e-08  1.05819238e+00  1.43365000e-08  1.94999935e+00  1.43365000e-08  1.94999678e+00 
 1.43375000e-08  1.00601435e+00  1.43375000e-08  1.94999940e+00  1.43375000e-08  1.94999828e+00 
 1.43385000e-08  9.53822442e-01  1.43385000e-08  1.94999936e+00  1.43385000e-08  1.94999727e+00 
 1.43395000e-08  9.01564277e-01  1.43395000e-08  1.94999941e+00  1.43395000e-08  1.94999866e+00 
 1.47295000e-08  1.95096722e-05  1.47295000e-08  1.16513170e+00  1.47295000e-08  1.94994038e+00 
 1.47305000e-08  1.93133626e-05  1.47305000e-08  1.11083127e+00  1.47305000e-08  1.94993557e+00 
 1.47315000e-08  1.92934359e-05  1.47315000e-08  1.05586401e+00  1.47315000e-08  1.94993496e+00 
 1.47325000e-08  1.90786450e-05  1.47325000e-08  1.00025976e+00  1.47325000e-08  1.94993940e+00 
 1.47335000e-08  1.91003948e-05  1.47335000e-08  9.44006179e-01  1.47335000e-08  1.94995080e+00 
 1.47345000e-08  1.89912309e-05  1.47345000e-08  8.87144787e-01  1.47345000e-08  1.94996871e+00 
 1.49205000e-08  9.28727773e-01  1.49205000e-08  8.63518588e-05  1.49205000e-08  1.94996963e+00 
 1.49215000e-08  9.65824379e-01  1.49215000e-08  8.53754914e-05  1.49215000e-08  1.94997064e+00 
 1.49225000e-08  1.00267974e+00  1.49225000e-08  8.20421729e-05  1.49225000e-08  1.94997135e+00 
 1.49235000e-08  1.03920850e+00  1.49235000e-08  8.11515479e-05  1.49235000e-08  1.94997231e+00 
 1.49245000e-08  1.07535275e+00  1.49245000e-08  7.79505067e-05  1.49245000e-08  1.94997297e+00 
 1.49255000e-08  1.11116695e+00  1.49255000e-08  7.71402776e-05  1.49255000e-08  1.94997389e+00 
 1.51525000e-08  1.94999933e+00  1.51525000e-08  7.97420192e-01  1.51525000e-08  1.95011497e+00 
 1.51535000e-08  1.94999852e+00  1.51535000e-08  8.80730912e-01  1.51535000e-08  1.94998422e+00 
 1.51545000e-08  1.94999946e+00  1.51545000e-08  9.62104490e-01  1.51545000e-08  1.94985241e+00 
 1.51555000e-08  1.94999866e+00  1.51555000e-08  1.04138919e+00  1.51555000e-08  1.94970180e+00 
 1.51565000e-08  1.94999958e+00  1.51565000e-08  1.11856930e+00  1.51565000e-08  1.94954213e+00 
 1.51575000e-08  1.94999869e+00  1.51575000e-08  1.19379221e+00  1.51575000e-08  1.94939703e+00 
 1.52865000e-08  1.94999993e+00  1.52865000e-08  1.94998682e+00  1.52865000e-08  1.16666813e+00 
 1.52875000e-08  1.94999962e+00  1.52875000e-08  1.95001897e+00  1.52875000e-08  1.10911811e+00 
 1.52885000e-08  1.94999973e+00  1.52885000e-08  1.95005011e+00  1.52885000e-08  1.05135691e+00 
 1.52895000e-08  1.94999933e+00  1.52895000e-08  1.95007448e+00  1.52895000e-08  9.93249771e-01 
 1.52905000e-08  1.94999949e+00  1.52905000e-08  1.95009267e+00  1.52905000e-08  9.34621297e-01 
 1.52915000e-08  1.94999926e+00  1.52915000e-08  1.95010415e+00  1.52915000e-08  8.75385036e-01 
 1.54565000e-08  1.16522342e+00  1.54565000e-08  1.94999920e+00  1.54565000e-08  1.03255485e-04 
 1.54575000e-08  1.11288466e+00  1.54575000e-08  1.94999942e+00  1.54575000e-08  9.95451494e-05 
 1.54585000e-08  1.06065919e+00  1.54585000e-08  1.94999921e+00  1.54585000e-08  9.67842998e-05 
 1.54595000e-08  1.00848243e+00  1.54595000e-08  1.94999942e+00  1.54595000e-08  9.33181713e-05 
 1.54605000e-08  9.56292990e-01  1.54605000e-08  1.94999922e+00  1.54605000e-08  9.07161389e-05 
 1.54615000e-08  9.04040186e-01  1.54615000e-08  1.94999943e+00  1.54615000e-08  8.74802263e-05 
 1.58175000e-08  2.29416316e-05  1.58175000e-08  2.00712524e+00  1.58175000e-08  1.59740911e-07 
 1.58515000e-08  1.95200504e-05  1.58515000e-08  1.16756284e+00  1.58515000e-08 -2.73208237e-06 
 1.58525000e-08  1.93095345e-05  1.58525000e-08  1.11328843e+00  1.58525000e-08 -2.47192279e-06 
 1.58535000e-08  1.92995321e-05  1.58535000e-08  1.05834962e+00  1.58535000e-08 -4.40306217e-07 
 1.58545000e-08  1.90722682e-05  1.58545000e-08  1.00277131e+00  1.58545000e-08  1.13276733e-06 
 1.58555000e-08  1.91051798e-05  1.58555000e-08  9.46545735e-01  1.58555000e-08  3.95473406e-06 
 1.58565000e-08  1.89834876e-05  1.58565000e-08  8.89709785e-01  1.58565000e-08  6.28887532e-06 
 1.60425000e-08  9.27829865e-01  1.60425000e-08  9.81079036e-05  1.60425000e-08  1.70863067e-06 
 1.60435000e-08  9.64931218e-01  1.60435000e-08  9.64921172e-05  1.60435000e-08  2.78168797e-06 
 1.60445000e-08  1.00179348e+00  1.60445000e-08  9.31628605e-05  1.60445000e-08  1.64113355e-06 
 1.60455000e-08  1.03833106e+00  1.60455000e-08  9.16554502e-05  1.60455000e-08  2.71429740e-06 
 1.60465000e-08  1.07448412e+00  1.60465000e-08  8.84719327e-05  1.60465000e-08  1.49700007e-06 
 1.60475000e-08  1.11030474e+00  1.60475000e-08  8.70719514e-05  1.60475000e-08  2.55466513e-06 
 1.62745000e-08  1.94999930e+00  1.62745000e-08  7.93434839e-01  1.62745000e-08 -4.85155720e-05 
 1.62755000e-08  1.94999852e+00  1.62755000e-08  8.76783389e-01  1.62755000e-08 -1.00613939e-04 
 1.62765000e-08  1.94999944e+00  1.62765000e-08  9.58361496e-01  1.62765000e-08 -1.44977970e-04 
 1.62775000e-08  1.94999866e+00  1.62775000e-08  1.03803445e+00  1.62775000e-08 -1.73137107e-04 
 1.62785000e-08  1.94999956e+00  1.62785000e-08  1.11580672e+00  1.62785000e-08 -1.93188434e-04 
 1.62795000e-08  1.94999870e+00  1.62795000e-08  1.19178101e+00  1.62795000e-08 -2.07307626e-04 
 1.63945000e-08  1.94999972e+00  1.63945000e-08  1.94994217e+00  1.63945000e-08  9.02596248e-01 
 1.63955000e-08  1.94999948e+00  1.63955000e-08  1.94994823e+00  1.63955000e-08  9.62761666e-01 
 1.63965000e-08  1.94999979e+00  1.63965000e-08  1.94995439e+00  1.63965000e-08  1.02253497e+00 
 1.63975000e-08  1.94999953e+00  1.63975000e-08  1.94995999e+00  1.63975000e-08  1.08521851e+00 
 1.63985000e-08  1.94999982e+00  1.63985000e-08  1.94996078e+00  1.63985000e-08  1.15485579e+00 
 1.63995000e-08  1.94999956e+00  1.63995000e-08  1.94995633e+00  1.63995000e-08  1.22824667e+00 
 1.65785000e-08  1.16680339e+00  1.65785000e-08  1.94999933e+00  1.65785000e-08  1.94999346e+00 
 1.65795000e-08  1.11446024e+00  1.65795000e-08  1.94999938e+00  1.65795000e-08  1.94999575e+00 
 1.65805000e-08  1.06223043e+00  1.65805000e-08  1.94999935e+00  1.65805000e-08  1.94999375e+00 
 1.65815000e-08  1.01005263e+00  1.65815000e-08  1.94999940e+00  1.65815000e-08  1.94999725e+00 
 1.65825000e-08  9.57863085e-01  1.65825000e-08  1.94999936e+00  1.65825000e-08  1.94999377e+00 
 1.65835000e-08  9.05612133e-01  1.65835000e-08  1.94999941e+00  1.65835000e-08  1.94999599e+00 
 1.69735000e-08  1.95222373e-05  1.69735000e-08  1.16928369e+00  1.69735000e-08  1.94994083e+00 
 1.69745000e-08  1.93146069e-05  1.69745000e-08  1.11503161e+00  1.69745000e-08  1.94993581e+00 
 1.69755000e-08  1.93038377e-05  1.69755000e-08  1.06011663e+00  1.69755000e-08  1.94993485e+00 
 1.69765000e-08  1.90770844e-05  1.69765000e-08  1.00456011e+00  1.69765000e-08  1.94993881e+00 
 1.69775000e-08  1.91053949e-05  1.69775000e-08  9.48356897e-01  1.69775000e-08  1.94994970e+00 
 1.69785000e-08  1.89819999e-05  1.69785000e-08  8.91540530e-01  1.69785000e-08  1.94996707e+00 
 1.71645000e-08  9.25881401e-01  1.71645000e-08  8.65177698e-05  1.71645000e-08  1.94996964e+00 
 1.71655000e-08  9.62993012e-01  1.71655000e-08  8.55461279e-05  1.71655000e-08  1.94997049e+00 
 1.71665000e-08  9.99870150e-01  1.71665000e-08  8.21998379e-05  1.71665000e-08  1.94997137e+00 
 1.71675000e-08  1.03642685e+00  1.71675000e-08  8.13134870e-05  1.71675000e-08  1.94997216e+00 
 1.71685000e-08  1.07259916e+00  1.71685000e-08  7.81003373e-05  1.71685000e-08  1.94997299e+00 
 1.71695000e-08  1.10843407e+00  1.71695000e-08  7.72939804e-05  1.71695000e-08  1.94997375e+00 
 1.73965000e-08  1.94999934e+00  1.73965000e-08  7.91097395e-01  1.73965000e-08  1.95012294e+00 
 1.73975000e-08  1.94999859e+00  1.73975000e-08  8.74541803e-01  1.73975000e-08  1.94999321e+00 
 1.73985000e-08  1.94999946e+00  1.73985000e-08  9.56069786e-01  1.73985000e-08  1.94986321e+00 
 1.73995000e-08  1.94999873e+00  1.73995000e-08  1.03551084e+00  1.73995000e-08  1.94971390e+00 
 1.74005000e-08  1.94999958e+00  1.74005000e-08  1.11284797e+00  1.74005000e-08  1.94955416e+00 
 1.74015000e-08  1.94999877e+00  1.74015000e-08  1.18820412e+00  1.74015000e-08  1.94940805e+00 
 1.75305000e-08  1.94999993e+00  1.75305000e-08  1.94998483e+00  1.75305000e-08  1.17096209e+00 
 1.75315000e-08  1.94999965e+00  1.75315000e-08  1.95001646e+00  1.75315000e-08  1.11341722e+00 
 1.75325000e-08  1.94999975e+00  1.75325000e-08  1.95004795e+00  1.75325000e-08  1.05568095e+00 
 1.75335000e-08  1.94999936e+00  1.75335000e-08  1.95007274e+00  1.75335000e-08  9.97604180e-01 
 1.75345000e-08  1.94999950e+00  1.75345000e-08  1.95009145e+00  1.75345000e-08  9.39022979e-01 
 1.75355000e-08  1.94999928e+00  1.75355000e-08  1.95010336e+00  1.75355000e-08  8.79834993e-01 
 1.77005000e-08  1.16944485e+00  1.77005000e-08  1.94999921e+00  1.77005000e-08  1.02915852e-04 
 1.77015000e-08  1.11709748e+00  1.77015000e-08  1.94999941e+00  1.77015000e-08  1.00368050e-04 
 1.77025000e-08  1.06486317e+00  1.77025000e-08  1.94999922e+00  1.77025000e-08  9.64389005e-05 
 1.77035000e-08  1.01268629e+00  1.77035000e-08  1.94999942e+00  1.77035000e-08  9.41164908e-05 
 1.77045000e-08  9.60498952e-01  1.77045000e-08  1.94999923e+00  1.77045000e-08  9.03657469e-05 
 1.77055000e-08  9.08253451e-01  1.77055000e-08  1.94999943e+00  1.77055000e-08  8.82550716e-05 
 1.80955000e-08  1.95208657e-05  1.80955000e-08  1.17187281e+00  1.80955000e-08 -2.71229896e-06 
 1.80965000e-08  1.93251893e-05  1.80965000e-08  1.11764865e+00  1.80965000e-08 -2.60879295e-06 
 1.80975000e-08  1.93032415e-05  1.80975000e-08  1.06276415e+00  1.80975000e-08 -5.41035663e-07 
 1.80985000e-08  1.90874733e-05  1.80985000e-08  1.00723543e+00  1.80985000e-08  9.16907627e-07 
 1.80995000e-08  1.91030726e-05  1.80995000e-08  9.51062193e-01  1.80995000e-08  3.79321240e-06 
 1.81005000e-08  1.89890780e-05  1.81005000e-08  8.94273045e-01  1.81005000e-08  6.02407905e-06 
 1.82865000e-08  9.24805180e-01  1.82865000e-08  9.82254105e-05  1.82865000e-08  1.61174399e-06 
 1.82875000e-08  9.61922069e-01  1.82875000e-08  9.67750264e-05  1.82875000e-08  2.87902382e-06 
 1.82885000e-08  9.98807120e-01  1.82885000e-08  9.32710540e-05  1.82885000e-08  1.54638660e-06 
 1.82895000e-08  1.03537418e+00  1.82895000e-08  9.19265742e-05  1.82895000e-08  2.81322598e-06 
 1.82905000e-08  1.07155705e+00  1.82905000e-08  8.85718248e-05  1.82905000e-08  1.40260084e-06 
 1.82915000e-08  1.10739993e+00  1.82915000e-08  8.73322230e-05  1.82915000e-08  2.94317131e-06 
 1.85185000e-08  1.94999930e+00  1.85185000e-08  7.86650398e-01  1.85185000e-08 -4.45502929e-05 
 1.85195000e-08  1.94999859e+00  1.85195000e-08  8.70131781e-01  1.85195000e-08 -9.65670070e-05 
 1.85205000e-08  1.94999943e+00  1.85205000e-08  9.51860227e-01  1.85205000e-08 -1.41874799e-04 
 1.85215000e-08  1.94999873e+00  1.85215000e-08  1.03168650e+00  1.85215000e-08 -1.71360559e-04 
 1.85225000e-08  1.94999955e+00  1.85225000e-08  1.10961104e+00  1.85225000e-08 -1.91652996e-04 
 1.85235000e-08  1.94999877e+00  1.85235000e-08  1.18572042e+00  1.85235000e-08 -2.05827351e-04 
 1.86385000e-08  1.94999976e+00  1.86385000e-08  1.94994166e+00  1.86385000e-08  8.97729253e-01 
 1.86395000e-08  1.94999953e+00  1.86395000e-08  1.94994775e+00  1.86395000e-08  9.57981604e-01 
 1.86405000e-08  1.94999982e+00  1.86405000e-08  1.94995396e+00  1.86405000e-08  1.01770999e+00 
 1.86415000e-08  1.94999958e+00  1.86415000e-08  1.94995921e+00  1.86415000e-08  1.08003719e+00 
 1.86425000e-08  1.94999985e+00  1.86425000e-08  1.94996175e+00  1.86425000e-08  1.14895671e+00 
 1.86435000e-08  1.94999961e+00  1.86435000e-08  1.94995616e+00  1.86435000e-08  1.22239263e+00 
 1.88225000e-08  1.17137825e+00  1.88225000e-08  1.94999934e+00  1.88225000e-08  1.94999102e+00 
 1.88235000e-08  1.11902571e+00  1.88235000e-08  1.94999938e+00  1.88235000e-08  1.94999486e+00 
 1.88245000e-08  1.06678613e+00  1.88245000e-08  1.94999936e+00  1.88245000e-08  1.94999148e+00 
 1.88255000e-08  1.01460805e+00  1.88255000e-08  1.94999939e+00  1.88255000e-08  1.94999694e+00 
 1.88265000e-08  9.62420603e-01  1.88265000e-08  1.94999937e+00  1.88265000e-08  1.94999151e+00 
 1.88275000e-08  9.10177511e-01  1.88275000e-08  1.94999940e+00  1.88275000e-08  1.94999521e+00 
 1.92175000e-08  1.95209974e-05  1.92175000e-08  1.17402993e+00  1.92175000e-08  1.94994136e+00 
 1.92185000e-08  1.93338224e-05  1.92185000e-08  1.11983323e+00  1.92185000e-08  1.94993612e+00 
 1.92195000e-08  1.93045733e-05  1.92195000e-08  1.06497808e+00  1.92195000e-08  1.94993476e+00 
 1.92205000e-08  1.90965586e-05  1.92205000e-08  1.00947626e+00  1.92205000e-08  1.94993819e+00 
 1.92215000e-08  1.91018270e-05  1.92215000e-08  9.53330785e-01  1.92215000e-08  1.94994849e+00 
 1.92225000e-08  1.89919620e-05  1.92225000e-08  8.96566140e-01  1.92225000e-08  1.94996524e+00 
 1.94085000e-08  9.22464518e-01  1.94085000e-08  8.67980432e-05  1.94085000e-08  1.94996974e+00 
 1.94095000e-08  9.59594618e-01  1.94095000e-08  8.56536260e-05  1.94095000e-08  1.94997024e+00 
 1.94105000e-08  9.96492404e-01  1.94105000e-08  8.24690430e-05  1.94105000e-08  1.94997147e+00 
 1.94115000e-08  1.03307821e+00  1.94115000e-08  8.14127721e-05  1.94115000e-08  1.94997192e+00 
 1.94125000e-08  1.06928604e+00  1.94125000e-08  7.83584234e-05  1.94125000e-08  1.94997309e+00 
 1.94135000e-08  1.10514804e+00  1.94135000e-08  7.73856443e-05  1.94135000e-08  1.94997351e+00 
 1.96405000e-08  1.94999933e+00  1.96405000e-08  7.83264619e-01  1.96405000e-08  1.95013235e+00 
 1.96415000e-08  1.94999871e+00  1.96415000e-08  8.66875212e-01  1.96415000e-08  1.95000532e+00 
 1.96425000e-08  1.94999945e+00  1.96425000e-08  9.48589877e-01  1.96425000e-08  1.94987628e+00 
 1.96435000e-08  1.94999884e+00  1.96435000e-08  1.02822717e+00  1.96435000e-08  1.94972853e+00 
 1.96445000e-08  1.94999956e+00  1.96445000e-08  1.10576622e+00  1.96445000e-08  1.94956880e+00 
 1.96455000e-08  1.94999888e+00  1.96455000e-08  1.18130268e+00  1.96455000e-08  1.94942130e+00 
 1.97745000e-08  1.94999994e+00  1.97745000e-08  1.94998195e+00  1.97745000e-08  1.17626782e+00 
 1.97755000e-08  1.94999970e+00  1.97755000e-08  1.95001350e+00  1.97755000e-08  1.11872750e+00 
 1.97765000e-08  1.94999976e+00  1.97765000e-08  1.95004512e+00  1.97765000e-08  1.06101958e+00 
 1.97775000e-08  1.94999941e+00  1.97775000e-08  1.95007089e+00  1.97775000e-08  1.00297753e+00 
 1.97785000e-08  1.94999951e+00  1.97785000e-08  1.95008983e+00  1.97785000e-08  9.44451790e-01 
 1.97795000e-08  1.94999931e+00  1.97795000e-08  1.95010267e+00  1.97795000e-08  8.85320532e-01 
 1.99445000e-08  1.17449517e+00  1.99445000e-08  1.94999920e+00  1.99445000e-08  1.02578996e-04 
 1.99455000e-08  1.12213727e+00  1.99455000e-08  1.94999942e+00  1.99455000e-08  1.01557689e-04 
 1.99465000e-08  1.06989178e+00  1.99465000e-08  1.94999921e+00  1.99465000e-08  9.60643838e-05 
 1.99475000e-08  1.01771427e+00  1.99475000e-08  1.94999942e+00  1.99475000e-08  9.52414047e-05 
 1.99485000e-08  9.65528862e-01  1.99485000e-08  1.94999922e+00  1.99485000e-08  8.98319595e-05 
 1.99495000e-08  9.13291864e-01  1.99495000e-08  1.94999943e+00  1.99495000e-08  8.91755685e-05 
 2.03395000e-08  1.95193740e-05  2.03395000e-08  1.17699865e+00  2.03395000e-08 -2.70190498e-06 
 2.03405000e-08  1.93455400e-05  2.03405000e-08  1.12283439e+00  2.03405000e-08 -2.74613403e-06 
 2.03415000e-08  1.93037220e-05  2.03415000e-08  1.06801452e+00  2.03415000e-08 -6.73292765e-07 
 2.03425000e-08  1.91085538e-05  2.03425000e-08  1.01254492e+00  2.03425000e-08  6.79425859e-07 
 2.03435000e-08  1.90997068e-05  2.03435000e-08  9.56434109e-01  2.03435000e-08  3.58691263e-06 
 2.03445000e-08  1.90003154e-05  2.03445000e-08  8.99700905e-01  2.03445000e-08  5.72496491e-06 
 2.05305000e-08  9.21154346e-01  2.05305000e-08  9.84365760e-05  2.05305000e-08  1.62158531e-06 
 2.05315000e-08  9.58290643e-01  2.05315000e-08  9.70414993e-05  2.05315000e-08  2.93932410e-06 
 2.05325000e-08  9.95198011e-01  2.05325000e-08  9.34719845e-05  2.05325000e-08  1.56541776e-06 
 2.05335000e-08  1.03179641e+00  2.05335000e-08  9.21811546e-05  2.05335000e-08  2.88537214e-06 
 2.05345000e-08  1.06801725e+00  2.05345000e-08  8.87597037e-05  2.05345000e-08  1.40450199e-06 
 2.05355000e-08  1.10388940e+00  2.05355000e-08  8.75742261e-05  2.05355000e-08  3.00233792e-06 
 2.07635000e-08  1.94999894e+00  2.07635000e-08  8.61936559e-01  2.07635000e-08 -9.15643725e-05 
 2.07645000e-08  1.94999960e+00  2.07645000e-08  9.43846781e-01  2.07645000e-08 -1.37860514e-04 
 2.07655000e-08  1.94999904e+00  2.07655000e-08  1.02386336e+00  2.07655000e-08 -1.69116839e-04 
 2.07665000e-08  1.94999968e+00  2.07665000e-08  1.10197425e+00  2.07665000e-08 -1.89705503e-04 
 2.07675000e-08  1.94999907e+00  2.07675000e-08  1.17825334e+00  2.07675000e-08 -2.04077483e-04 
 2.07685000e-08  1.94999963e+00  2.07685000e-08  1.25287807e+00  2.07685000e-08 -2.30991203e-04 
 2.08825000e-08  1.94999980e+00  2.08825000e-08  1.94994085e+00  2.08825000e-08  8.91695965e-01 
 2.08835000e-08  1.94999962e+00  2.08835000e-08  1.94994734e+00  2.08835000e-08  9.52064260e-01 
 2.08845000e-08  1.94999985e+00  2.08845000e-08  1.94995321e+00  2.08845000e-08  1.01176355e+00 
 2.08855000e-08  1.94999966e+00  2.08855000e-08  1.94995833e+00  2.08855000e-08  1.07370929e+00 
 2.08865000e-08  1.94999987e+00  2.08865000e-08  1.94996274e+00  2.08865000e-08  1.14175646e+00 
 2.08875000e-08  1.94999968e+00  2.08875000e-08  1.94995620e+00  2.08875000e-08  1.21520588e+00 
 2.10665000e-08  1.17648052e+00  2.10665000e-08  1.94999933e+00  2.10665000e-08  1.94998801e+00 
 2.10675000e-08  1.12411731e+00  2.10675000e-08  1.94999939e+00  2.10675000e-08  1.94999378e+00 
 2.10685000e-08  1.07186632e+00  2.10685000e-08  1.94999935e+00  2.10685000e-08  1.94998866e+00 
 2.10695000e-08  1.01968744e+00  2.10695000e-08  1.94999940e+00  2.10695000e-08  1.94999654e+00 
 2.10705000e-08  9.67501782e-01  2.10705000e-08  1.94999936e+00  2.10705000e-08  1.94998874e+00 
 2.10715000e-08  9.15267225e-01  2.10715000e-08  1.94999941e+00  2.10715000e-08  1.94999428e+00 
 2.14615000e-08  1.95191090e-05  2.14615000e-08  1.17915249e+00  2.14615000e-08  1.94994194e+00 
 2.14625000e-08  1.93540434e-05  2.14625000e-08  1.12501573e+00  2.14625000e-08  1.94993648e+00 
 2.14635000e-08  1.93047353e-05  2.14635000e-08  1.07022520e+00  2.14635000e-08  1.94993471e+00 
 2.14645000e-08  1.91178469e-05  2.14645000e-08  1.01478259e+00  2.14645000e-08  1.94993758e+00 
 2.14655000e-08  1.90987675e-05  2.14655000e-08  9.58699618e-01  2.14655000e-08  1.94994724e+00 
 2.14665000e-08  1.90039609e-05  2.14665000e-08  9.01991099e-01  2.14665000e-08  1.94996333e+00 
 2.16525000e-08  9.19019917e-01  2.16525000e-08  8.71413778e-05  2.16525000e-08  1.94996984e+00 
 2.16535000e-08  9.56166737e-01  2.16535000e-08  8.57308357e-05  2.16535000e-08  1.94996998e+00 
 2.16545000e-08  9.93089868e-01  2.16545000e-08  8.27992515e-05  2.16545000e-08  1.94997157e+00 
 2.16555000e-08  1.02970887e+00  2.16555000e-08  8.14820861e-05  2.16555000e-08  1.94997167e+00 
 2.16565000e-08  1.06595119e+00  2.16565000e-08  7.86760252e-05  2.16565000e-08  1.94997319e+00 
 2.16575000e-08  1.10184045e+00  2.16575000e-08  7.74474202e-05  2.16575000e-08  1.94997326e+00 
 2.18855000e-08  1.94999908e+00  2.18855000e-08  8.59252617e-01  2.18855000e-08  1.95001909e+00 
 2.18865000e-08  1.94999962e+00  2.18865000e-08  9.41150222e-01  2.18865000e-08  1.94988878e+00 
 2.18875000e-08  1.94999917e+00  2.18875000e-08  1.02098075e+00  2.18875000e-08  1.94974262e+00 
 2.18885000e-08  1.94999970e+00  2.18885000e-08  1.09871103e+00  2.18885000e-08  1.94958320e+00 
 2.18895000e-08  1.94999920e+00  2.18895000e-08  1.17441893e+00  2.18895000e-08  1.94943423e+00 
 2.18905000e-08  1.94999965e+00  2.18905000e-08  1.24841885e+00  2.18905000e-08  1.94927686e+00 
 2.20185000e-08  1.95000002e+00  2.20185000e-08  1.94997908e+00  2.20185000e-08  1.18155199e+00 
 2.20195000e-08  1.94999984e+00  2.20195000e-08  1.95001053e+00  2.20195000e-08  1.12401522e+00 
 2.20205000e-08  1.94999985e+00  2.20205000e-08  1.95004227e+00  2.20205000e-08  1.06633376e+00 
 2.20215000e-08  1.94999954e+00  2.20215000e-08  1.95006901e+00  2.20215000e-08  1.00832511e+00 
 2.20225000e-08  1.94999957e+00  2.20225000e-08  1.95008818e+00  2.20225000e-08  9.49853217e-01 
 2.20235000e-08  1.94999941e+00  2.20235000e-08  1.95010193e+00  2.20235000e-08  8.90777902e-01 
 2.21885000e-08  1.17929294e+00  2.21885000e-08  1.94999920e+00  2.21885000e-08  1.01711707e-04 
 2.21895000e-08  1.12692480e+00  2.21895000e-08  1.94999942e+00  2.21895000e-08  1.02746949e-04 
 2.21905000e-08  1.07466821e+00  2.21905000e-08  1.94999921e+00  2.21905000e-08  9.54860450e-05 
 2.21915000e-08  1.02248955e+00  2.21915000e-08  1.94999942e+00  2.21915000e-08  9.67703925e-05 
 2.21925000e-08  9.70305440e-01  2.21925000e-08  1.94999922e+00  2.21925000e-08  8.94201123e-05 
 2.21935000e-08  9.18076245e-01  2.21935000e-08  1.94999943e+00  2.21935000e-08  9.07765915e-05 
 2.25835000e-08  1.95172818e-05  2.25835000e-08  1.18184017e+00  2.25835000e-08 -2.68234837e-06 
 2.25845000e-08  1.93648602e-05  2.25845000e-08  1.12773267e+00  2.25845000e-08 -2.87387834e-06 
 2.25855000e-08  1.93039590e-05  2.25855000e-08  1.07297388e+00  2.25855000e-08 -7.87536410e-07 
 2.25865000e-08  1.91290872e-05  2.25865000e-08  1.01756031e+00  2.25865000e-08  4.54318455e-07 
 2.25875000e-08  1.90967607e-05  2.25875000e-08  9.61508605e-01  2.25875000e-08  3.39642725e-06 
 2.25885000e-08  1.90116178e-05  2.25885000e-08  9.04828548e-01  2.25885000e-08  5.43959735e-06 
 2.27745000e-08  9.17859359e-01  2.27745000e-08  9.87472681e-05  2.27745000e-08  1.68913813e-06 
 2.27755000e-08  9.55011640e-01  2.27755000e-08  9.71858823e-05  2.27755000e-08  2.83253647e-06 
 2.27765000e-08  9.91943092e-01  2.27765000e-08  9.37688135e-05  2.27765000e-08  1.62321927e-06 
 2.27775000e-08  1.02857311e+00  2.27775000e-08  9.23156084e-05  2.27775000e-08  2.76800852e-06 
 2.27785000e-08  1.06482708e+00  2.27785000e-08  8.90441904e-05  2.27785000e-08  1.47568246e-06 
 2.27795000e-08  1.10072574e+00  2.27795000e-08  8.76992009e-05  2.27795000e-08  2.60557641e-06 
 2.30075000e-08  1.94999927e+00  2.30075000e-08  8.54548637e-01  2.30075000e-08 -8.70538013e-05 
 2.30085000e-08  1.94999973e+00  2.30085000e-08  9.36620761e-01  2.30085000e-08 -1.34085799e-04 
 2.30095000e-08  1.94999929e+00  2.30095000e-08  1.01680220e+00  2.30095000e-08 -1.66954006e-04 
 2.30105000e-08  1.94999969e+00  2.30105000e-08  1.09507667e+00  2.30105000e-08 -1.87850222e-04 
 2.30115000e-08  1.94999930e+00  2.30115000e-08  1.17152112e+00  2.30115000e-08 -2.02782937e-04 
 2.30125000e-08  1.94999976e+00  2.30125000e-08  1.24630346e+00  2.30125000e-08 -2.28746020e-04 
 2.31265000e-08  1.94999983e+00  2.31265000e-08  1.94994011e+00  2.31265000e-08  8.86279543e-01 
 2.31275000e-08  1.94999971e+00  2.31275000e-08  1.94994699e+00  2.31275000e-08  9.46758531e-01 
 2.31285000e-08  1.94999988e+00  2.31285000e-08  1.94995250e+00  2.31285000e-08  1.00645291e+00 
 2.31295000e-08  1.94999974e+00  2.31295000e-08  1.94995753e+00  2.31295000e-08  1.06807912e+00 
 2.31305000e-08  1.94999989e+00  2.31305000e-08  1.94996359e+00  2.31305000e-08  1.13533628e+00 
 2.31315000e-08  1.94999975e+00  2.31315000e-08  1.94995631e+00  2.31315000e-08  1.20874938e+00 
 2.33105000e-08  1.18086840e+00  2.33105000e-08  1.94999931e+00  2.33105000e-08  1.94998563e+00 
 2.33115000e-08  1.12849584e+00  2.33115000e-08  1.94999941e+00  2.33115000e-08  1.94999587e+00 
 2.33125000e-08  1.07623461e+00  2.33125000e-08  1.94999932e+00  2.33125000e-08  1.94998576e+00 
 2.33135000e-08  1.02405459e+00  2.33135000e-08  1.94999942e+00  2.33135000e-08  1.94999305e+00 
 2.33145000e-08  9.71870016e-01  2.33145000e-08  1.94999934e+00  2.33145000e-08  1.94998658e+00 
 2.33155000e-08  9.19642564e-01  2.33155000e-08  1.94999943e+00  2.33155000e-08  1.94999633e+00 
 2.37055000e-08  1.95161896e-05  2.37055000e-08  1.18364480e+00  2.37055000e-08  1.94994246e+00 
 2.37065000e-08  1.93715482e-05  2.37065000e-08  1.12956075e+00  2.37065000e-08  1.94993682e+00 
 2.37075000e-08  1.93047330e-05  2.37075000e-08  1.07482692e+00  2.37075000e-08  1.94993470e+00 
 2.37085000e-08  1.91365613e-05  2.37085000e-08  1.01943638e+00  2.37085000e-08  1.94993709e+00 
 2.37095000e-08  1.90955974e-05  2.37095000e-08  9.63408346e-01  2.37095000e-08  1.94994619e+00 
 2.37105000e-08  1.90142405e-05  2.37105000e-08  9.06749303e-01  2.37105000e-08  1.94996170e+00 
 2.38965000e-08  9.16109122e-01  2.38965000e-08  8.74356287e-05  2.38965000e-08  1.94996974e+00 
 2.38975000e-08  9.53269744e-01  2.38975000e-08  8.58110105e-05  2.38975000e-08  1.94996993e+00 
 2.38985000e-08  9.90213739e-01  2.38985000e-08  8.30820078e-05  2.38985000e-08  1.94997147e+00 
 2.38995000e-08  1.02686040e+00  2.38995000e-08  8.15550420e-05  2.38995000e-08  1.94997162e+00 
 2.39005000e-08  1.06313218e+00  2.39005000e-08  7.89477397e-05  2.39005000e-08  1.94997310e+00 
 2.39015000e-08  1.09904551e+00  2.39015000e-08  7.75134797e-05  2.39015000e-08  1.94997322e+00 
 2.41295000e-08  1.94999937e+00  2.41295000e-08  8.52817792e-01  2.41295000e-08  1.95003049e+00 
 2.41305000e-08  1.94999973e+00  2.41305000e-08  9.34869680e-01  2.41305000e-08  1.94989920e+00 
 2.41315000e-08  1.94999944e+00  2.41315000e-08  1.01486321e+00  2.41315000e-08  1.94975440e+00 
 2.41325000e-08  1.94999979e+00  2.41325000e-08  1.09275593e+00  2.41325000e-08  1.94959539e+00 
 2.41335000e-08  1.94999949e+00  2.41335000e-08  1.16862307e+00  2.41335000e-08  1.94944485e+00 
 2.41345000e-08  1.94999984e+00  2.41345000e-08  1.24278230e+00  2.41345000e-08  1.94928975e+00 
 2.42625000e-08  1.95000012e+00  2.42625000e-08  1.94997672e+00  2.42625000e-08  1.18578332e+00 
 2.42635000e-08  1.94999998e+00  2.42635000e-08  1.95000811e+00  2.42635000e-08  1.12824910e+00 
 2.42645000e-08  1.94999993e+00  2.42645000e-08  1.95003990e+00  2.42645000e-08  1.07058851e+00 
 2.42655000e-08  1.94999966e+00  2.42655000e-08  1.95006746e+00  2.42655000e-08  1.01260628e+00 
 2.42665000e-08  1.94999963e+00  2.42665000e-08  1.95008679e+00  2.42665000e-08  9.54177602e-01 
 2.42675000e-08  1.94999951e+00  2.42675000e-08  1.95010133e+00  2.42675000e-08  8.95147348e-01 
 2.44325000e-08  1.18240995e+00  2.44325000e-08  1.94999920e+00  2.44325000e-08  1.01452020e-04 
 2.44335000e-08  1.13003494e+00  2.44335000e-08  1.94999942e+00  2.44335000e-08  1.04552198e-04 
 2.44345000e-08  1.07777082e+00  2.44345000e-08  1.94999921e+00  2.44345000e-08  9.49460522e-05 
 2.44355000e-08  1.02559108e+00  2.44355000e-08  1.94999943e+00  2.44355000e-08  9.80733316e-05 
 2.44365000e-08  9.73407495e-01  2.44365000e-08  1.94999922e+00  2.44365000e-08  8.87484133e-05 
 2.44375000e-08  9.21183162e-01  2.44375000e-08  1.94999943e+00  2.44375000e-08  9.19967450e-05 
 2.48275000e-08  1.95149997e-05  2.48275000e-08  1.18512797e+00  2.48275000e-08 -2.66784237e-06 
 2.48285000e-08  1.93778125e-05  2.48285000e-08  1.13105909e+00  2.48285000e-08 -2.95683040e-06 
 2.48295000e-08  1.93041418e-05  2.48295000e-08  1.07634180e+00  2.48295000e-08 -8.62984756e-07 
 2.48305000e-08  1.91430385e-05  2.48305000e-08  1.02096636e+00  2.48305000e-08  3.03391625e-07 
 2.48315000e-08  1.90943791e-05  2.48315000e-08  9.64954882e-01  2.48315000e-08  3.26654874e-06 
 2.48325000e-08  1.90189089e-05  2.48325000e-08  9.08311065e-01  2.48325000e-08  5.24616073e-06 
 2.50195000e-08  9.52671073e-01  2.50195000e-08  9.72828098e-05  2.50195000e-08  2.76680125e-06 
 2.50205000e-08  9.89623461e-01  2.50205000e-08  9.39819891e-05  2.50205000e-08  1.69505644e-06 
 2.50215000e-08  1.02627901e+00  2.50215000e-08  9.24057316e-05  2.50215000e-08  2.70117537e-06 
 2.50225000e-08  1.06255559e+00  2.50225000e-08  8.92490578e-05  2.50225000e-08  1.54789496e-06 
 2.50235000e-08  1.09847311e+00  2.50235000e-08  8.77826158e-05  2.50235000e-08  2.54071812e-06 
 2.50245000e-08  1.13415164e+00  2.50245000e-08  8.47620972e-05  2.50245000e-08  1.48922218e-06 
 2.52515000e-08  1.94999951e+00  2.52515000e-08  8.49282698e-01  2.52515000e-08 -8.38247346e-05 
 2.52525000e-08  1.94999982e+00  2.52525000e-08  9.31470242e-01  2.52525000e-08 -1.31320667e-04 
 2.52535000e-08  1.94999956e+00  2.52535000e-08  1.01177804e+00  2.52535000e-08 -1.65532619e-04 
 2.52545000e-08  1.94999986e+00  2.52545000e-08  1.09017810e+00  2.52545000e-08 -1.86649783e-04 
 2.52555000e-08  1.94999960e+00  2.52555000e-08  1.16673272e+00  2.52555000e-08 -2.01673950e-04 
 2.52565000e-08  1.94999990e+00  2.52565000e-08  1.24163734e+00  2.52565000e-08 -2.27273578e-04 
 2.53705000e-08  1.94999988e+00  2.53705000e-08  1.94993956e+00  2.53705000e-08  8.82406480e-01 
 2.53715000e-08  1.94999980e+00  2.53715000e-08  1.94994677e+00  2.53715000e-08  9.42969172e-01 
 2.53725000e-08  1.94999992e+00  2.53725000e-08  1.94995196e+00  2.53725000e-08  1.00267189e+00 
 2.53735000e-08  1.94999982e+00  2.53735000e-08  1.94995709e+00  2.53735000e-08  1.06406667e+00 
 2.53745000e-08  1.94999993e+00  2.53745000e-08  1.94996399e+00  2.53745000e-08  1.13078913e+00 
 2.53755000e-08  1.94999982e+00  2.53755000e-08  1.94995648e+00  2.53755000e-08  1.20413229e+00 
 2.55555000e-08  1.13226393e+00  2.55555000e-08  1.94999943e+00  2.55555000e-08  1.94999485e+00 
 2.55565000e-08  1.07999362e+00  2.55565000e-08  1.94999930e+00  2.55565000e-08  1.94998369e+00 
 2.55575000e-08  1.02781230e+00  2.55575000e-08  1.94999944e+00  2.55575000e-08  1.94999170e+00 
 2.55585000e-08  9.75628341e-01  2.55585000e-08  1.94999932e+00  2.55585000e-08  1.94998469e+00 
 2.55595000e-08  9.23406840e-01  2.55595000e-08  1.94999945e+00  2.55595000e-08  1.94999550e+00 
 2.55605000e-08  8.71096361e-01  2.55605000e-08  1.94999932e+00  2.55605000e-08  1.94998491e+00 
 2.59495000e-08  1.95135084e-05  2.59495000e-08  1.18738233e+00  2.59495000e-08  1.94994289e+00 
 2.59505000e-08  1.93890206e-05  2.59505000e-08  1.13334221e+00  2.59505000e-08  1.94993713e+00 
 2.59515000e-08  1.93051809e-05  2.59515000e-08  1.07865558e+00  2.59515000e-08  1.94993471e+00 
 2.59525000e-08  1.91550087e-05  2.59525000e-08  1.02330843e+00  2.59525000e-08  1.94993672e+00 
 2.59535000e-08  1.90923368e-05  2.59535000e-08  9.67326215e-01  2.59535000e-08  1.94994535e+00 
 2.59545000e-08  1.90239178e-05  2.59545000e-08  9.10708483e-01  2.59545000e-08  1.94996039e+00 
 2.61415000e-08  9.50289647e-01  2.61415000e-08  8.58817327e-05  2.61415000e-08  1.94996989e+00 
 2.61425000e-08  9.87258428e-01  2.61425000e-08  8.33149563e-05  2.61425000e-08  1.94997139e+00 
 2.61435000e-08  1.02393570e+00  2.61435000e-08  8.16197308e-05  2.61435000e-08  1.94997159e+00 
 2.61445000e-08  1.06023671e+00  2.61445000e-08  7.91715978e-05  2.61445000e-08  1.94997302e+00 
 2.61455000e-08  1.09617441e+00  2.61455000e-08  7.75722949e-05  2.61455000e-08  1.94997319e+00 
 2.61465000e-08  1.13186246e+00  2.61465000e-08  7.52365731e-05  2.61465000e-08  1.94997456e+00 
 2.63735000e-08  1.94999972e+00  2.63735000e-08  8.45913132e-01  2.63735000e-08  1.95004239e+00 
 2.63745000e-08  1.94999989e+00  2.63745000e-08  9.28128955e-01  2.63745000e-08  1.94991027e+00 
 2.63755000e-08  1.94999974e+00  2.63755000e-08  1.00829648e+00  2.63755000e-08  1.94976693e+00 
 2.63765000e-08  1.94999992e+00  2.63765000e-08  1.08635431e+00  2.63765000e-08  1.94960879e+00 
 2.63775000e-08  1.94999978e+00  2.63775000e-08  1.16237036e+00  2.63775000e-08  1.94945607e+00 
 2.63785000e-08  1.94999994e+00  2.63785000e-08  1.23663524e+00  2.63785000e-08  1.94930416e+00 
 2.65065000e-08  1.95000017e+00  2.65065000e-08  1.94997402e+00  2.65065000e-08  1.19080722e+00 
 2.65075000e-08  1.95000009e+00  2.65075000e-08  1.95000533e+00  2.65075000e-08  1.13327404e+00 
 2.65085000e-08  1.94999998e+00  2.65085000e-08  1.95003709e+00  2.65085000e-08  1.07563527e+00 
 2.65095000e-08  1.94999976e+00  2.65095000e-08  1.95006564e+00  2.65095000e-08  1.01768195e+00 
 2.65105000e-08  1.94999967e+00  2.65105000e-08  1.95008508e+00  2.65105000e-08  9.59301670e-01 
 2.65115000e-08  1.94999957e+00  2.65115000e-08  1.95010058e+00  2.65115000e-08  9.00322715e-01 
 2.66775000e-08  1.13525632e+00  2.66775000e-08  1.94999942e+00  2.66775000e-08  1.05882416e-04 
 2.66785000e-08  1.08297928e+00  2.66785000e-08  1.94999920e+00  2.66785000e-08  9.41336773e-05 
 2.66795000e-08  1.03079736e+00  2.66795000e-08  1.94999943e+00  2.66795000e-08  1.00013891e-04 
 2.66805000e-08  9.78614280e-01  2.66805000e-08  1.94999921e+00  2.66805000e-08  8.79984622e-05 
 2.66815000e-08  9.26397929e-01  2.66815000e-08  1.94999944e+00  2.66815000e-08  9.38262149e-05 
 2.66825000e-08  8.74092318e-01  2.66825000e-08  1.94999922e+00  2.66825000e-08  8.18730712e-05 
 2.70725000e-08  1.94025310e-05  2.70725000e-08  1.13640130e+00  2.70725000e-08 -3.07666211e-06 
 2.70735000e-08  1.93036391e-05  2.70735000e-08  1.08175072e+00  2.70735000e-08 -9.85611345e-07 
 2.70745000e-08  1.91690849e-05  2.70745000e-08  1.02643663e+00  2.70745000e-08  7.07204206e-08 
 2.70755000e-08  1.90884119e-05  2.70755000e-08  9.70489907e-01  2.70755000e-08  3.05314937e-06 
 2.70765000e-08  1.90328065e-05  2.70765000e-08  9.13904531e-01  2.70765000e-08  4.94187608e-06 
 2.70775000e-08  1.90645835e-05  2.70775000e-08  8.56724254e-01  2.70775000e-08  8.42949784e-06 
 2.72635000e-08  9.48543410e-01  2.72635000e-08  9.74236427e-05  2.72635000e-08  2.64058625e-06 
 2.72645000e-08  9.85524121e-01  2.72645000e-08  9.43194307e-05  2.72645000e-08  1.79342671e-06 
 2.72655000e-08  1.02221671e+00  2.72655000e-08  9.25369445e-05  2.72655000e-08  2.56807568e-06 
 2.72665000e-08  1.05853585e+00  2.72665000e-08  8.95721323e-05  2.72665000e-08  1.65470913e-06 
 2.72675000e-08  1.09448828e+00  2.72675000e-08  8.79028037e-05  2.72675000e-08  2.41988105e-06 
 2.72685000e-08  1.13018412e+00  2.72685000e-08  8.50721283e-05  2.72685000e-08  1.58910551e-06 
 2.74955000e-08  1.94999988e+00  2.74955000e-08  8.39887903e-01  2.74955000e-08 -7.78744422e-05 
 2.74965000e-08  1.94999995e+00  2.74965000e-08  9.22278612e-01  2.74965000e-08 -1.26397523e-04 
 2.74975000e-08  1.94999988e+00  2.74975000e-08  1.00279733e+00  2.74975000e-08 -1.63552989e-04 
 2.74985000e-08  1.94999993e+00  2.74985000e-08  1.08140767e+00  2.74985000e-08 -1.85189790e-04 
 2.74995000e-08  1.94999988e+00  2.74995000e-08  1.15816152e+00  2.74995000e-08 -2.00024275e-04 
 2.75005000e-08  1.94999995e+00  2.75005000e-08  1.23323003e+00  2.75005000e-08 -2.23890393e-04 
 2.76145000e-08  1.94999995e+00  2.76145000e-08  1.94993906e+00  2.76145000e-08  8.75437189e-01 
 2.76155000e-08  1.94999993e+00  2.76155000e-08  1.94994592e+00  2.76155000e-08  9.36155714e-01 
 2.76165000e-08  1.94999997e+00  2.76165000e-08  1.94995141e+00  2.76165000e-08  9.95891378e-01 
 2.76175000e-08  1.94999995e+00  2.76175000e-08  1.94995676e+00  2.76175000e-08  1.05678563e+00 
 2.76185000e-08  1.94999997e+00  2.76185000e-08  1.94996369e+00  2.76185000e-08  1.12273790e+00 
 2.76195000e-08  1.94999993e+00  2.76195000e-08  1.94995657e+00  2.76195000e-08  1.19577946e+00 
 2.77995000e-08  1.13812516e+00  2.77995000e-08  1.94999940e+00  2.77995000e-08  1.94999267e+00 
 2.78005000e-08  1.08584021e+00  2.78005000e-08  1.94999934e+00  2.78005000e-08  1.94998670e+00 
 2.78015000e-08  1.03365603e+00  2.78015000e-08  1.94999941e+00  2.78015000e-08  1.94999581e+00 
 2.78025000e-08  9.81472435e-01  2.78025000e-08  1.94999934e+00  2.78025000e-08  1.94998932e+00 
 2.78035000e-08  9.29259627e-01  2.78035000e-08  1.94999941e+00  2.78035000e-08  1.94999783e+00 
 2.78045000e-08  8.76957609e-01  2.78045000e-08  1.94999935e+00  2.78045000e-08  1.94998900e+00 
 2.81945000e-08  1.94146631e-05  2.81945000e-08  1.13960968e+00  2.81945000e-08  1.94993772e+00 
 2.81955000e-08  1.93018356e-05  2.81955000e-08  1.08500136e+00  2.81955000e-08  1.94993474e+00 
 2.81965000e-08  1.91816892e-05  2.81965000e-08  1.02972631e+00  2.81965000e-08  1.94993623e+00 
 2.81975000e-08  1.90846706e-05  2.81975000e-08  9.73820245e-01  2.81975000e-08  1.94994398e+00 
 2.81985000e-08  1.90395238e-05  2.81985000e-08  9.17271344e-01  2.81985000e-08  1.94995834e+00 
 2.81995000e-08  1.90551249e-05  2.81995000e-08  8.60127604e-01  2.81995000e-08  1.94997987e+00 
 2.83855000e-08  9.46263623e-01  2.83855000e-08  8.59586010e-05  2.83855000e-08  1.94996981e+00 
 2.83865000e-08  9.83259637e-01  2.83865000e-08  8.37295394e-05  2.83865000e-08  1.94997128e+00 
 2.83875000e-08  1.01997217e+00  2.83875000e-08  8.16875269e-05  2.83875000e-08  1.94997151e+00 
 2.83885000e-08  1.05631497e+00  2.83885000e-08  7.95704259e-05  2.83885000e-08  1.94997292e+00 
 2.83895000e-08  1.09228719e+00  2.83895000e-08  7.76314892e-05  2.83895000e-08  1.94997312e+00 
 2.83905000e-08  1.12799614e+00  2.83905000e-08  7.56204743e-05  2.83905000e-08  1.94997447e+00 
 2.86175000e-08  1.94999992e+00  2.86175000e-08  8.36703045e-01  2.86175000e-08  1.95005767e+00 
 2.86185000e-08  1.94999985e+00  2.86185000e-08  9.19134515e-01  2.86185000e-08  1.94992487e+00 
 2.86195000e-08  1.94999993e+00  2.86195000e-08  9.99532478e-01  2.86195000e-08  1.94978357e+00 
 2.86205000e-08  1.94999986e+00  2.86205000e-08  1.07782330e+00  2.86205000e-08  1.94962644e+00 
 2.86215000e-08  1.94999993e+00  2.86215000e-08  1.15405334e+00  2.86215000e-08  1.94947081e+00 
 2.86225000e-08  1.94999986e+00  2.86225000e-08  1.22849575e+00  2.86225000e-08  1.94932286e+00 
 2.87505000e-08  1.95000016e+00  2.87505000e-08  1.94997087e+00  2.87505000e-08  1.19718253e+00 
 2.87515000e-08  1.95000015e+00  2.87515000e-08  1.95000136e+00  2.87515000e-08  1.13965023e+00 
 2.87525000e-08  1.94999998e+00  2.87525000e-08  1.95003383e+00  2.87525000e-08  1.08203819e+00 
 2.87535000e-08  1.94999982e+00  2.87535000e-08  1.95006289e+00  2.87535000e-08  1.02412067e+00 
 2.87545000e-08  1.94999965e+00  2.87545000e-08  1.95008322e+00  2.87545000e-08  9.65801309e-01 
 2.87555000e-08  1.94999961e+00  2.87555000e-08  1.95009927e+00  2.87555000e-08  9.06887474e-01 
 2.89215000e-08  1.14074186e+00  2.89215000e-08  1.94999936e+00  2.89215000e-08  1.04866486e-04 
 2.89225000e-08  1.08845093e+00  2.89225000e-08  1.94999926e+00  2.89225000e-08  9.52622502e-05 
 2.89235000e-08  1.03626564e+00  2.89235000e-08  1.94999937e+00  2.89235000e-08  9.81771927e-05 
 2.89245000e-08  9.84082595e-01  2.89245000e-08  1.94999928e+00  2.89245000e-08  8.94415198e-05 
 2.89255000e-08  9.31873828e-01  2.89255000e-08  1.94999937e+00  2.89255000e-08  9.25061330e-05 
 2.89265000e-08  8.79576047e-01  2.89265000e-08  1.94999928e+00  2.89265000e-08  8.35050144e-05 
 2.93165000e-08  1.94253083e-05  2.93165000e-08  1.14222434e+00  2.93165000e-08 -2.97529231e-06 
 2.93175000e-08  1.93020812e-05  2.93175000e-08  1.08764653e+00  2.93175000e-08 -1.34580397e-06 
 2.93185000e-08  1.91932046e-05  2.93185000e-08  1.03239948e+00  2.93185000e-08  2.18046659e-08 
 2.93195000e-08  1.90830428e-05  2.93195000e-08  9.76523542e-01  2.93195000e-08  2.63275090e-06 
 2.93205000e-08  1.90463843e-05  2.93205000e-08  9.20002223e-01  2.93205000e-08  4.79842032e-06 
 2.93215000e-08  1.90488880e-05  2.93215000e-08  8.62887666e-01  2.93215000e-08  7.97739527e-06 
 2.95075000e-08  9.44983623e-01  2.95075000e-08  9.75387523e-05  2.95075000e-08  2.44854096e-06 
 2.95085000e-08  9.81988055e-01  2.95085000e-08  9.47353247e-05  2.95085000e-08  2.00165709e-06 
 2.95095000e-08  1.01871164e+00  2.95095000e-08  9.26409740e-05  2.95095000e-08  2.32600196e-06 
 2.95105000e-08  1.05506772e+00  2.95105000e-08  8.99728987e-05  2.95105000e-08  1.88393211e-06 
 2.95115000e-08  1.09105121e+00  2.95115000e-08  8.79965655e-05  2.95115000e-08  2.21111970e-06 
 2.95125000e-08  1.12676663e+00  2.95125000e-08  8.54557735e-05  2.95125000e-08  1.77328689e-06 
 2.97395000e-08  1.94999988e+00  2.97395000e-08  8.31998163e-01  2.97395000e-08 -7.27124972e-05 
 2.97405000e-08  1.94999973e+00  2.97405000e-08  9.14555455e-01  2.97405000e-08 -1.22304170e-04 
 2.97415000e-08  1.94999990e+00  2.97415000e-08  9.95258804e-01  2.97415000e-08 -1.60497837e-04 
 2.97425000e-08  1.94999975e+00  2.97425000e-08  1.07405359e+00  2.97425000e-08 -1.82112361e-04 
 2.97435000e-08  1.94999991e+00  2.97435000e-08  1.15096546e+00  2.97435000e-08 -1.98360770e-04 
 2.97445000e-08  1.94999975e+00  2.97445000e-08  1.22617606e+00  2.97445000e-08 -2.21013252e-04 
 2.98585000e-08  1.94999989e+00  2.98585000e-08  1.94993868e+00  2.98585000e-08  8.69581236e-01 
 2.98595000e-08  1.94999995e+00  2.98595000e-08  1.94994519e+00  2.98595000e-08  9.30437034e-01 
 2.98605000e-08  1.94999991e+00  2.98605000e-08  1.94995097e+00  2.98605000e-08  9.90217673e-01 
 2.98615000e-08  1.94999996e+00  2.98615000e-08  1.94995640e+00  2.98615000e-08  1.05078382e+00 
 2.98625000e-08  1.94999991e+00  2.98625000e-08  1.94996339e+00  2.98625000e-08  1.11608178e+00 
 2.98635000e-08  1.94999995e+00  2.98635000e-08  1.94995680e+00  2.98635000e-08  1.18877392e+00 
 3.00435000e-08  1.14296720e+00  3.00435000e-08  1.94999936e+00  3.00435000e-08  1.94999331e+00 
 3.00445000e-08  1.09067035e+00  3.00445000e-08  1.94999936e+00  3.00445000e-08  1.94998854e+00 
 3.00455000e-08  1.03848325e+00  3.00455000e-08  1.94999937e+00  3.00455000e-08  1.94999602e+00 
 3.00465000e-08  9.86299914e-01  3.00465000e-08  1.94999937e+00  3.00465000e-08  1.94999082e+00 
 3.00475000e-08  9.34093929e-01  3.00475000e-08  1.94999939e+00  3.00475000e-08  1.94999781e+00 
 3.00485000e-08  8.81799161e-01  3.00485000e-08  1.94999939e+00  3.00485000e-08  1.94999061e+00 
 3.04385000e-08  1.94348153e-05  3.04385000e-08  1.14442661e+00  3.04385000e-08  1.94993820e+00 
 3.04395000e-08  1.93023486e-05  3.04395000e-08  1.08987848e+00  3.04395000e-08  1.94993480e+00 
 3.04405000e-08  1.92042907e-05  3.04405000e-08  1.03465903e+00  3.04405000e-08  1.94993592e+00 
 3.04415000e-08  1.90821273e-05  3.04415000e-08  9.78811600e-01  3.04415000e-08  1.94994298e+00 
 3.04425000e-08  1.90522510e-05  3.04425000e-08  9.22315919e-01  3.04425000e-08  1.94995679e+00 
 3.04435000e-08  1.90422826e-05  3.04435000e-08  8.65226728e-01  3.04435000e-08  1.94997753e+00 
 3.06295000e-08  9.42940559e-01  3.06295000e-08  8.60096541e-05  3.06295000e-08  1.94996974e+00 
 3.06305000e-08  9.79958132e-01  3.06305000e-08  8.40559768e-05  3.06305000e-08  1.94997119e+00 
 3.06315000e-08  1.01669924e+00  3.06315000e-08  8.17318957e-05  3.06315000e-08  1.94997145e+00 
 3.06325000e-08  1.05308444e+00  3.06325000e-08  7.98846753e-05  3.06325000e-08  1.94997284e+00 
 3.06335000e-08  1.08909395e+00  3.06335000e-08  7.76695273e-05  3.06335000e-08  1.94997305e+00 
 3.06345000e-08  1.12481972e+00  3.06345000e-08  7.59234727e-05  3.06345000e-08  1.94997439e+00 
 3.08615000e-08  1.94999971e+00  3.08615000e-08  8.29800116e-01  3.08615000e-08  1.95006866e+00 
 3.08625000e-08  1.94999944e+00  3.08625000e-08  9.12391225e-01  3.08625000e-08  1.94993567e+00 
 3.08635000e-08  1.94999976e+00  3.08635000e-08  9.92962093e-01  3.08635000e-08  1.94979597e+00 
 3.08645000e-08  1.94999947e+00  3.08645000e-08  1.07142704e+00  3.08645000e-08  1.94963961e+00 
 3.08655000e-08  1.94999974e+00  3.08655000e-08  1.14782029e+00  3.08655000e-08  1.94948178e+00 
 3.08665000e-08  1.94999944e+00  3.08665000e-08  1.22239736e+00  3.08665000e-08  1.94933671e+00 
 3.09955000e-08  1.95000010e+00  3.09955000e-08  1.94999860e+00  3.09955000e-08  1.14440547e+00 
 3.09965000e-08  1.94999988e+00  3.09965000e-08  1.95003142e+00  3.09965000e-08  1.08681171e+00 
 3.09975000e-08  1.94999980e+00  3.09975000e-08  1.95006064e+00  3.09975000e-08  1.02891978e+00 
 3.09985000e-08  1.94999957e+00  3.09985000e-08  1.95008187e+00  3.09985000e-08  9.70644474e-01 
 3.09995000e-08  1.94999959e+00  3.09995000e-08  1.95009809e+00  3.09995000e-08  9.11778598e-01 
 3.10005000e-08  1.94999954e+00  3.10005000e-08  1.95010685e+00  3.10005000e-08  8.52292970e-01 
 3.11655000e-08  1.14528871e+00  3.11655000e-08  1.94999930e+00  3.11655000e-08  1.03886287e-04 
 3.11665000e-08  1.09298679e+00  3.11665000e-08  1.94999932e+00  3.11665000e-08  9.65658113e-05 
 3.11675000e-08  1.04079707e+00  3.11675000e-08  1.94999931e+00  3.11675000e-08  9.74557797e-05 
 3.11685000e-08  9.88615063e-01  3.11685000e-08  1.94999933e+00  3.11685000e-08  9.02817958e-05 
 3.11695000e-08  9.36411521e-01  3.11695000e-08  1.94999932e+00  3.11695000e-08  9.13025404e-05 
 3.11705000e-08  8.84120419e-01  3.11705000e-08  1.94999934e+00  3.11705000e-08  8.47531837e-05 
 3.15605000e-08  1.94413609e-05  3.15605000e-08  1.14679031e+00  3.15605000e-08 -2.90091410e-06 
 3.15615000e-08  1.92998891e-05  3.15615000e-08  1.09226949e+00  3.15615000e-08 -1.60620131e-06 
 3.15625000e-08  1.92136143e-05  3.15625000e-08  1.03707526e+00  3.15625000e-08 -2.78155631e-08 
 3.15635000e-08  1.90802225e-05  3.15635000e-08  9.81254852e-01  3.15635000e-08  2.31690046e-06 
 3.15645000e-08  1.90575389e-05  3.15645000e-08  9.24784113e-01  3.15645000e-08  4.67684767e-06 
 3.15655000e-08  1.90352860e-05  3.15655000e-08  8.67721222e-01  3.15655000e-08  7.63585053e-06 
 3.17515000e-08  9.41261227e-01  3.17515000e-08  9.76300461e-05  3.17515000e-08  2.29942479e-06 
 3.17525000e-08  9.78284798e-01  3.17525000e-08  9.50565558e-05  3.17525000e-08  2.16042161e-06 
 3.17535000e-08  1.01503710e+00  3.17535000e-08  9.27238390e-05  3.17535000e-08  2.17790317e-06 
 3.17545000e-08  1.05143966e+00  3.17545000e-08  9.02805910e-05  3.17545000e-08  2.04115979e-06 
 3.17555000e-08  1.08746420e+00  3.17555000e-08  8.80717542e-05  3.17555000e-08  2.06394257e-06 
 3.17565000e-08  1.12319872e+00  3.17565000e-08  8.57517496e-05  3.17565000e-08  1.92912837e-06 
 3.19835000e-08  1.94999969e+00  3.19835000e-08  8.24078190e-01  3.19835000e-08 -6.75639381e-05 
 3.19845000e-08  1.94999931e+00  3.19845000e-08  9.06804970e-01  3.19845000e-08 -1.18089868e-04 
 3.19855000e-08  1.94999975e+00  3.19855000e-08  9.87690683e-01  3.19855000e-08 -1.57787978e-04 
 3.19865000e-08  1.94999938e+00  3.19865000e-08  1.06666769e+00  3.19865000e-08 -1.80239838e-04 
 3.19875000e-08  1.94999980e+00  3.19875000e-08  1.14375169e+00  3.19875000e-08 -1.97487942e-04 
 3.19885000e-08  1.94999942e+00  3.19885000e-08  1.21913223e+00  3.19885000e-08 -2.17911719e-04 
 3.21025000e-08  1.94999975e+00  3.21025000e-08  1.94993829e+00  3.21025000e-08  8.63754794e-01 
 3.21035000e-08  1.94999990e+00  3.21035000e-08  1.94994451e+00  3.21035000e-08  9.24752391e-01 
 3.21045000e-08  1.94999978e+00  3.21045000e-08  1.94995048e+00  3.21045000e-08  9.84591179e-01 
 3.21055000e-08  1.94999993e+00  3.21055000e-08  1.94995602e+00  3.21055000e-08  1.04489938e+00 
 3.21065000e-08  1.94999980e+00  3.21065000e-08  1.94996295e+00  3.21065000e-08  1.10957115e+00 
 3.21075000e-08  1.94999993e+00  3.21075000e-08  1.94995725e+00  3.21075000e-08  1.18181693e+00 
 3.22875000e-08  1.14786357e+00  3.22875000e-08  1.94999933e+00  3.22875000e-08  1.94999331e+00 
 3.22885000e-08  1.09555689e+00  3.22885000e-08  1.94999938e+00  3.22885000e-08  1.94999001e+00 
 3.22895000e-08  1.04336270e+00  3.22895000e-08  1.94999935e+00  3.22895000e-08  1.94999578e+00 
 3.22905000e-08  9.91181579e-01  3.22905000e-08  1.94999940e+00  3.22905000e-08  1.94999014e+00 
 3.22915000e-08  9.38978958e-01  3.22915000e-08  1.94999936e+00  3.22915000e-08  1.94999377e+00 
 3.22925000e-08  8.86693479e-01  3.22925000e-08  1.94999941e+00  3.22925000e-08  1.94999063e+00 
 3.26825000e-08  1.94543512e-05  3.26825000e-08  1.14957784e+00  3.26825000e-08  1.94993874e+00 
 3.26835000e-08  1.93051152e-05  3.26835000e-08  1.09509404e+00  3.26835000e-08  1.94993491e+00 
 3.26845000e-08  1.92272745e-05  3.26845000e-08  1.03993425e+00  3.26845000e-08  1.94993562e+00 
 3.26855000e-08  1.90820603e-05  3.26855000e-08  9.84149589e-01  3.26855000e-08  1.94994198e+00 
 3.26865000e-08  1.90651781e-05  3.26865000e-08  9.27711165e-01  3.26865000e-08  1.94995523e+00 
 3.26875000e-08  1.90309292e-05  3.26875000e-08  8.70680468e-01  3.26875000e-08  1.94997523e+00 
 3.28735000e-08  9.39666109e-01  3.28735000e-08  8.60809631e-05  3.28735000e-08  1.94996969e+00 
 3.28745000e-08  9.76699586e-01  3.28745000e-08  8.44000206e-05  3.28745000e-08  1.94997107e+00 
 3.28755000e-08  1.01346537e+00  3.28755000e-08  8.17949212e-05  3.28755000e-08  1.94997140e+00 
 3.28765000e-08  1.04988427e+00  3.28765000e-08  8.02149223e-05  3.28765000e-08  1.94997273e+00 
 3.28775000e-08  1.08592338e+00  3.28775000e-08  7.77255011e-05  3.28775000e-08  1.94997301e+00 
 3.28785000e-08  1.12166698e+00  3.28785000e-08  7.62412809e-05  3.28785000e-08  1.94997429e+00 
 3.31055000e-08  1.94999963e+00  3.31055000e-08  8.22419505e-01  3.31055000e-08  1.95008001e+00 
 3.31065000e-08  1.94999915e+00  3.31065000e-08  9.05178738e-01  3.31065000e-08  1.94994707e+00 
 3.31075000e-08  1.94999971e+00  3.31075000e-08  9.85933726e-01  3.31075000e-08  1.94980916e+00 
 3.31085000e-08  1.94999919e+00  3.31085000e-08  1.06458425e+00  3.31085000e-08  1.94965367e+00 
 3.31095000e-08  1.94999965e+00  3.31095000e-08  1.14114325e+00  3.31095000e-08  1.94949496e+00 
 3.31105000e-08  1.94999917e+00  3.31105000e-08  1.21587375e+00  3.31105000e-08  1.94935067e+00 
 3.32395000e-08  1.95000001e+00  3.32395000e-08  1.94999572e+00  3.32395000e-08  1.14935916e+00 
 3.32405000e-08  1.94999975e+00  3.32405000e-08  1.95002874e+00  3.32405000e-08  1.09178272e+00 
 3.32415000e-08  1.94999974e+00  3.32415000e-08  1.95005833e+00  3.32415000e-08  1.03391590e+00 
 3.32425000e-08  1.94999945e+00  3.32425000e-08  1.95008048e+00  3.32425000e-08  9.75684015e-01 
 3.32435000e-08  1.94999953e+00  3.32435000e-08  1.95009696e+00  3.32435000e-08  9.16866167e-01 
 3.32445000e-08  1.94999942e+00  3.32445000e-08  1.95010647e+00  3.32445000e-08  8.57440012e-01 
 3.34095000e-08  1.14974011e+00  3.34095000e-08  1.94999925e+00  3.34095000e-08  1.03403189e-04 
 3.34105000e-08  1.09743011e+00  3.34105000e-08  1.94999936e+00  3.34105000e-08  9.74536218e-05 
 3.34115000e-08  1.04523282e+00  3.34115000e-08  1.94999926e+00  3.34115000e-08  9.69858876e-05 
 3.34125000e-08  9.93052414e-01  3.34125000e-08  1.94999937e+00  3.34125000e-08  9.12944908e-05 
 3.34135000e-08  9.40851320e-01  3.34135000e-08  1.94999927e+00  3.34135000e-08  9.09679993e-05 
 3.34145000e-08  8.88569546e-01  3.34145000e-08  1.94999938e+00  3.34145000e-08  8.55207588e-05 
 3.38045000e-08  1.94583548e-05  3.38045000e-08  1.15152816e+00  3.38045000e-08 -2.84567441e-06 
 3.38055000e-08  1.93053310e-05  3.38055000e-08  1.09706648e+00  3.38055000e-08 -1.84349858e-06 
 3.38065000e-08  1.92322009e-05  3.38065000e-08  1.04192707e+00  3.38065000e-08 -1.04500162e-07 
 3.38075000e-08  1.90814009e-05  3.38075000e-08  9.86164372e-01  3.38075000e-08  2.01773538e-06 
 3.38085000e-08  1.90669821e-05  3.38085000e-08  9.29746286e-01  3.38085000e-08  4.49704143e-06 
 3.38095000e-08  1.90266977e-05  3.38095000e-08  8.72737181e-01  3.38095000e-08  7.27487366e-06 
 3.39955000e-08  9.38479409e-01  3.39955000e-08  9.77347696e-05  3.39955000e-08  2.15578782e-06 
 3.39965000e-08  9.75520148e-01  3.39965000e-08  9.53969288e-05  3.39965000e-08  2.31533981e-06 
 3.39975000e-08  1.01229616e+00  3.39975000e-08  9.28186282e-05  3.39975000e-08  2.03469440e-06 
 3.39985000e-08  1.04872712e+00  3.39985000e-08  9.06057385e-05  3.39985000e-08  2.19365960e-06 
 3.39995000e-08  1.08477743e+00  3.39995000e-08  8.81579076e-05  3.39995000e-08  1.92145734e-06 
 3.40005000e-08  1.12052793e+00  3.40005000e-08  8.60649319e-05  3.40005000e-08  2.08086763e-06 
 3.42275000e-08  1.94999964e+00  3.42275000e-08  8.17695333e-01  3.42275000e-08 -6.34746496e-05 
 3.42285000e-08  1.94999908e+00  3.42285000e-08  9.00553619e-01  3.42285000e-08 -1.14582617e-04 
 3.42295000e-08  1.94999972e+00  3.42295000e-08  9.81583624e-01  3.42295000e-08 -1.55279421e-04 
 3.42305000e-08  1.94999916e+00  3.42305000e-08  1.06070582e+00  3.42305000e-08 -1.78921873e-04 
 3.42315000e-08  1.94999978e+00  3.42315000e-08  1.13793888e+00  3.42315000e-08 -1.96924986e-04 
 3.42325000e-08  1.94999924e+00  3.42325000e-08  1.21345292e+00  3.42325000e-08 -2.15354627e-04 
 3.43465000e-08  1.94999961e+00  3.43465000e-08  1.94993795e+00  3.43465000e-08  8.58982058e-01 
 3.43475000e-08  1.94999983e+00  3.43475000e-08  1.94994400e+00  3.43475000e-08  9.20099599e-01 
 3.43485000e-08  1.94999966e+00  3.43485000e-08  1.94995003e+00  3.43485000e-08  9.79994992e-01 
 3.43495000e-08  1.94999987e+00  3.43495000e-08  1.94995571e+00  3.43495000e-08  1.04013490e+00 
 3.43505000e-08  1.94999969e+00  3.43505000e-08  1.94996248e+00  3.43505000e-08  1.10432568e+00 
 3.43515000e-08  1.94999989e+00  3.43515000e-08  1.94995779e+00  3.43515000e-08  1.17613072e+00 
 3.45315000e-08  1.15190622e+00  3.45315000e-08  1.94999932e+00  3.45315000e-08  1.94999482e+00 
 3.45325000e-08  1.09959223e+00  3.45325000e-08  1.94999939e+00  3.45325000e-08  1.94999263e+00 
 3.45335000e-08  1.04739114e+00  3.45335000e-08  1.94999934e+00  3.45335000e-08  1.94999654e+00 
 3.45345000e-08  9.95211403e-01  3.45345000e-08  1.94999940e+00  3.45345000e-08  1.94999263e+00 
 3.45355000e-08  9.43012073e-01  3.45355000e-08  1.94999935e+00  3.45355000e-08  1.94999503e+00 
 3.45365000e-08  8.90734359e-01  3.45365000e-08  1.94999941e+00  3.45365000e-08  1.94999298e+00 
 3.49265000e-08  1.94662421e-05  3.49265000e-08  1.15387748e+00  3.49265000e-08  1.94993919e+00 
 3.49275000e-08  1.93094645e-05  3.49275000e-08  1.09944632e+00  3.49275000e-08  1.94993504e+00 
 3.49285000e-08  1.92408796e-05  3.49285000e-08  1.04433756e+00  3.49285000e-08  1.94993541e+00 
 3.49295000e-08  1.90827265e-05  3.49295000e-08  9.88604436e-01  3.49295000e-08  1.94994118e+00 
 3.49305000e-08  1.90702365e-05  3.49305000e-08  9.32215025e-01  3.49305000e-08  1.94995397e+00 
 3.49315000e-08  1.90221436e-05  3.49315000e-08  8.75232489e-01  3.49315000e-08  1.94997335e+00 
 3.51175000e-08  9.36833451e-01  3.51175000e-08  8.61416451e-05  3.51175000e-08  1.94996965e+00 
 3.51185000e-08  9.73883981e-01  3.51185000e-08  8.46804098e-05  3.51185000e-08  1.94997097e+00 
 3.51195000e-08  1.01067384e+00  3.51195000e-08  8.18492143e-05  3.51195000e-08  1.94997137e+00 
 3.51205000e-08  1.04712142e+00  3.51205000e-08  8.04844260e-05  3.51205000e-08  1.94997263e+00 
 3.51215000e-08  1.08318727e+00  3.51215000e-08  7.77738986e-05  3.51215000e-08  1.94997298e+00 
 3.51225000e-08  1.11894762e+00  3.51225000e-08  7.65004635e-05  3.51225000e-08  1.94997420e+00 
 3.53495000e-08  1.94999946e+00  3.53495000e-08  8.15879835e-01  3.53495000e-08  1.95008967e+00 
 3.53505000e-08  1.94999880e+00  3.53505000e-08  8.98785701e-01  3.53505000e-08  1.94995701e+00 
 3.53515000e-08  1.94999957e+00  3.53515000e-08  9.79703184e-01  3.53515000e-08  1.94982055e+00 
 3.53525000e-08  1.94999884e+00  3.53525000e-08  1.05851751e+00  3.53525000e-08  1.94966636e+00 
 3.53535000e-08  1.94999950e+00  3.53535000e-08  1.13523482e+00  3.53535000e-08  1.94950738e+00 
 3.53545000e-08  1.94999883e+00  3.53545000e-08  1.21009537e+00  3.53545000e-08  1.94936322e+00 
 3.54835000e-08  1.94999993e+00  3.54835000e-08  1.94999334e+00  3.54835000e-08  1.15398053e+00 
 3.54845000e-08  1.94999963e+00  3.54845000e-08  1.95002621e+00  3.54845000e-08  1.09641246e+00 
 3.54855000e-08  1.94999970e+00  3.54855000e-08  1.95005616e+00  3.54855000e-08  1.03857508e+00 
 3.54865000e-08  1.94999934e+00  3.54865000e-08  1.95007895e+00  3.54865000e-08  9.80377707e-01 
 3.54875000e-08  1.94999948e+00  3.54875000e-08  1.95009584e+00  3.54875000e-08  9.21611148e-01 
 3.54885000e-08  1.94999931e+00  3.54885000e-08  1.95010591e+00  3.54885000e-08  8.62236174e-01 
 3.56535000e-08  1.15426040e+00  3.56535000e-08  1.94999919e+00  3.56535000e-08  1.03334647e-04 
 3.56545000e-08  1.10194176e+00  3.56545000e-08  1.94999935e+00  3.56545000e-08  9.80237536e-05 
 3.56555000e-08  1.04973624e+00  3.56555000e-08  1.94999921e+00  3.56555000e-08  9.69037985e-05 
 3.56565000e-08  9.97556924e-01  3.56565000e-08  1.94999937e+00  3.56565000e-08  9.18487162e-05 
 3.56575000e-08  9.45359262e-01  3.56575000e-08  1.94999923e+00  3.56575000e-08  9.08728423e-05 
 3.56585000e-08  8.93085746e-01  3.56585000e-08  1.94999938e+00  3.56585000e-08  8.60596907e-05 
 3.60485000e-08  1.94748766e-05  3.60485000e-08  1.15628689e+00  3.60485000e-08 -2.81382490e-06 
 3.60495000e-08  1.93200796e-05  3.60495000e-08  1.10188144e+00  3.60495000e-08 -2.04273774e-06 
 3.60505000e-08  1.92550111e-05  3.60505000e-08  1.04680079e+00  3.60505000e-08 -2.05595610e-07 
 3.60515000e-08  1.90883982e-05  3.60515000e-08  9.91093313e-01  3.60515000e-08  1.74817898e-06 
 3.60525000e-08  1.90767875e-05  3.60525000e-08  9.34731518e-01  3.60525000e-08  4.33914352e-06 
 3.60535000e-08  1.90198238e-05  3.60535000e-08  8.77774106e-01  3.60535000e-08  6.98359436e-06 
 3.62395000e-08  9.34803881e-01  3.62395000e-08  9.78439802e-05  3.62395000e-08  2.02676856e-06 
 3.62405000e-08  9.71866235e-01  3.62405000e-08  9.57156196e-05  3.62405000e-08  2.45518265e-06 
 3.62415000e-08  1.00867286e+00  3.62415000e-08  9.29188017e-05  3.62415000e-08  1.90628478e-06 
 3.62425000e-08  1.04514088e+00  3.62425000e-08  9.09105585e-05  3.62425000e-08  2.33179037e-06 
 3.62435000e-08  1.08123203e+00  3.62435000e-08  8.82490608e-05  3.62435000e-08  1.79335097e-06 
 3.62445000e-08  1.11701100e+00  3.62445000e-08  8.63571839e-05  3.62445000e-08  2.21766791e-06 
 3.64715000e-08  1.94999947e+00  3.64715000e-08  8.09345256e-01  3.64715000e-08 -5.81917167e-05 
 3.64725000e-08  1.94999867e+00  3.64725000e-08  8.92374492e-01  3.64725000e-08 -1.09896471e-04 
 3.64735000e-08  1.94999958e+00  3.64735000e-08  9.73593470e-01  3.64735000e-08 -1.51856909e-04 
 3.64745000e-08  1.94999880e+00  3.64745000e-08  1.05290569e+00  3.64745000e-08 -1.77106267e-04 
 3.64755000e-08  1.94999968e+00  3.64755000e-08  1.13032240e+00  3.64755000e-08 -1.95826238e-04 
 3.64765000e-08  1.94999891e+00  3.64765000e-08  1.20599836e+00  3.64765000e-08 -2.12156686e-04 
 3.65905000e-08  1.94999943e+00  3.65905000e-08  1.94993760e+00  3.65905000e-08  8.52767559e-01 
 3.65915000e-08  1.94999975e+00  3.65915000e-08  1.94994334e+00  3.65915000e-08  9.14043678e-01 
 3.65925000e-08  1.94999950e+00  3.65925000e-08  1.94994942e+00  3.65925000e-08  9.74023216e-01 
 3.65935000e-08  1.94999980e+00  3.65935000e-08  1.94995528e+00  3.65935000e-08  1.03399286e+00 
 3.65945000e-08  1.94999955e+00  3.65945000e-08  1.94996172e+00  3.65945000e-08  1.09760833e+00 
 3.65955000e-08  1.94999983e+00  3.65955000e-08  1.94995868e+00  3.65955000e-08  1.16874363e+00 
 3.67755000e-08  1.15691872e+00  3.67755000e-08  1.94999933e+00  3.67755000e-08  1.94999827e+00 
 3.67765000e-08  1.10459499e+00  3.67765000e-08  1.94999939e+00  3.67765000e-08  1.94999726e+00 
 3.67775000e-08  1.05238458e+00  3.67775000e-08  1.94999935e+00  3.67775000e-08  1.94999859e+00 
 3.67785000e-08  1.00020582e+00  3.67785000e-08  1.94999941e+00  3.67785000e-08  1.94999758e+00 
 3.67795000e-08  9.48010110e-01  3.67795000e-08  1.94999936e+00  3.67795000e-08  1.94999875e+00 
 3.67805000e-08  8.95741467e-01  3.67805000e-08  1.94999941e+00  3.67805000e-08  1.94999775e+00 
 3.71705000e-08  1.94851393e-05  3.71705000e-08  1.15897729e+00  3.71705000e-08  1.94993973e+00 
 3.71715000e-08  1.93188967e-05  3.71715000e-08  1.10460531e+00  3.71715000e-08  1.94993525e+00 
 3.71725000e-08  1.92666737e-05  3.71725000e-08  1.04956063e+00  3.71725000e-08  1.94993518e+00 
 3.71735000e-08  1.90862133e-05  3.71735000e-08  9.93885801e-01  3.71735000e-08  1.94994033e+00 
 3.71745000e-08  1.90836398e-05  3.71745000e-08  9.37557821e-01  3.71745000e-08  1.94995251e+00 
 3.71755000e-08  1.90116462e-05  3.71755000e-08  8.80630006e-01  3.71755000e-08  1.94997122e+00 
 3.73615000e-08  9.32720695e-01  3.73615000e-08  8.62294853e-05  3.73615000e-08  1.94996964e+00 
 3.73625000e-08  9.69794887e-01  3.73625000e-08  8.50015484e-05  3.73625000e-08  1.94997083e+00 
 3.73635000e-08  1.00661840e+00  3.73635000e-08  8.19295046e-05  3.73635000e-08  1.94997135e+00 
 3.73645000e-08  1.04310729e+00  3.73645000e-08  8.07930099e-05  3.73645000e-08  1.94997249e+00 
 3.73655000e-08  1.07921248e+00  3.73655000e-08  7.78468578e-05  3.73655000e-08  1.94997297e+00 
 3.73665000e-08  1.11499903e+00  3.73665000e-08  7.67966264e-05  3.73665000e-08  1.94997406e+00 
 3.75935000e-08  1.94999932e+00  3.75935000e-08  8.06542226e-01  3.75935000e-08  1.95010284e+00 
 3.75945000e-08  1.94999842e+00  3.75945000e-08  8.89653991e-01  3.75945000e-08  1.94997094e+00 
 3.75955000e-08  1.94999947e+00  3.75955000e-08  9.70802135e-01  3.75955000e-08  1.94983673e+00 
 3.75965000e-08  1.94999858e+00  3.75965000e-08  1.04985925e+00  3.75965000e-08  1.94968428e+00 
 3.75975000e-08  1.94999960e+00  3.75975000e-08  1.12681382e+00  3.75975000e-08  1.94952469e+00 
 3.75985000e-08  1.94999862e+00  3.75985000e-08  1.20184696e+00  3.75985000e-08  1.94938012e+00 
 3.77275000e-08  1.94999988e+00  3.77275000e-08  1.94998993e+00  3.77275000e-08  1.16054720e+00 
 3.77285000e-08  1.94999954e+00  3.77285000e-08  1.95002255e+00  3.77285000e-08  1.10298920e+00 
 3.77295000e-08  1.94999968e+00  3.77295000e-08  1.95005304e+00  3.77295000e-08  1.04519203e+00 
 3.77305000e-08  1.94999925e+00  3.77305000e-08  1.95007674e+00  3.77305000e-08  9.87041908e-01 
 3.77315000e-08  1.94999945e+00  3.77315000e-08  1.95009421e+00  3.77315000e-08  9.28347115e-01 
 3.77325000e-08  1.94999922e+00  3.77325000e-08  1.95010509e+00  3.77325000e-08  8.69043898e-01 
 3.78975000e-08  1.15952864e+00  3.78975000e-08  1.94999920e+00  3.78975000e-08  1.03591369e-04 
 3.78985000e-08  1.10720060e+00  3.78985000e-08  1.94999942e+00  3.78985000e-08  9.85235316e-05 
 3.78995000e-08  1.05498593e+00  3.78995000e-08  1.94999921e+00  3.78995000e-08  9.71328523e-05 
 3.79005000e-08  1.00280823e+00  3.79005000e-08  1.94999942e+00  3.79005000e-08  9.23280299e-05 
 3.79015000e-08  9.50614919e-01  3.79015000e-08  1.94999922e+00  3.79015000e-08  9.10760002e-05 
 3.79025000e-08  8.98351552e-01  3.79025000e-08  1.94999943e+00  3.79025000e-08  8.65199283e-05 
 3.82925000e-08  1.94956921e-05  3.82925000e-08  1.16162429e+00  3.82925000e-08 -2.77066109e-06 
 3.82935000e-08  1.93153476e-05  3.82935000e-08  1.10728081e+00  3.82935000e-08 -2.25745004e-06 
 3.82945000e-08  1.92773240e-05  3.82945000e-08  1.05226726e+00  3.82945000e-08 -3.12112461e-07 
 3.82955000e-08  1.90814127e-05  3.82955000e-08  9.96620834e-01  3.82955000e-08  1.44898890e-06 
 3.82965000e-08  1.90902342e-05  3.82965000e-08  9.40323391e-01  3.82965000e-08  4.16357683e-06 
 3.82975000e-08  1.90020039e-05  3.82975000e-08  8.83423310e-01  3.82975000e-08  6.65702849e-06 
 3.84835000e-08  9.31366927e-01  3.84835000e-08  9.79864435e-05  3.84835000e-08  1.86092216e-06 
 3.84845000e-08  9.68448389e-01  3.84845000e-08  9.60641644e-05  3.84845000e-08  2.58601412e-06 
 3.84855000e-08  1.00528256e+00  3.84855000e-08  9.30520241e-05  3.84855000e-08  1.78400763e-06 
 3.84865000e-08  1.04178483e+00  3.84865000e-08  9.12445135e-05  3.84865000e-08  2.50891781e-06 
 3.84875000e-08  1.07790306e+00  3.84875000e-08  8.83729459e-05  3.84875000e-08  1.67564544e-06 
 3.84885000e-08  1.11369860e+00  3.84885000e-08  8.66772547e-05  3.84885000e-08  2.38923534e-06 
 3.87155000e-08  1.94999927e+00  3.87155000e-08  8.01298127e-01  3.87155000e-08 -5.32262380e-05 
 3.87165000e-08  1.94999841e+00  3.87165000e-08  8.84489204e-01  3.87165000e-08 -1.05259280e-04 
 3.87175000e-08  1.94999942e+00  3.87175000e-08  9.65889430e-01  3.87175000e-08 -1.48429585e-04 
 3.87185000e-08  1.94999857e+00  3.87185000e-08  1.04538398e+00  3.87185000e-08 -1.75152753e-04 
 3.87195000e-08  1.94999955e+00  3.87195000e-08  1.12297955e+00  3.87195000e-08 -1.94498987e-04 
 3.87205000e-08  1.94999862e+00  3.87205000e-08  1.19879885e+00  3.87205000e-08 -2.09457707e-04 
 3.88345000e-08  1.94999937e+00  3.88345000e-08  1.94993733e+00  3.88345000e-08  8.46833400e-01 
 3.88355000e-08  1.94999971e+00  3.88355000e-08  1.94994274e+00  3.88355000e-08  9.08266437e-01 
 3.88365000e-08  1.94999944e+00  3.88365000e-08  1.94994883e+00  3.88365000e-08  9.68336910e-01 
 3.88375000e-08  1.94999977e+00  3.88375000e-08  1.94995484e+00  3.88375000e-08  1.02818937e+00 
 3.88385000e-08  1.94999950e+00  3.88385000e-08  1.94996090e+00  3.88385000e-08  1.09131173e+00 
 3.88395000e-08  1.94999981e+00  3.88395000e-08  1.94995969e+00  3.88395000e-08  1.16172262e+00 
 3.89925000e-08  2.05287102e+00  3.89925000e-08  1.94999915e+00  3.89925000e-08  1.94999562e+00 
 3.90195000e-08  1.16177566e+00  3.90195000e-08  1.94999933e+00  3.90195000e-08  1.94999804e+00 
 3.90205000e-08  1.10944245e+00  3.90205000e-08  1.94999939e+00  3.90205000e-08  1.94999895e+00 
 3.90215000e-08  1.05722268e+00  3.90215000e-08  1.94999935e+00  3.90215000e-08  1.94999811e+00 
 3.90225000e-08  1.00504458e+00  3.90225000e-08  1.94999940e+00  3.90225000e-08  1.94999901e+00 
 3.90235000e-08  9.52852080e-01  3.90235000e-08  1.94999936e+00  3.90235000e-08  1.94999821e+00 
 3.90245000e-08  9.00592191e-01  3.90245000e-08  1.94999942e+00  3.90245000e-08  1.94999910e+00 
 3.94145000e-08  1.95053013e-05  3.94145000e-08  1.16387923e+00  3.94145000e-08  1.94994024e+00 
 3.94155000e-08  1.93137733e-05  3.94155000e-08  1.10956410e+00  3.94155000e-08  1.94993550e+00 
 3.94165000e-08  1.92882821e-05  3.94165000e-08  1.05458102e+00  3.94165000e-08  1.94993500e+00 
 3.94175000e-08  1.90792448e-05  3.94175000e-08  9.98962281e-01  3.94175000e-08  1.94993958e+00 
 3.94185000e-08  1.90971409e-05  3.94185000e-08  9.42693478e-01  3.94185000e-08  1.94995114e+00 
 3.94195000e-08  1.89944598e-05  3.94195000e-08  8.85818448e-01  3.94195000e-08  1.94996922e+00 
 3.96055000e-08  9.29718529e-01  3.96055000e-08  8.63208113e-05  3.96055000e-08  1.94996963e+00 
 3.96065000e-08  9.66809004e-01  3.96065000e-08  8.53171142e-05  3.96065000e-08  1.94997067e+00 
 3.96075000e-08  1.00365617e+00  3.96075000e-08  8.20130589e-05  3.96075000e-08  1.94997135e+00 
 3.96085000e-08  1.04017481e+00  3.96085000e-08  8.10957545e-05  3.96085000e-08  1.94997234e+00 
 3.96095000e-08  1.07630911e+00  3.96095000e-08  7.79232071e-05  3.96095000e-08  1.94997297e+00 
 3.96105000e-08  1.11211603e+00  3.96105000e-08  7.70869313e-05  3.96105000e-08  1.94997392e+00 
 3.98375000e-08  1.94999970e+00  3.98375000e-08  7.99576148e-01  3.98375000e-08  1.95011216e+00 
 3.98385000e-08  1.94999885e+00  3.98385000e-08  8.82838466e-01  3.98385000e-08  1.94998110e+00 
 3.98395000e-08  1.94999979e+00  3.98395000e-08  9.64157714e-01  3.98395000e-08  1.94984871e+00 
 3.98405000e-08  1.94999895e+00  3.98405000e-08  1.04338799e+00  3.98405000e-08  1.94969767e+00 
 3.98415000e-08  1.94999987e+00  3.98415000e-08  1.12051416e+00  3.98415000e-08  1.94953802e+00 
 3.98425000e-08  1.94999897e+00  3.98425000e-08  1.19569169e+00  3.98425000e-08  1.94939326e+00 
 3.99715000e-08  1.94999990e+00  3.99715000e-08  1.94998757e+00  3.99715000e-08  1.16517443e+00 
 3.99725000e-08  1.94999958e+00  3.99725000e-08  1.95001985e+00  3.99725000e-08  1.10762274e+00 
 3.99735000e-08  1.94999970e+00  3.99735000e-08  1.95005082e+00  3.99735000e-08  1.04985314e+00 
 3.99745000e-08  1.94999930e+00  3.99745000e-08  1.95007504e+00  3.99745000e-08  9.91735798e-01 
 3.99755000e-08  1.94999947e+00  3.99755000e-08  1.95009305e+00  3.99755000e-08  9.33091469e-01 
 3.99765000e-08  1.94999925e+00  3.99765000e-08  1.95010439e+00  3.99765000e-08  8.73839081e-01 
 4.01415000e-08  1.16334729e+00  4.01415000e-08  1.94999920e+00  4.01415000e-08  1.03389536e-04 
 4.01425000e-08  1.11101230e+00  4.01425000e-08  1.94999942e+00  4.01425000e-08  9.92526283e-05 
 4.01435000e-08  1.05879065e+00  4.01435000e-08  1.94999921e+00  4.01435000e-08  9.69200616e-05 
 4.01445000e-08  1.00661382e+00  4.01445000e-08  1.94999942e+00  4.01445000e-08  9.30338951e-05 
 4.01455000e-08  9.54423326e-01  4.01455000e-08  1.94999922e+00  4.01455000e-08  9.08533590e-05 
 4.01465000e-08  9.02167226e-01  4.01465000e-08  1.94999943e+00  4.01465000e-08  8.72038307e-05 
 4.05365000e-08  1.95118887e-05  4.05365000e-08  1.16577485e+00  4.05365000e-08 -2.74432247e-06 
 4.05375000e-08  1.93121431e-05  4.05375000e-08  1.11147962e+00  4.05375000e-08 -2.40970993e-06 
 4.05385000e-08  1.92943126e-05  4.05385000e-08  1.05651828e+00  4.05385000e-08 -4.02228394e-07 
 4.05395000e-08  1.90774595e-05  4.05395000e-08  1.00091944e+00  4.05395000e-08  1.22641149e-06 
 4.05405000e-08  1.91030890e-05  4.05405000e-08  9.44672191e-01  4.05405000e-08  4.01787176e-06 
 4.05415000e-08  1.89928312e-05  4.05415000e-08  8.87816887e-01  4.05415000e-08  6.40219269e-06 
 4.07275000e-08  9.29791421e-01  4.07275000e-08  9.80593271e-05  4.07275000e-08  1.73658756e-06 
 4.07285000e-08  9.66881461e-01  4.07285000e-08  9.63794878e-05  4.07285000e-08  2.71534501e-06 
 4.07295000e-08  1.00372802e+00  4.07295000e-08  9.31169926e-05  4.07295000e-08  1.66374932e-06 
 4.07305000e-08  1.04024592e+00  4.07305000e-08  9.15473290e-05  4.07305000e-08  2.64112812e-06 
 4.07315000e-08  1.07637949e+00  4.07315000e-08  8.84298429e-05  4.07315000e-08  1.52908116e-06 
 4.07325000e-08  1.11218588e+00  4.07325000e-08  8.69684314e-05  4.07325000e-08  2.49297202e-06 
 4.09595000e-08  1.94999931e+00  4.09595000e-08  7.98047229e-01  4.09595000e-08 -5.12840203e-05 
 4.09605000e-08  1.94999848e+00  4.09605000e-08  8.81302839e-01  4.09605000e-08 -1.03331399e-04 
 4.09615000e-08  1.94999946e+00  4.09615000e-08  9.62776030e-01  4.09615000e-08 -1.47030322e-04 
 4.09625000e-08  1.94999864e+00  4.09625000e-08  1.04234407e+00  4.09625000e-08 -1.74316648e-04 
 4.09635000e-08  1.94999958e+00  4.09635000e-08  1.12001225e+00  4.09635000e-08 -1.93987746e-04 
 4.09645000e-08  1.94999868e+00  4.09645000e-08  1.19589541e+00  4.09645000e-08 -2.08528631e-04 
 4.10795000e-08  1.94999989e+00  4.10795000e-08  1.94994250e+00  4.10795000e-08  9.05932118e-01 
 4.10805000e-08  1.94999962e+00  4.10805000e-08  1.94994858e+00  4.10805000e-08  9.66039171e-01 
 4.10815000e-08  1.94999993e+00  4.10815000e-08  1.94995465e+00  4.10815000e-08  1.02585394e+00 
 4.10825000e-08  1.94999965e+00  4.10825000e-08  1.94996053e+00  4.10825000e-08  1.08878934e+00 
 4.10835000e-08  1.94999994e+00  4.10835000e-08  1.94996012e+00  4.10835000e-08  1.15888732e+00 
 4.10845000e-08  1.94999967e+00  4.10845000e-08  1.94995646e+00  4.10845000e-08  1.23223225e+00 
 4.12635000e-08  1.16364517e+00  4.12635000e-08  1.94999934e+00  4.12635000e-08  1.94999639e+00 
 4.12645000e-08  1.11130825e+00  4.12645000e-08  1.94999939e+00  4.12645000e-08  1.94999834e+00 
 4.12655000e-08  1.05908476e+00  4.12655000e-08  1.94999935e+00  4.12655000e-08  1.94999612e+00 
 4.12665000e-08  1.00690679e+00  4.12665000e-08  1.94999940e+00  4.12665000e-08  1.94999737e+00 
 4.12675000e-08  9.54715411e-01  4.12675000e-08  1.94999936e+00  4.12675000e-08  1.94999616e+00 
 4.12685000e-08  9.02458842e-01  4.12685000e-08  1.94999941e+00  4.12685000e-08  1.94999814e+00 
 4.16585000e-08  1.95135054e-05  4.16585000e-08  1.16587092e+00  4.16585000e-08  1.94994046e+00 
 4.16595000e-08  1.93155778e-05  4.16595000e-08  1.11157907e+00  4.16595000e-08  1.94993561e+00 
 4.16605000e-08  1.93007121e-05  4.16605000e-08  1.05662111e+00  4.16605000e-08  1.94993494e+00 
 4.16615000e-08  1.90789472e-05  4.16615000e-08  1.00102534e+00  4.16615000e-08  1.94993929e+00 
 4.16625000e-08  1.91028444e-05  4.16625000e-08  9.44780713e-01  4.16625000e-08  1.94995060e+00 
 4.16635000e-08  1.89884534e-05  4.16635000e-08  8.87927314e-01  4.16635000e-08  1.94996842e+00 
 4.18495000e-08  9.28624937e-01  4.18495000e-08  8.63736449e-05  4.18495000e-08  1.94996963e+00 
 4.18505000e-08  9.65721324e-01  4.18505000e-08  8.54132754e-05  4.18505000e-08  1.94997062e+00 
 4.18515000e-08  1.00257701e+00  4.18515000e-08  8.20626386e-05  4.18515000e-08  1.94997135e+00 
 4.18525000e-08  1.03910646e+00  4.18525000e-08  8.11876231e-05  4.18525000e-08  1.94997229e+00 
 4.18535000e-08  1.07525147e+00  4.18535000e-08  7.79697476e-05  4.18535000e-08  1.94997297e+00 
 4.18545000e-08  1.11107090e+00  4.18545000e-08  7.71745395e-05  4.18545000e-08  1.94997387e+00 
 4.20000000e-08  1.94995642e+00  4.20000000e-08 -4.19711679e-05  4.20000000e-08  1.94999942e+00 
