 time            v(b_out)        time            v(u_puf_u_core_sel_ro) time            v(q)           
 0.00000000e+00  4.68653885e-09  0.00000000e+00  2.46749735e-09  0.00000000e+00  2.46749746e-09 
 2.57750000e-09  9.09980412e-01  2.57750000e-09  2.96428873e-09  2.57750000e-09  2.46768855e-09 
 2.57850000e-09  9.51168038e-01  2.57850000e-09  2.96597899e-09  2.57850000e-09  2.46768966e-09 
 2.57950000e-09  9.91831133e-01  2.57950000e-09  2.96758829e-09  2.57950000e-09  2.46768650e-09 
 2.58050000e-09  1.03200961e+00  2.58050000e-09  2.96849270e-09  2.58050000e-09  2.46768533e-09 
 2.58150000e-09  1.07176927e+00  2.58150000e-09  2.96838015e-09  2.58150000e-09  2.46768173e-09 
 2.58250000e-09  1.11120898e+00  2.58250000e-09  2.96684627e-09  2.58250000e-09  2.46768006e-09 
 2.84850000e-09  1.94995258e+00  2.84850000e-09  8.52743272e-01  2.84850000e-09 -8.51041688e-05 
 2.84950000e-09  1.94995309e+00  2.84950000e-09  9.34854049e-01  2.84950000e-09 -1.31405927e-04 
 2.85050000e-09  1.94995311e+00  2.85050000e-09  1.01507903e+00  2.85050000e-09 -1.65500058e-04 
 2.85150000e-09  1.94995361e+00  2.85150000e-09  1.09339420e+00  2.85150000e-09 -1.85454339e-04 
 2.85250000e-09  1.94995362e+00  2.85250000e-09  1.16986757e+00  2.85250000e-09 -2.00648315e-04 
 2.85350000e-09  1.94995411e+00  2.85350000e-09  1.24469461e+00  2.85350000e-09 -2.26290576e-04 
 2.96750000e-09  1.94997168e+00  2.96750000e-09  1.94993407e+00  2.96750000e-09  8.73196842e-01 
 2.96850000e-09  1.94997158e+00  2.96850000e-09  1.94994147e+00  2.96850000e-09  9.33886342e-01 
 2.96950000e-09  1.94997160e+00  2.96950000e-09  1.94994741e+00  2.96950000e-09  9.93536256e-01 
 2.97050000e-09  1.94997140e+00  2.97050000e-09  1.94995351e+00  2.97050000e-09  1.05417691e+00 
 2.97150000e-09  1.94997145e+00  2.97150000e-09  1.94996079e+00  2.97150000e-09  1.11973621e+00 
 2.97250000e-09  1.94997143e+00  2.97250000e-09  1.94995450e+00  2.97250000e-09  1.19251019e+00 
 3.11450000e-09  1.13457542e+00  3.11450000e-09  1.94999901e+00  3.11450000e-09  1.94998908e+00 
 3.11550000e-09  1.08260620e+00  3.11550000e-09  1.94999890e+00  3.11550000e-09  1.94997950e+00 
 3.11650000e-09  1.03091976e+00  3.11650000e-09  1.94999906e+00  3.11650000e-09  1.94999279e+00 
 3.11750000e-09  9.79411049e-01  3.11750000e-09  1.94999895e+00  3.11750000e-09  1.94998275e+00 
 3.11850000e-09  9.28056618e-01  3.11850000e-09  1.94999909e+00  3.11850000e-09  1.94999519e+00 
 3.11950000e-09  8.76785188e-01  3.11950000e-09  1.94999897e+00  3.11950000e-09  1.94998507e+00 
 3.55250000e-09 -9.64384536e-07  3.55250000e-09  1.17900650e+00  3.55250000e-09  1.94994184e+00 
 3.55350000e-09 -1.19955952e-06  3.55350000e-09  1.12486794e+00  3.55350000e-09  1.94993656e+00 
 3.55450000e-09 -1.95345942e-06  3.55450000e-09  1.07007552e+00  3.55450000e-09  1.94993462e+00 
 3.55550000e-09 -2.81512454e-06  3.55550000e-09  1.01463112e+00  3.55550000e-09  1.94993769e+00 
 3.55650000e-09 -3.61727773e-06  3.55650000e-09  9.58546312e-01  3.55650000e-09  1.94994719e+00 
 3.55750000e-09 -3.61611544e-06  3.55750000e-09  9.01836098e-01  3.55750000e-09  1.94996348e+00 
 3.69950000e-09  9.08127678e-01  3.69950000e-09  2.66842680e-04  3.69950000e-09  1.94988705e+00 
 3.70050000e-09  9.49339491e-01  3.70050000e-09  2.61620401e-04  3.70050000e-09  1.94988922e+00 
 3.70150000e-09  9.90025221e-01  3.70150000e-09  2.53833232e-04  3.70150000e-09  1.94989371e+00 
 3.70250000e-09  1.03022424e+00  3.70250000e-09  2.48890072e-04  3.70250000e-09  1.94989572e+00 
 3.70350000e-09  1.07000081e+00  3.70350000e-09  2.41445652e-04  3.70350000e-09  1.94990001e+00 
 3.70450000e-09  1.10945234e+00  3.70450000e-09  2.36760084e-04  3.70450000e-09  1.94990184e+00 
 3.96950000e-09  1.94995251e+00  3.96950000e-09  8.27319634e-01  3.96950000e-09  1.95007275e+00 
 3.97050000e-09  1.94995260e+00  3.97050000e-09  9.09968419e-01  3.97050000e-09  1.94993940e+00 
 3.97150000e-09  1.94995304e+00  3.97150000e-09  9.90601721e-01  3.97150000e-09  1.94980049e+00 
 3.97250000e-09  1.94995312e+00  3.97250000e-09  1.06912961e+00  3.97250000e-09  1.94964411e+00 
 3.97350000e-09  1.94995355e+00  3.97350000e-09  1.14558219e+00  3.97350000e-09  1.94948616e+00 
 3.97450000e-09  1.94995363e+00  3.97450000e-09  1.22022784e+00  3.97450000e-09  1.94934122e+00 
 4.10350000e-09  1.94997993e+00  4.10350000e-09  1.94999775e+00  4.10350000e-09  1.14603093e+00 
 4.10450000e-09  1.94998321e+00  4.10450000e-09  1.95003066e+00  4.10450000e-09  1.08844182e+00 
 4.10550000e-09  1.94998469e+00  4.10550000e-09  1.95005990e+00  4.10550000e-09  1.03055711e+00 
 4.10650000e-09  1.94998453e+00  4.10650000e-09  1.95008141e+00  4.10650000e-09  9.72294704e-01 
 4.10750000e-09  1.94998327e+00  4.10750000e-09  1.95009761e+00  4.10750000e-09  9.13443362e-01 
 4.10850000e-09  1.94998116e+00  4.10850000e-09  1.95010670e+00  4.10850000e-09  8.53975817e-01 
 4.23650000e-09  1.13652107e+00  4.23650000e-09  1.94999912e+00  4.23650000e-09  3.32547280e-04 
 4.23750000e-09  1.08453998e+00  4.23750000e-09  1.94999903e+00  4.23750000e-09  3.27215354e-04 
 4.23850000e-09  1.03284563e+00  4.23850000e-09  1.94999912e+00  4.23850000e-09  3.11810088e-04 
 4.23950000e-09  9.81330203e-01  4.23950000e-09  1.94999903e+00  4.23950000e-09  3.07034797e-04 
 4.24050000e-09  9.29972101e-01  4.24050000e-09  1.94999912e+00  4.24050000e-09  2.92343916e-04 
 4.24150000e-09  8.78696983e-01  4.24150000e-09  1.94999904e+00  4.24150000e-09  2.88088057e-04 
 4.67450000e-09 -9.59532580e-07  4.67450000e-09  1.18114512e+00  4.67450000e-09 -3.16868681e-06 
 4.67550000e-09 -1.17676819e-06  4.67550000e-09  1.12702955e+00  4.67550000e-09 -2.38656464e-06 
 4.67650000e-09 -1.91307281e-06  4.67650000e-09  1.07226194e+00  4.67650000e-09 -1.24774286e-06 
 4.67750000e-09 -2.77750123e-06  4.67750000e-09  1.01684042e+00  4.67750000e-09  1.00221606e-06 
 4.67850000e-09 -3.59433751e-06  4.67850000e-09  9.60780172e-01  4.67850000e-09  3.16167236e-06 
 4.67950000e-09 -3.63154324e-06  4.67950000e-09  9.04092558e-01  4.67950000e-09  5.90950671e-06 
 4.82150000e-09  9.06596809e-01  4.82150000e-09  3.18285487e-04  4.82150000e-09  8.19693433e-06 
 4.82250000e-09  9.47828597e-01  4.82250000e-09  3.11116055e-04  4.82250000e-09  8.91498667e-06 
 4.82350000e-09  9.88533061e-01  4.82350000e-09  3.01157848e-04  4.82350000e-09  7.61486485e-06 
 4.82450000e-09  1.02874911e+00  4.82450000e-09  2.94462078e-04  4.82450000e-09  8.35375256e-06 
 4.82550000e-09  1.06853977e+00  4.82550000e-09  2.85030550e-04  4.82550000e-09  7.08095753e-06 
 4.82650000e-09  1.10800124e+00  4.82650000e-09  2.78776172e-04  4.82650000e-09  7.83826013e-06 
 5.09150000e-09  1.94995248e+00  5.09150000e-09  8.22213524e-01  5.09150000e-09 -6.65391124e-05 
 5.09250000e-09  1.94995261e+00  5.09250000e-09  9.04978292e-01  5.09250000e-09 -1.16899657e-04 
 5.09350000e-09  1.94995301e+00  5.09350000e-09  9.85905402e-01  5.09350000e-09 -1.57227861e-04 
 5.09450000e-09  1.94995313e+00  5.09450000e-09  1.06492480e+00  5.09450000e-09 -1.79680949e-04 
 5.09550000e-09  1.94995353e+00  5.09550000e-09  1.14205910e+00  5.09550000e-09 -1.97600207e-04 
 5.09650000e-09  1.94995365e+00  5.09650000e-09  1.21748616e+00  5.09650000e-09 -2.17075682e-04 
 5.21050000e-09  1.94997153e+00  5.21050000e-09  1.94993824e+00  5.21050000e-09  8.62438601e-01 
 5.21150000e-09  1.94997166e+00  5.21150000e-09  1.94994434e+00  5.21150000e-09  9.23470485e-01 
 5.21250000e-09  1.94997160e+00  5.21250000e-09  1.94995040e+00  5.21250000e-09  9.83325970e-01 
 5.21350000e-09  1.94997159e+00  5.21350000e-09  1.94995590e+00  5.21350000e-09  1.04358494e+00 
 5.21450000e-09  1.94997143e+00  5.21450000e-09  1.94996287e+00  5.21450000e-09  1.10812192e+00 
 5.21550000e-09  1.94997143e+00  5.21550000e-09  1.94995736e+00  5.21550000e-09  1.18025391e+00 
 5.35850000e-09  1.13812141e+00  5.35850000e-09  1.94999903e+00  5.35850000e-09  1.94998202e+00 
 5.35950000e-09  1.08613050e+00  5.35950000e-09  1.94999893e+00  5.35950000e-09  1.94999056e+00 
 5.36050000e-09  1.03442955e+00  5.36050000e-09  1.94999906e+00  5.36050000e-09  1.94998503e+00 
 5.36150000e-09  9.82908458e-01  5.36150000e-09  1.94999896e+00  5.36150000e-09  1.94999288e+00 
 5.36250000e-09  9.31547196e-01  5.36250000e-09  1.94999908e+00  5.36250000e-09  1.94998407e+00 
 5.36350000e-09  8.80268913e-01  5.36350000e-09  1.94999900e+00  5.36350000e-09  1.94998896e+00 
 5.79650000e-09 -9.51043277e-07  5.79650000e-09  1.18310342e+00  5.79650000e-09  1.94994236e+00 
 5.79750000e-09 -1.15856110e-06  5.79750000e-09  1.12901302e+00  5.79750000e-09  1.94993682e+00 
 5.79850000e-09 -1.88376159e-06  5.79850000e-09  1.07427233e+00  5.79850000e-09  1.94993467e+00 
 5.79950000e-09 -2.74889599e-06  5.79950000e-09  1.01887552e+00  5.79950000e-09  1.94993719e+00 
 5.80050000e-09 -3.57784907e-06  5.80050000e-09  9.62840843e-01  5.80050000e-09  1.94994629e+00 
 5.80150000e-09 -3.64863444e-06  5.80150000e-09  9.06175836e-01  5.80150000e-09  1.94996193e+00 
 5.94350000e-09  9.05210937e-01  5.94350000e-09  2.67487669e-04  5.94350000e-09  1.94988667e+00 
 5.94450000e-09  9.46460829e-01  5.94450000e-09  2.61979217e-04  5.94450000e-09  1.94988909e+00 
 5.94550000e-09  9.87182322e-01  5.94550000e-09  2.54450108e-04  5.94550000e-09  1.94989335e+00 
 5.94650000e-09  1.02741386e+00  5.94650000e-09  2.49228582e-04  5.94650000e-09  1.94989560e+00 
 5.94750000e-09  1.06721740e+00  5.94750000e-09  2.42036467e-04  5.94750000e-09  1.94989966e+00 
 5.94850000e-09  1.10668801e+00  5.94850000e-09  2.37079824e-04  5.94850000e-09  1.94990174e+00 
 6.21350000e-09  1.94995245e+00  6.21350000e-09  8.21417773e-01  6.21350000e-09  1.95008163e+00 
 6.21450000e-09  1.94995261e+00  6.21450000e-09  9.04199053e-01  6.21450000e-09  1.94994852e+00 
 6.21550000e-09  1.94995299e+00  6.21550000e-09  9.84978618e-01  6.21550000e-09  1.94981091e+00 
 6.21650000e-09  1.94995314e+00  6.21650000e-09  1.06365413e+00  6.21650000e-09  1.94965546e+00 
 6.21750000e-09  1.94995351e+00  6.21750000e-09  1.14023721e+00  6.21750000e-09  1.94949682e+00 
 6.21850000e-09  1.94995367e+00  6.21850000e-09  1.21498747e+00  6.21850000e-09  1.94935250e+00 
 6.34750000e-09  1.94997969e+00  6.34750000e-09  1.94999567e+00  6.34750000e-09  1.14990230e+00 
 6.34850000e-09  1.94998308e+00  6.34850000e-09  1.95002850e+00  6.34850000e-09  1.09232697e+00 
 6.34950000e-09  1.94998464e+00  6.34950000e-09  1.95005796e+00  6.34950000e-09  1.03446446e+00 
 6.35050000e-09  1.94998458e+00  6.35050000e-09  1.95008012e+00  6.35050000e-09  9.76237492e-01 
 6.35150000e-09  1.94998336e+00  6.35150000e-09  1.95009661e+00  6.35150000e-09  9.17427267e-01 
 6.35250000e-09  1.94998131e+00  6.35250000e-09  1.95010628e+00  6.35250000e-09  8.58008532e-01 
 6.48050000e-09  1.13957651e+00  6.48050000e-09  1.94999916e+00  6.48050000e-09  3.33922618e-04 
 6.48150000e-09  1.08757678e+00  6.48150000e-09  1.94999899e+00  6.48150000e-09  3.27269660e-04 
 6.48250000e-09  1.03586994e+00  6.48250000e-09  1.94999916e+00  6.48250000e-09  3.13135990e-04 
 6.48350000e-09  9.84343812e-01  6.48350000e-09  1.94999900e+00  6.48350000e-09  3.07048671e-04 
 6.48450000e-09  9.32979822e-01  6.48450000e-09  1.94999916e+00  6.48450000e-09  2.93623150e-04 
 6.48550000e-09  8.81698808e-01  6.48550000e-09  1.94999899e+00  6.48550000e-09  2.88063988e-04 
 6.91850000e-09 -9.49184809e-07  6.91850000e-09  1.18454388e+00  6.91850000e-09 -3.08684259e-06 
 6.91950000e-09 -1.16011107e-06  6.91950000e-09  1.13046822e+00  6.91950000e-09 -2.54369390e-06 
 6.92050000e-09 -1.88460165e-06  6.92050000e-09  1.07574352e+00  6.92050000e-09 -1.25942812e-06 
 6.92150000e-09 -2.74714663e-06  6.92150000e-09  1.02036137e+00  6.92150000e-09  6.84010226e-07 
 6.92250000e-09 -3.57639796e-06  6.92250000e-09  9.64342676e-01  6.92250000e-09  2.95556138e-06 
 6.92350000e-09 -3.65522710e-06  6.92350000e-09  9.07692474e-01  6.92350000e-09  5.61530494e-06 
 7.06550000e-09  9.04863813e-01  7.06550000e-09  3.18943521e-04  7.06550000e-09  8.27224045e-06 
 7.06650000e-09  9.46118219e-01  7.06650000e-09  3.11579615e-04  7.06650000e-09  8.87828237e-06 
 7.06750000e-09  9.86843964e-01  7.06750000e-09  3.01780658e-04  7.06750000e-09  7.68736596e-06 
 7.06850000e-09  1.02707940e+00  7.06850000e-09  2.94895292e-04  7.06850000e-09  8.31667446e-06 
 7.06950000e-09  1.06688616e+00  7.06950000e-09  2.85620388e-04  7.06950000e-09  7.15085442e-06 
 7.07050000e-09  1.10635909e+00  7.07050000e-09  2.79181099e-04  7.07050000e-09  7.80091677e-06 
 7.33550000e-09  1.94995245e+00  7.33550000e-09  8.18722970e-01  7.33550000e-09 -6.42670685e-05 
 7.33650000e-09  1.94995262e+00  7.33650000e-09  9.01558884e-01  7.33650000e-09 -1.15011071e-04 
 7.33750000e-09  1.94995298e+00  7.33750000e-09  9.82564541e-01  7.33750000e-09 -1.55816862e-04 
 7.33850000e-09  1.94995314e+00  7.33850000e-09  1.06166298e+00  7.33850000e-09 -1.78990059e-04 
 7.33950000e-09  1.94995350e+00  7.33950000e-09  1.13887315e+00  7.33950000e-09 -1.97169592e-04 
 7.34050000e-09  1.94995365e+00  7.34050000e-09  1.21436743e+00  7.34050000e-09 -2.15646637e-04 
 7.45450000e-09  1.94997154e+00  7.45450000e-09  1.94993804e+00  7.45450000e-09  8.59794119e-01 
 7.45550000e-09  1.94997165e+00  7.45550000e-09  1.94994407e+00  7.45550000e-09  9.20893007e-01 
 7.45650000e-09  1.94997161e+00  7.45650000e-09  1.94995015e+00  7.45650000e-09  9.80780347e-01 
 7.45750000e-09  1.94997158e+00  7.45750000e-09  1.94995575e+00  7.45750000e-09  1.04094755e+00 
 7.45850000e-09  1.94997144e+00  7.45850000e-09  1.94996260e+00  7.45850000e-09  1.10521915e+00 
 7.45950000e-09  1.94997142e+00  7.45950000e-09  1.94995768e+00  7.45950000e-09  1.17710517e+00 
 7.60250000e-09  1.13975315e+00  7.60250000e-09  1.94999903e+00  7.60250000e-09  1.94998538e+00 
 7.60350000e-09  1.08775212e+00  7.60350000e-09  1.94999893e+00  7.60350000e-09  1.94999214e+00 
 7.60450000e-09  1.03604435e+00  7.60450000e-09  1.94999905e+00  7.60450000e-09  1.94998746e+00 
 7.60550000e-09  9.84517425e-01  7.60550000e-09  1.94999896e+00  7.60550000e-09  1.94999376e+00 
 7.60650000e-09  9.33152935e-01  7.60650000e-09  1.94999908e+00  7.60650000e-09  1.94998639e+00 
 7.60750000e-09  8.81871435e-01  7.60750000e-09  1.94999900e+00  7.60750000e-09  1.94999024e+00 
 8.04050000e-09 -9.54388494e-07  8.04050000e-09  1.18461223e+00  8.04050000e-09  1.94994256e+00 
 8.04150000e-09 -1.14527841e-06  8.04150000e-09  1.13053957e+00  8.04150000e-09  1.94993692e+00 
 8.04250000e-09 -1.85093851e-06  8.04250000e-09  1.07581796e+00  8.04250000e-09  1.94993469e+00 
 8.04350000e-09 -2.71427488e-06  8.04350000e-09  1.02043867e+00  8.04350000e-09  1.94993702e+00 
 8.04450000e-09 -3.55351849e-06  8.04450000e-09  9.64422498e-01  8.04450000e-09  1.94994596e+00 
 8.04550000e-09 -3.66327768e-06  8.04550000e-09  9.07774164e-01  8.04550000e-09  1.94996137e+00 
 8.18850000e-09  9.44995266e-01  8.18850000e-09  2.62112216e-04  8.18850000e-09  1.94988902e+00 
 8.18950000e-09  9.85735058e-01  8.18950000e-09  2.54683477e-04  8.18950000e-09  1.94989323e+00 
 8.19050000e-09  1.02598329e+00  8.19050000e-09  2.49354015e-04  8.19050000e-09  1.94989553e+00 
 8.19150000e-09  1.06580073e+00  8.19150000e-09  2.42260201e-04  8.19150000e-09  1.94989954e+00 
 8.19250000e-09  1.10528129e+00  8.19250000e-09  2.37198275e-04  8.19250000e-09  1.94990168e+00 
 8.19350000e-09  1.14455241e+00  8.19350000e-09  2.30418134e-04  8.19350000e-09  1.94990549e+00 
 8.45750000e-09  1.94995243e+00  8.45750000e-09  8.18531179e-01  8.45750000e-09  1.95008590e+00 
 8.45850000e-09  1.94995262e+00  8.45850000e-09  9.01375530e-01  8.45850000e-09  1.94995292e+00 
 8.45950000e-09  1.94995296e+00  8.45950000e-09  9.82225765e-01  8.45950000e-09  1.94981594e+00 
 8.46050000e-09  1.94995314e+00  8.46050000e-09  1.06097284e+00  8.46050000e-09  1.94966106e+00 
 8.46150000e-09  1.94995348e+00  8.46150000e-09  1.13762535e+00  8.46150000e-09  1.94950232e+00 
 8.46250000e-09  1.94995367e+00  8.46250000e-09  1.21243268e+00  8.46250000e-09  1.94935813e+00 
 8.59150000e-09  1.94997955e+00  8.59150000e-09  1.94999432e+00  8.59150000e-09  1.15217467e+00 
 8.59250000e-09  1.94998300e+00  8.59250000e-09  1.95002731e+00  8.59250000e-09  1.09460209e+00 
 8.59350000e-09  1.94998462e+00  8.59350000e-09  1.95005708e+00  8.59350000e-09  1.03675173e+00 
 8.59450000e-09  1.94998462e+00  8.59450000e-09  1.95007957e+00  8.59450000e-09  9.78538992e-01 
 8.59550000e-09  1.94998341e+00  8.59550000e-09  1.95009624e+00  8.59550000e-09  9.19750416e-01 
 8.59650000e-09  1.94998140e+00  8.59650000e-09  1.95010615e+00  8.59650000e-09  8.60353147e-01 
 8.72450000e-09  1.14164152e+00  8.72450000e-09  1.94999918e+00  8.72450000e-09  3.34501936e-04 
 8.72550000e-09  1.08962969e+00  8.72550000e-09  1.94999899e+00  8.72550000e-09  3.27488845e-04 
 8.72650000e-09  1.03791396e+00  8.72650000e-09  1.94999918e+00  8.72650000e-09  3.13693042e-04 
 8.72750000e-09  9.86381090e-01  8.72750000e-09  1.94999899e+00  8.72750000e-09  3.07247522e-04 
 8.72850000e-09  9.35012829e-01  8.72850000e-09  1.94999917e+00  8.72850000e-09  2.94158756e-04 
 8.72950000e-09  8.83728374e-01  8.72950000e-09  1.94999899e+00  8.72950000e-09  2.88243642e-04 
 9.16250000e-09 -9.53090627e-07  9.16250000e-09  1.18642696e+00  9.16250000e-09 -3.05413697e-06 
 9.16350000e-09 -1.13209937e-06  9.16350000e-09  1.13237341e+00  9.16350000e-09 -2.61424434e-06 
 9.16450000e-09 -1.82102124e-06  9.16450000e-09  1.07767249e+00  9.16450000e-09 -1.27803566e-06 
 9.16550000e-09 -2.68420798e-06  9.16550000e-09  1.02231218e+00  9.16550000e-09  5.81281603e-07 
 9.16650000e-09 -3.53206668e-06  9.16650000e-09  9.66316576e-01  9.16650000e-09  2.90689672e-06 
 9.16750000e-09 -3.67748759e-06  9.16750000e-09  9.09687163e-01  9.16750000e-09  5.48524595e-06 
 9.31050000e-09  9.43460003e-01  9.31050000e-09  3.11824506e-04  9.31050000e-09  8.85512670e-06 
 9.31150000e-09  9.84219009e-01  9.31150000e-09  3.02110558e-04  9.31150000e-09  7.73000674e-06 
 9.31250000e-09  1.02448480e+00  9.31250000e-09  2.95124044e-04  9.31250000e-09  8.29330730e-06 
 9.31350000e-09  1.06431692e+00  9.31350000e-09  2.85932719e-04  9.31350000e-09  7.19208998e-06 
 9.31450000e-09  1.10380807e+00  9.31450000e-09  2.79394808e-04  9.31450000e-09  7.77739151e-06 
 9.31550000e-09  1.14308449e+00  9.31550000e-09  2.70693110e-04  9.31550000e-09  6.69848778e-06 
 9.57950000e-09  1.94995240e+00  9.57950000e-09  8.13378181e-01  9.57950000e-09 -6.08257489e-05 
 9.58050000e-09  1.94995264e+00  9.58050000e-09  8.96321749e-01  9.58050000e-09 -1.12066204e-04 
 9.58150000e-09  1.94995294e+00  9.58150000e-09  9.77447050e-01  9.58150000e-09 -1.53613111e-04 
 9.58250000e-09  1.94995316e+00  9.58250000e-09  1.05666628e+00  9.58250000e-09 -1.77902424e-04 
 9.58350000e-09  1.94995346e+00  9.58350000e-09  1.13399300e+00  9.58350000e-09 -1.96517020e-04 
 9.58450000e-09  1.94995367e+00  9.58450000e-09  1.20959045e+00  9.58450000e-09 -2.13470918e-04 
 9.69850000e-09  1.94997154e+00  9.69850000e-09  1.94993778e+00  9.69850000e-09  8.55736912e-01 
 9.69950000e-09  1.94997163e+00  9.69950000e-09  1.94994365e+00  9.69950000e-09  9.16939417e-01 
 9.70050000e-09  1.94997162e+00  9.70050000e-09  1.94994975e+00  9.70050000e-09  9.76879730e-01 
 9.70150000e-09  1.94997158e+00  9.70150000e-09  1.94995548e+00  9.70150000e-09  1.03692601e+00 
 9.70250000e-09  1.94997146e+00  9.70250000e-09  1.94996213e+00  9.70250000e-09  1.10081070e+00 
 9.70350000e-09  1.94997141e+00  9.70350000e-09  1.94995823e+00  9.70350000e-09  1.17228057e+00 
 9.84650000e-09  1.14370280e+00  9.84650000e-09  1.94999903e+00  9.84650000e-09  1.94999017e+00 
 9.84750000e-09  1.09167892e+00  9.84750000e-09  1.94999894e+00  9.84750000e-09  1.94999421e+00 
 9.84850000e-09  1.03995192e+00  9.84850000e-09  1.94999906e+00  9.84850000e-09  1.94999100e+00 
 9.84950000e-09  9.88412404e-01  9.84950000e-09  1.94999897e+00  9.84950000e-09  1.94999486e+00 
 9.85050000e-09  9.37037819e-01  9.85050000e-09  1.94999908e+00  9.85050000e-09  1.94999169e+00 
 9.85150000e-09  8.85750044e-01  9.85150000e-09  1.94999900e+00  9.85150000e-09  1.94999544e+00 
 1.02845000e-08 -9.50588733e-07  1.02845000e-08  1.18857261e+00  1.02845000e-08  1.94994304e+00 
 1.02855000e-08 -1.11565849e-06  1.02855000e-08  1.13454654e+00  1.02855000e-08  1.94993722e+00 
 1.02865000e-08 -1.78411186e-06  1.02865000e-08  1.07987496e+00  1.02865000e-08  1.94993474e+00 
 1.02875000e-08 -2.64677221e-06  1.02875000e-08  1.02454168e+00  1.02875000e-08  1.94993661e+00 
 1.02885000e-08 -3.50425847e-06  1.02885000e-08  9.68574090e-01  1.02885000e-08  1.94994510e+00 
 1.02895000e-08 -3.69237944e-06  1.02895000e-08  9.11969590e-01  1.02895000e-08  1.94995997e+00 
 1.04325000e-08  9.41682486e-01  1.04325000e-08  2.62446570e-04  1.04325000e-08  1.94988883e+00 
 1.04335000e-08  9.82463458e-01  1.04335000e-08  2.55287662e-04  1.04335000e-08  1.94989294e+00 
 1.04345000e-08  1.02274997e+00  1.04345000e-08  2.49668932e-04  1.04345000e-08  1.94989535e+00 
 1.04355000e-08  1.06259890e+00  1.04355000e-08  2.42839028e-04  1.04355000e-08  1.94989927e+00 
 1.04365000e-08  1.10210282e+00  1.04365000e-08  2.37495242e-04  1.04365000e-08  1.94990151e+00 
 1.04375000e-08  1.14138528e+00  1.04375000e-08  2.30973091e-04  1.04375000e-08  1.94990523e+00 
 1.07015000e-08  1.94995237e+00  1.07015000e-08  8.11679177e-01  1.07015000e-08  1.95009576e+00 
 1.07025000e-08  1.94995265e+00  1.07025000e-08  8.94672977e-01  1.07025000e-08  1.94996323e+00 
 1.07035000e-08  1.94995290e+00  1.07035000e-08  9.75691122e-01  1.07035000e-08  1.94982784e+00 
 1.07045000e-08  1.94995317e+00  1.07045000e-08  1.05460832e+00  1.07045000e-08  1.94967434e+00 
 1.07055000e-08  1.94995342e+00  1.07055000e-08  1.13142667e+00  1.07055000e-08  1.94951490e+00 
 1.07065000e-08  1.94995368e+00  1.07065000e-08  1.20637094e+00  1.07065000e-08  1.94936973e+00 
 1.08355000e-08  1.94997935e+00  1.08355000e-08  1.94999187e+00  1.08355000e-08  1.15687555e+00 
 1.08365000e-08  1.94998274e+00  1.08365000e-08  1.95002468e+00  1.08365000e-08  1.09931117e+00 
 1.08375000e-08  1.94998453e+00  1.08375000e-08  1.95005482e+00  1.08375000e-08  1.04149073e+00 
 1.08385000e-08  1.94998468e+00  1.08385000e-08  1.95007797e+00  1.08385000e-08  9.83312972e-01 
 1.08395000e-08  1.94998354e+00  1.08395000e-08  1.95009503e+00  1.08395000e-08  9.24576859e-01 
 1.08405000e-08  1.94998162e+00  1.08405000e-08  1.95010553e+00  1.08405000e-08  8.65232032e-01 
 1.09685000e-08  1.14638703e+00  1.09685000e-08  1.94999915e+00  1.09685000e-08  3.35489828e-04 
 1.09695000e-08  1.09434884e+00  1.09695000e-08  1.94999892e+00  1.09695000e-08  3.28172052e-04 
 1.09705000e-08  1.04260834e+00  1.09705000e-08  1.94999916e+00  1.09705000e-08  3.14637068e-04 
 1.09715000e-08  9.91061142e-01  1.09715000e-08  1.94999892e+00  1.09715000e-08  3.07878665e-04 
 1.09725000e-08  9.39679267e-01  1.09725000e-08  1.94999916e+00  1.09725000e-08  2.95060906e-04 
 1.09735000e-08  8.88388074e-01  1.09735000e-08  1.94999893e+00  1.09735000e-08  2.88825301e-04 
 1.14075000e-08 -1.10735814e-06  1.14075000e-08  1.13733557e+00  1.14075000e-08 -2.76185618e-06 
 1.14085000e-08 -1.76020453e-06  1.14085000e-08  1.08269664e+00  1.14085000e-08 -1.35265134e-06 
 1.14095000e-08 -2.62141496e-06  1.14095000e-08  1.02739335e+00  1.14095000e-08  3.30353957e-07 
 1.14105000e-08 -3.48385473e-06  1.14105000e-08  9.71457941e-01  1.14105000e-08  2.73821035e-06 
 1.14115000e-08 -3.70739908e-06  1.14115000e-08  9.14882874e-01  1.14115000e-08  5.16889102e-06 
 1.14125000e-08 -2.90563403e-06  1.14125000e-08  8.57713091e-01  1.14125000e-08  8.09478031e-06 
 1.15545000e-08  9.40191599e-01  1.15545000e-08  3.12455179e-04  1.15545000e-08  8.76270513e-06 
 1.15555000e-08  9.80991028e-01  1.15555000e-08  3.03020920e-04  1.15555000e-08  7.87385216e-06 
 1.15565000e-08  1.02129502e+00  1.15565000e-08  2.95712308e-04  1.15565000e-08  8.20038698e-06 
 1.15575000e-08  1.06115815e+00  1.15575000e-08  2.86795727e-04  1.15575000e-08  7.33214503e-06 
 1.15585000e-08  1.10067297e+00  1.15585000e-08  2.79943550e-04  1.15585000e-08  7.68413237e-06 
 1.15595000e-08  1.13996068e+00  1.15595000e-08  2.71511711e-04  1.15595000e-08  6.83496718e-06 
 1.18235000e-08  1.94995234e+00  1.18235000e-08  8.06741292e-01  1.18235000e-08 -5.66071998e-05 
 1.18245000e-08  1.94995266e+00  1.18245000e-08  8.89819835e-01  1.18245000e-08 -1.08357286e-04 
 1.18255000e-08  1.94995287e+00  1.18255000e-08  9.71095136e-01  1.18255000e-08 -1.50791650e-04 
 1.18265000e-08  1.94995318e+00  1.18265000e-08  1.05046511e+00  1.18265000e-08 -1.76422377e-04 
 1.18275000e-08  1.94995339e+00  1.18275000e-08  1.12793861e+00  1.18275000e-08 -1.95425839e-04 
 1.18285000e-08  1.94995370e+00  1.18285000e-08  1.20366492e+00  1.18285000e-08 -2.11277044e-04 
 1.19425000e-08  1.94997155e+00  1.19425000e-08  1.94993755e+00  1.19425000e-08  8.50887915e-01 
 1.19435000e-08  1.94997161e+00  1.19435000e-08  1.94994314e+00  1.19435000e-08  9.12215335e-01 
 1.19445000e-08  1.94997164e+00  1.19445000e-08  1.94994927e+00  1.19445000e-08  9.72224932e-01 
 1.19455000e-08  1.94997157e+00  1.19455000e-08  1.94995513e+00  1.19455000e-08  1.03215475e+00 
 1.19465000e-08  1.94997148e+00  1.19465000e-08  1.94996150e+00  1.19465000e-08  1.09561023e+00 
 1.19475000e-08  1.94997140e+00  1.19475000e-08  1.94995898e+00  1.19475000e-08  1.16652598e+00 
 1.20905000e-08  1.14822809e+00  1.20905000e-08  1.94999902e+00  1.20905000e-08  1.94999146e+00 
 1.20915000e-08  1.09617928e+00  1.20915000e-08  1.94999894e+00  1.20915000e-08  1.94999294e+00 
 1.20925000e-08  1.04442881e+00  1.20925000e-08  1.94999904e+00  1.20925000e-08  1.94999217e+00 
 1.20935000e-08  9.92875714e-01  1.20935000e-08  1.94999897e+00  1.20935000e-08  1.94999362e+00 
 1.20945000e-08  9.41488308e-01  1.20945000e-08  1.94999907e+00  1.20945000e-08  1.94999287e+00 
 1.20955000e-08  8.90194487e-01  1.20955000e-08  1.94999901e+00  1.20955000e-08  1.94999427e+00 
 1.25295000e-08 -1.09148016e-06  1.25295000e-08  1.13935612e+00  1.25295000e-08  1.94993764e+00 
 1.25305000e-08 -1.72128732e-06  1.25305000e-08  1.08474463e+00  1.25305000e-08  1.94993481e+00 
 1.25315000e-08 -2.58055851e-06  1.25315000e-08  1.02946668e+00  1.25315000e-08  1.94993620e+00 
 1.25325000e-08 -3.45150584e-06  1.25325000e-08  9.73557536e-01  1.25325000e-08  1.94994410e+00 
 1.25335000e-08 -3.71907595e-06  1.25335000e-08  9.17005869e-01  1.25335000e-08  1.94995835e+00 
 1.25345000e-08 -2.97090250e-06  1.25345000e-08  8.59859271e-01  1.25345000e-08  1.94998006e+00 
 1.26765000e-08  9.38185455e-01  1.26765000e-08  2.62797636e-04  1.26765000e-08  1.94988857e+00 
 1.26775000e-08  9.79009888e-01  1.26775000e-08  2.56080431e-04  1.26775000e-08  1.94989261e+00 
 1.26785000e-08  1.01933737e+00  1.26785000e-08  2.49997700e-04  1.26785000e-08  1.94989511e+00 
 1.26795000e-08  1.05921989e+00  1.26795000e-08  2.43599070e-04  1.26795000e-08  1.94989895e+00 
 1.26805000e-08  1.09875222e+00  1.26805000e-08  2.37803490e-04  1.26805000e-08  1.94990129e+00 
 1.26815000e-08  1.13805022e+00  1.26815000e-08  2.31702318e-04  1.26815000e-08  1.94990493e+00 
 1.29455000e-08  1.94995230e+00  1.29455000e-08  8.04549374e-01  1.29455000e-08  1.95010566e+00 
 1.29465000e-08  1.94995267e+00  1.29465000e-08  8.87700821e-01  1.29465000e-08  1.94997379e+00 
 1.29475000e-08  1.94995283e+00  1.29475000e-08  9.68895926e-01  1.29475000e-08  1.94984018e+00 
 1.29485000e-08  1.94995320e+00  1.29485000e-08  1.04800111e+00  1.29485000e-08  1.94968796e+00 
 1.29495000e-08  1.94995335e+00  1.29495000e-08  1.12500404e+00  1.29495000e-08  1.94952847e+00 
 1.29505000e-08  1.94995371e+00  1.29505000e-08  1.20007770e+00  1.29505000e-08  1.94938378e+00 
 1.30795000e-08  1.94997915e+00  1.30795000e-08  1.94998936e+00  1.30795000e-08  1.16178293e+00 
 1.30805000e-08  1.94998246e+00  1.30805000e-08  1.95002185e+00  1.30805000e-08  1.10422611e+00 
 1.30815000e-08  1.94998443e+00  1.30815000e-08  1.95005244e+00  1.30815000e-08  1.04643591e+00 
 1.30825000e-08  1.94998472e+00  1.30825000e-08  1.95007619e+00  1.30825000e-08  9.88293908e-01 
 1.30835000e-08  1.94998366e+00  1.30835000e-08  1.95009376e+00  1.30835000e-08  9.29612147e-01 
 1.30845000e-08  1.94998182e+00  1.30845000e-08  1.95010481e+00  1.30845000e-08  8.70321916e-01 
 1.32125000e-08  1.15075843e+00  1.32125000e-08  1.94999927e+00  1.32125000e-08  3.36374563e-04 
 1.32135000e-08  1.09869682e+00  1.32135000e-08  1.94999901e+00  1.32135000e-08  3.29114938e-04 
 1.32145000e-08  1.04693423e+00  1.32145000e-08  1.94999928e+00  1.32145000e-08  3.15468403e-04 
 1.32155000e-08  9.95374562e-01  1.32155000e-08  1.94999902e+00  1.32155000e-08  3.08754837e-04 
 1.32165000e-08  9.43980917e-01  1.32165000e-08  1.94999928e+00  1.32165000e-08  2.95842768e-04 
 1.32175000e-08  8.92684339e-01  1.32175000e-08  1.94999904e+00  1.32175000e-08  2.89639541e-04 
 1.36515000e-08 -1.08443645e-06  1.36515000e-08  1.14198030e+00  1.36515000e-08 -2.88819528e-06 
 1.36525000e-08 -1.70009823e-06  1.36525000e-08  1.08739942e+00  1.36525000e-08 -1.42296517e-06 
 1.36535000e-08 -2.55950318e-06  1.36535000e-08  1.03214959e+00  1.36535000e-08  1.04276125e-07 
 1.36545000e-08 -3.43291675e-06  1.36545000e-08  9.76270675e-01  1.36545000e-08  2.57672321e-06 
 1.36555000e-08 -3.72501572e-06  1.36555000e-08  9.19746694e-01  1.36555000e-08  4.87803428e-06 
 1.36565000e-08 -3.00378066e-06  1.36565000e-08  8.62629368e-01  1.36565000e-08  7.92071219e-06 
 1.37985000e-08  9.37119878e-01  1.37985000e-08  3.13014757e-04  1.37985000e-08  8.67147108e-06 
 1.37995000e-08  9.77957840e-01  1.37995000e-08  3.03913745e-04  1.37995000e-08  8.01408535e-06 
 1.38005000e-08  1.01829763e+00  1.38005000e-08  2.96232769e-04  1.38005000e-08  8.10803037e-06 
 1.38015000e-08  1.05819073e+00  1.38015000e-08  2.87642868e-04  1.38015000e-08  7.46940766e-06 
 1.38025000e-08  1.09772808e+00  1.38025000e-08  2.80427609e-04  1.38025000e-08  7.59086826e-06 
 1.38035000e-08  1.13702752e+00  1.38035000e-08  2.72315986e-04  1.38035000e-08  6.96942421e-06 
 1.40675000e-08  1.94995228e+00  1.40675000e-08  8.00316983e-01  1.40675000e-08 -5.25950221e-05 
 1.40685000e-08  1.94995268e+00  1.40685000e-08  8.83524079e-01  1.40685000e-08 -1.04705543e-04 
 1.40695000e-08  1.94995281e+00  1.40695000e-08  9.64944017e-01  1.40695000e-08 -1.47965675e-04 
 1.40705000e-08  1.94995320e+00  1.40705000e-08  1.04445933e+00  1.40705000e-08 -1.74916901e-04 
 1.40715000e-08  1.94995333e+00  1.40715000e-08  1.12207595e+00  1.40715000e-08 -1.94302675e-04 
 1.40725000e-08  1.94995372e+00  1.40725000e-08  1.19791414e+00  1.40725000e-08 -2.09201517e-04 
 1.41865000e-08  1.94997156e+00  1.41865000e-08  1.94993732e+00  1.41865000e-08  8.46087704e-01 
 1.41875000e-08  1.94997159e+00  1.41875000e-08  1.94994267e+00  1.41875000e-08  9.07542698e-01 
 1.41885000e-08  1.94997166e+00  1.41885000e-08  1.94994877e+00  1.41885000e-08  9.67626464e-01 
 1.41895000e-08  1.94997156e+00  1.41895000e-08  1.94995479e+00  1.41895000e-08  1.02746838e+00 
 1.41905000e-08  1.94997150e+00  1.41905000e-08  1.94996080e+00  1.41905000e-08  1.09053338e+00 
 1.41915000e-08  1.94997138e+00  1.41915000e-08  1.94995982e+00  1.41915000e-08  1.16084979e+00 
 1.43345000e-08  1.15202550e+00  1.43345000e-08  1.94999900e+00  1.43345000e-08  1.94999278e+00 
 1.43355000e-08  1.09995556e+00  1.43355000e-08  1.94999895e+00  1.43355000e-08  1.94999174e+00 
 1.43365000e-08  1.04818508e+00  1.43365000e-08  1.94999904e+00  1.43365000e-08  1.94999355e+00 
 1.43375000e-08  9.96620364e-01  1.43375000e-08  1.94999898e+00  1.43375000e-08  1.94999242e+00 
 1.43385000e-08  9.45222077e-01  1.43385000e-08  1.94999906e+00  1.43385000e-08  1.94999417e+00 
 1.43395000e-08  8.93922964e-01  1.43395000e-08  1.94999901e+00  1.43395000e-08  1.94999307e+00 
 1.47735000e-08 -1.07057657e-06  1.47735000e-08  1.14307872e+00  1.47735000e-08  1.94993797e+00 
 1.47745000e-08 -1.66392509e-06  1.47745000e-08  1.08851376e+00  1.47745000e-08  1.94993488e+00 
 1.47755000e-08 -2.52019258e-06  1.47755000e-08  1.03327874e+00  1.47755000e-08  1.94993591e+00 
 1.47765000e-08 -3.40033672e-06  1.47765000e-08  9.77414905e-01  1.47765000e-08  1.94994335e+00 
 1.47775000e-08 -3.73253558e-06  1.47775000e-08  9.20904309e-01  1.47775000e-08  1.94995714e+00 
 1.47785000e-08 -3.06219896e-06  1.47785000e-08  8.63799856e-01  1.47785000e-08  1.94997835e+00 
 1.49205000e-08  9.35113690e-01  1.49205000e-08  2.63067914e-04  1.49205000e-08  1.94988838e+00 
 1.49215000e-08  9.75977187e-01  1.49215000e-08  2.56689912e-04  1.49215000e-08  1.94989236e+00 
 1.49225000e-08  1.01634020e+00  1.49225000e-08  2.50251171e-04  1.49225000e-08  1.94989493e+00 
 1.49235000e-08  1.05625337e+00  1.49235000e-08  2.44184146e-04  1.49235000e-08  1.94989871e+00 
 1.49245000e-08  1.09580547e+00  1.49245000e-08  2.38041469e-04  1.49245000e-08  1.94990112e+00 
 1.49255000e-08  1.13511324e+00  1.49255000e-08  2.32264402e-04  1.49255000e-08  1.94990471e+00 
 1.51895000e-08  1.94995224e+00  1.51895000e-08  7.98126754e-01  1.51895000e-08  1.95011418e+00 
 1.51905000e-08  1.94995269e+00  1.51905000e-08  8.81417522e-01  1.51905000e-08  1.94998312e+00 
 1.51915000e-08  1.94995277e+00  1.51915000e-08  9.62771071e-01  1.51915000e-08  1.94985123e+00 
 1.51925000e-08  1.94995322e+00  1.51925000e-08  1.04203615e+00  1.51925000e-08  1.94970029e+00 
 1.51935000e-08  1.94995330e+00  1.51935000e-08  1.11919796e+00  1.51935000e-08  1.94954076e+00 
 1.51945000e-08  1.94995373e+00  1.51945000e-08  1.19440526e+00  1.51945000e-08  1.94939571e+00 
 1.53235000e-08  1.94997897e+00  1.53235000e-08  1.94998715e+00  1.53235000e-08  1.16614883e+00 
 1.53245000e-08  1.94998221e+00  1.53245000e-08  1.95001929e+00  1.53245000e-08  1.10859762e+00 
 1.53255000e-08  1.94998433e+00  1.53255000e-08  1.95005036e+00  1.53255000e-08  1.05083300e+00 
 1.53265000e-08  1.94998475e+00  1.53265000e-08  1.95007457e+00  1.53265000e-08  9.92721546e-01 
 1.53275000e-08  1.94998376e+00  1.53275000e-08  1.95009267e+00  1.53275000e-08  9.34087018e-01 
 1.53285000e-08  1.94998199e+00  1.53285000e-08  1.95010413e+00  1.53285000e-08  8.74844449e-01 
 1.54565000e-08  1.15465333e+00  1.54565000e-08  1.94999925e+00  1.54565000e-08  3.38009696e-04 
 1.54575000e-08  1.10256989e+00  1.54575000e-08  1.94999902e+00  1.54575000e-08  3.29105862e-04 
 1.54585000e-08  1.05078655e+00  1.54585000e-08  1.94999926e+00  1.54585000e-08  3.17040683e-04 
 1.54595000e-08  9.99214743e-01  1.54595000e-08  1.94999903e+00  1.54595000e-08  3.08709487e-04 
 1.54605000e-08  9.47809800e-01  1.54605000e-08  1.94999927e+00  1.54605000e-08  2.97355377e-04 
 1.54615000e-08  8.96507725e-01  1.54615000e-08  1.94999905e+00  1.54615000e-08  2.89560644e-04 
 1.58955000e-08 -1.06394300e-06  1.58955000e-08  1.14596324e+00  1.58955000e-08 -3.00133717e-06 
 1.58965000e-08 -1.64176007e-06  1.58965000e-08  1.09143210e+00  1.58965000e-08 -1.46853052e-06 
 1.58975000e-08 -2.49937434e-06  1.58975000e-08  1.03622830e+00  1.58975000e-08 -9.48187175e-08 
 1.58985000e-08 -3.37959194e-06  1.58985000e-08  9.80397830e-01  1.58985000e-08  2.46609946e-06 
 1.58995000e-08 -3.73647995e-06  1.58995000e-08  9.23917915e-01  1.58995000e-08  4.62709678e-06 
 1.59005000e-08 -3.09065116e-06  1.59005000e-08  8.66845666e-01  1.59005000e-08  7.78051230e-06 
 1.60425000e-08  9.34093705e-01  1.60425000e-08  3.13494010e-04  1.60425000e-08  8.61522616e-06 
 1.60435000e-08  9.74970206e-01  1.60435000e-08  3.04683737e-04  1.60435000e-08  8.11267241e-06 
 1.60445000e-08  1.01534508e+00  1.60445000e-08  2.96678445e-04  1.60445000e-08  8.05009112e-06 
 1.60455000e-08  1.05526852e+00  1.60455000e-08  2.88373489e-04  1.60455000e-08  7.56620874e-06 
 1.60465000e-08  1.09482823e+00  1.60465000e-08  2.80842046e-04  1.60465000e-08  7.53141439e-06 
 1.60475000e-08  1.13414034e+00  1.60475000e-08  2.73009661e-04  1.60475000e-08  7.06453152e-06 
 1.63115000e-08  1.94995222e+00  1.63115000e-08  7.94023571e-01  1.63115000e-08 -4.87585418e-05 
 1.63125000e-08  1.94995270e+00  1.63125000e-08  8.77355858e-01  1.63125000e-08 -1.01065693e-04 
 1.63135000e-08  1.94995275e+00  1.63135000e-08  9.58917777e-01  1.63135000e-08 -1.45130796e-04 
 1.63145000e-08  1.94995322e+00  1.63145000e-08  1.03857550e+00  1.63145000e-08 -1.73374672e-04 
 1.63155000e-08  1.94995328e+00  1.63155000e-08  1.11633344e+00  1.63155000e-08 -1.93208977e-04 
 1.63165000e-08  1.94995374e+00  1.63165000e-08  1.19229552e+00  1.63165000e-08 -2.07531621e-04 
 1.64315000e-08  1.94997157e+00  1.64315000e-08  1.94994222e+00  1.64315000e-08  9.03008031e-01 
 1.64325000e-08  1.94997167e+00  1.64325000e-08  1.94994829e+00  1.64325000e-08  9.63167942e-01 
 1.64335000e-08  1.94997155e+00  1.64335000e-08  1.94995444e+00  1.64335000e-08  1.02294755e+00 
 1.64345000e-08  1.94997153e+00  1.64345000e-08  1.94996007e+00  1.64345000e-08  1.08566269e+00 
 1.64355000e-08  1.94997137e+00  1.64355000e-08  1.94996070e+00  1.64355000e-08  1.15535919e+00 
 1.64365000e-08  1.94997146e+00  1.64365000e-08  1.94995636e+00  1.64365000e-08  1.22874664e+00 
 1.65515000e-08  2.05291415e+00  1.65515000e-08  1.94999815e+00  1.65515000e-08  1.94996107e+00 
 1.65785000e-08  1.15577162e+00  1.65785000e-08  1.94999899e+00  1.65785000e-08  1.94999408e+00 
 1.65795000e-08  1.10368061e+00  1.65795000e-08  1.94999895e+00  1.65795000e-08  1.94999055e+00 
 1.65805000e-08  1.05189005e+00  1.65805000e-08  1.94999903e+00  1.65805000e-08  1.94999487e+00 
 1.65815000e-08  1.00031356e+00  1.65815000e-08  1.94999899e+00  1.65815000e-08  1.94999132e+00 
 1.65825000e-08  9.48904326e-01  1.65825000e-08  1.94999906e+00  1.65825000e-08  1.94999549e+00 
 1.65835000e-08  8.97599863e-01  1.65835000e-08  1.94999901e+00  1.65835000e-08  1.94999198e+00 
 1.70175000e-08 -1.05093343e-06  1.70175000e-08  1.14689334e+00  1.70175000e-08  1.94993833e+00 
 1.70185000e-08 -1.60525464e-06  1.70185000e-08  1.09237596e+00  1.70185000e-08  1.94993499e+00 
 1.70195000e-08 -2.45880425e-06  1.70195000e-08  1.03718500e+00  1.70195000e-08  1.94993564e+00 
 1.70205000e-08 -3.34421210e-06  1.70205000e-08  9.81367570e-01  1.70205000e-08  1.94994263e+00 
 1.70215000e-08 -3.74065852e-06  1.70215000e-08  9.24899228e-01  1.70215000e-08  1.94995593e+00 
 1.70225000e-08 -3.14640894e-06  1.70225000e-08  8.67837986e-01  1.70225000e-08  1.94997664e+00 
 1.71645000e-08  9.32240310e-01  1.71645000e-08  2.63353723e-04  1.71645000e-08  1.94988819e+00 
 1.71655000e-08  9.73140489e-01  1.71655000e-08  2.57314339e-04  1.71655000e-08  1.94989207e+00 
 1.71665000e-08  1.01353698e+00  1.71665000e-08  2.50519221e-04  1.71665000e-08  1.94989476e+00 
 1.71675000e-08  1.05347922e+00  1.71675000e-08  2.44782839e-04  1.71675000e-08  1.94989844e+00 
 1.71685000e-08  1.09305421e+00  1.71685000e-08  2.38293194e-04  1.71685000e-08  1.94990095e+00 
 1.71695000e-08  1.13237577e+00  1.71695000e-08  2.32838892e-04  1.71695000e-08  1.94990445e+00 
 1.74335000e-08  1.94995218e+00  1.74335000e-08  7.92177867e-01  1.74335000e-08  1.95012174e+00 
 1.74345000e-08  1.94995270e+00  1.74345000e-08  8.75594578e-01  1.74345000e-08  1.94999160e+00 
 1.74355000e-08  1.94995272e+00  1.74355000e-08  9.57093487e-01  1.74355000e-08  1.94986140e+00 
 1.74365000e-08  1.94995323e+00  1.74365000e-08  1.03650567e+00  1.74365000e-08  1.94971168e+00 
 1.74375000e-08  1.94995325e+00  1.74375000e-08  1.11381514e+00  1.74375000e-08  1.94955210e+00 
 1.74385000e-08  1.94995375e+00  1.74385000e-08  1.18914752e+00  1.74385000e-08  1.94940609e+00 
 1.75675000e-08  1.94997881e+00  1.75675000e-08  1.94998511e+00  1.75675000e-08  1.17015927e+00 
 1.75685000e-08  1.94998198e+00  1.75685000e-08  1.95001690e+00  1.75685000e-08  1.11261261e+00 
 1.75695000e-08  1.94998425e+00  1.75695000e-08  1.95004842e+00  1.75695000e-08  1.05487082e+00 
 1.75705000e-08  1.94998475e+00  1.75705000e-08  1.95007304e+00  1.75705000e-08  9.96786866e-01 
 1.75715000e-08  1.94998384e+00  1.75715000e-08  1.95009164e+00  1.75715000e-08  9.38195369e-01 
 1.75725000e-08  1.94998215e+00  1.75725000e-08  1.95010348e+00  1.75725000e-08  8.78996465e-01 
 1.77005000e-08  1.15823241e+00  1.77005000e-08  1.94999924e+00  1.77005000e-08  3.39494919e-04 
 1.77015000e-08  1.10612869e+00  1.77015000e-08  1.94999904e+00  1.77015000e-08  3.29081495e-04 
 1.77025000e-08  1.05432593e+00  1.77025000e-08  1.94999925e+00  1.77025000e-08  3.18468389e-04 
 1.77035000e-08  1.00274267e+00  1.77035000e-08  1.94999905e+00  1.77035000e-08  3.08653612e-04 
 1.77045000e-08  9.51327131e-01  1.77045000e-08  1.94999926e+00  1.77045000e-08  2.98728443e-04 
 1.77055000e-08  9.00019873e-01  1.77055000e-08  1.94999906e+00  1.77055000e-08  2.89475671e-04 
 1.81395000e-08 -1.04653674e-06  1.81395000e-08  1.14955306e+00  1.81395000e-08 -3.08936112e-06 
 1.81405000e-08 -1.58678657e-06  1.81405000e-08  1.09506672e+00  1.81405000e-08 -1.51671754e-06 
 1.81415000e-08 -2.44139501e-06  1.81415000e-08  1.03990441e+00  1.81415000e-08 -2.62586310e-07 
 1.81425000e-08 -3.32572730e-06  1.81425000e-08  9.84117641e-01  1.81425000e-08  2.37619178e-06 
 1.81435000e-08 -3.74301172e-06  1.81435000e-08  9.27677543e-01  1.81435000e-08  4.39835354e-06 
 1.81445000e-08 -3.16919193e-06  1.81445000e-08  8.70645999e-01  1.81445000e-08  7.62891930e-06 
 1.82865000e-08  9.31380763e-01  1.82865000e-08  3.13926733e-04  1.82865000e-08  8.56093345e-06 
 1.82875000e-08  9.72291949e-01  1.82875000e-08  3.05379866e-04  1.82875000e-08  8.20540788e-06 
 1.82885000e-08  1.01269851e+00  1.82885000e-08  2.97080849e-04  1.82885000e-08  7.99426780e-06 
 1.82895000e-08  1.05264951e+00  1.82895000e-08  2.89034002e-04  1.82895000e-08  7.65728070e-06 
 1.82905000e-08  1.09223107e+00  1.82905000e-08  2.81216240e-04  1.82905000e-08  7.47424856e-06 
 1.82915000e-08  1.13155650e+00  1.82915000e-08  2.73636753e-04  1.82915000e-08  7.15403133e-06 
 1.85555000e-08  1.94995218e+00  1.85555000e-08  7.88441587e-01  1.85555000e-08 -4.54285954e-05 
 1.85565000e-08  1.94995270e+00  1.85565000e-08  8.71882713e-01  1.85565000e-08 -9.77955275e-05 
 1.85575000e-08  1.94995271e+00  1.85575000e-08  9.53569065e-01  1.85575000e-08 -1.42544643e-04 
 1.85585000e-08  1.94995322e+00  1.85585000e-08  1.03335232e+00  1.85585000e-08 -1.71972001e-04 
 1.85595000e-08  1.94995324e+00  1.85595000e-08  1.11123606e+00  1.85595000e-08 -1.91898929e-04 
 1.85605000e-08  1.94995374e+00  1.85605000e-08  1.18730851e+00  1.85605000e-08 -2.06358652e-04 
 1.86755000e-08  1.94997156e+00  1.86755000e-08  1.94994184e+00  1.86755000e-08  8.98978884e-01 
 1.86765000e-08  1.94997168e+00  1.86765000e-08  1.94994784e+00  1.86765000e-08  9.59210829e-01 
 1.86775000e-08  1.94997155e+00  1.86775000e-08  1.94995412e+00  1.86775000e-08  1.01895131e+00 
 1.86785000e-08  1.94997154e+00  1.86785000e-08  1.94995937e+00  1.86785000e-08  1.08137813e+00 
 1.86795000e-08  1.94997137e+00  1.86795000e-08  1.94996153e+00  1.86795000e-08  1.15050050e+00 
 1.86805000e-08  1.94997147e+00  1.86805000e-08  1.94995618e+00  1.86805000e-08  1.22392875e+00 
 1.88225000e-08  1.15940837e+00  1.88225000e-08  1.94999898e+00  1.88225000e-08  1.94999193e+00 
 1.88235000e-08  1.10729669e+00  1.88235000e-08  1.94999897e+00  1.88235000e-08  1.94998671e+00 
 1.88245000e-08  1.05548632e+00  1.88245000e-08  1.94999901e+00  1.88245000e-08  1.94999376e+00 
 1.88255000e-08  1.00389809e+00  1.88255000e-08  1.94999900e+00  1.88255000e-08  1.94998563e+00 
 1.88265000e-08  9.52478010e-01  1.88265000e-08  1.94999904e+00  1.88265000e-08  1.94999002e+00 
 1.88275000e-08  9.01168222e-01  1.88275000e-08  1.94999903e+00  1.88275000e-08  1.94998571e+00 
 1.92615000e-08 -1.03415170e-06  1.92615000e-08  1.15066233e+00  1.92615000e-08  1.94993869e+00 
 1.92625000e-08 -1.54721414e-06  1.92625000e-08  1.09619204e+00  1.92625000e-08  1.94993511e+00 
 1.92635000e-08 -2.39605704e-06  1.92635000e-08  1.04104475e+00  1.92635000e-08  1.94993541e+00 
 1.92645000e-08 -3.28432744e-06  1.92645000e-08  9.85273286e-01  1.92645000e-08  1.94994194e+00 
 1.92655000e-08 -3.74415918e-06  1.92655000e-08  9.28846899e-01  1.92655000e-08  1.94995475e+00 
 1.92665000e-08 -3.22743401e-06  1.92665000e-08  8.71828525e-01  1.92665000e-08  1.94997493e+00 
 1.94085000e-08  9.29258130e-01  1.94085000e-08  2.63642235e-04  1.94085000e-08  1.94988802e+00 
 1.94095000e-08  9.70196557e-01  1.94095000e-08  2.57928199e-04  1.94095000e-08  1.94989179e+00 
 1.94105000e-08  1.01062805e+00  1.94105000e-08  2.50790028e-04  1.94105000e-08  1.94989459e+00 
 1.94115000e-08  1.05060086e+00  1.94115000e-08  2.45371333e-04  1.94115000e-08  1.94989817e+00 
 1.94125000e-08  1.09019883e+00  1.94125000e-08  2.38547717e-04  1.94125000e-08  1.94990081e+00 
 1.94135000e-08  1.12953408e+00  1.94135000e-08  2.33403528e-04  1.94135000e-08  1.94990419e+00 
 1.96775000e-08  1.94995215e+00  1.96775000e-08  7.86176308e-01  1.96775000e-08  1.95012903e+00 
 1.96785000e-08  1.94995269e+00  1.96785000e-08  8.69720311e-01  1.96785000e-08  1.95000001e+00 
 1.96795000e-08  1.94995269e+00  1.96795000e-08  9.51362999e-01  1.96795000e-08  1.94987161e+00 
 1.96805000e-08  1.94995321e+00  1.96805000e-08  1.03092512e+00  1.96805000e-08  1.94972311e+00 
 1.96815000e-08  1.94995322e+00  1.96815000e-08  1.10838213e+00  1.96815000e-08  1.94956348e+00 
 1.96825000e-08  1.94995373e+00  1.96825000e-08  1.18384416e+00  1.96825000e-08  1.94941650e+00 
 1.98115000e-08  1.94997865e+00  1.98115000e-08  1.94998291e+00  1.98115000e-08  1.17423432e+00 
 1.98125000e-08  1.94998173e+00  1.98125000e-08  1.95001458e+00  1.98125000e-08  1.11669144e+00 
 1.98135000e-08  1.94998417e+00  1.98135000e-08  1.95004627e+00  1.98135000e-08  1.05897181e+00 
 1.98145000e-08  1.94998475e+00  1.98145000e-08  1.95007158e+00  1.98145000e-08  1.00091486e+00 
 1.98155000e-08  1.94998394e+00  1.98155000e-08  1.95009043e+00  1.98155000e-08  9.42366265e-01 
 1.98165000e-08  1.94998230e+00  1.98165000e-08  1.95010290e+00  1.98165000e-08  8.83211137e-01 
 1.99445000e-08  1.16213405e+00  1.99445000e-08  1.94999924e+00  1.99445000e-08  3.41074056e-04 
 1.99455000e-08  1.11000802e+00  1.99455000e-08  1.94999904e+00  1.99455000e-08  3.29049525e-04 
 1.99465000e-08  1.05818375e+00  1.99465000e-08  1.94999925e+00  1.99465000e-08  3.19985337e-04 
 1.99475000e-08  1.00658768e+00  1.99475000e-08  1.94999905e+00  1.99475000e-08  3.08589560e-04 
 1.99485000e-08  9.55160341e-01  1.99485000e-08  1.94999926e+00  1.99485000e-08  3.00186294e-04 
 1.99495000e-08  9.03847296e-01  1.99495000e-08  1.94999906e+00  1.99495000e-08  2.89382024e-04 
 2.03835000e-08 -1.03038836e-06  2.03835000e-08  1.15359196e+00  2.03835000e-08 -3.16957712e-06 
 2.03845000e-08 -1.52576483e-06  2.03845000e-08  1.09915526e+00  2.03845000e-08 -1.58472130e-06 
 2.03855000e-08 -2.37577956e-06  2.03855000e-08  1.04404064e+00  2.03855000e-08 -4.34916447e-07 
 2.03865000e-08 -3.26142249e-06  2.03865000e-08  9.88302415e-01  2.03865000e-08  2.25912975e-06 
 2.03875000e-08 -3.74568675e-06  2.03875000e-08  9.31908098e-01  2.03875000e-08  4.17813475e-06 
 2.03885000e-08 -3.25221308e-06  2.03885000e-08  8.74921869e-01  2.03885000e-08  7.46843605e-06 
 2.05305000e-08  9.28209904e-01  2.05305000e-08  3.14414554e-04  2.05305000e-08  8.49527227e-06 
 2.05315000e-08  9.69161801e-01  2.05315000e-08  3.06164852e-04  2.05315000e-08  8.31436717e-06 
 2.05325000e-08  1.00960564e+00  2.05325000e-08  2.97534700e-04  2.05325000e-08  7.92696359e-06 
 2.05335000e-08  1.04958929e+00  2.05335000e-08  2.89779563e-04  2.05335000e-08  7.76429844e-06 
 2.05345000e-08  1.08919547e+00  2.05345000e-08  2.81638038e-04  2.05345000e-08  7.40550070e-06 
 2.05355000e-08  1.12853568e+00  2.05355000e-08  2.74344125e-04  2.05355000e-08  7.25920979e-06 
 2.07995000e-08  1.94995214e+00  2.07995000e-08  7.82006078e-01  2.07995000e-08 -4.16640318e-05 
 2.08005000e-08  1.94995268e+00  2.08005000e-08  8.65573384e-01  2.08005000e-08 -9.39965876e-05 
 2.08015000e-08  1.94995268e+00  2.08015000e-08  9.47400071e-01  2.08015000e-08 -1.39453154e-04 
 2.08025000e-08  1.94995321e+00  2.08025000e-08  1.02733004e+00  2.08025000e-08 -1.70302803e-04 
 2.08035000e-08  1.94995320e+00  2.08035000e-08  1.10535705e+00  2.08035000e-08 -1.90361971e-04 
 2.08045000e-08  1.94995373e+00  2.08045000e-08  1.18155980e+00  2.08045000e-08 -2.05037672e-04 
 2.09195000e-08  1.94997155e+00  2.09195000e-08  1.94994124e+00  2.09195000e-08  8.94336298e-01 
 2.09205000e-08  1.94997169e+00  2.09205000e-08  1.94994750e+00  2.09205000e-08  9.54655808e-01 
 2.09215000e-08  1.94997155e+00  2.09215000e-08  1.94995359e+00  2.09215000e-08  1.01436769e+00 
 2.09225000e-08  1.94997155e+00  2.09225000e-08  1.94995870e+00  2.09225000e-08  1.07647904e+00 
 2.09235000e-08  1.94997137e+00  2.09235000e-08  1.94996235e+00  2.09235000e-08  1.14491341e+00 
 2.09245000e-08  1.94997146e+00  2.09245000e-08  1.94995616e+00  2.09245000e-08  1.21836568e+00 
 2.10665000e-08  1.16380328e+00  2.10665000e-08  1.94999898e+00  2.10665000e-08  1.94999119e+00 
 2.10675000e-08  1.11166666e+00  2.10675000e-08  1.94999896e+00  2.10675000e-08  1.94997977e+00 
 2.10685000e-08  1.05983213e+00  2.10685000e-08  1.94999901e+00  2.10685000e-08  1.94998649e+00 
 2.10695000e-08  1.00822955e+00  2.10695000e-08  1.94999900e+00  2.10695000e-08  1.94998036e+00 
 2.10705000e-08  9.56796270e-01  2.10705000e-08  1.94999904e+00  2.10705000e-08  1.94999087e+00 
 2.10715000e-08  9.05480054e-01  2.10715000e-08  1.94999903e+00  2.10715000e-08  1.94998015e+00 
 2.15055000e-08 -1.03797400e-06  2.15055000e-08  1.15512684e+00  2.15055000e-08  1.94993914e+00 
 2.15065000e-08 -1.46620141e-06  2.15065000e-08  1.10071012e+00  2.15065000e-08  1.94993528e+00 
 2.15075000e-08 -2.28997136e-06  2.15075000e-08  1.04561697e+00  2.15075000e-08  1.94993517e+00 
 2.15085000e-08 -3.15967824e-06  2.15085000e-08  9.89898059e-01  2.15085000e-08  1.94994116e+00 
 2.15095000e-08 -3.68679254e-06  2.15095000e-08  9.33523594e-01  2.15095000e-08  1.94995343e+00 
 2.15105000e-08 -3.25278590e-06  2.15105000e-08  8.76554395e-01  2.15105000e-08  1.94997303e+00 
 2.16525000e-08  9.25614781e-01  2.16525000e-08  2.63986882e-04  2.16525000e-08  1.94988781e+00 
 2.16535000e-08  9.66600077e-01  2.16535000e-08  2.58653580e-04  2.16535000e-08  1.94989144e+00 
 2.16545000e-08  1.00707461e+00  2.16545000e-08  2.51114010e-04  2.16545000e-08  1.94989440e+00 
 2.16555000e-08  1.04708526e+00  2.16555000e-08  2.46066219e-04  2.16555000e-08  1.94989784e+00 
 2.16565000e-08  1.08671202e+00  2.16565000e-08  2.38852699e-04  2.16565000e-08  1.94990062e+00 
 2.16575000e-08  1.12606489e+00  2.16575000e-08  2.34069744e-04  2.16575000e-08  1.94990388e+00 
 2.19225000e-08  1.94995267e+00  2.19225000e-08  8.62377847e-01  2.19225000e-08  1.95001344e+00 
 2.19235000e-08  1.94995265e+00  2.19235000e-08  9.44198975e-01  2.19235000e-08  1.94988366e+00 
 2.19245000e-08  1.94995320e+00  2.19245000e-08  1.02394885e+00  2.19245000e-08  1.94973675e+00 
 2.19255000e-08  1.94995318e+00  2.19255000e-08  1.10160023e+00  2.19255000e-08  1.94957725e+00 
 2.19265000e-08  1.94995372e+00  2.19265000e-08  1.17723684e+00  2.19265000e-08  1.94942890e+00 
 2.19275000e-08  1.94995370e+00  2.19275000e-08  1.25117843e+00  2.19275000e-08  1.94927023e+00 
 2.20555000e-08  1.94997844e+00  2.20555000e-08  1.94998016e+00  2.20555000e-08  1.17939650e+00 
 2.20565000e-08  1.94998140e+00  2.20565000e-08  1.95001173e+00  2.20565000e-08  1.12185723e+00 
 2.20575000e-08  1.94998402e+00  2.20575000e-08  1.95004354e+00  2.20575000e-08  1.06416373e+00 
 2.20585000e-08  1.94998475e+00  2.20585000e-08  1.95006977e+00  2.20585000e-08  1.00613967e+00 
 2.20595000e-08  1.94998405e+00  2.20595000e-08  1.95008884e+00  2.20595000e-08  9.47643833e-01 
 2.20605000e-08  1.94998250e+00  2.20605000e-08  1.95010220e+00  2.20605000e-08  8.88543350e-01 
 2.21885000e-08  1.16720140e+00  2.21885000e-08  1.94999924e+00  2.21885000e-08  3.43385322e-04 
 2.21895000e-08  1.11504609e+00  2.21895000e-08  1.94999904e+00  2.21895000e-08  3.28645938e-04 
 2.21905000e-08  1.06319331e+00  2.21905000e-08  1.94999925e+00  2.21905000e-08  3.22212108e-04 
 2.21915000e-08  1.01158008e+00  2.21915000e-08  1.94999905e+00  2.21915000e-08  3.08154384e-04 
 2.21925000e-08  9.60137033e-01  2.21925000e-08  1.94999926e+00  2.21925000e-08  3.02332580e-04 
 2.21935000e-08  9.08816233e-01  2.21935000e-08  1.94999906e+00  2.21935000e-08  2.88918166e-04 
 2.26275000e-08 -1.03868153e-06  2.26275000e-08  1.15872040e+00  2.26275000e-08 -3.25777556e-06 
 2.26285000e-08 -1.43406549e-06  2.26285000e-08  1.10434320e+00  2.26285000e-08 -1.66879937e-06 
 2.26295000e-08 -2.25971761e-06  2.26295000e-08  1.04929299e+00  2.26295000e-08 -7.13494886e-07 
 2.26305000e-08 -3.11736101e-06  2.26305000e-08  9.93613328e-01  2.26305000e-08  2.03110378e-06 
 2.26315000e-08 -3.67648061e-06  2.26315000e-08  9.37280706e-01  2.26315000e-08  3.88461181e-06 
 2.26325000e-08 -3.26547345e-06  2.26325000e-08  8.80349367e-01  2.26325000e-08  7.25469194e-06 
 2.27745000e-08  9.24264577e-01  2.27745000e-08  3.15058471e-04  2.27745000e-08  8.40346457e-06 
 2.27755000e-08  9.65267292e-01  2.27755000e-08  3.07158855e-04  2.27755000e-08  8.46181005e-06 
 2.27765000e-08  1.00575786e+00  2.27765000e-08  2.98135224e-04  2.27765000e-08  7.83318846e-06 
 2.27775000e-08  1.04578269e+00  2.27775000e-08  2.90720441e-04  2.27775000e-08  7.90909930e-06 
 2.27785000e-08  1.08542031e+00  2.27785000e-08  2.82198647e-04  2.27785000e-08  7.31001651e-06 
 2.27795000e-08  1.12477998e+00  2.27795000e-08  2.75236345e-04  2.27795000e-08  7.40150402e-06 
 2.30445000e-08  1.94995266e+00  2.30445000e-08  8.57714128e-01  2.30445000e-08 -8.92270553e-05 
 2.30455000e-08  1.94995264e+00  2.30455000e-08  9.39715249e-01  2.30455000e-08 -1.35488549e-04 
 2.30465000e-08  1.94995320e+00  2.30465000e-08  1.01982238e+00  2.30465000e-08 -1.68067192e-04 
 2.30475000e-08  1.94995318e+00  2.30475000e-08  1.09802403e+00  2.30475000e-08 -1.88384608e-04 
 2.30485000e-08  1.94995371e+00  2.30485000e-08  1.17440199e+00  2.30485000e-08 -2.03653129e-04 
 2.30495000e-08  1.94995368e+00  2.30495000e-08  1.24912217e+00  2.30495000e-08 -2.29557396e-04 
 2.31635000e-08  1.94997154e+00  2.31635000e-08  1.94994038e+00  2.31635000e-08  8.88589337e-01 
 2.31645000e-08  1.94997169e+00  2.31645000e-08  1.94994705e+00  2.31645000e-08  9.49022880e-01 
 2.31655000e-08  1.94997155e+00  2.31655000e-08  1.94995278e+00  2.31655000e-08  1.00871993e+00 
 2.31665000e-08  1.94997157e+00  2.31665000e-08  1.94995781e+00  2.31665000e-08  1.07048191e+00 
 2.31675000e-08  1.94997136e+00  2.31675000e-08  1.94996323e+00  2.31675000e-08  1.13807771e+00 
 2.31685000e-08  1.94997147e+00  2.31685000e-08  1.94995620e+00  2.31685000e-08  1.21151499e+00 
 2.33105000e-08  1.16866670e+00  2.33105000e-08  1.94999900e+00  2.33105000e-08  1.94998872e+00 
 2.33115000e-08  1.11650213e+00  2.33115000e-08  1.94999894e+00  2.33115000e-08  1.94997896e+00 
 2.33125000e-08  1.06464030e+00  2.33125000e-08  1.94999904e+00  2.33125000e-08  1.94999278e+00 
 2.33135000e-08  1.01302128e+00  2.33135000e-08  1.94999897e+00  2.33135000e-08  1.94997820e+00 
 2.33145000e-08  9.61572971e-01  2.33145000e-08  1.94999906e+00  2.33145000e-08  1.94998764e+00 
 2.33155000e-08  9.10249374e-01  2.33155000e-08  1.94999900e+00  2.33155000e-08  1.94997881e+00 
 2.37495000e-08 -1.02464125e-06  2.37495000e-08  1.16000974e+00  2.37495000e-08  1.94993964e+00 
 2.37505000e-08 -1.38935995e-06  2.37505000e-08  1.10564969e+00  2.37505000e-08  1.94993550e+00 
 2.37515000e-08 -2.21311347e-06  2.37515000e-08  1.05061790e+00  2.37515000e-08  1.94993495e+00 
 2.37525000e-08 -3.06837759e-06  2.37525000e-08  9.94954833e-01  2.37525000e-08  1.94994037e+00 
 2.37535000e-08 -3.67345721e-06  2.37535000e-08  9.38639221e-01  2.37535000e-08  1.94995203e+00 
 2.37545000e-08 -3.31796074e-06  2.37545000e-08  8.81722440e-01  2.37545000e-08  1.94997100e+00 
 2.38965000e-08  9.21970438e-01  2.38965000e-08  2.64371995e-04  2.38965000e-08  1.94988759e+00 
 2.38975000e-08  9.63002711e-01  2.38975000e-08  2.59444183e-04  2.38975000e-08  1.94989106e+00 
 2.38985000e-08  1.00352069e+00  2.38985000e-08  2.51476607e-04  2.38985000e-08  1.94989420e+00 
 2.38995000e-08  1.04356968e+00  2.38995000e-08  2.46823104e-04  2.38995000e-08  1.94989748e+00 
 2.39005000e-08  1.08322608e+00  2.39005000e-08  2.39194636e-04  2.39005000e-08  1.94990044e+00 
 2.39015000e-08  1.12259754e+00  2.39015000e-08  2.34794967e-04  2.39015000e-08  1.94990353e+00 
 2.41665000e-08  1.94995265e+00  2.41665000e-08  8.55031596e-01  2.41665000e-08  1.95002661e+00 
 2.41675000e-08  1.94995261e+00  2.41675000e-08  9.37030397e-01  2.41675000e-08  1.94989562e+00 
 2.41685000e-08  1.94995318e+00  2.41685000e-08  1.01696734e+00  2.41685000e-08  1.94975028e+00 
 2.41695000e-08  1.94995314e+00  2.41695000e-08  1.09479466e+00  2.41695000e-08  1.94959113e+00 
 2.41705000e-08  1.94995370e+00  2.41705000e-08  1.17058872e+00  2.41705000e-08  1.94944144e+00 
 2.41715000e-08  1.94995367e+00  2.41715000e-08  1.24466791e+00  2.41715000e-08  1.94928555e+00 
 2.42995000e-08  1.94997826e+00  2.42995000e-08  1.94997738e+00  2.42995000e-08  1.18455452e+00 
 2.43005000e-08  1.94998111e+00  2.43005000e-08  1.95000884e+00  2.43005000e-08  1.12701805e+00 
 2.43015000e-08  1.94998386e+00  2.43015000e-08  1.95004073e+00  2.43015000e-08  1.06934952e+00 
 2.43025000e-08  1.94998476e+00  2.43025000e-08  1.95006791e+00  2.43025000e-08  1.01135734e+00 
 2.43035000e-08  1.94998415e+00  2.43035000e-08  1.95008718e+00  2.43035000e-08  9.52913438e-01 
 2.43045000e-08  1.94998267e+00  2.43045000e-08  1.95010146e+00  2.43045000e-08  8.93867195e-01 
 2.44325000e-08  1.17157417e+00  2.44325000e-08  1.94999924e+00  2.44325000e-08  3.46012197e-04 
 2.44335000e-08  1.11939331e+00  2.44335000e-08  1.94999904e+00  2.44335000e-08  3.27964784e-04 
 2.44345000e-08  1.06751548e+00  2.44345000e-08  1.94999925e+00  2.44345000e-08  3.24746724e-04 
 2.44355000e-08  1.01588693e+00  2.44355000e-08  1.94999905e+00  2.44355000e-08  3.07447244e-04 
 2.44365000e-08  9.64429997e-01  2.44365000e-08  1.94999926e+00  2.44365000e-08  3.04779126e-04 
 2.44375000e-08  9.13102242e-01  2.44375000e-08  1.94999906e+00  2.44375000e-08  2.88187916e-04 
 2.48715000e-08 -1.01965816e-06  2.48715000e-08  1.16302157e+00  2.48715000e-08 -3.33073201e-06 
 2.48725000e-08 -1.36906626e-06  2.48725000e-08  1.10869432e+00  2.48725000e-08 -1.73262530e-06 
 2.48735000e-08 -2.19243878e-06  2.48735000e-08  1.05369819e+00  2.48735000e-08 -9.05553733e-07 
 2.48745000e-08 -3.04469138e-06  2.48745000e-08  9.98067760e-01  2.48745000e-08  1.88561730e-06 
 2.48755000e-08 -3.67047543e-06  2.48755000e-08  9.41787041e-01  2.48755000e-08  3.65499507e-06 
 2.48765000e-08 -3.33769064e-06  2.48765000e-08  8.84901985e-01  2.48765000e-08  7.06696075e-06 
 2.50185000e-08  9.20954827e-01  2.50185000e-08  3.15580162e-04  2.50185000e-08  8.32931248e-06 
 2.50195000e-08  9.62000206e-01  2.50195000e-08  3.07986932e-04  2.50195000e-08  8.58214959e-06 
 2.50205000e-08  1.00253037e+00  2.50205000e-08  2.98621069e-04  2.50205000e-08  7.75730907e-06 
 2.50215000e-08  1.04259012e+00  2.50215000e-08  2.91505389e-04  2.50215000e-08  8.02736267e-06 
 2.50225000e-08  1.08225494e+00  2.50225000e-08  2.82651141e-04  2.50225000e-08  7.23261112e-06 
 2.50235000e-08  1.12163174e+00  2.50235000e-08  2.75980842e-04  2.50235000e-08  7.51781065e-06 
 2.52885000e-08  1.94995265e+00  2.52885000e-08  8.50985503e-01  2.52885000e-08 -8.51166941e-05 
 2.52895000e-08  1.94995260e+00  2.52895000e-08  9.33135564e-01  2.52895000e-08 -1.31987876e-04 
 2.52905000e-08  1.94995318e+00  2.52905000e-08  1.01339859e+00  2.52905000e-08 -1.66160407e-04 
 2.52915000e-08  1.94995314e+00  2.52915000e-08  1.09175487e+00  2.52915000e-08 -1.86760655e-04 
 2.52925000e-08  1.94995369e+00  2.52925000e-08  1.16827367e+00  2.52925000e-08 -2.02297084e-04 
 2.52935000e-08  1.94995365e+00  2.52935000e-08  1.24312632e+00  2.52935000e-08 -2.27356927e-04 
 2.54075000e-08  1.94997153e+00  2.54075000e-08  1.94993976e+00  2.54075000e-08  8.83600170e-01 
 2.54085000e-08  1.94997170e+00  2.54085000e-08  1.94994682e+00  2.54085000e-08  9.44137608e-01 
 2.54095000e-08  1.94997155e+00  2.54095000e-08  1.94995216e+00  2.54095000e-08  1.00383829e+00 
 2.54105000e-08  1.94997158e+00  2.54105000e-08  1.94995713e+00  2.54105000e-08  1.06531472e+00 
 2.54115000e-08  1.94997137e+00  2.54115000e-08  1.94996401e+00  2.54115000e-08  1.13218799e+00 
 2.54125000e-08  1.94997147e+00  2.54125000e-08  1.94995640e+00  2.54125000e-08  1.20556371e+00 
 2.55545000e-08  1.17272521e+00  2.55545000e-08  1.94999904e+00  2.55545000e-08  1.94999362e+00 
 2.55555000e-08  1.12053697e+00  2.55555000e-08  1.94999890e+00  2.55555000e-08  1.94997563e+00 
 2.55565000e-08  1.06865187e+00  2.55565000e-08  1.94999907e+00  2.55565000e-08  1.94998761e+00 
 2.55575000e-08  1.01701857e+00  2.55575000e-08  1.94999893e+00  2.55575000e-08  1.94997611e+00 
 2.55585000e-08  9.65557350e-01  2.55585000e-08  1.94999910e+00  2.55585000e-08  1.94999257e+00 
 2.55595000e-08  9.14227294e-01  2.55595000e-08  1.94999897e+00  2.55595000e-08  1.94997557e+00 
 2.59935000e-08 -1.01502071e-06  2.59935000e-08  1.16410160e+00  2.59935000e-08  1.94994007e+00 
 2.59945000e-08 -1.33609581e-06  2.59945000e-08  1.10978919e+00  2.59945000e-08  1.94993571e+00 
 2.59955000e-08 -2.15277533e-06  2.59955000e-08  1.05480891e+00  2.59955000e-08  1.94993480e+00 
 2.59965000e-08 -3.00153634e-06  2.59965000e-08  9.99192823e-01  2.59965000e-08  1.94993975e+00 
 2.59975000e-08 -3.66343541e-06  2.59975000e-08  9.42926712e-01  2.59975000e-08  1.94995089e+00 
 2.59985000e-08 -3.37946944e-06  2.59985000e-08  8.86054168e-01  2.59985000e-08  1.94996933e+00 
 2.61405000e-08  9.18852743e-01  2.61405000e-08  2.64702331e-04  2.61405000e-08  1.94988742e+00 
 2.61415000e-08  9.59925268e-01  2.61415000e-08  2.60101815e-04  2.61415000e-08  1.94989073e+00 
 2.61425000e-08  1.00048073e+00  2.61425000e-08  2.51787831e-04  2.61425000e-08  1.94989403e+00 
 2.61435000e-08  1.04056286e+00  2.61435000e-08  2.47452529e-04  2.61435000e-08  1.94989717e+00 
 2.61445000e-08  1.08024529e+00  2.61445000e-08  2.39488326e-04  2.61445000e-08  1.94990029e+00 
 2.61455000e-08  1.11963338e+00  2.61455000e-08  2.35397919e-04  2.61455000e-08  1.94990324e+00 
 2.64105000e-08  1.94995263e+00  2.64105000e-08  8.48875022e-01  2.64105000e-08  1.95003736e+00 
 2.64115000e-08  1.94995258e+00  2.64115000e-08  9.31022191e-01  2.64115000e-08  1.94990555e+00 
 2.64125000e-08  1.94995316e+00  2.64125000e-08  1.01111565e+00  2.64125000e-08  1.94976147e+00 
 2.64135000e-08  1.94995311e+00  2.64135000e-08  1.08909940e+00  2.64135000e-08  1.94960300e+00 
 2.64145000e-08  1.94995367e+00  2.64145000e-08  1.16504733e+00  2.64145000e-08  1.94945132e+00 
 2.64155000e-08  1.94995362e+00  2.64155000e-08  1.23925619e+00  2.64155000e-08  1.94929798e+00 
 2.65435000e-08  1.94997811e+00  2.65435000e-08  1.94997506e+00  2.65435000e-08  1.18878312e+00 
 2.65445000e-08  1.94998087e+00  2.65445000e-08  1.95000648e+00  2.65445000e-08  1.13124816e+00 
 2.65455000e-08  1.94998373e+00  2.65455000e-08  1.95003838e+00  2.65455000e-08  1.07359900e+00 
 2.65465000e-08  1.94998477e+00  2.65465000e-08  1.95006645e+00  2.65465000e-08  1.01563195e+00 
 2.65475000e-08  1.94998424e+00  2.65475000e-08  1.95008585e+00  2.65475000e-08  9.57229598e-01 
 2.65485000e-08  1.94998280e+00  2.65485000e-08  1.95010085e+00  2.65485000e-08  8.98227160e-01 
 2.66765000e-08  1.17511300e+00  2.66765000e-08  1.94999924e+00  2.66765000e-08  3.48740601e-04 
 2.66775000e-08  1.12291120e+00  2.66775000e-08  1.94999903e+00  2.66775000e-08  3.27426924e-04 
 2.66785000e-08  1.07101266e+00  2.66785000e-08  1.94999925e+00  2.66785000e-08  3.27308127e-04 
 2.66795000e-08  1.01937129e+00  2.66795000e-08  1.94999904e+00  2.66795000e-08  3.06409265e-04 
 2.66805000e-08  9.67902770e-01  2.66805000e-08  1.94999926e+00  2.66805000e-08  3.06760350e-04 
 2.66815000e-08  9.16569139e-01  2.66815000e-08  1.94999905e+00  2.66815000e-08  2.87803350e-04 
 2.71155000e-08 -1.01240940e-06  2.71155000e-08  1.16667137e+00  2.71155000e-08 -3.38715735e-06 
 2.71165000e-08 -1.32067898e-06  2.71165000e-08  1.11238667e+00  2.71165000e-08 -1.78240654e-06 
 2.71175000e-08 -2.13340201e-06  2.71175000e-08  1.05743654e+00  2.71175000e-08 -1.06322501e-06 
 2.71185000e-08 -2.98076766e-06  2.71185000e-08  1.00184807e+00  2.71185000e-08  1.76353001e-06 
 2.71195000e-08 -3.65855354e-06  2.71195000e-08  9.45611587e-01  2.71195000e-08  3.46267516e-06 
 2.71205000e-08 -3.39842269e-06  2.71205000e-08  8.88766031e-01  2.71205000e-08  6.90112468e-06 
 2.72625000e-08  9.17825237e-01  2.72625000e-08  3.16024012e-04  2.72625000e-08  8.25363138e-06 
 2.72635000e-08  9.58911051e-01  2.72635000e-08  3.08724654e-04  2.72635000e-08  8.69833457e-06 
 2.72645000e-08  9.99478916e-01  2.72645000e-08  2.99033245e-04  2.72645000e-08  7.67974885e-06 
 2.72655000e-08  1.03957205e+00  2.72655000e-08  2.92205827e-04  2.72655000e-08  8.14207558e-06 
 2.72665000e-08  1.07926319e+00  2.72665000e-08  2.83033800e-04  2.72665000e-08  7.15336881e-06 
 2.72675000e-08  1.11865691e+00  2.72675000e-08  2.76646314e-04  2.72675000e-08  7.63114203e-06 
 2.75325000e-08  1.94995263e+00  2.75325000e-08  8.44782747e-01  2.75325000e-08 -8.13127045e-05 
 2.75335000e-08  1.94995257e+00  2.75335000e-08  9.27069481e-01  2.75335000e-08 -1.28667333e-04 
 2.75345000e-08  1.94995316e+00  2.75345000e-08  1.00747602e+00  2.75345000e-08 -1.65591934e-04 
 2.75355000e-08  1.94995311e+00  2.75355000e-08  1.08597527e+00  2.75355000e-08 -1.86649037e-04 
 2.75365000e-08  1.94995368e+00  2.75365000e-08  1.16262501e+00  2.75365000e-08 -2.01229714e-04 
 2.75375000e-08  1.94995362e+00  2.75375000e-08  1.23759918e+00  2.75375000e-08 -2.25299160e-04 
 2.76515000e-08  1.94997152e+00  2.76515000e-08  1.94993932e+00  2.76515000e-08  8.79041040e-01 
 2.76525000e-08  1.94997170e+00  2.76525000e-08  1.94994637e+00  2.76525000e-08  9.39679435e-01 
 2.76535000e-08  1.94997156e+00  2.76535000e-08  1.94995170e+00  2.76535000e-08  9.99397165e-01 
 2.76545000e-08  1.94997159e+00  2.76545000e-08  1.94995695e+00  2.76545000e-08  1.06053481e+00 
 2.76555000e-08  1.94997137e+00  2.76555000e-08  1.94996386e+00  2.76555000e-08  1.12689188e+00 
 2.76565000e-08  1.94997147e+00  2.76565000e-08  1.94995651e+00  2.76565000e-08  1.20010483e+00 
 2.77985000e-08  1.17663255e+00  2.77985000e-08  1.94999902e+00  2.77985000e-08  1.94999250e+00 
 2.77995000e-08  1.12442103e+00  2.77995000e-08  1.94999891e+00  2.77995000e-08  1.94997564e+00 
 2.78005000e-08  1.07251282e+00  2.78005000e-08  1.94999905e+00  2.78005000e-08  1.94998661e+00 
 2.78015000e-08  1.02086514e+00  2.78015000e-08  1.94999896e+00  2.78015000e-08  1.94997622e+00 
 2.78025000e-08  9.69390929e-01  2.78025000e-08  1.94999909e+00  2.78025000e-08  1.94999156e+00 
 2.78035000e-08  9.18054252e-01  2.78035000e-08  1.94999898e+00  2.78035000e-08  1.94997569e+00 
 2.82035000e-08  1.58486418e-06  2.82035000e-08  2.00712536e+00  2.82035000e-08  1.94999889e+00 
 2.82375000e-08 -1.00790928e-06  2.82375000e-08  1.16818086e+00  2.82375000e-08  1.94994055e+00 
 2.82385000e-08 -1.28468670e-06  2.82385000e-08  1.11391595e+00  2.82385000e-08  1.94993591e+00 
 2.82395000e-08 -2.08963218e-06  2.82395000e-08  1.05898706e+00  2.82395000e-08  1.94993472e+00 
 2.82405000e-08 -2.93074869e-06  2.82405000e-08  1.00341786e+00  2.82405000e-08  1.94993913e+00 
 2.82415000e-08 -3.64637491e-06  2.82415000e-08  9.47201217e-01  2.82415000e-08  1.94994984e+00 
 2.82425000e-08 -3.43874765e-06  2.82425000e-08  8.90372866e-01  2.82425000e-08  1.94996767e+00 
 2.83845000e-08  9.15526117e-01  2.83845000e-08  2.65133287e-04  2.83845000e-08  1.94988721e+00 
 2.83855000e-08  9.56641680e-01  2.83855000e-08  2.60675111e-04  2.83855000e-08  1.94989042e+00 
 2.83865000e-08  9.97237389e-01  2.83865000e-08  2.52196951e-04  2.83865000e-08  1.94989384e+00 
 2.83875000e-08  1.03735527e+00  2.83875000e-08  2.47999465e-04  2.83875000e-08  1.94989687e+00 
 2.83885000e-08  1.07706725e+00  2.83885000e-08  2.39877014e-04  2.83885000e-08  1.94990010e+00 
 2.83895000e-08  1.11647508e+00  2.83895000e-08  2.35920324e-04  2.83895000e-08  1.94990295e+00 
 2.86545000e-08  1.94995262e+00  2.86545000e-08  8.42102713e-01  2.86545000e-08  1.95004883e+00 
 2.86555000e-08  1.94995256e+00  2.86555000e-08  9.24409805e-01  2.86555000e-08  1.94991636e+00 
 2.86565000e-08  1.94995314e+00  2.86565000e-08  1.00467349e+00  2.86565000e-08  1.94977374e+00 
 2.86575000e-08  1.94995308e+00  2.86575000e-08  1.08282867e+00  2.86575000e-08  1.94961601e+00 
 2.86585000e-08  1.94995366e+00  2.86585000e-08  1.15893305e+00  2.86585000e-08  1.94946219e+00 
 2.86595000e-08  1.94995360e+00  2.86595000e-08  1.23327139e+00  2.86595000e-08  1.94931180e+00 
 2.87875000e-08  1.94997792e+00  2.87875000e-08  1.94997253e+00  2.87875000e-08  1.19346649e+00 
 2.87885000e-08  1.94998057e+00  2.87885000e-08  1.95000382e+00  2.87885000e-08  1.13593253e+00 
 2.87895000e-08  1.94998356e+00  2.87895000e-08  1.95003573e+00  2.87895000e-08  1.07830384e+00 
 2.87905000e-08  1.94998477e+00  2.87905000e-08  1.95006470e+00  2.87905000e-08  1.02036374e+00 
 2.87915000e-08  1.94998434e+00  2.87915000e-08  1.95008425e+00  2.87915000e-08  9.62006914e-01 
 2.87925000e-08  1.94998297e+00  2.87925000e-08  1.95010012e+00  2.87925000e-08  9.03052703e-01 
 2.89205000e-08  1.17968587e+00  2.89205000e-08  1.94999924e+00  2.89205000e-08  3.50181752e-04 
 2.89215000e-08  1.12745708e+00  2.89215000e-08  1.94999903e+00  2.89215000e-08  3.28120625e-04 
 2.89225000e-08  1.07553154e+00  2.89225000e-08  1.94999924e+00  2.89225000e-08  3.28683626e-04 
 2.89235000e-08  1.02387332e+00  2.89235000e-08  1.94999904e+00  2.89235000e-08  3.07433893e-04 
 2.89245000e-08  9.72389645e-01  2.89245000e-08  1.94999926e+00  2.89245000e-08  3.08471140e-04 
 2.89255000e-08  9.21048500e-01  2.89255000e-08  1.94999905e+00  2.89255000e-08  2.87622966e-04 
 2.93595000e-08 -9.99360394e-07  2.93595000e-08  1.17133331e+00  2.93595000e-08 -3.37434828e-06 
 2.93605000e-08 -1.26081126e-06  2.93605000e-08  1.11710295e+00  2.93605000e-08 -1.92747154e-06 
 2.93615000e-08 -2.05319926e-06  2.93615000e-08  1.06221156e+00  2.93615000e-08 -1.18042591e-06 
 2.93625000e-08 -2.89848485e-06  2.93625000e-08  1.00667672e+00  2.93625000e-08  1.53270759e-06 
 2.93635000e-08 -3.63255178e-06  2.93635000e-08  9.50496847e-01  2.93635000e-08  3.28189020e-06 
 2.93645000e-08 -3.46607219e-06  2.93645000e-08  8.93701918e-01  2.93645000e-08  6.61608660e-06 
 2.95065000e-08  9.14016615e-01  2.95065000e-08  3.16640785e-04  2.95065000e-08  8.16474732e-06 
 2.95075000e-08  9.55151737e-01  2.95075000e-08  3.09598258e-04  2.95075000e-08  8.83907986e-06 
 2.95085000e-08  9.95765793e-01  2.95085000e-08  2.99608529e-04  2.95085000e-08  7.58849157e-06 
 2.95095000e-08  1.03590002e+00  2.95095000e-08  2.93033794e-04  2.95095000e-08  8.28090313e-06 
 2.95105000e-08  1.07562347e+00  2.95105000e-08  2.83570418e-04  2.95105000e-08  7.05997622e-06 
 2.95115000e-08  1.11503736e+00  2.95115000e-08  2.77431510e-04  2.95115000e-08  7.76817276e-06 
 2.97765000e-08  1.94995261e+00  2.97765000e-08  8.37241799e-01  2.97765000e-08 -7.64121616e-05 
 2.97775000e-08  1.94995254e+00  2.97775000e-08  9.19690460e-01  2.97775000e-08 -1.24789545e-04 
 2.97785000e-08  1.94995315e+00  2.97785000e-08  1.00027038e+00  2.97785000e-08 -1.62864306e-04 
 2.97795000e-08  1.94995308e+00  2.97795000e-08  1.07894203e+00  2.97795000e-08 -1.84019012e-04 
 2.97805000e-08  1.94995366e+00  2.97805000e-08  1.15575257e+00  2.97805000e-08 -1.99794364e-04 
 2.97815000e-08  1.94995359e+00  2.97815000e-08  1.23087291e+00  2.97815000e-08 -2.22741008e-04 
 2.98955000e-08  1.94997151e+00  2.98955000e-08  1.94993897e+00  2.98955000e-08  8.73488604e-01 
 2.98965000e-08  1.94997170e+00  2.98965000e-08  1.94994565e+00  2.98965000e-08  9.34253719e-01 
 2.98975000e-08  1.94997156e+00  2.98975000e-08  1.94995131e+00  2.98975000e-08  9.94004794e-01 
 2.98985000e-08  1.94997161e+00  2.98985000e-08  1.94995663e+00  2.98985000e-08  1.05478251e+00 
 2.98995000e-08  1.94997137e+00  2.98995000e-08  1.94996364e+00  2.98995000e-08  1.12051778e+00 
 2.99005000e-08  1.94997147e+00  2.99005000e-08  1.94995660e+00  2.99005000e-08  1.19345496e+00 
 3.00425000e-08  1.18159055e+00  3.00425000e-08  1.94999898e+00  3.00425000e-08  1.94998796e+00 
 3.00435000e-08  1.12934945e+00  3.00435000e-08  1.94999895e+00  3.00435000e-08  1.94997318e+00 
 3.00445000e-08  1.07741154e+00  3.00445000e-08  1.94999901e+00  3.00445000e-08  1.94998231e+00 
 3.00455000e-08  1.02574519e+00  3.00455000e-08  1.94999900e+00  3.00455000e-08  1.94997440e+00 
 3.00465000e-08  9.74254189e-01  3.00465000e-08  1.94999904e+00  3.00465000e-08  1.94998827e+00 
 3.00475000e-08  9.22908923e-01  3.00475000e-08  1.94999902e+00  3.00475000e-08  1.94997438e+00 
 3.04815000e-08 -9.77315533e-07  3.04815000e-08  1.17328932e+00  3.04815000e-08  1.94994116e+00 
 3.04825000e-08 -1.22264426e-06  3.04825000e-08  1.11908400e+00  3.04825000e-08  1.94993619e+00 
 3.04835000e-08 -1.99859958e-06  3.04835000e-08  1.06421950e+00  3.04835000e-08  1.94993466e+00 
 3.04845000e-08 -2.84773987e-06  3.04845000e-08  1.00870917e+00  3.04845000e-08  1.94993841e+00 
 3.04855000e-08 -3.60425408e-06  3.04855000e-08  9.52554675e-01  3.04855000e-08  1.94994857e+00 
 3.04865000e-08 -3.49245030e-06  3.04865000e-08  8.95781952e-01  3.04865000e-08  1.94996565e+00 
 3.06285000e-08  9.11932869e-01  3.06285000e-08  2.65895008e-04  3.06285000e-08  1.94988711e+00 
 3.06295000e-08  9.53095055e-01  3.06295000e-08  2.61158607e-04  3.06295000e-08  1.94988988e+00 
 3.06305000e-08  9.93734340e-01  3.06305000e-08  2.52925443e-04  3.06305000e-08  1.94989375e+00 
 3.06315000e-08  1.03389133e+00  3.06315000e-08  2.48456477e-04  3.06315000e-08  1.94989635e+00 
 3.06325000e-08  1.07363333e+00  3.06325000e-08  2.40574972e-04  3.06325000e-08  1.94990003e+00 
 3.06335000e-08  1.11306087e+00  3.06335000e-08  2.36352609e-04  3.06335000e-08  1.94990246e+00 
 3.08985000e-08  1.94995259e+00  3.08985000e-08  8.35091092e-01  3.08985000e-08  1.95006037e+00 
 3.08995000e-08  1.94995254e+00  3.08995000e-08  9.17562612e-01  3.08995000e-08  1.94992739e+00 
 3.09005000e-08  1.94995311e+00  3.09005000e-08  9.98002175e-01  3.09005000e-08  1.94978643e+00 
 3.09015000e-08  1.94995307e+00  3.09015000e-08  1.07633505e+00  3.09015000e-08  1.94962939e+00 
 3.09025000e-08  1.94995363e+00  3.09025000e-08  1.15260336e+00  3.09025000e-08  1.94947343e+00 
 3.09035000e-08  1.94995358e+00  3.09035000e-08  1.22707765e+00  3.09035000e-08  1.94932596e+00 
 3.10315000e-08  1.94997774e+00  3.10315000e-08  1.94997031e+00  3.10315000e-08  1.19830224e+00 
 3.10325000e-08  1.94998025e+00  3.10325000e-08  1.95000066e+00  3.10325000e-08  1.14076875e+00 
 3.10335000e-08  1.94998337e+00  3.10335000e-08  1.95003340e+00  3.10335000e-08  1.08315976e+00 
 3.10345000e-08  1.94998474e+00  3.10345000e-08  1.95006243e+00  3.10345000e-08  1.02524656e+00 
 3.10355000e-08  1.94998443e+00  3.10355000e-08  1.95008297e+00  3.10355000e-08  9.66935519e-01 
 3.10365000e-08  1.94998314e+00  3.10365000e-08  1.95009893e+00  3.10365000e-08  9.08030659e-01 
 3.11655000e-08  1.13227252e+00  3.11655000e-08  1.94999910e+00  3.11655000e-08  3.30359932e-04 
 3.11665000e-08  1.08031786e+00  3.11665000e-08  1.94999914e+00  3.11665000e-08  3.27396777e-04 
 3.11675000e-08  1.02864115e+00  3.11675000e-08  1.94999910e+00  3.11675000e-08  3.09703678e-04 
 3.11685000e-08  9.77140913e-01  3.11685000e-08  1.94999914e+00  3.11685000e-08  3.07264502e-04 
 3.11695000e-08  9.25791262e-01  3.11695000e-08  1.94999910e+00  3.11695000e-08  2.90315263e-04 
 3.11705000e-08  8.74524682e-01  3.11705000e-08  1.94999914e+00  3.11705000e-08  2.88361665e-04 
 3.16035000e-08 -9.73595429e-07  3.16035000e-08  1.17644071e+00  3.16035000e-08 -3.25563489e-06 
 3.16045000e-08 -1.20473531e-06  3.16045000e-08  1.12227002e+00  3.16045000e-08 -2.18337391e-06 
 3.16055000e-08 -1.96571884e-06  3.16055000e-08  1.06744306e+00  3.16055000e-08 -1.20441747e-06 
 3.16065000e-08 -2.81600427e-06  3.16065000e-08  1.01196713e+00  3.16065000e-08  1.19151435e-06 
 3.16075000e-08 -3.58802541e-06  3.16075000e-08  9.55849458e-01  3.16075000e-08  3.16434793e-06 
 3.16085000e-08 -3.51759391e-06  3.16085000e-08  8.99110223e-01  3.16085000e-08  6.21998997e-06 
 3.17505000e-08  9.10338068e-01  3.17505000e-08  3.17400369e-04  3.17505000e-08  8.10453417e-06 
 3.17515000e-08  9.51521052e-01  3.17515000e-08  3.10483492e-04  3.17515000e-08  8.95587796e-06 
 3.17525000e-08  9.92179753e-01  3.17525000e-08  3.00320476e-04  3.17525000e-08  7.52560684e-06 
 3.17535000e-08  1.03235430e+00  3.17535000e-08  2.93870414e-04  3.17535000e-08  8.39570867e-06 
 3.17545000e-08  1.07211070e+00  3.17545000e-08  2.84237903e-04  3.17545000e-08  6.99466684e-06 
 3.17555000e-08  1.11154817e+00  3.17555000e-08  2.78222638e-04  3.17555000e-08  7.88112982e-06 
 3.20205000e-08  1.94995255e+00  3.20205000e-08  8.29823262e-01  3.20205000e-08 -7.15357371e-05 
 3.20215000e-08  1.94995257e+00  3.20215000e-08  9.12428398e-01  3.20215000e-08 -1.20930025e-04 
 3.20225000e-08  1.94995308e+00  3.20225000e-08  9.93182219e-01  3.20225000e-08 -1.60063756e-04 
 3.20235000e-08  1.94995309e+00  3.20235000e-08  1.07202774e+00  3.20235000e-08 -1.81297238e-04 
 3.20245000e-08  1.94995361e+00  3.20245000e-08  1.14898679e+00  3.20245000e-08 -1.98359712e-04 
 3.20255000e-08  1.94995362e+00  3.20255000e-08  1.22425649e+00  3.20255000e-08 -2.20105713e-04 
 3.21395000e-08  1.94997152e+00  3.21395000e-08  1.94993861e+00  3.21395000e-08  8.68019632e-01 
 3.21405000e-08  1.94997168e+00  3.21405000e-08  1.94994498e+00  3.21405000e-08  9.28914575e-01 
 3.21415000e-08  1.94997158e+00  3.21415000e-08  1.94995087e+00  3.21415000e-08  9.88711638e-01 
 3.21425000e-08  1.94997160e+00  3.21425000e-08  1.94995628e+00  3.21425000e-08  1.04920313e+00 
 3.21435000e-08  1.94997140e+00  3.21435000e-08  1.94996332e+00  3.21435000e-08  1.11433109e+00 
 3.21445000e-08  1.94997145e+00  3.21445000e-08  1.94995688e+00  3.21445000e-08  1.18691481e+00 
 3.22875000e-08  1.13405460e+00  3.22875000e-08  1.94999899e+00  3.22875000e-08  1.94998015e+00 
 3.22885000e-08  1.08208828e+00  3.22885000e-08  1.94999896e+00  3.22885000e-08  1.94999119e+00 
 3.22895000e-08  1.03040367e+00  3.22895000e-08  1.94999902e+00  3.22895000e-08  1.94997928e+00 
 3.22905000e-08  9.78896560e-01  3.22905000e-08  1.94999900e+00  3.22905000e-08  1.94998637e+00 
 3.22915000e-08  9.27542904e-01  3.22915000e-08  1.94999906e+00  3.22915000e-08  1.94997988e+00 
 3.22925000e-08  8.76272502e-01  3.22925000e-08  1.94999903e+00  3.22925000e-08  1.94999066e+00 
 3.27255000e-08 -9.62799554e-07  3.27255000e-08  1.17812978e+00  3.27255000e-08  1.94994175e+00 
 3.27265000e-08 -1.20350742e-06  3.27265000e-08  1.12398109e+00  3.27265000e-08  1.94993648e+00 
 3.27275000e-08 -1.96205370e-06  3.27275000e-08  1.06917769e+00  3.27275000e-08  1.94993465e+00 
 3.27285000e-08 -2.82363029e-06  3.27285000e-08  1.01372328e+00  3.27285000e-08  1.94993778e+00 
 3.27295000e-08 -3.62214762e-06  3.27295000e-08  9.57627828e-01  3.27295000e-08  1.94994742e+00 
 3.27305000e-08 -3.61044808e-06  3.27305000e-08  9.00908112e-01  3.27305000e-08  1.94996378e+00 
 3.28725000e-08  9.08423721e-01  3.28725000e-08  2.66680410e-04  3.28725000e-08  1.94988701e+00 
 3.28735000e-08  9.49631670e-01  3.28735000e-08  2.61557360e-04  3.28735000e-08  1.94988938e+00 
 3.28745000e-08  9.90313768e-01  3.28745000e-08  2.53677550e-04  3.28745000e-08  1.94989367e+00 
 3.28755000e-08  1.03050950e+00  3.28755000e-08  2.48831610e-04  3.28755000e-08  1.94989587e+00 
 3.28765000e-08  1.07028335e+00  3.28765000e-08  2.41296141e-04  3.28765000e-08  1.94989996e+00 
 3.28775000e-08  1.10973297e+00  3.28775000e-08  2.36705880e-04  3.28775000e-08  1.94990199e+00 
 3.31425000e-08  1.94995251e+00  3.31425000e-08  8.27991987e-01  3.31425000e-08  1.95007162e+00 
 3.31435000e-08  1.94995259e+00  3.31435000e-08  9.10625480e-01  3.31435000e-08  1.94993842e+00 
 3.31445000e-08  1.94995304e+00  3.31445000e-08  9.91242009e-01  3.31445000e-08  1.94979922e+00 
 3.31455000e-08  1.94995311e+00  3.31455000e-08  1.06975302e+00  3.31455000e-08  1.94964289e+00 
 3.31465000e-08  1.94995355e+00  3.31465000e-08  1.14618953e+00  3.31465000e-08  1.94948477e+00 
 3.31475000e-08  1.94995363e+00  3.31475000e-08  1.22082208e+00  3.31475000e-08  1.94933982e+00 
 3.32765000e-08  1.94997993e+00  3.32765000e-08  1.94999798e+00  3.32765000e-08  1.14559403e+00 
 3.32775000e-08  1.94998321e+00  3.32775000e-08  1.95003089e+00  3.32775000e-08  1.08800338e+00 
 3.32785000e-08  1.94998469e+00  3.32785000e-08  1.95006011e+00  3.32785000e-08  1.03011623e+00 
 3.32795000e-08  1.94998453e+00  3.32795000e-08  1.95008154e+00  3.32795000e-08  9.71849863e-01 
 3.32805000e-08  1.94998327e+00  3.32805000e-08  1.95009772e+00  3.32805000e-08  9.12993969e-01 
 3.32815000e-08  1.94998116e+00  3.32815000e-08  1.95010673e+00  3.32815000e-08  8.53520984e-01 
 3.34095000e-08  1.13652025e+00  3.34095000e-08  1.94999911e+00  3.34095000e-08  3.32456126e-04 
 3.34105000e-08  1.08453894e+00  3.34105000e-08  1.94999902e+00  3.34105000e-08  3.27132076e-04 
 3.34115000e-08  1.03284436e+00  3.34115000e-08  1.94999911e+00  3.34115000e-08  3.11726769e-04 
 3.34125000e-08  9.81328706e-01  3.34125000e-08  1.94999903e+00  3.34125000e-08  3.06957696e-04 
 3.34135000e-08  9.29970375e-01  3.34135000e-08  1.94999911e+00  3.34135000e-08  2.92267593e-04 
 3.34145000e-08  8.78695257e-01  3.34145000e-08  1.94999903e+00  3.34145000e-08  2.88016358e-04 
 3.38475000e-08 -9.59372076e-07  3.38475000e-08  1.18073659e+00  3.38475000e-08 -3.15946575e-06 
 3.38485000e-08 -1.17665197e-06  3.38485000e-08  1.12661622e+00  3.38485000e-08 -2.38681413e-06 
 3.38495000e-08 -1.91318737e-06  3.38495000e-08  1.07184346e+00  3.38495000e-08 -1.22741618e-06 
 3.38505000e-08 -2.77754893e-06  3.38505000e-08  1.01641720e+00  3.38505000e-08  1.01252129e-06 
 3.38515000e-08 -3.59438643e-06  3.38515000e-08  9.60351951e-01  3.38515000e-08  3.18785307e-06 
 3.38525000e-08 -3.63121074e-06  3.38525000e-08  9.03659841e-01  3.38525000e-08  5.92482124e-06 
 3.39945000e-08  9.06502811e-01  3.39945000e-08  3.18208491e-04  3.39945000e-08  8.18243267e-06 
 3.39955000e-08  9.47735847e-01  3.39955000e-08  3.11062526e-04  3.39955000e-08  8.92479380e-06 
 3.39965000e-08  9.88441480e-01  3.39965000e-08  3.01084921e-04  3.39965000e-08  7.60065507e-06 
 3.39975000e-08  1.02865859e+00  3.39975000e-08  2.94412058e-04  3.39975000e-08  8.36366294e-06 
 3.39985000e-08  1.06845013e+00  3.39985000e-08  2.84961436e-04  3.39985000e-08  7.06702179e-06 
 3.39995000e-08  1.10791222e+00  3.39995000e-08  2.78729424e-04  3.39995000e-08  7.84825645e-06 
 3.42645000e-08  1.94995248e+00  3.42645000e-08  8.22092104e-01  3.42645000e-08 -6.64640005e-05 
 3.42655000e-08  1.94995260e+00  3.42655000e-08  9.04859434e-01  3.42655000e-08 -1.16830132e-04 
 3.42665000e-08  1.94995301e+00  3.42665000e-08  9.85789322e-01  3.42665000e-08 -1.57183188e-04 
 3.42675000e-08  1.94995313e+00  3.42675000e-08  1.06481152e+00  3.42675000e-08 -1.79652765e-04 
 3.42685000e-08  1.94995352e+00  3.42685000e-08  1.14194847e+00  3.42685000e-08 -1.97589107e-04 
 3.42695000e-08  1.94995364e+00  3.42695000e-08  1.21737788e+00  3.42695000e-08 -2.17021822e-04 
 3.43835000e-08  1.94997153e+00  3.43835000e-08  1.94993822e+00  3.43835000e-08  8.62197825e-01 
 3.43845000e-08  1.94997166e+00  3.43845000e-08  1.94994431e+00  3.43845000e-08  9.23236190e-01 
 3.43855000e-08  1.94997160e+00  3.43855000e-08  1.94995038e+00  3.43855000e-08  9.83094840e-01 
 3.43865000e-08  1.94997159e+00  3.43865000e-08  1.94995589e+00  3.43865000e-08  1.04334526e+00 
 3.43875000e-08  1.94997143e+00  3.43875000e-08  1.94996285e+00  3.43875000e-08  1.10785792e+00 
 3.43885000e-08  1.94997143e+00  3.43885000e-08  1.94995739e+00  3.43885000e-08  1.17996864e+00 
 3.45315000e-08  1.13877260e+00  3.45315000e-08  1.94999903e+00  3.45315000e-08  1.94998390e+00 
 3.45325000e-08  1.08677747e+00  3.45325000e-08  1.94999893e+00  3.45325000e-08  1.94998877e+00 
 3.45335000e-08  1.03507362e+00  3.45335000e-08  1.94999906e+00  3.45335000e-08  1.94998380e+00 
 3.45345000e-08  9.83550054e-01  3.45345000e-08  1.94999896e+00  3.45345000e-08  1.94999180e+00 
 3.45355000e-08  9.32187349e-01  3.45355000e-08  1.94999908e+00  3.45355000e-08  1.94998642e+00 
 3.45365000e-08  8.80907878e-01  3.45365000e-08  1.94999900e+00  3.45365000e-08  1.94999387e+00 
 3.49695000e-08 -9.56245851e-07  3.49695000e-08  1.18297667e+00  3.49695000e-08  1.94994235e+00 
 3.49705000e-08 -1.15361288e-06  3.49705000e-08  1.12888480e+00  3.49705000e-08  1.94993680e+00 
 3.49715000e-08 -1.86853925e-06  3.49715000e-08  1.07414254e+00  3.49715000e-08  1.94993467e+00 
 3.49725000e-08 -2.73159597e-06  3.49725000e-08  1.01874427e+00  3.49725000e-08  1.94993720e+00 
 3.49735000e-08 -3.56563032e-06  3.49735000e-08  9.62708071e-01  3.49735000e-08  1.94994632e+00 
 3.49745000e-08 -3.65484145e-06  3.49745000e-08  9.06041683e-01  3.49745000e-08  1.94996197e+00 
 3.51165000e-08  9.04420911e-01  3.51165000e-08  2.67463622e-04  3.51165000e-08  1.94988667e+00 
 3.51175000e-08  9.45681150e-01  3.51175000e-08  2.61965350e-04  3.51175000e-08  1.94988909e+00 
 3.51185000e-08  9.86412369e-01  3.51185000e-08  2.54427252e-04  3.51185000e-08  1.94989335e+00 
 3.51195000e-08  1.02665279e+00  3.51195000e-08  2.49215668e-04  3.51195000e-08  1.94989560e+00 
 3.51205000e-08  1.06646370e+00  3.51205000e-08  2.42014733e-04  3.51205000e-08  1.94989966e+00 
 3.51215000e-08  1.10593958e+00  3.51215000e-08  2.37067799e-04  3.51215000e-08  1.94990174e+00 
 3.53865000e-08  1.94995244e+00  3.53865000e-08  8.19864657e-01  3.53865000e-08  1.95008393e+00 
 3.53875000e-08  1.94995262e+00  3.53875000e-08  9.02679302e-01  3.53875000e-08  1.94995089e+00 
 3.53885000e-08  1.94995297e+00  3.53885000e-08  9.83496518e-01  3.53885000e-08  1.94981362e+00 
 3.53895000e-08  1.94995314e+00  3.53895000e-08  1.06221029e+00  3.53895000e-08  1.94965848e+00 
 3.53905000e-08  1.94995349e+00  3.53905000e-08  1.13883055e+00  3.53905000e-08  1.94949979e+00 
 3.53915000e-08  1.94995366e+00  3.53915000e-08  1.21361140e+00  3.53915000e-08  1.94935557e+00 
 3.55205000e-08  1.94997956e+00  3.55205000e-08  1.94999480e+00  3.55205000e-08  1.15123814e+00 
 3.55215000e-08  1.94998301e+00  3.55215000e-08  1.95002783e+00  3.55215000e-08  1.09366374e+00 
 3.55225000e-08  1.94998463e+00  3.55225000e-08  1.95005753e+00  3.55225000e-08  1.03580723e+00 
 3.55235000e-08  1.94998462e+00  3.55235000e-08  1.95007988e+00  3.55235000e-08  9.77587333e-01 
 3.55245000e-08  1.94998341e+00  3.55245000e-08  1.95009644e+00  3.55245000e-08  9.18788120e-01 
 3.55255000e-08  1.94998140e+00  3.55255000e-08  1.95010623e+00  3.55255000e-08  8.59380366e-01 
 3.56535000e-08  1.14175119e+00  3.56535000e-08  1.94999912e+00  3.56535000e-08  3.34266301e-04 
 3.56545000e-08  1.08973797e+00  3.56545000e-08  1.94999895e+00  3.56545000e-08  3.27375684e-04 
 3.56555000e-08  1.03802094e+00  3.56555000e-08  1.94999913e+00  3.56555000e-08  3.13467998e-04 
 3.56565000e-08  9.86487056e-01  3.56565000e-08  1.94999896e+00  3.56565000e-08  3.07144700e-04 
 3.56575000e-08  9.35117837e-01  3.56575000e-08  1.94999913e+00  3.56575000e-08  2.93943618e-04 
 3.56585000e-08  8.83832837e-01  3.56585000e-08  1.94999896e+00  3.56585000e-08  2.88150540e-04 
 3.60915000e-08 -9.52891375e-07  3.60915000e-08  1.18599922e+00  3.60915000e-08 -3.06784367e-06 
 3.60925000e-08 -1.13087326e-06  3.60925000e-08  1.13194067e+00  3.60925000e-08 -2.59232048e-06 
 3.60935000e-08 -1.81878658e-06  3.60935000e-08  1.07723434e+00  3.60935000e-08 -1.28000065e-06 
 3.60945000e-08 -2.68178227e-06  3.60945000e-08  1.02186909e+00  3.60945000e-08  6.11113563e-07 
 3.60955000e-08 -3.53047300e-06  3.60955000e-08  9.65868243e-01  3.60955000e-08  2.91454258e-06 
 3.60965000e-08 -3.67833099e-06  3.60965000e-08  9.09234120e-01  3.60965000e-08  5.52026851e-06 
 3.62395000e-08  9.43364719e-01  3.62395000e-08  3.11766218e-04  3.62395000e-08  8.85740048e-06 
 3.62405000e-08  9.84124920e-01  3.62405000e-08  3.02033747e-04  3.62405000e-08  7.72283443e-06 
 3.62415000e-08  1.02439180e+00  3.62415000e-08  2.95069572e-04  3.62415000e-08  8.29566226e-06 
 3.62425000e-08  1.06422483e+00  3.62425000e-08  2.85860037e-04  3.62425000e-08  7.18524344e-06 
 3.62435000e-08  1.10371664e+00  3.62435000e-08  2.79343887e-04  3.62435000e-08  7.77981221e-06 
 3.62445000e-08  1.14299338e+00  3.62445000e-08  2.70624293e-04  3.62445000e-08  6.69194614e-06 
 3.65085000e-08  1.94995240e+00  3.65085000e-08  8.13090366e-01  3.65085000e-08 -6.06435412e-05 
 3.65095000e-08  1.94995263e+00  3.65095000e-08  8.96039960e-01  3.65095000e-08 -1.11905764e-04 
 3.65105000e-08  1.94995293e+00  3.65105000e-08  9.77171894e-01  3.65105000e-08 -1.53494616e-04 
 3.65115000e-08  1.94995316e+00  3.65115000e-08  1.05639773e+00  3.65115000e-08 -1.77842389e-04 
 3.65125000e-08  1.94995345e+00  3.65125000e-08  1.13373083e+00  3.65125000e-08 -1.96483538e-04 
 3.65135000e-08  1.94995367e+00  3.65135000e-08  1.20933388e+00  3.65135000e-08 -2.13353736e-04 
 3.66275000e-08  1.94997154e+00  3.66275000e-08  1.94993776e+00  3.66275000e-08  8.55516423e-01 
 3.66285000e-08  1.94997163e+00  3.66285000e-08  1.94994363e+00  3.66285000e-08  9.16724551e-01 
 3.66295000e-08  1.94997163e+00  3.66295000e-08  1.94994972e+00  3.66295000e-08  9.76667880e-01 
 3.66305000e-08  1.94997158e+00  3.66305000e-08  1.94995547e+00  3.66305000e-08  1.03670823e+00 
 3.66315000e-08  1.94997146e+00  3.66315000e-08  1.94996210e+00  3.66315000e-08  1.10057262e+00 
 3.66325000e-08  1.94997141e+00  3.66325000e-08  1.94995826e+00  3.66325000e-08  1.17201858e+00 
 3.67755000e-08  1.14424999e+00  3.67755000e-08  1.94999901e+00  3.67755000e-08  1.94999016e+00 
 3.67765000e-08  1.09222311e+00  3.67765000e-08  1.94999894e+00  3.67765000e-08  1.94999412e+00 
 3.67775000e-08  1.04049328e+00  3.67775000e-08  1.94999906e+00  3.67775000e-08  1.94999100e+00 
 3.67785000e-08  9.88952070e-01  3.67785000e-08  1.94999897e+00  3.67785000e-08  1.94999471e+00 
 3.67795000e-08  9.37575889e-01  3.67795000e-08  1.94999908e+00  3.67795000e-08  1.94999167e+00 
 3.67805000e-08  8.86287513e-01  3.67805000e-08  1.94999900e+00  3.67805000e-08  1.94999533e+00 
 3.72135000e-08 -9.50258730e-07  3.72135000e-08  1.18860864e+00  3.72135000e-08  1.94994305e+00 
 3.72145000e-08 -1.11182665e-06  3.72145000e-08  1.13458300e+00  3.72145000e-08  1.94993723e+00 
 3.72155000e-08 -1.77543381e-06  3.72155000e-08  1.07991188e+00  3.72155000e-08  1.94993474e+00 
 3.72165000e-08 -2.63772386e-06  3.72165000e-08  1.02457902e+00  3.72165000e-08  1.94993661e+00 
 3.72175000e-08 -3.49750908e-06  3.72175000e-08  9.68611864e-01  3.72175000e-08  1.94994509e+00 
 3.72185000e-08 -3.69559872e-06  3.72185000e-08  9.12007764e-01  3.72185000e-08  1.94995996e+00 
 3.73615000e-08  9.41251082e-01  3.73615000e-08  2.62457243e-04  3.73615000e-08  1.94988882e+00 
 3.73625000e-08  9.82037391e-01  3.73625000e-08  2.55301135e-04  3.73625000e-08  1.94989294e+00 
 3.73635000e-08  1.02232895e+00  3.73635000e-08  2.49679142e-04  3.73635000e-08  1.94989535e+00 
 3.73645000e-08  1.06218198e+00  3.73645000e-08  2.42851961e-04  3.73645000e-08  1.94989926e+00 
 3.73655000e-08  1.10168903e+00  3.73655000e-08  2.37505005e-04  3.73655000e-08  1.94990151e+00 
 3.73665000e-08  1.14097297e+00  3.73665000e-08  2.30985501e-04  3.73665000e-08  1.94990523e+00 
 3.76305000e-08  1.94995236e+00  3.76305000e-08  8.10900076e-01  3.76305000e-08  1.95009688e+00 
 3.76315000e-08  1.94995265e+00  3.76315000e-08  8.93912701e-01  3.76315000e-08  1.94996440e+00 
 3.76325000e-08  1.94995289e+00  3.76325000e-08  9.74951191e-01  3.76325000e-08  1.94982920e+00 
 3.76335000e-08  1.94995318e+00  3.76335000e-08  1.05389812e+00  3.76335000e-08  1.94967573e+00 
 3.76345000e-08  1.94995341e+00  3.76345000e-08  1.13074524e+00  3.76345000e-08  1.94951627e+00 
 3.76355000e-08  1.94995369e+00  3.76355000e-08  1.20570540e+00  3.76355000e-08  1.94937123e+00 
 3.77645000e-08  1.94997932e+00  3.77645000e-08  1.94999160e+00  3.77645000e-08  1.15738295e+00 
 3.77655000e-08  1.94998270e+00  3.77655000e-08  1.95002439e+00  3.77655000e-08  1.09981941e+00 
 3.77665000e-08  1.94998452e+00  3.77665000e-08  1.95005458e+00  3.77665000e-08  1.04200216e+00 
 3.77675000e-08  1.94998469e+00  3.77675000e-08  1.95007780e+00  3.77675000e-08  9.83828161e-01 
 3.77685000e-08  1.94998356e+00  3.77685000e-08  1.95009490e+00  3.77685000e-08  9.25097706e-01 
 3.77695000e-08  1.94998164e+00  3.77695000e-08  1.95010546e+00  3.77695000e-08  8.65758551e-01 
 3.78975000e-08  1.14697836e+00  3.78975000e-08  1.94999918e+00  3.78975000e-08  3.35612182e-04 
 3.78985000e-08  1.09493693e+00  3.78985000e-08  1.94999895e+00  3.78985000e-08  3.28275809e-04 
 3.78995000e-08  1.04319343e+00  3.78995000e-08  1.94999921e+00  3.78995000e-08  3.14749307e-04 
 3.79005000e-08  9.91644545e-01  3.79005000e-08  1.94999897e+00  3.79005000e-08  3.07971056e-04 
 3.79015000e-08  9.40261028e-01  3.79015000e-08  1.94999923e+00  3.79015000e-08  2.95163598e-04 
 3.79025000e-08  8.88969254e-01  3.79025000e-08  1.94999900e+00  3.79025000e-08  2.88907688e-04 
 3.83365000e-08 -1.10298718e-06  3.83365000e-08  1.13767857e+00  3.83365000e-08 -2.77439517e-06 
 3.83375000e-08 -1.74948136e-06  3.83375000e-08  1.08304392e+00  3.83375000e-08 -1.35510781e-06 
 3.83385000e-08 -2.61017035e-06  3.83385000e-08  1.02774457e+00  3.83385000e-08  3.10859925e-07 
 3.83395000e-08 -3.47510565e-06  3.83395000e-08  9.71813330e-01  3.83395000e-08  2.72862777e-06 
 3.83405000e-08 -3.71092671e-06  3.83405000e-08  9.15242027e-01  3.83405000e-08  5.14484806e-06 
 3.83415000e-08 -2.92408042e-06  3.83415000e-08  8.58076109e-01  3.83415000e-08  8.08444491e-06 
 3.84835000e-08  9.39674138e-01  3.84835000e-08  3.12505197e-04  3.84835000e-08  8.75483279e-06 
 3.84845000e-08  9.80479974e-01  3.84845000e-08  3.03097219e-04  3.84845000e-08  7.88440212e-06 
 3.84855000e-08  1.02079003e+00  3.84855000e-08  2.95758978e-04  3.84855000e-08  8.19252321e-06 
 3.84865000e-08  1.06065811e+00  3.84865000e-08  2.86868168e-04  3.84865000e-08  7.34246560e-06 
 3.84875000e-08  1.10017673e+00  3.84875000e-08  2.79987099e-04  3.84875000e-08  7.67628213e-06 
 3.84885000e-08  1.13946627e+00  3.84885000e-08  2.71580526e-04  3.84885000e-08  6.84507019e-06 
 3.87525000e-08  1.94995233e+00  3.87525000e-08  8.05691120e-01  3.87525000e-08 -5.59485111e-05 
 3.87535000e-08  1.94995266e+00  3.87535000e-08  8.88790827e-01  3.87535000e-08 -1.07762712e-04 
 3.87545000e-08  1.94995286e+00  3.87545000e-08  9.70089807e-01  3.87545000e-08 -1.50338299e-04 
 3.87555000e-08  1.94995319e+00  3.87555000e-08  1.04948358e+00  3.87555000e-08 -1.76177675e-04 
 3.87565000e-08  1.94995338e+00  3.87565000e-08  1.12698041e+00  3.87565000e-08 -1.95244651e-04 
 3.87575000e-08  1.94995370e+00  3.87575000e-08  1.20272716e+00  3.87575000e-08 -2.10951224e-04 
 3.88715000e-08  1.94997155e+00  3.88715000e-08  1.94993752e+00  3.88715000e-08  8.50110787e-01 
 3.88725000e-08  1.94997161e+00  3.88725000e-08  1.94994306e+00  3.88725000e-08  9.11458585e-01 
 3.88735000e-08  1.94997165e+00  3.88735000e-08  1.94994919e+00  3.88735000e-08  9.71479883e-01 
 3.88745000e-08  1.94997157e+00  3.88745000e-08  1.94995508e+00  3.88745000e-08  1.03139370e+00 
 3.88755000e-08  1.94997149e+00  3.88755000e-08  1.94996140e+00  3.88755000e-08  1.09478375e+00 
 3.88765000e-08  1.94997139e+00  3.88765000e-08  1.94995911e+00  3.88765000e-08  1.16560560e+00 
 3.90195000e-08  1.14873338e+00  3.90195000e-08  1.94999902e+00  3.90195000e-08  1.94999168e+00 
 3.90205000e-08  1.09668178e+00  3.90205000e-08  1.94999894e+00  3.90205000e-08  1.94999274e+00 
 3.90215000e-08  1.04492866e+00  3.90215000e-08  1.94999904e+00  3.90215000e-08  1.94999239e+00 
 3.90225000e-08  9.93374037e-01  3.90225000e-08  1.94999897e+00  3.90225000e-08  1.94999346e+00 
 3.90235000e-08  9.41985196e-01  3.90235000e-08  1.94999908e+00  3.90235000e-08  1.94999311e+00 
 3.90245000e-08  8.90690679e-01  3.90245000e-08  1.94999900e+00  3.90245000e-08  1.94999403e+00 
 3.94585000e-08 -1.08832853e-06  3.94585000e-08  1.13949947e+00  3.94585000e-08  1.94993765e+00 
 3.94595000e-08 -1.71356535e-06  3.94595000e-08  1.08488977e+00  3.94595000e-08  1.94993481e+00 
 3.94605000e-08 -2.57238222e-06  3.94605000e-08  1.02961348e+00  3.94605000e-08  1.94993619e+00 
 3.94615000e-08 -3.44487776e-06  3.94615000e-08  9.73706073e-01  3.94615000e-08  1.94994407e+00 
 3.94625000e-08 -3.72099874e-06  3.94625000e-08  9.17155984e-01  3.94625000e-08  1.94995831e+00 
 3.94635000e-08 -2.98346757e-06  3.94635000e-08  8.60010971e-01  3.94635000e-08  1.94997999e+00 
 3.96055000e-08  9.37883679e-01  3.96055000e-08  2.62821053e-04  3.96055000e-08  1.94988857e+00 
 3.96065000e-08  9.78711920e-01  3.96065000e-08  2.56111697e-04  3.96065000e-08  1.94989260e+00 
 3.96075000e-08  1.01904287e+00  3.96075000e-08  2.50020241e-04  3.96075000e-08  1.94989511e+00 
 3.96085000e-08  1.05892836e+00  3.96085000e-08  2.43629464e-04  3.96085000e-08  1.94989895e+00 
 3.96095000e-08  1.09846013e+00  3.96095000e-08  2.37825173e-04  3.96095000e-08  1.94990128e+00 
 3.96105000e-08  1.13775645e+00  3.96105000e-08  2.31731847e-04  3.96105000e-08  1.94990493e+00 
 3.98745000e-08  1.94995229e+00  3.98745000e-08  8.04165777e-01  3.98745000e-08  1.95010617e+00 
 3.98755000e-08  1.94995267e+00  3.98755000e-08  8.87325532e-01  3.98755000e-08  1.94997435e+00 
 3.98765000e-08  1.94995282e+00  3.98765000e-08  9.68530070e-01  3.98765000e-08  1.94984084e+00 
 3.98775000e-08  1.94995320e+00  3.98775000e-08  1.04764479e+00  3.98775000e-08  1.94968870e+00 
 3.98785000e-08  1.94995335e+00  3.98785000e-08  1.12465717e+00  3.98785000e-08  1.94952921e+00 
 3.98795000e-08  1.94995371e+00  3.98795000e-08  1.19975474e+00  3.98795000e-08  1.94938436e+00 
 4.00085000e-08  1.94997915e+00  4.00085000e-08  1.94998944e+00  4.00085000e-08  1.16202599e+00 
 4.00095000e-08  1.94998247e+00  4.00095000e-08  1.95002172e+00  4.00095000e-08  1.10447019e+00 
 4.00105000e-08  1.94998443e+00  4.00105000e-08  1.95005223e+00  4.00105000e-08  1.04668255e+00 
 4.00115000e-08  1.94998472e+00  4.00115000e-08  1.95007603e+00  4.00115000e-08  9.88543820e-01 
 4.00125000e-08  1.94998365e+00  4.00125000e-08  1.95009364e+00  4.00125000e-08  9.29866489e-01 
 4.00135000e-08  1.94998182e+00  4.00135000e-08  1.95010469e+00  4.00135000e-08  8.70581009e-01 
 4.01415000e-08  1.15039354e+00  4.01415000e-08  1.94999927e+00  4.01415000e-08  3.36506095e-04 
 4.01425000e-08  1.09833397e+00  4.01425000e-08  1.94999901e+00  4.01425000e-08  3.29188657e-04 
 4.01435000e-08  1.04657331e+00  4.01435000e-08  1.94999927e+00  4.01435000e-08  3.15593320e-04 
 4.01445000e-08  9.95014758e-01  4.01445000e-08  1.94999902e+00  4.01445000e-08  3.08822616e-04 
 4.01455000e-08  9.43622163e-01  4.01455000e-08  1.94999928e+00  4.01455000e-08  2.95961445e-04 
 4.01465000e-08  8.92326092e-01  4.01465000e-08  1.94999904e+00  4.01465000e-08  2.89701754e-04 
 4.05805000e-08 -1.08508745e-06  4.05805000e-08  1.14169860e+00  4.05805000e-08 -2.88690054e-06 
 4.05815000e-08 -1.70989252e-06  4.05815000e-08  1.08711418e+00  4.05815000e-08 -1.41263811e-06 
 4.05825000e-08 -2.57214419e-06  4.05825000e-08  1.03186109e+00  4.05825000e-08  1.12310108e-07 
 4.05835000e-08 -3.44370726e-06  4.05835000e-08  9.75978721e-01  4.05835000e-08  2.59155935e-06 
 4.05845000e-08 -3.72293935e-06  4.05845000e-08  9.19451617e-01  4.05845000e-08  4.89030859e-06 
 4.05855000e-08 -2.98434057e-06  4.05855000e-08  8.62331086e-01  4.05855000e-08  7.93665826e-06 
 4.07275000e-08  9.37791608e-01  4.07275000e-08  3.12990912e-04  4.07275000e-08  8.67834793e-06 
 4.07285000e-08  9.78621012e-01  4.07285000e-08  3.03869129e-04  4.07285000e-08  8.00435002e-06 
 4.07295000e-08  1.01895302e+00  4.07295000e-08  2.96210793e-04  4.07295000e-08  8.11503278e-06 
 4.07305000e-08  1.05883942e+00  4.07305000e-08  2.87600517e-04  4.07305000e-08  7.45980787e-06 
 4.07315000e-08  1.09837185e+00  4.07315000e-08  2.80407367e-04  4.07315000e-08  7.59795781e-06 
 4.07325000e-08  1.13766854e+00  4.07325000e-08  2.72275758e-04  4.07325000e-08  6.95994790e-06 
 4.09965000e-08  1.94995229e+00  4.09965000e-08  8.01769081e-01  4.09965000e-08 -5.34909350e-05 
 4.09975000e-08  1.94995267e+00  4.09975000e-08  8.84947291e-01  4.09975000e-08 -1.05540388e-04 
 4.09985000e-08  1.94995282e+00  4.09985000e-08  9.66334590e-01  4.09985000e-08 -1.48608778e-04 
 4.09995000e-08  1.94995320e+00  4.09995000e-08  1.04581709e+00  4.09995000e-08 -1.75265261e-04 
 4.10005000e-08  1.94995335e+00  4.10005000e-08  1.12340129e+00  4.10005000e-08 -1.94553088e-04 
 4.10015000e-08  1.94995371e+00  4.10015000e-08  1.19921102e+00  4.10015000e-08 -2.09595369e-04 
 4.11155000e-08  1.94997156e+00  4.11155000e-08  1.94993738e+00  4.11155000e-08  8.47150623e-01 
 4.11165000e-08  1.94997160e+00  4.11165000e-08  1.94994278e+00  4.11165000e-08  9.08574992e-01 
 4.11175000e-08  1.94997166e+00  4.11175000e-08  1.94994888e+00  4.11175000e-08  9.68640418e-01 
 4.11185000e-08  1.94997156e+00  4.11185000e-08  1.94995486e+00  4.11185000e-08  1.02849790e+00 
 4.11195000e-08  1.94997150e+00  4.11195000e-08  1.94996096e+00  4.11195000e-08  1.09164521e+00 
 4.11205000e-08  1.94997139e+00  4.11205000e-08  1.94995962e+00  4.11205000e-08  1.16209625e+00 
 4.12635000e-08  1.15021099e+00  4.12635000e-08  1.94999900e+00  4.12635000e-08  1.94999261e+00 
 4.12645000e-08  1.09815135e+00  4.12645000e-08  1.94999894e+00  4.12645000e-08  1.94999208e+00 
 4.12655000e-08  1.04639063e+00  4.12655000e-08  1.94999903e+00  4.12655000e-08  1.94999331e+00 
 4.12665000e-08  9.94831641e-01  4.12665000e-08  1.94999898e+00  4.12665000e-08  1.94999280e+00 
 4.12675000e-08  9.43438708e-01  4.12675000e-08  1.94999908e+00  4.12675000e-08  1.94999399e+00 
 4.12685000e-08  8.92142252e-01  4.12685000e-08  1.94999901e+00  4.12685000e-08  1.94999337e+00 
 4.17025000e-08 -1.08444946e-06  4.17025000e-08  1.14104207e+00  4.17025000e-08  1.94993779e+00 
 4.17035000e-08 -1.70051817e-06  4.17035000e-08  1.08645161e+00  4.17035000e-08  1.94993484e+00 
 4.17045000e-08 -2.55932222e-06  4.17045000e-08  1.03119302e+00  4.17045000e-08  1.94993607e+00 
 4.17055000e-08 -3.43329490e-06  4.17055000e-08  9.75304348e-01  4.17055000e-08  1.94994376e+00 
 4.17065000e-08 -3.72504932e-06  4.17065000e-08  9.18771202e-01  4.17065000e-08  1.94995780e+00 
 4.17075000e-08 -3.00460743e-06  4.17075000e-08  8.61643640e-01  4.17075000e-08  1.94997928e+00 
 4.18495000e-08  9.37134778e-01  4.18495000e-08  2.62917958e-04  4.18495000e-08  1.94988848e+00 
 4.18505000e-08  9.77972549e-01  4.18505000e-08  2.56356085e-04  4.18505000e-08  1.94989250e+00 
 4.18515000e-08  1.01831216e+00  4.18515000e-08  2.50110643e-04  4.18515000e-08  1.94989503e+00 
 4.18525000e-08  1.05820510e+00  4.18525000e-08  2.43864051e-04  4.18525000e-08  1.94989886e+00 
 4.18535000e-08  1.09774232e+00  4.18535000e-08  2.37909613e-04  4.18535000e-08  1.94990121e+00 
 4.18545000e-08  1.13704168e+00  4.18545000e-08  2.31957226e-04  4.18545000e-08  1.94990484e+00 
 4.20000000e-08  1.94971807e+00  4.20000000e-08  7.82967799e-06  4.20000000e-08  1.94999832e+00 
