 time            v(b_out)        time            v(u_puf_u_core_sel_ro) time            v(q)           
 0.00000000e+00  4.68653885e-09  0.00000000e+00  2.46749732e-09  0.00000000e+00  2.46749746e-09 
 2.57750000e-09  9.09984875e-01  2.57750000e-09  2.98351294e-09  2.57750000e-09  2.46769433e-09 
 2.57850000e-09  9.51173012e-01  2.57850000e-09  2.97622216e-09  2.57850000e-09  2.46766263e-09 
 2.57950000e-09  9.91836362e-01  2.57950000e-09  2.96863295e-09  2.57950000e-09  2.46767451e-09 
 2.58050000e-09  1.03201488e+00  2.58050000e-09  2.96141345e-09  2.58050000e-09  2.46767490e-09 
 2.58150000e-09  1.07177436e+00  2.58150000e-09  2.95819730e-09  2.58150000e-09  2.46769055e-09 
 2.58250000e-09  1.11121360e+00  2.58250000e-09  2.96424096e-09  2.58250000e-09  2.46770132e-09 
 2.87350000e-09  1.94995844e+00  2.87350000e-09  8.32280868e-01  2.87350000e-09 -6.99401164e-05 
 2.87450000e-09  1.94995872e+00  2.87450000e-09  9.14565677e-01  2.87450000e-09 -1.18875320e-04 
 2.87550000e-09  1.94995884e+00  2.87550000e-09  9.95117899e-01  2.87550000e-09 -1.57319980e-04 
 2.87650000e-09  1.94995912e+00  2.87650000e-09  1.07386428e+00  2.87650000e-09 -1.79020915e-04 
 2.87750000e-09  1.94995924e+00  2.87750000e-09  1.15079120e+00  2.87750000e-09 -1.95658209e-04 
 2.87850000e-09  1.94995951e+00  2.87850000e-09  1.22608555e+00  2.87850000e-09 -2.18998404e-04 
 2.99250000e-09  1.94996379e+00  2.99250000e-09  1.94993858e+00  2.99250000e-09  8.58492176e-01 
 2.99350000e-09  1.94995642e+00  2.99350000e-09  1.94994463e+00  2.99350000e-09  9.19548554e-01 
 2.99450000e-09  1.94994486e+00  2.99450000e-09  1.94995146e+00  2.99450000e-09  9.79353847e-01 
 2.99550000e-09  1.94993419e+00  2.99550000e-09  1.94995724e+00  2.99550000e-09  1.03936379e+00 
 2.99650000e-09  1.94992725e+00  2.99650000e-09  1.94996476e+00  2.99650000e-09  1.10337058e+00 
 2.99750000e-09  1.94992241e+00  2.99750000e-09  1.94996028e+00  2.99750000e-09  1.17497579e+00 
 3.11450000e-09  1.13481683e+00  3.11450000e-09  1.94999953e+00  3.11450000e-09  1.94996263e+00 
 3.11550000e-09  1.08284606e+00  3.11550000e-09  1.94999933e+00  3.11550000e-09  1.94997207e+00 
 3.11650000e-09  1.03115922e+00  3.11650000e-09  1.94999957e+00  3.11650000e-09  1.94996645e+00 
 3.11750000e-09  9.79650790e-01  3.11750000e-09  1.94999939e+00  3.11750000e-09  1.94997552e+00 
 3.11850000e-09  9.28297681e-01  3.11850000e-09  1.94999964e+00  3.11850000e-09  1.94996992e+00 
 3.11950000e-09  8.77028001e-01  3.11950000e-09  1.94999945e+00  3.11950000e-09  1.94997848e+00 
 3.54450000e-09 -2.45342178e-08  3.54450000e-09  1.18861424e+00  3.54450000e-09  1.94994302e+00 
 3.54550000e-09  1.22203424e-06  3.54550000e-09  1.13460723e+00  3.54550000e-09  1.94993725e+00 
 3.54650000e-09  1.10655798e-06  3.54650000e-09  1.07995452e+00  3.54650000e-09  1.94993471e+00 
 3.54750000e-09 -3.76290006e-08  3.54750000e-09  1.02464109e+00  3.54750000e-09  1.94993662e+00 
 3.54850000e-09 -1.39115306e-06  3.54850000e-09  9.68693105e-01  3.54850000e-09  1.94994506e+00 
 3.54950000e-09 -1.64647162e-06  3.54950000e-09  9.12109031e-01  3.54950000e-09  1.94995996e+00 
 3.69950000e-09  9.07962566e-01  3.69950000e-09  2.20053951e-04  3.69950000e-09  1.94991078e+00 
 3.70050000e-09  9.49177111e-01  3.70050000e-09  2.15166363e-04  3.70050000e-09  1.94991272e+00 
 3.70150000e-09  9.89865183e-01  3.70150000e-09  2.09253572e-04  3.70150000e-09  1.94991605e+00 
 3.70250000e-09  1.03006613e+00  3.70250000e-09  2.04601924e-04  3.70250000e-09  1.94991784e+00 
 3.70350000e-09  1.06984409e+00  3.70350000e-09  1.98954913e-04  3.70350000e-09  1.94992099e+00 
 3.70450000e-09  1.10929627e+00  3.70450000e-09  1.94529846e-04  3.70450000e-09  1.94992264e+00 
 3.99450000e-09  1.94995833e+00  3.99450000e-09  8.27404313e-01  3.99450000e-09  1.95007218e+00 
 3.99550000e-09  1.94995841e+00  3.99550000e-09  9.09763470e-01  3.99550000e-09  1.94994083e+00 
 3.99650000e-09  1.94995873e+00  3.99650000e-09  9.90242094e-01  3.99650000e-09  1.94980330e+00 
 3.99750000e-09  1.94995882e+00  3.99750000e-09  1.06873499e+00  3.99750000e-09  1.94964792e+00 
 3.99850000e-09  1.94995913e+00  3.99850000e-09  1.14521470e+00  3.99850000e-09  1.94949041e+00 
 3.99950000e-09  1.94995921e+00  3.99950000e-09  1.21993332e+00  3.99950000e-09  1.94934578e+00 
 4.12850000e-09  1.94991167e+00  4.12850000e-09  1.95000213e+00  4.12850000e-09  1.14554317e+00 
 4.12950000e-09  1.94990244e+00  4.12950000e-09  1.95003585e+00  4.12950000e-09  1.08795591e+00 
 4.13050000e-09  1.94988472e+00  4.13050000e-09  1.95006455e+00  4.13050000e-09  1.03007318e+00 
 4.13150000e-09  1.94986210e+00  4.13150000e-09  1.95008627e+00  4.13150000e-09  9.71811893e-01 
 4.13250000e-09  1.94984321e+00  4.13250000e-09  1.95010214e+00  4.13250000e-09  9.12961734e-01 
 4.13350000e-09  1.94984041e+00  4.13350000e-09  1.95011139e+00  4.13350000e-09  8.53494243e-01 
 4.23650000e-09  1.13665552e+00  4.23650000e-09  1.94999992e+00  4.23650000e-09  7.44280832e-04 
 4.23750000e-09  1.08467383e+00  4.23750000e-09  1.95000006e+00  4.23750000e-09  7.14801956e-04 
 4.23850000e-09  1.03297977e+00  4.23850000e-09  1.94999991e+00  4.23850000e-09  6.98985869e-04 
 4.23950000e-09  9.81465184e-01  4.23950000e-09  1.95000004e+00  4.23950000e-09  6.70994866e-04 
 4.24050000e-09  9.30108768e-01  4.24050000e-09  1.94999990e+00  4.24050000e-09  6.56410377e-04 
 4.24150000e-09  8.78835754e-01  4.24150000e-09  1.95000003e+00  4.24150000e-09  6.29801888e-04 
 4.66750000e-09  1.17783368e-06  4.66750000e-09  1.13647427e+00  4.66750000e-09 -2.77046673e-06 
 4.66850000e-09  1.12499370e-06  4.66850000e-09  1.08184266e+00  4.66850000e-09 -1.30254205e-06 
 4.66950000e-09  1.53605481e-08  4.66950000e-09  1.02654859e+00  4.66950000e-09  3.43353541e-07 
 4.67050000e-09 -1.36463004e-06  4.67050000e-09  9.70621590e-01  4.67050000e-09  2.79560199e-06 
 4.67150000e-09 -1.64654238e-06  4.67150000e-09  9.14056829e-01  4.67150000e-09  5.19571844e-06 
 4.67250000e-09 -1.44248453e-06  4.67250000e-09  8.56896765e-01  4.67250000e-09  8.15243517e-06 
 4.82150000e-09  9.06299702e-01  4.82150000e-09  2.57354795e-04  4.82150000e-09  6.37925215e-06 
 4.82250000e-09  9.47535980e-01  4.82250000e-09  2.51339165e-04  4.82250000e-09  6.78257458e-06 
 4.82350000e-09  9.88244447e-01  4.82350000e-09  2.43774971e-04  4.82350000e-09  5.95931348e-06 
 4.82450000e-09  1.02846393e+00  4.82450000e-09  2.38129723e-04  4.82450000e-09  6.37983712e-06 
 4.82550000e-09  1.06825724e+00  4.82550000e-09  2.30965220e-04  4.82550000e-09  5.57233563e-06 
 4.82650000e-09  1.10772027e+00  4.82650000e-09  2.25666095e-04  4.82650000e-09  6.00799617e-06 
 5.11650000e-09  1.94995832e+00  5.11650000e-09  8.22140533e-01  5.11650000e-09 -6.39808267e-05 
 5.11750000e-09  1.94995840e+00  5.11750000e-09  9.04616133e-01  5.11750000e-09 -1.14930611e-04 
 5.11850000e-09  1.94995873e+00  5.11850000e-09  9.85386483e-01  5.11850000e-09 -1.54945089e-04 
 5.11950000e-09  1.94995881e+00  5.11950000e-09  1.06436159e+00  5.11950000e-09 -1.78408563e-04 
 5.12050000e-09  1.94995912e+00  5.12050000e-09  1.14150991e+00  5.12050000e-09 -1.96157640e-04 
 5.12150000e-09  1.94995920e+00  5.12150000e-09  1.21700635e+00  5.12150000e-09 -2.16850273e-04 
 5.23550000e-09  1.94996778e+00  5.23550000e-09  1.94994386e+00  5.23550000e-09  8.62452979e-01 
 5.23650000e-09  1.94996424e+00  5.23650000e-09  1.94994933e+00  5.23650000e-09  9.23480806e-01 
 5.23750000e-09  1.94995726e+00  5.23750000e-09  1.94995582e+00  5.23750000e-09  9.83331654e-01 
 5.23850000e-09  1.94994602e+00  5.23850000e-09  1.94996073e+00  5.23850000e-09  1.04358796e+00 
 5.23950000e-09  1.94993489e+00  5.23950000e-09  1.94996812e+00  5.23950000e-09  1.10812228e+00 
 5.24050000e-09  1.94992789e+00  5.24050000e-09  1.94996203e+00  5.24050000e-09  1.18025154e+00 
 5.35850000e-09  1.13926280e+00  5.35850000e-09  1.94999932e+00  5.35850000e-09  1.94997391e+00 
 5.35950000e-09  1.08726478e+00  5.35950000e-09  1.94999960e+00  5.35950000e-09  1.94996525e+00 
 5.36050000e-09  1.03555965e+00  5.36050000e-09  1.94999938e+00  5.36050000e-09  1.94997721e+00 
 5.36150000e-09  9.84035622e-01  5.36150000e-09  1.94999964e+00  5.36150000e-09  1.94996863e+00 
 5.36250000e-09  9.32673876e-01  5.36250000e-09  1.94999944e+00  5.36250000e-09  1.94998018e+00 
 5.36350000e-09  8.81395820e-01  5.36350000e-09  1.94999970e+00  5.36350000e-09  1.94997173e+00 
 5.78950000e-09  1.10612631e-06  5.78950000e-09  1.13926743e+00  5.78950000e-09  1.94993778e+00 
 5.79050000e-09  1.15660754e-06  5.79050000e-09  1.08467290e+00  5.79050000e-09  1.94993465e+00 
 5.79150000e-09  1.01813753e-07  5.79150000e-09  1.02941307e+00  5.79150000e-09  1.94993636e+00 
 5.79250000e-09 -1.31217995e-06  5.79250000e-09  9.73521669e-01  5.79250000e-09  1.94994396e+00 
 5.79350000e-09 -1.64283181e-06  5.79350000e-09  9.16988782e-01  5.79350000e-09  1.94995849e+00 
 5.79450000e-09 -1.46355275e-06  5.79450000e-09  8.59860549e-01  5.79450000e-09  1.94997979e+00 
 5.94450000e-09  9.45463245e-01  5.94450000e-09  2.15415912e-04  5.94450000e-09  1.94991240e+00 
 5.94550000e-09  9.86197562e-01  5.94550000e-09  2.09926565e-04  5.94550000e-09  1.94991592e+00 
 5.94650000e-09  1.02644058e+00  5.94650000e-09  2.04834749e-04  5.94650000e-09  1.94991753e+00 
 5.94750000e-09  1.06625348e+00  5.94750000e-09  1.99601871e-04  5.94750000e-09  1.94992088e+00 
 5.94850000e-09  1.10573046e+00  5.94850000e-09  1.94746613e-04  5.94850000e-09  1.94992235e+00 
 5.94950000e-09  1.14499939e+00  5.94950000e-09  1.89760026e-04  5.94950000e-09  1.94992553e+00 
 6.23850000e-09  1.94995832e+00  6.23850000e-09  8.19761580e-01  6.23850000e-09  1.95008349e+00 
 6.23950000e-09  1.94995839e+00  6.23950000e-09  9.02285077e-01  6.23950000e-09  1.94995246e+00 
 6.24050000e-09  1.94995872e+00  6.24050000e-09  9.82946555e-01  6.24050000e-09  1.94981670e+00 
 6.24150000e-09  1.94995879e+00  6.24150000e-09  1.06162425e+00  6.24150000e-09  1.94966265e+00 
 6.24250000e-09  1.94995912e+00  6.24250000e-09  1.13827120e+00  6.24250000e-09  1.94950452e+00 
 6.24350000e-09  1.94995918e+00  6.24350000e-09  1.21312651e+00  6.24350000e-09  1.94936059e+00 
 6.37250000e-09  1.94991210e+00  6.37250000e-09  1.94999902e+00  6.37250000e-09  1.15085249e+00 
 6.37350000e-09  1.94990364e+00  6.37350000e-09  1.95003302e+00  6.37350000e-09  1.09328167e+00 
 6.37450000e-09  1.94988658e+00  6.37450000e-09  1.95006209e+00  6.37450000e-09  1.03542818e+00 
 6.37550000e-09  1.94986419e+00  6.37550000e-09  1.95008459e+00  6.37550000e-09  9.77212639e-01 
 6.37650000e-09  1.94984440e+00  6.37650000e-09  1.95010088e+00  6.37650000e-09  9.18417131e-01 
 6.37750000e-09  1.94983977e+00  6.37750000e-09  1.95011083e+00  6.37750000e-09  8.59013638e-01 
 6.48050000e-09  1.14153009e+00  6.48050000e-09  1.94999978e+00  6.48050000e-09  7.45585189e-04 
 6.48150000e-09  1.08951848e+00  6.48150000e-09  1.95000001e+00  6.48150000e-09  7.17821929e-04 
 6.48250000e-09  1.03780353e+00  6.48250000e-09  1.94999977e+00  6.48250000e-09  7.00185456e-04 
 6.48350000e-09  9.86271779e-01  6.48350000e-09  1.94999999e+00  6.48350000e-09  6.73885427e-04 
 6.48450000e-09  9.34905246e-01  6.48450000e-09  1.94999973e+00  6.48450000e-09  6.57485876e-04 
 6.48550000e-09  8.83623093e-01  6.48550000e-09  1.94999992e+00  6.48550000e-09  6.32569083e-04 
 6.91150000e-09  1.07279266e-06  6.91150000e-09  1.14163077e+00  6.91150000e-09 -2.69783524e-06 
 6.91250000e-09  1.17149853e-06  6.91250000e-09  1.08706357e+00  6.91250000e-09 -1.60032101e-06 
 6.91350000e-09  1.25362428e-07  6.91350000e-09  1.03182889e+00  6.91350000e-09  2.80414727e-07 
 6.91450000e-09 -1.30601560e-06  6.91450000e-09  9.75964555e-01  6.91450000e-09  2.43487227e-06 
 6.91550000e-09 -1.63341190e-06  6.91550000e-09  9.19456515e-01  6.91550000e-09  5.05344965e-06 
 6.91650000e-09 -1.46086896e-06  6.91650000e-09  8.62354619e-01  6.91650000e-09  7.76897583e-06 
 7.06650000e-09  9.44376142e-01  7.06650000e-09  2.51797579e-04  7.06650000e-09  6.57385265e-06 
 7.06750000e-09  9.85124565e-01  7.06750000e-09  2.44603040e-04  7.06750000e-09  6.20597441e-06 
 7.06850000e-09  1.02538054e+00  7.06850000e-09  2.38555265e-04  7.06850000e-09  6.17137090e-06 
 7.06950000e-09  1.06520382e+00  7.06950000e-09  2.31753408e-04  7.06950000e-09  5.81590685e-06 
 7.07050000e-09  1.10468828e+00  7.07050000e-09  2.26060978e-04  7.07050000e-09  5.79980634e-06 
 7.07150000e-09  1.14396089e+00  7.07150000e-09  2.19627305e-04  7.07150000e-09  5.45549364e-06 
 7.36050000e-09  1.94995831e+00  7.36050000e-09  8.15950206e-01  7.36050000e-09 -6.00123746e-05 
 7.36150000e-09  1.94995838e+00  7.36150000e-09  8.98542589e-01  7.36150000e-09 -1.11499710e-04 
 7.36250000e-09  1.94995872e+00  7.36250000e-09  9.79444931e-01  7.36250000e-09 -1.52445825e-04 
 7.36350000e-09  1.94995879e+00  7.36350000e-09  1.05855603e+00  7.36350000e-09 -1.77090889e-04 
 7.36450000e-09  1.94995912e+00  7.36450000e-09  1.13583552e+00  7.36450000e-09 -1.95408319e-04 
 7.36550000e-09  1.94995918e+00  7.36550000e-09  1.21144988e+00  7.36550000e-09 -2.14245106e-04 
 7.47950000e-09  1.94996794e+00  7.47950000e-09  1.94994352e+00  7.47950000e-09  8.57855474e-01 
 7.48050000e-09  1.94996458e+00  7.48050000e-09  1.94994885e+00  7.48050000e-09  9.19000116e-01 
 7.48150000e-09  1.94995788e+00  7.48150000e-09  1.94995540e+00  7.48150000e-09  9.78907694e-01 
 7.48250000e-09  1.94994690e+00  7.48250000e-09  1.94996044e+00  7.48250000e-09  1.03901054e+00 
 7.48350000e-09  1.94993545e+00  7.48350000e-09  1.94996764e+00  7.48350000e-09  1.10308953e+00 
 7.48450000e-09  1.94992840e+00  7.48450000e-09  1.94996259e+00  7.48450000e-09  1.17477806e+00 
 7.60250000e-09  1.14295979e+00  7.60250000e-09  1.94999932e+00  7.60250000e-09  1.94997213e+00 
 7.60350000e-09  1.09094023e+00  7.60350000e-09  1.94999959e+00  7.60350000e-09  1.94996668e+00 
 7.60450000e-09  1.03921784e+00  7.60450000e-09  1.94999938e+00  7.60450000e-09  1.94997547e+00 
 7.60550000e-09  9.87681787e-01  7.60550000e-09  1.94999963e+00  7.60550000e-09  1.94997003e+00 
 7.60650000e-09  9.36311167e-01  7.60650000e-09  1.94999944e+00  7.60650000e-09  1.94997849e+00 
 7.60750000e-09  8.85026779e-01  7.60750000e-09  1.94999968e+00  7.60750000e-09  1.94997311e+00 
 8.03350000e-09  1.02174541e-06  8.03350000e-09  1.14304264e+00  8.03350000e-09  1.94993816e+00 
 8.03450000e-09  1.19005154e-06  8.03450000e-09  1.08849529e+00  8.03450000e-09  1.94993469e+00 
 8.03550000e-09  1.97685787e-07  8.03550000e-09  1.03327899e+00  8.03550000e-09  1.94993610e+00 
 8.03650000e-09 -1.24922463e-06  8.03650000e-09  9.77433556e-01  8.03650000e-09  1.94994317e+00 
 8.03750000e-09 -1.63825793e-06  8.03750000e-09  9.20942330e-01  8.03750000e-09  1.94995730e+00 
 8.03850000e-09 -1.48715827e-06  8.03850000e-09  8.63856843e-01  8.03850000e-09  1.94997805e+00 
 8.18850000e-09  9.42847944e-01  8.18850000e-09  2.15634784e-04  8.18850000e-09  1.94991225e+00 
 8.18950000e-09  9.83614885e-01  8.18950000e-09  2.10453179e-04  8.18950000e-09  1.94991573e+00 
 8.19050000e-09  1.02388788e+00  8.19050000e-09  2.05039829e-04  8.19050000e-09  1.94991739e+00 
 8.19150000e-09  1.06372569e+00  8.19150000e-09  2.00107584e-04  8.19150000e-09  1.94992070e+00 
 8.19250000e-09  1.10322081e+00  8.19250000e-09  1.94938470e-04  8.19250000e-09  1.94992222e+00 
 8.19350000e-09  1.14249865e+00  8.19350000e-09  1.90245637e-04  8.19350000e-09  1.94992536e+00 
 8.48250000e-09  1.94995831e+00  8.48250000e-09  8.14612783e-01  8.48250000e-09  1.95009091e+00 
 8.48350000e-09  1.94995837e+00  8.48350000e-09  8.97241598e-01  8.48350000e-09  1.94996017e+00 
 8.48450000e-09  1.94995872e+00  8.48450000e-09  9.78023256e-01  8.48450000e-09  1.94982562e+00 
 8.48550000e-09  1.94995878e+00  8.48550000e-09  1.05682558e+00  8.48550000e-09  1.94967261e+00 
 8.48650000e-09  1.94995911e+00  8.48650000e-09  1.13360449e+00  8.48650000e-09  1.94951419e+00 
 8.48750000e-09  1.94995917e+00  8.48750000e-09  1.20857194e+00  8.48750000e-09  1.94937016e+00 
 8.61650000e-09  1.94991234e+00  8.61650000e-09  1.94999716e+00  8.61650000e-09  1.15439211e+00 
 8.61750000e-09  1.94990437e+00  8.61750000e-09  1.95003107e+00  8.61750000e-09  1.09682780e+00 
 8.61850000e-09  1.94988774e+00  8.61850000e-09  1.95006039e+00  8.61850000e-09  1.03899713e+00 
 8.61950000e-09  1.94986555e+00  8.61950000e-09  1.95008342e+00  8.61950000e-09  9.80808182e-01 
 8.62050000e-09  1.94984522e+00  8.62050000e-09  1.95009999e+00  8.62050000e-09  9.22052336e-01 
 8.62150000e-09  1.94983946e+00  8.62150000e-09  1.95011041e+00  8.62150000e-09  8.62688350e-01 
 8.72450000e-09  1.14453899e+00  8.72450000e-09  1.94999966e+00  8.72450000e-09  7.46931236e-04 
 8.72550000e-09  1.09251080e+00  8.72550000e-09  1.94999993e+00  8.72550000e-09  7.19375432e-04 
 8.72650000e-09  1.04078029e+00  8.72650000e-09  1.94999961e+00  8.72650000e-09  7.01440092e-04 
 8.72750000e-09  9.89239594e-01  8.72750000e-09  1.94999985e+00  8.72750000e-09  6.75362250e-04 
 8.72850000e-09  9.37864554e-01  8.72850000e-09  1.94999953e+00  8.72850000e-09  6.58649667e-04 
 8.72950000e-09  8.86578236e-01  8.72950000e-09  1.94999976e+00  8.72950000e-09  6.33971344e-04 
 9.15550000e-09  9.64316045e-07  9.15550000e-09  1.14468014e+00  9.15550000e-09 -2.66990810e-06 
 9.15650000e-09  1.20980458e-06  9.15650000e-09  1.09015105e+00  9.15650000e-09 -1.75083589e-06 
 9.15750000e-09  2.57078292e-07  9.15750000e-09  1.03495152e+00  9.15750000e-09  2.57552909e-07 
 9.15850000e-09 -1.20691306e-06  9.15850000e-09  9.79124283e-01  9.15850000e-09  2.27741928e-06 
 9.15950000e-09 -1.63624090e-06  9.15950000e-09  9.22649911e-01  9.15950000e-09  4.96399998e-06 
 9.16050000e-09 -1.50249885e-06  9.16050000e-09  8.65582539e-01  9.16050000e-09  7.56441578e-06 
 9.31050000e-09  9.41199792e-01  9.31050000e-09  2.52069732e-04  9.31050000e-09  6.47702557e-06 
 9.31150000e-09  9.81987118e-01  9.31150000e-09  2.45087291e-04  9.31150000e-09  6.32454259e-06 
 9.31250000e-09  1.02227941e+00  9.31250000e-09  2.38808112e-04  9.31250000e-09  6.07403664e-06 
 9.31350000e-09  1.06213284e+00  9.31350000e-09  2.32214229e-04  9.31350000e-09  5.93306392e-06 
 9.31450000e-09  1.10163989e+00  9.31450000e-09  2.26295850e-04  9.31450000e-09  5.70222963e-06 
 9.31550000e-09  1.14092337e+00  9.31550000e-09  2.20066116e-04  9.31550000e-09  5.57142697e-06 
 9.60450000e-09  1.94995831e+00  9.60450000e-09  8.09354031e-01  9.60450000e-09 -5.58152672e-05 
 9.60550000e-09  1.94995836e+00  9.60550000e-09  8.92069131e-01  9.60550000e-09 -1.07794599e-04 
 9.60650000e-09  1.94995871e+00  9.60650000e-09  9.73111239e-01  9.60650000e-09 -1.49668232e-04 
 9.60750000e-09  1.94995876e+00  9.60750000e-09  1.05236703e+00  9.60750000e-09 -1.75650862e-04 
 9.60850000e-09  1.94995911e+00  9.60850000e-09  1.12978710e+00  9.60850000e-09 -1.94509272e-04 
 9.60950000e-09  1.94995916e+00  9.60950000e-09  1.20552768e+00  9.60950000e-09 -2.11644188e-04 
 9.72350000e-09  1.94996812e+00  9.72350000e-09  1.94994330e+00  9.72350000e-09  8.52949598e-01 
 9.72450000e-09  1.94996492e+00  9.72450000e-09  1.94994832e+00  9.72450000e-09  9.14219135e-01 
 9.72550000e-09  1.94995854e+00  9.72550000e-09  1.94995494e+00  9.72550000e-09  9.74193551e-01 
 9.72650000e-09  1.94994785e+00  9.72650000e-09  1.94996008e+00  9.72650000e-09  1.03416525e+00 
 9.72750000e-09  1.94993608e+00  9.72750000e-09  1.94996706e+00  9.72750000e-09  1.09779382e+00 
 9.72850000e-09  1.94992898e+00  9.72850000e-09  1.94996330e+00  9.72850000e-09  1.16894733e+00 
 9.84650000e-09  1.14707825e+00  9.84650000e-09  1.94999932e+00  9.84650000e-09  1.94997019e+00 
 9.84750000e-09  1.09503588e+00  9.84750000e-09  1.94999958e+00  9.84750000e-09  1.94996829e+00 
 9.84850000e-09  1.04329202e+00  9.84850000e-09  1.94999938e+00  9.84850000e-09  1.94997362e+00 
 9.84950000e-09  9.91743588e-01  9.84950000e-09  1.94999962e+00  9.84950000e-09  1.94997162e+00 
 9.85050000e-09  9.40361234e-01  9.85050000e-09  1.94999944e+00  9.85050000e-09  1.94997672e+00 
 9.85150000e-09  8.89071307e-01  9.85150000e-09  1.94999968e+00  9.85150000e-09  1.94997465e+00 
 1.02775000e-08  9.00749934e-07  1.02775000e-08  1.14739672e+00  1.02775000e-08  1.94993857e+00 
 1.02785000e-08  1.22990050e-06  1.02785000e-08  1.09290382e+00  1.02785000e-08  1.94993480e+00 
 1.02795000e-08  3.22577822e-07  1.02795000e-08  1.03773779e+00  1.02795000e-08  1.94993580e+00 
 1.02805000e-08 -1.15877005e-06  1.02805000e-08  9.81945451e-01  1.02805000e-08  1.94994233e+00 
 1.02815000e-08 -1.63249379e-06  1.02815000e-08  9.25502430e-01  1.02815000e-08  1.94995594e+00 
 1.02825000e-08 -1.52007270e-06  1.02825000e-08  8.68466406e-01  1.02825000e-08  1.94997612e+00 
 1.04325000e-08  9.39252615e-01  1.04325000e-08  2.15885277e-04  1.04325000e-08  1.94991210e+00 
 1.04335000e-08  9.80064072e-01  1.04335000e-08  2.11047218e-04  1.04335000e-08  1.94991545e+00 
 1.04345000e-08  1.02037923e+00  1.04345000e-08  2.05274788e-04  1.04345000e-08  1.94991725e+00 
 1.04355000e-08  1.06025128e+00  1.04355000e-08  2.00677905e-04  1.04355000e-08  1.94992043e+00 
 1.04365000e-08  1.09977265e+00  1.04365000e-08  1.95158522e-04  1.04365000e-08  1.94992209e+00 
 1.04375000e-08  1.13906310e+00  1.04375000e-08  1.90793145e-04  1.04375000e-08  1.94992511e+00 
 1.07265000e-08  1.94995830e+00  1.07265000e-08  8.07308535e-01  1.07265000e-08  1.95010100e+00 
 1.07275000e-08  1.94995835e+00  1.07275000e-08  8.90081219e-01  1.07275000e-08  1.94997092e+00 
 1.07285000e-08  1.94995871e+00  1.07285000e-08  9.71030050e-01  1.07285000e-08  1.94983821e+00 
 1.07295000e-08  1.94995875e+00  1.07295000e-08  1.05000732e+00  1.07295000e-08  1.94968667e+00 
 1.07305000e-08  1.94995910e+00  1.07305000e-08  1.12695809e+00  1.07305000e-08  1.94952803e+00 
 1.07315000e-08  1.94995915e+00  1.07315000e-08  1.20207051e+00  1.07315000e-08  1.94938387e+00 
 1.08605000e-08  1.94991270e+00  1.08605000e-08  1.94999455e+00  1.08605000e-08  1.15938689e+00 
 1.08615000e-08  1.94990538e+00  1.08615000e-08  1.95002827e+00  1.08615000e-08  1.10183069e+00 
 1.08625000e-08  1.94988944e+00  1.08625000e-08  1.95005797e+00  1.08625000e-08  1.04403118e+00 
 1.08635000e-08  1.94986754e+00  1.08635000e-08  1.95008172e+00  1.08635000e-08  9.85878740e-01 
 1.08645000e-08  1.94984655e+00  1.08645000e-08  1.95009872e+00  1.08645000e-08  9.27178181e-01 
 1.08655000e-08  1.94983913e+00  1.08655000e-08  1.95010978e+00  1.08655000e-08  8.67869469e-01 
 1.09685000e-08  1.14903043e+00  1.09685000e-08  1.94999957e+00  1.09685000e-08  7.49081355e-04 
 1.09695000e-08  1.09697795e+00  1.09695000e-08  1.94999985e+00  1.09695000e-08  7.21251115e-04 
 1.09705000e-08  1.04522454e+00  1.09705000e-08  1.94999947e+00  1.09705000e-08  7.03451006e-04 
 1.09715000e-08  9.93670833e-01  1.09715000e-08  1.94999975e+00  1.09715000e-08  6.77131958e-04 
 1.09725000e-08  9.42283502e-01  1.09725000e-08  1.94999936e+00  1.09725000e-08  6.60533963e-04 
 1.09735000e-08  8.90991243e-01  1.09735000e-08  1.94999964e+00  1.09735000e-08  6.35643768e-04 
 1.13995000e-08  8.58904477e-07  1.13995000e-08  1.14952168e+00  1.13995000e-08 -2.64758693e-06 
 1.14005000e-08  1.24302890e-06  1.14005000e-08  1.09505314e+00  1.14005000e-08 -1.95719764e-06 
 1.14015000e-08  3.67123505e-07  1.14015000e-08  1.03990953e+00  1.14015000e-08  1.45634665e-07 
 1.14025000e-08 -1.12498934e-06  1.14025000e-08  9.84141342e-01  1.14025000e-08  1.98125201e-06 
 1.14035000e-08 -1.62840456e-06  1.14035000e-08  9.27720612e-01  1.14035000e-08  4.75062295e-06 
 1.14045000e-08 -1.53174044e-06  1.14045000e-08  8.70708242e-01  1.14045000e-08  7.23044549e-06 
 1.15545000e-08  9.37907433e-01  1.15545000e-08  2.52496878e-04  1.15545000e-08  6.33529430e-06 
 1.15555000e-08  9.78735811e-01  1.15555000e-08  2.45853903e-04  1.15555000e-08  6.50415961e-06 
 1.15565000e-08  1.01906664e+00  1.15565000e-08  2.39204676e-04  1.15565000e-08  5.93146420e-06 
 1.15575000e-08  1.05895185e+00  1.15575000e-08  2.32943599e-04  1.15575000e-08  6.11055295e-06 
 1.15585000e-08  1.09848310e+00  1.15585000e-08  2.26663931e-04  1.15585000e-08  5.55901479e-06 
 1.15595000e-08  1.13777874e+00  1.15595000e-08  2.20760461e-04  1.15595000e-08  5.74688250e-06 
 1.18485000e-08  1.94995829e+00  1.18485000e-08  8.02729722e-01  1.18485000e-08 -5.06015254e-05 
 1.18495000e-08  1.94995833e+00  1.18495000e-08  8.85567860e-01  1.18495000e-08 -1.03806647e-04 
 1.18505000e-08  1.94995870e+00  1.18505000e-08  9.66749497e-01  1.18505000e-08 -1.46754142e-04 
 1.18515000e-08  1.94995874e+00  1.18515000e-08  1.04615005e+00  1.18515000e-08 -1.73986293e-04 
 1.18525000e-08  1.94995910e+00  1.18525000e-08  1.12371249e+00  1.18525000e-08 -1.93340143e-04 
 1.18535000e-08  1.94995914e+00  1.18535000e-08  1.19958032e+00  1.18535000e-08 -2.09501542e-04 
 1.19675000e-08  1.94996831e+00  1.19675000e-08  1.94994309e+00  1.19675000e-08  8.48104110e-01 
 1.19685000e-08  1.94996526e+00  1.19685000e-08  1.94994782e+00  1.19685000e-08  9.09499776e-01 
 1.19695000e-08  1.94995920e+00  1.19695000e-08  1.94995447e+00  1.19695000e-08  9.69546655e-01 
 1.19705000e-08  1.94994882e+00  1.19705000e-08  1.94995972e+00  1.19705000e-08  1.02941772e+00 
 1.19715000e-08  1.94993675e+00  1.19715000e-08  1.94996641e+00  1.19715000e-08  1.09263788e+00 
 1.19725000e-08  1.94992953e+00  1.19725000e-08  1.94996410e+00  1.19725000e-08  1.16320620e+00 
 1.20905000e-08  1.15115739e+00  1.20905000e-08  1.94999933e+00  1.20905000e-08  1.94996815e+00 
 1.20915000e-08  1.09909236e+00  1.20915000e-08  1.94999956e+00  1.20915000e-08  1.94997009e+00 
 1.20925000e-08  1.04732707e+00  1.20925000e-08  1.94999939e+00  1.20925000e-08  1.94997167e+00 
 1.20935000e-08  9.95766202e-01  1.20935000e-08  1.94999961e+00  1.20935000e-08  1.94997340e+00 
 1.20945000e-08  9.44372170e-01  1.20945000e-08  1.94999945e+00  1.20945000e-08  1.94997483e+00 
 1.20955000e-08  8.93076564e-01  1.20955000e-08  1.94999967e+00  1.20955000e-08  1.94997638e+00 
 1.25215000e-08  7.96446218e-07  1.25215000e-08  1.15153468e+00  1.25215000e-08  1.94993898e+00 
 1.25225000e-08  1.26214863e-06  1.25225000e-08  1.09709358e+00  1.25225000e-08  1.94993494e+00 
 1.25235000e-08  4.30551271e-07  1.25235000e-08  1.04197539e+00  1.25235000e-08  1.94993556e+00 
 1.25245000e-08 -1.07321331e-06  1.25245000e-08  9.86233630e-01  1.25245000e-08  1.94994158e+00 
 1.25255000e-08 -1.62279514e-06  1.25255000e-08  9.29836593e-01  1.25255000e-08  1.94995468e+00 
 1.25265000e-08 -1.54800503e-06  1.25265000e-08  8.72847764e-01  1.25265000e-08  1.94997433e+00 
 1.26765000e-08  9.36099238e-01  1.26765000e-08  2.16142732e-04  1.26765000e-08  1.94991197e+00 
 1.26775000e-08  9.76950606e-01  1.26775000e-08  2.11617566e-04  1.26775000e-08  1.94991518e+00 
 1.26785000e-08  1.01730236e+00  1.26785000e-08  2.05516365e-04  1.26785000e-08  1.94991713e+00 
 1.26795000e-08  1.05720559e+00  1.26795000e-08  2.01224957e-04  1.26795000e-08  1.94992017e+00 
 1.26805000e-08  1.09675007e+00  1.26805000e-08  1.95385274e-04  1.26805000e-08  1.94992198e+00 
 1.26815000e-08  1.13605309e+00  1.26815000e-08  1.91317976e-04  1.26815000e-08  1.94992486e+00 
 1.29705000e-08  1.94995829e+00  1.29705000e-08  8.00980348e-01  1.29705000e-08  1.95010943e+00 
 1.29715000e-08  1.94995832e+00  1.29715000e-08  8.83881770e-01  1.29715000e-08  1.94998011e+00 
 1.29725000e-08  1.94995869e+00  1.29725000e-08  9.64978542e-01  1.29725000e-08  1.94984908e+00 
 1.29735000e-08  1.94995873e+00  1.29735000e-08  1.04410963e+00  1.29735000e-08  1.94969882e+00 
 1.29745000e-08  1.94995909e+00  1.29745000e-08  1.12121185e+00  1.29745000e-08  1.94953994e+00 
 1.29755000e-08  1.94995912e+00  1.29755000e-08  1.19645295e+00  1.29755000e-08  1.94939538e+00 
 1.31045000e-08  1.94991303e+00  1.31045000e-08  1.94999229e+00  1.31045000e-08  1.16374808e+00 
 1.31055000e-08  1.94990626e+00  1.31055000e-08  1.95002578e+00  1.31055000e-08  1.10619790e+00 
 1.31065000e-08  1.94989099e+00  1.31065000e-08  1.95005584e+00  1.31065000e-08  1.04842438e+00 
 1.31075000e-08  1.94986937e+00  1.31075000e-08  1.95008017e+00  1.31075000e-08  9.90302805e-01 
 1.31085000e-08  1.94984788e+00  1.31085000e-08  1.95009759e+00  1.31085000e-08  9.31649670e-01 
 1.31095000e-08  1.94983900e+00  1.31095000e-08  1.95010918e+00  1.31095000e-08  8.72388659e-01 
 1.32125000e-08  1.15300851e+00  1.32125000e-08  1.94999991e+00  1.32125000e-08  7.50542857e-04 
 1.32135000e-08  1.10093432e+00  1.32135000e-08  1.95000027e+00  1.32135000e-08  7.23284265e-04 
 1.32145000e-08  1.04916029e+00  1.32145000e-08  1.94999992e+00  1.32145000e-08  7.04805975e-04 
 1.32155000e-08  9.97594765e-01  1.32155000e-08  1.95000027e+00  1.32155000e-08  6.79064123e-04 
 1.32165000e-08  9.46196307e-01  1.32165000e-08  1.94999992e+00  1.32165000e-08  6.61787607e-04 
 1.32175000e-08  8.94898814e-01  1.32175000e-08  1.95000026e+00  1.32175000e-08  6.37479704e-04 
 1.36435000e-08  7.69112271e-07  1.36435000e-08  1.15371630e+00  1.36435000e-08 -2.62849561e-06 
 1.36445000e-08  1.26686079e-06  1.36445000e-08  1.09929939e+00  1.36445000e-08 -2.12681979e-06 
 1.36455000e-08  4.49946987e-07  1.36455000e-08  1.04420523e+00  1.36455000e-08  4.76524954e-08 
 1.36465000e-08 -1.05500435e-06  1.36465000e-08  9.88487536e-01  1.36465000e-08  1.73131623e-06 
 1.36475000e-08 -1.62297737e-06  1.36475000e-08  9.32114291e-01  1.36475000e-08  4.58809212e-06 
 1.36485000e-08 -1.55410052e-06  1.36485000e-08  8.75149067e-01  1.36485000e-08  6.96784637e-06 
 1.37985000e-08  9.35223281e-01  1.37985000e-08  2.52876828e-04  1.37985000e-08  6.22019847e-06 
 1.37995000e-08  9.76085814e-01  1.37995000e-08  2.46518818e-04  1.37995000e-08  6.65119094e-06 
 1.38005000e-08  1.01644770e+00  1.38005000e-08  2.39558015e-04  1.38005000e-08  5.81569481e-06 
 1.38015000e-08  1.05635973e+00  1.38015000e-08  2.33575789e-04  1.38015000e-08  6.25573053e-06 
 1.38025000e-08  1.09591067e+00  1.38025000e-08  2.26992543e-04  1.38025000e-08  5.44273716e-06 
 1.38035000e-08  1.13521737e+00  1.38035000e-08  2.21361911e-04  1.38035000e-08  5.89029175e-06 
 1.40925000e-08  1.94995828e+00  1.40925000e-08  7.97200834e-01  1.40925000e-08 -4.74830329e-05 
 1.40935000e-08  1.94995832e+00  1.40935000e-08  8.80138400e-01  1.40935000e-08 -1.00613495e-04 
 1.40945000e-08  1.94995869e+00  1.40945000e-08  9.61435576e-01  1.40945000e-08 -1.44302353e-04 
 1.40955000e-08  1.94995872e+00  1.40955000e-08  1.04095660e+00  1.40955000e-08 -1.72588651e-04 
 1.40965000e-08  1.94995908e+00  1.40965000e-08  1.11863825e+00  1.40965000e-08 -1.92380836e-04 
 1.40975000e-08  1.94995912e+00  1.40975000e-08  1.19461285e+00  1.40975000e-08 -2.07899035e-04 
 1.42125000e-08  1.94996554e+00  1.42125000e-08  1.94994738e+00  1.42125000e-08  9.05494624e-01 
 1.42135000e-08  1.94995974e+00  1.42135000e-08  1.94995408e+00  1.42135000e-08  9.65606809e-01 
 1.42145000e-08  1.94994964e+00  1.42145000e-08  1.94995938e+00  1.42145000e-08  1.02541355e+00 
 1.42155000e-08  1.94993735e+00  1.42155000e-08  1.94996583e+00  1.42155000e-08  1.08831244e+00 
 1.42165000e-08  1.94992998e+00  1.42165000e-08  1.94996482e+00  1.42165000e-08  1.15834850e+00 
 1.42175000e-08  1.94992368e+00  1.42175000e-08  1.94996164e+00  1.42175000e-08  1.23169778e+00 
 1.43345000e-08  1.15462508e+00  1.43345000e-08  1.94999934e+00  1.43345000e-08  1.94996642e+00 
 1.43355000e-08  1.10254057e+00  1.43355000e-08  1.94999955e+00  1.43355000e-08  1.94997159e+00 
 1.43365000e-08  1.05075674e+00  1.43365000e-08  1.94999940e+00  1.43365000e-08  1.94997007e+00 
 1.43375000e-08  9.99185021e-01  1.43375000e-08  1.94999961e+00  1.43375000e-08  1.94997494e+00 
 1.43385000e-08  9.47780867e-01  1.43385000e-08  1.94999945e+00  1.43385000e-08  1.94997323e+00 
 1.43395000e-08  8.96480316e-01  1.43395000e-08  1.94999965e+00  1.43395000e-08  1.94997782e+00 
 1.47655000e-08  6.99292076e-07  1.47655000e-08  1.15510887e+00  1.47655000e-08  1.94993933e+00 
 1.47665000e-08  1.28870292e-06  1.47665000e-08  1.10071038e+00  1.47665000e-08  1.94993507e+00 
 1.47675000e-08  5.13813401e-07  1.47675000e-08  1.04563581e+00  1.47675000e-08  1.94993537e+00 
 1.47685000e-08 -9.93542860e-07  1.47685000e-08  9.89935900e-01  1.47685000e-08  1.94994096e+00 
 1.47695000e-08 -1.61786462e-06  1.47695000e-08  9.33580702e-01  1.47695000e-08  1.94995362e+00 
 1.47705000e-08 -1.56758985e-06  1.47705000e-08  8.76631057e-01  1.47705000e-08  1.94997281e+00 
 1.49205000e-08  9.33296672e-01  1.49205000e-08  2.16362572e-04  1.49205000e-08  1.94991186e+00 
 1.49215000e-08  9.74183790e-01  1.49215000e-08  2.12095924e-04  1.49215000e-08  1.94991494e+00 
 1.49225000e-08  1.01456812e+00  1.49225000e-08  2.05723865e-04  1.49225000e-08  1.94991704e+00 
 1.49235000e-08  1.05449958e+00  1.49235000e-08  2.01683891e-04  1.49235000e-08  1.94991995e+00 
 1.49245000e-08  1.09406624e+00  1.49245000e-08  1.95580522e-04  1.49245000e-08  1.94992190e+00 
 1.49255000e-08  1.13338254e+00  1.49255000e-08  1.91758063e-04  1.49255000e-08  1.94992465e+00 
 1.52145000e-08  1.94995828e+00  1.52145000e-08  7.95583766e-01  1.52145000e-08  1.95011630e+00 
 1.52155000e-08  1.94995830e+00  1.52155000e-08  8.78587137e-01  1.52155000e-08  1.94998407e+00 
 1.52165000e-08  1.94995868e+00  1.52165000e-08  9.59804468e-01  1.52165000e-08  1.94985150e+00 
 1.52175000e-08  1.94995871e+00  1.52175000e-08  1.03905978e+00  1.52175000e-08  1.94970379e+00 
 1.52185000e-08  1.94995908e+00  1.52185000e-08  1.11628559e+00  1.52185000e-08  1.94954591e+00 
 1.52195000e-08  1.94995910e+00  1.52195000e-08  1.19163745e+00  1.52195000e-08  1.94940125e+00 
 1.53485000e-08  1.94991329e+00  1.53485000e-08  1.94999035e+00  1.53485000e-08  1.16748496e+00 
 1.53495000e-08  1.94990698e+00  1.53495000e-08  1.95002363e+00  1.53495000e-08  1.10993926e+00 
 1.53505000e-08  1.94989231e+00  1.53505000e-08  1.95005400e+00  1.53505000e-08  1.05218719e+00 
 1.53515000e-08  1.94987097e+00  1.53515000e-08  1.95007882e+00  1.53515000e-08  9.94091358e-01 
 1.53525000e-08  1.94984911e+00  1.53525000e-08  1.95009660e+00  1.53525000e-08  9.35478259e-01 
 1.53535000e-08  1.94983899e+00  1.53535000e-08  1.95010864e+00  1.53535000e-08  8.76257777e-01 
 1.54565000e-08  1.15661065e+00  1.54565000e-08  1.94999993e+00  1.54565000e-08  7.51198221e-04 
 1.54575000e-08  1.10451611e+00  1.54575000e-08  1.95000026e+00  1.54575000e-08  7.25637486e-04 
 1.54585000e-08  1.05272266e+00  1.54585000e-08  1.94999993e+00  1.54585000e-08  7.05383741e-04 
 1.54595000e-08  1.00114571e+00  1.54595000e-08  1.95000026e+00  1.54595000e-08  6.81315796e-04 
 1.54605000e-08  9.49736640e-01  1.54605000e-08  1.94999994e+00  1.54605000e-08  6.62292857e-04 
 1.54615000e-08  8.98433965e-01  1.54615000e-08  1.95000025e+00  1.54615000e-08  6.39634965e-04 
 1.58875000e-08  6.75631695e-07  1.58875000e-08  1.15727841e+00  1.58875000e-08 -2.60368012e-06 
 1.58885000e-08  1.29699275e-06  1.58885000e-08  1.10290285e+00  1.58885000e-08 -2.27238719e-06 
 1.58895000e-08  5.30969688e-07  1.58895000e-08  1.04785333e+00  1.58895000e-08 -2.73736900e-08 
 1.58905000e-08 -9.72502341e-07  1.58905000e-08  9.92176346e-01  1.58905000e-08  1.52245686e-06 
 1.58915000e-08 -1.61824528e-06  1.58915000e-08  9.35845851e-01  1.58915000e-08  4.46679500e-06 
 1.58925000e-08 -1.57002843e-06  1.58925000e-08  8.78918804e-01  1.58925000e-08  6.75216465e-06 
 1.60425000e-08  9.32654071e-01  1.60425000e-08  2.53211689e-04  1.60425000e-08  6.12274726e-06 
 1.60435000e-08  9.73549411e-01  1.60435000e-08  2.47074425e-04  1.60435000e-08  6.77624547e-06 
 1.60445000e-08  1.01394124e+00  1.60445000e-08  2.39870389e-04  1.60445000e-08  5.71777990e-06 
 1.60455000e-08  1.05387924e+00  1.60455000e-08  2.34103518e-04  1.60455000e-08  6.37908700e-06 
 1.60465000e-08  1.09345076e+00  1.60465000e-08  2.27283883e-04  1.60465000e-08  5.34448042e-06 
 1.60475000e-08  1.13276990e+00  1.60475000e-08  2.21863397e-04  1.60475000e-08  6.01202299e-06 
 1.63365000e-08  1.94995827e+00  1.63365000e-08  7.92283173e-01  1.63365000e-08 -4.47537260e-05 
 1.63375000e-08  1.94995830e+00  1.63375000e-08  8.75307740e-01  1.63375000e-08 -9.77372400e-05 
 1.63385000e-08  1.94995868e+00  1.63385000e-08  9.56707229e-01  1.63385000e-08 -1.42081005e-04 
 1.63395000e-08  1.94995870e+00  1.63395000e-08  1.03633492e+00  1.63395000e-08 -1.71285806e-04 
 1.63405000e-08  1.94995907e+00  1.63405000e-08  1.11412306e+00  1.63405000e-08 -1.91489104e-04 
 1.63415000e-08  1.94995910e+00  1.63415000e-08  1.19019297e+00  1.63415000e-08 -2.06571345e-04 
 1.64565000e-08  1.94996578e+00  1.64565000e-08  1.94994699e+00  1.64565000e-08  9.01895116e-01 
 1.64575000e-08  1.94996021e+00  1.64575000e-08  1.94995374e+00  1.64575000e-08  9.62068937e-01 
 1.64585000e-08  1.94995037e+00  1.64585000e-08  1.94995907e+00  1.64585000e-08  1.02183140e+00 
 1.64595000e-08  1.94993790e+00  1.64595000e-08  1.94996527e+00  1.64595000e-08  1.08446010e+00 
 1.64605000e-08  1.94993041e+00  1.64605000e-08  1.94996550e+00  1.64605000e-08  1.15399505e+00 
 1.64615000e-08  1.94992400e+00  1.64615000e-08  1.94996153e+00  1.64615000e-08  1.22739006e+00 
 1.65515000e-08  2.05291527e+00  1.65515000e-08  1.94999770e+00  1.65515000e-08  1.94981929e+00 
 1.65785000e-08  1.15772034e+00  1.65785000e-08  1.94999934e+00  1.65785000e-08  1.94996489e+00 
 1.65795000e-08  1.10561829e+00  1.65795000e-08  1.94999953e+00  1.65795000e-08  1.94997300e+00 
 1.65805000e-08  1.05381765e+00  1.65805000e-08  1.94999941e+00  1.65805000e-08  1.94996860e+00 
 1.65815000e-08  1.00223601e+00  1.65815000e-08  1.94999959e+00  1.65815000e-08  1.94997632e+00 
 1.65825000e-08  9.50822662e-01  1.65825000e-08  1.94999946e+00  1.65825000e-08  1.94997182e+00 
 1.65835000e-08  8.99517596e-01  1.65835000e-08  1.94999964e+00  1.65835000e-08  1.94997918e+00 
 1.70095000e-08  5.97169799e-07  1.70095000e-08  1.15835059e+00  1.70095000e-08  1.94993967e+00 
 1.70105000e-08  1.31044980e-06  1.70105000e-08  1.10398977e+00  1.70105000e-08  1.94993521e+00 
 1.70115000e-08  5.86896633e-07  1.70115000e-08  1.04895584e+00  1.70115000e-08  1.94993522e+00 
 1.70125000e-08 -9.13723822e-07  1.70125000e-08  9.93293037e-01  1.70125000e-08  1.94994042e+00 
 1.70135000e-08 -1.61558435e-06  1.70135000e-08  9.36976808e-01  1.70135000e-08  1.94995269e+00 
 1.70145000e-08 -1.58646311e-06  1.70145000e-08  8.80062013e-01  1.70145000e-08  1.94997146e+00 
 1.71645000e-08  9.30778642e-01  1.71645000e-08  2.16571235e-04  1.71645000e-08  1.94991177e+00 
 1.71655000e-08  9.71697999e-01  1.71655000e-08  2.12532852e-04  1.71655000e-08  1.94991472e+00 
 1.71665000e-08  1.01211179e+00  1.71665000e-08  2.05920767e-04  1.71665000e-08  1.94991695e+00 
 1.71675000e-08  1.05206894e+00  1.71675000e-08  2.02102586e-04  1.71675000e-08  1.94991974e+00 
 1.71685000e-08  1.09165480e+00  1.71685000e-08  1.95766129e-04  1.71685000e-08  1.94992182e+00 
 1.71695000e-08  1.13098240e+00  1.71695000e-08  1.92159240e-04  1.71695000e-08  1.94992445e+00 
 1.74585000e-08  1.94995826e+00  1.74585000e-08  7.90404577e-01  1.74585000e-08  1.95012265e+00 
 1.74595000e-08  1.94995830e+00  1.74595000e-08  8.73507283e-01  1.74595000e-08  1.94999358e+00 
 1.74605000e-08  1.94995866e+00  1.74605000e-08  9.54842242e-01  1.74605000e-08  1.94986438e+00 
 1.74615000e-08  1.94995870e+00  1.74615000e-08  1.03422714e+00  1.74615000e-08  1.94971684e+00 
 1.74625000e-08  1.94995906e+00  1.74625000e-08  1.11157263e+00  1.74625000e-08  1.94955844e+00 
 1.74635000e-08  1.94995910e+00  1.74635000e-08  1.18702197e+00  1.74635000e-08  1.94941259e+00 
 1.75925000e-08  1.94991353e+00  1.75925000e-08  1.94998831e+00  1.75925000e-08  1.17104036e+00 
 1.75935000e-08  1.94990761e+00  1.75935000e-08  1.95002156e+00  1.75935000e-08  1.11349781e+00 
 1.75945000e-08  1.94989347e+00  1.75945000e-08  1.95005230e+00  1.75945000e-08  1.05576459e+00 
 1.75955000e-08  1.94987243e+00  1.75955000e-08  1.95007757e+00  1.75955000e-08  9.97691458e-01 
 1.75965000e-08  1.94985027e+00  1.75965000e-08  1.95009568e+00  1.75965000e-08  9.39114591e-01 
 1.75975000e-08  1.94983905e+00  1.75975000e-08  1.95010819e+00  1.75975000e-08  8.79930728e-01 
 1.77005000e-08  1.15998188e+00  1.77005000e-08  1.94999995e+00  1.77005000e-08  7.51799170e-04 
 1.77015000e-08  1.10786814e+00  1.77015000e-08  1.95000025e+00  1.77015000e-08  7.27809548e-04 
 1.77025000e-08  1.05605621e+00  1.77025000e-08  1.94999995e+00  1.77025000e-08  7.05914042e-04 
 1.77035000e-08  1.00446831e+00  1.77035000e-08  1.95000024e+00  1.77035000e-08  6.83393407e-04 
 1.77045000e-08  9.53049113e-01  1.77045000e-08  1.94999995e+00  1.77045000e-08  6.62757169e-04 
 1.77055000e-08  9.01741476e-01  1.77055000e-08  1.95000024e+00  1.77055000e-08  6.41622875e-04 
 1.81315000e-08  5.64942423e-07  1.81315000e-08  1.16079520e+00  1.81315000e-08 -2.59018258e-06 
 1.81325000e-08  1.32154025e-06  1.81325000e-08  1.10646056e+00  1.81325000e-08 -2.39929378e-06 
 1.81335000e-08  6.07745735e-07  1.81335000e-08  1.05145516e+00  1.81335000e-08 -1.12556021e-07 
 1.81345000e-08 -8.84162170e-07  1.81345000e-08  9.95818482e-01  1.81345000e-08  1.33848639e-06 
 1.81355000e-08 -1.61624029e-06  1.81355000e-08  9.39530310e-01  1.81355000e-08  4.33850107e-06 
 1.81365000e-08 -1.58849027e-06  1.81365000e-08  8.82641124e-01  1.81365000e-08  6.55159909e-06 
 1.82865000e-08  9.29928246e-01  1.82865000e-08  2.53548619e-04  1.82865000e-08  6.03955811e-06 
 1.82875000e-08  9.70858537e-01  1.82875000e-08  2.47605181e-04  1.82875000e-08  6.88615278e-06 
 1.82885000e-08  1.01128233e+00  1.82885000e-08  2.40185284e-04  1.82885000e-08  5.63419940e-06 
 1.82895000e-08  1.05124823e+00  1.82895000e-08  2.34607079e-04  1.82895000e-08  6.48727774e-06 
 1.82905000e-08  1.09084068e+00  1.82905000e-08  2.27578230e-04  1.82905000e-08  5.26062939e-06 
 1.82915000e-08  1.13017222e+00  1.82915000e-08  2.22341400e-04  1.82915000e-08  6.11857642e-06 
 1.85805000e-08  1.94995825e+00  1.85805000e-08  7.86743647e-01  1.85805000e-08 -4.17335944e-05 
 1.85815000e-08  1.94995830e+00  1.85815000e-08  8.69866840e-01  1.85815000e-08 -9.45151714e-05 
 1.85825000e-08  1.94995865e+00  1.85825000e-08  9.51383479e-01  1.85825000e-08 -1.39548964e-04 
 1.85835000e-08  1.94995870e+00  1.85835000e-08  1.03112983e+00  1.85835000e-08 -1.69781052e-04 
 1.85845000e-08  1.94995905e+00  1.85845000e-08  1.10903884e+00  1.85845000e-08 -1.90172888e-04 
 1.85855000e-08  1.94995910e+00  1.85855000e-08  1.18521592e+00  1.85855000e-08 -2.05323383e-04 
 1.87005000e-08  1.94996603e+00  1.87005000e-08  1.94994662e+00  1.87005000e-08  8.97915600e-01 
 1.87015000e-08  1.94996073e+00  1.87015000e-08  1.94995331e+00  1.87015000e-08  9.58161594e-01 
 1.87025000e-08  1.94995118e+00  1.87025000e-08  1.94995876e+00  1.87025000e-08  1.01788897e+00 
 1.87035000e-08  1.94993854e+00  1.87035000e-08  1.94996460e+00  1.87035000e-08  1.08022565e+00 
 1.87045000e-08  1.94993091e+00  1.87045000e-08  1.94996635e+00  1.87045000e-08  1.14916912e+00 
 1.87055000e-08  1.94992439e+00  1.87055000e-08  1.94996135e+00  1.87055000e-08  1.22260084e+00 
 1.88225000e-08  1.16143626e+00  1.88225000e-08  1.94999937e+00  1.88225000e-08  1.94996321e+00 
 1.88235000e-08  1.10931313e+00  1.88235000e-08  1.94999951e+00  1.88235000e-08  1.94997464e+00 
 1.88245000e-08  1.05749217e+00  1.88245000e-08  1.94999943e+00  1.88245000e-08  1.94996695e+00 
 1.88255000e-08  1.00589849e+00  1.88255000e-08  1.94999956e+00  1.88255000e-08  1.94997789e+00 
 1.88265000e-08  9.54474013e-01  1.88265000e-08  1.94999949e+00  1.88265000e-08  1.94997024e+00 
 1.88275000e-08  9.03163523e-01  1.88275000e-08  1.94999961e+00  1.88275000e-08  1.94998073e+00 
 1.92535000e-08  4.77509189e-07  1.92535000e-08  1.16221089e+00  1.92535000e-08  1.94994007e+00 
 1.92545000e-08  1.34132510e-06  1.92545000e-08  1.10789504e+00  1.92545000e-08  1.94993540e+00 
 1.92555000e-08  6.78430308e-07  1.92555000e-08  1.05290955e+00  1.92555000e-08  1.94993507e+00 
 1.92565000e-08 -7.76460491e-07  1.92565000e-08  9.97291056e-01  1.92565000e-08  1.94993982e+00 
 1.92575000e-08 -1.55537178e-06  1.92575000e-08  9.41021354e-01  1.92575000e-08  1.94995161e+00 
 1.92585000e-08 -1.56441412e-06  1.92585000e-08  8.84148231e-01  1.92585000e-08  1.94996987e+00 
 1.94085000e-08  9.27675643e-01  1.94085000e-08  2.16817677e-04  1.94085000e-08  1.94991166e+00 
 1.94095000e-08  9.68634877e-01  1.94095000e-08  2.13057558e-04  1.94095000e-08  1.94991445e+00 
 1.94105000e-08  1.00908522e+00  1.94105000e-08  2.06153221e-04  1.94105000e-08  1.94991685e+00 
 1.94115000e-08  1.04907440e+00  1.94115000e-08  2.02605428e-04  1.94115000e-08  1.94991948e+00 
 1.94125000e-08  1.08868448e+00  1.94125000e-08  1.95985155e-04  1.94125000e-08  1.94992173e+00 
 1.94135000e-08  1.12802670e+00  1.94135000e-08  1.92641078e-04  1.94135000e-08  1.94992421e+00 
 1.97025000e-08  1.94995822e+00  1.97025000e-08  7.84087236e-01  1.97025000e-08  1.95013004e+00 
 1.97035000e-08  1.94995831e+00  1.97035000e-08  8.67308300e-01  1.97035000e-08  1.95000487e+00 
 1.97045000e-08  1.94995863e+00  1.97045000e-08  9.48786331e-01  1.97045000e-08  1.94987745e+00 
 1.97055000e-08  1.94995870e+00  1.97055000e-08  1.02832219e+00  1.97055000e-08  1.94973071e+00 
 1.97065000e-08  1.94995902e+00  1.97065000e-08  1.10582976e+00  1.97065000e-08  1.94957189e+00 
 1.97075000e-08  1.94995910e+00  1.97075000e-08  1.18142215e+00  1.97075000e-08  1.94942468e+00 
 1.98365000e-08  1.94991378e+00  1.98365000e-08  1.94998605e+00  1.98365000e-08  1.17533538e+00 
 1.98375000e-08  1.94990837e+00  1.98375000e-08  1.95001906e+00  1.98375000e-08  1.11779662e+00 
 1.98385000e-08  1.94989495e+00  1.98385000e-08  1.95005009e+00  1.98385000e-08  1.06008648e+00 
 1.98395000e-08  1.94987432e+00  1.98395000e-08  1.95007596e+00  1.98395000e-08  1.00204162e+00 
 1.98405000e-08  1.94985185e+00  1.98405000e-08  1.95009444e+00  1.98405000e-08  9.43509796e-01 
 1.98415000e-08  1.94983929e+00  1.98415000e-08  1.95010753e+00  1.98415000e-08  8.84372023e-01 
 1.99445000e-08  1.16419509e+00  1.99445000e-08  1.94999996e+00  1.99445000e-08  7.52465571e-04 
 1.99455000e-08  1.11205712e+00  1.99455000e-08  1.95000024e+00  1.99455000e-08  7.30612638e-04 
 1.99465000e-08  1.06022171e+00  1.99465000e-08  1.94999996e+00  1.99465000e-08  7.06494734e-04 
 1.99475000e-08  1.00861977e+00  1.99475000e-08  1.95000023e+00  1.99475000e-08  6.86075511e-04 
 1.99485000e-08  9.57187642e-01  1.99485000e-08  1.94999996e+00  1.99485000e-08  6.63257945e-04 
 1.99495000e-08  9.05873643e-01  1.99495000e-08  1.95000023e+00  1.99495000e-08  6.44190003e-04 
 2.03755000e-08  4.31782460e-07  2.03755000e-08  1.16514526e+00  2.03755000e-08 -2.58245003e-06 
 2.03765000e-08  1.35561285e-06  2.03765000e-08  1.11086127e+00  2.03765000e-08 -2.53737614e-06 
 2.03775000e-08  7.08942582e-07  2.03775000e-08  1.05591052e+00  2.03775000e-08 -2.26791980e-07 
 2.03785000e-08 -7.31826927e-07  2.03785000e-08  1.00032375e+00  2.03785000e-08  1.12493309e-06 
 2.03795000e-08 -1.55252488e-06  2.03795000e-08  9.44088109e-01  2.03795000e-08  4.16985771e-06 
 2.03805000e-08 -1.56723204e-06  2.03805000e-08  8.87245881e-01  2.03805000e-08  6.30719526e-06 
 2.05305000e-08  9.26424720e-01  2.05305000e-08  2.53930659e-04  2.05305000e-08  5.93066828e-06 
 2.05315000e-08  9.67400068e-01  2.05315000e-08  2.48328721e-04  2.05315000e-08  7.02900377e-06 
 2.05325000e-08  1.00786520e+00  2.05325000e-08  2.40539555e-04  2.05325000e-08  5.52429117e-06 
 2.05335000e-08  1.04786741e+00  2.05335000e-08  2.35295742e-04  2.05335000e-08  6.62842525e-06 
 2.05345000e-08  1.08748741e+00  2.05345000e-08  2.27906634e-04  2.05345000e-08  5.14991041e-06 
 2.05355000e-08  1.12683573e+00  2.05355000e-08  2.22997253e-04  2.05355000e-08  6.25809544e-06 
 2.08255000e-08  1.94995830e+00  2.08255000e-08  8.62835284e-01  2.08255000e-08 -9.10883014e-05 
 2.08265000e-08  1.94995861e+00  2.08265000e-08  9.44496952e-01  2.08265000e-08 -1.36963147e-04 
 2.08275000e-08  1.94995870e+00  2.08275000e-08  1.02439709e+00  2.08275000e-08 -1.67275996e-04 
 2.08285000e-08  1.94995901e+00  2.08285000e-08  1.10246323e+00  2.08285000e-08 -1.87895803e-04 
 2.08295000e-08  1.94995910e+00  2.08295000e-08  1.17876785e+00  2.08295000e-08 -2.03031696e-04 
 2.08305000e-08  1.94995940e+00  2.08305000e-08  1.25346623e+00  2.08305000e-08 -2.30577465e-04 
 2.09445000e-08  1.94996635e+00  2.09445000e-08  1.94994609e+00  2.09445000e-08  8.92674981e-01 
 2.09455000e-08  1.94996137e+00  2.09455000e-08  1.94995279e+00  2.09455000e-08  9.53021416e-01 
 2.09465000e-08  1.94995221e+00  2.09465000e-08  1.94995828e+00  2.09465000e-08  1.01272160e+00 
 2.09475000e-08  1.94993961e+00  2.09475000e-08  1.94996369e+00  2.09475000e-08  1.07472481e+00 
 2.09485000e-08  1.94993147e+00  2.09485000e-08  1.94996737e+00  2.09485000e-08  1.14291256e+00 
 2.09495000e-08  1.94992485e+00  2.09495000e-08  1.94996124e+00  2.09495000e-08  1.21636054e+00 
 2.10665000e-08  1.16615049e+00  2.10665000e-08  1.94999939e+00  2.10665000e-08  1.94996091e+00 
 2.10675000e-08  1.11400014e+00  2.10675000e-08  1.94999948e+00  2.10675000e-08  1.94997670e+00 
 2.10685000e-08  1.06215270e+00  2.10685000e-08  1.94999945e+00  2.10685000e-08  1.94996476e+00 
 2.10695000e-08  1.01054310e+00  2.10695000e-08  1.94999954e+00  2.10695000e-08  1.94997993e+00 
 2.10705000e-08  9.59104009e-01  2.10705000e-08  1.94999950e+00  2.10705000e-08  1.94996816e+00 
 2.10715000e-08  9.07786284e-01  2.10715000e-08  1.94999959e+00  2.10715000e-08  1.94998275e+00 
 2.14975000e-08  3.38670800e-07  2.14975000e-08  1.16714025e+00  2.14975000e-08  1.94994061e+00 
 2.14985000e-08  1.37733237e-06  2.14985000e-08  1.11288178e+00  2.14985000e-08  1.94993566e+00 
 2.14995000e-08  4.61355286e-07  2.14995000e-08  1.05795828e+00  2.14995000e-08  1.94993492e+00 
 2.15005000e-08 -1.23137045e-06  2.15005000e-08  1.00239643e+00  2.15005000e-08  1.94993909e+00 
 2.15015000e-08 -1.95892173e-06  2.15015000e-08  9.46186388e-01  2.15015000e-08  1.94995028e+00 
 2.15025000e-08 -1.85818621e-06  2.15025000e-08  8.89366625e-01  2.15025000e-08  1.94996789e+00 
 2.16525000e-08  9.23935962e-01  2.16525000e-08  2.17201113e-04  2.16525000e-08  1.94991150e+00 
 2.16535000e-08  9.64943386e-01  2.16535000e-08  2.13666848e-04  2.16535000e-08  1.94991412e+00 
 2.16545000e-08  1.00543809e+00  2.16545000e-08  2.06517147e-04  2.16545000e-08  1.94991671e+00 
 2.16555000e-08  1.04546637e+00  2.16555000e-08  2.03188113e-04  2.16555000e-08  1.94991917e+00 
 2.16565000e-08  1.08510639e+00  2.16565000e-08  1.96330334e-04  2.16565000e-08  1.94992160e+00 
 2.16575000e-08  1.12446719e+00  2.16575000e-08  1.93198221e-04  2.16575000e-08  1.94992390e+00 
 2.19475000e-08  1.94995831e+00  2.19475000e-08  8.59512530e-01  2.19475000e-08  1.95001898e+00 
 2.19485000e-08  1.94995860e+00  2.19485000e-08  9.41163715e-01  2.19485000e-08  1.94989025e+00 
 2.19495000e-08  1.94995871e+00  2.19495000e-08  1.02088295e+00  2.19495000e-08  1.94974525e+00 
 2.19505000e-08  1.94995899e+00  2.19505000e-08  1.09858282e+00  2.19505000e-08  1.94958662e+00 
 2.19515000e-08  1.94995910e+00  2.19515000e-08  1.17433068e+00  2.19515000e-08  1.94943813e+00 
 2.19525000e-08  1.94995938e+00  2.19525000e-08  1.24843098e+00  2.19525000e-08  1.94928049e+00 
 2.20805000e-08  1.94991402e+00  2.20805000e-08  1.94998320e+00  2.20805000e-08  1.18084208e+00 
 2.20815000e-08  1.94990915e+00  2.20815000e-08  1.95001588e+00  2.20815000e-08  1.12330714e+00 
 2.20825000e-08  1.94989661e+00  2.20825000e-08  1.95004725e+00  2.20825000e-08  1.06562473e+00 
 2.20835000e-08  1.94987649e+00  2.20835000e-08  1.95007389e+00  2.20835000e-08  1.00761485e+00 
 2.20845000e-08  1.94985379e+00  2.20845000e-08  1.95009284e+00  2.20845000e-08  9.49139258e-01 
 2.20855000e-08  1.94983973e+00  2.20855000e-08  1.95010667e+00  2.20855000e-08  8.90059866e-01 
 2.21885000e-08  1.16924353e+00  2.21885000e-08  1.94999998e+00  2.21885000e-08  7.52785335e-04 
 2.21895000e-08  1.11707621e+00  2.21895000e-08  1.95000022e+00  2.21895000e-08  7.34741273e-04 
 2.21905000e-08  1.06521212e+00  2.21905000e-08  1.94999998e+00  2.21905000e-08  7.06715730e-04 
 2.21915000e-08  1.01359276e+00  2.21915000e-08  1.95000021e+00  2.21915000e-08  6.90037740e-04 
 2.21925000e-08  9.62144771e-01  2.21925000e-08  1.94999998e+00  2.21925000e-08  6.63387425e-04 
 2.21935000e-08  9.10822870e-01  2.21935000e-08  1.95000021e+00  2.21935000e-08  6.47993710e-04 
 2.26195000e-08  2.85872624e-07  2.26195000e-08  1.17039248e+00  2.26195000e-08 -2.56306234e-06 
 2.26205000e-08  1.39735089e-06  2.26205000e-08  1.11616961e+00  2.26205000e-08 -2.70035917e-06 
 2.26215000e-08  5.06769795e-07  2.26215000e-08  1.06128489e+00  2.26215000e-08 -3.55506751e-07 
 2.26225000e-08 -1.17461350e-06  2.26225000e-08  1.00575847e+00  2.26225000e-08  8.66669672e-07 
 2.26235000e-08 -1.95792125e-06  2.26235000e-08  9.49586420e-01  2.26235000e-08  3.96964113e-06 
 2.26245000e-08 -1.84988097e-06  2.26245000e-08  8.92801083e-01  2.26245000e-08  5.99638297e-06 
 2.27745000e-08  9.22434653e-01  2.27745000e-08  2.54463174e-04  2.27745000e-08  5.82379332e-06 
 2.27755000e-08  9.63461441e-01  2.27755000e-08  2.49113835e-04  2.27755000e-08  7.17699565e-06 
 2.27765000e-08  1.00397409e+00  2.27765000e-08  2.41036916e-04  2.27765000e-08  5.41606306e-06 
 2.27775000e-08  1.04401819e+00  2.27775000e-08  2.36041225e-04  2.27775000e-08  6.77450831e-06 
 2.27785000e-08  1.08367050e+00  2.27785000e-08  2.28371182e-04  2.27785000e-08  5.04055360e-06 
 2.27795000e-08  1.12303902e+00  2.27795000e-08  2.23705522e-04  2.27795000e-08  6.40243884e-06 
 2.30695000e-08  1.94995830e+00  2.30695000e-08  8.54581946e-01  2.30695000e-08 -8.55552297e-05 
 2.30705000e-08  1.94995857e+00  2.30705000e-08  9.36414520e-01  2.30705000e-08 -1.32418041e-04 
 2.30715000e-08  1.94995870e+00  2.30715000e-08  1.01648836e+00  2.30715000e-08 -1.64989651e-04 
 2.30725000e-08  1.94995897e+00  2.30725000e-08  1.09473423e+00  2.30725000e-08 -1.86133638e-04 
 2.30735000e-08  1.94995910e+00  2.30735000e-08  1.17121628e+00  2.30735000e-08 -2.01679328e-04 
 2.30745000e-08  1.94995936e+00  2.30745000e-08  1.24608816e+00  2.30745000e-08 -2.28286077e-04 
 2.31885000e-08  1.94996667e+00  2.31885000e-08  1.94994541e+00  2.31885000e-08  8.86541961e-01 
 2.31895000e-08  1.94996200e+00  2.31895000e-08  1.94995228e+00  2.31895000e-08  9.47013185e-01 
 2.31905000e-08  1.94995328e+00  2.31905000e-08  1.94995762e+00  2.31905000e-08  1.00670529e+00 
 2.31915000e-08  1.94994086e+00  2.31915000e-08  1.94996267e+00  2.31915000e-08  1.06834410e+00 
 2.31925000e-08  1.94993205e+00  2.31925000e-08  1.94996848e+00  2.31925000e-08  1.13563687e+00 
 2.31935000e-08  1.94992535e+00  2.31935000e-08  1.94996124e+00  2.31935000e-08  1.20905035e+00 
 2.33105000e-08  1.17133140e+00  2.33105000e-08  1.94999937e+00  2.33105000e-08  1.94995825e+00 
 2.33115000e-08  1.11915076e+00  2.33115000e-08  1.94999949e+00  2.33115000e-08  1.94997903e+00 
 2.33125000e-08  1.06727364e+00  2.33125000e-08  1.94999942e+00  2.33125000e-08  1.94996207e+00 
 2.33135000e-08  1.01564590e+00  2.33135000e-08  1.94999955e+00  2.33135000e-08  1.94998212e+00 
 2.33145000e-08  9.64190293e-01  2.33145000e-08  1.94999949e+00  2.33145000e-08  1.94996567e+00 
 2.33155000e-08  9.12864272e-01  2.33155000e-08  1.94999961e+00  2.33155000e-08  1.94998505e+00 
 2.37075000e-08  9.57055866e-07  2.37075000e-08  2.00750912e+00  2.37075000e-08  1.94999897e+00 
 2.37415000e-08  1.92185463e-07  2.37415000e-08  1.17250935e+00  2.37415000e-08  1.94994121e+00 
 2.37425000e-08  1.41591526e-06  2.37425000e-08  1.11831353e+00  2.37425000e-08  1.94993599e+00 
 2.37435000e-08  5.85633208e-07  2.37435000e-08  1.06345765e+00  2.37435000e-08  1.94993481e+00 
 2.37445000e-08 -1.05687826e-06  2.37445000e-08  1.00795767e+00  2.37445000e-08  1.94993836e+00 
 2.37455000e-08 -1.92635181e-06  2.37455000e-08  9.51812824e-01  2.37455000e-08  1.94994889e+00 
 2.37465000e-08 -1.85120459e-06  2.37465000e-08  8.95051504e-01  2.37465000e-08  1.94996579e+00 
 2.38965000e-08  9.20069691e-01  2.38965000e-08  2.17873430e-04  2.38965000e-08  1.94991146e+00 
 2.38975000e-08  9.61126998e-01  2.38975000e-08  2.14074963e-04  2.38975000e-08  1.94991362e+00 
 2.38985000e-08  1.00166805e+00  2.38985000e-08  2.07161805e-04  2.38985000e-08  1.94991669e+00 
 2.38995000e-08  1.04173722e+00  2.38995000e-08  2.03573828e-04  2.38995000e-08  1.94991868e+00 
 2.39005000e-08  1.08140919e+00  2.39005000e-08  1.96948405e-04  2.39005000e-08  1.94992159e+00 
 2.39015000e-08  1.12079019e+00  2.39015000e-08  1.93562437e-04  2.39015000e-08  1.94992344e+00 
 2.41915000e-08  1.94995830e+00  2.41915000e-08  8.51767733e-01  2.41915000e-08  1.95003250e+00 
 2.41925000e-08  1.94995856e+00  2.41925000e-08  9.33593918e-01  2.41925000e-08  1.94990273e+00 
 2.41935000e-08  1.94995871e+00  2.41935000e-08  1.01349798e+00  2.41935000e-08  1.94975939e+00 
 2.41945000e-08  1.94995896e+00  2.41945000e-08  1.09137977e+00  2.41945000e-08  1.94960151e+00 
 2.41955000e-08  1.94995910e+00  2.41955000e-08  1.16728829e+00  2.41955000e-08  1.94945107e+00 
 2.41965000e-08  1.94995935e+00  2.41965000e-08  1.24153150e+00  2.41965000e-08  1.94929659e+00 
 2.43245000e-08  1.94991427e+00  2.43245000e-08  1.94998036e+00  2.43245000e-08  1.18631015e+00 
 2.43255000e-08  1.94990987e+00  2.43255000e-08  1.95001269e+00  2.43255000e-08  1.12877781e+00 
 2.43265000e-08  1.94989811e+00  2.43265000e-08  1.95004444e+00  2.43265000e-08  1.07112117e+00 
 2.43275000e-08  1.94987850e+00  2.43275000e-08  1.95007189e+00  2.43275000e-08  1.01314440e+00 
 2.43285000e-08  1.94985569e+00  2.43285000e-08  1.95009118e+00  2.43285000e-08  9.54723484e-01 
 2.43295000e-08  1.94984034e+00  2.43295000e-08  1.95010574e+00  2.43295000e-08  8.95701817e-01 
 2.44325000e-08  1.17389411e+00  2.44325000e-08  1.94999999e+00  2.44325000e-08  7.52687909e-04 
 2.44335000e-08  1.12169948e+00  2.44335000e-08  1.95000020e+00  2.44335000e-08  7.39291105e-04 
 2.44345000e-08  1.06980845e+00  2.44345000e-08  1.94999999e+00  2.44345000e-08  7.06528686e-04 
 2.44355000e-08  1.01817252e+00  2.44355000e-08  1.95000019e+00  2.44355000e-08  6.94411569e-04 
 2.44365000e-08  9.66709503e-01  2.44365000e-08  1.94999999e+00  2.44365000e-08  6.63117876e-04 
 2.44375000e-08  9.15380064e-01  2.44375000e-08  1.95000019e+00  2.44375000e-08  6.52199601e-04 
 2.48635000e-08  1.45391032e-07  2.48635000e-08  1.17517788e+00  2.48635000e-08 -2.54259403e-06 
 2.48645000e-08  1.42764162e-06  2.48645000e-08  1.12101096e+00  2.48645000e-08 -2.84192681e-06 
 2.48655000e-08  6.16536568e-07  2.48655000e-08  1.06618654e+00  2.48655000e-08 -4.68096545e-07 
 2.48665000e-08 -1.00081565e-06  2.48665000e-08  1.01071531e+00  2.48665000e-08  6.34575398e-07 
 2.48675000e-08 -1.91464450e-06  2.48675000e-08  9.54601437e-01  2.48675000e-08  3.78676632e-06 
 2.48685000e-08 -1.84787044e-06  2.48685000e-08  8.97868278e-01  2.48685000e-08  5.70851947e-06 
 2.50185000e-08  9.18828915e-01  2.50185000e-08  2.54983186e-04  2.50185000e-08  5.76917183e-06 
 2.50195000e-08  9.59902273e-01  2.50195000e-08  2.49815758e-04  2.50195000e-08  7.26968540e-06 
 2.50205000e-08  1.00045827e+00  2.50205000e-08  2.41523721e-04  2.50205000e-08  5.35991011e-06 
 2.50215000e-08  1.04054069e+00  2.50215000e-08  2.36707016e-04  2.50215000e-08  6.86579074e-06 
 2.50225000e-08  1.08022309e+00  2.50225000e-08  2.28826965e-04  2.50225000e-08  4.98302036e-06 
 2.50235000e-08  1.11961081e+00  2.50235000e-08  2.24337397e-04  2.50235000e-08  6.49238515e-06 
 2.53135000e-08  1.94995830e+00  2.53135000e-08  8.47316762e-01  2.53135000e-08 -8.06426484e-05 
 2.53145000e-08  1.94995854e+00  2.53145000e-08  9.29294302e-01  2.53145000e-08 -1.28208987e-04 
 2.53155000e-08  1.94995871e+00  2.53155000e-08  1.00952105e+00  2.53155000e-08 -1.62915143e-04 
 2.53165000e-08  1.94995894e+00  2.53165000e-08  1.08793024e+00  2.53165000e-08 -1.84671386e-04 
 2.53175000e-08  1.94995910e+00  2.53175000e-08  1.16455899e+00  2.53175000e-08 -2.00338273e-04 
 2.53185000e-08  1.94995933e+00  2.53185000e-08  1.23957190e+00  2.53185000e-08 -2.26121780e-04 
 2.54325000e-08  1.94996693e+00  2.54325000e-08  1.94994477e+00  2.54325000e-08  8.81141780e-01 
 2.54335000e-08  1.94996252e+00  2.54335000e-08  1.94995187e+00  2.54335000e-08  9.41729042e-01 
 2.54345000e-08  1.94995417e+00  2.54345000e-08  1.94995698e+00  2.54345000e-08  1.00143298e+00 
 2.54355000e-08  1.94994194e+00  2.54355000e-08  1.94996211e+00  2.54355000e-08  1.06272386e+00 
 2.54365000e-08  1.94993259e+00  2.54365000e-08  1.94996890e+00  2.54365000e-08  1.12930643e+00 
 2.54375000e-08  1.94992582e+00  2.54375000e-08  1.94996139e+00  2.54375000e-08  1.20259964e+00 
 2.55545000e-08  1.17549375e+00  2.55545000e-08  1.94999935e+00  2.55545000e-08  1.94995735e+00 
 2.55555000e-08  1.12328860e+00  2.55555000e-08  1.94999951e+00  2.55555000e-08  1.94997991e+00 
 2.55565000e-08  1.07138715e+00  2.55565000e-08  1.94999940e+00  2.55565000e-08  1.94996129e+00 
 2.55575000e-08  1.01974437e+00  2.55575000e-08  1.94999957e+00  2.55575000e-08  1.94998309e+00 
 2.55585000e-08  9.68275202e-01  2.55585000e-08  1.94999946e+00  2.55585000e-08  1.94996482e+00 
 2.55595000e-08  9.16942356e-01  2.55595000e-08  1.94999962e+00  2.55595000e-08  1.94998578e+00 
 2.59855000e-08  6.24041532e-08  2.59855000e-08  1.17673886e+00  2.59855000e-08  1.94994167e+00 
 2.59865000e-08  1.44542216e-06  2.59865000e-08  1.12259250e+00  2.59865000e-08  1.94993629e+00 
 2.59875000e-08  6.85972771e-07  2.59875000e-08  1.06778995e+00  2.59875000e-08  1.94993473e+00 
 2.59885000e-08 -8.90566905e-07  2.59885000e-08  1.01233882e+00  2.59885000e-08  1.94993785e+00 
 2.59895000e-08 -1.88274862e-06  2.59895000e-08  9.56245522e-01  2.59895000e-08  1.94994782e+00 
 2.59905000e-08 -1.84932755e-06  2.59905000e-08  8.99530476e-01  2.59905000e-08  1.94996421e+00 
 2.61405000e-08  9.16694506e-01  2.61405000e-08  2.18448967e-04  2.61405000e-08  1.94991147e+00 
 2.61415000e-08  9.57795462e-01  2.61415000e-08  2.14351974e-04  2.61415000e-08  1.94991321e+00 
 2.61425000e-08  9.98377287e-01  2.61425000e-08  2.07714284e-04  2.61425000e-08  1.94991670e+00 
 2.61435000e-08  1.03848260e+00  2.61435000e-08  2.03834261e-04  2.61435000e-08  1.94991829e+00 
 2.61445000e-08  1.07818435e+00  2.61445000e-08  1.97478541e-04  2.61445000e-08  1.94992161e+00 
 2.61455000e-08  1.11758510e+00  2.61455000e-08  1.93807058e-04  2.61455000e-08  1.94992306e+00 
 2.64355000e-08  1.94995830e+00  2.64355000e-08  8.44962522e-01  2.64355000e-08  1.95004400e+00 
 2.64365000e-08  1.94995852e+00  2.64365000e-08  9.26940700e-01  2.64365000e-08  1.94991357e+00 
 2.64375000e-08  1.94995870e+00  2.64375000e-08  1.00700593e+00  2.64375000e-08  1.94977168e+00 
 2.64385000e-08  1.94995893e+00  2.64385000e-08  1.08505652e+00  2.64385000e-08  1.94961461e+00 
 2.64395000e-08  1.94995911e+00  2.64395000e-08  1.16112852e+00  2.64395000e-08  1.94946190e+00 
 2.64405000e-08  1.94995932e+00  2.64405000e-08  1.23551217e+00  2.64405000e-08  1.94931044e+00 
 2.65685000e-08  1.94991445e+00  2.65685000e-08  1.94997788e+00  2.65685000e-08  1.19099085e+00 
 2.65695000e-08  1.94991045e+00  2.65695000e-08  1.95000995e+00  2.65695000e-08  1.13346003e+00 
 2.65705000e-08  1.94989945e+00  2.65705000e-08  1.95004190e+00  2.65705000e-08  1.07582454e+00 
 2.65715000e-08  1.94988035e+00  2.65715000e-08  1.95007007e+00  2.65715000e-08  1.01787533e+00 
 2.65725000e-08  1.94985751e+00  2.65725000e-08  1.95008968e+00  2.65725000e-08  9.59500492e-01 
 2.65735000e-08  1.94984102e+00  2.65735000e-08  1.95010496e+00  2.65735000e-08  9.00527454e-01 
 2.66765000e-08  1.17831770e+00  2.66765000e-08  1.95000001e+00  2.66765000e-08  7.52241417e-04 
 2.66775000e-08  1.12609693e+00  2.66775000e-08  1.95000019e+00  2.66775000e-08  7.43540562e-04 
 2.66785000e-08  1.07417979e+00  2.66785000e-08  1.95000001e+00  2.66785000e-08  7.06013263e-04 
 2.66795000e-08  1.02252762e+00  2.66795000e-08  1.95000019e+00  2.66795000e-08  6.98502975e-04 
 2.66805000e-08  9.71049949e-01  2.66805000e-08  1.95000000e+00  2.66805000e-08  6.62539461e-04 
 2.66815000e-08  9.19713111e-01  2.66815000e-08  1.95000019e+00  2.66815000e-08  6.56139973e-04 
 2.71075000e-08  1.93302221e-08  2.71075000e-08  1.17955211e+00  2.71075000e-08 -2.52063831e-06 
 2.71085000e-08  1.45110128e-06  2.71085000e-08  1.12543636e+00  2.71085000e-08 -2.96681582e-06 
 2.71095000e-08  7.23594410e-07  2.71095000e-08  1.07066708e+00  2.71095000e-08 -5.68129551e-07 
 2.71105000e-08 -8.19102269e-07  2.71105000e-08  1.01524641e+00  2.71105000e-08  4.23794653e-07 
 2.71115000e-08 -1.86368863e-06  2.71115000e-08  9.59185879e-01  2.71115000e-08  3.61875760e-06 
 2.71125000e-08 -1.84646473e-06  2.71125000e-08  9.02500639e-01  2.71125000e-08  5.44482817e-06 
 2.72625000e-08  9.14930553e-01  2.72625000e-08  2.55641775e-04  2.72625000e-08  5.88311751e-06 
 2.72635000e-08  9.56054377e-01  2.72635000e-08  2.50256244e-04  2.72635000e-08  7.18927568e-06 
 2.72645000e-08  9.96657594e-01  2.72645000e-08  2.42148417e-04  2.72645000e-08  5.47152707e-06 
 2.72655000e-08  1.03678197e+00  2.72655000e-08  2.37119047e-04  2.72655000e-08  6.78505805e-06 
 2.72665000e-08  1.07649711e+00  2.72665000e-08  2.29419806e-04  2.72665000e-08  5.09247671e-06 
 2.72675000e-08  1.11590474e+00  2.72675000e-08  2.24722870e-04  2.72675000e-08  6.41145402e-06 
 2.75575000e-08  1.94995830e+00  2.75575000e-08  8.39542229e-01  2.75575000e-08 -7.54340190e-05 
 2.75585000e-08  1.94995851e+00  2.75585000e-08  9.21677369e-01  2.75585000e-08 -1.24073859e-04 
 2.75595000e-08  1.94995871e+00  2.75595000e-08  1.00207043e+00  2.75595000e-08 -1.61545260e-04 
 2.75605000e-08  1.94995891e+00  2.75605000e-08  1.08065430e+00  2.75605000e-08 -1.83747873e-04 
 2.75615000e-08  1.94995910e+00  2.75615000e-08  1.15744094e+00  2.75615000e-08 -1.98987067e-04 
 2.75625000e-08  1.94995930e+00  2.75625000e-08  1.23260438e+00  2.75625000e-08 -2.23545063e-04 
 2.76765000e-08  1.94996721e+00  2.76765000e-08  1.94994455e+00  2.76765000e-08  8.75384434e-01 
 2.76775000e-08  1.94996308e+00  2.76775000e-08  1.94995100e+00  2.76775000e-08  9.36100607e-01 
 2.76785000e-08  1.94995516e+00  2.76785000e-08  1.94995672e+00  2.76785000e-08  9.95833038e-01 
 2.76795000e-08  1.94994319e+00  2.76795000e-08  1.94996167e+00  2.76795000e-08  1.05672056e+00 
 2.76805000e-08  1.94993326e+00  2.76805000e-08  1.94996883e+00  2.76805000e-08  1.12266297e+00 
 2.76815000e-08  1.94992640e+00  2.76815000e-08  1.94996132e+00  2.76815000e-08  1.19569790e+00 
 2.77985000e-08  1.18050000e+00  2.77985000e-08  1.94999942e+00  2.77985000e-08  1.94995830e+00 
 2.77995000e-08  1.12826523e+00  2.77995000e-08  1.94999943e+00  2.77995000e-08  1.94997817e+00 
 2.78005000e-08  1.07633410e+00  2.78005000e-08  1.94999948e+00  2.78005000e-08  1.94996222e+00 
 2.78015000e-08  1.02467276e+00  2.78015000e-08  1.94999950e+00  2.78015000e-08  1.94998143e+00 
 2.78025000e-08  9.73186819e-01  2.78025000e-08  1.94999953e+00  2.78025000e-08  1.94996578e+00 
 2.78035000e-08  9.21845465e-01  2.78035000e-08  1.94999954e+00  2.78035000e-08  1.94998423e+00 
 2.82295000e-08  6.93193805e-09  2.82295000e-08  1.18193762e+00  2.82295000e-08  1.94994221e+00 
 2.82305000e-08  1.37966215e-06  2.82305000e-08  1.12785214e+00  2.82305000e-08  1.94993673e+00 
 2.82315000e-08  7.64858241e-07  2.82315000e-08  1.07311514e+00  2.82315000e-08  1.94993466e+00 
 2.82325000e-08 -6.81115660e-07  2.82325000e-08  1.01772421e+00  2.82325000e-08  1.94993732e+00 
 2.82335000e-08 -1.75200622e-06  2.82335000e-08  9.61694403e-01  2.82335000e-08  1.94994654e+00 
 2.82345000e-08 -1.81202757e-06  2.82345000e-08  9.05036508e-01  2.82345000e-08  1.94996235e+00 
 2.83845000e-08  9.12835797e-01  2.83845000e-08  2.19157790e-04  2.83845000e-08  1.94991128e+00 
 2.83855000e-08  9.53986754e-01  2.83855000e-08  2.14687373e-04  2.83855000e-08  1.94991289e+00 
 2.83865000e-08  9.94615383e-01  2.83865000e-08  2.08394637e-04  2.83865000e-08  1.94991652e+00 
 2.83875000e-08  1.03476251e+00  2.83875000e-08  2.04149680e-04  2.83875000e-08  1.94991799e+00 
 2.83885000e-08  1.07449629e+00  2.83885000e-08  1.98131723e-04  2.83885000e-08  1.94992145e+00 
 2.83895000e-08  1.11391743e+00  2.83895000e-08  1.94103245e-04  2.83895000e-08  1.94992277e+00 
 2.86795000e-08  1.94995830e+00  2.86795000e-08  8.37109169e-01  2.86795000e-08  1.95005687e+00 
 2.86805000e-08  1.94995848e+00  2.86805000e-08  9.19260632e-01  2.86805000e-08  1.94992590e+00 
 2.86815000e-08  1.94995871e+00  2.86815000e-08  9.99510364e-01  2.86815000e-08  1.94978583e+00 
 2.86825000e-08  1.94995888e+00  2.86825000e-08  1.07776548e+00  2.86825000e-08  1.94962953e+00 
 2.86835000e-08  1.94995911e+00  2.86835000e-08  1.15402266e+00  2.86835000e-08  1.94947441e+00 
 2.86845000e-08  1.94995928e+00  2.86845000e-08  1.22855568e+00  2.86845000e-08  1.94932642e+00 
 2.88125000e-08  1.94991461e+00  2.88125000e-08  1.94997528e+00  2.88125000e-08  1.19631404e+00 
 2.88135000e-08  1.94991104e+00  2.88135000e-08  1.95000657e+00  2.88135000e-08  1.13878417e+00 
 2.88145000e-08  1.94990088e+00  2.88145000e-08  1.95003919e+00  2.88145000e-08  1.08117138e+00 
 2.88155000e-08  1.94988241e+00  2.88155000e-08  1.95006772e+00  2.88155000e-08  1.02325239e+00 
 2.88165000e-08  1.94985963e+00  2.88165000e-08  1.95008815e+00  2.88165000e-08  9.64928880e-01 
 2.88175000e-08  1.94984195e+00  2.88175000e-08  1.95010380e+00  2.88175000e-08  9.06010576e-01 
 2.89215000e-08  1.13097141e+00  2.89215000e-08  1.95000013e+00  2.89215000e-08  7.43645532e-04 
 2.89225000e-08  1.07902482e+00  2.89225000e-08  1.95000007e+00  2.89225000e-08  7.10126429e-04 
 2.89235000e-08  1.02735410e+00  2.89235000e-08  1.95000013e+00  2.89235000e-08  6.98508280e-04 
 2.89245000e-08  9.75859735e-01  2.89245000e-08  1.95000006e+00  2.89245000e-08  6.66500550e-04 
 2.89255000e-08  9.24514413e-01  2.89255000e-08  1.95000013e+00  2.89255000e-08  6.56052764e-04 
 2.89265000e-08  8.73252746e-01  2.89265000e-08  1.95000006e+00  2.89265000e-08  6.25478999e-04 
 2.93515000e-08 -4.16275202e-10  2.93515000e-08  1.18486893e+00  2.93515000e-08 -2.74472252e-06 
 2.93525000e-08  1.33990377e-06  2.93525000e-08  1.13081560e+00  2.93525000e-08 -2.87449340e-06 
 2.93535000e-08  7.89176154e-07  2.93535000e-08  1.07611339e+00  2.93535000e-08 -9.32974657e-07 
 2.93545000e-08 -6.20065699e-07  2.93545000e-08  1.02075435e+00  2.93545000e-08  3.81604961e-07 
 2.93555000e-08 -1.72730709e-06  2.93555000e-08  9.64758799e-01  2.93555000e-08  3.21238986e-06 
 2.93565000e-08 -1.80777610e-06  2.93565000e-08  9.08132129e-01  2.93565000e-08  5.32320402e-06 
 2.95065000e-08  9.11274268e-01  2.95065000e-08  2.56460419e-04  2.95065000e-08  6.11767707e-06 
 2.95075000e-08  9.52445609e-01  2.95075000e-08  2.50782173e-04  2.95075000e-08  6.99682954e-06 
 2.95085000e-08  9.93093209e-01  2.95085000e-08  2.42925672e-04  2.95085000e-08  5.70210036e-06 
 2.95095000e-08  1.03325751e+00  2.95095000e-08  2.37610145e-04  2.95095000e-08  6.59336058e-06 
 2.95105000e-08  1.07300529e+00  2.95105000e-08  2.30158256e-04  2.95105000e-08  5.31925989e-06 
 2.95115000e-08  1.11243647e+00  2.95115000e-08  2.25181420e-04  2.95115000e-08  6.22063350e-06 
 2.98015000e-08  1.94995831e+00  2.98015000e-08  8.32213098e-01  2.98015000e-08 -7.06156633e-05 
 2.98025000e-08  1.94995846e+00  2.98025000e-08  9.14498789e-01  2.98025000e-08 -1.20394817e-04 
 2.98035000e-08  1.94995872e+00  2.98035000e-08  9.95054173e-01  2.98035000e-08 -1.58586022e-04 
 2.98045000e-08  1.94995886e+00  2.98045000e-08  1.07380626e+00  2.98045000e-08 -1.80769663e-04 
 2.98055000e-08  1.94995912e+00  2.98055000e-08  1.15074172e+00  2.98055000e-08 -1.97432909e-04 
 2.98065000e-08  1.94995926e+00  2.98065000e-08  1.22604684e+00  2.98065000e-08 -2.20985441e-04 
 2.99205000e-08  1.94996738e+00  2.99205000e-08  1.94994437e+00  2.99205000e-08  8.69949631e-01 
 2.99215000e-08  1.94996341e+00  2.99215000e-08  1.94995013e+00  2.99215000e-08  9.30793771e-01 
 2.99225000e-08  1.94995573e+00  2.99225000e-08  1.94995647e+00  2.99225000e-08  9.90568043e-01 
 2.99235000e-08  1.94994395e+00  2.99235000e-08  1.94996115e+00  2.99235000e-08  1.05114916e+00 
 2.99245000e-08  1.94993366e+00  2.99245000e-08  1.94996871e+00  2.99245000e-08  1.11648367e+00 
 2.99255000e-08  1.94992677e+00  2.99255000e-08  1.94996136e+00  2.99255000e-08  1.18919719e+00 
 3.00435000e-08  1.13128735e+00  3.00435000e-08  1.94999936e+00  3.00435000e-08  1.94997647e+00 
 3.00445000e-08  1.07933783e+00  3.00445000e-08  1.94999955e+00  3.00445000e-08  1.94996332e+00 
 3.00455000e-08  1.02766489e+00  3.00455000e-08  1.94999943e+00  3.00455000e-08  1.94997978e+00 
 3.00465000e-08  9.76168506e-01  3.00465000e-08  1.94999961e+00  3.00465000e-08  1.94996686e+00 
 3.00475000e-08  9.24821845e-01  3.00475000e-08  1.94999948e+00  3.00475000e-08  1.94998259e+00 
 3.00485000e-08  8.73559071e-01  3.00485000e-08  1.94999965e+00  3.00485000e-08  1.94996989e+00 
 3.04735000e-08 -3.43781298e-09  3.04735000e-08  1.18504382e+00  3.04735000e-08  1.94994253e+00 
 3.04745000e-08  1.32047538e-06  3.04745000e-08  1.13099481e+00  3.04745000e-08  1.94993702e+00 
 3.04755000e-08  7.99779811e-07  3.04755000e-08  1.07629702e+00  3.04755000e-08  1.94993462e+00 
 3.04765000e-08 -5.97502493e-07  3.04765000e-08  1.02094211e+00  3.04765000e-08  1.94993704e+00 
 3.04775000e-08 -1.71572343e-06  3.04775000e-08  9.64950332e-01  3.04775000e-08  1.94994578e+00 
 3.04785000e-08 -1.80903304e-06  3.04785000e-08  9.08326724e-01  3.04785000e-08  1.94996129e+00 
 3.06285000e-08  9.11091146e-01  3.06285000e-08  2.19581645e-04  3.06285000e-08  1.94991111e+00 
 3.06295000e-08  9.52264854e-01  3.06295000e-08  2.14899363e-04  3.06295000e-08  1.94991274e+00 
 3.06305000e-08  9.92914704e-01  3.06305000e-08  2.08801265e-04  3.06305000e-08  1.94991637e+00 
 3.06315000e-08  1.03308100e+00  3.06315000e-08  2.04349309e-04  3.06315000e-08  1.94991785e+00 
 3.06325000e-08  1.07283046e+00  3.06325000e-08  1.98521807e-04  3.06325000e-08  1.94992130e+00 
 3.06335000e-08  1.11226275e+00  3.06335000e-08  1.94291035e-04  3.06335000e-08  1.94992265e+00 
 3.09235000e-08  1.94995831e+00  3.09235000e-08  8.33579989e-01  3.09235000e-08  1.95006249e+00 
 3.09245000e-08  1.94995846e+00  3.09245000e-08  9.15808529e-01  3.09245000e-08  1.94993139e+00 
 3.09255000e-08  1.94995872e+00  3.09255000e-08  9.96140607e-01  3.09255000e-08  1.94979217e+00 
 3.09265000e-08  1.94995886e+00  3.09265000e-08  1.07448330e+00  3.09265000e-08  1.94963626e+00 
 3.09275000e-08  1.94995912e+00  3.09275000e-08  1.15081999e+00  3.09275000e-08  1.94948006e+00 
 3.09285000e-08  1.94995925e+00  3.09285000e-08  1.22542105e+00  3.09285000e-08  1.94933357e+00 
 3.10565000e-08  1.94991467e+00  3.10565000e-08  1.94997418e+00  3.10565000e-08  1.19882056e+00 
 3.10575000e-08  1.94991130e+00  3.10575000e-08  1.95000486e+00  3.10575000e-08  1.14129061e+00 
 3.10585000e-08  1.94990154e+00  3.10585000e-08  1.95003803e+00  3.10585000e-08  1.08368752e+00 
 3.10595000e-08  1.94988339e+00  3.10595000e-08  1.95006649e+00  3.10595000e-08  1.02578199e+00 
 3.10605000e-08  1.94986067e+00  3.10605000e-08  1.95008752e+00  3.10605000e-08  9.67481712e-01 
 3.10615000e-08  1.94984246e+00  3.10615000e-08  1.95010313e+00  3.10615000e-08  9.08588563e-01 
 3.11655000e-08  1.13341414e+00  3.11655000e-08  1.95000007e+00  3.11655000e-08  7.43695509e-04 
 3.11665000e-08  1.08145271e+00  3.11665000e-08  1.95000012e+00  3.11665000e-08  7.12058002e-04 
 3.11675000e-08  1.02977233e+00  3.11675000e-08  1.95000008e+00  3.11675000e-08  6.98510978e-04 
 3.11685000e-08  9.78269517e-01  3.11685000e-08  1.95000011e+00  3.11685000e-08  6.68361106e-04 
 3.11695000e-08  9.26919710e-01  3.11695000e-08  1.95000008e+00  3.11695000e-08  6.56011588e-04 
 3.11705000e-08  8.75653317e-01  3.11705000e-08  1.95000011e+00  3.11705000e-08  6.27271912e-04 
 3.15955000e-08 -1.41938878e-08  3.15955000e-08  1.18733392e+00  3.15955000e-08 -2.84699974e-06 
 3.15965000e-08  1.27491413e-06  3.15965000e-08  1.13330958e+00  3.15965000e-08 -2.82786116e-06 
 3.15975000e-08  1.08293732e-06  3.15975000e-08  1.07863850e+00  3.15975000e-08 -1.09988500e-06 
 3.15985000e-08 -9.78721444e-08  3.15985000e-08  1.02330807e+00  3.15985000e-08  3.64369614e-07 
 3.15995000e-08 -1.42087327e-06  3.15995000e-08  9.67342718e-01  3.15995000e-08  3.02421027e-06 
 3.16005000e-08 -1.64345478e-06  3.16005000e-08  9.10743289e-01  3.16005000e-08  5.26801996e-06 
 3.17505000e-08  9.09345892e-01  3.17505000e-08  2.56852255e-04  3.17505000e-08  6.23047587e-06 
 3.17515000e-08  9.50542375e-01  3.17515000e-08  2.51037063e-04  3.17515000e-08  6.90561819e-06 
 3.17525000e-08  9.91213522e-01  3.17525000e-08  2.43297532e-04  3.17525000e-08  5.81292400e-06 
 3.17535000e-08  1.03139911e+00  3.17535000e-08  2.37848195e-04  3.17535000e-08  6.50246718e-06 
 3.17545000e-08  1.07116441e+00  3.17545000e-08  2.30511359e-04  3.17545000e-08  5.42821887e-06 
 3.17555000e-08  1.11060771e+00  3.17555000e-08  2.25403766e-04  3.17555000e-08  6.13012796e-06 
 3.20455000e-08  1.94995832e+00  3.20455000e-08  8.28166777e-01  3.20455000e-08 -6.79137966e-05 
 3.20465000e-08  1.94995843e+00  3.20465000e-08  9.10526862e-01  3.20465000e-08 -1.18171302e-04 
 3.20475000e-08  1.94995873e+00  3.20475000e-08  9.91167611e-01  3.20475000e-08 -1.57279484e-04 
 3.20485000e-08  1.94995883e+00  3.20485000e-08  1.07001004e+00  3.20485000e-08 -1.79696828e-04 
 3.20495000e-08  1.94995912e+00  3.20495000e-08  1.14702065e+00  3.20495000e-08 -1.96736957e-04 
 3.20505000e-08  1.94995923e+00  3.20505000e-08  1.22239208e+00  3.20505000e-08 -2.19270524e-04 
 3.21645000e-08  1.94996762e+00  3.21645000e-08  1.94994416e+00  3.21645000e-08  8.66947508e-01 
 3.21655000e-08  1.94996388e+00  3.21655000e-08  1.94994979e+00  3.21655000e-08  9.27863917e-01 
 3.21665000e-08  1.94995659e+00  3.21665000e-08  1.94995622e+00  3.21665000e-08  9.87666170e-01 
 3.21675000e-08  1.94994510e+00  3.21675000e-08  1.94996098e+00  3.21675000e-08  1.04810462e+00 
 3.21685000e-08  1.94993433e+00  3.21685000e-08  1.94996850e+00  3.21685000e-08  1.11311105e+00 
 3.21695000e-08  1.94992738e+00  3.21695000e-08  1.94996158e+00  3.21695000e-08  1.18561045e+00 
 3.22875000e-08  1.13577812e+00  3.22875000e-08  1.94999934e+00  3.22875000e-08  1.94997552e+00 
 3.22885000e-08  1.08380148e+00  3.22885000e-08  1.94999958e+00  3.22885000e-08  1.94996408e+00 
 3.22895000e-08  1.03211071e+00  3.22895000e-08  1.94999940e+00  3.22895000e-08  1.94997877e+00 
 3.22905000e-08  9.80598928e-01  3.22905000e-08  1.94999962e+00  3.22905000e-08  1.94996749e+00 
 3.22915000e-08  9.29243959e-01  3.22915000e-08  1.94999946e+00  3.22915000e-08  1.94998169e+00 
 3.22925000e-08  8.77972651e-01  3.22925000e-08  1.94999968e+00  3.22925000e-08  1.94997061e+00 
 3.27175000e-08 -2.96603768e-08  3.27175000e-08  1.18957949e+00  3.27175000e-08  1.94994304e+00 
 3.27185000e-08  1.19878172e-06  3.27185000e-08  1.13558386e+00  3.27185000e-08  1.94993743e+00 
 3.27195000e-08  1.11645395e-06  3.27195000e-08  1.08094333e+00  3.27195000e-08  1.94993463e+00 
 3.27205000e-08 -1.02069908e-08  3.27205000e-08  1.02564112e+00  3.27205000e-08  1.94993664e+00 
 3.27215000e-08 -1.37780277e-06  3.27215000e-08  9.69704979e-01  3.27215000e-08  1.94994476e+00 
 3.27225000e-08 -1.64723489e-06  3.27225000e-08  9.13131610e-01  3.27225000e-08  1.94995974e+00 
 3.28725000e-08  9.07084810e-01  3.28725000e-08  2.20205908e-04  3.28725000e-08  1.94991084e+00 
 3.28735000e-08  9.48310822e-01  3.28735000e-08  2.15211929e-04  3.28735000e-08  1.94991257e+00 
 3.28745000e-08  9.89009659e-01  3.28745000e-08  2.09400002e-04  3.28745000e-08  1.94991611e+00 
 3.28755000e-08  1.02922037e+00  3.28755000e-08  2.04644116e-04  3.28755000e-08  1.94991769e+00 
 3.28765000e-08  1.06900642e+00  3.28765000e-08  1.99096012e-04  3.28765000e-08  1.94992105e+00 
 3.28775000e-08  1.10846429e+00  3.28775000e-08  1.94568779e-04  3.28775000e-08  1.94992249e+00 
 3.31675000e-08  1.94995832e+00  3.31675000e-08  8.25597090e-01  3.31675000e-08  1.95007482e+00 
 3.31685000e-08  1.94995841e+00  3.31685000e-08  9.07992735e-01  3.31685000e-08  1.94994365e+00 
 3.31695000e-08  1.94995873e+00  3.31695000e-08  9.88513092e-01  3.31695000e-08  1.94980646e+00 
 3.31705000e-08  1.94995881e+00  3.31705000e-08  1.06704929e+00  3.31705000e-08  1.94965142e+00 
 3.31715000e-08  1.94995913e+00  3.31715000e-08  1.14357071e+00  3.31715000e-08  1.94949365e+00 
 3.31725000e-08  1.94995921e+00  3.31725000e-08  1.21832381e+00  3.31725000e-08  1.94934931e+00 
 3.33015000e-08  1.94991179e+00  3.33015000e-08  1.95000132e+00  3.33015000e-08  1.14680021e+00 
 3.33025000e-08  1.94990276e+00  3.33025000e-08  1.95003518e+00  3.33025000e-08  1.08921757e+00 
 3.33035000e-08  1.94988521e+00  3.33035000e-08  1.95006396e+00  3.33035000e-08  1.03134130e+00 
 3.33045000e-08  1.94986264e+00  3.33045000e-08  1.95008588e+00  3.33045000e-08  9.73091502e-01 
 3.33055000e-08  1.94984351e+00  3.33055000e-08  1.95010184e+00  3.33055000e-08  9.14253836e-01 
 3.33065000e-08  1.94984023e+00  3.33065000e-08  1.95011127e+00  3.33065000e-08  8.54802054e-01 
 3.34095000e-08  1.13789492e+00  3.34095000e-08  1.94999985e+00  3.34095000e-08  7.44472061e-04 
 3.34105000e-08  1.08590536e+00  3.34105000e-08  1.95000002e+00  3.34105000e-08  7.15695256e-04 
 3.34115000e-08  1.03420595e+00  3.34115000e-08  1.94999985e+00  3.34115000e-08  6.99171827e-04 
 3.34125000e-08  9.82686785e-01  3.34125000e-08  1.95000001e+00  3.34125000e-08  6.71854384e-04 
 3.34135000e-08  9.31327752e-01  3.34135000e-08  1.94999985e+00  3.34135000e-08  6.56563976e-04 
 3.34145000e-08  8.80052381e-01  3.34145000e-08  1.95000000e+00  3.34145000e-08  6.30627915e-04 
 3.38405000e-08  1.13872525e-06  3.38405000e-08  1.13772323e+00  3.38405000e-08 -2.73399030e-06 
 3.38415000e-08  1.14185883e-06  3.38415000e-08  1.08310722e+00  3.38415000e-08 -1.39667017e-06 
 3.38425000e-08  6.10315931e-08  3.38425000e-08  1.02782752e+00  3.38425000e-08  3.83878718e-07 
 3.38435000e-08 -1.33702613e-06  3.38435000e-08  9.71915673e-01  3.38435000e-08  2.74015128e-06 
 3.38445000e-08 -1.64508918e-06  3.38445000e-08  9.15364623e-01  3.38445000e-08  5.19092789e-06 
 3.38455000e-08 -1.45363750e-06  3.38455000e-08  8.58218626e-01  3.38455000e-08  8.04508908e-06 
 3.39945000e-08  9.05083683e-01  3.39945000e-08  2.57586510e-04  3.39945000e-08  6.45584952e-06 
 3.39955000e-08  9.46335855e-01  3.39955000e-08  2.51461295e-04  3.39955000e-08  6.71642734e-06 
 3.39965000e-08  9.87059269e-01  3.39965000e-08  2.43995546e-04  3.39965000e-08  6.03487575e-06 
 3.39975000e-08  1.02729236e+00  3.39975000e-08  2.38243150e-04  3.39975000e-08  6.31394027e-06 
 3.39985000e-08  1.06709697e+00  3.39985000e-08  2.31175306e-04  3.39985000e-08  5.64690383e-06 
 3.39995000e-08  1.10656804e+00  3.39995000e-08  2.25771400e-04  3.39995000e-08  5.94238469e-06 
 3.42895000e-08  1.94995832e+00  3.42895000e-08  8.19582758e-01  3.42895000e-08 -6.23322733e-05 
 3.42905000e-08  1.94995839e+00  3.42905000e-08  9.02103007e-01  3.42905000e-08 -1.13522975e-04 
 3.42915000e-08  1.94995872e+00  3.42915000e-08  9.82925453e-01  3.42915000e-08 -1.53904873e-04 
 3.42925000e-08  1.94995880e+00  3.42925000e-08  1.06195510e+00  3.42925000e-08 -1.77864060e-04 
 3.42935000e-08  1.94995912e+00  3.42935000e-08  1.13915650e+00  3.42935000e-08 -1.95829414e-04 
 3.42945000e-08  1.94995919e+00  3.42945000e-08  1.21470099e+00  3.42945000e-08 -2.15767539e-04 
 3.44085000e-08  1.94996783e+00  3.44085000e-08  1.94994371e+00  3.44085000e-08  8.60550278e-01 
 3.44095000e-08  1.94996435e+00  3.44095000e-08  1.94994913e+00  3.44095000e-08  9.21626342e-01 
 3.44105000e-08  1.94995746e+00  3.44105000e-08  1.94995564e+00  3.44105000e-08  9.81500041e-01 
 3.44115000e-08  1.94994630e+00  3.44115000e-08  1.94996061e+00  3.44115000e-08  1.04168895e+00 
 3.44125000e-08  1.94993506e+00  3.44125000e-08  1.94996793e+00  3.44125000e-08  1.10603089e+00 
 3.44135000e-08  1.94992804e+00  3.44135000e-08  1.94996225e+00  3.44135000e-08  1.17798524e+00 
 3.45315000e-08  1.14047735e+00  3.45315000e-08  1.94999932e+00  3.45315000e-08  1.94997314e+00 
 3.45325000e-08  1.08847160e+00  3.45325000e-08  1.94999960e+00  3.45325000e-08  1.94996577e+00 
 3.45335000e-08  1.03676122e+00  3.45335000e-08  1.94999937e+00  3.45335000e-08  1.94997647e+00 
 3.45345000e-08  9.85232679e-01  3.45345000e-08  1.94999964e+00  3.45345000e-08  1.94996915e+00 
 3.45355000e-08  9.33868383e-01  3.45355000e-08  1.94999944e+00  3.45355000e-08  1.94997947e+00 
 3.45365000e-08  8.82587806e-01  3.45365000e-08  1.94999969e+00  3.45365000e-08  1.94997224e+00 
 3.49625000e-08  1.06437853e-06  3.49625000e-08  1.14033171e+00  3.49625000e-08  1.94993789e+00 
 3.49635000e-08  1.17516806e-06  3.49635000e-08  1.08575049e+00  3.49635000e-08  1.94993465e+00 
 3.49645000e-08  1.49713499e-07  3.49645000e-08  1.03050293e+00  3.49645000e-08  1.94993629e+00 
 3.49655000e-08 -1.27972500e-06  3.49655000e-08  9.74624486e-01  3.49655000e-08  1.94994373e+00 
 3.49665000e-08 -1.64095655e-06  3.49665000e-08  9.18103335e-01  3.49665000e-08  1.94995816e+00 
 3.49675000e-08 -1.47400679e-06  3.49675000e-08  8.60987148e-01  3.49675000e-08  1.94997929e+00 
 3.51175000e-08  9.44120176e-01  3.51175000e-08  2.15481031e-04  3.51175000e-08  1.94991236e+00 
 3.51185000e-08  9.84871287e-01  3.51185000e-08  2.10088711e-04  3.51185000e-08  1.94991587e+00 
 3.51195000e-08  1.02512964e+00  3.51195000e-08  2.04895655e-04  3.51195000e-08  1.94991749e+00 
 3.51205000e-08  1.06495534e+00  3.51205000e-08  1.99757645e-04  3.51205000e-08  1.94992083e+00 
 3.51215000e-08  1.10444152e+00  3.51215000e-08  1.94803489e-04  3.51215000e-08  1.94992231e+00 
 3.51225000e-08  1.14371499e+00  3.51225000e-08  1.89909668e-04  3.51225000e-08  1.94992549e+00 
 3.54115000e-08  1.94995832e+00  3.54115000e-08  8.17292481e-01  3.54115000e-08  1.95008708e+00 
 3.54125000e-08  1.94995838e+00  3.54125000e-08  8.99866590e-01  3.54125000e-08  1.94995617e+00 
 3.54135000e-08  1.94995872e+00  3.54135000e-08  9.80585756e-01  3.54135000e-08  1.94982098e+00 
 3.54145000e-08  1.94995878e+00  3.54145000e-08  1.05932321e+00  3.54145000e-08  1.94966743e+00 
 3.54155000e-08  1.94995911e+00  3.54155000e-08  1.13602820e+00  3.54155000e-08  1.94950922e+00 
 3.54165000e-08  1.94995917e+00  3.54165000e-08  1.21093187e+00  3.54165000e-08  1.94936525e+00 
 3.55455000e-08  1.94991224e+00  3.55455000e-08  1.94999813e+00  3.55455000e-08  1.15256684e+00 
 3.55465000e-08  1.94990401e+00  3.55465000e-08  1.95003208e+00  3.55465000e-08  1.09499917e+00 
 3.55475000e-08  1.94988714e+00  3.55475000e-08  1.95006127e+00  3.55475000e-08  1.03715672e+00 
 3.55485000e-08  1.94986484e+00  3.55485000e-08  1.95008403e+00  3.55485000e-08  9.78954032e-01 
 3.55495000e-08  1.94984479e+00  3.55495000e-08  1.95010045e+00  3.55495000e-08  9.20177680e-01 
 3.55505000e-08  1.94983962e+00  3.55505000e-08  1.95011063e+00  3.55505000e-08  8.60793258e-01 
 3.56535000e-08  1.14293043e+00  3.56535000e-08  1.94999973e+00  3.56535000e-08  7.46231438e-04 
 3.56545000e-08  1.09091094e+00  3.56545000e-08  1.94999998e+00  3.56545000e-08  7.18592599e-04 
 3.56555000e-08  1.03918862e+00  3.56555000e-08  1.94999972e+00  3.56555000e-08  7.00786139e-04 
 3.56565000e-08  9.87652587e-01  3.56565000e-08  1.94999997e+00  3.56565000e-08  6.74617655e-04 
 3.56575000e-08  9.36281985e-01  3.56575000e-08  1.94999968e+00  3.56575000e-08  6.58043503e-04 
 3.56585000e-08  8.84997784e-01  3.56585000e-08  1.94999989e+00  3.56585000e-08  6.33264713e-04 
 3.60845000e-08  1.01171229e-06  3.60845000e-08  1.14286193e+00  3.60845000e-08 -2.68140121e-06 
 3.60855000e-08  1.19416552e-06  3.60855000e-08  1.08831011e+00  3.60855000e-08 -1.66719935e-06 
 3.60865000e-08  2.07751168e-07  3.60865000e-08  1.03308961e+00  3.60865000e-08  2.96145341e-07 
 3.60875000e-08 -1.24139558e-06  3.60875000e-08  9.77240233e-01  3.60875000e-08  2.39245108e-06 
 3.60885000e-08 -1.63820554e-06  3.60885000e-08  9.20745774e-01  3.60885000e-08  5.02887583e-06 
 3.60895000e-08 -1.48920011e-06  3.60895000e-08  8.63657805e-01  3.60895000e-08  7.68340047e-06 
 3.62395000e-08  9.42527240e-01  3.62395000e-08  2.51906431e-04  3.62395000e-08  6.53245494e-06 
 3.62405000e-08  9.83298161e-01  3.62405000e-08  2.44798177e-04  3.62405000e-08  6.25639610e-06 
 3.62415000e-08  1.02357492e+00  3.62415000e-08  2.38656352e-04  3.62415000e-08  6.12973261e-06 
 3.62425000e-08  1.06341577e+00  3.62425000e-08  2.31939096e-04  3.62425000e-08  5.86567319e-06 
 3.62435000e-08  1.10291319e+00  3.62435000e-08  2.26154849e-04  3.62435000e-08  5.75812081e-06 
 3.62445000e-08  1.14219211e+00  3.62445000e-08  2.19804139e-04  3.62445000e-08  5.50475911e-06 
 3.65335000e-08  1.94995831e+00  3.65335000e-08  8.11973024e-01  3.65335000e-08 -5.74671999e-05 
 3.65345000e-08  1.94995837e+00  3.65345000e-08  8.94639585e-01  3.65345000e-08 -1.09280203e-04 
 3.65355000e-08  1.94995872e+00  3.65355000e-08  9.75626298e-01  3.65355000e-08 -1.50776213e-04 
 3.65365000e-08  1.94995877e+00  3.65365000e-08  1.05482468e+00  3.65365000e-08 -1.76246460e-04 
 3.65375000e-08  1.94995911e+00  3.65375000e-08  1.13218879e+00  3.65375000e-08 -1.94905396e-04 
 3.65385000e-08  1.94995917e+00  3.65385000e-08  1.20787918e+00  3.65385000e-08 -2.12609703e-04 
 3.66525000e-08  1.94996804e+00  3.66525000e-08  1.94994338e+00  3.66525000e-08  8.54905447e-01 
 3.66535000e-08  1.94996477e+00  3.66535000e-08  1.94994854e+00  3.66535000e-08  9.16124884e-01 
 3.66545000e-08  1.94995825e+00  3.66545000e-08  1.94995512e+00  3.66545000e-08  9.76071756e-01 
 3.66555000e-08  1.94994743e+00  3.66555000e-08  1.94996023e+00  3.66555000e-08  1.03609198e+00 
 3.66565000e-08  1.94993580e+00  3.66565000e-08  1.94996730e+00  3.66565000e-08  1.09989559e+00 
 3.66575000e-08  1.94992872e+00  3.66575000e-08  1.94996301e+00  3.66575000e-08  1.17126987e+00 
 3.67755000e-08  1.14515830e+00  3.67755000e-08  1.94999932e+00  3.67755000e-08  1.94997090e+00 
 3.67765000e-08  1.09312656e+00  3.67765000e-08  1.94999958e+00  3.67765000e-08  1.94996755e+00 
 3.67775000e-08  1.04139272e+00  3.67775000e-08  1.94999938e+00  3.67775000e-08  1.94997432e+00 
 3.67785000e-08  9.89850069e-01  3.67785000e-08  1.94999962e+00  3.67785000e-08  1.94997092e+00 
 3.67795000e-08  9.38473182e-01  3.67795000e-08  1.94999944e+00  3.67795000e-08  1.94997740e+00 
 3.67805000e-08  8.87185920e-01  3.67805000e-08  1.94999968e+00  3.67805000e-08  1.94997397e+00 
 3.72065000e-08  9.53026600e-07  3.72065000e-08  1.14527356e+00  3.72065000e-08  1.94993837e+00 
 3.72075000e-08  1.21373329e-06  3.72075000e-08  1.09075411e+00  3.72075000e-08  1.94993474e+00 
 3.72085000e-08  2.69427498e-07  3.72085000e-08  1.03556356e+00  3.72085000e-08  1.94993594e+00 
 3.72095000e-08 -1.20741787e-06  3.72095000e-08  9.79745318e-01  3.72095000e-08  1.94994273e+00 
 3.72105000e-08 -1.64380962e-06  3.72105000e-08  9.23278771e-01  3.72105000e-08  1.94995660e+00 
 3.72115000e-08 -1.50181469e-06  3.72115000e-08  8.66218604e-01  3.72115000e-08  1.94997706e+00 
 3.73615000e-08  9.40851993e-01  3.73615000e-08  2.15765033e-04  3.73615000e-08  1.94991217e+00 
 3.73625000e-08  9.81643607e-01  3.73625000e-08  2.10761924e-04  3.73625000e-08  1.94991559e+00 
 3.73635000e-08  1.02193996e+00  3.73635000e-08  2.05162014e-04  3.73635000e-08  1.94991732e+00 
 3.73645000e-08  1.06179669e+00  3.73645000e-08  2.00404026e-04  3.73645000e-08  1.94992056e+00 
 3.73655000e-08  1.10130627e+00  3.73655000e-08  1.95052911e-04  3.73655000e-08  1.94992215e+00 
 3.73665000e-08  1.14059097e+00  3.73665000e-08  1.90530243e-04  3.73665000e-08  1.94992523e+00 
 3.76555000e-08  1.94995831e+00  3.76555000e-08  8.10530873e-01  3.76555000e-08  1.95009663e+00 
 3.76565000e-08  1.94995836e+00  3.76565000e-08  8.93242393e-01  3.76565000e-08  1.94996622e+00 
 3.76575000e-08  1.94995871e+00  3.76575000e-08  9.74118942e-01  3.76575000e-08  1.94983267e+00 
 3.76585000e-08  1.94995876e+00  3.76585000e-08  1.05301996e+00  3.76585000e-08  1.94968048e+00 
 3.76595000e-08  1.94995911e+00  3.76595000e-08  1.12989529e+00  3.76595000e-08  1.94952193e+00 
 3.76605000e-08  1.94995916e+00  3.76605000e-08  1.20494375e+00  3.76605000e-08  1.94937782e+00 
 3.77895000e-08  1.94991260e+00  3.77895000e-08  1.94999573e+00  3.77895000e-08  1.15709579e+00 
 3.77905000e-08  1.94990502e+00  3.77905000e-08  1.95002955e+00  3.77905000e-08  1.09953618e+00 
 3.77915000e-08  1.94988877e+00  3.77915000e-08  1.95005907e+00  3.77915000e-08  1.04172283e+00 
 3.77925000e-08  1.94986674e+00  3.77925000e-08  1.95008251e+00  3.77925000e-08  9.83553971e-01 
 3.77935000e-08  1.94984600e+00  3.77935000e-08  1.95009930e+00  3.77935000e-08  9.24828475e-01 
 3.77945000e-08  1.94983928e+00  3.77945000e-08  1.95011009e+00  3.77945000e-08  8.65494684e-01 
 3.78975000e-08  1.14714857e+00  3.78975000e-08  1.94999976e+00  3.78975000e-08  7.48098900e-04 
 3.78985000e-08  1.09510668e+00  3.78985000e-08  1.95000008e+00  3.78985000e-08  7.20438187e-04 
 3.78995000e-08  1.04336327e+00  3.78995000e-08  1.94999971e+00  3.78995000e-08  7.02532201e-04 
 3.79005000e-08  9.91815382e-01  3.79005000e-08  1.94999997e+00  3.79005000e-08  6.76366603e-04 
 3.79015000e-08  9.40433464e-01  3.79015000e-08  1.94999969e+00  3.79015000e-08  6.59673107e-04 
 3.79025000e-08  8.89143857e-01  3.79025000e-08  1.95000003e+00  3.79025000e-08  6.34933969e-04 
 3.83285000e-08  9.23329573e-07  3.83285000e-08  1.14738409e+00  3.83285000e-08 -2.66055188e-06 
 3.83295000e-08  1.21874123e-06  3.83295000e-08  1.09288876e+00  3.83295000e-08 -1.86527880e-06 
 3.83305000e-08  2.96116199e-07  3.83305000e-08  1.03772037e+00  3.83305000e-08  1.92220326e-07 
 3.83315000e-08 -1.18053867e-06  3.83315000e-08  9.81926057e-01  3.83315000e-08  2.11287855e-06 
 3.83325000e-08 -1.63451114e-06  3.83325000e-08  9.25481550e-01  3.83325000e-08  4.82578427e-06 
 3.83335000e-08 -1.51542390e-06  3.83335000e-08  8.68444832e-01  3.83335000e-08  7.36390491e-06 
 3.84835000e-08  9.39986373e-01  3.84835000e-08  2.52308538e-04  3.84835000e-08  6.39816712e-06 
 3.84845000e-08  9.80788732e-01  3.84845000e-08  2.45516205e-04  3.84845000e-08  6.42476218e-06 
 3.84855000e-08  1.02109526e+00  3.84855000e-08  2.39029809e-04  3.84855000e-08  5.99469907e-06 
 3.84865000e-08  1.06096027e+00  3.84865000e-08  2.32622342e-04  3.84865000e-08  6.03209401e-06 
 3.84875000e-08  1.10047622e+00  3.84875000e-08  2.26501612e-04  3.84875000e-08  5.62252458e-06 
 3.84885000e-08  1.13976401e+00  3.84885000e-08  2.20454663e-04  3.84885000e-08  5.66932003e-06 
 3.87775000e-08  1.94995830e+00  3.87775000e-08  8.06901522e-01  3.87775000e-08 -5.42888689e-05 
 3.87785000e-08  1.94995835e+00  3.87785000e-08  8.89661731e-01  3.87785000e-08 -1.06383047e-04 
 3.87795000e-08  1.94995870e+00  3.87795000e-08  9.70755575e-01  3.87795000e-08 -1.48626334e-04 
 3.87805000e-08  1.94995875e+00  3.87805000e-08  1.05006498e+00  3.87805000e-08 -1.75043074e-04 
 3.87815000e-08  1.94995910e+00  3.87815000e-08  1.12753767e+00  3.87815000e-08 -1.94089101e-04 
 3.87825000e-08  1.94995915e+00  3.87825000e-08  1.20332526e+00  3.87825000e-08 -2.10843216e-04 
 3.88965000e-08  1.94996820e+00  3.88965000e-08  1.94994322e+00  3.88965000e-08  8.51133840e-01 
 3.88975000e-08  1.94996506e+00  3.88975000e-08  1.94994814e+00  3.88975000e-08  9.12450841e-01 
 3.88985000e-08  1.94995880e+00  3.88985000e-08  1.94995476e+00  3.88985000e-08  9.72452306e-01 
 3.88995000e-08  1.94994822e+00  3.88995000e-08  1.94995996e+00  3.88995000e-08  1.03238355e+00 
 3.89005000e-08  1.94993634e+00  3.89005000e-08  1.94996682e+00  3.89005000e-08  1.09585543e+00 
 3.89015000e-08  1.94992922e+00  3.89015000e-08  1.94996359e+00  3.89015000e-08  1.16679614e+00 
 3.90195000e-08  1.14861430e+00  3.90195000e-08  1.94999932e+00  3.90195000e-08  1.94996945e+00 
 3.90205000e-08  1.09656376e+00  3.90205000e-08  1.94999956e+00  3.90205000e-08  1.94996896e+00 
 3.90215000e-08  1.04481217e+00  3.90215000e-08  1.94999938e+00  3.90215000e-08  1.94997294e+00 
 3.90225000e-08  9.93259366e-01  3.90225000e-08  1.94999962e+00  3.90225000e-08  1.94997232e+00 
 3.90235000e-08  9.41872877e-01  3.90235000e-08  1.94999945e+00  3.90235000e-08  1.94997606e+00 
 3.90245000e-08  8.90581052e-01  3.90245000e-08  1.94999968e+00  3.90245000e-08  1.94997532e+00 
 3.94505000e-08  8.68996771e-07  3.94505000e-08  1.14891508e+00  3.94505000e-08  1.94993872e+00 
 3.94515000e-08  1.24013652e-06  3.94515000e-08  1.09444119e+00  3.94515000e-08  1.94993485e+00 
 3.94525000e-08  3.56420669e-07  3.94525000e-08  1.03929270e+00  3.94525000e-08  1.94993571e+00 
 3.94535000e-08 -1.13299678e-06  3.94535000e-08  9.83518908e-01  3.94535000e-08  1.94994205e+00 
 3.94545000e-08 -1.62947163e-06  3.94545000e-08  9.27092741e-01  3.94545000e-08  1.94995548e+00 
 3.94555000e-08 -1.52876063e-06  3.94555000e-08  8.70074014e-01  3.94555000e-08  1.94997546e+00 
 3.96055000e-08  9.38218615e-01  3.96055000e-08  2.15983407e-04  3.96055000e-08  1.94991205e+00 
 3.96065000e-08  9.79043028e-01  3.96065000e-08  2.11259849e-04  3.96065000e-08  1.94991535e+00 
 3.96075000e-08  1.01937026e+00  3.96075000e-08  2.05367062e-04  3.96075000e-08  1.94991721e+00 
 3.96085000e-08  1.05925237e+00  3.96085000e-08  2.00881933e-04  3.96085000e-08  1.94992034e+00 
 3.96095000e-08  1.09878136e+00  3.96095000e-08  1.95245180e-04  3.96095000e-08  1.94992205e+00 
 3.96105000e-08  1.13807573e+00  3.96105000e-08  1.90988903e-04  3.96105000e-08  1.94992502e+00 
 3.98995000e-08  1.94995829e+00  3.98995000e-08  8.05414148e-01  3.98995000e-08  1.95010359e+00 
 3.99005000e-08  1.94995834e+00  3.99005000e-08  8.88228043e-01  3.99005000e-08  1.94997370e+00 
 3.99015000e-08  1.94995870e+00  3.99015000e-08  9.69222914e-01  3.99015000e-08  1.94984148e+00 
 3.99025000e-08  1.94995874e+00  3.99025000e-08  1.04824735e+00  3.99025000e-08  1.94969032e+00 
 3.99035000e-08  1.94995910e+00  3.99035000e-08  1.12524404e+00  3.99035000e-08  1.94953160e+00 
 3.99045000e-08  1.94995914e+00  3.99045000e-08  1.20039516e+00  3.99045000e-08  1.94938739e+00 
 4.00335000e-08  1.94991281e+00  4.00335000e-08  1.94999387e+00  4.00335000e-08  1.16069422e+00 
 4.00345000e-08  1.94990568e+00  4.00345000e-08  1.95002753e+00  4.00345000e-08  1.10313992e+00 
 4.00355000e-08  1.94988995e+00  4.00355000e-08  1.95005733e+00  4.00355000e-08  1.04534832e+00 
 4.00365000e-08  1.94986814e+00  4.00365000e-08  1.95008126e+00  4.00365000e-08  9.87205228e-01 
 4.00375000e-08  1.94984698e+00  4.00375000e-08  1.95009838e+00  4.00375000e-08  9.28518970e-01 
 4.00385000e-08  1.94983907e+00  4.00385000e-08  1.95010961e+00  4.00385000e-08  8.69224606e-01 
 4.01415000e-08  1.15032801e+00  4.01415000e-08  1.94999991e+00  4.01415000e-08  7.49669557e-04 
 4.01425000e-08  1.09826882e+00  4.01425000e-08  1.95000027e+00  4.01425000e-08  7.21699346e-04 
 4.01435000e-08  1.04650906e+00  4.01435000e-08  1.94999991e+00  4.01435000e-08  7.04004526e-04 
 4.01445000e-08  9.94951851e-01  4.01445000e-08  1.95000027e+00  4.01445000e-08  6.77553962e-04 
 4.01455000e-08  9.43561167e-01  4.01455000e-08  1.94999992e+00  4.01455000e-08  6.61053458e-04 
 4.01465000e-08  8.92267456e-01  4.01465000e-08  1.95000026e+00  4.01465000e-08  6.36040223e-04 
 4.05725000e-08  8.31500134e-07  4.05725000e-08  1.15088223e+00  4.05725000e-08 -2.64679222e-06 
 4.05735000e-08  1.25137070e-06  4.05735000e-08  1.09643072e+00  4.05735000e-08 -2.00828342e-06 
 4.05745000e-08  3.96247928e-07  4.05745000e-08  1.04130284e+00  4.05745000e-08  1.08623277e-07 
 4.05755000e-08 -1.10238162e-06  4.05755000e-08  9.85551276e-01  4.05755000e-08  1.90294600e-06 
 4.05765000e-08 -1.62540257e-06  4.05765000e-08  9.29145663e-01  4.05765000e-08  4.69618268e-06 
 4.05775000e-08 -1.53943052e-06  4.05775000e-08  8.72148795e-01  4.05775000e-08  7.15148468e-06 
 4.07275000e-08  9.37085078e-01  4.07275000e-08  2.52619624e-04  4.07275000e-08  6.29892453e-06 
 4.07285000e-08  9.77923906e-01  4.07285000e-08  2.46069265e-04  4.07285000e-08  6.55085571e-06 
 4.07295000e-08  1.01826423e+00  4.07295000e-08  2.39318804e-04  4.07295000e-08  5.89485178e-06 
 4.07305000e-08  1.05815763e+00  4.07305000e-08  2.33149178e-04  4.07305000e-08  6.15667543e-06 
 4.07315000e-08  1.09769486e+00  4.07315000e-08  2.26769601e-04  4.07315000e-08  5.52221134e-06 
 4.07325000e-08  1.13699383e+00  4.07325000e-08  2.20955874e-04  4.07325000e-08  5.79245888e-06 
 4.10215000e-08  1.94995829e+00  4.10215000e-08  8.01055349e-01  4.10215000e-08 -4.96527620e-05 
 4.10225000e-08  1.94995833e+00  4.10225000e-08  8.83923761e-01  4.10225000e-08 -1.02843706e-04 
 4.10235000e-08  1.94995870e+00  4.10235000e-08  9.65140467e-01  4.10235000e-08 -1.46019155e-04 
 4.10245000e-08  1.94995873e+00  4.10245000e-08  1.04457754e+00  4.10245000e-08 -1.73566111e-04 
 4.10255000e-08  1.94995909e+00  4.10255000e-08  1.12217603e+00  4.10255000e-08 -1.93050318e-04 
 4.10265000e-08  1.94995913e+00  4.10265000e-08  1.19807614e+00  4.10265000e-08 -2.08986000e-04 
 4.11405000e-08  1.94996835e+00  4.11405000e-08  1.94994304e+00  4.11405000e-08  8.46850453e-01 
 4.11415000e-08  1.94996534e+00  4.11415000e-08  1.94994769e+00  4.11415000e-08  9.08279838e-01 
 4.11425000e-08  1.94995935e+00  4.11425000e-08  1.94995435e+00  4.11425000e-08  9.68346477e-01 
 4.11435000e-08  1.94994904e+00  4.11435000e-08  1.94995962e+00  4.11435000e-08  1.02819613e+00 
 4.11445000e-08  1.94993691e+00  4.11445000e-08  1.94996624e+00  4.11445000e-08  1.09131621e+00 
 4.11455000e-08  1.94992965e+00  4.11455000e-08  1.94996431e+00  4.11455000e-08  1.16172559e+00 
 4.12635000e-08  1.15209584e+00  4.12635000e-08  1.94999933e+00  4.12635000e-08  1.94996758e+00 
 4.12645000e-08  1.10002556e+00  4.12645000e-08  1.94999955e+00  4.12645000e-08  1.94997052e+00 
 4.12655000e-08  1.04825527e+00  4.12655000e-08  1.94999940e+00  4.12655000e-08  1.94997120e+00 
 4.12665000e-08  9.96691492e-01  4.12665000e-08  1.94999961e+00  4.12665000e-08  1.94997390e+00 
 4.12675000e-08  9.45294736e-01  4.12675000e-08  1.94999945e+00  4.12675000e-08  1.94997431e+00 
 4.12685000e-08  8.93997801e-01  4.12685000e-08  1.94999965e+00  4.12685000e-08  1.94997680e+00 
 4.16945000e-08  7.66320794e-07  4.16945000e-08  1.15253553e+00  4.16945000e-08  1.94993908e+00 
 4.16955000e-08  1.26816213e-06  4.16955000e-08  1.09810696e+00  4.16955000e-08  1.94993497e+00 
 4.16965000e-08  4.56247379e-07  4.16965000e-08  1.04300036e+00  4.16965000e-08  1.94993550e+00 
 4.16975000e-08 -1.05134471e-06  4.16975000e-08  9.87270849e-01  4.16975000e-08  1.94994140e+00 
 4.16985000e-08 -1.62128597e-06  4.16985000e-08  9.30884960e-01  4.16985000e-08  1.94995438e+00 
 4.16995000e-08 -1.55599037e-06  4.16995000e-08  8.73907571e-01  4.16995000e-08  1.94997390e+00 
 4.18495000e-08  9.35093712e-01  4.18495000e-08  2.16198728e-04  4.18495000e-08  1.94991194e+00 
 4.18505000e-08  9.75957891e-01  4.18505000e-08  2.11748359e-04  4.18505000e-08  1.94991511e+00 
 4.18515000e-08  1.01632129e+00  4.18515000e-08  2.05569408e-04  4.18515000e-08  1.94991711e+00 
 4.18525000e-08  1.05623462e+00  4.18525000e-08  2.01350697e-04  4.18525000e-08  1.94992011e+00 
 4.18535000e-08  1.09578652e+00  4.18535000e-08  1.95435082e-04  4.18535000e-08  1.94992196e+00 
 4.18545000e-08  1.13509377e+00  4.18545000e-08  1.91438688e-04  4.18545000e-08  1.94992480e+00 
 4.20000000e-08  1.94956634e+00  4.20000000e-08  6.80139212e-06  4.20000000e-08  1.94999869e+00 
