 time            v(b_out)        time            v(u_puf_u_core_sel_ro) time            v(q)           
 0.00000000e+00  4.68653885e-09  0.00000000e+00  2.46749735e-09  0.00000000e+00  2.46749746e-09 
 2.57750000e-09  9.09980106e-01  2.57750000e-09  2.97098529e-09  2.57750000e-09  2.46769200e-09 
 2.57850000e-09  9.51167711e-01  2.57850000e-09  2.97296274e-09  2.57850000e-09  2.46768600e-09 
 2.57950000e-09  9.91830801e-01  2.57950000e-09  2.97150693e-09  2.57950000e-09  2.46767806e-09 
 2.58050000e-09  1.03200929e+00  2.58050000e-09  2.96827576e-09  2.58050000e-09  2.46767828e-09 
 2.58150000e-09  1.07176897e+00  2.58150000e-09  2.96468206e-09  2.58150000e-09  2.46767862e-09 
 2.58250000e-09  1.11120870e+00  2.58250000e-09  2.96296379e-09  2.58250000e-09  2.46768489e-09 
 2.81650000e-09  1.94994198e+00  2.81650000e-09  8.39286321e-01  2.81650000e-09 -7.66770242e-05 
 2.81750000e-09  1.94994292e+00  2.81750000e-09  9.21683173e-01  2.81750000e-09 -1.24429897e-04 
 2.81850000e-09  1.94994278e+00  2.81850000e-09  1.00221399e+00  2.81850000e-09 -1.61500118e-04 
 2.81950000e-09  1.94994370e+00  2.81950000e-09  1.08083457e+00  2.81950000e-09 -1.82132775e-04 
 2.82050000e-09  1.94994357e+00  2.82050000e-09  1.15759123e+00  2.82050000e-09 -1.97939297e-04 
 2.82150000e-09  1.94994446e+00  2.82150000e-09  1.23267726e+00  2.82150000e-09 -2.21870144e-04 
 2.93550000e-09  1.94996816e+00  2.93550000e-09  1.94993312e+00  2.93550000e-09  8.63174969e-01 
 2.93650000e-09  1.94996809e+00  2.93650000e-09  1.94994041e+00  2.93650000e-09  9.24110467e-01 
 2.93750000e-09  1.94996841e+00  2.93750000e-09  1.94994630e+00  2.93750000e-09  9.83857267e-01 
 2.93850000e-09  1.94996837e+00  2.93850000e-09  1.94995297e+00  2.93850000e-09  1.04402637e+00 
 2.93950000e-09  1.94996868e+00  2.93950000e-09  1.94995981e+00  2.93950000e-09  1.10849898e+00 
 2.94050000e-09  1.94996866e+00  2.94050000e-09  1.94995530e+00  2.94050000e-09  1.18054506e+00 
 3.11450000e-09  1.13411650e+00  3.11450000e-09  1.94999933e+00  3.11450000e-09  1.94999443e+00 
 3.11550000e-09  1.08214977e+00  3.11550000e-09  1.94999931e+00  3.11550000e-09  1.94999082e+00 
 3.11650000e-09  1.03046484e+00  3.11650000e-09  1.94999934e+00  3.11650000e-09  1.94999646e+00 
 3.11750000e-09  9.78957396e-01  3.11750000e-09  1.94999932e+00  3.11750000e-09  1.94999072e+00 
 3.11850000e-09  9.27603457e-01  3.11850000e-09  1.94999937e+00  3.11850000e-09  1.94999451e+00 
 3.11950000e-09  8.76332506e-01  3.11950000e-09  1.94999935e+00  3.11950000e-09  1.94999117e+00 
 3.51850000e-09  1.55150567e-06  3.51850000e-09  1.14457835e+00  3.51850000e-09  1.94993816e+00 
 3.51950000e-09  1.75645089e-06  3.51950000e-09  1.09003205e+00  3.51950000e-09  1.94993487e+00 
 3.52050000e-09  1.70244477e-06  3.52050000e-09  1.03481431e+00  3.52050000e-09  1.94993585e+00 
 3.52150000e-09  1.73206424e-06  3.52150000e-09  9.78968691e-01  3.52150000e-09  1.94994302e+00 
 3.52250000e-09  1.04137776e-06  3.52250000e-09  9.22474630e-01  3.52250000e-09  1.94995671e+00 
 3.52350000e-09  2.18178218e-07  3.52350000e-09  8.65387065e-01  3.52350000e-09  1.94997763e+00 
 3.69950000e-09  9.09147353e-01  3.69950000e-09  1.11066165e-04  3.69950000e-09  1.94995958e+00 
 3.70050000e-09  9.50345821e-01  3.70050000e-09  1.08462771e-04  3.70050000e-09  1.94996117e+00 
 3.70150000e-09  9.91019076e-01  3.70150000e-09  1.05529552e-04  3.70150000e-09  1.94996189e+00 
 3.70250000e-09  1.03120677e+00  3.70250000e-09  1.03064380e-04  3.70250000e-09  1.94996340e+00 
 3.70350000e-09  1.07097403e+00  3.70350000e-09  1.00270835e-04  3.70350000e-09  1.94996406e+00 
 3.70450000e-09  1.11041905e+00  3.70450000e-09  9.79369532e-05  3.70450000e-09  1.94996550e+00 
 3.93750000e-09  1.94994206e+00  3.93750000e-09  7.90656369e-01  3.93750000e-09  1.95012353e+00 
 3.93850000e-09  1.94994197e+00  3.93850000e-09  8.74098353e-01  3.93850000e-09  1.94999189e+00 
 3.93950000e-09  1.94994287e+00  3.93950000e-09  9.55628433e-01  3.93950000e-09  1.94986060e+00 
 3.94050000e-09  1.94994277e+00  3.94050000e-09  1.03507660e+00  3.94050000e-09  1.94971191e+00 
 3.94150000e-09  1.94994367e+00  3.94150000e-09  1.11242226e+00  3.94150000e-09  1.94955281e+00 
 3.94250000e-09  1.94994357e+00  3.94250000e-09  1.18778606e+00  3.94250000e-09  1.94940697e+00 
 4.07150000e-09  1.94996939e+00  4.07150000e-09  1.94998476e+00  4.07150000e-09  1.17116303e+00 
 4.07250000e-09  1.94996940e+00  4.07250000e-09  1.95001618e+00  4.07250000e-09  1.11361828e+00 
 4.07350000e-09  1.94996976e+00  4.07350000e-09  1.95004756e+00  4.07350000e-09  1.05588334e+00 
 4.07450000e-09  1.94996978e+00  4.07450000e-09  1.95007246e+00  4.07450000e-09  9.97807693e-01 
 4.07550000e-09  1.94997004e+00  4.07550000e-09  1.95009134e+00  4.07550000e-09  9.39227842e-01 
 4.07650000e-09  1.94996988e+00  4.07650000e-09  1.95010339e+00  4.07650000e-09  8.80040176e-01 
 4.23650000e-09  1.13488148e+00  4.23650000e-09  1.94999938e+00  4.23650000e-09  1.21711315e-04 
 4.23750000e-09  1.08291100e+00  4.23750000e-09  1.94999919e+00  4.23750000e-09  1.17232343e-04 
 4.23850000e-09  1.03122388e+00  4.23850000e-09  1.94999939e+00  4.23850000e-09  1.14127422e-04 
 4.23950000e-09  9.79714619e-01  4.23950000e-09  1.94999920e+00  4.23950000e-09  1.09865635e-04 
 4.24050000e-09  9.28359941e-01  4.24050000e-09  1.94999940e+00  4.24050000e-09  1.07015960e-04 
 4.24150000e-09  8.77088188e-01  4.24150000e-09  1.94999921e+00  4.24150000e-09  1.02957635e-04 
 4.64050000e-09  1.55187641e-06  4.64050000e-09  1.14547797e+00  4.64050000e-09 -2.47501661e-06 
 4.64150000e-09  1.75573715e-06  4.64150000e-09  1.09094065e+00  4.64150000e-09 -1.96852395e-06 
 4.64250000e-09  1.70246509e-06  4.64250000e-09  1.03573124e+00  4.64250000e-09  3.84591765e-07 
 4.64350000e-09  1.72996206e-06  4.64350000e-09  9.79894777e-01  4.64350000e-09  2.04906969e-06 
 4.64450000e-09  1.03906139e-06  4.64450000e-09  9.23409475e-01  4.64450000e-09  5.08889628e-06 
 4.64550000e-09  2.15280448e-07  4.64550000e-09  8.66331566e-01  4.64550000e-09  7.35769095e-06 
 4.82150000e-09  9.08880356e-01  4.82150000e-09  1.26424709e-04  4.82150000e-09  2.88997251e-06 
 4.82250000e-09  9.50082316e-01  4.82250000e-09  1.23051619e-04  4.82250000e-09  3.00424305e-06 
 4.82350000e-09  9.90758827e-01  4.82350000e-09  1.20020339e-04  4.82350000e-09  2.72748270e-06 
 4.82450000e-09  1.03094949e+00  4.82450000e-09  1.16821429e-04  4.82450000e-09  2.84323705e-06 
 4.82550000e-09  1.07071919e+00  4.82550000e-09  1.13951869e-04  4.82550000e-09  2.57469185e-06 
 4.82650000e-09  1.11016592e+00  4.82650000e-09  1.10917387e-04  4.82650000e-09  2.69174464e-06 
 5.05950000e-09  1.94994205e+00  5.05950000e-09  7.88102237e-01  5.05950000e-09 -4.44126138e-05 
 5.06050000e-09  1.94994196e+00  5.06050000e-09  8.71544799e-01  5.06050000e-09 -9.74720888e-05 
 5.06150000e-09  1.94994286e+00  5.06150000e-09  9.53234844e-01  5.06150000e-09 -1.42301738e-04 
 5.06250000e-09  1.94994277e+00  5.06250000e-09  1.03302299e+00  5.06250000e-09 -1.71881082e-04 
 5.06350000e-09  1.94994365e+00  5.06350000e-09  1.11091235e+00  5.06350000e-09 -1.91765577e-04 
 5.06450000e-09  1.94994356e+00  5.06450000e-09  1.18700266e+00  5.06450000e-09 -2.06475568e-04 
 5.17950000e-09  1.94996814e+00  5.17950000e-09  1.94994182e+00  5.17950000e-09  8.98882736e-01 
 5.18050000e-09  1.94996810e+00  5.18050000e-09  1.94994782e+00  5.18050000e-09  9.59114230e-01 
 5.18150000e-09  1.94996840e+00  5.18150000e-09  1.94995410e+00  5.18150000e-09  1.01885222e+00 
 5.18250000e-09  1.94996837e+00  5.18250000e-09  1.94995934e+00  5.18250000e-09  1.08127076e+00 
 5.18350000e-09  1.94996868e+00  5.18350000e-09  1.94996154e+00  5.18350000e-09  1.15037780e+00 
 5.18450000e-09  1.94996866e+00  5.18450000e-09  1.94995617e+00  5.18450000e-09  1.22380490e+00 
 5.35850000e-09  1.13595097e+00  5.35850000e-09  1.94999933e+00  5.35850000e-09  1.94999473e+00 
 5.35950000e-09  1.08397308e+00  5.35950000e-09  1.94999932e+00  5.35950000e-09  1.94999163e+00 
 5.36050000e-09  1.03228072e+00  5.36050000e-09  1.94999935e+00  5.36050000e-09  1.94999674e+00 
 5.36150000e-09  9.80766916e-01  5.36150000e-09  1.94999933e+00  5.36150000e-09  1.94999164e+00 
 5.36250000e-09  9.29409488e-01  5.36250000e-09  1.94999936e+00  5.36250000e-09  1.94999503e+00 
 5.36350000e-09  8.78135255e-01  5.36350000e-09  1.94999935e+00  5.36350000e-09  1.94999206e+00 
 5.76250000e-09  1.54217459e-06  5.76250000e-09  1.14662016e+00  5.76250000e-09  1.94993850e+00 
 5.76350000e-09  1.75402738e-06  5.76350000e-09  1.09209932e+00  5.76350000e-09  1.94993477e+00 
 5.76450000e-09  1.69490932e-06  5.76450000e-09  1.03690517e+00  5.76450000e-09  1.94993586e+00 
 5.76550000e-09  1.75002204e-06  5.76550000e-09  9.81084385e-01  5.76550000e-09  1.94994248e+00 
 5.76650000e-09  1.07031687e-06  5.76650000e-09  9.24612956e-01  5.76650000e-09  1.94995622e+00 
 5.76750000e-09  2.48697153e-07  5.76750000e-09  8.67548522e-01  5.76750000e-09  1.94997656e+00 
 5.94350000e-09  9.07397930e-01  5.94350000e-09  1.11105881e-04  5.94350000e-09  1.94995946e+00 
 5.94450000e-09  9.48619249e-01  5.94450000e-09  1.08648840e-04  5.94450000e-09  1.94996121e+00 
 5.94550000e-09  9.89313900e-01  5.94550000e-09  1.05565079e-04  5.94550000e-09  1.94996177e+00 
 5.94650000e-09  1.02952104e+00  5.94650000e-09  1.03243414e-04  5.94650000e-09  1.94996344e+00 
 5.94750000e-09  1.06930433e+00  5.94750000e-09  1.00302336e-04  5.94750000e-09  1.94996394e+00 
 5.94850000e-09  1.10876062e+00  5.94850000e-09  9.81092394e-05  5.94850000e-09  1.94996554e+00 
 6.18150000e-09  1.94994201e+00  6.18150000e-09  7.87328099e-01  6.18150000e-09  1.95012749e+00 
 6.18250000e-09  1.94994199e+00  6.18250000e-09  8.70839772e-01  6.18250000e-09  1.94999804e+00 
 6.18350000e-09  1.94994282e+00  6.18350000e-09  9.52448472e-01  6.18350000e-09  1.94986883e+00 
 6.18450000e-09  1.94994279e+00  6.18450000e-09  1.03197955e+00  6.18450000e-09  1.94972040e+00 
 6.18550000e-09  1.94994362e+00  6.18550000e-09  1.10940639e+00  6.18550000e-09  1.94956077e+00 
 6.18650000e-09  1.94994359e+00  6.18650000e-09  1.18484223e+00  6.18650000e-09  1.94941419e+00 
 6.31550000e-09  1.94996937e+00  6.31550000e-09  1.94998352e+00  6.31550000e-09  1.17345521e+00 
 6.31650000e-09  1.94996941e+00  6.31650000e-09  1.95001491e+00  6.31650000e-09  1.11591256e+00 
 6.31750000e-09  1.94996974e+00  6.31750000e-09  1.95004635e+00  6.31750000e-09  1.05818984e+00 
 6.31850000e-09  1.94996979e+00  6.31850000e-09  1.95007167e+00  6.31850000e-09  1.00012931e+00 
 6.31950000e-09  1.94997003e+00  6.31950000e-09  1.95009065e+00  6.31950000e-09  9.41573304e-01 
 6.32050000e-09  1.94996990e+00  6.32050000e-09  1.95010310e+00  6.32050000e-09  8.82410138e-01 
 6.48050000e-09  1.13703879e+00  6.48050000e-09  1.94999939e+00  6.48050000e-09  1.22263919e-04 
 6.48150000e-09  1.08505517e+00  6.48150000e-09  1.94999919e+00  6.48150000e-09  1.16996304e-04 
 6.48250000e-09  1.03335927e+00  6.48250000e-09  1.94999940e+00  6.48250000e-09  1.14663751e-04 
 6.48350000e-09  9.81842524e-01  6.48350000e-09  1.94999920e+00  6.48350000e-09  1.09626300e-04 
 6.48450000e-09  9.30483734e-01  6.48450000e-09  1.94999940e+00  6.48450000e-09  1.07536745e-04 
 6.48550000e-09  8.79207862e-01  6.48550000e-09  1.94999921e+00  6.48550000e-09  1.02715477e-04 
 6.88450000e-09  1.54468352e-06  6.88450000e-09  1.14801940e+00  6.88450000e-09 -2.47376815e-06 
 6.88550000e-09  1.75403674e-06  6.88550000e-09  1.09351378e+00  6.88550000e-09 -2.06809634e-06 
 6.88650000e-09  1.69682372e-06  6.88650000e-09  1.03833372e+00  6.88650000e-09  3.23008564e-07 
 6.88750000e-09  1.74572148e-06  6.88750000e-09  9.82528161e-01  6.88750000e-09  1.90923208e-06 
 6.88850000e-09  1.06465598e-06  6.88850000e-09  9.26071009e-01  6.88850000e-09  4.98592751e-06 
 6.88950000e-09  2.41742960e-07  6.88950000e-09  8.69021882e-01  6.88950000e-09  7.20620422e-06 
 7.06550000e-09  9.07609973e-01  7.06550000e-09  1.26507757e-04  7.06550000e-09  2.82177215e-06 
 7.06650000e-09  9.48828506e-01  7.06650000e-09  1.23271774e-04  7.06650000e-09  3.08001295e-06 
 7.06750000e-09  9.89520546e-01  7.06750000e-09  1.20097011e-04  7.06750000e-09  2.65974612e-06 
 7.06850000e-09  1.02972531e+00  7.06850000e-09  1.17032452e-04  7.06850000e-09  2.91838502e-06 
 7.06950000e-09  1.06950664e+00  7.06950000e-09  1.14022474e-04  7.06950000e-09  2.50735562e-06 
 7.07050000e-09  1.10896154e+00  7.07050000e-09  1.11119611e-04  7.07050000e-09  2.76613959e-06 
 7.30350000e-09  1.94994201e+00  7.30350000e-09  7.85836025e-01  7.30350000e-09 -4.32049952e-05 
 7.30450000e-09  1.94994198e+00  7.30450000e-09  8.69323244e-01  7.30450000e-09 -9.61222731e-05 
 7.30550000e-09  1.94994282e+00  7.30550000e-09  9.51062708e-01  7.30550000e-09 -1.41260229e-04 
 7.30650000e-09  1.94994279e+00  7.30650000e-09  1.03090259e+00  7.30650000e-09 -1.71273792e-04 
 7.30750000e-09  1.94994361e+00  7.30750000e-09  1.10884229e+00  7.30750000e-09 -1.91260048e-04 
 7.30850000e-09  1.94994357e+00  7.30850000e-09  1.18496601e+00  7.30850000e-09 -2.05797339e-04 
 7.42350000e-09  1.94996813e+00  7.42350000e-09  1.94994161e+00  7.42350000e-09  8.97124235e-01 
 7.42450000e-09  1.94996810e+00  7.42450000e-09  1.94994770e+00  7.42450000e-09  9.57386294e-01 
 7.42550000e-09  1.94996839e+00  7.42550000e-09  1.94995390e+00  7.42550000e-09  1.01710955e+00 
 7.42650000e-09  1.94996838e+00  7.42650000e-09  1.94995910e+00  7.42650000e-09  1.07939574e+00 
 7.42750000e-09  1.94996866e+00  7.42750000e-09  1.94996186e+00  7.42750000e-09  1.14822792e+00 
 7.42850000e-09  1.94996866e+00  7.42850000e-09  1.94995614e+00  7.42850000e-09  1.22166594e+00 
 7.60250000e-09  1.13655054e+00  7.60250000e-09  1.94999934e+00  7.60250000e-09  1.94999416e+00 
 7.60350000e-09  1.08456909e+00  7.60350000e-09  1.94999932e+00  7.60350000e-09  1.94999049e+00 
 7.60450000e-09  1.03287437e+00  7.60450000e-09  1.94999935e+00  7.60450000e-09  1.94999642e+00 
 7.60550000e-09  9.81358558e-01  7.60550000e-09  1.94999933e+00  7.60550000e-09  1.94999063e+00 
 7.60650000e-09  9.30000054e-01  7.60650000e-09  1.94999937e+00  7.60650000e-09  1.94999464e+00 
 7.60750000e-09  8.78724507e-01  7.60750000e-09  1.94999934e+00  7.60750000e-09  1.94999113e+00 
 8.00650000e-09  1.54178750e-06  8.00650000e-09  1.14727796e+00  8.00650000e-09  1.94993857e+00 
 8.00750000e-09  1.75478714e-06  8.00750000e-09  1.09276540e+00  8.00750000e-09  1.94993479e+00 
 8.00850000e-09  1.69511016e-06  8.00850000e-09  1.03757891e+00  8.00850000e-09  1.94993581e+00 
 8.00950000e-09  1.75324840e-06  8.00950000e-09  9.81766187e-01  8.00950000e-09  1.94994235e+00 
 8.01050000e-09  1.07532060e-06  8.01050000e-09  9.25302102e-01  8.01050000e-09  1.94995601e+00 
 8.01150000e-09  2.54071662e-07  8.01150000e-09  8.68245175e-01  8.01150000e-09  1.94997627e+00 
 8.18750000e-09  9.07179125e-01  8.18750000e-09  1.11114165e-04  8.18750000e-09  1.94995946e+00 
 8.18850000e-09  9.48403299e-01  8.18850000e-09  1.08691215e-04  8.18850000e-09  1.94996118e+00 
 8.18950000e-09  9.89100629e-01  8.18950000e-09  1.05572437e-04  8.18950000e-09  1.94996177e+00 
 8.19050000e-09  1.02931020e+00  8.19050000e-09  1.03284143e-04  8.19050000e-09  1.94996341e+00 
 8.19150000e-09  1.06909551e+00  8.19150000e-09  1.00308820e-04  8.19150000e-09  1.94996394e+00 
 8.19250000e-09  1.10855321e+00  8.19250000e-09  9.81483951e-05  8.19250000e-09  1.94996551e+00 
 8.42550000e-09  1.94994201e+00  8.42550000e-09  7.86988159e-01  8.42550000e-09  1.95012790e+00 
 8.42650000e-09  1.94994199e+00  8.42650000e-09  8.70507057e-01  8.42650000e-09  1.94999866e+00 
 8.42750000e-09  1.94994282e+00  8.42750000e-09  9.52123844e-01  8.42750000e-09  1.94986968e+00 
 8.42850000e-09  1.94994280e+00  8.42850000e-09  1.03166345e+00  8.42850000e-09  1.94972126e+00 
 8.42950000e-09  1.94994362e+00  8.42950000e-09  1.10909861e+00  8.42950000e-09  1.94956158e+00 
 8.43050000e-09  1.94994360e+00  8.43050000e-09  1.18454186e+00  8.43050000e-09  1.94941492e+00 
 8.55950000e-09  1.94996937e+00  8.55950000e-09  1.94998340e+00  8.55950000e-09  1.17367151e+00 
 8.56050000e-09  1.94996941e+00  8.56050000e-09  1.95001479e+00  8.56050000e-09  1.11612905e+00 
 8.56150000e-09  1.94996974e+00  8.56150000e-09  1.95004623e+00  8.56150000e-09  1.05840748e+00 
 8.56250000e-09  1.94996979e+00  8.56250000e-09  1.95007160e+00  8.56250000e-09  1.00034836e+00 
 8.56350000e-09  1.94997003e+00  8.56350000e-09  1.95009058e+00  8.56350000e-09  9.41794605e-01 
 8.56450000e-09  1.94996990e+00  8.56450000e-09  1.95010308e+00  8.56450000e-09  8.82633739e-01 
 8.72450000e-09  1.13710720e+00  8.72450000e-09  1.94999939e+00  8.72450000e-09  1.22312768e-04 
 8.72550000e-09  1.08512316e+00  8.72550000e-09  1.94999919e+00  8.72550000e-09  1.16993035e-04 
 8.72650000e-09  1.03342698e+00  8.72650000e-09  1.94999940e+00  8.72650000e-09  1.14710648e-04 
 8.72750000e-09  9.81909991e-01  8.72750000e-09  1.94999920e+00  8.72750000e-09  1.09622153e-04 
 8.72850000e-09  9.30551070e-01  8.72850000e-09  1.94999940e+00  8.72850000e-09  1.07581790e-04 
 8.72950000e-09  8.79275066e-01  8.72950000e-09  1.94999921e+00  8.72950000e-09  1.02710527e-04 
 9.12850000e-09  1.54210461e-06  9.12850000e-09  1.14773909e+00  9.12850000e-09 -2.46687687e-06 
 9.12950000e-09  1.75387553e-06  9.12950000e-09  1.09323002e+00  9.12950000e-09 -2.06253798e-06 
 9.13050000e-09  1.69505602e-06  9.13050000e-09  1.03804678e+00  9.13050000e-09  3.35914594e-07 
 9.13150000e-09  1.75204113e-06  9.13150000e-09  9.82237851e-01  9.13150000e-09  1.92034898e-06 
 9.13250000e-09  1.07429478e-06  9.13250000e-09  9.25777644e-01  9.13250000e-09  5.00311281e-06 
 9.13350000e-09  2.52039304e-07  9.13350000e-09  8.68725375e-01  9.13350000e-09  7.21830351e-06 
 9.30950000e-09  9.07085843e-01  9.30950000e-09  1.26498304e-04  9.30950000e-09  2.82745129e-06 
 9.31050000e-09  9.48311236e-01  9.31050000e-09  1.23247989e-04  9.31050000e-09  3.07352110e-06 
 9.31150000e-09  9.89009711e-01  9.31150000e-09  1.20088307e-04  9.31150000e-09  2.66541013e-06 
 9.31250000e-09  1.02922032e+00  9.31250000e-09  1.17009678e-04  9.31250000e-09  2.91194735e-06 
 9.31350000e-09  1.06900649e+00  9.31350000e-09  1.14014444e-04  9.31350000e-09  2.51298829e-06 
 9.31450000e-09  1.10846480e+00  9.31450000e-09  1.11097787e-04  9.31450000e-09  2.75975434e-06 
 9.54750000e-09  1.94994200e+00  9.54750000e-09  7.84918675e-01  9.54750000e-09 -4.27096380e-05 
 9.54850000e-09  1.94994199e+00  9.54850000e-09  8.68422755e-01  9.54850000e-09 -9.55850328e-05 
 9.54950000e-09  1.94994282e+00  9.54950000e-09  9.50181443e-01  9.54950000e-09 -1.40821927e-04 
 9.55050000e-09  1.94994281e+00  9.55050000e-09  1.03004177e+00  9.55050000e-09 -1.71034851e-04 
 9.55150000e-09  1.94994361e+00  9.55150000e-09  1.10800156e+00  9.55150000e-09 -1.91041330e-04 
 9.55250000e-09  1.94994358e+00  9.55250000e-09  1.18414369e+00  9.55250000e-09 -2.05605835e-04 
 9.66750000e-09  1.94996813e+00  9.66750000e-09  1.94994151e+00  9.66750000e-09  8.96480032e-01 
 9.66850000e-09  1.94996810e+00  9.66850000e-09  1.94994766e+00  9.66850000e-09  9.56757554e-01 
 9.66950000e-09  1.94996839e+00  9.66950000e-09  1.94995383e+00  9.66950000e-09  1.01647972e+00 
 9.67050000e-09  1.94996838e+00  9.67050000e-09  1.94995902e+00  9.67050000e-09  1.07872681e+00 
 9.67150000e-09  1.94996866e+00  9.67150000e-09  1.94996198e+00  9.67150000e-09  1.14746950e+00 
 9.67250000e-09  1.94996866e+00  9.67250000e-09  1.94995616e+00  9.67250000e-09  1.22091377e+00 
 9.84650000e-09  1.13775952e+00  9.84650000e-09  1.94999934e+00  9.84650000e-09  1.94999395e+00 
 9.84750000e-09  1.08577058e+00  9.84750000e-09  1.94999932e+00  9.84750000e-09  1.94999013e+00 
 9.84850000e-09  1.03407082e+00  9.84850000e-09  1.94999935e+00  9.84850000e-09  1.94999635e+00 
 9.84950000e-09  9.82550703e-01  9.84950000e-09  1.94999933e+00  9.84950000e-09  1.94999021e+00 
 9.85050000e-09  9.31189794e-01  9.85050000e-09  1.94999936e+00  9.85050000e-09  1.94999439e+00 
 9.85150000e-09  8.79912084e-01  9.85150000e-09  1.94999934e+00  9.85150000e-09  1.94999073e+00 
 1.02505000e-08  1.53162089e-06  1.02505000e-08  1.14901913e+00  1.02505000e-08  1.94993874e+00 
 1.02515000e-08  1.74793239e-06  1.02515000e-08  1.09452820e+00  1.02515000e-08  1.94993486e+00 
 1.02525000e-08  1.68511259e-06  1.02525000e-08  1.03936170e+00  1.02525000e-08  1.94993571e+00 
 1.02535000e-08  1.75641312e-06  1.02535000e-08  9.83570108e-01  1.02535000e-08  1.94994204e+00 
 1.02545000e-08  1.08379455e-06  1.02545000e-08  9.27125231e-01  1.02545000e-08  1.94995547e+00 
 1.02555000e-08  2.64038612e-07  1.02555000e-08  8.70088013e-01  1.02555000e-08  1.94997551e+00 
 1.04315000e-08  9.06395126e-01  1.04315000e-08  1.11151819e-04  1.04315000e-08  1.94995944e+00 
 1.04325000e-08  9.47629541e-01  1.04325000e-08  1.08831872e-04  1.04325000e-08  1.94996112e+00 
 1.04335000e-08  9.88336487e-01  1.04335000e-08  1.05606674e-04  1.04335000e-08  1.94996175e+00 
 1.04345000e-08  1.02855480e+00  1.04345000e-08  1.03419250e-04  1.04345000e-08  1.94996335e+00 
 1.04355000e-08  1.06834735e+00  1.04355000e-08  1.00339829e-04  1.04355000e-08  1.94996393e+00 
 1.04365000e-08  1.10781018e+00  1.04365000e-08  9.82782023e-05  1.04365000e-08  1.94996546e+00 
 1.06695000e-08  1.94994200e+00  1.06695000e-08  7.85310164e-01  1.06695000e-08  1.95012982e+00 
 1.06705000e-08  1.94994203e+00  1.06705000e-08  8.68863497e-01  1.06705000e-08  1.95000149e+00 
 1.06715000e-08  1.94994281e+00  1.06715000e-08  9.50520384e-01  1.06715000e-08  1.94987276e+00 
 1.06725000e-08  1.94994282e+00  1.06725000e-08  1.03010217e+00  1.06725000e-08  1.94972461e+00 
 1.06735000e-08  1.94994360e+00  1.06735000e-08  1.10757852e+00  1.06735000e-08  1.94956491e+00 
 1.06745000e-08  1.94994361e+00  1.06745000e-08  1.18305844e+00  1.06745000e-08  1.94941792e+00 
 1.08035000e-08  1.94996936e+00  1.08035000e-08  1.94998278e+00  1.08035000e-08  1.17481008e+00 
 1.08045000e-08  1.94996941e+00  1.08045000e-08  1.95001416e+00  1.08045000e-08  1.11726854e+00 
 1.08055000e-08  1.94996973e+00  1.08055000e-08  1.95004562e+00  1.08055000e-08  1.05955297e+00 
 1.08065000e-08  1.94996979e+00  1.08065000e-08  1.95007121e+00  1.08065000e-08  1.00150122e+00 
 1.08075000e-08  1.94997002e+00  1.08075000e-08  1.95009023e+00  1.08075000e-08  9.42959266e-01 
 1.08085000e-08  1.94996990e+00  1.08085000e-08  1.95010293e+00  1.08085000e-08  8.83810484e-01 
 1.09685000e-08  1.13835353e+00  1.09685000e-08  1.94999939e+00  1.09685000e-08  1.22556937e-04 
 1.09695000e-08  1.08636186e+00  1.09695000e-08  1.94999919e+00  1.09695000e-08  1.16873053e-04 
 1.09705000e-08  1.03466055e+00  1.09705000e-08  1.94999940e+00  1.09705000e-08  1.14947638e-04 
 1.09715000e-08  9.83139198e-01  1.09715000e-08  1.94999920e+00  1.09715000e-08  1.09501693e-04 
 1.09725000e-08  9.31777865e-01  1.09725000e-08  1.94999941e+00  1.09725000e-08  1.07811906e-04 
 1.09735000e-08  8.80499691e-01  1.09735000e-08  1.94999921e+00  1.09735000e-08  1.02472163e-04 
 1.13725000e-08  1.53646959e-06  1.13725000e-08  1.14899943e+00  1.13725000e-08 -2.47143262e-06 
 1.13735000e-08  1.75314878e-06  1.13735000e-08  1.09450610e+00  1.13735000e-08 -2.10572732e-06 
 1.13745000e-08  1.69111875e-06  1.13745000e-08  1.03933746e+00  1.13745000e-08  3.00704420e-07 
 1.13755000e-08  1.76620986e-06  1.13755000e-08  9.83543885e-01  1.13755000e-08  1.85568833e-06 
 1.13765000e-08  1.09660083e-06  1.13765000e-08  9.27097687e-01  1.13765000e-08  4.94727123e-06 
 1.13775000e-08  2.75500216e-07  1.13775000e-08  8.70059729e-01  1.13775000e-08  7.14795273e-06 
 1.15535000e-08  9.05962660e-01  1.15535000e-08  1.26540475e-04  1.15535000e-08  2.79732908e-06 
 1.15545000e-08  9.47202724e-01  1.15545000e-08  1.23356539e-04  1.15545000e-08  3.10733086e-06 
 1.15555000e-08  9.87914980e-01  1.15555000e-08  1.20127152e-04  1.15555000e-08  2.63540423e-06 
 1.15565000e-08  1.02813813e+00  1.15565000e-08  1.17113599e-04  1.15565000e-08  2.94539918e-06 
 1.15575000e-08  1.06793469e+00  1.15575000e-08  1.14050203e-04  1.15575000e-08  2.48312793e-06 
 1.15585000e-08  1.10740036e+00  1.15585000e-08  1.11197763e-04  1.15585000e-08  2.79307163e-06 
 1.17915000e-08  1.94994197e+00  1.17915000e-08  7.82421764e-01  1.17915000e-08 -4.13710536e-05 
 1.17925000e-08  1.94994201e+00  1.17925000e-08  8.65972876e-01  1.17925000e-08 -9.51651787e-05 
 1.17935000e-08  1.94994279e+00  1.17935000e-08  9.47784246e-01  1.17935000e-08 -1.40662387e-04 
 1.17945000e-08  1.94994282e+00  1.17945000e-08  1.02770222e+00  1.17945000e-08 -1.69716747e-04 
 1.17955000e-08  1.94994358e+00  1.17955000e-08  1.10571806e+00  1.17955000e-08 -1.89719168e-04 
 1.17965000e-08  1.94994359e+00  1.17965000e-08  1.18191104e+00  1.17965000e-08 -2.04417571e-04 
 1.19115000e-08  1.94996812e+00  1.19115000e-08  1.94994128e+00  1.19115000e-08  8.94682403e-01 
 1.19125000e-08  1.94996811e+00  1.19125000e-08  1.94994753e+00  1.19125000e-08  9.54994197e-01 
 1.19135000e-08  1.94996838e+00  1.19135000e-08  1.94995361e+00  1.19135000e-08  1.01470668e+00 
 1.19145000e-08  1.94996838e+00  1.19145000e-08  1.94995876e+00  1.19145000e-08  1.07683895e+00 
 1.19155000e-08  1.94996865e+00  1.19155000e-08  1.94996228e+00  1.19155000e-08  1.14532251e+00 
 1.19165000e-08  1.94996867e+00  1.19165000e-08  1.94995616e+00  1.19165000e-08  1.21877309e+00 
 1.20905000e-08  1.13937703e+00  1.20905000e-08  1.94999934e+00  1.20905000e-08  1.94999346e+00 
 1.20915000e-08  1.08737815e+00  1.20915000e-08  1.94999932e+00  1.20915000e-08  1.94998912e+00 
 1.20925000e-08  1.03567170e+00  1.20925000e-08  1.94999935e+00  1.20925000e-08  1.94999613e+00 
 1.20935000e-08  9.84145883e-01  1.20935000e-08  1.94999933e+00  1.20935000e-08  1.94998923e+00 
 1.20945000e-08  9.32781824e-01  1.20945000e-08  1.94999936e+00  1.20945000e-08  1.94999398e+00 
 1.20955000e-08  8.81500983e-01  1.20955000e-08  1.94999934e+00  1.20955000e-08  1.94998982e+00 
 1.24945000e-08  1.52381307e-06  1.24945000e-08  1.14966408e+00  1.24945000e-08  1.94993879e+00 
 1.24955000e-08  1.75000278e-06  1.24955000e-08  1.09518131e+00  1.24955000e-08  1.94993487e+00 
 1.24965000e-08  1.68149324e-06  1.24965000e-08  1.04002246e+00  1.24965000e-08  1.94993566e+00 
 1.24975000e-08  1.79289468e-06  1.24975000e-08  9.84238836e-01  1.24975000e-08  1.94994192e+00 
 1.24985000e-08  1.13944610e-06  1.24985000e-08  9.27801308e-01  1.24985000e-08  1.94995527e+00 
 1.24995000e-08  3.21248530e-07  1.24995000e-08  8.70771520e-01  1.24995000e-08  1.94997522e+00 
 1.26765000e-08  9.45213997e-01  1.26765000e-08  1.08882848e-04  1.26765000e-08  1.94996110e+00 
 1.26775000e-08  9.85951043e-01  1.26775000e-08  1.05621603e-04  1.26775000e-08  1.94996175e+00 
 1.26785000e-08  1.02619678e+00  1.26785000e-08  1.03468166e-04  1.26785000e-08  1.94996333e+00 
 1.26795000e-08  1.06601215e+00  1.26795000e-08  1.00353516e-04  1.26795000e-08  1.94996393e+00 
 1.26805000e-08  1.10549125e+00  1.26805000e-08  9.83251501e-05  1.26805000e-08  1.94996544e+00 
 1.26815000e-08  1.14476167e+00  1.26815000e-08  9.53501572e-05  1.26815000e-08  1.94996597e+00 
 1.29145000e-08  1.94994206e+00  1.29145000e-08  8.63985698e-01  1.29145000e-08  1.95001059e+00 
 1.29155000e-08  1.94994275e+00  1.29155000e-08  9.45760658e-01  1.29155000e-08  1.94988094e+00 
 1.29165000e-08  1.94994285e+00  1.29165000e-08  1.02546698e+00  1.29165000e-08  1.94973384e+00 
 1.29175000e-08  1.94994353e+00  1.29175000e-08  1.10307538e+00  1.29175000e-08  1.94957414e+00 
 1.29185000e-08  1.94994362e+00  1.29185000e-08  1.17867450e+00  1.29185000e-08  1.94942624e+00 
 1.29195000e-08  1.94994428e+00  1.29195000e-08  1.25261326e+00  1.29195000e-08  1.94926662e+00 
 1.30475000e-08  1.94996934e+00  1.30475000e-08  1.94998094e+00  1.30475000e-08  1.17815823e+00 
 1.30485000e-08  1.94996941e+00  1.30485000e-08  1.95001247e+00  1.30485000e-08  1.12061903e+00 
 1.30495000e-08  1.94996970e+00  1.30495000e-08  1.95004398e+00  1.30495000e-08  1.06292045e+00 
 1.30505000e-08  1.94996979e+00  1.30505000e-08  1.95007004e+00  1.30505000e-08  1.00489042e+00 
 1.30515000e-08  1.94997001e+00  1.30515000e-08  1.95008909e+00  1.30515000e-08  9.46383798e-01 
 1.30525000e-08  1.94996992e+00  1.30525000e-08  1.95010240e+00  1.30525000e-08  8.87271979e-01 
 1.32125000e-08  1.14133314e+00  1.32125000e-08  1.94999940e+00  1.32125000e-08  1.23552815e-04 
 1.32135000e-08  1.08932318e+00  1.32135000e-08  1.94999918e+00  1.32135000e-08  1.16602542e-04 
 1.32145000e-08  1.03760918e+00  1.32145000e-08  1.94999940e+00  1.32145000e-08  1.15878797e-04 
 1.32155000e-08  9.86077365e-01  1.32155000e-08  1.94999919e+00  1.32155000e-08  1.09041239e-04 
 1.32165000e-08  9.34709946e-01  1.32165000e-08  1.94999941e+00  1.32165000e-08  1.08512530e-04 
 1.32175000e-08  8.83425844e-01  1.32175000e-08  1.94999920e+00  1.32175000e-08  1.02358904e-04 
 1.36165000e-08  1.51979019e-06  1.36165000e-08  1.15181216e+00  1.36165000e-08 -2.47346995e-06 
 1.36175000e-08  1.74490471e-06  1.36175000e-08  1.09735514e+00  1.36175000e-08 -2.20790560e-06 
 1.36185000e-08  1.67780020e-06  1.36185000e-08  1.04222020e+00  1.36185000e-08  2.28510714e-07 
 1.36195000e-08  1.79719460e-06  1.36195000e-08  9.86461971e-01  1.36195000e-08  1.70638104e-06 
 1.36205000e-08  1.15254807e-06  1.36205000e-08  9.30048077e-01  1.36205000e-08  4.82859411e-06 
 1.36215000e-08  3.32030547e-07  1.36215000e-08  8.73043034e-01  1.36215000e-08  6.98494529e-06 
 1.37985000e-08  9.44432735e-01  1.37985000e-08  1.23598782e-04  1.37985000e-08  3.18133720e-06 
 1.37995000e-08  9.85179563e-01  1.37995000e-08  1.20215649e-04  1.37995000e-08  2.56946028e-06 
 1.38005000e-08  1.02543424e+00  1.38005000e-08  1.17346719e-04  1.38005000e-08  3.01928238e-06 
 1.38015000e-08  1.06525706e+00  1.38015000e-08  1.14132468e-04  1.38015000e-08  2.41803707e-06 
 1.38025000e-08  1.10474152e+00  1.38025000e-08  1.11420087e-04  1.38025000e-08  2.86558933e-06 
 1.38035000e-08  1.14401460e+00  1.38035000e-08  1.08365860e-04  1.38035000e-08  2.27467855e-06 
 1.40365000e-08  1.94994205e+00  1.40365000e-08  8.60317360e-01  1.40365000e-08 -9.14380846e-05 
 1.40375000e-08  1.94994271e+00  1.40375000e-08  9.42253753e-01  1.40375000e-08 -1.37605732e-04 
 1.40385000e-08  1.94994285e+00  1.40385000e-08  1.02229762e+00  1.40385000e-08 -1.68206575e-04 
 1.40395000e-08  1.94994349e+00  1.40395000e-08  1.10043716e+00  1.40395000e-08 -1.88511729e-04 
 1.40405000e-08  1.94994363e+00  1.40405000e-08  1.17674775e+00  1.40405000e-08 -2.03426217e-04 
 1.40415000e-08  1.94994427e+00  1.40415000e-08  1.25142403e+00  1.40415000e-08 -2.30185400e-04 
 1.41555000e-08  1.94996809e+00  1.41555000e-08  1.94994068e+00  1.41555000e-08  8.90505126e-01 
 1.41565000e-08  1.94996812e+00  1.41565000e-08  1.94994728e+00  1.41565000e-08  9.50898238e-01 
 1.41575000e-08  1.94996835e+00  1.41575000e-08  1.94995305e+00  1.41575000e-08  1.01059610e+00 
 1.41585000e-08  1.94996839e+00  1.41585000e-08  1.94995817e+00  1.41585000e-08  1.07247054e+00 
 1.41595000e-08  1.94996862e+00  1.41595000e-08  1.94996292e+00  1.41595000e-08  1.14034474e+00 
 1.41605000e-08  1.94996867e+00  1.41605000e-08  1.94995623e+00  1.41605000e-08  1.21379144e+00 
 1.43345000e-08  1.14310788e+00  1.43345000e-08  1.94999935e+00  1.43345000e-08  1.94999262e+00 
 1.43355000e-08  1.09108727e+00  1.43355000e-08  1.94999930e+00  1.43355000e-08  1.94998698e+00 
 1.43365000e-08  1.03936327e+00  1.43365000e-08  1.94999937e+00  1.43365000e-08  1.94999584e+00 
 1.43375000e-08  9.87825351e-01  1.43375000e-08  1.94999931e+00  1.43375000e-08  1.94998713e+00 
 1.43385000e-08  9.36452230e-01  1.43385000e-08  1.94999938e+00  1.43385000e-08  1.94999326e+00 
 1.43395000e-08  8.85165241e-01  1.43395000e-08  1.94999933e+00  1.43395000e-08  1.94998783e+00 
 1.47385000e-08  1.50845072e-06  1.47385000e-08  1.15362710e+00  1.47385000e-08  1.94993918e+00 
 1.47395000e-08  1.73837149e-06  1.47395000e-08  1.09919299e+00  1.47395000e-08  1.94993502e+00 
 1.47405000e-08  1.66734710e-06  1.47405000e-08  1.04408100e+00  1.47405000e-08  1.94993544e+00 
 1.47415000e-08  1.81787806e-06  1.47415000e-08  9.88344999e-01  1.47415000e-08  1.94994122e+00 
 1.47425000e-08  1.19038475e-06  1.47425000e-08  9.31952485e-01  1.47425000e-08  1.94995407e+00 
 1.47435000e-08  3.71435329e-07  1.47435000e-08  8.74967197e-01  1.47435000e-08  1.94997350e+00 
 1.49205000e-08  9.42471403e-01  1.49205000e-08  1.09200072e-04  1.49205000e-08  1.94996095e+00 
 1.49215000e-08  9.83242628e-01  1.49215000e-08  1.05708158e-04  1.49215000e-08  1.94996172e+00 
 1.49225000e-08  1.02351992e+00  1.49225000e-08  1.03772653e-04  1.49225000e-08  1.94996320e+00 
 1.49235000e-08  1.06336140e+00  1.49235000e-08  1.00432580e-04  1.49235000e-08  1.94996390e+00 
 1.49245000e-08  1.10285964e+00  1.49245000e-08  9.86174803e-05  1.49245000e-08  1.94996531e+00 
 1.49255000e-08  1.14213943e+00  1.49255000e-08  9.54221459e-05  1.49255000e-08  1.94996596e+00 
 1.51585000e-08  1.94994207e+00  1.51585000e-08  8.58346044e-01  1.51585000e-08  1.95002081e+00 
 1.51595000e-08  1.94994267e+00  1.51595000e-08  9.40252253e-01  1.51595000e-08  1.94989024e+00 
 1.51605000e-08  1.94994289e+00  1.51605000e-08  1.02009787e+00  1.51605000e-08  1.94974437e+00 
 1.51615000e-08  1.94994346e+00  1.51615000e-08  1.09783846e+00  1.51615000e-08  1.94958467e+00 
 1.51625000e-08  1.94994365e+00  1.51625000e-08  1.17355559e+00  1.51625000e-08  1.94943582e+00 
 1.51635000e-08  1.94994420e+00  1.51635000e-08  1.24759718e+00  1.51635000e-08  1.94927863e+00 
 1.52915000e-08  1.94996932e+00  1.52915000e-08  1.94997876e+00  1.52915000e-08  1.18212737e+00 
 1.52925000e-08  1.94996941e+00  1.52925000e-08  1.95001027e+00  1.52925000e-08  1.12459061e+00 
 1.52935000e-08  1.94996968e+00  1.52935000e-08  1.95004180e+00  1.52935000e-08  1.06691157e+00 
 1.52945000e-08  1.94996980e+00  1.52945000e-08  1.95006865e+00  1.52945000e-08  1.00890635e+00 
 1.52955000e-08  1.94996999e+00  1.52955000e-08  1.95008781e+00  1.52955000e-08  9.50439848e-01 
 1.52965000e-08  1.94996994e+00  1.52965000e-08  1.95010187e+00  1.52965000e-08  8.91369821e-01 
 1.54565000e-08  1.14479067e+00  1.54565000e-08  1.94999940e+00  1.54565000e-08  1.24925806e-04 
 1.54575000e-08  1.09276177e+00  1.54575000e-08  1.94999918e+00  1.54575000e-08  1.16185578e-04 
 1.54585000e-08  1.04103002e+00  1.54585000e-08  1.94999941e+00  1.54585000e-08  1.17182588e-04 
 1.54595000e-08  9.89488024e-01  1.54595000e-08  1.94999919e+00  1.54595000e-08  1.08526302e-04 
 1.54605000e-08  9.38110948e-01  1.54605000e-08  1.94999942e+00  1.54605000e-08  1.09688062e-04 
 1.54615000e-08  8.86822165e-01  1.54615000e-08  1.94999919e+00  1.54615000e-08  1.01891129e-04 
 1.58605000e-08  1.49927563e-06  1.58605000e-08  1.15543036e+00  1.58605000e-08 -2.48037495e-06 
 1.58615000e-08  1.72991307e-06  1.58615000e-08  1.10101489e+00  1.58615000e-08 -2.32372534e-06 
 1.58625000e-08  1.66135194e-06  1.58625000e-08  1.04592344e+00  1.58625000e-08  1.30861554e-07 
 1.58635000e-08  1.81934305e-06  1.58635000e-08  9.90206130e-01  1.58635000e-08  1.52556236e-06 
 1.58645000e-08  1.19971805e-06  1.58645000e-08  9.33833977e-01  1.58645000e-08  4.66946306e-06 
 1.58655000e-08  3.79433457e-07  1.58655000e-08  8.76867283e-01  1.58655000e-08  6.78598237e-06 
 1.60425000e-08  9.41905303e-01  1.60425000e-08  1.23899142e-04  1.60425000e-08  3.26956752e-06 
 1.60435000e-08  9.82683517e-01  1.60435000e-08  1.20338284e-04  1.60435000e-08  2.49259927e-06 
 1.60445000e-08  1.02296743e+00  1.60445000e-08  1.17632688e-04  1.60445000e-08  3.10595560e-06 
 1.60455000e-08  1.06281426e+00  1.60455000e-08  1.14245663e-04  1.60455000e-08  2.34119566e-06 
 1.60465000e-08  1.10231659e+00  1.60465000e-08  1.11694101e-04  1.60465000e-08  2.95166809e-06 
 1.60475000e-08  1.14159832e+00  1.60475000e-08  1.08472057e-04  1.60475000e-08  2.19906323e-06 
 1.62805000e-08  1.94994208e+00  1.62805000e-08  8.55182740e-01  1.62805000e-08 -8.80367117e-05 
 1.62815000e-08  1.94994264e+00  1.62815000e-08  9.37232179e-01  1.62815000e-08 -1.34784971e-04 
 1.62825000e-08  1.94994288e+00  1.62825000e-08  1.01739476e+00  1.62825000e-08 -1.66885721e-04 
 1.62835000e-08  1.94994342e+00  1.62835000e-08  1.09565157e+00  1.62835000e-08 -1.87490512e-04 
 1.62845000e-08  1.94994366e+00  1.62845000e-08  1.17208090e+00  1.62845000e-08 -2.02663770e-04 
 1.62855000e-08  1.94994420e+00  1.62855000e-08  1.24686928e+00  1.62855000e-08 -2.28815096e-04 
 1.63995000e-08  1.94996807e+00  1.63995000e-08  1.94994015e+00  1.63995000e-08  8.86787937e-01 
 1.64005000e-08  1.94996813e+00  1.64005000e-08  1.94994706e+00  1.64005000e-08  9.47257373e-01 
 1.64015000e-08  1.94996833e+00  1.64015000e-08  1.94995254e+00  1.64015000e-08  1.00695270e+00 
 1.64025000e-08  1.94996840e+00  1.64025000e-08  1.94995765e+00  1.64025000e-08  1.06860884e+00 
 1.64035000e-08  1.94996860e+00  1.64035000e-08  1.94996348e+00  1.64035000e-08  1.13594080e+00 
 1.64045000e-08  1.94996868e+00  1.64045000e-08  1.94995634e+00  1.64045000e-08  1.20936057e+00 
 1.65785000e-08  1.14584499e+00  1.65785000e-08  1.94999938e+00  1.65785000e-08  1.94999068e+00 
 1.65795000e-08  1.09380944e+00  1.65795000e-08  1.94999928e+00  1.65795000e-08  1.94998407e+00 
 1.65805000e-08  1.04207142e+00  1.65805000e-08  1.94999939e+00  1.65805000e-08  1.94999462e+00 
 1.65815000e-08  9.90525466e-01  1.65815000e-08  1.94999929e+00  1.65815000e-08  1.94998443e+00 
 1.65825000e-08  9.39144739e-01  1.65825000e-08  1.94999940e+00  1.65825000e-08  1.94999179e+00 
 1.65835000e-08  8.87854083e-01  1.65835000e-08  1.94999931e+00  1.65835000e-08  1.94998536e+00 
 1.69825000e-08  1.48869171e-06  1.69825000e-08  1.15636714e+00  1.69825000e-08  1.94993946e+00 
 1.69835000e-08  1.72417409e-06  1.69835000e-08  1.10196481e+00  1.69835000e-08  1.94993513e+00 
 1.69845000e-08  1.66130939e-06  1.69845000e-08  1.04688723e+00  1.69845000e-08  1.94993530e+00 
 1.69855000e-08  1.82326648e-06  1.69855000e-08  9.91182501e-01  1.69855000e-08  1.94994076e+00 
 1.69865000e-08  1.22977048e-06  1.69865000e-08  9.34822962e-01  1.69865000e-08  1.94995326e+00 
 1.69875000e-08  4.12211301e-07  1.69875000e-08  8.77867040e-01  1.69875000e-08  1.94997233e+00 
 1.71645000e-08  9.40338707e-01  1.71645000e-08  1.09411354e-04  1.71645000e-08  1.94996085e+00 
 1.71655000e-08  9.81136298e-01  1.71655000e-08  1.05775988e-04  1.71655000e-08  1.94996171e+00 
 1.71665000e-08  1.02143856e+00  1.71665000e-08  1.03975127e-04  1.71665000e-08  1.94996310e+00 
 1.71675000e-08  1.06130029e+00  1.71675000e-08  1.00495227e-04  1.71675000e-08  1.94996389e+00 
 1.71685000e-08  1.10081405e+00  1.71685000e-08  9.88115534e-05  1.71685000e-08  1.94996521e+00 
 1.71695000e-08  1.14010125e+00  1.71695000e-08  9.54798887e-05  1.71695000e-08  1.94996595e+00 
 1.74025000e-08  1.94994211e+00  1.74025000e-08  8.53958360e-01  1.74025000e-08  1.95002859e+00 
 1.74035000e-08  1.94994258e+00  1.74035000e-08  9.35969869e-01  1.74035000e-08  1.94989734e+00 
 1.74045000e-08  1.94994292e+00  1.74045000e-08  1.01592684e+00  1.74045000e-08  1.94975239e+00 
 1.74055000e-08  1.94994338e+00  1.74055000e-08  1.09378790e+00  1.74055000e-08  1.94959303e+00 
 1.74065000e-08  1.94994369e+00  1.74065000e-08  1.16961490e+00  1.74065000e-08  1.94944319e+00 
 1.74075000e-08  1.94994413e+00  1.74075000e-08  1.24373776e+00  1.74075000e-08  1.94928743e+00 
 1.75355000e-08  1.94996930e+00  1.75355000e-08  1.94997710e+00  1.75355000e-08  1.18514417e+00 
 1.75365000e-08  1.94996942e+00  1.75365000e-08  1.95000859e+00  1.75365000e-08  1.12760887e+00 
 1.75375000e-08  1.94996965e+00  1.75375000e-08  1.95004012e+00  1.75375000e-08  1.06994417e+00 
 1.75385000e-08  1.94996981e+00  1.75385000e-08  1.95006757e+00  1.75385000e-08  1.01195735e+00 
 1.75395000e-08  1.94996997e+00  1.75395000e-08  1.95008682e+00  1.75395000e-08  9.53521020e-01 
 1.75405000e-08  1.94996995e+00  1.75405000e-08  1.95010145e+00  1.75405000e-08  8.94482561e-01 
 1.77005000e-08  1.14770516e+00  1.77005000e-08  1.94999940e+00  1.77005000e-08  1.25888842e-04 
 1.77015000e-08  1.09566025e+00  1.77015000e-08  1.94999917e+00  1.77015000e-08  1.15414079e-04 
 1.77025000e-08  1.04391341e+00  1.77025000e-08  1.94999941e+00  1.77025000e-08  1.17849910e-04 
 1.77035000e-08  9.92362664e-01  1.77035000e-08  1.94999918e+00  1.77035000e-08  1.08378744e-04 
 1.77045000e-08  9.40977344e-01  1.77045000e-08  1.94999942e+00  1.77045000e-08  1.11069800e-04 
 1.77055000e-08  8.89684778e-01  1.77055000e-08  1.94999919e+00  1.77055000e-08  1.01207893e-04 
 1.81045000e-08  1.48461878e-06  1.81045000e-08  1.15845613e+00  1.81045000e-08 -2.48974777e-06 
 1.81055000e-08  1.71974391e-06  1.81055000e-08  1.10407577e+00  1.81055000e-08 -2.41652582e-06 
 1.81065000e-08  1.66463771e-06  1.81065000e-08  1.04902233e+00  1.81065000e-08  5.15200164e-08 
 1.81075000e-08  1.82051379e-06  1.81075000e-08  9.93339577e-01  1.81075000e-08  1.38276156e-06 
 1.81085000e-08  1.24151042e-06  1.81085000e-08  9.37003854e-01  1.81085000e-08  4.53424417e-06 
 1.81095000e-08  4.23634103e-07  1.81095000e-08  8.80069606e-01  1.81095000e-08  6.62135862e-06 
 1.82865000e-08  9.39805959e-01  1.82865000e-08  1.24151944e-04  1.82865000e-08  3.34569853e-06 
 1.82875000e-08  9.80610151e-01  1.82875000e-08  1.20449711e-04  1.82875000e-08  2.42682316e-06 
 1.82885000e-08  1.02091867e+00  1.82885000e-08  1.17872675e-04  1.82885000e-08  3.17976886e-06 
 1.82895000e-08  1.06078551e+00  1.82895000e-08  1.14349706e-04  1.82895000e-08  2.27595838e-06 
 1.82905000e-08  1.10030321e+00  1.82905000e-08  1.11923733e-04  1.82905000e-08  3.02511405e-06 
 1.82915000e-08  1.13959234e+00  1.82915000e-08  1.08566932e-04  1.82915000e-08  2.13330824e-06 
 1.85245000e-08  1.94994212e+00  1.85245000e-08  8.50880750e-01  1.85245000e-08 -8.51795288e-05 
 1.85255000e-08  1.94994256e+00  1.85255000e-08  9.33020657e-01  1.85255000e-08 -1.32296055e-04 
 1.85265000e-08  1.94994292e+00  1.85265000e-08  1.01327880e+00  1.85265000e-08 -1.65688636e-04 
 1.85275000e-08  1.94994335e+00  1.85275000e-08  1.09163447e+00  1.85275000e-08 -1.86672718e-04 
 1.85285000e-08  1.94994370e+00  1.85285000e-08  1.16815401e+00  1.85285000e-08 -2.01912261e-04 
 1.85295000e-08  1.94994413e+00  1.85295000e-08  1.24302601e+00  1.85295000e-08 -2.27560380e-04 
 1.86435000e-08  1.94996805e+00  1.86435000e-08  1.94993969e+00  1.86435000e-08  8.83600678e-01 
 1.86445000e-08  1.94996814e+00  1.86445000e-08  1.94994689e+00  1.86445000e-08  9.44137589e-01 
 1.86455000e-08  1.94996830e+00  1.86455000e-08  1.94995208e+00  1.86455000e-08  1.00383733e+00 
 1.86465000e-08  1.94996841e+00  1.86465000e-08  1.94995720e+00  1.86465000e-08  1.06531335e+00 
 1.86475000e-08  1.94996858e+00  1.86475000e-08  1.94996394e+00  1.86475000e-08  1.13218581e+00 
 1.86485000e-08  1.94996869e+00  1.86485000e-08  1.94995647e+00  1.86485000e-08  1.20556101e+00 
 1.88225000e-08  1.14839933e+00  1.88225000e-08  1.94999940e+00  1.88225000e-08  1.94998830e+00 
 1.88235000e-08  1.09634957e+00  1.88235000e-08  1.94999925e+00  1.88235000e-08  1.94998108e+00 
 1.88245000e-08  1.04459814e+00  1.88245000e-08  1.94999941e+00  1.88245000e-08  1.94999322e+00 
 1.88255000e-08  9.93044419e-01  1.88255000e-08  1.94999927e+00  1.88255000e-08  1.94998175e+00 
 1.88265000e-08  9.41656374e-01  1.88265000e-08  1.94999942e+00  1.88265000e-08  1.94999000e+00 
 1.88275000e-08  8.90362133e-01  1.88275000e-08  1.94999928e+00  1.88275000e-08  1.94998289e+00 
 1.92265000e-08  1.47479982e-06  1.92265000e-08  1.15912521e+00  1.92265000e-08  1.94993974e+00 
 1.92275000e-08  1.71373499e-06  1.92275000e-08  1.10475490e+00  1.92275000e-08  1.94993526e+00 
 1.92285000e-08  1.66932400e-06  1.92285000e-08  1.04971199e+00  1.92285000e-08  1.94993517e+00 
 1.92295000e-08  1.81574865e-06  1.92295000e-08  9.94038812e-01  1.92295000e-08  1.94994031e+00 
 1.92305000e-08  1.26367741e-06  1.92305000e-08  9.37712528e-01  1.92305000e-08  1.94995246e+00 
 1.92315000e-08  4.50652844e-07  1.92315000e-08  8.80786240e-01  1.92315000e-08  1.94997118e+00 
 1.94085000e-08  9.38349926e-01  1.94085000e-08  1.09626002e-04  1.94085000e-08  1.94996075e+00 
 1.94095000e-08  9.79172258e-01  1.94095000e-08  1.05842991e-04  1.94095000e-08  1.94996170e+00 
 1.94105000e-08  1.01949784e+00  1.94105000e-08  1.04180904e-04  1.94105000e-08  1.94996300e+00 
 1.94115000e-08  1.05937873e+00  1.94115000e-08  1.00556984e-04  1.94115000e-08  1.94996388e+00 
 1.94125000e-08  1.09890716e+00  1.94125000e-08  9.90088676e-05  1.94125000e-08  1.94996512e+00 
 1.94135000e-08  1.13820167e+00  1.94135000e-08  9.55366859e-05  1.94135000e-08  1.94996594e+00 
 1.96465000e-08  1.94994214e+00  1.96465000e-08  8.50083352e-01  1.96465000e-08  1.95003534e+00 
 1.96475000e-08  1.94994251e+00  1.96475000e-08  9.32187264e-01  1.96475000e-08  1.94990358e+00 
 1.96485000e-08  1.94994295e+00  1.96485000e-08  1.01224218e+00  1.96485000e-08  1.94975944e+00 
 1.96495000e-08  1.94994330e+00  1.96495000e-08  1.09020116e+00  1.96495000e-08  1.94960051e+00 
 1.96505000e-08  1.94994372e+00  1.96505000e-08  1.16611700e+00  1.96505000e-08  1.94944944e+00 
 1.96515000e-08  1.94994406e+00  1.96515000e-08  1.24031223e+00  1.96515000e-08  1.94929540e+00 
 1.97795000e-08  1.94996928e+00  1.97795000e-08  1.94997560e+00  1.97795000e-08  1.18785104e+00 
 1.97805000e-08  1.94996943e+00  1.97805000e-08  1.95000708e+00  1.97805000e-08  1.13031681e+00 
 1.97815000e-08  1.94996963e+00  1.97815000e-08  1.95003859e+00  1.97815000e-08  1.07266459e+00 
 1.97825000e-08  1.94996981e+00  1.97825000e-08  1.95006660e+00  1.97825000e-08  1.01469397e+00 
 1.97835000e-08  1.94996995e+00  1.97835000e-08  1.95008590e+00  1.97835000e-08  9.56284430e-01 
 1.97845000e-08  1.94996997e+00  1.97845000e-08  1.95010108e+00  1.97845000e-08  8.97274167e-01 
 1.99445000e-08  1.15013129e+00  1.99445000e-08  1.94999941e+00  1.99445000e-08  1.27084044e-04 
 1.99455000e-08  1.09807286e+00  1.99455000e-08  1.94999917e+00  1.99455000e-08  1.15337887e-04 
 1.99465000e-08  1.04631326e+00  1.99465000e-08  1.94999942e+00  1.99465000e-08  1.19213389e-04 
 1.99475000e-08  9.94755182e-01  1.99475000e-08  1.94999917e+00  1.99475000e-08  1.07554474e-04 
 1.99485000e-08  9.43362972e-01  1.99485000e-08  1.94999943e+00  1.99485000e-08  1.11548203e-04 
 1.99495000e-08  8.92066861e-01  1.99495000e-08  1.94999919e+00  1.99495000e-08  1.00990577e-04 
 2.03485000e-08  1.46979343e-06  2.03485000e-08  1.16093878e+00  2.03485000e-08 -2.49326509e-06 
 2.03495000e-08  1.70886386e-06  2.03495000e-08  1.10658726e+00  2.03495000e-08 -2.49285202e-06 
 2.03505000e-08  1.67223105e-06  2.03505000e-08  1.05156503e+00  2.03505000e-08 -2.15499719e-08 
 2.03515000e-08  1.81292993e-06  2.03515000e-08  9.95910687e-01  2.03515000e-08  1.25438718e-06 
 2.03525000e-08  1.27484510e-06  2.03525000e-08  9.39604910e-01  2.03525000e-08  4.42275694e-06 
 2.03535000e-08  4.61669806e-07  2.03535000e-08  8.82697353e-01  2.03535000e-08  6.48380329e-06 
 2.05305000e-08  9.37672663e-01  2.05305000e-08  1.24344260e-04  2.05305000e-08  3.39663381e-06 
 2.05315000e-08  9.78503945e-01  2.05315000e-08  1.20547496e-04  2.05315000e-08  2.38167199e-06 
 2.05325000e-08  1.01883737e+00  2.05325000e-08  1.18059812e-04  2.05325000e-08  3.23284547e-06 
 2.05335000e-08  1.05872501e+00  2.05335000e-08  1.14441473e-04  2.05335000e-08  2.23144630e-06 
 2.05345000e-08  1.09825838e+00  2.05345000e-08  1.12100793e-04  2.05345000e-08  3.07606688e-06 
 2.05355000e-08  1.13755564e+00  2.05355000e-08  1.08652417e-04  2.05355000e-08  2.08877114e-06 
 2.07685000e-08  1.94994216e+00  2.07685000e-08  8.46722816e-01  2.07685000e-08 -8.23897397e-05 
 2.07695000e-08  1.94994248e+00  2.07695000e-08  9.28953468e-01  2.07695000e-08 -1.29925174e-04 
 2.07705000e-08  1.94994296e+00  2.07705000e-08  1.00930724e+00  2.07705000e-08 -1.64554258e-04 
 2.07715000e-08  1.94994327e+00  2.07715000e-08  1.08775821e+00  2.07715000e-08 -1.85831488e-04 
 2.07725000e-08  1.94994374e+00  2.07725000e-08  1.16436519e+00  2.07725000e-08 -2.01168690e-04 
 2.07735000e-08  1.94994405e+00  2.07735000e-08  1.23931787e+00  2.07735000e-08 -2.26333157e-04 
 2.08875000e-08  1.94996802e+00  2.08875000e-08  1.94993931e+00  2.08875000e-08  8.80526190e-01 
 2.08885000e-08  1.94996815e+00  2.08885000e-08  1.94994666e+00  2.08885000e-08  9.41131154e-01 
 2.08895000e-08  1.94996828e+00  2.08895000e-08  1.94995171e+00  2.08895000e-08  1.00084150e+00 
 2.08905000e-08  1.94996842e+00  2.08905000e-08  1.94995712e+00  2.08905000e-08  1.06208870e+00 
 2.08915000e-08  1.94996855e+00  2.08915000e-08  1.94996381e+00  2.08915000e-08  1.12860848e+00 
 2.08925000e-08  1.94996870e+00  2.08925000e-08  1.94995659e+00  2.08925000e-08  1.20188207e+00 
 2.10665000e-08  1.15098582e+00  2.10665000e-08  1.94999940e+00  2.10665000e-08  1.94999500e+00 
 2.10675000e-08  1.09892169e+00  2.10675000e-08  1.94999925e+00  2.10675000e-08  1.94998361e+00 
 2.10685000e-08  1.04715666e+00  2.10685000e-08  1.94999941e+00  2.10685000e-08  1.94999171e+00 
 2.10695000e-08  9.95595053e-01  2.10695000e-08  1.94999927e+00  2.10695000e-08  1.94998451e+00 
 2.10705000e-08  9.44199618e-01  2.10705000e-08  1.94999942e+00  2.10705000e-08  1.94999540e+00 
 2.10715000e-08  8.92901784e-01  2.10715000e-08  1.94999928e+00  2.10715000e-08  1.94998457e+00 
 2.14705000e-08  1.45932676e-06  2.14705000e-08  1.16175092e+00  2.14705000e-08  1.94993999e+00 
 2.14715000e-08  1.70281037e-06  2.14715000e-08  1.10741118e+00  2.14715000e-08  1.94993541e+00 
 2.14725000e-08  1.67826300e-06  2.14725000e-08  1.05240135e+00  2.14725000e-08  1.94993504e+00 
 2.14735000e-08  1.80932508e-06  2.14735000e-08  9.96758326e-01  2.14735000e-08  1.94993993e+00 
 2.14745000e-08  1.30028168e-06  2.14745000e-08  9.40463803e-01  2.14745000e-08  1.94995170e+00 
 2.14755000e-08  4.92525246e-07  2.14755000e-08  8.83565868e-01  2.14755000e-08  1.94997012e+00 
 2.16525000e-08  9.36126846e-01  2.16525000e-08  1.09832322e-04  2.16525000e-08  1.94996064e+00 
 2.16535000e-08  9.76977422e-01  2.16535000e-08  1.05905976e-04  2.16535000e-08  1.94996169e+00 
 2.16545000e-08  1.01732868e+00  2.16545000e-08  1.04378697e-04  2.16545000e-08  1.94996289e+00 
 2.16555000e-08  1.05723169e+00  2.16555000e-08  1.00615010e-04  2.16555000e-08  1.94996388e+00 
 2.16565000e-08  1.09677632e+00  2.16565000e-08  9.91985242e-05  2.16565000e-08  1.94996502e+00 
 2.16575000e-08  1.13607986e+00  2.16575000e-08  9.55900214e-05  2.16575000e-08  1.94996594e+00 
 2.18905000e-08  1.94994219e+00  2.18905000e-08  8.45581446e-01  2.18905000e-08  1.95004304e+00 
 2.18915000e-08  1.94994242e+00  2.18915000e-08  9.27792112e-01  2.18915000e-08  1.94991079e+00 
 2.18925000e-08  1.94994299e+00  2.18925000e-08  1.00796049e+00  2.18925000e-08  1.94976760e+00 
 2.18935000e-08  1.94994322e+00  2.18935000e-08  1.08603330e+00  2.18935000e-08  1.94960917e+00 
 2.18945000e-08  1.94994377e+00  2.18945000e-08  1.16206512e+00  2.18945000e-08  1.94945656e+00 
 2.18955000e-08  1.94994399e+00  2.18955000e-08  1.23635767e+00  2.18955000e-08  1.94930447e+00 
 2.20235000e-08  1.94996925e+00  2.20235000e-08  1.94997389e+00  2.20235000e-08  1.19094728e+00 
 2.20245000e-08  1.94996944e+00  2.20245000e-08  1.95000535e+00  2.20245000e-08  1.13341391e+00 
 2.20255000e-08  1.94996960e+00  2.20255000e-08  1.95003683e+00  2.20255000e-08  1.07577548e+00 
 2.20265000e-08  1.94996982e+00  2.20265000e-08  1.95006547e+00  2.20265000e-08  1.01782291e+00 
 2.20275000e-08  1.94996993e+00  2.20275000e-08  1.95008484e+00  2.20275000e-08  9.59443616e-01 
 2.20285000e-08  1.94996999e+00  2.20285000e-08  1.95010063e+00  2.20285000e-08  9.00465316e-01 
 2.21885000e-08  1.15250330e+00  2.21885000e-08  1.94999942e+00  2.21885000e-08  1.28154008e-04 
 2.21895000e-08  1.10043163e+00  2.21895000e-08  1.94999916e+00  2.21895000e-08  1.14321341e-04 
 2.21905000e-08  1.04865946e+00  2.21905000e-08  1.94999942e+00  2.21905000e-08  1.19924840e-04 
 2.21915000e-08  9.97093979e-01  2.21915000e-08  1.94999917e+00  2.21915000e-08  1.07370730e-04 
 2.21925000e-08  9.45694877e-01  2.21925000e-08  1.94999943e+00  2.21925000e-08  1.13187947e-04 
 2.21935000e-08  8.94395589e-01  2.21935000e-08  1.94999918e+00  2.21935000e-08  1.00108985e-04 
 2.25925000e-08  1.45726432e-06  2.25925000e-08  1.16347291e+00  2.25925000e-08 -2.49117616e-06 
 2.25935000e-08  1.69961270e-06  2.25935000e-08  1.10915092e+00  2.25935000e-08 -2.57169201e-06 
 2.25945000e-08  1.68134987e-06  2.25945000e-08  1.05416062e+00  2.25945000e-08 -9.06308042e-08 
 2.25955000e-08  1.80675737e-06  2.25955000e-08  9.98535390e-01  2.25955000e-08  1.13179982e-06 
 2.25965000e-08  1.30981432e-06  2.25965000e-08  9.42260278e-01  2.25965000e-08  4.31711986e-06 
 2.25975000e-08  5.01608450e-07  2.25975000e-08  8.85380095e-01  2.25975000e-08  6.34010186e-06 
 2.27745000e-08  9.35504983e-01  2.27745000e-08  1.24572221e-04  2.27745000e-08  3.46381962e-06 
 2.27755000e-08  9.76363478e-01  2.27755000e-08  1.20622945e-04  2.27755000e-08  2.32452303e-06 
 2.27765000e-08  1.01672263e+00  2.27765000e-08  1.18272251e-04  2.27765000e-08  3.29550039e-06 
 2.27775000e-08  1.05663260e+00  2.27775000e-08  1.14509912e-04  2.27775000e-08  2.17381514e-06 
 2.27785000e-08  1.09618192e+00  2.27785000e-08  1.12307703e-04  2.27785000e-08  3.14042841e-06 
 2.27795000e-08  1.13548816e+00  2.27795000e-08  1.08716400e-04  2.27795000e-08  2.00249907e-06 
 2.30125000e-08  1.94994220e+00  2.30125000e-08  8.42316597e-01  2.30125000e-08 -7.94274943e-05 
 2.30135000e-08  1.94994240e+00  2.30135000e-08  9.24642602e-01  2.30135000e-08 -1.27471923e-04 
 2.30145000e-08  1.94994300e+00  2.30145000e-08  1.00509775e+00  2.30145000e-08 -1.64363706e-04 
 2.30155000e-08  1.94994319e+00  2.30155000e-08  1.08364955e+00  2.30155000e-08 -1.86060353e-04 
 2.30165000e-08  1.94994378e+00  2.30165000e-08  1.16034994e+00  2.30165000e-08 -2.00504940e-04 
 2.30175000e-08  1.94994397e+00  2.30175000e-08  1.23538764e+00  2.30175000e-08 -2.24967161e-04 
 2.31315000e-08  1.94996800e+00  2.31315000e-08  1.94993912e+00  2.31315000e-08  8.77242363e-01 
 2.31325000e-08  1.94996817e+00  2.31325000e-08  1.94994622e+00  2.31325000e-08  9.37919288e-01 
 2.31335000e-08  1.94996825e+00  2.31335000e-08  1.94995148e+00  2.31335000e-08  9.97643757e-01 
 2.31345000e-08  1.94996844e+00  2.31345000e-08  1.94995693e+00  2.31345000e-08  1.05865480e+00 
 2.31355000e-08  1.94996853e+00  2.31355000e-08  1.94996370e+00  2.31355000e-08  1.12480911e+00 
 2.31365000e-08  1.94996871e+00  2.31365000e-08  1.94995659e+00  2.31365000e-08  1.19793940e+00 
 2.33105000e-08  1.15361707e+00  2.33105000e-08  1.94999938e+00  2.33105000e-08  1.94999010e+00 
 2.33115000e-08  1.10153820e+00  2.33115000e-08  1.94999928e+00  2.33115000e-08  1.94998360e+00 
 2.33125000e-08  1.04975918e+00  2.33125000e-08  1.94999939e+00  2.33125000e-08  1.94999412e+00 
 2.33135000e-08  9.98189397e-01  2.33135000e-08  1.94999928e+00  2.33135000e-08  1.94998394e+00 
 2.33145000e-08  9.46786341e-01  2.33145000e-08  1.94999941e+00  2.33145000e-08  1.94999120e+00 
 2.33155000e-08  8.95484789e-01  2.33155000e-08  1.94999930e+00  2.33155000e-08  1.94998489e+00 
 2.37145000e-08  1.44754789e-06  2.37145000e-08  1.16458022e+00  2.37145000e-08  1.94994026e+00 
 2.37155000e-08  1.69296151e-06  2.37155000e-08  1.11027340e+00  2.37155000e-08  1.94993559e+00 
 2.37165000e-08  1.68706448e-06  2.37165000e-08  1.05529916e+00  2.37165000e-08  1.94993492e+00 
 2.37175000e-08  1.80212312e-06  2.37175000e-08  9.99688608e-01  2.37175000e-08  1.94993953e+00 
 2.37185000e-08  1.33507577e-06  2.37185000e-08  9.43428320e-01  2.37185000e-08  1.94995090e+00 
 2.37195000e-08  5.32057045e-07  2.37195000e-08  8.86560956e-01  2.37195000e-08  1.94996901e+00 
 2.38965000e-08  9.34110894e-01  2.38965000e-08  1.10040447e-04  2.38965000e-08  1.94996053e+00 
 2.38975000e-08  9.74987160e-01  2.38975000e-08  1.05988466e-04  2.38975000e-08  1.94996169e+00 
 2.38985000e-08  1.01536183e+00  2.38985000e-08  1.04577930e-04  2.38985000e-08  1.94996278e+00 
 2.38995000e-08  1.05528511e+00  2.38995000e-08  1.00691831e-04  2.38995000e-08  1.94996388e+00 
 2.39005000e-08  1.09484471e+00  2.39005000e-08  9.93892812e-05  2.39005000e-08  1.94996491e+00 
 2.39015000e-08  1.13415679e+00  2.39015000e-08  9.56614723e-05  2.39015000e-08  1.94996594e+00 
 2.41345000e-08  1.94994223e+00  2.41345000e-08  8.41487211e-01  2.41345000e-08  1.95004991e+00 
 2.41355000e-08  1.94994234e+00  2.41355000e-08  9.23794377e-01  2.41355000e-08  1.94991730e+00 
 2.41365000e-08  1.94994303e+00  2.41365000e-08  1.00406562e+00  2.41365000e-08  1.94977501e+00 
 2.41375000e-08  1.94994314e+00  2.41375000e-08  1.08223244e+00  2.41375000e-08  1.94961714e+00 
 2.41385000e-08  1.94994380e+00  2.41385000e-08  1.15834969e+00  2.41385000e-08  1.94946323e+00 
 2.41395000e-08  1.94994391e+00  2.41395000e-08  1.23271975e+00  2.41395000e-08  1.94931284e+00 
 2.42675000e-08  1.94996923e+00  2.42675000e-08  1.94997238e+00  2.42675000e-08  1.19379248e+00 
 2.42685000e-08  1.94996945e+00  2.42685000e-08  1.95000370e+00  2.42685000e-08  1.13625954e+00 
 2.42695000e-08  1.94996957e+00  2.42695000e-08  1.95003526e+00  2.42695000e-08  1.07863328e+00 
 2.42705000e-08  1.94996983e+00  2.42705000e-08  1.95006437e+00  2.42705000e-08  1.02069681e+00 
 2.42715000e-08  1.94996991e+00  2.42715000e-08  1.95008390e+00  2.42715000e-08  9.62344871e-01 
 2.42725000e-08  1.94997001e+00  2.42725000e-08  1.95010016e+00  2.42725000e-08  9.03395609e-01 
 2.44325000e-08  1.15529544e+00  2.44325000e-08  1.94999940e+00  2.44325000e-08  1.27887902e-04 
 2.44335000e-08  1.10320812e+00  2.44335000e-08  1.94999917e+00  2.44335000e-08  1.15046580e-04 
 2.44345000e-08  1.05142102e+00  2.44345000e-08  1.94999941e+00  2.44345000e-08  1.19646318e-04 
 2.44355000e-08  9.99846812e-01  2.44355000e-08  1.94999919e+00  2.44355000e-08  1.08071763e-04 
 2.44365000e-08  9.48439589e-01  2.44365000e-08  1.94999942e+00  2.44365000e-08  1.12873790e-04 
 2.44375000e-08  8.97136330e-01  2.44375000e-08  1.94999919e+00  2.44375000e-08  1.01076296e-04 
 2.48365000e-08  1.44346401e-06  2.48365000e-08  1.16642810e+00  2.48365000e-08 -2.59245764e-06 
 2.48375000e-08  1.68778820e-06  2.48375000e-08  1.11214051e+00  2.48375000e-08 -2.56456574e-06 
 2.48385000e-08  1.68954139e-06  2.48385000e-08  1.05718740e+00  2.48385000e-08 -2.72828505e-07 
 2.48395000e-08  1.79603353e-06  2.48395000e-08  1.00159609e+00  2.48395000e-08  1.07552878e-06 
 2.48405000e-08  1.34691362e-06  2.48405000e-08  9.45356745e-01  2.48405000e-08  4.11096296e-06 
 2.48415000e-08  5.46694592e-07  2.48415000e-08  8.88508509e-01  2.48415000e-08  6.25292588e-06 
 2.50185000e-08  9.33410582e-01  2.50185000e-08  1.24826394e-04  2.50185000e-08  3.51576150e-06 
 2.50195000e-08  9.74296125e-01  2.50195000e-08  1.20712049e-04  2.50195000e-08  2.28154886e-06 
 2.50205000e-08  1.01467966e+00  2.50205000e-08  1.18517929e-04  2.50205000e-08  3.34818943e-06 
 2.50215000e-08  1.05461075e+00  2.50215000e-08  1.14591389e-04  2.50215000e-08  2.13068818e-06 
 2.50225000e-08  1.09417840e+00  2.50225000e-08  1.12540502e-04  2.50225000e-08  3.19096660e-06 
 2.50235000e-08  1.13349641e+00  2.50235000e-08  1.08790379e-04  2.50235000e-08  1.95821716e-06 
 2.52565000e-08  1.94994225e+00  2.52565000e-08  8.38081343e-01  2.52565000e-08 -7.65926150e-05 
 2.52575000e-08  1.94994233e+00  2.52575000e-08  9.20498247e-01  2.52575000e-08 -1.25375989e-04 
 2.52585000e-08  1.94994304e+00  2.52585000e-08  1.00105576e+00  2.52585000e-08 -1.62166172e-04 
 2.52595000e-08  1.94994311e+00  2.52595000e-08  1.07970901e+00  2.52595000e-08 -1.83846452e-04 
 2.52605000e-08  1.94994381e+00  2.52605000e-08  1.15649963e+00  2.52605000e-08 -1.99534762e-04 
 2.52615000e-08  1.94994388e+00  2.52615000e-08  1.23161879e+00  2.52615000e-08 -2.23543242e-04 
 2.53755000e-08  1.94996797e+00  2.53755000e-08  1.94993891e+00  2.53755000e-08  8.74165894e-01 
 2.53765000e-08  1.94996818e+00  2.53765000e-08  1.94994583e+00  2.53765000e-08  9.34914598e-01 
 2.53775000e-08  1.94996822e+00  2.53775000e-08  1.94995125e+00  2.53775000e-08  9.94659456e-01 
 2.53785000e-08  1.94996845e+00  2.53785000e-08  1.94995676e+00  2.53785000e-08  1.05547660e+00 
 2.53795000e-08  1.94996850e+00  2.53795000e-08  1.94996357e+00  2.53795000e-08  1.12128667e+00 
 2.53805000e-08  1.94996872e+00  2.53805000e-08  1.94995667e+00  2.53805000e-08  1.19426114e+00 
 2.55545000e-08  1.15616354e+00  2.55545000e-08  1.94999937e+00  2.55545000e-08  1.94999547e+00 
 2.55555000e-08  1.10407030e+00  2.55555000e-08  1.94999929e+00  2.55555000e-08  1.94998579e+00 
 2.55565000e-08  1.05227757e+00  2.55565000e-08  1.94999937e+00  2.55565000e-08  1.94999250e+00 
 2.55575000e-08  1.00069973e+00  2.55575000e-08  1.94999930e+00  2.55575000e-08  1.94998646e+00 
 2.55585000e-08  9.49289192e-01  2.55585000e-08  1.94999938e+00  2.55585000e-08  1.94999570e+00 
 2.55595000e-08  8.97983978e-01  2.55595000e-08  1.94999931e+00  2.55595000e-08  1.94998650e+00 
 2.59245000e-08  2.04643473e-06  2.59245000e-08  2.00712530e+00  2.59245000e-08  1.94999897e+00 
 2.59585000e-08  1.42987373e-06  2.59585000e-08  1.16735361e+00  2.59585000e-08  1.94994053e+00 
 2.59595000e-08  1.67902945e-06  2.59595000e-08  1.11307908e+00  2.59595000e-08  1.94993578e+00 
 2.59605000e-08  1.69397966e-06  2.59605000e-08  1.05813977e+00  2.59605000e-08  1.94993481e+00 
 2.59615000e-08  1.79199552e-06  2.59615000e-08  1.00256108e+00  2.59615000e-08  1.94993916e+00 
 2.59625000e-08  1.37178186e-06  2.59625000e-08  9.46334415e-01  2.59625000e-08  1.94995013e+00 
 2.59635000e-08  5.78013205e-07  2.59635000e-08  8.89497101e-01  2.59635000e-08  1.94996792e+00 
 2.61405000e-08  9.31946237e-01  2.61405000e-08  1.10225200e-04  2.61405000e-08  1.94996043e+00 
 2.61415000e-08  9.72850165e-01  2.61415000e-08  1.06093329e-04  2.61415000e-08  1.94996167e+00 
 2.61425000e-08  1.01325010e+00  2.61425000e-08  1.04754290e-04  2.61425000e-08  1.94996269e+00 
 2.61435000e-08  1.05319534e+00  2.61435000e-08  1.00790540e-04  2.61435000e-08  1.94996386e+00 
 2.61445000e-08  1.09277260e+00  2.61445000e-08  9.95576667e-05  2.61445000e-08  1.94996482e+00 
 2.61455000e-08  1.13209552e+00  2.61455000e-08  9.57543465e-05  2.61455000e-08  1.94996593e+00 
 2.63785000e-08  1.94994225e+00  2.63785000e-08  8.37145511e-01  2.63785000e-08  1.95005705e+00 
 2.63795000e-08  1.94994229e+00  2.63795000e-08  9.19554370e-01  2.63795000e-08  1.94992416e+00 
 2.63805000e-08  1.94994305e+00  2.63805000e-08  9.99934353e-01  2.63805000e-08  1.94978285e+00 
 2.63815000e-08  1.94994307e+00  2.63815000e-08  1.07821105e+00  2.63815000e-08  1.94962545e+00 
 2.63825000e-08  1.94994382e+00  2.63825000e-08  1.15442960e+00  2.63825000e-08  1.94947017e+00 
 2.63835000e-08  1.94994384e+00  2.63835000e-08  1.22888276e+00  2.63835000e-08  1.94932165e+00 
 2.65115000e-08  1.94996921e+00  2.65115000e-08  1.94997100e+00  2.65115000e-08  1.19674003e+00 
 2.65125000e-08  1.94996945e+00  2.65125000e-08  1.95000174e+00  2.65125000e-08  1.13920759e+00 
 2.65135000e-08  1.94996955e+00  2.65135000e-08  1.95003383e+00  2.65135000e-08  1.08159367e+00 
 2.65145000e-08  1.94996983e+00  2.65145000e-08  1.95006298e+00  2.65145000e-08  1.02367383e+00 
 2.65155000e-08  1.94996989e+00  2.65155000e-08  1.95008312e+00  2.65155000e-08  9.65350099e-01 
 2.65165000e-08  1.94997002e+00  2.65165000e-08  1.95009944e+00  2.65165000e-08  9.06431094e-01 
 2.66765000e-08  1.15783703e+00  2.66765000e-08  1.94999936e+00  2.66765000e-08  1.26939645e-04 
 2.66775000e-08  1.10573487e+00  2.66775000e-08  1.94999922e+00  2.66775000e-08  1.16254964e-04 
 2.66785000e-08  1.05393360e+00  2.66785000e-08  1.94999937e+00  2.66785000e-08  1.19085688e-04 
 2.66795000e-08  1.00235090e+00  2.66795000e-08  1.94999922e+00  2.66795000e-08  1.08531696e-04 
 2.66805000e-08  9.50935833e-01  2.66805000e-08  1.94999937e+00  2.66805000e-08  1.11504585e-04 
 2.66815000e-08  8.99628599e-01  2.66815000e-08  1.94999924e+00  2.66815000e-08  1.01916601e-04 
 2.70805000e-08  1.42621527e-06  2.70805000e-08  1.16916369e+00  2.70805000e-08 -2.71641088e-06 
 2.70815000e-08  1.67416088e-06  2.70815000e-08  1.11490799e+00  2.70815000e-08 -2.52792819e-06 
 2.70825000e-08  1.69644493e-06  2.70825000e-08  1.05998933e+00  2.70825000e-08 -4.70613888e-07 
 2.70835000e-08  1.78818642e-06  2.70835000e-08  1.00442947e+00  2.70835000e-08  1.04915156e-06 
 2.70845000e-08  1.38217296e-06  2.70845000e-08  9.48223297e-01  2.70845000e-08  3.90020962e-06 
 2.70855000e-08  5.89395984e-07  2.70855000e-08  8.91404722e-01  2.70855000e-08  6.19017036e-06 
 2.72625000e-08  9.31495856e-01  2.72625000e-08  1.25049172e-04  2.72625000e-08  3.53820057e-06 
 2.72635000e-08  9.72406326e-01  2.72635000e-08  1.20832628e-04  2.72635000e-08  2.26648299e-06 
 2.72645000e-08  1.01281269e+00  2.72645000e-08  1.18730153e-04  2.72645000e-08  3.37009126e-06 
 2.72655000e-08  1.05276326e+00  2.72655000e-08  1.14706546e-04  2.72655000e-08  2.11665609e-06 
 2.72665000e-08  1.09234543e+00  2.72665000e-08  1.12744900e-04  2.72665000e-08  3.21386301e-06 
 2.72675000e-08  1.13167194e+00  2.72675000e-08  1.08897344e-04  2.72675000e-08  1.94317008e-06 
 2.75005000e-08  1.94994224e+00  2.75005000e-08  8.34480620e-01  2.75005000e-08 -7.42331858e-05 
 2.75015000e-08  1.94994227e+00  2.75015000e-08  9.16979369e-01  2.75015000e-08 -1.23654656e-04 
 2.75025000e-08  1.94994304e+00  2.75025000e-08  9.97622385e-01  2.75025000e-08 -1.61127232e-04 
 2.75035000e-08  1.94994306e+00  2.75035000e-08  1.07635728e+00  2.75035000e-08 -1.82846794e-04 
 2.75045000e-08  1.94994382e+00  2.75045000e-08  1.15322481e+00  2.75045000e-08 -1.98839830e-04 
 2.75055000e-08  1.94994384e+00  2.75055000e-08  1.22841321e+00  2.75055000e-08 -2.22309437e-04 
 2.76195000e-08  1.94996795e+00  2.76195000e-08  1.94993873e+00  2.76195000e-08  8.71472321e-01 
 2.76205000e-08  1.94996818e+00  2.76205000e-08  1.94994550e+00  2.76205000e-08  9.32284571e-01 
 2.76215000e-08  1.94996821e+00  2.76215000e-08  1.94995104e+00  2.76215000e-08  9.92050035e-01 
 2.76225000e-08  1.94996845e+00  2.76225000e-08  1.94995660e+00  2.76225000e-08  1.05271427e+00 
 2.76235000e-08  1.94996848e+00  2.76235000e-08  1.94996343e+00  2.76235000e-08  1.11822207e+00 
 2.76245000e-08  1.94996872e+00  2.76245000e-08  1.94995678e+00  2.76245000e-08  1.19103858e+00 
 2.77715000e-08  2.05291345e+00  2.77715000e-08  1.94999902e+00  2.77715000e-08  1.94997398e+00 
 2.77985000e-08  1.15762068e+00  2.77985000e-08  1.94999935e+00  2.77985000e-08  1.94999506e+00 
 2.77995000e-08  1.10551917e+00  2.77995000e-08  1.94999930e+00  2.77995000e-08  1.94998612e+00 
 2.78005000e-08  1.05371852e+00  2.78005000e-08  1.94999936e+00  2.78005000e-08  1.94999220e+00 
 2.78015000e-08  1.00213599e+00  2.78015000e-08  1.94999931e+00  2.78015000e-08  1.94998679e+00 
 2.78025000e-08  9.50721122e-01  2.78025000e-08  1.94999937e+00  2.78025000e-08  1.94999536e+00 
 2.78035000e-08  8.99413779e-01  2.78035000e-08  1.94999932e+00  2.78035000e-08  1.94998688e+00 
 2.82025000e-08  1.42388647e-06  2.82025000e-08  1.16892023e+00  2.82025000e-08  1.94994069e+00 
 2.82035000e-08  1.67327141e-06  2.82035000e-08  1.11466395e+00  2.82035000e-08  1.94993589e+00 
 2.82045000e-08  1.69739131e-06  2.82045000e-08  1.05974438e+00  2.82045000e-08  1.94993475e+00 
 2.82055000e-08  1.78581251e-06  2.82055000e-08  1.00418371e+00  2.82055000e-08  1.94993896e+00 
 2.82065000e-08  1.39026579e-06  2.82065000e-08  9.47976060e-01  2.82065000e-08  1.94994970e+00 
 2.82075000e-08  6.01697238e-07  2.82075000e-08  8.91155757e-01  2.82075000e-08  1.94996733e+00 
 2.83845000e-08  9.30867384e-01  2.83845000e-08  1.10289947e-04  2.83845000e-08  1.94996034e+00 
 2.83855000e-08  9.71785131e-01  2.83855000e-08  1.06190381e-04  2.83855000e-08  1.94996169e+00 
 2.83865000e-08  1.01219770e+00  2.83865000e-08  1.04815196e-04  2.83865000e-08  1.94996260e+00 
 2.83875000e-08  1.05215397e+00  2.83875000e-08  1.00883320e-04  2.83875000e-08  1.94996389e+00 
 2.83885000e-08  1.09173949e+00  2.83885000e-08  9.96149282e-05  2.83885000e-08  1.94996474e+00 
 2.83895000e-08  1.13106730e+00  2.83895000e-08  9.58430544e-05  2.83895000e-08  1.94996595e+00 
 2.86225000e-08  1.94994225e+00  2.86225000e-08  8.35027249e-01  2.86225000e-08  1.95006048e+00 
 2.86235000e-08  1.94994227e+00  2.86235000e-08  9.17486149e-01  2.86235000e-08  1.94992750e+00 
 2.86245000e-08  1.94994304e+00  2.86245000e-08  9.97919510e-01  2.86245000e-08  1.94978666e+00 
 2.86255000e-08  1.94994305e+00  2.86255000e-08  1.07625008e+00  2.86255000e-08  1.94962951e+00 
 2.86265000e-08  1.94994381e+00  2.86265000e-08  1.15251845e+00  2.86265000e-08  1.94947354e+00 
 2.86275000e-08  1.94994382e+00  2.86275000e-08  1.22701254e+00  2.86275000e-08  1.94932593e+00 
 2.87555000e-08  1.94996920e+00  2.87555000e-08  1.94997031e+00  2.87555000e-08  1.19827546e+00 
 2.87565000e-08  1.94996945e+00  2.87565000e-08  1.95000078e+00  2.87565000e-08  1.14074286e+00 
 2.87575000e-08  1.94996954e+00  2.87575000e-08  1.95003309e+00  2.87575000e-08  1.08313479e+00 
 2.87585000e-08  1.94996983e+00  2.87585000e-08  1.95006227e+00  2.87585000e-08  1.02522310e+00 
 2.87595000e-08  1.94996989e+00  2.87595000e-08  1.95008271e+00  2.87595000e-08  9.66913468e-01 
 2.87605000e-08  1.94997002e+00  2.87605000e-08  1.95009906e+00  2.87605000e-08  9.08009722e-01 
 2.89205000e-08  1.15903931e+00  2.89205000e-08  1.94999934e+00  2.89205000e-08  1.26176107e-04 
 2.89215000e-08  1.10693021e+00  2.89215000e-08  1.94999924e+00  2.89215000e-08  1.16658939e-04 
 2.89225000e-08  1.05512219e+00  2.89225000e-08  1.94999935e+00  2.89225000e-08  1.18769694e-04 
 2.89235000e-08  1.00353545e+00  2.89235000e-08  1.94999924e+00  2.89235000e-08  1.09246417e-04 
 2.89245000e-08  9.52116650e-01  2.89245000e-08  1.94999935e+00  2.89245000e-08  1.11444343e-04 
 2.89255000e-08  9.00807530e-01  2.89255000e-08  1.94999925e+00  2.89255000e-08  1.02029460e-04 
 2.93245000e-08  1.42036611e-06  2.93245000e-08  1.17023101e+00  2.93245000e-08 -2.77186716e-06 
 2.93255000e-08  1.66906472e-06  2.93255000e-08  1.11598770e+00  2.93255000e-08 -2.50492036e-06 
 2.93265000e-08  1.70060504e-06  2.93265000e-08  1.06108243e+00  2.93265000e-08 -5.54553218e-07 
 2.93275000e-08  1.78442274e-06  2.93275000e-08  1.00553478e+00  2.93275000e-08  1.04635722e-06 
 2.93285000e-08  1.40006880e-06  2.93285000e-08  9.49341525e-01  2.93285000e-08  3.81195978e-06 
 2.93295000e-08  6.12139776e-07  2.93295000e-08  8.92534480e-01  2.93295000e-08  6.17254124e-06 
 2.95065000e-08  9.30292796e-01  2.95065000e-08  1.25128864e-04  2.95065000e-08  3.54529323e-06 
 2.95075000e-08  9.71218247e-01  2.95075000e-08  1.20865444e-04  2.95075000e-08  2.26396219e-06 
 2.95085000e-08  1.01163825e+00  2.95085000e-08  1.18806892e-04  2.95085000e-08  3.37742914e-06 
 2.95095000e-08  1.05160113e+00  2.95095000e-08  1.14734335e-04  2.95095000e-08  2.11263208e-06 
 2.95105000e-08  1.09119254e+00  2.95105000e-08  1.12816750e-04  2.95105000e-08  3.21997764e-06 
 2.95115000e-08  1.13052453e+00  2.95115000e-08  1.08923530e-04  2.95115000e-08  1.93935909e-06 
 2.97445000e-08  1.94994225e+00  2.97445000e-08  8.31960021e-01  2.97445000e-08 -7.25260151e-05 
 2.97455000e-08  1.94994226e+00  2.97455000e-08  9.14507983e-01  2.97455000e-08 -1.22265955e-04 
 2.97465000e-08  1.94994304e+00  2.97465000e-08  9.95206226e-01  2.97465000e-08 -1.60325592e-04 
 2.97475000e-08  1.94994305e+00  2.97475000e-08  1.07399961e+00  2.97475000e-08 -1.82226590e-04 
 2.97485000e-08  1.94994382e+00  2.97485000e-08  1.15091132e+00  2.97485000e-08 -1.98281773e-04 
 2.97495000e-08  1.94994383e+00  2.97495000e-08  1.22613771e+00  2.97495000e-08 -2.21328927e-04 
 2.98635000e-08  1.94996795e+00  2.98635000e-08  1.94993860e+00  2.98635000e-08  8.69594818e-01 
 2.98645000e-08  1.94996818e+00  2.98645000e-08  1.94994528e+00  2.98645000e-08  9.30451649e-01 
 2.98655000e-08  1.94996820e+00  2.98655000e-08  1.94995089e+00  2.98655000e-08  9.90233033e-01 
 2.98665000e-08  1.94996845e+00  2.98665000e-08  1.94995648e+00  2.98665000e-08  1.05080024e+00 
 2.98675000e-08  1.94996848e+00  2.98675000e-08  1.94996331e+00  2.98675000e-08  1.11609976e+00 
 2.98685000e-08  1.94996872e+00  2.98685000e-08  1.94995688e+00  2.98685000e-08  1.18879381e+00 
 3.00425000e-08  1.15998857e+00  3.00425000e-08  1.94999934e+00  3.00425000e-08  1.94999501e+00 
 3.00435000e-08  1.10787373e+00  3.00435000e-08  1.94999931e+00  3.00435000e-08  1.94998664e+00 
 3.00445000e-08  1.05606025e+00  3.00445000e-08  1.94999935e+00  3.00445000e-08  1.94999227e+00 
 3.00455000e-08  1.00447015e+00  3.00455000e-08  1.94999932e+00  3.00455000e-08  1.94998729e+00 
 3.00465000e-08  9.53048298e-01  3.00465000e-08  1.94999936e+00  3.00465000e-08  1.94999532e+00 
 3.00475000e-08  9.01737573e-01  3.00475000e-08  1.94999933e+00  3.00475000e-08  1.94998738e+00 
 3.04465000e-08  1.41371916e-06  3.04465000e-08  1.17115094e+00  3.04465000e-08  1.94994092e+00 
 3.04475000e-08  1.66329743e-06  3.04475000e-08  1.11692063e+00  3.04475000e-08  1.94993605e+00 
 3.04485000e-08  1.70442392e-06  3.04485000e-08  1.06202912e+00  3.04485000e-08  1.94993469e+00 
 3.04495000e-08  1.78046185e-06  3.04495000e-08  1.00649406e+00  3.04495000e-08  1.94993868e+00 
 3.04505000e-08  1.41813210e-06  3.04505000e-08  9.50313489e-01  3.04505000e-08  1.94994911e+00 
 3.04515000e-08  6.35453820e-07  3.04515000e-08  8.93517392e-01  3.04515000e-08  1.94996647e+00 
 3.06285000e-08  9.29135717e-01  3.06285000e-08  1.10362170e-04  3.06285000e-08  1.94996020e+00 
 3.06295000e-08  9.70075700e-01  3.06295000e-08  1.06344623e-04  3.06295000e-08  1.94996174e+00 
 3.06305000e-08  1.01050863e+00  3.06305000e-08  1.04882429e-04  3.06305000e-08  1.94996247e+00 
 3.06315000e-08  1.05048272e+00  3.06315000e-08  1.01031170e-04  3.06315000e-08  1.94996393e+00 
 3.06325000e-08  1.09008167e+00  3.06325000e-08  9.96774341e-05  3.06325000e-08  1.94996461e+00 
 3.06335000e-08  1.12941753e+00  3.06335000e-08  9.59848068e-05  3.06335000e-08  1.94996600e+00 
 3.08665000e-08  1.94994224e+00  3.08665000e-08  8.32275951e-01  3.08665000e-08  1.95006486e+00 
 3.08675000e-08  1.94994225e+00  3.08675000e-08  9.14798309e-01  3.08675000e-08  1.94993182e+00 
 3.08685000e-08  1.94994303e+00  3.08685000e-08  9.95300612e-01  3.08685000e-08  1.94979160e+00 
 3.08695000e-08  1.94994303e+00  3.08695000e-08  1.07370039e+00  3.08695000e-08  1.94963477e+00 
 3.08705000e-08  1.94994380e+00  3.08705000e-08  1.15003384e+00  3.08705000e-08  1.94947792e+00 
 3.08715000e-08  1.94994380e+00  3.08715000e-08  1.22458092e+00  3.08715000e-08  1.94933150e+00 
 3.10005000e-08  1.94996944e+00  3.10005000e-08  1.94999967e+00  3.10005000e-08  1.14264236e+00 
 3.10015000e-08  1.94996953e+00  3.10015000e-08  1.95003211e+00  3.10015000e-08  1.08504165e+00 
 3.10025000e-08  1.94996983e+00  3.10025000e-08  1.95006139e+00  3.10025000e-08  1.02714017e+00 
 3.10035000e-08  1.94996988e+00  3.10035000e-08  1.95008215e+00  3.10035000e-08  9.68848146e-01 
 3.10045000e-08  1.94997002e+00  3.10045000e-08  1.95009861e+00  3.10045000e-08  9.09963500e-01 
 3.10055000e-08  1.94996991e+00  3.10055000e-08  1.95010696e+00  3.10055000e-08  8.50453964e-01 
 3.11645000e-08  1.16146267e+00  3.11645000e-08  1.94999932e+00  3.11645000e-08  1.26023645e-04 
 3.11655000e-08  1.10933942e+00  3.11655000e-08  1.94999925e+00  3.11655000e-08  1.16903466e-04 
 3.11665000e-08  1.05751784e+00  3.11665000e-08  1.94999933e+00  3.11665000e-08  1.18059164e-04 
 3.11675000e-08  1.00592292e+00  3.11675000e-08  1.94999926e+00  3.11675000e-08  1.09764683e-04 
 3.11685000e-08  9.54496626e-01  3.11685000e-08  1.94999934e+00  3.11685000e-08  1.11118856e-04 
 3.11695000e-08  9.03183728e-01  3.11695000e-08  1.94999927e+00  3.11695000e-08  1.02795356e-04 
 3.15685000e-08  1.37871744e-06  3.15685000e-08  1.17256516e+00  3.15685000e-08 -2.84641641e-06 
 3.15695000e-08  1.65347910e-06  3.15695000e-08  1.11834910e+00  3.15695000e-08 -2.49589248e-06 
 3.15705000e-08  1.71675692e-06  3.15705000e-08  1.06347324e+00  3.15705000e-08 -6.92882647e-07 
 3.15715000e-08  1.78846976e-06  3.15715000e-08  1.00795248e+00  3.15715000e-08  1.00282083e-06 
 3.15725000e-08  1.44964264e-06  3.15725000e-08  9.51787592e-01  3.15725000e-08  3.65556846e-06 
 3.15735000e-08  6.70101507e-07  3.15735000e-08  8.95005949e-01  3.15735000e-08  6.09824370e-06 
 3.17505000e-08  9.27909424e-01  3.17505000e-08  1.25316307e-04  3.17505000e-08  3.57095565e-06 
 3.17515000e-08  9.68865476e-01  3.17515000e-08  1.20955468e-04  3.17515000e-08  2.24536686e-06 
 3.17525000e-08  1.00931352e+00  3.17525000e-08  1.18986116e-04  3.17525000e-08  3.40289418e-06 
 3.17535000e-08  1.04930098e+00  3.17535000e-08  1.14816946e-04  3.17535000e-08  2.05844105e-06 
 3.17545000e-08  1.08891095e+00  3.17545000e-08  1.12987591e-04  3.17545000e-08  3.20963485e-06 
 3.17555000e-08  1.12825414e+00  3.17555000e-08  1.09003220e-04  3.17555000e-08  1.98136136e-06 
 3.19885000e-08  1.94994223e+00  3.19885000e-08  8.27533953e-01  3.19885000e-08 -6.95985714e-05 
 3.19895000e-08  1.94994223e+00  3.19895000e-08  9.10175350e-01  3.19895000e-08 -1.19965088e-04 
 3.19905000e-08  1.94994303e+00  3.19905000e-08  9.90974702e-01  3.19905000e-08 -1.58906269e-04 
 3.19915000e-08  1.94994301e+00  3.19915000e-08  1.06986917e+00  3.19915000e-08 -1.81081277e-04 
 3.19925000e-08  1.94994381e+00  3.19925000e-08  1.14687654e+00  3.19925000e-08 -1.97756518e-04 
 3.19935000e-08  1.94994380e+00  3.19935000e-08  1.22218834e+00  3.19935000e-08 -2.19492033e-04 
 3.21075000e-08  1.94996793e+00  3.21075000e-08  1.94993837e+00  3.21075000e-08  8.66264940e-01 
 3.21085000e-08  1.94996817e+00  3.21085000e-08  1.94994491e+00  3.21085000e-08  9.27203141e-01 
 3.21095000e-08  1.94996818e+00  3.21095000e-08  1.94995060e+00  3.21095000e-08  9.87016900e-01 
 3.21105000e-08  1.94996844e+00  3.21105000e-08  1.94995629e+00  3.21105000e-08  1.04742978e+00 
 3.21115000e-08  1.94996846e+00  3.21115000e-08  1.94996306e+00  3.21115000e-08  1.11236745e+00 
 3.21125000e-08  1.94996872e+00  3.21125000e-08  1.94995714e+00  3.21125000e-08  1.18481956e+00 
 3.22865000e-08  1.16357550e+00  3.22865000e-08  1.94999933e+00  3.22865000e-08  1.94999529e+00 
 3.22875000e-08  1.11144007e+00  3.22875000e-08  1.94999932e+00  3.22875000e-08  1.94998799e+00 
 3.22885000e-08  1.05960668e+00  3.22885000e-08  1.94999934e+00  3.22885000e-08  1.94999280e+00 
 3.22895000e-08  1.00800469e+00  3.22895000e-08  1.94999933e+00  3.22895000e-08  1.94998855e+00 
 3.22905000e-08  9.56571895e-01  3.22905000e-08  1.94999936e+00  3.22905000e-08  1.94999557e+00 
 3.22915000e-08  9.05255780e-01  3.22915000e-08  1.94999935e+00  3.22915000e-08  1.94998866e+00 
 3.26905000e-08  1.37235965e-06  3.26905000e-08  1.17486310e+00  3.26905000e-08  1.94994131e+00 
 3.26915000e-08  1.64141327e-06  3.26915000e-08  1.12067613e+00  3.26915000e-08  1.94993632e+00 
 3.26925000e-08  1.72267260e-06  3.26925000e-08  1.06583144e+00  3.26925000e-08  1.94993461e+00 
 3.26935000e-08  1.77772942e-06  3.26935000e-08  1.01033920e+00  3.26935000e-08  1.94993823e+00 
 3.26945000e-08  1.48010888e-06  3.26945000e-08  9.54203830e-01  3.26945000e-08  1.94994814e+00 
 3.26955000e-08  7.07354078e-07  3.26955000e-08  8.97448245e-01  3.26955000e-08  1.94996508e+00 
 3.28725000e-08  9.25976432e-01  3.28725000e-08  1.10478524e-04  3.28725000e-08  1.94995997e+00 
 3.28735000e-08  9.66957056e-01  3.28735000e-08  1.06607321e-04  3.28735000e-08  1.94996181e+00 
 3.28745000e-08  1.00742730e+00  3.28745000e-08  1.04990545e-04  3.28745000e-08  1.94996225e+00 
 3.28755000e-08  1.04743419e+00  3.28755000e-08  1.01283051e-04  3.28755000e-08  1.94996400e+00 
 3.28765000e-08  1.08705808e+00  3.28765000e-08  9.97777451e-05  3.28765000e-08  1.94996439e+00 
 3.28775000e-08  1.12640921e+00  3.28775000e-08  9.62263657e-05  3.28775000e-08  1.94996607e+00 
 3.31105000e-08  1.94994221e+00  3.31105000e-08  8.25304976e-01  3.31105000e-08  1.95007568e+00 
 3.31115000e-08  1.94994219e+00  3.31115000e-08  9.07987056e-01  3.31115000e-08  1.94994264e+00 
 3.31125000e-08  1.94994301e+00  3.31125000e-08  9.88663475e-01  3.31125000e-08  1.94980408e+00 
 3.31135000e-08  1.94994298e+00  3.31135000e-08  1.06723863e+00  3.31135000e-08  1.94964806e+00 
 3.31145000e-08  1.94994378e+00  3.31145000e-08  1.14373811e+00  3.31145000e-08  1.94948976e+00 
 3.31155000e-08  1.94994375e+00  3.31155000e-08  1.21842099e+00  3.31155000e-08  1.94934520e+00 
 3.32445000e-08  1.94996943e+00  3.32445000e-08  1.94999686e+00  3.32445000e-08  1.14746316e+00 
 3.32455000e-08  1.94996950e+00  3.32455000e-08  1.95002958e+00  3.32455000e-08  1.08987951e+00 
 3.32465000e-08  1.94996982e+00  3.32465000e-08  1.95005914e+00  3.32465000e-08  1.03200220e+00 
 3.32475000e-08  1.94996986e+00  3.32475000e-08  1.95008085e+00  3.32475000e-08  9.73752410e-01 
 3.32485000e-08  1.94997003e+00  3.32485000e-08  1.95009751e+00  3.32485000e-08  9.14913896e-01 
 3.32495000e-08  1.94996990e+00  3.32495000e-08  1.95010666e+00  3.32495000e-08  8.55461783e-01 
 3.34085000e-08  1.16592494e+00  3.34085000e-08  1.94999926e+00  3.34085000e-08  1.25418904e-04 
 3.34095000e-08  1.11377594e+00  3.34095000e-08  1.94999930e+00  3.34095000e-08  1.18112094e-04 
 3.34105000e-08  1.06192933e+00  3.34105000e-08  1.94999927e+00  3.34105000e-08  1.17647384e-04 
 3.34115000e-08  1.01031938e+00  3.34115000e-08  1.94999931e+00  3.34115000e-08  1.10648435e-04 
 3.34125000e-08  9.58879294e-01  3.34125000e-08  1.94999928e+00  3.34125000e-08  1.10358407e-04 
 3.34135000e-08  9.07559574e-01  3.34135000e-08  1.94999932e+00  3.34135000e-08  1.03650955e-04 
 3.38125000e-08  1.36960767e-06  3.38125000e-08  1.17739167e+00  3.38125000e-08 -2.99787588e-06 
 3.38135000e-08  1.63017641e-06  3.38135000e-08  1.12323202e+00  3.38135000e-08 -2.47117409e-06 
 3.38145000e-08  1.72910709e-06  3.38145000e-08  1.06841703e+00  3.38145000e-08 -9.75888903e-07 
 3.38155000e-08  1.76769149e-06  3.38155000e-08  1.01295196e+00  3.38155000e-08  9.15746710e-07 
 3.38165000e-08  1.50640846e-06  3.38165000e-08  9.56845867e-01  3.38165000e-08  3.33149510e-06 
 3.38175000e-08  7.36070000e-07  3.38175000e-08  9.00116937e-01  3.38175000e-08  5.94570205e-06 
 3.39945000e-08  9.24293004e-01  3.39945000e-08  1.25612321e-04  3.39945000e-08  3.52626537e-06 
 3.39955000e-08  9.65295626e-01  3.39955000e-08  1.21232661e-04  3.39955000e-08  2.30333723e-06 
 3.39965000e-08  1.00578649e+00  3.39965000e-08  1.19269157e-04  3.39965000e-08  3.36027201e-06 
 3.39975000e-08  1.04581170e+00  3.39975000e-08  1.15080572e-04  3.39975000e-08  2.15071057e-06 
 3.39985000e-08  1.08545046e+00  3.39985000e-08  1.13256368e-04  3.39985000e-08  3.20244885e-06 
 3.39995000e-08  1.12481146e+00  3.39995000e-08  1.09249541e-04  3.39995000e-08  1.97607744e-06 
 3.42325000e-08  1.94994221e+00  3.42325000e-08  8.19683084e-01  3.42325000e-08 -6.44913116e-05 
 3.42335000e-08  1.94994217e+00  3.42335000e-08  9.02488818e-01  3.42335000e-08 -1.15753371e-04 
 3.42345000e-08  1.94994300e+00  3.42345000e-08  9.83466761e-01  3.42345000e-08 -1.55817237e-04 
 3.42355000e-08  1.94994295e+00  3.42355000e-08  1.06254061e+00  3.42355000e-08 -1.79529006e-04 
 3.42365000e-08  1.94994377e+00  3.42365000e-08  1.13972875e+00  3.42365000e-08 -1.96978164e-04 
 3.42375000e-08  1.94994372e+00  3.42375000e-08  1.21520270e+00  3.42375000e-08 -2.16356487e-04 
 3.43515000e-08  1.94996791e+00  3.43515000e-08  1.94993799e+00  3.43515000e-08  8.60402795e-01 
 3.43525000e-08  1.94996817e+00  3.43525000e-08  1.94994422e+00  3.43525000e-08  9.21486491e-01 
 3.43535000e-08  1.94996816e+00  3.43535000e-08  1.94995011e+00  3.43535000e-08  9.81365591e-01 
 3.43545000e-08  1.94996844e+00  3.43545000e-08  1.94995587e+00  3.43545000e-08  1.04155322e+00 
 3.43555000e-08  1.94996844e+00  3.43555000e-08  1.94996257e+00  3.43555000e-08  1.10588428e+00 
 3.43565000e-08  1.94996871e+00  3.43565000e-08  1.94995769e+00  3.43565000e-08  1.17782892e+00 
 3.45305000e-08  1.16859588e+00  3.45305000e-08  1.94999930e+00  3.45305000e-08  1.94999667e+00 
 3.45315000e-08  1.11643134e+00  3.45315000e-08  1.94999935e+00  3.45315000e-08  1.94999154e+00 
 3.45325000e-08  1.06456955e+00  3.45325000e-08  1.94999931e+00  3.45325000e-08  1.94999475e+00 
 3.45335000e-08  1.01295037e+00  3.45335000e-08  1.94999936e+00  3.45335000e-08  1.94999180e+00 
 3.45345000e-08  9.61501890e-01  3.45345000e-08  1.94999933e+00  3.45345000e-08  1.94999662e+00 
 3.45355000e-08  9.10177978e-01  3.45355000e-08  1.94999938e+00  3.45355000e-08  1.94999177e+00 
 3.49345000e-08  1.36571937e-06  3.49345000e-08  1.18019821e+00  3.49345000e-08  1.94994188e+00 
 3.49355000e-08  1.61583822e-06  3.49355000e-08  1.12607369e+00  3.49355000e-08  1.94993674e+00 
 3.49365000e-08  1.73658034e-06  3.49365000e-08  1.07129630e+00  3.49365000e-08  1.94993452e+00 
 3.49375000e-08  1.75505198e-06  3.49375000e-08  1.01586575e+00  3.49375000e-08  1.94993765e+00 
 3.49385000e-08  1.54053809e-06  3.49385000e-08  9.59795512e-01  3.49385000e-08  1.94994681e+00 
 3.49395000e-08  7.74801609e-07  3.49395000e-08  9.03098434e-01  3.49395000e-08  1.94996314e+00 
 3.51165000e-08  9.22241250e-01  3.51165000e-08  1.10612069e-04  3.51165000e-08  1.94995970e+00 
 3.51175000e-08  9.63270015e-01  3.51175000e-08  1.07023138e-04  3.51175000e-08  1.94996185e+00 
 3.51185000e-08  1.00378475e+00  3.51185000e-08  1.05112995e-04  3.51185000e-08  1.94996199e+00 
 3.51195000e-08  1.04383088e+00  3.51195000e-08  1.01682436e-04  3.51195000e-08  1.94996405e+00 
 3.51205000e-08  1.08348507e+00  3.51205000e-08  9.98896612e-05  3.51205000e-08  1.94996414e+00 
 3.51215000e-08  1.12285516e+00  3.51215000e-08  9.66100032e-05  3.51215000e-08  1.94996612e+00 
 3.53545000e-08  1.94994218e+00  3.53545000e-08  8.17366814e-01  3.53545000e-08  1.95008750e+00 
 3.53555000e-08  1.94994212e+00  3.53555000e-08  9.00233140e-01  3.53555000e-08  1.94995474e+00 
 3.53565000e-08  1.94994298e+00  3.53565000e-08  9.81109821e-01  3.53565000e-08  1.94981796e+00 
 3.53575000e-08  1.94994292e+00  3.53575000e-08  1.05988360e+00  3.53575000e-08  1.94966344e+00 
 3.53585000e-08  1.94994377e+00  3.53585000e-08  1.13656318e+00  3.53585000e-08  1.94950457e+00 
 3.53595000e-08  1.94994371e+00  3.53595000e-08  1.21139246e+00  3.53595000e-08  1.94936044e+00 
 3.54885000e-08  1.94996943e+00  3.54885000e-08  1.94999396e+00  3.54885000e-08  1.15293429e+00 
 3.54895000e-08  1.94996948e+00  3.54895000e-08  1.95002662e+00  3.54895000e-08  1.09536394e+00 
 3.54905000e-08  1.94996981e+00  3.54905000e-08  1.95005649e+00  3.54905000e-08  1.03751956e+00 
 3.54915000e-08  1.94996984e+00  3.54915000e-08  1.95007911e+00  3.54915000e-08  9.79313705e-01 
 3.54925000e-08  1.94997004e+00  3.54925000e-08  1.95009612e+00  3.54925000e-08  9.20534125e-01 
 3.54935000e-08  1.94996988e+00  3.54935000e-08  1.95010606e+00  3.54935000e-08  8.61145249e-01 
 3.56525000e-08  1.17115411e+00  3.56525000e-08  1.94999920e+00  3.56525000e-08  1.25277432e-04 
 3.56535000e-08  1.11897459e+00  3.56535000e-08  1.94999933e+00  3.56535000e-08  1.18991202e-04 
 3.56545000e-08  1.06709811e+00  3.56545000e-08  1.94999921e+00  3.56545000e-08  1.17486800e-04 
 3.56555000e-08  1.01546992e+00  3.56555000e-08  1.94999934e+00  3.56555000e-08  1.11502619e-04 
 3.56565000e-08  9.64013285e-01  3.56565000e-08  1.94999923e+00  3.56565000e-08  1.10179850e-04 
 3.56575000e-08  9.12685271e-01  3.56575000e-08  1.94999935e+00  3.56575000e-08  1.04481244e-04 
 3.60565000e-08  1.36245492e-06  3.60565000e-08  1.18267674e+00  3.60565000e-08 -3.13056767e-06 
 3.60575000e-08  1.60207094e-06  3.60575000e-08  1.12857907e+00  3.60575000e-08 -2.45999815e-06 
 3.60585000e-08  1.74263090e-06  3.60585000e-08  1.07383075e+00  3.60585000e-08 -1.25203498e-06 
 3.60595000e-08  1.74292633e-06  3.60595000e-08  1.01842687e+00  3.60595000e-08  8.91207170e-07 
 3.60605000e-08  1.57006591e-06  3.60605000e-08  9.62385304e-01  3.60605000e-08  3.11232401e-06 
 3.60615000e-08  8.07617664e-07  3.60615000e-08  9.05714440e-01  3.60615000e-08  5.78981498e-06 
 3.62385000e-08  9.20357038e-01  3.62385000e-08  1.25828734e-04  3.62385000e-08  3.37797614e-06 
 3.62395000e-08  9.61410392e-01  3.62395000e-08  1.21647832e-04  3.62395000e-08  2.46780329e-06 
 3.62405000e-08  1.00194775e+00  3.62405000e-08  1.19470969e-04  3.62405000e-08  3.21290554e-06 
 3.62415000e-08  1.04201387e+00  3.62415000e-08  1.15476741e-04  3.62415000e-08  2.31274061e-06 
 3.62425000e-08  1.08168372e+00  3.62425000e-08  1.13442760e-04  3.62425000e-08  3.05530019e-06 
 3.62435000e-08  1.12106376e+00  3.62435000e-08  1.09629294e-04  3.62435000e-08  2.16732479e-06 
 3.64765000e-08  1.94994219e+00  3.64765000e-08  8.11587734e-01  3.64765000e-08 -5.93475669e-05 
 3.64775000e-08  1.94994211e+00  3.64775000e-08  8.94560179e-01  3.64775000e-08 -1.11248935e-04 
 3.64785000e-08  1.94994298e+00  3.64785000e-08  9.75721499e-01  3.64785000e-08 -1.52535851e-04 
 3.64795000e-08  1.94994290e+00  3.64795000e-08  1.05497982e+00  3.64795000e-08 -1.77834133e-04 
 3.64805000e-08  1.94994375e+00  3.64805000e-08  1.13234529e+00  3.64805000e-08 -1.96022319e-04 
 3.64815000e-08  1.94994367e+00  3.64815000e-08  1.20797620e+00  3.64815000e-08 -2.13055391e-04 
 3.65955000e-08  1.94996789e+00  3.65955000e-08  1.94993765e+00  3.65955000e-08  8.54452708e-01 
 3.65965000e-08  1.94996817e+00  3.65965000e-08  1.94994357e+00  3.65965000e-08  9.15687876e-01 
 3.65975000e-08  1.94996814e+00  3.65975000e-08  1.94994956e+00  3.65975000e-08  9.75644906e-01 
 3.65985000e-08  1.94996844e+00  3.65985000e-08  1.94995545e+00  3.65985000e-08  1.03565745e+00 
 3.65995000e-08  1.94996842e+00  3.65995000e-08  1.94996191e+00  3.65995000e-08  1.09942399e+00 
 3.66005000e-08  1.94996871e+00  3.66005000e-08  1.94995847e+00  3.66005000e-08  1.17075264e+00 
 3.67745000e-08  1.17360611e+00  3.67745000e-08  1.94999930e+00  3.67745000e-08  1.94999721e+00 
 3.67755000e-08  1.12141219e+00  3.67755000e-08  1.94999935e+00  3.67755000e-08  1.94999549e+00 
 3.67765000e-08  1.06952148e+00  3.67765000e-08  1.94999931e+00  3.67765000e-08  1.94999782e+00 
 3.67775000e-08  1.01788453e+00  3.67775000e-08  1.94999936e+00  3.67775000e-08  1.94999514e+00 
 3.67785000e-08  9.66419973e-01  3.67785000e-08  1.94999933e+00  3.67785000e-08  1.94999665e+00 
 3.67795000e-08  9.15087970e-01  3.67795000e-08  1.94999938e+00  3.67795000e-08  1.94999522e+00 
 3.71785000e-08  1.35772046e-06  3.71785000e-08  1.18531643e+00  3.71785000e-08  1.94994245e+00 
 3.71795000e-08  1.58572800e-06  3.71795000e-08  1.13125199e+00  3.71795000e-08  1.94993716e+00 
 3.71805000e-08  1.74806685e-06  3.71805000e-08  1.07653922e+00  3.71805000e-08  1.94993451e+00 
 3.71815000e-08  1.73007597e-06  3.71815000e-08  1.02116804e+00  3.71815000e-08  1.94993713e+00 
 3.71825000e-08  1.60287317e-06  3.71825000e-08  9.65160455e-01  3.71825000e-08  1.94994562e+00 
 3.71835000e-08  8.43436883e-07  3.71835000e-08  9.08519814e-01  3.71835000e-08  1.94996132e+00 
 3.73605000e-08  9.18132484e-01  3.73605000e-08  1.10750404e-04  3.73605000e-08  1.94995963e+00 
 3.73615000e-08  9.59214301e-01  3.73615000e-08  1.07408308e-04  3.73615000e-08  1.94996170e+00 
 3.73625000e-08  9.99778453e-01  3.73625000e-08  1.05240575e-04  3.73625000e-08  1.94996192e+00 
 3.73635000e-08  1.03986830e+00  3.73635000e-08  1.02052023e-04  3.73635000e-08  1.94996390e+00 
 3.73645000e-08  1.07955685e+00  3.73645000e-08  1.00007102e-04  3.73645000e-08  1.94996408e+00 
 3.73655000e-08  1.11894891e+00  3.73655000e-08  9.69647678e-05  3.73655000e-08  1.94996598e+00 
 3.75985000e-08  1.94994215e+00  3.75985000e-08  8.08976873e-01  3.75985000e-08  1.95009948e+00 
 3.75995000e-08  1.94994205e+00  3.75995000e-08  8.92028975e-01  3.75995000e-08  1.94996731e+00 
 3.76005000e-08  1.94994295e+00  3.76005000e-08  9.73113066e-01  3.76005000e-08  1.94983253e+00 
 3.76015000e-08  1.94994285e+00  3.76015000e-08  1.05210615e+00  3.76015000e-08  1.94967954e+00 
 3.76025000e-08  1.94994375e+00  3.76025000e-08  1.12899929e+00  3.76025000e-08  1.94952002e+00 
 3.76035000e-08  1.94994366e+00  3.76035000e-08  1.20398088e+00  3.76035000e-08  1.94937542e+00 
 3.77325000e-08  1.94996942e+00  3.77325000e-08  1.94999094e+00  3.77325000e-08  1.15874545e+00 
 3.77335000e-08  1.94996945e+00  3.77335000e-08  1.95002338e+00  3.77335000e-08  1.10118474e+00 
 3.77345000e-08  1.94996980e+00  3.77345000e-08  1.95005368e+00  3.77345000e-08  1.04337678e+00 
 3.77355000e-08  1.94996982e+00  3.77355000e-08  1.95007714e+00  3.77355000e-08  9.85213607e-01 
 3.77365000e-08  1.94997005e+00  3.77365000e-08  1.95009465e+00  3.77365000e-08  9.26498339e-01 
 3.77375000e-08  1.94996988e+00  3.77375000e-08  1.95010536e+00  3.77375000e-08  8.67173697e-01 
 3.78965000e-08  1.17606941e+00  3.78965000e-08  1.94999919e+00  3.78965000e-08  1.25518970e-04 
 3.78975000e-08  1.12386149e+00  3.78975000e-08  1.94999938e+00  3.78975000e-08  1.19556185e-04 
 3.78985000e-08  1.07195682e+00  3.78985000e-08  1.94999920e+00  3.78985000e-08  1.17699725e-04 
 3.78995000e-08  1.02031141e+00  3.78995000e-08  1.94999938e+00  3.78995000e-08  1.12044868e-04 
 3.79005000e-08  9.68839206e-01  3.79005000e-08  1.94999921e+00  3.79005000e-08  1.10366008e-04 
 3.79015000e-08  9.17503445e-01  3.79015000e-08  1.94999939e+00  3.79015000e-08  1.05002257e-04 
 3.83005000e-08  1.35860522e-06  3.83005000e-08  1.18805812e+00  3.83005000e-08 -3.23908781e-06 
 3.83015000e-08  1.57661876e-06  3.83015000e-08  1.13402376e+00  3.83015000e-08 -2.45780258e-06 
 3.83025000e-08  1.74827894e-06  3.83025000e-08  1.07934339e+00  3.83025000e-08 -1.50515437e-06 
 3.83035000e-08  1.71874509e-06  3.83035000e-08  1.02400198e+00  3.83035000e-08  6.77092582e-07 
 3.83045000e-08  1.62339886e-06  3.83045000e-08  9.68026316e-01  3.83045000e-08  2.68012468e-06 
 3.83055000e-08  8.73400795e-07  3.83055000e-08  9.11414876e-01  3.83055000e-08  5.55594639e-06 
 3.84825000e-08  9.16405825e-01  3.84825000e-08  1.26043749e-04  3.84825000e-08  3.22693919e-06 
 3.84835000e-08  9.57509976e-01  3.84835000e-08  1.22070257e-04  3.84835000e-08  2.63353176e-06 
 3.84845000e-08  9.98095019e-01  3.84845000e-08  1.19669135e-04  3.84845000e-08  3.06218912e-06 
 3.84855000e-08  1.03820342e+00  3.84855000e-08  1.15881655e-04  3.84855000e-08  2.47687255e-06 
 3.84865000e-08  1.07790788e+00  3.84865000e-08  1.13628170e-04  3.84865000e-08  2.90694776e-06 
 3.84875000e-08  1.11731081e+00  3.84875000e-08  1.10017013e-04  3.84875000e-08  2.32958124e-06 
 3.87205000e-08  1.94994216e+00  3.87205000e-08  8.03389134e-01  3.87205000e-08 -5.42531066e-05 
 3.87215000e-08  1.94994205e+00  3.87215000e-08  8.86527593e-01  3.87215000e-08 -1.06565655e-04 
 3.87225000e-08  1.94994296e+00  3.87225000e-08  9.67873810e-01  3.87225000e-08 -1.49077305e-04 
 3.87235000e-08  1.94994284e+00  3.87235000e-08  1.04731813e+00  3.87235000e-08 -1.75865511e-04 
 3.87245000e-08  1.94994373e+00  3.87245000e-08  1.12486529e+00  3.87245000e-08 -1.94661381e-04 
 3.87255000e-08  1.94994361e+00  3.87255000e-08  1.20064217e+00  3.87255000e-08 -2.10227392e-04 
 3.88395000e-08  1.94996787e+00  3.88395000e-08  1.94993740e+00  3.88395000e-08  8.48398666e-01 
 3.88405000e-08  1.94996817e+00  3.88405000e-08  1.94994292e+00  3.88405000e-08  9.09791553e-01 
 3.88415000e-08  1.94996812e+00  3.88415000e-08  1.94994898e+00  3.88415000e-08  9.69838398e-01 
 3.88425000e-08  1.94996843e+00  3.88425000e-08  1.94995498e+00  3.88425000e-08  1.02971927e+00 
 3.88435000e-08  1.94996839e+00  3.88435000e-08  1.94996112e+00  3.88435000e-08  1.09296760e+00 
 3.88445000e-08  1.94996870e+00  3.88445000e-08  1.94995943e+00  3.88445000e-08  1.16357792e+00 
 3.90185000e-08  1.17857512e+00  3.90185000e-08  1.94999929e+00  3.90185000e-08  1.94999802e+00 
 3.90195000e-08  1.12635185e+00  3.90195000e-08  1.94999935e+00  3.90195000e-08  1.94999821e+00 
 3.90205000e-08  1.07443190e+00  3.90205000e-08  1.94999931e+00  3.90205000e-08  1.94999810e+00 
 3.90215000e-08  1.02277675e+00  3.90215000e-08  1.94999936e+00  3.90215000e-08  1.94999829e+00 
 3.90225000e-08  9.71295780e-01  3.90225000e-08  1.94999932e+00  3.90225000e-08  1.94999823e+00 
 3.90235000e-08  9.19955480e-01  3.90235000e-08  1.94999938e+00  3.90235000e-08  1.94999843e+00 
 3.94235000e-08  1.56864133e-06  3.94235000e-08  1.13672517e+00  3.94235000e-08  1.94993761e+00 
 3.94245000e-08  1.75029616e-06  3.94245000e-08  1.08208077e+00  3.94245000e-08  1.94993456e+00 
 3.94255000e-08  1.71464629e-06  3.94255000e-08  1.02677247e+00  3.94255000e-08  1.94993662e+00 
 3.94265000e-08  1.65252289e-06  3.94265000e-08  9.70831285e-01  3.94265000e-08  1.94994444e+00 
 3.94275000e-08  9.18809567e-07  3.94275000e-08  9.14250598e-01  3.94275000e-08  1.94995944e+00 
 3.94285000e-08  9.62657861e-08  3.94285000e-08  8.57074170e-01  3.94285000e-08  1.94998108e+00 
 3.96045000e-08  9.14347145e-01  3.96045000e-08  1.10896201e-04  3.96045000e-08  1.94995958e+00 
 3.96055000e-08  9.55477958e-01  3.96055000e-08  1.07822567e-04  3.96055000e-08  1.94996151e+00 
 3.96065000e-08  9.96087990e-01  3.96065000e-08  1.05375104e-04  3.96065000e-08  1.94996188e+00 
 3.96075000e-08  1.03621864e+00  3.96075000e-08  1.02449414e-04  3.96075000e-08  1.94996373e+00 
 3.96085000e-08  1.07593916e+00  3.96085000e-08  1.00130972e-04  3.96085000e-08  1.94996404e+00 
 3.96095000e-08  1.11535096e+00  3.96095000e-08  9.73460612e-05  3.96095000e-08  1.94996581e+00 
 3.98425000e-08  1.94994213e+00  3.98425000e-08  8.01319396e-01  3.98425000e-08  1.95010989e+00 
 3.98435000e-08  1.94994200e+00  3.98435000e-08  8.84537952e-01  3.98435000e-08  1.94997854e+00 
 3.98445000e-08  1.94994294e+00  3.98445000e-08  9.65810265e-01  3.98445000e-08  1.94984574e+00 
 3.98455000e-08  1.94994281e+00  3.98455000e-08  1.04499403e+00  3.98455000e-08  1.94969428e+00 
 3.98465000e-08  1.94994373e+00  3.98465000e-08  1.12207529e+00  3.98465000e-08  1.94953471e+00 
 3.98475000e-08  1.94994360e+00  3.98475000e-08  1.19721505e+00  3.98475000e-08  1.94939006e+00 
 3.99765000e-08  1.94996941e+00  3.99765000e-08  1.94998828e+00  3.99765000e-08  1.16388581e+00 
 3.99775000e-08  1.94996942e+00  3.99775000e-08  1.95002043e+00  3.99775000e-08  1.10633239e+00 
 3.99785000e-08  1.94996979e+00  3.99785000e-08  1.95005118e+00  3.99785000e-08  1.04855533e+00 
 3.99795000e-08  1.94996980e+00  3.99795000e-08  1.95007530e+00  3.99795000e-08  9.90428806e-01 
 3.99805000e-08  1.94997005e+00  3.99805000e-08  1.95009334e+00  3.99805000e-08  9.31769687e-01 
 3.99815000e-08  1.94996988e+00  3.99815000e-08  1.95010464e+00  3.99815000e-08  8.72501480e-01 
 4.01405000e-08  1.17999368e+00  4.01405000e-08  1.94999918e+00  4.01405000e-08  1.25581282e-04 
 4.01415000e-08  1.12776311e+00  4.01415000e-08  1.94999939e+00  4.01415000e-08  1.20213845e-04 
 4.01425000e-08  1.07583575e+00  4.01425000e-08  1.94999919e+00  4.01425000e-08  1.17740867e-04 
 4.01435000e-08  1.02417634e+00  4.01435000e-08  1.94999940e+00  4.01435000e-08  1.12677703e-04 
 4.01445000e-08  9.72691535e-01  4.01445000e-08  1.94999920e+00  4.01445000e-08  1.10387616e-04 
 4.01455000e-08  9.21349620e-01  4.01455000e-08  1.94999940e+00  4.01455000e-08  1.05611767e-04 
 4.05455000e-08  1.56979793e-06  4.05455000e-08  1.13816960e+00  4.05455000e-08 -2.44890091e-06 
 4.05465000e-08  1.75261440e-06  4.05465000e-08  1.08354102e+00  4.05465000e-08 -1.69348695e-06 
 4.05475000e-08  1.71583202e-06  4.05475000e-08  1.02824728e+00  4.05475000e-08  5.85705337e-07 
 4.05485000e-08  1.66074898e-06  4.05485000e-08  9.72321931e-01  4.05485000e-08  2.43722750e-06 
 4.05495000e-08  9.31438996e-07  4.05495000e-08  9.15755961e-01  4.05495000e-08  5.40287430e-06 
 4.05505000e-08  1.07644748e-07  4.05505000e-08  8.58595438e-01  4.05505000e-08  7.77700832e-06 
 4.07265000e-08  9.13784512e-01  4.07265000e-08  1.26185563e-04  4.07265000e-08  3.08865525e-06 
 4.07275000e-08  9.54922575e-01  4.07275000e-08  1.22419649e-04  4.07275000e-08  2.78352659e-06 
 4.07285000e-08  9.95539413e-01  4.07285000e-08  1.19800190e-04  4.07285000e-08  2.92522044e-06 
 4.07295000e-08  1.03567614e+00  4.07295000e-08  1.16216421e-04  4.07295000e-08  2.62509081e-06 
 4.07305000e-08  1.07540166e+00  4.07305000e-08  1.13749731e-04  4.07305000e-08  2.77154642e-06 
 4.07315000e-08  1.11481706e+00  4.07315000e-08  1.10338051e-04  4.07315000e-08  2.47607624e-06 
 4.09645000e-08  1.94994214e+00  4.09645000e-08  7.98186836e-01  4.09645000e-08 -5.11028545e-05 
 4.09655000e-08  1.94994201e+00  4.09655000e-08  8.81429004e-01  4.09655000e-08 -1.03524852e-04 
 4.09665000e-08  1.94994294e+00  4.09665000e-08  9.62892153e-01  4.09665000e-08 -1.46823352e-04 
 4.09675000e-08  1.94994280e+00  4.09675000e-08  1.04245412e+00  4.09675000e-08 -1.74563929e-04 
 4.09685000e-08  1.94994371e+00  4.09685000e-08  1.12011736e+00  4.09685000e-08 -1.93813276e-04 
 4.09695000e-08  1.94994357e+00  4.09695000e-08  1.19599634e+00  4.09695000e-08 -2.08766509e-04 
 4.10845000e-08  1.94996816e+00  4.10845000e-08  1.94994253e+00  4.10845000e-08  9.06056138e-01 
 4.10855000e-08  1.94996810e+00  4.10855000e-08  1.94994860e+00  4.10855000e-08  9.66164325e-01 
 4.10865000e-08  1.94996843e+00  4.10865000e-08  1.94995468e+00  4.10865000e-08  1.02598401e+00 
 4.10875000e-08  1.94996838e+00  4.10875000e-08  1.94996055e+00  4.10875000e-08  1.08893114e+00 
 4.10885000e-08  1.94996870e+00  4.10885000e-08  1.94996012e+00  4.10885000e-08  1.15904842e+00 
 4.10895000e-08  1.94996867e+00  4.10895000e-08  1.94995647e+00  4.10895000e-08  1.23239463e+00 
 4.12625000e-08  1.18193709e+00  4.12625000e-08  1.94999929e+00  4.12625000e-08  1.94999631e+00 
 4.12635000e-08  1.12969388e+00  4.12635000e-08  1.94999935e+00  4.12635000e-08  1.94999740e+00 
 4.12645000e-08  1.07775383e+00  4.12645000e-08  1.94999931e+00  4.12645000e-08  1.94999620e+00 
 4.12655000e-08  1.02608605e+00  4.12655000e-08  1.94999936e+00  4.12655000e-08  1.94999801e+00 
 4.12665000e-08  9.74593722e-01  4.12665000e-08  1.94999932e+00  4.12665000e-08  1.94999677e+00 
 4.12675000e-08  9.23247655e-01  4.12675000e-08  1.94999938e+00  4.12675000e-08  1.94999848e+00 
 4.16675000e-08  1.56208904e-06  4.16675000e-08  1.14007561e+00  4.16675000e-08  1.94993790e+00 
 4.16685000e-08  1.75268075e-06  4.16685000e-08  1.08547309e+00  4.16685000e-08  1.94993461e+00 
 4.16695000e-08  1.70998659e-06  4.16695000e-08  1.03020336e+00  4.16695000e-08  1.94993634e+00 
 4.16705000e-08  1.68453334e-06  4.16705000e-08  9.74302920e-01  4.16705000e-08  1.94994375e+00 
 4.16715000e-08  9.69291411e-07  4.16715000e-08  9.17759092e-01  4.16715000e-08  1.94995833e+00 
 4.16725000e-08  1.45184308e-07  4.16725000e-08  8.60620518e-01  4.16725000e-08  1.94997953e+00 
 4.18485000e-08  9.11993670e-01  4.18485000e-08  1.10956941e-04  4.18485000e-08  1.94995953e+00 
 4.18495000e-08  9.53155042e-01  4.18495000e-08  1.08105425e-04  4.18495000e-08  1.94996142e+00 
 4.18505000e-08  9.93793587e-01  4.18505000e-08  1.05429400e-04  4.18505000e-08  1.94996183e+00 
 4.18515000e-08  1.03394991e+00  4.18515000e-08  1.02721467e-04  4.18515000e-08  1.94996364e+00 
 4.18525000e-08  1.07369140e+00  4.18525000e-08  1.00179186e-04  4.18525000e-08  1.94996400e+00 
 4.18535000e-08  1.11311857e+00  4.18535000e-08  9.76077908e-05  4.18535000e-08  1.94996573e+00 
 4.20000000e-08  1.94972640e+00  4.20000000e-08 -3.58453792e-05  4.20000000e-08  1.94999909e+00 
