 time            v(b_out)        time            v(u_puf_u_core_sel_ro) time            v(q)           
 0.00000000e+00  4.68653885e-09  0.00000000e+00  2.46749737e-09  0.00000000e+00  2.46749746e-09 
 2.57750000e-09  9.09171638e-01  2.57750000e-09 -5.33492702e-08  2.57750000e-09  2.46875598e-09 
 2.57850000e-09  9.50769299e-01  2.57850000e-09 -5.55278500e-08  2.57850000e-09  2.48327198e-09 
 2.57950000e-09  9.91978963e-01  2.57950000e-09 -5.05314606e-08  2.57950000e-09  2.49105508e-09 
 2.58050000e-09  1.03280736e+00  2.58050000e-09 -3.86097373e-08  2.58050000e-09  2.49490417e-09 
 2.58150000e-09  1.07326699e+00  2.58150000e-09 -2.00235871e-08  2.58150000e-09  2.49636012e-09 
 2.58250000e-09  1.11335669e+00  2.58250000e-09 -1.10756498e-09  2.58250000e-09  2.48493764e-09 
 2.76650000e-09  1.94970328e+00  2.76650000e-09  8.89048254e-01  2.76650000e-09 -9.52515144e-05 
 2.76750000e-09  1.94971089e+00  2.76750000e-09  9.50417283e-01  2.76750000e-09 -1.17334352e-04 
 2.76850000e-09  1.94971746e+00  2.76850000e-09  1.01097678e+00  2.76850000e-09 -1.31701564e-04 
 2.76950000e-09  1.94972444e+00  2.76950000e-09  1.07071749e+00  2.76950000e-09 -1.39262260e-04 
 2.77050000e-09  1.94973044e+00  2.77050000e-09  1.12974990e+00  2.77050000e-09 -1.53520579e-04 
 2.77150000e-09  1.94973688e+00  2.77150000e-09  1.18831753e+00  2.77150000e-09 -1.68151970e-04 
 2.88650000e-09  1.94993028e+00  2.88650000e-09  1.94991624e+00  2.88650000e-09  8.58430978e-01 
 2.88750000e-09  1.94993088e+00  2.88750000e-09  1.94992303e+00  2.88750000e-09  9.19480122e-01 
 2.88850000e-09  1.94993121e+00  2.88850000e-09  1.94992988e+00  2.88850000e-09  9.79278205e-01 
 2.88950000e-09  1.94993180e+00  2.88950000e-09  1.94993645e+00  2.88950000e-09  1.03927877e+00 
 2.89050000e-09  1.94993212e+00  2.89050000e-09  1.94994385e+00  2.89050000e-09  1.10327199e+00 
 2.89150000e-09  1.94993270e+00  2.89150000e-09  1.94994178e+00  2.89150000e-09  1.17486255e+00 
 3.11450000e-09  1.13380113e+00  3.11450000e-09  1.94999905e+00  3.11450000e-09  1.94999790e+00 
 3.11550000e-09  1.08174458e+00  3.11550000e-09  1.94999909e+00  3.11550000e-09  1.94999953e+00 
 3.11650000e-09  1.02998897e+00  3.11650000e-09  1.94999903e+00  3.11650000e-09  1.94999819e+00 
 3.11750000e-09  9.78434971e-01  3.11750000e-09  1.94999907e+00  3.11750000e-09  1.94999976e+00 
 3.11850000e-09  9.27060217e-01  3.11850000e-09  1.94999901e+00  3.11850000e-09  1.94999802e+00 
 3.11950000e-09  8.75794684e-01  3.11950000e-09  1.94999905e+00  3.11950000e-09  1.94999919e+00 
 3.41250000e-09  3.14056550e-04  3.41250000e-09  1.13368260e+00  3.41250000e-09  1.94994179e+00 
 3.41350000e-09  3.07712228e-04  3.41350000e-09  1.08140236e+00  3.41350000e-09  1.94993886e+00 
 3.41450000e-09  3.01320296e-04  3.41450000e-09  1.02835312e+00  3.41450000e-09  1.94994065e+00 
 3.41550000e-09  2.95225704e-04  3.41550000e-09  9.74522271e-01  3.41550000e-09  1.94994780e+00 
 3.41650000e-09  2.89079464e-04  3.41650000e-09  9.19930761e-01  3.41650000e-09  1.94996158e+00 
 3.41750000e-09  2.83224454e-04  3.41750000e-09  8.64579250e-01  3.41750000e-09  1.94998157e+00 
 3.69950000e-09  9.07448437e-01  3.69950000e-09  1.17336831e-06  3.69950000e-09  1.94999763e+00 
 3.70050000e-09  9.49062815e-01  3.70050000e-09  1.24336492e-06  3.70050000e-09  1.94999801e+00 
 3.70150000e-09  9.90287892e-01  3.70150000e-09  1.14745242e-06  3.70150000e-09  1.94999773e+00 
 3.70250000e-09  1.03113194e+00  3.70250000e-09  1.22642576e-06  3.70250000e-09  1.94999810e+00 
 3.70350000e-09  1.07160652e+00  3.70350000e-09  1.13622242e-06  3.70350000e-09  1.94999783e+00 
 3.70450000e-09  1.11171179e+00  3.70450000e-09  1.21365922e-06  3.70450000e-09  1.94999820e+00 
 3.88750000e-09  1.94969572e+00  3.88750000e-09  8.52467821e-01  3.88750000e-09  1.94993582e+00 
 3.88850000e-09  1.94970299e+00  3.88850000e-09  9.14179571e-01  3.88850000e-09  1.94984247e+00 
 3.88950000e-09  1.94971055e+00  3.88950000e-09  9.75012834e-01  3.88950000e-09  1.94973419e+00 
 3.89050000e-09  1.94971718e+00  3.89050000e-09  1.03493549e+00  3.89050000e-09  1.94962474e+00 
 3.89150000e-09  1.94972412e+00  3.89150000e-09  1.09398629e+00  3.89150000e-09  1.94953012e+00 
 3.89250000e-09  1.94973018e+00  3.89250000e-09  1.15238339e+00  3.89250000e-09  1.94942263e+00 
 4.02250000e-09  1.94993635e+00  4.02250000e-09  1.94996612e+00  4.02250000e-09  1.17408492e+00 
 4.02350000e-09  1.94993685e+00  4.02350000e-09  1.94999368e+00  4.02350000e-09  1.11654706e+00 
 4.02450000e-09  1.94993714e+00  4.02450000e-09  1.95002015e+00  4.02450000e-09  1.05883344e+00 
 4.02550000e-09  1.94993763e+00  4.02550000e-09  1.95004566e+00  4.02550000e-09  1.00078340e+00 
 4.02650000e-09  1.94993791e+00  4.02650000e-09  1.95006371e+00  4.02650000e-09  9.42242830e-01 
 4.02750000e-09  1.94993839e+00  4.02750000e-09  1.95007865e+00  4.02750000e-09  8.83095603e-01 
 4.23650000e-09  1.13563802e+00  4.23650000e-09  1.94999889e+00  4.23650000e-09  2.43323334e-05 
 4.23750000e-09  1.08357028e+00  4.23750000e-09  1.94999911e+00  4.23750000e-09  2.48461537e-05 
 4.23850000e-09  1.03180706e+00  4.23850000e-09  1.94999888e+00  4.23850000e-09  2.26998762e-05 
 4.23950000e-09  9.80246391e-01  4.23950000e-09  1.94999909e+00  4.23950000e-09  2.32364014e-05 
 4.24050000e-09  9.28867736e-01  4.24050000e-09  1.94999886e+00  4.24050000e-09  2.13113647e-05 
 4.24150000e-09  8.77598269e-01  4.24150000e-09  1.94999907e+00  4.24150000e-09  2.19217192e-05 
 4.53450000e-09  3.14318931e-04  4.53450000e-09  1.13586438e+00  4.53450000e-09 -2.85551871e-06 
 4.53550000e-09  3.07982756e-04  4.53550000e-09  1.08361437e+00  4.53550000e-09 -1.06669490e-06 
 4.53650000e-09  3.01570257e-04  4.53650000e-09  1.03059697e+00  4.53650000e-09  2.17911498e-08 
 4.53750000e-09  2.95483456e-04  4.53750000e-09  9.76796653e-01  4.53750000e-09  2.63149106e-06 
 4.53850000e-09  2.89320080e-04  4.53850000e-09  9.22236947e-01  4.53850000e-09  4.47043599e-06 
 4.53950000e-09  2.83474116e-04  4.53950000e-09  8.66915930e-01  4.53950000e-09  7.60987717e-06 
 4.82150000e-09  9.06761381e-01  4.82150000e-09  2.12143997e-06  4.82150000e-09  3.25618341e-07 
 4.82250000e-09  9.48382409e-01  4.82250000e-09  2.02851845e-06  4.82250000e-09  1.83466837e-07 
 4.82350000e-09  9.89613688e-01  4.82350000e-09  2.05067678e-06  4.82350000e-09  3.03656295e-07 
 4.82450000e-09  1.03046395e+00  4.82450000e-09  1.96959386e-06  4.82450000e-09  1.30698479e-07 
 4.82550000e-09  1.07094453e+00  4.82550000e-09  1.99734472e-06  4.82550000e-09  3.08068963e-07 
 4.82650000e-09  1.11105589e+00  4.82650000e-09  1.91810214e-06  4.82650000e-09  1.65768510e-07 
 5.00950000e-09  1.94969558e+00  5.00950000e-09  8.50194681e-01  5.00950000e-09 -7.71814145e-05 
 5.01050000e-09  1.94970287e+00  5.01050000e-09  9.12043335e-01  5.01050000e-09 -1.06259839e-04 
 5.01150000e-09  1.94971043e+00  5.01150000e-09  9.73107221e-01  5.01150000e-09 -1.24411590e-04 
 5.01250000e-09  1.94971707e+00  5.01250000e-09  1.03335728e+00  5.01250000e-09 -1.35902710e-04 
 5.01350000e-09  1.94972401e+00  5.01350000e-09  1.09281299e+00  5.01350000e-09 -1.45212973e-04 
 5.01450000e-09  1.94973008e+00  5.01450000e-09  1.15163640e+00  5.01450000e-09 -1.59729001e-04 
 5.13050000e-09  1.94993027e+00  5.13050000e-09  1.94992307e+00  5.13050000e-09  8.92670440e-01 
 5.13150000e-09  1.94993084e+00  5.13150000e-09  1.94993103e+00  5.13150000e-09  9.53016245e-01 
 5.13250000e-09  1.94993120e+00  5.13250000e-09  1.94993627e+00  5.13250000e-09  1.01271678e+00 
 5.13350000e-09  1.94993176e+00  5.13350000e-09  1.94994307e+00  5.13350000e-09  1.07471833e+00 
 5.13450000e-09  1.94993211e+00  5.13450000e-09  1.94994673e+00  5.13450000e-09  1.14290497e+00 
 5.13550000e-09  1.94993266e+00  5.13550000e-09  1.94994367e+00  5.13550000e-09  1.21635176e+00 
 5.35850000e-09  1.13735942e+00  5.35850000e-09  1.94999900e+00  5.35850000e-09  1.94999278e+00 
 5.35950000e-09  1.08528012e+00  5.35950000e-09  1.94999915e+00  5.35950000e-09  1.94999595e+00 
 5.36050000e-09  1.03350858e+00  5.36050000e-09  1.94999899e+00  5.36050000e-09  1.94999340e+00 
 5.36150000e-09  9.81940449e-01  5.36150000e-09  1.94999913e+00  5.36150000e-09  1.94999777e+00 
 5.36250000e-09  9.30557057e-01  5.36250000e-09  1.94999897e+00  5.36250000e-09  1.94999364e+00 
 5.36350000e-09  8.79283025e-01  5.36350000e-09  1.94999911e+00  5.36350000e-09  1.94999667e+00 
 5.65650000e-09  3.14486026e-04  5.65650000e-09  1.13722667e+00  5.65650000e-09  1.94994189e+00 
 5.65750000e-09  3.08160505e-04  5.65750000e-09  1.08499822e+00  5.65750000e-09  1.94993913e+00 
 5.65850000e-09  3.01733634e-04  5.65850000e-09  1.03200324e+00  5.65850000e-09  1.94994016e+00 
 5.65950000e-09  2.95656553e-04  5.65950000e-09  9.78224048e-01  5.65950000e-09  1.94994731e+00 
 5.66050000e-09  2.89475530e-04  5.66050000e-09  9.23685675e-01  5.66050000e-09  1.94996023e+00 
 5.66150000e-09  2.83638017e-04  5.66150000e-09  8.68384152e-01  5.66150000e-09  1.94998019e+00 
 5.94350000e-09  9.04348030e-01  5.94350000e-09  1.15419436e-06  5.94350000e-09  1.94999771e+00 
 5.94450000e-09  9.45992477e-01  5.94450000e-09  1.26495279e-06  5.94450000e-09  1.94999791e+00 
 5.94550000e-09  9.87245586e-01  5.94550000e-09  1.12765467e-06  5.94550000e-09  1.94999782e+00 
 5.94650000e-09  1.02811772e+00  5.94650000e-09  1.24691974e-06  5.94650000e-09  1.94999801e+00 
 5.94750000e-09  1.06861934e+00  5.94750000e-09  1.11653510e-06  5.94750000e-09  1.94999792e+00 
 5.94850000e-09  1.10875213e+00  5.94850000e-09  1.23390740e-06  5.94850000e-09  1.94999811e+00 
 6.13150000e-09  1.94969510e+00  6.13150000e-09  8.47844316e-01  6.13150000e-09  1.94994199e+00 
 6.13250000e-09  1.94970248e+00  6.13250000e-09  9.09618524e-01  6.13250000e-09  1.94984996e+00 
 6.13350000e-09  1.94970998e+00  6.13350000e-09  9.70517706e-01  6.13350000e-09  1.94974231e+00 
 6.13450000e-09  1.94971671e+00  6.13450000e-09  1.03050941e+00  6.13450000e-09  1.94963272e+00 
 6.13550000e-09  1.94972360e+00  6.13550000e-09  1.08961954e+00  6.13550000e-09  1.94953766e+00 
 6.13650000e-09  1.94972976e+00  6.13650000e-09  1.14804267e+00  6.13650000e-09  1.94943117e+00 
 6.26650000e-09  1.94993634e+00  6.26650000e-09  1.94996401e+00  6.26650000e-09  1.17844114e+00 
 6.26750000e-09  1.94993681e+00  6.26750000e-09  1.94999186e+00  6.26750000e-09  1.12090633e+00 
 6.26850000e-09  1.94993712e+00  6.26850000e-09  1.95001797e+00  6.26850000e-09  1.06321496e+00 
 6.26950000e-09  1.94993758e+00  6.26950000e-09  1.95004410e+00  6.26950000e-09  1.00519265e+00 
 6.27050000e-09  1.94993790e+00  6.27050000e-09  1.95006232e+00  6.27050000e-09  9.46696730e-01 
 6.27150000e-09  1.94993835e+00  6.27150000e-09  1.95007789e+00  6.27150000e-09  8.87595552e-01 
 6.48050000e-09  1.13930690e+00  6.48050000e-09  1.94999888e+00  6.48050000e-09  2.37877104e-05 
 6.48150000e-09  1.08721562e+00  6.48150000e-09  1.94999912e+00  6.48150000e-09  2.53650236e-05 
 6.48250000e-09  1.03543583e+00  6.48250000e-09  1.94999887e+00  6.48250000e-09  2.23560432e-05 
 6.48350000e-09  9.83860469e-01  6.48350000e-09  1.94999911e+00  6.48350000e-09  2.39855020e-05 
 6.48450000e-09  9.32472897e-01  6.48450000e-09  1.94999885e+00  6.48450000e-09  2.07952253e-05 
 6.48550000e-09  8.81194527e-01  6.48550000e-09  1.94999908e+00  6.48550000e-09  2.24270088e-05 
 6.77850000e-09  3.14750636e-04  6.77850000e-09  1.13926044e+00  6.77850000e-09 -2.96746399e-06 
 6.77950000e-09  3.08431139e-04  6.77950000e-09  1.08706002e+00  6.77950000e-09 -1.09584665e-06 
 6.78050000e-09  3.01988046e-04  6.78050000e-09  1.03409458e+00  6.78050000e-09 -1.52708349e-07 
 6.78150000e-09  2.95916794e-04  6.78150000e-09  9.80343740e-01  6.78150000e-09  2.56714784e-06 
 6.78250000e-09  2.89719848e-04  6.78250000e-09  9.25834968e-01  6.78250000e-09  4.25729494e-06 
 6.78350000e-09  2.83887962e-04  6.78350000e-09  8.70561842e-01  6.78350000e-09  7.50288329e-06 
 7.06550000e-09  9.04179697e-01  7.06550000e-09  2.10548335e-06  7.06550000e-09  2.49277078e-07 
 7.06650000e-09  9.45825796e-01  7.06650000e-09  2.04934278e-06  7.06650000e-09  1.78240332e-07 
 7.06750000e-09  9.87080439e-01  7.06750000e-09  2.03418144e-06  7.06750000e-09  2.46288934e-07 
 7.06850000e-09  1.02795411e+00  7.06850000e-09  1.98952837e-06  7.06850000e-09  1.65689321e-07 
 7.06950000e-09  1.06845720e+00  7.06950000e-09  1.98101033e-06  7.06950000e-09  2.33694213e-07 
 7.07050000e-09  1.10859149e+00  7.07050000e-09  1.93780813e-06  7.07050000e-09  1.62353586e-07 
 7.25350000e-09  1.94969506e+00  7.25350000e-09  8.46356261e-01  7.25350000e-09 -7.50518664e-05 
 7.25450000e-09  1.94970245e+00  7.25450000e-09  9.08251413e-01  7.25450000e-09 -1.04683570e-04 
 7.25550000e-09  1.94970995e+00  7.25550000e-09  9.69364327e-01  7.25550000e-09 -1.23280498e-04 
 7.25650000e-09  1.94971669e+00  7.25650000e-09  1.02966310e+00  7.25650000e-09 -1.35519027e-04 
 7.25750000e-09  1.94972357e+00  7.25750000e-09  1.08916091e+00  7.25750000e-09 -1.44142911e-04 
 7.25850000e-09  1.94972973e+00  7.25850000e-09  1.14800937e+00  7.25850000e-09 -1.58877588e-04 
 7.37450000e-09  1.94993025e+00  7.37450000e-09  1.94992277e+00  7.37450000e-09  8.88904977e-01 
 7.37550000e-09  1.94993080e+00  7.37550000e-09  1.94993039e+00  7.37550000e-09  9.49325797e-01 
 7.37650000e-09  1.94993118e+00  7.37650000e-09  1.94993599e+00  7.37650000e-09  1.00901805e+00 
 7.37750000e-09  1.94993172e+00  7.37750000e-09  1.94994220e+00  7.37750000e-09  1.07079256e+00 
 7.37850000e-09  1.94993209e+00  7.37850000e-09  1.94994737e+00  7.37850000e-09  1.13842904e+00 
 7.37950000e-09  1.94993262e+00  7.37950000e-09  1.94994336e+00  7.37950000e-09  1.21186175e+00 
 7.60250000e-09  1.13986485e+00  7.60250000e-09  1.94999900e+00  7.60250000e-09  1.94999115e+00 
 7.60350000e-09  1.08776935e+00  7.60350000e-09  1.94999915e+00  7.60350000e-09  1.94999503e+00 
 7.60450000e-09  1.03598648e+00  7.60450000e-09  1.94999899e+00  7.60450000e-09  1.94999188e+00 
 7.60550000e-09  9.84408260e-01  7.60550000e-09  1.94999913e+00  7.60550000e-09  1.94999722e+00 
 7.60650000e-09  9.33018776e-01  7.60650000e-09  1.94999897e+00  7.60650000e-09  1.94999224e+00 
 7.60750000e-09  8.81738644e-01  7.60750000e-09  1.94999911e+00  7.60750000e-09  1.94999590e+00 
 7.90050000e-09  3.14808075e-04  7.90050000e-09  1.13977455e+00  7.90050000e-09  1.94994210e+00 
 7.90150000e-09  3.08489057e-04  7.90150000e-09  1.08758328e+00  7.90150000e-09  1.94993921e+00 
 7.90250000e-09  3.02040115e-04  7.90250000e-09  1.03462728e+00  7.90250000e-09  1.94993996e+00 
 7.90350000e-09  2.95969821e-04  7.90350000e-09  9.80885235e-01  7.90350000e-09  1.94994685e+00 
 7.90450000e-09  2.89768791e-04  7.90450000e-09  9.26385083e-01  7.90450000e-09  1.94995941e+00 
 7.90550000e-09  2.83937692e-04  7.90550000e-09  8.71119532e-01  7.90550000e-09  1.94997907e+00 
 8.18750000e-09  9.02978565e-01  8.18750000e-09  1.13792516e-06  8.18750000e-09  1.94999771e+00 
 8.18850000e-09  9.44636313e-01  8.18850000e-09  1.28283536e-06  8.18850000e-09  1.94999791e+00 
 8.18950000e-09  9.85901827e-01  8.18950000e-09  1.11121530e-06  8.18950000e-09  1.94999782e+00 
 8.19050000e-09  1.02678638e+00  8.19050000e-09  1.26417744e-06  8.19050000e-09  1.94999801e+00 
 8.19150000e-09  1.06729995e+00  8.19150000e-09  1.10024935e-06  8.19150000e-09  1.94999791e+00 
 8.19250000e-09  1.10744487e+00  8.19250000e-09  1.25092093e-06  8.19250000e-09  1.94999811e+00 
 8.37550000e-09  1.94969482e+00  8.37550000e-09  8.45772670e-01  8.37550000e-09  1.94994472e+00 
 8.37650000e-09  1.94970225e+00  8.37650000e-09  9.07573899e-01  8.37650000e-09  1.94985330e+00 
 8.37750000e-09  1.94970973e+00  8.37750000e-09  9.68502540e-01  8.37750000e-09  1.94974595e+00 
 8.37850000e-09  1.94971651e+00  8.37850000e-09  1.02852544e+00  8.37850000e-09  1.94963630e+00 
 8.37950000e-09  1.94972337e+00  8.37950000e-09  1.08766239e+00  8.37950000e-09  1.94954086e+00 
 8.38050000e-09  1.94972957e+00  8.38050000e-09  1.14610350e+00  8.38050000e-09  1.94943488e+00 
 8.51050000e-09  1.94993633e+00  8.51050000e-09  1.94996309e+00  8.51050000e-09  1.18035720e+00 
 8.51150000e-09  1.94993679e+00  8.51150000e-09  1.94999105e+00  8.51150000e-09  1.12282365e+00 
 8.51250000e-09  1.94993712e+00  8.51250000e-09  1.95001700e+00  8.51250000e-09  1.06514181e+00 
 8.51350000e-09  1.94993756e+00  8.51350000e-09  1.95004340e+00  8.51350000e-09  1.00713158e+00 
 8.51450000e-09  1.94993789e+00  8.51450000e-09  1.95006170e+00  8.51450000e-09  9.48655192e-01 
 8.51550000e-09  1.94993833e+00  8.51550000e-09  1.95007755e+00  8.51550000e-09  8.89574341e-01 
 8.72450000e-09  1.14127672e+00  8.72450000e-09  1.94999887e+00  8.72450000e-09  2.35758932e-05 
 8.72550000e-09  1.08917329e+00  8.72550000e-09  1.94999913e+00  8.72550000e-09  2.56538492e-05 
 8.72650000e-09  1.03738381e+00  8.72650000e-09  1.94999886e+00  8.72650000e-09  2.21564806e-05 
 8.72750000e-09  9.85801030e-01  8.72750000e-09  1.94999911e+00  8.72750000e-09  2.42798920e-05 
 8.72850000e-09  9.34407987e-01  8.72850000e-09  1.94999884e+00  8.72850000e-09  2.05874014e-05 
 8.72950000e-09  8.83125322e-01  8.72950000e-09  1.94999908e+00  8.72950000e-09  2.27019409e-05 
 9.02250000e-09  3.14986360e-04  9.02250000e-09  1.14105235e+00  9.02250000e-09 -3.01511421e-06 
 9.02350000e-09  3.08669955e-04  9.02350000e-09  1.08887808e+00  9.02350000e-09 -1.11997973e-06 
 9.02450000e-09  3.02210694e-04  9.02450000e-09  1.03594009e+00  9.02450000e-09 -2.62819731e-07 
 9.02550000e-09  2.96141091e-04  9.02550000e-09  9.82215392e-01  9.02550000e-09  2.49572547e-06 
 9.02650000e-09  2.89934777e-04  9.02650000e-09  9.27733521e-01  9.02650000e-09  4.14509385e-06 
 9.02750000e-09  2.84107230e-04  9.02750000e-09  8.72485679e-01  9.02750000e-09  7.43654272e-06 
 9.31050000e-09  9.43777822e-01  9.31050000e-09  2.06060783e-06  9.31050000e-09  2.01566411e-07 
 9.31150000e-09  9.85051214e-01  9.31150000e-09  2.02498972e-06  9.31150000e-09  2.21254556e-07 
 9.31250000e-09  1.02594365e+00  9.31250000e-09  2.00010548e-06  9.31250000e-09  1.89469326e-07 
 9.31350000e-09  1.06646479e+00  9.31350000e-09  1.97182397e-06  9.31350000e-09  2.09718147e-07 
 9.31450000e-09  1.10661740e+00  9.31450000e-09  1.94827129e-06  9.31450000e-09  1.85116687e-07 
 9.31550000e-09  1.14639672e+00  9.31550000e-09  1.91801624e-06  9.31550000e-09  2.06641245e-07 
 9.49750000e-09  1.94969465e+00  9.49750000e-09  8.43266432e-01  9.49750000e-09 -7.32982876e-05 
 9.49850000e-09  1.94970211e+00  9.49850000e-09  9.05199423e-01  9.49850000e-09 -1.03314791e-04 
 9.49950000e-09  1.94970957e+00  9.49950000e-09  9.66351032e-01  9.49950000e-09 -1.22197410e-04 
 9.50050000e-09  1.94971638e+00  9.50050000e-09  1.02668943e+00  9.50050000e-09 -1.35150817e-04 
 9.50150000e-09  1.94972322e+00  9.50150000e-09  1.08622381e+00  9.50150000e-09 -1.43424970e-04 
 9.50250000e-09  1.94972945e+00  9.50250000e-09  1.14510002e+00  9.50250000e-09 -1.58321157e-04 
 9.61850000e-09  1.94993024e+00  9.61850000e-09  1.94992267e+00  9.61850000e-09  8.85821671e-01 
 9.61950000e-09  1.94993076e+00  9.61950000e-09  1.94993001e+00  9.61950000e-09  9.46305593e-01 
 9.62050000e-09  1.94993117e+00  9.62050000e-09  1.94993587e+00  9.62050000e-09  1.00599721e+00 
 9.62150000e-09  1.94993168e+00  9.62150000e-09  1.94994160e+00  9.62150000e-09  1.06759235e+00 
 9.62250000e-09  1.94993208e+00  9.62250000e-09  1.94994797e+00  9.62250000e-09  1.13477923e+00 
 9.62350000e-09  1.94993258e+00  9.62350000e-09  1.94994323e+00  9.62350000e-09  1.20818148e+00 
 9.84650000e-09  1.14300909e+00  9.84650000e-09  1.94999900e+00  9.84650000e-09  1.94999085e+00 
 9.84750000e-09  1.09089488e+00  9.84750000e-09  1.94999915e+00  9.84750000e-09  1.94999522e+00 
 9.84850000e-09  1.03909513e+00  9.84850000e-09  1.94999899e+00  9.84850000e-09  1.94999140e+00 
 9.84950000e-09  9.87505685e-01  9.84950000e-09  1.94999913e+00  9.84950000e-09  1.94999735e+00 
 9.85050000e-09  9.36106268e-01  9.85050000e-09  1.94999897e+00  9.85050000e-09  1.94999164e+00 
 9.85150000e-09  8.84819869e-01  9.85150000e-09  1.94999911e+00  9.85150000e-09  1.94999586e+00 
 1.01445000e-08  3.15125226e-04  1.01445000e-08  1.14218425e+00  1.01445000e-08  1.94994231e+00 
 1.01455000e-08  3.08811854e-04  1.01455000e-08  1.09002823e+00  1.01455000e-08  1.94993928e+00 
 1.01465000e-08  3.02344944e-04  1.01465000e-08  1.03710916e+00  1.01465000e-08  1.94993978e+00 
 1.01475000e-08  2.96282621e-04  1.01475000e-08  9.83402294e-01  1.01475000e-08  1.94994641e+00 
 1.01485000e-08  2.90065632e-04  1.01485000e-08  9.28938393e-01  1.01485000e-08  1.94995863e+00 
 1.01495000e-08  2.84241555e-04  1.01495000e-08  8.73706939e-01  1.01495000e-08  1.94997796e+00 
 1.04325000e-08  9.41190509e-01  1.04325000e-08  1.29924861e-06  1.04325000e-08  1.94999791e+00 
 1.04335000e-08  9.82487343e-01  1.04335000e-08  1.09571824e-06  1.04335000e-08  1.94999781e+00 
 1.04345000e-08  1.02340385e+00  1.04345000e-08  1.27964904e-06  1.04345000e-08  1.94999801e+00 
 1.04355000e-08  1.06394749e+00  1.04355000e-08  1.08476102e-06  1.04355000e-08  1.94999791e+00 
 1.04365000e-08  1.10412354e+00  1.04365000e-08  1.26621998e-06  1.04365000e-08  1.94999810e+00 
 1.04375000e-08  1.14392621e+00  1.04375000e-08  1.07162507e-06  1.04375000e-08  1.94999801e+00 
 1.06205000e-08  1.94970169e+00  1.06205000e-08  9.02514239e-01  1.06205000e-08  1.94986138e+00 
 1.06215000e-08  1.94970908e+00  1.06215000e-08  9.63514582e-01  1.06215000e-08  1.94975515e+00 
 1.06225000e-08  1.94971600e+00  1.06225000e-08  1.02361324e+00  1.06225000e-08  1.94964521e+00 
 1.06235000e-08  1.94972277e+00  1.06235000e-08  1.08281333e+00  1.06235000e-08  1.94954890e+00 
 1.06245000e-08  1.94972911e+00  1.06245000e-08  1.14129481e+00  1.06245000e-08  1.94944415e+00 
 1.06255000e-08  1.94973532e+00  1.06255000e-08  1.19951154e+00  1.06255000e-08  1.94932162e+00 
 1.07545000e-08  1.94993631e+00  1.07545000e-08  1.94996094e+00  1.07545000e-08  1.18514937e+00 
 1.07555000e-08  1.94993674e+00  1.07555000e-08  1.94998883e+00  1.07555000e-08  1.12761847e+00 
 1.07565000e-08  1.94993711e+00  1.07565000e-08  1.95001475e+00  1.07565000e-08  1.06995952e+00 
 1.07575000e-08  1.94993752e+00  1.07575000e-08  1.95004144e+00  1.07575000e-08  1.01197887e+00 
 1.07585000e-08  1.94993788e+00  1.07585000e-08  1.95006030e+00  1.07585000e-08  9.53550510e-01 
 1.07595000e-08  1.94993828e+00  1.07595000e-08  1.95007649e+00  1.07595000e-08  8.94520141e-01 
 1.09685000e-08  1.14513308e+00  1.09685000e-08  1.94999888e+00  1.09685000e-08  2.29563086e-05 
 1.09695000e-08  1.09300739e+00  1.09695000e-08  1.94999912e+00  1.09695000e-08  2.64942171e-05 
 1.09705000e-08  1.04119662e+00  1.09705000e-08  1.94999887e+00  1.09705000e-08  2.15773011e-05 
 1.09715000e-08  9.89600636e-01  1.09715000e-08  1.94999911e+00  1.09715000e-08  2.51432062e-05 
 1.09725000e-08  9.38194933e-01  1.09725000e-08  1.94999885e+00  1.09725000e-08  1.99770761e-05 
 1.09735000e-08  8.86905139e-01  1.09735000e-08  1.94999908e+00  1.09735000e-08  2.35004903e-05 
 1.12665000e-08  3.15465355e-04  1.12665000e-08  1.14476854e+00  1.12665000e-08 -3.12660517e-06 
 1.12675000e-08  3.09159269e-04  1.12675000e-08  1.09264862e+00  1.12675000e-08 -1.15061876e-06 
 1.12685000e-08  3.02670368e-04  1.12685000e-08  1.03976753e+00  1.12685000e-08 -4.20838377e-07 
 1.12695000e-08  2.96611231e-04  1.12695000e-08  9.86097092e-01  1.12695000e-08  2.45386668e-06 
 1.12705000e-08  2.90376275e-04  1.12705000e-08  9.31671089e-01  1.12705000e-08  3.91113530e-06 
 1.12715000e-08  2.84559223e-04  1.12715000e-08  8.76475879e-01  1.12715000e-08  7.30162290e-06 
 1.15545000e-08  9.40416216e-01  1.15545000e-08  2.08240271e-06  1.15545000e-08  2.46856065e-07 
 1.15555000e-08  9.81720017e-01  1.15555000e-08  2.00814905e-06  1.15555000e-08  1.64752835e-07 
 1.15565000e-08  1.02264379e+00  1.15565000e-08  2.02117099e-06  1.15565000e-08  2.37944336e-07 
 1.15575000e-08  1.06319410e+00  1.15575000e-08  1.95476907e-06  1.15575000e-08  1.57620021e-07 
 1.15585000e-08  1.10337721e+00  1.15585000e-08  1.96862880e-06  1.15585000e-08  2.29440774e-07 
 1.15595000e-08  1.14318680e+00  1.15595000e-08  1.90159413e-06  1.15595000e-08  1.50849994e-07 
 1.17425000e-08  1.94970157e+00  1.17425000e-08  9.00297151e-01  1.17425000e-08 -1.01278071e-04 
 1.17435000e-08  1.94970894e+00  1.17435000e-08  9.61515164e-01  1.17435000e-08 -1.21016084e-04 
 1.17445000e-08  1.94971589e+00  1.17445000e-08  1.02192072e+00  1.17445000e-08 -1.34515765e-04 
 1.17455000e-08  1.94972263e+00  1.17455000e-08  1.08151194e+00  1.17455000e-08 -1.42267107e-04 
 1.17465000e-08  1.94972900e+00  1.17465000e-08  1.14042829e+00  1.17465000e-08 -1.57273142e-04 
 1.17475000e-08  1.94973520e+00  1.17475000e-08  1.19895029e+00  1.17475000e-08 -1.72517349e-04 
 1.18625000e-08  1.94993022e+00  1.18625000e-08  1.94992227e+00  1.18625000e-08  8.80956628e-01 
 1.18635000e-08  1.94993071e+00  1.18635000e-08  1.94992938e+00  1.18635000e-08  9.41544498e-01 
 1.18645000e-08  1.94993115e+00  1.18645000e-08  1.94993547e+00  1.18645000e-08  1.00124690e+00 
 1.18655000e-08  1.94993163e+00  1.18655000e-08  1.94994092e+00  1.18655000e-08  1.06252021e+00 
 1.18665000e-08  1.94993206e+00  1.18665000e-08  1.94994828e+00  1.18665000e-08  1.12908003e+00 
 1.18675000e-08  1.94993253e+00  1.18675000e-08  1.94994308e+00  1.18675000e-08  1.20236261e+00 
 1.20905000e-08  1.14717625e+00  1.20905000e-08  1.94999901e+00  1.20905000e-08  1.94999068e+00 
 1.20915000e-08  1.09503794e+00  1.20915000e-08  1.94999914e+00  1.20915000e-08  1.94999708e+00 
 1.20925000e-08  1.04321508e+00  1.20925000e-08  1.94999900e+00  1.20925000e-08  1.94999089e+00 
 1.20935000e-08  9.91611281e-01  1.20935000e-08  1.94999912e+00  1.20935000e-08  1.94999531e+00 
 1.20945000e-08  9.40198132e-01  1.20945000e-08  1.94999898e+00  1.20945000e-08  1.94999142e+00 
 1.20955000e-08  8.88904010e-01  1.20955000e-08  1.94999910e+00  1.20955000e-08  1.94999748e+00 
 1.23885000e-08  3.15659494e-04  1.23885000e-08  1.14628630e+00  1.23885000e-08  1.94994271e+00 
 1.23895000e-08  3.09359480e-04  1.23895000e-08  1.09419028e+00  1.23895000e-08  1.94993940e+00 
 1.23905000e-08  3.02858346e-04  1.23905000e-08  1.04133410e+00  1.23905000e-08  1.94993955e+00 
 1.23915000e-08  2.96804863e-04  1.23915000e-08  9.87687220e-01  1.23915000e-08  1.94994567e+00 
 1.23925000e-08  2.90557434e-04  1.23925000e-08  9.33285078e-01  1.23925000e-08  1.94995742e+00 
 1.23935000e-08  2.84745446e-04  1.23935000e-08  8.78111820e-01  1.23935000e-08  1.94997621e+00 
 1.26765000e-08  9.37846534e-01  1.26765000e-08  1.32775396e-06  1.26765000e-08  1.94999790e+00 
 1.26775000e-08  9.79173232e-01  1.26775000e-08  1.06923189e-06  1.26775000e-08  1.94999781e+00 
 1.26785000e-08  1.02012134e+00  1.26785000e-08  1.30688231e-06  1.26785000e-08  1.94999801e+00 
 1.26795000e-08  1.06069361e+00  1.26795000e-08  1.05845223e-06  1.26795000e-08  1.94999791e+00 
 1.26805000e-08  1.10090045e+00  1.26805000e-08  1.29311095e-06  1.26805000e-08  1.94999810e+00 
 1.26815000e-08  1.14073295e+00  1.26815000e-08  1.04604258e-06  1.26815000e-08  1.94999800e+00 
 1.28645000e-08  1.94970115e+00  1.28645000e-08  8.97587024e-01  1.28645000e-08  1.94986918e+00 
 1.28655000e-08  1.94970846e+00  1.28655000e-08  9.58659676e-01  1.28655000e-08  1.94976403e+00 
 1.28665000e-08  1.94971551e+00  1.28665000e-08  1.01883438e+00  1.28665000e-08  1.94965383e+00 
 1.28675000e-08  1.94972219e+00  1.28675000e-08  1.07810615e+00  1.28675000e-08  1.94955632e+00 
 1.28685000e-08  1.94972866e+00  1.28685000e-08  1.13663419e+00  1.28685000e-08  1.94945299e+00 
 1.28695000e-08  1.94973479e+00  1.28695000e-08  1.19484429e+00  1.28695000e-08  1.94933218e+00 
 1.29985000e-08  1.94993630e+00  1.29985000e-08  1.94995895e+00  1.29985000e-08  1.18972359e+00 
 1.29995000e-08  1.94993669e+00  1.29995000e-08  1.94998666e+00  1.29995000e-08  1.13219449e+00 
 1.30005000e-08  1.94993709e+00  1.30005000e-08  1.95001262e+00  1.30005000e-08  1.07455624e+00 
 1.30015000e-08  1.94993747e+00  1.30015000e-08  1.95003949e+00  1.30015000e-08  1.01660287e+00 
 1.30025000e-08  1.94993786e+00  1.30025000e-08  1.95005899e+00  1.30025000e-08  9.58219488e-01 
 1.30035000e-08  1.94993824e+00  1.30035000e-08  1.95007539e+00  1.30035000e-08  8.99236842e-01 
 1.32125000e-08  1.14932465e+00  1.32125000e-08  1.94999889e+00  1.32125000e-08  2.24705306e-05 
 1.32135000e-08  1.09717449e+00  1.32135000e-08  1.94999911e+00  1.32135000e-08  2.77003714e-05 
 1.32145000e-08  1.04534018e+00  1.32145000e-08  1.94999888e+00  1.32145000e-08  2.07275600e-05 
 1.32155000e-08  9.93729502e-01  1.32155000e-08  1.94999909e+00  1.32155000e-08  2.58764898e-05 
 1.32165000e-08  9.42309785e-01  1.32165000e-08  1.94999887e+00  1.32165000e-08  1.94900500e-05 
 1.32175000e-08  8.91012088e-01  1.32175000e-08  1.94999907e+00  1.32175000e-08  2.46460558e-05 
 1.35105000e-08  3.15956402e-04  1.35105000e-08  1.14862289e+00  1.35105000e-08 -3.23711599e-06 
 1.35115000e-08  3.09657892e-04  1.35115000e-08  1.09655940e+00  1.35115000e-08 -1.17973925e-06 
 1.35125000e-08  3.03144998e-04  1.35125000e-08  1.04373742e+00  1.35125000e-08 -6.08712192e-07 
 1.35135000e-08  2.97095340e-04  1.35135000e-08  9.90123388e-01  1.35135000e-08  2.64232452e-06 
 1.35145000e-08  2.90831527e-04  1.35145000e-08  9.35755451e-01  1.35145000e-08  4.01736884e-06 
 1.35155000e-08  2.85020995e-04  1.35155000e-08  8.80614970e-01  1.35155000e-08  7.26788786e-06 
 1.37985000e-08  9.37240404e-01  1.37985000e-08  2.11561085e-06  1.37985000e-08  3.65544663e-07 
 1.37995000e-08  9.78572582e-01  1.37995000e-08  1.98011619e-06  1.37995000e-08  1.62399730e-07 
 1.38005000e-08  1.01952636e+00  1.38005000e-08  2.05355785e-06  1.38005000e-08  3.61257669e-07 
 1.38015000e-08  1.06010387e+00  1.38015000e-08  1.92640953e-06  1.38015000e-08  1.50294377e-07 
 1.38025000e-08  1.10031620e+00  1.38025000e-08  2.00012981e-06  1.38025000e-08  3.44527691e-07 
 1.38035000e-08  1.14015409e+00  1.38035000e-08  1.87433205e-06  1.38035000e-08  1.46667734e-07 
 1.39865000e-08  1.94970106e+00  1.39865000e-08  8.95596562e-01  1.39865000e-08 -9.91617809e-05 
 1.39875000e-08  1.94970835e+00  1.39875000e-08  9.56876233e-01  1.39875000e-08 -1.19859406e-04 
 1.39885000e-08  1.94971543e+00  1.39885000e-08  1.01734406e+00  1.39885000e-08 -1.33849252e-04 
 1.39895000e-08  1.94972210e+00  1.39895000e-08  1.07699475e+00  1.39895000e-08 -1.41453827e-04 
 1.39905000e-08  1.94972858e+00  1.39905000e-08  1.13595508e+00  1.39905000e-08 -1.56138246e-04 
 1.39915000e-08  1.94973470e+00  1.39915000e-08  1.19449227e+00  1.39915000e-08 -1.71114514e-04 
 1.41065000e-08  1.94993020e+00  1.41065000e-08  1.94992189e+00  1.41065000e-08  8.76310982e-01 
 1.41075000e-08  1.94993065e+00  1.41075000e-08  1.94992879e+00  1.41075000e-08  9.37002786e-01 
 1.41085000e-08  1.94993113e+00  1.41085000e-08  1.94993506e+00  1.41085000e-08  9.96727593e-01 
 1.41095000e-08  1.94993158e+00  1.41095000e-08  1.94994062e+00  1.41095000e-08  1.05767132e+00 
 1.41105000e-08  1.94993205e+00  1.41105000e-08  1.94994803e+00  1.41105000e-08  1.12371568e+00 
 1.41115000e-08  1.94993248e+00  1.41115000e-08  1.94994304e+00  1.41115000e-08  1.19679430e+00 
 1.43345000e-08  1.15111647e+00  1.43345000e-08  1.94999903e+00  1.43345000e-08  1.94999233e+00 
 1.43355000e-08  1.09895520e+00  1.43355000e-08  1.94999912e+00  1.43355000e-08  1.94999775e+00 
 1.43365000e-08  1.04711018e+00  1.43365000e-08  1.94999902e+00  1.43365000e-08  1.94999238e+00 
 1.43375000e-08  9.95492520e-01  1.43375000e-08  1.94999911e+00  1.43375000e-08  1.94999624e+00 
 1.43385000e-08  9.44066199e-01  1.43385000e-08  1.94999900e+00  1.43385000e-08  1.94999111e+00 
 1.43395000e-08  8.92764665e-01  1.43395000e-08  1.94999908e+00  1.43395000e-08  1.94999483e+00 
 1.46325000e-08  3.16074661e-04  1.46325000e-08  1.14967449e+00  1.46325000e-08  1.94994310e+00 
 1.46335000e-08  3.09780477e-04  1.46335000e-08  1.09762810e+00  1.46335000e-08  1.94993948e+00 
 1.46345000e-08  3.03257308e-04  1.46345000e-08  1.04482390e+00  1.46345000e-08  1.94993942e+00 
 1.46355000e-08  2.97210095e-04  1.46355000e-08  9.91226640e-01  1.46355000e-08  1.94994505e+00 
 1.46365000e-08  2.90941063e-04  1.46365000e-08  9.36875604e-01  1.46365000e-08  1.94995649e+00 
 1.46375000e-08  2.85134534e-04  1.46375000e-08  8.81750536e-01  1.46375000e-08  1.94997475e+00 
 1.49205000e-08  9.34667892e-01  1.49205000e-08  1.35171710e-06  1.49205000e-08  1.94999791e+00 
 1.49215000e-08  9.76023618e-01  1.49215000e-08  1.04670541e-06  1.49215000e-08  1.94999780e+00 
 1.49225000e-08  1.01700126e+00  1.49225000e-08  1.32973928e-06  1.49225000e-08  1.94999801e+00 
 1.49235000e-08  1.05760125e+00  1.49235000e-08  1.03610210e-06  1.49235000e-08  1.94999790e+00 
 1.49245000e-08  1.09783659e+00  1.49245000e-08  1.31571294e-06  1.49245000e-08  1.94999811e+00 
 1.49255000e-08  1.13769755e+00  1.49255000e-08  1.02434854e-06  1.49255000e-08  1.94999799e+00 
 1.51085000e-08  1.94970062e+00  1.51085000e-08  8.92929225e-01  1.51085000e-08  1.94987647e+00 
 1.51095000e-08  1.94970788e+00  1.51095000e-08  9.54069615e-01  1.51095000e-08  1.94977239e+00 
 1.51105000e-08  1.94971503e+00  1.51105000e-08  1.01431301e+00  1.51105000e-08  1.94966201e+00 
 1.51115000e-08  1.94972166e+00  1.51115000e-08  1.07365016e+00  1.51115000e-08  1.94956337e+00 
 1.51125000e-08  1.94972822e+00  1.51125000e-08  1.13222426e+00  1.51125000e-08  1.94946133e+00 
 1.51135000e-08  1.94973430e+00  1.51135000e-08  1.19041073e+00  1.51135000e-08  1.94934239e+00 
 1.52425000e-08  1.94993628e+00  1.52425000e-08  1.94995703e+00  1.52425000e-08  1.19415885e+00 
 1.52435000e-08  1.94993665e+00  1.52435000e-08  1.94998455e+00  1.52435000e-08  1.13663073e+00 
 1.52445000e-08  1.94993707e+00  1.52445000e-08  1.95001054e+00  1.52445000e-08  1.07901141e+00 
 1.52455000e-08  1.94993743e+00  1.52455000e-08  1.95003758e+00  1.52455000e-08  1.02108342e+00 
 1.52465000e-08  1.94993785e+00  1.52465000e-08  1.95005768e+00  1.52465000e-08  9.62742699e-01 
 1.52475000e-08  1.94993820e+00  1.52475000e-08  1.95007431e+00  1.52475000e-08  9.03805658e-01 
 1.54565000e-08  1.15325363e+00  1.54565000e-08  1.94999892e+00  1.54565000e-08  2.25374117e-05 
 1.54575000e-08  1.10108036e+00  1.54575000e-08  1.94999908e+00  1.54575000e-08  2.72707506e-05 
 1.54585000e-08  1.04922369e+00  1.54585000e-08  1.94999891e+00  1.54585000e-08  2.11760050e-05 
 1.54595000e-08  9.97598817e-01  1.54595000e-08  1.94999907e+00  1.54595000e-08  2.59032922e-05 
 1.54605000e-08  9.46165674e-01  1.54605000e-08  1.94999889e+00  1.54605000e-08  1.95595980e-05 
 1.54615000e-08  8.94860444e-01  1.54615000e-08  1.94999904e+00  1.54615000e-08  2.42266672e-05 
 1.57545000e-08  3.16339746e-04  1.57545000e-08  1.15170800e+00  1.57545000e-08 -3.17828304e-06 
 1.57555000e-08  3.10049566e-04  1.57555000e-08  1.09969096e+00  1.57555000e-08 -1.34211598e-06 
 1.57565000e-08  3.03512666e-04  1.57565000e-08  1.04691528e+00  1.57565000e-08 -6.29331494e-07 
 1.57575000e-08  2.97470386e-04  1.57575000e-08  9.93347535e-01  1.57575000e-08  2.18245275e-06 
 1.57585000e-08  2.91185845e-04  1.57585000e-08  9.39025230e-01  1.57585000e-08  3.61295151e-06 
 1.57595000e-08  2.85383244e-04  1.57595000e-08  8.83929635e-01  1.57595000e-08  6.96258613e-06 
 1.60425000e-08  9.33697737e-01  1.60425000e-08  2.15360261e-06  1.60425000e-08  4.86158337e-07 
 1.60435000e-08  9.75062485e-01  1.60435000e-08  1.94578403e-06  1.60435000e-08  9.96887717e-08 
 1.60445000e-08  1.01604902e+00  1.60445000e-08  2.08912594e-06  1.60445000e-08  4.60977402e-07 
 1.60455000e-08  1.05665762e+00  1.60455000e-08  1.89338741e-06  1.60455000e-08  9.92372562e-08 
 1.60465000e-08  1.09690151e+00  1.60465000e-08  2.03624396e-06  1.60465000e-08  4.61382873e-07 
 1.60475000e-08  1.13677127e+00  1.60475000e-08  1.84100709e-06  1.60475000e-08  8.37566319e-08 
 1.62305000e-08  1.94970045e+00  1.62305000e-08  8.90343358e-01  1.62305000e-08 -9.67484006e-05 
 1.62315000e-08  1.94970769e+00  1.62315000e-08  9.51689461e-01  1.62315000e-08 -1.18461349e-04 
 1.62325000e-08  1.94971487e+00  1.62325000e-08  1.01222501e+00  1.62325000e-08 -1.32976274e-04 
 1.62335000e-08  1.94972149e+00  1.62335000e-08  1.07194280e+00  1.62335000e-08 -1.40638509e-04 
 1.62345000e-08  1.94972808e+00  1.62345000e-08  1.13095402e+00  1.62345000e-08 -1.54848591e-04 
 1.62355000e-08  1.94973414e+00  1.62355000e-08  1.18949771e+00  1.62355000e-08 -1.69415795e-04 
 1.63505000e-08  1.94993017e+00  1.63505000e-08  1.94992147e+00  1.63505000e-08  8.70985323e-01 
 1.63515000e-08  1.94993060e+00  1.63515000e-08  1.94992812e+00  1.63515000e-08  9.31801474e-01 
 1.63525000e-08  1.94993111e+00  1.63525000e-08  1.94993460e+00  1.63525000e-08  9.91564589e-01 
 1.63535000e-08  1.94993152e+00  1.63535000e-08  1.94994024e+00  1.63535000e-08  1.05219597e+00 
 1.63545000e-08  1.94993202e+00  1.63545000e-08  1.94994770e+00  1.63545000e-08  1.11764279e+00 
 1.63555000e-08  1.94993243e+00  1.63555000e-08  1.94994309e+00  1.63555000e-08  1.19042051e+00 
 1.65515000e-08  2.05290473e+00  1.65515000e-08  1.94999887e+00  1.65515000e-08  1.94999652e+00 
 1.65785000e-08  1.15526828e+00  1.65785000e-08  1.94999905e+00  1.65785000e-08  1.94999330e+00 
 1.65795000e-08  1.10308254e+00  1.65795000e-08  1.94999910e+00  1.65795000e-08  1.94999784e+00 
 1.65805000e-08  1.05121382e+00  1.65805000e-08  1.94999905e+00  1.65805000e-08  1.94999339e+00 
 1.65815000e-08  9.99581189e-01  1.65815000e-08  1.94999908e+00  1.65815000e-08  1.94999646e+00 
 1.65825000e-08  9.48140764e-01  1.65825000e-08  1.94999902e+00  1.65825000e-08  1.94999370e+00 
 1.65835000e-08  8.96831228e-01  1.65835000e-08  1.94999906e+00  1.65835000e-08  1.94999796e+00 
 1.68765000e-08  3.16580590e-04  1.68765000e-08  1.15365172e+00  1.68765000e-08  1.94994357e+00 
 1.68775000e-08  3.10292687e-04  1.68775000e-08  1.10166638e+00  1.68775000e-08  1.94993960e+00 
 1.68785000e-08  3.03743937e-04  1.68785000e-08  1.04892094e+00  1.68785000e-08  1.94993930e+00 
 1.68795000e-08  2.97704186e-04  1.68795000e-08  9.95384467e-01  1.68795000e-08  1.94994436e+00 
 1.68805000e-08  2.91408215e-04  1.68805000e-08  9.41091490e-01  1.68805000e-08  1.94995543e+00 
 1.68815000e-08  2.85607884e-04  1.68815000e-08  8.86025332e-01  1.68815000e-08  1.94997309e+00 
 1.71645000e-08  9.31370466e-01  1.71645000e-08  1.36547868e-06  1.71645000e-08  1.94999788e+00 
 1.71655000e-08  9.72756891e-01  1.71655000e-08  1.03467974e-06  1.71655000e-08  1.94999782e+00 
 1.71665000e-08  1.01376477e+00  1.71665000e-08  1.34282653e-06  1.71665000e-08  1.94999798e+00 
 1.71675000e-08  1.05439453e+00  1.71675000e-08  1.02429086e-06  1.71675000e-08  1.94999792e+00 
 1.71685000e-08  1.09465941e+00  1.71685000e-08  1.32876896e-06  1.71685000e-08  1.94999808e+00 
 1.71695000e-08  1.13455028e+00  1.71695000e-08  1.01305272e-06  1.71695000e-08  1.94999801e+00 
 1.73525000e-08  1.94970004e+00  1.73525000e-08  8.88011952e-01  1.73525000e-08  1.94988409e+00 
 1.73535000e-08  1.94970727e+00  1.73535000e-08  9.49223448e-01  1.73535000e-08  1.94978120e+00 
 1.73545000e-08  1.94971450e+00  1.73545000e-08  1.00953638e+00  1.73545000e-08  1.94967072e+00 
 1.73555000e-08  1.94972110e+00  1.73555000e-08  1.06894036e+00  1.73555000e-08  1.94957077e+00 
 1.73565000e-08  1.94972774e+00  1.73565000e-08  1.12756524e+00  1.73565000e-08  1.94947006e+00 
 1.73575000e-08  1.94973378e+00  1.73575000e-08  1.18575833e+00  1.73575000e-08  1.94935266e+00 
 1.74865000e-08  1.94993626e+00  1.74865000e-08  1.94995505e+00  1.74865000e-08  1.19876714e+00 
 1.74875000e-08  1.94993660e+00  1.74875000e-08  1.94998235e+00  1.74875000e-08  1.14123939e+00 
 1.74885000e-08  1.94993705e+00  1.74885000e-08  1.95000835e+00  1.74885000e-08  1.08363863e+00 
 1.74895000e-08  1.94993738e+00  1.74895000e-08  1.95003556e+00  1.74895000e-08  1.02573603e+00 
 1.74905000e-08  1.94993783e+00  1.74905000e-08  1.95005629e+00  1.74905000e-08  9.67438718e-01 
 1.74915000e-08  1.94993815e+00  1.74915000e-08  1.95007315e+00  1.74915000e-08  9.08548516e-01 
 1.77005000e-08  1.15767906e+00  1.77005000e-08  1.94999895e+00  1.77005000e-08  2.34640593e-05 
 1.77015000e-08  1.10547901e+00  1.77015000e-08  1.94999905e+00  1.77015000e-08  2.63918738e-05 
 1.77025000e-08  1.05359636e+00  1.77025000e-08  1.94999895e+00  1.77025000e-08  2.20547709e-05 
 1.77035000e-08  1.00195486e+00  1.77035000e-08  1.94999904e+00  1.77035000e-08  2.50082239e-05 
 1.77045000e-08  9.50506131e-01  1.77045000e-08  1.94999893e+00  1.77045000e-08  2.04542610e-05 
 1.77055000e-08  8.99191868e-01  1.77055000e-08  1.94999901e+00  1.77055000e-08  2.33654388e-05 
 1.79985000e-08  3.16879869e-04  1.79985000e-08  1.15588764e+00  1.79985000e-08 -3.03613997e-06 
 1.79995000e-08  3.10594773e-04  1.79995000e-08  1.10393518e+00  1.79995000e-08 -1.63369649e-06 
 1.80005000e-08  3.04031326e-04  1.80005000e-08  1.05122097e+00  1.80005000e-08 -6.67740210e-07 
 1.80015000e-08  2.97994621e-04  1.80015000e-08  9.97717479e-01  1.80015000e-08  1.77166826e-06 
 1.80025000e-08  2.91684501e-04  1.80025000e-08  9.43455947e-01  1.80025000e-08  3.54991983e-06 
 1.80035000e-08  2.85886973e-04  1.80035000e-08  8.88422612e-01  1.80035000e-08  6.59318542e-06 
 1.82865000e-08  9.30016602e-01  1.82865000e-08  2.20806326e-06  1.82865000e-08  5.91048953e-07 
 1.82875000e-08  9.71415609e-01  1.82875000e-08  1.89701753e-06  1.82875000e-08  1.73565133e-08 
 1.82885000e-08  1.01243599e+00  1.82885000e-08  2.14218637e-06  1.82885000e-08  5.80965297e-07 
 1.82895000e-08  1.05307773e+00  1.82895000e-08  1.84464285e-06  1.82895000e-08  1.54058572e-08 
 1.82905000e-08  1.09335455e+00  1.82905000e-08  2.08825474e-06  1.82905000e-08  5.74066283e-07 
 1.82915000e-08  1.13325757e+00  1.82915000e-08  1.79436439e-06  1.82915000e-08  2.93341422e-08 
 1.84745000e-08  1.94969981e+00  1.84745000e-08  8.84827753e-01  1.84745000e-08 -9.41733455e-05 
 1.84755000e-08  1.94970702e+00  1.84755000e-08  9.46244974e-01  1.84755000e-08 -1.16967475e-04 
 1.84765000e-08  1.94971428e+00  1.84765000e-08  1.00685639e+00  1.84765000e-08 -1.31854445e-04 
 1.84775000e-08  1.94972087e+00  1.84775000e-08  1.06664753e+00  1.84775000e-08 -1.40036120e-04 
 1.84785000e-08  1.94972754e+00  1.84785000e-08  1.12571411e+00  1.84785000e-08 -1.53482818e-04 
 1.84795000e-08  1.94973357e+00  1.84795000e-08  1.18428440e+00  1.84795000e-08 -1.67951205e-04 
 1.85945000e-08  1.94993014e+00  1.85945000e-08  1.94992105e+00  1.85945000e-08  8.65437690e-01 
 1.85955000e-08  1.94993054e+00  1.85955000e-08  1.94992743e+00  1.85955000e-08  9.26389346e-01 
 1.85965000e-08  1.94993108e+00  1.85965000e-08  1.94993412e+00  1.85965000e-08  9.86205792e-01 
 1.85975000e-08  1.94993147e+00  1.85975000e-08  1.94993980e+00  1.85975000e-08  1.04657693e+00 
 1.85985000e-08  1.94993200e+00  1.85985000e-08  1.94994729e+00  1.85985000e-08  1.11142011e+00 
 1.85995000e-08  1.94993238e+00  1.85995000e-08  1.94994329e+00  1.85995000e-08  1.18379940e+00 
 1.88225000e-08  1.16000110e+00  1.88225000e-08  1.94999907e+00  1.88225000e-08  1.94999448e+00 
 1.88235000e-08  1.10778737e+00  1.88235000e-08  1.94999908e+00  1.88235000e-08  1.94999796e+00 
 1.88245000e-08  1.05589134e+00  1.88245000e-08  1.94999907e+00  1.88245000e-08  1.94999456e+00 
 1.88255000e-08  1.00424132e+00  1.88255000e-08  1.94999906e+00  1.88255000e-08  1.94999681e+00 
 1.88265000e-08  9.52784630e-01  1.88265000e-08  1.94999904e+00  1.88265000e-08  1.94999479e+00 
 1.88275000e-08  9.01465870e-01  1.88275000e-08  1.94999904e+00  1.88275000e-08  1.94999808e+00 
 1.91205000e-08  3.17163658e-04  1.91205000e-08  1.15817142e+00  1.91205000e-08  1.94994410e+00 
 1.91215000e-08  3.10881178e-04  1.91215000e-08  1.10625595e+00  1.91215000e-08  1.94993977e+00 
 1.91225000e-08  3.04304117e-04  1.91225000e-08  1.05357701e+00  1.91225000e-08  1.94993918e+00 
 1.91235000e-08  2.98269755e-04  1.91235000e-08  1.00011007e+00  1.91235000e-08  1.94994363e+00 
 1.91245000e-08  2.91946486e-04  1.91245000e-08  9.45882902e-01  1.91245000e-08  1.94995426e+00 
 1.91255000e-08  2.86151450e-04  1.91255000e-08  8.90884225e-01  1.91255000e-08  1.94997123e+00 
 1.94085000e-08  9.27650635e-01  1.94085000e-08  1.35096663e-06  1.94085000e-08  1.94999781e+00 
 1.94095000e-08  9.69070501e-01  1.94095000e-08  1.05118031e-06  1.94095000e-08  1.94999788e+00 
 1.94105000e-08  1.01011153e+00  1.94105000e-08  1.32731217e-06  1.94105000e-08  1.94999791e+00 
 1.94115000e-08  1.05077458e+00  1.94115000e-08  1.04020488e-06  1.94115000e-08  1.94999798e+00 
 1.94125000e-08  1.09107200e+00  1.94125000e-08  1.31386356e-06  1.94125000e-08  1.94999801e+00 
 1.94135000e-08  1.13099623e+00  1.94135000e-08  1.02932137e-06  1.94135000e-08  1.94999807e+00 
 1.95965000e-08  1.94969940e+00  1.95965000e-08  8.82521962e-01  1.95965000e-08  1.94989249e+00 
 1.95975000e-08  1.94970659e+00  1.95975000e-08  9.43814453e-01  1.95975000e-08  1.94979096e+00 
 1.95985000e-08  1.94971391e+00  1.95985000e-08  1.00421045e+00  1.95985000e-08  1.94968067e+00 
 1.95995000e-08  1.94972048e+00  1.95995000e-08  1.06369297e+00  1.95995000e-08  1.94957874e+00 
 1.96005000e-08  1.94972720e+00  1.96005000e-08  1.12237718e+00  1.96005000e-08  1.94947978e+00 
 1.96015000e-08  1.94973321e+00  1.96015000e-08  1.18058463e+00  1.96015000e-08  1.94936411e+00 
 1.97315000e-08  1.94993656e+00  1.97315000e-08  1.94997989e+00  1.97315000e-08  1.14637723e+00 
 1.97325000e-08  1.94993703e+00  1.97325000e-08  1.95000589e+00  1.97325000e-08  1.08879556e+00 
 1.97335000e-08  1.94993734e+00  1.97335000e-08  1.95003327e+00  1.97335000e-08  1.03092038e+00 
 1.97345000e-08  1.94993780e+00  1.97345000e-08  1.95005471e+00  1.97345000e-08  9.72670112e-01 
 1.97355000e-08  1.94993811e+00  1.97355000e-08  1.95007182e+00  1.97355000e-08  9.13831738e-01 
 1.97365000e-08  1.94993856e+00  1.97365000e-08  1.95008273e+00  1.97365000e-08  8.54377936e-01 
 1.99445000e-08  1.16309253e+00  1.99445000e-08  1.94999898e+00  1.99445000e-08  2.41652462e-05 
 1.99455000e-08  1.11086027e+00  1.99455000e-08  1.94999902e+00  1.99455000e-08  2.57053747e-05 
 1.99465000e-08  1.05894603e+00  1.99465000e-08  1.94999898e+00  1.99465000e-08  2.26864099e-05 
 1.99475000e-08  1.00728431e+00  1.99475000e-08  1.94999901e+00  1.99475000e-08  2.42527196e-05 
 1.99485000e-08  9.55816730e-01  1.99485000e-08  1.94999896e+00  1.99485000e-08  2.11394997e-05 
 1.99495000e-08  9.04491743e-01  1.99495000e-08  1.94999898e+00  1.99495000e-08  2.26948016e-05 
 2.02425000e-08  3.17565901e-04  2.02425000e-08  1.16121058e+00  2.02425000e-08 -2.92025896e-06 
 2.02435000e-08  3.11248122e-04  2.02435000e-08  1.10934045e+00  2.02435000e-08 -1.92438757e-06 
 2.02445000e-08  3.04690843e-04  2.02445000e-08  1.05670459e+00  2.02445000e-08 -6.92702580e-07 
 2.02455000e-08  2.98622204e-04  2.02455000e-08  1.00328302e+00  2.02455000e-08  1.41000356e-06 
 2.02465000e-08  2.92318447e-04  2.02465000e-08  9.49099065e-01  2.02465000e-08  3.43971858e-06 
 2.02475000e-08  2.86490042e-04  2.02475000e-08  8.94145258e-01  2.02475000e-08  6.17944030e-06 
 2.05305000e-08  9.25350718e-01  2.05305000e-08  2.23264293e-06  2.05305000e-08  6.56035587e-07 
 2.05315000e-08  9.66792659e-01  2.05315000e-08  1.87963257e-06  2.05315000e-08 -1.54173360e-08 
 2.05325000e-08  1.00785520e+00  2.05325000e-08  2.16535298e-06  2.05325000e-08  6.48332594e-07 
 2.05335000e-08  1.04853867e+00  2.05335000e-08  1.82721059e-06  2.05335000e-08  9.24989141e-10 
 2.05345000e-08  1.08885632e+00  2.05345000e-08  2.11137922e-06  2.05345000e-08  6.57143982e-07 
 2.05355000e-08  1.12880144e+00  2.05355000e-08  1.77646756e-06  2.05355000e-08 -2.19490621e-08 
 2.07185000e-08  1.94969899e+00  2.07185000e-08  8.77929067e-01  2.07185000e-08 -9.08387645e-05 
 2.07195000e-08  1.94970618e+00  2.07195000e-08  9.39433103e-01  2.07195000e-08 -1.14970190e-04 
 2.07205000e-08  1.94971354e+00  2.07205000e-08  1.00013584e+00  2.07205000e-08 -1.30371118e-04 
 2.07215000e-08  1.94972010e+00  2.07215000e-08  1.06001642e+00  2.07215000e-08 -1.39215516e-04 
 2.07225000e-08  1.94972686e+00  2.07225000e-08  1.11915460e+00  2.07225000e-08 -1.51880759e-04 
 2.07235000e-08  1.94973286e+00  2.07235000e-08  1.17776296e+00  2.07235000e-08 -1.66191796e-04 
 2.08385000e-08  1.94993010e+00  2.08385000e-08  1.94992055e+00  2.08385000e-08  8.58532712e-01 
 2.08395000e-08  1.94993048e+00  2.08395000e-08  1.94992656e+00  2.08395000e-08  9.19659038e-01 
 2.08405000e-08  1.94993104e+00  2.08405000e-08  1.94993350e+00  2.08405000e-08  9.79557098e-01 
 2.08415000e-08  1.94993141e+00  2.08415000e-08  1.94993921e+00  2.08415000e-08  1.03967928e+00 
 2.08425000e-08  1.94993196e+00  2.08425000e-08  1.94994666e+00  2.08425000e-08  1.10382217e+00 
 2.08435000e-08  1.94993231e+00  2.08435000e-08  1.94994372e+00  2.08435000e-08  1.17557782e+00 
 2.10665000e-08  1.16653849e+00  2.10665000e-08  1.94999909e+00  2.10665000e-08  1.94999650e+00 
 2.10675000e-08  1.11428543e+00  2.10675000e-08  1.94999906e+00  2.10675000e-08  1.94999774e+00 
 2.10685000e-08  1.06235068e+00  2.10685000e-08  1.94999909e+00  2.10685000e-08  1.94999667e+00 
 2.10695000e-08  1.01067563e+00  2.10695000e-08  1.94999905e+00  2.10695000e-08  1.94999844e+00 
 2.10705000e-08  9.59195745e-01  2.10705000e-08  1.94999906e+00  2.10705000e-08  1.94999659e+00 
 2.10715000e-08  9.07863662e-01  2.10715000e-08  1.94999903e+00  2.10715000e-08  1.94999775e+00 
 2.13645000e-08  3.18018345e-04  2.13645000e-08  1.16457148e+00  2.13645000e-08  1.94994486e+00 
 2.13655000e-08  3.11644201e-04  2.13655000e-08  1.11275509e+00  2.13655000e-08  1.94994008e+00 
 2.13665000e-08  3.05125955e-04  2.13665000e-08  1.06017042e+00  2.13665000e-08  1.94993907e+00 
 2.13675000e-08  2.99002192e-04  2.13675000e-08  1.00680214e+00  2.13675000e-08  1.94994269e+00 
 2.13685000e-08  2.92736627e-04  2.13685000e-08  9.52668437e-01  2.13685000e-08  1.94995266e+00 
 2.13695000e-08  2.86854530e-04  2.13695000e-08  8.97765620e-01  2.13695000e-08  1.94996870e+00 
 2.16525000e-08  9.22390841e-01  2.16525000e-08  1.31201620e-06  2.16525000e-08  1.94999776e+00 
 2.16535000e-08  9.63861201e-01  2.16535000e-08  1.09333735e-06  2.16535000e-08  1.94999792e+00 
 2.16545000e-08  1.00495153e+00  2.16545000e-08  1.28781882e-06  2.16545000e-08  1.94999786e+00 
 2.16555000e-08  1.04566126e+00  2.16555000e-08  1.08111517e-06  2.16555000e-08  1.94999801e+00 
 2.16565000e-08  1.08600495e+00  2.16565000e-08  1.27467122e-06  2.16565000e-08  1.94999796e+00 
 2.16575000e-08  1.12597686e+00  2.16575000e-08  1.06964521e-06  2.16575000e-08  1.94999810e+00 
 2.18405000e-08  1.94969846e+00  2.18405000e-08  8.74776178e-01  2.18405000e-08  1.94989555e+00 
 2.18415000e-08  1.94970564e+00  2.18415000e-08  9.36176588e-01  2.18415000e-08  1.94979783e+00 
 2.18425000e-08  1.94971305e+00  2.18425000e-08  9.96684406e-01  2.18425000e-08  1.94968906e+00 
 2.18435000e-08  1.94971960e+00  2.18435000e-08  1.05628295e+00  2.18435000e-08  1.94958508e+00 
 2.18445000e-08  1.94972641e+00  2.18445000e-08  1.11505871e+00  2.18445000e-08  1.94948937e+00 
 2.18455000e-08  1.94973241e+00  2.18455000e-08  1.17329612e+00  2.18455000e-08  1.94937672e+00 
 2.19755000e-08  1.94993649e+00  2.19755000e-08  1.94997622e+00  2.19755000e-08  1.15354436e+00 
 2.19765000e-08  1.94993699e+00  2.19765000e-08  1.95000241e+00  2.19765000e-08  1.09598048e+00 
 2.19775000e-08  1.94993728e+00  2.19775000e-08  1.95003005e+00  2.19775000e-08  1.03814648e+00 
 2.19785000e-08  1.94993777e+00  2.19785000e-08  1.95005257e+00  2.19785000e-08  9.79952990e-01 
 2.19795000e-08  1.94993805e+00  2.19795000e-08  1.95006998e+00  2.19795000e-08  9.21189074e-01 
 2.19805000e-08  1.94993852e+00  2.19805000e-08  1.95008186e+00  2.19805000e-08  8.61816577e-01 
 2.21885000e-08  1.16985318e+00  2.21885000e-08  1.94999902e+00  2.21885000e-08  2.47866154e-05 
 2.21895000e-08  1.11758000e+00  2.21895000e-08  1.94999898e+00  2.21895000e-08  2.52102165e-05 
 2.21905000e-08  1.06562528e+00  2.21905000e-08  1.94999901e+00  2.21905000e-08  2.32087940e-05 
 2.21915000e-08  1.01393716e+00  2.21915000e-08  1.94999897e+00  2.21915000e-08  2.36513202e-05 
 2.21925000e-08  9.62445264e-01  2.21925000e-08  1.94999900e+00  2.21925000e-08  2.17305206e-05 
 2.21935000e-08  9.11106230e-01  2.21935000e-08  1.94999895e+00  2.21935000e-08  2.21894864e-05 
 2.24865000e-08  3.18457403e-04  2.24865000e-08  1.16790451e+00  2.24865000e-08 -2.80272690e-06 
 2.24875000e-08  3.12028251e-04  2.24875000e-08  1.11613808e+00  2.24875000e-08 -2.23407039e-06 
 2.24885000e-08  3.05548815e-04  2.24885000e-08  1.06360089e+00  2.24885000e-08 -7.52187327e-07 
 2.24895000e-08  2.99371737e-04  2.24895000e-08  1.01028256e+00  2.24895000e-08  9.98578285e-07 
 2.24905000e-08  2.93143367e-04  2.24905000e-08  9.56196474e-01  2.24905000e-08  3.27220266e-06 
 2.24915000e-08  2.87208921e-04  2.24915000e-08  9.01343040e-01  2.24915000e-08  5.69438477e-06 
 2.27745000e-08  9.20300645e-01  2.27745000e-08  2.21428768e-06  2.27745000e-08  6.49549225e-07 
 2.27755000e-08  9.61791067e-01  2.27755000e-08  1.90704146e-06  2.27755000e-08  1.96129368e-08 
 2.27765000e-08  1.00290041e+00  2.27765000e-08  2.14570196e-06  2.27765000e-08  6.11352048e-07 
 2.27775000e-08  1.04362881e+00  2.27775000e-08  1.85353762e-06  2.27775000e-08  2.48110861e-08 
 2.27785000e-08  1.08399089e+00  2.27785000e-08  2.09179507e-06  2.27785000e-08  6.20191464e-07 
 2.27795000e-08  1.12398157e+00  2.27795000e-08  1.80249350e-06  2.27795000e-08  2.20934482e-09 
 2.29625000e-08  1.94969810e+00  2.29625000e-08  8.70506054e-01  2.29625000e-08 -8.72138254e-05 
 2.29635000e-08  1.94970528e+00  2.29635000e-08  9.32103607e-01  2.29635000e-08 -1.12710595e-04 
 2.29645000e-08  1.94971273e+00  2.29645000e-08  9.92901814e-01  2.29645000e-08 -1.28681728e-04 
 2.29655000e-08  1.94971927e+00  2.29655000e-08  1.05288039e+00  2.29655000e-08 -1.38304196e-04 
 2.29665000e-08  1.94972612e+00  2.29665000e-08  1.11210180e+00  2.29665000e-08 -1.50275767e-04 
 2.29675000e-08  1.94973210e+00  2.29675000e-08  1.17075687e+00  2.29675000e-08 -1.64331858e-04 
 2.30825000e-08  1.94993006e+00  2.30825000e-08  1.94992020e+00  2.30825000e-08  8.51181577e-01 
 2.30835000e-08  1.94993041e+00  2.30835000e-08  1.94992560e+00  2.30835000e-08  9.12496449e-01 
 2.30845000e-08  1.94993100e+00  2.30845000e-08  1.94993288e+00  2.30845000e-08  9.72496008e-01 
 2.30855000e-08  1.94993134e+00  2.30855000e-08  1.94993847e+00  2.30855000e-08  1.03242705e+00 
 2.30865000e-08  1.94993191e+00  2.30865000e-08  1.94994588e+00  2.30865000e-08  1.09590147e+00 
 2.30875000e-08  1.94993225e+00  2.30875000e-08  1.94994433e+00  2.30875000e-08  1.16684626e+00 
 2.33105000e-08  1.17277060e+00  2.33105000e-08  1.94999911e+00  2.33105000e-08  1.94999933e+00 
 2.33115000e-08  1.12047964e+00  2.33115000e-08  1.94999904e+00  2.33115000e-08  1.94999958e+00 
 2.33125000e-08  1.06850714e+00  2.33125000e-08  1.94999910e+00  2.33125000e-08  1.94999937e+00 
 2.33135000e-08  1.01680732e+00  2.33135000e-08  1.94999903e+00  2.33135000e-08  1.94999953e+00 
 2.33145000e-08  9.65304669e-01  2.33145000e-08  1.94999908e+00  2.33145000e-08  1.94999934e+00 
 2.33155000e-08  9.13959410e-01  2.33155000e-08  1.94999901e+00  2.33155000e-08  1.94999957e+00 
 2.35735000e-08  6.48610952e-04  2.35735000e-08  2.00598809e+00  2.35735000e-08  1.94999870e+00 
 2.36085000e-08  3.18846168e-04  2.36085000e-08  1.17078601e+00  2.36085000e-08  1.94994557e+00 
 2.36095000e-08  3.12370157e-04  2.36095000e-08  1.11906598e+00  2.36095000e-08  1.94994048e+00 
 2.36105000e-08  3.05922141e-04  2.36105000e-08  1.06657302e+00  2.36105000e-08  1.94993899e+00 
 2.36115000e-08  2.99698977e-04  2.36115000e-08  1.01330073e+00  2.36115000e-08  1.94994191e+00 
 2.36125000e-08  2.93502673e-04  2.36125000e-08  9.59258094e-01  2.36125000e-08  1.94995115e+00 
 2.36135000e-08  2.87523872e-04  2.36135000e-08  9.04448736e-01  2.36135000e-08  1.94996638e+00 
 2.38965000e-08  9.17315826e-01  2.38965000e-08  1.27827071e-06  2.38965000e-08  1.94999777e+00 
 2.38975000e-08  9.58834936e-01  2.38975000e-08  1.13023528e-06  2.38975000e-08  1.94999789e+00 
 2.38985000e-08  9.99971126e-01  2.38985000e-08  1.25317411e-06  2.38985000e-08  1.94999787e+00 
 2.38995000e-08  1.04072629e+00  2.38995000e-08  1.11658423e-06  2.38995000e-08  1.94999799e+00 
 2.39005000e-08  1.08111460e+00  2.39005000e-08  1.24043920e-06  2.39005000e-08  1.94999797e+00 
 2.39015000e-08  1.12113197e+00  2.39015000e-08  1.10492006e-06  2.39015000e-08  1.94999808e+00 
 2.40845000e-08  1.94969755e+00  2.40845000e-08  8.67135638e-01  2.40845000e-08  1.94991184e+00 
 2.40855000e-08  1.94970472e+00  2.40855000e-08  9.28645077e-01  2.40855000e-08  1.94981502e+00 
 2.40865000e-08  1.94971223e+00  2.40865000e-08  9.89266604e-01  2.40865000e-08  1.94970597e+00 
 2.40875000e-08  1.94971876e+00  2.40875000e-08  1.04897634e+00  2.40875000e-08  1.94959871e+00 
 2.40885000e-08  1.94972566e+00  2.40885000e-08  1.10784261e+00  2.40885000e-08  1.94950485e+00 
 2.40895000e-08  1.94973163e+00  2.40895000e-08  1.16612017e+00  2.40895000e-08  1.94939393e+00 
 2.42195000e-08  1.94993644e+00  2.42195000e-08  1.94997278e+00  2.42195000e-08  1.16051816e+00 
 2.42205000e-08  1.94993695e+00  2.42205000e-08  1.94999919e+00  2.42205000e-08  1.10296550e+00 
 2.42215000e-08  1.94993722e+00  2.42215000e-08  1.95002671e+00  2.42215000e-08  1.04517511e+00 
 2.42225000e-08  1.94993773e+00  2.42225000e-08  1.95005031e+00  2.42225000e-08  9.87032582e-01 
 2.42235000e-08  1.94993799e+00  2.42235000e-08  1.95006796e+00  2.42235000e-08  9.28346066e-01 
 2.42245000e-08  1.94993849e+00  2.42245000e-08  1.95008088e+00  2.42245000e-08  8.69050804e-01 
 2.44325000e-08  1.17582115e+00  2.44325000e-08  1.94999906e+00  2.44325000e-08  2.50302951e-05 
 2.44335000e-08  1.12351174e+00  2.44335000e-08  1.94999895e+00  2.44335000e-08  2.51525468e-05 
 2.44345000e-08  1.07152041e+00  2.44345000e-08  1.94999905e+00  2.44345000e-08  2.34489674e-05 
 2.44355000e-08  1.01980830e+00  2.44355000e-08  1.94999893e+00  2.44355000e-08  2.35880466e-05 
 2.44365000e-08  9.68294221e-01  2.44365000e-08  1.94999903e+00  2.44365000e-08  2.19671154e-05 
 2.44375000e-08  9.16942480e-01  2.44375000e-08  1.94999891e+00  2.44375000e-08  2.21205691e-05 
 2.47305000e-08  3.19278222e-04  2.47305000e-08  1.17387174e+00  2.47305000e-08 -2.73124738e-06 
 2.47315000e-08  3.12756341e-04  2.47315000e-08  1.12219797e+00  2.47315000e-08 -2.45627711e-06 
 2.47325000e-08  3.06339406e-04  2.47325000e-08  1.06974891e+00  2.47325000e-08 -8.36811116e-07 
 2.47335000e-08  3.00069727e-04  2.47335000e-08  1.01652284e+00  2.47335000e-08  6.74704617e-07 
 2.47345000e-08  2.93902673e-04  2.47345000e-08  9.62524307e-01  2.47345000e-08  3.09180951e-06 
 2.47355000e-08  2.87879273e-04  2.47355000e-08  9.07760746e-01  2.47355000e-08  5.29940996e-06 
 2.50185000e-08  9.15268737e-01  2.50185000e-08  2.18989368e-06  2.50185000e-08  5.70052435e-07 
 2.50195000e-08  9.56807534e-01  2.50195000e-08  1.94010814e-06  2.50195000e-08  6.75795873e-08 
 2.50205000e-08  9.97962179e-01  2.50205000e-08  2.12085535e-06  2.50205000e-08  5.77848905e-07 
 2.50215000e-08  1.03873570e+00  2.50215000e-08  1.88412031e-06  2.50215000e-08  4.49352010e-08 
 2.50225000e-08  1.07914200e+00  2.50225000e-08  2.06642152e-06  2.50225000e-08  5.44280818e-07 
 2.50235000e-08  1.11917761e+00  2.50235000e-08  1.83347096e-06  2.50235000e-08  3.48476540e-08 
 2.52065000e-08  1.94969719e+00  2.52065000e-08  8.62920993e-01  2.52065000e-08 -8.41275601e-05 
 2.52075000e-08  1.94970434e+00  2.52075000e-08  9.24612891e-01  2.52075000e-08 -1.09822059e-04 
 2.52085000e-08  1.94971190e+00  2.52085000e-08  9.85512777e-01  2.52085000e-08 -1.26498376e-04 
 2.52095000e-08  1.94971841e+00  2.52095000e-08  1.04559347e+00  2.52095000e-08 -1.36907831e-04 
 2.52105000e-08  1.94972536e+00  2.52105000e-08  1.10489903e+00  2.52105000e-08 -1.48184310e-04 
 2.52115000e-08  1.94973131e+00  2.52115000e-08  1.16360759e+00  2.52115000e-08 -1.62186390e-04 
 2.53275000e-08  1.94993034e+00  2.53275000e-08  1.94992460e+00  2.53275000e-08  9.05087848e-01 
 2.53285000e-08  1.94993095e+00  2.53285000e-08  1.94993224e+00  2.53285000e-08  9.65206736e-01 
 2.53295000e-08  1.94993127e+00  2.53295000e-08  1.94993763e+00  2.53295000e-08  1.02500804e+00 
 2.53305000e-08  1.94993187e+00  2.53305000e-08  1.94994497e+00  2.53305000e-08  1.08787472e+00 
 2.53315000e-08  1.94993218e+00  2.53315000e-08  1.94994512e+00  2.53315000e-08  1.15785465e+00 
 2.53325000e-08  1.94993277e+00  2.53325000e-08  1.94994405e+00  2.53325000e-08  1.23120907e+00 
 2.55545000e-08  1.17892739e+00  2.55545000e-08  1.94999913e+00  2.55545000e-08  1.94999930e+00 
 2.55555000e-08  1.12659898e+00  2.55555000e-08  1.94999902e+00  2.55555000e-08  1.94999782e+00 
 2.55565000e-08  1.07458818e+00  2.55565000e-08  1.94999912e+00  2.55565000e-08  1.94999879e+00 
 2.55575000e-08  1.02286322e+00  2.55575000e-08  1.94999901e+00  2.55575000e-08  1.94999791e+00 
 2.55585000e-08  9.71337241e-01  2.55585000e-08  1.94999911e+00  2.55585000e-08  1.94999928e+00 
 2.55595000e-08  9.19978676e-01  2.55595000e-08  1.94999899e+00  2.55595000e-08  1.94999783e+00 
 2.58525000e-08  3.19687652e-04  2.58525000e-08  1.17692846e+00  2.58525000e-08  1.94994630e+00 
 2.58535000e-08  3.13120464e-04  2.58535000e-08  1.12530394e+00  2.58535000e-08  1.94994093e+00 
 2.58545000e-08  3.06729658e-04  2.58545000e-08  1.07290172e+00  2.58545000e-08  1.94993897e+00 
 2.58555000e-08  3.00420045e-04  2.58555000e-08  1.01972454e+00  2.58555000e-08  1.94994124e+00 
 2.58565000e-08  2.94280983e-04  2.58565000e-08  9.65772130e-01  2.58565000e-08  1.94994974e+00 
 2.58575000e-08  2.88215711e-04  2.58575000e-08  9.11055545e-01  2.58575000e-08  1.94996419e+00 
 2.61405000e-08  9.12367755e-01  2.61405000e-08  1.23488417e-06  2.61405000e-08  1.94999775e+00 
 2.61415000e-08  9.53934452e-01  2.61415000e-08  1.17717310e-06  2.61415000e-08  1.94999790e+00 
 2.61425000e-08  9.95115199e-01  2.61425000e-08  1.20914864e-06  2.61425000e-08  1.94999785e+00 
 2.61435000e-08  1.03591475e+00  2.61435000e-08  1.16191651e-06  2.61435000e-08  1.94999800e+00 
 2.61445000e-08  1.07634643e+00  2.61445000e-08  1.19694292e-06  2.61445000e-08  1.94999795e+00 
 2.61455000e-08  1.11640785e+00  2.61455000e-08  1.14984457e-06  2.61455000e-08  1.94999810e+00 
 2.63285000e-08  1.94969668e+00  2.63285000e-08  8.59787371e-01  2.63285000e-08  1.94992601e+00 
 2.63295000e-08  1.94970381e+00  2.63295000e-08  9.21398410e-01  2.63295000e-08  1.94983043e+00 
 2.63305000e-08  1.94971144e+00  2.63305000e-08  9.82126613e-01  2.63305000e-08  1.94972140e+00 
 2.63315000e-08  1.94971792e+00  2.63315000e-08  1.04194441e+00  2.63315000e-08  1.94961223e+00 
 2.63325000e-08  1.94972494e+00  2.63325000e-08  1.10090084e+00  2.63325000e-08  1.94951867e+00 
 2.63335000e-08  1.94973086e+00  2.63335000e-08  1.15922558e+00  2.63335000e-08  1.94940941e+00 
 2.64635000e-08  1.94993638e+00  2.64635000e-08  1.94996943e+00  2.64635000e-08  1.16731873e+00 
 2.64645000e-08  1.94993692e+00  2.64645000e-08  1.94999649e+00  2.64645000e-08  1.10977447e+00 
 2.64655000e-08  1.94993717e+00  2.64655000e-08  1.95002352e+00  2.64655000e-08  1.05202365e+00 
 2.64665000e-08  1.94993770e+00  2.64665000e-08  1.95004802e+00  2.64665000e-08  9.93928656e-01 
 2.64675000e-08  1.94993795e+00  2.64675000e-08  1.95006584e+00  2.64675000e-08  9.35316553e-01 
 2.64685000e-08  1.94993846e+00  2.64685000e-08  1.95007976e+00  2.64685000e-08  8.76096682e-01 
 2.66765000e-08  1.18164178e+00  2.66765000e-08  1.94999909e+00  2.66765000e-08  2.56612471e-05 
 2.66775000e-08  1.12929741e+00  2.66775000e-08  1.94999892e+00  2.66775000e-08  2.47838517e-05 
 2.66785000e-08  1.07727003e+00  2.66785000e-08  1.94999908e+00  2.66785000e-08  2.41586405e-05 
 2.66795000e-08  1.02553424e+00  2.66795000e-08  1.94999891e+00  2.66795000e-08  2.32173424e-05 
 2.66805000e-08  9.73998298e-01  2.66805000e-08  1.94999906e+00  2.66805000e-08  2.26438066e-05 
 2.66815000e-08  9.22634244e-01  2.66815000e-08  1.94999888e+00  2.66815000e-08  2.16820769e-05 
 2.69745000e-08  3.20138499e-04  2.69745000e-08  1.18030899e+00  2.69745000e-08 -2.65233286e-06 
 2.69755000e-08  3.13540285e-04  2.69755000e-08  1.12873536e+00  2.69755000e-08 -2.68109569e-06 
 2.69765000e-08  3.07166767e-04  2.69765000e-08  1.07638138e+00  2.69765000e-08 -9.24839103e-07 
 2.69775000e-08  3.00821581e-04  2.69775000e-08  1.02325503e+00  2.69775000e-08  3.34246264e-07 
 2.69785000e-08  2.94697545e-04  2.69785000e-08  9.69351127e-01  2.69785000e-08  2.89286541e-06 
 2.69795000e-08  2.88602456e-04  2.69795000e-08  9.14684880e-01  2.69795000e-08  4.87829725e-06 
 2.72625000e-08  9.11286652e-01  2.72625000e-08  2.15593472e-06  2.72625000e-08  4.61471421e-07 
 2.72635000e-08  9.52863826e-01  2.72635000e-08  1.98326848e-06  2.72635000e-08  1.11315207e-07 
 2.72645000e-08  9.94054294e-01  2.72645000e-08  2.08603715e-06  2.72645000e-08  4.53317586e-07 
 2.72655000e-08  1.03486362e+00  2.72655000e-08  1.92660217e-06  2.72655000e-08  1.18748784e-07 
 2.72665000e-08  1.07530472e+00  2.72665000e-08  2.03244193e-06  2.72665000e-08  4.60523351e-07 
 2.72675000e-08  1.11537580e+00  2.72675000e-08  1.87487405e-06  2.72675000e-08  9.97287437e-08 
 2.74505000e-08  1.94969649e+00  2.74505000e-08  8.56965330e-01  2.74505000e-08 -8.08663879e-05 
 2.74515000e-08  1.94970362e+00  2.74515000e-08  9.18730625e-01  2.74515000e-08 -1.07915676e-04 
 2.74525000e-08  1.94971126e+00  2.74525000e-08  9.79707793e-01  2.74525000e-08 -1.25233038e-04 
 2.74535000e-08  1.94971775e+00  2.74535000e-08  1.03986754e+00  2.74535000e-08 -1.36282845e-04 
 2.74545000e-08  1.94972477e+00  2.74545000e-08  1.09924536e+00  2.74545000e-08 -1.47055096e-04 
 2.74555000e-08  1.94973070e+00  2.74555000e-08  1.15801367e+00  2.74555000e-08 -1.61138644e-04 
 2.75715000e-08  1.94993029e+00  2.75715000e-08  1.94992383e+00  2.75715000e-08  8.99290858e-01 
 2.75725000e-08  1.94993091e+00  2.75725000e-08  1.94993174e+00  2.75725000e-08  9.59510963e-01 
 2.75735000e-08  1.94993122e+00  2.75735000e-08  1.94993696e+00  2.75735000e-08  1.01924921e+00 
 2.75745000e-08  1.94993183e+00  2.75745000e-08  1.94994417e+00  2.75745000e-08  1.08169165e+00 
 2.75755000e-08  1.94993213e+00  2.75755000e-08  1.94994581e+00  2.75755000e-08  1.15085369e+00 
 2.75765000e-08  1.94993273e+00  2.75765000e-08  1.94994391e+00  2.75765000e-08  1.22427298e+00 
 2.77995000e-08  1.13163057e+00  2.77995000e-08  1.94999901e+00  2.77995000e-08  1.94999558e+00 
 2.78005000e-08  1.07958776e+00  2.78005000e-08  1.94999914e+00  2.78005000e-08  1.94999842e+00 
 2.78015000e-08  1.02784149e+00  2.78015000e-08  1.94999900e+00  2.78015000e-08  1.94999576e+00 
 2.78025000e-08  9.76295850e-01  2.78025000e-08  1.94999912e+00  2.78025000e-08  1.94999770e+00 
 2.78035000e-08  9.24926002e-01  2.78035000e-08  1.94999898e+00  2.78035000e-08  1.94999602e+00 
 2.78045000e-08  8.73665629e-01  2.78045000e-08  1.94999909e+00  2.78045000e-08  1.94999869e+00 
 2.80965000e-08  3.20353569e-04  2.80965000e-08  1.18192946e+00  2.80965000e-08  1.94994690e+00 
 2.80975000e-08  3.13730622e-04  2.80975000e-08  1.13038280e+00  2.80975000e-08  1.94994132e+00 
 2.80985000e-08  3.07372595e-04  2.80985000e-08  1.07805451e+00  2.80985000e-08  1.94993901e+00 
 2.80995000e-08  3.01006758e-04  2.80995000e-08  1.02495487e+00  2.80995000e-08  1.94994075e+00 
 2.81005000e-08  2.94896991e-04  2.81005000e-08  9.71076117e-01  2.81005000e-08  1.94994867e+00 
 2.81015000e-08  2.88778437e-04  2.81015000e-08  9.16435278e-01  2.81015000e-08  1.94996247e+00 
 2.83845000e-08  9.09004084e-01  2.83845000e-08  1.19862147e-06  2.83845000e-08  1.94999773e+00 
 2.83855000e-08  9.50603394e-01  2.83855000e-08  1.21587862e-06  2.83855000e-08  1.94999792e+00 
 2.83865000e-08  9.91814419e-01  2.83865000e-08  1.17281024e-06  2.83865000e-08  1.94999783e+00 
 2.83875000e-08  1.03264440e+00  2.83875000e-08  1.19975307e-06  2.83875000e-08  1.94999801e+00 
 2.83885000e-08  1.07310540e+00  2.83885000e-08  1.16131355e-06  2.83885000e-08  1.94999793e+00 
 2.83895000e-08  1.11319684e+00  2.83895000e-08  1.18736567e-06  2.83895000e-08  1.94999811e+00 
 2.85725000e-08  1.94969603e+00  2.85725000e-08  8.54774916e-01  2.85725000e-08  1.94993280e+00 
 2.85735000e-08  1.94970324e+00  2.85735000e-08  9.16454247e-01  2.85735000e-08  1.94983867e+00 
 2.85745000e-08  1.94971084e+00  2.85745000e-08  9.77254496e-01  2.85745000e-08  1.94973018e+00 
 2.85755000e-08  1.94971741e+00  2.85755000e-08  1.03714287e+00  2.85755000e-08  1.94962068e+00 
 2.85765000e-08  1.94972439e+00  2.85765000e-08  1.09616436e+00  2.85765000e-08  1.94952621e+00 
 2.85775000e-08  1.94973039e+00  2.85775000e-08  1.15453150e+00  2.85775000e-08  1.94941846e+00 
 2.87075000e-08  1.94993636e+00  2.87075000e-08  1.94996715e+00  2.87075000e-08  1.17198743e+00 
 2.87085000e-08  1.94993687e+00  2.87085000e-08  1.94999456e+00  2.87085000e-08  1.11444774e+00 
 2.87095000e-08  1.94993715e+00  2.87095000e-08  1.95002120e+00  2.87095000e-08  1.05672270e+00 
 2.87105000e-08  1.94993765e+00  2.87105000e-08  1.95004640e+00  2.87105000e-08  9.98658885e-01 
 2.87115000e-08  1.94993792e+00  2.87115000e-08  1.95006438e+00  2.87115000e-08  9.40096146e-01 
 2.87125000e-08  1.94993841e+00  2.87125000e-08  1.95007900e+00  2.87125000e-08  8.80926421e-01 
 2.89215000e-08  1.13368468e+00  2.89215000e-08  1.94999890e+00  2.89215000e-08  2.43898181e-05 
 2.89225000e-08  1.08162953e+00  2.89225000e-08  1.94999910e+00  2.89225000e-08  2.45686280e-05 
 2.89235000e-08  1.02987495e+00  2.89235000e-08  1.94999889e+00  2.89235000e-08  2.29292120e-05 
 2.89245000e-08  9.78321960e-01  2.89245000e-08  1.94999908e+00  2.89245000e-08  2.31805610e-05 
 2.89255000e-08  9.26947938e-01  2.89255000e-08  1.94999887e+00  2.89255000e-08  2.13817915e-05 
 2.89265000e-08  8.75683129e-01  2.89265000e-08  1.94999906e+00  2.89265000e-08  2.16643161e-05 
 2.92195000e-08  3.14065800e-04  2.92195000e-08  1.13313224e+00  2.92195000e-08 -2.80977541e-06 
 2.92205000e-08  3.07719125e-04  2.92205000e-08  1.08084236e+00  2.92205000e-08 -9.93729888e-07 
 2.92215000e-08  3.01328704e-04  2.92215000e-08  1.02778318e+00  2.92215000e-08  1.23454799e-07 
 2.92225000e-08  2.95230139e-04  2.92225000e-08  9.73943119e-01  2.92225000e-08  2.74769844e-06 
 2.92235000e-08  2.89087629e-04  2.92235000e-08  9.19342527e-01  2.92235000e-08  4.61062435e-06 
 2.92245000e-08  2.83230275e-04  2.92245000e-08  8.63983081e-01  2.92245000e-08  7.73788547e-06 
 2.95065000e-08  9.08146198e-01  2.95065000e-08  2.13486029e-06  2.95065000e-08  4.05428296e-07 
 2.95075000e-08  9.49753805e-01  2.95075000e-08  2.01020677e-06  2.95075000e-08  1.54821060e-07 
 2.95085000e-08  9.90972586e-01  2.95085000e-08  2.06452829e-06  2.95085000e-08  3.83182748e-07 
 2.95095000e-08  1.03181031e+00  2.95095000e-08  1.95279214e-06  2.95095000e-08  1.52814256e-07 
 2.95105000e-08  1.07227881e+00  2.95105000e-08  2.01116899e-06  2.95105000e-08  3.84371790e-07 
 2.95115000e-08  1.11237787e+00  2.95115000e-08  1.90089824e-06  2.95115000e-08  1.36708120e-07 
 2.96945000e-08  1.94969586e+00  2.96945000e-08  8.52273651e-01  2.96945000e-08 -7.82924430e-05 
 2.96955000e-08  1.94970310e+00  2.96955000e-08  9.14096096e-01  2.96955000e-08 -1.07086559e-04 
 2.96965000e-08  1.94971068e+00  2.96965000e-08  9.75133429e-01  2.96965000e-08 -1.25019920e-04 
 2.96975000e-08  1.94971728e+00  2.96975000e-08  1.03535272e+00  2.96975000e-08 -1.36013355e-04 
 2.96985000e-08  1.94972424e+00  2.96985000e-08  1.09478139e+00  2.96985000e-08 -1.45716643e-04 
 2.96995000e-08  1.94973027e+00  2.96995000e-08  1.15357880e+00  2.96995000e-08 -1.60021187e-04 
 2.98155000e-08  1.94993027e+00  2.98155000e-08  1.94992323e+00  2.98155000e-08  8.94686994e-01 
 2.98165000e-08  1.94993086e+00  2.98165000e-08  1.94993134e+00  2.98165000e-08  9.54993420e-01 
 2.98175000e-08  1.94993121e+00  2.98175000e-08  1.94993641e+00  2.98175000e-08  1.01470203e+00 
 2.98185000e-08  1.94993178e+00  2.98185000e-08  1.94994350e+00  2.98185000e-08  1.07682926e+00 
 2.98195000e-08  1.94993212e+00  2.98195000e-08  1.94994639e+00  2.98195000e-08  1.14530893e+00 
 2.98205000e-08  1.94993268e+00  2.98205000e-08  1.94994382e+00  2.98205000e-08  1.21875383e+00 
 3.00435000e-08  1.13568438e+00  3.00435000e-08  1.94999900e+00  3.00435000e-08  1.94999356e+00 
 3.00445000e-08  1.08361584e+00  3.00445000e-08  1.94999915e+00  3.00445000e-08  1.94999635e+00 
 3.00455000e-08  1.03185181e+00  3.00455000e-08  1.94999899e+00  3.00455000e-08  1.94999412e+00 
 3.00465000e-08  9.80290347e-01  3.00465000e-08  1.94999913e+00  3.00465000e-08  1.94999799e+00 
 3.00475000e-08  9.28910997e-01  3.00475000e-08  1.94999897e+00  3.00475000e-08  1.94999435e+00 
 3.00485000e-08  8.77641007e-01  3.00485000e-08  1.94999911e+00  3.00485000e-08  1.94999702e+00 
 3.03415000e-08  3.14216299e-04  3.03415000e-08  1.13436118e+00  3.03415000e-08  1.94994164e+00 
 3.03425000e-08  3.07880220e-04  3.03425000e-08  1.08209090e+00  3.03425000e-08  1.94993907e+00 
 3.03435000e-08  3.01471675e-04  3.03435000e-08  1.02905209e+00  3.03435000e-08  1.94994039e+00 
 3.03445000e-08  2.95385509e-04  3.03445000e-08  9.75231172e-01  3.03445000e-08  1.94994787e+00 
 3.03455000e-08  2.89226105e-04  3.03455000e-08  9.20649848e-01  3.03455000e-08  1.94996115e+00 
 3.03465000e-08  2.83379050e-04  3.03465000e-08  8.65307929e-01  3.03465000e-08  1.94998146e+00 
 3.06285000e-08  9.05602115e-01  3.06285000e-08  1.17232990e-06  3.06285000e-08  1.94999772e+00 
 3.06295000e-08  9.47234409e-01  3.06295000e-08  1.24461249e-06  3.06295000e-08  1.94999792e+00 
 3.06305000e-08  9.88476176e-01  3.06305000e-08  1.14590954e-06  3.06305000e-08  1.94999782e+00 
 3.06315000e-08  1.02933695e+00  3.06315000e-08  1.22724210e-06  3.06315000e-08  1.94999802e+00 
 3.06325000e-08  1.06982764e+00  3.06325000e-08  1.13461393e-06  3.06325000e-08  1.94999792e+00 
 3.06335000e-08  1.10994931e+00  3.06335000e-08  1.21454177e-06  3.06335000e-08  1.94999811e+00 
 3.08165000e-08  1.94969535e+00  3.08165000e-08  8.49696929e-01  3.08165000e-08  1.94993955e+00 
 3.08175000e-08  1.94970268e+00  3.08175000e-08  9.11446114e-01  3.08175000e-08  1.94984695e+00 
 3.08185000e-08  1.94971021e+00  3.08185000e-08  9.72318973e-01  3.08185000e-08  1.94973908e+00 
 3.08195000e-08  1.94971690e+00  3.08195000e-08  1.03228293e+00  3.08195000e-08  1.94962951e+00 
 3.08205000e-08  1.94972381e+00  3.08205000e-08  1.09136924e+00  3.08205000e-08  1.94953478e+00 
 3.08215000e-08  1.94972993e+00  3.08215000e-08  1.14977674e+00  3.08215000e-08  1.94942783e+00 
 3.09515000e-08  1.94993634e+00  3.09515000e-08  1.94996482e+00  3.09515000e-08  1.17675681e+00 
 3.09525000e-08  1.94993682e+00  3.09525000e-08  1.94999256e+00  3.09525000e-08  1.11922081e+00 
 3.09535000e-08  1.94993713e+00  3.09535000e-08  1.95001881e+00  3.09535000e-08  1.06152083e+00 
 3.09545000e-08  1.94993760e+00  3.09545000e-08  1.95004470e+00  3.09545000e-08  1.00348778e+00 
 3.09555000e-08  1.94993790e+00  3.09555000e-08  1.95006285e+00  3.09555000e-08  9.44974537e-01 
 3.09565000e-08  1.94993836e+00  3.09565000e-08  1.95007818e+00  3.09565000e-08  8.85855472e-01 
 3.11655000e-08  1.13820957e+00  3.11655000e-08  1.94999888e+00  3.11655000e-08  2.39969968e-05 
 3.11665000e-08  1.08612544e+00  3.11665000e-08  1.94999912e+00  3.11665000e-08  2.51217441e-05 
 3.11675000e-08  1.03435067e+00  3.11675000e-08  1.94999887e+00  3.11675000e-08  2.25313327e-05 
 3.11685000e-08  9.82779763e-01  3.11685000e-08  1.94999910e+00  3.11685000e-08  2.37268270e-05 
 3.11695000e-08  9.31394902e-01  3.11695000e-08  1.94999885e+00  3.11695000e-08  2.09761569e-05 
 3.11705000e-08  8.80119239e-01  3.11705000e-08  1.94999907e+00  3.11705000e-08  2.21854916e-05 
 3.14635000e-08  3.14591044e-04  3.14635000e-08  1.13743663e+00  3.14635000e-08 -2.92616371e-06 
 3.14645000e-08  3.08265108e-04  3.14645000e-08  1.08520957e+00  3.14645000e-08 -1.06084686e-06 
 3.14655000e-08  3.01833789e-04  3.14655000e-08  1.03221621e+00  3.14655000e-08 -7.43690345e-08 
 3.14665000e-08  2.95757930e-04  3.14665000e-08  9.78438787e-01  3.14665000e-08  2.61988489e-06 
 3.14675000e-08  2.89573288e-04  3.14675000e-08  9.23902649e-01  3.14675000e-08  4.35702126e-06 
 3.14685000e-08  2.83735028e-04  3.14685000e-08  8.68603794e-01  3.14685000e-08  7.57726302e-06 
 3.17505000e-08  9.04332785e-01  3.17505000e-08  2.11426752e-06  3.17505000e-08  2.76941432e-07 
 3.17515000e-08  9.45977398e-01  3.17515000e-08  2.03756603e-06  3.17515000e-08  1.56227535e-07 
 3.17525000e-08  9.87230653e-01  3.17525000e-08  2.04298514e-06  3.17525000e-08  2.75472276e-07 
 3.17535000e-08  1.02810293e+00  3.17535000e-08  1.97802008e-06  3.17535000e-08  1.42174392e-07 
 3.17545000e-08  1.06860469e+00  3.17545000e-08  1.98967727e-06  3.17545000e-08  2.60567319e-07 
 3.17555000e-08  1.10873762e+00  3.17555000e-08  1.92654547e-06  3.17555000e-08  1.40231303e-07 
 3.19385000e-08  1.94969510e+00  3.19385000e-08  8.46591610e-01  3.19385000e-08 -7.51729843e-05 
 3.19395000e-08  1.94970248e+00  3.19395000e-08  9.08483925e-01  3.19395000e-08 -1.04790862e-04 
 3.19405000e-08  1.94970998e+00  3.19405000e-08  9.69593850e-01  3.19405000e-08 -1.23340687e-04 
 3.19415000e-08  1.94971671e+00  3.19415000e-08  1.02988945e+00  3.19415000e-08 -1.35548130e-04 
 3.19425000e-08  1.94972360e+00  3.19425000e-08  1.08938450e+00  3.19425000e-08 -1.44195171e-04 
 3.19435000e-08  1.94972975e+00  3.19435000e-08  1.14823087e+00  3.19435000e-08 -1.58931122e-04 
 3.20595000e-08  1.94993025e+00  3.20595000e-08  1.94992278e+00  3.20595000e-08  8.89124225e-01 
 3.20605000e-08  1.94993080e+00  3.20605000e-08  1.94993043e+00  3.20605000e-08  9.49540605e-01 
 3.20615000e-08  1.94993118e+00  3.20615000e-08  1.94993601e+00  3.20615000e-08  1.00923303e+00 
 3.20625000e-08  1.94993172e+00  3.20625000e-08  1.94994225e+00  3.20625000e-08  1.07102039e+00 
 3.20635000e-08  1.94993210e+00  3.20635000e-08  1.94994733e+00  3.20635000e-08  1.13868866e+00 
 3.20645000e-08  1.94993262e+00  3.20645000e-08  1.94994338e+00  3.20645000e-08  1.21212296e+00 
 3.22875000e-08  1.14012539e+00  3.22875000e-08  1.94999900e+00  3.22875000e-08  1.94999173e+00 
 3.22885000e-08  1.08802799e+00  3.22885000e-08  1.94999915e+00  3.22885000e-08  1.94999555e+00 
 3.22895000e-08  1.03624373e+00  3.22895000e-08  1.94999899e+00  3.22895000e-08  1.94999239e+00 
 3.22905000e-08  9.84664292e-01  3.22905000e-08  1.94999913e+00  3.22905000e-08  1.94999758e+00 
 3.22915000e-08  9.33274005e-01  3.22915000e-08  1.94999897e+00  3.22915000e-08  1.94999259e+00 
 3.22925000e-08  8.81993097e-01  3.22925000e-08  1.94999911e+00  3.22925000e-08  1.94999625e+00 
 3.25855000e-08  3.14722641e-04  3.25855000e-08  1.13851182e+00  3.25855000e-08  1.94994199e+00 
 3.25865000e-08  3.08402804e-04  3.25865000e-08  1.08630214e+00  3.25865000e-08  1.94993918e+00 
 3.25875000e-08  3.01959889e-04  3.25875000e-08  1.03332684e+00  3.25875000e-08  1.94994005e+00 
 3.25885000e-08  2.95889066e-04  3.25885000e-08  9.79566391e-01  3.25885000e-08  1.94994708e+00 
 3.25895000e-08  2.89694327e-04  3.25895000e-08  9.25047318e-01  3.25895000e-08  1.94995977e+00 
 3.25905000e-08  2.83863725e-04  3.25905000e-08  8.69763949e-01  3.25905000e-08  1.94997953e+00 
 3.28735000e-08  9.43038581e-01  3.28735000e-08  1.27388889e-06  3.28735000e-08  1.94999791e+00 
 3.28745000e-08  9.84318742e-01  3.28745000e-08  1.11839243e-06  3.28745000e-08  1.94999781e+00 
 3.28755000e-08  1.02521797e+00  3.28755000e-08  1.25505659e-06  3.28755000e-08  1.94999801e+00 
 3.28765000e-08  1.06574561e+00  3.28765000e-08  1.10722472e-06  3.28765000e-08  1.94999791e+00 
 3.28775000e-08  1.10590484e+00  3.28775000e-08  1.24205266e-06  3.28775000e-08  1.94999811e+00 
 3.28785000e-08  1.14569092e+00  3.28785000e-08  1.09365876e-06  3.28785000e-08  1.94999801e+00 
 3.30615000e-08  1.94970199e+00  3.30615000e-08  9.05242429e-01  3.30615000e-08  1.94985701e+00 
 3.30625000e-08  1.94970943e+00  3.30625000e-08  9.66204278e-01  3.30625000e-08  1.94975020e+00 
 3.30635000e-08  1.94971627e+00  3.30635000e-08  1.02626252e+00  3.30635000e-08  1.94964042e+00 
 3.30645000e-08  1.94972309e+00  3.30645000e-08  1.08542505e+00  3.30645000e-08  1.94954479e+00 
 3.30655000e-08  1.94972935e+00  3.30655000e-08  1.14388206e+00  3.30655000e-08  1.94943952e+00 
 3.30665000e-08  1.94973562e+00  3.30665000e-08  1.20210614e+00  3.30665000e-08  1.94931597e+00 
 3.31955000e-08  1.94993632e+00  3.31955000e-08  1.94996207e+00  3.31955000e-08  1.18257292e+00 
 3.31965000e-08  1.94993676e+00  3.31965000e-08  1.94999005e+00  3.31965000e-08  1.12504065e+00 
 3.31975000e-08  1.94993711e+00  3.31975000e-08  1.95001594e+00  3.31975000e-08  1.06736955e+00 
 3.31985000e-08  1.94993755e+00  3.31985000e-08  1.95004253e+00  3.31985000e-08  1.00937308e+00 
 3.31995000e-08  1.94993788e+00  3.31995000e-08  1.95006103e+00  3.31995000e-08  9.50919000e-01 
 3.32005000e-08  1.94993830e+00  3.32005000e-08  1.95007709e+00  3.32005000e-08  8.91861495e-01 
 3.34095000e-08  1.14298921e+00  3.34095000e-08  1.94999887e+00  3.34095000e-08  2.33209469e-05 
 3.34105000e-08  1.09087594e+00  3.34105000e-08  1.94999913e+00  3.34105000e-08  2.60341539e-05 
 3.34115000e-08  1.03907705e+00  3.34115000e-08  1.94999886e+00  3.34115000e-08  2.19222973e-05 
 3.34125000e-08  9.87488458e-01  3.34125000e-08  1.94999911e+00  3.34125000e-08  2.46752297e-05 
 3.34135000e-08  9.36089828e-01  3.34135000e-08  1.94999884e+00  3.34135000e-08  2.03322620e-05 
 3.34145000e-08  8.84804021e-01  3.34145000e-08  1.94999909e+00  3.34145000e-08  2.30606571e-05 
 3.37075000e-08  3.15175525e-04  3.37075000e-08  1.14214908e+00  3.37075000e-08 -3.05978897e-06 
 3.37085000e-08  3.08860369e-04  3.37085000e-08  1.08999084e+00  3.37085000e-08 -1.11687574e-06 
 3.37095000e-08  3.02392877e-04  3.37095000e-08  1.03706962e+00  3.37095000e-08 -3.01032243e-07 
 3.37105000e-08  2.96327112e-04  3.37105000e-08  9.83360917e-01  3.37105000e-08  2.51528061e-06 
 3.37115000e-08  2.90110343e-04  3.37115000e-08  9.28895513e-01  3.37115000e-08  4.07694283e-06 
 3.37125000e-08  2.84283427e-04  3.37125000e-08  8.73663214e-01  3.37125000e-08  7.41267646e-06 
 3.39955000e-08  9.42174395e-01  3.39955000e-08  2.06704821e-06  3.39955000e-08  2.12867444e-07 
 3.39965000e-08  9.83462396e-01  3.39965000e-08  2.01962822e-06  3.39965000e-08  2.02754943e-07 
 3.39975000e-08  1.02436969e+00  3.39975000e-08  2.00669510e-06  3.39975000e-08  2.02225113e-07 
 3.39985000e-08  1.06490486e+00  3.39985000e-08  1.96594082e-06  3.39985000e-08  1.92878653e-07 
 3.39995000e-08  1.10507194e+00  3.39995000e-08  1.95421771e-06  3.39995000e-08  1.96278670e-07 
 3.40005000e-08  1.14486582e+00  3.40005000e-08  1.91283121e-06  3.40005000e-08  1.88924611e-07 
 3.41835000e-08  1.94970185e+00  3.41835000e-08  9.02859313e-01  3.41835000e-08 -1.02410780e-04 
 3.41845000e-08  1.94970927e+00  3.41845000e-08  9.64041527e-01  3.41845000e-08 -1.21570527e-04 
 3.41855000e-08  1.94971614e+00  3.41855000e-08  1.02441117e+00  3.41855000e-08 -1.34834662e-04 
 3.41865000e-08  1.94972294e+00  3.41865000e-08  1.08397437e+00  3.41865000e-08 -1.42940490e-04 
 3.41875000e-08  1.94972924e+00  3.41875000e-08  1.14287158e+00  3.41875000e-08 -1.57863691e-04 
 3.41885000e-08  1.94973548e+00  3.41885000e-08  1.20138672e+00  3.41885000e-08 -1.73290413e-04 
 3.43035000e-08  1.94993023e+00  3.43035000e-08  1.94992249e+00  3.43035000e-08  8.83521190e-01 
 3.43045000e-08  1.94993073e+00  3.43045000e-08  1.94992971e+00  3.43045000e-08  9.44053243e-01 
 3.43055000e-08  1.94993116e+00  3.43055000e-08  1.94993569e+00  3.43055000e-08  1.00374791e+00 
 3.43065000e-08  1.94993166e+00  3.43065000e-08  1.94994113e+00  3.43065000e-08  1.06521316e+00 
 3.43075000e-08  1.94993207e+00  3.43075000e-08  1.94994832e+00  3.43075000e-08  1.13206857e+00 
 3.43085000e-08  1.94993256e+00  3.43085000e-08  1.94994313e+00  3.43085000e-08  1.20543539e+00 
 3.45315000e-08  1.14466356e+00  3.45315000e-08  1.94999900e+00  3.45315000e-08  1.94999015e+00 
 3.45325000e-08  1.09253984e+00  3.45325000e-08  1.94999915e+00  3.45325000e-08  1.94999492e+00 
 3.45335000e-08  1.04073099e+00  3.45335000e-08  1.94999899e+00  3.45335000e-08  1.94999071e+00 
 3.45345000e-08  9.89135910e-01  3.45345000e-08  1.94999913e+00  3.45345000e-08  1.94999713e+00 
 3.45355000e-08  9.37731096e-01  3.45355000e-08  1.94999897e+00  3.45355000e-08  1.94999087e+00 
 3.45365000e-08  8.86441666e-01  3.45365000e-08  1.94999911e+00  3.45365000e-08  1.94999545e+00 
 3.48295000e-08  3.15288014e-04  3.48295000e-08  1.14309338e+00  3.48295000e-08  1.94994238e+00 
 3.48305000e-08  3.08977278e-04  3.48305000e-08  1.09095062e+00  3.48305000e-08  1.94993932e+00 
 3.48315000e-08  3.02500633e-04  3.48315000e-08  1.03804549e+00  3.48315000e-08  1.94993971e+00 
 3.48325000e-08  2.96439374e-04  3.48325000e-08  9.84351909e-01  3.48325000e-08  1.94994625e+00 
 3.48335000e-08  2.90211959e-04  3.48335000e-08  9.29901682e-01  3.48335000e-08  1.94995834e+00 
 3.48345000e-08  2.84388748e-04  3.48345000e-08  8.74683117e-01  3.48345000e-08  1.94997758e+00 
 3.51175000e-08  9.39837614e-01  3.51175000e-08  1.30565329e-06  3.51175000e-08  1.94999791e+00 
 3.51185000e-08  9.81146627e-01  3.51185000e-08  1.08951465e-06  3.51185000e-08  1.94999781e+00 
 3.51195000e-08  1.02207583e+00  3.51195000e-08  1.28561346e-06  3.51195000e-08  1.94999801e+00 
 3.51205000e-08  1.06263113e+00  3.51205000e-08  1.07854518e-06  3.51205000e-08  1.94999791e+00 
 3.51215000e-08  1.10281951e+00  3.51215000e-08  1.27213609e-06  3.51215000e-08  1.94999810e+00 
 3.51225000e-08  1.14263426e+00  3.51225000e-08  1.06563567e-06  3.51225000e-08  1.94999800e+00 
 3.53055000e-08  1.94970147e+00  3.53055000e-08  9.00683019e-01  3.53055000e-08  1.94986426e+00 
 3.53065000e-08  1.94970882e+00  3.53065000e-08  9.61711816e-01  3.53065000e-08  1.94975843e+00 
 3.53075000e-08  1.94971580e+00  3.53075000e-08  1.02183744e+00  3.53075000e-08  1.94964845e+00 
 3.53085000e-08  1.94972253e+00  3.53085000e-08  1.08106283e+00  3.53085000e-08  1.94955170e+00 
 3.53095000e-08  1.94972892e+00  3.53095000e-08  1.13956131e+00  3.53095000e-08  1.94944744e+00 
 3.53105000e-08  1.94973510e+00  3.53105000e-08  1.19777484e+00  3.53105000e-08  1.94932556e+00 
 3.54395000e-08  1.94993631e+00  3.54395000e-08  1.94996022e+00  3.54395000e-08  1.18680989e+00 
 3.54405000e-08  1.94993672e+00  3.54405000e-08  1.94998804e+00  3.54405000e-08  1.12927974e+00 
 3.54415000e-08  1.94993710e+00  3.54415000e-08  1.95001398e+00  3.54415000e-08  1.07162844e+00 
 3.54425000e-08  1.94993750e+00  3.54425000e-08  1.95004073e+00  3.54425000e-08  1.01365783e+00 
 3.54435000e-08  1.94993787e+00  3.54435000e-08  1.95005983e+00  3.54435000e-08  9.55245917e-01 
 3.54445000e-08  1.94993826e+00  3.54445000e-08  1.95007609e+00  3.54445000e-08  8.96232965e-01 
 3.56535000e-08  1.14673250e+00  3.56535000e-08  1.94999888e+00  3.56535000e-08  2.29371918e-05 
 3.56545000e-08  1.09459741e+00  3.56545000e-08  1.94999912e+00  3.56545000e-08  2.70859421e-05 
 3.56555000e-08  1.04277762e+00  3.56555000e-08  1.94999887e+00  3.56555000e-08  2.12059370e-05 
 3.56565000e-08  9.91175997e-01  3.56565000e-08  1.94999910e+00  3.56565000e-08  2.52976340e-05 
 3.56575000e-08  9.39764907e-01  3.56575000e-08  1.94999886e+00  3.56575000e-08  1.99436717e-05 
 3.56585000e-08  8.88472055e-01  3.56585000e-08  1.94999908e+00  3.56585000e-08  2.40578586e-05 
 3.59515000e-08  3.15660306e-04  3.59515000e-08  1.14628322e+00  3.59515000e-08 -3.16424179e-06 
 3.59525000e-08  3.09356933e-04  3.59525000e-08  1.09418549e+00  3.59525000e-08 -1.16749268e-06 
 3.59535000e-08  3.02859414e-04  3.59535000e-08  1.04132763e+00  3.59535000e-08 -4.89640341e-07 
 3.59545000e-08  2.96806594e-04  3.59545000e-08  9.87679364e-01  3.59545000e-08  2.42013068e-06 
 3.59555000e-08  2.90558196e-04  3.59555000e-08  9.33276175e-01  3.59555000e-08  3.82595275e-06 
 3.59565000e-08  2.84742988e-04  3.59565000e-08  8.78102469e-01  3.59565000e-08  7.25006548e-06 
 3.62395000e-08  9.39208251e-01  3.62395000e-08  2.09105357e-06  3.62395000e-08  2.69564690e-07 
 3.62405000e-08  9.80522935e-01  3.62405000e-08  2.00149802e-06  3.62405000e-08  1.44474429e-07 
 3.62415000e-08  1.02145804e+00  3.62415000e-08  2.02931016e-06  3.62415000e-08  2.58246624e-07 
 3.62425000e-08  1.06201878e+00  3.62425000e-08  1.94816900e-06  3.62425000e-08  1.40034137e-07 
 3.62435000e-08  1.10221288e+00  3.62435000e-08  1.97668547e-06  3.62435000e-08  2.52552699e-07 
 3.62445000e-08  1.14203325e+00  3.62445000e-08  1.89516914e-06  3.62445000e-08  1.33301838e-07 
 3.64275000e-08  1.94970137e+00  3.64275000e-08  8.98540580e-01  3.64275000e-08 -1.00494088e-04 
 3.64285000e-08  1.94970871e+00  3.64285000e-08  9.59781767e-01  3.64285000e-08 -1.20586881e-04 
 3.64295000e-08  1.94971571e+00  3.64295000e-08  1.02021068e+00  3.64295000e-08 -1.34270293e-04 
 3.64305000e-08  1.94972242e+00  3.64305000e-08  1.07982411e+00  3.64305000e-08 -1.41960809e-04 
 3.64315000e-08  1.94972884e+00  3.64315000e-08  1.13875676e+00  3.64315000e-08 -1.56882621e-04 
 3.64325000e-08  1.94973500e+00  3.64325000e-08  1.19728409e+00  3.64325000e-08 -1.71959159e-04 
 3.65475000e-08  1.94993021e+00  3.65475000e-08  1.94992213e+00  3.65475000e-08  8.79207134e-01 
 3.65485000e-08  1.94993068e+00  3.65485000e-08  1.94992916e+00  3.65485000e-08  9.39833902e-01 
 3.65495000e-08  1.94993115e+00  3.65495000e-08  1.94993532e+00  3.65495000e-08  9.99543664e-01 
 3.65505000e-08  1.94993161e+00  3.65505000e-08  1.94994081e+00  3.65505000e-08  1.06068609e+00 
 3.65515000e-08  1.94993206e+00  3.65515000e-08  1.94994819e+00  3.65515000e-08  1.12705373e+00 
 3.65525000e-08  1.94993251e+00  3.65525000e-08  1.94994305e+00  3.65525000e-08  1.20026557e+00 
 3.67755000e-08  1.14825998e+00  3.67755000e-08  1.94999901e+00  3.67755000e-08  1.94999091e+00 
 3.67765000e-08  1.09611539e+00  3.67765000e-08  1.94999913e+00  3.67765000e-08  1.94999700e+00 
 3.67775000e-08  1.04428647e+00  3.67775000e-08  1.94999900e+00  3.67775000e-08  1.94999110e+00 
 3.67785000e-08  9.92678893e-01  3.67785000e-08  1.94999912e+00  3.67785000e-08  1.94999535e+00 
 3.67795000e-08  9.41262149e-01  3.67795000e-08  1.94999899e+00  3.67795000e-08  1.94999170e+00 
 3.67805000e-08  8.89966005e-01  3.67805000e-08  1.94999909e+00  3.67805000e-08  1.94999741e+00 
 3.70735000e-08  3.15747664e-04  3.70735000e-08  1.14716983e+00  3.70735000e-08  1.94994282e+00 
 3.70745000e-08  3.09447332e-04  3.70745000e-08  1.09508675e+00  3.70745000e-08  1.94993941e+00 
 3.70755000e-08  3.02943372e-04  3.70755000e-08  1.04224412e+00  3.70755000e-08  1.94993952e+00 
 3.70765000e-08  2.96893421e-04  3.70765000e-08  9.88610174e-01  3.70765000e-08  1.94994550e+00 
 3.70775000e-08  2.90638830e-04  3.70775000e-08  9.34221357e-01  3.70775000e-08  1.94995718e+00 
 3.70785000e-08  2.84826519e-04  3.70785000e-08  8.79060653e-01  3.70785000e-08  1.94997582e+00 
 3.73615000e-08  9.37347990e-01  3.73615000e-08  1.33411082e-06  3.73615000e-08  1.94999791e+00 
 3.73625000e-08  9.78679428e-01  3.73625000e-08  1.06342498e-06  3.73625000e-08  1.94999780e+00 
 3.73635000e-08  1.01963197e+00  3.73635000e-08  1.31300744e-06  3.73635000e-08  1.94999801e+00 
 3.73645000e-08  1.06020874e+00  3.73645000e-08  1.05270636e-06  3.73645000e-08  1.94999790e+00 
 3.73655000e-08  1.10041974e+00  3.73655000e-08  1.29915099e-06  3.73655000e-08  1.94999810e+00 
 3.73665000e-08  1.14025667e+00  3.73665000e-08  1.04043286e-06  3.73665000e-08  1.94999799e+00 
 3.75495000e-08  1.94970106e+00  3.75495000e-08  8.96803547e-01  3.75495000e-08  1.94987041e+00 
 3.75505000e-08  1.94970836e+00  3.75505000e-08  9.57887633e-01  3.75505000e-08  1.94976544e+00 
 3.75515000e-08  1.94971543e+00  3.75515000e-08  1.01807391e+00  3.75515000e-08  1.94965521e+00 
 3.75525000e-08  1.94972211e+00  3.75525000e-08  1.07735662e+00  3.75525000e-08  1.94955751e+00 
 3.75535000e-08  1.94972858e+00  3.75535000e-08  1.13589227e+00  3.75535000e-08  1.94945440e+00 
 3.75545000e-08  1.94973471e+00  3.75545000e-08  1.19410185e+00  3.75545000e-08  1.94933385e+00 
 3.76835000e-08  1.94993629e+00  3.76835000e-08  1.94995863e+00  3.76835000e-08  1.19045277e+00 
 3.76845000e-08  1.94993668e+00  3.76845000e-08  1.94998631e+00  3.76845000e-08  1.13292386e+00 
 3.76855000e-08  1.94993709e+00  3.76855000e-08  1.95001237e+00  3.76855000e-08  1.07528864e+00 
 3.76865000e-08  1.94993747e+00  3.76865000e-08  1.95003928e+00  3.76865000e-08  1.01733922e+00 
 3.76875000e-08  1.94993786e+00  3.76875000e-08  1.95005878e+00  3.76875000e-08  9.58962887e-01 
 3.76885000e-08  1.94993823e+00  3.76885000e-08  1.95007518e+00  3.76885000e-08  8.99988324e-01 
 3.78975000e-08  1.14945944e+00  3.78975000e-08  1.94999889e+00  3.78975000e-08  2.21455106e-05 
 3.78985000e-08  1.09730849e+00  3.78985000e-08  1.94999910e+00  3.78985000e-08  2.76123310e-05 
 3.78995000e-08  1.04547343e+00  3.78995000e-08  1.94999889e+00  3.78995000e-08  2.08232306e-05 
 3.79005000e-08  9.93862269e-01  3.79005000e-08  1.94999909e+00  3.79005000e-08  2.62966724e-05 
 3.79015000e-08  9.42442101e-01  3.79015000e-08  1.94999887e+00  3.79015000e-08  1.91750098e-05 
 3.79025000e-08  8.91144150e-01  3.79025000e-08  1.94999906e+00  3.79025000e-08  2.45602520e-05 
 3.81955000e-08  3.15991101e-04  3.81955000e-08  1.14926255e+00  3.81955000e-08 -3.25202715e-06 
 3.81965000e-08  3.09695305e-04  3.81965000e-08  1.09720843e+00  3.81965000e-08 -1.19152353e-06 
 3.81975000e-08  3.03175896e-04  3.81975000e-08  1.04439625e+00  3.81975000e-08 -6.36796265e-07 
 3.81985000e-08  2.97128156e-04  3.81985000e-08  9.90791578e-01  3.81985000e-08  2.62176235e-06 
 3.81995000e-08  2.90863428e-04  3.81995000e-08  9.36433282e-01  3.81995000e-08  3.97917177e-06 
 3.82005000e-08  2.85055553e-04  3.82005000e-08  8.81301888e-01  3.82005000e-08  7.24103857e-06 
 3.84835000e-08  9.37489662e-01  3.84835000e-08  2.12377063e-06  3.84835000e-08  3.82472293e-07 
 3.84845000e-08  9.78819847e-01  3.84845000e-08  1.97334653e-06  3.84845000e-08  1.52575351e-07 
 3.84855000e-08  1.01977108e+00  3.84855000e-08  2.06086491e-06  3.84855000e-08  3.77989342e-07 
 3.84865000e-08  1.06034665e+00  3.84865000e-08  1.92035101e-06  3.84865000e-08  1.40454643e-07 
 3.84875000e-08  1.10055638e+00  3.84875000e-08  2.00798296e-06  3.84875000e-08  3.61096296e-07 
 3.84885000e-08  1.14039206e+00  3.84885000e-08  1.86769299e-06  3.84885000e-08  1.36944306e-07 
 3.86715000e-08  1.94970108e+00  3.86715000e-08  8.95872381e-01  3.86715000e-08 -9.92803507e-05 
 3.86725000e-08  1.94970839e+00  3.86725000e-08  9.57148496e-01  3.86725000e-08 -1.19935794e-04 
 3.86735000e-08  1.94971545e+00  3.86735000e-08  1.01761272e+00  3.86735000e-08 -1.33882119e-04 
 3.86745000e-08  1.94972213e+00  3.86745000e-08  1.07725994e+00  3.86745000e-08 -1.41508553e-04 
 3.86755000e-08  1.94972860e+00  3.86755000e-08  1.13621767e+00  3.86755000e-08 -1.56200503e-04 
 3.86765000e-08  1.94973474e+00  3.86765000e-08  1.19475390e+00  3.86765000e-08 -1.71199971e-04 
 3.87915000e-08  1.94993020e+00  3.87915000e-08  1.94992191e+00  3.87915000e-08  8.76586028e-01 
 3.87925000e-08  1.94993066e+00  3.87925000e-08  1.94992883e+00  3.87925000e-08  9.37271548e-01 
 3.87935000e-08  1.94993113e+00  3.87935000e-08  1.94993509e+00  3.87935000e-08  9.96994740e-01 
 3.87945000e-08  1.94993158e+00  3.87945000e-08  1.94994064e+00  3.87945000e-08  1.05795639e+00 
 3.87955000e-08  1.94993205e+00  3.87955000e-08  1.94994804e+00  3.87955000e-08  1.12403160e+00 
 3.87965000e-08  1.94993248e+00  3.87965000e-08  1.94994304e+00  3.87965000e-08  1.19712372e+00 
 3.90195000e-08  1.15050930e+00  3.90195000e-08  1.94999903e+00  3.90195000e-08  1.94999220e+00 
 3.90205000e-08  1.09835174e+00  3.90205000e-08  1.94999912e+00  3.90205000e-08  1.94999615e+00 
 3.90215000e-08  1.04651030e+00  3.90215000e-08  1.94999902e+00  3.90215000e-08  1.94999088e+00 
 3.90225000e-08  9.94894935e-01  3.90225000e-08  1.94999910e+00  3.90225000e-08  1.94999476e+00 
 3.90235000e-08  9.43470781e-01  3.90235000e-08  1.94999900e+00  3.90235000e-08  1.94999156e+00 
 3.90245000e-08  8.92170505e-01  3.90245000e-08  1.94999908e+00  3.90245000e-08  1.94999701e+00 
 3.93175000e-08  3.16085273e-04  3.93175000e-08  1.14993950e+00  3.93175000e-08  1.94994313e+00 
 3.93185000e-08  3.09789806e-04  3.93185000e-08  1.09789698e+00  3.93185000e-08  1.94993949e+00 
 3.93195000e-08  3.03268078e-04  3.93195000e-08  1.04509685e+00  3.93195000e-08  1.94993940e+00 
 3.93205000e-08  2.97222397e-04  3.93205000e-08  9.91503467e-01  3.93205000e-08  1.94994501e+00 
 3.93215000e-08  2.90950551e-04  3.93215000e-08  9.37156436e-01  3.93215000e-08  1.94995642e+00 
 3.93225000e-08  2.85142925e-04  3.93225000e-08  8.82035136e-01  3.93225000e-08  1.94997465e+00 
 3.96055000e-08  9.35402976e-01  3.96055000e-08  1.35361748e-06  3.96055000e-08  1.94999791e+00 
 3.96065000e-08  9.76751872e-01  3.96065000e-08  1.04534637e-06  3.96065000e-08  1.94999780e+00 
 3.96075000e-08  1.01772278e+00  3.96075000e-08  1.33175253e-06  3.96075000e-08  1.94999801e+00 
 3.96085000e-08  1.05831626e+00  3.96085000e-08  1.03480219e-06  3.96085000e-08  1.94999790e+00 
 3.96095000e-08  1.09854511e+00  3.96095000e-08  1.31764643e-06  3.96095000e-08  1.94999810e+00 
 3.96105000e-08  1.13839939e+00  3.96105000e-08  1.02299477e-06  3.96105000e-08  1.94999799e+00 
 3.97935000e-08  1.94970075e+00  3.97935000e-08  8.94032144e-01  3.97935000e-08  1.94987475e+00 
 3.97945000e-08  1.94970801e+00  3.97945000e-08  9.55156642e-01  3.97945000e-08  1.94977042e+00 
 3.97955000e-08  1.94971514e+00  3.97955000e-08  1.01538387e+00  3.97955000e-08  1.94966007e+00 
 3.97965000e-08  1.94972178e+00  3.97965000e-08  1.07470554e+00  3.97965000e-08  1.94956170e+00 
 3.97975000e-08  1.94972833e+00  3.97975000e-08  1.13326860e+00  3.97975000e-08  1.94945936e+00 
 3.97985000e-08  1.94973441e+00  3.97985000e-08  1.19145433e+00  3.97985000e-08  1.94934007e+00 
 3.99275000e-08  1.94993629e+00  3.99275000e-08  1.94995748e+00  3.99275000e-08  1.19312758e+00 
 3.99285000e-08  1.94993666e+00  3.99285000e-08  1.94998504e+00  3.99285000e-08  1.13559928e+00 
 3.99295000e-08  1.94993708e+00  3.99295000e-08  1.95001102e+00  3.99295000e-08  1.07797564e+00 
 3.99305000e-08  1.94993744e+00  3.99305000e-08  1.95003802e+00  3.99305000e-08  1.02004183e+00 
 3.99315000e-08  1.94993785e+00  3.99315000e-08  1.95005798e+00  3.99315000e-08  9.61691240e-01 
 3.99325000e-08  1.94993821e+00  3.99325000e-08  1.95007456e+00  3.99325000e-08  9.02743628e-01 
 4.01415000e-08  1.15235431e+00  4.01415000e-08  1.94999891e+00  4.01415000e-08  2.22624258e-05 
 4.01425000e-08  1.10018642e+00  4.01425000e-08  1.94999909e+00  4.01425000e-08  2.74788910e-05 
 4.01435000e-08  1.04833495e+00  4.01435000e-08  1.94999890e+00  4.01435000e-08  2.09186350e-05 
 4.01445000e-08  9.96713513e-01  4.01445000e-08  1.94999907e+00  4.01445000e-08  2.61362374e-05 
 4.01455000e-08  9.45283578e-01  4.01455000e-08  1.94999888e+00  4.01455000e-08  1.92970491e-05 
 4.01465000e-08  8.93980144e-01  4.01465000e-08  1.94999905e+00  4.01465000e-08  2.44328304e-05 
 4.04395000e-08  3.16287213e-04  4.04395000e-08  1.15159638e+00  4.04395000e-08 -3.22457736e-06 
 4.04405000e-08  3.09997625e-04  4.04405000e-08  1.09957762e+00  4.04405000e-08 -1.29452484e-06 
 4.04415000e-08  3.03461638e-04  4.04415000e-08  1.04680025e+00  4.04415000e-08 -6.67716538e-07 
 4.04425000e-08  2.97420749e-04  4.04425000e-08  9.93230803e-01  4.04425000e-08  2.47609877e-06 
 4.04435000e-08  2.91137345e-04  4.04435000e-08  9.38906835e-01  4.04435000e-08  3.89424163e-06 
 4.04445000e-08  2.85335341e-04  4.04445000e-08  8.83809587e-01  4.04445000e-08  7.08769498e-06 
 4.07275000e-08  9.34313005e-01  4.07275000e-08  2.15174410e-06  4.07275000e-08  4.69276400e-07 
 4.07285000e-08  9.75671911e-01  4.07285000e-08  1.94773802e-06  4.07285000e-08  1.07683503e-07 
 4.07295000e-08  1.01665295e+00  4.07295000e-08  2.08743405e-06  4.07295000e-08  4.45481667e-07 
 4.07305000e-08  1.05725596e+00  4.07305000e-08  1.89532846e-06  4.07305000e-08  1.06668744e-07 
 4.07315000e-08  1.09749447e+00  4.07315000e-08  2.03453232e-06  4.07315000e-08  4.45141658e-07 
 4.07325000e-08  1.13735838e+00  4.07325000e-08  1.84288704e-06  4.07325000e-08  9.18676250e-08 
 4.09155000e-08  1.94970055e+00  4.09155000e-08  8.91180238e-01  4.09155000e-08 -9.71325749e-05 
 4.09165000e-08  1.94970780e+00  4.09165000e-08  9.52515654e-01  4.09165000e-08 -1.18684011e-04 
 4.09175000e-08  1.94971496e+00  4.09175000e-08  1.01304019e+00  4.09175000e-08 -1.33152560e-04 
 4.09185000e-08  1.94972159e+00  4.09185000e-08  1.07274738e+00  4.09185000e-08 -1.40737954e-04 
 4.09195000e-08  1.94972816e+00  4.09195000e-08  1.13175044e+00  4.09195000e-08 -1.55052801e-04 
 4.09205000e-08  1.94973423e+00  4.09205000e-08  1.19029050e+00  4.09205000e-08 -1.69641794e-04 
 4.10355000e-08  1.94993018e+00  4.10355000e-08  1.94992153e+00  4.10355000e-08  8.71840895e-01 
 4.10365000e-08  1.94993061e+00  4.10365000e-08  1.94992823e+00  4.10365000e-08  9.32636409e-01 
 4.10375000e-08  1.94993111e+00  4.10375000e-08  1.94993467e+00  4.10375000e-08  9.92392257e-01 
 4.10385000e-08  1.94993153e+00  4.10385000e-08  1.94994030e+00  4.10385000e-08  1.05306915e+00 
 4.10395000e-08  1.94993203e+00  4.10395000e-08  1.94994775e+00  4.10395000e-08  1.11861108e+00 
 4.10405000e-08  1.94993244e+00  4.10405000e-08  1.94994308e+00  4.10405000e-08  1.19144214e+00 
 4.12635000e-08  1.15463445e+00  4.12635000e-08  1.94999904e+00  4.12635000e-08  1.94999301e+00 
 4.12645000e-08  1.10245246e+00  4.12645000e-08  1.94999910e+00  4.12645000e-08  1.94999636e+00 
 4.12655000e-08  1.05058739e+00  4.12655000e-08  1.94999904e+00  4.12655000e-08  1.94999339e+00 
 4.12665000e-08  9.98957066e-01  4.12665000e-08  1.94999909e+00  4.12665000e-08  1.94999786e+00 
 4.12675000e-08  9.47518812e-01  4.12675000e-08  1.94999902e+00  4.12675000e-08  1.94999341e+00 
 4.12685000e-08  8.96210511e-01  4.12685000e-08  1.94999907e+00  4.12685000e-08  1.94999659e+00 
 4.15615000e-08  3.16551675e-04  4.15615000e-08  1.15376557e+00  4.15615000e-08  1.94994357e+00 
 4.15625000e-08  3.10265982e-04  4.15625000e-08  1.10178199e+00  4.15625000e-08  1.94993961e+00 
 4.15635000e-08  3.03716216e-04  4.15635000e-08  1.04903822e+00  4.15635000e-08  1.94993928e+00 
 4.15645000e-08  2.97678489e-04  4.15645000e-08  9.95503494e-01  4.15645000e-08  1.94994435e+00 
 4.15655000e-08  2.91381424e-04  4.15655000e-08  9.41212159e-01  4.15655000e-08  1.94995540e+00 
 4.15665000e-08  2.85583245e-04  4.15665000e-08  8.86147696e-01  4.15665000e-08  1.94997306e+00 
 4.18495000e-08  9.31893790e-01  4.18495000e-08  1.36550820e-06  4.18495000e-08  1.94999788e+00 
 4.18505000e-08  9.73275336e-01  4.18505000e-08  1.03512877e-06  4.18505000e-08  1.94999782e+00 
 4.18515000e-08  1.01427841e+00  4.18515000e-08  1.34263736e-06  4.18515000e-08  1.94999798e+00 
 4.18525000e-08  1.05490352e+00  4.18525000e-08  1.02454647e-06  4.18525000e-08  1.94999792e+00 
 4.18535000e-08  1.09516380e+00  4.18535000e-08  1.32844670e-06  4.18535000e-08  1.94999807e+00 
 4.18545000e-08  1.13504993e+00  4.18545000e-08  1.01323343e-06  4.18545000e-08  1.94999801e+00 
 4.20000000e-08  1.94908376e+00  4.20000000e-08 -1.49077938e-02  4.20000000e-08  1.94999954e+00 
