 time            v(b_out)        time            v(u_puf_u_core_sel_ro) time            v(q)           
 0.00000000e+00  4.68653885e-09  0.00000000e+00  2.46749734e-09  0.00000000e+00  2.46749746e-09 
 2.57850000e-09  9.39876841e-01  2.57850000e-09  1.18302724e-08  2.57850000e-09  2.48133569e-09 
 2.57950000e-09  9.75580791e-01  2.57950000e-09  2.76625676e-08  2.57950000e-09  2.48227905e-09 
 2.58050000e-09  1.01193240e+00  2.58050000e-09 -3.10446002e-09  2.58050000e-09  2.39426784e-09 
 2.58150000e-09  1.04913581e+00  2.58150000e-09 -7.57573263e-08  2.58150000e-09  2.35245662e-09 
 2.58250000e-09  1.08676484e+00  2.58250000e-09 -1.54829773e-07  2.58250000e-09  2.38495718e-09 
 2.58350000e-09  1.12430179e+00  2.58350000e-09 -1.86971564e-07  2.58350000e-09  2.50288634e-09 
 2.75150000e-09  1.94986435e+00  2.75150000e-09  8.54697976e-01  2.75150000e-09 -7.95806136e-05 
 2.75250000e-09  1.94986778e+00  2.75250000e-09  9.17463851e-01  2.75250000e-09 -1.08883083e-04 
 2.75350000e-09  1.94987089e+00  2.75350000e-09  9.79337512e-01  2.75350000e-09 -1.26223222e-04 
 2.75450000e-09  1.94987402e+00  2.75450000e-09  1.04029012e+00  2.75450000e-09 -1.37751230e-04 
 2.75550000e-09  1.94987686e+00  2.75550000e-09  1.10036287e+00  2.75550000e-09 -1.47680601e-04 
 2.75650000e-09  1.94987974e+00  2.75650000e-09  1.15972499e+00  2.75650000e-09 -1.62405213e-04 
 2.87250000e-09  1.94996112e+00  2.87250000e-09  1.94993012e+00  2.87250000e-09  8.89713677e-01 
 2.87350000e-09  1.94996129e+00  2.87350000e-09  1.94993823e+00  2.87350000e-09  9.50033757e-01 
 2.87450000e-09  1.94996148e+00  2.87450000e-09  1.94994366e+00  2.87450000e-09  1.00962436e+00 
 2.87550000e-09  1.94996164e+00  2.87550000e-09  1.94995045e+00  2.87550000e-09  1.07132746e+00 
 2.87650000e-09  1.94996184e+00  2.87650000e-09  1.94995525e+00  2.87650000e-09  1.13894094e+00 
 2.87750000e-09  1.94996200e+00  2.87750000e-09  1.94995187e+00  2.87750000e-09  1.21224387e+00 
 3.11450000e-09  1.13515814e+00  3.11450000e-09  1.94999985e+00  3.11450000e-09  1.94999346e+00 
 3.11550000e-09  1.08239338e+00  3.11550000e-09  1.94999999e+00  3.11550000e-09  1.94999669e+00 
 3.11650000e-09  1.02986369e+00  3.11650000e-09  1.94999981e+00  3.11650000e-09  1.94999391e+00 
 3.11750000e-09  9.77465851e-01  3.11750000e-09  1.94999995e+00  3.11750000e-09  1.94999827e+00 
 3.11850000e-09  9.25165782e-01  3.11850000e-09  1.94999976e+00  3.11850000e-09  1.94999415e+00 
 3.11950000e-09  8.72861587e-01  3.11950000e-09  1.94999988e+00  3.11950000e-09  1.94999724e+00 
 3.43550000e-09  2.16199706e-04  3.43550000e-09  1.17495434e+00  3.43550000e-09  1.94994622e+00 
 3.43650000e-09  2.11779141e-04  3.43650000e-09  1.12336773e+00  3.43650000e-09  1.94994096e+00 
 3.43750000e-09  2.07480751e-04  3.43750000e-09  1.07100818e+00  3.43750000e-09  1.94993917e+00 
 3.43850000e-09  2.03257426e-04  3.43850000e-09  1.01787191e+00  3.43850000e-09  1.94994165e+00 
 3.43950000e-09  1.99153243e-04  3.43950000e-09  9.63964943e-01  3.43950000e-09  1.94995037e+00 
 3.44050000e-09  1.95123322e-04  3.44050000e-09  9.09292580e-01  3.44050000e-09  1.94996503e+00 
 3.70050000e-09  9.43284013e-01  3.70050000e-09  1.98096567e-06  3.70050000e-09  1.94999621e+00 
 3.70150000e-09  9.80344298e-01  3.70150000e-09  1.97757560e-06  3.70150000e-09  1.94999608e+00 
 3.70250000e-09  1.01792765e+00  3.70250000e-09  1.80784473e-06  3.70250000e-09  1.94999640e+00 
 3.70350000e-09  1.05579771e+00  3.70350000e-09  1.79986042e-06  3.70350000e-09  1.94999628e+00 
 3.70450000e-09  1.09356607e+00  3.70450000e-09  1.64602420e-06  3.70450000e-09  1.94999659e+00 
 3.70550000e-09  1.13100095e+00  3.70550000e-09  1.68095135e-06  3.70550000e-09  1.94999646e+00 
 3.87250000e-09  1.94986217e+00  3.87250000e-09  8.42430656e-01  3.87250000e-09  1.94995019e+00 
 3.87350000e-09  1.94986557e+00  3.87350000e-09  9.05261690e-01  3.87350000e-09  1.94985767e+00 
 3.87450000e-09  1.94986889e+00  3.87450000e-09  9.67125518e-01  3.87450000e-09  1.94974916e+00 
 3.87550000e-09  1.94987199e+00  3.87550000e-09  1.02797442e+00  3.87550000e-09  1.94963675e+00 
 3.87650000e-09  1.94987503e+00  3.87650000e-09  1.08784502e+00  3.87650000e-09  1.94953883e+00 
 3.87750000e-09  1.94987788e+00  3.87750000e-09  1.14690845e+00  3.87750000e-09  1.94943148e+00 
 4.00750000e-09  1.94996340e+00  4.00750000e-09  1.94997229e+00  4.00750000e-09  1.17959034e+00 
 4.00850000e-09  1.94996356e+00  4.00850000e-09  1.95000031e+00  4.00850000e-09  1.12205262e+00 
 4.00950000e-09  1.94996373e+00  4.00950000e-09  1.95002724e+00  4.00950000e-09  1.06436270e+00 
 4.01050000e-09  1.94996388e+00  4.01050000e-09  1.95005346e+00  4.01050000e-09  1.00634238e+00 
 4.01150000e-09  1.94996404e+00  4.01150000e-09  1.95007092e+00  4.01150000e-09  9.47851854e-01 
 4.01250000e-09  1.94996419e+00  4.01250000e-09  1.95008657e+00  4.01250000e-09  8.88755961e-01 
 4.23650000e-09  1.13613893e+00  4.23650000e-09  1.94999983e+00  4.23650000e-09  1.68609562e-05 
 4.23750000e-09  1.08336976e+00  4.23750000e-09  1.94999959e+00  4.23750000e-09  1.36767673e-05 
 4.23850000e-09  1.03083733e+00  4.23850000e-09  1.94999977e+00  4.23850000e-09  1.57380307e-05 
 4.23950000e-09  9.78437336e-01  4.23950000e-09  1.94999958e+00  4.23950000e-09  1.28738328e-05 
 4.24050000e-09  9.26137063e-01  4.24050000e-09  1.94999979e+00  4.24050000e-09  1.49676766e-05 
 4.24150000e-09  8.73833067e-01  4.24150000e-09  1.94999954e+00  4.24150000e-09  1.18927021e-05 
 4.55750000e-09  2.16297596e-04  4.55750000e-09  1.17608601e+00  4.55750000e-09 -3.27651954e-06 
 4.55850000e-09  2.11873281e-04  4.55850000e-09  1.12451541e+00  4.55850000e-09 -1.93669611e-06 
 4.55950000e-09  2.07574945e-04  4.55950000e-09  1.07217087e+00  4.55950000e-09 -1.43867477e-06 
 4.56050000e-09  2.03348081e-04  4.56050000e-09  1.01905066e+00  4.56050000e-09  1.07853727e-06 
 4.56150000e-09  1.99242296e-04  4.56150000e-09  9.65159056e-01  4.56150000e-09  2.54514682e-06 
 4.56250000e-09  1.95208312e-04  4.56250000e-09  9.10503077e-01  4.56250000e-09  5.63705905e-06 
 4.82250000e-09  9.42539691e-01  4.82250000e-09  3.51712443e-06  4.82250000e-09  3.22548096e-07 
 4.82350000e-09  9.79590782e-01  4.82350000e-09  3.56986985e-06  4.82350000e-09  3.61541542e-07 
 4.82450000e-09  1.01716428e+00  4.82450000e-09  3.26373653e-06  4.82450000e-09  3.06739426e-07 
 4.82550000e-09  1.05503272e+00  4.82550000e-09  3.31192737e-06  4.82550000e-09  3.45052431e-07 
 4.82650000e-09  1.09280592e+00  4.82650000e-09  3.02565418e-06  4.82650000e-09  2.90797178e-07 
 4.82750000e-09  1.13024900e+00  4.82750000e-09  3.11605393e-06  4.82750000e-09  3.30746388e-07 
 4.99550000e-09  1.94986549e+00  4.99550000e-09  9.02799553e-01  4.99550000e-09 -1.03753386e-04 
 4.99650000e-09  1.94986884e+00  4.99650000e-09  9.64889517e-01  4.99650000e-09 -1.23839458e-04 
 4.99750000e-09  1.94987192e+00  4.99750000e-09  1.02605514e+00  4.99750000e-09 -1.37414180e-04 
 4.99850000e-09  1.94987499e+00  4.99850000e-09  1.08633045e+00  4.99850000e-09 -1.45231024e-04 
 4.99950000e-09  1.94987781e+00  4.99950000e-09  1.14583795e+00  4.99950000e-09 -1.60467534e-04 
 5.00050000e-09  1.94988063e+00  5.00050000e-09  1.20486225e+00  5.00050000e-09 -1.75545379e-04 
 5.11550000e-09  1.94996099e+00  5.11550000e-09  1.94993401e+00  5.11550000e-09  8.86909152e-01 
 5.11650000e-09  1.94996118e+00  5.11650000e-09  1.94994151e+00  5.11650000e-09  9.47371651e-01 
 5.11750000e-09  1.94996135e+00  5.11750000e-09  1.94994676e+00  5.11750000e-09  1.00706410e+00 
 5.11850000e-09  1.94996154e+00  5.11850000e-09  1.94995271e+00  5.11850000e-09  1.06872336e+00 
 5.11950000e-09  1.94996171e+00  5.11950000e-09  1.94995816e+00  5.11950000e-09  1.13607016e+00 
 5.12050000e-09  1.94996189e+00  5.12050000e-09  1.94995374e+00  5.12050000e-09  1.20948701e+00 
 5.35850000e-09  1.13765448e+00  5.35850000e-09  1.95000005e+00  5.35850000e-09  1.95000007e+00 
 5.35950000e-09  1.08487777e+00  5.35950000e-09  1.94999993e+00  5.35950000e-09  1.94999527e+00 
 5.36050000e-09  1.03234037e+00  5.36050000e-09  1.95000001e+00  5.36050000e-09  1.94999879e+00 
 5.36150000e-09  9.79936303e-01  5.36150000e-09  1.94999989e+00  5.36150000e-09  1.94999416e+00 
 5.36250000e-09  9.27635090e-01  5.36250000e-09  1.94999996e+00  5.36250000e-09  1.94999765e+00 
 5.36350000e-09  8.75330742e-01  5.36350000e-09  1.94999986e+00  5.36350000e-09  1.94999449e+00 
 5.67950000e-09  2.16415435e-04  5.67950000e-09  1.17753683e+00  5.67950000e-09  1.94994632e+00 
 5.68050000e-09  2.11984587e-04  5.68050000e-09  1.12599044e+00  5.68050000e-09  1.94994137e+00 
 5.68150000e-09  2.07686401e-04  5.68150000e-09  1.07366902e+00  5.68150000e-09  1.94993896e+00 
 5.68250000e-09  2.03453207e-04  5.68250000e-09  1.02057280e+00  5.68250000e-09  1.94994159e+00 
 5.68350000e-09  1.99349504e-04  5.68350000e-09  9.66703793e-01  5.68350000e-09  1.94994958e+00 
 5.68450000e-09  1.95310345e-04  5.68450000e-09  9.12070539e-01  5.68450000e-09  1.94996433e+00 
 5.94450000e-09  9.41246062e-01  5.94450000e-09  2.01108658e-06  5.94450000e-09  1.94999621e+00 
 5.94550000e-09  9.78281445e-01  5.94550000e-09  1.95631434e-06  5.94550000e-09  1.94999607e+00 
 5.94650000e-09  1.01583761e+00  5.94650000e-09  1.83840874e-06  5.94650000e-09  1.94999641e+00 
 5.94750000e-09  1.05370280e+00  5.94750000e-09  1.77783818e-06  5.94750000e-09  1.94999626e+00 
 5.94850000e-09  1.09148541e+00  5.94850000e-09  1.67557531e-06  5.94850000e-09  1.94999659e+00 
 5.94950000e-09  1.12894392e+00  5.94950000e-09  1.65588360e-06  5.94950000e-09  1.94999645e+00 
 6.11750000e-09  1.94986533e+00  6.11750000e-09  9.01760463e-01  6.11750000e-09  1.94986328e+00 
 6.11850000e-09  1.94986876e+00  6.11850000e-09  9.63681308e-01  6.11850000e-09  1.94975551e+00 
 6.11950000e-09  1.94987177e+00  6.11950000e-09  1.02458592e+00  6.11950000e-09  1.94964296e+00 
 6.12050000e-09  1.94987491e+00  6.12050000e-09  1.08450980e+00  6.12050000e-09  1.94954417e+00 
 6.12150000e-09  1.94987767e+00  6.12150000e-09  1.14360855e+00  6.12150000e-09  1.94943786e+00 
 6.12250000e-09  1.94988056e+00  6.12250000e-09  1.20230967e+00  6.12250000e-09  1.94931440e+00 
 6.25150000e-09  1.94996338e+00  6.25150000e-09  1.94997075e+00  6.25150000e-09  1.18285850e+00 
 6.25250000e-09  1.94996357e+00  6.25250000e-09  1.94999874e+00  6.25250000e-09  1.12532291e+00 
 6.25350000e-09  1.94996370e+00  6.25350000e-09  1.95002560e+00  6.25350000e-09  1.06764899e+00 
 6.25450000e-09  1.94996388e+00  6.25450000e-09  1.95005205e+00  6.25450000e-09  1.00964931e+00 
 6.25550000e-09  1.94996401e+00  6.25550000e-09  1.95006981e+00  6.25550000e-09  9.51192094e-01 
 6.25650000e-09  1.94996419e+00  6.25650000e-09  1.95008583e+00  6.25650000e-09  8.92131102e-01 
 6.48050000e-09  1.13885420e+00  6.48050000e-09  1.95000003e+00  6.48050000e-09  1.72509366e-05 
 6.48150000e-09  1.08607203e+00  6.48150000e-09  1.94999980e+00  6.48150000e-09  1.32741118e-05 
 6.48250000e-09  1.03353120e+00  6.48250000e-09  1.94999997e+00  6.48250000e-09  1.61230518e-05 
 6.48350000e-09  9.81124393e-01  6.48350000e-09  1.94999974e+00  6.48350000e-09  1.23507900e-05 
 6.48450000e-09  9.28822853e-01  6.48450000e-09  1.94999989e+00  6.48450000e-09  1.52290613e-05 
 6.48550000e-09  8.76518688e-01  6.48550000e-09  1.94999970e+00  6.48550000e-09  1.16539882e-05 
 6.80150000e-09  2.16535826e-04  6.80150000e-09  1.17897607e+00  6.80150000e-09 -3.31482990e-06 
 6.80250000e-09  2.12099436e-04  6.80250000e-09  1.12745043e+00  6.80250000e-09 -1.96611314e-06 
 6.80350000e-09  2.07801572e-04  6.80350000e-09  1.07514856e+00  6.80350000e-09 -1.55040667e-06 
 6.80450000e-09  2.03562926e-04  6.80450000e-09  1.02207311e+00  6.80450000e-09  9.89141686e-07 
 6.80550000e-09  1.99458945e-04  6.80550000e-09  9.68223993e-01  6.80550000e-09  2.39711389e-06 
 6.80650000e-09  1.95414216e-04  6.80650000e-09  9.13611722e-01  6.80650000e-09  5.50781500e-06 
 7.06650000e-09  9.41381867e-01  7.06650000e-09  3.54375009e-06  7.06650000e-09  3.73429307e-07 
 7.06750000e-09  9.78418870e-01  7.06750000e-09  3.55523617e-06  7.06750000e-09  3.11125271e-07 
 7.06850000e-09  1.01597686e+00  7.06850000e-09  3.29050501e-06  7.06850000e-09  3.57305888e-07 
 7.06950000e-09  1.05384241e+00  7.06950000e-09  3.29680562e-06  7.06950000e-09  2.93108021e-07 
 7.07050000e-09  1.09162417e+00  7.07050000e-09  3.05142207e-06  7.07050000e-09  3.38648374e-07 
 7.07150000e-09  1.12908121e+00  7.07150000e-09  3.09919660e-06  7.07150000e-09  2.84464480e-07 
 7.23950000e-09  1.94986535e+00  7.23950000e-09  9.00841652e-01  7.23950000e-09 -1.02896580e-04 
 7.24050000e-09  1.94986877e+00  7.24050000e-09  9.62960584e-01  7.24050000e-09 -1.23334889e-04 
 7.24150000e-09  1.94987179e+00  7.24150000e-09  1.02415437e+00  7.24150000e-09 -1.37165077e-04 
 7.24250000e-09  1.94987493e+00  7.24250000e-09  1.08445706e+00  7.24250000e-09 -1.44863308e-04 
 7.24350000e-09  1.94987769e+00  7.24350000e-09  1.14398436e+00  7.24350000e-09 -1.59985035e-04 
 7.24450000e-09  1.94988057e+00  7.24450000e-09  1.20301771e+00  7.24450000e-09 -1.74955318e-04 
 7.35950000e-09  1.94996097e+00  7.35950000e-09  1.94993382e+00  7.35950000e-09  8.85006590e-01 
 7.36050000e-09  1.94996119e+00  7.36050000e-09  1.94994131e+00  7.36050000e-09  9.45510740e-01 
 7.36150000e-09  1.94996134e+00  7.36150000e-09  1.94994658e+00  7.36150000e-09  1.00520632e+00 
 7.36250000e-09  1.94996155e+00  7.36250000e-09  1.94995238e+00  7.36250000e-09  1.06675859e+00 
 7.36350000e-09  1.94996169e+00  7.36350000e-09  1.94995844e+00  7.36350000e-09  1.13383139e+00 
 7.36450000e-09  1.94996190e+00  7.36450000e-09  1.94995371e+00  7.36450000e-09  1.20722604e+00 
 7.60250000e-09  1.13865368e+00  7.60250000e-09  1.95000005e+00  7.60250000e-09  1.95000044e+00 
 7.60350000e-09  1.08587208e+00  7.60350000e-09  1.94999994e+00  7.60350000e-09  1.94999603e+00 
 7.60450000e-09  1.03333146e+00  7.60450000e-09  1.95000003e+00  7.60450000e-09  1.95000064e+00 
 7.60550000e-09  9.80924846e-01  7.60550000e-09  1.94999991e+00  7.60550000e-09  1.94999528e+00 
 7.60650000e-09  9.28623118e-01  7.60650000e-09  1.94999998e+00  7.60650000e-09  1.94999917e+00 
 7.60750000e-09  8.76318715e-01  7.60750000e-09  1.94999987e+00  7.60750000e-09  1.94999553e+00 
 7.92350000e-09  2.16502737e-04  7.92350000e-09  1.17862759e+00  7.92350000e-09  1.94994644e+00 
 7.92450000e-09  2.12067887e-04  7.92450000e-09  1.12709816e+00  7.92450000e-09  1.94994146e+00 
 7.92550000e-09  2.07770450e-04  7.92550000e-09  1.07479286e+00  7.92550000e-09  1.94993896e+00 
 7.92650000e-09  2.03533480e-04  7.92650000e-09  1.02171353e+00  7.92650000e-09  1.94994148e+00 
 7.92750000e-09  1.99429237e-04  7.92750000e-09  9.67860577e-01  7.92750000e-09  1.94994934e+00 
 7.92850000e-09  1.95386004e-04  7.92850000e-09  9.13243838e-01  7.92850000e-09  1.94996396e+00 
 8.18850000e-09  9.40892538e-01  8.18850000e-09  2.02193003e-06  8.18850000e-09  1.94999621e+00 
 8.18950000e-09  9.77923676e-01  8.18950000e-09  1.94814424e-06  8.18950000e-09  1.94999607e+00 
 8.19050000e-09  1.01547503e+00  8.19050000e-09  1.84921099e-06  8.19050000e-09  1.94999640e+00 
 8.19150000e-09  1.05333923e+00  8.19150000e-09  1.76961817e-06  8.19150000e-09  1.94999626e+00 
 8.19250000e-09  1.09112404e+00  8.19250000e-09  1.68610184e-06  8.19250000e-09  1.94999658e+00 
 8.19350000e-09  1.12858640e+00  8.19350000e-09  1.64717544e-06  8.19350000e-09  1.94999645e+00 
 8.36150000e-09  1.94986529e+00  8.36150000e-09  9.01242692e-01  8.36150000e-09  1.94986410e+00 
 8.36250000e-09  1.94986873e+00  8.36250000e-09  9.63171979e-01  8.36250000e-09  1.94975645e+00 
 8.36350000e-09  1.94987173e+00  8.36350000e-09  1.02408482e+00  8.36350000e-09  1.94964387e+00 
 8.36450000e-09  1.94987489e+00  8.36450000e-09  1.08401664e+00  8.36450000e-09  1.94954496e+00 
 8.36550000e-09  1.94987764e+00  8.36550000e-09  1.14312071e+00  8.36550000e-09  1.94943880e+00 
 8.36650000e-09  1.94988055e+00  8.36650000e-09  1.20182212e+00  8.36650000e-09  1.94931552e+00 
 8.49550000e-09  1.94996337e+00  8.49550000e-09  1.94997053e+00  8.49550000e-09  1.18333350e+00 
 8.49650000e-09  1.94996357e+00  8.49650000e-09  1.94999853e+00  8.49650000e-09  1.12579801e+00 
 8.49750000e-09  1.94996369e+00  8.49750000e-09  1.95002538e+00  8.49750000e-09  1.06812619e+00 
 8.49850000e-09  1.94996388e+00  8.49850000e-09  1.95005187e+00  8.49850000e-09  1.01012921e+00 
 8.49950000e-09  1.94996400e+00  8.49950000e-09  1.95006968e+00  8.49950000e-09  9.51676506e-01 
 8.50050000e-09  1.94996420e+00  8.50050000e-09  1.95008574e+00  8.50050000e-09  8.92620234e-01 
 8.72450000e-09  1.13958336e+00  8.72450000e-09  1.94999980e+00  8.72450000e-09  1.74015402e-05 
 8.72550000e-09  1.08679743e+00  8.72550000e-09  1.94999963e+00  8.72550000e-09  1.33593590e-05 
 8.72650000e-09  1.03425389e+00  8.72650000e-09  1.94999984e+00  8.72650000e-09  1.63648692e-05 
 8.72750000e-09  9.81845068e-01  8.72750000e-09  1.94999961e+00  8.72750000e-09  1.23141513e-05 
 8.72850000e-09  9.29542855e-01  8.72850000e-09  1.94999976e+00  8.72850000e-09  1.52900306e-05 
 8.72950000e-09  8.77238538e-01  8.72950000e-09  1.94999958e+00  8.72950000e-09  1.15533879e-05 
 9.04550000e-09  2.16595362e-04  9.04550000e-09  1.17959076e+00  9.04550000e-09 -3.32417427e-06 
 9.04650000e-09  2.12156255e-04  9.04650000e-09  1.12807471e+00  9.04650000e-09 -1.96965640e-06 
 9.04750000e-09  2.07858914e-04  9.04750000e-09  1.07578191e+00  9.04750000e-09 -1.57519826e-06 
 9.04850000e-09  2.03619649e-04  9.04850000e-09  1.02271599e+00  9.04850000e-09  1.08609670e-06 
 9.04950000e-09  1.99515752e-04  9.04950000e-09  9.68875898e-01  9.04950000e-09  2.50998208e-06 
 9.05050000e-09  1.95466710e-04  9.05050000e-09  9.14272953e-01  9.05050000e-09  5.52129985e-06 
 9.31050000e-09  9.39864616e-01  9.31050000e-09  3.54976882e-06  9.31050000e-09  3.84878668e-07 
 9.31150000e-09  9.76883653e-01  9.31150000e-09  3.55446081e-06  9.31150000e-09  3.00675778e-07 
 9.31250000e-09  1.01442094e+00  9.31250000e-09  3.29731848e-06  9.31250000e-09  3.68517575e-07 
 9.31350000e-09  1.05228208e+00  9.31350000e-09  3.29537020e-06  9.31350000e-09  2.82403213e-07 
 9.31450000e-09  1.09007314e+00  9.31450000e-09  3.05777539e-06  9.31450000e-09  3.49393685e-07 
 9.31550000e-09  1.12754662e+00  9.31550000e-09  3.09527750e-06  9.31550000e-09  2.74246536e-07 
 9.48350000e-09  1.94986517e+00  9.48350000e-09  8.98358188e-01  9.48350000e-09 -1.01784906e-04 
 9.48450000e-09  1.94986867e+00  9.48450000e-09  9.60513446e-01  9.48450000e-09 -1.22723672e-04 
 9.48550000e-09  1.94987163e+00  9.48550000e-09  1.02174267e+00  9.48550000e-09 -1.36831069e-04 
 9.48650000e-09  1.94987484e+00  9.48650000e-09  1.08208004e+00  9.48650000e-09 -1.44426644e-04 
 9.48750000e-09  1.94987754e+00  9.48750000e-09  1.14163268e+00  9.48750000e-09 -1.59365143e-04 
 9.48850000e-09  1.94988050e+00  9.48850000e-09  1.20067816e+00  9.48850000e-09 -1.74244502e-04 
 9.60350000e-09  1.94996095e+00  9.60350000e-09  1.94993358e+00  9.60350000e-09  8.82573552e-01 
 9.60450000e-09  1.94996119e+00  9.60450000e-09  1.94994104e+00  9.60450000e-09  9.43131323e-01 
 9.60550000e-09  1.94996132e+00  9.60550000e-09  1.94994634e+00  9.60550000e-09  1.00283335e+00 
 9.60650000e-09  1.94996155e+00  9.60650000e-09  1.94995202e+00  9.60650000e-09  1.06424040e+00 
 9.60750000e-09  1.94996168e+00  9.60750000e-09  1.94995868e+00  9.60750000e-09  1.13098019e+00 
 9.60850000e-09  1.94996191e+00  9.60850000e-09  1.94995369e+00  9.60850000e-09  1.20432780e+00 
 9.84650000e-09  1.14167570e+00  9.84650000e-09  1.95000002e+00  9.84650000e-09  1.94999723e+00 
 9.84750000e-09  1.08888080e+00  9.84750000e-09  1.94999991e+00  9.84750000e-09  1.94999170e+00 
 9.84850000e-09  1.03632809e+00  9.84850000e-09  1.94999999e+00  9.84850000e-09  1.94999571e+00 
 9.84950000e-09  9.83914774e-01  9.84950000e-09  1.94999988e+00  9.84950000e-09  1.94999215e+00 
 9.85050000e-09  9.31609150e-01  9.85050000e-09  1.94999995e+00  9.85050000e-09  1.94999761e+00 
 9.85150000e-09  8.79305569e-01  9.85150000e-09  1.94999985e+00  9.85150000e-09  1.94999381e+00 
 1.01675000e-08  2.16759826e-04  1.01675000e-08  1.18148944e+00  1.01675000e-08  1.94994678e+00 
 1.01685000e-08  2.12314779e-04  1.01685000e-08  1.13000457e+00  1.01685000e-08  1.94994169e+00 
 1.01695000e-08  2.08015808e-04  1.01695000e-08  1.07774158e+00  1.01695000e-08  1.94993898e+00 
 1.01705000e-08  2.03770326e-04  1.01705000e-08  1.02470661e+00  1.01705000e-08  1.94994121e+00 
 1.01715000e-08  1.99666419e-04  1.01715000e-08  9.70895794e-01  1.01715000e-08  1.94994872e+00 
 1.01725000e-08  1.95612105e-04  1.01725000e-08  9.16322435e-01  1.01725000e-08  1.94996297e+00 
 1.04325000e-08  9.37962906e-01  1.04325000e-08  2.05048106e-06  1.04325000e-08  1.94999619e+00 
 1.04335000e-08  9.74960332e-01  1.04335000e-08  1.93039689e-06  1.04335000e-08  1.94999608e+00 
 1.04345000e-08  1.01247116e+00  1.04345000e-08  1.87910090e-06  1.04345000e-08  1.94999638e+00 
 1.04355000e-08  1.05032579e+00  1.04355000e-08  1.75108192e-06  1.04355000e-08  1.94999627e+00 
 1.04365000e-08  1.08812795e+00  1.04365000e-08  1.71499171e-06  1.04365000e-08  1.94999657e+00 
 1.04375000e-08  1.12562180e+00  1.04375000e-08  1.62406425e-06  1.04375000e-08  1.94999645e+00 
 1.06055000e-08  1.94986495e+00  1.06055000e-08  8.96223076e-01  1.06055000e-08  1.94987210e+00 
 1.06065000e-08  1.94986854e+00  1.06065000e-08  9.58232204e-01  1.06065000e-08  1.94976556e+00 
 1.06075000e-08  1.94987141e+00  1.06075000e-08  1.01922482e+00  1.06075000e-08  1.94965273e+00 
 1.06085000e-08  1.94987473e+00  1.06085000e-08  1.07923405e+00  1.06085000e-08  1.94955257e+00 
 1.06095000e-08  1.94987734e+00  1.06095000e-08  1.13839103e+00  1.06095000e-08  1.94944785e+00 
 1.06105000e-08  1.94988040e+00  1.06105000e-08  1.19709852e+00  1.06105000e-08  1.94932621e+00 
 1.07395000e-08  1.94996334e+00  1.07395000e-08  1.94996842e+00  1.07395000e-08  1.18796679e+00 
 1.07405000e-08  1.94996358e+00  1.07405000e-08  1.94999639e+00  1.07405000e-08  1.13043336e+00 
 1.07415000e-08  1.94996366e+00  1.07415000e-08  1.95002315e+00  1.07415000e-08  1.07278291e+00 
 1.07425000e-08  1.94996389e+00  1.07425000e-08  1.95004998e+00  1.07425000e-08  1.01481396e+00 
 1.07435000e-08  1.94996397e+00  1.07435000e-08  1.95006828e+00  1.07435000e-08  9.56407108e-01 
 1.07445000e-08  1.94996420e+00  1.07445000e-08  1.95008472e+00  1.07445000e-08  8.97399338e-01 
 1.09685000e-08  1.14397083e+00  1.09685000e-08  1.94999987e+00  1.09685000e-08  1.82003727e-05 
 1.09695000e-08  1.09116691e+00  1.09695000e-08  1.94999972e+00  1.09695000e-08  1.27617799e-05 
 1.09705000e-08  1.03860495e+00  1.09705000e-08  1.94999989e+00  1.09705000e-08  1.71264331e-05 
 1.09715000e-08  9.86187523e-01  1.09715000e-08  1.94999969e+00  1.09715000e-08  1.16833016e-05 
 1.09725000e-08  9.33878916e-01  1.09725000e-08  1.94999981e+00  1.09725000e-08  1.60057712e-05 
 1.09735000e-08  8.81576826e-01  1.09735000e-08  1.94999965e+00  1.09735000e-08  1.09504243e-05 
 1.12905000e-08  2.12521258e-04  1.12905000e-08  1.13242126e+00  1.12905000e-08 -1.99719651e-06 
 1.12915000e-08  2.08217876e-04  1.12915000e-08  1.08019177e+00  1.12915000e-08 -1.74826236e-06 
 1.12925000e-08  2.03966246e-04  1.12925000e-08  1.02719223e+00  1.12925000e-08  8.52872342e-07 
 1.12935000e-08  1.99858253e-04  1.12935000e-08  9.73415156e-01  1.12935000e-08  2.13687426e-06 
 1.12945000e-08  1.95798224e-04  1.12945000e-08  9.18877055e-01  1.12945000e-08  5.30188020e-06 
 1.12955000e-08  1.91876685e-04  1.12955000e-08  8.63583121e-01  1.12955000e-08  7.07714813e-06 
 1.15545000e-08  9.37551444e-01  1.15545000e-08  3.58807485e-06  1.15545000e-08  4.60792692e-07 
 1.15555000e-08  9.74544318e-01  1.15555000e-08  3.53539637e-06  1.15555000e-08  2.31108673e-07 
 1.15565000e-08  1.01204933e+00  1.15565000e-08  3.33595452e-06  1.15565000e-08  4.42769664e-07 
 1.15575000e-08  1.04990240e+00  1.15575000e-08  3.27552723e-06  1.15575000e-08  2.13084014e-07 
 1.15585000e-08  1.08770684e+00  1.15585000e-08  3.09545713e-06  1.15585000e-08  4.69187217e-07 
 1.15595000e-08  1.12520505e+00  1.15595000e-08  3.07175032e-06  1.15595000e-08  2.61163040e-07 
 1.17275000e-08  1.94986490e+00  1.17275000e-08  8.94285692e-01  1.17275000e-08 -9.99499428e-05 
 1.17285000e-08  1.94986852e+00  1.17285000e-08  9.56498878e-01  1.17285000e-08 -1.21607913e-04 
 1.17295000e-08  1.94987136e+00  1.17295000e-08  1.01778195e+00  1.17295000e-08 -1.36127089e-04 
 1.17305000e-08  1.94987470e+00  1.17305000e-08  1.07817428e+00  1.17305000e-08 -1.43716054e-04 
 1.17315000e-08  1.94987729e+00  1.17315000e-08  1.13776954e+00  1.17315000e-08 -1.58425242e-04 
 1.17325000e-08  1.94988037e+00  1.17325000e-08  1.19683665e+00  1.17325000e-08 -1.73111118e-04 
 1.18475000e-08  1.94996092e+00  1.18475000e-08  1.94993320e+00  1.18475000e-08  8.78560136e-01 
 1.18485000e-08  1.94996120e+00  1.18485000e-08  1.94994061e+00  1.18485000e-08  9.39207605e-01 
 1.18495000e-08  1.94996129e+00  1.18495000e-08  1.94994594e+00  1.18495000e-08  9.98926090e-01 
 1.18505000e-08  1.94996156e+00  1.18505000e-08  1.94995186e+00  1.18505000e-08  1.06002780e+00 
 1.18515000e-08  1.94996165e+00  1.18515000e-08  1.94995842e+00  1.18515000e-08  1.12632972e+00 
 1.18525000e-08  1.94996191e+00  1.18525000e-08  1.94995370e+00  1.18525000e-08  1.19951992e+00 
 1.20905000e-08  1.14533611e+00  1.20905000e-08  1.95000004e+00  1.20905000e-08  1.94999963e+00 
 1.20915000e-08  1.09252627e+00  1.20915000e-08  1.94999996e+00  1.20915000e-08  1.94999470e+00 
 1.20925000e-08  1.03995825e+00  1.20925000e-08  1.95000001e+00  1.20925000e-08  1.94999832e+00 
 1.20935000e-08  9.87537696e-01  1.20935000e-08  1.94999994e+00  1.20935000e-08  1.94999357e+00 
 1.20945000e-08  9.35226734e-01  1.20945000e-08  1.94999997e+00  1.20945000e-08  1.94999706e+00 
 1.20955000e-08  8.82924971e-01  1.20955000e-08  1.94999991e+00  1.20955000e-08  1.94999386e+00 
 1.24125000e-08  2.12617186e-04  1.24125000e-08  1.13359899e+00  1.24125000e-08  1.94994195e+00 
 1.24135000e-08  2.08312264e-04  1.24135000e-08  1.08138837e+00  1.24135000e-08  1.94993907e+00 
 1.24145000e-08  2.04057433e-04  1.24145000e-08  1.02840831e+00  1.24145000e-08  1.94994086e+00 
 1.24155000e-08  1.99946693e-04  1.24155000e-08  9.74649708e-01  1.24155000e-08  1.94994803e+00 
 1.24165000e-08  1.95884455e-04  1.24165000e-08  9.20130080e-01  1.24165000e-08  1.94996175e+00 
 1.24175000e-08  1.91960547e-04  1.24175000e-08  8.64853096e-01  1.24175000e-08  1.94998174e+00 
 1.26765000e-08  9.35630818e-01  1.26765000e-08  2.08467129e-06  1.26765000e-08  1.94999615e+00 
 1.26775000e-08  9.72602843e-01  1.26775000e-08  1.90675215e-06  1.26775000e-08  1.94999610e+00 
 1.26785000e-08  1.01008072e+00  1.26785000e-08  1.91435598e-06  1.26785000e-08  1.94999635e+00 
 1.26795000e-08  1.04792843e+00  1.26795000e-08  1.72716276e-06  1.26795000e-08  1.94999629e+00 
 1.26805000e-08  1.08574444e+00  1.26805000e-08  1.74986211e-06  1.26805000e-08  1.94999653e+00 
 1.26815000e-08  1.12326013e+00  1.26815000e-08  1.59736708e-06  1.26815000e-08  1.94999647e+00 
 1.28495000e-08  1.94986468e+00  1.28495000e-08  8.92226053e-01  1.28495000e-08  1.94987843e+00 
 1.28505000e-08  1.94986841e+00  1.28505000e-08  9.54299024e-01  1.28505000e-08  1.94977281e+00 
 1.28515000e-08  1.94987115e+00  1.28515000e-08  1.01535331e+00  1.28515000e-08  1.94965979e+00 
 1.28525000e-08  1.94987461e+00  1.28525000e-08  1.07542087e+00  1.28525000e-08  1.94955869e+00 
 1.28535000e-08  1.94987710e+00  1.28535000e-08  1.13462294e+00  1.28535000e-08  1.94945515e+00 
 1.28545000e-08  1.94988029e+00  1.28545000e-08  1.19333867e+00  1.28545000e-08  1.94933472e+00 
 1.29835000e-08  1.94996331e+00  1.29835000e-08  1.94996688e+00  1.29835000e-08  1.19156913e+00 
 1.29845000e-08  1.94996358e+00  1.29845000e-08  1.94999471e+00  1.29845000e-08  1.13403710e+00 
 1.29855000e-08  1.94996363e+00  1.29855000e-08  1.95002151e+00  1.29855000e-08  1.07640296e+00 
 1.29865000e-08  1.94996389e+00  1.29865000e-08  1.95004849e+00  1.29865000e-08  1.01845546e+00 
 1.29875000e-08  1.94996394e+00  1.29875000e-08  1.95006727e+00  1.29875000e-08  9.60084173e-01 
 1.29885000e-08  1.94996420e+00  1.29885000e-08  1.95008390e+00  1.29885000e-08  9.01114155e-01 
 1.32125000e-08  1.14673222e+00  1.32125000e-08  1.94999988e+00  1.32125000e-08  1.88715264e-05 
 1.32135000e-08  1.09391696e+00  1.32135000e-08  1.94999971e+00  1.32135000e-08  1.21078864e-05 
 1.32145000e-08  1.04134334e+00  1.32145000e-08  1.94999983e+00  1.32145000e-08  1.76216169e-05 
 1.32155000e-08  9.88920231e-01  1.32155000e-08  1.94999969e+00  1.32155000e-08  1.13892069e-05 
 1.32165000e-08  9.36607421e-01  1.32165000e-08  1.94999983e+00  1.32165000e-08  1.68880103e-05 
 1.32175000e-08  8.84306627e-01  1.32175000e-08  1.94999969e+00  1.32175000e-08  1.03656442e-05 
 1.35345000e-08  2.12743146e-04  1.35345000e-08  1.13488089e+00  1.35345000e-08 -1.98567928e-06 
 1.35355000e-08  2.08435018e-04  1.35355000e-08  1.08268729e+00  1.35355000e-08 -1.85291729e-06 
 1.35365000e-08  2.04177210e-04  1.35365000e-08  1.02972532e+00  1.35365000e-08  9.00224860e-07 
 1.35375000e-08  2.00064200e-04  1.35375000e-08  9.75984063e-01  1.35375000e-08  2.12098588e-06 
 1.35385000e-08  1.95999401e-04  1.35385000e-08  9.21482791e-01  1.35385000e-08  5.25063451e-06 
 1.35395000e-08  1.92073045e-04  1.35395000e-08  8.66223542e-01  1.35395000e-08  6.93832111e-06 
 1.37985000e-08  9.35202641e-01  1.37985000e-08  3.61098913e-06  1.37985000e-08  5.65768246e-07 
 1.37995000e-08  9.72170126e-01  1.37995000e-08  3.52479938e-06  1.37995000e-08  2.64286077e-07 
 1.38005000e-08  1.00964194e+00  1.38005000e-08  3.35992585e-06  1.38005000e-08  5.08875790e-07 
 1.38015000e-08  1.04748764e+00  1.38015000e-08  3.26435734e-06  1.38015000e-08  1.83003866e-07 
 1.38025000e-08  1.08530596e+00  1.38025000e-08  3.11925487e-06  1.38025000e-08  5.26038782e-07 
 1.38035000e-08  1.12282599e+00  1.38035000e-08  3.05771746e-06  1.38035000e-08  2.26391471e-07 
 1.39715000e-08  1.94986461e+00  1.39715000e-08  8.90375115e-01  1.39715000e-08 -9.81802033e-05 
 1.39725000e-08  1.94986838e+00  1.39725000e-08  9.52644135e-01  1.39725000e-08 -1.20537458e-04 
 1.39735000e-08  1.94987109e+00  1.39735000e-08  1.01398814e+00  1.39735000e-08 -1.35416456e-04 
 1.39745000e-08  1.94987459e+00  1.39745000e-08  1.07443730e+00  1.39745000e-08 -1.43264470e-04 
 1.39755000e-08  1.94987705e+00  1.39755000e-08  1.13406957e+00  1.39755000e-08 -1.57345211e-04 
 1.39765000e-08  1.94988027e+00  1.39765000e-08  1.19315153e+00  1.39765000e-08 -1.71920737e-04 
 1.40915000e-08  1.94996089e+00  1.40915000e-08  1.94993293e+00  1.40915000e-08  8.74670537e-01 
 1.40925000e-08  1.94996121e+00  1.40925000e-08  1.94994011e+00  1.40925000e-08  9.35404871e-01 
 1.40935000e-08  1.94996126e+00  1.40935000e-08  1.94994564e+00  1.40935000e-08  9.95144306e-01 
 1.40945000e-08  1.94996157e+00  1.40945000e-08  1.94995158e+00  1.40945000e-08  1.05598942e+00 
 1.40955000e-08  1.94996162e+00  1.40955000e-08  1.94995823e+00  1.40955000e-08  1.12185405e+00 
 1.40965000e-08  1.94996192e+00  1.40965000e-08  1.94995368e+00  1.40965000e-08  1.19485322e+00 
 1.43345000e-08  1.14809177e+00  1.43345000e-08  1.95000007e+00  1.43345000e-08  1.94999775e+00 
 1.43355000e-08  1.09527044e+00  1.43355000e-08  1.95000003e+00  1.43355000e-08  1.94999339e+00 
 1.43365000e-08  1.04269053e+00  1.43365000e-08  1.95000005e+00  1.43365000e-08  1.94999656e+00 
 1.43375000e-08  9.90264146e-01  1.43375000e-08  1.95000000e+00  1.43375000e-08  1.94999377e+00 
 1.43385000e-08  9.37948817e-01  1.43385000e-08  1.95000000e+00  1.43385000e-08  1.94999802e+00 
 1.43395000e-08  8.85648217e-01  1.43395000e-08  1.94999995e+00  1.43395000e-08  1.94999385e+00 
 1.46565000e-08  2.12847983e-04  1.46565000e-08  1.13615199e+00  1.46565000e-08  1.94994213e+00 
 1.46575000e-08  2.08537143e-04  1.46575000e-08  1.08397863e+00  1.46575000e-08  1.94993915e+00 
 1.46585000e-08  2.04277287e-04  1.46585000e-08  1.03103761e+00  1.46585000e-08  1.94994061e+00 
 1.46595000e-08  2.00161667e-04  1.46595000e-08  9.77316174e-01  1.46595000e-08  1.94994756e+00 
 1.46605000e-08  1.96094887e-04  1.46605000e-08  9.22834790e-01  1.46605000e-08  1.94996090e+00 
 1.46615000e-08  1.92166094e-04  1.46615000e-08  8.67593773e-01  1.46615000e-08  1.94998063e+00 
 1.49205000e-08  9.33918853e-01  1.49205000e-08  2.10854737e-06  1.49205000e-08  1.94999613e+00 
 1.49215000e-08  9.70873007e-01  1.49215000e-08  1.89017195e-06  1.49215000e-08  1.94999611e+00 
 1.49225000e-08  1.00832640e+00  1.49225000e-08  1.93918828e-06  1.49225000e-08  1.94999633e+00 
 1.49235000e-08  1.04616574e+00  1.49235000e-08  1.71064773e-06  1.49235000e-08  1.94999631e+00 
 1.49245000e-08  1.08399072e+00  1.49245000e-08  1.77360616e-06  1.49245000e-08  1.94999651e+00 
 1.49255000e-08  1.12152370e+00  1.49255000e-08  1.57780565e-06  1.49255000e-08  1.94999649e+00 
 1.50935000e-08  1.94986444e+00  1.50935000e-08  8.89381204e-01  1.50935000e-08  1.94988283e+00 
 1.50945000e-08  1.94986831e+00  1.50945000e-08  9.51501426e-01  1.50945000e-08  1.94977782e+00 
 1.50955000e-08  1.94987095e+00  1.50955000e-08  1.01260461e+00  1.50955000e-08  1.94966488e+00 
 1.50965000e-08  1.94987453e+00  1.50965000e-08  1.07271577e+00  1.50965000e-08  1.94956288e+00 
 1.50975000e-08  1.94987691e+00  1.50975000e-08  1.13194057e+00  1.50975000e-08  1.94946025e+00 
 1.50985000e-08  1.94988023e+00  1.50985000e-08  1.19067447e+00  1.50985000e-08  1.94934046e+00 
 1.52275000e-08  1.94996329e+00  1.52275000e-08  1.94996572e+00  1.52275000e-08  1.19424360e+00 
 1.52285000e-08  1.94996359e+00  1.52285000e-08  1.94999341e+00  1.52285000e-08  1.13671195e+00 
 1.52295000e-08  1.94996361e+00  1.52295000e-08  1.95002024e+00  1.52295000e-08  1.07908894e+00 
 1.52305000e-08  1.94996390e+00  1.52305000e-08  1.95004730e+00  1.52305000e-08  1.02115653e+00 
 1.52315000e-08  1.94996392e+00  1.52315000e-08  1.95006648e+00  1.52315000e-08  9.62810718e-01 
 1.52325000e-08  1.94996421e+00  1.52325000e-08  1.95008321e+00  1.52325000e-08  9.03868029e-01 
 1.54565000e-08  1.14927180e+00  1.54565000e-08  1.94999989e+00  1.54565000e-08  1.82986218e-05 
 1.54575000e-08  1.09644596e+00  1.54575000e-08  1.94999979e+00  1.54575000e-08  1.26285755e-05 
 1.54585000e-08  1.04386137e+00  1.54585000e-08  1.94999991e+00  1.54585000e-08  1.70969622e-05 
 1.54595000e-08  9.91432831e-01  1.54595000e-08  1.94999977e+00  1.54595000e-08  1.18610174e-05 
 1.54605000e-08  9.39115955e-01  1.54605000e-08  1.94999985e+00  1.54605000e-08  1.63146648e-05 
 1.54615000e-08  8.86816096e-01  1.54615000e-08  1.94999974e+00  1.54615000e-08  1.08567908e-05 
 1.57785000e-08  2.12948413e-04  1.57785000e-08  1.13744652e+00  1.57785000e-08 -2.12856966e-06 
 1.57795000e-08  2.08635141e-04  1.57795000e-08  1.08529034e+00  1.57795000e-08 -1.82673696e-06 
 1.57805000e-08  2.04373411e-04  1.57805000e-08  1.03236760e+00  1.57805000e-08  6.95454306e-07 
 1.57815000e-08  2.00255352e-04  1.57815000e-08  9.78663684e-01  1.57815000e-08  2.06128149e-06 
 1.57825000e-08  1.96186613e-04  1.57825000e-08  9.24200839e-01  1.57825000e-08  5.02784173e-06 
 1.57835000e-08  1.92255448e-04  1.57835000e-08  8.68977720e-01  1.57835000e-08  6.89688402e-06 
 1.60425000e-08  9.32851089e-01  1.60425000e-08  3.63229644e-06  1.60425000e-08  5.83502972e-07 
 1.60435000e-08  9.69794592e-01  1.60435000e-08  3.51607737e-06  1.60435000e-08  2.51902873e-07 
 1.60445000e-08  1.00723255e+00  1.60445000e-08  3.38261219e-06  1.60445000e-08  5.25507032e-07 
 1.60455000e-08  1.04506623e+00  1.60455000e-08  3.25544429e-06  1.60455000e-08  1.68570246e-07 
 1.60465000e-08  1.08289647e+00  1.60465000e-08  3.14070791e-06  1.60465000e-08  5.43324479e-07 
 1.60475000e-08  1.12044014e+00  1.60475000e-08  3.04451070e-06  1.60475000e-08  2.13892838e-07 
 1.62155000e-08  1.94986435e+00  1.62155000e-08  8.86295369e-01  1.62155000e-08 -9.62886583e-05 
 1.62165000e-08  1.94986823e+00  1.62165000e-08  9.48622170e-01  1.62165000e-08 -1.19392739e-04 
 1.62175000e-08  1.94987085e+00  1.62175000e-08  1.01002676e+00  1.62175000e-08 -1.34574336e-04 
 1.62185000e-08  1.94987445e+00  1.62185000e-08  1.07053266e+00  1.62185000e-08 -1.42759478e-04 
 1.62195000e-08  1.94987682e+00  1.62195000e-08  1.13021166e+00  1.62195000e-08 -1.56393277e-04 
 1.62205000e-08  1.94988016e+00  1.62205000e-08  1.18933151e+00  1.62205000e-08 -1.71069746e-04 
 1.63355000e-08  1.94996086e+00  1.63355000e-08  1.94993266e+00  1.63355000e-08  8.70687730e-01 
 1.63365000e-08  1.94996121e+00  1.63365000e-08  1.94993958e+00  1.63365000e-08  9.31515493e-01 
 1.63375000e-08  1.94996123e+00  1.63375000e-08  1.94994532e+00  1.63375000e-08  9.91284983e-01 
 1.63385000e-08  1.94996157e+00  1.63385000e-08  1.94995125e+00  1.63385000e-08  1.05190517e+00 
 1.63395000e-08  1.94996159e+00  1.63395000e-08  1.94995799e+00  1.63395000e-08  1.11732319e+00 
 1.63405000e-08  1.94996193e+00  1.63405000e-08  1.94995369e+00  1.63405000e-08  1.19008678e+00 
 1.65785000e-08  1.15138184e+00  1.65785000e-08  1.95000007e+00  1.65785000e-08  1.94999680e+00 
 1.65795000e-08  1.09854690e+00  1.65795000e-08  1.95000006e+00  1.65795000e-08  1.94999435e+00 
 1.65805000e-08  1.04595281e+00  1.65805000e-08  1.95000004e+00  1.65805000e-08  1.94999810e+00 
 1.65815000e-08  9.93519350e-01  1.65815000e-08  1.95000002e+00  1.65815000e-08  1.94999441e+00 
 1.65825000e-08  9.41198738e-01  1.65825000e-08  1.95000000e+00  1.65825000e-08  1.94999703e+00 
 1.65835000e-08  8.88899342e-01  1.65835000e-08  1.94999998e+00  1.65835000e-08  1.94999468e+00 
 1.69005000e-08  2.13117854e-04  1.69005000e-08  1.13949177e+00  1.69005000e-08  1.94994240e+00 
 1.69015000e-08  2.08799796e-04  1.69015000e-08  1.08736714e+00  1.69015000e-08  1.94993925e+00 
 1.69025000e-08  2.04536885e-04  1.69025000e-08  1.03447721e+00  1.69025000e-08  1.94994033e+00 
 1.69035000e-08  2.00415486e-04  1.69035000e-08  9.80804429e-01  1.69035000e-08  1.94994695e+00 
 1.69045000e-08  1.96342780e-04  1.69045000e-08  9.26373139e-01  1.69045000e-08  1.94995981e+00 
 1.69055000e-08  1.92407065e-04  1.69055000e-08  8.71179244e-01  1.69055000e-08  1.94997918e+00 
 1.71645000e-08  9.31566725e-01  1.71645000e-08  2.14053800e-06  1.71645000e-08  1.94999610e+00 
 1.71655000e-08  9.68497921e-01  1.71655000e-08  1.86800982e-06  1.71655000e-08  1.94999613e+00 
 1.71665000e-08  1.00591715e+00  1.71665000e-08  1.97272367e-06  1.71665000e-08  1.94999630e+00 
 1.71675000e-08  1.04374357e+00  1.71675000e-08  1.68882843e-06  1.71675000e-08  1.94999632e+00 
 1.71685000e-08  1.08157980e+00  1.71685000e-08  1.80570618e-06  1.71685000e-08  1.94999648e+00 
 1.71695000e-08  1.11913621e+00  1.71695000e-08  1.55217180e-06  1.71695000e-08  1.94999651e+00 
 1.73375000e-08  1.94986424e+00  1.73375000e-08  8.85311720e-01  1.73375000e-08  1.94988913e+00 
 1.73385000e-08  1.94986812e+00  1.73385000e-08  9.47495704e-01  1.73385000e-08  1.94978513e+00 
 1.73395000e-08  1.94987076e+00  1.73395000e-08  1.00866535e+00  1.73395000e-08  1.94967237e+00 
 1.73405000e-08  1.94987434e+00  1.73405000e-08  1.06883914e+00  1.73405000e-08  1.94956881e+00 
 1.73415000e-08  1.94987673e+00  1.73415000e-08  1.12811339e+00  1.73415000e-08  1.94946752e+00 
 1.73425000e-08  1.94988004e+00  1.73425000e-08  1.18684085e+00  1.73425000e-08  1.94934927e+00 
 1.74715000e-08  1.94996328e+00  1.74715000e-08  1.94996412e+00  1.74715000e-08  1.19802210e+00 
 1.74725000e-08  1.94996358e+00  1.74725000e-08  1.94999159e+00  1.74725000e-08  1.14049086e+00 
 1.74735000e-08  1.94996360e+00  1.74735000e-08  1.95001847e+00  1.74735000e-08  1.08288325e+00 
 1.74745000e-08  1.94996389e+00  1.74745000e-08  1.95004561e+00  1.74745000e-08  1.02497187e+00 
 1.74755000e-08  1.94996391e+00  1.74755000e-08  1.95006535e+00  1.74755000e-08  9.66661822e-01 
 1.74765000e-08  1.94996420e+00  1.74765000e-08  1.95008224e+00  1.74765000e-08  9.07757686e-01 
 1.77005000e-08  1.15274293e+00  1.77005000e-08  1.94999993e+00  1.77005000e-08  1.74177020e-05 
 1.77015000e-08  1.09990236e+00  1.77015000e-08  1.94999987e+00  1.77015000e-08  1.34217863e-05 
 1.77025000e-08  1.04730234e+00  1.77025000e-08  1.94999994e+00  1.77025000e-08  1.65775688e-05 
 1.77035000e-08  9.94865883e-01  1.77035000e-08  1.94999986e+00  1.77035000e-08  1.23823155e-05 
 1.77045000e-08  9.42543009e-01  1.77045000e-08  1.94999992e+00  1.77045000e-08  1.54849232e-05 
 1.77055000e-08  8.90244063e-01  1.77055000e-08  1.94999984e+00  1.77055000e-08  1.16458219e-05 
 1.80225000e-08  2.13234410e-04  1.80225000e-08  1.14084933e+00  1.80225000e-08 -2.30927657e-06 
 1.80235000e-08  2.08913215e-04  1.80235000e-08  1.08874284e+00  1.80235000e-08 -1.79091903e-06 
 1.80245000e-08  2.04646868e-04  1.80245000e-08  1.03587216e+00  1.80245000e-08  4.31157550e-07 
 1.80255000e-08  2.00522189e-04  1.80255000e-08  9.82217837e-01  1.80255000e-08  1.98230348e-06 
 1.80265000e-08  1.96448300e-04  1.80265000e-08  9.27806038e-01  1.80265000e-08  4.73728869e-06 
 1.80275000e-08  1.92510486e-04  1.80275000e-08  8.72630949e-01  1.80275000e-08  6.84069907e-06 
 1.82865000e-08  9.30426715e-01  1.82865000e-08  3.65997231e-06  1.82865000e-08  6.07652613e-07 
 1.82875000e-08  9.67347623e-01  1.82875000e-08  3.50373995e-06  1.82875000e-08  2.33934557e-07 
 1.82885000e-08  1.00475011e+00  1.82885000e-08  3.41175419e-06  1.82885000e-08  5.48045175e-07 
 1.82895000e-08  1.04256977e+00  1.82895000e-08  3.24324647e-06  1.82895000e-08  1.48828881e-07 
 1.82905000e-08  1.08041093e+00  1.82905000e-08  3.16850884e-06  1.82905000e-08  5.67035941e-07 
 1.82915000e-08  1.11797858e+00  1.82915000e-08  3.02877960e-06  1.82915000e-08  1.97038814e-07 
 1.84595000e-08  1.94986414e+00  1.84595000e-08  8.82134965e-01  1.84595000e-08 -9.42914706e-05 
 1.84605000e-08  1.94986800e+00  1.84605000e-08  9.44519056e-01  1.84605000e-08 -1.18158000e-04 
 1.84615000e-08  1.94987065e+00  1.84615000e-08  1.00598538e+00  1.84615000e-08 -1.33717623e-04 
 1.84625000e-08  1.94987423e+00  1.84625000e-08  1.06654955e+00  1.84625000e-08 -1.42247966e-04 
 1.84635000e-08  1.94987664e+00  1.84635000e-08  1.12627717e+00  1.84635000e-08 -1.55444465e-04 
 1.84645000e-08  1.94987994e+00  1.84645000e-08  1.18541078e+00  1.84645000e-08 -1.69749181e-04 
 1.85795000e-08  1.94996085e+00  1.85795000e-08  1.94993239e+00  1.85795000e-08  8.66567979e-01 
 1.85805000e-08  1.94996119e+00  1.85805000e-08  1.94993905e+00  1.85805000e-08  9.27495004e-01 
 1.85815000e-08  1.94996122e+00  1.85815000e-08  1.94994500e+00  1.85815000e-08  9.87302435e-01 
 1.85825000e-08  1.94996156e+00  1.85825000e-08  1.94995091e+00  1.85825000e-08  1.04772549e+00 
 1.85835000e-08  1.94996158e+00  1.85835000e-08  1.94995772e+00  1.85835000e-08  1.11269263e+00 
 1.85845000e-08  1.94996191e+00  1.85845000e-08  1.94995382e+00  1.85845000e-08  1.18516469e+00 
 1.88225000e-08  1.15486849e+00  1.88225000e-08  1.95000006e+00  1.88225000e-08  1.94999726e+00 
 1.88235000e-08  1.10201911e+00  1.88235000e-08  1.95000007e+00  1.88235000e-08  1.94999524e+00 
 1.88245000e-08  1.04940977e+00  1.88245000e-08  1.95000003e+00  1.88245000e-08  1.94999833e+00 
 1.88255000e-08  9.96968538e-01  1.88255000e-08  1.95000003e+00  1.88255000e-08  1.94999525e+00 
 1.88265000e-08  9.44642042e-01  1.88265000e-08  1.94999998e+00  1.88265000e-08  1.94999740e+00 
 1.88275000e-08  8.92343725e-01  1.88275000e-08  1.94999998e+00  1.88275000e-08  1.94999547e+00 
 1.91445000e-08  2.13409390e-04  1.91445000e-08  1.14290396e+00  1.91445000e-08  1.94994269e+00 
 1.91455000e-08  2.09083672e-04  1.91455000e-08  1.09082922e+00  1.91455000e-08  1.94993938e+00 
 1.91465000e-08  2.04814016e-04  1.91465000e-08  1.03799157e+00  1.91465000e-08  1.94994007e+00 
 1.91475000e-08  2.00684923e-04  1.91475000e-08  9.84368615e-01  1.91475000e-08  1.94994636e+00 
 1.91485000e-08  1.96607845e-04  1.91485000e-08  9.29988623e-01  1.91485000e-08  1.94995873e+00 
 1.91495000e-08  1.92665874e-04  1.91495000e-08  8.74843042e-01  1.91495000e-08  1.94997773e+00 
 1.94085000e-08  9.29140701e-01  1.94085000e-08  2.17134522e-06  1.94085000e-08  1.94999607e+00 
 1.94095000e-08  9.66048581e-01  1.94095000e-08  1.84657669e-06  1.94095000e-08  1.94999615e+00 
 1.94105000e-08  1.00343137e+00  1.94105000e-08  2.00530024e-06  1.94105000e-08  1.94999627e+00 
 1.94115000e-08  1.04124436e+00  1.94115000e-08  1.66782229e-06  1.94115000e-08  1.94999634e+00 
 1.94125000e-08  1.07909138e+00  1.94125000e-08  1.83694473e-06  1.94125000e-08  1.94999645e+00 
 1.94135000e-08  1.11667175e+00  1.94135000e-08  1.52804264e-06  1.94135000e-08  1.94999652e+00 
 1.95815000e-08  1.94986403e+00  1.95815000e-08  8.81155662e-01  1.95815000e-08  1.94989551e+00 
 1.95825000e-08  1.94986788e+00  1.95825000e-08  9.43402325e-01  1.95825000e-08  1.94979263e+00 
 1.95835000e-08  1.94987055e+00  1.95835000e-08  1.00463769e+00  1.95835000e-08  1.94968001e+00 
 1.95845000e-08  1.94987412e+00  1.95845000e-08  1.06487597e+00  1.95845000e-08  1.94957475e+00 
 1.95855000e-08  1.94987655e+00  1.95855000e-08  1.12420422e+00  1.95855000e-08  1.94947479e+00 
 1.95865000e-08  1.94987984e+00  1.95865000e-08  1.18295220e+00  1.95865000e-08  1.94935778e+00 
 1.97165000e-08  1.94996357e+00  1.97165000e-08  1.94998975e+00  1.97165000e-08  1.14432645e+00 
 1.97175000e-08  1.94996359e+00  1.97175000e-08  1.95001669e+00  1.97175000e-08  1.08673345e+00 
 1.97185000e-08  1.94996388e+00  1.97185000e-08  1.95004391e+00  1.97185000e-08  1.02884277e+00 
 1.97195000e-08  1.94996391e+00  1.97195000e-08  1.95006423e+00  1.97195000e-08  9.70568164e-01 
 1.97205000e-08  1.94996419e+00  1.97205000e-08  1.95008125e+00  1.97205000e-08  9.11702806e-01 
 1.97215000e-08  1.94996422e+00  1.97215000e-08  1.95009118e+00  1.97215000e-08  8.52216461e-01 
 1.99175000e-08  2.05290556e+00  1.99175000e-08  1.94999993e+00  1.99175000e-08  3.58860493e-05 
 1.99445000e-08  1.15664519e+00  1.99445000e-08  1.94999998e+00  1.99445000e-08  1.70051341e-05 
 1.99455000e-08  1.10378843e+00  1.99455000e-08  1.94999995e+00  1.99455000e-08  1.38322855e-05 
 1.99465000e-08  1.05117123e+00  1.99465000e-08  1.94999997e+00  1.99465000e-08  1.58992041e-05 
 1.99475000e-08  9.98725922e-01  1.99475000e-08  1.94999993e+00  1.99475000e-08  1.29954952e-05 
 1.99485000e-08  9.46396310e-01  1.99485000e-08  1.94999994e+00  1.99485000e-08  1.50716743e-05 
 1.99495000e-08  8.94098450e-01  1.99495000e-08  1.94999990e+00  1.99495000e-08  1.20438097e-05 
 2.02665000e-08  2.13553019e-04  2.02665000e-08  1.14456993e+00  2.02665000e-08 -2.47537849e-06 
 2.02675000e-08  2.09223414e-04  2.02675000e-08  1.09251783e+00  2.02675000e-08 -1.77696507e-06 
 2.02685000e-08  2.04951193e-04  2.02685000e-08  1.03970412e+00  2.02685000e-08  1.72317658e-07 
 2.02695000e-08  2.00818310e-04  2.02695000e-08  9.86104111e-01  2.02695000e-08  1.87752901e-06 
 2.02705000e-08  1.96738778e-04  2.02705000e-08  9.31748226e-01  2.02705000e-08  4.44461777e-06 
 2.02715000e-08  1.92793319e-04  2.02715000e-08  8.76625800e-01  2.02715000e-08  6.75569216e-06 
 2.05305000e-08  9.27824202e-01  2.05305000e-08  3.68759797e-06  2.05305000e-08  6.41224648e-07 
 2.05315000e-08  9.64721362e-01  2.05315000e-08  3.49264304e-06  2.05315000e-08  2.06628415e-07 
 2.05325000e-08  1.00208464e+00  2.05325000e-08  3.44131216e-06  2.05325000e-08  5.72683846e-07 
 2.05335000e-08  1.03988856e+00  2.05335000e-08  3.23184614e-06  2.05335000e-08  1.28501928e-07 
 2.05345000e-08  1.07774050e+00  2.05345000e-08  3.19622857e-06  2.05345000e-08  6.06246176e-07 
 2.05355000e-08  1.11533352e+00  2.05355000e-08  3.01411496e-06  2.05355000e-08  1.82123176e-07 
 2.07035000e-08  1.94986392e+00  2.07035000e-08  8.77670412e-01  2.07035000e-08 -9.21363955e-05 
 2.07045000e-08  1.94986775e+00  2.07045000e-08  9.40117028e-01  2.07045000e-08 -1.16837139e-04 
 2.07055000e-08  1.94987045e+00  2.07055000e-08  1.00164940e+00  2.07055000e-08 -1.32779470e-04 
 2.07065000e-08  1.94987401e+00  2.07065000e-08  1.06227645e+00  2.07065000e-08 -1.41680452e-04 
 2.07075000e-08  1.94987646e+00  2.07075000e-08  1.12205726e+00  2.07075000e-08 -1.54425466e-04 
 2.07085000e-08  1.94987973e+00  2.07085000e-08  1.18122195e+00  2.07085000e-08 -1.68612608e-04 
 2.08235000e-08  1.94996084e+00  2.08235000e-08  1.94993212e+00  2.08235000e-08  8.62179620e-01 
 2.08245000e-08  1.94996118e+00  2.08245000e-08  1.94993847e+00  2.08245000e-08  9.23215285e-01 
 2.08255000e-08  1.94996121e+00  2.08255000e-08  1.94994466e+00  2.08255000e-08  9.83070125e-01 
 2.08265000e-08  1.94996154e+00  2.08265000e-08  1.94995052e+00  2.08265000e-08  1.04331730e+00 
 2.08275000e-08  1.94996157e+00  2.08275000e-08  1.94995740e+00  2.08275000e-08  1.10782435e+00 
 2.08285000e-08  1.94996189e+00  2.08285000e-08  1.94995402e+00  2.08285000e-08  1.17993038e+00 
 2.10665000e-08  1.15852460e+00  2.10665000e-08  1.95000000e+00  2.10665000e-08  1.94999771e+00 
 2.10675000e-08  1.10566004e+00  2.10675000e-08  1.95000003e+00  2.10675000e-08  1.94999620e+00 
 2.10685000e-08  1.05303446e+00  2.10685000e-08  1.94999997e+00  2.10685000e-08  1.94999854e+00 
 2.10695000e-08  1.00058476e+00  2.10695000e-08  1.95000000e+00  2.10695000e-08  1.94999618e+00 
 2.10705000e-08  9.48251770e-01  2.10705000e-08  1.94999994e+00  2.10705000e-08  1.94999778e+00 
 2.10715000e-08  8.95954332e-01  2.10715000e-08  1.94999996e+00  2.10715000e-08  1.94999634e+00 
 2.13885000e-08  2.13696859e-04  2.13885000e-08  1.14630436e+00  2.13885000e-08  1.94994298e+00 
 2.13895000e-08  2.09363498e-04  2.13895000e-08  1.09427931e+00  2.13895000e-08  1.94993952e+00 
 2.13905000e-08  2.05088551e-04  2.13905000e-08  1.04149376e+00  2.13905000e-08  1.94993984e+00 
 2.13915000e-08  2.00952021e-04  2.13915000e-08  9.87920482e-01  2.13915000e-08  1.94994579e+00 
 2.13925000e-08  1.96869888e-04  2.13925000e-08  9.33591652e-01  2.13925000e-08  1.94995769e+00 
 2.13935000e-08  1.92920954e-04  2.13935000e-08  8.78494270e-01  2.13935000e-08  1.94997630e+00 
 2.16525000e-08  9.26701445e-01  2.16525000e-08  2.20237098e-06  2.16525000e-08  1.94999604e+00 
 2.16535000e-08  9.63590245e-01  2.16535000e-08  1.82459389e-06  2.16535000e-08  1.94999616e+00 
 2.16545000e-08  1.00093714e+00  2.16545000e-08  2.03831212e-06  2.16545000e-08  1.94999624e+00 
 2.16555000e-08  1.03873304e+00  2.16555000e-08  1.64687935e-06  2.16555000e-08  1.94999635e+00 
 2.16565000e-08  1.07658889e+00  2.16565000e-08  1.86875716e-06  2.16565000e-08  1.94999643e+00 
 2.16575000e-08  1.11419254e+00  2.16575000e-08  1.50395177e-06  2.16575000e-08  1.94999654e+00 
 2.18255000e-08  1.94986382e+00  2.18255000e-08  8.77016064e-01  2.18255000e-08  1.94990181e+00 
 2.18265000e-08  1.94986765e+00  2.18265000e-08  9.39326956e-01  2.18265000e-08  1.94979991e+00 
 2.18275000e-08  1.94987036e+00  2.18275000e-08  1.00062976e+00  2.18275000e-08  1.94968744e+00 
 2.18285000e-08  1.94987391e+00  2.18285000e-08  1.06093256e+00  2.18285000e-08  1.94958061e+00 
 2.18295000e-08  1.94987637e+00  2.18295000e-08  1.12031363e+00  2.18295000e-08  1.94948194e+00 
 2.18305000e-08  1.94987964e+00  2.18305000e-08  1.17908322e+00  2.18305000e-08  1.94936611e+00 
 2.19605000e-08  1.94996356e+00  2.19605000e-08  1.94998770e+00  2.19605000e-08  1.14819092e+00 
 2.19615000e-08  1.94996358e+00  2.19615000e-08  1.95001486e+00  2.19615000e-08  1.09061082e+00 
 2.19625000e-08  1.94996387e+00  2.19625000e-08  1.95004224e+00  2.19625000e-08  1.03273893e+00 
 2.19635000e-08  1.94996390e+00  2.19635000e-08  1.95006318e+00  2.19635000e-08  9.74497224e-01 
 2.19645000e-08  1.94996418e+00  2.19645000e-08  1.95008034e+00  2.19645000e-08  9.15668157e-01 
 2.19655000e-08  1.94996421e+00  2.19655000e-08  1.95009080e+00  2.19655000e-08  8.56226882e-01 
 2.21885000e-08  1.16022029e+00  2.21885000e-08  1.94999998e+00  2.21885000e-08  1.65573761e-05 
 2.21895000e-08  1.10734867e+00  2.21895000e-08  1.94999998e+00  2.21895000e-08  1.42193924e-05 
 2.21905000e-08  1.05471548e+00  2.21905000e-08  1.94999996e+00  2.21905000e-08  1.55031197e-05 
 2.21915000e-08  1.00226174e+00  2.21915000e-08  1.94999996e+00  2.21915000e-08  1.33490772e-05 
 2.21925000e-08  9.49925621e-01  2.21925000e-08  1.94999993e+00  2.21925000e-08  1.46378326e-05 
 2.21935000e-08  8.97628503e-01  2.21935000e-08  1.94999993e+00  2.21935000e-08  1.24246133e-05 
 2.25105000e-08  2.13836521e-04  2.25105000e-08  1.14792441e+00  2.25105000e-08 -2.61343633e-06 
 2.25115000e-08  2.09499731e-04  2.25115000e-08  1.09592140e+00  2.25115000e-08 -1.76844606e-06 
 2.25125000e-08  2.05221950e-04  2.25125000e-08  1.04315909e+00  2.25125000e-08 -5.04791652e-08 
 2.25135000e-08  2.01082087e-04  2.25135000e-08  9.89608157e-01  2.25135000e-08  1.79057165e-06 
 2.25145000e-08  1.96997226e-04  2.25145000e-08  9.35302756e-01  2.25145000e-08  4.19109169e-06 
 2.25155000e-08  1.93045097e-04  2.25155000e-08  8.80227934e-01  2.25155000e-08  6.67398407e-06 
 2.27745000e-08  9.25198958e-01  2.27745000e-08  3.72698812e-06  2.27745000e-08  6.97365332e-07 
 2.27755000e-08  9.62076951e-01  2.27755000e-08  3.46793020e-06  2.27755000e-08  1.84131905e-07 
 2.27765000e-08  9.99401529e-01  2.27765000e-08  3.48275211e-06  2.27765000e-08  6.19686228e-07 
 2.27775000e-08  1.03718596e+00  2.27775000e-08  3.20819889e-06  2.27775000e-08  9.92134750e-08 
 2.27785000e-08  1.07504650e+00  2.27785000e-08  3.23633874e-06  2.27785000e-08  6.58229749e-07 
 2.27795000e-08  1.11266429e+00  2.27795000e-08  2.98707080e-06  2.27795000e-08  1.56275630e-07 
 2.29475000e-08  1.94986369e+00  2.29475000e-08  8.73244480e-01  2.29475000e-08 -8.99727082e-05 
 2.29485000e-08  1.94986750e+00  2.29485000e-08  9.35752809e-01  2.29485000e-08 -1.15477876e-04 
 2.29495000e-08  1.94987024e+00  2.29495000e-08  9.97348111e-01  2.29495000e-08 -1.31768590e-04 
 2.29505000e-08  1.94987377e+00  2.29505000e-08  1.05803550e+00  2.29505000e-08 -1.41069996e-04 
 2.29515000e-08  1.94987626e+00  2.29515000e-08  1.11787007e+00  2.29515000e-08 -1.53465522e-04 
 2.29525000e-08  1.94987952e+00  2.29525000e-08  1.17706751e+00  2.29525000e-08 -1.67526460e-04 
 2.30675000e-08  1.94996083e+00  2.30675000e-08  1.94993186e+00  2.30675000e-08  8.57835138e-01 
 2.30685000e-08  1.94996116e+00  2.30685000e-08  1.94993792e+00  2.30685000e-08  9.18981831e-01 
 2.30695000e-08  1.94996120e+00  2.30695000e-08  1.94994432e+00  2.30695000e-08  9.78890626e-01 
 2.30705000e-08  1.94996152e+00  2.30705000e-08  1.94995012e+00  2.30705000e-08  1.03899449e+00 
 2.30715000e-08  1.94996156e+00  2.30715000e-08  1.94995703e+00  2.30715000e-08  1.10307274e+00 
 2.30725000e-08  1.94996187e+00  2.30725000e-08  1.94995431e+00  2.30725000e-08  1.17476105e+00 
 2.33105000e-08  1.16246862e+00  2.33105000e-08  1.94999999e+00  2.33105000e-08  1.94999903e+00 
 2.33115000e-08  1.10958782e+00  2.33115000e-08  1.95000004e+00  2.33115000e-08  1.94999740e+00 
 2.33125000e-08  1.05694461e+00  2.33125000e-08  1.94999996e+00  2.33125000e-08  1.94999839e+00 
 2.33135000e-08  1.00448554e+00  2.33135000e-08  1.95000000e+00  2.33135000e-08  1.94999744e+00 
 2.33145000e-08  9.52145300e-01  2.33145000e-08  1.94999993e+00  2.33145000e-08  1.94999896e+00 
 2.33155000e-08  8.99848633e-01  2.33155000e-08  1.94999997e+00  2.33155000e-08  1.94999742e+00 
 2.36325000e-08  2.14023686e-04  2.36325000e-08  1.15015589e+00  2.36325000e-08  1.94994333e+00 
 2.36335000e-08  2.09682174e-04  2.36335000e-08  1.09818727e+00  2.36335000e-08  1.94993969e+00 
 2.36345000e-08  2.05400617e-04  2.36345000e-08  1.04546075e+00  2.36345000e-08  1.94993961e+00 
 2.36355000e-08  2.01256258e-04  2.36355000e-08  9.91943885e-01  2.36355000e-08  1.94994517e+00 
 2.36365000e-08  1.97167867e-04  2.36365000e-08  9.37673131e-01  2.36365000e-08  1.94995654e+00 
 2.36375000e-08  1.93211482e-04  2.36375000e-08  8.82630574e-01  2.36375000e-08  1.94997472e+00 
 2.38965000e-08  9.23716173e-01  2.38965000e-08  2.23858293e-06  2.38965000e-08  1.94999601e+00 
 2.38975000e-08  9.60584100e-01  2.38975000e-08  1.79845353e-06  2.38975000e-08  1.94999618e+00 
 2.38985000e-08  9.97886739e-01  2.38985000e-08  2.07723245e-06  2.38985000e-08  1.94999621e+00 
 2.38995000e-08  1.03565904e+00  2.38995000e-08  1.62246532e-06  2.38995000e-08  1.94999637e+00 
 2.39005000e-08  1.07352539e+00  2.39005000e-08  1.90625385e-06  2.39005000e-08  1.94999640e+00 
 2.39015000e-08  1.11115753e+00  2.39015000e-08  1.47575476e-06  2.39015000e-08  1.94999655e+00 
 2.40695000e-08  1.94986355e+00  2.40695000e-08  8.71993192e-01  2.40695000e-08  1.94990935e+00 
 2.40705000e-08  1.94986736e+00  2.40705000e-08  9.34381505e-01  2.40705000e-08  1.94980867e+00 
 2.40715000e-08  1.94987013e+00  2.40715000e-08  9.95765930e-01  2.40715000e-08  1.94969651e+00 
 2.40725000e-08  1.94987364e+00  2.40725000e-08  1.05614748e+00  2.40725000e-08  1.94958786e+00 
 2.40735000e-08  1.94987615e+00  2.40735000e-08  1.11559440e+00  2.40735000e-08  1.94949076e+00 
 2.40745000e-08  1.94987940e+00  2.40745000e-08  1.17439422e+00  2.40745000e-08  1.94937633e+00 
 2.42045000e-08  1.94996354e+00  2.42045000e-08  1.94998550e+00  2.42045000e-08  1.15271149e+00 
 2.42055000e-08  1.94996357e+00  2.42055000e-08  1.95001271e+00  2.42055000e-08  1.09514185e+00 
 2.42065000e-08  1.94996385e+00  2.42065000e-08  1.95004016e+00  2.42065000e-08  1.03729773e+00 
 2.42075000e-08  1.94996389e+00  2.42075000e-08  1.95006179e+00  2.42075000e-08  9.79091913e-01 
 2.42085000e-08  1.94996416e+00  2.42085000e-08  1.95007909e+00  2.42085000e-08  9.20312102e-01 
 2.42095000e-08  1.94996420e+00  2.42095000e-08  1.95009022e+00  2.42095000e-08  8.60922774e-01 
 2.44325000e-08  1.16482310e+00  2.44325000e-08  1.94999990e+00  2.44325000e-08  1.61921246e-05 
 2.44335000e-08  1.11193252e+00  2.44335000e-08  1.94999994e+00  2.44335000e-08  1.45474955e-05 
 2.44345000e-08  1.05927856e+00  2.44345000e-08  1.94999989e+00  2.44345000e-08  1.51992265e-05 
 2.44355000e-08  1.00681364e+00  2.44355000e-08  1.94999994e+00  2.44355000e-08  1.36133457e-05 
 2.44365000e-08  9.54468809e-01  2.44365000e-08  1.94999987e+00  2.44365000e-08  1.42679353e-05 
 2.44375000e-08  9.02172392e-01  2.44375000e-08  1.94999991e+00  2.44375000e-08  1.27382313e-05 
 2.47545000e-08  2.14220342e-04  2.47545000e-08  1.15240273e+00  2.47545000e-08 -2.75497477e-06 
 2.47555000e-08  2.09873750e-04  2.47555000e-08  1.10046577e+00  2.47555000e-08 -1.78595274e-06 
 2.47565000e-08  2.05588358e-04  2.47565000e-08  1.04777250e+00  2.47565000e-08 -3.06458828e-07 
 2.47575000e-08  2.01439156e-04  2.47575000e-08  9.94287548e-01  2.47575000e-08  1.69308569e-06 
 2.47585000e-08  1.97347061e-04  2.47585000e-08  9.40050070e-01  2.47585000e-08  3.88560393e-06 
 2.47595000e-08  1.93386032e-04  2.47595000e-08  8.85039366e-01  2.47595000e-08  6.52804109e-06 
 2.50185000e-08  9.21641171e-01  2.50185000e-08  3.78767493e-06  2.50185000e-08  7.67945773e-07 
 2.50195000e-08  9.58496467e-01  2.50195000e-08  3.42634728e-06  2.50195000e-08  1.41866296e-07 
 2.50205000e-08  9.95768383e-01  2.50205000e-08  3.54626331e-06  2.50205000e-08  6.82038758e-07 
 2.50215000e-08  1.03351883e+00  2.50215000e-08  3.16909090e-06  2.50215000e-08  4.33097814e-08 
 2.50225000e-08  1.07138888e+00  2.50225000e-08  3.29782530e-06  2.50225000e-08  6.48058293e-07 
 2.50235000e-08  1.10904315e+00  2.50235000e-08  2.94259036e-06  2.50235000e-08  2.85314637e-08 
 2.51915000e-08  1.94986338e+00  2.51915000e-08  8.67270149e-01  2.51915000e-08 -8.69983485e-05 
 2.51925000e-08  1.94986717e+00  2.51925000e-08  9.29860975e-01  2.51925000e-08 -1.13563967e-04 
 2.51935000e-08  1.94986997e+00  2.51935000e-08  9.91546616e-01  2.51935000e-08 -1.30512359e-04 
 2.51945000e-08  1.94987346e+00  2.51945000e-08  1.05232146e+00  2.51945000e-08 -1.40326087e-04 
 2.51955000e-08  1.94987601e+00  2.51955000e-08  1.11223000e+00  2.51955000e-08 -1.52128315e-04 
 2.51965000e-08  1.94987924e+00  2.51965000e-08  1.17147479e+00  2.51965000e-08 -1.66055743e-04 
 2.53115000e-08  1.94996081e+00  2.53115000e-08  1.94993163e+00  2.53115000e-08  8.51982172e-01 
 2.53125000e-08  1.94996114e+00  2.53125000e-08  1.94993717e+00  2.53125000e-08  9.13278715e-01 
 2.53135000e-08  1.94996118e+00  2.53135000e-08  1.94994386e+00  2.53135000e-08  9.73268190e-01 
 2.53145000e-08  1.94996150e+00  2.53145000e-08  1.94994954e+00  2.53145000e-08  1.03321971e+00 
 2.53155000e-08  1.94996154e+00  2.53155000e-08  1.94995644e+00  2.53155000e-08  1.09676520e+00 
 2.53165000e-08  1.94996185e+00  2.53165000e-08  1.94995481e+00  2.53165000e-08  1.16780841e+00 
 2.55545000e-08  1.16769466e+00  2.55545000e-08  1.94999997e+00  2.55545000e-08  1.94999938e+00 
 2.55555000e-08  1.11479214e+00  2.55555000e-08  1.95000003e+00  2.55555000e-08  1.94999899e+00 
 2.55565000e-08  1.06212494e+00  2.55565000e-08  1.94999994e+00  2.55565000e-08  1.94999947e+00 
 2.55575000e-08  1.00965271e+00  2.55575000e-08  1.95000000e+00  2.55575000e-08  1.94999907e+00 
 2.55585000e-08  9.57302090e-01  2.55585000e-08  1.94999991e+00  2.55585000e-08  1.94999955e+00 
 2.55595000e-08  9.05005821e-01  2.55595000e-08  1.94999995e+00  2.55595000e-08  1.94999897e+00 
 2.58765000e-08  2.14456706e-04  2.58765000e-08  1.15513315e+00  2.58765000e-08  1.94994384e+00 
 2.58775000e-08  2.10103795e-04  2.58775000e-08  1.10323937e+00  2.58775000e-08  1.94993992e+00 
 2.58785000e-08  2.05814016e-04  2.58785000e-08  1.05058764e+00  2.58785000e-08  1.94993939e+00 
 2.58795000e-08  2.01658775e-04  2.58795000e-08  9.97145445e-01  2.58795000e-08  1.94994439e+00 
 2.58805000e-08  1.97562516e-04  2.58805000e-08  9.42948503e-01  2.58805000e-08  1.94995515e+00 
 2.58815000e-08  1.93595737e-04  2.58815000e-08  8.87978463e-01  2.58815000e-08  1.94997269e+00 
 2.61405000e-08  9.19698165e-01  2.61405000e-08  2.23802724e-06  2.61405000e-08  1.94999592e+00 
 2.61415000e-08  9.56543793e-01  2.61415000e-08  1.81090368e-06  2.61415000e-08  1.94999624e+00 
 2.61425000e-08  9.93786097e-01  2.61425000e-08  2.08167327e-06  2.61425000e-08  1.94999612e+00 
 2.61435000e-08  1.03151769e+00  2.61435000e-08  1.63698494e-06  2.61435000e-08  1.94999644e+00 
 2.61445000e-08  1.06939112e+00  2.61445000e-08  1.91031272e-06  2.61445000e-08  1.94999631e+00 
 2.61455000e-08  1.10706252e+00  2.61455000e-08  1.48471114e-06  2.61455000e-08  1.94999662e+00 
 2.63135000e-08  1.94986321e+00  2.63135000e-08  8.65358405e-01  2.63135000e-08  1.94991917e+00 
 2.63145000e-08  1.94986697e+00  2.63145000e-08  9.27849878e-01  2.63145000e-08  1.94982013e+00 
 2.63155000e-08  1.94986983e+00  2.63155000e-08  9.89343598e-01  2.63155000e-08  1.94970845e+00 
 2.63165000e-08  1.94987329e+00  2.63165000e-08  1.04982951e+00  2.63165000e-08  1.94959744e+00 
 2.63175000e-08  1.94987588e+00  2.63175000e-08  1.10936583e+00  2.63175000e-08  1.94950232e+00 
 2.63185000e-08  1.94987907e+00  2.63185000e-08  1.16821175e+00  2.63185000e-08  1.94938959e+00 
 2.64485000e-08  1.94996351e+00  2.64485000e-08  1.94998256e+00  2.64485000e-08  1.15877140e+00 
 2.64495000e-08  1.94996355e+00  2.64495000e-08  1.95000983e+00  2.64495000e-08  1.10121187e+00 
 2.64505000e-08  1.94996383e+00  2.64505000e-08  1.95003733e+00  2.64505000e-08  1.04340590e+00 
 2.64515000e-08  1.94996387e+00  2.64515000e-08  1.95005990e+00  2.64515000e-08  9.85244690e-01 
 2.64525000e-08  1.94996414e+00  2.64525000e-08  1.95007739e+00  2.64525000e-08  9.26532199e-01 
 2.64535000e-08  1.94996418e+00  2.64535000e-08  1.95008942e+00  2.64535000e-08  8.67209999e-01 
 2.66765000e-08  1.17057232e+00  2.66765000e-08  1.94999982e+00  2.66765000e-08  1.60587663e-05 
 2.66775000e-08  1.11765789e+00  2.66775000e-08  1.94999990e+00  2.66775000e-08  1.47799326e-05 
 2.66785000e-08  1.06497726e+00  2.66785000e-08  1.94999981e+00  2.66785000e-08  1.50634983e-05 
 2.66795000e-08  1.01249754e+00  2.66795000e-08  1.94999991e+00  2.66795000e-08  1.38434863e-05 
 2.66805000e-08  9.60140864e-01  2.66805000e-08  1.94999978e+00  2.66805000e-08  1.41297864e-05 
 2.66815000e-08  9.07844615e-01  2.66815000e-08  1.94999984e+00  2.66815000e-08  1.29659971e-05 
 2.69985000e-08  2.14696650e-04  2.69985000e-08  1.15788973e+00  2.69985000e-08 -2.90240247e-06 
 2.69995000e-08  2.10338577e-04  2.69995000e-08  1.10603690e+00  2.69995000e-08 -1.81759593e-06 
 2.70005000e-08  2.06043079e-04  2.70005000e-08  1.05342407e+00  2.70005000e-08 -5.95451389e-07 
 2.70015000e-08  2.01882929e-04  2.70015000e-08  1.00002287e+00  2.70015000e-08  1.56079431e-06 
 2.70025000e-08  1.97781200e-04  2.70025000e-08  9.45864974e-01  2.70025000e-08  3.56081941e-06 
 2.70035000e-08  1.93809788e-04  2.70035000e-08  8.90935529e-01  2.70035000e-08  6.35378751e-06 
 2.72625000e-08  9.17843999e-01  2.72625000e-08  3.86313494e-06  2.72625000e-08  7.46738840e-07 
 2.72635000e-08  9.54681042e-01  2.72635000e-08  3.37176995e-06  2.72635000e-08  2.64585104e-09 
 2.72645000e-08  9.91896334e-01  2.72645000e-08  3.62623197e-06  2.72645000e-08  7.07350684e-07 
 2.72655000e-08  1.02960936e+00  2.72655000e-08  3.11813822e-06  2.72655000e-08 -9.29142879e-09 
 2.72665000e-08  1.06748533e+00  2.72665000e-08  3.37585653e-06  2.72665000e-08  6.93896170e-07 
 2.72675000e-08  1.10517259e+00  2.72675000e-08  2.88721651e-06  2.72675000e-08 -1.42389679e-08 
 2.74355000e-08  1.94986306e+00  2.74355000e-08  8.60861413e-01  2.74355000e-08 -8.37444335e-05 
 2.74365000e-08  1.94986679e+00  2.74365000e-08  9.23539645e-01  2.74365000e-08 -1.11424496e-04 
 2.74375000e-08  1.94986968e+00  2.74375000e-08  9.85319046e-01  2.74375000e-08 -1.29032917e-04 
 2.74385000e-08  1.94987312e+00  2.74385000e-08  1.04618227e+00  2.74385000e-08 -1.39418470e-04 
 2.74395000e-08  1.94987574e+00  2.74395000e-08  1.10617362e+00  2.74395000e-08 -1.50780294e-04 
 2.74405000e-08  1.94987892e+00  2.74405000e-08  1.16548714e+00  2.74405000e-08 -1.64835326e-04 
 2.75555000e-08  1.94996080e+00  2.75555000e-08  1.94993142e+00  2.75555000e-08  8.45718851e-01 
 2.75565000e-08  1.94996111e+00  2.75565000e-08  1.94993635e+00  2.75565000e-08  9.07181569e-01 
 2.75575000e-08  1.94996117e+00  2.75575000e-08  1.94994336e+00  2.75575000e-08  9.67267021e-01 
 2.75585000e-08  1.94996147e+00  2.75585000e-08  1.94994888e+00  2.75585000e-08  1.02710132e+00 
 2.75595000e-08  1.94996153e+00  2.75595000e-08  1.94995573e+00  2.75595000e-08  1.09013374e+00 
 2.75605000e-08  1.94996182e+00  2.75605000e-08  1.94995546e+00  2.75605000e-08  1.16039998e+00 
 2.77985000e-08  1.17337626e+00  2.77985000e-08  1.94999994e+00  2.77985000e-08  1.94999882e+00 
 2.77995000e-08  1.12045023e+00  2.77995000e-08  1.95000002e+00  2.77995000e-08  1.94999919e+00 
 2.78005000e-08  1.06775637e+00  2.78005000e-08  1.94999992e+00  2.78005000e-08  1.94999882e+00 
 2.78015000e-08  1.01526916e+00  2.78015000e-08  1.94999999e+00  2.78015000e-08  1.94999942e+00 
 2.78025000e-08  9.62906373e-01  2.78025000e-08  1.94999988e+00  2.78025000e-08  1.94999878e+00 
 2.78035000e-08  9.10609965e-01  2.78035000e-08  1.94999994e+00  2.78035000e-08  1.94999914e+00 
 2.81205000e-08  2.14930898e-04  2.81205000e-08  1.16062903e+00  2.81205000e-08  1.94994443e+00 
 2.81215000e-08  2.10567789e-04  2.81215000e-08  1.10882026e+00  2.81215000e-08  1.94994020e+00 
 2.81225000e-08  2.06266656e-04  2.81225000e-08  1.05624938e+00  2.81225000e-08  1.94993921e+00 
 2.81235000e-08  2.02101745e-04  2.81235000e-08  1.00289183e+00  2.81235000e-08  1.94994359e+00 
 2.81245000e-08  1.97994992e-04  2.81245000e-08  9.48774972e-01  2.81245000e-08  1.94995369e+00 
 2.81255000e-08  1.94019159e-04  2.81255000e-08  8.93887113e-01  2.81255000e-08  1.94997052e+00 
 2.83845000e-08  9.16093064e-01  2.83845000e-08  2.20207845e-06  2.83845000e-08  1.94999581e+00 
 2.83855000e-08  9.52923181e-01  2.83855000e-08  1.85814760e-06  2.83855000e-08  1.94999634e+00 
 2.83865000e-08  9.90113309e-01  2.83865000e-08  2.05083791e-06  2.83865000e-08  1.94999601e+00 
 2.83875000e-08  1.02780788e+00  2.83875000e-08  1.68594299e-06  2.83875000e-08  1.94999653e+00 
 2.83885000e-08  1.06568543e+00  2.83885000e-08  1.88012857e-06  2.83885000e-08  1.94999621e+00 
 2.83895000e-08  1.10338723e+00  2.83895000e-08  1.52859371e-06  2.83895000e-08  1.94999671e+00 
 2.85575000e-08  1.94986291e+00  2.85575000e-08  8.58945584e-01  2.85575000e-08  1.94992821e+00 
 2.85585000e-08  1.94986661e+00  2.85585000e-08  9.21533797e-01  2.85585000e-08  1.94983088e+00 
 2.85595000e-08  1.94986955e+00  2.85595000e-08  9.83131225e-01  2.85595000e-08  1.94971987e+00 
 2.85605000e-08  1.94987295e+00  2.85605000e-08  1.04371521e+00  2.85605000e-08  1.94960808e+00 
 2.85615000e-08  1.94987562e+00  2.85615000e-08  1.10334288e+00  2.85615000e-08  1.94951246e+00 
 2.85625000e-08  1.94987877e+00  2.85625000e-08  1.16224300e+00  2.85625000e-08  1.94940145e+00 
 2.86925000e-08  1.94996349e+00  2.86925000e-08  1.94997967e+00  2.86925000e-08  1.16463121e+00 
 2.86935000e-08  1.94996355e+00  2.86935000e-08  1.95000708e+00  2.86935000e-08  1.10707974e+00 
 2.86945000e-08  1.94996381e+00  2.86945000e-08  1.95003451e+00  2.86945000e-08  1.04930885e+00 
 2.86955000e-08  1.94996387e+00  2.86955000e-08  1.95005812e+00  2.86955000e-08  9.91189152e-01 
 2.86965000e-08  1.94996412e+00  2.86965000e-08  1.95007570e+00  2.86965000e-08  9.32540378e-01 
 2.86975000e-08  1.94996417e+00  2.86975000e-08  1.95008866e+00  2.86975000e-08  8.73282203e-01 
 2.89205000e-08  1.17520426e+00  2.89205000e-08  1.94999975e+00  2.89205000e-08  1.58935674e-05 
 2.89215000e-08  1.12227126e+00  2.89215000e-08  1.94999987e+00  2.89215000e-08  1.51681961e-05 
 2.89225000e-08  1.06956920e+00  2.89225000e-08  1.94999975e+00  2.89225000e-08  1.48419384e-05 
 2.89235000e-08  1.01707752e+00  2.89235000e-08  1.94999989e+00  2.89235000e-08  1.41720122e-05 
 2.89245000e-08  9.64711094e-01  2.89245000e-08  1.94999972e+00  2.89245000e-08  1.39638651e-05 
 2.89255000e-08  9.12414905e-01  2.89255000e-08  1.94999982e+00  2.89255000e-08  1.33547467e-05 
 2.92425000e-08  2.15095229e-04  2.92425000e-08  1.16252005e+00  2.92425000e-08 -3.02368578e-06 
 2.92435000e-08  2.10729328e-04  2.92435000e-08  1.11073890e+00  2.92435000e-08 -1.83691962e-06 
 2.92445000e-08  2.06424840e-04  2.92445000e-08  1.05819421e+00  2.92445000e-08 -8.36293208e-07 
 2.92455000e-08  2.02255286e-04  2.92455000e-08  1.00486436e+00  2.92455000e-08  1.45211992e-06 
 2.92465000e-08  1.98144534e-04  2.92465000e-08  9.50773975e-01  2.92465000e-08  3.28580633e-06 
 2.92475000e-08  1.94165171e-04  2.92475000e-08  8.95913820e-01  2.92475000e-08  6.18787921e-06 
 2.95075000e-08  9.51397922e-01  2.95075000e-08  3.40039154e-06  2.95075000e-08  7.69600558e-08 
 2.95085000e-08  9.88566506e-01  2.95085000e-08  3.62026222e-06  2.95085000e-08  6.18368061e-07 
 2.95095000e-08  1.02624436e+00  2.95095000e-08  3.14737749e-06  2.95095000e-08  6.48036143e-08 
 2.95105000e-08  1.06412260e+00  2.95105000e-08  3.36862914e-06  2.95105000e-08  6.03339175e-07 
 2.95115000e-08  1.10183668e+00  2.95115000e-08  2.91317001e-06  2.95115000e-08  5.73383021e-08 
 2.95125000e-08  1.13918018e+00  2.95125000e-08  3.18737699e-06  2.95125000e-08  6.55793973e-07 
 2.96795000e-08  1.94986278e+00  2.96795000e-08  8.55019352e-01  2.96795000e-08 -8.06850076e-05 
 2.96805000e-08  1.94986645e+00  2.96805000e-08  9.17777972e-01  2.96805000e-08 -1.09487327e-04 
 2.96815000e-08  1.94986943e+00  2.96815000e-08  9.79644912e-01  2.96815000e-08 -1.27652267e-04 
 2.96825000e-08  1.94987281e+00  2.96825000e-08  1.04059470e+00  2.96825000e-08 -1.39040380e-04 
 2.96835000e-08  1.94987552e+00  2.96835000e-08  1.10066508e+00  2.96835000e-08 -1.49075633e-04 
 2.96845000e-08  1.94987863e+00  2.96845000e-08  1.16002972e+00  2.96845000e-08 -1.63536348e-04 
 2.98005000e-08  1.94996108e+00  2.98005000e-08  1.94993553e+00  2.98005000e-08  9.01590359e-01 
 2.98015000e-08  1.94996116e+00  2.98015000e-08  1.94994303e+00  2.98015000e-08  9.61770482e-01 
 2.98025000e-08  1.94996144e+00  2.98025000e-08  1.94994817e+00  2.98025000e-08  1.02153256e+00 
 2.98035000e-08  1.94996152e+00  2.98035000e-08  1.94995514e+00  2.98035000e-08  1.08413995e+00 
 2.98045000e-08  1.94996180e+00  2.98045000e-08  1.94995604e+00  2.98045000e-08  1.15363431e+00 
 2.98055000e-08  1.94996188e+00  2.98055000e-08  1.94995419e+00  2.98055000e-08  1.22703371e+00 
 3.00425000e-08  1.17783301e+00  3.00425000e-08  1.94999989e+00  3.00425000e-08  1.94999757e+00 
 3.00435000e-08  1.12488865e+00  3.00435000e-08  1.95000000e+00  3.00435000e-08  1.94999925e+00 
 3.00445000e-08  1.07217355e+00  3.00445000e-08  1.94999988e+00  3.00445000e-08  1.94999757e+00 
 3.00455000e-08  1.01967407e+00  3.00455000e-08  1.94999997e+00  3.00455000e-08  1.94999875e+00 
 3.00465000e-08  9.67301171e-01  3.00465000e-08  1.94999984e+00  3.00465000e-08  1.94999770e+00 
 3.00475000e-08  9.15004193e-01  3.00475000e-08  1.94999992e+00  3.00475000e-08  1.94999931e+00 
 3.03645000e-08  2.15301025e-04  3.03645000e-08  1.16490811e+00  3.03645000e-08  1.94994490e+00 
 3.03655000e-08  2.10929706e-04  3.03655000e-08  1.11316561e+00  3.03655000e-08  1.94994046e+00 
 3.03665000e-08  2.06621877e-04  3.03665000e-08  1.06065776e+00  3.03665000e-08  1.94993910e+00 
 3.03675000e-08  2.02446862e-04  3.03675000e-08  1.00736620e+00  3.03675000e-08  1.94994301e+00 
 3.03685000e-08  1.98332855e-04  3.03685000e-08  9.53311855e-01  3.03685000e-08  1.94995259e+00 
 3.03695000e-08  1.94349411e-04  3.03695000e-08  8.98488167e-01  3.03695000e-08  1.94996888e+00 
 3.06295000e-08  9.49528396e-01  3.06295000e-08  1.89464837e-06  3.06295000e-08  1.94999631e+00 
 3.06305000e-08  9.86671601e-01  3.06305000e-08  2.03097349e-06  3.06305000e-08  1.94999603e+00 
 3.06315000e-08  1.02432848e+00  3.06315000e-08  1.72175910e-06  3.06315000e-08  1.94999650e+00 
 3.06325000e-08  1.06220682e+00  3.06325000e-08  1.85730122e-06  3.06325000e-08  1.94999622e+00 
 3.06335000e-08  1.09993550e+00  3.06335000e-08  1.56272606e-06  3.06335000e-08  1.94999668e+00 
 3.06345000e-08  1.13730022e+00  3.06345000e-08  1.74786702e-06  3.06345000e-08  1.94999640e+00 
 3.08015000e-08  1.94986263e+00  3.08015000e-08  8.53080844e-01  3.08015000e-08  1.94993617e+00 
 3.08025000e-08  1.94986625e+00  3.08025000e-08  9.15755914e-01  3.08025000e-08  1.94984056e+00 
 3.08035000e-08  1.94986930e+00  3.08035000e-08  9.77448141e-01  3.08035000e-08  1.94973019e+00 
 3.08045000e-08  1.94987262e+00  3.08045000e-08  1.03812502e+00  3.08045000e-08  1.94961821e+00 
 3.08055000e-08  1.94987540e+00  3.08055000e-08  1.09783616e+00  3.08055000e-08  1.94952206e+00 
 3.08065000e-08  1.94987846e+00  3.08065000e-08  1.15680049e+00  3.08065000e-08  1.94941218e+00 
 3.09365000e-08  1.94996346e+00  3.09365000e-08  1.94997705e+00  3.09365000e-08  1.16986936e+00 
 3.09375000e-08  1.94996355e+00  3.09375000e-08  1.95000490e+00  3.09375000e-08  1.11232373e+00 
 3.09385000e-08  1.94996378e+00  3.09385000e-08  1.95003205e+00  3.09385000e-08  1.05458272e+00 
 3.09395000e-08  1.94996387e+00  3.09395000e-08  1.95005664e+00  3.09395000e-08  9.96499157e-01 
 3.09405000e-08  1.94996409e+00  3.09405000e-08  1.95007400e+00  3.09405000e-08  9.37907659e-01 
 3.09415000e-08  1.94996418e+00  3.09415000e-08  1.95008803e+00  3.09415000e-08  8.78707786e-01 
 3.11645000e-08  1.18001872e+00  3.11645000e-08  1.94999964e+00  3.11645000e-08  1.54897104e-05 
 3.11655000e-08  1.12706597e+00  3.11655000e-08  1.94999981e+00  3.11655000e-08  1.56461498e-05 
 3.11665000e-08  1.07434084e+00  3.11665000e-08  1.94999965e+00  3.11665000e-08  1.45805187e-05 
 3.11675000e-08  1.02183569e+00  3.11675000e-08  1.94999984e+00  3.11675000e-08  1.47946928e-05 
 3.11685000e-08  9.69458093e-01  3.11685000e-08  1.94999962e+00  3.11685000e-08  1.35684156e-05 
 3.11695000e-08  9.17161089e-01  3.11695000e-08  1.94999976e+00  3.11695000e-08  1.38027434e-05 
 3.14865000e-08  2.15513619e-04  3.14865000e-08  1.16732095e+00  3.14865000e-08 -3.12855578e-06 
 3.14875000e-08  2.11133283e-04  3.14875000e-08  1.11561419e+00  3.14875000e-08 -1.86451050e-06 
 3.14885000e-08  2.06824984e-04  3.14885000e-08  1.06314023e+00  3.14885000e-08 -1.06532903e-06 
 3.14895000e-08  2.02641476e-04  3.14895000e-08  1.00988445e+00  3.14895000e-08  1.32928850e-06 
 3.14905000e-08  1.98525852e-04  3.14905000e-08  9.55864226e-01  3.14905000e-08  3.01416471e-06 
 3.14915000e-08  1.94533910e-04  3.14915000e-08  9.01076109e-01  3.14915000e-08  6.00385950e-06 
 3.17515000e-08  9.48292568e-01  3.17515000e-08  3.43699404e-06  3.17515000e-08  1.57728827e-07 
 3.17525000e-08  9.85418915e-01  3.17525000e-08  3.60780854e-06  3.17525000e-08  5.32328522e-07 
 3.17535000e-08  1.02306117e+00  3.17535000e-08  3.18338897e-06  3.17535000e-08  1.44239126e-07 
 3.17545000e-08  1.06093897e+00  3.17545000e-08  3.35324865e-06  3.17545000e-08  5.17377081e-07 
 3.17555000e-08  1.09867702e+00  3.17555000e-08  2.94802790e-06  3.17555000e-08  1.42784711e-07 
 3.17565000e-08  1.13605569e+00  3.17565000e-08  3.16726862e-06  3.17565000e-08  5.69121677e-07 
 3.19235000e-08  1.94986254e+00  3.19235000e-08  8.49745204e-01  3.19235000e-08 -7.79218329e-05 
 3.19245000e-08  1.94986613e+00  3.19245000e-08  9.12574427e-01  3.19245000e-08 -1.07642774e-04 
 3.19255000e-08  1.94986922e+00  3.19255000e-08  9.74518837e-01  3.19255000e-08 -1.26349328e-04 
 3.19265000e-08  1.94987251e+00  3.19265000e-08  1.03554359e+00  3.19265000e-08 -1.38585470e-04 
 3.19275000e-08  1.94987533e+00  3.19275000e-08  1.09568402e+00  3.19275000e-08 -1.47513841e-04 
 3.19285000e-08  1.94987835e+00  3.19285000e-08  1.15509662e+00  3.19285000e-08 -1.62434405e-04 
 3.20445000e-08  1.94996105e+00  3.20445000e-08  1.94993495e+00  3.20445000e-08  8.96497199e-01 
 3.20455000e-08  1.94996117e+00  3.20455000e-08  1.94994254e+00  3.20455000e-08  9.56770988e-01 
 3.20465000e-08  1.94996141e+00  3.20465000e-08  1.94994766e+00  3.20465000e-08  1.01649189e+00 
 3.20475000e-08  1.94996153e+00  3.20475000e-08  1.94995437e+00  3.20475000e-08  1.07873706e+00 
 3.20485000e-08  1.94996177e+00  3.20485000e-08  1.94995677e+00  3.20485000e-08  1.14748071e+00 
 3.20495000e-08  1.94996188e+00  3.20495000e-08  1.94995403e+00  3.20495000e-08  1.22092170e+00 
 3.22865000e-08  1.18197657e+00  3.22865000e-08  1.94999989e+00  3.22865000e-08  1.94999566e+00 
 3.22875000e-08  1.12901526e+00  3.22875000e-08  1.95000000e+00  3.22875000e-08  1.94999854e+00 
 3.22885000e-08  1.07628018e+00  3.22885000e-08  1.94999988e+00  3.22885000e-08  1.94999582e+00 
 3.22895000e-08  1.02376888e+00  3.22895000e-08  1.94999997e+00  3.22895000e-08  1.94999781e+00 
 3.22905000e-08  9.71386131e-01  3.22905000e-08  1.94999984e+00  3.22905000e-08  1.94999613e+00 
 3.22915000e-08  9.19088231e-01  3.22915000e-08  1.94999993e+00  3.22915000e-08  1.94999884e+00 
 3.26085000e-08  2.15662680e-04  3.26085000e-08  1.16906639e+00  3.26085000e-08  1.94994535e+00 
 3.26095000e-08  2.11273033e-04  3.26095000e-08  1.11738838e+00  3.26095000e-08  1.94994074e+00 
 3.26105000e-08  2.06967122e-04  3.26105000e-08  1.06494187e+00  3.26105000e-08  1.94993902e+00 
 3.26115000e-08  2.02774289e-04  3.26115000e-08  1.01171454e+00  3.26115000e-08  1.94994250e+00 
 3.26125000e-08  1.98662533e-04  3.26125000e-08  9.57721118e-01  3.26125000e-08  1.94995156e+00 
 3.26135000e-08  1.94662146e-04  3.26135000e-08  9.02959966e-01  3.26135000e-08  1.94996734e+00 
 3.28735000e-08  9.46575783e-01  3.28735000e-08  1.92773566e-06  3.28735000e-08  1.94999626e+00 
 3.28745000e-08  9.83679052e-01  3.28745000e-08  2.01276090e-06  3.28745000e-08  1.94999605e+00 
 3.28755000e-08  1.02130027e+00  3.28755000e-08  1.75467530e-06  3.28755000e-08  1.94999645e+00 
 3.28765000e-08  1.05917653e+00  3.28765000e-08  1.83682392e-06  3.28765000e-08  1.94999625e+00 
 3.28775000e-08  1.09692718e+00  3.28775000e-08  1.59425441e-06  3.28775000e-08  1.94999664e+00 
 3.28785000e-08  1.13432506e+00  3.28785000e-08  1.72286169e-06  3.28785000e-08  1.94999643e+00 
 3.30455000e-08  1.94986241e+00  3.30455000e-08  8.48104207e-01  3.30455000e-08  1.94994280e+00 
 3.30465000e-08  1.94986593e+00  3.30465000e-08  9.10852077e-01  3.30465000e-08  1.94984868e+00 
 3.30475000e-08  1.94986910e+00  3.30475000e-08  9.72624518e-01  3.30475000e-08  1.94973897e+00 
 3.30485000e-08  1.94987233e+00  3.30485000e-08  1.03338026e+00  3.30485000e-08  1.94962689e+00 
 3.30495000e-08  1.94987522e+00  3.30495000e-08  1.09316365e+00  3.30495000e-08  1.94953009e+00 
 3.30505000e-08  1.94987819e+00  3.30505000e-08  1.15217261e+00  3.30505000e-08  1.94942127e+00 
 3.31805000e-08  1.94996343e+00  3.31805000e-08  1.94997474e+00  3.31805000e-08  1.17438587e+00 
 3.31815000e-08  1.94996355e+00  3.31815000e-08  1.95000285e+00  3.31815000e-08  1.11684438e+00 
 3.31825000e-08  1.94996376e+00  3.31825000e-08  1.95002974e+00  3.31825000e-08  1.05912802e+00 
 3.31835000e-08  1.94996387e+00  3.31835000e-08  1.95005528e+00  3.31835000e-08  1.00107440e+00 
 3.31845000e-08  1.94996407e+00  3.31845000e-08  1.95007252e+00  3.31845000e-08  9.42530576e-01 
 3.31855000e-08  1.94996418e+00  3.31855000e-08  1.95008749e+00  3.31855000e-08  8.83379260e-01 
 3.34085000e-08  1.18412742e+00  3.34085000e-08  1.94999961e+00  3.34085000e-08  1.51763554e-05 
 3.34095000e-08  1.13115791e+00  3.34095000e-08  1.94999980e+00  3.34095000e-08  1.60660815e-05 
 3.34105000e-08  1.07841286e+00  3.34105000e-08  1.94999961e+00  3.34105000e-08  1.42848301e-05 
 3.34115000e-08  1.02589579e+00  3.34115000e-08  1.94999984e+00  3.34115000e-08  1.52236103e-05 
 3.34125000e-08  9.73508207e-01  3.34125000e-08  1.94999959e+00  3.34125000e-08  1.32606690e-05 
 3.34135000e-08  9.21210095e-01  3.34135000e-08  1.94999976e+00  3.34135000e-08  1.42045236e-05 
 3.37305000e-08  2.15863305e-04  3.37305000e-08  1.17130184e+00  3.37305000e-08 -3.19626363e-06 
 3.37315000e-08  2.11462793e-04  3.37315000e-08  1.11965690e+00  3.37315000e-08 -1.90163250e-06 
 3.37325000e-08  2.07159346e-04  3.37325000e-08  1.06724172e+00  3.37325000e-08 -1.23569553e-06 
 3.37335000e-08  2.02955607e-04  3.37335000e-08  1.01404749e+00  3.37335000e-08  1.21271914e-06 
 3.37345000e-08  1.98846374e-04  3.37345000e-08  9.60085648e-01  3.37345000e-08  2.80193856e-06 
 3.37355000e-08  1.94835453e-04  3.37355000e-08  9.05357484e-01  3.37355000e-08  5.83569586e-06 
 3.39955000e-08  9.45697201e-01  3.39955000e-08  3.46810369e-06  3.39955000e-08  2.19874055e-07 
 3.39965000e-08  9.82788942e-01  3.39965000e-08  3.59604139e-06  3.39965000e-08  4.66135650e-07 
 3.39975000e-08  1.02039917e+00  3.39975000e-08  3.21469772e-06  3.39975000e-08  2.10930576e-07 
 3.39985000e-08  1.05827435e+00  3.39985000e-08  3.33961050e-06  3.39985000e-08  4.56812944e-07 
 3.39995000e-08  1.09603128e+00  3.39995000e-08  2.97758732e-06  3.39995000e-08  1.92369159e-07 
 3.40005000e-08  1.13343894e+00  3.40005000e-08  3.14896346e-06  3.40005000e-08  4.83051419e-07 
 3.41675000e-08  1.94986234e+00  3.41675000e-08  8.45314485e-01  3.41675000e-08 -7.55614659e-05 
 3.41685000e-08  1.94986584e+00  3.41685000e-08  9.08201400e-01  3.41685000e-08 -1.06021542e-04 
 3.41695000e-08  1.94986905e+00  3.41695000e-08  9.70211084e-01  3.41695000e-08 -1.25200709e-04 
 3.41705000e-08  1.94987224e+00  3.41705000e-08  1.03129882e+00  3.41705000e-08 -1.38093873e-04 
 3.41715000e-08  1.94987518e+00  3.41715000e-08  1.09149920e+00  3.41715000e-08 -1.46385768e-04 
 3.41725000e-08  1.94987811e+00  3.41725000e-08  1.15095344e+00  3.41725000e-08 -1.61527676e-04 
 3.42885000e-08  1.94996102e+00  3.42885000e-08  1.94993450e+00  3.42885000e-08  8.92223451e-01 
 3.42895000e-08  1.94996117e+00  3.42895000e-08  1.94994206e+00  3.42895000e-08  9.52580133e-01 
 3.42905000e-08  1.94996138e+00  3.42905000e-08  1.94994724e+00  3.42905000e-08  1.01228172e+00 
 3.42915000e-08  1.94996153e+00  3.42915000e-08  1.94995363e+00  3.42915000e-08  1.07425828e+00 
 3.42925000e-08  1.94996174e+00  3.42925000e-08  1.94995738e+00  3.42925000e-08  1.14238278e+00 
 3.42935000e-08  1.94996188e+00  3.42935000e-08  1.94995387e+00  3.42935000e-08  1.21583181e+00 
 3.45315000e-08  1.13304668e+00  3.45315000e-08  1.95000000e+00  3.45315000e-08  1.94999783e+00 
 3.45325000e-08  1.08029191e+00  3.45325000e-08  1.94999987e+00  3.45325000e-08  1.94999415e+00 
 3.45335000e-08  1.02776853e+00  3.45335000e-08  1.94999996e+00  3.45335000e-08  1.94999680e+00 
 3.45345000e-08  9.75375760e-01  3.45345000e-08  1.94999983e+00  3.45345000e-08  1.94999458e+00 
 3.45355000e-08  9.23076446e-01  3.45355000e-08  1.94999991e+00  3.45355000e-08  1.94999827e+00 
 3.45365000e-08  8.70772140e-01  3.45365000e-08  1.94999981e+00  3.45365000e-08  1.94999474e+00 
 3.48175000e-08  4.56281889e-04  3.48175000e-08  2.00576924e+00  3.48175000e-08  1.94999921e+00 
 3.48525000e-08  2.16007403e-04  3.48525000e-08  1.17293491e+00  3.48525000e-08  1.94994579e+00 
 3.48535000e-08  2.11598309e-04  3.48535000e-08  1.12131695e+00  3.48535000e-08  1.94994102e+00 
 3.48545000e-08  2.07296976e-04  3.48545000e-08  1.06892755e+00  3.48545000e-08  1.94993898e+00 
 3.48555000e-08  2.03084821e-04  3.48555000e-08  1.01576004e+00  3.48555000e-08  1.94994207e+00 
 3.48565000e-08  1.98977760e-04  3.48565000e-08  9.61823378e-01  3.48565000e-08  1.94995064e+00 
 3.48575000e-08  1.94958726e-04  3.48575000e-08  9.07120544e-01  3.48575000e-08  1.94996594e+00 
 3.51175000e-08  9.44096070e-01  3.51175000e-08  1.95624195e-06  3.51175000e-08  1.94999622e+00 
 3.51185000e-08  9.81167191e-01  3.51185000e-08  1.99694433e-06  3.51185000e-08  1.94999608e+00 
 3.51195000e-08  1.01875693e+00  3.51195000e-08  1.78339427e-06  3.51195000e-08  1.94999641e+00 
 3.51205000e-08  1.05662955e+00  3.51205000e-08  1.81945817e-06  3.51205000e-08  1.94999627e+00 
 3.51215000e-08  1.09439760e+00  3.51215000e-08  1.62181868e-06  3.51215000e-08  1.94999660e+00 
 3.51225000e-08  1.13182297e+00  3.51225000e-08  1.70162295e-06  3.51225000e-08  1.94999645e+00 
 3.52895000e-08  1.94986223e+00  3.52895000e-08  8.43804032e-01  3.52895000e-08  1.94994840e+00 
 3.52905000e-08  1.94986567e+00  3.52905000e-08  9.06615242e-01  3.52905000e-08  1.94985551e+00 
 3.52915000e-08  1.94986894e+00  3.52915000e-08  9.68456901e-01  3.52915000e-08  1.94974669e+00 
 3.52925000e-08  1.94987207e+00  3.52925000e-08  1.02928073e+00  3.52925000e-08  1.94963442e+00 
 3.52935000e-08  1.94987507e+00  3.52935000e-08  1.08912758e+00  3.52935000e-08  1.94953680e+00 
 3.52945000e-08  1.94987795e+00  3.52945000e-08  1.14817744e+00  3.52945000e-08  1.94942903e+00 
 3.54245000e-08  1.94996341e+00  3.54245000e-08  1.94997288e+00  3.54245000e-08  1.17826035e+00 
 3.54255000e-08  1.94996356e+00  3.54255000e-08  1.95000097e+00  3.54255000e-08  1.12072182e+00 
 3.54265000e-08  1.94996373e+00  3.54265000e-08  1.95002784e+00  3.54265000e-08  1.06302551e+00 
 3.54275000e-08  1.94996388e+00  3.54275000e-08  1.95005395e+00  3.54275000e-08  1.00499685e+00 
 3.54285000e-08  1.94996405e+00  3.54285000e-08  1.95007129e+00  3.54285000e-08  9.46493038e-01 
 3.54295000e-08  1.94996418e+00  3.54295000e-08  1.95008683e+00  3.54295000e-08  8.87383149e-01 
 3.56535000e-08  1.13497061e+00  3.56535000e-08  1.94999978e+00  3.56535000e-08  1.65097294e-05 
 3.56545000e-08  1.08220709e+00  3.56545000e-08  1.94999959e+00  3.56545000e-08  1.39563365e-05 
 3.56555000e-08  1.02967832e+00  3.56555000e-08  1.94999982e+00  3.56555000e-08  1.56767003e-05 
 3.56565000e-08  9.77281272e-01  3.56565000e-08  1.94999957e+00  3.56565000e-08  1.29203249e-05 
 3.56575000e-08  9.24981560e-01  3.56575000e-08  1.94999974e+00  3.56575000e-08  1.46290011e-05 
 3.56585000e-08  8.72677613e-01  3.56585000e-08  1.94999954e+00  3.56585000e-08  1.21645177e-05 
 3.59745000e-08  2.16190677e-04  3.59745000e-08  1.17496402e+00  3.59745000e-08 -3.25366729e-06 
 3.59755000e-08  2.11771786e-04  3.59755000e-08  1.12337596e+00  3.59755000e-08 -1.93313389e-06 
 3.59765000e-08  2.07472129e-04  3.59765000e-08  1.07101482e+00  3.59765000e-08 -1.38721565e-06 
 3.59775000e-08  2.03250435e-04  3.59775000e-08  1.01787723e+00  3.59775000e-08  1.10604674e-06 
 3.59785000e-08  1.99144975e-04  3.59785000e-08  9.63969125e-01  3.59785000e-08  2.60885343e-06 
 3.59795000e-08  1.95116634e-04  3.59795000e-08  9.09296181e-01  3.59795000e-08  5.68008910e-06 
 3.62395000e-08  9.43260219e-01  3.62395000e-08  3.50616170e-06  3.62395000e-08  2.96863536e-07 
 3.62405000e-08  9.80320862e-01  3.62405000e-08  3.57557434e-06  3.62405000e-08  3.87726814e-07 
 3.62415000e-08  1.01789964e+00  3.62415000e-08  3.25292427e-06  3.62415000e-08  2.81276942e-07 
 3.62425000e-08  1.05576828e+00  3.62425000e-08  3.31810581e-06  3.62425000e-08  3.70772586e-07 
 3.62435000e-08  1.09354106e+00  3.62435000e-08  3.01474438e-06  3.62435000e-08  2.65323309e-07 
 3.62445000e-08  1.13097767e+00  3.62445000e-08  3.12297854e-06  3.62445000e-08  3.56008075e-07 
 3.64115000e-08  1.94986215e+00  3.64115000e-08  8.41079328e-01  3.64115000e-08 -7.33775523e-05 
 3.64125000e-08  1.94986556e+00  3.64125000e-08  9.04019709e-01  3.64125000e-08 -1.04282420e-04 
 3.64135000e-08  1.94986888e+00  3.64135000e-08  9.66091439e-01  3.64135000e-08 -1.24140892e-04 
 3.64145000e-08  1.94987199e+00  3.64145000e-08  1.02723937e+00  3.64145000e-08 -1.37566724e-04 
 3.64155000e-08  1.94987503e+00  3.64155000e-08  1.08749759e+00  3.64155000e-08 -1.45484366e-04 
 3.64165000e-08  1.94987788e+00  3.64165000e-08  1.14699281e+00  3.64165000e-08 -1.60719780e-04 
 3.65325000e-08  1.94996100e+00  3.65325000e-08  1.94993403e+00  3.65325000e-08  8.88153250e-01 
 3.65335000e-08  1.94996118e+00  3.65335000e-08  1.94994155e+00  3.65335000e-08  9.48592488e-01 
 3.65345000e-08  1.94996136e+00  3.65345000e-08  1.94994680e+00  3.65345000e-08  1.00828728e+00 
 3.65355000e-08  1.94996154e+00  3.65355000e-08  1.94995286e+00  3.65355000e-08  1.07002069e+00 
 3.65365000e-08  1.94996172e+00  3.65365000e-08  1.94995793e+00  3.65365000e-08  1.13755068e+00 
 3.65375000e-08  1.94996189e+00  3.65375000e-08  1.94995372e+00  3.65375000e-08  1.21098134e+00 
 3.67755000e-08  1.13690369e+00  3.67755000e-08  1.95000001e+00  3.67755000e-08  1.94999804e+00 
 3.67765000e-08  1.08413045e+00  3.67765000e-08  1.94999989e+00  3.67765000e-08  1.94999348e+00 
 3.67775000e-08  1.03159524e+00  3.67775000e-08  1.94999998e+00  3.67775000e-08  1.94999683e+00 
 3.67785000e-08  9.79192950e-01  3.67785000e-08  1.94999986e+00  3.67785000e-08  1.94999247e+00 
 3.67795000e-08  9.26891980e-01  3.67795000e-08  1.94999993e+00  3.67795000e-08  1.94999571e+00 
 3.67805000e-08  8.74587666e-01  3.67805000e-08  1.94999980e+00  3.67805000e-08  1.94999304e+00 
 3.70965000e-08  2.16338354e-04  3.70965000e-08  1.17667302e+00  3.70965000e-08  1.94994622e+00 
 3.70975000e-08  2.11911167e-04  3.70975000e-08  1.12511320e+00  3.70975000e-08  1.94994130e+00 
 3.70985000e-08  2.07612741e-04  3.70985000e-08  1.07277904e+00  3.70985000e-08  1.94993896e+00 
 3.70995000e-08  2.03383129e-04  3.70995000e-08  1.01966943e+00  3.70995000e-08  1.94994167e+00 
 3.71005000e-08  1.99279166e-04  3.71005000e-08  9.65787739e-01  3.71005000e-08  1.94994978e+00 
 3.71015000e-08  1.95243470e-04  3.71015000e-08  9.11141417e-01  3.71015000e-08  1.94996463e+00 
 3.73615000e-08  9.41532347e-01  3.73615000e-08  2.00118443e-06  3.73615000e-08  1.94999622e+00 
 3.73625000e-08  9.78571793e-01  3.73625000e-08  1.96427246e-06  3.73625000e-08  1.94999607e+00 
 3.73635000e-08  1.01612747e+00  3.73635000e-08  1.82868286e-06  3.73635000e-08  1.94999641e+00 
 3.73645000e-08  1.05399203e+00  3.73645000e-08  1.78589849e-06  3.73645000e-08  1.94999626e+00 
 3.73655000e-08  1.09177716e+00  3.73655000e-08  1.66575676e-06  3.73655000e-08  1.94999659e+00 
 3.73665000e-08  1.12923407e+00  3.73665000e-08  1.66407019e-06  3.73665000e-08  1.94999645e+00 
 3.75345000e-08  1.94986537e+00  3.75345000e-08  9.02286524e-01  3.75345000e-08  1.94986244e+00 
 3.75355000e-08  1.94986877e+00  3.75355000e-08  9.64198615e-01  3.75355000e-08  1.94975456e+00 
 3.75365000e-08  1.94987180e+00  3.75365000e-08  1.02509473e+00  3.75365000e-08  1.94964203e+00 
 3.75375000e-08  1.94987493e+00  3.75375000e-08  1.08501044e+00  3.75375000e-08  1.94954337e+00 
 3.75385000e-08  1.94987770e+00  3.75385000e-08  1.14410373e+00  3.75385000e-08  1.94943690e+00 
 3.75395000e-08  1.94988058e+00  3.75395000e-08  1.20280458e+00  3.75395000e-08  1.94931327e+00 
 3.76685000e-08  1.94996338e+00  3.76685000e-08  1.94997099e+00  3.76685000e-08  1.18237337e+00 
 3.76695000e-08  1.94996356e+00  3.76695000e-08  1.94999899e+00  3.76695000e-08  1.12483735e+00 
 3.76705000e-08  1.94996370e+00  3.76705000e-08  1.95002588e+00  3.76705000e-08  1.06716094e+00 
 3.76715000e-08  1.94996388e+00  3.76715000e-08  1.95005229e+00  3.76715000e-08  1.00915803e+00 
 3.76725000e-08  1.94996401e+00  3.76725000e-08  1.95007000e+00  3.76725000e-08  9.50695694e-01 
 3.76735000e-08  1.94996419e+00  3.76735000e-08  1.95008597e+00  3.76735000e-08  8.91629296e-01 
 3.78975000e-08  1.13906624e+00  3.78975000e-08  1.94999981e+00  3.78975000e-08  1.70694725e-05 
 3.78985000e-08  1.08628280e+00  3.78985000e-08  1.94999964e+00  3.78985000e-08  1.34733363e-05 
 3.78995000e-08  1.03374104e+00  3.78995000e-08  1.94999985e+00  3.78995000e-08  1.62394433e-05 
 3.79005000e-08  9.81333474e-01  3.79005000e-08  1.94999961e+00  3.79005000e-08  1.24362806e-05 
 3.79015000e-08  9.29031614e-01  3.79015000e-08  1.94999977e+00  3.79015000e-08  1.51698739e-05 
 3.79025000e-08  8.76727363e-01  3.79025000e-08  1.94999958e+00  3.79025000e-08  1.17009671e-05 
 3.82185000e-08  2.16536182e-04  3.82185000e-08  1.17890949e+00  3.82185000e-08 -3.31396455e-06 
 3.82195000e-08  2.12099271e-04  3.82195000e-08  1.12738283e+00  3.82195000e-08 -1.96237679e-06 
 3.82205000e-08  2.07801769e-04  3.82205000e-08  1.07508001e+00  3.82205000e-08 -1.54783367e-06 
 3.82215000e-08  2.03562644e-04  3.82215000e-08  1.02200355e+00  3.82215000e-08  9.93782022e-07 
 3.82225000e-08  1.99459704e-04  3.82225000e-08  9.68153472e-01  3.82225000e-08  2.40074111e-06 
 3.82235000e-08  1.95414846e-04  3.82235000e-08  9.13540210e-01  3.82235000e-08  5.51331244e-06 
 3.84835000e-08  9.40556807e-01  3.84835000e-08  3.54347905e-06  3.84835000e-08  3.74975097e-07 
 3.84845000e-08  9.77584596e-01  3.84845000e-08  3.55699328e-06  3.84845000e-08  3.14465889e-07 
 3.84855000e-08  1.01512694e+00  3.84855000e-08  3.29088654e-06  3.84855000e-08  3.58155026e-07 
 3.84865000e-08  1.05299136e+00  3.84865000e-08  3.29815553e-06  3.84865000e-08  2.99179365e-07 
 3.84875000e-08  1.09078345e+00  3.84875000e-08  3.05127964e-06  3.84875000e-08  3.42539710e-07 
 3.84885000e-08  1.12824882e+00  3.84885000e-08  3.09911174e-06  3.84885000e-08  2.81237309e-07 
 3.86565000e-08  1.94986526e+00  3.86565000e-08  8.99466896e-01  3.86565000e-08 -1.02281651e-04 
 3.86575000e-08  1.94986872e+00  3.86575000e-08  9.61605796e-01  3.86575000e-08 -1.23004005e-04 
 3.86585000e-08  1.94987171e+00  3.86585000e-08  1.02281909e+00  3.86585000e-08 -1.36979785e-04 
 3.86595000e-08  1.94987488e+00  3.86595000e-08  1.08314086e+00  3.86595000e-08 -1.44624928e-04 
 3.86605000e-08  1.94987761e+00  3.86605000e-08  1.14268207e+00  3.86605000e-08 -1.59639653e-04 
 3.86615000e-08  1.94988054e+00  3.86615000e-08  1.20173797e+00  3.86615000e-08 -1.74849185e-04 
 3.87765000e-08  1.94996096e+00  3.87765000e-08  1.94993369e+00  3.87765000e-08  8.83755559e-01 
 3.87775000e-08  1.94996119e+00  3.87775000e-08  1.94994117e+00  3.87775000e-08  9.44286116e-01 
 3.87785000e-08  1.94996133e+00  3.87785000e-08  1.94994645e+00  3.87785000e-08  1.00398372e+00 
 3.87795000e-08  1.94996155e+00  3.87795000e-08  1.94995215e+00  3.87795000e-08  1.06546567e+00 
 3.87805000e-08  1.94996169e+00  3.87805000e-08  1.94995860e+00  3.87805000e-08  1.13235850e+00 
 3.87815000e-08  1.94996190e+00  3.87815000e-08  1.94995369e+00  3.87815000e-08  1.20573341e+00 
 3.90195000e-08  1.14066536e+00  3.90195000e-08  1.95000002e+00  3.90195000e-08  1.94999739e+00 
 3.90205000e-08  1.08787476e+00  3.90205000e-08  1.94999991e+00  3.90205000e-08  1.94999195e+00 
 3.90215000e-08  1.03532643e+00  3.90215000e-08  1.94999999e+00  3.90215000e-08  1.94999592e+00 
 3.90225000e-08  9.82915213e-01  3.90225000e-08  1.94999988e+00  3.90225000e-08  1.94999238e+00 
 3.90235000e-08  9.30611171e-01  3.90235000e-08  1.94999995e+00  3.90235000e-08  1.94999776e+00 
 3.90245000e-08  8.78307277e-01  3.90245000e-08  1.94999983e+00  3.90245000e-08  1.94999255e+00 
 3.93405000e-08  2.16649888e-04  3.93405000e-08  1.18019050e+00  3.93405000e-08  1.94994662e+00 
 3.93415000e-08  2.12208260e-04  3.93415000e-08  1.12868541e+00  3.93415000e-08  1.94994159e+00 
 3.93425000e-08  2.07910831e-04  3.93425000e-08  1.07640324e+00  3.93425000e-08  1.94993897e+00 
 3.93435000e-08  2.03669161e-04  3.93435000e-08  1.02334814e+00  3.93435000e-08  1.94994133e+00 
 3.93445000e-08  1.99565343e-04  3.93445000e-08  9.69518202e-01  3.93445000e-08  1.94994900e+00 
 3.93455000e-08  1.95514047e-04  3.93455000e-08  9.14925158e-01  3.93455000e-08  1.94996342e+00 
 3.96055000e-08  9.38934535e-01  3.96055000e-08  2.03717015e-06  3.96055000e-08  1.94999620e+00 
 3.96065000e-08  9.75944594e-01  3.96065000e-08  1.93964847e-06  3.96065000e-08  1.94999607e+00 
 3.96075000e-08  1.01346535e+00  3.96075000e-08  1.86548640e-06  3.96075000e-08  1.94999639e+00 
 3.96085000e-08  1.05132507e+00  3.96085000e-08  1.76046937e-06  3.96085000e-08  1.94999627e+00 
 3.96095000e-08  1.08912695e+00  3.96095000e-08  1.70134660e-06  3.96095000e-08  1.94999658e+00 
 3.96105000e-08  1.12660965e+00  3.96105000e-08  1.63487259e-06  3.96105000e-08  1.94999645e+00 
 3.97785000e-08  1.94986507e+00  3.97785000e-08  8.97940946e-01  3.97785000e-08  1.94986937e+00 
 3.97795000e-08  1.94986861e+00  3.97795000e-08  9.59922231e-01  3.97795000e-08  1.94976245e+00 
 3.97805000e-08  1.94987152e+00  3.97805000e-08  1.02088761e+00  3.97805000e-08  1.94964969e+00 
 3.97815000e-08  1.94987478e+00  3.97815000e-08  1.08087026e+00  3.97815000e-08  1.94954995e+00 
 3.97825000e-08  1.94987744e+00  3.97825000e-08  1.14000884e+00  3.97825000e-08  1.94944475e+00 
 3.97835000e-08  1.94988045e+00  3.97835000e-08  1.19871343e+00  3.97835000e-08  1.94932256e+00 
 3.99125000e-08  1.94996335e+00  3.99125000e-08  1.94996914e+00  3.99125000e-08  1.18637830e+00 
 3.99135000e-08  1.94996357e+00  3.99135000e-08  1.94999712e+00  3.99135000e-08  1.12884424e+00 
 3.99145000e-08  1.94996368e+00  3.99145000e-08  1.95002392e+00  3.99145000e-08  1.07118657e+00 
 3.99155000e-08  1.94996388e+00  3.99155000e-08  1.95005063e+00  3.99155000e-08  1.01320810e+00 
 3.99165000e-08  1.94996398e+00  3.99165000e-08  1.95006876e+00  3.99165000e-08  9.54785593e-01 
 3.99175000e-08  1.94996420e+00  3.99175000e-08  1.95008506e+00  3.99175000e-08  8.95761214e-01 
 4.01415000e-08  1.14275769e+00  4.01415000e-08  1.94999987e+00  4.01415000e-08  1.78943116e-05 
 4.01425000e-08  1.08995872e+00  4.01425000e-08  1.94999967e+00  4.01425000e-08  1.28473674e-05 
 4.01435000e-08  1.03740182e+00  4.01435000e-08  1.94999981e+00  4.01435000e-08  1.67148208e-05 
 4.01445000e-08  9.84986727e-01  4.01445000e-08  1.94999965e+00  4.01445000e-08  1.20853639e-05 
 4.01455000e-08  9.32679814e-01  4.01455000e-08  1.94999983e+00  4.01455000e-08  1.59588959e-05 
 4.01465000e-08  8.80377165e-01  4.01465000e-08  1.94999961e+00  4.01465000e-08  1.10883912e-05 
 4.04625000e-08  2.16851914e-04  4.04625000e-08  1.18243764e+00  4.04625000e-08 -3.36872524e-06 
 4.04635000e-08  2.12403332e-04  4.04635000e-08  1.13096593e+00  4.04635000e-08 -1.98103138e-06 
 4.04645000e-08  2.08103652e-04  4.04645000e-08  1.07871528e+00  4.04645000e-08 -1.69159507e-06 
 4.04655000e-08  2.03855160e-04  4.04655000e-08  1.02569350e+00  4.04655000e-08  1.00330086e-06 
 4.04665000e-08  1.99749358e-04  4.04665000e-08  9.71895375e-01  4.04665000e-08  2.34633415e-06 
 4.04675000e-08  1.95691539e-04  4.04675000e-08  9.17335583e-01  4.04675000e-08  5.40330527e-06 
 4.07275000e-08  9.37571380e-01  4.07275000e-08  3.57603472e-06  4.07275000e-08  4.41803398e-07 
 4.07285000e-08  9.74566090e-01  4.07285000e-08  3.54222599e-06  4.07285000e-08  2.55959498e-07 
 4.07295000e-08  1.01207267e+00  4.07295000e-08  3.32435127e-06  4.07295000e-08  4.23122786e-07 
 4.07305000e-08  1.04992909e+00  4.07305000e-08  3.28229699e-06  4.07305000e-08  2.40342833e-07 
 4.07315000e-08  1.08773442e+00  4.07315000e-08  3.08401334e-06  4.07315000e-08  4.06193186e-07 
 4.07325000e-08  1.12522993e+00  4.07325000e-08  3.07887742e-06  4.07325000e-08  2.22970078e-07 
 4.09005000e-08  1.94986490e+00  4.09005000e-08  8.94500976e-01  4.09005000e-08 -1.00040001e-04 
 4.09015000e-08  1.94986853e+00  4.09015000e-08  9.56711052e-01  4.09015000e-08 -1.21673267e-04 
 4.09025000e-08  1.94987138e+00  4.09025000e-08  1.01799106e+00  4.09025000e-08 -1.36162927e-04 
 4.09035000e-08  1.94987471e+00  4.09035000e-08  1.07838037e+00  4.09035000e-08 -1.43750392e-04 
 4.09045000e-08  1.94987731e+00  4.09045000e-08  1.13797339e+00  4.09045000e-08 -1.58469974e-04 
 4.09055000e-08  1.94988039e+00  4.09055000e-08  1.19705419e+00  4.09055000e-08 -1.73444087e-04 
 4.10205000e-08  1.94996092e+00  4.10205000e-08  1.94993322e+00  4.10205000e-08  8.78826777e-01 
 4.10215000e-08  1.94996120e+00  4.10215000e-08  1.94994064e+00  4.10215000e-08  9.39467679e-01 
 4.10225000e-08  1.94996129e+00  4.10225000e-08  1.94994597e+00  4.10225000e-08  9.99184410e-01 
 4.10235000e-08  1.94996156e+00  4.10235000e-08  1.94995186e+00  4.10235000e-08  1.06030470e+00 
 4.10245000e-08  1.94996165e+00  4.10245000e-08  1.94995843e+00  4.10245000e-08  1.12663586e+00 
 4.10255000e-08  1.94996191e+00  4.10255000e-08  1.94995370e+00  4.10255000e-08  1.19983725e+00 
 4.12635000e-08  1.14526998e+00  4.12635000e-08  1.95000003e+00  4.12635000e-08  1.94999598e+00 
 4.12645000e-08  1.09246031e+00  4.12645000e-08  1.94999995e+00  4.12645000e-08  1.94999272e+00 
 4.12655000e-08  1.03989246e+00  4.12655000e-08  1.95000000e+00  4.12655000e-08  1.94999776e+00 
 4.12665000e-08  9.87471946e-01  4.12665000e-08  1.94999993e+00  4.12665000e-08  1.94999291e+00 
 4.12675000e-08  9.35160997e-01  4.12675000e-08  1.94999997e+00  4.12675000e-08  1.94999642e+00 
 4.12685000e-08  8.82859219e-01  4.12685000e-08  1.94999988e+00  4.12685000e-08  1.94999325e+00 
 4.15855000e-08  2.12589407e-04  4.15855000e-08  1.13319285e+00  4.15855000e-08  1.94994192e+00 
 4.15865000e-08  2.08284487e-04  4.15865000e-08  1.08097633e+00  4.15865000e-08  1.94993906e+00 
 4.15875000e-08  2.04031842e-04  4.15875000e-08  1.02799007e+00  4.15875000e-08  1.94994089e+00 
 4.15885000e-08  1.99922411e-04  4.15885000e-08  9.74225576e-01  4.15885000e-08  1.94994811e+00 
 4.15895000e-08  1.95859891e-04  4.15895000e-08  9.19699875e-01  4.15895000e-08  1.94996189e+00 
 4.15905000e-08  1.91935650e-04  4.15905000e-08  8.64417195e-01  4.15905000e-08  1.94998192e+00 
 4.18495000e-08  9.35662940e-01  4.18495000e-08  2.08036006e-06  4.18495000e-08  1.94999616e+00 
 4.18505000e-08  9.72636861e-01  4.18505000e-08  1.91026395e-06  4.18505000e-08  1.94999610e+00 
 4.18515000e-08  1.01011646e+00  4.18515000e-08  1.91005094e-06  4.18515000e-08  1.94999635e+00 
 4.18525000e-08  1.04796487e+00  4.18525000e-08  1.73064131e-06  4.18525000e-08  1.94999629e+00 
 4.18535000e-08  1.08578079e+00  4.18535000e-08  1.74568829e-06  4.18535000e-08  1.94999654e+00 
 4.18545000e-08  1.12329605e+00  4.18545000e-08  1.60093675e-06  4.18545000e-08  1.94999647e+00 
 4.20000000e-08  1.94973587e+00  4.20000000e-08 -6.23259995e-02  4.20000000e-08  1.95000302e+00 
