 time            v(b_out)        time            v(u_puf_u_core_sel_ro) time            v(q)           
 0.00000000e+00  4.68653885e-09  0.00000000e+00  2.46749750e-09  0.00000000e+00  2.46749746e-09 
 2.57850000e-09  9.39875979e-01  2.57850000e-09  2.10438783e-09  2.57850000e-09  2.46763732e-09 
 2.57950000e-09  9.75580529e-01  2.57950000e-09  6.07615069e-10  2.57950000e-09  2.46425680e-09 
 2.58050000e-09  1.01193375e+00  2.58050000e-09  3.75928166e-09  2.58050000e-09  2.47430615e-09 
 2.58150000e-09  1.04913699e+00  2.58150000e-09  1.18929285e-08  2.58150000e-09  2.47937892e-09 
 2.58250000e-09  1.08676199e+00  2.58250000e-09 -1.90881605e-09  2.58250000e-09  2.43666320e-09 
 2.58350000e-09  1.12429293e+00  2.58350000e-09 -1.64104734e-08  2.58350000e-09  2.44931625e-09 
 2.73550000e-09  1.94986574e+00  2.73550000e-09  8.55641646e-01  2.73550000e-09 -7.92452500e-05 
 2.73650000e-09  1.94986891e+00  2.73650000e-09  9.17488432e-01  2.73650000e-09 -1.07481982e-04 
 2.73750000e-09  1.94987176e+00  2.73750000e-09  9.78516561e-01  2.73750000e-09 -1.24397353e-04 
 2.73850000e-09  1.94987463e+00  2.73850000e-09  1.03871323e+00  2.73850000e-09 -1.35340863e-04 
 2.73950000e-09  1.94987722e+00  2.73950000e-09  1.09810354e+00  2.73950000e-09 -1.45886972e-04 
 2.74050000e-09  1.94987985e+00  2.74050000e-09  1.15687319e+00  2.74050000e-09 -1.59969557e-04 
 2.85650000e-09  1.94995804e+00  2.85650000e-09  1.94991877e+00  2.85650000e-09  8.86624520e-01 
 2.85750000e-09  1.94995825e+00  2.85750000e-09  1.94992682e+00  2.85750000e-09  9.47007442e-01 
 2.85850000e-09  1.94995845e+00  2.85850000e-09  1.94993275e+00  2.85850000e-09  1.00659561e+00 
 2.85950000e-09  1.94995866e+00  2.85950000e-09  1.94993926e+00  2.85950000e-09  1.06811716e+00 
 2.86050000e-09  1.94995886e+00  2.86050000e-09  1.94994549e+00  2.86050000e-09  1.13527893e+00 
 2.86150000e-09  1.94995907e+00  2.86150000e-09  1.94994155e+00  2.86150000e-09  1.20855392e+00 
 3.11450000e-09  1.13528477e+00  3.11450000e-09  1.94999911e+00  3.11450000e-09  1.94999368e+00 
 3.11550000e-09  1.08251923e+00  3.11550000e-09  1.94999927e+00  3.11550000e-09  1.94999681e+00 
 3.11650000e-09  1.02998869e+00  3.11650000e-09  1.94999907e+00  3.11650000e-09  1.94999409e+00 
 3.11750000e-09  9.77589774e-01  3.11750000e-09  1.94999923e+00  3.11750000e-09  1.94999831e+00 
 3.11850000e-09  9.25288459e-01  3.11850000e-09  1.94999903e+00  3.11850000e-09  1.94999430e+00 
 3.11950000e-09  8.72982630e-01  3.11950000e-09  1.94999918e+00  3.11950000e-09  1.94999733e+00 
 3.41750000e-09  3.10247624e-04  3.41750000e-09  1.20939685e+00  3.41750000e-09  1.94990019e+00 
 3.41850000e-09  3.03683388e-04  3.41850000e-09  1.12983298e+00  3.41850000e-09  1.94988291e+00 
 3.41950000e-09  2.97352405e-04  3.41950000e-09  1.04911982e+00  3.41950000e-09  1.94987136e+00 
 3.42050000e-09  2.91075670e-04  3.42050000e-09  9.67364893e-01  3.42050000e-09  1.94986992e+00 
 3.42150000e-09  2.85025055e-04  3.42150000e-09  8.84667363e-01  3.42150000e-09  1.94988310e+00 
 3.42250000e-09  2.79023663e-04  3.42250000e-09  8.01181781e-01  3.42250000e-09  1.94991107e+00 
 3.70050000e-09  9.42480007e-01  3.70050000e-09 -7.03241565e-07  3.70050000e-09  1.94999763e+00 
 3.70150000e-09  9.79531654e-01  3.70150000e-09 -8.73138427e-07  3.70150000e-09  1.94999786e+00 
 3.70250000e-09  1.01710422e+00  3.70250000e-09 -6.62792490e-07  3.70250000e-09  1.94999774e+00 
 3.70350000e-09  1.05496915e+00  3.70350000e-09 -8.39250308e-07  3.70350000e-09  1.94999796e+00 
 3.70450000e-09  1.09273766e+00  3.70450000e-09 -6.69204098e-07  3.70450000e-09  1.94999784e+00 
 3.70550000e-09  1.13017690e+00  3.70550000e-09 -8.45689922e-07  3.70550000e-09  1.94999806e+00 
 3.85750000e-09  1.94986673e+00  3.85750000e-09  8.98621879e-01  3.85750000e-09  1.94986667e+00 
 3.85850000e-09  1.94986990e+00  3.85850000e-09  9.59729588e-01  3.85850000e-09  1.94976104e+00 
 3.85950000e-09  1.94987265e+00  3.85950000e-09  1.01991237e+00  3.85950000e-09  1.94965058e+00 
 3.86050000e-09  1.94987555e+00  3.86050000e-09  1.07918702e+00  3.86050000e-09  1.94955357e+00 
 3.86150000e-09  1.94987805e+00  3.86150000e-09  1.13771357e+00  3.86150000e-09  1.94944933e+00 
 3.86250000e-09  1.94988071e+00  3.86250000e-09  1.19592090e+00  3.86250000e-09  1.94932797e+00 
 3.99150000e-09  1.94996066e+00  3.99150000e-09  1.94995960e+00  3.99150000e-09  1.18868839e+00 
 3.99250000e-09  1.94996089e+00  3.99250000e-09  1.94998769e+00  3.99250000e-09  1.13115623e+00 
 3.99350000e-09  1.94996103e+00  3.99350000e-09  1.95001323e+00  3.99350000e-09  1.07351037e+00 
 3.99450000e-09  1.94996125e+00  3.99450000e-09  1.95004036e+00  3.99450000e-09  1.01554697e+00 
 3.99550000e-09  1.94996138e+00  3.99550000e-09  1.95005920e+00  3.99550000e-09  9.57148882e-01 
 3.99650000e-09  1.94996161e+00  3.99650000e-09  1.95007586e+00  3.99650000e-09  8.98150174e-01 
 4.23650000e-09  1.13695832e+00  4.23650000e-09  1.94999923e+00  4.23650000e-09  1.16699436e-05 
 4.23750000e-09  1.08418513e+00  4.23750000e-09  1.94999902e+00  4.23750000e-09  6.65050108e-06 
 4.23850000e-09  1.03164982e+00  4.23850000e-09  1.94999920e+00  4.23850000e-09  1.09260682e-05 
 4.23950000e-09  9.79247089e-01  4.23950000e-09  1.94999898e+00  4.23950000e-09  6.11918386e-06 
 4.24050000e-09  9.26945350e-01  4.24050000e-09  1.94999915e+00  4.24050000e-09  1.03868055e-05 
 4.24150000e-09  8.74639662e-01  4.24150000e-09  1.94999894e+00  4.24150000e-09  5.78614159e-06 
 4.53950000e-09  3.10475090e-04  4.53950000e-09  1.21218870e+00  4.53950000e-09 -8.09813181e-06 
 4.54050000e-09  3.03898507e-04  4.54050000e-09  1.13266031e+00  4.54050000e-09 -7.13881646e-06 
 4.54150000e-09  2.97570056e-04  4.54150000e-09  1.05198401e+00  4.54150000e-09 -5.76015102e-06 
 4.54250000e-09  2.91283053e-04  4.54250000e-09  9.70257844e-01  4.54250000e-09 -3.61722390e-07 
 4.54350000e-09  2.85235729e-04  4.54350000e-09  8.87589054e-01  4.54350000e-09  3.86581999e-06 
 4.54450000e-09  2.79220831e-04  4.54450000e-09  8.04123343e-01  4.54450000e-09  1.03981976e-05 
 4.82250000e-09  9.41864795e-01  4.82250000e-09  2.41074375e-07  4.82250000e-09  7.52697940e-07 
 4.82350000e-09  9.78905438e-01  4.82350000e-09  9.67656055e-09  4.82350000e-09 -8.40398908e-08 
 4.82450000e-09  1.01646865e+00  4.82450000e-09  2.32835373e-07  4.82450000e-09  6.74613307e-07 
 4.82550000e-09  1.05433513e+00  4.82550000e-09 -1.68707259e-08  4.82550000e-09 -1.72560221e-07 
 4.82650000e-09  1.09210993e+00  4.82650000e-09  1.92749735e-07  4.82650000e-09  7.38030922e-07 
 4.82750000e-09  1.12955753e+00  4.82750000e-09 -4.79729212e-08  4.82750000e-09 -7.93768859e-08 
 4.97950000e-09  1.94986666e+00  4.97950000e-09  8.96452183e-01  4.97950000e-09 -1.00069832e-04 
 4.98050000e-09  1.94986987e+00  4.98050000e-09  9.57769562e-01  4.98050000e-09 -1.20124995e-04 
 4.98150000e-09  1.94987260e+00  4.98150000e-09  1.01825010e+00  4.98150000e-09 -1.34422243e-04 
 4.98250000e-09  1.94987552e+00  4.98250000e-09  1.07790720e+00  4.98250000e-09 -1.41639004e-04 
 4.98350000e-09  1.94987800e+00  4.98350000e-09  1.13686614e+00  4.98350000e-09 -1.56826390e-04 
 4.98450000e-09  1.94988068e+00  4.98450000e-09  1.19539745e+00  4.98450000e-09 -1.71236021e-04 
 5.09950000e-09  1.94995787e+00  5.09950000e-09  1.94992196e+00  5.09950000e-09  8.77254250e-01 
 5.10050000e-09  1.94995814e+00  5.10050000e-09  1.94992932e+00  5.10050000e-09  9.37928502e-01 
 5.10150000e-09  1.94995829e+00  5.10150000e-09  1.94993514e+00  5.10150000e-09  9.97651031e-01 
 5.10250000e-09  1.94995855e+00  5.10250000e-09  1.94994108e+00  5.10250000e-09  1.05866060e+00 
 5.10350000e-09  1.94995870e+00  5.10350000e-09  1.94994808e+00  5.10350000e-09  1.12481410e+00 
 5.10450000e-09  1.94995896e+00  5.10450000e-09  1.94994341e+00  5.10450000e-09  1.19794241e+00 
 5.35850000e-09  1.13887671e+00  5.35850000e-09  1.94999923e+00  5.35850000e-09  1.94999932e+00 
 5.35950000e-09  1.08609374e+00  5.35950000e-09  1.94999914e+00  5.35950000e-09  1.94999618e+00 
 5.36050000e-09  1.03355187e+00  5.36050000e-09  1.94999921e+00  5.36050000e-09  1.94999995e+00 
 5.36150000e-09  9.81143837e-01  5.36150000e-09  1.94999911e+00  5.36150000e-09  1.94999596e+00 
 5.36250000e-09  9.28840742e-01  5.36250000e-09  1.94999916e+00  5.36250000e-09  1.94999885e+00 
 5.36350000e-09  8.76534632e-01  5.36350000e-09  1.94999906e+00  5.36350000e-09  1.94999597e+00 
 5.66150000e-09  3.10706224e-04  5.66150000e-09  1.21473147e+00  5.66150000e-09  1.94990118e+00 
 5.66250000e-09  3.04114752e-04  5.66250000e-09  1.13524324e+00  5.66250000e-09  1.94988416e+00 
 5.66350000e-09  2.97791200e-04  5.66350000e-09  1.05460935e+00  5.66350000e-09  1.94987168e+00 
 5.66450000e-09  2.91489653e-04  5.66450000e-09  9.72918058e-01  5.66450000e-09  1.94986977e+00 
 5.66550000e-09  2.85447343e-04  5.66550000e-09  8.90283955e-01  5.66550000e-09  1.94988156e+00 
 5.66650000e-09  2.79418139e-04  5.66650000e-09  8.06843703e-01  5.66650000e-09  1.94990882e+00 
 5.94450000e-09  9.40112748e-01  5.94450000e-09 -7.26344208e-07  5.94450000e-09  1.94999753e+00 
 5.94550000e-09  9.77132685e-01  5.94550000e-09 -8.55615375e-07  5.94550000e-09  1.94999795e+00 
 5.94650000e-09  1.01467229e+00  5.94650000e-09 -6.84440246e-07  5.94650000e-09  1.94999764e+00 
 5.94750000e-09  1.05253379e+00  5.94750000e-09 -8.21650099e-07  5.94750000e-09  1.94999805e+00 
 5.94850000e-09  1.09031942e+00  5.94850000e-09 -6.89526308e-07  5.94850000e-09  1.94999775e+00 
 5.94950000e-09  1.12778595e+00  5.94950000e-09 -8.27957541e-07  5.94950000e-09  1.94999815e+00 
 6.10150000e-09  1.94986646e+00  6.10150000e-09  8.94677651e-01  6.10150000e-09  1.94987295e+00 
 6.10250000e-09  1.94986977e+00  6.10250000e-09  9.55844812e-01  6.10250000e-09  1.94976808e+00 
 6.10350000e-09  1.94987242e+00  6.10350000e-09  1.01608898e+00  6.10350000e-09  1.94965751e+00 
 6.10450000e-09  1.94987544e+00  6.10450000e-09  1.07541952e+00  6.10450000e-09  1.94955949e+00 
 6.10550000e-09  1.94987784e+00  6.10550000e-09  1.13398451e+00  6.10550000e-09  1.94945646e+00 
 6.10650000e-09  1.94988061e+00  6.10650000e-09  1.19219017e+00  6.10650000e-09  1.94933633e+00 
 6.23550000e-09  1.94996064e+00  6.23550000e-09  1.94995801e+00  6.23550000e-09  1.19240487e+00 
 6.23650000e-09  1.94996089e+00  6.23650000e-09  1.94998594e+00  6.23650000e-09  1.13487353e+00 
 6.23750000e-09  1.94996101e+00  6.23750000e-09  1.95001151e+00  6.23750000e-09  1.07724372e+00 
 6.23850000e-09  1.94996125e+00  6.23850000e-09  1.95003877e+00  6.23850000e-09  1.01930170e+00 
 6.23950000e-09  1.94996136e+00  6.23950000e-09  1.95005813e+00  6.23950000e-09  9.60939470e-01 
 6.24050000e-09  1.94996161e+00  6.24050000e-09  1.95007496e+00  6.24050000e-09  9.01978940e-01 
 6.48050000e-09  1.14025974e+00  6.48050000e-09  1.94999922e+00  6.48050000e-09  1.18641962e-05 
 6.48150000e-09  1.08747096e+00  6.48150000e-09  1.94999904e+00  6.48150000e-09  6.35320589e-06 
 6.48250000e-09  1.03492422e+00  6.48250000e-09  1.94999919e+00  6.48250000e-09  1.11429897e-05 
 6.48350000e-09  9.82513324e-01  6.48350000e-09  1.94999900e+00  6.48350000e-09  5.86532679e-06 
 6.48450000e-09  9.30208982e-01  6.48450000e-09  1.94999914e+00  6.48450000e-09  1.06112672e-05 
 6.48550000e-09  8.77903405e-01  6.48550000e-09  1.94999895e+00  6.48550000e-09  5.54510134e-06 
 6.78350000e-09  3.10880978e-04  6.78350000e-09  1.21655828e+00  6.78350000e-09 -8.07688718e-06 
 6.78450000e-09  3.04280582e-04  6.78450000e-09  1.13709219e+00  6.78450000e-09 -7.23272998e-06 
 6.78550000e-09  2.97958731e-04  6.78550000e-09  1.05648130e+00  6.78550000e-09 -5.96761920e-06 
 6.78650000e-09  2.91648922e-04  6.78650000e-09  9.74807371e-01  6.78650000e-09 -6.80729007e-07 
 6.78750000e-09  2.85607091e-04  6.78750000e-09  8.92190744e-01  6.78750000e-09  3.57180573e-06 
 6.78850000e-09  2.79569206e-04  6.78850000e-09  8.08762285e-01  6.78850000e-09  1.00339341e-05 
 7.06650000e-09  9.40005358e-01  7.06650000e-09  2.37140816e-07  7.06650000e-09  6.85587663e-07 
 7.06750000e-09  9.77027324e-01  7.06750000e-09  6.76938872e-09  7.06750000e-09 -6.38628015e-08 
 7.06850000e-09  1.01456658e+00  7.06850000e-09  2.27485525e-07  7.06850000e-09  6.21203890e-07 
 7.06950000e-09  1.05242495e+00  7.06950000e-09 -2.07723943e-08  7.06950000e-09 -1.47341865e-07 
 7.07050000e-09  1.09021014e+00  7.07050000e-09  1.90752702e-07  7.07050000e-09  6.68050014e-07 
 7.07150000e-09  1.12767749e+00  7.07150000e-09 -4.85305952e-08  7.07150000e-09 -6.16727803e-08 
 7.22350000e-09  1.94986646e+00  7.22350000e-09  8.93309788e-01  7.22350000e-09 -9.86344045e-05 
 7.22450000e-09  1.94986977e+00  7.22450000e-09  9.54669261e-01  7.22450000e-09 -1.19344024e-04 
 7.22550000e-09  1.94987241e+00  7.22550000e-09  1.01519210e+00  7.22550000e-09 -1.33969137e-04 
 7.22650000e-09  1.94987543e+00  7.22650000e-09  1.07488978e+00  7.22650000e-09 -1.41107550e-04 
 7.22750000e-09  1.94987782e+00  7.22750000e-09  1.13387887e+00  7.22750000e-09 -1.56037558e-04 
 7.22850000e-09  1.94988060e+00  7.22850000e-09  1.19242198e+00  7.22850000e-09 -1.70356262e-04 
 7.34350000e-09  1.94995785e+00  7.34350000e-09  1.94992171e+00  7.34350000e-09  8.74147273e-01 
 7.34450000e-09  1.94995814e+00  7.34450000e-09  1.94992893e+00  7.34450000e-09  9.34892571e-01 
 7.34550000e-09  1.94995827e+00  7.34550000e-09  1.94993487e+00  7.34550000e-09  9.94634301e-01 
 7.34650000e-09  1.94995856e+00  7.34650000e-09  1.94994087e+00  7.34650000e-09  1.05544686e+00 
 7.34750000e-09  1.94995869e+00  7.34750000e-09  1.94994790e+00  7.34750000e-09  1.12125133e+00 
 7.34850000e-09  1.94995897e+00  7.34850000e-09  1.94994342e+00  7.34850000e-09  1.19422088e+00 
 7.60250000e-09  1.14092264e+00  7.60250000e-09  1.94999922e+00  7.60250000e-09  1.94999674e+00 
 7.60350000e-09  1.08813086e+00  7.60350000e-09  1.94999915e+00  7.60350000e-09  1.94999440e+00 
 7.60450000e-09  1.03558106e+00  7.60450000e-09  1.94999920e+00  7.60450000e-09  1.94999815e+00 
 7.60550000e-09  9.83168654e-01  7.60550000e-09  1.94999912e+00  7.60550000e-09  1.94999458e+00 
 7.60650000e-09  9.30863124e-01  7.60650000e-09  1.94999915e+00  7.60650000e-09  1.94999713e+00 
 7.60750000e-09  8.78557808e-01  7.60750000e-09  1.94999907e+00  7.60750000e-09  1.94999483e+00 
 7.90550000e-09  3.10959391e-04  7.90550000e-09  1.21793070e+00  7.90550000e-09  1.94990192e+00 
 7.90650000e-09  3.04355291e-04  7.90650000e-09  1.13848829e+00  7.90650000e-09  1.94988479e+00 
 7.90750000e-09  2.98033333e-04  7.90750000e-09  1.05790258e+00  7.90750000e-09  1.94987204e+00 
 7.90850000e-09  2.91719880e-04  7.90850000e-09  9.76249789e-01  7.90850000e-09  1.94986958e+00 
 7.90950000e-09  2.85679280e-04  7.90950000e-09  8.93654219e-01  7.90950000e-09  1.94988082e+00 
 7.91050000e-09  2.79638477e-04  7.91050000e-09  8.10241550e-01  7.91050000e-09  1.94990738e+00 
 8.18850000e-09  9.38485352e-01  8.18850000e-09 -7.38189794e-07  8.18850000e-09  1.94999753e+00 
 8.18950000e-09  9.75486792e-01  8.18950000e-09 -8.50036413e-07  8.18950000e-09  1.94999795e+00 
 8.19050000e-09  1.01300401e+00  8.19050000e-09 -6.96040576e-07  8.19050000e-09  1.94999764e+00 
 8.19150000e-09  1.05086004e+00  8.19150000e-09 -8.18179857e-07  8.19150000e-09  1.94999805e+00 
 8.19250000e-09  1.08865523e+00  8.19250000e-09 -6.99820536e-07  8.19250000e-09  1.94999774e+00 
 8.19350000e-09  1.12613915e+00  8.19350000e-09 -8.22247769e-07  8.19350000e-09  1.94999815e+00 
 8.34550000e-09  1.94986629e+00  8.34550000e-09  8.91914703e-01  8.34550000e-09  1.94987727e+00 
 8.34650000e-09  1.94986968e+00  8.34650000e-09  9.53122769e-01  8.34650000e-09  1.94977304e+00 
 8.34750000e-09  1.94987226e+00  8.34750000e-09  1.01340824e+00  8.34750000e-09  1.94966237e+00 
 8.34850000e-09  1.94987536e+00  8.34850000e-09  1.07277819e+00  8.34850000e-09  1.94956367e+00 
 8.34950000e-09  1.94987768e+00  8.34950000e-09  1.13137100e+00  8.34950000e-09  1.94946141e+00 
 8.35050000e-09  1.94988054e+00  8.35050000e-09  1.18957784e+00  8.35050000e-09  1.94934216e+00 
 8.47950000e-09  1.94996062e+00  8.47950000e-09  1.94995688e+00  8.47950000e-09  1.19501855e+00 
 8.48050000e-09  1.94996090e+00  8.48050000e-09  1.94998469e+00  8.48050000e-09  1.13748768e+00 
 8.48150000e-09  1.94996099e+00  8.48150000e-09  1.95001028e+00  8.48150000e-09  1.07986886e+00 
 8.48250000e-09  1.94996125e+00  8.48250000e-09  1.95003764e+00  8.48250000e-09  1.02194168e+00 
 8.48350000e-09  1.94996134e+00  8.48350000e-09  1.95005736e+00  8.48350000e-09  9.63604485e-01 
 8.48450000e-09  1.94996161e+00  8.48450000e-09  1.95007432e+00  8.48450000e-09  9.04670799e-01 
 8.72450000e-09  1.14251847e+00  8.72450000e-09  1.94999920e+00  8.72450000e-09  1.13935093e-05 
 8.72550000e-09  1.08972012e+00  8.72550000e-09  1.94999906e+00  8.72550000e-09  7.10350672e-06 
 8.72650000e-09  1.03716358e+00  8.72650000e-09  1.94999917e+00  8.72650000e-09  1.09177153e-05 
 8.72750000e-09  9.84748020e-01  8.72750000e-09  1.94999902e+00  8.72750000e-09  6.44186852e-06 
 8.72850000e-09  9.32440141e-01  8.72850000e-09  1.94999912e+00  8.72850000e-09  1.01911034e-05 
 8.72950000e-09  8.80135616e-01  8.72950000e-09  1.94999897e+00  8.72950000e-09  6.06790565e-06 
 9.02750000e-09  3.11160331e-04  9.02750000e-09  1.22005432e+00  9.02750000e-09 -7.93718357e-06 
 9.02850000e-09  3.04546315e-04  9.02850000e-09  1.14063837e+00  9.02850000e-09 -7.36837447e-06 
 9.02950000e-09  2.98223711e-04  9.02950000e-09  1.06008004e+00  9.02950000e-09 -6.02094622e-06 
 9.03050000e-09  2.91901673e-04  9.03050000e-09  9.78448221e-01  9.03050000e-09 -1.00336985e-06 
 9.03150000e-09  2.85859984e-04  9.03150000e-09  8.95873818e-01  9.03150000e-09  3.42744208e-06 
 9.03250000e-09  2.79810648e-04  9.03250000e-09  8.12475679e-01  9.03250000e-09  9.67866968e-06 
 9.31050000e-09  9.37375941e-01  9.31050000e-09  2.36771577e-07  9.31050000e-09  6.42414597e-07 
 9.31150000e-09  9.74365233e-01  9.31150000e-09  1.03263807e-08  9.31150000e-09 -2.34842366e-08 
 9.31250000e-09  1.01186699e+00  9.31250000e-09  2.29994358e-07  9.31250000e-09  5.71728181e-07 
 9.31350000e-09  1.04971884e+00  9.31350000e-09 -1.72026185e-08  9.31350000e-09 -9.93310232e-08 
 9.31450000e-09  1.08752029e+00  9.31450000e-09  1.92159700e-07  9.31450000e-09  6.24804637e-07 
 9.31550000e-09  1.12501596e+00  9.31550000e-09 -4.58877622e-08  9.31550000e-09 -2.23183551e-08 
 9.46750000e-09  1.94986616e+00  9.46750000e-09  8.88911242e-01  9.46750000e-09 -9.66088676e-05 
 9.46850000e-09  1.94986962e+00  9.46850000e-09  9.50329078e-01  9.46850000e-09 -1.18192837e-04 
 9.46950000e-09  1.94987214e+00  9.46950000e-09  1.01091385e+00  9.46950000e-09 -1.33205834e-04 
 9.47050000e-09  1.94987531e+00  9.47050000e-09  1.07067107e+00  9.47050000e-09 -1.40551120e-04 
 9.47150000e-09  1.94987758e+00  9.47150000e-09  1.12970347e+00  9.47150000e-09 -1.54929384e-04 
 9.47250000e-09  1.94988049e+00  9.47250000e-09  1.18826537e+00  9.47250000e-09 -1.69135712e-04 
 9.58750000e-09  1.94995781e+00  9.58750000e-09  1.94992137e+00  9.58750000e-09  8.69787348e-01 
 9.58850000e-09  1.94995814e+00  9.58850000e-09  1.94992836e+00  9.58850000e-09  9.30634803e-01 
 9.58950000e-09  1.94995824e+00  9.58950000e-09  1.94993450e+00  9.58950000e-09  9.90410349e-01 
 9.59050000e-09  1.94995856e+00  9.59050000e-09  1.94994053e+00  9.59050000e-09  1.05098319e+00 
 9.59150000e-09  1.94995865e+00  9.59150000e-09  1.94994762e+00  9.59150000e-09  1.11629992e+00 
 9.59250000e-09  1.94995897e+00  9.59250000e-09  1.94994348e+00  9.59250000e-09  1.18900247e+00 
 9.84650000e-09  1.14516231e+00  9.84650000e-09  1.94999921e+00  9.84650000e-09  1.94999755e+00 
 9.84750000e-09  1.09235291e+00  9.84750000e-09  1.94999917e+00  9.84750000e-09  1.94999551e+00 
 9.84850000e-09  1.03978510e+00  9.84850000e-09  1.94999918e+00  9.84850000e-09  1.94999856e+00 
 9.84950000e-09  9.87364089e-01  9.84950000e-09  1.94999913e+00  9.84950000e-09  1.94999555e+00 
 9.85050000e-09  9.35052187e-01  9.85050000e-09  1.94999914e+00  9.85050000e-09  1.94999771e+00 
 9.85150000e-09  8.82748798e-01  9.85150000e-09  1.94999909e+00  9.85150000e-09  1.94999576e+00 
 1.01495000e-08  3.11491363e-04  1.01495000e-08  1.22435504e+00  1.01495000e-08  1.94990335e+00 
 1.01505000e-08  3.04865925e-04  1.01505000e-08  1.14500507e+00  1.01505000e-08  1.94988606e+00 
 1.01515000e-08  2.98539825e-04  1.01515000e-08  1.06451609e+00  1.01515000e-08  1.94987278e+00 
 1.01525000e-08  2.92206089e-04  1.01525000e-08  9.82940984e-01  1.01525000e-08  1.94986926e+00 
 1.01535000e-08  2.86162255e-04  1.01535000e-08  9.00423308e-01  1.01535000e-08  1.94987936e+00 
 1.01545000e-08  2.80102249e-04  1.01545000e-08  8.17066798e-01  1.01545000e-08  1.94990457e+00 
 1.04325000e-08  9.35351143e-01  1.04325000e-08 -7.58551991e-07  1.04325000e-08  1.94999752e+00 
 1.04335000e-08  9.72318796e-01  1.04335000e-08 -8.36390046e-07  1.04335000e-08  1.94999795e+00 
 1.04345000e-08  1.00979214e+00  1.04345000e-08 -7.14633367e-07  1.04345000e-08  1.94999763e+00 
 1.04355000e-08  1.04763506e+00  1.04355000e-08 -8.05120395e-07  1.04355000e-08  1.94999805e+00 
 1.04365000e-08  1.08544760e+00  1.04365000e-08 -7.15774344e-07  1.04365000e-08  1.94999774e+00 
 1.04375000e-08  1.12296416e+00  1.04375000e-08 -8.07134815e-07  1.04375000e-08  1.94999814e+00 
 1.05895000e-08  1.94986591e+00  1.05895000e-08  8.86704601e-01  1.05895000e-08  1.94988536e+00 
 1.05905000e-08  1.94986952e+00  1.05905000e-08  9.47989334e-01  1.05905000e-08  1.94978238e+00 
 1.05915000e-08  1.94987191e+00  1.05915000e-08  1.00835290e+00  1.05915000e-08  1.94967160e+00 
 1.05925000e-08  1.94987522e+00  1.05925000e-08  1.06779765e+00  1.05925000e-08  1.94957145e+00 
 1.05935000e-08  1.94987737e+00  1.05935000e-08  1.12644511e+00  1.05935000e-08  1.94947067e+00 
 1.05945000e-08  1.94988042e+00  1.05945000e-08  1.18465903e+00  1.05945000e-08  1.94935306e+00 
 1.07235000e-08  1.94996057e+00  1.07235000e-08  1.94995485e+00  1.07235000e-08  1.19984006e+00 
 1.07245000e-08  1.94996089e+00  1.07245000e-08  1.94998236e+00  1.07245000e-08  1.14230953e+00 
 1.07255000e-08  1.94996095e+00  1.07255000e-08  1.95000803e+00  1.07255000e-08  1.08471001e+00 
 1.07265000e-08  1.94996126e+00  1.07265000e-08  1.95003549e+00  1.07265000e-08  1.02680933e+00 
 1.07275000e-08  1.94996131e+00  1.07275000e-08  1.95005595e+00  1.07275000e-08  9.68517495e-01 
 1.07285000e-08  1.94996161e+00  1.07285000e-08  1.95007307e+00  1.07285000e-08  9.09632823e-01 
 1.09685000e-08  1.14735367e+00  1.09685000e-08  1.94999917e+00  1.09685000e-08  1.07593486e-05 
 1.09695000e-08  1.09453536e+00  1.09695000e-08  1.94999909e+00  1.09695000e-08  7.68002123e-06 
 1.09705000e-08  1.04195835e+00  1.09705000e-08  1.94999914e+00  1.09705000e-08  1.00529835e-05 
 1.09715000e-08  9.89532910e-01  1.09715000e-08  1.94999905e+00  1.09715000e-08  7.22116231e-06 
 1.09725000e-08  9.37217754e-01  1.09725000e-08  1.94999910e+00  1.09725000e-08  9.59082479e-06 
 1.09735000e-08  8.84915396e-01  1.09735000e-08  1.94999900e+00  1.09735000e-08  6.63129806e-06 
 1.12715000e-08  3.11768255e-04  1.12715000e-08  1.22718246e+00  1.12715000e-08 -7.66331847e-06 
 1.12725000e-08  3.05135272e-04  1.12725000e-08  1.14786945e+00  1.12725000e-08 -7.56804308e-06 
 1.12735000e-08  2.98807614e-04  1.12735000e-08  1.06741880e+00  1.12735000e-08 -6.13524031e-06 
 1.12745000e-08  2.92465491e-04  1.12745000e-08  9.85873389e-01  1.12745000e-08 -1.60055151e-06 
 1.12755000e-08  2.86418595e-04  1.12755000e-08  9.03385823e-01  1.12755000e-08  3.11045077e-06 
 1.12765000e-08  2.80349887e-04  1.12765000e-08  8.20050227e-01  1.12765000e-08  8.99469745e-06 
 1.15545000e-08  9.34308600e-01  1.15545000e-08  2.17676983e-07  1.15545000e-08  5.27362598e-07 
 1.15555000e-08  9.71265590e-01  1.15555000e-08  1.42033245e-08  1.15555000e-08  4.93463517e-08 
 1.15565000e-08  1.00872423e+00  1.15565000e-08  2.14086854e-07  1.15565000e-08  4.70868112e-07 
 1.15575000e-08  1.04656200e+00  1.15575000e-08 -1.19227803e-08  1.15575000e-08 -1.51611784e-08 
 1.15585000e-08  1.08438001e+00  1.15585000e-08  1.78819786e-07  1.15585000e-08  5.03022387e-07 
 1.15595000e-08  1.12190711e+00  1.15595000e-08 -3.79975019e-08  1.15595000e-08  4.17755073e-08 
 1.17115000e-08  1.94986579e+00  1.17115000e-08  8.83802635e-01  1.17115000e-08 -9.42079938e-05 
 1.17125000e-08  1.94986949e+00  1.17125000e-08  9.45288014e-01  1.17125000e-08 -1.16802978e-04 
 1.17135000e-08  1.94987181e+00  1.17135000e-08  1.00594217e+00  1.17135000e-08 -1.32100852e-04 
 1.17145000e-08  1.94987519e+00  1.17145000e-08  1.06576606e+00  1.17145000e-08 -1.39966101e-04 
 1.17155000e-08  1.94987726e+00  1.17155000e-08  1.12485068e+00  1.17155000e-08 -1.53695268e-04 
 1.17165000e-08  1.94988039e+00  1.17165000e-08  1.18343731e+00  1.17165000e-08 -1.67799338e-04 
 1.18315000e-08  1.94995776e+00  1.18315000e-08  1.94992103e+00  1.18315000e-08  8.64647159e-01 
 1.18325000e-08  1.94995815e+00  1.18325000e-08  1.94992768e+00  1.18325000e-08  9.25618360e-01 
 1.18335000e-08  1.94995819e+00  1.18335000e-08  1.94993408e+00  1.18335000e-08  9.85442964e-01 
 1.18345000e-08  1.94995857e+00  1.18345000e-08  1.94994008e+00  1.18345000e-08  1.04578242e+00 
 1.18355000e-08  1.94995861e+00  1.18355000e-08  1.94994725e+00  1.18355000e-08  1.11054254e+00 
 1.18365000e-08  1.94995898e+00  1.18365000e-08  1.94994364e+00  1.18365000e-08  1.18285863e+00 
 1.20905000e-08  1.14947814e+00  1.20905000e-08  1.94999920e+00  1.20905000e-08  1.94999778e+00 
 1.20915000e-08  1.09665092e+00  1.20915000e-08  1.94999919e+00  1.20915000e-08  1.94999630e+00 
 1.20925000e-08  1.04406467e+00  1.20925000e-08  1.94999917e+00  1.20925000e-08  1.94999859e+00 
 1.20935000e-08  9.91634633e-01  1.20935000e-08  1.94999915e+00  1.20935000e-08  1.94999630e+00 
 1.20945000e-08  9.39316028e-01  1.20945000e-08  1.94999912e+00  1.20945000e-08  1.94999786e+00 
 1.20955000e-08  8.87014427e-01  1.20955000e-08  1.94999910e+00  1.20955000e-08  1.94999646e+00 
 1.23935000e-08  3.12034365e-04  1.23935000e-08  1.23027917e+00  1.23935000e-08  1.94990469e+00 
 1.23945000e-08  3.05393114e-04  1.23945000e-08  1.15101470e+00  1.23945000e-08  1.94988727e+00 
 1.23955000e-08  2.99062016e-04  1.23955000e-08  1.07061511e+00  1.23955000e-08  1.94987353e+00 
 1.23965000e-08  2.92710266e-04  1.23965000e-08  9.89111732e-01  1.23965000e-08  1.94986905e+00 
 1.23975000e-08  2.86659293e-04  1.23975000e-08  9.06666477e-01  1.23975000e-08  1.94987810e+00 
 1.23985000e-08  2.80584208e-04  1.23985000e-08  8.23362153e-01  1.23985000e-08  1.94990208e+00 
 1.26765000e-08  9.32400706e-01  1.26765000e-08 -7.74580752e-07  1.26765000e-08  1.94999753e+00 
 1.26775000e-08  9.69338910e-01  1.26775000e-08 -8.23881361e-07  1.26775000e-08  1.94999793e+00 
 1.26785000e-08  1.00677015e+00  1.26785000e-08 -7.28990233e-07  1.26785000e-08  1.94999764e+00 
 1.26795000e-08  1.04459761e+00  1.26795000e-08 -7.97052977e-07  1.26795000e-08  1.94999803e+00 
 1.26805000e-08  1.08242499e+00  1.26805000e-08 -7.28516744e-07  1.26805000e-08  1.94999774e+00 
 1.26815000e-08  1.11997121e+00  1.26815000e-08 -7.93593329e-07  1.26815000e-08  1.94999813e+00 
 1.28335000e-08  1.94986559e+00  1.28335000e-08  8.81647652e-01  1.28335000e-08  1.94989311e+00 
 1.28345000e-08  1.94986935e+00  1.28345000e-08  9.43006727e-01  1.28345000e-08  1.94979140e+00 
 1.28355000e-08  1.94987162e+00  1.28355000e-08  1.00344356e+00  1.28355000e-08  1.94968087e+00 
 1.28365000e-08  1.94987507e+00  1.28365000e-08  1.06295893e+00  1.28365000e-08  1.94957878e+00 
 1.28375000e-08  1.94987709e+00  1.28375000e-08  1.12166190e+00  1.28375000e-08  1.94947962e+00 
 1.28385000e-08  1.94988029e+00  1.28385000e-08  1.17988842e+00  1.28385000e-08  1.94936357e+00 
 1.29685000e-08  1.94996090e+00  1.29685000e-08  1.94998005e+00  1.29685000e-08  1.14706938e+00 
 1.29695000e-08  1.94996092e+00  1.29695000e-08  1.95000581e+00  1.29695000e-08  1.08948716e+00 
 1.29705000e-08  1.94996126e+00  1.29705000e-08  1.95003341e+00  1.29705000e-08  1.03161156e+00 
 1.29715000e-08  1.94996129e+00  1.29715000e-08  1.95005460e+00  1.29715000e-08  9.73362774e-01 
 1.29725000e-08  1.94996162e+00  1.29725000e-08  1.95007183e+00  1.29725000e-08  9.14525818e-01 
 1.29735000e-08  1.94996164e+00  1.29735000e-08  1.95008248e+00  1.29735000e-08  8.55075170e-01 
 1.32125000e-08  1.15172298e+00  1.32125000e-08  1.94999914e+00  1.32125000e-08  1.02061744e-05 
 1.32135000e-08  1.09888650e+00  1.32135000e-08  1.94999912e+00  1.32135000e-08  8.17928224e-06 
 1.32145000e-08  1.04629054e+00  1.32145000e-08  1.94999911e+00  1.32145000e-08  9.54991178e-06 
 1.32155000e-08  9.93855660e-01  1.32155000e-08  1.94999908e+00  1.32155000e-08  7.68079028e-06 
 1.32165000e-08  9.41533419e-01  1.32165000e-08  1.94999907e+00  1.32165000e-08  9.04832378e-06 
 1.32175000e-08  8.89232638e-01  1.32175000e-08  1.94999903e+00  1.32175000e-08  7.11796445e-06 
 1.35155000e-08  3.12287056e-04  1.35155000e-08  1.23284370e+00  1.35155000e-08 -7.46213409e-06 
 1.35165000e-08  3.05638330e-04  1.35165000e-08  1.15361290e+00  1.35165000e-08 -7.73649032e-06 
 1.35175000e-08  2.99303553e-04  1.35175000e-08  1.07324793e+00  1.35175000e-08 -6.22985054e-06 
 1.35185000e-08  2.92944437e-04  1.35185000e-08  9.91771308e-01  1.35185000e-08 -2.08474825e-06 
 1.35195000e-08  2.86890354e-04  1.35195000e-08  9.09353155e-01  1.35195000e-08  2.84791807e-06 
 1.35205000e-08  2.80808236e-04  1.35205000e-08  8.26067940e-01  1.35205000e-08  8.44722195e-06 
 1.37985000e-08  9.31273929e-01  1.37985000e-08  2.03113675e-07  1.37985000e-08  4.25406271e-07 
 1.37995000e-08  9.68202002e-01  1.37995000e-08  3.17163871e-08  1.37995000e-08  1.22523955e-07 
 1.38005000e-08  1.00561716e+00  1.38005000e-08  2.00730712e-07  1.38005000e-08  3.79234746e-07 
 1.38015000e-08  1.04343818e+00  1.38015000e-08  1.58845626e-09  1.38015000e-08  6.54567484e-08 
 1.38025000e-08  1.08127071e+00  1.38025000e-08  1.63949240e-07  1.38025000e-08  3.97972958e-07 
 1.38035000e-08  1.11882810e+00  1.38035000e-08 -2.23964866e-08  1.38035000e-08  1.08634653e-07 
 1.39555000e-08  1.94986552e+00  1.39555000e-08  8.78601190e-01  1.39555000e-08 -9.16631130e-05 
 1.39565000e-08  1.94986925e+00  1.39565000e-08  9.40153533e-01  1.39565000e-08 -1.15314719e-04 
 1.39575000e-08  1.94987155e+00  1.39575000e-08  1.00087818e+00  1.39575000e-08 -1.30974639e-04 
 1.39585000e-08  1.94987498e+00  1.39585000e-08  1.06077055e+00  1.39585000e-08 -1.39377868e-04 
 1.39595000e-08  1.94987703e+00  1.39595000e-08  1.11990986e+00  1.39595000e-08 -1.52472131e-04 
 1.39605000e-08  1.94988020e+00  1.39605000e-08  1.17852484e+00  1.39605000e-08 -1.66486180e-04 
 1.40755000e-08  1.94995774e+00  1.40755000e-08  1.94992069e+00  1.40755000e-08  8.59448835e-01 
 1.40765000e-08  1.94995813e+00  1.40765000e-08  1.94992699e+00  1.40765000e-08  9.20550326e-01 
 1.40775000e-08  1.94995817e+00  1.40775000e-08  1.94993366e+00  1.40775000e-08  9.80435281e-01 
 1.40785000e-08  1.94995855e+00  1.40785000e-08  1.94993959e+00  1.40785000e-08  1.04058608e+00 
 1.40795000e-08  1.94995859e+00  1.40795000e-08  1.94994682e+00  1.40795000e-08  1.10481742e+00 
 1.40805000e-08  1.94995896e+00  1.40805000e-08  1.94994392e+00  1.40805000e-08  1.17666390e+00 
 1.43345000e-08  1.15355863e+00  1.43345000e-08  1.94999918e+00  1.43345000e-08  1.94999898e+00 
 1.43355000e-08  1.10071455e+00  1.43355000e-08  1.94999921e+00  1.43355000e-08  1.94999743e+00 
 1.43365000e-08  1.04811059e+00  1.43365000e-08  1.94999915e+00  1.43365000e-08  1.94999837e+00 
 1.43375000e-08  9.95671642e-01  1.43375000e-08  1.94999917e+00  1.43375000e-08  1.94999750e+00 
 1.43385000e-08  9.43346335e-01  1.43385000e-08  1.94999911e+00  1.43385000e-08  1.94999892e+00 
 1.43395000e-08  8.91046153e-01  1.43395000e-08  1.94999912e+00  1.43395000e-08  1.94999746e+00 
 1.46375000e-08  3.12511468e-04  1.46375000e-08  1.23521555e+00  1.46375000e-08  1.94990579e+00 
 1.46385000e-08  3.05860190e-04  1.46385000e-08  1.15602310e+00  1.46385000e-08  1.94988828e+00 
 1.46395000e-08  2.99517911e-04  1.46395000e-08  1.07569865e+00  1.46395000e-08  1.94987420e+00 
 1.46405000e-08  2.93156069e-04  1.46405000e-08  9.94255586e-01  1.46405000e-08  1.94986893e+00 
 1.46415000e-08  2.87095378e-04  1.46415000e-08  9.11871311e-01  1.46415000e-08  1.94987713e+00 
 1.46425000e-08  2.81010995e-04  1.46425000e-08  8.28611376e-01  1.46425000e-08  1.94990008e+00 
 1.49205000e-08  9.29581201e-01  1.49205000e-08 -7.86234872e-07  1.49205000e-08  1.94999753e+00 
 1.49215000e-08  9.66494348e-01  1.49215000e-08 -8.15993022e-07  1.49215000e-08  1.94999792e+00 
 1.49225000e-08  1.00388462e+00  1.49225000e-08 -7.39003271e-07  1.49225000e-08  1.94999764e+00 
 1.49235000e-08  1.04169836e+00  1.49235000e-08 -7.87090867e-07  1.49235000e-08  1.94999802e+00 
 1.49245000e-08  1.07954054e+00  1.49245000e-08 -7.35891211e-07  1.49245000e-08  1.94999775e+00 
 1.49255000e-08  1.11711248e+00  1.49255000e-08 -7.85882276e-07  1.49255000e-08  1.94999812e+00 
 1.50775000e-08  1.94986538e+00  1.50775000e-08  8.76935299e-01  1.50775000e-08  1.94990003e+00 
 1.50785000e-08  1.94986909e+00  1.50785000e-08  9.38362994e-01  1.50785000e-08  1.94979956e+00 
 1.50795000e-08  1.94987143e+00  1.50795000e-08  9.98870688e-01  1.50795000e-08  1.94968920e+00 
 1.50805000e-08  1.94987482e+00  1.50805000e-08  1.05845498e+00  1.50805000e-08  1.94958532e+00 
 1.50815000e-08  1.94987692e+00  1.50815000e-08  1.11721161e+00  1.50815000e-08  1.94948771e+00 
 1.50825000e-08  1.94988006e+00  1.50825000e-08  1.17545477e+00  1.50825000e-08  1.94937311e+00 
 1.52125000e-08  1.94996087e+00  1.52125000e-08  1.94997772e+00  1.52125000e-08  1.15140888e+00 
 1.52135000e-08  1.94996091e+00  1.52135000e-08  1.95000373e+00  1.52135000e-08  1.09383804e+00 
 1.52145000e-08  1.94996124e+00  1.52145000e-08  1.95003145e+00  1.52145000e-08  1.03598660e+00 
 1.52155000e-08  1.94996128e+00  1.52155000e-08  1.95005340e+00  1.52155000e-08  9.77772303e-01 
 1.52165000e-08  1.94996159e+00  1.52165000e-08  1.95007073e+00  1.52165000e-08  9.18979266e-01 
 1.52175000e-08  1.94996163e+00  1.52175000e-08  1.95008204e+00  1.52175000e-08  8.59577540e-01 
 1.54565000e-08  1.15594185e+00  1.54565000e-08  1.94999912e+00  1.54565000e-08  9.80315818e-06 
 1.54575000e-08  1.10308790e+00  1.54575000e-08  1.94999914e+00  1.54575000e-08  8.49170305e-06 
 1.54585000e-08  1.05047346e+00  1.54585000e-08  1.94999909e+00  1.54585000e-08  9.20914983e-06 
 1.54595000e-08  9.98029131e-01  1.54595000e-08  1.94999910e+00  1.54595000e-08  7.93978051e-06 
 1.54605000e-08  9.45699727e-01  1.54605000e-08  1.94999905e+00  1.54605000e-08  8.65188094e-06 
 1.54615000e-08  8.93400235e-01  1.54615000e-08  1.94999906e+00  1.54615000e-08  7.42290742e-06 
 1.57595000e-08  3.12796942e-04  1.57595000e-08  1.23844493e+00  1.57595000e-08 -7.28973384e-06 
 1.57605000e-08  3.06145446e-04  1.57605000e-08  1.15929508e+00  1.57605000e-08 -7.85810656e-06 
 1.57615000e-08  2.99790887e-04  1.57615000e-08  1.07901450e+00  1.57615000e-08 -6.34333056e-06 
 1.57625000e-08  2.93429232e-04  1.57625000e-08  9.97605599e-01  1.57625000e-08 -2.52324003e-06 
 1.57635000e-08  2.87356195e-04  1.57635000e-08  9.15255988e-01  1.57635000e-08  2.56164783e-06 
 1.57645000e-08  2.81271926e-04  1.57645000e-08  8.32020217e-01  1.57645000e-08  7.95658499e-06 
 1.60425000e-08  9.28219295e-01  1.60425000e-08  1.82381243e-07  1.60425000e-08  2.81765617e-07 
 1.60435000e-08  9.65121131e-01  1.60435000e-08  4.59950179e-08  1.60435000e-08  1.54057345e-07 
 1.60445000e-08  1.00249131e+00  1.60445000e-08  1.74656186e-07  1.60445000e-08  2.69913229e-07 
 1.60455000e-08  1.04029597e+00  1.60455000e-08  1.82029432e-08  1.60455000e-08  1.51662524e-07 
 1.60465000e-08  1.07814347e+00  1.60465000e-08  1.32466377e-07  1.60465000e-08  2.66571923e-07 
 1.60475000e-08  1.11572851e+00  1.60475000e-08 -2.23604843e-08  1.60475000e-08  1.40987293e-07 
 1.61995000e-08  1.94986526e+00  1.61995000e-08  8.73423155e-01  1.61995000e-08 -8.90915698e-05 
 1.62005000e-08  1.94986895e+00  1.62005000e-08  9.35042934e-01  1.62005000e-08 -1.13810545e-04 
 1.62015000e-08  1.94987133e+00  1.62015000e-08  9.95835284e-01  1.62015000e-08 -1.29755026e-04 
 1.62025000e-08  1.94987471e+00  1.62025000e-08  1.05579394e+00  1.62025000e-08 -1.38734468e-04 
 1.62035000e-08  1.94987683e+00  1.62035000e-08  1.11498933e+00  1.62035000e-08 -1.51277390e-04 
 1.62045000e-08  1.94987996e+00  1.62045000e-08  1.17363549e+00  1.62045000e-08 -1.65239257e-04 
 1.63195000e-08  1.94995774e+00  1.63195000e-08  1.94992046e+00  1.63195000e-08  8.54248532e-01 
 1.63205000e-08  1.94995811e+00  1.63205000e-08  1.94992628e+00  1.63205000e-08  9.15483047e-01 
 1.63215000e-08  1.94995816e+00  1.63215000e-08  1.94993326e+00  1.63215000e-08  9.75437255e-01 
 1.63225000e-08  1.94995852e+00  1.63225000e-08  1.94993905e+00  1.63225000e-08  1.03543955e+00 
 1.63235000e-08  1.94995858e+00  1.63235000e-08  1.94994633e+00  1.63235000e-08  1.09918228e+00 
 1.63245000e-08  1.94995893e+00  1.63245000e-08  1.94994430e+00  1.63245000e-08  1.17048236e+00 
 1.65785000e-08  1.15796630e+00  1.65785000e-08  1.94999917e+00  1.65785000e-08  1.94999911e+00 
 1.65795000e-08  1.10510395e+00  1.65795000e-08  1.94999922e+00  1.65795000e-08  1.94999869e+00 
 1.65805000e-08  1.05248051e+00  1.65805000e-08  1.94999914e+00  1.65805000e-08  1.94999930e+00 
 1.65815000e-08  1.00003149e+00  1.65815000e-08  1.94999918e+00  1.65815000e-08  1.94999886e+00 
 1.65825000e-08  9.47698494e-01  1.65825000e-08  1.94999910e+00  1.65825000e-08  1.94999948e+00 
 1.65835000e-08  8.95399496e-01  1.65835000e-08  1.94999914e+00  1.65835000e-08  1.94999879e+00 
 1.68815000e-08  3.13048829e-04  1.68815000e-08  1.24182794e+00  1.68815000e-08  1.94990717e+00 
 1.68825000e-08  3.06397205e-04  1.68825000e-08  1.16273192e+00  1.68825000e-08  1.94988964e+00 
 1.68835000e-08  3.00031627e-04  1.68835000e-08  1.08250760e+00  1.68835000e-08  1.94987508e+00 
 1.68845000e-08  2.93669952e-04  1.68845000e-08  1.00114525e+00  1.68845000e-08  1.94986885e+00 
 1.68855000e-08  2.87586387e-04  1.68855000e-08  9.18842588e-01  1.68855000e-08  1.94987585e+00 
 1.68865000e-08  2.81502293e-04  1.68865000e-08  8.35641982e-01  1.68865000e-08  1.94989751e+00 
 1.71645000e-08  9.26431759e-01  1.71645000e-08 -8.02510650e-07  1.71645000e-08  1.94999753e+00 
 1.71655000e-08  9.63319697e-01  1.71655000e-08 -7.95422313e-07  1.71655000e-08  1.94999791e+00 
 1.71665000e-08  1.00066341e+00  1.71665000e-08 -7.66716171e-07  1.71665000e-08  1.94999765e+00 
 1.71675000e-08  1.03845526e+00  1.71675000e-08 -7.64693971e-07  1.71675000e-08  1.94999801e+00 
 1.71685000e-08  1.07630911e+00  1.71685000e-08 -7.54205431e-07  1.71685000e-08  1.94999775e+00 
 1.71695000e-08  1.11391107e+00  1.71695000e-08 -7.64370223e-07  1.71695000e-08  1.94999811e+00 
 1.73215000e-08  1.94986514e+00  1.73215000e-08  8.71573032e-01  1.73215000e-08  1.94990161e+00 
 1.73225000e-08  1.94986879e+00  1.73225000e-08  9.33078518e-01  1.73225000e-08  1.94980380e+00 
 1.73235000e-08  1.94987121e+00  1.73235000e-08  9.93666793e-01  1.73235000e-08  1.94969469e+00 
 1.73245000e-08  1.94987456e+00  1.73245000e-08  1.05333026e+00  1.73245000e-08  1.94958960e+00 
 1.73255000e-08  1.94987672e+00  1.73255000e-08  1.11215002e+00  1.73255000e-08  1.94949427e+00 
 1.73265000e-08  1.94987982e+00  1.73265000e-08  1.17041731e+00  1.73265000e-08  1.94938170e+00 
 1.74565000e-08  1.94996085e+00  1.74565000e-08  1.94997526e+00  1.74565000e-08  1.15639513e+00 
 1.74575000e-08  1.94996091e+00  1.74575000e-08  1.95000137e+00  1.74575000e-08  1.09883305e+00 
 1.74585000e-08  1.94996121e+00  1.74585000e-08  1.95002904e+00  1.74585000e-08  1.04101342e+00 
 1.74595000e-08  1.94996127e+00  1.74595000e-08  1.95005179e+00  1.74595000e-08  9.82836401e-01 
 1.74605000e-08  1.94996157e+00  1.74605000e-08  1.95006928e+00  1.74605000e-08  9.24099011e-01 
 1.74615000e-08  1.94996162e+00  1.74615000e-08  1.95008141e+00  1.74615000e-08  8.64752387e-01 
 1.77005000e-08  1.16043337e+00  1.77005000e-08  1.94999910e+00  1.77005000e-08  9.62713775e-06 
 1.77015000e-08  1.10756076e+00  1.77015000e-08  1.94999917e+00  1.77015000e-08  8.71476098e-06 
 1.77025000e-08  1.05492627e+00  1.77025000e-08  1.94999907e+00  1.77025000e-08  9.03299180e-06 
 1.77035000e-08  1.00247140e+00  1.77035000e-08  1.94999913e+00  1.77035000e-08  8.16094502e-06 
 1.77045000e-08  9.50133882e-01  1.77045000e-08  1.94999903e+00  1.77045000e-08  8.47557250e-06 
 1.77055000e-08  8.97835380e-01  1.77055000e-08  1.94999908e+00  1.77055000e-08  7.64212641e-06 
 1.80035000e-08  3.13350717e-04  1.80035000e-08  1.24452746e+00  1.80035000e-08 -7.11005220e-06 
 1.80045000e-08  3.06699461e-04  1.80045000e-08  1.16546844e+00  1.80045000e-08 -7.95808982e-06 
 1.80055000e-08  3.00320105e-04  1.80055000e-08  1.08528204e+00  1.80055000e-08 -6.46635046e-06 
 1.80065000e-08  2.93958889e-04  1.80065000e-08  1.00394924e+00  1.80065000e-08 -2.97348070e-06 
 1.80075000e-08  2.87862022e-04  1.80075000e-08  9.21676759e-01  1.80075000e-08  2.23858439e-06 
 1.80085000e-08  2.81778575e-04  1.80085000e-08  8.38497558e-01  1.80085000e-08  7.44643516e-06 
 1.82865000e-08  9.24811416e-01  1.82865000e-08  1.59594257e-07  1.82865000e-08  1.90606286e-07 
 1.82875000e-08  9.61688231e-01  1.82875000e-08  4.92497774e-08  1.82875000e-08  2.45454203e-07 
 1.82885000e-08  9.99007305e-01  1.82885000e-08  1.50076432e-07  1.82885000e-08  1.81970698e-07 
 1.82895000e-08  1.03678632e+00  1.82895000e-08  3.70621874e-08  1.82895000e-08  2.36018509e-07 
 1.82905000e-08  1.07464356e+00  1.82905000e-08  1.29737122e-07  1.82905000e-08  1.71287690e-07 
 1.82915000e-08  1.11225976e+00  1.82915000e-08  1.14139128e-08  1.82915000e-08  2.24501199e-07 
 1.84435000e-08  1.94986501e+00  1.84435000e-08  8.67620731e-01  1.84435000e-08 -8.61725314e-05 
 1.84445000e-08  1.94986863e+00  1.84445000e-08  9.29315579e-01  1.84445000e-08 -1.12052428e-04 
 1.84455000e-08  1.94987110e+00  1.84455000e-08  9.90185670e-01  1.84455000e-08 -1.28412026e-04 
 1.84465000e-08  1.94987441e+00  1.84465000e-08  1.05022208e+00  1.84465000e-08 -1.38048792e-04 
 1.84475000e-08  1.94987662e+00  1.84475000e-08  1.10948140e+00  1.84475000e-08 -1.49930093e-04 
 1.84485000e-08  1.94987968e+00  1.84485000e-08  1.16816638e+00  1.84485000e-08 -1.63873663e-04 
 1.85645000e-08  1.94995808e+00  1.85645000e-08  1.94992551e+00  1.85645000e-08  9.09832052e-01 
 1.85655000e-08  1.94995815e+00  1.85655000e-08  1.94993278e+00  1.85655000e-08  9.69872311e-01 
 1.85665000e-08  1.94995849e+00  1.85665000e-08  1.94993843e+00  1.85665000e-08  1.02974916e+00 
 1.85675000e-08  1.94995857e+00  1.85675000e-08  1.94994568e+00  1.85675000e-08  1.09299586e+00 
 1.85685000e-08  1.94995890e+00  1.85685000e-08  1.94994484e+00  1.85685000e-08  1.16360658e+00 
 1.85695000e-08  1.94995898e+00  1.85695000e-08  1.94994426e+00  1.85695000e-08  1.23688443e+00 
 1.88225000e-08  1.16288664e+00  1.88225000e-08  1.94999916e+00  1.88225000e-08  1.94999949e+00 
 1.88235000e-08  1.11000402e+00  1.88235000e-08  1.94999924e+00  1.88235000e-08  1.94999972e+00 
 1.88245000e-08  1.05735857e+00  1.88245000e-08  1.94999913e+00  1.88245000e-08  1.94999949e+00 
 1.88255000e-08  1.00489788e+00  1.88255000e-08  1.94999920e+00  1.88255000e-08  1.94999972e+00 
 1.88265000e-08  9.52555842e-01  1.88265000e-08  1.94999909e+00  1.88265000e-08  1.94999950e+00 
 1.88275000e-08  9.00257830e-01  1.88275000e-08  1.94999915e+00  1.88275000e-08  1.94999973e+00 
 1.91255000e-08  3.13656390e-04  1.91255000e-08  1.24815455e+00  1.91255000e-08  1.94990854e+00 
 1.91265000e-08  3.07005456e-04  1.91265000e-08  1.16915358e+00  1.91265000e-08  1.94989104e+00 
 1.91275000e-08  3.00612139e-04  1.91275000e-08  1.08902755e+00  1.91275000e-08  1.94987602e+00 
 1.91285000e-08  2.94251597e-04  1.91285000e-08  1.00774501e+00  1.91285000e-08  1.94986892e+00 
 1.91295000e-08  2.88141218e-04  1.91295000e-08  9.25523300e-01  1.91295000e-08  1.94987476e+00 
 1.91305000e-08  2.82058520e-04  1.91305000e-08  8.42382179e-01  1.91305000e-08  1.94989519e+00 
 1.94085000e-08  9.22868567e-01  1.94085000e-08 -8.13958763e-07  1.94085000e-08  1.94999755e+00 
 1.94095000e-08  9.59732815e-01  1.94095000e-08 -7.72185570e-07  1.94095000e-08  1.94999789e+00 
 1.94105000e-08  9.97023027e-01  1.94105000e-08 -7.83815643e-07  1.94105000e-08  1.94999766e+00 
 1.94115000e-08  1.03478596e+00  1.94115000e-08 -7.39747152e-07  1.94115000e-08  1.94999799e+00 
 1.94125000e-08  1.07264839e+00  1.94125000e-08 -7.64793483e-07  1.94125000e-08  1.94999776e+00 
 1.94135000e-08  1.11028229e+00  1.94135000e-08 -7.42770718e-07  1.94135000e-08  1.94999809e+00 
 1.95655000e-08  1.94986486e+00  1.95655000e-08  8.65570742e-01  1.95655000e-08  1.94991425e+00 
 1.95665000e-08  1.94986845e+00  1.95665000e-08  9.27162248e-01  1.95665000e-08  1.94981721e+00 
 1.95675000e-08  1.94987097e+00  1.95675000e-08  9.87839958e-01  1.95675000e-08  1.94970793e+00 
 1.95685000e-08  1.94987424e+00  1.95685000e-08  1.04759255e+00  1.95685000e-08  1.94960025e+00 
 1.95695000e-08  1.94987650e+00  1.95695000e-08  1.10648505e+00  1.95695000e-08  1.94950632e+00 
 1.95705000e-08  1.94987952e+00  1.95705000e-08  1.16478538e+00  1.95705000e-08  1.94939509e+00 
 1.97005000e-08  1.94996082e+00  1.97005000e-08  1.94997249e+00  1.97005000e-08  1.16201290e+00 
 1.97015000e-08  1.94996089e+00  1.97015000e-08  1.94999890e+00  1.97015000e-08  1.10445913e+00 
 1.97025000e-08  1.94996118e+00  1.97025000e-08  1.95002633e+00  1.97025000e-08  1.04667374e+00 
 1.97035000e-08  1.94996126e+00  1.97035000e-08  1.95004997e+00  1.97035000e-08  9.88537080e-01 
 1.97045000e-08  1.94996154e+00  1.97045000e-08  1.95006762e+00  1.97045000e-08  9.29861305e-01 
 1.97055000e-08  1.94996162e+00  1.97055000e-08  1.95008062e+00  1.97055000e-08  8.70576402e-01 
 1.99445000e-08  1.16554730e+00  1.99445000e-08  1.94999907e+00  1.99445000e-08  9.59408804e-06 
 1.99455000e-08  1.11265364e+00  1.99455000e-08  1.94999919e+00  1.99455000e-08  8.88599063e-06 
 1.99465000e-08  1.05999606e+00  1.99465000e-08  1.94999905e+00  1.99465000e-08  8.99679582e-06 
 1.99475000e-08  1.00752875e+00  1.99475000e-08  1.94999916e+00  1.99475000e-08  8.32052428e-06 
 1.99485000e-08  9.55181531e-01  1.99485000e-08  1.94999901e+00  1.99485000e-08  8.42708634e-06 
 1.99495000e-08  9.02883808e-01  1.99495000e-08  1.94999911e+00  1.99495000e-08  7.79177841e-06 
 2.02475000e-08  3.13997105e-04  2.02475000e-08  1.25276367e+00  2.02475000e-08 -6.89679168e-06 
 2.02485000e-08  3.07346797e-04  2.02485000e-08  1.17382843e+00  2.02485000e-08 -8.03192012e-06 
 2.02495000e-08  3.00937859e-04  2.02495000e-08  1.09376960e+00  2.02495000e-08 -6.64967738e-06 
 2.02505000e-08  2.94578180e-04  2.02505000e-08  1.01254051e+00  2.02505000e-08 -3.52361041e-06 
 2.02515000e-08  2.88452648e-04  2.02515000e-08  9.30373206e-01  2.02515000e-08  1.76908090e-06 
 2.02525000e-08  2.82370901e-04  2.02525000e-08  8.47271443e-01  2.02525000e-08  6.79254705e-06 
 2.05305000e-08  9.21150271e-01  2.05305000e-08  1.51677920e-07  2.05305000e-08  1.11264275e-07 
 2.05315000e-08  9.58005249e-01  2.05315000e-08  7.41484215e-08  2.05315000e-08  3.92380234e-07 
 2.05325000e-08  9.95270679e-01  2.05325000e-08  1.35856760e-07  2.05325000e-08  1.49101808e-07 
 2.05335000e-08  1.03301880e+00  2.05335000e-08  6.22463488e-08  2.05335000e-08  3.53186620e-07 
 2.05345000e-08  1.07088511e+00  2.05345000e-08  1.19971845e-07  2.05345000e-08  8.88284829e-08 
 2.05355000e-08  1.10853429e+00  2.05355000e-08  3.25398485e-08  2.05355000e-08  3.60396440e-07 
 2.06875000e-08  1.94986473e+00  2.06875000e-08  8.61526717e-01  2.06875000e-08 -8.37143967e-05 
 2.06885000e-08  1.94986828e+00  2.06885000e-08  9.23299801e-01  2.06885000e-08 -1.09706455e-04 
 2.06895000e-08  1.94987085e+00  2.06895000e-08  9.84253251e-01  2.06895000e-08 -1.26524172e-04 
 2.06905000e-08  1.94987409e+00  2.06905000e-08  1.04437417e+00  2.06905000e-08 -1.36937654e-04 
 2.06915000e-08  1.94987640e+00  2.06915000e-08  1.10370210e+00  2.06915000e-08 -1.48142589e-04 
 2.06925000e-08  1.94987938e+00  2.06925000e-08  1.16243168e+00  2.06925000e-08 -1.62174318e-04 
 2.08085000e-08  1.94995804e+00  2.08085000e-08  1.94992472e+00  2.08085000e-08  9.03875192e-01 
 2.08095000e-08  1.94995814e+00  2.08095000e-08  1.94993226e+00  2.08095000e-08  9.64013578e-01 
 2.08105000e-08  1.94995846e+00  2.08105000e-08  1.94993776e+00  2.08105000e-08  1.02379882e+00 
 2.08115000e-08  1.94995856e+00  2.08115000e-08  1.94994492e+00  2.08115000e-08  1.08657305e+00 
 2.08125000e-08  1.94995887e+00  2.08125000e-08  1.94994550e+00  2.08125000e-08  1.15638580e+00 
 2.08135000e-08  1.94995897e+00  2.08135000e-08  1.94994411e+00  2.08135000e-08  1.22975624e+00 
 2.10665000e-08  1.16884312e+00  2.10665000e-08  1.94999915e+00  2.10665000e-08  1.94999810e+00 
 2.10675000e-08  1.11593576e+00  2.10675000e-08  1.94999925e+00  2.10675000e-08  1.94999935e+00 
 2.10685000e-08  1.06326293e+00  2.10685000e-08  1.94999912e+00  2.10685000e-08  1.94999807e+00 
 2.10695000e-08  1.01078715e+00  2.10695000e-08  1.94999921e+00  2.10695000e-08  1.94999893e+00 
 2.10705000e-08  9.58433213e-01  2.10705000e-08  1.94999908e+00  2.10705000e-08  1.94999816e+00 
 2.10715000e-08  9.06135615e-01  2.10715000e-08  1.94999917e+00  2.10715000e-08  1.94999937e+00 
 2.13695000e-08  3.14404625e-04  2.13695000e-08  1.25761868e+00  2.13695000e-08  1.94991055e+00 
 2.13705000e-08  3.07755029e-04  2.13705000e-08  1.17876664e+00  2.13705000e-08  1.94989313e+00 
 2.13715000e-08  3.01327058e-04  2.13715000e-08  1.09878185e+00  2.13715000e-08  1.94987753e+00 
 2.13725000e-08  2.94968561e-04  2.13725000e-08  1.01762367e+00  2.13725000e-08  1.94986916e+00 
 2.13735000e-08  2.88824630e-04  2.13735000e-08  9.35518284e-01  2.13735000e-08  1.94987329e+00 
 2.13745000e-08  2.82744224e-04  2.13745000e-08  8.52471282e-01  2.13745000e-08  1.94989189e+00 
 2.16525000e-08  9.18801880e-01  2.16525000e-08 -8.43077817e-07  2.16525000e-08  1.94999757e+00 
 2.16535000e-08  9.55644901e-01  2.16535000e-08 -7.42962241e-07  2.16535000e-08  1.94999786e+00 
 2.16545000e-08  9.92875862e-01  2.16545000e-08 -8.16739414e-07  2.16545000e-08  1.94999768e+00 
 2.16555000e-08  1.03060174e+00  2.16555000e-08 -7.07796589e-07  2.16555000e-08  1.94999796e+00 
 2.16565000e-08  1.06847203e+00  2.16565000e-08 -7.90311921e-07  2.16565000e-08  1.94999778e+00 
 2.16575000e-08  1.10614155e+00  2.16575000e-08 -7.13247781e-07  2.16575000e-08  1.94999806e+00 
 2.18095000e-08  1.94986456e+00  2.18095000e-08  8.58806738e-01  2.18095000e-08  1.94992679e+00 
 2.18105000e-08  1.94986806e+00  2.18105000e-08  9.20494347e-01  2.18105000e-08  1.94983099e+00 
 2.18115000e-08  1.94987070e+00  2.18115000e-08  9.81274600e-01  2.18115000e-08  1.94972179e+00 
 2.18125000e-08  1.94987388e+00  2.18125000e-08  1.04113111e+00  2.18125000e-08  1.94961231e+00 
 2.18135000e-08  1.94987626e+00  2.18135000e-08  1.10010783e+00  2.18135000e-08  1.94951887e+00 
 2.18145000e-08  1.94987919e+00  2.18145000e-08  1.15845264e+00  2.18145000e-08  1.94940917e+00 
 2.19445000e-08  1.94996079e+00  2.19445000e-08  1.94996942e+00  2.19445000e-08  1.16822684e+00 
 2.19455000e-08  1.94996089e+00  2.19455000e-08  1.94999645e+00  2.19455000e-08  1.11068054e+00 
 2.19465000e-08  1.94996115e+00  2.19465000e-08  1.95002341e+00  2.19465000e-08  1.05293117e+00 
 2.19475000e-08  1.94996125e+00  2.19475000e-08  1.95004789e+00  2.19475000e-08  9.94837824e-01 
 2.19485000e-08  1.94996151e+00  2.19485000e-08  1.95006567e+00  2.19485000e-08  9.36230115e-01 
 2.19495000e-08  1.94996161e+00  2.19495000e-08  1.95007959e+00  2.19495000e-08  8.77014258e-01 
 2.21885000e-08  1.17102866e+00  2.21885000e-08  1.94999904e+00  2.21885000e-08  9.14535404e-06 
 2.21895000e-08  1.11811281e+00  2.21895000e-08  1.94999922e+00  2.21895000e-08  9.39324946e-06 
 2.21905000e-08  1.06543024e+00  2.21905000e-08  1.94999902e+00  2.21905000e-08  8.61817306e-06 
 2.21915000e-08  1.01294926e+00  2.21915000e-08  1.94999919e+00  2.21915000e-08  8.90730524e-06 
 2.21925000e-08  9.60591147e-01  2.21925000e-08  1.94999898e+00  2.21925000e-08  8.00049934e-06 
 2.21935000e-08  9.08293934e-01  2.21935000e-08  1.94999914e+00  2.21935000e-08  8.30213251e-06 
 2.24915000e-08  3.14709300e-04  2.24915000e-08  1.26115839e+00  2.24915000e-08 -6.64737129e-06 
 2.24925000e-08  3.08058236e-04  2.24925000e-08  1.18236445e+00  2.24925000e-08 -8.11276406e-06 
 2.24935000e-08  3.01618214e-04  2.24935000e-08  1.10242402e+00  2.24935000e-08 -6.78840179e-06 
 2.24945000e-08  2.95258203e-04  2.24945000e-08  1.02131277e+00  2.24945000e-08 -4.09066969e-06 
 2.24955000e-08  2.89102542e-04  2.24955000e-08  9.39242962e-01  2.24955000e-08  1.31184154e-06 
 2.24965000e-08  2.83021454e-04  2.24965000e-08  8.56231553e-01  2.24965000e-08  6.10777754e-06 
 2.27755000e-08  9.54370123e-01  2.27755000e-08  9.88994590e-08  2.27755000e-08  4.93683923e-07 
 2.27765000e-08  9.91582694e-01  2.27765000e-08  1.09916838e-07  2.27765000e-08  8.75797457e-08 
 2.27775000e-08  1.02929584e+00  2.27775000e-08  8.86302062e-08  2.27775000e-08  4.44975986e-07 
 2.27785000e-08  1.06716772e+00  2.27785000e-08  8.92769214e-08  2.27785000e-08  1.22940038e-08 
 2.27795000e-08  1.10484790e+00  2.27795000e-08  4.50953621e-08  2.27795000e-08  4.54207378e-07 
 2.27805000e-08  1.14215335e+00  2.27805000e-08  5.16168051e-08  2.27805000e-08  6.06487978e-08 
 2.29315000e-08  1.94986447e+00  2.29315000e-08  8.55504750e-01  2.29315000e-08 -8.03403088e-05 
 2.29325000e-08  1.94986794e+00  2.29325000e-08  9.17354389e-01  2.29325000e-08 -1.07838132e-04 
 2.29335000e-08  1.94987062e+00  2.29335000e-08  9.78387415e-01  2.29335000e-08 -1.25167661e-04 
 2.29345000e-08  1.94987377e+00  2.29345000e-08  1.03859005e+00  2.29345000e-08 -1.36501974e-04 
 2.29355000e-08  1.94987619e+00  2.29355000e-08  1.09798733e+00  2.29355000e-08 -1.46693279e-04 
 2.29365000e-08  1.94987909e+00  2.29365000e-08  1.15676437e+00  2.29365000e-08 -1.60969057e-04 
 2.30525000e-08  1.94995800e+00  2.30525000e-08  1.94992394e+00  2.30525000e-08  8.97970370e-01 
 2.30535000e-08  1.94995813e+00  2.30535000e-08  1.94993175e+00  2.30535000e-08  9.58214496e-01 
 2.30545000e-08  1.94995842e+00  2.30545000e-08  1.94993707e+00  2.30545000e-08  1.01794260e+00 
 2.30555000e-08  1.94995855e+00  2.30555000e-08  1.94994411e+00  2.30555000e-08  1.08028204e+00 
 2.30565000e-08  1.94995883e+00  2.30565000e-08  1.94994625e+00  2.30565000e-08  1.14923340e+00 
 2.30575000e-08  1.94995896e+00  2.30575000e-08  1.94994397e+00  2.30575000e-08  1.22266410e+00 
 2.33105000e-08  1.17428182e+00  2.33105000e-08  1.94999913e+00  2.33105000e-08  1.94999665e+00 
 2.33115000e-08  1.12135200e+00  2.33115000e-08  1.94999926e+00  2.33115000e-08  1.94999896e+00 
 2.33125000e-08  1.06865358e+00  2.33125000e-08  1.94999911e+00  2.33125000e-08  1.94999674e+00 
 2.33135000e-08  1.01616337e+00  2.33135000e-08  1.94999923e+00  2.33135000e-08  1.94999836e+00 
 2.33145000e-08  9.63797685e-01  2.33145000e-08  1.94999907e+00  2.33145000e-08  1.94999695e+00 
 2.33155000e-08  9.11499887e-01  2.33155000e-08  1.94999918e+00  2.33155000e-08  1.94999915e+00 
 2.36135000e-08  3.15087320e-04  2.36135000e-08  1.26563292e+00  2.36135000e-08  1.94991226e+00 
 2.36145000e-08  3.08435248e-04  2.36145000e-08  1.18692097e+00  2.36145000e-08  1.94989494e+00 
 2.36155000e-08  3.01979430e-04  2.36155000e-08  1.10704632e+00  2.36155000e-08  1.94987892e+00 
 2.36165000e-08  2.95618701e-04  2.36165000e-08  1.02600483e+00  2.36165000e-08  1.94986951e+00 
 2.36175000e-08  2.89447742e-04  2.36175000e-08  9.43990419e-01  2.36175000e-08  1.94987224e+00 
 2.36185000e-08  2.83366275e-04  2.36185000e-08  8.61033838e-01  2.36185000e-08  1.94988928e+00 
 2.38975000e-08  9.51962437e-01  2.38975000e-08 -7.18026462e-07  2.38975000e-08  1.94999782e+00 
 2.38985000e-08  9.89142151e-01  2.38985000e-08 -8.57043656e-07  2.38985000e-08  1.94999770e+00 
 2.38995000e-08  1.02683087e+00  2.38995000e-08 -6.77341166e-07  2.38995000e-08  1.94999793e+00 
 2.39005000e-08  1.06470485e+00  2.39005000e-08 -8.22909765e-07  2.39005000e-08  1.94999780e+00 
 2.39015000e-08  1.10240458e+00  2.39015000e-08 -6.81875786e-07  2.39015000e-08  1.94999803e+00 
 2.39025000e-08  1.13973758e+00  2.39025000e-08 -8.24128710e-07  2.39025000e-08  1.94999790e+00 
 2.40535000e-08  1.94986429e+00  2.40535000e-08  8.52665049e-01  2.40535000e-08  1.94993511e+00 
 2.40545000e-08  1.94986769e+00  2.40545000e-08  9.14438085e-01  2.40545000e-08  1.94984109e+00 
 2.40555000e-08  1.94987046e+00  2.40555000e-08  9.75309498e-01  2.40555000e-08  1.94973258e+00 
 2.40565000e-08  1.94987355e+00  2.40565000e-08  1.03525778e+00  2.40565000e-08  1.94962275e+00 
 2.40575000e-08  1.94987604e+00  2.40575000e-08  1.09431388e+00  2.40575000e-08  1.94952873e+00 
 2.40585000e-08  1.94987888e+00  2.40585000e-08  1.15270386e+00  2.40585000e-08  1.94942047e+00 
 2.41885000e-08  1.94996075e+00  2.41885000e-08  1.94996658e+00  2.41885000e-08  1.17391458e+00 
 2.41895000e-08  1.94996088e+00  2.41895000e-08  1.94999414e+00  2.41895000e-08  1.11637365e+00 
 2.41905000e-08  1.94996111e+00  2.41905000e-08  1.95002053e+00  2.41905000e-08  1.05865549e+00 
 2.41915000e-08  1.94996125e+00  2.41915000e-08  1.95004596e+00  2.41915000e-08  1.00059997e+00 
 2.41925000e-08  1.94996148e+00  2.41925000e-08  1.95006383e+00  2.41925000e-08  9.42052350e-01 
 2.41935000e-08  1.94996161e+00  2.41935000e-08  1.95007871e+00  2.41935000e-08  8.82897600e-01 
 2.44325000e-08  1.17632899e+00  2.44325000e-08  1.94999903e+00  2.44325000e-08  8.79102971e-06 
 2.44335000e-08  1.12339130e+00  2.44335000e-08  1.94999924e+00  2.44335000e-08  9.82747040e-06 
 2.44345000e-08  1.07068362e+00  2.44345000e-08  1.94999901e+00  2.44345000e-08  8.28253009e-06 
 2.44355000e-08  1.01818832e+00  2.44355000e-08  1.94999921e+00  2.44355000e-08  9.35075249e-06 
 2.44365000e-08  9.65818462e-01  2.44365000e-08  1.94999897e+00  2.44365000e-08  7.65455522e-06 
 2.44375000e-08  9.13520837e-01  2.44375000e-08  1.94999916e+00  2.44375000e-08  8.71988766e-06 
 2.47355000e-08  3.15383957e-04  2.47355000e-08  1.26898848e+00  2.47355000e-08 -6.43314706e-06 
 2.47365000e-08  3.08730327e-04  2.47365000e-08  1.19033212e+00  2.47365000e-08 -8.14011336e-06 
 2.47375000e-08  3.02261686e-04  2.47375000e-08  1.11049962e+00  2.47375000e-08 -6.91988128e-06 
 2.47385000e-08  2.95900785e-04  2.47385000e-08  1.02950257e+00  2.47385000e-08 -4.57147382e-06 
 2.47395000e-08  2.89717912e-04  2.47395000e-08  9.47522020e-01  2.47395000e-08  8.65142339e-07 
 2.47405000e-08  2.83635705e-04  2.47405000e-08  8.64599305e-01  2.47405000e-08  5.49405617e-06 
 2.50195000e-08  9.50958414e-01  2.50195000e-08  1.17563938e-07  2.50195000e-08  5.82896210e-07 
 2.50205000e-08  9.88124036e-01  2.50205000e-08  7.87651409e-08  2.50205000e-08  4.31189259e-08 
 2.50215000e-08  1.02580171e+00  2.50215000e-08  1.13880550e-07  2.50215000e-08  5.22836250e-07 
 2.50225000e-08  1.06367599e+00  2.50225000e-08  6.82169033e-08  2.50225000e-08 -4.46543734e-08 
 2.50235000e-08  1.10138367e+00  2.50235000e-08  7.16132751e-08  2.50235000e-08  5.45387593e-07 
 2.50245000e-08  1.13872812e+00  2.50245000e-08  2.66579503e-08  2.50245000e-08  1.56319819e-08 
 2.51755000e-08  1.94986423e+00  2.51755000e-08  8.49767964e-01  2.51755000e-08 -7.71368562e-05 
 2.51765000e-08  1.94986759e+00  2.51765000e-08  9.11687656e-01  2.51765000e-08 -1.05969732e-04 
 2.51775000e-08  1.94987040e+00  2.51775000e-08  9.72798391e-01  2.51775000e-08 -1.23910769e-04 
 2.51785000e-08  1.94987345e+00  2.51785000e-08  1.03307713e+00  2.51785000e-08 -1.36159353e-04 
 2.51795000e-08  1.94987599e+00  2.51795000e-08  1.09254404e+00  2.51795000e-08 -1.45106392e-04 
 2.51805000e-08  1.94987879e+00  2.51805000e-08  1.15136720e+00  2.51805000e-08 -1.59866644e-04 
 2.52965000e-08  1.94995796e+00  2.52965000e-08  1.94992327e+00  2.52965000e-08  8.92321411e-01 
 2.52975000e-08  1.94995813e+00  2.52975000e-08  1.94993121e+00  2.52975000e-08  9.52674117e-01 
 2.52985000e-08  1.94995838e+00  2.52985000e-08  1.94993645e+00  2.52985000e-08  1.01237358e+00 
 2.52995000e-08  1.94995855e+00  2.52995000e-08  1.94994321e+00  2.52995000e-08  1.07435430e+00 
 2.53005000e-08  1.94995879e+00  2.53005000e-08  1.94994698e+00  2.53005000e-08  1.14249065e+00 
 2.53015000e-08  1.94995896e+00  2.53015000e-08  1.94994384e+00  2.53015000e-08  1.21593778e+00 
 2.55545000e-08  1.17923951e+00  2.55545000e-08  1.94999913e+00  2.55545000e-08  1.94999483e+00 
 2.55555000e-08  1.12628934e+00  2.55555000e-08  1.94999927e+00  2.55555000e-08  1.94999823e+00 
 2.55565000e-08  1.07356723e+00  2.55565000e-08  1.94999911e+00  2.55565000e-08  1.94999501e+00 
 2.55575000e-08  1.02106327e+00  2.55575000e-08  1.94999923e+00  2.55575000e-08  1.94999737e+00 
 2.55585000e-08  9.68686221e-01  2.55585000e-08  1.94999907e+00  2.55585000e-08  1.94999540e+00 
 2.55595000e-08  9.16387706e-01  2.55595000e-08  1.94999919e+00  2.55595000e-08  1.94999859e+00 
 2.58385000e-08  4.74512451e-04  2.58385000e-08  2.05966796e+00  2.58385000e-08  1.94998898e+00 
 2.58585000e-08  3.09075635e-04  2.58585000e-08  1.19445250e+00  2.58585000e-08  1.94989659e+00 
 2.58595000e-08  3.02589810e-04  2.58595000e-08  1.11468016e+00  2.58595000e-08  1.94988026e+00 
 2.58605000e-08  2.96229261e-04  2.58605000e-08  1.03374690e+00  2.58605000e-08  1.94986992e+00 
 2.58615000e-08  2.90030689e-04  2.58615000e-08  9.51817354e-01  2.58615000e-08  1.94987140e+00 
 2.58625000e-08  2.83949564e-04  2.58625000e-08  8.68945201e-01  2.58625000e-08  1.94988698e+00 
 2.58635000e-08  2.78024691e-04  2.58635000e-08  7.85336206e-01  2.58635000e-08  1.94991847e+00 
 2.61415000e-08  9.48102347e-01  2.61415000e-08 -6.92095258e-07  2.61415000e-08  1.94999779e+00 
 2.61425000e-08  9.85228682e-01  2.61425000e-08 -8.92572713e-07  2.61425000e-08  1.94999772e+00 
 2.61435000e-08  1.02287344e+00  2.61435000e-08 -6.49369839e-07  2.61435000e-08  1.94999790e+00 
 2.61445000e-08  1.06074704e+00  2.61445000e-08 -8.55615880e-07  2.61445000e-08  1.94999782e+00 
 2.61455000e-08  1.09847650e+00  2.61455000e-08 -6.53950826e-07  2.61455000e-08  1.94999800e+00 
 2.61465000e-08  1.13585327e+00  2.61465000e-08 -8.58167380e-07  2.61465000e-08  1.94999792e+00 
 2.62985000e-08  1.94986729e+00  2.62985000e-08  9.08025152e-01  2.62985000e-08  1.94985166e+00 
 2.62995000e-08  1.94987024e+00  2.62995000e-08  9.68993992e-01  2.62995000e-08  1.94974399e+00 
 2.63005000e-08  1.94987318e+00  2.63005000e-08  1.02903820e+00  2.63005000e-08  1.94963391e+00 
 2.63015000e-08  1.94987585e+00  2.63015000e-08  1.08818174e+00  2.63015000e-08  1.94953902e+00 
 2.63025000e-08  1.94987854e+00  2.63025000e-08  1.14662345e+00  2.63025000e-08  1.94943227e+00 
 2.63035000e-08  1.94988098e+00  2.63035000e-08  1.20482336e+00  2.63035000e-08  1.94930888e+00 
 2.64325000e-08  1.94996070e+00  2.64325000e-08  1.94996353e+00  2.64325000e-08  1.17993060e+00 
 2.64335000e-08  1.94996089e+00  2.64335000e-08  1.94999174e+00  2.64335000e-08  1.12239402e+00 
 2.64345000e-08  1.94996107e+00  2.64345000e-08  1.95001737e+00  2.64345000e-08  1.06470684e+00 
 2.64355000e-08  1.94996126e+00  2.64355000e-08  1.95004395e+00  2.64355000e-08  1.00668983e+00 
 2.64365000e-08  1.94996143e+00  2.64365000e-08  1.95006177e+00  2.64365000e-08  9.48204270e-01 
 2.64375000e-08  1.94996161e+00  2.64375000e-08  1.95007780e+00  2.64375000e-08  8.89113458e-01 
 2.66765000e-08  1.18200206e+00  2.66765000e-08  1.94999902e+00  2.66765000e-08  8.29775970e-06 
 2.66775000e-08  1.12904115e+00  2.66775000e-08  1.94999925e+00  2.66775000e-08  1.04249236e-05 
 2.66785000e-08  1.07630617e+00  2.66785000e-08  1.94999900e+00  2.66785000e-08  7.81648187e-06 
 2.66795000e-08  1.02379481e+00  2.66795000e-08  1.94999922e+00  2.66795000e-08  9.96148035e-06 
 2.66805000e-08  9.71411595e-01  2.66805000e-08  1.94999896e+00  2.66805000e-08  7.17323770e-06 
 2.66815000e-08  9.19112850e-01  2.66815000e-08  1.94999917e+00  2.66815000e-08  9.29217441e-06 
 2.69805000e-08  3.09441165e-04  2.69805000e-08  1.19926505e+00  2.69805000e-08 -8.14798833e-06 
 2.69815000e-08  3.02937660e-04  2.69815000e-08  1.11955421e+00  2.69815000e-08 -7.05567859e-06 
 2.69825000e-08  2.96583437e-04  2.69825000e-08  1.03868595e+00  2.69825000e-08 -5.08298342e-06 
 2.69835000e-08  2.90363280e-04  2.69835000e-08  9.56806595e-01  2.69835000e-08  3.97499144e-07 
 2.69845000e-08  2.84285855e-04  2.69845000e-08  8.73984928e-01  2.69845000e-08  4.86249232e-06 
 2.69855000e-08  2.78340487e-04  2.69855000e-08  7.90410324e-01  2.69855000e-08  1.13801282e-05 
 2.72635000e-08  9.46845167e-01  2.72635000e-08  1.72174368e-07  2.72635000e-08  7.01739912e-07 
 2.72645000e-08  9.83954562e-01  2.72645000e-08  5.21342835e-08  2.72645000e-08 -1.71756674e-08 
 2.72655000e-08  1.02158408e+00  2.72655000e-08  1.65710452e-07  2.72655000e-08  6.24952842e-07 
 2.72665000e-08  1.05945661e+00  2.72665000e-08  3.19081253e-08  2.72665000e-08 -1.23179300e-07 
 2.72675000e-08  1.09719523e+00  2.72675000e-08  1.24295185e-07  2.72675000e-08  6.63618320e-07 
 2.72685000e-08  1.13458605e+00  2.72685000e-08 -3.13118048e-09  2.72685000e-08 -4.46570286e-08 
 2.74205000e-08  1.94986715e+00  2.74205000e-08  9.04841846e-01  2.74205000e-08 -1.03602277e-04 
 2.74215000e-08  1.94987016e+00  2.74215000e-08  9.66046167e-01  2.74215000e-08 -1.22282681e-04 
 2.74225000e-08  1.94987306e+00  2.74225000e-08  1.02641670e+00  2.74225000e-08 -1.35603798e-04 
 2.74235000e-08  1.94987579e+00  2.74235000e-08  1.08596957e+00  2.74235000e-08 -1.43362049e-04 
 2.74245000e-08  1.94987843e+00  2.74245000e-08  1.14485158e+00  2.74245000e-08 -1.58575554e-04 
 2.74255000e-08  1.94988092e+00  2.74255000e-08  1.20335849e+00  2.74255000e-08 -1.73855300e-04 
 2.75405000e-08  1.94995791e+00  2.75405000e-08  1.94992267e+00  2.75405000e-08  8.85574613e-01 
 2.75415000e-08  1.94995814e+00  2.75415000e-08  1.94993036e+00  2.75415000e-08  9.46064958e-01 
 2.75425000e-08  1.94995833e+00  2.75425000e-08  1.94993587e+00  2.75425000e-08  1.00575779e+00 
 2.75435000e-08  1.94995856e+00  2.75435000e-08  1.94994191e+00  2.75435000e-08  1.06734053e+00 
 2.75445000e-08  1.94995875e+00  2.75445000e-08  1.94994802e+00  2.75445000e-08  1.13449316e+00 
 2.75455000e-08  1.94995897e+00  2.75455000e-08  1.94994356e+00  2.75455000e-08  1.20789398e+00 
 2.77985000e-08  1.18495814e+00  2.77985000e-08  1.94999914e+00  2.77985000e-08  1.94999372e+00 
 2.77995000e-08  1.13198465e+00  2.77995000e-08  1.94999926e+00  2.77995000e-08  1.94999700e+00 
 2.78005000e-08  1.07923486e+00  2.78005000e-08  1.94999911e+00  2.78005000e-08  1.94999261e+00 
 2.78015000e-08  1.02671433e+00  2.78015000e-08  1.94999923e+00  2.78015000e-08  1.94999585e+00 
 2.78025000e-08  9.74323421e-01  2.78025000e-08  1.94999908e+00  2.78025000e-08  1.94999323e+00 
 2.78035000e-08  9.22023387e-01  2.78035000e-08  1.94999918e+00  2.78035000e-08  1.94999769e+00 
 2.81025000e-08  3.09800479e-04  2.81025000e-08  1.20351771e+00  2.81025000e-08  1.94989863e+00 
 2.81035000e-08  3.03271245e-04  2.81035000e-08  1.12387022e+00  2.81035000e-08  1.94988201e+00 
 2.81045000e-08  2.96927550e-04  2.81045000e-08  1.04306905e+00  2.81045000e-08  1.94987060e+00 
 2.81055000e-08  2.90681759e-04  2.81055000e-08  9.61243637e-01  2.81055000e-08  1.94987060e+00 
 2.81065000e-08  2.84615016e-04  2.81065000e-08  8.78475699e-01  2.81065000e-08  1.94988441e+00 
 2.81075000e-08  2.78644562e-04  2.81075000e-08  7.94939666e-01  2.81075000e-08  1.94991406e+00 
 2.83855000e-08  9.44581281e-01  2.83855000e-08 -6.92746788e-07  2.83855000e-08  1.94999771e+00 
 2.83865000e-08  9.81661105e-01  2.83865000e-08 -8.96596989e-07  2.83865000e-08  1.94999779e+00 
 2.83875000e-08  1.01926237e+00  2.83875000e-08 -6.48143385e-07  2.83875000e-08  1.94999781e+00 
 2.83885000e-08  1.05713188e+00  2.83885000e-08 -8.56992022e-07  2.83885000e-08  1.94999789e+00 
 2.83895000e-08  1.09488646e+00  2.83895000e-08 -6.52489760e-07  2.83895000e-08  1.94999792e+00 
 2.83905000e-08  1.13230242e+00  2.83905000e-08 -8.61913900e-07  2.83905000e-08  1.94999799e+00 
 2.85425000e-08  1.94986693e+00  2.85425000e-08  9.02184701e-01  2.85425000e-08  1.94986103e+00 
 2.85435000e-08  1.94987002e+00  2.85435000e-08  9.63237476e-01  2.85435000e-08  1.94975464e+00 
 2.85445000e-08  1.94987285e+00  2.85445000e-08  1.02336696e+00  2.85445000e-08  1.94964427e+00 
 2.85455000e-08  1.94987567e+00  2.85455000e-08  1.08259162e+00  2.85455000e-08  1.94954814e+00 
 2.85465000e-08  1.94987824e+00  2.85465000e-08  1.14108475e+00  2.85465000e-08  1.94944286e+00 
 2.85475000e-08  1.94988081e+00  2.85475000e-08  1.19929698e+00  2.85475000e-08  1.94932029e+00 
 2.86765000e-08  1.94996068e+00  2.86765000e-08  1.94996104e+00  2.86765000e-08  1.18541588e+00 
 2.86775000e-08  1.94996089e+00  2.86775000e-08  1.94998925e+00  2.86775000e-08  1.12788227e+00 
 2.86785000e-08  1.94996104e+00  2.86785000e-08  1.95001475e+00  2.86785000e-08  1.07022134e+00 
 2.86795000e-08  1.94996125e+00  2.86795000e-08  1.95004176e+00  2.86795000e-08  1.01223818e+00 
 2.86805000e-08  1.94996140e+00  2.86805000e-08  1.95006014e+00  2.86805000e-08  9.53807621e-01 
 2.86815000e-08  1.94996161e+00  2.86815000e-08  1.95007664e+00  2.86815000e-08  8.94774545e-01 
 2.89205000e-08  1.18712705e+00  2.89205000e-08  1.94999903e+00  2.89205000e-08  7.86784784e-06 
 2.89215000e-08  1.13414513e+00  2.89215000e-08  1.94999924e+00  2.89215000e-08  1.12867723e-05 
 2.89225000e-08  1.08138538e+00  2.89225000e-08  1.94999901e+00  2.89225000e-08  7.15932473e-06 
 2.89235000e-08  1.02885870e+00  2.89235000e-08  1.94999921e+00  2.89235000e-08  1.05236252e-05 
 2.89245000e-08  9.76462901e-01  2.89245000e-08  1.94999897e+00  2.89245000e-08  6.74705302e-06 
 2.89255000e-08  9.24162357e-01  2.89255000e-08  1.94999916e+00  2.89255000e-08  1.01131680e-05 
 2.92245000e-08  3.10089882e-04  2.92245000e-08  1.20700587e+00  2.92245000e-08 -8.13520689e-06 
 2.92255000e-08  3.03538897e-04  2.92255000e-08  1.12740233e+00  2.92255000e-08 -7.13459148e-06 
 2.92265000e-08  2.97201550e-04  2.92265000e-08  1.04664728e+00  2.92265000e-08 -5.50246139e-06 
 2.92275000e-08  2.90937047e-04  2.92275000e-08  9.64857541e-01  2.92275000e-08 -7.70354373e-08 
 2.92285000e-08  2.84880275e-04  2.92285000e-08  8.82125375e-01  2.92285000e-08  4.23080005e-06 
 2.92295000e-08  2.78891029e-04  2.92295000e-08  7.98613896e-01  2.92295000e-08  1.07716096e-05 
 2.95075000e-08  9.43749846e-01  2.95075000e-08  2.28152575e-07  2.95075000e-08  7.97186407e-07 
 2.95085000e-08  9.80819113e-01  2.95085000e-08  8.89680568e-09  2.95085000e-08 -7.36009875e-08 
 2.95095000e-08  1.01840970e+00  2.95095000e-08  2.20336673e-07  2.95095000e-08  7.10345212e-07 
 2.95105000e-08  1.05627775e+00  2.95105000e-08 -1.20714140e-08  2.95105000e-08 -1.88169345e-07 
 2.95115000e-08  1.09403796e+00  2.95115000e-08  1.82661728e-07  2.95115000e-08  7.60405753e-07 
 2.95125000e-08  1.13146309e+00  2.95125000e-08 -4.31405214e-08  2.95125000e-08 -9.52200567e-08 
 2.96645000e-08  1.94986684e+00  2.96645000e-08  8.99654880e-01  2.96645000e-08 -1.01486085e-04 
 2.96655000e-08  1.94986997e+00  2.96655000e-08  9.60929411e-01  2.96655000e-08 -1.20927721e-04 
 2.96665000e-08  1.94987278e+00  2.96665000e-08  1.02136975e+00  2.96665000e-08 -1.34943515e-04 
 2.96675000e-08  1.94987562e+00  2.96675000e-08  1.08098857e+00  2.96675000e-08 -1.42245519e-04 
 2.96685000e-08  1.94987817e+00  2.96685000e-08  1.13991757e+00  2.96685000e-08 -1.57603276e-04 
 2.96695000e-08  1.94988077e+00  2.96695000e-08  1.19843844e+00  2.96695000e-08 -1.72150650e-04 
 2.97845000e-08  1.94995789e+00  2.97845000e-08  1.94992223e+00  2.97845000e-08  8.80461734e-01 
 2.97855000e-08  1.94995814e+00  2.97855000e-08  1.94992972e+00  2.97855000e-08  9.41064180e-01 
 2.97865000e-08  1.94995831e+00  2.97865000e-08  1.94993542e+00  2.97865000e-08  1.00077149e+00 
 2.97875000e-08  1.94995855e+00  2.97875000e-08  1.94994128e+00  2.97875000e-08  1.06201038e+00 
 2.97885000e-08  1.94995872e+00  2.97885000e-08  1.94994826e+00  2.97885000e-08  1.12851957e+00 
 2.97895000e-08  1.94995896e+00  2.97895000e-08  1.94994344e+00  2.97895000e-08  1.20178675e+00 
 3.00435000e-08  1.13644088e+00  3.00435000e-08  1.94999925e+00  3.00435000e-08  1.94999795e+00 
 3.00445000e-08  1.08366970e+00  3.00445000e-08  1.94999913e+00  3.00445000e-08  1.94999341e+00 
 3.00455000e-08  1.03113549e+00  3.00455000e-08  1.94999922e+00  3.00455000e-08  1.94999667e+00 
 3.00465000e-08  9.78733607e-01  3.00465000e-08  1.94999909e+00  3.00465000e-08  1.94999381e+00 
 3.00475000e-08  9.26431693e-01  3.00475000e-08  1.94999917e+00  3.00475000e-08  1.94999823e+00 
 3.00485000e-08  8.74125765e-01  3.00485000e-08  1.94999904e+00  3.00485000e-08  1.94999388e+00 
 3.03465000e-08  3.10358639e-04  3.03465000e-08  1.20948613e+00  3.03465000e-08  1.94989998e+00 
 3.03475000e-08  3.03788624e-04  3.03475000e-08  1.12992086e+00  3.03475000e-08  1.94988315e+00 
 3.03485000e-08  2.97458603e-04  3.03485000e-08  1.04920637e+00  3.03485000e-08  1.94987114e+00 
 3.03495000e-08  2.91178006e-04  3.03495000e-08  9.67449892e-01  3.03495000e-08  1.94987013e+00 
 3.03505000e-08  2.85129043e-04  3.03505000e-08  8.84750758e-01  3.03505000e-08  1.94988285e+00 
 3.03515000e-08  2.79120445e-04  3.03515000e-08  8.01263027e-01  3.03515000e-08  1.94991123e+00 
 3.06295000e-08  9.41423914e-01  3.06295000e-08 -7.14003629e-07  3.06295000e-08  1.94999761e+00 
 3.06305000e-08  9.78461054e-01  3.06305000e-08 -8.78816178e-07  3.06305000e-08  1.94999787e+00 
 3.06315000e-08  1.01601972e+00  3.06315000e-08 -6.67712395e-07  3.06315000e-08  1.94999772e+00 
 3.06325000e-08  1.05388556e+00  3.06325000e-08 -8.37480013e-07  3.06325000e-08  1.94999798e+00 
 3.06335000e-08  1.09166318e+00  3.06335000e-08 -6.71397522e-07  3.06335000e-08  1.94999783e+00 
 3.06345000e-08  1.12911544e+00  3.06345000e-08 -8.44743968e-07  3.06345000e-08  1.94999807e+00 
 3.07865000e-08  1.94986661e+00  3.07865000e-08  8.96911921e-01  3.07865000e-08  1.94986941e+00 
 3.07875000e-08  1.94986984e+00  3.07875000e-08  9.58046076e-01  3.07875000e-08  1.94976409e+00 
 3.07885000e-08  1.94987256e+00  3.07885000e-08  1.01825697e+00  3.07885000e-08  1.94965355e+00 
 3.07895000e-08  1.94987550e+00  3.07895000e-08  1.07755593e+00  3.07895000e-08  1.94955613e+00 
 3.07905000e-08  1.94987796e+00  3.07905000e-08  1.13609906e+00  3.07905000e-08  1.94945242e+00 
 3.07915000e-08  1.94988067e+00  3.07915000e-08  1.19430528e+00  3.07915000e-08  1.94933161e+00 
 3.09205000e-08  1.94996064e+00  3.09205000e-08  1.94995890e+00  3.09205000e-08  1.19034116e+00 
 3.09215000e-08  1.94996089e+00  3.09215000e-08  1.94998692e+00  3.09215000e-08  1.13280937e+00 
 3.09225000e-08  1.94996102e+00  3.09225000e-08  1.95001247e+00  3.09225000e-08  1.07517064e+00 
 3.09235000e-08  1.94996125e+00  3.09235000e-08  1.95003967e+00  3.09235000e-08  1.01721676e+00 
 3.09245000e-08  1.94996138e+00  3.09245000e-08  1.95005873e+00  3.09245000e-08  9.58834565e-01 
 3.09255000e-08  1.94996160e+00  3.09255000e-08  1.95007546e+00  3.09255000e-08  8.99852792e-01 
 3.11655000e-08  1.13884354e+00  3.11655000e-08  1.94999923e+00  3.11655000e-08  1.20719329e-05 
 3.11665000e-08  1.08606098e+00  3.11665000e-08  1.94999903e+00  3.11665000e-08  6.57218529e-06 
 3.11675000e-08  1.03351948e+00  3.11675000e-08  1.94999920e+00  3.11675000e-08  1.12453227e-05 
 3.11685000e-08  9.81111718e-01  3.11685000e-08  1.94999899e+00  3.11685000e-08  6.19674174e-06 
 3.11695000e-08  9.28808807e-01  3.11695000e-08  1.94999915e+00  3.11695000e-08  1.08565375e-05 
 3.11705000e-08  8.76502948e-01  3.11705000e-08  1.94999894e+00  3.11705000e-08  5.54112188e-06 
 3.14685000e-08  3.10659291e-04  3.14685000e-08  1.21265192e+00  3.14685000e-08 -8.10096469e-06 
 3.14695000e-08  3.04069015e-04  3.14695000e-08  1.13312674e+00  3.14695000e-08 -7.13766071e-06 
 3.14705000e-08  2.97746198e-04  3.14705000e-08  1.05245409e+00  3.14705000e-08 -5.78732477e-06 
 3.14715000e-08  2.91444638e-04  3.14715000e-08  9.70729800e-01  3.14715000e-08 -3.84594110e-07 
 3.14725000e-08  2.85400763e-04  3.14725000e-08  8.88063002e-01  3.14725000e-08  3.83064986e-06 
 3.14735000e-08  2.79374520e-04  3.14735000e-08  8.04597664e-01  3.14735000e-08  1.03683898e-05 
 3.17515000e-08  9.40348238e-01  3.17515000e-08  2.35273597e-07  3.17515000e-08  7.50815569e-07 
 3.17525000e-08  9.77372651e-01  3.17525000e-08  4.37807823e-09  3.17525000e-08 -7.61539024e-08 
 3.17535000e-08  1.01491679e+00  3.17535000e-08  2.30290442e-07  3.17535000e-08  6.70342549e-07 
 3.17545000e-08  1.05277955e+00  3.17545000e-08 -1.54643420e-08  3.17545000e-08 -1.65285442e-07 
 3.17555000e-08  1.09056380e+00  3.17555000e-08  1.92520088e-07  3.17555000e-08  7.33075922e-07 
 3.17565000e-08  1.12802768e+00  3.17565000e-08 -4.78309659e-08  3.17565000e-08 -7.30203418e-08 
 3.19085000e-08  1.94986649e+00  3.19085000e-08  8.93944256e-01  3.19085000e-08 -9.89363882e-05 
 3.19095000e-08  1.94986979e+00  3.19095000e-08  9.55295285e-01  3.19095000e-08 -1.19493198e-04 
 3.19105000e-08  1.94987245e+00  3.19105000e-08  1.01580962e+00  3.19105000e-08 -1.34071575e-04 
 3.19115000e-08  1.94987545e+00  3.19115000e-08  1.07549911e+00  3.19115000e-08 -1.41204610e-04 
 3.19125000e-08  1.94987786e+00  3.19125000e-08  1.13448208e+00  3.19125000e-08 -1.56205958e-04 
 3.19135000e-08  1.94988062e+00  3.19135000e-08  1.19302271e+00  3.19135000e-08 -1.70522560e-04 
 3.20285000e-08  1.94995785e+00  3.20285000e-08  1.94992176e+00  3.20285000e-08  8.74778000e-01 
 3.20295000e-08  1.94995814e+00  3.20295000e-08  1.94992901e+00  3.20295000e-08  9.35507232e-01 
 3.20305000e-08  1.94995827e+00  3.20305000e-08  1.94993493e+00  3.20305000e-08  9.95243339e-01 
 3.20315000e-08  1.94995856e+00  3.20315000e-08  1.94994091e+00  3.20315000e-08  1.05609288e+00 
 3.20325000e-08  1.94995869e+00  3.20325000e-08  1.94994793e+00  3.20325000e-08  1.12196704e+00 
 3.20335000e-08  1.94995896e+00  3.20335000e-08  1.94994341e+00  3.20335000e-08  1.19496955e+00 
 3.22875000e-08  1.14091905e+00  3.22875000e-08  1.94999923e+00  3.22875000e-08  1.94999779e+00 
 3.22885000e-08  1.08812724e+00  3.22885000e-08  1.94999915e+00  3.22885000e-08  1.94999398e+00 
 3.22895000e-08  1.03557742e+00  3.22895000e-08  1.94999920e+00  3.22895000e-08  1.94999670e+00 
 3.22905000e-08  9.83164975e-01  3.22905000e-08  1.94999912e+00  3.22905000e-08  1.94999441e+00 
 3.22915000e-08  9.30859427e-01  3.22915000e-08  1.94999915e+00  3.22915000e-08  1.94999811e+00 
 3.22925000e-08  8.78554069e-01  3.22925000e-08  1.94999907e+00  3.22925000e-08  1.94999446e+00 
 3.25905000e-08  3.10905476e-04  3.25905000e-08  1.21553102e+00  3.25905000e-08  1.94990137e+00 
 3.25915000e-08  3.04302971e-04  3.25915000e-08  1.13605117e+00  3.25915000e-08  1.94988429e+00 
 3.25925000e-08  2.97981698e-04  3.25925000e-08  1.05542631e+00  3.25925000e-08  1.94987178e+00 
 3.25935000e-08  2.91670046e-04  3.25935000e-08  9.73741448e-01  3.25935000e-08  1.94986970e+00 
 3.25945000e-08  2.85628578e-04  3.25945000e-08  8.91113851e-01  3.25945000e-08  1.94988138e+00 
 3.25955000e-08  2.79588834e-04  3.25955000e-08  8.07677193e-01  3.25955000e-08  1.94990844e+00 
 3.28735000e-08  9.38019013e-01  3.28735000e-08 -7.29638675e-07  3.28735000e-08  1.94999753e+00 
 3.28745000e-08  9.75016973e-01  3.28745000e-08 -8.53835809e-07  3.28745000e-08  1.94999795e+00 
 3.28755000e-08  1.01252903e+00  3.28755000e-08 -6.85961657e-07  3.28755000e-08  1.94999764e+00 
 3.28765000e-08  1.05038391e+00  3.28765000e-08 -8.17163723e-07  3.28765000e-08  1.94999806e+00 
 3.28775000e-08  1.08818183e+00  3.28775000e-08 -6.90165863e-07  3.28775000e-08  1.94999774e+00 
 3.28785000e-08  1.12567060e+00  3.28785000e-08 -8.24926620e-07  3.28785000e-08  1.94999815e+00 
 3.30305000e-08  1.94986624e+00  3.30305000e-08  8.91088533e-01  3.30305000e-08  1.94987856e+00 
 3.30315000e-08  1.94986966e+00  3.30315000e-08  9.52309187e-01  3.30315000e-08  1.94977453e+00 
 3.30325000e-08  1.94987221e+00  3.30325000e-08  1.01260421e+00  3.30325000e-08  1.94966368e+00 
 3.30335000e-08  1.94987534e+00  3.30335000e-08  1.07198322e+00  3.30335000e-08  1.94956484e+00 
 3.30345000e-08  1.94987764e+00  3.30345000e-08  1.13058468e+00  3.30345000e-08  1.94946304e+00 
 3.30355000e-08  1.94988052e+00  3.30355000e-08  1.18879207e+00  3.30355000e-08  1.94934404e+00 
 3.31645000e-08  1.94996060e+00  3.31645000e-08  1.94995656e+00  3.31645000e-08  1.19578178e+00 
 3.31655000e-08  1.94996089e+00  3.31655000e-08  1.94998432e+00  3.31655000e-08  1.13825100e+00 
 3.31665000e-08  1.94996098e+00  3.31665000e-08  1.95000993e+00  3.31665000e-08  1.08063532e+00 
 3.31675000e-08  1.94996126e+00  3.31675000e-08  1.95003730e+00  3.31675000e-08  1.02271241e+00 
 3.31685000e-08  1.94996134e+00  3.31685000e-08  1.95005714e+00  3.31685000e-08  9.64382453e-01 
 3.31695000e-08  1.94996161e+00  3.31695000e-08  1.95007412e+00  3.31695000e-08  9.05456572e-01 
 3.34095000e-08  1.14346299e+00  3.34095000e-08  1.94999919e+00  3.34095000e-08  1.12401270e-05 
 3.34105000e-08  1.09066064e+00  3.34105000e-08  1.94999906e+00  3.34105000e-08  7.21338732e-06 
 3.34115000e-08  1.03810005e+00  3.34115000e-08  1.94999917e+00  3.34115000e-08  1.07795138e-05 
 3.34125000e-08  9.85682520e-01  3.34125000e-08  1.94999902e+00  3.34125000e-08  6.56243975e-06 
 3.34135000e-08  9.33373186e-01  3.34135000e-08  1.94999912e+00  3.34135000e-08  1.00651756e-05 
 3.34145000e-08  8.81069046e-01  3.34145000e-08  1.94999898e+00  3.34145000e-08  6.17930083e-06 
 3.37125000e-08  3.11228727e-04  3.37125000e-08  1.21932526e+00  3.37125000e-08 -7.88914481e-06 
 3.37135000e-08  3.04612427e-04  3.37135000e-08  1.13989616e+00  3.37135000e-08 -7.36409426e-06 
 3.37145000e-08  2.98288660e-04  3.37145000e-08  1.05932410e+00  3.37145000e-08 -5.94214255e-06 
 3.37155000e-08  2.91963520e-04  3.37155000e-08  9.77680676e-01  3.37155000e-08 -9.65602897e-07 
 3.37165000e-08  2.85922113e-04  3.37165000e-08  8.95094695e-01  3.37165000e-08  3.51292063e-06 
 3.37175000e-08  2.79870454e-04  3.37175000e-08  8.11687381e-01  3.37175000e-08  9.72085951e-06 
 3.39955000e-08  9.36911746e-01  3.39955000e-08  2.29539524e-07  3.39955000e-08  6.50162632e-07 
 3.39965000e-08  9.73896435e-01  3.39965000e-08  4.70345746e-09  3.39965000e-08 -1.44339029e-08 
 3.39975000e-08  1.01139196e+00  3.39975000e-08  2.23525990e-07  3.39975000e-08  5.73406921e-07 
 3.39985000e-08  1.04924207e+00  3.39985000e-08 -2.26903289e-08  3.39985000e-08 -9.46222171e-08 
 3.39995000e-08  1.08704606e+00  3.39995000e-08  1.87418682e-07  3.39995000e-08  6.26679411e-07 
 3.40005000e-08  1.12454659e+00  3.40005000e-08 -4.95717660e-08  3.40005000e-08 -1.72275026e-08 
 3.41525000e-08  1.94986611e+00  3.41525000e-08  8.88297993e-01  3.41525000e-08 -9.63290290e-05 
 3.41535000e-08  1.94986961e+00  3.41535000e-08  9.49724440e-01  3.41535000e-08 -1.18026828e-04 
 3.41545000e-08  1.94987210e+00  3.41545000e-08  1.01031795e+00  3.41545000e-08 -1.33080259e-04 
 3.41555000e-08  1.94987530e+00  3.41555000e-08  1.07008344e+00  3.41555000e-08 -1.40478659e-04 
 3.41565000e-08  1.94987754e+00  3.41565000e-08  1.12912228e+00  3.41565000e-08 -1.54784992e-04 
 3.41575000e-08  1.94988048e+00  3.41575000e-08  1.18768713e+00  3.41575000e-08 -1.68970285e-04 
 3.42725000e-08  1.94995780e+00  3.42725000e-08  1.94992134e+00  3.42725000e-08  8.69167610e-01 
 3.42735000e-08  1.94995814e+00  3.42735000e-08  1.94992828e+00  3.42735000e-08  9.30028089e-01 
 3.42745000e-08  1.94995823e+00  3.42745000e-08  1.94993445e+00  3.42745000e-08  9.89807488e-01 
 3.42755000e-08  1.94995856e+00  3.42755000e-08  1.94994048e+00  3.42755000e-08  1.05034824e+00 
 3.42765000e-08  1.94995864e+00  3.42765000e-08  1.94994758e+00  3.42765000e-08  1.11559515e+00 
 3.42775000e-08  1.94995897e+00  3.42775000e-08  1.94994349e+00  3.42775000e-08  1.18825381e+00 
 3.45315000e-08  1.14554835e+00  3.45315000e-08  1.94999921e+00  3.45315000e-08  1.94999855e+00 
 3.45325000e-08  1.09273755e+00  3.45325000e-08  1.94999917e+00  3.45325000e-08  1.94999548e+00 
 3.45335000e-08  1.04016827e+00  3.45335000e-08  1.94999917e+00  3.45335000e-08  1.94999760e+00 
 3.45345000e-08  9.87746623e-01  3.45345000e-08  1.94999913e+00  3.45345000e-08  1.94999570e+00 
 3.45355000e-08  9.35434279e-01  3.45355000e-08  1.94999913e+00  3.45355000e-08  1.94999862e+00 
 3.45365000e-08  8.83131187e-01  3.45365000e-08  1.94999909e+00  3.45365000e-08  1.94999569e+00 
 3.48345000e-08  3.11500884e-04  3.48345000e-08  1.22330977e+00  3.48345000e-08  1.94990311e+00 
 3.48355000e-08  3.04876391e-04  3.48355000e-08  1.14394242e+00  3.48355000e-08  1.94988583e+00 
 3.48365000e-08  2.98551428e-04  3.48365000e-08  1.06343518e+00  3.48365000e-08  1.94987264e+00 
 3.48375000e-08  2.92218049e-04  3.48375000e-08  9.81844930e-01  3.48375000e-08  1.94986928e+00 
 3.48385000e-08  2.86173437e-04  3.48385000e-08  8.99312037e-01  3.48385000e-08  1.94987958e+00 
 3.48395000e-08  2.80112936e-04  3.48395000e-08  8.15943821e-01  3.48395000e-08  1.94990500e+00 
 3.51175000e-08  9.35528440e-01  3.51175000e-08 -7.57021976e-07  3.51175000e-08  1.94999752e+00 
 3.51185000e-08  9.72499511e-01  3.51185000e-08 -8.39847774e-07  3.51185000e-08  1.94999795e+00 
 3.51195000e-08  1.00997661e+00  3.51195000e-08 -7.12078620e-07  3.51195000e-08  1.94999763e+00 
 3.51205000e-08  1.04782094e+00  3.51205000e-08 -8.06597685e-07  3.51205000e-08  1.94999805e+00 
 3.51215000e-08  1.08563262e+00  3.51215000e-08 -7.13050805e-07  3.51215000e-08  1.94999773e+00 
 3.51225000e-08  1.12314726e+00  3.51225000e-08 -8.09332197e-07  3.51225000e-08  1.94999815e+00 
 3.52745000e-08  1.94986596e+00  3.52745000e-08  8.87116054e-01  3.52745000e-08  1.94988472e+00 
 3.52755000e-08  1.94986955e+00  3.52755000e-08  9.48395391e-01  3.52755000e-08  1.94978164e+00 
 3.52765000e-08  1.94987195e+00  3.52765000e-08  1.00875036e+00  3.52765000e-08  1.94967090e+00 
 3.52775000e-08  1.94987525e+00  3.52775000e-08  1.06818668e+00  3.52775000e-08  1.94957089e+00 
 3.52785000e-08  1.94987740e+00  3.52785000e-08  1.12683000e+00  3.52785000e-08  1.94946994e+00 
 3.52795000e-08  1.94988044e+00  3.52795000e-08  1.18504304e+00  3.52795000e-08  1.94935219e+00 
 3.54085000e-08  1.94996057e+00  3.54085000e-08  1.94995501e+00  3.54085000e-08  1.19944729e+00 
 3.54095000e-08  1.94996089e+00  3.54095000e-08  1.94998254e+00  3.54095000e-08  1.14191686e+00 
 3.54105000e-08  1.94996095e+00  3.54105000e-08  1.95000821e+00  3.54105000e-08  1.08431600e+00 
 3.54115000e-08  1.94996125e+00  3.54115000e-08  1.95003566e+00  3.54115000e-08  1.02641329e+00 
 3.54125000e-08  1.94996130e+00  3.54125000e-08  1.95005606e+00  3.54125000e-08  9.68117970e-01 
 3.54135000e-08  1.94996161e+00  3.54135000e-08  1.95007317e+00  3.54135000e-08  9.09229434e-01 
 3.56535000e-08  1.14728138e+00  3.56535000e-08  1.94999917e+00  3.56535000e-08  1.08012141e-05 
 3.56545000e-08  1.09446346e+00  3.56545000e-08  1.94999909e+00  3.56545000e-08  7.63407385e-06 
 3.56555000e-08  1.04188683e+00  3.56555000e-08  1.94999914e+00  3.56555000e-08  1.00935144e-05 
 3.56565000e-08  9.89461628e-01  3.56565000e-08  1.94999905e+00  3.56565000e-08  7.17775416e-06 
 3.56575000e-08  9.37146641e-01  3.56575000e-08  1.94999910e+00  3.56575000e-08  9.63301370e-06 
 3.56585000e-08  8.84844322e-01  3.56585000e-08  1.94999900e+00  3.56585000e-08  6.58747984e-06 
 3.59565000e-08  3.11719086e-04  3.59565000e-08  1.22483981e+00  3.59565000e-08 -7.70249666e-06 
 3.59575000e-08  3.05087736e-04  3.59575000e-08  1.14549076e+00  3.59575000e-08 -7.53794608e-06 
 3.59585000e-08  2.98760605e-04  3.59585000e-08  1.06500236e+00  3.59585000e-08 -6.05075844e-06 
 3.59595000e-08  2.92420058e-04  3.59595000e-08  9.83426241e-01  3.59595000e-08 -1.44052693e-06 
 3.59605000e-08  2.86373354e-04  3.59605000e-08  9.00907751e-01  3.59605000e-08  3.25597490e-06 
 3.59615000e-08  2.80306032e-04  3.59615000e-08  8.17549214e-01  3.59615000e-08  9.18687231e-06 
 3.62395000e-08  9.34464854e-01  3.62395000e-08  2.27238133e-07  3.62395000e-08  5.58353010e-07 
 3.62405000e-08  9.71424825e-01  3.62405000e-08  1.52029598e-08  3.62405000e-08  3.88376024e-08 
 3.62415000e-08  1.00888683e+00  3.62415000e-08  2.20939806e-07  3.62415000e-08  4.95218179e-07 
 3.62425000e-08  1.04672593e+00  3.62425000e-08 -1.17647244e-08  3.62425000e-08 -3.09812604e-08 
 3.62435000e-08  1.08454321e+00  3.62435000e-08  1.84170723e-07  3.62435000e-08  5.31957416e-07 
 3.62445000e-08  1.12206864e+00  3.62445000e-08 -3.97474989e-08  3.62445000e-08  3.05348735e-08 
 3.63965000e-08  1.94986583e+00  3.63965000e-08  8.84115823e-01  3.63965000e-08 -9.43637696e-05 
 3.63975000e-08  1.94986951e+00  3.63975000e-08  9.45597449e-01  3.63975000e-08 -1.16885294e-04 
 3.63985000e-08  1.94987184e+00  3.63985000e-08  1.00624766e+00  3.63985000e-08 -1.32176637e-04 
 3.63995000e-08  1.94987521e+00  3.63995000e-08  1.06606768e+00  3.63995000e-08 -1.39997408e-04 
 3.64005000e-08  1.94987729e+00  3.64005000e-08  1.12514925e+00  3.64005000e-08 -1.53777115e-04 
 3.64015000e-08  1.94988041e+00  3.64015000e-08  1.18373441e+00  3.64015000e-08 -1.67875230e-04 
 3.65165000e-08  1.94995777e+00  3.65165000e-08  1.94992105e+00  3.65165000e-08  8.64944421e-01 
 3.65175000e-08  1.94995815e+00  3.65175000e-08  1.94992772e+00  3.65175000e-08  9.25908300e-01 
 3.65185000e-08  1.94995820e+00  3.65185000e-08  1.94993410e+00  3.65185000e-08  9.85729722e-01 
 3.65195000e-08  1.94995857e+00  3.65195000e-08  1.94994011e+00  3.65195000e-08  1.04608131e+00 
 3.65205000e-08  1.94995861e+00  3.65205000e-08  1.94994728e+00  3.65205000e-08  1.11087275e+00 
 3.65215000e-08  1.94995898e+00  3.65215000e-08  1.94994363e+00  3.65215000e-08  1.18321329e+00 
 3.67755000e-08  1.14944188e+00  3.67755000e-08  1.94999920e+00  3.67755000e-08  1.94999776e+00 
 3.67765000e-08  1.09661481e+00  3.67765000e-08  1.94999919e+00  3.67765000e-08  1.94999624e+00 
 3.67775000e-08  1.04402871e+00  3.67775000e-08  1.94999917e+00  3.67775000e-08  1.94999859e+00 
 3.67785000e-08  9.91598753e-01  3.67785000e-08  1.94999915e+00  3.67785000e-08  1.94999624e+00 
 3.67795000e-08  9.39280204e-01  3.67795000e-08  1.94999912e+00  3.67795000e-08  1.94999785e+00 
 3.67805000e-08  8.86978589e-01  3.67805000e-08  1.94999910e+00  3.67805000e-08  1.94999640e+00 
 3.70785000e-08  3.11989666e-04  3.70785000e-08  1.22820886e+00  3.70785000e-08  1.94990422e+00 
 3.70795000e-08  3.05349782e-04  3.70795000e-08  1.14891267e+00  3.70795000e-08  1.94988682e+00 
 3.70805000e-08  2.99019183e-04  3.70805000e-08  1.06847991e+00  3.70805000e-08  1.94987326e+00 
 3.70815000e-08  2.92668800e-04  3.70815000e-08  9.86949519e-01  3.70815000e-08  1.94986909e+00 
 3.70825000e-08  2.86618414e-04  3.70825000e-08  9.04476930e-01  3.70825000e-08  1.94987853e+00 
 3.70835000e-08  2.80544634e-04  3.70835000e-08  8.21152330e-01  3.70835000e-08  1.94990292e+00 
 3.73615000e-08  9.32398202e-01  3.73615000e-08 -7.72811077e-07  3.73615000e-08  1.94999752e+00 
 3.73625000e-08  9.69337705e-01  3.73625000e-08 -8.32303038e-07  3.73625000e-08  1.94999794e+00 
 3.73635000e-08  1.00677002e+00  3.73635000e-08 -7.26637361e-07  3.73635000e-08  1.94999763e+00 
 3.73645000e-08  1.04459800e+00  3.73645000e-08 -8.00265084e-07  3.73645000e-08  1.94999804e+00 
 3.73655000e-08  1.08242548e+00  3.73655000e-08 -7.25000769e-07  3.73655000e-08  1.94999774e+00 
 3.73665000e-08  1.11997164e+00  3.73665000e-08 -8.00528723e-07  3.73665000e-08  1.94999814e+00 
 3.75185000e-08  1.94986561e+00  3.75185000e-08  8.81780309e-01  3.75185000e-08  1.94989291e+00 
 3.75195000e-08  1.94986937e+00  3.75195000e-08  9.43137850e-01  3.75195000e-08  1.94979116e+00 
 3.75205000e-08  1.94987163e+00  3.75205000e-08  1.00357301e+00  3.75205000e-08  1.94968063e+00 
 3.75215000e-08  1.94987508e+00  3.75215000e-08  1.06308671e+00  3.75215000e-08  1.94957859e+00 
 3.75225000e-08  1.94987710e+00  3.75225000e-08  1.12178838e+00  3.75225000e-08  1.94947938e+00 
 3.75235000e-08  1.94988030e+00  3.75235000e-08  1.18001464e+00  3.75235000e-08  1.94936330e+00 
 3.76535000e-08  1.94996090e+00  3.76535000e-08  1.94998011e+00  3.76535000e-08  1.14694176e+00 
 3.76545000e-08  1.94996092e+00  3.76545000e-08  1.95000587e+00  3.76545000e-08  1.08935909e+00 
 3.76555000e-08  1.94996126e+00  3.76555000e-08  1.95003346e+00  3.76555000e-08  1.03148283e+00 
 3.76565000e-08  1.94996129e+00  3.76565000e-08  1.95005464e+00  3.76565000e-08  9.73232905e-01 
 3.76575000e-08  1.94996162e+00  3.76575000e-08  1.95007186e+00  3.76575000e-08  9.14394675e-01 
 3.76585000e-08  1.94996164e+00  3.76585000e-08  1.95008249e+00  3.76585000e-08  8.54942456e-01 
 3.78975000e-08  1.15191259e+00  3.78975000e-08  1.94999914e+00  3.78975000e-08  1.01969902e-05 
 3.78985000e-08  1.09907532e+00  3.78985000e-08  1.94999912e+00  3.78985000e-08  8.15388257e-06 
 3.78995000e-08  1.04647854e+00  3.78995000e-08  1.94999911e+00  3.78995000e-08  9.54983052e-06 
 3.79005000e-08  9.94043242e-01  3.79005000e-08  1.94999908e+00  3.79005000e-08  7.65284417e-06 
 3.79015000e-08  9.41720688e-01  3.79015000e-08  1.94999907e+00  3.79015000e-08  9.04432605e-06 
 3.79025000e-08  8.89419972e-01  3.79025000e-08  1.94999903e+00  3.79025000e-08  7.09639363e-06 
 3.82005000e-08  3.12295304e-04  3.82005000e-08  1.23179332e+00  3.82005000e-08 -7.47895758e-06 
 3.82015000e-08  3.05646305e-04  3.82015000e-08  1.15254565e+00  3.82015000e-08 -7.72840263e-06 
 3.82025000e-08  2.99311402e-04  3.82025000e-08  1.07216321e+00  3.82025000e-08 -6.19248940e-06 
 3.82035000e-08  2.92952020e-04  3.82035000e-08  9.90672140e-01  3.82035000e-08 -2.01720636e-06 
 3.82045000e-08  2.86897840e-04  3.82045000e-08  9.08239456e-01  3.82045000e-08  2.91522518e-06 
 3.82055000e-08  2.80815471e-04  3.82055000e-08  8.24943185e-01  3.82055000e-08  8.53090880e-06 
 3.84835000e-08  9.31103166e-01  3.84835000e-08  2.10375924e-07  3.84835000e-08  4.50018229e-07 
 3.84845000e-08  9.68030615e-01  3.84845000e-08  3.09465866e-08  3.84845000e-08  1.17167900e-07 
 3.84855000e-08  1.00544406e+00  3.84855000e-08  2.05575944e-07  3.84855000e-08  3.97816144e-07 
 3.84865000e-08  1.04326445e+00  3.84865000e-08 -7.80755682e-10  3.84865000e-08  5.65216000e-08 
 3.84875000e-08  1.08109779e+00  3.84875000e-08  1.67972909e-07  3.84875000e-08  4.17485239e-07 
 3.84885000e-08  1.11865681e+00  3.84885000e-08 -2.69500476e-08  3.84885000e-08  1.10990115e-07 
 3.86405000e-08  1.94986551e+00  3.86405000e-08  8.78393859e-01  3.86405000e-08 -9.15694022e-05 
 3.86415000e-08  1.94986924e+00  3.86415000e-08  9.39949035e-01  3.86415000e-08 -1.15248216e-04 
 3.86425000e-08  1.94987154e+00  3.86425000e-08  1.00067659e+00  3.86425000e-08 -1.30936057e-04 
 3.86435000e-08  1.94987498e+00  3.86435000e-08  1.06057177e+00  3.86435000e-08 -1.39346660e-04 
 3.86445000e-08  1.94987702e+00  3.86445000e-08  1.11971335e+00  3.86445000e-08 -1.52430902e-04 
 3.86455000e-08  1.94988020e+00  3.86455000e-08  1.17832957e+00  3.86455000e-08 -1.66427671e-04 
 3.87605000e-08  1.94995774e+00  3.87605000e-08  1.94992068e+00  3.87605000e-08  8.59197188e-01 
 3.87615000e-08  1.94995813e+00  3.87615000e-08  1.94992696e+00  3.87615000e-08  9.20305419e-01 
 3.87625000e-08  1.94995817e+00  3.87625000e-08  1.94993364e+00  3.87625000e-08  9.80193748e-01 
 3.87635000e-08  1.94995855e+00  3.87635000e-08  1.94993957e+00  3.87635000e-08  1.04033666e+00 
 3.87645000e-08  1.94995859e+00  3.87645000e-08  1.94994680e+00  3.87645000e-08  1.10454350e+00 
 3.87655000e-08  1.94995896e+00  3.87655000e-08  1.94994394e+00  3.87655000e-08  1.17636541e+00 
 3.90195000e-08  1.15410398e+00  3.90195000e-08  1.94999918e+00  3.90195000e-08  1.94999924e+00 
 3.90205000e-08  1.10125764e+00  3.90205000e-08  1.94999921e+00  3.90205000e-08  1.94999774e+00 
 3.90215000e-08  1.04865130e+00  3.90215000e-08  1.94999915e+00  3.90215000e-08  1.94999866e+00 
 3.90225000e-08  9.96211141e-01  3.90225000e-08  1.94999917e+00  3.90225000e-08  1.94999776e+00 
 3.90235000e-08  9.43884914e-01  3.90235000e-08  1.94999911e+00  3.90235000e-08  1.94999911e+00 
 3.90245000e-08  8.91584903e-01  3.90245000e-08  1.94999912e+00  3.90245000e-08  1.94999769e+00 
 3.93225000e-08  3.12563622e-04  3.93225000e-08  1.23496934e+00  3.93225000e-08  1.94990574e+00 
 3.93235000e-08  3.05912668e-04  3.93235000e-08  1.15577196e+00  3.93235000e-08  1.94988822e+00 
 3.93245000e-08  2.99567743e-04  3.93245000e-08  1.07544249e+00  3.93245000e-08  1.94987416e+00 
 3.93255000e-08  2.93206260e-04  3.93255000e-08  9.93995038e-01  3.93255000e-08  1.94986892e+00 
 3.93265000e-08  2.87142972e-04  3.93265000e-08  9.11606387e-01  3.93265000e-08  1.94987717e+00 
 3.93275000e-08  2.81058962e-04  3.93275000e-08  8.28342823e-01  3.93275000e-08  1.94990017e+00 
 3.96055000e-08  9.29265998e-01  3.96055000e-08 -7.85095722e-07  3.96055000e-08  1.94999753e+00 
 3.96065000e-08  9.66177356e-01  3.96065000e-08 -8.16482830e-07  3.96065000e-08  1.94999792e+00 
 3.96075000e-08  1.00356376e+00  3.96075000e-08 -7.38458829e-07  3.96075000e-08  1.94999764e+00 
 3.96085000e-08  1.04137583e+00  3.96085000e-08 -7.87813801e-07  3.96085000e-08  1.94999802e+00 
 3.96095000e-08  1.07921787e+00  3.96095000e-08 -7.36134486e-07  3.96095000e-08  1.94999775e+00 
 3.96105000e-08  1.11679198e+00  3.96105000e-08 -7.88103816e-07  3.96105000e-08  1.94999812e+00 
 3.97625000e-08  1.94986536e+00  3.97625000e-08  8.76431079e-01  3.97625000e-08  1.94990080e+00 
 3.97635000e-08  1.94986906e+00  3.97635000e-08  9.37866352e-01  3.97635000e-08  1.94980047e+00 
 3.97645000e-08  1.94987141e+00  3.97645000e-08  9.98381825e-01  3.97645000e-08  1.94969012e+00 
 3.97655000e-08  1.94987480e+00  3.97655000e-08  1.05797369e+00  3.97655000e-08  1.94958604e+00 
 3.97665000e-08  1.94987690e+00  3.97665000e-08  1.11673628e+00  3.97665000e-08  1.94948859e+00 
 3.97675000e-08  1.94988004e+00  3.97675000e-08  1.17498157e+00  3.97675000e-08  1.94937414e+00 
 3.98975000e-08  1.94996087e+00  3.98975000e-08  1.94997748e+00  3.98975000e-08  1.15189465e+00 
 3.98985000e-08  1.94996091e+00  3.98985000e-08  1.95000350e+00  3.98985000e-08  1.09432475e+00 
 3.98995000e-08  1.94996123e+00  3.98995000e-08  1.95003123e+00  3.98995000e-08  1.03647644e+00 
 3.99005000e-08  1.94996128e+00  3.99005000e-08  1.95005325e+00  3.99005000e-08  9.78265841e-01 
 3.99015000e-08  1.94996159e+00  3.99015000e-08  1.95007059e+00  3.99015000e-08  9.19478242e-01 
 3.99025000e-08  1.94996163e+00  3.99025000e-08  1.95008198e+00  3.99025000e-08  8.60081972e-01 
 4.01145000e-08  2.05290503e+00  4.01145000e-08  1.94999901e+00  4.01145000e-08  2.16339185e-05 
 4.01415000e-08  1.15624880e+00  4.01415000e-08  1.94999912e+00  4.01415000e-08  9.77605710e-06 
 4.01425000e-08  1.10339357e+00  4.01425000e-08  1.94999914e+00  4.01425000e-08  8.52330439e-06 
 4.01435000e-08  1.05077777e+00  4.01435000e-08  1.94999909e+00  4.01435000e-08  9.18217562e-06 
 4.01445000e-08  9.98332737e-01  4.01445000e-08  1.94999911e+00  4.01445000e-08  7.97106915e-06 
 4.01455000e-08  9.46002795e-01  4.01455000e-08  1.94999905e+00  4.01455000e-08  8.62502976e-06 
 4.01465000e-08  8.93703383e-01  4.01465000e-08  1.94999906e+00  4.01465000e-08  7.45387795e-06 
 4.04445000e-08  3.12833990e-04  4.04445000e-08  1.23866581e+00  4.04445000e-08 -7.27629129e-06 
 4.04455000e-08  3.06182629e-04  4.04455000e-08  1.15951924e+00  4.04455000e-08 -7.86866633e-06 
 4.04465000e-08  2.99826288e-04  4.04465000e-08  1.07924205e+00  4.04465000e-08 -6.34116831e-06 
 4.04475000e-08  2.93464779e-04  4.04475000e-08  9.97835878e-01  4.04475000e-08 -2.54636051e-06 
 4.04485000e-08  2.87390036e-04  4.04485000e-08  9.15489024e-01  4.04485000e-08  2.55599276e-06 
 4.04495000e-08  2.81305941e-04  4.04495000e-08  8.32255267e-01  4.04495000e-08  7.93260964e-06 
 4.07275000e-08  9.28219115e-01  4.07275000e-08  1.84508852e-07  4.07275000e-08  2.78206843e-07 
 4.07285000e-08  9.65121816e-01  4.07285000e-08  4.86941416e-08  4.07285000e-08  1.61659047e-07 
 4.07295000e-08  1.00249277e+00  4.07295000e-08  1.74775542e-07  4.07295000e-08  2.64977428e-07 
 4.07305000e-08  1.04029782e+00  4.07305000e-08  1.97014544e-08  4.07305000e-08  1.56635293e-07 
 4.07315000e-08  1.07814390e+00  4.07315000e-08  1.42255850e-07  4.07315000e-08  2.60919704e-07 
 4.07325000e-08  1.11572808e+00  4.07325000e-08 -5.90435106e-09  4.07325000e-08  1.46018407e-07 
 4.08845000e-08  1.94986526e+00  4.08845000e-08  8.73453833e-01  4.08845000e-08 -8.91042993e-05 
 4.08855000e-08  1.94986895e+00  4.08855000e-08  9.35073215e-01  4.08855000e-08 -1.13822172e-04 
 4.08865000e-08  1.94987133e+00  4.08865000e-08  9.95865154e-01  4.08865000e-08 -1.29759471e-04 
 4.08875000e-08  1.94987471e+00  4.08875000e-08  1.05582340e+00  4.08875000e-08 -1.38740603e-04 
 4.08885000e-08  1.94987683e+00  4.08885000e-08  1.11501846e+00  4.08885000e-08 -1.51282062e-04 
 4.08895000e-08  1.94987996e+00  4.08895000e-08  1.17366442e+00  4.08895000e-08 -1.65249081e-04 
 4.10045000e-08  1.94995774e+00  4.10045000e-08  1.94992046e+00  4.10045000e-08  8.54354951e-01 
 4.10055000e-08  1.94995811e+00  4.10055000e-08  1.94992629e+00  4.10055000e-08  9.15585386e-01 
 4.10065000e-08  1.94995816e+00  4.10065000e-08  1.94993326e+00  4.10065000e-08  9.75537007e-01 
 4.10075000e-08  1.94995852e+00  4.10075000e-08  1.94993905e+00  4.10075000e-08  1.03554107e+00 
 4.10085000e-08  1.94995858e+00  4.10085000e-08  1.94994634e+00  4.10085000e-08  1.09929259e+00 
 4.10095000e-08  1.94995893e+00  4.10095000e-08  1.94994428e+00  4.10095000e-08  1.17060367e+00 
 4.12635000e-08  1.15774470e+00  4.12635000e-08  1.94999917e+00  4.12635000e-08  1.94999948e+00 
 4.12645000e-08  1.10488339e+00  4.12645000e-08  1.94999922e+00  4.12645000e-08  1.94999873e+00 
 4.12655000e-08  1.05226104e+00  4.12655000e-08  1.94999914e+00  4.12655000e-08  1.94999910e+00 
 4.12665000e-08  9.99812646e-01  4.12665000e-08  1.94999918e+00  4.12665000e-08  1.94999870e+00 
 4.12675000e-08  9.47480127e-01  4.12675000e-08  1.94999910e+00  4.12675000e-08  1.94999937e+00 
 4.12685000e-08  8.95181164e-01  4.12685000e-08  1.94999914e+00  4.12685000e-08  1.94999866e+00 
 4.15665000e-08  3.13019489e-04  4.15665000e-08  1.24078039e+00  4.15665000e-08  1.94990701e+00 
 4.15675000e-08  3.06368078e-04  4.15675000e-08  1.16166873e+00  4.15675000e-08  1.94988946e+00 
 4.15685000e-08  3.00003575e-04  4.15685000e-08  1.08142835e+00  4.15685000e-08  1.94987497e+00 
 4.15695000e-08  2.93642079e-04  4.15695000e-08  1.00005288e+00  4.15695000e-08  1.94986888e+00 
 4.15705000e-08  2.87559486e-04  4.15705000e-08  9.17737063e-01  4.15705000e-08  1.94987607e+00 
 4.15715000e-08  2.81475535e-04  4.15715000e-08  8.34526717e-01  4.15715000e-08  1.94989793e+00 
 4.18495000e-08  9.27208078e-01  4.18495000e-08 -8.00858899e-07  4.18495000e-08  1.94999754e+00 
 4.18505000e-08  9.64104306e-01  4.18505000e-08 -7.92732775e-07  4.18505000e-08  1.94999791e+00 
 4.18515000e-08  1.00146084e+00  4.18515000e-08 -7.51856200e-07  4.18515000e-08  1.94999765e+00 
 4.18525000e-08  1.03925745e+00  4.18525000e-08 -7.62073111e-07  4.18525000e-08  1.94999801e+00 
 4.18535000e-08  1.07710665e+00  4.18535000e-08 -7.47880668e-07  4.18535000e-08  1.94999775e+00 
 4.18545000e-08  1.11470027e+00  4.18545000e-08 -7.66228405e-07  4.18545000e-08  1.94999811e+00 
 4.20000000e-08  1.94983982e+00  4.20000000e-08  4.63275572e-01  4.20000000e-08  1.95012412e+00 
