 time            v(b_out)        time            v(u_puf_u_core_sel_ro) time            v(q)           
 0.00000000e+00  4.68653885e-09  0.00000000e+00  2.46749734e-09  0.00000000e+00  2.46749746e-09 
 2.57750000e-09  9.09980728e-01  2.57750000e-09  2.82038726e-09  2.57750000e-09  2.46807896e-09 
 2.57850000e-09  9.51168378e-01  2.57850000e-09  3.06223708e-09  2.57850000e-09  2.46804260e-09 
 2.57950000e-09  9.91831478e-01  2.57950000e-09  3.28708849e-09  2.57950000e-09  2.46786069e-09 
 2.58050000e-09  1.03200995e+00  2.58050000e-09  3.43543921e-09  2.58050000e-09  2.46765675e-09 
 2.58150000e-09  1.07176960e+00  2.58150000e-09  3.47666013e-09  2.58150000e-09  2.46744880e-09 
 2.58250000e-09  1.11120926e+00  2.58250000e-09  3.49564883e-09  2.58250000e-09  2.46749143e-09 
 2.80450000e-09  1.94993643e+00  2.80450000e-09  8.96250487e-01  2.80450000e-09 -9.84908768e-05 
 2.80550000e-09  1.94993734e+00  2.80550000e-09  9.57526051e-01  2.80550000e-09 -1.19218969e-04 
 2.80650000e-09  1.94993742e+00  2.80650000e-09  1.01799024e+00  2.80650000e-09 -1.32804547e-04 
 2.80750000e-09  1.94993831e+00  2.80750000e-09  1.07763932e+00  2.80750000e-09 -1.40486726e-04 
 2.80850000e-09  1.94993838e+00  2.80850000e-09  1.13660246e+00  2.80850000e-09 -1.55270854e-04 
 2.80950000e-09  1.94993925e+00  2.80950000e-09  1.19514253e+00  2.80950000e-09 -1.70205083e-04 
 2.92450000e-09  1.94996665e+00  2.92450000e-09  1.94991670e+00  2.92450000e-09  8.65714492e-01 
 2.92550000e-09  1.94996693e+00  2.92550000e-09  1.94992399e+00  2.92550000e-09  9.26585519e-01 
 2.92650000e-09  1.94996691e+00  2.92650000e-09  1.94993051e+00  2.92650000e-09  9.86304220e-01 
 2.92750000e-09  1.94996718e+00  2.92750000e-09  1.94993716e+00  2.92750000e-09  1.04657482e+00 
 2.92850000e-09  1.94996716e+00  2.92850000e-09  1.94994453e+00  2.92850000e-09  1.11131388e+00 
 2.92950000e-09  1.94996741e+00  2.92950000e-09  1.94994143e+00  2.92950000e-09  1.18357229e+00 
 3.11450000e-09  1.13427615e+00  3.11450000e-09  1.94999867e+00  3.11450000e-09  1.94999126e+00 
 3.11550000e-09  1.08230857e+00  3.11550000e-09  1.94999881e+00  3.11550000e-09  1.94999688e+00 
 3.11650000e-09  1.03062318e+00  3.11650000e-09  1.94999868e+00  3.11650000e-09  1.94999297e+00 
 3.11750000e-09  9.79115472e-01  3.11750000e-09  1.94999883e+00  3.11750000e-09  1.94999831e+00 
 3.11850000e-09  9.27761632e-01  3.11850000e-09  1.94999871e+00  3.11850000e-09  1.94999288e+00 
 3.11950000e-09  8.76490824e-01  3.11950000e-09  1.94999885e+00  3.11950000e-09  1.94999665e+00 
 3.44250000e-09  7.97017635e-06  3.44250000e-09  1.14764792e+00  3.44250000e-09  1.94994299e+00 
 3.44350000e-09  7.76249581e-06  3.44350000e-09  1.09557187e+00  3.44350000e-09  1.94993931e+00 
 3.44450000e-09  7.47770747e-06  3.44450000e-09  1.04273659e+00  3.44450000e-09  1.94993961e+00 
 3.44550000e-09  7.28073328e-06  3.44550000e-09  9.89109674e-01  3.44550000e-09  1.94994529e+00 
 3.44650000e-09  7.00887492e-06  3.44650000e-09  9.34728064e-01  3.44650000e-09  1.94995716e+00 
 3.44750000e-09  6.82543408e-06  3.44750000e-09  8.79574184e-01  3.44750000e-09  1.94997549e+00 
 3.69950000e-09  9.08604024e-01  3.69950000e-09  2.16804596e-06  3.69950000e-09  1.94999515e+00 
 3.70050000e-09  9.49809649e-01  3.70050000e-09  2.45808420e-06  3.70050000e-09  1.94999548e+00 
 3.70150000e-09  9.90489552e-01  3.70150000e-09  2.06326228e-06  3.70150000e-09  1.94999539e+00 
 3.70250000e-09  1.03068328e+00  3.70250000e-09  2.35084002e-06  3.70250000e-09  1.94999572e+00 
 3.70350000e-09  1.07045547e+00  3.70350000e-09  1.96533735e-06  3.70350000e-09  1.94999562e+00 
 3.70450000e-09  1.10990391e+00  3.70450000e-09  2.25029495e-06  3.70450000e-09  1.94999594e+00 
 3.92550000e-09  1.94993630e+00  3.92550000e-09  8.60132927e-01  3.92550000e-09  1.94992546e+00 
 3.92650000e-09  1.94993644e+00  3.92650000e-09  9.21740694e-01  3.92650000e-09  1.94982996e+00 
 3.92750000e-09  1.94993731e+00  3.92750000e-09  9.82466467e-01  3.92750000e-09  1.94972078e+00 
 3.92850000e-09  1.94993744e+00  3.92850000e-09  1.04228183e+00  3.92850000e-09  1.94961178e+00 
 3.92950000e-09  1.94993828e+00  3.92950000e-09  1.10124001e+00  3.92950000e-09  1.94951804e+00 
 3.93050000e-09  1.94993840e+00  3.93050000e-09  1.15958253e+00  3.93050000e-09  1.94940872e+00 
 4.06050000e-09  1.94996840e+00  4.06050000e-09  1.94996958e+00  4.06050000e-09  1.16691501e+00 
 4.06150000e-09  1.94996865e+00  4.06150000e-09  1.94999661e+00  4.06150000e-09  1.10937107e+00 
 4.06250000e-09  1.94996868e+00  4.06250000e-09  1.95002370e+00  4.06250000e-09  1.05161908e+00 
 4.06350000e-09  1.94996898e+00  4.06350000e-09  1.95004818e+00  4.06350000e-09  9.93522466e-01 
 4.06450000e-09  1.94996902e+00  4.06450000e-09  1.95006607e+00  4.06450000e-09  9.34907408e-01 
 4.06550000e-09  1.94996924e+00  4.06550000e-09  1.95007989e+00  4.06550000e-09  8.75684397e-01 
 4.23650000e-09  1.13596247e+00  4.23650000e-09  1.94999858e+00  4.23650000e-09  8.51649757e-05 
 4.23750000e-09  1.08398549e+00  4.23750000e-09  1.94999879e+00  4.23750000e-09  8.19252636e-05 
 4.23850000e-09  1.03229415e+00  4.23850000e-09  1.94999859e+00  4.23850000e-09  7.98274702e-05 
 4.23950000e-09  9.80781409e-01  4.23950000e-09  1.94999881e+00  4.23950000e-09  7.67932049e-05 
 4.24050000e-09  9.29425024e-01  4.24050000e-09  1.94999861e+00  4.24050000e-09  7.48228141e-05 
 4.24150000e-09  8.78151623e-01  4.24150000e-09  1.94999882e+00  4.24150000e-09  7.19823331e-05 
 4.56450000e-09  7.99434167e-06  4.56450000e-09  1.14934406e+00  4.56450000e-09 -2.93519345e-06 
 4.56550000e-09  7.78091272e-06  4.56550000e-09  1.09729115e+00  4.56550000e-09 -1.51409246e-06 
 4.56650000e-09  7.49332540e-06  4.56650000e-09  1.04448026e+00  4.56650000e-09 -3.98589885e-07 
 4.56750000e-09  7.29414808e-06  4.56750000e-09  9.90876782e-01  4.56750000e-09  2.00201706e-06 
 4.56850000e-09  7.02172589e-06  4.56850000e-09  9.36519743e-01  4.56850000e-09  3.87874968e-06 
 4.56950000e-09  6.83540925e-06  4.56950000e-09  8.81389513e-01  4.56950000e-09  6.87615971e-06 
 4.82150000e-09  9.08051803e-01  4.82150000e-09  4.19647110e-06  4.82150000e-09  2.40203970e-07 
 4.82250000e-09  9.49264920e-01  4.82250000e-09  4.24282327e-06  4.82250000e-09  5.77836004e-07 
 4.82350000e-09  9.89952522e-01  4.82350000e-09  3.98932114e-06  4.82350000e-09  2.30122674e-07 
 4.82450000e-09  1.03015373e+00  4.82450000e-09  4.03913746e-06  4.82450000e-09  5.65325428e-07 
 4.82550000e-09  1.06993186e+00  4.82550000e-09  3.79623120e-06  4.82550000e-09  2.08649359e-07 
 4.82650000e-09  1.10938688e+00  4.82650000e-09  3.84846037e-06  4.82650000e-09  5.37924685e-07 
 5.04750000e-09  1.94993629e+00  5.04750000e-09  8.58199141e-01  5.04750000e-09 -8.12059309e-05 
 5.04850000e-09  1.94993644e+00  5.04850000e-09  9.19952325e-01  5.04850000e-09 -1.08608237e-04 
 5.04950000e-09  1.94993729e+00  5.04950000e-09  9.80915301e-01  5.04950000e-09 -1.26031488e-04 
 5.05050000e-09  1.94993744e+00  5.05050000e-09  1.04105876e+00  5.05050000e-09 -1.36546230e-04 
 5.05150000e-09  1.94993826e+00  5.05150000e-09  1.10042258e+00  5.05150000e-09 -1.47760880e-04 
 5.05250000e-09  1.94993840e+00  5.05250000e-09  1.15918150e+00  5.05250000e-09 -1.61504204e-04 
 5.16850000e-09  1.94996665e+00  5.16850000e-09  1.94992397e+00  5.16850000e-09  9.00511940e-01 
 5.16950000e-09  1.94996692e+00  5.16950000e-09  1.94993183e+00  5.16950000e-09  9.60708119e-01 
 5.17050000e-09  1.94996691e+00  5.17050000e-09  1.94993709e+00  5.17050000e-09  1.02045590e+00 
 5.17150000e-09  1.94996716e+00  5.17150000e-09  1.94994432e+00  5.17150000e-09  1.08298269e+00 
 5.17250000e-09  1.94996716e+00  5.17250000e-09  1.94994565e+00  5.17250000e-09  1.15231916e+00 
 5.17350000e-09  1.94996740e+00  5.17350000e-09  1.94994393e+00  5.17350000e-09  1.22572595e+00 
 5.35850000e-09  1.13602965e+00  5.35850000e-09  1.94999865e+00  5.35850000e-09  1.94999484e+00 
 5.35950000e-09  1.08405135e+00  5.35950000e-09  1.94999883e+00  5.35950000e-09  1.94999727e+00 
 5.36050000e-09  1.03235884e+00  5.36050000e-09  1.94999867e+00  5.36050000e-09  1.94999499e+00 
 5.36150000e-09  9.80845019e-01  5.36150000e-09  1.94999885e+00  5.36150000e-09  1.94999837e+00 
 5.36250000e-09  9.29487786e-01  5.36250000e-09  1.94999869e+00  5.36250000e-09  1.94999494e+00 
 5.36350000e-09  8.78213809e-01  5.36350000e-09  1.94999887e+00  5.36350000e-09  1.94999728e+00 
 5.68650000e-09  7.99466168e-06  5.68650000e-09  1.14932674e+00  5.68650000e-09  1.94994304e+00 
 5.68750000e-09  7.78123171e-06  5.68750000e-09  1.09727527e+00  5.68750000e-09  1.94993949e+00 
 5.68850000e-09  7.49364333e-06  5.68850000e-09  1.04446574e+00  5.68850000e-09  1.94993941e+00 
 5.68950000e-09  7.29444300e-06  5.68950000e-09  9.90863405e-01  5.68950000e-09  1.94994513e+00 
 5.69050000e-09  7.02200532e-06  5.69050000e-09  9.36507133e-01  5.69050000e-09  1.94995657e+00 
 5.69150000e-09  6.83568331e-06  5.69150000e-09  8.81377119e-01  5.69150000e-09  1.94997494e+00 
 5.94350000e-09  9.06849269e-01  5.94350000e-09  2.15925148e-06  5.94350000e-09  1.94999525e+00 
 5.94450000e-09  9.48077803e-01  5.94450000e-09  2.47057493e-06  5.94450000e-09  1.94999538e+00 
 5.94550000e-09  9.88779200e-01  5.94550000e-09  2.05455302e-06  5.94550000e-09  1.94999549e+00 
 5.94650000e-09  1.02899245e+00  5.94650000e-09  2.36295891e-06  5.94650000e-09  1.94999562e+00 
 5.94750000e-09  1.06878078e+00  5.94750000e-09  1.95674525e-06  5.94750000e-09  1.94999572e+00 
 5.94850000e-09  1.10824059e+00  5.94850000e-09  2.26206824e-06  5.94850000e-09  1.94999584e+00 
 6.16950000e-09  1.94993627e+00  6.16950000e-09  8.57453784e-01  6.16950000e-09  1.94992918e+00 
 6.17050000e-09  1.94993646e+00  6.17050000e-09  9.19097220e-01  6.17050000e-09  1.94983434e+00 
 6.17150000e-09  1.94993728e+00  6.17150000e-09  9.79859284e-01  6.17150000e-09  1.94972556e+00 
 6.17250000e-09  1.94993746e+00  6.17250000e-09  1.03970828e+00  6.17250000e-09  1.94961614e+00 
 6.17350000e-09  1.94993824e+00  6.17350000e-09  1.09869034e+00  6.17350000e-09  1.94952178e+00 
 6.17450000e-09  1.94993843e+00  6.17450000e-09  1.15704471e+00  6.17450000e-09  1.94941356e+00 
 6.30450000e-09  1.94996841e+00  6.30450000e-09  1.94996834e+00  6.30450000e-09  1.16948531e+00 
 6.30550000e-09  1.94996864e+00  6.30550000e-09  1.94999556e+00  6.30550000e-09  1.11194400e+00 
 6.30650000e-09  1.94996868e+00  6.30650000e-09  1.95002243e+00  6.30650000e-09  1.05420613e+00 
 6.30750000e-09  1.94996896e+00  6.30750000e-09  1.95004731e+00  6.30750000e-09  9.96126741e-01 
 6.30850000e-09  1.94996903e+00  6.30850000e-09  1.95006527e+00  6.30850000e-09  9.37538693e-01 
 6.30950000e-09  1.94996923e+00  6.30950000e-09  1.95007948e+00  6.30950000e-09  8.78343227e-01 
 6.48050000e-09  1.13827117e+00  6.48050000e-09  1.94999856e+00  6.48050000e-09  8.49094475e-05 
 6.48150000e-09  1.08628008e+00  6.48150000e-09  1.94999881e+00  6.48150000e-09  8.24276116e-05 
 6.48250000e-09  1.03457928e+00  6.48250000e-09  1.94999858e+00  6.48250000e-09  7.95697901e-05 
 6.48350000e-09  9.83058466e-01  6.48350000e-09  1.94999882e+00  6.48350000e-09  7.72821590e-05 
 6.48450000e-09  9.31697634e-01  6.48450000e-09  1.94999860e+00  6.48450000e-09  7.45633705e-05 
 6.48550000e-09  8.80419807e-01  6.48550000e-09  1.94999884e+00  6.48550000e-09  7.24584718e-05 
 6.80850000e-09  8.00569414e-06  6.80850000e-09  1.15151581e+00  6.80850000e-09 -3.01479649e-06 
 6.80950000e-09  7.79128718e-06  6.80950000e-09  1.09949581e+00  6.80950000e-09 -1.50899766e-06 
 6.81050000e-09  7.50484011e-06  6.81050000e-09  1.04671727e+00  6.81050000e-09 -5.33862901e-07 
 6.81150000e-09  7.30429593e-06  6.81150000e-09  9.93146582e-01  6.81150000e-09  1.96650813e-06 
 6.81250000e-09  7.03269660e-06  6.81250000e-09  9.38821451e-01  6.81250000e-09  3.73055171e-06 
 6.81350000e-09  6.82734543e-06  6.81350000e-09  8.83723000e-01  6.81350000e-09  6.82499319e-06 
 7.06550000e-09  9.06474701e-01  7.06550000e-09  4.16992558e-06  7.06550000e-09  3.16902690e-07 
 7.06650000e-09  9.47708132e-01  7.06650000e-09  4.27601447e-06  7.06650000e-09  7.16386123e-07 
 7.06750000e-09  9.88414119e-01  7.06750000e-09  3.96494343e-06  7.06750000e-09  3.05600990e-07 
 7.06850000e-09  1.02863154e+00  7.06850000e-09  4.07297292e-06  7.06850000e-09  7.04827130e-07 
 7.06950000e-09  1.06842332e+00  7.06950000e-09  3.77067862e-06  7.06950000e-09  2.79414449e-07 
 7.07050000e-09  1.10788557e+00  7.07050000e-09  3.88048910e-06  7.07050000e-09  6.69483566e-07 
 7.29150000e-09  1.94993626e+00  7.29150000e-09  8.55680200e-01  7.29150000e-09 -8.02892460e-05 
 7.29250000e-09  1.94993648e+00  7.29250000e-09  9.17463424e-01  7.29250000e-09 -1.07427557e-04 
 7.29350000e-09  1.94993726e+00  7.29350000e-09  9.78459011e-01  7.29350000e-09 -1.25114104e-04 
 7.29450000e-09  1.94993745e+00  7.29450000e-09  1.03863314e+00  7.29450000e-09 -1.35987837e-04 
 7.29550000e-09  1.94993821e+00  7.29550000e-09  1.09802273e+00  7.29550000e-09 -1.46780783e-04 
 7.29650000e-09  1.94993841e+00  7.29650000e-09  1.15680135e+00  7.29650000e-09 -1.60776382e-04 
 7.41250000e-09  1.94996666e+00  7.41250000e-09  1.94992366e+00  7.41250000e-09  8.98052867e-01 
 7.41350000e-09  1.94996690e+00  7.41350000e-09  1.94993162e+00  7.41350000e-09  9.58293331e-01 
 7.41450000e-09  1.94996692e+00  7.41450000e-09  1.94993680e+00  7.41450000e-09  1.01802039e+00 
 7.41550000e-09  1.94996715e+00  7.41550000e-09  1.94994399e+00  7.41550000e-09  1.08036314e+00 
 7.41650000e-09  1.94996717e+00  7.41650000e-09  1.94994598e+00  7.41650000e-09  1.14932441e+00 
 7.41750000e-09  1.94996738e+00  7.41750000e-09  1.94994386e+00  7.41750000e-09  1.22275192e+00 
 7.60250000e-09  1.13831878e+00  7.60250000e-09  1.94999864e+00  7.60250000e-09  1.94999294e+00 
 7.60350000e-09  1.08632663e+00  7.60350000e-09  1.94999884e+00  7.60350000e-09  1.94999745e+00 
 7.60450000e-09  1.03462487e+00  7.60450000e-09  1.94999866e+00  7.60450000e-09  1.94999307e+00 
 7.60550000e-09  9.83103164e-01  7.60550000e-09  1.94999886e+00  7.60550000e-09  1.94999614e+00 
 7.60650000e-09  9.31741623e-01  7.60650000e-09  1.94999868e+00  7.60650000e-09  1.94999344e+00 
 7.60750000e-09  8.80463345e-01  7.60750000e-09  1.94999887e+00  7.60750000e-09  1.94999772e+00 
 7.93050000e-09  8.01894179e-06  7.93050000e-09  1.15137163e+00  7.93050000e-09  1.94994324e+00 
 7.93150000e-09  7.80080522e-06  7.93150000e-09  1.09935113e+00  7.93150000e-09  1.94993958e+00 
 7.93250000e-09  7.51113544e-06  7.93250000e-09  1.04657217e+00  7.93250000e-09  1.94993930e+00 
 7.93350000e-09  7.30878128e-06  7.93350000e-09  9.93000690e-01  7.93350000e-09  1.94994480e+00 
 7.93450000e-09  7.03554564e-06  7.93450000e-09  9.38674564e-01  7.93450000e-09  1.94995598e+00 
 7.93550000e-09  6.82983227e-06  7.93550000e-09  8.83574481e-01  7.93550000e-09  1.94997410e+00 
 8.18750000e-09  9.05649176e-01  8.18750000e-09  2.14049768e-06  8.18750000e-09  1.94999524e+00 
 8.18850000e-09  9.46893397e-01  8.18850000e-09  2.49314865e-06  8.18850000e-09  1.94999537e+00 
 8.18950000e-09  9.87609520e-01  8.18950000e-09  2.03607355e-06  8.18950000e-09  1.94999548e+00 
 8.19050000e-09  1.02783617e+00  8.19050000e-09  2.38504630e-06  8.19050000e-09  1.94999561e+00 
 8.19150000e-09  1.06763561e+00  8.19150000e-09  1.93851960e-06  8.19150000e-09  1.94999571e+00 
 8.19250000e-09  1.10710330e+00  8.19250000e-09  2.28367419e-06  8.19250000e-09  1.94999584e+00 
 8.41350000e-09  1.94993623e+00  8.41350000e-09  8.55711752e-01  8.41350000e-09  1.94993153e+00 
 8.41450000e-09  1.94993649e+00  8.41450000e-09  9.17378988e-01  8.41450000e-09  1.94983719e+00 
 8.41550000e-09  1.94993724e+00  8.41550000e-09  9.78166150e-01  8.41550000e-09  1.94972860e+00 
 8.41650000e-09  1.94993747e+00  8.41650000e-09  1.03804102e+00  8.41650000e-09  1.94961916e+00 
 8.41750000e-09  1.94993820e+00  8.41750000e-09  1.09705086e+00  8.41750000e-09  1.94952468e+00 
 8.41850000e-09  1.94993842e+00  8.41850000e-09  1.15542384e+00  8.41850000e-09  1.94941671e+00 
 8.54850000e-09  1.94996841e+00  8.54850000e-09  1.94996755e+00  8.54850000e-09  1.17107996e+00 
 8.54950000e-09  1.94996863e+00  8.54950000e-09  1.94999489e+00  8.54950000e-09  1.11354023e+00 
 8.55050000e-09  1.94996868e+00  8.55050000e-09  1.95002164e+00  8.55050000e-09  1.05581122e+00 
 8.55150000e-09  1.94996895e+00  8.55150000e-09  1.95004675e+00  8.55150000e-09  9.97742522e-01 
 8.55250000e-09  1.94996903e+00  8.55250000e-09  1.95006477e+00  8.55250000e-09  9.39171424e-01 
 8.55350000e-09  1.94996922e+00  8.55350000e-09  1.95007922e+00  8.55350000e-09  8.79993183e-01 
 8.72450000e-09  1.13968771e+00  8.72450000e-09  1.94999855e+00  8.72450000e-09  8.48011427e-05 
 8.72550000e-09  1.08768789e+00  8.72550000e-09  1.94999881e+00  8.72550000e-09  8.26849596e-05 
 8.72650000e-09  1.03598123e+00  8.72650000e-09  1.94999857e+00  8.72650000e-09  7.94599198e-05 
 8.72750000e-09  9.84455399e-01  8.72750000e-09  1.94999883e+00  8.72750000e-09  7.75316952e-05 
 8.72850000e-09  9.33091807e-01  8.72850000e-09  1.94999859e+00  8.72850000e-09  7.44521673e-05 
 8.72950000e-09  8.81811235e-01  8.72950000e-09  1.94999884e+00  8.72950000e-09  7.27005463e-05 
 9.05250000e-09  8.02803829e-06  9.05250000e-09  1.15288311e+00  9.05250000e-09 -3.04901786e-06 
 9.05350000e-09  7.80677104e-06  9.05350000e-09  1.10088427e+00  9.05350000e-09 -1.51825042e-06 
 9.05450000e-09  7.51977257e-06  9.05450000e-09  1.04812586e+00  9.05450000e-09 -5.43219303e-07 
 9.05550000e-09  7.29567922e-06  9.05550000e-09  9.94576221e-01  9.05550000e-09  1.99639408e-06 
 9.05650000e-09  7.01208640e-06  9.05650000e-09  9.40270983e-01  9.05650000e-09  3.66684275e-06 
 9.05750000e-09  6.83061678e-06  9.05750000e-09  8.85192917e-01  9.05750000e-09  6.78642959e-06 
 9.30950000e-09  9.04926598e-01  9.30950000e-09  4.15407030e-06  9.30950000e-09  3.04794247e-07 
 9.31050000e-09  9.46180262e-01  9.31050000e-09  4.29814618e-06  9.31050000e-09  7.40352317e-07 
 9.31150000e-09  9.86905269e-01  9.31150000e-09  3.94825698e-06  9.31150000e-09  2.93556647e-07 
 9.31250000e-09  1.02714002e+00  9.31250000e-09  4.09365143e-06  9.31250000e-09  7.28767061e-07 
 9.31350000e-09  1.06694619e+00  9.31350000e-09  3.75498473e-06  9.31350000e-09  2.67054273e-07 
 9.31450000e-09  1.10641867e+00  9.31450000e-09  3.90165279e-06  9.31450000e-09  6.92843567e-07 
 9.53550000e-09  1.94993621e+00  9.53550000e-09  8.53445141e-01  9.53550000e-09 -7.90575594e-05 
 9.53650000e-09  1.94993649e+00  9.53650000e-09  9.15254053e-01  9.53650000e-09 -1.07430940e-04 
 9.53750000e-09  1.94993722e+00  9.53750000e-09  9.76276815e-01  9.53750000e-09 -1.25472009e-04 
 9.53850000e-09  1.94993747e+00  9.53850000e-09  1.03648089e+00  9.53850000e-09 -1.35979741e-04 
 9.53950000e-09  1.94993818e+00  9.53950000e-09  1.09589623e+00  9.53950000e-09 -1.46161583e-04 
 9.54050000e-09  1.94993843e+00  9.54050000e-09  1.15469282e+00  9.54050000e-09 -1.60291397e-04 
 9.65650000e-09  1.94996666e+00  9.65650000e-09  1.94992337e+00  9.65650000e-09  8.95860467e-01 
 9.65750000e-09  1.94996689e+00  9.65750000e-09  1.94993142e+00  9.65750000e-09  9.56142208e-01 
 9.65850000e-09  1.94996692e+00  9.65850000e-09  1.94993654e+00  9.65850000e-09  1.01585527e+00 
 9.65950000e-09  1.94996714e+00  9.65950000e-09  1.94994365e+00  9.65950000e-09  1.07806394e+00 
 9.66050000e-09  1.94996717e+00  9.66050000e-09  1.94994623e+00  9.66050000e-09  1.14672533e+00 
 9.66150000e-09  1.94996737e+00  9.66150000e-09  1.94994383e+00  9.66150000e-09  1.22016392e+00 
 9.84650000e-09  1.14055554e+00  9.84650000e-09  1.94999863e+00  9.84650000e-09  1.94999141e+00 
 9.84750000e-09  1.08854924e+00  9.84750000e-09  1.94999885e+00  9.84750000e-09  1.94999682e+00 
 9.84850000e-09  1.03683787e+00  9.84850000e-09  1.94999866e+00  9.84850000e-09  1.94999166e+00 
 9.84950000e-09  9.85307928e-01  9.84950000e-09  1.94999886e+00  9.84950000e-09  1.94999533e+00 
 9.85050000e-09  9.33941743e-01  9.85050000e-09  1.94999868e+00  9.85050000e-09  1.94999218e+00 
 9.85150000e-09  8.82658867e-01  9.85150000e-09  1.94999888e+00  9.85150000e-09  1.94999729e+00 
 1.01745000e-08  8.00090449e-06  1.01745000e-08  1.15357299e+00  1.01745000e-08  1.94994346e+00 
 1.01755000e-08  7.78875149e-06  1.01755000e-08  1.10158649e+00  1.01755000e-08  1.94993968e+00 
 1.01765000e-08  7.51138656e-06  1.01765000e-08  1.04883988e+00  1.01765000e-08  1.94993920e+00 
 1.01775000e-08  7.30856534e-06  1.01775000e-08  9.95302243e-01  1.01775000e-08  1.94994446e+00 
 1.01785000e-08  7.04303571e-06  1.01785000e-08  9.41008100e-01  1.01785000e-08  1.94995536e+00 
 1.01795000e-08  6.85308299e-06  1.01795000e-08  8.85940809e-01  1.01795000e-08  1.94997321e+00 
 1.04325000e-08  9.43904756e-01  1.04325000e-08  2.49423309e-06  1.04325000e-08  1.94999533e+00 
 1.04335000e-08  9.84658183e-01  1.04335000e-08  2.03935363e-06  1.04335000e-08  1.94999552e+00 
 1.04345000e-08  1.02491887e+00  1.04345000e-08  2.38597791e-06  1.04345000e-08  1.94999557e+00 
 1.04355000e-08  1.06474669e+00  1.04355000e-08  1.94167901e-06  1.04355000e-08  1.94999575e+00 
 1.04365000e-08  1.10423472e+00  1.04365000e-08  2.28446409e-06  1.04365000e-08  1.94999579e+00 
 1.04375000e-08  1.14350952e+00  1.04375000e-08  1.85034424e-06  1.04375000e-08  1.94999596e+00 
 1.06575000e-08  1.94993613e+00  1.06575000e-08  8.51145271e-01  1.06575000e-08  1.94993766e+00 
 1.06585000e-08  1.94993650e+00  1.06585000e-08  9.12874170e-01  1.06585000e-08  1.94984464e+00 
 1.06595000e-08  1.94993715e+00  1.06595000e-08  9.73726556e-01  1.06595000e-08  1.94973661e+00 
 1.06605000e-08  1.94993749e+00  1.06605000e-08  1.03366915e+00  1.06605000e-08  1.94962707e+00 
 1.06615000e-08  1.94993812e+00  1.06615000e-08  1.09273692e+00  1.06615000e-08  1.94953249e+00 
 1.06625000e-08  1.94993845e+00  1.06625000e-08  1.15114445e+00  1.06625000e-08  1.94942517e+00 
 1.07925000e-08  1.94996842e+00  1.07925000e-08  1.94996544e+00  1.07925000e-08  1.17534119e+00 
 1.07935000e-08  1.94996860e+00  1.07935000e-08  1.94999309e+00  1.07935000e-08  1.11780509e+00 
 1.07945000e-08  1.94996869e+00  1.07945000e-08  1.95001948e+00  1.07945000e-08  1.06009889e+00 
 1.07955000e-08  1.94996893e+00  1.07955000e-08  1.95004522e+00  1.07955000e-08  1.00205806e+00 
 1.07965000e-08  1.94996904e+00  1.07965000e-08  1.95006340e+00  1.07965000e-08  9.43531566e-01 
 1.07975000e-08  1.94996920e+00  1.07975000e-08  1.95007849e+00  1.07975000e-08  8.84398897e-01 
 1.09685000e-08  1.14340758e+00  1.09685000e-08  1.94999853e+00  1.09685000e-08  8.45285588e-05 
 1.09695000e-08  1.09138647e+00  1.09695000e-08  1.94999883e+00  1.09695000e-08  8.35479961e-05 
 1.09705000e-08  1.03966211e+00  1.09705000e-08  1.94999855e+00  1.09705000e-08  7.91585586e-05 
 1.09715000e-08  9.88124540e-01  1.09715000e-08  1.94999885e+00  1.09715000e-08  7.83458399e-05 
 1.09725000e-08  9.36751832e-01  1.09725000e-08  1.94999857e+00  1.09725000e-08  7.40204250e-05 
 1.09735000e-08  8.85465499e-01  1.09735000e-08  1.94999886e+00  1.09735000e-08  7.33474119e-05 
 1.12965000e-08  8.05292427e-06  1.12965000e-08  1.15645204e+00  1.12965000e-08 -3.14041618e-06 
 1.12975000e-08  7.81937384e-06  1.12975000e-08  1.10450835e+00  1.12975000e-08 -1.54532392e-06 
 1.12985000e-08  7.54378023e-06  1.12985000e-08  1.05180234e+00  1.12985000e-08 -7.08639255e-07 
 1.12995000e-08  7.30746553e-06  1.12995000e-08  9.98307557e-01  1.12995000e-08  1.92371356e-06 
 1.13005000e-08  7.03509209e-06  1.13005000e-08  9.44054146e-01  1.13005000e-08  3.45825952e-06 
 1.13015000e-08  6.84135385e-06  1.13015000e-08  8.89029252e-01  1.13015000e-08  6.65111536e-06 
 1.15545000e-08  9.42999405e-01  1.15545000e-08  4.35897033e-06  1.15545000e-08  7.95981942e-07 
 1.15555000e-08  9.83764145e-01  1.15555000e-08  3.90187260e-06  1.15555000e-08  2.62967894e-07 
 1.15565000e-08  1.02403528e+00  1.15565000e-08  4.15323218e-06  1.15565000e-08  7.86512124e-07 
 1.15575000e-08  1.06387175e+00  1.15575000e-08  3.70900925e-06  1.15575000e-08  2.34768990e-07 
 1.15585000e-08  1.10336614e+00  1.15585000e-08  3.95993528e-06  1.15585000e-08  7.47390375e-07 
 1.15595000e-08  1.14264407e+00  1.15595000e-08  3.52744535e-06  1.15595000e-08  2.26982786e-07 
 1.17795000e-08  1.94993610e+00  1.17795000e-08  8.48607980e-01  1.17795000e-08 -7.63782339e-05 
 1.17805000e-08  1.94993651e+00  1.17805000e-08  9.10475476e-01  1.17805000e-08 -1.05481627e-04 
 1.17815000e-08  1.94993712e+00  1.17815000e-08  9.71559957e-01  1.17815000e-08 -1.24059684e-04 
 1.17825000e-08  1.94993750e+00  1.17825000e-08  1.03182877e+00  1.17825000e-08 -1.35603003e-04 
 1.17835000e-08  1.94993809e+00  1.17835000e-08  1.09130022e+00  1.17835000e-08 -1.44856233e-04 
 1.17845000e-08  1.94993846e+00  1.17845000e-08  1.15013725e+00  1.17845000e-08 -1.59355891e-04 
 1.19005000e-08  1.94996667e+00  1.19005000e-08  1.94992293e+00  1.19005000e-08  8.91113652e-01 
 1.19015000e-08  1.94996686e+00  1.19015000e-08  1.94993074e+00  1.19015000e-08  9.51488505e-01 
 1.19025000e-08  1.94996694e+00  1.19025000e-08  1.94993614e+00  1.19025000e-08  1.01118340e+00 
 1.19035000e-08  1.94996711e+00  1.19035000e-08  1.94994269e+00  1.19035000e-08  1.07308852e+00 
 1.19045000e-08  1.94996718e+00  1.19045000e-08  1.94994699e+00  1.19045000e-08  1.14104681e+00 
 1.19055000e-08  1.94996734e+00  1.19055000e-08  1.94994352e+00  1.19055000e-08  1.21448922e+00 
 1.20905000e-08  1.14417223e+00  1.20905000e-08  1.94999864e+00  1.20905000e-08  1.94998987e+00 
 1.20915000e-08  1.09214581e+00  1.20915000e-08  1.94999884e+00  1.20915000e-08  1.94999697e+00 
 1.20925000e-08  1.04041645e+00  1.20925000e-08  1.94999865e+00  1.20925000e-08  1.94998996e+00 
 1.20935000e-08  9.88875603e-01  1.20935000e-08  1.94999886e+00  1.20935000e-08  1.94999499e+00 
 1.20945000e-08  9.37499801e-01  1.20945000e-08  1.94999868e+00  1.20945000e-08  1.94998827e+00 
 1.20955000e-08  8.86211737e-01  1.20955000e-08  1.94999888e+00  1.20955000e-08  1.94999318e+00 
 1.24185000e-08  8.05645454e-06  1.24185000e-08  1.15701207e+00  1.24185000e-08  1.94994381e+00 
 1.24195000e-08  7.81831393e-06  1.24195000e-08  1.10507873e+00  1.24195000e-08  1.94993987e+00 
 1.24205000e-08  7.54471369e-06  1.24205000e-08  1.05238263e+00  1.24205000e-08  1.94993905e+00 
 1.24215000e-08  7.32268178e-06  1.24215000e-08  9.98897863e-01  1.24215000e-08  1.94994396e+00 
 1.24225000e-08  7.06557190e-06  1.24225000e-08  9.44653655e-01  1.24225000e-08  1.94995440e+00 
 1.24235000e-08  6.85876968e-06  1.24235000e-08  8.89637602e-01  1.24235000e-08  1.94997186e+00 
 1.26765000e-08  9.42360450e-01  1.26765000e-08  2.48515192e-06  1.26765000e-08  1.94999525e+00 
 1.26775000e-08  9.83133067e-01  1.26775000e-08  2.05637966e-06  1.26775000e-08  1.94999558e+00 
 1.26785000e-08  1.02341166e+00  1.26785000e-08  2.37683127e-06  1.26785000e-08  1.94999550e+00 
 1.26795000e-08  1.06325416e+00  1.26795000e-08  1.95825715e-06  1.26795000e-08  1.94999580e+00 
 1.26805000e-08  1.10275314e+00  1.26805000e-08  2.27526568e-06  1.26805000e-08  1.94999572e+00 
 1.26815000e-08  1.14203322e+00  1.26815000e-08  1.86649533e-06  1.26815000e-08  1.94999602e+00 
 1.29015000e-08  1.94993607e+00  1.29015000e-08  8.48781873e-01  1.29015000e-08  1.94994081e+00 
 1.29025000e-08  1.94993650e+00  1.29025000e-08  9.10542892e-01  1.29025000e-08  1.94984848e+00 
 1.29035000e-08  1.94993709e+00  1.29035000e-08  9.71429181e-01  1.29035000e-08  1.94974075e+00 
 1.29045000e-08  1.94993751e+00  1.29045000e-08  1.03140717e+00  1.29045000e-08  1.94963116e+00 
 1.29055000e-08  1.94993807e+00  1.29055000e-08  1.09050542e+00  1.29055000e-08  1.94953621e+00 
 1.29065000e-08  1.94993847e+00  1.29065000e-08  1.14893212e+00  1.29065000e-08  1.94942943e+00 
 1.30365000e-08  1.94996842e+00  1.30365000e-08  1.94996438e+00  1.30365000e-08  1.17752355e+00 
 1.30375000e-08  1.94996859e+00  1.30375000e-08  1.94999218e+00  1.30375000e-08  1.11998904e+00 
 1.30385000e-08  1.94996869e+00  1.30385000e-08  1.95001838e+00  1.30385000e-08  1.06229411e+00 
 1.30395000e-08  1.94996891e+00  1.30395000e-08  1.95004446e+00  1.30395000e-08  1.00426723e+00 
 1.30405000e-08  1.94996904e+00  1.30405000e-08  1.95006270e+00  1.30405000e-08  9.45763262e-01 
 1.30415000e-08  1.94996919e+00  1.30415000e-08  1.95007811e+00  1.30415000e-08  8.86653752e-01 
 1.32125000e-08  1.14508205e+00  1.32125000e-08  1.94999852e+00  1.32125000e-08  8.41655849e-05 
 1.32135000e-08  1.09305177e+00  1.32135000e-08  1.94999884e+00  1.32135000e-08  8.38585192e-05 
 1.32145000e-08  1.04131872e+00  1.32145000e-08  1.94999854e+00  1.32145000e-08  7.90151035e-05 
 1.32155000e-08  9.89776148e-01  1.32155000e-08  1.94999886e+00  1.32155000e-08  7.89375769e-05 
 1.32165000e-08  9.38398624e-01  1.32165000e-08  1.94999856e+00  1.32165000e-08  7.40208967e-05 
 1.32175000e-08  8.87109920e-01  1.32175000e-08  1.94999887e+00  1.32175000e-08  7.40287177e-05 
 1.35405000e-08  8.06365513e-06  1.35405000e-08  1.15808331e+00  1.35405000e-08 -3.17952918e-06 
 1.35415000e-08  7.82218307e-06  1.35415000e-08  1.10616486e+00  1.35415000e-08 -1.56484972e-06 
 1.35425000e-08  7.55182454e-06  1.35425000e-08  1.05348285e+00  1.35425000e-08 -7.81584657e-07 
 1.35435000e-08  7.32638688e-06  1.35435000e-08  1.00001317e+00  1.35435000e-08  1.88389420e-06 
 1.35445000e-08  7.07229750e-06  1.35445000e-08  9.45783488e-01  1.35445000e-08  3.36471818e-06 
 1.35455000e-08  6.84788447e-06  1.35455000e-08  8.90782946e-01  1.35455000e-08  6.57917726e-06 
 1.37985000e-08  9.42093309e-01  1.37985000e-08  4.38028472e-06  1.37985000e-08  8.45528596e-07 
 1.37995000e-08  9.82869224e-01  1.37995000e-08  3.88720442e-06  1.37995000e-08  2.40361814e-07 
 1.38005000e-08  1.02315094e+00  1.38005000e-08  4.17405530e-06  1.38005000e-08  8.00977902e-07 
 1.38015000e-08  1.06299596e+00  1.38015000e-08  3.69477717e-06  1.38015000e-08  2.33090016e-07 
 1.38025000e-08  1.10249688e+00  1.38025000e-08  3.98029894e-06  1.38025000e-08  7.94624501e-07 
 1.38035000e-08  1.14177787e+00  1.38035000e-08  3.51290501e-06  1.38035000e-08  2.03898488e-07 
 1.40235000e-08  1.94993607e+00  1.40235000e-08  8.47161383e-01  1.40235000e-08 -7.55782425e-05 
 1.40245000e-08  1.94993650e+00  1.40245000e-08  9.09046439e-01  1.40245000e-08 -1.04884313e-04 
 1.40255000e-08  1.94993707e+00  1.40255000e-08  9.70149411e-01  1.40255000e-08 -1.23634307e-04 
 1.40265000e-08  1.94993750e+00  1.40265000e-08  1.03043771e+00  1.40265000e-08 -1.35483059e-04 
 1.40275000e-08  1.94993806e+00  1.40275000e-08  1.08992616e+00  1.40275000e-08 -1.44474764e-04 
 1.40285000e-08  1.94993847e+00  1.40285000e-08  1.14877572e+00  1.40285000e-08 -1.59077095e-04 
 1.41445000e-08  1.94996667e+00  1.41445000e-08  1.94992282e+00  1.41445000e-08  8.89714135e-01 
 1.41455000e-08  1.94996685e+00  1.41455000e-08  1.94993050e+00  1.41455000e-08  9.50117271e-01 
 1.41465000e-08  1.94996694e+00  1.41465000e-08  1.94993604e+00  1.41465000e-08  1.00980966e+00 
 1.41475000e-08  1.94996710e+00  1.41475000e-08  1.94994237e+00  1.41475000e-08  1.07163093e+00 
 1.41485000e-08  1.94996719e+00  1.41485000e-08  1.94994723e+00  1.41485000e-08  1.13938471e+00 
 1.41495000e-08  1.94996734e+00  1.41495000e-08  1.94994341e+00  1.41495000e-08  1.21282135e+00 
 1.43345000e-08  1.14568828e+00  1.43345000e-08  1.94999864e+00  1.43345000e-08  1.94998673e+00 
 1.43355000e-08  1.09365365e+00  1.43355000e-08  1.94999884e+00  1.43355000e-08  1.94999227e+00 
 1.43365000e-08  1.04191657e+00  1.43365000e-08  1.94999866e+00  1.43365000e-08  1.94998772e+00 
 1.43375000e-08  9.90371315e-01  1.43375000e-08  1.94999886e+00  1.43375000e-08  1.94999552e+00 
 1.43385000e-08  9.38991343e-01  1.43385000e-08  1.94999868e+00  1.43385000e-08  1.94998818e+00 
 1.43395000e-08  8.87701293e-01  1.43395000e-08  1.94999888e+00  1.43395000e-08  1.94999346e+00 
 1.46625000e-08  8.03778009e-06  1.46625000e-08  1.15859288e+00  1.46625000e-08  1.94994396e+00 
 1.46635000e-08  7.80401540e-06  1.46635000e-08  1.10668397e+00  1.46635000e-08  1.94993995e+00 
 1.46645000e-08  7.54250187e-06  1.46645000e-08  1.05401114e+00  1.46645000e-08  1.94993899e+00 
 1.46655000e-08  7.31974426e-06  1.46655000e-08  1.00055072e+00  1.46655000e-08  1.94994373e+00 
 1.46665000e-08  7.07080811e-06  1.46665000e-08  9.46329610e-01  1.46665000e-08  1.94995397e+00 
 1.46675000e-08  6.86167095e-06  1.46675000e-08  8.91337252e-01  1.46675000e-08  1.94997123e+00 
 1.49205000e-08  9.40544150e-01  1.49205000e-08  2.47665583e-06  1.49205000e-08  1.94999522e+00 
 1.49215000e-08  9.81339221e-01  1.49215000e-08  2.06711545e-06  1.49215000e-08  1.94999561e+00 
 1.49225000e-08  1.02163907e+00  1.49225000e-08  2.36841134e-06  1.49225000e-08  1.94999546e+00 
 1.49235000e-08  1.06149882e+00  1.49235000e-08  1.96876811e-06  1.49235000e-08  1.94999583e+00 
 1.49245000e-08  1.10101102e+00  1.49245000e-08  2.26692536e-06  1.49245000e-08  1.94999569e+00 
 1.49255000e-08  1.14029740e+00  1.49255000e-08  1.87678884e-06  1.49255000e-08  1.94999605e+00 
 1.51455000e-08  1.94993602e+00  1.51455000e-08  8.46081509e-01  1.51455000e-08  1.94994437e+00 
 1.51465000e-08  1.94993653e+00  1.51465000e-08  9.07878951e-01  1.51465000e-08  1.94985282e+00 
 1.51475000e-08  1.94993703e+00  1.51475000e-08  9.68803482e-01  1.51475000e-08  1.94974551e+00 
 1.51485000e-08  1.94993751e+00  1.51485000e-08  1.02882195e+00  1.51485000e-08  1.94963583e+00 
 1.51495000e-08  1.94993800e+00  1.51495000e-08  1.08795503e+00  1.51495000e-08  1.94954042e+00 
 1.51505000e-08  1.94993848e+00  1.51505000e-08  1.14640456e+00  1.51505000e-08  1.94943428e+00 
 1.52805000e-08  1.94996842e+00  1.52805000e-08  1.94996319e+00  1.52805000e-08  1.18002073e+00 
 1.52815000e-08  1.94996858e+00  1.52815000e-08  1.94999114e+00  1.52815000e-08  1.12248784e+00 
 1.52825000e-08  1.94996870e+00  1.52825000e-08  1.95001714e+00  1.52825000e-08  1.06480524e+00 
 1.52835000e-08  1.94996890e+00  1.52835000e-08  1.95004356e+00  1.52835000e-08  1.00679406e+00 
 1.52845000e-08  1.94996904e+00  1.52845000e-08  1.95006191e+00  1.52845000e-08  9.48315371e-01 
 1.52855000e-08  1.94996918e+00  1.52855000e-08  1.95007767e+00  1.52855000e-08  8.89232214e-01 
 1.54565000e-08  1.14771936e+00  1.54565000e-08  1.94999851e+00  1.54565000e-08  8.40156644e-05 
 1.54575000e-08  1.09567447e+00  1.54575000e-08  1.94999885e+00  1.54575000e-08  8.47484255e-05 
 1.54585000e-08  1.04392778e+00  1.54585000e-08  1.94999853e+00  1.54585000e-08  7.85252275e-05 
 1.54595000e-08  9.92377324e-01  1.54595000e-08  1.94999886e+00  1.54595000e-08  7.93107993e-05 
 1.54605000e-08  9.40992363e-01  1.54605000e-08  1.94999855e+00  1.54605000e-08  7.37371207e-05 
 1.54615000e-08  8.89700042e-01  1.54615000e-08  1.94999888e+00  1.54615000e-08  7.47272496e-05 
 1.57845000e-08  8.08207434e-06  1.57845000e-08  1.16077236e+00  1.57845000e-08 -3.24096052e-06 
 1.57855000e-08  7.81535435e-06  1.57855000e-08  1.10889551e+00  1.57855000e-08 -1.57862962e-06 
 1.57865000e-08  7.54342047e-06  1.57865000e-08  1.05625308e+00  1.57865000e-08 -8.99861229e-07 
 1.57875000e-08  7.31632459e-06  1.57875000e-08  1.00282481e+00  1.57875000e-08  2.03233737e-06 
 1.57885000e-08  7.07746005e-06  1.57885000e-08  9.48634359e-01  1.57885000e-08  3.48182557e-06 
 1.57895000e-08  6.86227425e-06  1.57895000e-08  8.93674036e-01  1.57895000e-08  6.56408280e-06 
 1.60425000e-08  9.39805220e-01  1.60425000e-08  4.38201972e-06  1.60425000e-08  7.91245134e-07 
 1.60435000e-08  9.80609447e-01  1.60435000e-08  3.89617934e-06  1.60435000e-08  2.64675594e-07 
 1.60445000e-08  1.02091797e+00  1.60445000e-08  4.17611580e-06  1.60445000e-08  7.82131414e-07 
 1.60455000e-08  1.06078479e+00  1.60455000e-08  3.70254330e-06  1.60455000e-08  2.36526296e-07 
 1.60465000e-08  1.10030242e+00  1.60465000e-08  3.98171743e-06  1.60465000e-08  7.43504416e-07 
 1.60475000e-08  1.13959144e+00  1.60475000e-08  3.52104862e-06  1.60475000e-08  2.28708181e-07 
 1.62675000e-08  1.94993599e+00  1.62675000e-08  8.43835029e-01  1.62675000e-08 -7.37083158e-05 
 1.62685000e-08  1.94993653e+00  1.62685000e-08  9.05761446e-01  1.62685000e-08 -1.03427934e-04 
 1.62695000e-08  1.94993701e+00  1.62695000e-08  9.66905902e-01  1.62695000e-08 -1.22434773e-04 
 1.62705000e-08  1.94993752e+00  1.62705000e-08  1.02723675e+00  1.62705000e-08 -1.35125642e-04 
 1.62715000e-08  1.94993798e+00  1.62715000e-08  1.08676436e+00  1.62715000e-08 -1.43623039e-04 
 1.62725000e-08  1.94993848e+00  1.62725000e-08  1.14564323e+00  1.62725000e-08 -1.58481850e-04 
 1.63885000e-08  1.94996668e+00  1.63885000e-08  1.94992269e+00  1.63885000e-08  8.86440687e-01 
 1.63895000e-08  1.94996683e+00  1.63895000e-08  1.94993008e+00  1.63895000e-08  9.46910630e-01 
 1.63905000e-08  1.94996695e+00  1.63905000e-08  1.94993590e+00  1.63905000e-08  1.00660118e+00 
 1.63915000e-08  1.94996708e+00  1.63915000e-08  1.94994171e+00  1.63915000e-08  1.06823082e+00 
 1.63925000e-08  1.94996720e+00  1.63925000e-08  1.94994785e+00  1.63925000e-08  1.13550687e+00 
 1.63935000e-08  1.94996732e+00  1.63935000e-08  1.94994325e+00  1.63935000e-08  1.20891566e+00 
 1.65785000e-08  1.14837145e+00  1.65785000e-08  1.94999864e+00  1.65785000e-08  1.94998728e+00 
 1.65795000e-08  1.09632189e+00  1.65795000e-08  1.94999884e+00  1.65795000e-08  1.94999621e+00 
 1.65805000e-08  1.04457074e+00  1.65805000e-08  1.94999866e+00  1.65805000e-08  1.94998742e+00 
 1.65815000e-08  9.93017331e-01  1.65815000e-08  1.94999886e+00  1.65815000e-08  1.94999376e+00 
 1.65825000e-08  9.41629680e-01  1.65825000e-08  1.94999868e+00  1.65825000e-08  1.94998533e+00 
 1.65835000e-08  8.90335867e-01  1.65835000e-08  1.94999887e+00  1.65835000e-08  1.94999149e+00 
 1.69065000e-08  8.08566631e-06  1.69065000e-08  1.16124545e+00  1.69065000e-08  1.94994424e+00 
 1.69075000e-08  7.81664487e-06  1.69075000e-08  1.10937759e+00  1.69075000e-08  1.94994012e+00 
 1.69085000e-08  7.54699153e-06  1.69085000e-08  1.05674382e+00  1.69085000e-08  1.94993889e+00 
 1.69095000e-08  7.31749503e-06  1.69095000e-08  1.00332428e+00  1.69095000e-08  1.94994337e+00 
 1.69105000e-08  7.08000158e-06  1.69105000e-08  9.49141871e-01  1.69105000e-08  1.94995326e+00 
 1.69115000e-08  6.86233564e-06  1.69115000e-08  8.94189217e-01  1.69115000e-08  1.94997021e+00 
 1.71645000e-08  9.38274349e-01  1.71645000e-08  2.45562509e-06  1.71645000e-08  1.94999515e+00 
 1.71655000e-08  9.79097666e-01  1.71655000e-08  2.09335864e-06  1.71655000e-08  1.94999566e+00 
 1.71665000e-08  1.01942413e+00  1.71665000e-08  2.34760745e-06  1.71665000e-08  1.94999540e+00 
 1.71675000e-08  1.05930574e+00  1.71675000e-08  1.99444454e-06  1.71675000e-08  1.94999588e+00 
 1.71685000e-08  1.09883466e+00  1.71685000e-08  2.24635276e-06  1.71685000e-08  1.94999563e+00 
 1.71695000e-08  1.13812939e+00  1.71695000e-08  1.90192707e-06  1.71695000e-08  1.94999610e+00 
 1.73905000e-08  1.94993654e+00  1.73905000e-08  9.04527837e-01  1.73905000e-08  1.94985814e+00 
 1.73915000e-08  1.94993696e+00  1.73915000e-08  9.65500347e-01  1.73915000e-08  1.94975160e+00 
 1.73925000e-08  1.94993754e+00  1.73925000e-08  1.02556924e+00  1.73925000e-08  1.94964174e+00 
 1.73935000e-08  1.94993793e+00  1.73935000e-08  1.08474671e+00  1.73935000e-08  1.94954573e+00 
 1.73945000e-08  1.94993850e+00  1.73945000e-08  1.14322586e+00  1.73945000e-08  1.94944036e+00 
 1.73955000e-08  1.94993889e+00  1.73955000e-08  1.20146005e+00  1.73955000e-08  1.94931730e+00 
 1.75245000e-08  1.94996843e+00  1.75245000e-08  1.94996174e+00  1.75245000e-08  1.18317136e+00 
 1.75255000e-08  1.94996855e+00  1.75255000e-08  1.94998973e+00  1.75255000e-08  1.12564030e+00 
 1.75265000e-08  1.94996870e+00  1.75265000e-08  1.95001562e+00  1.75265000e-08  1.06797295e+00 
 1.75275000e-08  1.94996887e+00  1.75275000e-08  1.95004232e+00  1.75275000e-08  1.00998134e+00 
 1.75285000e-08  1.94996905e+00  1.75285000e-08  1.95006093e+00  1.75285000e-08  9.51534367e-01 
 1.75295000e-08  1.94996916e+00  1.75295000e-08  1.95007698e+00  1.75295000e-08  8.92484596e-01 
 1.77005000e-08  1.15026316e+00  1.77005000e-08  1.94999851e+00  1.77005000e-08  8.34138986e-05 
 1.77015000e-08  1.09820417e+00  1.77015000e-08  1.94999885e+00  1.77015000e-08  8.53755046e-05 
 1.77025000e-08  1.04644407e+00  1.77025000e-08  1.94999853e+00  1.77025000e-08  7.83382493e-05 
 1.77035000e-08  9.94885834e-01  1.77035000e-08  1.94999886e+00  1.77035000e-08  8.05019209e-05 
 1.77045000e-08  9.43493604e-01  1.77045000e-08  1.94999855e+00  1.77045000e-08  7.33146821e-05 
 1.77055000e-08  8.92197751e-01  1.77055000e-08  1.94999888e+00  1.77055000e-08  7.55053443e-05 
 1.80285000e-08  8.09972668e-06  1.80285000e-08  1.16309238e+00  1.80285000e-08 -3.30462672e-06 
 1.80295000e-08  7.83840943e-06  1.80295000e-08  1.11125146e+00  1.80295000e-08 -1.58489334e-06 
 1.80305000e-08  7.58632491e-06  1.80305000e-08  1.05864322e+00  1.80305000e-08 -1.01078514e-06 
 1.80315000e-08  7.34093597e-06  1.80315000e-08  1.00525071e+00  1.80315000e-08  1.98885089e-06 
 1.80325000e-08  7.10395805e-06  1.80325000e-08  9.51094127e-01  1.80325000e-08  3.34008201e-06 
 1.80335000e-08  6.87447389e-06  1.80335000e-08  8.96168547e-01  1.80335000e-08  6.48213929e-06 
 1.82865000e-08  9.37588888e-01  1.82865000e-08  4.37924630e-06  1.82865000e-08  7.53817131e-07 
 1.82875000e-08  9.78420905e-01  1.82875000e-08  3.90809520e-06  1.82875000e-08  2.89041479e-07 
 1.82885000e-08  1.01875527e+00  1.82885000e-08  4.17323304e-06  1.82885000e-08  7.44011141e-07 
 1.82895000e-08  1.05864369e+00  1.82895000e-08  3.71404219e-06  1.82895000e-08  2.61268592e-07 
 1.82905000e-08  1.09817758e+00  1.82905000e-08  3.97878495e-06  1.82905000e-08  7.07016256e-07 
 1.82915000e-08  1.13747505e+00  1.82915000e-08  3.53209267e-06  1.82915000e-08  2.52341933e-07 
 1.85125000e-08  1.94993654e+00  1.85125000e-08  9.02790368e-01  1.85125000e-08 -1.02299966e-04 
 1.85135000e-08  1.94993693e+00  1.85135000e-08  9.63973443e-01  1.85135000e-08 -1.21638400e-04 
 1.85145000e-08  1.94993754e+00  1.85145000e-08  1.02434407e+00  1.85145000e-08 -1.34744680e-04 
 1.85155000e-08  1.94993791e+00  1.85155000e-08  1.08390803e+00  1.85155000e-08 -1.43003215e-04 
 1.85165000e-08  1.94993850e+00  1.85165000e-08  1.14281338e+00  1.85165000e-08 -1.57913255e-04 
 1.85175000e-08  1.94993887e+00  1.85175000e-08  1.20133646e+00  1.85175000e-08 -1.73445171e-04 
 1.86325000e-08  1.94996669e+00  1.86325000e-08  1.94992247e+00  1.86325000e-08  8.83477175e-01 
 1.86335000e-08  1.94996681e+00  1.86335000e-08  1.94992968e+00  1.86335000e-08  9.44010229e-01 
 1.86345000e-08  1.94996696e+00  1.86345000e-08  1.94993568e+00  1.86345000e-08  1.00370529e+00 
 1.86355000e-08  1.94996706e+00  1.86355000e-08  1.94994110e+00  1.86355000e-08  1.06516808e+00 
 1.86365000e-08  1.94996721e+00  1.86365000e-08  1.94994833e+00  1.86365000e-08  1.13201742e+00 
 1.86375000e-08  1.94996730e+00  1.86375000e-08  1.94994312e+00  1.86375000e-08  1.20538346e+00 
 1.88225000e-08  1.15082944e+00  1.88225000e-08  1.94999864e+00  1.88225000e-08  1.94998264e+00 
 1.88235000e-08  1.09876628e+00  1.88235000e-08  1.94999883e+00  1.88235000e-08  1.94998994e+00 
 1.88245000e-08  1.04700227e+00  1.88245000e-08  1.94999866e+00  1.88245000e-08  1.94998398e+00 
 1.88255000e-08  9.95441414e-01  1.88255000e-08  1.94999885e+00  1.88255000e-08  1.94999417e+00 
 1.88265000e-08  9.44046783e-01  1.88265000e-08  1.94999868e+00  1.88265000e-08  1.94998458e+00 
 1.88275000e-08  8.92749593e-01  1.88275000e-08  1.94999887e+00  1.88275000e-08  1.94999156e+00 
 1.91505000e-08  8.10308099e-06  1.91505000e-08  1.16358191e+00  1.91505000e-08  1.94994448e+00 
 1.91515000e-08  7.83926455e-06  1.91515000e-08  1.11175024e+00  1.91515000e-08  1.94994027e+00 
 1.91525000e-08  7.58854565e-06  1.91525000e-08  1.05915092e+00  1.91525000e-08  1.94993882e+00 
 1.91535000e-08  7.34090784e-06  1.91535000e-08  1.00576741e+00  1.91535000e-08  1.94994307e+00 
 1.91545000e-08  7.10708059e-06  1.91545000e-08  9.51619120e-01  1.91545000e-08  1.94995265e+00 
 1.91555000e-08  6.87536277e-06  1.91555000e-08  8.96701451e-01  1.91555000e-08  1.94996933e+00 
 1.94085000e-08  9.36280030e-01  1.94085000e-08  2.44014954e-06  1.94085000e-08  1.94999515e+00 
 1.94095000e-08  9.77128685e-01  1.94095000e-08  2.11354463e-06  1.94095000e-08  1.94999565e+00 
 1.94105000e-08  1.01747817e+00  1.94105000e-08  2.33228794e-06  1.94105000e-08  1.94999540e+00 
 1.94115000e-08  1.05737963e+00  1.94115000e-08  2.01416919e-06  1.94115000e-08  1.94999587e+00 
 1.94125000e-08  1.09692308e+00  1.94125000e-08  2.23119331e-06  1.94125000e-08  1.94999563e+00 
 1.94135000e-08  1.13622590e+00  1.94135000e-08  1.92119742e-06  1.94135000e-08  1.94999609e+00 
 1.96345000e-08  1.94993655e+00  1.96345000e-08  9.01861702e-01  1.96345000e-08  1.94986241e+00 
 1.96355000e-08  1.94993689e+00  1.96355000e-08  9.62871705e-01  1.96355000e-08  1.94975644e+00 
 1.96365000e-08  1.94993756e+00  1.96365000e-08  1.02298001e+00  1.96365000e-08  1.94964641e+00 
 1.96375000e-08  1.94993788e+00  1.96375000e-08  1.08219410e+00  1.96375000e-08  1.94954988e+00 
 1.96385000e-08  1.94993852e+00  1.96385000e-08  1.14069680e+00  1.96385000e-08  1.94944515e+00 
 1.96395000e-08  1.94993883e+00  1.96395000e-08  1.19892383e+00  1.96395000e-08  1.94932304e+00 
 1.97685000e-08  1.94996843e+00  1.97685000e-08  1.94996065e+00  1.97685000e-08  1.18568810e+00 
 1.97695000e-08  1.94996854e+00  1.97695000e-08  1.94998854e+00  1.97695000e-08  1.12815822e+00 
 1.97705000e-08  1.94996871e+00  1.97705000e-08  1.95001446e+00  1.97705000e-08  1.07050253e+00 
 1.97715000e-08  1.94996886e+00  1.97715000e-08  1.95004126e+00  1.97715000e-08  1.01252618e+00 
 1.97725000e-08  1.94996905e+00  1.97725000e-08  1.95006022e+00  1.97725000e-08  9.54104118e-01 
 1.97735000e-08  1.94996915e+00  1.97735000e-08  1.95007639e+00  1.97735000e-08  8.95080685e-01 
 1.99445000e-08  1.15264939e+00  1.99445000e-08  1.94999852e+00  1.99445000e-08  8.32136336e-05 
 1.99455000e-08  1.10057689e+00  1.99455000e-08  1.94999884e+00  1.99455000e-08  8.64606596e-05 
 1.99465000e-08  1.04880406e+00  1.99465000e-08  1.94999854e+00  1.99465000e-08  7.76402904e-05 
 1.99475000e-08  9.97238374e-01  1.99475000e-08  1.94999885e+00  1.99475000e-08  8.08776367e-05 
 1.99485000e-08  9.45839163e-01  1.99485000e-08  1.94999856e+00  1.99485000e-08  7.29186681e-05 
 1.99495000e-08  8.94539879e-01  1.99495000e-08  1.94999887e+00  1.99495000e-08  7.63306377e-05 
 2.02725000e-08  8.11569237e-06  2.02725000e-08  1.16541003e+00  2.02725000e-08 -3.35784057e-06 
 2.02735000e-08  7.84479804e-06  2.02735000e-08  1.11360503e+00  2.02735000e-08 -1.59066649e-06 
 2.02745000e-08  7.60134115e-06  2.02745000e-08  1.06103097e+00  2.02745000e-08 -1.23732475e-06 
 2.02755000e-08  7.34674967e-06  2.02755000e-08  1.00767422e+00  2.02755000e-08  1.79784282e-06 
 2.02765000e-08  7.11932147e-06  2.02765000e-08  9.53551510e-01  2.02765000e-08  3.15031354e-06 
 2.02775000e-08  6.88080829e-06  2.02775000e-08  8.98660666e-01  2.02775000e-08  6.38252939e-06 
 2.05305000e-08  9.35228232e-01  2.05305000e-08  4.37142242e-06  2.05305000e-08  7.11389940e-07 
 2.05315000e-08  9.76090283e-01  2.05315000e-08  3.92512429e-06  2.05315000e-08  3.15609697e-07 
 2.05325000e-08  1.01645197e+00  2.05325000e-08  4.16531059e-06  2.05325000e-08  7.00660407e-07 
 2.05335000e-08  1.05636397e+00  2.05335000e-08  3.73063173e-06  2.05335000e-08  2.88431034e-07 
 2.05345000e-08  1.09591520e+00  2.05345000e-08  3.97082367e-06  2.05345000e-08  6.65696626e-07 
 2.05355000e-08  1.13522242e+00  2.05355000e-08  3.54819586e-06  2.05355000e-08  2.78231751e-07 
 2.07565000e-08  1.94993657e+00  2.07565000e-08  8.98995449e-01  2.07565000e-08 -1.00649171e-04 
 2.07575000e-08  1.94993686e+00  2.07575000e-08  9.60230707e-01  2.07575000e-08 -1.20752152e-04 
 2.07585000e-08  1.94993755e+00  2.07585000e-08  1.02065369e+00  2.07585000e-08 -1.34285311e-04 
 2.07595000e-08  1.94993783e+00  2.07595000e-08  1.08026531e+00  2.07595000e-08 -1.42170326e-04 
 2.07605000e-08  1.94993852e+00  2.07605000e-08  1.13920496e+00  2.07605000e-08 -1.57144870e-04 
 2.07615000e-08  1.94993879e+00  2.07615000e-08  1.19773851e+00  2.07615000e-08 -1.72200177e-04 
 2.08765000e-08  1.94996670e+00  2.08765000e-08  1.94992215e+00  2.08765000e-08  8.79722719e-01 
 2.08775000e-08  1.94996679e+00  2.08775000e-08  1.94992921e+00  2.08775000e-08  9.40338879e-01 
 2.08785000e-08  1.94996696e+00  2.08785000e-08  1.94993535e+00  2.08785000e-08  1.00004725e+00 
 2.08795000e-08  1.94996704e+00  2.08795000e-08  1.94994083e+00  2.08795000e-08  1.06122797e+00 
 2.08805000e-08  1.94996721e+00  2.08805000e-08  1.94994821e+00  2.08805000e-08  1.12765340e+00 
 2.08815000e-08  1.94996728e+00  2.08815000e-08  1.94994305e+00  2.08815000e-08  1.20088749e+00 
 2.10665000e-08  1.15338006e+00  2.10665000e-08  1.94999866e+00  2.10665000e-08  1.94998585e+00 
 2.10675000e-08  1.10130257e+00  2.10675000e-08  1.94999882e+00  2.10675000e-08  1.94999538e+00 
 2.10685000e-08  1.04952494e+00  2.10685000e-08  1.94999868e+00  2.10685000e-08  1.94998616e+00 
 2.10695000e-08  9.97956116e-01  2.10695000e-08  1.94999883e+00  2.10695000e-08  1.94999274e+00 
 2.10705000e-08  9.46554056e-01  2.10705000e-08  1.94999870e+00  2.10705000e-08  1.94998689e+00 
 2.10715000e-08  8.95253223e-01  2.10715000e-08  1.94999886e+00  2.10715000e-08  1.94999590e+00 
 2.13945000e-08  8.11993688e-06  2.13945000e-08  1.16602523e+00  2.13945000e-08  1.94994479e+00 
 2.13955000e-08  7.84605566e-06  2.13955000e-08  1.11423143e+00  2.13955000e-08  1.94994038e+00 
 2.13965000e-08  7.60515046e-06  2.13965000e-08  1.06166815e+00  2.13965000e-08  1.94993881e+00 
 2.13975000e-08  7.34819161e-06  2.13975000e-08  1.00832234e+00  2.13975000e-08  1.94994271e+00 
 2.13985000e-08  7.12344480e-06  2.13985000e-08  9.54209831e-01  2.13985000e-08  1.94995207e+00 
 2.13995000e-08  6.88207382e-06  2.13995000e-08  8.99328858e-01  2.13995000e-08  1.94996836e+00 
 2.16525000e-08  9.34207624e-01  2.16525000e-08  2.42542243e-06  2.16525000e-08  1.94999518e+00 
 2.16535000e-08  9.75082679e-01  2.16535000e-08  2.13318631e-06  2.16535000e-08  1.94999561e+00 
 2.16545000e-08  1.01545623e+00  2.16545000e-08  2.31769449e-06  2.16545000e-08  1.94999542e+00 
 2.16555000e-08  1.05537850e+00  2.16555000e-08  2.03334822e-06  2.16555000e-08  1.94999584e+00 
 2.16565000e-08  1.09493734e+00  2.16565000e-08  2.21674748e-06  2.16565000e-08  1.94999565e+00 
 2.16575000e-08  1.13424892e+00  2.16575000e-08  1.93993305e-06  2.16575000e-08  1.94999605e+00 
 2.18785000e-08  1.94993657e+00  2.18785000e-08  8.98452566e-01  2.18785000e-08  1.94986781e+00 
 2.18795000e-08  1.94993683e+00  2.18795000e-08  9.59512601e-01  2.18795000e-08  1.94976258e+00 
 2.18805000e-08  1.94993756e+00  2.18805000e-08  1.01967132e+00  2.18805000e-08  1.94965241e+00 
 2.18815000e-08  1.94993780e+00  2.18815000e-08  1.07893271e+00  2.18815000e-08  1.94955504e+00 
 2.18825000e-08  1.94993852e+00  2.18825000e-08  1.13746686e+00  2.18825000e-08  1.94945131e+00 
 2.18835000e-08  1.94993876e+00  2.18835000e-08  1.19568836e+00  2.18835000e-08  1.94933038e+00 
 2.20125000e-08  1.94996843e+00  2.20125000e-08  1.94995925e+00  2.20125000e-08  1.18889744e+00 
 2.20135000e-08  1.94996852e+00  2.20135000e-08  1.94998702e+00  2.20135000e-08  1.13136879e+00 
 2.20145000e-08  1.94996871e+00  2.20145000e-08  1.95001297e+00  2.20145000e-08  1.07372757e+00 
 2.20155000e-08  1.94996883e+00  2.20155000e-08  1.95003989e+00  2.20155000e-08  1.01577033e+00 
 2.20165000e-08  1.94996905e+00  2.20165000e-08  1.95005930e+00  2.20165000e-08  9.57379757e-01 
 2.20175000e-08  1.94996913e+00  2.20175000e-08  1.95007562e+00  2.20175000e-08  8.98389752e-01 
 2.21885000e-08  1.15536917e+00  2.21885000e-08  1.94999854e+00  2.21885000e-08  8.24263211e-05 
 2.21895000e-08  1.10328138e+00  2.21895000e-08  1.94999882e+00  2.21895000e-08  8.72099577e-05 
 2.21905000e-08  1.05149388e+00  2.21905000e-08  1.94999856e+00  2.21905000e-08  7.74405406e-05 
 2.21915000e-08  9.99919580e-01  2.21915000e-08  1.94999884e+00  2.21915000e-08  8.23965624e-05 
 2.21925000e-08  9.48512449e-01  2.21925000e-08  1.94999857e+00  2.21925000e-08  7.21110975e-05 
 2.21935000e-08  8.97209306e-01  2.21935000e-08  1.94999885e+00  2.21935000e-08  7.70046377e-05 
 2.25165000e-08  8.13405005e-06  2.25165000e-08  1.16808792e+00  2.25165000e-08 -3.42879042e-06 
 2.25175000e-08  7.85223332e-06  2.25175000e-08  1.11632444e+00  2.25175000e-08 -1.59026603e-06 
 2.25185000e-08  7.61869641e-06  2.25185000e-08  1.06378988e+00  2.25185000e-08 -1.37723884e-06 
 2.25195000e-08  7.35347705e-06  2.25195000e-08  1.01047446e+00  2.25195000e-08  1.73615521e-06 
 2.25205000e-08  7.13588413e-06  2.25205000e-08  9.56390954e-01  2.25205000e-08  2.98061898e-06 
 2.25215000e-08  6.88680471e-06  2.25215000e-08  9.01540326e-01  2.25215000e-08  6.28901055e-06 
 2.27745000e-08  9.33252228e-01  2.27745000e-08  4.36266723e-06  2.27745000e-08  6.33314475e-07 
 2.27755000e-08  9.74139485e-01  2.27755000e-08  3.94492987e-06  2.27755000e-08  3.34138458e-07 
 2.27765000e-08  1.01452417e+00  2.27765000e-08  4.15613215e-06  2.27765000e-08  5.80482173e-07 
 2.27775000e-08  1.05445611e+00  2.27775000e-08  3.74981907e-06  2.27775000e-08  2.35012867e-07 
 2.27785000e-08  1.09402341e+00  2.27785000e-08  3.96158962e-06  2.27785000e-08  5.90381211e-07 
 2.27795000e-08  1.13334045e+00  2.27795000e-08  3.56675587e-06  2.27795000e-08  2.96570898e-07 
 2.30005000e-08  1.94993657e+00  2.30005000e-08  8.95781591e-01  2.30005000e-08 -9.92259487e-05 
 2.30015000e-08  1.94993680e+00  2.30015000e-08  9.57058956e-01  2.30015000e-08 -1.19931587e-04 
 2.30025000e-08  1.94993757e+00  2.30025000e-08  1.01752445e+00  2.30025000e-08 -1.33855367e-04 
 2.30035000e-08  1.94993779e+00  2.30035000e-08  1.07717668e+00  2.30035000e-08 -1.41586763e-04 
 2.30045000e-08  1.94993854e+00  2.30045000e-08  1.13614613e+00  2.30045000e-08 -1.56354189e-04 
 2.30055000e-08  1.94993874e+00  2.30055000e-08  1.19469003e+00  2.30055000e-08 -1.71244878e-04 
 2.31205000e-08  1.94996670e+00  2.31205000e-08  1.94992188e+00  2.31205000e-08  8.76524339e-01 
 2.31215000e-08  1.94996677e+00  2.31215000e-08  1.94992881e+00  2.31215000e-08  9.37212995e-01 
 2.31225000e-08  1.94996697e+00  2.31225000e-08  1.94993506e+00  2.31225000e-08  9.96938103e-01 
 2.31235000e-08  1.94996702e+00  2.31235000e-08  1.94994063e+00  2.31235000e-08  1.05789685e+00 
 2.31245000e-08  1.94996721e+00  2.31245000e-08  1.94994803e+00  2.31245000e-08  1.12396649e+00 
 2.31255000e-08  1.94996726e+00  2.31255000e-08  1.94994304e+00  2.31255000e-08  1.19705701e+00 
 2.32835000e-08  2.05291439e+00  2.32835000e-08  1.94999843e+00  2.32835000e-08  1.94999072e+00 
 2.33105000e-08  1.15624340e+00  2.33105000e-08  1.94999867e+00  2.33105000e-08  1.94998725e+00 
 2.33115000e-08  1.10414975e+00  2.33115000e-08  1.94999880e+00  2.33115000e-08  1.94999344e+00 
 2.33125000e-08  1.05235670e+00  2.33125000e-08  1.94999870e+00  2.33125000e-08  1.94998792e+00 
 2.33135000e-08  1.00077881e+00  2.33135000e-08  1.94999882e+00  2.33135000e-08  1.94999627e+00 
 2.33145000e-08  9.49368338e-01  2.33145000e-08  1.94999871e+00  2.33145000e-08  1.94998793e+00 
 2.33155000e-08  8.98063387e-01  2.33155000e-08  1.94999884e+00  2.33155000e-08  1.94999383e+00 
 2.36385000e-08  8.14007209e-06  2.36385000e-08  1.16885384e+00  2.36385000e-08  1.94994515e+00 
 2.36395000e-08  7.85475110e-06  2.36395000e-08  1.11710388e+00  2.36395000e-08  1.94994053e+00 
 2.36405000e-08  7.62408677e-06  2.36405000e-08  1.06458233e+00  2.36405000e-08  1.94993880e+00 
 2.36415000e-08  7.35580354e-06  2.36415000e-08  1.01128020e+00  2.36415000e-08  1.94994232e+00 
 2.36425000e-08  7.14117223e-06  2.36425000e-08  9.57209124e-01  2.36425000e-08  1.94995142e+00 
 2.36435000e-08  6.88877904e-06  2.36435000e-08  9.02370665e-01  2.36435000e-08  1.94996727e+00 
 2.38965000e-08  9.32046914e-01  2.38965000e-08  2.40898451e-06  2.38965000e-08  1.94999520e+00 
 2.38975000e-08  9.72949587e-01  2.38975000e-08  2.15556350e-06  2.38975000e-08  1.94999557e+00 
 2.38985000e-08  1.01334835e+00  2.38985000e-08  2.30140747e-06  2.38985000e-08  1.94999544e+00 
 2.38995000e-08  1.05329254e+00  2.38995000e-08  2.05519071e-06  2.38995000e-08  1.94999580e+00 
 2.39005000e-08  1.09286899e+00  2.39005000e-08  2.20061681e-06  2.39005000e-08  1.94999567e+00 
 2.39015000e-08  1.13219137e+00  2.39015000e-08  1.96126089e-06  2.39015000e-08  1.94999602e+00 
 2.41225000e-08  1.94993657e+00  2.41225000e-08  8.95112912e-01  2.41225000e-08  1.94987305e+00 
 2.41235000e-08  1.94993678e+00  2.41235000e-08  9.56223990e-01  2.41235000e-08  1.94976854e+00 
 2.41245000e-08  1.94993757e+00  2.41245000e-08  1.01643734e+00  2.41245000e-08  1.94965819e+00 
 2.41255000e-08  1.94993775e+00  2.41255000e-08  1.07574843e+00  2.41255000e-08  1.94956006e+00 
 2.41265000e-08  1.94993854e+00  2.41265000e-08  1.13430550e+00  2.41265000e-08  1.94945745e+00 
 2.41275000e-08  1.94993872e+00  2.41275000e-08  1.19251542e+00  2.41275000e-08  1.94933768e+00 
 2.42565000e-08  1.94996843e+00  2.42565000e-08  1.94995793e+00  2.42565000e-08  1.19186521e+00 
 2.42575000e-08  1.94996850e+00  2.42575000e-08  1.94998557e+00  2.42575000e-08  1.13433776e+00 
 2.42585000e-08  1.94996871e+00  2.42585000e-08  1.95001155e+00  2.42585000e-08  1.07671005e+00 
 2.42595000e-08  1.94996882e+00  2.42595000e-08  1.95003860e+00  2.42595000e-08  1.01877045e+00 
 2.42605000e-08  1.94996905e+00  2.42605000e-08  1.95005842e+00  2.42605000e-08  9.60409296e-01 
 2.42615000e-08  1.94996912e+00  2.42615000e-08  1.95007490e+00  2.42615000e-08  9.01450486e-01 
 2.44325000e-08  1.15792868e+00  2.44325000e-08  1.94999855e+00  2.44325000e-08  8.19033020e-05 
 2.44335000e-08  1.10582638e+00  2.44335000e-08  1.94999881e+00  2.44335000e-08  8.80546124e-05 
 2.44345000e-08  1.05402498e+00  2.44345000e-08  1.94999857e+00  2.44345000e-08  7.69455371e-05 
 2.44355000e-08  1.00244247e+00  2.44355000e-08  1.94999882e+00  2.44355000e-08  8.32455461e-05 
 2.44365000e-08  9.51027739e-01  2.44365000e-08  1.94999859e+00  2.44365000e-08  7.15974190e-05 
 2.44375000e-08  8.99720876e-01  2.44375000e-08  1.94999884e+00  2.44375000e-08  7.78052904e-05 
 2.47605000e-08  8.15282265e-06  2.47605000e-08  1.17076623e+00  2.47605000e-08 -3.48344767e-06 
 2.47615000e-08  7.86051519e-06  2.47615000e-08  1.11904429e+00  2.47615000e-08 -1.61241233e-06 
 2.47625000e-08  7.63626073e-06  2.47625000e-08  1.06654925e+00  2.47625000e-08 -1.49885937e-06 
 2.47635000e-08  7.36104623e-06  2.47635000e-08  1.01327520e+00  2.47635000e-08  1.66324526e-06 
 2.47645000e-08  7.15269248e-06  2.47645000e-08  9.59230947e-01  2.47645000e-08  2.83576518e-06 
 2.47655000e-08  6.89358292e-06  2.47655000e-08  9.04420595e-01  2.47655000e-08  6.17892175e-06 
 2.50185000e-08  9.32098451e-01  2.50185000e-08  4.35349952e-06  2.50185000e-08  5.26832564e-07 
 2.50195000e-08  9.73001173e-01  2.50195000e-08  3.96447303e-06  2.50195000e-08  2.74035896e-07 
 2.50205000e-08  1.01340049e+00  2.50205000e-08  4.14696231e-06  2.50205000e-08  5.07367736e-07 
 2.50215000e-08  1.05334579e+00  2.50215000e-08  3.76913456e-06  2.50215000e-08  2.56962421e-07 
 2.50225000e-08  1.09292432e+00  2.50225000e-08  3.95248342e-06  2.50225000e-08  4.89016683e-07 
 2.50235000e-08  1.13225111e+00  2.50235000e-08  3.58534376e-06  2.50235000e-08  2.40963081e-07 
 2.52445000e-08  1.94993657e+00  2.52445000e-08  8.94243526e-01  2.52445000e-08 -9.85590501e-05 
 2.52455000e-08  1.94993676e+00  2.52455000e-08  9.55540938e-01  2.52455000e-08 -1.19514011e-04 
 2.52465000e-08  1.94993756e+00  2.52465000e-08  1.01602941e+00  2.52465000e-08 -1.33709199e-04 
 2.52475000e-08  1.94993775e+00  2.52475000e-08  1.07570379e+00  2.52475000e-08 -1.41338958e-04 
 2.52485000e-08  1.94993852e+00  2.52485000e-08  1.13468777e+00  2.52485000e-08 -1.55950932e-04 
 2.52495000e-08  1.94993870e+00  2.52495000e-08  1.19323735e+00  2.52495000e-08 -1.70771333e-04 
 2.53645000e-08  1.94996670e+00  2.53645000e-08  1.94992175e+00  2.53645000e-08  8.75012140e-01 
 2.53655000e-08  1.94996676e+00  2.53655000e-08  1.94992862e+00  2.53655000e-08  9.35735486e-01 
 2.53665000e-08  1.94996697e+00  2.53665000e-08  1.94993493e+00  2.53665000e-08  9.95469958e-01 
 2.53675000e-08  1.94996702e+00  2.53675000e-08  1.94994053e+00  2.53675000e-08  1.05633270e+00 
 2.53685000e-08  1.94996722e+00  2.53685000e-08  1.94994794e+00  2.53685000e-08  1.12223245e+00 
 2.53695000e-08  1.94996725e+00  2.53695000e-08  1.94994304e+00  2.53695000e-08  1.19524607e+00 
 2.55545000e-08  1.15722509e+00  2.55545000e-08  1.94999868e+00  2.55545000e-08  1.94999371e+00 
 2.55555000e-08  1.10512643e+00  2.55555000e-08  1.94999879e+00  2.55555000e-08  1.95000083e+00 
 2.55565000e-08  1.05332859e+00  2.55565000e-08  1.94999870e+00  2.55565000e-08  1.94999386e+00 
 2.55575000e-08  1.00174807e+00  2.55575000e-08  1.94999881e+00  2.55575000e-08  1.95000074e+00 
 2.55585000e-08  9.50335110e-01  2.55585000e-08  1.94999872e+00  2.55585000e-08  1.94999399e+00 
 2.55595000e-08  8.99029136e-01  2.55595000e-08  1.94999883e+00  2.55595000e-08  1.95000077e+00 
 2.58475000e-08  2.56394310e-05  2.58475000e-08  2.00598831e+00  2.58475000e-08  1.94999900e+00 
 2.58825000e-08  8.14806136e-06  2.58825000e-08  1.16990618e+00  2.58825000e-08  1.94994528e+00 
 2.58835000e-08  7.85854465e-06  2.58835000e-08  1.11817255e+00  2.58835000e-08  1.94994058e+00 
 2.58845000e-08  7.63171941e-06  2.58845000e-08  1.06566654e+00  2.58845000e-08  1.94993881e+00 
 2.58855000e-08  7.35927845e-06  2.58855000e-08  1.01238067e+00  2.58855000e-08  1.94994218e+00 
 2.58865000e-08  7.14839520e-06  2.58865000e-08  9.58325031e-01  2.58865000e-08  1.94995118e+00 
 2.58875000e-08  6.89185308e-06  2.58875000e-08  9.03502412e-01  2.58875000e-08  1.94996687e+00 
 2.61405000e-08  9.32303132e-01  2.61405000e-08  2.40323232e-06  2.61405000e-08  1.94999521e+00 
 2.61415000e-08  9.73202525e-01  2.61415000e-08  2.16359010e-06  2.61415000e-08  1.94999556e+00 
 2.61425000e-08  1.01359829e+00  2.61425000e-08  2.29570668e-06  2.61425000e-08  1.94999545e+00 
 2.61435000e-08  1.05353988e+00  2.61435000e-08  2.06301437e-06  2.61435000e-08  1.94999579e+00 
 2.61445000e-08  1.09311437e+00  2.61445000e-08  2.19496948e-06  2.61445000e-08  1.94999568e+00 
 2.61455000e-08  1.13243561e+00  2.61455000e-08  1.96889024e-06  2.61455000e-08  1.94999600e+00 
 2.63665000e-08  1.94993658e+00  2.63665000e-08  8.95495069e-01  2.63665000e-08  1.94987246e+00 
 2.63675000e-08  1.94993679e+00  2.63675000e-08  9.56598281e-01  2.63675000e-08  1.94976789e+00 
 2.63685000e-08  1.94993757e+00  2.63685000e-08  1.01680375e+00  2.63685000e-08  1.94965756e+00 
 2.63695000e-08  1.94993776e+00  2.63695000e-08  1.07610484e+00  2.63695000e-08  1.94955953e+00 
 2.63705000e-08  1.94993853e+00  2.63705000e-08  1.13466249e+00  2.63705000e-08  1.94945670e+00 
 2.63715000e-08  1.94993871e+00  2.63715000e-08  1.19288170e+00  2.63715000e-08  1.94933671e+00 
 2.65005000e-08  1.94996844e+00  2.65005000e-08  1.94995807e+00  2.65005000e-08  1.19160092e+00 
 2.65015000e-08  1.94996850e+00  2.65015000e-08  1.94998573e+00  2.65015000e-08  1.13407312e+00 
 2.65025000e-08  1.94996871e+00  2.65025000e-08  1.95001170e+00  2.65025000e-08  1.07644383e+00 
 2.65035000e-08  1.94996882e+00  2.65035000e-08  1.95003873e+00  2.65035000e-08  1.01850238e+00 
 2.65045000e-08  1.94996905e+00  2.65045000e-08  1.95005850e+00  2.65045000e-08  9.60138161e-01 
 2.65055000e-08  1.94996912e+00  2.65055000e-08  1.95007497e+00  2.65055000e-08  9.01176213e-01 
 2.66765000e-08  1.15791882e+00  2.66765000e-08  1.94999855e+00  2.66765000e-08  8.18153636e-05 
 2.66775000e-08  1.10581656e+00  2.66775000e-08  1.94999881e+00  2.66775000e-08  8.80785388e-05 
 2.66785000e-08  1.05401521e+00  2.66785000e-08  1.94999857e+00  2.66785000e-08  7.68591876e-05 
 2.66795000e-08  1.00243273e+00  2.66795000e-08  1.94999883e+00  2.66795000e-08  8.32697484e-05 
 2.66805000e-08  9.51018031e-01  2.66805000e-08  1.94999859e+00  2.66805000e-08  7.15170262e-05 
 2.66815000e-08  8.99711179e-01  2.66815000e-08  1.94999884e+00  2.66815000e-08  7.78332855e-05 
 2.70045000e-08  8.15267194e-06  2.70045000e-08  1.17075022e+00  2.70045000e-08 -3.49548679e-06 
 2.70055000e-08  7.86040849e-06  2.70055000e-08  1.11902803e+00  2.70055000e-08 -1.59964257e-06 
 2.70065000e-08  7.63613796e-06  2.70065000e-08  1.06653276e+00  2.70065000e-08 -1.51032846e-06 
 2.70075000e-08  7.36095640e-06  2.70075000e-08  1.01325846e+00  2.70075000e-08  1.67620324e-06 
 2.70085000e-08  7.15258045e-06  2.70085000e-08  9.59213969e-01  2.70085000e-08  2.82841924e-06 
 2.70095000e-08  6.89350426e-06  2.70095000e-08  9.04403378e-01  2.70095000e-08  6.19065775e-06 
 2.72625000e-08  9.31377654e-01  2.72625000e-08  4.35293569e-06  2.72625000e-08  5.24824099e-07 
 2.72635000e-08  9.72288896e-01  2.72635000e-08  3.96526151e-06  2.72635000e-08  2.87814818e-07 
 2.72645000e-08  1.01269550e+00  2.72645000e-08  4.14634237e-06  2.72645000e-08  5.12842323e-07 
 2.72655000e-08  1.05264652e+00  2.72655000e-08  3.76963966e-06  2.72655000e-08  2.65000648e-07 
 2.72665000e-08  1.09222809e+00  2.72665000e-08  3.95171941e-06  2.72665000e-08  4.87430288e-07 
 2.72675000e-08  1.13155349e+00  2.72675000e-08  3.58602696e-06  2.72675000e-08  2.55071413e-07 
 2.74885000e-08  1.94993656e+00  2.74885000e-08  8.93044201e-01  2.74885000e-08 -9.80001608e-05 
 2.74895000e-08  1.94993675e+00  2.74895000e-08  9.54357300e-01  2.74895000e-08 -1.19213922e-04 
 2.74905000e-08  1.94993756e+00  2.74905000e-08  1.01485901e+00  2.74905000e-08 -1.33483672e-04 
 2.74915000e-08  1.94993775e+00  2.74915000e-08  1.07454225e+00  2.74915000e-08 -1.41009697e-04 
 2.74925000e-08  1.94993852e+00  2.74925000e-08  1.13352709e+00  2.74925000e-08 -1.55506233e-04 
 2.74935000e-08  1.94993870e+00  2.74935000e-08  1.19207378e+00  2.74935000e-08 -1.70388890e-04 
 2.76085000e-08  1.94996670e+00  2.76085000e-08  1.94992166e+00  2.76085000e-08  8.73806424e-01 
 2.76095000e-08  1.94996675e+00  2.76095000e-08  1.94992846e+00  2.76095000e-08  9.34557152e-01 
 2.76105000e-08  1.94996697e+00  2.76105000e-08  1.94993482e+00  2.76105000e-08  9.94299404e-01 
 2.76115000e-08  1.94996701e+00  2.76115000e-08  1.94994044e+00  2.76115000e-08  1.05508922e+00 
 2.76125000e-08  1.94996721e+00  2.76125000e-08  1.94994786e+00  2.76125000e-08  1.12085317e+00 
 2.76135000e-08  1.94996725e+00  2.76135000e-08  1.94994305e+00  2.76135000e-08  1.19380081e+00 
 2.77985000e-08  1.15892523e+00  2.77985000e-08  1.94999868e+00  2.77985000e-08  1.94998783e+00 
 2.77995000e-08  1.10681633e+00  2.77995000e-08  1.94999879e+00  2.77995000e-08  1.94999350e+00 
 2.78005000e-08  1.05500867e+00  2.78005000e-08  1.94999871e+00  2.78005000e-08  1.94998848e+00 
 2.78015000e-08  1.00342213e+00  2.78015000e-08  1.94999881e+00  2.78015000e-08  1.94999621e+00 
 2.78025000e-08  9.52003651e-01  2.78025000e-08  1.94999872e+00  2.78025000e-08  1.94998849e+00 
 2.78035000e-08  9.00694772e-01  2.78035000e-08  1.94999883e+00  2.78035000e-08  1.94999389e+00 
 2.81265000e-08  8.15885791e-06  2.81265000e-08  1.17154680e+00  2.81265000e-08  1.94994548e+00 
 2.81275000e-08  7.86294917e-06  2.81275000e-08  1.11983862e+00  2.81275000e-08  1.94994068e+00 
 2.81285000e-08  7.64197918e-06  2.81285000e-08  1.06735685e+00  2.81285000e-08  1.94993881e+00 
 2.81295000e-08  7.36322048e-06  2.81295000e-08  1.01409634e+00  2.81295000e-08  1.94994198e+00 
 2.81305000e-08  7.15812658e-06  2.81305000e-08  9.60064795e-01  2.81305000e-08  1.94995080e+00 
 2.81315000e-08  6.89540507e-06  2.81315000e-08  9.05266897e-01  2.81315000e-08  1.94996626e+00 
 2.83845000e-08  9.29830002e-01  2.83845000e-08  2.39417915e-06  2.83845000e-08  1.94999522e+00 
 2.83855000e-08  9.70761107e-01  2.83855000e-08  2.17578984e-06  2.83855000e-08  1.94999554e+00 
 2.83865000e-08  1.01118588e+00  2.83865000e-08  2.28674901e-06  2.83865000e-08  1.94999547e+00 
 2.83875000e-08  1.05115279e+00  2.83875000e-08  2.07491865e-06  2.83875000e-08  1.94999577e+00 
 2.83885000e-08  1.09074630e+00  2.83885000e-08  2.18611034e-06  2.83885000e-08  1.94999570e+00 
 2.83895000e-08  1.13007883e+00  2.83895000e-08  1.98050949e-06  2.83895000e-08  1.94999599e+00 
 2.86105000e-08  1.94993655e+00  2.86105000e-08  8.91855165e-01  2.86105000e-08  1.94987814e+00 
 2.86115000e-08  1.94993675e+00  2.86115000e-08  9.53011376e-01  2.86115000e-08  1.94977442e+00 
 2.86125000e-08  1.94993755e+00  2.86125000e-08  1.01326752e+00  2.86125000e-08  1.94966382e+00 
 2.86135000e-08  1.94993772e+00  2.86135000e-08  1.07261697e+00  2.86135000e-08  1.94956497e+00 
 2.86145000e-08  1.94993852e+00  2.86145000e-08  1.13120197e+00  2.86145000e-08  1.94946346e+00 
 2.86155000e-08  1.94993869e+00  2.86155000e-08  1.18941183e+00  2.86155000e-08  1.94934468e+00 
 2.87445000e-08  1.94996843e+00  2.87445000e-08  1.94995658e+00  2.87445000e-08  1.19506151e+00 
 2.87455000e-08  1.94996849e+00  2.87455000e-08  1.94998408e+00  2.87455000e-08  1.13753429e+00 
 2.87465000e-08  1.94996870e+00  2.87465000e-08  1.95001006e+00  2.87465000e-08  1.07991947e+00 
 2.87475000e-08  1.94996880e+00  2.87475000e-08  1.95003723e+00  2.87475000e-08  1.02199755e+00 
 2.87485000e-08  1.94996905e+00  2.87485000e-08  1.95005747e+00  2.87485000e-08  9.63666367e-01 
 2.87495000e-08  1.94996911e+00  2.87495000e-08  1.95007412e+00  2.87495000e-08  9.04739835e-01 
 2.89205000e-08  1.16132844e+00  2.89205000e-08  1.94999858e+00  2.89205000e-08  8.29004550e-05 
 2.89215000e-08  1.10920653e+00  2.89215000e-08  1.94999878e+00  2.89215000e-08  8.70569127e-05 
 2.89225000e-08  1.05738629e+00  2.89225000e-08  1.94999860e+00  2.89225000e-08  7.78760284e-05 
 2.89235000e-08  1.00579251e+00  2.89235000e-08  1.94999879e+00  2.89235000e-08  8.21576664e-05 
 2.89245000e-08  9.54367366e-01  2.89245000e-08  1.94999861e+00  2.89245000e-08  7.25795496e-05 
 2.89255000e-08  9.03055325e-01  2.89255000e-08  1.94999881e+00  2.89255000e-08  7.68473776e-05 
 2.92485000e-08  8.17662604e-06  2.92485000e-08  1.17395370e+00  2.92485000e-08 -3.34950804e-06 
 2.92495000e-08  7.87080629e-06  2.92495000e-08  1.12228127e+00  2.92495000e-08 -1.82840760e-06 
 2.92505000e-08  7.65892468e-06  2.92505000e-08  1.06983332e+00  2.92505000e-08 -1.44964757e-06 
 2.92515000e-08  7.37032443e-06  2.92515000e-08  1.01660856e+00  2.92515000e-08  1.37376119e-06 
 2.92525000e-08  7.17414808e-06  2.92525000e-08  9.62611101e-01  2.92525000e-08  2.77666673e-06 
 2.92535000e-08  6.90180751e-06  2.92535000e-08  9.07848793e-01  2.92535000e-08  5.87564021e-06 
 2.95065000e-08  9.28075539e-01  2.95065000e-08  4.33918449e-06  2.95065000e-08  5.11948394e-07 
 2.95075000e-08  9.69029181e-01  2.95075000e-08  3.99168097e-06  2.95075000e-08  3.02373750e-07 
 2.95085000e-08  1.00947462e+00  2.95085000e-08  4.13262562e-06  2.95085000e-08  5.00349371e-07 
 2.95095000e-08  1.04945965e+00  2.95095000e-08  3.79537367e-06  2.95095000e-08  2.79152560e-07 
 2.95105000e-08  1.08906686e+00  2.95105000e-08  3.93799546e-06  2.95105000e-08  4.75006276e-07 
 2.95115000e-08  1.12840767e+00  2.95115000e-08  3.61107583e-06  2.95115000e-08  2.68953817e-07 
 2.97325000e-08  1.94993654e+00  2.97325000e-08  8.88077384e-01  2.97325000e-08 -9.57429623e-05 
 2.97335000e-08  1.94993670e+00  2.97335000e-08  9.49453022e-01  2.97335000e-08 -1.17817778e-04 
 2.97345000e-08  1.94993752e+00  2.97345000e-08  1.01002143e+00  2.97345000e-08 -1.32604437e-04 
 2.97355000e-08  1.94993769e+00  2.97355000e-08  1.06977091e+00  2.97355000e-08 -1.40369213e-04 
 2.97365000e-08  1.94993850e+00  2.97365000e-08  1.12880468e+00  2.97365000e-08 -1.54308334e-04 
 2.97375000e-08  1.94993866e+00  2.97375000e-08  1.18737249e+00  2.97375000e-08 -1.68995756e-04 
 2.98525000e-08  1.94996670e+00  2.98525000e-08  1.94992128e+00  2.98525000e-08  8.68816917e-01 
 2.98535000e-08  1.94996673e+00  2.98535000e-08  1.94992784e+00  2.98535000e-08  9.29686394e-01 
 2.98545000e-08  1.94996696e+00  2.98545000e-08  1.94993439e+00  2.98545000e-08  9.89469728e-01 
 2.98555000e-08  1.94996699e+00  2.98555000e-08  1.94994007e+00  2.98555000e-08  1.04999366e+00 
 2.98565000e-08  1.94996721e+00  2.98565000e-08  1.94994753e+00  2.98565000e-08  1.11520274e+00 
 2.98575000e-08  1.94996723e+00  2.98575000e-08  1.94994315e+00  2.98575000e-08  1.18783652e+00 
 3.00425000e-08  1.16392796e+00  3.00425000e-08  1.94999871e+00  3.00425000e-08  1.94998914e+00 
 3.00435000e-08  1.11179055e+00  3.00435000e-08  1.94999876e+00  3.00435000e-08  1.94999380e+00 
 3.00445000e-08  1.05995530e+00  3.00445000e-08  1.94999874e+00  3.00445000e-08  1.94998973e+00 
 3.00455000e-08  1.00835233e+00  3.00455000e-08  1.94999878e+00  3.00455000e-08  1.94999621e+00 
 3.00465000e-08  9.56918748e-01  3.00465000e-08  1.94999875e+00  3.00465000e-08  1.94998972e+00 
 3.00475000e-08  9.05602473e-01  3.00475000e-08  1.94999880e+00  3.00475000e-08  1.94999416e+00 
 3.03705000e-08  8.19752115e-06  3.03705000e-08  1.17641599e+00  3.03705000e-08  1.94994611e+00 
 3.03715000e-08  7.87591172e-06  3.03715000e-08  1.12478349e+00  3.03715000e-08  1.94994100e+00 
 3.03725000e-08  7.67859916e-06  3.03725000e-08  1.07237365e+00  3.03725000e-08  1.94993884e+00 
 3.03735000e-08  7.37421745e-06  3.03735000e-08  1.01918856e+00  3.03735000e-08  1.94994140e+00 
 3.03745000e-08  7.19268933e-06  3.03745000e-08  9.65228576e-01  3.03745000e-08  1.94994974e+00 
 3.03755000e-08  6.90496737e-06  3.03755000e-08  9.10504250e-01  3.03755000e-08  1.94996447e+00 
 3.06285000e-08  9.25650777e-01  3.06285000e-08  2.35355433e-06  3.06285000e-08  1.94999523e+00 
 3.06295000e-08  9.66635633e-01  3.06295000e-08  2.22593566e-06  3.06295000e-08  1.94999551e+00 
 3.06305000e-08  1.00710975e+00  3.06305000e-08  2.24660557e-06  3.06305000e-08  1.94999548e+00 
 3.06315000e-08  1.04712002e+00  3.06315000e-08  2.12395708e-06  3.06315000e-08  1.94999574e+00 
 3.06325000e-08  1.08674647e+00  3.06325000e-08  2.14645101e-06  3.06325000e-08  1.94999571e+00 
 3.06335000e-08  1.12609912e+00  3.06335000e-08  2.02847843e-06  3.06335000e-08  1.94999595e+00 
 3.08545000e-08  1.94993651e+00  3.08545000e-08  8.85641753e-01  3.08545000e-08  1.94988774e+00 
 3.08555000e-08  1.94993668e+00  3.08555000e-08  9.46889874e-01  3.08555000e-08  1.94978547e+00 
 3.08565000e-08  1.94993753e+00  3.08565000e-08  1.00723995e+00  3.08565000e-08  1.94967504e+00 
 3.08575000e-08  1.94993768e+00  3.08575000e-08  1.06667788e+00  3.08575000e-08  1.94957416e+00 
 3.08585000e-08  1.94993850e+00  3.08585000e-08  1.12532807e+00  3.08585000e-08  1.94947431e+00 
 3.08595000e-08  1.94993863e+00  3.08595000e-08  1.18354701e+00  3.08595000e-08  1.94935754e+00 
 3.09895000e-08  1.94996846e+00  3.09895000e-08  1.94998130e+00  3.09895000e-08  1.14334411e+00 
 3.09905000e-08  1.94996870e+00  3.09905000e-08  1.95000729e+00  3.09905000e-08  1.08575220e+00 
 3.09915000e-08  1.94996877e+00  3.09915000e-08  1.95003461e+00  3.09915000e-08  1.02786205e+00 
 3.09925000e-08  1.94996904e+00  3.09925000e-08  1.95005564e+00  3.09925000e-08  9.69585380e-01 
 3.09935000e-08  1.94996908e+00  3.09935000e-08  1.95007266e+00  3.09935000e-08  9.10717929e-01 
 3.09945000e-08  1.94996927e+00  3.09945000e-08  1.95008317e+00  3.09945000e-08  8.51227819e-01 
 3.11645000e-08  1.16730779e+00  3.11645000e-08  1.94999862e+00  3.11645000e-08  8.43509926e-05 
 3.11655000e-08  1.11515080e+00  3.11655000e-08  1.94999872e+00  3.11655000e-08  8.58534085e-05 
 3.11665000e-08  1.06329646e+00  3.11665000e-08  1.94999864e+00  3.11665000e-08  7.91982521e-05 
 3.11675000e-08  1.01168196e+00  3.11675000e-08  1.94999874e+00  3.11675000e-08  8.08393527e-05 
 3.11685000e-08  9.60237838e-01  3.11685000e-08  1.94999866e+00  3.11685000e-08  7.41416949e-05 
 3.11695000e-08  9.08916334e-01  3.11695000e-08  1.94999876e+00  3.11695000e-08  7.58261044e-05 
 3.14925000e-08  8.21485526e-06  3.14925000e-08  1.17966978e+00  3.14925000e-08 -3.14969289e-06 
 3.14935000e-08  7.89228343e-06  3.14935000e-08  1.12808628e+00  3.14935000e-08 -2.16971115e-06 
 3.14945000e-08  7.69503716e-06  3.14945000e-08  1.07572280e+00  3.14945000e-08 -1.39968773e-06 
 3.14955000e-08  7.38975047e-06  3.14955000e-08  1.02258661e+00  3.14955000e-08  8.97249995e-07 
 3.14965000e-08  7.20829009e-06  3.14965000e-08  9.68673233e-01  3.14965000e-08  2.64062077e-06 
 3.14975000e-08  6.91970067e-06  3.14975000e-08  9.13997387e-01  3.14975000e-08  5.36688898e-06 
 3.17505000e-08  9.22902754e-01  3.17505000e-08  4.30807281e-06  3.17505000e-08  4.57648585e-07 
 3.17515000e-08  9.63923029e-01  3.17515000e-08  4.04524441e-06  3.17515000e-08  3.45154766e-07 
 3.17525000e-08  1.00442986e+00  3.17525000e-08  4.10162587e-06  3.17525000e-08  4.37505935e-07 
 3.17535000e-08  1.04446900e+00  3.17535000e-08  3.84788031e-06  3.17535000e-08  3.34906809e-07 
 3.17545000e-08  1.08411771e+00  3.17545000e-08  3.90736389e-06  3.17545000e-08  4.26253107e-07 
 3.17555000e-08  1.12348429e+00  3.17555000e-08  3.66193181e-06  3.17555000e-08  3.17492394e-07 
 3.19765000e-08  1.94993653e+00  3.19765000e-08  8.80354013e-01  3.19765000e-08 -9.21095182e-05 
 3.19775000e-08  1.94993663e+00  3.19775000e-08  9.41827540e-01  3.19775000e-08 -1.15582164e-04 
 3.19785000e-08  1.94993750e+00  3.19785000e-08  1.00249837e+00  3.19785000e-08 -1.31000633e-04 
 3.19795000e-08  1.94993759e+00  3.19795000e-08  1.06234761e+00  3.19795000e-08 -1.39414574e-04 
 3.19805000e-08  1.94993847e+00  3.19805000e-08  1.12146034e+00  3.19805000e-08 -1.52536896e-04 
 3.19815000e-08  1.94993856e+00  3.19815000e-08  1.18006692e+00  3.19815000e-08 -1.66928753e-04 
 3.20965000e-08  1.94996670e+00  3.20965000e-08  1.94992070e+00  3.20965000e-08  8.61033678e-01 
 3.20975000e-08  1.94996669e+00  3.20975000e-08  1.94992686e+00  3.20975000e-08  9.22094772e-01 
 3.20985000e-08  1.94996696e+00  3.20985000e-08  1.94993370e+00  3.20985000e-08  9.81960121e-01 
 3.20995000e-08  1.94996695e+00  3.20995000e-08  1.94993942e+00  3.20995000e-08  1.04216327e+00 
 3.21005000e-08  1.94996721e+00  3.21005000e-08  1.94994688e+00  3.21005000e-08  1.10655138e+00 
 3.21015000e-08  1.94996720e+00  3.21015000e-08  1.94994353e+00  3.21015000e-08  1.17854834e+00 
 3.22865000e-08  1.17074369e+00  3.22865000e-08  1.94999874e+00  3.22865000e-08  1.94999201e+00 
 3.22875000e-08  1.11856661e+00  3.22875000e-08  1.94999873e+00  3.22875000e-08  1.94999491e+00 
 3.22885000e-08  1.06669262e+00  3.22885000e-08  1.94999877e+00  3.22885000e-08  1.94999244e+00 
 3.22895000e-08  1.01506609e+00  3.22895000e-08  1.94999875e+00  3.22895000e-08  1.94999665e+00 
 3.22905000e-08  9.63611070e-01  3.22905000e-08  1.94999878e+00  3.22905000e-08  1.94999241e+00 
 3.22915000e-08  9.12284091e-01  3.22915000e-08  1.94999877e+00  3.22915000e-08  1.94999515e+00 
 3.26145000e-08  8.22953746e-06  3.26145000e-08  1.18295264e+00  3.26145000e-08  1.94994696e+00 
 3.26155000e-08  7.91138121e-06  3.26155000e-08  1.13142195e+00  3.26155000e-08  1.94994145e+00 
 3.26165000e-08  7.70891436e-06  3.26165000e-08  1.07910878e+00  3.26165000e-08  1.94993896e+00 
 3.26175000e-08  7.40828489e-06  3.26175000e-08  1.02602506e+00  3.26175000e-08  1.94994070e+00 
 3.26185000e-08  7.22094173e-06  3.26185000e-08  9.72161390e-01  3.26185000e-08  1.94994839e+00 
 3.26195000e-08  6.93665416e-06  3.26195000e-08  9.17536143e-01  3.26195000e-08  1.94996216e+00 
 3.28725000e-08  9.20536630e-01  3.28725000e-08  2.29848267e-06  3.28725000e-08  1.94999525e+00 
 3.28735000e-08  9.61587429e-01  3.28735000e-08  2.29419268e-06  3.28735000e-08  1.94999546e+00 
 3.28745000e-08  1.00212263e+00  3.28745000e-08  2.19220943e-06  3.28745000e-08  1.94999549e+00 
 3.28755000e-08  1.04218681e+00  3.28755000e-08  2.19067249e-06  3.28755000e-08  1.94999569e+00 
 3.28765000e-08  1.08185509e+00  3.28765000e-08  2.09274177e-06  3.28765000e-08  1.94999572e+00 
 3.28775000e-08  1.12123407e+00  3.28775000e-08  2.09370337e-06  3.28775000e-08  1.94999591e+00 
 3.30985000e-08  1.94993650e+00  3.30985000e-08  8.77984226e-01  3.30985000e-08  1.94989937e+00 
 3.30995000e-08  1.94993655e+00  3.30995000e-08  9.39341669e-01  3.30995000e-08  1.94979908e+00 
 3.31005000e-08  1.94993751e+00  3.31005000e-08  9.99804415e-01  3.31005000e-08  1.94968892e+00 
 3.31015000e-08  1.94993755e+00  3.31015000e-08  1.05935668e+00  3.31015000e-08  1.94958509e+00 
 3.31025000e-08  1.94993848e+00  3.31025000e-08  1.11809576e+00  3.31025000e-08  1.94948766e+00 
 3.31035000e-08  1.94993851e+00  3.31035000e-08  1.17633769e+00  3.31035000e-08  1.94937327e+00 
 3.32335000e-08  1.94996843e+00  3.32335000e-08  1.94997770e+00  3.32335000e-08  1.15041684e+00 
 3.32345000e-08  1.94996870e+00  3.32345000e-08  1.95000385e+00  3.32345000e-08  1.09284793e+00 
 3.32355000e-08  1.94996872e+00  3.32355000e-08  1.95003149e+00  3.32355000e-08  1.03499484e+00 
 3.32365000e-08  1.94996904e+00  3.32365000e-08  1.95005354e+00  3.32365000e-08  9.76778961e-01 
 3.32375000e-08  1.94996905e+00  3.32375000e-08  1.95007091e+00  3.32375000e-08  9.17981487e-01 
 3.32385000e-08  1.94996928e+00  3.32385000e-08  1.95008234e+00  3.32385000e-08  8.58575424e-01 
 3.34085000e-08  1.17385259e+00  3.34085000e-08  1.94999866e+00  3.34085000e-08  8.56354405e-05 
 3.34095000e-08  1.12165724e+00  3.34095000e-08  1.94999867e+00  3.34095000e-08  8.53005854e-05 
 3.34105000e-08  1.06976521e+00  3.34105000e-08  1.94999868e+00  3.34105000e-08  8.02201022e-05 
 3.34115000e-08  1.01812756e+00  3.34115000e-08  1.94999869e+00  3.34115000e-08  8.00062965e-05 
 3.34125000e-08  9.66662479e-01  3.34125000e-08  1.94999870e+00  3.34125000e-08  7.51439879e-05 
 3.34135000e-08  9.15330433e-01  3.34135000e-08  1.94999871e+00  3.34135000e-08  7.50415676e-05 
 3.37375000e-08  7.92950964e-06  3.37375000e-08  1.13452336e+00  3.37375000e-08 -2.47972941e-06 
 3.37385000e-08  7.72216205e-06  3.37385000e-08  1.08225372e+00  3.37385000e-08 -1.38641141e-06 
 3.37395000e-08  7.42549185e-06  3.37395000e-08  1.02921587e+00  3.37395000e-08  4.31607079e-07 
 3.37405000e-08  7.23316508e-06  3.37405000e-08  9.75395998e-01  3.37405000e-08  2.45820408e-06 
 3.37415000e-08  6.95273214e-06  3.37415000e-08  9.20816312e-01  3.37415000e-08  4.85341283e-06 
 3.37425000e-08  6.77570213e-06  3.37425000e-08  8.65476408e-01  3.37425000e-08  7.37183958e-06 
 3.39945000e-08  9.17796037e-01  3.39945000e-08  4.27763031e-06  3.39945000e-08  4.05252936e-07 
 3.39955000e-08  9.58882252e-01  3.39955000e-08  4.10125461e-06  3.39955000e-08  4.01953688e-07 
 3.39965000e-08  9.99450477e-01  3.39965000e-08  4.07110224e-06  3.39965000e-08  3.85943536e-07 
 3.39975000e-08  1.03954392e+00  3.39975000e-08  3.90200791e-06  3.39975000e-08  3.81549612e-07 
 3.39985000e-08  1.07923528e+00  3.39985000e-08  3.87714668e-06  3.39985000e-08  3.70190205e-07 
 3.39995000e-08  1.11862913e+00  3.39995000e-08  3.71476659e-06  3.39995000e-08  3.65488617e-07 
 3.42205000e-08  1.94993652e+00  3.42205000e-08  8.72697371e-01  3.42205000e-08 -8.84112857e-05 
 3.42215000e-08  1.94993650e+00  3.42215000e-08  9.34269604e-01  3.42215000e-08 -1.13334288e-04 
 3.42225000e-08  1.94993752e+00  3.42225000e-08  9.95040842e-01  3.42225000e-08 -1.29318824e-04 
 3.42235000e-08  1.94993749e+00  3.42235000e-08  1.05499086e+00  3.42235000e-08 -1.38444562e-04 
 3.42245000e-08  1.94993848e+00  3.42245000e-08  1.11418844e+00  3.42245000e-08 -1.50867023e-04 
 3.42255000e-08  1.94993845e+00  3.42255000e-08  1.17284027e+00  3.42255000e-08 -1.64943996e-04 
 3.43405000e-08  1.94996671e+00  3.43405000e-08  1.94992027e+00  3.43405000e-08  8.53406234e-01 
 3.43415000e-08  1.94996666e+00  3.43415000e-08  1.94992588e+00  3.43415000e-08  9.14661828e-01 
 3.43425000e-08  1.94996697e+00  3.43425000e-08  1.94993304e+00  3.43425000e-08  9.74627224e-01 
 3.43435000e-08  1.94996692e+00  3.43435000e-08  1.94993869e+00  3.43435000e-08  1.03460763e+00 
 3.43445000e-08  1.94996722e+00  3.43445000e-08  1.94994611e+00  3.43445000e-08  1.09827392e+00 
 3.43455000e-08  1.94996716e+00  3.43455000e-08  1.94994413e+00  3.43455000e-08  1.16947717e+00 
 3.45305000e-08  1.17713185e+00  3.45305000e-08  1.94999876e+00  3.45305000e-08  1.94999682e+00 
 3.45315000e-08  1.12491715e+00  3.45315000e-08  1.94999870e+00  3.45315000e-08  1.94999842e+00 
 3.45325000e-08  1.07300585e+00  3.45325000e-08  1.94999878e+00  3.45325000e-08  1.94999661e+00 
 3.45335000e-08  1.02135623e+00  3.45335000e-08  1.94999872e+00  3.45335000e-08  1.94999761e+00 
 3.45345000e-08  9.69880354e-01  3.45345000e-08  1.94999881e+00  3.45345000e-08  1.94999667e+00 
 3.45355000e-08  9.18542850e-01  3.45355000e-08  1.94999874e+00  3.45355000e-08  1.94999821e+00 
 3.48595000e-08  7.94700175e-06  3.48595000e-08  1.13770906e+00  3.48595000e-08  1.94994196e+00 
 3.48605000e-08  7.73628237e-06  3.48605000e-08  1.08548763e+00  3.48605000e-08  1.94993910e+00 
 3.48615000e-08  7.44194373e-06  3.48615000e-08  1.03250008e+00  3.48615000e-08  1.94994015e+00 
 3.48625000e-08  7.24625610e-06  3.48625000e-08  9.78727937e-01  3.48625000e-08  1.94994717e+00 
 3.48635000e-08  6.96813300e-06  3.48635000e-08  9.24196861e-01  3.48635000e-08  1.94996010e+00 
 3.48645000e-08  6.78786371e-06  3.48645000e-08  8.68902159e-01  3.48645000e-08  1.94997993e+00 
 3.51165000e-08  9.14982748e-01  3.51165000e-08  2.24914360e-06  3.51165000e-08  1.94999525e+00 
 3.51175000e-08  9.56105377e-01  3.51175000e-08  2.35625775e-06  3.51175000e-08  1.94999543e+00 
 3.51185000e-08  9.96707693e-01  3.51185000e-08  2.14345524e-06  3.51185000e-08  1.94999550e+00 
 3.51195000e-08  1.03683145e+00  3.51195000e-08  2.25130701e-06  3.51195000e-08  1.94999566e+00 
 3.51205000e-08  1.07654810e+00  3.51205000e-08  2.04451774e-06  3.51205000e-08  1.94999573e+00 
 3.51215000e-08  1.11595899e+00  3.51215000e-08  2.15300070e-06  3.51215000e-08  1.94999588e+00 
 3.53425000e-08  1.94993651e+00  3.53425000e-08  8.69647374e-01  3.53425000e-08  1.94990658e+00 
 3.53435000e-08  1.94993644e+00  3.53435000e-08  9.31122161e-01  3.53435000e-08  1.94980949e+00 
 3.53445000e-08  1.94993751e+00  3.53445000e-08  9.91707161e-01  3.53445000e-08  1.94970052e+00 
 3.53455000e-08  1.94993743e+00  3.53455000e-08  1.05138041e+00  3.53455000e-08  1.94959425e+00 
 3.53465000e-08  1.94993847e+00  3.53465000e-08  1.11021657e+00  3.53465000e-08  1.94949988e+00 
 3.53475000e-08  1.94993839e+00  3.53475000e-08  1.16849563e+00  3.53475000e-08  1.94938832e+00 
 3.54775000e-08  1.94996839e+00  3.54775000e-08  1.94997390e+00  3.54775000e-08  1.15818664e+00 
 3.54785000e-08  1.94996870e+00  3.54785000e-08  1.95000024e+00  3.54785000e-08  1.10063101e+00 
 3.54795000e-08  1.94996867e+00  3.54795000e-08  1.95002798e+00  3.54795000e-08  1.04282687e+00 
 3.54805000e-08  1.94996903e+00  3.54805000e-08  1.95005113e+00  3.54805000e-08  9.84668682e-01 
 3.54815000e-08  1.94996901e+00  3.54815000e-08  1.95006871e+00  3.54815000e-08  9.25958259e-01 
 3.54825000e-08  1.94996928e+00  3.54825000e-08  1.95008123e+00  3.54825000e-08  8.66639586e-01 
 3.56525000e-08  1.18030572e+00  3.56525000e-08  1.94999873e+00  3.56525000e-08  8.63339726e-05 
 3.56535000e-08  1.12807230e+00  3.56535000e-08  1.94999863e+00  3.56535000e-08  8.53504060e-05 
 3.56545000e-08  1.07614221e+00  3.56545000e-08  1.94999874e+00  3.56545000e-08  8.08973601e-05 
 3.56555000e-08  1.02448083e+00  3.56555000e-08  1.94999864e+00  3.56555000e-08  8.00336926e-05 
 3.56565000e-08  9.72994386e-01  3.56565000e-08  1.94999876e+00  3.56565000e-08  7.58008907e-05 
 3.56575000e-08  9.21651542e-01  3.56575000e-08  1.94999866e+00  3.56575000e-08  7.50476392e-05 
 3.59815000e-08  7.96362098e-06  3.59815000e-08  1.14086734e+00  3.59815000e-08 -2.71311588e-06 
 3.59825000e-08  7.75141522e-06  3.59825000e-08  1.08869034e+00  3.59825000e-08 -1.41366795e-06 
 3.59835000e-08  7.45701692e-06  3.59835000e-08  1.03574954e+00  3.59835000e-08  3.96804571e-08 
 3.59845000e-08  7.26101303e-06  3.59845000e-08  9.82022106e-01  3.59845000e-08  2.24909890e-06 
 3.59855000e-08  6.98338080e-06  3.59855000e-08  9.27537502e-01  3.59855000e-08  4.40104994e-06 
 3.59865000e-08  6.80138567e-06  3.59865000e-08  8.72287050e-01  3.59865000e-08  7.19075920e-06 
 3.62385000e-08  9.12534285e-01  3.62385000e-08  4.24878810e-06  3.62385000e-08  3.51150847e-07 
 3.62395000e-08  9.53688661e-01  3.62395000e-08  4.15517734e-06  3.62395000e-08  4.56710940e-07 
 3.62405000e-08  9.94320650e-01  3.62405000e-08  4.04253882e-06  3.62405000e-08  3.33662933e-07 
 3.62415000e-08  1.03447103e+00  3.62415000e-08  3.95449157e-06  3.62415000e-08  4.37249913e-07 
 3.62425000e-08  1.07420764e+00  3.62425000e-08  3.84844135e-06  3.62425000e-08  3.17142033e-07 
 3.62435000e-08  1.11363116e+00  3.62435000e-08  3.76556930e-06  3.62435000e-08  4.18785622e-07 
 3.64645000e-08  1.94993641e+00  3.64645000e-08  8.64822973e-01  3.64645000e-08 -8.52751659e-05 
 3.64655000e-08  1.94993643e+00  3.64655000e-08  9.26493450e-01  3.64655000e-08 -1.10341806e-04 
 3.64665000e-08  1.94993742e+00  3.64665000e-08  9.87370347e-01  3.64665000e-08 -1.27045507e-04 
 3.64675000e-08  1.94993741e+00  3.64675000e-08  1.04742611e+00  3.64675000e-08 -1.36970629e-04 
 3.64685000e-08  1.94993840e+00  3.64685000e-08  1.10671036e+00  3.64685000e-08 -1.48664462e-04 
 3.64695000e-08  1.94993839e+00  3.64695000e-08  1.16541510e+00  3.64695000e-08 -1.62657177e-04 
 3.65845000e-08  1.94996669e+00  3.65845000e-08  1.94991996e+00  3.65845000e-08  8.45536483e-01 
 3.65855000e-08  1.94996664e+00  3.65855000e-08  1.94992484e+00  3.65855000e-08  9.07000095e-01 
 3.65865000e-08  1.94996695e+00  3.65865000e-08  1.94993239e+00  3.65865000e-08  9.67084967e-01 
 3.65875000e-08  1.94996690e+00  3.65875000e-08  1.94993784e+00  3.65875000e-08  1.02691232e+00 
 3.65885000e-08  1.94996720e+00  3.65885000e-08  1.94994520e+00  3.65885000e-08  1.08992678e+00 
 3.65895000e-08  1.94996715e+00  3.65895000e-08  1.94994489e+00  3.65895000e-08  1.16016431e+00 
 3.67755000e-08  1.13146865e+00  3.67755000e-08  1.94999867e+00  3.67755000e-08  1.94999764e+00 
 3.67765000e-08  1.07951783e+00  3.67765000e-08  1.94999881e+00  3.67765000e-08  1.94999829e+00 
 3.67775000e-08  1.02784332e+00  3.67775000e-08  1.94999870e+00  3.67775000e-08  1.94999762e+00 
 3.67785000e-08  9.76345070e-01  3.67785000e-08  1.94999883e+00  3.67785000e-08  1.94999874e+00 
 3.67795000e-08  9.24996164e-01  3.67795000e-08  1.94999871e+00  3.67795000e-08  1.94999793e+00 
 3.67805000e-08  8.73730800e-01  3.67805000e-08  1.94999884e+00  3.67805000e-08  1.94999897e+00 
 3.71035000e-08  7.98212023e-06  3.71035000e-08  1.14423901e+00  3.71035000e-08  1.94994256e+00 
 3.71045000e-08  7.76732175e-06  3.71045000e-08  1.09211303e+00  3.71045000e-08  1.94993929e+00 
 3.71055000e-08  7.47380887e-06  3.71055000e-08  1.03922549e+00  3.71055000e-08  1.94993970e+00 
 3.71065000e-08  7.26133659e-06  3.71065000e-08  9.85548669e-01  3.71065000e-08  1.94994598e+00 
 3.71075000e-08  6.97496693e-06  3.71075000e-08  9.31115714e-01  3.71075000e-08  1.94995808e+00 
 3.71085000e-08  6.79853911e-06  3.71085000e-08  8.75913394e-01  3.71085000e-08  1.94997709e+00 
 3.73605000e-08  9.10247454e-01  3.73605000e-08  2.19878142e-06  3.73605000e-08  1.94999525e+00 
 3.73615000e-08  9.51431653e-01  3.73615000e-08  2.42005639e-06  3.73615000e-08  1.94999540e+00 
 3.73625000e-08  9.92091470e-01  3.73625000e-08  2.09366700e-06  3.73625000e-08  1.94999549e+00 
 3.73635000e-08  1.03226702e+00  3.73635000e-08  2.31363784e-06  3.73635000e-08  1.94999564e+00 
 3.73645000e-08  1.07202422e+00  3.73645000e-08  1.99539567e-06  3.73645000e-08  1.94999572e+00 
 3.73655000e-08  1.11146224e+00  3.73655000e-08  2.21388535e-06  3.73655000e-08  1.94999586e+00 
 3.75865000e-08  1.94993637e+00  3.75865000e-08  8.62629667e-01  3.75865000e-08  1.94992109e+00 
 3.75875000e-08  1.94993645e+00  3.75875000e-08  9.24201938e-01  3.75875000e-08  1.94982499e+00 
 3.75885000e-08  1.94993738e+00  3.75885000e-08  9.84889106e-01  3.75885000e-08  1.94971584e+00 
 3.75895000e-08  1.94993745e+00  3.75895000e-08  1.04466153e+00  3.75895000e-08  1.94960701e+00 
 3.75905000e-08  1.94993835e+00  3.75905000e-08  1.10357914e+00  3.75905000e-08  1.94951356e+00 
 3.75915000e-08  1.94993841e+00  3.75915000e-08  1.16189863e+00  3.75915000e-08  1.94940357e+00 
 3.77215000e-08  1.94996840e+00  3.77215000e-08  1.94997069e+00  3.77215000e-08  1.16471444e+00 
 3.77225000e-08  1.94996867e+00  3.77225000e-08  1.94999753e+00  3.77225000e-08  1.10716776e+00 
 3.77235000e-08  1.94996868e+00  3.77235000e-08  1.95002480e+00  3.77235000e-08  1.04940268e+00 
 3.77245000e-08  1.94996899e+00  3.77245000e-08  1.95004894e+00  3.77245000e-08  9.91290701e-01 
 3.77255000e-08  1.94996902e+00  3.77255000e-08  1.95006675e+00  3.77255000e-08  9.32651484e-01 
 3.77265000e-08  1.94996925e+00  3.77265000e-08  1.95008024e+00  3.77265000e-08  8.73404294e-01 
 3.78975000e-08  1.13401734e+00  3.78975000e-08  1.94999859e+00  3.78975000e-08  8.52888864e-05 
 3.78985000e-08  1.08205219e+00  3.78985000e-08  1.94999878e+00  3.78985000e-08  8.15767528e-05 
 3.78995000e-08  1.03036872e+00  3.78995000e-08  1.94999861e+00  3.78995000e-08  7.99559007e-05 
 3.79005000e-08  9.78862700e-01  3.79005000e-08  1.94999880e+00  3.79005000e-08  7.64405223e-05 
 3.79015000e-08  9.27510066e-01  3.79015000e-08  1.94999862e+00  3.79015000e-08  7.49364133e-05 
 3.79025000e-08  8.76240431e-01  3.79025000e-08  1.94999881e+00  3.79025000e-08  7.16368065e-05 
 3.82255000e-08  7.96894547e-06  3.82255000e-08  1.14688535e+00  3.82255000e-08 -2.89113256e-06 
 3.82265000e-08  7.76101711e-06  3.82265000e-08  1.09479643e+00  3.82265000e-08 -1.47023010e-06 
 3.82275000e-08  7.47537993e-06  3.82275000e-08  1.04194785e+00  3.82275000e-08 -2.90958534e-07 
 3.82285000e-08  7.27973122e-06  3.82285000e-08  9.88308385e-01  3.82285000e-08  2.08534220e-06 
 3.82295000e-08  7.00782267e-06  3.82295000e-08  9.33914308e-01  3.82295000e-08  4.00831669e-06 
 3.82305000e-08  6.82416214e-06  3.82305000e-08  8.78749142e-01  3.82305000e-08  6.97585441e-06 
 3.84825000e-08  9.08973053e-01  3.84825000e-08  4.22150103e-06  3.84825000e-08  2.87656583e-07 
 3.84835000e-08  9.50173858e-01  3.84835000e-08  4.20655304e-06  3.84835000e-08  5.28910021e-07 
 3.84845000e-08  9.90849249e-01  3.84845000e-08  4.01547610e-06  3.84845000e-08  2.76942063e-07 
 3.84855000e-08  1.03103888e+00  3.84855000e-08  4.00446757e-06  3.84855000e-08  5.16004037e-07 
 3.84865000e-08  1.07080769e+00  3.84865000e-08  3.82128032e-06  3.84865000e-08  2.55433612e-07 
 3.84875000e-08  1.11025377e+00  3.84875000e-08  3.81399895e-06  3.84875000e-08  5.43419342e-07 
 3.87085000e-08  1.94993633e+00  3.87085000e-08  8.59435310e-01  3.87085000e-08 -8.23356204e-05 
 3.87095000e-08  1.94993646e+00  3.87095000e-08  9.21172353e-01  3.87095000e-08 -1.08650797e-04 
 3.87105000e-08  1.94993733e+00  3.87105000e-08  9.82119496e-01  3.87105000e-08 -1.25919969e-04 
 3.87115000e-08  1.94993744e+00  3.87115000e-08  1.04224657e+00  3.87115000e-08 -1.36370177e-04 
 3.87125000e-08  1.94993831e+00  3.87125000e-08  1.10159165e+00  3.87125000e-08 -1.47608463e-04 
 3.87135000e-08  1.94993842e+00  3.87135000e-08  1.16033611e+00  3.87135000e-08 -1.61472573e-04 
 3.88295000e-08  1.94996665e+00  3.88295000e-08  1.94992413e+00  3.88295000e-08  9.01712355e-01 
 3.88305000e-08  1.94996692e+00  3.88305000e-08  1.94993194e+00  3.88305000e-08  9.61887008e-01 
 3.88315000e-08  1.94996691e+00  3.88315000e-08  1.94993722e+00  3.88315000e-08  1.02164645e+00 
 3.88325000e-08  1.94996717e+00  3.88325000e-08  1.94994450e+00  3.88325000e-08  1.08425926e+00 
 3.88335000e-08  1.94996716e+00  3.88335000e-08  1.94994550e+00  3.88335000e-08  1.15376664e+00 
 3.88345000e-08  1.94996740e+00  3.88345000e-08  1.94994396e+00  3.88345000e-08  1.22716105e+00 
 3.90195000e-08  1.13584695e+00  3.90195000e-08  1.94999865e+00  3.90195000e-08  1.94999524e+00 
 3.90205000e-08  1.08386977e+00  3.90205000e-08  1.94999883e+00  3.90205000e-08  1.94999734e+00 
 3.90215000e-08  1.03217800e+00  3.90215000e-08  1.94999868e+00  3.90215000e-08  1.94999540e+00 
 3.90225000e-08  9.80664818e-01  3.90225000e-08  1.94999885e+00  3.90225000e-08  1.94999837e+00 
 3.90235000e-08  9.29307932e-01  3.90235000e-08  1.94999870e+00  3.90235000e-08  1.94999532e+00 
 3.90245000e-08  8.78034308e-01  3.90245000e-08  1.94999886e+00  3.90245000e-08  1.94999734e+00 
 3.93475000e-08  7.99195801e-06  3.93475000e-08  1.14858954e+00  3.93475000e-08  1.94994297e+00 
 3.93485000e-08  7.77987039e-06  3.93485000e-08  1.09652726e+00  3.93485000e-08  1.94993946e+00 
 3.93495000e-08  7.49220697e-06  3.93495000e-08  1.04370643e+00  3.93495000e-08  1.94993945e+00 
 3.93505000e-08  7.29284155e-06  3.93505000e-08  9.90093285e-01  3.93505000e-08  1.94994525e+00 
 3.93515000e-08  7.01956480e-06  3.93515000e-08  9.35725889e-01  3.93515000e-08  1.94995678e+00 
 3.93525000e-08  6.83455123e-06  3.93525000e-08  8.80585378e-01  3.93525000e-08  1.94997524e+00 
 3.96045000e-08  9.06837933e-01  3.96045000e-08  2.16436984e-06  3.96045000e-08  1.94999525e+00 
 3.96055000e-08  9.48066623e-01  3.96055000e-08  2.46326668e-06  3.96055000e-08  1.94999538e+00 
 3.96065000e-08  9.88768154e-01  3.96065000e-08  2.05966233e-06  3.96065000e-08  1.94999549e+00 
 3.96075000e-08  1.02898153e+00  3.96075000e-08  2.35584847e-06  3.96075000e-08  1.94999562e+00 
 3.96085000e-08  1.06876995e+00  3.96085000e-08  1.96181673e-06  3.96085000e-08  1.94999572e+00 
 3.96095000e-08  1.10822982e+00  3.96095000e-08  2.25513502e-06  3.96095000e-08  1.94999584e+00 
 3.98305000e-08  1.94993627e+00  3.98305000e-08  8.57452879e-01  3.98305000e-08  1.94992918e+00 
 3.98315000e-08  1.94993646e+00  3.98315000e-08  9.19096323e-01  3.98315000e-08  1.94983434e+00 
 3.98325000e-08  1.94993728e+00  3.98325000e-08  9.79858402e-01  3.98325000e-08  1.94972556e+00 
 3.98335000e-08  1.94993747e+00  3.98335000e-08  1.03970741e+00  3.98335000e-08  1.94961614e+00 
 3.98345000e-08  1.94993824e+00  3.98345000e-08  1.09868948e+00  3.98345000e-08  1.94952178e+00 
 3.98355000e-08  1.94993843e+00  3.98355000e-08  1.15704386e+00  3.98355000e-08  1.94941356e+00 
 3.99655000e-08  1.94996841e+00  3.99655000e-08  1.94996832e+00  3.99655000e-08  1.16951455e+00 
 3.99665000e-08  1.94996864e+00  3.99665000e-08  1.94999555e+00  3.99665000e-08  1.11197323e+00 
 3.99675000e-08  1.94996868e+00  3.99675000e-08  1.95002242e+00  3.99675000e-08  1.05423546e+00 
 3.99685000e-08  1.94996896e+00  3.99685000e-08  1.95004730e+00  3.99685000e-08  9.96156221e-01 
 3.99695000e-08  1.94996903e+00  3.99695000e-08  1.95006526e+00  3.99695000e-08  9.37568413e-01 
 3.99705000e-08  1.94996923e+00  3.99705000e-08  1.95007948e+00  3.99705000e-08  8.78373217e-01 
 4.01415000e-08  1.13831161e+00  4.01415000e-08  1.94999856e+00  4.01415000e-08  8.48976408e-05 
 4.01425000e-08  1.08632027e+00  4.01425000e-08  1.94999881e+00  4.01425000e-08  8.24246318e-05 
 4.01435000e-08  1.03461930e+00  4.01435000e-08  1.94999858e+00  4.01435000e-08  7.95585098e-05 
 4.01445000e-08  9.83098344e-01  4.01445000e-08  1.94999882e+00  4.01445000e-08  7.72795776e-05 
 4.01455000e-08  9.31737433e-01  4.01455000e-08  1.94999860e+00  4.01455000e-08  7.45525861e-05 
 4.01465000e-08  8.80459528e-01  4.01465000e-08  1.94999884e+00  4.01465000e-08  7.24562618e-05 
 4.04695000e-08  8.01954212e-06  4.04695000e-08  1.15114010e+00  4.04695000e-08 -3.01468063e-06 
 4.04705000e-08  7.80198363e-06  4.04705000e-08  1.09911431e+00  4.04705000e-08 -1.49372421e-06 
 4.04715000e-08  7.51279364e-06  4.04715000e-08  1.04633030e+00  4.04715000e-08 -4.71720702e-07 
 4.04725000e-08  7.29124020e-06  4.04725000e-08  9.92753858e-01  4.04725000e-08  2.04228190e-06 
 4.04735000e-08  7.00497442e-06  4.04735000e-08  9.38423314e-01  4.04735000e-08  3.75987677e-06 
 4.04745000e-08  6.82691545e-06  4.04745000e-08  8.83319295e-01  4.04745000e-08  6.85215002e-06 
 4.07265000e-08  9.05812168e-01  4.07265000e-08  4.17493472e-06  4.07265000e-08  3.29313880e-07 
 4.07275000e-08  9.47054259e-01  4.07275000e-08  4.26967754e-06  4.07275000e-08  7.16343969e-07 
 4.07285000e-08  9.87768381e-01  4.07285000e-08  3.96935201e-06  4.07285000e-08  3.03588052e-07 
 4.07295000e-08  1.02799321e+00  4.07295000e-08  4.06644187e-06  4.07295000e-08  6.81610269e-07 
 4.07305000e-08  1.06779114e+00  4.07305000e-08  3.77560733e-06  4.07305000e-08  2.92400720e-07 
 4.07315000e-08  1.10725774e+00  4.07315000e-08  3.87444016e-06  4.07315000e-08  6.69693242e-07 
 4.09525000e-08  1.94993622e+00  4.09525000e-08  8.54707743e-01  4.09525000e-08 -7.97486183e-05 
 4.09535000e-08  1.94993648e+00  4.09535000e-08  9.16502864e-01  4.09535000e-08 -1.07116807e-04 
 4.09545000e-08  1.94993724e+00  4.09545000e-08  9.77510970e-01  4.09545000e-08 -1.24892810e-04 
 4.09555000e-08  1.94993746e+00  4.09555000e-08  1.03769809e+00  4.09555000e-08 -1.35943245e-04 
 4.09565000e-08  1.94993821e+00  4.09565000e-08  1.09709885e+00  4.09565000e-08 -1.46511721e-04 
 4.09575000e-08  1.94993842e+00  4.09575000e-08  1.15588526e+00  4.09575000e-08 -1.60585221e-04 
 4.10735000e-08  1.94996666e+00  4.10735000e-08  1.94992353e+00  4.10735000e-08  8.97067514e-01 
 4.10745000e-08  1.94996689e+00  4.10745000e-08  1.94993153e+00  4.10745000e-08  9.57327390e-01 
 4.10755000e-08  1.94996692e+00  4.10755000e-08  1.94993669e+00  4.10755000e-08  1.01704846e+00 
 4.10765000e-08  1.94996714e+00  4.10765000e-08  1.94994384e+00  4.10765000e-08  1.07932723e+00 
 4.10775000e-08  1.94996717e+00  4.10775000e-08  1.94994610e+00  4.10775000e-08  1.14814862e+00 
 4.10785000e-08  1.94996738e+00  4.10785000e-08  1.94994384e+00  4.10785000e-08  1.22158309e+00 
 4.12635000e-08  1.13944335e+00  4.12635000e-08  1.94999864e+00  4.12635000e-08  1.94999287e+00 
 4.12645000e-08  1.08744413e+00  4.12645000e-08  1.94999884e+00  4.12645000e-08  1.94999629e+00 
 4.12655000e-08  1.03573757e+00  4.12655000e-08  1.94999866e+00  4.12655000e-08  1.94999320e+00 
 4.12665000e-08  9.84211762e-01  4.12665000e-08  1.94999886e+00  4.12665000e-08  1.94999790e+00 
 4.12675000e-08  9.32847912e-01  4.12675000e-08  1.94999868e+00  4.12675000e-08  1.94999323e+00 
 4.12685000e-08  8.81567348e-01  4.12685000e-08  1.94999888e+00  4.12685000e-08  1.94999650e+00 
 4.15915000e-08  8.02507744e-06  4.15915000e-08  1.15207228e+00  4.15915000e-08  1.94994331e+00 
 4.15925000e-08  7.80487714e-06  4.15925000e-08  1.10006259e+00  4.15925000e-08  1.94993961e+00 
 4.15935000e-08  7.51693723e-06  4.15935000e-08  1.04729392e+00  4.15935000e-08  1.94993927e+00 
 4.15945000e-08  7.29401957e-06  4.15945000e-08  9.93733208e-01  4.15945000e-08  1.94994469e+00 
 4.15955000e-08  7.00956166e-06  4.15955000e-08  9.39417259e-01  4.15955000e-08  1.94995578e+00 
 4.15965000e-08  6.82908360e-06  4.15965000e-08  8.84327601e-01  4.15965000e-08  1.94997382e+00 
 4.18495000e-08  9.44842234e-01  4.18495000e-08  2.49434452e-06  4.18495000e-08  1.94999536e+00 
 4.18505000e-08  9.85583968e-01  4.18505000e-08  2.03597439e-06  4.18505000e-08  1.94999549e+00 
 4.18515000e-08  1.02583397e+00  4.18515000e-08  2.38618692e-06  4.18515000e-08  1.94999560e+00 
 4.18525000e-08  1.06565286e+00  4.18525000e-08  1.93840997e-06  4.18525000e-08  1.94999572e+00 
 4.18535000e-08  1.10513446e+00  4.18535000e-08  2.28476304e-06  4.18535000e-08  1.94999583e+00 
 4.18545000e-08  1.14440606e+00  4.18545000e-08  1.84717903e-06  4.18545000e-08  1.94999594e+00 
 4.20000000e-08  1.94971427e+00  4.20000000e-08  4.68121558e-04  4.20000000e-08  1.94999975e+00 
