 time            v(b_out)        time            v(u_puf_u_core_sel_ro) time            v(q)           
 0.00000000e+00  4.68653885e-09  0.00000000e+00  2.46749750e-09  0.00000000e+00  2.46749746e-09 
 2.57850000e-09  9.42482631e-01  2.57850000e-09  2.96704183e-09  2.57850000e-09  2.46768950e-09 
 2.57950000e-09  9.78659828e-01  2.57950000e-09  2.96639313e-09  2.57950000e-09  2.46768367e-09 
 2.58050000e-09  1.01493653e+00  2.58050000e-09  2.96234487e-09  2.58050000e-09  2.46767801e-09 
 2.58150000e-09  1.05105797e+00  2.58150000e-09  2.96026903e-09  2.58150000e-09  2.46768433e-09 
 2.58250000e-09  1.08689201e+00  2.58250000e-09  2.94959940e-09  2.58250000e-09  2.46766957e-09 
 2.58350000e-09  1.12242378e+00  2.58350000e-09  2.94872898e-09  2.58350000e-09  2.46769272e-09 
 2.82750000e-09  1.94999923e+00  2.82750000e-09  8.71735700e-01  2.82750000e-09 -8.74022186e-05 
 2.82850000e-09  1.94999968e+00  2.82850000e-09  9.33400185e-01  2.82850000e-09 -1.12698842e-04 
 2.82950000e-09  1.94999932e+00  2.82950000e-09  9.94237286e-01  2.82950000e-09 -1.28276348e-04 
 2.83050000e-09  1.94999975e+00  2.83050000e-09  1.05423395e+00  2.83050000e-09 -1.37348912e-04 
 2.83150000e-09  1.94999939e+00  2.83150000e-09  1.11345910e+00  2.83150000e-09 -1.49654169e-04 
 2.83250000e-09  1.94999981e+00  2.83250000e-09  1.17212176e+00  2.83250000e-09 -1.63744213e-04 
 2.94850000e-09  1.94999962e+00  2.94850000e-09  1.94992082e+00  2.94850000e-09  9.02507673e-01 
 2.94950000e-09  1.94999955e+00  2.94950000e-09  1.94992849e+00  2.94950000e-09  9.62575415e-01 
 2.95050000e-09  1.94999972e+00  2.95050000e-09  1.94993465e+00  2.95050000e-09  1.02223299e+00 
 2.95150000e-09  1.94999972e+00  2.95150000e-09  1.94994189e+00  2.95150000e-09  1.08477885e+00 
 2.95250000e-09  1.94999989e+00  2.95250000e-09  1.94994353e+00  2.95250000e-09  1.15425264e+00 
 2.95350000e-09  1.94999980e+00  2.95350000e-09  1.94994203e+00  2.95350000e-09  1.22750235e+00 
 3.11450000e-09  1.13992199e+00  3.11450000e-09  1.94999836e+00  3.11450000e-09  1.94999185e+00 
 3.11550000e-09  1.08763304e+00  3.11550000e-09  1.94999854e+00  3.11550000e-09  1.94999596e+00 
 3.11650000e-09  1.03544798e+00  3.11650000e-09  1.94999840e+00  3.11650000e-09  1.94999164e+00 
 3.11750000e-09  9.83264159e-01  3.11750000e-09  1.94999857e+00  3.11750000e-09  1.94999414e+00 
 3.11850000e-09  9.31053351e-01  3.11850000e-09  1.94999843e+00  3.11850000e-09  1.94999192e+00 
 3.11950000e-09  8.78752830e-01  3.11950000e-09  1.94999860e+00  3.11950000e-09  1.94999595e+00 
 3.51250000e-09  1.90778190e-05  3.51250000e-09  1.20342682e+00  3.51250000e-09  1.94989860e+00 
 3.51350000e-09  1.90477628e-05  3.51350000e-09  1.12366501e+00  3.51350000e-09  1.94988185e+00 
 3.51450000e-09  1.90443335e-05  3.51450000e-09  1.04276078e+00  3.51450000e-09  1.94987046e+00 
 3.51550000e-09  1.91010475e-05  3.51550000e-09  9.60832201e-01  3.51550000e-09  1.94987042e+00 
 3.51650000e-09  1.91592865e-05  3.51650000e-09  8.77971415e-01  3.51650000e-09  1.94988433e+00 
 3.51750000e-09  1.93787639e-05  3.51750000e-09  7.94342937e-01  3.51750000e-09  1.94991403e+00 
 3.70050000e-09  9.45516615e-01  3.70050000e-09 -8.91399948e-06  3.70050000e-09  1.94996982e+00 
 3.70150000e-09  9.82515831e-01  3.70150000e-09 -8.14045734e-06  3.70150000e-09  1.94997055e+00 
 3.70250000e-09  1.01923743e+00  3.70250000e-09 -8.56954920e-06  3.70250000e-09  1.94997153e+00 
 3.70350000e-09  1.05559233e+00  3.70350000e-09 -7.81319304e-06  3.70350000e-09  1.94997222e+00 
 3.70450000e-09  1.09157108e+00  3.70450000e-09 -8.23093068e-06  3.70450000e-09  1.94997315e+00 
 3.70550000e-09  1.12728116e+00  3.70550000e-09 -7.49256325e-06  3.70550000e-09  1.94997380e+00 
 3.94850000e-09  1.94999989e+00  3.94850000e-09  8.50266161e-01  3.94850000e-09  1.94993823e+00 
 3.94950000e-09  1.94999980e+00  3.94950000e-09  9.12097046e-01  3.94950000e-09  1.94984502e+00 
 3.95050000e-09  1.94999990e+00  3.95050000e-09  9.73024834e-01  3.95050000e-09  1.94973662e+00 
 3.95150000e-09  1.94999982e+00  3.95150000e-09  1.03302164e+00  3.95150000e-09  1.94962676e+00 
 3.95250000e-09  1.94999992e+00  3.95250000e-09  1.09212317e+00  3.95250000e-09  1.94953215e+00 
 3.95350000e-09  1.94999983e+00  3.95350000e-09  1.15053288e+00  3.95350000e-09  1.94942475e+00 
 4.08350000e-09  1.95000019e+00  4.08350000e-09  1.94996545e+00  4.08350000e-09  1.17609072e+00 
 4.08450000e-09  1.95000013e+00  4.08450000e-09  1.94999337e+00  4.08450000e-09  1.11855104e+00 
 4.08550000e-09  1.95000004e+00  4.08550000e-09  1.95001934e+00  4.08550000e-09  1.06084415e+00 
 4.08650000e-09  1.95000011e+00  4.08650000e-09  1.95004532e+00  4.08650000e-09  1.00280208e+00 
 4.08750000e-09  1.95000016e+00  4.08750000e-09  1.95006303e+00  4.08750000e-09  9.44276702e-01 
 4.08850000e-09  1.95000019e+00  4.08850000e-09  1.95007845e+00  4.08850000e-09  8.85144349e-01 
 4.23650000e-09  1.14185676e+00  4.23650000e-09  1.94999870e+00  4.23650000e-09  1.80286712e-04 
 4.23750000e-09  1.08956395e+00  4.23750000e-09  1.94999828e+00  4.23750000e-09  1.72638809e-04 
 4.23850000e-09  1.03737854e+00  4.23850000e-09  1.94999871e+00  4.23850000e-09  1.69096448e-04 
 4.23950000e-09  9.85195633e-01  4.23950000e-09  1.94999830e+00  4.23950000e-09  1.61799847e-04 
 4.24050000e-09  9.32988285e-01  4.24050000e-09  1.94999873e+00  4.24050000e-09  1.58599238e-04 
 4.24150000e-09  8.80691356e-01  4.24150000e-09  1.94999832e+00  4.24150000e-09  1.51633228e-04 
 4.63450000e-09  1.90833278e-05  4.63450000e-09  1.20647370e+00  4.63450000e-09 -7.36657226e-06 
 4.63550000e-09  1.90480667e-05  4.63550000e-09  1.12674998e+00  4.63550000e-09 -7.93995982e-06 
 4.63650000e-09  1.90481705e-05  4.63650000e-09  1.04588601e+00  4.63650000e-09 -4.70210085e-06 
 4.63750000e-09  1.90997088e-05  4.63750000e-09  9.63988145e-01  4.63750000e-09 -8.19036412e-07 
 4.63850000e-09  1.91618385e-05  4.63850000e-09  8.81158520e-01  4.63850000e-09  4.98123606e-06 
 4.63950000e-09  1.93737047e-05  4.63950000e-09  7.97551385e-01  4.63950000e-09  1.01912812e-05 
 4.82250000e-09  9.44689060e-01  4.82250000e-09  2.64241978e-06  4.82250000e-09  1.92371600e-06 
 4.82350000e-09  9.81693614e-01  4.82350000e-09  2.96522800e-06  4.82350000e-09  2.58962262e-06 
 4.82450000e-09  1.01842246e+00  4.82450000e-09  2.35662024e-06  4.82450000e-09  1.80331168e-06 
 4.82550000e-09  1.05478589e+00  4.82550000e-09  2.68369926e-06  4.82550000e-09  2.46385358e-06 
 4.82650000e-09  1.09077202e+00  4.82650000e-09  2.10446676e-06  4.82650000e-09  1.69149293e-06 
 4.82750000e-09  1.12648631e+00  4.82750000e-09  2.43485864e-06  4.82750000e-09  2.34755771e-06 
 5.07150000e-09  1.94999973e+00  5.07150000e-09  9.09538662e-01  5.07150000e-09 -1.05437671e-04 
 5.07250000e-09  1.94999988e+00  5.07250000e-09  9.70700518e-01  5.07250000e-09 -1.24148493e-04 
 5.07350000e-09  1.94999975e+00  5.07350000e-09  1.03102449e+00  5.07350000e-09 -1.35877001e-04 
 5.07450000e-09  1.94999987e+00  5.07450000e-09  1.09053265e+00  5.07450000e-09 -1.44735743e-04 
 5.07550000e-09  1.94999976e+00  5.07550000e-09  1.14938741e+00  5.07550000e-09 -1.59327890e-04 
 5.07650000e-09  1.94999989e+00  5.07650000e-09  1.20789659e+00  5.07650000e-09 -1.75609051e-04 
 5.19150000e-09  1.94999965e+00  5.19150000e-09  1.94992298e+00  5.19150000e-09  8.90345017e-01 
 5.19250000e-09  1.94999962e+00  5.19250000e-09  1.94993098e+00  5.19250000e-09  9.50740100e-01 
 5.19350000e-09  1.94999962e+00  5.19350000e-09  1.94993620e+00  5.19350000e-09  1.01043801e+00 
 5.19450000e-09  1.94999971e+00  5.19450000e-09  1.94994287e+00  5.19450000e-09  1.07230150e+00 
 5.19550000e-09  1.94999978e+00  5.19550000e-09  1.94994722e+00  5.19550000e-09  1.14015243e+00 
 5.19650000e-09  1.94999988e+00  5.19650000e-09  1.94994379e+00  5.19650000e-09  1.21359684e+00 
 5.35850000e-09  1.14254425e+00  5.35850000e-09  1.94999860e+00  5.35850000e-09  1.94999542e+00 
 5.35950000e-09  1.09024903e+00  5.35950000e-09  1.94999833e+00  5.35950000e-09  1.94998553e+00 
 5.36050000e-09  1.03806250e+00  5.36050000e-09  1.94999863e+00  5.36050000e-09  1.94999246e+00 
 5.36150000e-09  9.85878962e-01  5.36150000e-09  1.94999837e+00  5.36150000e-09  1.94998619e+00 
 5.36250000e-09  9.33671967e-01  5.36250000e-09  1.94999865e+00  5.36250000e-09  1.94999562e+00 
 5.36350000e-09  8.81375504e-01  5.36350000e-09  1.94999839e+00  5.36350000e-09  1.94998887e+00 
 5.75650000e-09  1.90853704e-05  5.75650000e-09  1.20742241e+00  5.75650000e-09  1.94989969e+00 
 5.75750000e-09  1.90457482e-05  5.75750000e-09  1.12771551e+00  5.75750000e-09  1.94988245e+00 
 5.75850000e-09  1.90455528e-05  5.75850000e-09  1.04686985e+00  5.75850000e-09  1.94987100e+00 
 5.75950000e-09  1.90963156e-05  5.75950000e-09  9.64987376e-01  5.75950000e-09  1.94986993e+00 
 5.76050000e-09  1.91577666e-05  5.76050000e-09  8.82173209e-01  5.76050000e-09  1.94988346e+00 
 5.76150000e-09  1.93619022e-05  5.76150000e-09  7.98577448e-01  5.76150000e-09  1.94991196e+00 
 5.94450000e-09  9.43839153e-01  5.94450000e-09 -8.88788062e-06  5.94450000e-09  1.94996993e+00 
 5.94550000e-09  9.80849211e-01  5.94550000e-09 -8.18361089e-06  5.94550000e-09  1.94997035e+00 
 5.94650000e-09  1.01758550e+00  5.94650000e-09 -8.54408177e-06  5.94650000e-09  1.94997164e+00 
 5.94750000e-09  1.05395773e+00  5.94750000e-09 -7.85524589e-06  5.94750000e-09  1.94997203e+00 
 5.94850000e-09  1.08995152e+00  5.94850000e-09 -8.20629887e-06  5.94850000e-09  1.94997326e+00 
 5.94950000e-09  1.12567027e+00  5.94950000e-09 -7.53349020e-06  5.94950000e-09  1.94997361e+00 
 6.19350000e-09  1.94999968e+00  6.19350000e-09  9.09218319e-01  6.19350000e-09  1.94984974e+00 
 6.19450000e-09  1.94999986e+00  6.19450000e-09  9.70189595e-01  6.19450000e-09  1.94974176e+00 
 6.19550000e-09  1.94999969e+00  6.19550000e-09  1.03022987e+00  6.19550000e-09  1.94963179e+00 
 6.19650000e-09  1.94999984e+00  6.19650000e-09  1.08937060e+00  6.19650000e-09  1.94953695e+00 
 6.19750000e-09  1.94999970e+00  6.19750000e-09  1.14780455e+00  6.19750000e-09  1.94943003e+00 
 6.19850000e-09  1.94999987e+00  6.19850000e-09  1.20598661e+00  6.19850000e-09  1.94930692e+00 
 6.32750000e-09  1.95000016e+00  6.32750000e-09  1.94996412e+00  6.32750000e-09  1.17874072e+00 
 6.32850000e-09  1.95000014e+00  6.32850000e-09  1.94999227e+00  6.32850000e-09  1.12120310e+00 
 6.32950000e-09  1.95000002e+00  6.32950000e-09  1.95001797e+00  6.32950000e-09  1.06350998e+00 
 6.33050000e-09  1.95000011e+00  6.33050000e-09  1.95004439e+00  6.33050000e-09  1.00548506e+00 
 6.33150000e-09  1.95000014e+00  6.33150000e-09  1.95006214e+00  6.33150000e-09  9.46987190e-01 
 6.33250000e-09  1.95000020e+00  6.33250000e-09  1.95007801e+00  6.33250000e-09  8.87883248e-01 
 6.48050000e-09  1.14371218e+00  6.48050000e-09  1.94999870e+00  6.48050000e-09  1.81182553e-04 
 6.48150000e-09  1.09141466e+00  6.48150000e-09  1.94999827e+00  6.48150000e-09  1.72305551e-04 
 6.48250000e-09  1.03922798e+00  6.48250000e-09  1.94999872e+00  6.48250000e-09  1.69963039e-04 
 6.48350000e-09  9.87045023e-01  6.48350000e-09  1.94999829e+00  6.48350000e-09  1.61461228e-04 
 6.48450000e-09  9.34840182e-01  6.48450000e-09  1.94999874e+00  6.48450000e-09  1.59437888e-04 
 6.48550000e-09  8.82545983e-01  6.48550000e-09  1.94999832e+00  6.48550000e-09  1.51118535e-04 
 6.87850000e-09  1.90876295e-05  6.87850000e-09  1.20915566e+00  6.87850000e-09 -7.32544823e-06 
 6.87950000e-09  1.90445021e-05  6.87950000e-09  1.12946906e+00  6.87950000e-09 -7.99941543e-06 
 6.88050000e-09  1.90478340e-05  6.88050000e-09  1.04864466e+00  6.88050000e-09 -4.81012109e-06 
 6.88150000e-09  1.90968928e-05  6.88150000e-09  9.66777893e-01  6.88150000e-09 -1.01754574e-06 
 6.88250000e-09  1.91615069e-05  6.88250000e-09  8.83979746e-01  6.88250000e-09  4.81966246e-06 
 6.88350000e-09  1.93630912e-05  6.88350000e-09  8.00394600e-01  6.88350000e-09  9.96080316e-06 
 7.06650000e-09  9.44140200e-01  7.06650000e-09  2.61853019e-06  7.06650000e-09  1.91031480e-06 
 7.06750000e-09  9.81151313e-01  7.06750000e-09  2.99694992e-06  7.06750000e-09  2.60609092e-06 
 7.06850000e-09  1.01788715e+00  7.06850000e-09  2.33431222e-06  7.06850000e-09  1.79072125e-06 
 7.06950000e-09  1.05426343e+00  7.06950000e-09  2.71677294e-06  7.06950000e-09  2.48179974e-06 
 7.07050000e-09  1.09026733e+00  7.07050000e-09  2.08101520e-06  7.07050000e-09  1.67814202e-06 
 7.07150000e-09  1.12599399e+00  7.07150000e-09  2.46620980e-06  7.07150000e-09  2.36439720e-06 
 7.31550000e-09  1.94999971e+00  7.31550000e-09  9.09096546e-01  7.31550000e-09 -1.04921839e-04 
 7.31650000e-09  1.94999988e+00  7.31650000e-09  9.70266066e-01  7.31650000e-09 -1.23597592e-04 
 7.31750000e-09  1.94999974e+00  7.31750000e-09  1.03059897e+00  7.31750000e-09 -1.35822960e-04 
 7.31850000e-09  1.94999991e+00  7.31850000e-09  1.09011557e+00  7.31850000e-09 -1.44664580e-04 
 7.31950000e-09  1.94999977e+00  7.31950000e-09  1.14897435e+00  7.31950000e-09 -1.59213769e-04 
 7.32050000e-09  1.94999993e+00  7.32050000e-09  1.20748469e+00  7.32050000e-09 -1.75476982e-04 
 7.43550000e-09  1.94999965e+00  7.43550000e-09  1.94992302e+00  7.43550000e-09  8.89960074e-01 
 7.43650000e-09  1.94999962e+00  7.43650000e-09  1.94993098e+00  7.43650000e-09  9.50361762e-01 
 7.43750000e-09  1.94999961e+00  7.43750000e-09  1.94993622e+00  7.43750000e-09  1.01005803e+00 
 7.43850000e-09  1.94999971e+00  7.43850000e-09  1.94994283e+00  7.43850000e-09  1.07189760e+00 
 7.43950000e-09  1.94999977e+00  7.43950000e-09  1.94994732e+00  7.43950000e-09  1.13969139e+00 
 7.44050000e-09  1.94999988e+00  7.44050000e-09  1.94994380e+00  7.44050000e-09  1.21313302e+00 
 7.60250000e-09  1.14200961e+00  7.60250000e-09  1.94999859e+00  7.60250000e-09  1.94999512e+00 
 7.60350000e-09  1.08971558e+00  7.60350000e-09  1.94999833e+00  7.60350000e-09  1.94998507e+00 
 7.60450000e-09  1.03752929e+00  7.60450000e-09  1.94999862e+00  7.60450000e-09  1.94999211e+00 
 7.60550000e-09  9.85345630e-01  7.60550000e-09  1.94999837e+00  7.60550000e-09  1.94998579e+00 
 7.60650000e-09  9.33137804e-01  7.60650000e-09  1.94999865e+00  7.60650000e-09  1.94999545e+00 
 7.60750000e-09  8.80840473e-01  7.60750000e-09  1.94999839e+00  7.60750000e-09  1.94998584e+00 
 8.00050000e-09  1.90832597e-05  8.00050000e-09  1.20685876e+00  8.00050000e-09  1.94989955e+00 
 8.00150000e-09  1.90457428e-05  8.00150000e-09  1.12714438e+00  8.00150000e-09  1.94988233e+00 
 8.00250000e-09  1.90452438e-05  8.00250000e-09  1.04629058e+00  8.00250000e-09  1.94987094e+00 
 8.00350000e-09  1.90987901e-05  8.00350000e-09  9.64401696e-01  8.00350000e-09  1.94986996e+00 
 8.00450000e-09  1.91595296e-05  8.00450000e-09  8.81580925e-01  8.00450000e-09  1.94988359e+00 
 8.00550000e-09  1.93686858e-05  8.00550000e-09  7.97980621e-01  8.00550000e-09  1.94991221e+00 
 8.18850000e-09  9.44643725e-01  8.18850000e-09 -8.89389838e-06  8.18850000e-09  1.94996992e+00 
 8.18950000e-09  9.81651651e-01  8.18950000e-09 -8.17610996e-06  8.18950000e-09  1.94997038e+00 
 8.19050000e-09  1.01838315e+00  8.19050000e-09 -8.54981681e-06  8.19050000e-09  1.94997163e+00 
 8.19150000e-09  1.05475419e+00  8.19150000e-09 -7.84785999e-06  8.19150000e-09  1.94997205e+00 
 8.19250000e-09  1.09074799e+00  8.19250000e-09 -8.21184156e-06  8.19250000e-09  1.94997325e+00 
 8.19350000e-09  1.12646174e+00  8.19350000e-09 -7.52607299e-06  8.19350000e-09  1.94997363e+00 
 8.43650000e-09  1.94999987e+00  8.43650000e-09  8.48829564e-01  8.43650000e-09  1.94994015e+00 
 8.43750000e-09  1.94999975e+00  8.43750000e-09  9.10681192e-01  8.43750000e-09  1.94984732e+00 
 8.43850000e-09  1.94999990e+00  8.43850000e-09  9.71632972e-01  8.43850000e-09  1.94973913e+00 
 8.43950000e-09  1.94999978e+00  8.43950000e-09  1.03165700e+00  8.43950000e-09  1.94962916e+00 
 8.44050000e-09  1.94999992e+00  8.44050000e-09  1.09078121e+00  8.44050000e-09  1.94953461e+00 
 8.44150000e-09  1.94999981e+00  8.44150000e-09  1.14921443e+00  8.44150000e-09  1.94942723e+00 
 8.57150000e-09  1.95000017e+00  8.57150000e-09  1.94996483e+00  8.57150000e-09  1.17729669e+00 
 8.57250000e-09  1.95000013e+00  8.57250000e-09  1.94999286e+00  8.57250000e-09  1.11975810e+00 
 8.57350000e-09  1.95000003e+00  8.57350000e-09  1.95001871e+00  8.57350000e-09  1.06205772e+00 
 8.57450000e-09  1.95000011e+00  8.57450000e-09  1.95004490e+00  8.57450000e-09  1.00402367e+00 
 8.57550000e-09  1.95000015e+00  8.57550000e-09  1.95006262e+00  8.57550000e-09  9.45511091e-01 
 8.57650000e-09  1.95000020e+00  8.57650000e-09  1.95007826e+00  8.57650000e-09  8.86391909e-01 
 8.72450000e-09  1.14184469e+00  8.72450000e-09  1.94999870e+00  8.72450000e-09  1.80687102e-04 
 8.72550000e-09  1.08955190e+00  8.72550000e-09  1.94999827e+00  8.72550000e-09  1.72520407e-04 
 8.72650000e-09  1.03736651e+00  8.72650000e-09  1.94999872e+00  8.72650000e-09  1.69483183e-04 
 8.72750000e-09  9.85183600e-01  8.72750000e-09  1.94999830e+00  8.72750000e-09  1.61677729e-04 
 8.72850000e-09  9.32976239e-01  8.72850000e-09  1.94999873e+00  8.72850000e-09  1.58972953e-04 
 8.72950000e-09  8.80679290e-01  8.72950000e-09  1.94999832e+00  8.72950000e-09  1.51507817e-04 
 9.12250000e-09  1.90840303e-05  9.12250000e-09  1.20655634e+00  9.12250000e-09 -7.35607530e-06 
 9.12350000e-09  1.90473802e-05  9.12350000e-09  1.12683372e+00  9.12350000e-09 -7.95272936e-06 
 9.12450000e-09  1.90466014e-05  9.12450000e-09  1.04597106e+00  9.12450000e-09 -4.69624676e-06 
 9.12550000e-09  1.91002990e-05  9.12550000e-09  9.64074120e-01  9.12550000e-09 -8.35748494e-07 
 9.12650000e-09  1.91609252e-05  9.12650000e-09  8.81245546e-01  9.12650000e-09  4.98453601e-06 
 9.12750000e-09  1.93718947e-05  9.12750000e-09  7.97639060e-01  9.12750000e-09  1.01754897e-05 
 9.31050000e-09  9.44862072e-01  9.31050000e-09  2.64206246e-06  9.31050000e-09  1.92600246e-06 
 9.31150000e-09  9.81865587e-01  9.31150000e-09  2.96605947e-06  9.31150000e-09  2.58749685e-06 
 9.31250000e-09  1.01859297e+00  9.31250000e-09  2.35633069e-06  9.31250000e-09  1.80553867e-06 
 9.31350000e-09  1.05495465e+00  9.31350000e-09  2.68451211e-06  9.31350000e-09  2.46170265e-06 
 9.31450000e-09  1.09093927e+00  9.31450000e-09  2.10412213e-06  9.31450000e-09  1.69362398e-06 
 9.31550000e-09  1.12665270e+00  9.31550000e-09  2.43561828e-06  9.31550000e-09  2.34539696e-06 
 9.55850000e-09  1.94999987e+00  9.55850000e-09  8.48001038e-01  9.55850000e-09 -7.63966072e-05 
 9.55950000e-09  1.94999976e+00  9.55950000e-09  9.09967157e-01  9.55950000e-09 -1.05209807e-04 
 9.56050000e-09  1.94999989e+00  9.56050000e-09  9.71124708e-01  9.56050000e-09 -1.23802660e-04 
 9.56150000e-09  1.94999979e+00  9.56150000e-09  1.03144574e+00  9.56150000e-09 -1.35900724e-04 
 9.56250000e-09  1.94999992e+00  9.56250000e-09  1.09095141e+00  9.56250000e-09 -1.44901120e-04 
 9.56350000e-09  1.94999982e+00  9.56350000e-09  1.14980257e+00  9.56350000e-09 -1.59391183e-04 
 9.67950000e-09  1.94999966e+00  9.67950000e-09  1.94992308e+00  9.67950000e-09  8.90798665e-01 
 9.68050000e-09  1.94999962e+00  9.68050000e-09  1.94993110e+00  9.68050000e-09  9.51183426e-01 
 9.68150000e-09  1.94999962e+00  9.68150000e-09  1.94993628e+00  9.68150000e-09  1.01088119e+00 
 9.68250000e-09  1.94999971e+00  9.68250000e-09  1.94994300e+00  9.68250000e-09  1.07277101e+00 
 9.68350000e-09  1.94999978e+00  9.68350000e-09  1.94994718e+00  9.68350000e-09  1.14068737e+00 
 9.68450000e-09  1.94999988e+00  9.68450000e-09  1.94994385e+00  9.68450000e-09  1.21413250e+00 
 9.84650000e-09  1.14218925e+00  9.84650000e-09  1.94999860e+00  9.84650000e-09  1.94999146e+00 
 9.84750000e-09  1.08989463e+00  9.84750000e-09  1.94999833e+00  9.84750000e-09  1.94998536e+00 
 9.84850000e-09  1.03770809e+00  9.84850000e-09  1.94999863e+00  9.84850000e-09  1.94999492e+00 
 9.84950000e-09  9.85524314e-01  9.84950000e-09  1.94999836e+00  9.84950000e-09  1.94998824e+00 
 9.85050000e-09  9.33316621e-01  9.85050000e-09  1.94999866e+00  9.85050000e-09  1.94999707e+00 
 9.85150000e-09  8.81019456e-01  9.85150000e-09  1.94999839e+00  9.85150000e-09  1.94998783e+00 
 1.02445000e-08  1.90831041e-05  1.02445000e-08  1.20690157e+00  1.02445000e-08  1.94989955e+00 
 1.02455000e-08  1.90457688e-05  1.02455000e-08  1.12718787e+00  1.02455000e-08  1.94988233e+00 
 1.02465000e-08  1.90454504e-05  1.02465000e-08  1.04633463e+00  1.02465000e-08  1.94987093e+00 
 1.02475000e-08  1.90973396e-05  1.02475000e-08  9.64446298e-01  1.02475000e-08  1.94986995e+00 
 1.02485000e-08  1.91586855e-05  1.02485000e-08  8.81625956e-01  1.02485000e-08  1.94988358e+00 
 1.02495000e-08  1.93665497e-05  1.02495000e-08  7.98026052e-01  1.02495000e-08  1.94991219e+00 
 1.04325000e-08  9.44110482e-01  1.04325000e-08 -8.89302610e-06  1.04325000e-08  1.94996992e+00 
 1.04335000e-08  9.81118880e-01  1.04335000e-08 -8.17670522e-06  1.04335000e-08  1.94997037e+00 
 1.04345000e-08  1.01785286e+00  1.04345000e-08 -8.54908487e-06  1.04345000e-08  1.94997164e+00 
 1.04355000e-08  1.05422232e+00  1.04355000e-08 -7.84852072e-06  1.04355000e-08  1.94997205e+00 
 1.04365000e-08  1.09021369e+00  1.04365000e-08 -8.21113227e-06  1.04365000e-08  1.94997325e+00 
 1.04375000e-08  1.12593105e+00  1.04375000e-08 -7.52694873e-06  1.04375000e-08  1.94997363e+00 
 1.06815000e-08  1.94999973e+00  1.06815000e-08  9.09774967e-01  1.06815000e-08  1.94984884e+00 
 1.06825000e-08  1.94999989e+00  1.06825000e-08  9.70737812e-01  1.06825000e-08  1.94974078e+00 
 1.06835000e-08  1.94999973e+00  1.06835000e-08  1.03076966e+00  1.06835000e-08  1.94963082e+00 
 1.06845000e-08  1.94999987e+00  1.06845000e-08  1.08990279e+00  1.06845000e-08  1.94953608e+00 
 1.06855000e-08  1.94999974e+00  1.06855000e-08  1.14834317e+00  1.06855000e-08  1.94942887e+00 
 1.06865000e-08  1.94999990e+00  1.06865000e-08  1.20652666e+00  1.06865000e-08  1.94930602e+00 
 1.08155000e-08  1.95000016e+00  1.08155000e-08  1.94996437e+00  1.08155000e-08  1.17825770e+00 
 1.08165000e-08  1.95000013e+00  1.08165000e-08  1.94999247e+00  1.08165000e-08  1.12071961e+00 
 1.08175000e-08  1.95000002e+00  1.08175000e-08  1.95001823e+00  1.08175000e-08  1.06302383e+00 
 1.08185000e-08  1.95000011e+00  1.08185000e-08  1.95004456e+00  1.08185000e-08  1.00499568e+00 
 1.08195000e-08  1.95000014e+00  1.08195000e-08  1.95006231e+00  1.08195000e-08  9.46492632e-01 
 1.08205000e-08  1.95000020e+00  1.08205000e-08  1.95007809e+00  1.08205000e-08  8.87383378e-01 
 1.09685000e-08  1.14337785e+00  1.09685000e-08  1.94999870e+00  1.09685000e-08  1.80995461e-04 
 1.09695000e-08  1.09108119e+00  1.09695000e-08  1.94999827e+00  1.09695000e-08  1.72394906e-04 
 1.09705000e-08  1.03889474e+00  1.09705000e-08  1.94999872e+00  1.09705000e-08  1.69781740e-04 
 1.09715000e-08  9.86711801e-01  1.09715000e-08  1.94999829e+00  1.09715000e-08  1.61550787e-04 
 1.09725000e-08  9.34506512e-01  1.09725000e-08  1.94999873e+00  1.09725000e-08  1.59262139e-04 
 1.09735000e-08  8.82211808e-01  1.09735000e-08  1.94999832e+00  1.09735000e-08  1.51379689e-04 
 1.13665000e-08  1.90877530e-05  1.13665000e-08  1.20840534e+00  1.13665000e-08 -7.33088733e-06 
 1.13675000e-08  1.90464523e-05  1.13675000e-08  1.12870835e+00  1.13675000e-08 -7.98742685e-06 
 1.13685000e-08  1.90492351e-05  1.13685000e-08  1.04787263e+00  1.13685000e-08 -4.77421982e-06 
 1.13695000e-08  1.90960499e-05  1.13695000e-08  9.65997116e-01  1.13695000e-08 -9.66622496e-07 
 1.13705000e-08  1.91610672e-05  1.13705000e-08  8.83189896e-01  1.13705000e-08  4.86995318e-06 
 1.13715000e-08  1.93633118e-05  1.13715000e-08  7.99598502e-01  1.13715000e-08  1.00213864e-05 
 1.15545000e-08  9.43681461e-01  1.15545000e-08  2.61920067e-06  1.15545000e-08  1.90653630e-06 
 1.15555000e-08  9.80692565e-01  1.15555000e-08  2.99556260e-06  1.15555000e-08  2.60992574e-06 
 1.15565000e-08  1.01743025e+00  1.15565000e-08  2.33349583e-06  1.15565000e-08  1.78602518e-06 
 1.15575000e-08  1.05380412e+00  1.15575000e-08  2.71327552e-06  1.15575000e-08  2.48399710e-06 
 1.15585000e-08  1.08979934e+00  1.15585000e-08  2.08085255e-06  1.15585000e-08  1.65610797e-06 
 1.15595000e-08  1.12551895e+00  1.15595000e-08  2.46342050e-06  1.15595000e-08  2.34933954e-06 
 1.18035000e-08  1.94999964e+00  1.18035000e-08  9.07839385e-01  1.18035000e-08 -1.04723924e-04 
 1.18045000e-08  1.94999981e+00  1.18045000e-08  9.69024701e-01  1.18045000e-08 -1.23642187e-04 
 1.18055000e-08  1.94999966e+00  1.18055000e-08  1.02937193e+00  1.18055000e-08 -1.35735231e-04 
 1.18065000e-08  1.94999985e+00  1.18065000e-08  1.08890151e+00  1.18065000e-08 -1.44286447e-04 
 1.18075000e-08  1.94999970e+00  1.18075000e-08  1.14777121e+00  1.18075000e-08 -1.59001089e-04 
 1.18085000e-08  1.94999988e+00  1.18085000e-08  1.20628322e+00  1.18085000e-08 -1.75089987e-04 
 1.19235000e-08  1.94999964e+00  1.19235000e-08  1.94992283e+00  1.19235000e-08  8.88687945e-01 
 1.19245000e-08  1.94999962e+00  1.19245000e-08  1.94993072e+00  1.19245000e-08  9.49115736e-01 
 1.19255000e-08  1.94999961e+00  1.19255000e-08  1.94993606e+00  1.19255000e-08  1.00881072e+00 
 1.19265000e-08  1.94999971e+00  1.19265000e-08  1.94994250e+00  1.19265000e-08  1.07057513e+00 
 1.19275000e-08  1.94999976e+00  1.19275000e-08  1.94994748e+00  1.19275000e-08  1.13818319e+00 
 1.19285000e-08  1.94999988e+00  1.19285000e-08  1.94994367e+00  1.19285000e-08  1.21161732e+00 
 1.20905000e-08  1.14452022e+00  1.20905000e-08  1.94999859e+00  1.20905000e-08  1.94999119e+00 
 1.20915000e-08  1.09221989e+00  1.20915000e-08  1.94999834e+00  1.20915000e-08  1.94998428e+00 
 1.20925000e-08  1.04003144e+00  1.20925000e-08  1.94999862e+00  1.20925000e-08  1.94999483e+00 
 1.20935000e-08  9.87847780e-01  1.20935000e-08  1.94999837e+00  1.20935000e-08  1.94998733e+00 
 1.20945000e-08  9.35642977e-01  1.20945000e-08  1.94999865e+00  1.20945000e-08  1.94999717e+00 
 1.20955000e-08  8.83349392e-01  1.20955000e-08  1.94999840e+00  1.20955000e-08  1.94998692e+00 
 1.24885000e-08  1.90911001e-05  1.24885000e-08  1.21032000e+00  1.24885000e-08  1.94990032e+00 
 1.24895000e-08  1.90440303e-05  1.24895000e-08  1.13065360e+00  1.24895000e-08  1.94988300e+00 
 1.24905000e-08  1.90472288e-05  1.24905000e-08  1.04985039e+00  1.24905000e-08  1.94987125e+00 
 1.24915000e-08  1.90906299e-05  1.24915000e-08  9.68001662e-01  1.24915000e-08  1.94986970e+00 
 1.24925000e-08  1.91562142e-05  1.24925000e-08  8.85221054e-01  1.24925000e-08  1.94988269e+00 
 1.24935000e-08  1.93475398e-05  1.24935000e-08  8.01649131e-01  1.24935000e-08  1.94991053e+00 
 1.26765000e-08  9.42003695e-01  1.26765000e-08 -8.86731974e-06  1.26765000e-08  1.94996996e+00 
 1.26775000e-08  9.79025427e-01  1.26775000e-08 -8.21796457e-06  1.26775000e-08  1.94997025e+00 
 1.26785000e-08  1.01577759e+00  1.26785000e-08 -8.52403279e-06  1.26785000e-08  1.94997168e+00 
 1.26795000e-08  1.05217699e+00  1.26795000e-08 -7.88886880e-06  1.26795000e-08  1.94997193e+00 
 1.26805000e-08  1.08819536e+00  1.26805000e-08 -8.18678820e-06  1.26805000e-08  1.94997330e+00 
 1.26815000e-08  1.12392365e+00  1.26815000e-08 -7.56598478e-06  1.26815000e-08  1.94997351e+00 
 1.29255000e-08  1.94999952e+00  1.29255000e-08  9.06146977e-01  1.29255000e-08  1.94985466e+00 
 1.29265000e-08  1.94999979e+00  1.29265000e-08  9.67164877e-01  1.29265000e-08  1.94974734e+00 
 1.29275000e-08  1.94999953e+00  1.29275000e-08  1.02725189e+00  1.29275000e-08  1.94963721e+00 
 1.29285000e-08  1.94999975e+00  1.29285000e-08  1.08642994e+00  1.29285000e-08  1.94954207e+00 
 1.29295000e-08  1.94999953e+00  1.29295000e-08  1.14488590e+00  1.29295000e-08  1.94943603e+00 
 1.29305000e-08  1.94999980e+00  1.29305000e-08  1.20310666e+00  1.29305000e-08  1.94931188e+00 
 1.30595000e-08  1.95000010e+00  1.30595000e-08  1.94996271e+00  1.30595000e-08  1.18171242e+00 
 1.30605000e-08  1.95000012e+00  1.30605000e-08  1.94999101e+00  1.30605000e-08  1.12417649e+00 
 1.30615000e-08  1.94999997e+00  1.30615000e-08  1.95001650e+00  1.30615000e-08  1.06649775e+00 
 1.30625000e-08  1.95000008e+00  1.30625000e-08  1.95004330e+00  1.30625000e-08  1.00849129e+00 
 1.30635000e-08  1.95000009e+00  1.30635000e-08  1.95006121e+00  1.30635000e-08  9.50023251e-01 
 1.30645000e-08  1.95000018e+00  1.30645000e-08  1.95007747e+00  1.30645000e-08  8.90950502e-01 
 1.32125000e-08  1.14635169e+00  1.32125000e-08  1.94999870e+00  1.32125000e-08  1.82414711e-04 
 1.32135000e-08  1.09404911e+00  1.32135000e-08  1.94999827e+00  1.32135000e-08  1.72071420e-04 
 1.32145000e-08  1.04185851e+00  1.32145000e-08  1.94999872e+00  1.32145000e-08  1.71126925e-04 
 1.32155000e-08  9.89676921e-01  1.32155000e-08  1.94999829e+00  1.32155000e-08  1.61169157e-04 
 1.32165000e-08  9.37473806e-01  1.32165000e-08  1.94999873e+00  1.32165000e-08  1.60519082e-04 
 1.32175000e-08  8.85184841e-01  1.32175000e-08  1.94999831e+00  1.32175000e-08  1.50739593e-04 
 1.36105000e-08  1.90958870e-05  1.36105000e-08  1.21289735e+00  1.36105000e-08 -7.25847439e-06 
 1.36115000e-08  1.90405646e-05  1.36115000e-08  1.13326315e+00  1.36115000e-08 -8.07703734e-06 
 1.36125000e-08  1.90489839e-05  1.36125000e-08  1.05249373e+00  1.36125000e-08 -4.95085544e-06 
 1.36135000e-08  1.90886271e-05  1.36135000e-08  9.70670849e-01  1.36135000e-08 -1.29247231e-06 
 1.36145000e-08  1.91578850e-05  1.36145000e-08  8.87916449e-01  1.36145000e-08  4.59862005e-06 
 1.36155000e-08  1.93394360e-05  1.36155000e-08  8.04362420e-01  1.36155000e-08  9.64078086e-06 
 1.37985000e-08  9.41400769e-01  1.37985000e-08  2.63439467e-06  1.37985000e-08  1.96414613e-06 
 1.37995000e-08  9.78426247e-01  1.37995000e-08  2.99770783e-06  1.37995000e-08  2.56051971e-06 
 1.38005000e-08  1.01518355e+00  1.38005000e-08  2.34730611e-06  1.38005000e-08  1.84266117e-06 
 1.38015000e-08  1.05158918e+00  1.38015000e-08  2.71426093e-06  1.38015000e-08  2.43467315e-06 
 1.38025000e-08  1.08761311e+00  1.38025000e-08  2.09336640e-06  1.38025000e-08  1.72962688e-06 
 1.38035000e-08  1.12334476e+00  1.38035000e-08  2.46613877e-06  1.38035000e-08  2.31981058e-06 
 1.40475000e-08  1.94999950e+00  1.40475000e-08  9.04022808e-01  1.40475000e-08 -1.03125510e-04 
 1.40485000e-08  1.94999981e+00  1.40485000e-08  9.65259333e-01  1.40485000e-08 -1.22292177e-04 
 1.40495000e-08  1.94999951e+00  1.40495000e-08  1.02565638e+00  1.40495000e-08 -1.35209849e-04 
 1.40505000e-08  1.94999977e+00  1.40505000e-08  1.08523403e+00  1.40505000e-08 -1.43475638e-04 
 1.40515000e-08  1.94999953e+00  1.40515000e-08  1.14413785e+00  1.40515000e-08 -1.58298830e-04 
 1.40525000e-08  1.94999982e+00  1.40525000e-08  1.20265784e+00  1.40525000e-08 -1.73912707e-04 
 1.41675000e-08  1.94999962e+00  1.41675000e-08  1.94992265e+00  1.41675000e-08  8.84917550e-01 
 1.41685000e-08  1.94999962e+00  1.41685000e-08  1.94993028e+00  1.41685000e-08  9.45424249e-01 
 1.41695000e-08  1.94999957e+00  1.41695000e-08  1.94993585e+00  1.41695000e-08  1.00512088e+00 
 1.41705000e-08  1.94999970e+00  1.41705000e-08  1.94994179e+00  1.41705000e-08  1.06666852e+00 
 1.41715000e-08  1.94999973e+00  1.41715000e-08  1.94994816e+00  1.41715000e-08  1.13372918e+00 
 1.41725000e-08  1.94999988e+00  1.41725000e-08  1.94994354e+00  1.41725000e-08  1.20712303e+00 
 1.43345000e-08  1.14784533e+00  1.43345000e-08  1.94999857e+00  1.43345000e-08  1.94999327e+00 
 1.43355000e-08  1.09553897e+00  1.43355000e-08  1.94999835e+00  1.43355000e-08  1.94998061e+00 
 1.43365000e-08  1.04334484e+00  1.43365000e-08  1.94999861e+00  1.43365000e-08  1.94998953e+00 
 1.43375000e-08  9.91163364e-01  1.43375000e-08  1.94999838e+00  1.43375000e-08  1.94998161e+00 
 1.43385000e-08  9.38960140e-01  1.43385000e-08  1.94999863e+00  1.43385000e-08  1.94999380e+00 
 1.43395000e-08  8.86673363e-01  1.43395000e-08  1.94999841e+00  1.43395000e-08  1.94998180e+00 
 1.47325000e-08  1.91026605e-05  1.47325000e-08  1.21492358e+00  1.47325000e-08  1.94990136e+00 
 1.47335000e-08  1.90398459e-05  1.47335000e-08  1.13532046e+00  1.47335000e-08  1.94988391e+00 
 1.47345000e-08  1.90516257e-05  1.47345000e-08  1.05458430e+00  1.47345000e-08  1.94987171e+00 
 1.47355000e-08  1.90829663e-05  1.47355000e-08  9.72788469e-01  1.47355000e-08  1.94986942e+00 
 1.47365000e-08  1.91567246e-05  1.47365000e-08  8.90061177e-01  1.47365000e-08  1.94988154e+00 
 1.47375000e-08  1.93252921e-05  1.47375000e-08  8.06526593e-01  1.47375000e-08  1.94990846e+00 
 1.49205000e-08  9.39441199e-01  1.49205000e-08 -8.83443003e-06  1.49205000e-08  1.94997002e+00 
 1.49215000e-08  9.76478967e-01  1.49215000e-08 -8.26998185e-06  1.49215000e-08  1.94997009e+00 
 1.49225000e-08  1.01325300e+00  1.49225000e-08 -8.49213160e-06  1.49225000e-08  1.94997174e+00 
 1.49235000e-08  1.04967901e+00  1.49235000e-08 -7.93947778e-06  1.49235000e-08  1.94997178e+00 
 1.49245000e-08  1.08572124e+00  1.49245000e-08 -8.15592814e-06  1.49245000e-08  1.94997336e+00 
 1.49255000e-08  1.12146432e+00  1.49255000e-08 -7.61525060e-06  1.49255000e-08  1.94997336e+00 
 1.51695000e-08  1.94999928e+00  1.51695000e-08  9.01950583e-01  1.51695000e-08  1.94986137e+00 
 1.51705000e-08  1.94999963e+00  1.51705000e-08  9.63029834e-01  1.51705000e-08  1.94975499e+00 
 1.51715000e-08  1.94999931e+00  1.51715000e-08  1.02318043e+00  1.51715000e-08  1.94964457e+00 
 1.51725000e-08  1.94999969e+00  1.51725000e-08  1.08241701e+00  1.51725000e-08  1.94954843e+00 
 1.51735000e-08  1.94999929e+00  1.51735000e-08  1.14091180e+00  1.51735000e-08  1.94944324e+00 
 1.51745000e-08  1.94999963e+00  1.51745000e-08  1.19909561e+00  1.51745000e-08  1.94932110e+00 
 1.53035000e-08  1.95000003e+00  1.53035000e-08  1.94996100e+00  1.53035000e-08  1.18573539e+00 
 1.53045000e-08  1.95000012e+00  1.53045000e-08  1.94998907e+00  1.53045000e-08  1.12820156e+00 
 1.53055000e-08  1.94999992e+00  1.53055000e-08  1.95001470e+00  1.53055000e-08  1.07054176e+00 
 1.53065000e-08  1.95000007e+00  1.53065000e-08  1.95004157e+00  1.53065000e-08  1.01256002e+00 
 1.53075000e-08  1.95000004e+00  1.53075000e-08  1.95006012e+00  1.53075000e-08  9.54132079e-01 
 1.53085000e-08  1.95000017e+00  1.53085000e-08  1.95007649e+00  1.53085000e-08  8.95101669e-01 
 1.54565000e-08  1.14969039e+00  1.54565000e-08  1.94999867e+00  1.54565000e-08  1.83643647e-04 
 1.54575000e-08  1.09738166e+00  1.54575000e-08  1.94999830e+00  1.54575000e-08  1.71444307e-04 
 1.54585000e-08  1.04518532e+00  1.54585000e-08  1.94999869e+00  1.54585000e-08  1.72892857e-04 
 1.54595000e-08  9.93005353e-01  1.54595000e-08  1.94999832e+00  1.54595000e-08  1.60616717e-04 
 1.54605000e-08  9.40804187e-01  1.54605000e-08  1.94999870e+00  1.54605000e-08  1.62203388e-04 
 1.54615000e-08  8.88521898e-01  1.54615000e-08  1.94999834e+00  1.54615000e-08  1.50075040e-04 
 1.58545000e-08  1.91096062e-05  1.58545000e-08  1.21753677e+00  1.58545000e-08 -7.17126362e-06 
 1.58555000e-08  1.90365605e-05  1.58555000e-08  1.13796711e+00  1.58555000e-08 -8.16925736e-06 
 1.58565000e-08  1.90551924e-05  1.58565000e-08  1.05726575e+00  1.58565000e-08 -5.11839911e-06 
 1.58575000e-08  1.90855139e-05  1.58575000e-08  9.75496766e-01  1.58575000e-08 -1.63280443e-06 
 1.58585000e-08  1.91681644e-05  1.58585000e-08  8.92796553e-01  1.58585000e-08  4.32509903e-06 
 1.58595000e-08  1.93184181e-05  1.58595000e-08  8.09280675e-01  1.58595000e-08  9.20944084e-06 
 1.60425000e-08  9.38818453e-01  1.60425000e-08  2.65135583e-06  1.60425000e-08  2.02653381e-06 
 1.60435000e-08  9.75859866e-01  1.60435000e-08  2.99856709e-06  1.60435000e-08  2.50586065e-06 
 1.60445000e-08  1.01263920e+00  1.60445000e-08  2.36296981e-06  1.60445000e-08  1.90408411e-06 
 1.60455000e-08  1.04907152e+00  1.60455000e-08  2.71482766e-06  1.60455000e-08  2.38065079e-06 
 1.60465000e-08  1.08511969e+00  1.60465000e-08  2.10767375e-06  1.60465000e-08  1.78997963e-06 
 1.60475000e-08  1.12086637e+00  1.60475000e-08  2.46621830e-06  1.60475000e-08  2.26622817e-06 
 1.62915000e-08  1.94999930e+00  1.62915000e-08  8.99874311e-01  1.62915000e-08 -1.01385729e-04 
 1.62925000e-08  1.94999974e+00  1.62925000e-08  9.61169005e-01  1.62925000e-08 -1.21285282e-04 
 1.62935000e-08  1.94999932e+00  1.62935000e-08  1.02162464e+00  1.62935000e-08 -1.34708735e-04 
 1.62945000e-08  1.94999969e+00  1.62945000e-08  1.08125099e+00  1.62945000e-08 -1.42470233e-04 
 1.62955000e-08  1.94999933e+00  1.62955000e-08  1.14018912e+00  1.62955000e-08 -1.57435886e-04 
 1.62965000e-08  1.94999975e+00  1.62965000e-08  1.19872033e+00  1.62965000e-08 -1.72577155e-04 
 1.64115000e-08  1.94999957e+00  1.64115000e-08  1.94992234e+00  1.64115000e-08  8.80780795e-01 
 1.64125000e-08  1.94999961e+00  1.64125000e-08  1.94992970e+00  1.64125000e-08  9.41377297e-01 
 1.64135000e-08  1.94999952e+00  1.64135000e-08  1.94993554e+00  1.64135000e-08  1.00108517e+00 
 1.64145000e-08  1.94999969e+00  1.64145000e-08  1.94994124e+00  1.64145000e-08  1.06234935e+00 
 1.64155000e-08  1.94999968e+00  1.64155000e-08  1.94994836e+00  1.64155000e-08  1.12889521e+00 
 1.64165000e-08  1.94999987e+00  1.64165000e-08  1.94994339e+00  1.64165000e-08  1.20217586e+00 
 1.65785000e-08  1.15087590e+00  1.65785000e-08  1.94999854e+00  1.65785000e-08  1.94998878e+00 
 1.65795000e-08  1.09856395e+00  1.65795000e-08  1.94999837e+00  1.65795000e-08  1.94998064e+00 
 1.65805000e-08  1.04636458e+00  1.65805000e-08  1.94999858e+00  1.65805000e-08  1.94999345e+00 
 1.65815000e-08  9.94184085e-01  1.65815000e-08  1.94999841e+00  1.65815000e-08  1.94998080e+00 
 1.65825000e-08  9.41983062e-01  1.65825000e-08  1.94999861e+00  1.65825000e-08  1.94998954e+00 
 1.65835000e-08  8.89702199e-01  1.65835000e-08  1.94999843e+00  1.65835000e-08  1.94998178e+00 
 1.69765000e-08  1.91152184e-05  1.69765000e-08  1.21881635e+00  1.69765000e-08  1.94990220e+00 
 1.69775000e-08  1.90340425e-05  1.69775000e-08  1.13926875e+00  1.69775000e-08  1.94988473e+00 
 1.69785000e-08  1.90565113e-05  1.69785000e-08  1.05859101e+00  1.69785000e-08  1.94987209e+00 
 1.69795000e-08  1.90770543e-05  1.69795000e-08  9.76841806e-01  1.69795000e-08  1.94986924e+00 
 1.69805000e-08  1.91625835e-05  1.69805000e-08  8.94161391e-01  1.69805000e-08  1.94988058e+00 
 1.69815000e-08  1.93028923e-05  1.69815000e-08  8.10660304e-01  1.69815000e-08  1.94990677e+00 
 1.71645000e-08  9.37435291e-01  1.71645000e-08 -8.81540118e-06  1.71645000e-08  1.94996997e+00 
 1.71655000e-08  9.74484824e-01  1.71655000e-08 -8.30472681e-06  1.71655000e-08  1.94997007e+00 
 1.71665000e-08  1.01127584e+00  1.71665000e-08 -8.47378276e-06  1.71665000e-08  1.94997169e+00 
 1.71675000e-08  1.04772224e+00  1.71675000e-08 -7.97333124e-06  1.71675000e-08  1.94997175e+00 
 1.71685000e-08  1.08378952e+00  1.71685000e-08 -8.13827299e-06  1.71685000e-08  1.94997331e+00 
 1.71695000e-08  1.11955032e+00  1.71695000e-08 -7.64813043e-06  1.71695000e-08  1.94997334e+00 
 1.74135000e-08  1.94999919e+00  1.74135000e-08  8.98699230e-01  1.74135000e-08  1.94986653e+00 
 1.74145000e-08  1.94999962e+00  1.74145000e-08  9.59827237e-01  1.74145000e-08  1.94976087e+00 
 1.74155000e-08  1.94999911e+00  1.74155000e-08  1.02002714e+00  1.74155000e-08  1.94965031e+00 
 1.74165000e-08  1.94999955e+00  1.74165000e-08  1.07931438e+00  1.74165000e-08  1.94955330e+00 
 1.74175000e-08  1.94999914e+00  1.74175000e-08  1.13785522e+00  1.74175000e-08  1.94944890e+00 
 1.74185000e-08  1.94999964e+00  1.74185000e-08  1.19607242e+00  1.74185000e-08  1.94932749e+00 
 1.75475000e-08  1.94999997e+00  1.75475000e-08  1.94995978e+00  1.75475000e-08  1.18860398e+00 
 1.75485000e-08  1.95000012e+00  1.75485000e-08  1.94998768e+00  1.75485000e-08  1.13107137e+00 
 1.75495000e-08  1.94999988e+00  1.75495000e-08  1.95001340e+00  1.75495000e-08  1.07342467e+00 
 1.75505000e-08  1.95000005e+00  1.75505000e-08  1.95004032e+00  1.75505000e-08  1.01546021e+00 
 1.75515000e-08  1.94999999e+00  1.75515000e-08  1.95005934e+00  1.75515000e-08  9.57060628e-01 
 1.75525000e-08  1.95000015e+00  1.75525000e-08  1.95007578e+00  1.75525000e-08  8.98060313e-01 
 1.77005000e-08  1.15259536e+00  1.77005000e-08  1.94999864e+00  1.77005000e-08  1.85526574e-04 
 1.77015000e-08  1.10028122e+00  1.77015000e-08  1.94999832e+00  1.77015000e-08  1.70567924e-04 
 1.77025000e-08  1.04807975e+00  1.77025000e-08  1.94999866e+00  1.77025000e-08  1.73706384e-04 
 1.77035000e-08  9.95900610e-01  1.77035000e-08  1.94999834e+00  1.77035000e-08  1.60207424e-04 
 1.77045000e-08  9.43701762e-01  1.77045000e-08  1.94999868e+00  1.77045000e-08  1.63691554e-04 
 1.77055000e-08  8.91424857e-01  1.77055000e-08  1.94999836e+00  1.77055000e-08  1.50007297e-04 
 1.80985000e-08  1.91221210e-05  1.80985000e-08  1.22145364e+00  1.80985000e-08 -7.10099621e-06 
 1.80995000e-08  1.90319686e-05  1.80995000e-08  1.14194002e+00  1.80995000e-08 -8.23230687e-06 
 1.81005000e-08  1.90613942e-05  1.81005000e-08  1.06129758e+00  1.81005000e-08 -5.26079796e-06 
 1.81015000e-08  1.90739788e-05  1.81015000e-08  9.79575648e-01  1.81015000e-08 -1.90917622e-06 
 1.81025000e-08  1.91661578e-05  1.81025000e-08  8.96922787e-01  1.81025000e-08  4.08778324e-06 
 1.81035000e-08  1.92968966e-05  1.81035000e-08  8.13440781e-01  1.81035000e-08  8.89101737e-06 
 1.82865000e-08  9.37015387e-01  1.82865000e-08  2.66617938e-06  1.82865000e-08  2.07778423e-06 
 1.82875000e-08  9.74067305e-01  1.82875000e-08  2.99867399e-06  1.82875000e-08  2.46060838e-06 
 1.82885000e-08  1.01086177e+00  1.82885000e-08  2.37657716e-06  1.82885000e-08  1.95454141e-06 
 1.82895000e-08  1.04731241e+00  1.82895000e-08  2.71465599e-06  1.82895000e-08  2.33598541e-06 
 1.82905000e-08  1.08338372e+00  1.82905000e-08  2.11928619e-06  1.82905000e-08  1.83914080e-06 
 1.82915000e-08  1.11914708e+00  1.82915000e-08  2.46526654e-06  1.82915000e-08  2.22173287e-06 
 1.85355000e-08  1.94999910e+00  1.85355000e-08  8.96817163e-01  1.85355000e-08 -1.00037457e-04 
 1.85365000e-08  1.94999964e+00  1.85365000e-08  9.58152898e-01  1.85365000e-08 -1.20515014e-04 
 1.85375000e-08  1.94999920e+00  1.85375000e-08  1.01865281e+00  1.85375000e-08 -1.34374446e-04 
 1.85385000e-08  1.94999973e+00  1.85385000e-08  1.07832490e+00  1.85385000e-08 -1.42044360e-04 
 1.85395000e-08  1.94999928e+00  1.85395000e-08  1.13729606e+00  1.85395000e-08 -1.56713090e-04 
 1.85405000e-08  1.94999979e+00  1.85405000e-08  1.19583745e+00  1.85405000e-08 -1.71616783e-04 
 1.86555000e-08  1.94999955e+00  1.86555000e-08  1.94992213e+00  1.86555000e-08  8.77765879e-01 
 1.86565000e-08  1.94999961e+00  1.86565000e-08  1.94992928e+00  1.86565000e-08  9.38430477e-01 
 1.86575000e-08  1.94999950e+00  1.86575000e-08  1.94993532e+00  1.86575000e-08  9.98152771e-01 
 1.86585000e-08  1.94999969e+00  1.86585000e-08  1.94994102e+00  1.86585000e-08  1.05919863e+00 
 1.86595000e-08  1.94999965e+00  1.86595000e-08  1.94994824e+00  1.86595000e-08  1.12541179e+00 
 1.86605000e-08  1.94999987e+00  1.86605000e-08  1.94994332e+00  1.86605000e-08  1.19856556e+00 
 1.88225000e-08  1.15350969e+00  1.88225000e-08  1.94999852e+00  1.88225000e-08  1.94999278e+00 
 1.88235000e-08  1.10119276e+00  1.88235000e-08  1.94999839e+00  1.88235000e-08  1.94998069e+00 
 1.88245000e-08  1.04898866e+00  1.88245000e-08  1.94999856e+00  1.88245000e-08  1.94998896e+00 
 1.88255000e-08  9.96808859e-01  1.88255000e-08  1.94999843e+00  1.88255000e-08  1.94998176e+00 
 1.88265000e-08  9.44609889e-01  1.88265000e-08  1.94999859e+00  1.88265000e-08  1.94999333e+00 
 1.88275000e-08  8.92333904e-01  1.88275000e-08  1.94999845e+00  1.88275000e-08  1.94998188e+00 
 1.92205000e-08  1.91266206e-05  1.92205000e-08  1.22294411e+00  1.92205000e-08  1.94990308e+00 
 1.92215000e-08  1.90291912e-05  1.92215000e-08  1.14345560e+00  1.92215000e-08  1.94988561e+00 
 1.92225000e-08  1.90613982e-05  1.92225000e-08  1.06283998e+00  1.92225000e-08  1.94987252e+00 
 1.92235000e-08  1.90680604e-05  1.92235000e-08  9.81140420e-01  1.92235000e-08  1.94986909e+00 
 1.92245000e-08  1.91635124e-05  1.92245000e-08  8.98510006e-01  1.92245000e-08  1.94987959e+00 
 1.92255000e-08  1.92840301e-05  1.92255000e-08  8.15044756e-01  1.92255000e-08  1.94990503e+00 
 1.94085000e-08  9.35566720e-01  1.94085000e-08 -8.79531521e-06  1.94085000e-08  1.94996989e+00 
 1.94095000e-08  9.72627009e-01  1.94095000e-08 -8.34206964e-06  1.94095000e-08  1.94997005e+00 
 1.94105000e-08  1.00943345e+00  1.94105000e-08 -8.45446693e-06  1.94105000e-08  1.94997161e+00 
 1.94115000e-08  1.04589882e+00  1.94115000e-08 -8.00969245e-06  1.94115000e-08  1.94997174e+00 
 1.94125000e-08  1.08197820e+00  1.94125000e-08 -8.11936635e-06  1.94125000e-08  1.94997324e+00 
 1.94135000e-08  1.11774472e+00  1.94135000e-08 -7.68361473e-06  1.94135000e-08  1.94997333e+00 
 1.96575000e-08  1.94999901e+00  1.96575000e-08  8.95505518e-01  1.96575000e-08  1.94987157e+00 
 1.96585000e-08  1.94999955e+00  1.96585000e-08  9.56683466e-01  1.96585000e-08  1.94976658e+00 
 1.96595000e-08  1.94999904e+00  1.96595000e-08  1.01693705e+00  1.96595000e-08  1.94965584e+00 
 1.96605000e-08  1.94999965e+00  1.96605000e-08  1.07627253e+00  1.96605000e-08  1.94955811e+00 
 1.96615000e-08  1.94999914e+00  1.96615000e-08  1.13484496e+00  1.96615000e-08  1.94945466e+00 
 1.96625000e-08  1.94999973e+00  1.96625000e-08  1.19306108e+00  1.96625000e-08  1.94933432e+00 
 1.97915000e-08  1.94999992e+00  1.97915000e-08  1.94995854e+00  1.97915000e-08  1.19151370e+00 
 1.97925000e-08  1.95000012e+00  1.97925000e-08  1.94998625e+00  1.97925000e-08  1.13398207e+00 
 1.97935000e-08  1.94999984e+00  1.97935000e-08  1.95001207e+00  1.97935000e-08  1.07634833e+00 
 1.97945000e-08  1.95000003e+00  1.97945000e-08  1.95003903e+00  1.97945000e-08  1.01840102e+00 
 1.97955000e-08  1.94999995e+00  1.97955000e-08  1.95005852e+00  1.97955000e-08  9.60029962e-01 
 1.97965000e-08  1.95000013e+00  1.97965000e-08  1.95007505e+00  1.97965000e-08  9.01059983e-01 
 1.99445000e-08  1.15497361e+00  1.99445000e-08  1.94999862e+00  1.99445000e-08  1.86902953e-04 
 1.99455000e-08  1.10265499e+00  1.99455000e-08  1.94999834e+00  1.99455000e-08  1.69867156e-04 
 1.99465000e-08  1.05044924e+00  1.99465000e-08  1.94999864e+00  1.99465000e-08  1.75013174e-04 
 1.99475000e-08  9.98270710e-01  1.99475000e-08  1.94999837e+00  1.99475000e-08  1.59540744e-04 
 1.99485000e-08  9.46073704e-01  1.99485000e-08  1.94999865e+00  1.99485000e-08  1.64999046e-04 
 1.99495000e-08  8.93801239e-01  1.99495000e-08  1.94999839e+00  1.99495000e-08  1.48961145e-04 
 2.03425000e-08  1.91327438e-05  2.03425000e-08  1.22510665e+00  2.03425000e-08 -7.03315982e-06 
 2.03435000e-08  1.90272165e-05  2.03435000e-08  1.14564325e+00  2.03435000e-08 -8.29621161e-06 
 2.03445000e-08  1.90661323e-05  2.03445000e-08  1.06505373e+00  2.03445000e-08 -5.38744679e-06 
 2.03455000e-08  1.90653639e-05  2.03455000e-08  9.83373554e-01  2.03455000e-08 -2.17258148e-06 
 2.03465000e-08  1.91673011e-05  2.03465000e-08  9.00762859e-01  2.03465000e-08  3.86906629e-06 
 2.03475000e-08  1.92794396e-05  2.03475000e-08  8.17310325e-01  2.03475000e-08  8.59028823e-06 
 2.05305000e-08  9.35240965e-01  2.05305000e-08  2.68524162e-06  2.05305000e-08  2.13220052e-06 
 2.05315000e-08  9.72304575e-01  2.05315000e-08  2.99215726e-06  2.05315000e-08  2.41112933e-06 
 2.05325000e-08  1.00911468e+00  2.05325000e-08  2.39430189e-06  2.05325000e-08  2.00809880e-06 
 2.05335000e-08  1.04558260e+00  2.05335000e-08  2.70966291e-06  2.05335000e-08  2.28830815e-06 
 2.05345000e-08  1.08166467e+00  2.05345000e-08  2.13762009e-06  2.05345000e-08  1.89286042e-06 
 2.05355000e-08  1.11743763e+00  2.05355000e-08  2.45887776e-06  2.05355000e-08  2.17388205e-06 
 2.07795000e-08  1.94999891e+00  2.07795000e-08  8.94158893e-01  2.07795000e-08 -9.88530765e-05 
 2.07805000e-08  1.94999957e+00  2.07805000e-08  9.55530196e-01  2.07805000e-08 -1.19825566e-04 
 2.07815000e-08  1.94999903e+00  2.07815000e-08  1.01606622e+00  2.07815000e-08 -1.34020311e-04 
 2.07825000e-08  1.94999967e+00  2.07825000e-08  1.07577248e+00  2.07825000e-08 -1.41563805e-04 
 2.07835000e-08  1.94999914e+00  2.07835000e-08  1.13476938e+00  2.07835000e-08 -1.56072616e-04 
 2.07845000e-08  1.94999975e+00  2.07845000e-08  1.19332044e+00  2.07845000e-08 -1.70840467e-04 
 2.08995000e-08  1.94999946e+00  2.08995000e-08  1.94992194e+00  2.08995000e-08  8.75131199e-01 
 2.09005000e-08  1.94999956e+00  2.09005000e-08  1.94992892e+00  2.09005000e-08  9.35856262e-01 
 2.09015000e-08  1.94999941e+00  2.09015000e-08  1.94993512e+00  2.09015000e-08  9.95594367e-01 
 2.09025000e-08  1.94999964e+00  2.09025000e-08  1.94994082e+00  2.09025000e-08  1.05646869e+00 
 2.09035000e-08  1.94999958e+00  2.09035000e-08  1.94994811e+00  2.09035000e-08  1.12238663e+00 
 2.09045000e-08  1.94999983e+00  2.09045000e-08  1.94994329e+00  2.09045000e-08  1.19541128e+00 
 2.10665000e-08  1.15504341e+00  2.10665000e-08  1.94999851e+00  2.10665000e-08  1.95000024e+00 
 2.10675000e-08  1.10272431e+00  2.10675000e-08  1.94999842e+00  2.10675000e-08  1.94999099e+00 
 2.10685000e-08  1.05051811e+00  2.10685000e-08  1.94999853e+00  2.10685000e-08  1.95000029e+00 
 2.10695000e-08  9.98339319e-01  2.10695000e-08  1.94999845e+00  2.10695000e-08  1.94999127e+00 
 2.10705000e-08  9.46142116e-01  2.10705000e-08  1.94999856e+00  2.10705000e-08  1.95000037e+00 
 2.10715000e-08  8.93869511e-01  2.10715000e-08  1.94999847e+00  2.10715000e-08  1.94999157e+00 
 2.14645000e-08  1.91350606e-05  2.14645000e-08  1.22493751e+00  2.14645000e-08  1.94990350e+00 
 2.14655000e-08  1.90272573e-05  2.14655000e-08  1.14547580e+00  2.14655000e-08  1.94988606e+00 
 2.14665000e-08  1.90653181e-05  2.14665000e-08  1.06488871e+00  2.14665000e-08  1.94987274e+00 
 2.14675000e-08  1.90681519e-05  2.14675000e-08  9.83211401e-01  2.14675000e-08  1.94986905e+00 
 2.14685000e-08  1.91699160e-05  2.14685000e-08  9.00603685e-01  2.14685000e-08  1.94987913e+00 
 2.14695000e-08  1.92792128e-05  2.14695000e-08  8.17154038e-01  2.14695000e-08  1.94990423e+00 
 2.16525000e-08  9.35219825e-01  2.16525000e-08 -8.78326675e-06  2.16525000e-08  1.94996985e+00 
 2.16535000e-08  9.72282086e-01  2.16535000e-08 -8.36193282e-06  2.16535000e-08  1.94997005e+00 
 2.16545000e-08  1.00909137e+00  2.16545000e-08 -8.44285859e-06  2.16545000e-08  1.94997158e+00 
 2.16555000e-08  1.04556025e+00  2.16555000e-08 -8.02898848e-06  2.16555000e-08  1.94997174e+00 
 2.16565000e-08  1.08164299e+00  2.16565000e-08 -8.10811462e-06  2.16565000e-08  1.94997320e+00 
 2.16575000e-08  1.11741171e+00  2.16575000e-08 -7.70236509e-06  2.16575000e-08  1.94997333e+00 
 2.19015000e-08  1.94999900e+00  2.19015000e-08  8.94936683e-01  2.19015000e-08  1.94987246e+00 
 2.19025000e-08  1.94999955e+00  2.19025000e-08  9.56123101e-01  2.19025000e-08  1.94976760e+00 
 2.19035000e-08  1.94999902e+00  2.19035000e-08  1.01638528e+00  2.19035000e-08  1.94965685e+00 
 2.19045000e-08  1.94999965e+00  2.19045000e-08  1.07572886e+00  2.19045000e-08  1.94955897e+00 
 2.19055000e-08  1.94999905e+00  2.19055000e-08  1.13429788e+00  2.19055000e-08  1.94945581e+00 
 2.19065000e-08  1.94999958e+00  2.19065000e-08  1.19250415e+00  2.19065000e-08  1.94933569e+00 
 2.20355000e-08  1.94999992e+00  2.20355000e-08  1.94995828e+00  2.20355000e-08  1.19216281e+00 
 2.20365000e-08  1.95000013e+00  2.20365000e-08  1.94998595e+00  2.20365000e-08  1.13463117e+00 
 2.20375000e-08  1.94999984e+00  2.20375000e-08  1.95001179e+00  2.20375000e-08  1.07699997e+00 
 2.20385000e-08  1.95000003e+00  2.20385000e-08  1.95003876e+00  2.20385000e-08  1.01905619e+00 
 2.20395000e-08  1.94999994e+00  2.20395000e-08  1.95005834e+00  2.20395000e-08  9.60691094e-01 
 2.20405000e-08  1.95000013e+00  2.20405000e-08  1.95007489e+00  2.20405000e-08  9.01727545e-01 
 2.21885000e-08  1.15551653e+00  2.21885000e-08  1.94999861e+00  2.21885000e-08  1.86816034e-04 
 2.21895000e-08  1.10319689e+00  2.21895000e-08  1.94999835e+00  2.21895000e-08  1.70055680e-04 
 2.21905000e-08  1.05099014e+00  2.21905000e-08  1.94999863e+00  2.21905000e-08  1.74930552e-04 
 2.21915000e-08  9.98811734e-01  2.21915000e-08  1.94999838e+00  2.21915000e-08  1.59719212e-04 
 2.21925000e-08  9.46615134e-01  2.21925000e-08  1.94999865e+00  2.21925000e-08  1.64906916e-04 
 2.21935000e-08  8.94343671e-01  2.21935000e-08  1.94999839e+00  2.21935000e-08  1.49138372e-04 
 2.25865000e-08  1.91348483e-05  2.25865000e-08  1.22619207e+00  2.25865000e-08 -7.04248686e-06 
 2.25875000e-08  1.90256892e-05  2.25875000e-08  1.14674440e+00  2.25875000e-08 -8.28263776e-06 
 2.25885000e-08  1.90666083e-05  2.25885000e-08  1.06617138e+00  2.25885000e-08 -5.45401439e-06 
 2.25895000e-08  1.90633584e-05  2.25895000e-08  9.84504445e-01  2.25895000e-08 -2.21967106e-06 
 2.25905000e-08  1.91670566e-05  2.25905000e-08  9.01907103e-01  2.25905000e-08  3.77728990e-06 
 2.25915000e-08  1.92750380e-05  2.25915000e-08  8.18464204e-01  2.25915000e-08  8.52600147e-06 
 2.27745000e-08  9.34929932e-01  2.27745000e-08  2.69304209e-06  2.27745000e-08  2.14025852e-06 
 2.27755000e-08  9.71993764e-01  2.27755000e-08  2.98972262e-06  2.27755000e-08  2.40582958e-06 
 2.27765000e-08  1.00880536e+00  2.27765000e-08  2.40193787e-06  2.27765000e-08  2.01605503e-06 
 2.27775000e-08  1.04527713e+00  2.27775000e-08  2.70561438e-06  2.27775000e-08  2.28212203e-06 
 2.27785000e-08  1.08136265e+00  2.27785000e-08  2.14413831e-06  2.27785000e-08  1.90007094e-06 
 2.27795000e-08  1.11713319e+00  2.27795000e-08  2.45601119e-06  2.27795000e-08  2.16856848e-06 
 2.30235000e-08  1.94999892e+00  2.30235000e-08  8.93326148e-01  2.30235000e-08 -9.84758434e-05 
 2.30245000e-08  1.94999958e+00  2.30245000e-08  9.54708537e-01  2.30245000e-08 -1.19608933e-04 
 2.30255000e-08  1.94999896e+00  2.30255000e-08  1.01525319e+00  2.30255000e-08 -1.33837005e-04 
 2.30265000e-08  1.94999951e+00  2.30265000e-08  1.07496756e+00  2.30265000e-08 -1.41375344e-04 
 2.30275000e-08  1.94999889e+00  2.30275000e-08  1.13396586e+00  2.30275000e-08 -1.55772389e-04 
 2.30285000e-08  1.94999943e+00  2.30285000e-08  1.19251298e+00  2.30285000e-08 -1.70528436e-04 
 2.31435000e-08  1.94999945e+00  2.31435000e-08  1.94992189e+00  2.31435000e-08  8.74298097e-01 
 2.31445000e-08  1.94999954e+00  2.31445000e-08  1.94992880e+00  2.31445000e-08  9.35042436e-01 
 2.31455000e-08  1.94999940e+00  2.31455000e-08  1.94993505e+00  2.31455000e-08  9.94786125e-01 
 2.31465000e-08  1.94999963e+00  2.31465000e-08  1.94994075e+00  2.31465000e-08  1.05560970e+00 
 2.31475000e-08  1.94999956e+00  2.31475000e-08  1.94994808e+00  2.31475000e-08  1.12143400e+00 
 2.31485000e-08  1.94999982e+00  2.31485000e-08  1.94994329e+00  2.31485000e-08  1.19441404e+00 
 2.33105000e-08  1.15636494e+00  2.33105000e-08  1.94999849e+00  2.33105000e-08  1.94999461e+00 
 2.33115000e-08  1.10404259e+00  2.33115000e-08  1.94999842e+00  2.33115000e-08  1.94998360e+00 
 2.33125000e-08  1.05183328e+00  2.33125000e-08  1.94999853e+00  2.33125000e-08  1.94999106e+00 
 2.33135000e-08  9.99654139e-01  2.33135000e-08  1.94999846e+00  2.33135000e-08  1.94998428e+00 
 2.33145000e-08  9.47457318e-01  2.33145000e-08  1.94999856e+00  2.33145000e-08  1.94999457e+00 
 2.33155000e-08  8.95186613e-01  2.33155000e-08  1.94999848e+00  2.33155000e-08  1.94998415e+00 
 2.37085000e-08  1.91396147e-05  2.37085000e-08  1.22743497e+00  2.37085000e-08  1.94990403e+00 
 2.37095000e-08  1.90238892e-05  2.37095000e-08  1.14800905e+00  2.37095000e-08  1.94988658e+00 
 2.37105000e-08  1.90674143e-05  2.37105000e-08  1.06745926e+00  2.37105000e-08  1.94987301e+00 
 2.37115000e-08  1.90578993e-05  2.37115000e-08  9.85811927e-01  2.37115000e-08  1.94986897e+00 
 2.37125000e-08  1.91652407e-05  2.37125000e-08  9.03234260e-01  2.37125000e-08  1.94987856e+00 
 2.37135000e-08  1.92635695e-05  2.37135000e-08  8.19806271e-01  2.37135000e-08  1.94990319e+00 
 2.38965000e-08  9.33499778e-01  2.38965000e-08 -8.76944922e-06  2.38965000e-08  1.94996980e+00 
 2.38975000e-08  9.70571659e-01  2.38975000e-08 -8.38671408e-06  2.38975000e-08  1.94997004e+00 
 2.38985000e-08  1.00739485e+00  2.38985000e-08 -8.42955485e-06  2.38985000e-08  1.94997153e+00 
 2.38995000e-08  1.04388109e+00  2.38995000e-08 -8.05310940e-06  2.38995000e-08  1.94997173e+00 
 2.39005000e-08  1.07998053e+00  2.39005000e-08 -8.09522623e-06  2.39005000e-08  1.94997316e+00 
 2.39015000e-08  1.11576040e+00  2.39015000e-08 -7.72581258e-06  2.39015000e-08  1.94997332e+00 
 2.41455000e-08  1.94999878e+00  2.41455000e-08  8.92023405e-01  2.41455000e-08  1.94987702e+00 
 2.41465000e-08  1.94999942e+00  2.41465000e-08  9.53253035e-01  2.41465000e-08  1.94977284e+00 
 2.41475000e-08  1.94999881e+00  2.41475000e-08  1.01355922e+00  2.41475000e-08  1.94966197e+00 
 2.41485000e-08  1.94999954e+00  2.41485000e-08  1.07294434e+00  2.41485000e-08  1.94956338e+00 
 2.41495000e-08  1.94999885e+00  2.41495000e-08  1.13154340e+00  2.41495000e-08  1.94946101e+00 
 2.41505000e-08  1.94999946e+00  2.41505000e-08  1.18975116e+00  2.41505000e-08  1.94934183e+00 
 2.42795000e-08  1.94999987e+00  2.42795000e-08  1.94995714e+00  2.42795000e-08  1.19486865e+00 
 2.42805000e-08  1.95000013e+00  2.42805000e-08  1.94998464e+00  2.42805000e-08  1.13733747e+00 
 2.42815000e-08  1.94999980e+00  2.42815000e-08  1.95001055e+00  2.42815000e-08  1.07971762e+00 
 2.42825000e-08  1.95000002e+00  2.42825000e-08  1.95003756e+00  2.42825000e-08  1.02178918e+00 
 2.42835000e-08  1.94999990e+00  2.42835000e-08  1.95005757e+00  2.42835000e-08  9.63449945e-01 
 2.42845000e-08  1.95000012e+00  2.42845000e-08  1.95007419e+00  2.42845000e-08  9.04514139e-01 
 2.44325000e-08  1.15810149e+00  2.44325000e-08  1.94999857e+00  2.44325000e-08  1.85966094e-04 
 2.44335000e-08  1.10577688e+00  2.44335000e-08  1.94999838e+00  2.44335000e-08  1.71643801e-04 
 2.44345000e-08  1.05356533e+00  2.44345000e-08  1.94999859e+00  2.44345000e-08  1.74483350e-04 
 2.44355000e-08  1.00138746e+00  2.44355000e-08  1.94999840e+00  2.44355000e-08  1.60351536e-04 
 2.44365000e-08  9.49192740e-01  2.44365000e-08  1.94999861e+00  2.44365000e-08  1.63395166e-04 
 2.44375000e-08  8.96926030e-01  2.44375000e-08  1.94999842e+00  2.44375000e-08  1.50574124e-04 
 2.48305000e-08  1.91468147e-05  2.48305000e-08  1.23017465e+00  2.48305000e-08 -7.08337516e-06 
 2.48315000e-08  1.90210519e-05  2.48315000e-08  1.15078485e+00  2.48315000e-08 -8.17961559e-06 
 2.48325000e-08  1.90723254e-05  2.48325000e-08  1.07027239e+00  2.48325000e-08 -5.70896757e-06 
 2.48335000e-08  1.90541495e-05  2.48335000e-08  9.88654113e-01  2.48335000e-08 -2.34694498e-06 
 2.48345000e-08  1.91688876e-05  2.48345000e-08  9.06105882e-01  2.48345000e-08  3.42408444e-06 
 2.48355000e-08  1.92567195e-05  2.48355000e-08  8.22698502e-01  2.48355000e-08  8.31673964e-06 
 2.50185000e-08  9.32720321e-01  2.50185000e-08  2.71661539e-06  2.50185000e-08  2.15903996e-06 
 2.50195000e-08  9.69797003e-01  2.50195000e-08  2.98154227e-06  2.50195000e-08  2.39368038e-06 
 2.50205000e-08  1.00662672e+00  2.50205000e-08  2.42423891e-06  2.50205000e-08  2.03438355e-06 
 2.50215000e-08  1.04312099e+00  2.50215000e-08  2.69744520e-06  2.50215000e-08  2.27038733e-06 
 2.50225000e-08  1.07922820e+00  2.50225000e-08  2.16518054e-06  2.50225000e-08  1.91779435e-06 
 2.50235000e-08  1.11501343e+00  2.50235000e-08  2.44746525e-06  2.50235000e-08  2.15687847e-06 
 2.52675000e-08  1.94999865e+00  2.52675000e-08  8.89595369e-01  2.52675000e-08 -9.67818096e-05 
 2.52685000e-08  1.94999944e+00  2.52685000e-08  9.51027358e-01  2.52685000e-08 -1.18616329e-04 
 2.52695000e-08  1.94999880e+00  2.52695000e-08  1.01162546e+00  2.52695000e-08 -1.33231566e-04 
 2.52705000e-08  1.94999956e+00  2.52705000e-08  1.07139070e+00  2.52705000e-08 -1.40881499e-04 
 2.52715000e-08  1.94999884e+00  2.52715000e-08  1.13042640e+00  2.52715000e-08 -1.54853112e-04 
 2.52725000e-08  1.94999948e+00  2.52725000e-08  1.18898957e+00  2.52725000e-08 -1.69471888e-04 
 2.53875000e-08  1.94999941e+00  2.53875000e-08  1.94992164e+00  2.53875000e-08  8.70505918e-01 
 2.53885000e-08  1.94999953e+00  2.53885000e-08  1.94992829e+00  2.53885000e-08  9.31337630e-01 
 2.53895000e-08  1.94999935e+00  2.53895000e-08  1.94993476e+00  2.53895000e-08  9.91108886e-01 
 2.53905000e-08  1.94999962e+00  2.53905000e-08  1.94994043e+00  2.53905000e-08  1.05171991e+00 
 2.53915000e-08  1.94999952e+00  2.53915000e-08  1.94994787e+00  2.53915000e-08  1.11711861e+00 
 2.53925000e-08  1.94999981e+00  2.53925000e-08  1.94994331e+00  2.53925000e-08  1.18987003e+00 
 2.55275000e-08  2.05286995e+00  2.55275000e-08  1.94999783e+00  2.55275000e-08  1.94997186e+00 
 2.55545000e-08  1.15965486e+00  2.55545000e-08  1.94999847e+00  2.55545000e-08  1.94999512e+00 
 2.55555000e-08  1.10732614e+00  2.55555000e-08  1.94999845e+00  2.55555000e-08  1.94998537e+00 
 2.55565000e-08  1.05511063e+00  2.55565000e-08  1.94999849e+00  2.55565000e-08  1.94999180e+00 
 2.55575000e-08  1.00293204e+00  2.55575000e-08  1.94999848e+00  2.55575000e-08  1.94998584e+00 
 2.55585000e-08  9.50737510e-01  2.55585000e-08  1.94999852e+00  2.55585000e-08  1.94999494e+00 
 2.55595000e-08  8.98472803e-01  2.55595000e-08  1.94999851e+00  2.55595000e-08  1.94998573e+00 
 2.59525000e-08  1.91572995e-05  2.59525000e-08  1.23245768e+00  2.59525000e-08  1.94990510e+00 
 2.59535000e-08  1.90198458e-05  2.59535000e-08  1.15310490e+00  2.59535000e-08  1.94988768e+00 
 2.59545000e-08  1.90757388e-05  2.59545000e-08  1.07263162e+00  2.59545000e-08  1.94987361e+00 
 2.59555000e-08  1.90479435e-05  2.59555000e-08  9.91045823e-01  2.59555000e-08  1.94986888e+00 
 2.59565000e-08  1.91683689e-05  2.59565000e-08  9.08530332e-01  2.59565000e-08  1.94987747e+00 
 2.59575000e-08  1.92418677e-05  2.59575000e-08  8.25147401e-01  2.59575000e-08  1.94990118e+00 
 2.61405000e-08  9.31101848e-01  2.61405000e-08 -8.74704587e-06  2.61405000e-08  1.94996970e+00 
 2.61415000e-08  9.68187379e-01  2.61415000e-08 -8.43252957e-06  2.61415000e-08  1.94997003e+00 
 2.61425000e-08  1.00502994e+00  2.61425000e-08 -8.40810373e-06  2.61425000e-08  1.94997143e+00 
 2.61435000e-08  1.04154045e+00  2.61435000e-08 -8.09762449e-06  2.61435000e-08  1.94997172e+00 
 2.61445000e-08  1.07766358e+00  2.61445000e-08 -8.07447069e-06  2.61445000e-08  1.94997306e+00 
 2.61455000e-08  1.11345982e+00  2.61455000e-08 -7.76900863e-06  2.61455000e-08  1.94997332e+00 
 2.63895000e-08  1.94999878e+00  2.63895000e-08  8.88059251e-01  2.63895000e-08  1.94988319e+00 
 2.63905000e-08  1.94999942e+00  2.63905000e-08  9.49347537e-01  2.63905000e-08  1.94977994e+00 
 2.63915000e-08  1.94999871e+00  2.63915000e-08  1.00971061e+00  2.63915000e-08  1.94966898e+00 
 2.63925000e-08  1.94999933e+00  2.63925000e-08  1.06914985e+00  2.63925000e-08  1.94956941e+00 
 2.63935000e-08  1.94999875e+00  2.63935000e-08  1.12779098e+00  2.63935000e-08  1.94946809e+00 
 2.63945000e-08  1.94999947e+00  2.63945000e-08  1.18600378e+00  2.63945000e-08  1.94935012e+00 
 2.65235000e-08  1.94999986e+00  2.65235000e-08  1.94995557e+00  2.65235000e-08  1.19862951e+00 
 2.65245000e-08  1.95000015e+00  2.65245000e-08  1.94998281e+00  2.65245000e-08  1.14109855e+00 
 2.65255000e-08  1.94999980e+00  2.65255000e-08  1.95000882e+00  2.65255000e-08  1.08349383e+00 
 2.65265000e-08  1.95000001e+00  2.65265000e-08  1.95003588e+00  2.65265000e-08  1.02558607e+00 
 2.65275000e-08  1.94999989e+00  2.65275000e-08  1.95005649e+00  2.65275000e-08  9.67282267e-01 
 2.65285000e-08  1.95000011e+00  2.65285000e-08  1.95007321e+00  2.65285000e-08  9.08384648e-01 
 2.66765000e-08  1.16155530e+00  2.66765000e-08  1.94999849e+00  2.66765000e-08  1.84966376e-04 
 2.66775000e-08  1.10922338e+00  2.66775000e-08  1.94999839e+00  2.66775000e-08  1.72922790e-04 
 2.66785000e-08  1.05700465e+00  2.66785000e-08  1.94999852e+00  2.66785000e-08  1.73555471e-04 
 2.66795000e-08  1.00482675e+00  2.66795000e-08  1.94999842e+00  2.66795000e-08  1.61942705e-04 
 2.66805000e-08  9.52633849e-01  2.66805000e-08  1.94999855e+00  2.66805000e-08  1.62819941e-04 
 2.66815000e-08  9.00372973e-01  2.66815000e-08  1.94999844e+00  2.66815000e-08  1.51428266e-04 
 2.70745000e-08  1.91652831e-05  2.70745000e-08  1.23530340e+00  2.70745000e-08 -7.14850421e-06 
 2.70755000e-08  1.90166620e-05  2.70755000e-08  1.15598855e+00  2.70755000e-08 -8.07565788e-06 
 2.70765000e-08  1.90800310e-05  2.70765000e-08  1.07555435e+00  2.70765000e-08 -6.03712915e-06 
 2.70775000e-08  1.90361002e-05  2.70775000e-08  9.93999080e-01  2.70775000e-08 -2.53501306e-06 
 2.70785000e-08  1.91603134e-05  2.70785000e-08  9.11514559e-01  2.70785000e-08  2.96706504e-06 
 2.70795000e-08  1.92245059e-05  2.70795000e-08  8.28153410e-01  2.70795000e-08  8.04848429e-06 
 2.72625000e-08  9.29981816e-01  2.72625000e-08  2.77227528e-06  2.72625000e-08  2.21856385e-06 
 2.72635000e-08  9.67073312e-01  2.72635000e-08  2.94600678e-06  2.72635000e-08  2.34248718e-06 
 2.72645000e-08  1.00392460e+00  2.72645000e-08  2.47759511e-06  2.72645000e-08  2.09302225e-06 
 2.72655000e-08  1.04044627e+00  2.72655000e-08  2.66259558e-06  2.72655000e-08  2.22007655e-06 
 2.72665000e-08  1.07658044e+00  2.72665000e-08  2.21631829e-06  2.72665000e-08  1.97541353e-06 
 2.72675000e-08  1.11238446e+00  2.72675000e-08  2.41253405e-06  2.72675000e-08  2.10678402e-06 
 2.75115000e-08  1.94999871e+00  2.75115000e-08  8.85454582e-01  2.75115000e-08 -9.48880067e-05 
 2.75125000e-08  1.94999944e+00  2.75125000e-08  9.46941510e-01  2.75125000e-08 -1.17458117e-04 
 2.75135000e-08  1.94999886e+00  2.75135000e-08  1.00759615e+00  2.75135000e-08 -1.32384341e-04 
 2.75145000e-08  1.94999956e+00  2.75145000e-08  1.06741541e+00  2.75145000e-08 -1.40365331e-04 
 2.75155000e-08  1.94999890e+00  2.75155000e-08  1.12649370e+00  2.75155000e-08 -1.53895989e-04 
 2.75165000e-08  1.94999948e+00  2.75165000e-08  1.18507673e+00  2.75165000e-08 -1.68343410e-04 
 2.76315000e-08  1.94999946e+00  2.76315000e-08  1.94992136e+00  2.76315000e-08  8.66334076e-01 
 2.76325000e-08  1.94999956e+00  2.76325000e-08  1.94992773e+00  2.76325000e-08  9.27269098e-01 
 2.76335000e-08  1.94999939e+00  2.76335000e-08  1.94993444e+00  2.76335000e-08  9.87081422e-01 
 2.76345000e-08  1.94999963e+00  2.76345000e-08  1.94994007e+00  2.76345000e-08  1.04749627e+00 
 2.76355000e-08  1.94999955e+00  2.76355000e-08  1.94994760e+00  2.76355000e-08  1.11244104e+00 
 2.76365000e-08  1.94999983e+00  2.76365000e-08  1.94994342e+00  2.76365000e-08  1.18489693e+00 
 2.77985000e-08  1.16344730e+00  2.77985000e-08  1.94999844e+00  2.77985000e-08  1.94999508e+00 
 2.77995000e-08  1.11111108e+00  2.77995000e-08  1.94999847e+00  2.77995000e-08  1.94998676e+00 
 2.78005000e-08  1.05888811e+00  2.78005000e-08  1.94999847e+00  2.78005000e-08  1.94999215e+00 
 2.78015000e-08  1.00670989e+00  2.78015000e-08  1.94999851e+00  2.78015000e-08  1.94998727e+00 
 2.78025000e-08  9.54517722e-01  2.78025000e-08  1.94999850e+00  2.78025000e-08  1.94999494e+00 
 2.78035000e-08  9.02259811e-01  2.78035000e-08  1.94999853e+00  2.78035000e-08  1.94998710e+00 
 2.81965000e-08  1.91735510e-05  2.81965000e-08  1.23805642e+00  2.81965000e-08  1.94990629e+00 
 2.81975000e-08  1.90130390e-05  2.81975000e-08  1.15878569e+00  2.81975000e-08  1.94988891e+00 
 2.81985000e-08  1.90828851e-05  2.81985000e-08  1.07839797e+00  2.81985000e-08  1.94987433e+00 
 2.81995000e-08  1.90289470e-05  2.81995000e-08  9.96881142e-01  2.81995000e-08  1.94986885e+00 
 2.82005000e-08  1.91612023e-05  2.82005000e-08  9.14435472e-01  2.82005000e-08  1.94987634e+00 
 2.82015000e-08  1.92100124e-05  2.82015000e-08  8.31103352e-01  2.82015000e-08  1.94989901e+00 
 2.83845000e-08  9.28341710e-01  2.83845000e-08 -8.71556993e-06  2.83845000e-08  1.94996959e+00 
 2.83855000e-08  9.65441852e-01  2.83855000e-08 -8.48740971e-06  2.83855000e-08  1.94997001e+00 
 2.83865000e-08  1.00230579e+00  2.83865000e-08 -8.37793378e-06  2.83865000e-08  1.94997133e+00 
 2.83875000e-08  1.03884374e+00  2.83875000e-08 -8.15105398e-06  2.83875000e-08  1.94997170e+00 
 2.83885000e-08  1.07499419e+00  2.83885000e-08 -8.04516595e-06  2.83885000e-08  1.94997296e+00 
 2.83895000e-08  1.11080989e+00  2.83895000e-08 -7.82088308e-06  2.83895000e-08  1.94997330e+00 
 2.86335000e-08  1.94999886e+00  2.86335000e-08  8.83774586e-01  2.86335000e-08  1.94988979e+00 
 2.86345000e-08  1.94999944e+00  2.86345000e-08  9.45126152e-01  2.86345000e-08  1.94978760e+00 
 2.86355000e-08  1.94999879e+00  2.86355000e-08  1.00555414e+00  2.86355000e-08  1.94967682e+00 
 2.86365000e-08  1.94999936e+00  2.86365000e-08  1.06505560e+00  2.86365000e-08  1.94957565e+00 
 2.86375000e-08  1.94999884e+00  2.86375000e-08  1.12374390e+00  2.86375000e-08  1.94947570e+00 
 2.86385000e-08  1.94999949e+00  2.86385000e-08  1.18196665e+00  2.86385000e-08  1.94935906e+00 
 2.87675000e-08  1.94999988e+00  2.87675000e-08  1.94995391e+00  2.87675000e-08  1.20263340e+00 
 2.87685000e-08  1.95000016e+00  2.87685000e-08  1.94998086e+00  2.87685000e-08  1.14510251e+00 
 2.87695000e-08  1.94999983e+00  2.87695000e-08  1.95000695e+00  2.87695000e-08  1.08751288e+00 
 2.87705000e-08  1.95000002e+00  2.87705000e-08  1.95003406e+00  2.87705000e-08  1.02962666e+00 
 2.87715000e-08  1.94999991e+00  2.87715000e-08  1.95005531e+00  2.87715000e-08  9.71359722e-01 
 2.87725000e-08  1.95000012e+00  2.87725000e-08  1.95007215e+00  2.87725000e-08  9.12502576e-01 
 2.89205000e-08  1.16562145e+00  2.89205000e-08  1.94999839e+00  2.89205000e-08  1.84304766e-04 
 2.89215000e-08  1.11328087e+00  2.89215000e-08  1.94999838e+00  2.89215000e-08  1.73939276e-04 
 2.89225000e-08  1.06105351e+00  2.89225000e-08  1.94999843e+00  2.89225000e-08  1.72908115e-04 
 2.89235000e-08  1.00887538e+00  2.89235000e-08  1.94999842e+00  2.89235000e-08  1.62979624e-04 
 2.89245000e-08  9.56684454e-01  2.89245000e-08  1.94999846e+00  2.89245000e-08  1.62215281e-04 
 2.89255000e-08  9.04430390e-01  2.89255000e-08  1.94999845e+00  2.89255000e-08  1.52700795e-04 
 2.93185000e-08  1.91753465e-05  2.93185000e-08  1.24151879e+00  2.93185000e-08 -7.17984501e-06 
 2.93195000e-08  1.90134938e-05  2.93195000e-08  1.16229545e+00  2.93195000e-08 -7.97792423e-06 
 2.93205000e-08  1.90791501e-05  2.93205000e-08  1.08195646e+00  2.93205000e-08 -6.38053047e-06 
 2.93215000e-08  1.90255911e-05  2.93215000e-08  1.00047800e+00  2.93215000e-08 -2.79458940e-06 
 2.93225000e-08  1.91543016e-05  2.93225000e-08  9.18071313e-01  2.93225000e-08  2.45040765e-06 
 2.93235000e-08  1.91987315e-05  2.93235000e-08  8.34766910e-01  2.93235000e-08  7.69300866e-06 
 2.95065000e-08  9.26699078e-01  2.95065000e-08  2.83448884e-06  2.95065000e-08  2.30167171e-06 
 2.95075000e-08  9.63807747e-01  2.95075000e-08  2.90780105e-06  2.95075000e-08  2.26925828e-06 
 2.95085000e-08  1.00068416e+00  2.95085000e-08  2.53751587e-06  2.95085000e-08  2.17526872e-06 
 2.95095000e-08  1.03723833e+00  2.95095000e-08  2.62543169e-06  2.95095000e-08  2.14830035e-06 
 2.95105000e-08  1.07340518e+00  2.95105000e-08  2.27329698e-06  2.95105000e-08  2.05607558e-06 
 2.95115000e-08  1.10923292e+00  2.95115000e-08  2.37505908e-06  2.95115000e-08  2.03520537e-06 
 2.97555000e-08  1.94999884e+00  2.97555000e-08  8.79807362e-01  2.97555000e-08 -9.22070433e-05 
 2.97565000e-08  1.94999939e+00  2.97565000e-08  9.41367452e-01  2.97565000e-08 -1.15798065e-04 
 2.97575000e-08  1.94999887e+00  2.97575000e-08  1.00209903e+00  2.97575000e-08 -1.31224217e-04 
 2.97585000e-08  1.94999951e+00  2.97585000e-08  1.06199261e+00  2.97585000e-08 -1.39670529e-04 
 2.97595000e-08  1.94999891e+00  2.97595000e-08  1.12113050e+00  2.97595000e-08 -1.52625535e-04 
 2.97605000e-08  1.94999944e+00  2.97605000e-08  1.17974390e+00  2.97605000e-08 -1.66853579e-04 
 2.98755000e-08  1.94999949e+00  2.98755000e-08  1.94992100e+00  2.98755000e-08  8.60674877e-01 
 2.98765000e-08  1.94999956e+00  2.98765000e-08  1.94992696e+00  2.98765000e-08  9.21750935e-01 
 2.98775000e-08  1.94999940e+00  2.98775000e-08  1.94993399e+00  2.98775000e-08  9.81626305e-01 
 2.98785000e-08  1.94999962e+00  2.98785000e-08  1.94993953e+00  2.98785000e-08  1.04182252e+00 
 2.98795000e-08  1.94999955e+00  2.98795000e-08  1.94994716e+00  2.98795000e-08  1.10618052e+00 
 2.98805000e-08  1.94999981e+00  2.98805000e-08  1.94994368e+00  2.98805000e-08  1.17815003e+00 
 3.00425000e-08  1.16839000e+00  3.00425000e-08  1.94999840e+00  3.00425000e-08  1.94999462e+00 
 3.00435000e-08  1.11604394e+00  3.00435000e-08  1.94999852e+00  3.00435000e-08  1.94998854e+00 
 3.00445000e-08  1.06381095e+00  3.00445000e-08  1.94999843e+00  3.00445000e-08  1.94999212e+00 
 3.00455000e-08  1.01163290e+00  3.00455000e-08  1.94999854e+00  3.00455000e-08  1.94998896e+00 
 3.00465000e-08  9.59443506e-01  3.00465000e-08  1.94999847e+00  3.00465000e-08  1.94999471e+00 
 3.00475000e-08  9.07194362e-01  3.00475000e-08  1.94999858e+00  3.00475000e-08  1.94998899e+00 
 3.04405000e-08  1.91780200e-05  3.04405000e-08  1.24561706e+00  3.04405000e-08  1.94990788e+00 
 3.04415000e-08  1.90170899e-05  3.04415000e-08  1.16645810e+00  3.04415000e-08  1.94989060e+00 
 3.04425000e-08  1.90754284e-05  3.04425000e-08  1.08618643e+00  3.04425000e-08  1.94987538e+00 
 3.04435000e-08  1.90244642e-05  3.04435000e-08  1.00476338e+00  3.04435000e-08  1.94986890e+00 
 3.04445000e-08  1.91474026e-05  3.04445000e-08  9.22412871e-01  3.04445000e-08  1.94987492e+00 
 3.04455000e-08  1.91678131e-05  3.04455000e-08  8.39150368e-01  3.04455000e-08  1.94989621e+00 
 3.06285000e-08  9.24667335e-01  3.06285000e-08 -8.66509034e-06  3.06285000e-08  1.94996945e+00 
 3.06295000e-08  9.61787477e-01  3.06295000e-08 -8.56944062e-06  3.06295000e-08  1.94996998e+00 
 3.06305000e-08  9.98679751e-01  3.06305000e-08 -8.32926570e-06  3.06305000e-08  1.94997119e+00 
 3.06315000e-08  1.03525426e+00  3.06315000e-08 -8.23100690e-06  3.06315000e-08  1.94997168e+00 
 3.06325000e-08  1.07144186e+00  3.06325000e-08 -7.99780138e-06  3.06325000e-08  1.94997283e+00 
 3.06335000e-08  1.10728528e+00  3.06335000e-08 -7.89860070e-06  3.06335000e-08  1.94997328e+00 
 3.08775000e-08  1.94999893e+00  3.08775000e-08  8.77527190e-01  3.08775000e-08  1.94989905e+00 
 3.08785000e-08  1.94999943e+00  3.08785000e-08  9.38968122e-01  3.08785000e-08  1.94979855e+00 
 3.08795000e-08  1.94999896e+00  3.08795000e-08  9.99488201e-01  3.08795000e-08  1.94968799e+00 
 3.08805000e-08  1.94999954e+00  3.08805000e-08  1.05908121e+00  3.08805000e-08  1.94958437e+00 
 3.08815000e-08  1.94999899e+00  3.08815000e-08  1.11784068e+00  3.08815000e-08  1.94948647e+00 
 3.08825000e-08  1.94999947e+00  3.08825000e-08  1.17608460e+00  3.08825000e-08  1.94937177e+00 
 3.10125000e-08  1.95000016e+00  3.10125000e-08  1.94997782e+00  3.10125000e-08  1.15092839e+00 
 3.10135000e-08  1.94999985e+00  3.10135000e-08  1.95000418e+00  3.10135000e-08  1.09335613e+00 
 3.10145000e-08  1.95000000e+00  3.10145000e-08  1.95003145e+00  3.10145000e-08  1.03550123e+00 
 3.10155000e-08  1.94999993e+00  3.10155000e-08  1.95005366e+00  3.10155000e-08  9.77282800e-01 
 3.10165000e-08  1.95000012e+00  3.10165000e-08  1.95007066e+00  3.10165000e-08  9.18483868e-01 
 3.10175000e-08  1.94999997e+00  3.10175000e-08  1.95008227e+00  3.10175000e-08  8.59075666e-01 
 3.11645000e-08  1.17128290e+00  3.11645000e-08  1.94999835e+00  3.11645000e-08  1.84123864e-04 
 3.11655000e-08  1.11893092e+00  3.11655000e-08  1.94999843e+00  3.11655000e-08  1.75274405e-04 
 3.11665000e-08  1.06669170e+00  3.11665000e-08  1.94999835e+00  3.11665000e-08  1.72698008e-04 
 3.11675000e-08  1.01451347e+00  3.11675000e-08  1.94999845e+00  3.11675000e-08  1.64270818e-04 
 3.11685000e-08  9.62325357e-01  3.11685000e-08  1.94999839e+00  3.11685000e-08  1.61977448e-04 
 3.11695000e-08  9.10081209e-01  3.11695000e-08  1.94999849e+00  3.11695000e-08  1.53952800e-04 
 3.15625000e-08  1.91769133e-05  3.15625000e-08  1.25006441e+00  3.15625000e-08 -7.18690681e-06 
 3.15635000e-08  1.90189797e-05  3.15635000e-08  1.17096824e+00  3.15635000e-08 -7.84818444e-06 
 3.15645000e-08  1.90691116e-05  3.15645000e-08  1.09076082e+00  3.15645000e-08 -6.80292643e-06 
 3.15655000e-08  1.90226952e-05  3.15655000e-08  1.00938883e+00  3.15655000e-08 -3.16067640e-06 
 3.15665000e-08  1.91417533e-05  3.15665000e-08  9.27090292e-01  3.15665000e-08  1.76436389e-06 
 3.15675000e-08  1.91639194e-05  3.15675000e-08  8.43865253e-01  3.15675000e-08  7.18658243e-06 
 3.17505000e-08  9.22546265e-01  3.17505000e-08  2.90896075e-06  3.17505000e-08  2.37827982e-06 
 3.17515000e-08  9.59676848e-01  3.17515000e-08  2.86698338e-06  3.17515000e-08  2.20590865e-06 
 3.17525000e-08  9.96584549e-01  3.17525000e-08  2.60816531e-06  3.17525000e-08  2.25101156e-06 
 3.17535000e-08  1.03317958e+00  3.17535000e-08  2.58522050e-06  3.17535000e-08  2.08564720e-06 
 3.17545000e-08  1.06938854e+00  3.17545000e-08  2.34085780e-06  3.17545000e-08  2.13089433e-06 
 3.17555000e-08  1.10524835e+00  3.17555000e-08  2.33491053e-06  3.17555000e-08  1.97258572e-06 
 3.19995000e-08  1.94999911e+00  3.19995000e-08  8.72865346e-01  3.19995000e-08 -8.88414092e-05 
 3.20005000e-08  1.94999956e+00  3.20005000e-08  9.34514446e-01  3.20005000e-08 -1.13663643e-04 
 3.20015000e-08  1.94999907e+00  3.20015000e-08  9.95335687e-01  3.20015000e-08 -1.29649432e-04 
 3.20025000e-08  1.94999949e+00  3.20025000e-08  1.05531939e+00  3.20025000e-08 -1.38775791e-04 
 3.20035000e-08  1.94999909e+00  3.20035000e-08  1.11453259e+00  3.20035000e-08 -1.51107991e-04 
 3.20045000e-08  1.94999959e+00  3.20045000e-08  1.17317746e+00  3.20045000e-08 -1.64920196e-04 
 3.21195000e-08  1.94999954e+00  3.21195000e-08  1.94992063e+00  3.21195000e-08  8.53745955e-01 
 3.21205000e-08  1.94999957e+00  3.21205000e-08  1.94992604e+00  3.21205000e-08  9.14998761e-01 
 3.21215000e-08  1.94999943e+00  3.21215000e-08  1.94993342e+00  3.21215000e-08  9.74965091e-01 
 3.21225000e-08  1.94999962e+00  3.21225000e-08  1.94993883e+00  3.21225000e-08  1.03495943e+00 
 3.21235000e-08  1.94999957e+00  3.21235000e-08  1.94994649e+00  3.21235000e-08  1.09866209e+00 
 3.21245000e-08  1.94999980e+00  3.21245000e-08  1.94994419e+00  3.21245000e-08  1.16991060e+00 
 3.22865000e-08  1.17414106e+00  3.22865000e-08  1.94999836e+00  3.22865000e-08  1.94999587e+00 
 3.22875000e-08  1.12178313e+00  3.22875000e-08  1.94999854e+00  3.22875000e-08  1.94999425e+00 
 3.22885000e-08  1.06953759e+00  3.22885000e-08  1.94999839e+00  3.22885000e-08  1.94999675e+00 
 3.22895000e-08  1.01735901e+00  3.22895000e-08  1.94999857e+00  3.22895000e-08  1.94999503e+00 
 3.22905000e-08  9.65171984e-01  3.22905000e-08  1.94999843e+00  3.22905000e-08  1.94999739e+00 
 3.22915000e-08  9.12932681e-01  3.22915000e-08  1.94999860e+00  3.22915000e-08  1.94999563e+00 
 3.26845000e-08  1.91779564e-05  3.26845000e-08  1.25448989e+00  3.26845000e-08  1.94990970e+00 
 3.26855000e-08  1.90270599e-05  3.26855000e-08  1.17547103e+00  3.26855000e-08  1.94989253e+00 
 3.26865000e-08  1.90644608e-05  3.26865000e-08  1.09533002e+00  3.26865000e-08  1.94987670e+00 
 3.26875000e-08  1.90260330e-05  3.26875000e-08  1.01402423e+00  3.26875000e-08  1.94986906e+00 
 3.26885000e-08  1.91362288e-05  3.26885000e-08  9.31781209e-01  3.26885000e-08  1.94987344e+00 
 3.26895000e-08  1.91640756e-05  3.26895000e-08  8.48607376e-01  3.26895000e-08  1.94989305e+00 
 3.28725000e-08  9.20670561e-01  3.28725000e-08 -8.60055525e-06  3.28725000e-08  1.94996929e+00 
 3.28735000e-08  9.57810156e-01  3.28735000e-08 -8.67019611e-06  3.28735000e-08  1.94996994e+00 
 3.28745000e-08  9.94726229e-01  3.28745000e-08 -8.26608820e-06  3.28745000e-08  1.94997104e+00 
 3.28755000e-08  1.03133509e+00  3.28755000e-08 -8.32977188e-06  3.28755000e-08  1.94997165e+00 
 3.28765000e-08  1.06756423e+00  3.28765000e-08 -7.93699121e-06  3.28765000e-08  1.94997269e+00 
 3.28775000e-08  1.10343955e+00  3.28775000e-08 -7.99462422e-06  3.28775000e-08  1.94997325e+00 
 3.31215000e-08  1.94999920e+00  3.31215000e-08  8.70900637e-01  3.31215000e-08  1.94990303e+00 
 3.31225000e-08  1.94999957e+00  3.31225000e-08  9.32437919e-01  3.31225000e-08  1.94980540e+00 
 3.31235000e-08  1.94999921e+00  3.31235000e-08  9.93057335e-01  3.31235000e-08  1.94969605e+00 
 3.31245000e-08  1.94999965e+00  3.31245000e-08  1.05274849e+00  3.31245000e-08  1.94959072e+00 
 3.31255000e-08  1.94999923e+00  3.31255000e-08  1.11158634e+00  3.31255000e-08  1.94949537e+00 
 3.31265000e-08  1.94999960e+00  3.31265000e-08  1.16984554e+00  3.31265000e-08  1.94938326e+00 
 3.32565000e-08  1.95000020e+00  3.32565000e-08  1.94997480e+00  3.32565000e-08  1.15709137e+00 
 3.32575000e-08  1.94999993e+00  3.32575000e-08  1.95000124e+00  3.32575000e-08  1.09952989e+00 
 3.32585000e-08  1.95000005e+00  3.32585000e-08  1.95002856e+00  3.32585000e-08  1.04171425e+00 
 3.32595000e-08  1.95000000e+00  3.32595000e-08  1.95005174e+00  3.32595000e-08  9.83541612e-01 
 3.32605000e-08  1.95000017e+00  3.32605000e-08  1.95006892e+00  3.32605000e-08  9.24811363e-01 
 3.32615000e-08  1.95000005e+00  3.32615000e-08  1.95008146e+00  3.32615000e-08  8.65471575e-01 
 3.34085000e-08  1.17713427e+00  3.34085000e-08  1.94999829e+00  3.34085000e-08  1.84492719e-04 
 3.34095000e-08  1.12477006e+00  3.34095000e-08  1.94999851e+00  3.34095000e-08  1.76117616e-04 
 3.34105000e-08  1.07251776e+00  3.34105000e-08  1.94999833e+00  3.34105000e-08  1.73027566e-04 
 3.34115000e-08  1.02033864e+00  3.34115000e-08  1.94999854e+00  3.34115000e-08  1.65082627e-04 
 3.34125000e-08  9.68152604e-01  3.34125000e-08  1.94999836e+00  3.34125000e-08  1.62270568e-04 
 3.34135000e-08  9.15918293e-01  3.34135000e-08  1.94999857e+00  3.34135000e-08  1.54732260e-04 
 3.38065000e-08  1.91805809e-05  3.38065000e-08  1.25889565e+00  3.38065000e-08 -7.13307789e-06 
 3.38075000e-08  1.90371255e-05  3.38075000e-08  1.17994922e+00  3.38075000e-08 -7.73346385e-06 
 3.38085000e-08  1.90615537e-05  3.38085000e-08  1.09986384e+00  3.38085000e-08 -7.16233977e-06 
 3.38095000e-08  1.90311203e-05  3.38095000e-08  1.01861702e+00  3.38095000e-08 -3.56076854e-06 
 3.38105000e-08  1.91339718e-05  3.38105000e-08  9.36418750e-01  3.38105000e-08  1.11013445e-06 
 3.38115000e-08  1.91670477e-05  3.38115000e-08  8.53289640e-01  3.38115000e-08  6.64380929e-06 
 3.39955000e-08  9.55745401e-01  3.39955000e-08  2.83418858e-06  3.39955000e-08  2.16062154e-06 
 3.39965000e-08  9.92676361e-01  3.39965000e-08  2.67498514e-06  3.39965000e-08  2.31098632e-06 
 3.39975000e-08  1.02930511e+00  3.39975000e-08  2.55023505e-06  3.39975000e-08  2.03959942e-06 
 3.39985000e-08  1.06555534e+00  3.39985000e-08  2.40357526e-06  3.39985000e-08  2.18918132e-06 
 3.39995000e-08  1.10144744e+00  3.39995000e-08  2.29990166e-06  3.39995000e-08  1.92712664e-06 
 3.40005000e-08  1.13711374e+00  3.40005000e-08  2.16255480e-06  3.40005000e-08  2.07559607e-06 
 3.42435000e-08  1.94999936e+00  3.42435000e-08  8.66178949e-01  3.42435000e-08 -8.63602548e-05 
 3.42445000e-08  1.94999967e+00  3.42445000e-08  9.27915061e-01  3.42445000e-08 -1.11037016e-04 
 3.42455000e-08  1.94999938e+00  3.42455000e-08  9.88828174e-01  3.42455000e-08 -1.27606907e-04 
 3.42465000e-08  1.94999972e+00  3.42465000e-08  1.04890438e+00  3.42465000e-08 -1.37435912e-04 
 3.42475000e-08  1.94999939e+00  3.42475000e-08  1.10819186e+00  3.42475000e-08 -1.49131855e-04 
 3.42485000e-08  1.94999968e+00  3.42485000e-08  1.16688406e+00  3.42485000e-08 -1.62924319e-04 
 3.43645000e-08  1.94999960e+00  3.43645000e-08  1.94992516e+00  3.43645000e-08  9.08479632e-01 
 3.43655000e-08  1.94999948e+00  3.43655000e-08  1.94993286e+00  3.43655000e-08  9.68546486e-01 
 3.43665000e-08  1.94999962e+00  3.43665000e-08  1.94993813e+00  3.43665000e-08  1.02840333e+00 
 3.43675000e-08  1.94999961e+00  3.43675000e-08  1.94994572e+00  3.43675000e-08  1.09154267e+00 
 3.43685000e-08  1.94999980e+00  3.43685000e-08  1.94994483e+00  3.43685000e-08  1.16198207e+00 
 3.43695000e-08  1.94999977e+00  3.43695000e-08  1.94994443e+00  3.43695000e-08  1.23528756e+00 
 3.45305000e-08  1.18021995e+00  3.45305000e-08  1.94999833e+00  3.45305000e-08  1.94999657e+00 
 3.45315000e-08  1.12784914e+00  3.45315000e-08  1.94999857e+00  3.45315000e-08  1.94999727e+00 
 3.45325000e-08  1.07558962e+00  3.45325000e-08  1.94999837e+00  3.45325000e-08  1.94999679e+00 
 3.45335000e-08  1.02340969e+00  3.45335000e-08  1.94999860e+00  3.45335000e-08  1.94999747e+00 
 3.45345000e-08  9.71224398e-01  3.45345000e-08  1.94999840e+00  3.45345000e-08  1.94999705e+00 
 3.45355000e-08  9.18995091e-01  3.45355000e-08  1.94999863e+00  3.45355000e-08  1.94999773e+00 
 3.49285000e-08  1.91828966e-05  3.49285000e-08  1.26334236e+00  3.49285000e-08  1.94991160e+00 
 3.49295000e-08  1.90469218e-05  3.49295000e-08  1.18447695e+00  3.49295000e-08  1.94989452e+00 
 3.49305000e-08  1.90590266e-05  3.49305000e-08  1.10445676e+00  3.49305000e-08  1.94987820e+00 
 3.49315000e-08  1.90360912e-05  3.49315000e-08  1.02327899e+00  3.49315000e-08  1.94986940e+00 
 3.49325000e-08  1.91272758e-05  3.49325000e-08  9.41135509e-01  3.49325000e-08  1.94987221e+00 
 3.49335000e-08  1.91668719e-05  3.49335000e-08  8.58060484e-01  3.49335000e-08  1.94989009e+00 
 3.51175000e-08  9.53446568e-01  3.51175000e-08 -8.76714402e-06  3.51175000e-08  1.94996990e+00 
 3.51185000e-08  9.90393827e-01  3.51185000e-08 -8.20723067e-06  3.51185000e-08  1.94997088e+00 
 3.51195000e-08  1.02704454e+00  3.51195000e-08 -8.42502938e-06  3.51195000e-08  1.94997161e+00 
 3.51205000e-08  1.06331848e+00  3.51205000e-08 -7.87905348e-06  3.51205000e-08  1.94997254e+00 
 3.51215000e-08  1.09922994e+00  3.51215000e-08 -8.08836131e-06  3.51215000e-08  1.94997322e+00 
 3.51225000e-08  1.13490436e+00  3.51225000e-08 -7.55785339e-06  3.51225000e-08  1.94997410e+00 
 3.53655000e-08  1.94999956e+00  3.53655000e-08  8.63547498e-01  3.53655000e-08  1.94991838e+00 
 3.53665000e-08  1.94999981e+00  3.53665000e-08  9.25192624e-01  3.53665000e-08  1.94982172e+00 
 3.53675000e-08  1.94999956e+00  3.53675000e-08  9.85923464e-01  3.53675000e-08  1.94971215e+00 
 3.53685000e-08  1.94999977e+00  3.53685000e-08  1.04572449e+00  3.53685000e-08  1.94960374e+00 
 3.53695000e-08  1.94999957e+00  3.53695000e-08  1.10465269e+00  3.53695000e-08  1.94951013e+00 
 3.53705000e-08  1.94999982e+00  3.53705000e-08  1.16295710e+00  3.53705000e-08  1.94939961e+00 
 3.55005000e-08  1.95000022e+00  3.55005000e-08  1.94997146e+00  3.55005000e-08  1.16387945e+00 
 3.55015000e-08  1.95000002e+00  3.55015000e-08  1.94999831e+00  3.55015000e-08  1.10632772e+00 
 3.55025000e-08  1.95000007e+00  3.55025000e-08  1.95002528e+00  3.55025000e-08  1.04855316e+00 
 3.55035000e-08  1.95000006e+00  3.55035000e-08  1.95004951e+00  3.55035000e-08  9.90429009e-01 
 3.55045000e-08  1.95000020e+00  3.55045000e-08  1.95006691e+00  3.55045000e-08  9.31773093e-01 
 3.55055000e-08  1.95000014e+00  3.55055000e-08  1.95008047e+00  3.55055000e-08  8.72507824e-01 
 3.56525000e-08  1.18296297e+00  3.56525000e-08  1.94999832e+00  3.56525000e-08  1.84890243e-04 
 3.56535000e-08  1.13058749e+00  3.56535000e-08  1.94999864e+00  3.56535000e-08  1.77092811e-04 
 3.56545000e-08  1.07832253e+00  3.56545000e-08  1.94999834e+00  3.56545000e-08  1.73379722e-04 
 3.56555000e-08  1.02614281e+00  3.56555000e-08  1.94999865e+00  3.56555000e-08  1.66013470e-04 
 3.56565000e-08  9.73959015e-01  3.56565000e-08  1.94999836e+00  3.56565000e-08  1.62581074e-04 
 3.56575000e-08  9.21735005e-01  3.56575000e-08  1.94999867e+00  3.56575000e-08  1.55621856e-04 
 3.60505000e-08  1.91855468e-05  3.60505000e-08  1.26741332e+00  3.60505000e-08 -7.05897850e-06 
 3.60515000e-08  1.90529091e-05  3.60515000e-08  1.18861556e+00  3.60515000e-08 -7.60640873e-06 
 3.60525000e-08  1.90574676e-05  3.60525000e-08  1.10864698e+00  3.60525000e-08 -7.46910514e-06 
 3.60535000e-08  1.90380499e-05  3.60535000e-08  1.02752374e+00  3.60535000e-08 -3.93118115e-06 
 3.60545000e-08  1.91230654e-05  3.60545000e-08  9.45421900e-01  3.60545000e-08  5.31693209e-07 
 3.60555000e-08  1.91703032e-05  3.60555000e-08  8.62388292e-01  3.60555000e-08  6.16792120e-06 
 3.62395000e-08  9.51886477e-01  3.62395000e-08  2.79779549e-06  3.62395000e-08  2.11397865e-06 
 3.62405000e-08  9.88844448e-01  3.62405000e-08  2.74391918e-06  3.62405000e-08  2.37151852e-06 
 3.62415000e-08  1.02550980e+00  3.62415000e-08  2.51260409e-06  3.62415000e-08  1.99279965e-06 
 3.62425000e-08  1.06179961e+00  3.62425000e-08  2.46965012e-06  3.62425000e-08  2.24844111e-06 
 3.62435000e-08  1.09772421e+00  3.62435000e-08  2.26154371e-06  3.62435000e-08  1.88060938e-06 
 3.62445000e-08  1.13340423e+00  3.62445000e-08  2.22646879e-06  3.62445000e-08  2.13404748e-06 
 3.64875000e-08  1.94999967e+00  3.64875000e-08  8.59716754e-01  3.64875000e-08 -8.28468620e-05 
 3.64885000e-08  1.94999983e+00  3.64885000e-08  9.21536327e-01  3.64885000e-08 -1.09067275e-04 
 3.64895000e-08  1.94999968e+00  3.64895000e-08  9.82535213e-01  3.64895000e-08 -1.26262545e-04 
 3.64905000e-08  1.94999987e+00  3.64905000e-08  1.04269632e+00  3.64905000e-08 -1.36607636e-04 
 3.64915000e-08  1.94999969e+00  3.64915000e-08  1.10205416e+00  3.64915000e-08 -1.47753712e-04 
 3.64925000e-08  1.94999985e+00  3.64925000e-08  1.16079624e+00  3.64925000e-08 -1.61615533e-04 
 3.66085000e-08  1.94999965e+00  3.66085000e-08  1.94992436e+00  3.66085000e-08  9.02157308e-01 
 3.66095000e-08  1.94999955e+00  3.66095000e-08  1.94993229e+00  3.66095000e-08  9.62328993e-01 
 3.66105000e-08  1.94999965e+00  3.66105000e-08  1.94993744e+00  3.66105000e-08  1.02209771e+00 
 3.66115000e-08  1.94999966e+00  3.66115000e-08  1.94994486e+00  3.66115000e-08  1.08474756e+00 
 3.66125000e-08  1.94999982e+00  3.66125000e-08  1.94994559e+00  3.66125000e-08  1.15432289e+00 
 3.66135000e-08  1.94999983e+00  3.66135000e-08  1.94994424e+00  3.66135000e-08  1.22771698e+00 
 3.67745000e-08  1.18556444e+00  3.67745000e-08  1.94999831e+00  3.67745000e-08  1.94999249e+00 
 3.67755000e-08  1.13318205e+00  3.67755000e-08  1.94999859e+00  3.67755000e-08  1.94999488e+00 
 3.67765000e-08  1.08090965e+00  3.67765000e-08  1.94999834e+00  3.67765000e-08  1.94999258e+00 
 3.67775000e-08  1.02872786e+00  3.67775000e-08  1.94999862e+00  3.67775000e-08  1.94999641e+00 
 3.67785000e-08  9.76543437e-01  3.67785000e-08  1.94999837e+00  3.67785000e-08  1.94999388e+00 
 3.67795000e-08  9.24322557e-01  3.67795000e-08  1.94999865e+00  3.67795000e-08  1.94999741e+00 
 3.71735000e-08  1.90591945e-05  3.71735000e-08  1.19257607e+00  3.71735000e-08  1.94989633e+00 
 3.71745000e-08  1.90553096e-05  3.71745000e-08  1.11266532e+00  3.71745000e-08  1.94987963e+00 
 3.71755000e-08  1.90377147e-05  3.71755000e-08  1.03160328e+00  3.71755000e-08  1.94986984e+00 
 3.71765000e-08  1.91168010e-05  3.71765000e-08  9.49550464e-01  3.71765000e-08  1.94987126e+00 
 3.71775000e-08  1.91616863e-05  3.71775000e-08  8.66565270e-01  3.71775000e-08  1.94988760e+00 
 3.71785000e-08  1.94205775e-05  3.71785000e-08  7.82849883e-01  3.71785000e-08  1.94991920e+00 
 3.73615000e-08  9.49455315e-01  3.73615000e-08 -8.85917830e-06  3.73615000e-08  1.94996987e+00 
 3.73625000e-08  9.86430053e-01  3.73625000e-08 -8.15083489e-06  3.73625000e-08  1.94997074e+00 
 3.73635000e-08  1.02311772e+00  3.73635000e-08 -8.51537162e-06  3.73635000e-08  1.94997158e+00 
 3.73645000e-08  1.05943259e+00  3.73645000e-08 -7.82359966e-06  3.73645000e-08  1.94997240e+00 
 3.73655000e-08  1.09537780e+00  3.73655000e-08 -8.17719786e-06  3.73655000e-08  1.94997319e+00 
 3.73665000e-08  1.13106789e+00  3.73665000e-08 -7.50323124e-06  3.73665000e-08  1.94997396e+00 
 3.76095000e-08  1.94999985e+00  3.76095000e-08  8.56906222e-01  3.76095000e-08  1.94992930e+00 
 3.76105000e-08  1.94999993e+00  3.76105000e-08  9.18646395e-01  3.76105000e-08  1.94983413e+00 
 3.76115000e-08  1.94999984e+00  3.76115000e-08  9.79474833e-01  3.76115000e-08  1.94972497e+00 
 3.76125000e-08  1.94999992e+00  3.76125000e-08  1.03937312e+00  3.76125000e-08  1.94961550e+00 
 3.76135000e-08  1.94999985e+00  3.76135000e-08  1.09838699e+00  3.76135000e-08  1.94952167e+00 
 3.76145000e-08  1.94999994e+00  3.76145000e-08  1.15674554e+00  3.76145000e-08  1.94941261e+00 
 3.77445000e-08  1.95000022e+00  3.77445000e-08  1.94996849e+00  3.77445000e-08  1.17000984e+00 
 3.77455000e-08  1.95000007e+00  3.77455000e-08  1.94999585e+00  3.77455000e-08  1.11246482e+00 
 3.77465000e-08  1.95000006e+00  3.77465000e-08  1.95002246e+00  3.77465000e-08  1.05472498e+00 
 3.77475000e-08  1.95000009e+00  3.77475000e-08  1.95004739e+00  3.77475000e-08  9.96642896e-01 
 3.77485000e-08  1.95000020e+00  3.77485000e-08  1.95006502e+00  3.77485000e-08  9.38053479e-01 
 3.77495000e-08  1.95000018e+00  3.77495000e-08  1.95007939e+00  3.77495000e-08  8.78855911e-01 
 3.78975000e-08  1.13617389e+00  3.78975000e-08  1.94999867e+00  3.78975000e-08  1.78661470e-04 
 3.78985000e-08  1.08389520e+00  3.78985000e-08  1.94999830e+00  3.78985000e-08  1.73032997e-04 
 3.78995000e-08  1.03171320e+00  3.78995000e-08  1.94999869e+00  3.78995000e-08  1.67528236e-04 
 3.79005000e-08  9.79530004e-01  3.79005000e-08  1.94999833e+00  3.79005000e-08  1.62212879e-04 
 3.79015000e-08  9.27314628e-01  3.79015000e-08  1.94999870e+00  3.79015000e-08  1.57085348e-04 
 3.79025000e-08  8.75009264e-01  3.79025000e-08  1.94999835e+00  3.79025000e-08  1.52063189e-04 
 3.82955000e-08  1.90677078e-05  3.82955000e-08  1.19716285e+00  3.82955000e-08 -7.48147743e-06 
 3.82965000e-08  1.90538528e-05  3.82965000e-08  1.11730991e+00  3.82965000e-08 -7.72973215e-06 
 3.82975000e-08  1.90433054e-05  3.82975000e-08  1.03630930e+00  3.82975000e-08 -4.29324990e-06 
 3.82985000e-08  1.91130564e-05  3.82985000e-08  9.54303411e-01  3.82985000e-08 -1.39067701e-07 
 3.82995000e-08  1.91642455e-05  3.82995000e-08  8.71365548e-01  3.82995000e-08  5.55813943e-06 
 3.83005000e-08  1.94107665e-05  3.83005000e-08  7.87682155e-01  3.83005000e-08  1.09891039e-05 
 3.84835000e-08  9.48317636e-01  3.84835000e-08  2.74719252e-06  3.84835000e-08  2.03829020e-06 
 3.84845000e-08  9.85300178e-01  3.84845000e-08  2.82509658e-06  3.84845000e-08  2.46028553e-06 
 3.84855000e-08  1.02199807e+00  3.84855000e-08  2.46146747e-06  3.84855000e-08  1.91756825e-06 
 3.84865000e-08  1.05832480e+00  3.84865000e-08  2.54816346e-06  3.84865000e-08  2.33609249e-06 
 3.84875000e-08  1.09427976e+00  3.84875000e-08  2.21003272e-06  3.84875000e-08  1.80589980e-06 
 3.84885000e-08  1.12997502e+00  3.84885000e-08  2.30284888e-06  3.84885000e-08  2.22081200e-06 
 3.87315000e-08  1.94999991e+00  3.87315000e-08  8.53752161e-01  3.87315000e-08 -7.95545727e-05 
 3.87325000e-08  1.94999994e+00  3.87325000e-08  9.15646945e-01  3.87325000e-08 -1.07966302e-04 
 3.87335000e-08  1.94999992e+00  3.87335000e-08  9.76725673e-01  3.87335000e-08 -1.25920136e-04 
 3.87345000e-08  1.94999996e+00  3.87345000e-08  1.03696746e+00  3.87345000e-08 -1.36384701e-04 
 3.87355000e-08  1.94999993e+00  3.87355000e-08  1.09640036e+00  3.87355000e-08 -1.46363028e-04 
 3.87365000e-08  1.94999997e+00  3.87365000e-08  1.15519553e+00  3.87365000e-08 -1.60384359e-04 
 3.88525000e-08  1.94999968e+00  3.88525000e-08  1.94992358e+00  3.88525000e-08  8.96384616e-01 
 3.88535000e-08  1.94999961e+00  3.88535000e-08  1.94993180e+00  3.88535000e-08  9.56660117e-01 
 3.88545000e-08  1.94999966e+00  3.88545000e-08  1.94993674e+00  3.88545000e-08  1.01637977e+00 
 3.88555000e-08  1.94999970e+00  3.88555000e-08  1.94994406e+00  3.88555000e-08  1.07861736e+00 
 3.88565000e-08  1.94999982e+00  3.88565000e-08  1.94994629e+00  3.88565000e-08  1.14734443e+00 
 3.88575000e-08  1.94999987e+00  3.88575000e-08  1.94994412e+00  3.88575000e-08  1.22078522e+00 
 3.90195000e-08  1.13809253e+00  3.90195000e-08  1.94999861e+00  3.90195000e-08  1.94999073e+00 
 3.90205000e-08  1.08580790e+00  3.90205000e-08  1.94999832e+00  3.90205000e-08  1.94998697e+00 
 3.90215000e-08  1.03362371e+00  3.90215000e-08  1.94999864e+00  3.90215000e-08  1.94999403e+00 
 3.90225000e-08  9.81439606e-01  3.90225000e-08  1.94999835e+00  3.90225000e-08  1.94998970e+00 
 3.90235000e-08  9.29226031e-01  3.90235000e-08  1.94999867e+00  3.90235000e-08  1.94999612e+00 
 3.90245000e-08  8.76922640e-01  3.90245000e-08  1.94999838e+00  3.90245000e-08  1.94998947e+00 
 3.93975000e-08  2.09019110e-05  3.93975000e-08  2.06221215e+00  3.93975000e-08  1.94998872e+00 
 3.94175000e-08  1.90717639e-05  3.94175000e-08  1.20020417e+00  3.94175000e-08  1.94989802e+00 
 3.94185000e-08  1.90500440e-05  3.94185000e-08  1.12039770e+00  3.94185000e-08  1.94988103e+00 
 3.94195000e-08  1.90419073e-05  3.94195000e-08  1.03944620e+00  3.94195000e-08  1.94987036e+00 
 3.94205000e-08  1.91055242e-05  3.94205000e-08  9.57480238e-01  3.94205000e-08  1.94987049e+00 
 3.94215000e-08  1.91590318e-05  3.94215000e-08  8.74582033e-01  3.94215000e-08  1.94988538e+00 
 3.94225000e-08  1.93907974e-05  3.94225000e-08  7.90927227e-01  3.94225000e-08  1.94991539e+00 
 3.96055000e-08  9.46295371e-01  3.96055000e-08 -8.92288847e-06  3.96055000e-08  1.94996985e+00 
 3.96065000e-08  9.83290453e-01  3.96065000e-08 -8.12010775e-06  3.96065000e-08  1.94997059e+00 
 3.96075000e-08  1.02000581e+00  3.96075000e-08 -8.57811895e-06  3.96075000e-08  1.94997156e+00 
 3.96085000e-08  1.05635308e+00  3.96085000e-08 -7.79340640e-06  3.96085000e-08  1.94997226e+00 
 3.96095000e-08  1.09232537e+00  3.96095000e-08 -8.23905484e-06  3.96095000e-08  1.94997318e+00 
 3.96105000e-08  1.12803205e+00  3.96105000e-08 -7.47337311e-06  3.96105000e-08  1.94997383e+00 
 3.98535000e-08  1.94999993e+00  3.98535000e-08  8.51644293e-01  3.98535000e-08  1.94993640e+00 
 3.98545000e-08  1.94999988e+00  3.98545000e-08  9.13456842e-01  3.98545000e-08  1.94984276e+00 
 3.98555000e-08  1.94999994e+00  3.98555000e-08  9.74364385e-01  3.98555000e-08  1.94973421e+00 
 3.98565000e-08  1.94999989e+00  3.98565000e-08  1.03434095e+00  3.98565000e-08  1.94962436e+00 
 3.98575000e-08  1.94999995e+00  3.98575000e-08  1.09342430e+00  3.98575000e-08  1.94952979e+00 
 3.98585000e-08  1.94999990e+00  3.98585000e-08  1.15182308e+00  3.98585000e-08  1.94942219e+00 
 3.99885000e-08  1.95000020e+00  3.99885000e-08  1.94996608e+00  3.99885000e-08  1.17482220e+00 
 3.99895000e-08  1.95000012e+00  3.99895000e-08  1.94999389e+00  3.99895000e-08  1.11728160e+00 
 3.99905000e-08  1.95000005e+00  3.99905000e-08  1.95001999e+00  3.99905000e-08  1.05956808e+00 
 3.99915000e-08  1.95000011e+00  3.99915000e-08  1.95004576e+00  3.99915000e-08  1.00151787e+00 
 3.99925000e-08  1.95000017e+00  3.99925000e-08  1.95006344e+00  3.99925000e-08  9.42979329e-01 
 3.99935000e-08  1.95000019e+00  3.99935000e-08  1.95007865e+00  3.99935000e-08  8.83833514e-01 
 4.01415000e-08  1.14060168e+00  4.01415000e-08  1.94999869e+00  4.01415000e-08  1.79927131e-04 
 4.01425000e-08  1.08831202e+00  4.01425000e-08  1.94999828e+00  4.01425000e-08  1.72745289e-04 
 4.01435000e-08  1.03612744e+00  4.01435000e-08  1.94999871e+00  4.01435000e-08  1.68749246e-04 
 4.01445000e-08  9.83944522e-01  4.01445000e-08  1.94999830e+00  4.01445000e-08  1.61909534e-04 
 4.01455000e-08  9.31735447e-01  4.01455000e-08  1.94999872e+00  4.01455000e-08  1.58263842e-04 
 4.01465000e-08  8.79436671e-01  4.01465000e-08  1.94999833e+00  4.01465000e-08  1.51745745e-04 
 4.05395000e-08  1.90790682e-05  4.05395000e-08  1.20403767e+00  4.05395000e-08 -7.39006521e-06 
 4.05405000e-08  1.90484847e-05  4.05405000e-08  1.12427974e+00  4.05405000e-08 -7.89210958e-06 
 4.05415000e-08  1.90461214e-05  4.05415000e-08  1.04337957e+00  4.05415000e-08 -4.59008912e-06 
 4.05425000e-08  1.91022717e-05  4.05425000e-08  9.61452975e-01  4.05425000e-08 -6.46599456e-07 
 4.05435000e-08  1.91616193e-05  4.05435000e-08  8.78594521e-01  4.05435000e-08  5.13831102e-06 
 4.05445000e-08  1.93811927e-05  4.05445000e-08  7.94966779e-01  4.05445000e-08  1.03964550e-05 
 4.07275000e-08  9.45491894e-01  4.07275000e-08  2.67102924e-06  4.07275000e-08  1.95101675e-06 
 4.07285000e-08  9.82491951e-01  4.07285000e-08  2.92744504e-06  4.07285000e-08  2.55866241e-06 
 4.07295000e-08  1.01921420e+00  4.07295000e-08  2.38578474e-06  4.07295000e-08  1.83095160e-06 
 4.07305000e-08  1.05556965e+00  4.07305000e-08  2.64710335e-06  4.07305000e-08  2.43311815e-06 
 4.07315000e-08  1.09154891e+00  4.07315000e-08  2.13367013e-06  4.07315000e-08  1.71903018e-06 
 4.07325000e-08  1.12725946e+00  4.07325000e-08  2.39911081e-06  4.07325000e-08  2.31693596e-06 
 4.09755000e-08  1.94999989e+00  4.09755000e-08  8.48956525e-01  4.09755000e-08 -7.69206719e-05 
 4.09765000e-08  1.94999981e+00  4.09765000e-08  9.10909886e-01  4.09765000e-08 -1.06014693e-04 
 4.09775000e-08  1.94999991e+00  4.09775000e-08  9.72053417e-01  4.09775000e-08 -1.24551860e-04 
 4.09785000e-08  1.94999982e+00  4.09785000e-08  1.03235914e+00  4.09785000e-08 -1.35995871e-04 
 4.09795000e-08  1.94999990e+00  4.09795000e-08  1.09185047e+00  4.09795000e-08 -1.45097288e-04 
 4.09805000e-08  1.94999983e+00  4.09805000e-08  1.15068546e+00  4.09805000e-08 -1.59446665e-04 
 4.10965000e-08  1.94999967e+00  4.10965000e-08  1.94992315e+00  4.10965000e-08  8.91581648e-01 
 4.10975000e-08  1.94999962e+00  4.10975000e-08  1.94993121e+00  4.10975000e-08  9.51951689e-01 
 4.10985000e-08  1.94999964e+00  4.10985000e-08  1.94993634e+00  4.10985000e-08  1.01165201e+00 
 4.10995000e-08  1.94999971e+00  4.10995000e-08  1.94994317e+00  4.10995000e-08  1.07358983e+00 
 4.11005000e-08  1.94999979e+00  4.11005000e-08  1.94994705e+00  4.11005000e-08  1.14162111e+00 
 4.11015000e-08  1.94999988e+00  4.11015000e-08  1.94994390e+00  4.11015000e-08  1.21506925e+00 
 4.12635000e-08  1.14211883e+00  4.12635000e-08  1.94999860e+00  4.12635000e-08  1.94999160e+00 
 4.12645000e-08  1.08982439e+00  4.12645000e-08  1.94999833e+00  4.12645000e-08  1.94998577e+00 
 4.12655000e-08  1.03763789e+00  4.12655000e-08  1.94999863e+00  4.12655000e-08  1.94999492e+00 
 4.12665000e-08  9.85454116e-01  4.12665000e-08  1.94999836e+00  4.12665000e-08  1.94998855e+00 
 4.12675000e-08  9.33246323e-01  4.12675000e-08  1.94999866e+00  4.12675000e-08  1.94999706e+00 
 4.12685000e-08  8.80949056e-01  4.12685000e-08  1.94999839e+00  4.12685000e-08  1.94998819e+00 
 4.16615000e-08  1.90838324e-05  4.16615000e-08  1.20636299e+00  4.16615000e-08  1.94989943e+00 
 4.16625000e-08  1.90464406e-05  4.16625000e-08  1.12664117e+00  4.16625000e-08  1.94988222e+00 
 4.16635000e-08  1.90455753e-05  4.16635000e-08  1.04577939e+00  4.16635000e-08  1.94987088e+00 
 4.16645000e-08  1.90964402e-05  4.16645000e-08  9.63884129e-01  4.16645000e-08  1.94986999e+00 
 4.16655000e-08  1.91576134e-05  4.16655000e-08  8.81056826e-01  4.16655000e-08  1.94988372e+00 
 4.16665000e-08  1.93642026e-05  4.16665000e-08  7.97451784e-01  4.16665000e-08  1.94991244e+00 
 4.18495000e-08  9.43653999e-01  4.18495000e-08 -8.89866610e-06  4.18495000e-08  1.94996991e+00 
 4.18505000e-08  9.80666191e-01  4.18505000e-08 -8.17130083e-06  4.18505000e-08  1.94997039e+00 
 4.18515000e-08  1.01740469e+00  4.18515000e-08 -8.55455111e-06  4.18515000e-08  1.94997163e+00 
 4.18525000e-08  1.05377925e+00  4.18525000e-08 -7.84323527e-06  4.18525000e-08  1.94997207e+00 
 4.18535000e-08  1.08977509e+00  4.18535000e-08 -8.21641416e-06  4.18535000e-08  1.94997325e+00 
 4.18545000e-08  1.12549529e+00  4.18545000e-08 -7.52178986e-06  4.18545000e-08  1.94997364e+00 
 4.20000000e-08  1.94993785e+00  4.20000000e-08  5.06380358e-06  4.20000000e-08  1.94999929e+00 
