 time            v(b_out)        time            v(u_puf_u_core_sel_ro) time            v(q)           
 0.00000000e+00  4.68653885e-09  0.00000000e+00  2.46749750e-09  0.00000000e+00  2.46749746e-09 
 2.57750000e-09  9.09985978e-01  2.57750000e-09  2.83396856e-09  2.57750000e-09  2.46771370e-09 
 2.57850000e-09  9.51174283e-01  2.57850000e-09  2.81289930e-09  2.57850000e-09  2.46771642e-09 
 2.57950000e-09  9.91837740e-01  2.57950000e-09  2.84660662e-09  2.57950000e-09  2.46780807e-09 
 2.58050000e-09  1.03201630e+00  2.58050000e-09  2.92826152e-09  2.58050000e-09  2.46784299e-09 
 2.58150000e-09  1.07177576e+00  2.58150000e-09  3.02057868e-09  2.58150000e-09  2.46780368e-09 
 2.58250000e-09  1.11121491e+00  2.58250000e-09  3.10044496e-09  2.58250000e-09  2.46773191e-09 
 2.78750000e-09  1.94992025e+00  2.78750000e-09  8.54998001e-01  2.78750000e-09 -7.89154340e-05 
 2.78850000e-09  1.94992156e+00  2.78850000e-09  9.16852696e-01  2.78850000e-09 -1.07260845e-04 
 2.78950000e-09  1.94992247e+00  2.78950000e-09  9.77889074e-01  2.78950000e-09 -1.24237356e-04 
 2.79050000e-09  1.94992369e+00  2.79050000e-09  1.03809433e+00  2.79050000e-09 -1.35292528e-04 
 2.79150000e-09  1.94992453e+00  2.79150000e-09  1.09749194e+00  2.79150000e-09 -1.45698831e-04 
 2.79250000e-09  1.94992566e+00  2.79250000e-09  1.15626669e+00  2.79250000e-09 -1.59831215e-04 
 2.90850000e-09  1.94996454e+00  2.90850000e-09  1.94991868e+00  2.90850000e-09  8.86070645e-01 
 2.90950000e-09  1.94996465e+00  2.90950000e-09  1.94992676e+00  2.90950000e-09  9.46467335e-01 
 2.91050000e-09  1.94996483e+00  2.91050000e-09  1.94993267e+00  2.91050000e-09  1.00605783e+00 
 2.91150000e-09  1.94996493e+00  2.91150000e-09  1.94993917e+00  2.91150000e-09  1.06754946e+00 
 2.91250000e-09  1.94996511e+00  2.91250000e-09  1.94994555e+00  2.91250000e-09  1.13463275e+00 
 2.91350000e-09  1.94996521e+00  2.91350000e-09  1.94994156e+00  2.91350000e-09  1.20790299e+00 
 3.11450000e-09  1.13366162e+00  3.11450000e-09  1.94999876e+00  3.11450000e-09  1.94998750e+00 
 3.11550000e-09  1.08169810e+00  3.11550000e-09  1.94999902e+00  3.11550000e-09  1.94999315e+00 
 3.11650000e-09  1.03001622e+00  3.11650000e-09  1.94999878e+00  3.11650000e-09  1.94998848e+00 
 3.11750000e-09  9.78512236e-01  3.11750000e-09  1.94999903e+00  3.11750000e-09  1.94999621e+00 
 3.11850000e-09  9.27161838e-01  3.11850000e-09  1.94999880e+00  3.11850000e-09  1.94998879e+00 
 3.11950000e-09  8.75894986e-01  3.11950000e-09  1.94999905e+00  3.11950000e-09  1.94999418e+00 
 3.45750000e-09  5.15175109e-06  3.45750000e-09  1.25959132e+00  3.45750000e-09  1.94991097e+00 
 3.45850000e-09  4.88318779e-06  3.45850000e-09  1.18077078e+00  3.45850000e-09  1.94989350e+00 
 3.45950000e-09  4.83121847e-06  3.45950000e-09  1.10080991e+00  3.45950000e-09  1.94987786e+00 
 3.46050000e-09  4.57551204e-06  3.46050000e-09  1.01967740e+00  3.46050000e-09  1.94986916e+00 
 3.46150000e-09  4.52144245e-06  3.46150000e-09  9.37591380e-01  3.46150000e-09  1.94987303e+00 
 3.46250000e-09  4.26748329e-06  3.46250000e-09  8.54563689e-01  3.46250000e-09  1.94989117e+00 
 3.69950000e-09  9.08991733e-01  3.69950000e-09 -2.38291548e-06  3.69950000e-09  1.94999343e+00 
 3.70050000e-09  9.50193009e-01  3.70050000e-09 -2.49132880e-06  3.70050000e-09  1.94999340e+00 
 3.70150000e-09  9.90868597e-01  3.70150000e-09 -2.24580698e-06  3.70150000e-09  1.94999378e+00 
 3.70250000e-09  1.03105816e+00  3.70250000e-09 -2.31551682e-06  3.70250000e-09  1.94999375e+00 
 3.70350000e-09  1.07082667e+00  3.70350000e-09 -2.13548639e-06  3.70350000e-09  1.94999411e+00 
 3.70450000e-09  1.11027214e+00  3.70450000e-09 -2.24218439e-06  3.70450000e-09  1.94999407e+00 
 3.90950000e-09  1.94992022e+00  3.90950000e-09  8.74266913e-01  3.90950000e-09  1.94989601e+00 
 3.91050000e-09  1.94992154e+00  3.91050000e-09  9.35730657e-01  3.91050000e-09  1.94979802e+00 
 3.91150000e-09  1.94992244e+00  3.91150000e-09  9.96276062e-01  3.91150000e-09  1.94968900e+00 
 3.91250000e-09  1.94992367e+00  3.91250000e-09  1.05589920e+00  3.91250000e-09  1.94958483e+00 
 3.91350000e-09  1.94992450e+00  3.91350000e-09  1.11467962e+00  3.91350000e-09  1.94948905e+00 
 3.91450000e-09  1.94992565e+00  3.91450000e-09  1.17292629e+00  3.91450000e-09  1.94937609e+00 
 4.04450000e-09  1.94996647e+00  4.04450000e-09  1.94997637e+00  4.04450000e-09  1.15391686e+00 
 4.04550000e-09  1.94996656e+00  4.04550000e-09  1.95000259e+00  4.04550000e-09  1.09635169e+00 
 4.04650000e-09  1.94996673e+00  4.04650000e-09  1.95003028e+00  4.04650000e-09  1.03851791e+00 
 4.04750000e-09  1.94996683e+00  4.04750000e-09  1.95005256e+00  4.04750000e-09  9.80324605e-01 
 4.04850000e-09  1.94996699e+00  4.04850000e-09  1.95006996e+00  4.04850000e-09  9.21562789e-01 
 4.04950000e-09  1.94996708e+00  4.04950000e-09  1.95008174e+00  4.04950000e-09  8.62192274e-01 
 4.23650000e-09  1.13580883e+00  4.23650000e-09  1.94999878e+00  4.23650000e-09  5.10373441e-05 
 4.23750000e-09  1.08383198e+00  4.23750000e-09  1.94999887e+00  4.23750000e-09  4.77670715e-05 
 4.23850000e-09  1.03214113e+00  4.23850000e-09  1.94999879e+00  4.23850000e-09  4.78686200e-05 
 4.23950000e-09  9.80629424e-01  4.23950000e-09  1.94999888e+00  4.23950000e-09  4.47396254e-05 
 4.24050000e-09  9.29274662e-01  4.24050000e-09  1.94999881e+00  4.24050000e-09  4.48972868e-05 
 4.24150000e-09  8.78003686e-01  4.24150000e-09  1.94999889e+00  4.24150000e-09  4.19024143e-05 
 4.57950000e-09  5.16015071e-06  4.57950000e-09  1.26266642e+00  4.57950000e-09 -6.88117628e-06 
 4.58050000e-09  4.88081899e-06  4.58050000e-09  1.18389656e+00  4.58050000e-09 -7.89353156e-06 
 4.58150000e-09  4.84149984e-06  4.58150000e-09  1.10397373e+00  4.58150000e-09 -7.07987998e-06 
 4.58250000e-09  4.57374391e-06  4.58250000e-09  1.02288179e+00  4.58250000e-09 -3.95724979e-06 
 4.58350000e-09  4.53035761e-06  4.58350000e-09  9.40826060e-01  4.58350000e-09  1.11409016e-06 
 4.58450000e-09  4.26428476e-06  4.58450000e-09  8.57829205e-01  4.58450000e-09  6.32879394e-06 
 4.82250000e-09  9.48645010e-01  4.82250000e-09  2.18782890e-07  4.82250000e-09  4.78317852e-07 
 4.82350000e-09  9.89339819e-01  4.82350000e-09  2.30279647e-07  4.82350000e-09  7.70038739e-07 
 4.82450000e-09  1.02954683e+00  4.82450000e-09  2.52220416e-07  4.82450000e-09  3.45884332e-07 
 4.82550000e-09  1.06932974e+00  4.82550000e-09  2.10638233e-07  4.82550000e-09  7.80978373e-07 
 4.82650000e-09  1.10878532e+00  4.82650000e-09  1.98579186e-07  4.82650000e-09  4.25956961e-07 
 4.82750000e-09  1.14804384e+00  4.82750000e-09  2.07484793e-07  4.82750000e-09  7.15681968e-07 
 5.03150000e-09  1.94992016e+00  5.03150000e-09  8.70793722e-01  5.03150000e-09 -8.77323916e-05 
 5.03250000e-09  1.94992151e+00  5.03250000e-09  9.32448065e-01  5.03250000e-09 -1.13127895e-04 
 5.03350000e-09  1.94992238e+00  5.03350000e-09  9.93277600e-01  5.03350000e-09 -1.29119341e-04 
 5.03450000e-09  1.94992365e+00  5.03450000e-09  1.05327317e+00  5.03450000e-09 -1.38517950e-04 
 5.03550000e-09  1.94992445e+00  5.03550000e-09  1.11249701e+00  5.03550000e-09 -1.50545737e-04 
 5.03650000e-09  1.94992562e+00  5.03650000e-09  1.17116000e+00  5.03650000e-09 -1.64657587e-04 
 5.15150000e-09  1.94996434e+00  5.15150000e-09  1.94992032e+00  5.15150000e-09  8.51598581e-01 
 5.15250000e-09  1.94996454e+00  5.15250000e-09  1.94992590e+00  5.15250000e-09  9.12905092e-01 
 5.15350000e-09  1.94996463e+00  5.15350000e-09  1.94993302e+00  5.15350000e-09  9.72900897e-01 
 5.15450000e-09  1.94996483e+00  5.15450000e-09  1.94993875e+00  5.15450000e-09  1.03284363e+00 
 5.15550000e-09  1.94996492e+00  5.15550000e-09  1.94994605e+00  5.15550000e-09  1.09635647e+00 
 5.15650000e-09  1.94996510e+00  5.15650000e-09  1.94994452e+00  5.15650000e-09  1.16735406e+00 
 5.35850000e-09  1.13709615e+00  5.35850000e-09  1.94999883e+00  5.35850000e-09  1.94999929e+00 
 5.35950000e-09  1.08511142e+00  5.35950000e-09  1.94999895e+00  5.35950000e-09  1.94999874e+00 
 5.36050000e-09  1.03341529e+00  5.36050000e-09  1.94999886e+00  5.36050000e-09  1.94999938e+00 
 5.36150000e-09  9.81899088e-01  5.36150000e-09  1.94999897e+00  5.36150000e-09  1.94999857e+00 
 5.36250000e-09  9.30541838e-01  5.36250000e-09  1.94999887e+00  5.36250000e-09  1.94999889e+00 
 5.36350000e-09  8.79268377e-01  5.36350000e-09  1.94999898e+00  5.36350000e-09  1.94999847e+00 
 5.70150000e-09  5.17214650e-06  5.70150000e-09  1.26491926e+00  5.70150000e-09  1.94991207e+00 
 5.70250000e-09  4.88545063e-06  5.70250000e-09  1.18619231e+00  5.70250000e-09  1.94989476e+00 
 5.70350000e-09  4.85325738e-06  5.70350000e-09  1.10630490e+00  5.70350000e-09  1.94987876e+00 
 5.70450000e-09  4.57908036e-06  5.70450000e-09  1.02525040e+00  5.70450000e-09  1.94986945e+00 
 5.70550000e-09  4.54148342e-06  5.70550000e-09  9.43225150e-01  5.70550000e-09  1.94987230e+00 
 5.70650000e-09  4.26697303e-06  5.70650000e-09  8.60258061e-01  5.70650000e-09  1.94988948e+00 
 5.94450000e-09  9.47503712e-01  5.94450000e-09 -2.53153544e-06  5.94450000e-09  1.94999336e+00 
 5.94550000e-09  9.88212715e-01  5.94550000e-09 -2.21418124e-06  5.94550000e-09  1.94999381e+00 
 5.94650000e-09  1.02843263e+00  5.94650000e-09 -2.35493002e-06  5.94650000e-09  1.94999370e+00 
 5.94750000e-09  1.06822624e+00  5.94750000e-09 -2.10417394e-06  5.94750000e-09  1.94999414e+00 
 5.94850000e-09  1.10769225e+00  5.94850000e-09 -2.28114700e-06  5.94850000e-09  1.94999402e+00 
 5.94950000e-09  1.14695734e+00  5.94950000e-09 -1.98060485e-06  5.94950000e-09  1.94999445e+00 
 6.15350000e-09  1.94992011e+00  6.15350000e-09  8.70263958e-01  6.15350000e-09  1.94991027e+00 
 6.15450000e-09  1.94992149e+00  6.15450000e-09  9.31787530e-01  6.15450000e-09  1.94981149e+00 
 6.15550000e-09  1.94992234e+00  6.15550000e-09  9.92397566e-01  6.15550000e-09  1.94970149e+00 
 6.15650000e-09  1.94992363e+00  6.15650000e-09  1.05208250e+00  6.15650000e-09  1.94959490e+00 
 6.15750000e-09  1.94992441e+00  6.15750000e-09  1.11091098e+00  6.15750000e-09  1.94949965e+00 
 6.15850000e-09  1.94992561e+00  6.15850000e-09  1.16917803e+00  6.15850000e-09  1.94938711e+00 
 6.28850000e-09  1.94996646e+00  6.28850000e-09  1.94997456e+00  6.28850000e-09  1.15757253e+00 
 6.28950000e-09  1.94996655e+00  6.28950000e-09  1.95000084e+00  6.28950000e-09  1.10001354e+00 
 6.29050000e-09  1.94996673e+00  6.29050000e-09  1.95002855e+00  6.29050000e-09  1.04220281e+00 
 6.29150000e-09  1.94996682e+00  6.29150000e-09  1.95005142e+00  6.29150000e-09  9.84036535e-01 
 6.29250000e-09  1.94996699e+00  6.29250000e-09  1.95006890e+00  6.29250000e-09  9.25315420e-01 
 6.29350000e-09  1.94996707e+00  6.29350000e-09  1.95008126e+00  6.29350000e-09  8.65985578e-01 
 6.48050000e-09  1.13881570e+00  6.48050000e-09  1.94999875e+00  6.48050000e-09  5.09886913e-05 
 6.48150000e-09  1.08682042e+00  6.48150000e-09  1.94999889e+00  6.48150000e-09  4.80124012e-05 
 6.48250000e-09  1.03511720e+00  6.48250000e-09  1.94999877e+00  6.48250000e-09  4.78139172e-05 
 6.48350000e-09  9.83594938e-01  6.48350000e-09  1.94999890e+00  6.48350000e-09  4.49799417e-05 
 6.48450000e-09  9.32234337e-01  6.48450000e-09  1.94999878e+00  6.48450000e-09  4.48367826e-05 
 6.48550000e-09  8.80957332e-01  6.48550000e-09  1.94999892e+00  6.48550000e-09  4.21372016e-05 
 6.82350000e-09  5.18240961e-06  6.82350000e-09  1.26759574e+00  6.82350000e-09 -6.68892470e-06 
 6.82450000e-09  4.89134058e-06  6.82450000e-09  1.18891260e+00  6.82450000e-09 -7.93028446e-06 
 6.82550000e-09  4.86152222e-06  6.82550000e-09  1.10905816e+00  6.82550000e-09 -7.11081418e-06 
 6.82650000e-09  4.58347420e-06  6.82650000e-09  1.02803842e+00  6.82650000e-09 -4.28388067e-06 
 6.82750000e-09  4.54877950e-06  6.82750000e-09  9.46039461e-01  6.82750000e-09  8.46405172e-07 
 6.82850000e-09  4.27082845e-06  6.82850000e-09  8.63098745e-01  6.82850000e-09  5.88218628e-06 
 7.06650000e-09  9.46483600e-01  7.06650000e-09  1.93808351e-07  7.06650000e-09  4.26523223e-07 
 7.06750000e-09  9.87205309e-01  7.06750000e-09  2.53752412e-07  7.06750000e-09  9.31048332e-07 
 7.06850000e-09  1.02743679e+00  7.06850000e-09  2.28027052e-07  7.06850000e-09  4.05052909e-07 
 7.06950000e-09  1.06724001e+00  7.06950000e-09  2.33910707e-07  7.06950000e-09  9.05036520e-07 
 7.07050000e-09  1.10671000e+00  7.07050000e-09  1.74853624e-07  7.07050000e-09  4.00926368e-07 
 7.07150000e-09  1.14597538e+00  7.07150000e-09  2.30609805e-07  7.07150000e-09  8.98019326e-07 
 7.27550000e-09  1.94992007e+00  7.27550000e-09  8.67535461e-01  7.27550000e-09 -8.60807581e-05 
 7.27650000e-09  1.94992147e+00  7.27650000e-09  9.29232063e-01  7.27650000e-09 -1.12136919e-04 
 7.27750000e-09  1.94992231e+00  7.27750000e-09  9.90105264e-01  7.27750000e-09 -1.28354119e-04 
 7.27850000e-09  1.94992361e+00  7.27850000e-09  1.05014469e+00  7.27850000e-09 -1.38138217e-04 
 7.27950000e-09  1.94992437e+00  7.27950000e-09  1.10940467e+00  7.27950000e-09 -1.49788196e-04 
 7.28050000e-09  1.94992559e+00  7.28050000e-09  1.16809002e+00  7.28050000e-09 -1.63903158e-04 
 7.39650000e-09  1.94996453e+00  7.39650000e-09  1.94992546e+00  7.39650000e-09  9.09723190e-01 
 7.39750000e-09  1.94996462e+00  7.39750000e-09  1.94993275e+00  7.39750000e-09  9.69768579e-01 
 7.39850000e-09  1.94996482e+00  7.39850000e-09  1.94993840e+00  7.39850000e-09  1.02964594e+00 
 7.39950000e-09  1.94996491e+00  7.39950000e-09  1.94994567e+00  7.39950000e-09  1.09288618e+00 
 7.40050000e-09  1.94996510e+00  7.40050000e-09  1.94994484e+00  7.40050000e-09  1.16348525e+00 
 7.40150000e-09  1.94996518e+00  7.40150000e-09  1.94994426e+00  7.40150000e-09  1.23676787e+00 
 7.60250000e-09  1.13939676e+00  7.60250000e-09  1.94999883e+00  7.60250000e-09  1.94999914e+00 
 7.60350000e-09  1.08739806e+00  7.60350000e-09  1.94999896e+00  7.60350000e-09  1.94999937e+00 
 7.60450000e-09  1.03569259e+00  7.60450000e-09  1.94999884e+00  7.60450000e-09  1.94999916e+00 
 7.60550000e-09  9.84168400e-01  7.60550000e-09  1.94999897e+00  7.60550000e-09  1.94999940e+00 
 7.60650000e-09  9.32806711e-01  7.60650000e-09  1.94999886e+00  7.60650000e-09  1.94999921e+00 
 7.60750000e-09  8.81528613e-01  7.60750000e-09  1.94999899e+00  7.60750000e-09  1.94999949e+00 
 7.94550000e-09  5.18362447e-06  7.94550000e-09  1.26867750e+00  7.94550000e-09  1.94991286e+00 
 7.94650000e-09  4.89384409e-06  7.94650000e-09  1.19001697e+00  7.94650000e-09  1.94989560e+00 
 7.94750000e-09  4.86278460e-06  7.94750000e-09  1.11018166e+00  7.94750000e-09  1.94987943e+00 
 7.94850000e-09  4.58599890e-06  7.94850000e-09  1.02918227e+00  7.94850000e-09  1.94986966e+00 
 7.94950000e-09  4.54972697e-06  7.94950000e-09  9.47200223e-01  7.94950000e-09  1.94987185e+00 
 7.95050000e-09  4.27276408e-06  7.95050000e-09  8.64276089e-01  7.95050000e-09  1.94988830e+00 
 8.18850000e-09  9.46419661e-01  8.18850000e-09 -2.55668111e-06  8.18850000e-09  1.94999337e+00 
 8.18950000e-09  9.87142155e-01  8.18950000e-09 -2.19513546e-06  8.18950000e-09  1.94999378e+00 
 8.19050000e-09  1.02737434e+00  8.19050000e-09 -2.37955196e-06  8.19050000e-09  1.94999372e+00 
 8.19150000e-09  1.06717815e+00  8.19150000e-09 -2.08532411e-06  8.19150000e-09  1.94999411e+00 
 8.19250000e-09  1.10664854e+00  8.19250000e-09 -2.30504290e-06  8.19250000e-09  1.94999404e+00 
 8.19350000e-09  1.14591411e+00  8.19350000e-09 -1.96208826e-06  8.19350000e-09  1.94999442e+00 
 8.39750000e-09  1.94992007e+00  8.39750000e-09  8.68670254e-01  8.39750000e-09  1.94990784e+00 
 8.39850000e-09  1.94992147e+00  8.39850000e-09  9.30216714e-01  8.39850000e-09  1.94981043e+00 
 8.39950000e-09  1.94992231e+00  8.39950000e-09  9.90847825e-01  8.39950000e-09  1.94970129e+00 
 8.40050000e-09  1.94992361e+00  8.40050000e-09  1.05055373e+00  8.40050000e-09  1.94959470e+00 
 8.40150000e-09  1.94992437e+00  8.40150000e-09  1.10940152e+00  8.40150000e-09  1.94950035e+00 
 8.40250000e-09  1.94992559e+00  8.40250000e-09  1.16767691e+00  8.40250000e-09  1.94938862e+00 
 8.53250000e-09  1.94996646e+00  8.53250000e-09  1.94997383e+00  8.53250000e-09  1.15903348e+00 
 8.53350000e-09  1.94996654e+00  8.53350000e-09  1.95000015e+00  8.53350000e-09  1.10147687e+00 
 8.53450000e-09  1.94996673e+00  8.53450000e-09  1.95002784e+00  8.53450000e-09  1.04367536e+00 
 8.53550000e-09  1.94996681e+00  8.53550000e-09  1.95005095e+00  8.53550000e-09  9.85519813e-01 
 8.53650000e-09  1.94996699e+00  8.53650000e-09  1.95006847e+00  8.53650000e-09  9.26815024e-01 
 8.53750000e-09  1.94996706e+00  8.53750000e-09  1.95008106e+00  8.53750000e-09  8.67501475e-01 
 8.72450000e-09  1.13984275e+00  8.72450000e-09  1.94999874e+00  8.72450000e-09  5.10100810e-05 
 8.72550000e-09  1.08784131e+00  8.72550000e-09  1.94999890e+00  8.72550000e-09  4.80577145e-05 
 8.72650000e-09  1.03613400e+00  8.72650000e-09  1.94999876e+00  8.72650000e-09  4.78302279e-05 
 8.72750000e-09  9.84608224e-01  8.72750000e-09  1.94999892e+00  8.72750000e-09  4.50259691e-05 
 8.72850000e-09  9.33245753e-01  8.72850000e-09  1.94999877e+00  8.72850000e-09  4.48526811e-05 
 8.72950000e-09  8.81966860e-01  8.72950000e-09  1.94999893e+00  8.72950000e-09  4.21833404e-05 
 9.06750000e-09  5.18079476e-06  9.06750000e-09  1.26923339e+00  9.06750000e-09 -6.65298561e-06 
 9.06850000e-09  4.89273385e-06  9.06850000e-09  1.19057943e+00  9.06850000e-09 -7.95672044e-06 
 9.06950000e-09  4.86131062e-06  9.06950000e-09  1.11074759e+00  9.06950000e-09 -7.14059768e-06 
 9.07050000e-09  4.58591297e-06  9.07050000e-09  1.02975200e+00  9.07050000e-09 -4.40068771e-06 
 9.07150000e-09  4.56210694e-06  9.07150000e-09  9.47771645e-01  9.07150000e-09  6.62877058e-07 
 9.07250000e-09  4.29588234e-06  9.07250000e-09  8.64849698e-01  9.07250000e-09  5.62560760e-06 
 9.31050000e-09  9.46480756e-01  9.31050000e-09  2.32908582e-07  9.31050000e-09  2.94838511e-07 
 9.31150000e-09  9.87203025e-01  9.31150000e-09  2.78414811e-07  9.31150000e-09  8.45833763e-07 
 9.31250000e-09  1.02743509e+00  9.31250000e-09  2.16900642e-07  9.31250000e-09  2.55097487e-07 
 9.31350000e-09  1.06723946e+00  9.31350000e-09  2.61468716e-07  9.31350000e-09  7.97372322e-07 
 9.31450000e-09  1.10671062e+00  9.31450000e-09  2.03191837e-07  9.31450000e-09  2.48507061e-07 
 9.31550000e-09  1.14597921e+00  9.31550000e-09  2.46452952e-07  9.31550000e-09  7.89333860e-07 
 9.51950000e-09  1.94992007e+00  9.51950000e-09  8.67600905e-01  9.51950000e-09 -8.61193559e-05 
 9.52050000e-09  1.94992147e+00  9.52050000e-09  9.29296413e-01  9.52050000e-09 -1.12154380e-04 
 9.52150000e-09  1.94992231e+00  9.52150000e-09  9.90168545e-01  9.52150000e-09 -1.28357127e-04 
 9.52250000e-09  1.94992361e+00  9.52250000e-09  1.05020694e+00  9.52250000e-09 -1.38146766e-04 
 9.52350000e-09  1.94992437e+00  9.52350000e-09  1.10946608e+00  9.52350000e-09 -1.49794934e-04 
 9.52450000e-09  1.94992559e+00  9.52450000e-09  1.16815091e+00  9.52450000e-09 -1.63922032e-04 
 9.64050000e-09  1.94996454e+00  9.64050000e-09  1.94992548e+00  9.64050000e-09  9.09795971e-01 
 9.64150000e-09  1.94996462e+00  9.64150000e-09  1.94993276e+00  9.64150000e-09  9.69839888e-01 
 9.64250000e-09  1.94996482e+00  9.64250000e-09  1.94993841e+00  9.64250000e-09  1.02971833e+00 
 9.64350000e-09  1.94996491e+00  9.64350000e-09  1.94994568e+00  9.64350000e-09  1.09296439e+00 
 9.64450000e-09  1.94996510e+00  9.64450000e-09  1.94994484e+00  9.64450000e-09  1.16357256e+00 
 9.64550000e-09  1.94996518e+00  9.64550000e-09  1.94994426e+00  9.64550000e-09  1.23685359e+00 
 9.84650000e-09  1.13876581e+00  9.84650000e-09  1.94999882e+00  9.84650000e-09  1.94999914e+00 
 9.84750000e-09  1.08677092e+00  9.84750000e-09  1.94999896e+00  9.84750000e-09  1.94999937e+00 
 9.84850000e-09  1.03506798e+00  9.84850000e-09  1.94999884e+00  9.84850000e-09  1.94999916e+00 
 9.84950000e-09  9.83545968e-01  9.84950000e-09  1.94999897e+00  9.84950000e-09  1.94999940e+00 
 9.85050000e-09  9.32185529e-01  9.85050000e-09  1.94999886e+00  9.85050000e-09  1.94999920e+00 
 9.85150000e-09  8.80908893e-01  9.85150000e-09  1.94999899e+00  9.85150000e-09  1.94999944e+00 
 1.01895000e-08  5.17821448e-06  1.01895000e-08  1.26781232e+00  1.01895000e-08  1.94991273e+00 
 1.01905000e-08  4.88808462e-06  1.01905000e-08  1.18913655e+00  1.01905000e-08  1.94989545e+00 
 1.01915000e-08  4.85905797e-06  1.01915000e-08  1.10928918e+00  1.01915000e-08  1.94987931e+00 
 1.01925000e-08  4.58157372e-06  1.01925000e-08  1.02827714e+00  1.01925000e-08  1.94986964e+00 
 1.01935000e-08  4.54669772e-06  1.01935000e-08  9.46285068e-01  1.01935000e-08  1.94987198e+00 
 1.01945000e-08  4.26879572e-06  1.01945000e-08  8.63351042e-01  1.01945000e-08  1.94988859e+00 
 1.04325000e-08  9.46244338e-01  1.04325000e-08 -2.49851627e-06  1.04325000e-08  1.94999337e+00 
 1.04335000e-08  9.86969027e-01  1.04335000e-08 -2.20692058e-06  1.04335000e-08  1.94999378e+00 
 1.04345000e-08  1.02720322e+00  1.04345000e-08 -2.41948342e-06  1.04345000e-08  1.94999371e+00 
 1.04355000e-08  1.06700870e+00  1.04355000e-08 -2.08030770e-06  1.04355000e-08  1.94999412e+00 
 1.04365000e-08  1.10648030e+00  1.04365000e-08 -2.25580561e-06  1.04365000e-08  1.94999404e+00 
 1.04375000e-08  1.14574645e+00  1.04375000e-08 -1.97750148e-06  1.04375000e-08  1.94999443e+00 
 1.06415000e-08  1.94992007e+00  1.06415000e-08  8.68395410e-01  1.06415000e-08  1.94990841e+00 
 1.06425000e-08  1.94992147e+00  1.06425000e-08  9.29945757e-01  1.06425000e-08  1.94981104e+00 
 1.06435000e-08  1.94992230e+00  1.06435000e-08  9.90580915e-01  1.06435000e-08  1.94970190e+00 
 1.06445000e-08  1.94992361e+00  1.06445000e-08  1.05029087e+00  1.06445000e-08  1.94959518e+00 
 1.06455000e-08  1.94992437e+00  1.06455000e-08  1.10914198e+00  1.06455000e-08  1.94950090e+00 
 1.06465000e-08  1.94992559e+00  1.06465000e-08  1.16741890e+00  1.06465000e-08  1.94938924e+00 
 1.07765000e-08  1.94996646e+00  1.07765000e-08  1.94997369e+00  1.07765000e-08  1.15932863e+00 
 1.07775000e-08  1.94996654e+00  1.07775000e-08  1.95000002e+00  1.07775000e-08  1.10177230e+00 
 1.07785000e-08  1.94996673e+00  1.07785000e-08  1.95002770e+00  1.07785000e-08  1.04397237e+00 
 1.07795000e-08  1.94996681e+00  1.07795000e-08  1.95005086e+00  1.07795000e-08  9.85818770e-01 
 1.07805000e-08  1.94996699e+00  1.07805000e-08  1.95006839e+00  1.07805000e-08  9.27116986e-01 
 1.07815000e-08  1.94996706e+00  1.07815000e-08  1.95008101e+00  1.07815000e-08  8.67806495e-01 
 1.09685000e-08  1.14025482e+00  1.09685000e-08  1.94999874e+00  1.09685000e-08  5.10217734e-05 
 1.09695000e-08  1.08825046e+00  1.09695000e-08  1.94999890e+00  1.09695000e-08  4.80819608e-05 
 1.09705000e-08  1.03654108e+00  1.09705000e-08  1.94999876e+00  1.09705000e-08  4.78429409e-05 
 1.09715000e-08  9.85013547e-01  1.09715000e-08  1.94999892e+00  1.09715000e-08  4.50469302e-05 
 1.09725000e-08  9.33649977e-01  1.09725000e-08  1.94999877e+00  1.09725000e-08  4.48620230e-05 
 1.09735000e-08  8.82370247e-01  1.09735000e-08  1.94999893e+00  1.09735000e-08  4.22024794e-05 
 1.13125000e-08  4.89365887e-06  1.13125000e-08  1.19113530e+00  1.13125000e-08 -7.95920555e-06 
 1.13135000e-08  4.86159835e-06  1.13135000e-08  1.11131120e+00  1.13135000e-08 -7.14580468e-06 
 1.13145000e-08  4.58689637e-06  1.13145000e-08  1.03032361e+00  1.13145000e-08 -4.43508421e-06 
 1.13155000e-08  4.54877444e-06  1.13155000e-08  9.48349806e-01  1.13155000e-08  7.09365137e-07 
 1.13165000e-08  4.27342319e-06  1.13165000e-08  8.65434169e-01  1.13165000e-08  5.67728578e-06 
 1.13175000e-08  4.26300886e-06  1.13175000e-08  7.81793512e-01  1.13175000e-08  1.18617320e-05 
 1.15545000e-08  9.45076642e-01  1.15545000e-08  2.30216453e-07  1.15545000e-08  2.72658606e-07 
 1.15555000e-08  9.85816431e-01  1.15555000e-08  2.80392946e-07  1.15555000e-08  8.33327656e-07 
 1.15565000e-08  1.02606447e+00  1.15565000e-08  2.15248095e-07  1.15565000e-08  2.65393605e-07 
 1.15575000e-08  1.06588214e+00  1.15575000e-08  2.64012023e-07  1.15575000e-08  8.24629089e-07 
 1.15585000e-08  1.10536282e+00  1.15585000e-08  2.00578776e-07  1.15585000e-08  2.26951342e-07 
 1.15595000e-08  1.14463606e+00  1.15595000e-08  2.48360053e-07  1.15595000e-08  7.77352165e-07 
 1.17635000e-08  1.94992001e+00  1.17635000e-08  8.65444529e-01  1.17635000e-08 -8.57973559e-05 
 1.17645000e-08  1.94992144e+00  1.17645000e-08  9.27166529e-01  1.17645000e-08 -1.10942728e-04 
 1.17655000e-08  1.94992226e+00  1.17655000e-08  9.88067289e-01  1.17655000e-08 -1.27290634e-04 
 1.17665000e-08  1.94992359e+00  1.17665000e-08  1.04813463e+00  1.17665000e-08 -1.37382430e-04 
 1.17675000e-08  1.94992433e+00  1.17675000e-08  1.10741777e+00  1.17675000e-08 -1.48870002e-04 
 1.17685000e-08  1.94992558e+00  1.17685000e-08  1.16611777e+00  1.17685000e-08 -1.63053402e-04 
 1.18845000e-08  1.94996453e+00  1.18845000e-08  1.94992519e+00  1.18845000e-08  9.07672262e-01 
 1.18855000e-08  1.94996461e+00  1.18855000e-08  1.94993257e+00  1.18855000e-08  9.67750590e-01 
 1.18865000e-08  1.94996482e+00  1.18865000e-08  1.94993817e+00  1.18865000e-08  1.02759231e+00 
 1.18875000e-08  1.94996490e+00  1.18875000e-08  1.94994541e+00  1.18875000e-08  1.09066458e+00 
 1.18885000e-08  1.94996510e+00  1.18885000e-08  1.94994507e+00  1.18885000e-08  1.16099561e+00 
 1.18895000e-08  1.94996517e+00  1.18895000e-08  1.94994421e+00  1.18895000e-08  1.23431328e+00 
 1.20905000e-08  1.14112608e+00  1.20905000e-08  1.94999882e+00  1.20905000e-08  1.94999829e+00 
 1.20915000e-08  1.08911634e+00  1.20915000e-08  1.94999897e+00  1.20915000e-08  1.94999917e+00 
 1.20925000e-08  1.03740320e+00  1.20925000e-08  1.94999884e+00  1.20925000e-08  1.94999818e+00 
 1.20935000e-08  9.85872557e-01  1.20935000e-08  1.94999898e+00  1.20935000e-08  1.94999874e+00 
 1.20945000e-08  9.34507173e-01  1.20945000e-08  1.94999885e+00  1.20945000e-08  1.94999815e+00 
 1.20955000e-08  8.83225746e-01  1.20955000e-08  1.94999900e+00  1.20955000e-08  1.94999905e+00 
 1.24345000e-08  4.89457485e-06  1.24345000e-08  1.19193430e+00  1.24345000e-08  1.94989608e+00 
 1.24355000e-08  4.85882834e-06  1.24355000e-08  1.11212572e+00  1.24355000e-08  1.94987982e+00 
 1.24365000e-08  4.58468637e-06  1.24365000e-08  1.03115457e+00  1.24365000e-08  1.94986980e+00 
 1.24375000e-08  4.55720546e-06  1.24375000e-08  9.49194489e-01  1.24375000e-08  1.94987167e+00 
 1.24385000e-08  4.29355417e-06  1.24385000e-08  8.66292422e-01  1.24385000e-08  1.94988775e+00 
 1.24395000e-08  4.27309001e-06  1.24395000e-08  7.82661674e-01  1.24395000e-08  1.94991974e+00 
 1.26765000e-08  9.44347098e-01  1.26765000e-08 -2.49267525e-06  1.26765000e-08  1.94999338e+00 
 1.26775000e-08  9.85095510e-01  1.26775000e-08 -2.17209530e-06  1.26775000e-08  1.94999376e+00 
 1.26785000e-08  1.02535137e+00  1.26785000e-08 -2.42032266e-06  1.26785000e-08  1.94999372e+00 
 1.26795000e-08  1.06517492e+00  1.26795000e-08 -2.05829229e-06  1.26795000e-08  1.94999409e+00 
 1.26805000e-08  1.10465949e+00  1.26805000e-08 -2.27226139e-06  1.26805000e-08  1.94999405e+00 
 1.26815000e-08  1.14393205e+00  1.26815000e-08 -1.96165660e-06  1.26815000e-08  1.94999441e+00 
 1.28855000e-08  1.94991999e+00  1.28855000e-08  8.65540350e-01  1.28855000e-08  1.94991433e+00 
 1.28865000e-08  1.94992144e+00  1.28865000e-08  9.27131280e-01  1.28865000e-08  1.94981736e+00 
 1.28875000e-08  1.94992224e+00  1.28875000e-08  9.87808726e-01  1.28875000e-08  1.94970814e+00 
 1.28885000e-08  1.94992358e+00  1.28885000e-08  1.04756101e+00  1.28885000e-08  1.94960021e+00 
 1.28895000e-08  1.94992431e+00  1.28895000e-08  1.10645348e+00  1.28895000e-08  1.94950653e+00 
 1.28905000e-08  1.94992556e+00  1.28905000e-08  1.16473926e+00  1.28905000e-08  1.94939566e+00 
 1.30205000e-08  1.94996646e+00  1.30205000e-08  1.94997236e+00  1.30205000e-08  1.16206234e+00 
 1.30215000e-08  1.94996653e+00  1.30215000e-08  1.94999891e+00  1.30215000e-08  1.10450972e+00 
 1.30225000e-08  1.94996673e+00  1.30225000e-08  1.95002639e+00  1.30225000e-08  1.04672599e+00 
 1.30235000e-08  1.94996680e+00  1.30235000e-08  1.95004996e+00  1.30235000e-08  9.88591687e-01 
 1.30245000e-08  1.94996699e+00  1.30245000e-08  1.95006757e+00  1.30245000e-08  9.29919499e-01 
 1.30255000e-08  1.94996705e+00  1.30255000e-08  1.95008061e+00  1.30255000e-08  8.70638782e-01 
 1.32125000e-08  1.14311885e+00  1.32125000e-08  1.94999873e+00  1.32125000e-08  5.10608443e-05 
 1.32135000e-08  1.09109912e+00  1.32135000e-08  1.94999892e+00  1.32135000e-08  4.81931239e-05 
 1.32145000e-08  1.03937662e+00  1.32145000e-08  1.94999874e+00  1.32145000e-08  4.78766236e-05 
 1.32155000e-08  9.87840923e-01  1.32155000e-08  1.94999893e+00  1.32155000e-08  4.51541669e-05 
 1.32165000e-08  9.36470708e-01  1.32165000e-08  1.94999876e+00  1.32165000e-08  4.48906557e-05 
 1.32175000e-08  8.85187057e-01  1.32175000e-08  1.94999894e+00  1.32175000e-08  4.23060103e-05 
 1.35365000e-08  9.43398775e-06  1.35365000e-08  2.05967047e+00  1.35365000e-08 -1.63142768e-06 
 1.35565000e-08  4.90952817e-06  1.35565000e-08  1.19552066e+00  1.35565000e-08 -7.95848163e-06 
 1.35575000e-08  4.86808455e-06  1.35575000e-08  1.11575696e+00  1.35575000e-08 -7.18698359e-06 
 1.35585000e-08  4.60091206e-06  1.35585000e-08  1.03483283e+00  1.35585000e-08 -4.68679438e-06 
 1.35595000e-08  4.56752330e-06  1.35595000e-08  9.52909109e-01  1.35595000e-08  4.05322524e-07 
 1.35605000e-08  4.30966754e-06  1.35605000e-08  8.70043069e-01  1.35605000e-08  5.24559427e-06 
 1.35615000e-08  4.27104655e-06  1.35615000e-08  7.86437316e-01  1.35615000e-08  1.15030755e-05 
 1.37985000e-08  9.43028570e-01  1.37985000e-08  1.79564506e-07  1.37985000e-08  3.74719879e-07 
 1.37995000e-08  9.83793444e-01  1.37995000e-08  2.98117431e-07  1.37995000e-08  1.06546278e-06 
 1.38005000e-08  1.02406442e+00  1.38005000e-08  1.93688039e-07  1.38005000e-08  3.44918125e-07 
 1.38015000e-08  1.06390056e+00  1.38015000e-08  2.68734471e-07  1.38015000e-08  1.01011775e-06 
 1.38025000e-08  1.10339431e+00  1.38025000e-08  1.39931785e-07  1.38025000e-08  3.18585700e-07 
 1.38035000e-08  1.14267141e+00  1.38035000e-08  2.59341899e-07  1.38035000e-08  9.83943780e-07 
 1.40075000e-08  1.94991995e+00  1.40075000e-08  8.62315070e-01  1.40075000e-08 -8.40728321e-05 
 1.40085000e-08  1.94992140e+00  1.40085000e-08  9.24075617e-01  1.40085000e-08 -1.09975178e-04 
 1.40095000e-08  1.94992217e+00  1.40095000e-08  9.85016431e-01  1.40095000e-08 -1.26584605e-04 
 1.40105000e-08  1.94992355e+00  1.40105000e-08  1.04512618e+00  1.40105000e-08 -1.37107794e-04 
 1.40115000e-08  1.94992426e+00  1.40115000e-08  1.10443983e+00  1.40115000e-08 -1.48137091e-04 
 1.40125000e-08  1.94992555e+00  1.40125000e-08  1.16315789e+00  1.40125000e-08 -1.62342702e-04 
 1.41285000e-08  1.94996453e+00  1.41285000e-08  1.94992478e+00  1.41285000e-08  9.04657251e-01 
 1.41295000e-08  1.94996460e+00  1.41295000e-08  1.94993231e+00  1.41295000e-08  9.64785335e-01 
 1.41305000e-08  1.94996482e+00  1.41305000e-08  1.94993783e+00  1.41305000e-08  1.02458289e+00 
 1.41315000e-08  1.94996489e+00  1.41315000e-08  1.94994502e+00  1.41315000e-08  1.08741872e+00 
 1.41325000e-08  1.94996510e+00  1.41325000e-08  1.94994541e+00  1.41325000e-08  1.15734184e+00 
 1.41335000e-08  1.94996516e+00  1.41335000e-08  1.94994414e+00  1.41335000e-08  1.23070438e+00 
 1.43345000e-08  1.14451046e+00  1.43345000e-08  1.94999881e+00  1.43345000e-08  1.94999707e+00 
 1.43355000e-08  1.09248222e+00  1.43355000e-08  1.94999898e+00  1.43355000e-08  1.94999832e+00 
 1.43365000e-08  1.04075175e+00  1.43365000e-08  1.94999883e+00  1.43365000e-08  1.94999713e+00 
 1.43375000e-08  9.89211170e-01  1.43375000e-08  1.94999899e+00  1.43375000e-08  1.94999892e+00 
 1.43385000e-08  9.37836340e-01  1.43385000e-08  1.94999885e+00  1.43385000e-08  1.94999708e+00 
 1.43395000e-08  8.86550331e-01  1.43395000e-08  1.94999901e+00  1.43395000e-08  1.94999828e+00 
 1.46785000e-08  4.91419387e-06  1.46785000e-08  1.19774567e+00  1.46785000e-08  1.94989730e+00 
 1.46795000e-08  4.86884167e-06  1.46795000e-08  1.11801674e+00  1.46795000e-08  1.94988083e+00 
 1.46805000e-08  4.60631718e-06  1.46805000e-08  1.03712951e+00  1.46805000e-08  1.94987013e+00 
 1.46815000e-08  4.56882451e-06  1.46815000e-08  9.55235833e-01  1.46815000e-08  1.94987104e+00 
 1.46825000e-08  4.31538767e-06  1.46825000e-08  8.72399521e-01  1.46825000e-08  1.94988600e+00 
 1.46835000e-08  4.28461947e-06  1.46835000e-08  7.88814911e-01  1.46835000e-08  1.94991680e+00 
 1.49205000e-08  9.41186419e-01  1.49205000e-08 -2.58512900e-06  1.49205000e-08  1.94999339e+00 
 1.49215000e-08  9.81974054e-01  1.49215000e-08 -2.14609519e-06  1.49215000e-08  1.94999373e+00 
 1.49225000e-08  1.02226659e+00  1.49225000e-08 -2.42678941e-06  1.49225000e-08  1.94999373e+00 
 1.49235000e-08  1.06212017e+00  1.49235000e-08 -2.04435050e-06  1.49235000e-08  1.94999406e+00 
 1.49245000e-08  1.10162727e+00  1.49245000e-08 -2.35101787e-06  1.49245000e-08  1.94999406e+00 
 1.49255000e-08  1.14091067e+00  1.49255000e-08 -1.92685066e-06  1.49255000e-08  1.94999438e+00 
 1.51295000e-08  1.94991987e+00  1.51295000e-08  8.60732682e-01  1.51295000e-08  1.94992420e+00 
 1.51305000e-08  1.94992138e+00  1.51305000e-08  9.22392086e-01  1.51305000e-08  1.94982793e+00 
 1.51315000e-08  1.94992212e+00  1.51315000e-08  9.83140848e-01  1.51315000e-08  1.94971863e+00 
 1.51325000e-08  1.94992354e+00  1.51325000e-08  1.04296515e+00  1.51325000e-08  1.94960932e+00 
 1.51335000e-08  1.94992420e+00  1.51335000e-08  1.10191134e+00  1.51335000e-08  1.94951595e+00 
 1.51345000e-08  1.94992552e+00  1.51345000e-08  1.16022256e+00  1.51345000e-08  1.94940612e+00 
 1.52645000e-08  1.94996646e+00  1.52645000e-08  1.94997015e+00  1.52645000e-08  1.16653911e+00 
 1.52655000e-08  1.94996651e+00  1.52655000e-08  1.94999709e+00  1.52655000e-08  1.10899204e+00 
 1.52665000e-08  1.94996673e+00  1.52665000e-08  1.95002418e+00  1.52665000e-08  1.05123443e+00 
 1.52675000e-08  1.94996678e+00  1.52675000e-08  1.95004846e+00  1.52675000e-08  9.93131233e-01 
 1.52685000e-08  1.94996699e+00  1.52685000e-08  1.95006620e+00  1.52685000e-08  9.34507401e-01 
 1.52695000e-08  1.94996703e+00  1.52695000e-08  1.95007992e+00  1.52695000e-08  8.75275390e-01 
 1.54565000e-08  1.14683939e+00  1.54565000e-08  1.94999870e+00  1.54565000e-08  5.06756758e-05 
 1.54575000e-08  1.09479956e+00  1.54575000e-08  1.94999895e+00  1.54575000e-08  4.88329190e-05 
 1.54585000e-08  1.04305818e+00  1.54585000e-08  1.94999871e+00  1.54585000e-08  4.74895803e-05 
 1.54595000e-08  9.91511770e-01  1.54595000e-08  1.94999896e+00  1.54595000e-08  4.57765192e-05 
 1.54605000e-08  9.40131404e-01  1.54605000e-08  1.94999873e+00  1.54605000e-08  4.44524882e-05 
 1.54615000e-08  8.88842980e-01  1.54615000e-08  1.94999897e+00  1.54615000e-08  4.28454589e-05 
 1.58005000e-08  4.92446831e-06  1.58005000e-08  1.20127231e+00  1.58005000e-08 -8.01213747e-06 
 1.58015000e-08  4.87042132e-06  1.58015000e-08  1.12158796e+00  1.58015000e-08 -7.22539246e-06 
 1.58025000e-08  4.61441464e-06  1.58025000e-08  1.04074772e+00  1.58025000e-08 -5.05940305e-06 
 1.58035000e-08  4.56884298e-06  1.58035000e-08  9.58890122e-01  1.58035000e-08  1.17566917e-07 
 1.58045000e-08  4.32231545e-06  1.58045000e-08  8.76090102e-01  1.58045000e-08  4.76692069e-06 
 1.58055000e-08  4.27380809e-06  1.58055000e-08  7.92530506e-01  1.58055000e-08  1.10882261e-05 
 1.60425000e-08  9.40488308e-01  1.60425000e-08  1.69967446e-07  1.60425000e-08  2.89761720e-07 
 1.60435000e-08  9.81284588e-01  1.60435000e-08  3.98213066e-07  1.60435000e-08  1.16449222e-06 
 1.60445000e-08  1.02158531e+00  1.60445000e-08  1.96788804e-07  1.60445000e-08  2.97511331e-07 
 1.60455000e-08  1.06144555e+00  1.60455000e-08  3.72794379e-07  1.60455000e-08  1.16578600e-06 
 1.60465000e-08  1.10095775e+00  1.60465000e-08  1.43206478e-07  1.60465000e-08  2.52103129e-07 
 1.60475000e-08  1.14024362e+00  1.60475000e-08  3.61799728e-07  1.60475000e-08  1.10044693e-06 
 1.62515000e-08  1.94991983e+00  1.62515000e-08  8.58466400e-01  1.62515000e-08 -8.19044349e-05 
 1.62525000e-08  1.94992136e+00  1.62525000e-08  9.20276115e-01  1.62525000e-08 -1.08806062e-04 
 1.62535000e-08  1.94992209e+00  1.62535000e-08  9.81267985e-01  1.62535000e-08 -1.25716961e-04 
 1.62545000e-08  1.94992352e+00  1.62545000e-08  1.04142991e+00  1.62545000e-08 -1.36732966e-04 
 1.62555000e-08  1.94992417e+00  1.62555000e-08  1.10079253e+00  1.62555000e-08 -1.47431114e-04 
 1.62565000e-08  1.94992551e+00  1.62565000e-08  1.15953617e+00  1.62565000e-08 -1.61462737e-04 
 1.63725000e-08  1.94996453e+00  1.63725000e-08  1.94992428e+00  1.63725000e-08  9.00850565e-01 
 1.63735000e-08  1.94996458e+00  1.63735000e-08  1.94993199e+00  1.63735000e-08  9.61045151e-01 
 1.63745000e-08  1.94996482e+00  1.63745000e-08  1.94993739e+00  1.63745000e-08  1.02079973e+00 
 1.63755000e-08  1.94996487e+00  1.63755000e-08  1.94994450e+00  1.63755000e-08  1.08335478e+00 
 1.63765000e-08  1.94996510e+00  1.63765000e-08  1.94994586e+00  1.63765000e-08  1.15274347e+00 
 1.63775000e-08  1.94996515e+00  1.63775000e-08  1.94994405e+00  1.63775000e-08  1.22615134e+00 
 1.65785000e-08  1.14786807e+00  1.65785000e-08  1.94999880e+00  1.65785000e-08  1.94999525e+00 
 1.65795000e-08  1.09582129e+00  1.65795000e-08  1.94999899e+00  1.65795000e-08  1.94999832e+00 
 1.65805000e-08  1.04407334e+00  1.65805000e-08  1.94999882e+00  1.65805000e-08  1.94999530e+00 
 1.65815000e-08  9.92522680e-01  1.65815000e-08  1.94999900e+00  1.65815000e-08  1.94999741e+00 
 1.65825000e-08  9.41138323e-01  1.65825000e-08  1.94999883e+00  1.65825000e-08  1.94999552e+00 
 1.65835000e-08  8.89847677e-01  1.65835000e-08  1.94999902e+00  1.65835000e-08  1.94999847e+00 
 1.69225000e-08  4.92928648e-06  1.69225000e-08  1.20294117e+00  1.69225000e-08  1.94989850e+00 
 1.69235000e-08  4.87185951e-06  1.69235000e-08  1.12328403e+00  1.69235000e-08  1.94988185e+00 
 1.69245000e-08  4.61895802e-06  1.69245000e-08  1.04247269e+00  1.69245000e-08  1.94987055e+00 
 1.69255000e-08  4.57009185e-06  1.69255000e-08  9.60638954e-01  1.69255000e-08  1.94987060e+00 
 1.69265000e-08  4.32666974e-06  1.69265000e-08  8.77862531e-01  1.69265000e-08  1.94988456e+00 
 1.69275000e-08  4.27508820e-06  1.69275000e-08  7.94320129e-01  1.69275000e-08  1.94991429e+00 
 1.71645000e-08  9.38639564e-01  1.71645000e-08 -2.57549726e-06  1.71645000e-08  1.94999346e+00 
 1.71655000e-08  9.79458799e-01  1.71655000e-08 -2.16399380e-06  1.71655000e-08  1.94999363e+00 
 1.71665000e-08  1.01978125e+00  1.71665000e-08 -2.41734016e-06  1.71665000e-08  1.94999381e+00 
 1.71675000e-08  1.05965924e+00  1.71675000e-08 -2.06170068e-06  1.71675000e-08  1.94999396e+00 
 1.71685000e-08  1.09918512e+00  1.71685000e-08 -2.34140746e-06  1.71685000e-08  1.94999413e+00 
 1.71695000e-08  1.13847772e+00  1.71695000e-08 -1.94378936e-06  1.71695000e-08  1.94999428e+00 
 1.73735000e-08  1.94991977e+00  1.73735000e-08  8.56853678e-01  1.73735000e-08  1.94992948e+00 
 1.73745000e-08  1.94992134e+00  1.73745000e-08  9.18568199e-01  1.73745000e-08  1.94983433e+00 
 1.73755000e-08  1.94992202e+00  1.73755000e-08  9.79373942e-01  1.73755000e-08  1.94972542e+00 
 1.73765000e-08  1.94992349e+00  1.73765000e-08  1.03925692e+00  1.73765000e-08  1.94961584e+00 
 1.73775000e-08  1.94992410e+00  1.73775000e-08  1.09825790e+00  1.73775000e-08  1.94952208e+00 
 1.73785000e-08  1.94992548e+00  1.73785000e-08  1.15660383e+00  1.73785000e-08  1.94941321e+00 
 1.75085000e-08  1.94996646e+00  1.75085000e-08  1.94996841e+00  1.75085000e-08  1.17012724e+00 
 1.75095000e-08  1.94996650e+00  1.75095000e-08  1.94999560e+00  1.75095000e-08  1.11258387e+00 
 1.75105000e-08  1.94996672e+00  1.75105000e-08  1.95002243e+00  1.75105000e-08  1.05484633e+00 
 1.75115000e-08  1.94996677e+00  1.75115000e-08  1.95004722e+00  1.75115000e-08  9.96767298e-01 
 1.75125000e-08  1.94996699e+00  1.75125000e-08  1.95006510e+00  1.75125000e-08  9.38181579e-01 
 1.75135000e-08  1.94996702e+00  1.75135000e-08  1.95007933e+00  1.75135000e-08  8.78988191e-01 
 1.77005000e-08  1.14983259e+00  1.77005000e-08  1.94999868e+00  1.77005000e-08  5.03529396e-05 
 1.77015000e-08  1.09777608e+00  1.77015000e-08  1.94999896e+00  1.77015000e-08  4.92681756e-05 
 1.77025000e-08  1.04601886e+00  1.77025000e-08  1.94999870e+00  1.77025000e-08  4.72659964e-05 
 1.77035000e-08  9.94463239e-01  1.77035000e-08  1.94999897e+00  1.77035000e-08  4.63493288e-05 
 1.77045000e-08  9.43074141e-01  1.77045000e-08  1.94999871e+00  1.77045000e-08  4.43016789e-05 
 1.77055000e-08  8.91781418e-01  1.77055000e-08  1.94999899e+00  1.77055000e-08  4.34589729e-05 
 1.80445000e-08  4.93342002e-06  1.80445000e-08  1.20591328e+00  1.80445000e-08 -8.02213605e-06 
 1.80455000e-08  4.87011207e-06  1.80455000e-08  1.12629353e+00  1.80455000e-08 -7.25508912e-06 
 1.80465000e-08  4.62522195e-06  1.80465000e-08  1.04552136e+00  1.80465000e-08 -5.32847741e-06 
 1.80475000e-08  4.57032029e-06  1.80475000e-08  9.63717915e-01  1.80475000e-08 -1.36582365e-07 
 1.80485000e-08  4.33433192e-06  1.80485000e-08  8.80971863e-01  1.80485000e-08  4.41120424e-06 
 1.80495000e-08  4.27556334e-06  1.80495000e-08  7.97450232e-01  1.80495000e-08  1.07492594e-05 
 1.82865000e-08  9.38193861e-01  1.82865000e-08  1.43388254e-07  1.82865000e-08  8.25565646e-08 
 1.82875000e-08  9.79018731e-01  1.82875000e-08  4.33998028e-07  1.82875000e-08  1.19293036e-06 
 1.82885000e-08  1.01934635e+00  1.82885000e-08  1.23616742e-07  1.82885000e-08  2.11495413e-07 
 1.82895000e-08  1.05922875e+00  1.82895000e-08  4.33374303e-07  1.82895000e-08  1.21067400e-06 
 1.82905000e-08  1.09875787e+00  1.82905000e-08  1.50815073e-07  1.82905000e-08  2.42518120e-07 
 1.82915000e-08  1.13805224e+00  1.82915000e-08  4.09661163e-07  1.82915000e-08  1.22528972e-06 
 1.84955000e-08  1.94991976e+00  1.84955000e-08  8.54978416e-01  1.84955000e-08 -7.99578561e-05 
 1.84965000e-08  1.94992133e+00  1.84965000e-08  9.16832443e-01  1.84965000e-08 -1.08626154e-04 
 1.84975000e-08  1.94992201e+00  1.84975000e-08  9.77870421e-01  1.84975000e-08 -1.25942670e-04 
 1.84985000e-08  1.94992348e+00  1.84985000e-08  1.03807978e+00  1.84985000e-08 -1.36691528e-04 
 1.84995000e-08  1.94992409e+00  1.84995000e-08  1.09748289e+00  1.84995000e-08 -1.46445880e-04 
 1.85005000e-08  1.94992547e+00  1.85005000e-08  1.15625496e+00  1.85005000e-08 -1.60738537e-04 
 1.86165000e-08  1.94996453e+00  1.86165000e-08  1.94992383e+00  1.86165000e-08  8.97431251e-01 
 1.86175000e-08  1.94996457e+00  1.86175000e-08  1.94993169e+00  1.86175000e-08  9.57688400e-01 
 1.86185000e-08  1.94996482e+00  1.86185000e-08  1.94993699e+00  1.86185000e-08  1.01741509e+00 
 1.86195000e-08  1.94996486e+00  1.86195000e-08  1.94994403e+00  1.86195000e-08  1.07972150e+00 
 1.86205000e-08  1.94996510e+00  1.86205000e-08  1.94994630e+00  1.86205000e-08  1.14859832e+00 
 1.86215000e-08  1.94996513e+00  1.86215000e-08  1.94994397e+00  1.86215000e-08  1.22203483e+00 
 1.88225000e-08  1.15036367e+00  1.88225000e-08  1.94999879e+00  1.88225000e-08  1.94999378e+00 
 1.88235000e-08  1.09830303e+00  1.88235000e-08  1.94999900e+00  1.88235000e-08  1.94999675e+00 
 1.88245000e-08  1.04654195e+00  1.88245000e-08  1.94999880e+00  1.88245000e-08  1.94999415e+00 
 1.88255000e-08  9.94983686e-01  1.88255000e-08  1.94999901e+00  1.88255000e-08  1.94999821e+00 
 1.88265000e-08  9.43592181e-01  1.88265000e-08  1.94999882e+00  1.88265000e-08  1.94999420e+00 
 1.88275000e-08  8.92298057e-01  1.88275000e-08  1.94999903e+00  1.88275000e-08  1.94999706e+00 
 1.91665000e-08  4.93609649e-06  1.91665000e-08  1.20670318e+00  1.91665000e-08  1.94989934e+00 
 1.91675000e-08  4.87076005e-06  1.91675000e-08  1.12709843e+00  1.91675000e-08  1.94988259e+00 
 1.91685000e-08  4.62776438e-06  1.91685000e-08  1.04634239e+00  1.91685000e-08  1.94987087e+00 
 1.91695000e-08  4.57088129e-06  1.91695000e-08  9.64552659e-01  1.91695000e-08  1.94987031e+00 
 1.91705000e-08  4.33681015e-06  1.91705000e-08  8.81820201e-01  1.91705000e-08  1.94988355e+00 
 1.91715000e-08  4.27621578e-06  1.91715000e-08  7.98308737e-01  1.91715000e-08  1.94991251e+00 
 1.94085000e-08  9.36904928e-01  1.94085000e-08 -2.56343975e-06  1.94085000e-08  1.94999353e+00 
 1.94095000e-08  9.77746185e-01  1.94095000e-08 -2.18168435e-06  1.94095000e-08  1.94999355e+00 
 1.94105000e-08  1.01808869e+00  1.94105000e-08 -2.40551026e-06  1.94105000e-08  1.94999387e+00 
 1.94115000e-08  1.05798488e+00  1.94115000e-08 -2.04486219e-06  1.94115000e-08  1.94999389e+00 
 1.94125000e-08  1.09752442e+00  1.94125000e-08 -2.27394328e-06  1.94125000e-08  1.94999419e+00 
 1.94135000e-08  1.13682409e+00  1.94135000e-08 -1.95657598e-06  1.94135000e-08  1.94999421e+00 
 1.96175000e-08  1.94991971e+00  1.96175000e-08  8.54240086e-01  1.96175000e-08  1.94993299e+00 
 1.96185000e-08  1.94992130e+00  1.96185000e-08  9.15990869e-01  1.96185000e-08  1.94983863e+00 
 1.96195000e-08  1.94992197e+00  1.96195000e-08  9.76835344e-01  1.96195000e-08  1.94972999e+00 
 1.96205000e-08  1.94992346e+00  1.96205000e-08  1.03675738e+00  1.96205000e-08  1.94962030e+00 
 1.96215000e-08  1.94992405e+00  1.96215000e-08  1.09579213e+00  1.96215000e-08  1.94952625e+00 
 1.96225000e-08  1.94992546e+00  1.96225000e-08  1.15415786e+00  1.96225000e-08  1.94941801e+00 
 1.97525000e-08  1.94996645e+00  1.97525000e-08  1.94996720e+00  1.97525000e-08  1.17253969e+00 
 1.97535000e-08  1.94996649e+00  1.97535000e-08  1.94999462e+00  1.97535000e-08  1.11499856e+00 
 1.97545000e-08  1.94996672e+00  1.97545000e-08  1.95002120e+00  1.97545000e-08  1.05727424e+00 
 1.97555000e-08  1.94996676e+00  1.97555000e-08  1.95004640e+00  1.97555000e-08  9.99211221e-01 
 1.97565000e-08  1.94996699e+00  1.97565000e-08  1.95006432e+00  1.97565000e-08  9.40650993e-01 
 1.97575000e-08  1.94996701e+00  1.97575000e-08  1.95007896e+00  1.97575000e-08  8.81483508e-01 
 1.99445000e-08  1.15190977e+00  1.99445000e-08  1.94999867e+00  1.99445000e-08  5.01982895e-05 
 1.99455000e-08  1.09984165e+00  1.99455000e-08  1.94999897e+00  1.99455000e-08  4.96083589e-05 
 1.99465000e-08  1.04807342e+00  1.99465000e-08  1.94999869e+00  1.99465000e-08  4.71236760e-05 
 1.99475000e-08  9.96511379e-01  1.99475000e-08  1.94999898e+00  1.99475000e-08  4.66987652e-05 
 1.99485000e-08  9.45116276e-01  1.99485000e-08  1.94999870e+00  1.99485000e-08  4.41530646e-05 
 1.99495000e-08  8.93820632e-01  1.99495000e-08  1.94999900e+00  1.99495000e-08  4.37899338e-05 
 2.02885000e-08  4.94656243e-06  2.02885000e-08  1.20891325e+00  2.02885000e-08 -8.02112648e-06 
 2.02895000e-08  4.87361561e-06  2.02895000e-08  1.12933535e+00  2.02895000e-08 -7.27631097e-06 
 2.02905000e-08  4.63477709e-06  2.02905000e-08  1.04860743e+00  2.02905000e-08 -5.49437776e-06 
 2.02915000e-08  4.56224415e-06  2.02915000e-08  9.66839034e-01  2.02915000e-08 -3.14096661e-07 
 2.02925000e-08  4.32677782e-06  2.02925000e-08  8.84128166e-01  2.02925000e-08  4.19068209e-06 
 2.02935000e-08  4.27528038e-06  2.02935000e-08  8.00631342e-01  2.02935000e-08  1.05283375e-05 
 2.05305000e-08  9.36411033e-01  2.05305000e-08  1.20300529e-07  2.05305000e-08  2.29448371e-07 
 2.05315000e-08  9.77258572e-01  2.05315000e-08  4.77500132e-07  2.05315000e-08  1.26348519e-06 
 2.05325000e-08  1.01760677e+00  2.05325000e-08  1.49607471e-07  2.05325000e-08  2.15177800e-07 
 2.05335000e-08  1.05750691e+00  2.05335000e-08  4.51486666e-07  2.05335000e-08  1.23940569e-06 
 2.05345000e-08  1.09704902e+00  2.05345000e-08  9.87220295e-08  2.05345000e-08  2.32858078e-07 
 2.05355000e-08  1.13635062e+00  2.05355000e-08  4.41012691e-07  2.05355000e-08  1.25148499e-06 
 2.07395000e-08  1.94991969e+00  2.07395000e-08  8.52294180e-01  2.07395000e-08 -7.81362466e-05 
 2.07405000e-08  1.94992130e+00  2.07405000e-08  9.14180926e-01  2.07405000e-08 -1.07781747e-04 
 2.07415000e-08  1.94992195e+00  2.07415000e-08  9.75255278e-01  2.07415000e-08 -1.25407944e-04 
 2.07425000e-08  1.94992345e+00  2.07425000e-08  1.03549718e+00  2.07425000e-08 -1.36641455e-04 
 2.07435000e-08  1.94992403e+00  2.07435000e-08  1.09492984e+00  2.07435000e-08 -1.45848560e-04 
 2.07445000e-08  1.94992545e+00  2.07445000e-08  1.15372345e+00  2.07445000e-08 -1.60417036e-04 
 2.08605000e-08  1.94996452e+00  2.08605000e-08  1.94992345e+00  2.08605000e-08  8.94741341e-01 
 2.08615000e-08  1.94996456e+00  2.08615000e-08  1.94993149e+00  2.08615000e-08  9.55049526e-01 
 2.08625000e-08  1.94996481e+00  2.08625000e-08  1.94993664e+00  2.08625000e-08  1.01476075e+00 
 2.08635000e-08  1.94996485e+00  2.08635000e-08  1.94994366e+00  2.08635000e-08  1.07689425e+00 
 2.08645000e-08  1.94996509e+00  2.08645000e-08  1.94994660e+00  2.08645000e-08  1.14538449e+00 
 2.08655000e-08  1.94996512e+00  2.08655000e-08  1.94994396e+00  2.08655000e-08  1.21883223e+00 
 2.10665000e-08  1.15238055e+00  2.10665000e-08  1.94999878e+00  2.10665000e-08  1.94999477e+00 
 2.10675000e-08  1.10030873e+00  2.10675000e-08  1.94999901e+00  2.10675000e-08  1.94999941e+00 
 2.10685000e-08  1.04853710e+00  2.10685000e-08  1.94999880e+00  2.10685000e-08  1.94999452e+00 
 2.10695000e-08  9.96972734e-01  2.10695000e-08  1.94999902e+00  2.10695000e-08  1.94999808e+00 
 2.10705000e-08  9.45575445e-01  2.10705000e-08  1.94999881e+00  2.10705000e-08  1.94999467e+00 
 2.10715000e-08  8.94278375e-01  2.10715000e-08  1.94999903e+00  2.10715000e-08  1.94999921e+00 
 2.14105000e-08  4.94879541e-06  2.14105000e-08  1.20945912e+00  2.14105000e-08  1.94989995e+00 
 2.14115000e-08  4.87399900e-06  2.14115000e-08  1.12989299e+00  2.14115000e-08  1.94988313e+00 
 2.14125000e-08  4.63686945e-06  2.14125000e-08  1.04917770e+00  2.14125000e-08  1.94987111e+00 
 2.14135000e-08  4.56262183e-06  2.14135000e-08  9.67420325e-01  2.14135000e-08  1.94987012e+00 
 2.14145000e-08  4.32892134e-06  2.14145000e-08  8.84720283e-01  2.14145000e-08  1.94988283e+00 
 2.14155000e-08  4.27564585e-06  2.14155000e-08  8.01231783e-01  2.14155000e-08  1.94991124e+00 
 2.16525000e-08  9.35123534e-01  2.16525000e-08 -2.51847730e-06  2.16525000e-08  1.94999357e+00 
 2.16535000e-08  9.75987478e-01  2.16535000e-08 -2.21315193e-06  2.16535000e-08  1.94999349e+00 
 2.16545000e-08  1.01635062e+00  2.16545000e-08 -2.43917025e-06  2.16545000e-08  1.94999391e+00 
 2.16555000e-08  1.05626366e+00  2.16555000e-08 -2.08734300e-06  2.16555000e-08  1.94999383e+00 
 2.16565000e-08  1.09581529e+00  2.16565000e-08 -2.27692499e-06  2.16565000e-08  1.94999424e+00 
 2.16575000e-08  1.13512227e+00  2.16575000e-08 -1.98444848e-06  2.16575000e-08  1.94999415e+00 
 2.18615000e-08  1.94991965e+00  2.18615000e-08  8.51522004e-01  2.18615000e-08  1.94993661e+00 
 2.18625000e-08  1.94992127e+00  2.18625000e-08  9.13309705e-01  2.18625000e-08  1.94984308e+00 
 2.18635000e-08  1.94992191e+00  2.18635000e-08  9.74195076e-01  2.18635000e-08  1.94973473e+00 
 2.18645000e-08  1.94992343e+00  2.18645000e-08  1.03415377e+00  2.18645000e-08  1.94962491e+00 
 2.18655000e-08  1.94992399e+00  2.18655000e-08  1.09322125e+00  2.18655000e-08  1.94953042e+00 
 2.18665000e-08  1.94992543e+00  2.18665000e-08  1.15160772e+00  2.18665000e-08  1.94942295e+00 
 2.19965000e-08  1.94996645e+00  2.19965000e-08  1.94996588e+00  2.19965000e-08  1.17509297e+00 
 2.19975000e-08  1.94996648e+00  2.19975000e-08  1.94999359e+00  2.19975000e-08  1.11755398e+00 
 2.19985000e-08  1.94996672e+00  2.19985000e-08  1.95001985e+00  2.19985000e-08  1.05984334e+00 
 2.19995000e-08  1.94996675e+00  2.19995000e-08  1.95004554e+00  2.19995000e-08  1.00179697e+00 
 2.20005000e-08  1.94996698e+00  2.20005000e-08  1.95006344e+00  2.20005000e-08  9.43263490e-01 
 2.20015000e-08  1.94996701e+00  2.20015000e-08  1.95007857e+00  2.20015000e-08  8.84123289e-01 
 2.21885000e-08  1.15425755e+00  2.21885000e-08  1.94999866e+00  2.21885000e-08  5.01191018e-05 
 2.21895000e-08  1.10217611e+00  2.21895000e-08  1.94999898e+00  2.21895000e-08  5.01850375e-05 
 2.21905000e-08  1.05039525e+00  2.21905000e-08  1.94999868e+00  2.21905000e-08  4.69449210e-05 
 2.21915000e-08  9.98825800e-01  2.21915000e-08  1.94999899e+00  2.21915000e-08  4.70640173e-05 
 2.21925000e-08  9.47423851e-01  2.21925000e-08  1.94999870e+00  2.21925000e-08  4.38271907e-05 
 2.21935000e-08  8.96124865e-01  2.21935000e-08  1.94999900e+00  2.21935000e-08  4.40219002e-05 
 2.25325000e-08  4.95815445e-06  2.25325000e-08  1.21288769e+00  2.25325000e-08 -8.01095565e-06 
 2.25335000e-08  4.87626108e-06  2.25335000e-08  1.13336635e+00  2.25335000e-08 -7.30070035e-06 
 2.25345000e-08  4.64572369e-06  2.25345000e-08  1.05269749e+00  2.25345000e-08 -5.70198275e-06 
 2.25355000e-08  4.57333004e-06  2.25355000e-08  9.70976463e-01  2.25355000e-08 -5.48281134e-07 
 2.25365000e-08  4.35236326e-06  2.25365000e-08  8.88312635e-01  2.25365000e-08  3.90486473e-06 
 2.25375000e-08  4.27954674e-06  2.25375000e-08  8.04849526e-01  2.25375000e-08  1.01584458e-05 
 2.27745000e-08  9.34728177e-01  2.27745000e-08  1.18992966e-07  2.27745000e-08  3.00755264e-07 
 2.27755000e-08  9.75597137e-01  2.27755000e-08  4.77871393e-07  2.27755000e-08  1.27527069e-06 
 2.27765000e-08  1.01596488e+00  2.27765000e-08  1.52103423e-07  2.27765000e-08  2.48193004e-07 
 2.27775000e-08  1.05588188e+00  2.27775000e-08  4.54209787e-07  2.27775000e-08  1.20153390e-06 
 2.27785000e-08  1.09543646e+00  2.27785000e-08  9.89611658e-08  2.27785000e-08  2.18120806e-07 
 2.27795000e-08  1.13474509e+00  2.27795000e-08  4.45329826e-07  2.27795000e-08  1.17405596e-06 
 2.29835000e-08  1.94991963e+00  2.29835000e-08  8.49764107e-01  2.29835000e-08 -7.68339938e-05 
 2.29845000e-08  1.94992126e+00  2.29845000e-08  9.11681451e-01  2.29845000e-08 -1.06696670e-04 
 2.29855000e-08  1.94992189e+00  2.29855000e-08  9.72790165e-01  2.29855000e-08 -1.24621107e-04 
 2.29865000e-08  1.94992342e+00  2.29865000e-08  1.03306551e+00  2.29865000e-08 -1.36382608e-04 
 2.29875000e-08  1.94992398e+00  2.29875000e-08  1.09252920e+00  2.29875000e-08 -1.45135651e-04 
 2.29885000e-08  1.94992542e+00  2.29885000e-08  1.15134357e+00  2.29885000e-08 -1.59884947e-04 
 2.31045000e-08  1.94996452e+00  2.31045000e-08  1.94992320e+00  2.31045000e-08  8.92267654e-01 
 2.31055000e-08  1.94996455e+00  2.31055000e-08  1.94993116e+00  2.31055000e-08  9.52623749e-01 
 2.31065000e-08  1.94996481e+00  2.31065000e-08  1.94993640e+00  2.31065000e-08  1.01232488e+00 
 2.31075000e-08  1.94996483e+00  2.31075000e-08  1.94994318e+00  2.31075000e-08  1.07430411e+00 
 2.31085000e-08  1.94996509e+00  2.31085000e-08  1.94994696e+00  2.31085000e-08  1.14243423e+00 
 2.31095000e-08  1.94996511e+00  2.31095000e-08  1.94994382e+00  2.31095000e-08  1.21588320e+00 
 2.33105000e-08  1.15413843e+00  2.33105000e-08  1.94999878e+00  2.33105000e-08  1.94999004e+00 
 2.33115000e-08  1.10205662e+00  2.33115000e-08  1.94999900e+00  2.33115000e-08  1.94999426e+00 
 2.33125000e-08  1.05027542e+00  2.33125000e-08  1.94999880e+00  2.33125000e-08  1.94999086e+00 
 2.33135000e-08  9.98705380e-01  2.33135000e-08  1.94999902e+00  2.33135000e-08  1.94999679e+00 
 2.33145000e-08  9.47302887e-01  2.33145000e-08  1.94999882e+00  2.33145000e-08  1.94999118e+00 
 2.33155000e-08  8.96003395e-01  2.33155000e-08  1.94999903e+00  2.33155000e-08  1.94999522e+00 
 2.36545000e-08  4.95750644e-06  2.36545000e-08  1.21217218e+00  2.36545000e-08  1.94990053e+00 
 2.36555000e-08  4.87607937e-06  2.36555000e-08  1.13264428e+00  2.36555000e-08  1.94988367e+00 
 2.36565000e-08  4.64510391e-06  2.36565000e-08  1.05196888e+00  2.36565000e-08  1.94987135e+00 
 2.36575000e-08  4.57318371e-06  2.36575000e-08  9.70243487e-01  2.36575000e-08  1.94986994e+00 
 2.36585000e-08  4.35178190e-06  2.36585000e-08  8.87575170e-01  2.36585000e-08  1.94988212e+00 
 2.36595000e-08  4.27938944e-06  2.36595000e-08  8.04109362e-01  2.36595000e-08  1.94990995e+00 
 2.38965000e-08  9.33574668e-01  2.38965000e-08 -2.56046273e-06  2.38965000e-08  1.94999362e+00 
 2.38975000e-08  9.74458382e-01  2.38975000e-08 -2.22297834e-06  2.38975000e-08  1.94999344e+00 
 2.38985000e-08  1.01483955e+00  2.38985000e-08 -2.38582002e-06  2.38985000e-08  1.94999396e+00 
 2.38995000e-08  1.05476823e+00  2.38995000e-08 -2.11160763e-06  2.38995000e-08  1.94999378e+00 
 2.39005000e-08  1.09433274e+00  2.39005000e-08 -2.30818562e-06  2.39005000e-08  1.94999428e+00 
 2.39015000e-08  1.13364770e+00  2.39015000e-08 -1.98803570e-06  2.39015000e-08  1.94999410e+00 
 2.41055000e-08  1.94991959e+00  2.41055000e-08  8.49240588e-01  2.41055000e-08  1.94993963e+00 
 2.41065000e-08  1.94992123e+00  2.41065000e-08  9.11058996e-01  2.41065000e-08  1.94984681e+00 
 2.41075000e-08  1.94992186e+00  2.41075000e-08  9.71978501e-01  2.41075000e-08  1.94973871e+00 
 2.41085000e-08  1.94992340e+00  2.41085000e-08  1.03197086e+00  2.41085000e-08  1.94962888e+00 
 2.41095000e-08  1.94992395e+00  2.41095000e-08  1.09106892e+00  2.41095000e-08  1.94953423e+00 
 2.41105000e-08  1.94992540e+00  2.41105000e-08  1.14947360e+00  2.41105000e-08  1.94942714e+00 
 2.42405000e-08  1.94996645e+00  2.42405000e-08  1.94996483e+00  2.42405000e-08  1.17718575e+00 
 2.42415000e-08  1.94996647e+00  2.42415000e-08  1.94999276e+00  2.42415000e-08  1.11964827e+00 
 2.42425000e-08  1.94996671e+00  2.42425000e-08  1.95001876e+00  2.42425000e-08  1.06194853e+00 
 2.42435000e-08  1.94996675e+00  2.42435000e-08  1.95004485e+00  2.42435000e-08  1.00391556e+00 
 2.42445000e-08  1.94996698e+00  2.42445000e-08  1.95006273e+00  2.42445000e-08  9.45403757e-01 
 2.42455000e-08  1.94996700e+00  2.42455000e-08  1.95007826e+00  2.42455000e-08  8.86285758e-01 
 2.44325000e-08  1.15550925e+00  2.44325000e-08  1.94999866e+00  2.44325000e-08  4.99734952e-05 
 2.44335000e-08  1.10342063e+00  2.44335000e-08  1.94999898e+00  2.44335000e-08  5.05927170e-05 
 2.44345000e-08  1.05163295e+00  2.44345000e-08  1.94999867e+00  2.44345000e-08  4.67875159e-05 
 2.44355000e-08  1.00005944e+00  2.44355000e-08  1.94999900e+00  2.44355000e-08  4.74441743e-05 
 2.44365000e-08  9.48653744e-01  2.44365000e-08  1.94999869e+00  2.44365000e-08  4.36399552e-05 
 2.44375000e-08  8.97352881e-01  2.44375000e-08  1.94999901e+00  2.44375000e-08  4.43646199e-05 
 2.47765000e-08  4.96468533e-06  2.47765000e-08  1.21416611e+00  2.47765000e-08 -8.01732540e-06 
 2.47775000e-08  4.87713588e-06  2.47775000e-08  1.13466271e+00  2.47775000e-08 -7.29688824e-06 
 2.47785000e-08  4.65193033e-06  2.47785000e-08  1.05401268e+00  2.47785000e-08 -5.77818403e-06 
 2.47795000e-08  4.57394179e-06  2.47795000e-08  9.72306634e-01  2.47795000e-08 -6.12866447e-07 
 2.47805000e-08  4.35829381e-06  2.47805000e-08  8.89657784e-01  2.47805000e-08  3.80356597e-06 
 2.47815000e-08  4.28789220e-06  2.47815000e-08  8.06205301e-01  2.47815000e-08  1.00770147e-05 
 2.50185000e-08  9.33394978e-01  2.50185000e-08  1.15279419e-07  2.50185000e-08  2.76149560e-07 
 2.50195000e-08  9.74281319e-01  2.50195000e-08  4.69497615e-07  2.50195000e-08  1.22844943e-06 
 2.50205000e-08  1.01466461e+00  2.50205000e-08  1.43579729e-07  2.50205000e-08  2.25674025e-07 
 2.50215000e-08  1.05459513e+00  2.50215000e-08  4.48516648e-07  2.50215000e-08  1.16952711e-06 
 2.50225000e-08  1.09416101e+00  2.50225000e-08  9.53058857e-08  2.50225000e-08  1.99339093e-07 
 2.50235000e-08  1.13347678e+00  2.50235000e-08  4.38858895e-07  2.50235000e-08  1.14239324e-06 
 2.52275000e-08  1.94991959e+00  2.52275000e-08  8.47781804e-01  2.52275000e-08 -7.57961169e-05 
 2.52285000e-08  1.94992123e+00  2.52285000e-08  9.09722873e-01  2.52285000e-08 -1.05847739e-04 
 2.52295000e-08  1.94992185e+00  2.52295000e-08  9.70858333e-01  2.52295000e-08 -1.23985994e-04 
 2.52305000e-08  1.94992339e+00  2.52305000e-08  1.03115982e+00  2.52305000e-08 -1.36186644e-04 
 2.52315000e-08  1.94992394e+00  2.52315000e-08  1.09064791e+00  2.52315000e-08 -1.44567996e-04 
 2.52325000e-08  1.94992539e+00  2.52325000e-08  1.14947886e+00  2.52325000e-08 -1.59482738e-04 
 2.53485000e-08  1.94996451e+00  2.53485000e-08  1.94992299e+00  2.53485000e-08  8.90331893e-01 
 2.53495000e-08  1.94996454e+00  2.53495000e-08  1.94993088e+00  2.53495000e-08  9.50726630e-01 
 2.53505000e-08  1.94996480e+00  2.53505000e-08  1.94993621e+00  2.53505000e-08  1.01042312e+00 
 2.53515000e-08  1.94996483e+00  2.53515000e-08  1.94994278e+00  2.53515000e-08  1.07228518e+00 
 2.53525000e-08  1.94996508e+00  2.53525000e-08  1.94994724e+00  2.53525000e-08  1.14013267e+00 
 2.53535000e-08  1.94996510e+00  2.53535000e-08  1.94994371e+00  2.53535000e-08  1.21357646e+00 
 2.55275000e-08  2.05291595e+00  2.55275000e-08  1.94999875e+00  2.55275000e-08  1.94999510e+00 
 2.55545000e-08  1.15598893e+00  2.55545000e-08  1.94999879e+00  2.55545000e-08  1.94998879e+00 
 2.55555000e-08  1.10389665e+00  2.55555000e-08  1.94999900e+00  2.55555000e-08  1.94999347e+00 
 2.55565000e-08  1.05210545e+00  2.55565000e-08  1.94999880e+00  2.55565000e-08  1.94998971e+00 
 2.55575000e-08  1.00052952e+00  2.55575000e-08  1.94999901e+00  2.55575000e-08  1.94999632e+00 
 2.55585000e-08  9.49121557e-01  2.55585000e-08  1.94999882e+00  2.55585000e-08  1.94999009e+00 
 2.55595000e-08  8.97819381e-01  2.55595000e-08  1.94999902e+00  2.55595000e-08  1.94999455e+00 
 2.58985000e-08  4.96667148e-06  2.58985000e-08  1.21428635e+00  2.58985000e-08  1.94990099e+00 
 2.58995000e-08  4.87709328e-06  2.58995000e-08  1.13478867e+00  2.58995000e-08  1.94988409e+00 
 2.59005000e-08  4.65340208e-06  2.59005000e-08  1.05414479e+00  2.59005000e-08  1.94987154e+00 
 2.59015000e-08  4.57345958e-06  2.59015000e-08  9.72444634e-01  2.59015000e-08  1.94986981e+00 
 2.59025000e-08  4.35957941e-06  2.59025000e-08  8.89801516e-01  2.59025000e-08  1.94988158e+00 
 2.59035000e-08  4.28726807e-06  2.59035000e-08  8.06353791e-01  2.59035000e-08  1.94990900e+00 
 2.61405000e-08  9.31957609e-01  2.61405000e-08 -2.55359773e-06  2.61405000e-08  1.94999365e+00 
 2.61415000e-08  9.72862008e-01  2.61415000e-08 -2.23876967e-06  2.61415000e-08  1.94999339e+00 
 2.61425000e-08  1.01326207e+00  2.61425000e-08 -2.38456312e-06  2.61425000e-08  1.94999399e+00 
 2.61435000e-08  1.05320718e+00  2.61435000e-08 -2.12641048e-06  2.61435000e-08  1.94999373e+00 
 2.61445000e-08  1.09278395e+00  2.61445000e-08 -2.30231775e-06  2.61445000e-08  1.94999431e+00 
 2.61455000e-08  1.13210605e+00  2.61455000e-08 -2.00358661e-06  2.61455000e-08  1.94999406e+00 
 2.63505000e-08  1.94992117e+00  2.63505000e-08  9.08733482e-01  2.63505000e-08  1.94985065e+00 
 2.63515000e-08  1.94992183e+00  2.63515000e-08  9.69688328e-01  2.63515000e-08  1.94974282e+00 
 2.63525000e-08  1.94992334e+00  2.63525000e-08  1.02971564e+00  2.63525000e-08  1.94963298e+00 
 2.63535000e-08  1.94992393e+00  2.63535000e-08  1.08884561e+00  2.63535000e-08  1.94953789e+00 
 2.63545000e-08  1.94992534e+00  2.63545000e-08  1.14726986e+00  2.63545000e-08  1.94943139e+00 
 2.63555000e-08  1.94992587e+00  2.63555000e-08  1.20544715e+00  2.63555000e-08  1.94930836e+00 
 2.64845000e-08  1.94996644e+00  2.64845000e-08  1.94996374e+00  2.64845000e-08  1.17938105e+00 
 2.64855000e-08  1.94996647e+00  2.64855000e-08  1.94999189e+00  2.64855000e-08  1.12184497e+00 
 2.64865000e-08  1.94996670e+00  2.64865000e-08  1.95001770e+00  2.64865000e-08  1.06415606e+00 
 2.64875000e-08  1.94996674e+00  2.64875000e-08  1.95004421e+00  2.64875000e-08  1.00613667e+00 
 2.64885000e-08  1.94996697e+00  2.64885000e-08  1.95006199e+00  2.64885000e-08  9.47647155e-01 
 2.64895000e-08  1.94996700e+00  2.64895000e-08  1.95007789e+00  2.64895000e-08  8.88552828e-01 
 2.66765000e-08  1.15824592e+00  2.66765000e-08  1.94999865e+00  2.66765000e-08  4.96771409e-05 
 2.66775000e-08  1.10614171e+00  2.66775000e-08  1.94999899e+00  2.66775000e-08  5.10065927e-05 
 2.66785000e-08  1.05433910e+00  2.66785000e-08  1.94999867e+00  2.66785000e-08  4.63678553e-05 
 2.66795000e-08  1.00275675e+00  2.66795000e-08  1.94999900e+00  2.66795000e-08  4.77022058e-05 
 2.66805000e-08  9.51342768e-01  2.66805000e-08  1.94999868e+00  2.66805000e-08  4.35436791e-05 
 2.66815000e-08  9.00037815e-01  2.66815000e-08  1.94999901e+00  2.66815000e-08  4.50138283e-05 
 2.70205000e-08  4.98093839e-06  2.70205000e-08  1.21793074e+00  2.70205000e-08 -8.00342780e-06 
 2.70215000e-08  4.87734183e-06  2.70215000e-08  1.13848088e+00  2.70215000e-08 -7.31489294e-06 
 2.70225000e-08  4.66717903e-06  2.70225000e-08  1.05788677e+00  2.70225000e-08 -5.96924235e-06 
 2.70235000e-08  4.57326673e-06  2.70235000e-08  9.76225427e-01  2.70235000e-08 -8.34030044e-07 
 2.70245000e-08  4.37321617e-06  2.70245000e-08  8.93621408e-01  2.70245000e-08  3.53267912e-06 
 2.70255000e-08  4.28729819e-06  2.70255000e-08  8.10200959e-01  2.70255000e-08  9.81161965e-06 
 2.72625000e-08  9.31468309e-01  2.72625000e-08  1.20498289e-07  2.72625000e-08  3.03313488e-07 
 2.72635000e-08  9.72378976e-01  2.72635000e-08  4.70511210e-07  2.72635000e-08  1.19118525e-06 
 2.72645000e-08  1.01278477e+00  2.72645000e-08  1.42309645e-07  2.72645000e-08  2.96500638e-07 
 2.72655000e-08  1.05273488e+00  2.72655000e-08  4.47634323e-07  2.72655000e-08  1.18987806e-06 
 2.72665000e-08  1.09231539e+00  2.72665000e-08  9.63336355e-08  2.72665000e-08  2.47487458e-07 
 2.72675000e-08  1.13163971e+00  2.72675000e-08  4.35880407e-07  2.72675000e-08  1.12185683e-06 
 2.74725000e-08  1.94992115e+00  2.74725000e-08  9.06820954e-01  2.74725000e-08 -1.04379967e-04 
 2.74735000e-08  1.94992183e+00  2.74735000e-08  9.67997751e-01  2.74735000e-08 -1.22820133e-04 
 2.74745000e-08  1.94992332e+00  2.74745000e-08  1.02833822e+00  2.74745000e-08 -1.35826198e-04 
 2.74755000e-08  1.94992392e+00  2.74755000e-08  1.08786287e+00  2.74755000e-08 -1.43740957e-04 
 2.74765000e-08  1.94992533e+00  2.74765000e-08  1.14671916e+00  2.74765000e-08 -1.58887460e-04 
 2.74775000e-08  1.94992587e+00  2.74775000e-08  1.20519558e+00  2.74775000e-08 -1.74082067e-04 
 2.75925000e-08  1.94996450e+00  2.75925000e-08  1.94992280e+00  2.75925000e-08  8.87450591e-01 
 2.75935000e-08  1.94996454e+00  2.75935000e-08  1.94993058e+00  2.75935000e-08  9.47903416e-01 
 2.75945000e-08  1.94996479e+00  2.75945000e-08  1.94993602e+00  2.75945000e-08  1.00759663e+00 
 2.75955000e-08  1.94996483e+00  2.75955000e-08  1.94994227e+00  2.75955000e-08  1.06928826e+00 
 2.75965000e-08  1.94996507e+00  2.75965000e-08  1.94994773e+00  2.75965000e-08  1.13671438e+00 
 2.75975000e-08  1.94996510e+00  2.75975000e-08  1.94994363e+00  2.75975000e-08  1.21013777e+00 
 2.77985000e-08  1.15855218e+00  2.77985000e-08  1.94999879e+00  2.77985000e-08  1.94998751e+00 
 2.77995000e-08  1.10644545e+00  2.77995000e-08  1.94999899e+00  2.77995000e-08  1.94999306e+00 
 2.78005000e-08  1.05464036e+00  2.78005000e-08  1.94999881e+00  2.78005000e-08  1.94998881e+00 
 2.78015000e-08  1.00305626e+00  2.78015000e-08  1.94999901e+00  2.78015000e-08  1.94999622e+00 
 2.78025000e-08  9.51640709e-01  2.78025000e-08  1.94999882e+00  2.78025000e-08  1.94998907e+00 
 2.78035000e-08  9.00334844e-01  2.78035000e-08  1.94999902e+00  2.78035000e-08  1.94999421e+00 
 2.81425000e-08  4.98196642e-06  2.81425000e-08  1.21811088e+00  2.81425000e-08  1.94990182e+00 
 2.81435000e-08  4.87736451e-06  2.81435000e-08  1.13866750e+00  2.81435000e-08  1.94988487e+00 
 2.81445000e-08  4.66816693e-06  2.81445000e-08  1.05808052e+00  2.81445000e-08  1.94987193e+00 
 2.81455000e-08  4.57327368e-06  2.81455000e-08  9.76425858e-01  2.81455000e-08  1.94986962e+00 
 2.81465000e-08  4.37416985e-06  2.81465000e-08  8.93828380e-01  2.81465000e-08  1.94988064e+00 
 2.81475000e-08  4.28729659e-06  2.81475000e-08  8.10413283e-01  2.81475000e-08  1.94990732e+00 
 2.83845000e-08  9.30016460e-01  2.83845000e-08 -2.50452731e-06  2.83845000e-08  1.94999364e+00 
 2.83855000e-08  9.70945766e-01  2.83855000e-08 -2.26365422e-06  2.83855000e-08  1.94999338e+00 
 2.83865000e-08  1.01136862e+00  2.83865000e-08 -2.41231250e-06  2.83865000e-08  1.94999399e+00 
 2.83875000e-08  1.05133363e+00  2.83875000e-08 -2.13764482e-06  2.83875000e-08  1.94999372e+00 
 2.83885000e-08  1.09092535e+00  2.83885000e-08 -2.26008303e-06  2.83885000e-08  1.94999431e+00 
 2.83895000e-08  1.13025634e+00  2.83895000e-08 -2.03037949e-06  2.83895000e-08  1.94999405e+00 
 2.85945000e-08  1.94992109e+00  2.85945000e-08  9.05780981e-01  2.85945000e-08  1.94985538e+00 
 2.85955000e-08  1.94992181e+00  2.85955000e-08  9.66780515e-01  2.85955000e-08  1.94974819e+00 
 2.85965000e-08  1.94992326e+00  2.85965000e-08  1.02685221e+00  2.85965000e-08  1.94963821e+00 
 2.85975000e-08  1.94992391e+00  2.85975000e-08  1.08601792e+00  2.85975000e-08  1.94954279e+00 
 2.85985000e-08  1.94992527e+00  2.85985000e-08  1.14446280e+00  2.85985000e-08  1.94943716e+00 
 2.85995000e-08  1.94992586e+00  2.85995000e-08  1.20264343e+00  2.85995000e-08  1.94931376e+00 
 2.87285000e-08  1.94996643e+00  2.87285000e-08  1.94996235e+00  2.87285000e-08  1.18224952e+00 
 2.87295000e-08  1.94996647e+00  2.87295000e-08  1.94999068e+00  2.87295000e-08  1.12471514e+00 
 2.87305000e-08  1.94996669e+00  2.87305000e-08  1.95001626e+00  2.87305000e-08  1.06704024e+00 
 2.87315000e-08  1.94996674e+00  2.87315000e-08  1.95004317e+00  2.87315000e-08  1.00903873e+00 
 2.87325000e-08  1.94996696e+00  2.87325000e-08  1.95006106e+00  2.87325000e-08  9.50578192e-01 
 2.87335000e-08  1.94996700e+00  2.87335000e-08  1.95007737e+00  2.87335000e-08  8.91514122e-01 
 2.89205000e-08  1.16070564e+00  2.89205000e-08  1.94999865e+00  2.89205000e-08  4.92194050e-05 
 2.89215000e-08  1.10858738e+00  2.89215000e-08  1.94999899e+00  2.89215000e-08  5.14520039e-05 
 2.89225000e-08  1.05677112e+00  2.89225000e-08  1.94999867e+00  2.89225000e-08  4.62382127e-05 
 2.89235000e-08  1.00518064e+00  2.89235000e-08  1.94999900e+00  2.89235000e-08  4.86069693e-05 
 2.89245000e-08  9.53759238e-01  2.89245000e-08  1.94999868e+00  2.89245000e-08  4.30701141e-05 
 2.89255000e-08  9.02450635e-01  2.89255000e-08  1.94999901e+00  2.89255000e-08  4.54115425e-05 
 2.92645000e-08  4.99571290e-06  2.92645000e-08  1.22155602e+00  2.92645000e-08 -7.99492479e-06 
 2.92655000e-08  4.87778195e-06  2.92655000e-08  1.14215834e+00  2.92655000e-08 -7.31672189e-06 
 2.92665000e-08  4.68140804e-06  2.92665000e-08  1.06161890e+00  2.92665000e-08 -6.15549747e-06 
 2.92675000e-08  4.57324116e-06  2.92675000e-08  9.80001391e-01  2.92675000e-08 -1.03437846e-06 
 2.92685000e-08  4.38672695e-06  2.92685000e-08  8.97441352e-01  2.92685000e-08  3.26491309e-06 
 2.92695000e-08  4.28687498e-06  2.92695000e-08  8.14052525e-01  2.92695000e-08  9.54559067e-06 
 2.95065000e-08  9.29145610e-01  2.95065000e-08  1.59312542e-07  2.95065000e-08  3.55039713e-07 
 2.95075000e-08  9.70086100e-01  2.95075000e-08  4.89302020e-07  2.95075000e-08  1.19651878e-06 
 2.95085000e-08  1.01051920e+00  2.95085000e-08  1.55036964e-07  2.95085000e-08  3.03994149e-07 
 2.95095000e-08  1.05049318e+00  2.95095000e-08  4.55388895e-07  2.95095000e-08  1.12522559e-06 
 2.95105000e-08  1.09009168e+00  2.95105000e-08  1.10675207e-07  2.95105000e-08  2.97035581e-07 
 2.95115000e-08  1.12942675e+00  2.95115000e-08  4.36462825e-07  2.95115000e-08  1.12439638e-06 
 2.97165000e-08  1.94992105e+00  2.97165000e-08  9.03314557e-01  2.97165000e-08 -1.03047145e-04 
 2.97175000e-08  1.94992180e+00  2.97175000e-08  9.64536916e-01  2.97175000e-08 -1.21796885e-04 
 2.97185000e-08  1.94992323e+00  2.97185000e-08  1.02492262e+00  2.97185000e-08 -1.35283743e-04 
 2.97195000e-08  1.94992390e+00  2.97195000e-08  1.08449166e+00  2.97195000e-08 -1.43033188e-04 
 2.97205000e-08  1.94992524e+00  2.97205000e-08  1.14337928e+00  2.97205000e-08 -1.58183496e-04 
 2.97215000e-08  1.94992585e+00  2.97215000e-08  1.20186465e+00  2.97215000e-08 -1.72988035e-04 
 2.98365000e-08  1.94996448e+00  2.98365000e-08  1.94992250e+00  2.98365000e-08  8.83955099e-01 
 2.98375000e-08  1.94996454e+00  2.98375000e-08  1.94993014e+00  2.98375000e-08  9.44481934e-01 
 2.98385000e-08  1.94996477e+00  2.98385000e-08  1.94993572e+00  2.98385000e-08  1.00417906e+00 
 2.98395000e-08  1.94996483e+00  2.98395000e-08  1.94994159e+00  2.98395000e-08  1.06567229e+00 
 2.98405000e-08  1.94996506e+00  2.98405000e-08  1.94994826e+00  2.98405000e-08  1.13259333e+00 
 2.98415000e-08  1.94996510e+00  2.98415000e-08  1.94994351e+00  2.98415000e-08  1.20597174e+00 
 3.00425000e-08  1.16203545e+00  3.00425000e-08  1.94999879e+00  3.00425000e-08  1.94998786e+00 
 3.00435000e-08  1.10990930e+00  3.00435000e-08  1.94999899e+00  3.00435000e-08  1.94999422e+00 
 3.00445000e-08  1.05808544e+00  3.00445000e-08  1.94999881e+00  3.00445000e-08  1.94998614e+00 
 3.00455000e-08  1.00649028e+00  3.00455000e-08  1.94999900e+00  3.00455000e-08  1.94999217e+00 
 3.00465000e-08  9.55064536e-01  3.00465000e-08  1.94999883e+00  3.00465000e-08  1.94998722e+00 
 3.00475000e-08  9.03753827e-01  3.00475000e-08  1.94999902e+00  3.00475000e-08  1.94999558e+00 
 3.03865000e-08  5.00286451e-06  3.03865000e-08  1.22224570e+00  3.03865000e-08  1.94990272e+00 
 3.03875000e-08  4.87787288e-06  3.03875000e-08  1.14286176e+00  3.03875000e-08  1.94988573e+00 
 3.03885000e-08  4.68828717e-06  3.03885000e-08  1.06233710e+00  3.03885000e-08  1.94987237e+00 
 3.03895000e-08  4.57313892e-06  3.03895000e-08  9.80732403e-01  3.03895000e-08  1.94986944e+00 
 3.03905000e-08  4.39328978e-06  3.03905000e-08  8.98185106e-01  3.03905000e-08  1.94987966e+00 
 3.03915000e-08  4.28656032e-06  3.03915000e-08  8.14806110e-01  3.03915000e-08  1.94990555e+00 
 3.06285000e-08  9.27151947e-01  3.06285000e-08 -2.48194850e-06  3.06285000e-08  1.94999363e+00 
 3.06295000e-08  9.68118081e-01  3.06295000e-08 -2.25009360e-06  3.06295000e-08  1.94999338e+00 
 3.06305000e-08  1.00857471e+00  3.06305000e-08 -2.35826631e-06  3.06305000e-08  1.94999397e+00 
 3.06315000e-08  1.04856936e+00  3.06315000e-08 -2.15007535e-06  3.06315000e-08  1.94999372e+00 
 3.06325000e-08  1.08818354e+00  3.06325000e-08 -2.26907428e-06  3.06325000e-08  1.94999430e+00 
 3.06335000e-08  1.12752817e+00  3.06335000e-08 -2.03823691e-06  3.06335000e-08  1.94999404e+00 
 3.08385000e-08  1.94992096e+00  3.08385000e-08  9.01557625e-01  3.08385000e-08  1.94986213e+00 
 3.08395000e-08  1.94992178e+00  3.08395000e-08  9.62619212e-01  3.08395000e-08  1.94975585e+00 
 3.08405000e-08  1.94992314e+00  3.08405000e-08  1.02275452e+00  3.08405000e-08  1.94964562e+00 
 3.08415000e-08  1.94992389e+00  3.08415000e-08  1.08197944e+00  3.08415000e-08  1.94954917e+00 
 3.08425000e-08  1.94992516e+00  3.08425000e-08  1.14046311e+00  3.08425000e-08  1.94944445e+00 
 3.08435000e-08  1.94992584e+00  3.08435000e-08  1.19863609e+00  3.08435000e-08  1.94932259e+00 
 3.09725000e-08  1.94996641e+00  3.09725000e-08  1.94996063e+00  3.09725000e-08  1.18620454e+00 
 3.09735000e-08  1.94996647e+00  3.09735000e-08  1.94998881e+00  3.09735000e-08  1.12867215e+00 
 3.09745000e-08  1.94996667e+00  3.09745000e-08  1.95001444e+00  3.09745000e-08  1.07101578e+00 
 3.09755000e-08  1.94996674e+00  3.09755000e-08  1.95004151e+00  3.09755000e-08  1.01303844e+00 
 3.09765000e-08  1.94996694e+00  3.09765000e-08  1.95005994e+00  3.09765000e-08  9.54617279e-01 
 3.09775000e-08  1.94996700e+00  3.09775000e-08  1.95007645e+00  3.09775000e-08  8.95594776e-01 
 3.11645000e-08  1.16492022e+00  3.11645000e-08  1.94999867e+00  3.11645000e-08  4.85349547e-05 
 3.11655000e-08  1.11277767e+00  3.11655000e-08  1.94999897e+00  3.11655000e-08  5.23526040e-05 
 3.11665000e-08  1.06093782e+00  3.11665000e-08  1.94999868e+00  3.11665000e-08  4.55855101e-05 
 3.11675000e-08  1.00933320e+00  3.11675000e-08  1.94999898e+00  3.11675000e-08  4.95128469e-05 
 3.11685000e-08  9.57898781e-01  3.11685000e-08  1.94999870e+00  3.11685000e-08  4.24066723e-05 
 3.11695000e-08  9.06583757e-01  3.11695000e-08  1.94999900e+00  3.11695000e-08  4.62735699e-05 
 3.15085000e-08  5.02106298e-06  3.15085000e-08  1.22676675e+00  3.15085000e-08 -7.97691732e-06 
 3.15095000e-08  4.87835053e-06  3.15095000e-08  1.14744417e+00  3.15095000e-08 -7.31304887e-06 
 3.15105000e-08  4.70575263e-06  3.15105000e-08  1.06698348e+00  3.15105000e-08 -6.41456536e-06 
 3.15115000e-08  4.57314312e-06  3.15115000e-08  9.85429090e-01  3.15115000e-08 -1.32021865e-06 
 3.15125000e-08  4.40988779e-06  3.15125000e-08  9.02932661e-01  3.15125000e-08  2.88038619e-06 
 3.15135000e-08  4.28576776e-06  3.15135000e-08  8.19589587e-01  3.15135000e-08  9.19995240e-06 
 3.17505000e-08  9.25652104e-01  3.17505000e-08  1.88870842e-07  3.17505000e-08  3.59940402e-07 
 3.17515000e-08  9.66637557e-01  3.17515000e-08  4.89833516e-07  3.17515000e-08  1.09351283e-06 
 3.17525000e-08  1.00711195e+00  3.17525000e-08  1.71471587e-07  3.17525000e-08  3.29404027e-07 
 3.17535000e-08  1.04712225e+00  3.17535000e-08  4.68406765e-07  3.17535000e-08  1.06576454e-06 
 3.17545000e-08  1.08674838e+00  3.17545000e-08  1.55602522e-07  3.17545000e-08  3.34126492e-07 
 3.17555000e-08  1.12610040e+00  3.17555000e-08  4.48131292e-07  3.17555000e-08  1.06799379e-06 
 3.19605000e-08  1.94992090e+00  3.19605000e-08  8.98211500e-01  3.19605000e-08 -1.00791230e-04 
 3.19615000e-08  1.94992177e+00  3.19615000e-08  9.59505007e-01  3.19615000e-08 -1.20629961e-04 
 3.19625000e-08  1.94992308e+00  3.19625000e-08  1.01996163e+00  3.19625000e-08 -1.34624281e-04 
 3.19635000e-08  1.94992387e+00  3.19635000e-08  1.07959194e+00  3.19635000e-08 -1.41915071e-04 
 3.19645000e-08  1.94992510e+00  3.19645000e-08  1.13852295e+00  3.19645000e-08 -1.57025233e-04 
 3.19655000e-08  1.94992582e+00  3.19655000e-08  1.19702485e+00  3.19655000e-08 -1.71449720e-04 
 3.20805000e-08  1.94996446e+00  3.20805000e-08  1.94992207e+00  3.20805000e-08  8.78872372e-01 
 3.20815000e-08  1.94996454e+00  3.20815000e-08  1.94992950e+00  3.20815000e-08  9.39511755e-01 
 3.20825000e-08  1.94996475e+00  3.20825000e-08  1.94993528e+00  3.20825000e-08  9.99227413e-01 
 3.20835000e-08  1.94996483e+00  3.20835000e-08  1.94994117e+00  3.20835000e-08  1.06035029e+00 
 3.20845000e-08  1.94996503e+00  3.20845000e-08  1.94994817e+00  3.20845000e-08  1.12668545e+00 
 3.20855000e-08  1.94996510e+00  3.20855000e-08  1.94994341e+00  3.20855000e-08  1.19988801e+00 
 3.22865000e-08  1.16705745e+00  3.22865000e-08  1.94999881e+00  3.22865000e-08  1.94998637e+00 
 3.22875000e-08  1.11490174e+00  3.22875000e-08  1.94999897e+00  3.22875000e-08  1.94999206e+00 
 3.22885000e-08  1.06304915e+00  3.22885000e-08  1.94999884e+00  3.22885000e-08  1.94998749e+00 
 3.22895000e-08  1.01143653e+00  3.22895000e-08  1.94999898e+00  3.22895000e-08  1.94999543e+00 
 3.22905000e-08  9.59994797e-01  3.22905000e-08  1.94999885e+00  3.22905000e-08  1.94998786e+00 
 3.22915000e-08  9.08675979e-01  3.22915000e-08  1.94999899e+00  3.22915000e-08  1.94999329e+00 
 3.26305000e-08  5.03299537e-06  3.26305000e-08  1.22968790e+00  3.26305000e-08  1.94990439e+00 
 3.26315000e-08  4.87832820e-06  3.26315000e-08  1.15041015e+00  3.26315000e-08  1.94988724e+00 
 3.26325000e-08  4.71722207e-06  3.26325000e-08  1.06999687e+00  3.26325000e-08  1.94987329e+00 
 3.26335000e-08  4.57294459e-06  3.26335000e-08  9.88481179e-01  3.26335000e-08  1.94986916e+00 
 3.26345000e-08  4.42118218e-06  3.26345000e-08  9.06023700e-01  3.26345000e-08  1.94987807e+00 
 3.26355000e-08  4.28532712e-06  3.26355000e-08  8.22709002e-01  3.26355000e-08  1.94990242e+00 
 3.28725000e-08  9.23241089e-01  3.28725000e-08 -2.46166241e-06  3.28725000e-08  1.94999360e+00 
 3.28735000e-08  9.64257637e-01  3.28735000e-08 -2.28174032e-06  3.28735000e-08  1.94999337e+00 
 3.28745000e-08  1.00476074e+00  3.28745000e-08 -2.33829094e-06  3.28745000e-08  1.94999394e+00 
 3.28755000e-08  1.04479637e+00  3.28755000e-08 -2.16333794e-06  3.28755000e-08  1.94999372e+00 
 3.28765000e-08  1.08444203e+00  3.28765000e-08 -2.22092342e-06  3.28765000e-08  1.94999427e+00 
 3.28775000e-08  1.12380626e+00  3.28775000e-08 -2.05084890e-06  3.28775000e-08  1.94999404e+00 
 3.30825000e-08  1.94992079e+00  3.30825000e-08  8.95745088e-01  3.30825000e-08  1.94987131e+00 
 3.30835000e-08  1.94992174e+00  3.30835000e-08  9.56893746e-01  3.30835000e-08  1.94976633e+00 
 3.30845000e-08  1.94992298e+00  3.30845000e-08  1.01711947e+00  3.30845000e-08  1.94965580e+00 
 3.30855000e-08  1.94992385e+00  3.30855000e-08  1.07642991e+00  3.30855000e-08  1.94955793e+00 
 3.30865000e-08  1.94992500e+00  3.30865000e-08  1.13497021e+00  3.30865000e-08  1.94945490e+00 
 3.30875000e-08  1.94992581e+00  3.30875000e-08  1.19314154e+00  3.30875000e-08  1.94933498e+00 
 3.32165000e-08  1.94996638e+00  3.32165000e-08  1.94995828e+00  3.32165000e-08  1.19162326e+00 
 3.32175000e-08  1.94996647e+00  3.32175000e-08  1.94998624e+00  3.32175000e-08  1.13409266e+00 
 3.32185000e-08  1.94996665e+00  3.32185000e-08  1.95001193e+00  3.32185000e-08  1.07646034e+00 
 3.32195000e-08  1.94996674e+00  3.32195000e-08  1.95003920e+00  3.32195000e-08  1.01851491e+00 
 3.32205000e-08  1.94996691e+00  3.32205000e-08  1.95005838e+00  3.32205000e-08  9.60146678e-01 
 3.32215000e-08  1.94996700e+00  3.32215000e-08  1.95007514e+00  3.32215000e-08  9.01180483e-01 
 3.34085000e-08  1.16965557e+00  3.34085000e-08  1.94999869e+00  3.34085000e-08  4.75198562e-05 
 3.34095000e-08  1.11748525e+00  3.34095000e-08  1.94999894e+00  3.34095000e-08  5.38193314e-05 
 3.34105000e-08  1.06561830e+00  3.34105000e-08  1.94999871e+00  3.34105000e-08  4.46676641e-05 
 3.34115000e-08  1.01399714e+00  3.34115000e-08  1.94999896e+00  3.34115000e-08  5.10157834e-05 
 3.34125000e-08  9.62547620e-01  3.34125000e-08  1.94999872e+00  3.34125000e-08  4.14067517e-05 
 3.34135000e-08  9.11224989e-01  3.34135000e-08  1.94999897e+00  3.34135000e-08  4.76650751e-05 
 3.37525000e-08  5.04932177e-06  3.37525000e-08  1.23394088e+00  3.37525000e-08 -7.91080911e-06 
 3.37535000e-08  4.87832092e-06  3.37535000e-08  1.15472148e+00  3.37535000e-08 -7.25010761e-06 
 3.37545000e-08  4.73292445e-06  3.37545000e-08  1.07436849e+00  3.37545000e-08 -6.73121756e-06 
 3.37555000e-08  4.57265333e-06  3.37555000e-08  9.92900477e-01  3.37555000e-08 -1.67145152e-06 
 3.37565000e-08  4.43659284e-06  3.37565000e-08  9.10491128e-01  3.37565000e-08  2.36626792e-06 
 3.37575000e-08  4.28478107e-06  3.37575000e-08  8.27210711e-01  3.37575000e-08  8.75245210e-06 
 3.39945000e-08  9.21780879e-01  3.39945000e-08  2.08270081e-07  3.39945000e-08  4.27901015e-07 
 3.39955000e-08  9.62816263e-01  3.39955000e-08  4.58660251e-07  3.39955000e-08  9.91686607e-07 
 3.39965000e-08  1.00333685e+00  3.39965000e-08  1.92033971e-07  3.39965000e-08  4.13862731e-07 
 3.39975000e-08  1.04338790e+00  3.39975000e-08  4.38672055e-07  3.39975000e-08  9.83005254e-07 
 3.39985000e-08  1.08304558e+00  3.39985000e-08  1.75350746e-07  3.39985000e-08  3.70498763e-07 
 3.39995000e-08  1.12241739e+00  3.39995000e-08  4.18944218e-07  3.39995000e-08  9.27400866e-07 
 3.42045000e-08  1.94992072e+00  3.42045000e-08  8.92385396e-01  3.42045000e-08 -9.81340993e-05 
 3.42055000e-08  1.94992173e+00  3.42055000e-08  9.53757126e-01  3.42055000e-08 -1.19177818e-04 
 3.42065000e-08  1.94992291e+00  3.42065000e-08  1.01429232e+00  3.42065000e-08 -1.33785543e-04 
 3.42075000e-08  1.94992384e+00  3.42075000e-08  1.07399807e+00  3.42075000e-08 -1.40926012e-04 
 3.42085000e-08  1.94992494e+00  3.42085000e-08  1.13298551e+00  3.42085000e-08 -1.55569344e-04 
 3.42095000e-08  1.94992580e+00  3.42095000e-08  1.19151074e+00  3.42095000e-08 -1.69836080e-04 
 3.43245000e-08  1.94996443e+00  3.43245000e-08  1.94992161e+00  3.43245000e-08  8.73080222e-01 
 3.43255000e-08  1.94996454e+00  3.43255000e-08  1.94992876e+00  3.43255000e-08  9.33852173e-01 
 3.43265000e-08  1.94996472e+00  3.43265000e-08  1.94993477e+00  3.43265000e-08  9.93603265e-01 
 3.43275000e-08  1.94996483e+00  3.43275000e-08  1.94994078e+00  3.43275000e-08  1.05435481e+00 
 3.43285000e-08  1.94996501e+00  3.43285000e-08  1.94994783e+00  3.43285000e-08  1.12004101e+00 
 3.43295000e-08  1.94996510e+00  3.43295000e-08  1.94994342e+00  3.43295000e-08  1.19295161e+00 
 3.45305000e-08  1.17184390e+00  3.45305000e-08  1.94999885e+00  3.45305000e-08  1.94999008e+00 
 3.45315000e-08  1.11966016e+00  3.45315000e-08  1.94999893e+00  3.45315000e-08  1.94999667e+00 
 3.45325000e-08  1.06778006e+00  3.45325000e-08  1.94999886e+00  3.45325000e-08  1.94999026e+00 
 3.45335000e-08  1.01615059e+00  3.45335000e-08  1.94999895e+00  3.45335000e-08  1.94999486e+00 
 3.45345000e-08  9.64693556e-01  3.45345000e-08  1.94999888e+00  3.45345000e-08  1.94999079e+00 
 3.45355000e-08  9.13367045e-01  3.45355000e-08  1.94999896e+00  3.45355000e-08  1.94999699e+00 
 3.48745000e-08  5.06153379e-06  3.48745000e-08  1.23685476e+00  3.48745000e-08  1.94990600e+00 
 3.48755000e-08  4.87815452e-06  3.48755000e-08  1.15768191e+00  3.48755000e-08  1.94988871e+00 
 3.48765000e-08  4.74461588e-06  3.48765000e-08  1.07737796e+00  3.48765000e-08  1.94987428e+00 
 3.48775000e-08  4.57229886e-06  3.48775000e-08  9.95950437e-01  3.48775000e-08  1.94986899e+00 
 3.48785000e-08  4.44783398e-06  3.48785000e-08  9.13582007e-01  3.48785000e-08  1.94987667e+00 
 3.48795000e-08  4.28420412e-06  3.48795000e-08  8.30332086e-01  3.48795000e-08  1.94989952e+00 
 3.51165000e-08  9.19641393e-01  3.51165000e-08 -2.44049164e-06  3.51165000e-08  1.94999358e+00 
 3.51175000e-08  9.60704416e-01  3.51175000e-08 -2.31399115e-06  3.51175000e-08  1.94999336e+00 
 3.51185000e-08  1.00125073e+00  3.51185000e-08 -2.31742389e-06  3.51185000e-08  1.94999392e+00 
 3.51195000e-08  1.04132452e+00  3.51195000e-08 -2.19474497e-06  3.51195000e-08  1.94999371e+00 
 3.51205000e-08  1.08100005e+00  3.51205000e-08 -2.20034390e-06  3.51205000e-08  1.94999425e+00 
 3.51215000e-08  1.12038324e+00  3.51215000e-08 -2.08144376e-06  3.51215000e-08  1.94999403e+00 
 3.53265000e-08  1.94992062e+00  3.53265000e-08  8.90283357e-01  3.53265000e-08  1.94987985e+00 
 3.53275000e-08  1.94992171e+00  3.53275000e-08  9.51513224e-01  3.53275000e-08  1.94977613e+00 
 3.53285000e-08  1.94992282e+00  3.53285000e-08  1.01181791e+00  3.53285000e-08  1.94966534e+00 
 3.53295000e-08  1.94992383e+00  3.53295000e-08  1.07120373e+00  3.53295000e-08  1.94956617e+00 
 3.53305000e-08  1.94992486e+00  3.53305000e-08  1.12980020e+00  3.53305000e-08  1.94946473e+00 
 3.53315000e-08  1.94992579e+00  3.53315000e-08  1.18797694e+00  3.53315000e-08  1.94934650e+00 
 3.54605000e-08  1.94996636e+00  3.54605000e-08  1.94995609e+00  3.54605000e-08  1.19670390e+00 
 3.54615000e-08  1.94996647e+00  3.54615000e-08  1.94998380e+00  3.54615000e-08  1.13917418e+00 
 3.54625000e-08  1.94996662e+00  3.54625000e-08  1.95000954e+00  3.54625000e-08  1.08156320e+00 
 3.54635000e-08  1.94996674e+00  3.54635000e-08  1.95003697e+00  3.54635000e-08  1.02364651e+00 
 3.54645000e-08  1.94996689e+00  3.54645000e-08  1.95005689e+00  3.54645000e-08  9.65326968e-01 
 3.54655000e-08  1.94996700e+00  3.54655000e-08  1.95007387e+00  3.54655000e-08  9.06412965e-01 
 3.56525000e-08  1.17420867e+00  3.56525000e-08  1.94999873e+00  3.56525000e-08  4.89192365e-05 
 3.56535000e-08  1.12201121e+00  3.56535000e-08  1.94999890e+00  3.56535000e-08  5.25679715e-05 
 3.56545000e-08  1.07011746e+00  3.56545000e-08  1.94999876e+00  3.56545000e-08  4.59583111e-05 
 3.56555000e-08  1.01847964e+00  3.56555000e-08  1.94999891e+00  3.56555000e-08  4.96658163e-05 
 3.56565000e-08  9.67015012e-01  3.56565000e-08  1.94999877e+00  3.56565000e-08  4.27469448e-05 
 3.56575000e-08  9.15684744e-01  3.56575000e-08  1.94999892e+00  3.56575000e-08  4.64209902e-05 
 3.59965000e-08  5.07613618e-06  3.59965000e-08  1.24134623e+00  3.59965000e-08 -7.60258594e-06 
 3.59975000e-08  4.87798644e-06  3.59975000e-08  1.16223616e+00  3.59975000e-08 -7.49164030e-06 
 3.59985000e-08  4.75863906e-06  3.59985000e-08  1.08199681e+00  3.59985000e-08 -6.79807430e-06 
 3.59995000e-08  4.57190024e-06  3.59995000e-08  1.00062062e+00  3.59995000e-08 -2.33122379e-06 
 3.60005000e-08  4.46149790e-06  3.60005000e-08  9.18304162e-01  3.60005000e-08  2.05675331e-06 
 3.60015000e-08  4.28348589e-06  3.60015000e-08  8.35091584e-01  3.60015000e-08  8.04438948e-06 
 3.62385000e-08  9.17652749e-01  3.62385000e-08  2.20634957e-07  3.62385000e-08  4.42653845e-07 
 3.62395000e-08  9.58741490e-01  3.62395000e-08  3.76161617e-07  3.62395000e-08  6.92500821e-07 
 3.62405000e-08  9.99311808e-01  3.62405000e-08  1.74178576e-07  3.62405000e-08  4.06089088e-07 
 3.62415000e-08  1.03940688e+00  3.62415000e-08  3.67506095e-07  3.62415000e-08  6.53127199e-07 
 3.62425000e-08  1.07909923e+00  3.62425000e-08  1.73995132e-07  3.62425000e-08  3.91907382e-07 
 3.62435000e-08  1.11849329e+00  3.62435000e-08  3.38632149e-07  3.62435000e-08  6.40646695e-07 
 3.64485000e-08  1.94992053e+00  3.64485000e-08  8.86056742e-01  3.64485000e-08 -9.51886698e-05 
 3.64495000e-08  1.94992170e+00  3.64495000e-08  9.47510399e-01  3.64495000e-08 -1.17459917e-04 
 3.64505000e-08  1.94992273e+00  3.64505000e-08  1.00813208e+00  3.64505000e-08 -1.32498108e-04 
 3.64515000e-08  1.94992381e+00  3.64515000e-08  1.06792278e+00  3.64515000e-08 -1.40244335e-04 
 3.64525000e-08  1.94992477e+00  3.64525000e-08  1.12697420e+00  3.64525000e-08 -1.54007073e-04 
 3.64535000e-08  1.94992578e+00  3.64535000e-08  1.18552953e+00  3.64535000e-08 -1.68173497e-04 
 3.65685000e-08  1.94996439e+00  3.65685000e-08  1.94992115e+00  3.65685000e-08  8.66686799e-01 
 3.65695000e-08  1.94996454e+00  3.65695000e-08  1.94992793e+00  3.65695000e-08  9.27612320e-01 
 3.65705000e-08  1.94996469e+00  3.65705000e-08  1.94993424e+00  3.65705000e-08  9.87419837e-01 
 3.65715000e-08  1.94996483e+00  3.65715000e-08  1.94994026e+00  3.65715000e-08  1.04784880e+00 
 3.65725000e-08  1.94996497e+00  3.65725000e-08  1.94994742e+00  3.65725000e-08  1.11282952e+00 
 3.65735000e-08  1.94996511e+00  3.65735000e-08  1.94994357e+00  3.65735000e-08  1.18531139e+00 
 3.67745000e-08  1.17715667e+00  3.67745000e-08  1.94999887e+00  3.67745000e-08  1.94999227e+00 
 3.67755000e-08  1.12494160e+00  3.67755000e-08  1.94999889e+00  3.67755000e-08  1.94999579e+00 
 3.67765000e-08  1.07303033e+00  3.67765000e-08  1.94999889e+00  3.67765000e-08  1.94999264e+00 
 3.67775000e-08  1.02138155e+00  3.67775000e-08  1.94999892e+00  3.67775000e-08  1.94999755e+00 
 3.67785000e-08  9.69907038e-01  3.67785000e-08  1.94999891e+00  3.67785000e-08  1.94999267e+00 
 3.67795000e-08  9.18571702e-01  3.67795000e-08  1.94999893e+00  3.67795000e-08  1.94999598e+00 
 3.71185000e-08  5.09489924e-06  3.71185000e-08  1.24521148e+00  3.71185000e-08  1.94990781e+00 
 3.71195000e-08  4.87781058e-06  3.71195000e-08  1.16616306e+00  3.71195000e-08  1.94989043e+00 
 3.71205000e-08  4.77665632e-06  3.71205000e-08  1.08598805e+00  3.71205000e-08  1.94987548e+00 
 3.71215000e-08  4.57140186e-06  3.71215000e-08  1.00466505e+00  3.71215000e-08  1.94986892e+00 
 3.71225000e-08  4.47939292e-06  3.71225000e-08  9.22402416e-01  3.71225000e-08  1.94987517e+00 
 3.71235000e-08  4.28310625e-06  3.71235000e-08  8.39230228e-01  3.71235000e-08  1.94989631e+00 
 3.73605000e-08  9.14948679e-01  3.73605000e-08 -2.42550079e-06  3.73605000e-08  1.94999356e+00 
 3.73615000e-08  9.56072431e-01  3.73615000e-08 -2.39788087e-06  3.73615000e-08  1.94999334e+00 
 3.73625000e-08  9.96675546e-01  3.73625000e-08 -2.30140979e-06  3.73625000e-08  1.94999391e+00 
 3.73635000e-08  1.03679978e+00  3.73635000e-08 -2.25107628e-06  3.73635000e-08  1.94999368e+00 
 3.73645000e-08  1.07651475e+00  3.73645000e-08 -2.19265429e-06  3.73645000e-08  1.94999424e+00 
 3.73655000e-08  1.11592218e+00  3.73655000e-08 -2.16608788e-06  3.73655000e-08  1.94999401e+00 
 3.75705000e-08  1.94992043e+00  3.75705000e-08  8.83451640e-01  3.75705000e-08  1.94989040e+00 
 3.75715000e-08  1.94992165e+00  3.75715000e-08  9.44784195e-01  3.75715000e-08  1.94978829e+00 
 3.75725000e-08  1.94992264e+00  3.75725000e-08  1.00519390e+00  3.75725000e-08  1.94967777e+00 
 3.75735000e-08  1.94992377e+00  3.75735000e-08  1.06467860e+00  3.75735000e-08  1.94957622e+00 
 3.75745000e-08  1.94992469e+00  3.75745000e-08  1.12334942e+00  3.75745000e-08  1.94947680e+00 
 3.75755000e-08  1.94992574e+00  3.75755000e-08  1.18154286e+00  3.75755000e-08  1.94936063e+00 
 3.77055000e-08  1.94996647e+00  3.77055000e-08  1.94998070e+00  3.77055000e-08  1.14552875e+00 
 3.77065000e-08  1.94996659e+00  3.77065000e-08  1.95000657e+00  3.77065000e-08  1.08794208e+00 
 3.77075000e-08  1.94996674e+00  3.77075000e-08  1.95003412e+00  3.77075000e-08  1.03005966e+00 
 3.77085000e-08  1.94996687e+00  3.77085000e-08  1.95005500e+00  3.77085000e-08  9.71798975e-01 
 3.77095000e-08  1.94996700e+00  3.77095000e-08  1.95007219e+00  3.77095000e-08  9.12949300e-01 
 3.77105000e-08  1.94996711e+00  3.77105000e-08  1.95008269e+00  3.77105000e-08  8.53482533e-01 
 3.78965000e-08  1.18056434e+00  3.78965000e-08  1.94999879e+00  3.78965000e-08  5.01969288e-05 
 3.78975000e-08  1.12832908e+00  3.78975000e-08  1.94999884e+00  3.78975000e-08  5.16546566e-05 
 3.78985000e-08  1.07639753e+00  3.78985000e-08  1.94999881e+00  3.78985000e-08  4.69788516e-05 
 3.78995000e-08  1.02473603e+00  3.78995000e-08  1.94999886e+00  3.78995000e-08  4.84549407e-05 
 3.79005000e-08  9.73250078e-01  3.79005000e-08  1.94999882e+00  3.79005000e-08  4.38481924e-05 
 3.79015000e-08  9.21908929e-01  3.79015000e-08  1.94999887e+00  3.79015000e-08  4.53731971e-05 
 3.82405000e-08  5.11572152e-06  3.82405000e-08  1.25034112e+00  3.82405000e-08 -7.25549908e-06 
 3.82415000e-08  4.87759855e-06  3.82415000e-08  1.17136594e+00  3.82415000e-08 -7.71715678e-06 
 3.82425000e-08  4.79670377e-06  3.82425000e-08  1.09126598e+00  3.82425000e-08 -6.89019590e-06 
 3.82435000e-08  4.57088102e-06  3.82435000e-08  1.01000280e+00  3.82435000e-08 -3.07215692e-06 
 3.82445000e-08  4.48967259e-06  3.82445000e-08  9.27801061e-01  3.82445000e-08  1.64767912e-06 
 3.82455000e-08  4.26660244e-06  3.82455000e-08  8.44672932e-01  3.82455000e-08  7.22123975e-06 
 3.84825000e-08  9.12576073e-01  3.84825000e-08  1.96602050e-07  3.84825000e-08  5.87296008e-07 
 3.84835000e-08  9.53730603e-01  3.84835000e-08  2.83264672e-07  3.84835000e-08  5.14814186e-07 
 3.84845000e-08  9.94362491e-01  3.84845000e-08  1.85132894e-07  3.84845000e-08  5.57360526e-07 
 3.84855000e-08  1.03451254e+00  3.84855000e-08  3.01503299e-07  3.84855000e-08  4.89225930e-07 
 3.84865000e-08  1.07424862e+00  3.84865000e-08  1.62933156e-07  3.84865000e-08  5.31291546e-07 
 3.84875000e-08  1.11367142e+00  3.84875000e-08  2.51193751e-07  3.84875000e-08  4.65523148e-07 
 3.86925000e-08  1.94992035e+00  3.86925000e-08  8.78552784e-01  3.86925000e-08 -9.15521137e-05 
 3.86935000e-08  1.94992160e+00  3.86935000e-08  9.40103663e-01  3.86935000e-08 -1.15340982e-04 
 3.86945000e-08  1.94992257e+00  3.86945000e-08  1.00082702e+00  3.86945000e-08 -1.30866332e-04 
 3.86955000e-08  1.94992372e+00  3.86955000e-08  1.06071638e+00  3.86955000e-08 -1.39395819e-04 
 3.86965000e-08  1.94992462e+00  3.86965000e-08  1.11984681e+00  3.86965000e-08 -1.52237564e-04 
 3.86975000e-08  1.94992569e+00  3.86975000e-08  1.17844382e+00  3.86975000e-08 -1.66293384e-04 
 3.88125000e-08  1.94996437e+00  3.88125000e-08  1.94992066e+00  3.88125000e-08  8.59173244e-01 
 3.88135000e-08  1.94996454e+00  3.88135000e-08  1.94992693e+00  3.88135000e-08  9.20286387e-01 
 3.88145000e-08  1.94996467e+00  3.88145000e-08  1.94993364e+00  3.88145000e-08  9.80179069e-01 
 3.88155000e-08  1.94996483e+00  3.88155000e-08  1.94993955e+00  3.88155000e-08  1.04032445e+00 
 3.88165000e-08  1.94996495e+00  3.88165000e-08  1.94994681e+00  3.88165000e-08  1.10453247e+00 
 3.88175000e-08  1.94996510e+00  3.88175000e-08  1.94994394e+00  3.88175000e-08  1.17635552e+00 
 3.90185000e-08  1.18366954e+00  3.90185000e-08  1.94999891e+00  3.90185000e-08  1.94999476e+00 
 3.90195000e-08  1.13141568e+00  3.90195000e-08  1.94999887e+00  3.90195000e-08  1.94999676e+00 
 3.90205000e-08  1.07946528e+00  3.90205000e-08  1.94999893e+00  3.90205000e-08  1.94999501e+00 
 3.90215000e-08  1.02779183e+00  3.90215000e-08  1.94999888e+00  3.90215000e-08  1.94999786e+00 
 3.90225000e-08  9.76295132e-01  3.90225000e-08  1.94999894e+00  3.90225000e-08  1.94999494e+00 
 3.90235000e-08  9.24948464e-01  3.90235000e-08  1.94999889e+00  3.90235000e-08  1.94999679e+00 
 3.93625000e-08  5.13695252e-06  3.93625000e-08  1.25500643e+00  3.93625000e-08  1.94990993e+00 
 3.93635000e-08  4.88180639e-06  3.93635000e-08  1.17610579e+00  3.93635000e-08  1.94989254e+00 
 3.93645000e-08  4.81767966e-06  3.93645000e-08  1.09608166e+00  3.93645000e-08  1.94987704e+00 
 3.93655000e-08  4.57495509e-06  3.93655000e-08  1.01488211e+00  3.93655000e-08  1.94986906e+00 
 3.93665000e-08  4.50825369e-06  3.93665000e-08  9.32743850e-01  3.93665000e-08  1.94987363e+00 
 3.93675000e-08  4.26690374e-06  3.93675000e-08  8.49664260e-01  3.93675000e-08  1.94989277e+00 
 3.96045000e-08  9.10435003e-01  3.96045000e-08 -2.40121992e-06  3.96045000e-08  1.94999353e+00 
 3.96055000e-08  9.51617464e-01  3.96055000e-08 -2.46661621e-06  3.96055000e-08  1.94999333e+00 
 3.96065000e-08  9.92275417e-01  3.96065000e-08 -2.26398652e-06  3.96065000e-08  1.94999388e+00 
 3.96075000e-08  1.03244904e+00  3.96075000e-08 -2.29132903e-06  3.96075000e-08  1.94999367e+00 
 3.96085000e-08  1.07220440e+00  3.96085000e-08 -2.15348798e-06  3.96085000e-08  1.94999421e+00 
 3.96095000e-08  1.11164074e+00  3.96095000e-08 -2.21857379e-06  3.96095000e-08  1.94999400e+00 
 3.98145000e-08  1.94992027e+00  3.98145000e-08  8.76450396e-01  3.98145000e-08  1.94990104e+00 
 3.98155000e-08  1.94992156e+00  3.98155000e-08  9.37882788e-01  3.98155000e-08  1.94980075e+00 
 3.98165000e-08  1.94992249e+00  3.98165000e-08  9.98395640e-01  3.98165000e-08  1.94969045e+00 
 3.98175000e-08  1.94992369e+00  3.98175000e-08  1.05798685e+00  3.98175000e-08  1.94958604e+00 
 3.98185000e-08  1.94992455e+00  3.98185000e-08  1.11674180e+00  3.98185000e-08  1.94948888e+00 
 3.98195000e-08  1.94992566e+00  3.98195000e-08  1.17496195e+00  3.98195000e-08  1.94937482e+00 
 3.99495000e-08  1.94996647e+00  3.99495000e-08  1.94997731e+00  3.99495000e-08  1.15202368e+00 
 3.99505000e-08  1.94996657e+00  3.99505000e-08  1.95000349e+00  3.99505000e-08  1.09445498e+00 
 3.99515000e-08  1.94996673e+00  3.99515000e-08  1.95003118e+00  3.99515000e-08  1.03660872e+00 
 3.99525000e-08  1.94996684e+00  3.99525000e-08  1.95005315e+00  3.99525000e-08  9.78401074e-01 
 3.99535000e-08  1.94996699e+00  3.99535000e-08  1.95007050e+00  3.99535000e-08  9.19617703e-01 
 3.99545000e-08  1.94996709e+00  3.99545000e-08  1.95008198e+00  3.99545000e-08  8.60225873e-01 
 4.01415000e-08  1.13408293e+00  4.01415000e-08  1.94999879e+00  4.01415000e-08  5.10218191e-05 
 4.01425000e-08  1.08211658e+00  4.01425000e-08  1.94999885e+00  4.01425000e-08  4.76765996e-05 
 4.01435000e-08  1.03043274e+00  4.01435000e-08  1.94999881e+00  4.01435000e-08  4.78563002e-05 
 4.01445000e-08  9.78927021e-01  4.01445000e-08  1.94999887e+00  4.01445000e-08  4.46522315e-05 
 4.01455000e-08  9.27575561e-01  4.01455000e-08  1.94999882e+00  4.01455000e-08  4.48880347e-05 
 4.01465000e-08  8.76307900e-01  4.01465000e-08  1.94999888e+00  4.01465000e-08  4.18179492e-05 
 4.04845000e-08  5.15419358e-06  4.04845000e-08  1.25837261e+00  4.04845000e-08 -6.95900161e-06 
 4.04855000e-08  4.88319746e-06  4.04855000e-08  1.17952666e+00  4.04855000e-08 -7.86568383e-06 
 4.04865000e-08  4.83360697e-06  4.04865000e-08  1.09954420e+00  4.04865000e-08 -6.96959197e-06 
 4.04875000e-08  4.57550734e-06  4.04875000e-08  1.01838880e+00  4.04875000e-08 -3.68509723e-06 
 4.04885000e-08  4.52371268e-06  4.04885000e-08  9.36283799e-01  4.04885000e-08  1.41608104e-06 
 4.04895000e-08  4.26732009e-06  4.04895000e-08  8.53237554e-01  4.04895000e-08  6.70632501e-06 
 4.07265000e-08  9.08663661e-01  4.07265000e-08  2.13977502e-07  4.07265000e-08  7.13608083e-07 
 4.07275000e-08  9.49869226e-01  4.07275000e-08  2.39769794e-07  4.07275000e-08  4.11971571e-07 
 4.07285000e-08  9.90548829e-01  4.07285000e-08  2.10038897e-07  4.07285000e-08  6.96930058e-07 
 4.07295000e-08  1.03074203e+00  4.07295000e-08  2.73133146e-07  4.07295000e-08  3.78431976e-07 
 4.07305000e-08  1.07051355e+00  4.07305000e-08  1.90586991e-07  4.07305000e-08  6.58246170e-07 
 4.07315000e-08  1.10996111e+00  4.07315000e-08  2.19197395e-07  4.07315000e-08  3.64811805e-07 
 4.09365000e-08  1.94992021e+00  4.09365000e-08  8.72556117e-01  4.09365000e-08 -8.85882778e-05 
 4.09375000e-08  1.94992153e+00  4.09375000e-08  9.34184912e-01  4.09375000e-08 -1.13590401e-04 
 4.09385000e-08  1.94992243e+00  4.09385000e-08  9.94986935e-01  4.09385000e-08 -1.29456161e-04 
 4.09395000e-08  1.94992367e+00  4.09395000e-08  1.05495685e+00  4.09395000e-08 -1.38728134e-04 
 4.09405000e-08  1.94992449e+00  4.09405000e-08  1.11415607e+00  4.09405000e-08 -1.50908640e-04 
 4.09415000e-08  1.94992564e+00  4.09415000e-08  1.17279087e+00  4.09415000e-08 -1.64835818e-04 
 4.10565000e-08  1.94996435e+00  4.10565000e-08  1.94992039e+00  4.10565000e-08  8.53292943e-01 
 4.10575000e-08  1.94996454e+00  4.10575000e-08  1.94992612e+00  4.10575000e-08  9.14555615e-01 
 4.10585000e-08  1.94996464e+00  4.10585000e-08  1.94993317e+00  4.10585000e-08  9.74526822e-01 
 4.10595000e-08  1.94996483e+00  4.10595000e-08  1.94993893e+00  4.10595000e-08  1.03450845e+00 
 4.10605000e-08  1.94996493e+00  4.10605000e-08  1.94994624e+00  4.10605000e-08  1.09816900e+00 
 4.10615000e-08  1.94996510e+00  4.10615000e-08  1.94994437e+00  4.10615000e-08  1.16936392e+00 
 4.12635000e-08  1.13620897e+00  4.12635000e-08  1.94999884e+00  4.12635000e-08  1.94999866e+00 
 4.12645000e-08  1.08422968e+00  4.12645000e-08  1.94999894e+00  4.12645000e-08  1.94999784e+00 
 4.12655000e-08  1.03253719e+00  4.12655000e-08  1.94999886e+00  4.12655000e-08  1.94999901e+00 
 4.12665000e-08  9.81024090e-01  4.12665000e-08  1.94999896e+00  4.12665000e-08  1.94999771e+00 
 4.12675000e-08  9.29668557e-01  4.12675000e-08  1.94999888e+00  4.12675000e-08  1.94999837e+00 
 4.12685000e-08  8.78396811e-01  4.12685000e-08  1.94999897e+00  4.12685000e-08  1.94999768e+00 
 4.16065000e-08  5.16039056e-06  4.16065000e-08  1.26152096e+00  4.16065000e-08  1.94991133e+00 
 4.16075000e-08  4.88070557e-06  4.16075000e-08  1.18273348e+00  4.16075000e-08  1.94989397e+00 
 4.16085000e-08  4.84457053e-06  4.16085000e-08  1.10279841e+00  4.16085000e-08  1.94987815e+00 
 4.16095000e-08  4.57655538e-06  4.16095000e-08  1.02169329e+00  4.16095000e-08  1.94986928e+00 
 4.16105000e-08  4.53416353e-06  4.16105000e-08  9.39628366e-01  4.16105000e-08  1.94987273e+00 
 4.16115000e-08  4.26510246e-06  4.16115000e-08  8.56621664e-01  4.16115000e-08  1.94989057e+00 
 4.18495000e-08  9.47996370e-01  4.18495000e-08 -2.50993271e-06  4.18495000e-08  1.94999335e+00 
 4.18505000e-08  9.88699240e-01  4.18505000e-08 -2.23104857e-06  4.18505000e-08  1.94999383e+00 
 4.18515000e-08  1.02891357e+00  4.18515000e-08 -2.33378599e-06  4.18515000e-08  1.94999369e+00 
 4.18525000e-08  1.06870255e+00  4.18525000e-08 -2.12085743e-06  4.18525000e-08  1.94999417e+00 
 4.18535000e-08  1.10816241e+00  4.18535000e-08 -2.26013841e-06  4.18535000e-08  1.94999401e+00 
 4.18545000e-08  1.14742293e+00  4.18545000e-08 -1.99724330e-06  4.18545000e-08  1.94999448e+00 
 4.20000000e-08  1.94952222e+00  4.20000000e-08  1.82028204e-03  4.20000000e-08  1.94999961e+00 
