 time            v(b_out)        time            v(u_puf_u_core_sel_ro) time            v(q)           
 0.00000000e+00  4.68653885e-09  0.00000000e+00  2.46749750e-09  0.00000000e+00  2.46749746e-09 
 2.57450000e-09  9.14880697e-01  2.57450000e-09  2.96824676e-09  2.57450000e-09  2.46768733e-09 
 2.57550000e-09  9.59184330e-01  2.57550000e-09  2.96760710e-09  2.57550000e-09  2.46768678e-09 
 2.57650000e-09  1.00260990e+00  2.57650000e-09  2.96704478e-09  2.57650000e-09  2.46768694e-09 
 2.57750000e-09  1.04584157e+00  2.57750000e-09  2.96663588e-09  2.57750000e-09  2.46768572e-09 
 2.57850000e-09  1.08930570e+00  2.57850000e-09  2.96555214e-09  2.57850000e-09  2.46768539e-09 
 2.57950000e-09  1.13316846e+00  2.57950000e-09  2.96324076e-09  2.57950000e-09  2.46768250e-09 
 2.94950000e-09  1.94995134e+00  2.94950000e-09  8.70784333e-01  2.94950000e-09 -8.69331767e-05 
 2.95050000e-09  1.94995176e+00  2.95050000e-09  9.32460912e-01  2.95050000e-09 -1.12406275e-04 
 2.95150000e-09  1.94995236e+00  2.95150000e-09  9.93310539e-01  2.95150000e-09 -1.28060597e-04 
 2.95250000e-09  1.94995278e+00  2.95250000e-09  1.05331973e+00  2.95250000e-09 -1.37227033e-04 
 2.95350000e-09  1.94995328e+00  2.95350000e-09  1.11255511e+00  2.95350000e-09 -1.49436424e-04 
 2.95450000e-09  1.94995349e+00  2.95450000e-09  1.17122384e+00  2.95450000e-09 -1.63516443e-04 
 3.07050000e-09  1.98114002e+00  3.07050000e-09  1.94992065e+00  3.07050000e-09  9.01682086e-01 
 3.07150000e-09  1.98770933e+00  3.07150000e-09  1.94992839e+00  3.07150000e-09  9.61770504e-01 
 3.07250000e-09  1.99396275e+00  3.07250000e-09  1.94993452e+00  3.07250000e-09  1.02142471e+00 
 3.07350000e-09  1.99987626e+00  3.07350000e-09  1.94994177e+00  3.07350000e-09  1.08391536e+00 
 3.07450000e-09  2.00552088e+00  3.07450000e-09  1.94994362e+00  3.07450000e-09  1.15327746e+00 
 3.07550000e-09  2.01090566e+00  3.07550000e-09  1.94994202e+00  3.07550000e-09  1.22654213e+00 
 3.11150000e-09  1.19679572e+00  3.11150000e-09  1.94980400e+00  3.11150000e-09  1.93811642e+00 
 3.11250000e-09  1.13775933e+00  3.11250000e-09  1.94981571e+00  3.11250000e-09  1.93911647e+00 
 3.11350000e-09  1.07878150e+00  3.11350000e-09  1.94982815e+00  3.11350000e-09  1.94007309e+00 
 3.11450000e-09  1.01985959e+00  3.11450000e-09  1.94983965e+00  3.11450000e-09  1.94088463e+00 
 3.11550000e-09  9.60964864e-01  3.11550000e-09  1.94985152e+00  3.11550000e-09  1.94167135e+00 
 3.11650000e-09  9.02106518e-01  3.11650000e-09  1.94986219e+00  3.11650000e-09  1.94233433e+00 
 3.65250000e-09 -3.97846281e-03  3.65250000e-09  1.26324623e+00  3.65250000e-09  1.94991168e+00 
 3.65350000e-09 -5.04270296e-03  3.65350000e-09  1.18438396e+00  3.65350000e-09  1.94989460e+00 
 3.65450000e-09 -6.22976084e-03  3.65450000e-09  1.10436713e+00  3.65450000e-09  1.94987828e+00 
 3.65550000e-09 -7.58809094e-03  3.65550000e-09  1.02319344e+00  3.65550000e-09  1.94986950e+00 
 3.65650000e-09 -9.19075866e-03  3.65650000e-09  9.41054527e-01  3.65650000e-09  1.94987231e+00 
 3.65750000e-09 -1.10794201e-02  3.65750000e-09  8.57984442e-01  3.65750000e-09  1.94989021e+00 
 3.69650000e-09  9.14226602e-01  3.69650000e-09  3.58182029e-03  3.69650000e-09  1.94934840e+00 
 3.69750000e-09  9.59291698e-01  3.69750000e-09  3.48953718e-03  3.69750000e-09  1.94928059e+00 
 3.69850000e-09  1.00376695e+00  3.69850000e-09  3.41946103e-03  3.69850000e-09  1.94918981e+00 
 3.69950000e-09  1.04808783e+00  3.69950000e-09  3.35503424e-03  3.69950000e-09  1.94906478e+00 
 3.70050000e-09  1.09255635e+00  3.70050000e-09  3.31717334e-03  3.70050000e-09  1.94889969e+00 
 3.70150000e-09  1.13699033e+00  3.70150000e-09  3.28754736e-03  3.70150000e-09  1.94868651e+00 
 4.07050000e-09  1.94995116e+00  4.07050000e-09  8.54473300e-01  4.07050000e-09  1.94993258e+00 
 4.07150000e-09  1.94995157e+00  4.07150000e-09  9.16247445e-01  4.07150000e-09  1.94983795e+00 
 4.07250000e-09  1.94995210e+00  4.07250000e-09  9.77112364e-01  4.07250000e-09  1.94972908e+00 
 4.07350000e-09  1.94995259e+00  4.07350000e-09  1.03704638e+00  4.07350000e-09  1.94961918e+00 
 4.07450000e-09  1.94995313e+00  4.07450000e-09  1.09609224e+00  4.07450000e-09  1.94952480e+00 
 4.07550000e-09  1.94995351e+00  4.07550000e-09  1.15446865e+00  4.07550000e-09  1.94941653e+00 
 4.20550000e-09  2.05068713e+00  4.20550000e-09  1.94996755e+00  4.20550000e-09  1.17209255e+00 
 4.20650000e-09  2.05512318e+00  4.20650000e-09  1.94999512e+00  4.20650000e-09  1.11454779e+00 
 4.20750000e-09  2.05858637e+00  4.20750000e-09  1.95002143e+00  4.20750000e-09  1.05681736e+00 
 4.20850000e-09  2.06047321e+00  4.20850000e-09  1.95004672e+00  4.20850000e-09  9.98746583e-01 
 4.20950000e-09  2.06024062e+00  4.20950000e-09  1.95006427e+00  4.20950000e-09  9.40176211e-01 
 4.21050000e-09  2.05760705e+00  4.21050000e-09  1.95007902e+00  4.21050000e-09  8.80997717e-01 
 4.23350000e-09  1.19803045e+00  4.23350000e-09  1.94928421e+00  4.23350000e-09  2.12327644e-02 
 4.23450000e-09  1.13899415e+00  4.23450000e-09  1.94922320e+00  4.23450000e-09  2.04209871e-02 
 4.23550000e-09  1.08001450e+00  4.23550000e-09  1.94920424e+00  4.23550000e-09  1.96575157e-02 
 4.23650000e-09  1.02109264e+00  4.23650000e-09  1.94926327e+00  4.23650000e-09  1.86525308e-02 
 4.23750000e-09  9.62196673e-01  4.23750000e-09  1.94944600e+00  4.23750000e-09  1.73643671e-02 
 4.23850000e-09  9.03338206e-01  4.23850000e-09  1.94969170e+00  4.23850000e-09  1.69681136e-02 
 4.77450000e-09 -3.97097108e-03  4.77450000e-09  1.26501426e+00  4.77450000e-09 -6.60910389e-06 
 4.77550000e-09 -5.03445655e-03  4.77550000e-09  1.18617931e+00  4.77550000e-09 -8.14903701e-06 
 4.77650000e-09 -6.22052065e-03  4.77650000e-09  1.10618261e+00  4.77650000e-09 -6.90859074e-06 
 4.77750000e-09 -7.57736654e-03  4.77750000e-09  1.02503006e+00  4.77750000e-09 -4.32118037e-06 
 4.77850000e-09 -9.18062330e-03  4.77850000e-09  9.42906677e-01  4.77850000e-09  1.07610756e-06 
 4.77950000e-09 -1.10737286e-02  4.77950000e-09  8.59852245e-01  4.77950000e-09  5.84028082e-06 
 4.81850000e-09  9.13986911e-01  4.81850000e-09  3.38175635e-03  4.81850000e-09 -1.38160272e-04 
 4.81950000e-09  9.59056426e-01  4.81950000e-09  3.27740670e-03  4.81950000e-09 -1.44784539e-04 
 4.82050000e-09  1.00353262e+00  4.82050000e-09  3.18550417e-03  4.82050000e-09 -1.46510484e-04 
 4.82150000e-09  1.04785282e+00  4.82150000e-09  3.09192603e-03  4.82150000e-09 -1.51085124e-04 
 4.82250000e-09  1.09232125e+00  4.82250000e-09  3.01408256e-03  4.82250000e-09 -1.54121963e-04 
 4.82350000e-09  1.13675716e+00  4.82350000e-09  2.93817211e-03  4.82350000e-09 -1.58103625e-04 
 5.19250000e-09  1.94995116e+00  5.19250000e-09  8.52897662e-01  5.19250000e-09 -7.86380418e-05 
 5.19350000e-09  1.94995157e+00  5.19350000e-09  9.14803352e-01  5.19350000e-09 -1.08027774e-04 
 5.19450000e-09  1.94995210e+00  5.19450000e-09  9.75893314e-01  5.19450000e-09 -1.25801207e-04 
 5.19550000e-09  1.94995259e+00  5.19550000e-09  1.03614622e+00  5.19550000e-09 -1.36695260e-04 
 5.19650000e-09  1.94995312e+00  5.19650000e-09  1.09558947e+00  5.19650000e-09 -1.46163754e-04 
 5.19750000e-09  1.94995351e+00  5.19750000e-09  1.15440028e+00  5.19750000e-09 -1.60681915e-04 
 5.31350000e-09  1.97381474e+00  5.31350000e-09  1.94992350e+00  5.31350000e-09  8.95736285e-01 
 5.31450000e-09  1.98086047e+00  5.31450000e-09  1.94993178e+00  5.31450000e-09  9.56024358e-01 
 5.31550000e-09  1.98744141e+00  5.31550000e-09  1.94993666e+00  5.31550000e-09  1.01574031e+00 
 5.31650000e-09  1.99370985e+00  5.31650000e-09  1.94994399e+00  5.31650000e-09  1.07793675e+00 
 5.31750000e-09  1.99963473e+00  5.31750000e-09  1.94994637e+00  5.31750000e-09  1.14657080e+00 
 5.31850000e-09  2.00529153e+00  5.31850000e-09  1.94994413e+00  5.31850000e-09  1.22001513e+00 
 5.35550000e-09  1.19929290e+00  5.35550000e-09  1.94981416e+00  5.35550000e-09  1.93904795e+00 
 5.35650000e-09  1.14025524e+00  5.35650000e-09  1.94982693e+00  5.35650000e-09  1.94003294e+00 
 5.35750000e-09  1.08127281e+00  5.35750000e-09  1.94983818e+00  5.35750000e-09  1.94082812e+00 
 5.35850000e-09  1.02235017e+00  5.35850000e-09  1.94985040e+00  5.35850000e-09  1.94164068e+00 
 5.35950000e-09  9.63452380e-01  5.35950000e-09  1.94986085e+00  5.35950000e-09  1.94228718e+00 
 5.36050000e-09  9.04593513e-01  5.36050000e-09  1.94987207e+00  5.36050000e-09  1.94296268e+00 
 5.89650000e-09 -3.95471526e-03  5.89650000e-09  1.26653013e+00  5.89650000e-09  1.94991255e+00 
 5.89750000e-09 -5.01644965e-03  5.89750000e-09  1.18772511e+00  5.89750000e-09  1.94989517e+00 
 5.89850000e-09 -6.20026923e-03  5.89850000e-09  1.10775325e+00  5.89850000e-09  1.94987903e+00 
 5.89950000e-09 -7.55380083e-03  5.89950000e-09  1.02662710e+00  5.89950000e-09  1.94986949e+00 
 5.90050000e-09 -9.15226871e-03  5.90050000e-09  9.44525283e-01  5.90050000e-09  1.94987207e+00 
 5.90150000e-09 -1.10499576e-02  5.90150000e-09  8.61492048e-01  5.90150000e-09  1.94988899e+00 
 5.94050000e-09  9.13285603e-01  5.94050000e-09  3.58511687e-03  5.94050000e-09  1.94935089e+00 
 5.94150000e-09  9.58367936e-01  5.94150000e-09  3.49276566e-03  5.94150000e-09  1.94928367e+00 
 5.94250000e-09  1.00284983e+00  5.94250000e-09  3.42175944e-03  5.94250000e-09  1.94919430e+00 
 5.94350000e-09  1.04717018e+00  5.94350000e-09  3.35702300e-03  5.94350000e-09  1.94907063e+00 
 5.94450000e-09  1.09163641e+00  5.94450000e-09  3.31817800e-03  5.94450000e-09  1.94890752e+00 
 5.94550000e-09  1.13607612e+00  5.94550000e-09  3.28811352e-03  5.94550000e-09  1.94869601e+00 
 6.31450000e-09  1.94995115e+00  6.31450000e-09  8.53219887e-01  6.31450000e-09  1.94993429e+00 
 6.31550000e-09  1.94995156e+00  6.31550000e-09  9.15011378e-01  6.31550000e-09  1.94983999e+00 
 6.31650000e-09  1.94995209e+00  6.31650000e-09  9.75895260e-01  6.31650000e-09  1.94973130e+00 
 6.31750000e-09  1.94995258e+00  6.31750000e-09  1.03584802e+00  6.31750000e-09  1.94962134e+00 
 6.31850000e-09  1.94995312e+00  6.31850000e-09  1.09491055e+00  6.31850000e-09  1.94952696e+00 
 6.31950000e-09  1.94995350e+00  6.31950000e-09  1.15330870e+00  6.31950000e-09  1.94941867e+00 
 6.44950000e-09  2.05053833e+00  6.44950000e-09  1.94996699e+00  6.44950000e-09  1.17324501e+00 
 6.45050000e-09  2.05499561e+00  6.45050000e-09  1.94999466e+00  6.45050000e-09  1.11570118e+00 
 6.45150000e-09  2.05849808e+00  6.45150000e-09  1.95002085e+00  6.45150000e-09  1.05797676e+00 
 6.45250000e-09  2.06044421e+00  6.45250000e-09  1.95004634e+00  6.45250000e-09  9.99913483e-01 
 6.45350000e-09  2.06028336e+00  6.45350000e-09  1.95006391e+00  6.45350000e-09  9.41354992e-01 
 6.45450000e-09  2.05772831e+00  6.45450000e-09  1.95007884e+00  6.45450000e-09  8.82188733e-01 
 6.47750000e-09  1.19992201e+00  6.47750000e-09  1.94928596e+00  6.47750000e-09  2.12503606e-02 
 6.47850000e-09  1.14088506e+00  6.47850000e-09  1.94922409e+00  6.47850000e-09  2.04370858e-02 
 6.47950000e-09  1.08190248e+00  6.47950000e-09  1.94920407e+00  6.47950000e-09  1.96741861e-02 
 6.48050000e-09  1.02298055e+00  6.48050000e-09  1.94926078e+00  6.48050000e-09  1.86794738e-02 
 6.48150000e-09  9.64082743e-01  6.48150000e-09  1.94944140e+00  6.48150000e-09  1.73840150e-02 
 6.48250000e-09  9.05224278e-01  6.48250000e-09  1.94968647e+00  6.48250000e-09  1.69657131e-02 
 7.01850000e-09 -3.94512617e-03  7.01850000e-09  1.26756256e+00  7.01850000e-09 -6.54485889e-06 
 7.01950000e-09 -5.00583324e-03  7.01950000e-09  1.18877214e+00  7.01950000e-09 -8.15104265e-06 
 7.02050000e-09 -6.18833534e-03  7.02050000e-09  1.10881035e+00  7.02050000e-09 -6.95624109e-06 
 7.02150000e-09 -7.53992208e-03  7.02150000e-09  1.02769469e+00  7.02150000e-09 -4.47105796e-06 
 7.02250000e-09 -9.13558415e-03  7.02250000e-09  9.45600161e-01  7.02250000e-09  9.25589576e-07 
 7.02350000e-09 -1.10360529e-02  7.02350000e-09  8.62574364e-01  7.02350000e-09  5.64531934e-06 
 7.06250000e-09  9.12833331e-01  7.06250000e-09  3.38443592e-03  7.06250000e-09 -1.37927211e-04 
 7.06350000e-09  9.57924057e-01  7.06350000e-09  3.28037282e-03  7.06350000e-09 -1.44650948e-04 
 7.06450000e-09  1.00240974e+00  7.06450000e-09  3.18803530e-03  7.06450000e-09 -1.46424667e-04 
 7.06550000e-09  1.04672889e+00  7.06550000e-09  3.09451465e-03  7.06550000e-09 -1.51000794e-04 
 7.06650000e-09  1.09119334e+00  7.06650000e-09  3.01615043e-03  7.06650000e-09 -1.53976820e-04 
 7.06750000e-09  1.13563669e+00  7.06750000e-09  2.94016993e-03  7.06750000e-09 -1.58042999e-04 
 7.43650000e-09  1.94995115e+00  7.43650000e-09  8.51316927e-01  7.43650000e-09 -7.78033591e-05 
 7.43750000e-09  1.94995155e+00  7.43750000e-09  9.13243593e-01  7.43750000e-09 -1.06716241e-04 
 7.43850000e-09  1.94995209e+00  7.43850000e-09  9.74356524e-01  7.43850000e-09 -1.24536367e-04 
 7.43950000e-09  1.94995257e+00  7.43950000e-09  1.03463339e+00  7.43950000e-09 -1.36513657e-04 
 7.44050000e-09  1.94995312e+00  7.44050000e-09  1.09409878e+00  7.44050000e-09 -1.45756306e-04 
 7.44150000e-09  1.94995350e+00  7.44150000e-09  1.15292254e+00  7.44150000e-09 -1.60360991e-04 
 7.55750000e-09  1.97360540e+00  7.55750000e-09  1.94992337e+00  7.55750000e-09  8.94244969e-01 
 7.55850000e-09  1.98066522e+00  7.55850000e-09  1.94993158e+00  7.55850000e-09  9.54560311e-01 
 7.55950000e-09  1.98725431e+00  7.55950000e-09  1.94993654e+00  7.55950000e-09  1.01426764e+00 
 7.56050000e-09  1.99353329e+00  7.56050000e-09  1.94994370e+00  7.56050000e-09  1.07636850e+00 
 7.56150000e-09  1.99946624e+00  7.56150000e-09  1.94994660e+00  7.56150000e-09  1.14478589e+00 
 7.56250000e-09  2.00513158e+00  7.56250000e-09  1.94994405e+00  7.56250000e-09  1.21823311e+00 
 7.59950000e-09  1.20097662e+00  7.59950000e-09  1.94981391e+00  7.59950000e-09  1.93902179e+00 
 7.60050000e-09  1.14193833e+00  7.60050000e-09  1.94982661e+00  7.60050000e-09  1.94001477e+00 
 7.60150000e-09  1.08295313e+00  7.60150000e-09  1.94983793e+00  7.60150000e-09  1.94080637e+00 
 7.60250000e-09  1.02403036e+00  7.60250000e-09  1.94985010e+00  7.60250000e-09  1.94162616e+00 
 7.60350000e-09  9.65130805e-01  7.60350000e-09  1.94986061e+00  7.60350000e-09  1.94226894e+00 
 7.60450000e-09  9.06271902e-01  7.60450000e-09  1.94987179e+00  7.60450000e-09  1.94295104e+00 
 8.14050000e-09 -3.89812714e-03  8.14050000e-09  1.26931421e+00  8.14050000e-09  1.94991312e+00 
 8.14150000e-09 -4.95373292e-03  8.14150000e-09  1.19055820e+00  8.14150000e-09  1.94989580e+00 
 8.14250000e-09 -6.12974692e-03  8.14250000e-09  1.11062479e+00  8.14250000e-09  1.94987953e+00 
 8.14350000e-09 -7.47178955e-03  8.14350000e-09  1.02953926e+00  8.14350000e-09  1.94986965e+00 
 8.14450000e-09 -9.05123872e-03  8.14450000e-09  9.47469473e-01  8.14450000e-09  1.94987174e+00 
 8.14550000e-09 -1.09641018e-02  8.14550000e-09  8.64467984e-01  8.14550000e-09  1.94988813e+00 
 8.18450000e-09  9.10620239e-01  8.18450000e-09  3.58839814e-03  8.18450000e-09  1.94935298e+00 
 8.18550000e-09  9.55752406e-01  8.18550000e-09  3.49598662e-03  8.18550000e-09  1.94928649e+00 
 8.18650000e-09  1.00025684e+00  8.18650000e-09  3.42416298e-03  8.18650000e-09  1.94919809e+00 
 8.18750000e-09  1.04457445e+00  8.18750000e-09  3.35909823e-03  8.18750000e-09  1.94907582e+00 
 8.18850000e-09  1.08903085e+00  8.18850000e-09  3.31930302e-03  8.18850000e-09  1.94891425e+00 
 8.18950000e-09  1.13348735e+00  8.18950000e-09  3.28890112e-03  8.18950000e-09  1.94870443e+00 
 8.55850000e-09  1.94995114e+00  8.55850000e-09  8.49694139e-01  8.55850000e-09  1.94993901e+00 
 8.55950000e-09  1.94995152e+00  8.55950000e-09  9.11533690e-01  8.55950000e-09  1.94984576e+00 
 8.56050000e-09  1.94995207e+00  8.56050000e-09  9.72470269e-01  8.56050000e-09  1.94973749e+00 
 8.56150000e-09  1.94995254e+00  8.56150000e-09  1.03247553e+00  8.56150000e-09  1.94962747e+00 
 8.56250000e-09  1.94995310e+00  8.56250000e-09  1.09158503e+00  8.56250000e-09  1.94953300e+00 
 8.56350000e-09  1.94995347e+00  8.56350000e-09  1.15001075e+00  8.56350000e-09  1.94942519e+00 
 8.69350000e-09  2.05024692e+00  8.69350000e-09  1.94996537e+00  8.69350000e-09  1.17650373e+00 
 8.69450000e-09  2.05474402e+00  8.69450000e-09  1.94999332e+00  8.69450000e-09  1.11896257e+00 
 8.69550000e-09  2.05832113e+00  8.69550000e-09  1.95001919e+00  8.69550000e-09  1.06125555e+00 
 8.69650000e-09  2.06038109e+00  8.69650000e-09  1.95004521e+00  8.69650000e-09  1.00321351e+00 
 8.69750000e-09  2.06035896e+00  8.69750000e-09  1.95006284e+00  8.69750000e-09  9.44689148e-01 
 8.69850000e-09  2.05795638e+00  8.69850000e-09  1.95007832e+00  8.69850000e-09  8.85557741e-01 
 8.72150000e-09  1.20350173e+00  8.72150000e-09  1.94929086e+00  8.72150000e-09  2.13109812e-02 
 8.72250000e-09  1.14446321e+00  8.72250000e-09  1.94922655e+00  8.72250000e-09  2.04991652e-02 
 8.72350000e-09  1.08547477e+00  8.72350000e-09  1.94920378e+00  8.72350000e-09  1.97369257e-02 
 8.72450000e-09  1.02655260e+00  8.72450000e-09  1.94925425e+00  8.72450000e-09  1.87693414e-02 
 8.72550000e-09  9.67651210e-01  8.72550000e-09  1.94942883e+00  8.72550000e-09  1.74512955e-02 
 8.72650000e-09  9.08792835e-01  8.72650000e-09  1.94967197e+00  8.72650000e-09  1.69675102e-02 
 9.26350000e-09 -4.93298543e-03  9.26350000e-09  1.19397941e+00  9.26350000e-09 -8.14609947e-06 
 9.26450000e-09 -6.10621001e-03  9.26450000e-09  1.11408867e+00  9.26450000e-09 -7.04307472e-06 
 9.26550000e-09 -7.44465667e-03  9.26550000e-09  1.03304792e+00  9.26550000e-09 -4.76509507e-06 
 9.26650000e-09 -9.01891575e-03  9.26650000e-09  9.51012388e-01  9.26650000e-09  6.97570765e-07 
 9.26750000e-09 -1.09380630e-02  9.26750000e-09  8.68045128e-01  9.26750000e-09  5.34821567e-06 
 9.26850000e-09 -1.28597877e-02  9.26850000e-09  7.84343991e-01  9.26850000e-09  1.18039796e-05 
 9.30650000e-09  9.09794606e-01  9.30650000e-09  3.39089195e-03  9.30650000e-09 -1.37422469e-04 
 9.30750000e-09  9.54942589e-01  9.30750000e-09  3.28729929e-03  9.30750000e-09 -1.44360140e-04 
 9.30850000e-09  9.99454324e-01  9.30850000e-09  3.19403046e-03  9.30850000e-09 -1.46239873e-04 
 9.30950000e-09  1.04377165e+00  9.30950000e-09  3.10056116e-03  9.30950000e-09 -1.50826294e-04 
 9.31050000e-09  1.08822502e+00  9.31050000e-09  3.02112335e-03  9.31050000e-09 -1.53684010e-04 
 9.31150000e-09  1.13268610e+00  9.31150000e-09  2.94495662e-03  9.31150000e-09 -1.57919254e-04 
 9.68150000e-09  1.94995151e+00  9.68150000e-09  9.09263684e-01  9.68150000e-09 -1.05671317e-04 
 9.68250000e-09  1.94995207e+00  9.68250000e-09  9.70429515e-01  9.68250000e-09 -1.23987520e-04 
 9.68350000e-09  1.94995252e+00  9.68350000e-09  1.03075734e+00  9.68350000e-09 -1.36180178e-04 
 9.68450000e-09  1.94995310e+00  9.68450000e-09  1.09026928e+00  9.68450000e-09 -1.44524909e-04 
 9.68550000e-09  1.94995346e+00  9.68550000e-09  1.14911870e+00  9.68550000e-09 -1.59409341e-04 
 9.68650000e-09  1.94995383e+00  9.68650000e-09  1.20760205e+00  9.68650000e-09 -1.74944909e-04 
 9.80150000e-09  1.97318572e+00  9.80150000e-09  1.94992307e+00  9.80150000e-09  8.90169919e-01 
 9.80250000e-09  1.98027178e+00  9.80250000e-09  1.94993102e+00  9.80250000e-09  9.50566103e-01 
 9.80350000e-09  1.98687822e+00  9.80350000e-09  1.94993626e+00  9.80350000e-09  1.01026112e+00 
 9.80450000e-09  1.99317812e+00  9.80450000e-09  1.94994287e+00  9.80450000e-09  1.07211261e+00 
 9.80550000e-09  1.99912712e+00  9.80550000e-09  1.94994730e+00  9.80550000e-09  1.13993599e+00 
 9.80650000e-09  2.00480962e+00  9.80650000e-09  1.94994380e+00  9.80650000e-09  1.21337788e+00 
 9.84350000e-09  1.20444507e+00  9.84350000e-09  1.94981317e+00  9.84350000e-09  1.93894840e+00 
 9.84450000e-09  1.14540513e+00  9.84450000e-09  1.94982571e+00  9.84450000e-09  1.93996337e+00 
 9.84550000e-09  1.08641393e+00  9.84550000e-09  1.94983723e+00  9.84550000e-09  1.94074539e+00 
 9.84650000e-09  1.02749053e+00  9.84650000e-09  1.94984927e+00  9.84650000e-09  1.94158507e+00 
 9.84750000e-09  9.68587130e-01  9.84750000e-09  1.94985997e+00  9.84750000e-09  1.94221782e+00 
 9.84850000e-09  9.09727896e-01  9.84850000e-09  1.94987102e+00  9.84850000e-09  1.94291808e+00 
 1.03855000e-08 -4.87940374e-03  1.03855000e-08  1.19461707e+00  1.03855000e-08  1.94989670e+00 
 1.03865000e-08 -6.04622200e-03  1.03865000e-08  1.11473907e+00  1.03865000e-08  1.94988027e+00 
 1.03875000e-08 -7.37515439e-03  1.03875000e-08  1.03371200e+00  1.03875000e-08  1.94986989e+00 
 1.03885000e-08 -8.93594976e-03  1.03885000e-08  9.51688134e-01  1.03885000e-08  1.94987131e+00 
 1.03895000e-08 -1.08722063e-02  1.03895000e-08  8.68732327e-01  1.03895000e-08  1.94988690e+00 
 1.03905000e-08 -1.27429834e-02  1.03905000e-08  7.85039643e-01  1.03905000e-08  1.94991840e+00 
 1.04285000e-08  9.07588907e-01  1.04285000e-08  3.59298872e-03  1.04285000e-08  1.94935590e+00 
 1.04295000e-08  9.52779829e-01  1.04295000e-08  3.50052012e-03  1.04295000e-08  1.94929043e+00 
 1.04305000e-08  9.97311604e-01  1.04305000e-08  3.42752976e-03  1.04305000e-08  1.94920337e+00 
 1.04315000e-08  1.04162862e+00  1.04315000e-08  3.36207191e-03  1.04315000e-08  1.94908304e+00 
 1.04325000e-08  1.08607365e+00  1.04325000e-08  3.32096643e-03  1.04325000e-08  1.94892361e+00 
 1.04335000e-08  1.13054598e+00  1.04335000e-08  3.29006375e-03  1.04335000e-08  1.94871618e+00 
 1.08035000e-08  1.94995149e+00  1.08035000e-08  9.07421461e-01  1.08035000e-08  1.94985249e+00 
 1.08045000e-08  1.94995205e+00  1.08045000e-08  9.68420334e-01  1.08045000e-08  1.94974485e+00 
 1.08055000e-08  1.94995250e+00  1.08055000e-08  1.02848793e+00  1.08055000e-08  1.94963471e+00 
 1.08065000e-08  1.94995308e+00  1.08065000e-08  1.08765380e+00  1.08065000e-08  1.94953986e+00 
 1.08075000e-08  1.94995344e+00  1.08075000e-08  1.14610344e+00  1.08075000e-08  1.94943294e+00 
 1.08085000e-08  1.94995382e+00  1.08085000e-08  1.20429907e+00  1.08085000e-08  1.94930867e+00 
 1.09375000e-08  2.04996041e+00  1.09375000e-08  1.94996344e+00  1.09375000e-08  1.18043936e+00 
 1.09385000e-08  2.05449492e+00  1.09385000e-08  1.94999170e+00  1.09385000e-08  1.12290071e+00 
 1.09395000e-08  2.05814296e+00  1.09395000e-08  1.95001719e+00  1.09395000e-08  1.06521337e+00 
 1.09405000e-08  2.06031311e+00  1.09405000e-08  1.95004383e+00  1.09405000e-08  1.00719612e+00 
 1.09415000e-08  2.06042624e+00  1.09415000e-08  1.95006155e+00  1.09415000e-08  9.48711809e-01 
 1.09425000e-08  2.05817355e+00  1.09425000e-08  1.95007766e+00  1.09425000e-08  8.89621918e-01 
 1.09655000e-08  1.20708588e+00  1.09655000e-08  1.94929735e+00  1.09655000e-08  2.13490135e-02 
 1.09665000e-08  1.14804584e+00  1.09665000e-08  1.94922993e+00  1.09665000e-08  2.05294502e-02 
 1.09675000e-08  1.08905092e+00  1.09675000e-08  1.94920362e+00  1.09675000e-08  1.97692399e-02 
 1.09685000e-08  1.03012788e+00  1.09685000e-08  1.94924668e+00  1.09685000e-08  1.88343780e-02 
 1.09695000e-08  9.71222181e-01  1.09695000e-08  1.94941345e+00  1.09695000e-08  1.75104073e-02 
 1.09705000e-08  9.12363276e-01  1.09705000e-08  1.94965407e+00  1.09705000e-08  1.69555241e-02 
 1.15075000e-08 -4.89291807e-03  1.15075000e-08  1.19912070e+00  1.15075000e-08 -8.11714942e-06 
 1.15085000e-08 -6.06137128e-03  1.15085000e-08  1.11930011e+00  1.15085000e-08 -7.14225727e-06 
 1.15095000e-08 -7.39272428e-03  1.15095000e-08  1.03833376e+00  1.15095000e-08 -5.02875714e-06 
 1.15105000e-08 -8.95692173e-03  1.15105000e-08  9.56356603e-01  1.15105000e-08  3.47229149e-07 
 1.15115000e-08 -1.08887098e-02  1.15115000e-08  8.73447735e-01  1.15115000e-08  4.93020410e-06 
 1.15125000e-08 -1.27726016e-02  1.15125000e-08  7.89787112e-01  1.15125000e-08  1.13637047e-05 
 1.15505000e-08  9.08145253e-01  1.15505000e-08  3.39693363e-03  1.15505000e-08 -1.36934747e-04 
 1.15515000e-08  9.53325786e-01  1.15515000e-08  3.29387848e-03  1.15515000e-08 -1.44072017e-04 
 1.15525000e-08  9.97853068e-01  1.15525000e-08  3.19969102e-03  1.15525000e-08 -1.46072296e-04 
 1.15535000e-08  1.04217078e+00  1.15535000e-08  3.10633769e-03  1.15535000e-08 -1.50648156e-04 
 1.15545000e-08  1.08661853e+00  1.15545000e-08  3.02582939e-03  1.15545000e-08 -1.53405302e-04 
 1.15555000e-08  1.13108844e+00  1.15555000e-08  2.94953221e-03  1.15555000e-08 -1.57784845e-04 
 1.19255000e-08  1.94995149e+00  1.19255000e-08  9.07017274e-01  1.19255000e-08 -1.04711056e-04 
 1.19265000e-08  1.94995205e+00  1.19265000e-08  9.68213750e-01  1.19265000e-08 -1.23224008e-04 
 1.19275000e-08  1.94995250e+00  1.19275000e-08  1.02857199e+00  1.19275000e-08 -1.35978218e-04 
 1.19285000e-08  1.94995308e+00  1.19285000e-08  1.08811209e+00  1.19285000e-08 -1.43852304e-04 
 1.19295000e-08  1.94995345e+00  1.19295000e-08  1.14698135e+00  1.19295000e-08 -1.58981654e-04 
 1.19305000e-08  1.94995383e+00  1.19305000e-08  1.20546936e+00  1.19305000e-08 -1.74208887e-04 
 1.20455000e-08  1.97285419e+00  1.20455000e-08  1.94992291e+00  1.20455000e-08  8.87950674e-01 
 1.20465000e-08  1.97995660e+00  1.20465000e-08  1.94993071e+00  1.20465000e-08  9.48392548e-01 
 1.20475000e-08  1.98658272e+00  1.20475000e-08  1.94993610e+00  1.20475000e-08  1.00808565e+00 
 1.20485000e-08  1.99289952e+00  1.20485000e-08  1.94994242e+00  1.20485000e-08  1.06980647e+00 
 1.20495000e-08  1.99886124e+00  1.20495000e-08  1.94994768e+00  1.20495000e-08  1.13730598e+00 
 1.20505000e-08  2.00455756e+00  1.20505000e-08  1.94994368e+00  1.20505000e-08  1.21073380e+00 
 1.20875000e-08  1.20715749e+00  1.20875000e-08  1.94981277e+00  1.20875000e-08  1.93891119e+00 
 1.20885000e-08  1.14811662e+00  1.20885000e-08  1.94982523e+00  1.20885000e-08  1.93993775e+00 
 1.20895000e-08  1.08912083e+00  1.20895000e-08  1.94983684e+00  1.20895000e-08  1.94071448e+00 
 1.20905000e-08  1.03019714e+00  1.20905000e-08  1.94984881e+00  1.20905000e-08  1.94156465e+00 
 1.20915000e-08  9.71290828e-01  1.20915000e-08  1.94985962e+00  1.20915000e-08  1.94219191e+00 
 1.20925000e-08  9.12431566e-01  1.20925000e-08  1.94987061e+00  1.20925000e-08  1.94290176e+00 
 1.26095000e-08  3.26057683e-03  1.26095000e-08  2.06221591e+00  1.26095000e-08  1.94998842e+00 
 1.26295000e-08 -4.84877013e-03  1.26295000e-08  1.19806887e+00  1.26295000e-08  1.94989747e+00 
 1.26305000e-08 -6.01189822e-03  1.26305000e-08  1.11823735e+00  1.26305000e-08  1.94988091e+00 
 1.26315000e-08 -7.33538745e-03  1.26315000e-08  1.03725961e+00  1.26315000e-08  1.94987012e+00 
 1.26325000e-08 -8.88853028e-03  1.26325000e-08  9.55274292e-01  1.26325000e-08  1.94987097e+00 
 1.26335000e-08 -1.08267761e-02  1.26335000e-08  8.72357035e-01  1.26335000e-08  1.94988590e+00 
 1.26345000e-08 -1.26771302e-02  1.26345000e-08  7.88690915e-01  1.26345000e-08  1.94991669e+00 
 1.26725000e-08  9.06309771e-01  1.26725000e-08  3.59641886e-03  1.26725000e-08  1.94935841e+00 
 1.26735000e-08  9.51526444e-01  1.26735000e-08  3.50398357e-03  1.26735000e-08  1.94929375e+00 
 1.26745000e-08  9.96071115e-01  1.26745000e-08  3.43002085e-03  1.26745000e-08  1.94920782e+00 
 1.26755000e-08  1.04038885e+00  1.26755000e-08  3.36427528e-03  1.26755000e-08  1.94908913e+00 
 1.26765000e-08  1.08482976e+00  1.26765000e-08  3.32204615e-03  1.26765000e-08  1.94893154e+00 
 1.26775000e-08  1.12930809e+00  1.26775000e-08  3.29074113e-03  1.26775000e-08  1.94872621e+00 
 1.30475000e-08  1.94995147e+00  1.30475000e-08  9.05690364e-01  1.30475000e-08  1.94985526e+00 
 1.30485000e-08  1.94995203e+00  1.30485000e-08  9.66715470e-01  1.30485000e-08  1.94974800e+00 
 1.30495000e-08  1.94995248e+00  1.30495000e-08  1.02680940e+00  1.30495000e-08  1.94963777e+00 
 1.30505000e-08  1.94995306e+00  1.30505000e-08  1.08599415e+00  1.30505000e-08  1.94954280e+00 
 1.30515000e-08  1.94995343e+00  1.30515000e-08  1.14445408e+00  1.30515000e-08  1.94943644e+00 
 1.30525000e-08  1.94995382e+00  1.30525000e-08  1.20264462e+00  1.30525000e-08  1.94931267e+00 
 1.31815000e-08  2.04977172e+00  1.31815000e-08  1.94996267e+00  1.31815000e-08  1.18216600e+00 
 1.31825000e-08  2.05432946e+00  1.31825000e-08  1.94999092e+00  1.31825000e-08  1.12462832e+00 
 1.31835000e-08  2.05802311e+00  1.31835000e-08  1.95001639e+00  1.31835000e-08  1.06694930e+00 
 1.31845000e-08  2.06026420e+00  1.31845000e-08  1.95004314e+00  1.31845000e-08  1.00894278e+00 
 1.31855000e-08  2.06046574e+00  1.31855000e-08  1.95006105e+00  1.31855000e-08  9.50475802e-01 
 1.31865000e-08  2.05831095e+00  1.31865000e-08  1.95007729e+00  1.31865000e-08  8.91404084e-01 
 1.32105000e-08  1.15037989e+00  1.32105000e-08  1.94923140e+00  1.32105000e-08  2.05529501e-02 
 1.32115000e-08  1.09138109e+00  1.32115000e-08  1.94920375e+00  1.32115000e-08  1.97923989e-02 
 1.32125000e-08  1.03245770e+00  1.32125000e-08  1.94924372e+00  1.32125000e-08  1.88703057e-02 
 1.32135000e-08  9.73549580e-01  1.32135000e-08  1.94940711e+00  1.32135000e-08  1.75435042e-02 
 1.32145000e-08  9.14690625e-01  1.32145000e-08  1.94964648e+00  1.32145000e-08  1.69566004e-02 
 1.32155000e-08  8.55851313e-01  1.32155000e-08  1.94989509e+00  1.32155000e-08  1.72389423e-02 
 1.37515000e-08 -4.82126069e-03  1.37515000e-08  1.20123567e+00  1.37515000e-08 -8.13772885e-06 
 1.37525000e-08 -5.98109406e-03  1.37525000e-08  1.12144347e+00  1.37525000e-08 -7.13534778e-06 
 1.37535000e-08 -7.29972476e-03  1.37535000e-08  1.04050723e+00  1.37535000e-08 -5.16953384e-06 
 1.37545000e-08 -8.84605649e-03  1.37545000e-08  9.58553589e-01  1.37545000e-08  2.46354287e-07 
 1.37555000e-08 -1.07701556e-02  1.37555000e-08  8.75668244e-01  1.37555000e-08  4.73652293e-06 
 1.37565000e-08 -1.26204198e-02  1.37565000e-08  7.92023776e-01  1.37565000e-08  1.12213299e-05 
 1.37945000e-08  9.05182669e-01  1.37945000e-08  3.39938978e-03  1.37945000e-08 -1.36716252e-04 
 1.37955000e-08  9.50421728e-01  1.37955000e-08  3.29655916e-03  1.37955000e-08 -1.43976848e-04 
 1.37965000e-08  9.94977618e-01  1.37965000e-08  3.20199440e-03  1.37965000e-08 -1.45981160e-04 
 1.37975000e-08  1.03929547e+00  1.37975000e-08  3.10869306e-03  1.37975000e-08 -1.50596843e-04 
 1.37985000e-08  1.08373232e+00  1.37985000e-08  3.02774475e-03  1.37985000e-08 -1.53268215e-04 
 1.37995000e-08  1.12821515e+00  1.37995000e-08  2.95139729e-03  1.37995000e-08 -1.57750163e-04 
 1.41695000e-08  1.94995146e+00  1.41695000e-08  9.03079477e-01  1.41695000e-08 -1.03010218e-04 
 1.41705000e-08  1.94995202e+00  1.41705000e-08  9.64330938e-01  1.41705000e-08 -1.21816431e-04 
 1.41715000e-08  1.94995246e+00  1.41715000e-08  1.02474283e+00  1.41715000e-08 -1.35378664e-04 
 1.41725000e-08  1.94995305e+00  1.41725000e-08  1.08433262e+00  1.41725000e-08 -1.42994453e-04 
 1.41735000e-08  1.94995342e+00  1.41735000e-08  1.14323772e+00  1.41735000e-08 -1.58207964e-04 
 1.41745000e-08  1.94995381e+00  1.41745000e-08  1.20173601e+00  1.41745000e-08 -1.72954241e-04 
 1.42895000e-08  1.97239422e+00  1.42895000e-08  1.94992262e+00  1.42895000e-08  8.84039959e-01 
 1.42905000e-08  1.97951708e+00  1.42905000e-08  1.94993017e+00  1.42905000e-08  9.44565351e-01 
 1.42915000e-08  1.98617279e+00  1.42915000e-08  1.94993582e+00  1.42915000e-08  1.00426290e+00 
 1.42925000e-08  1.99251089e+00  1.42925000e-08  1.94994161e+00  1.42925000e-08  1.06576167e+00 
 1.42935000e-08  1.99849266e+00  1.42935000e-08  1.94994832e+00  1.42935000e-08  1.13269587e+00 
 1.42945000e-08  2.00420632e+00  1.42945000e-08  1.94994350e+00  1.42945000e-08  1.20607665e+00 
 1.43325000e-08  1.15185112e+00  1.43325000e-08  1.94982439e+00  1.43325000e-08  1.93988735e+00 
 1.43335000e-08  1.09284919e+00  1.43335000e-08  1.94983616e+00  1.43335000e-08  1.94065572e+00 
 1.43345000e-08  1.03392486e+00  1.43345000e-08  1.94984800e+00  1.43345000e-08  1.94152430e+00 
 1.43355000e-08  9.75014731e-01  1.43355000e-08  1.94985899e+00  1.43355000e-08  1.94214273e+00 
 1.43365000e-08  9.16155312e-01  1.43365000e-08  1.94986988e+00  1.43365000e-08  1.94286934e+00 
 1.43375000e-08  8.57313833e-01  1.43375000e-08  1.94987973e+00  1.43375000e-08  1.94336900e+00 
 1.48735000e-08 -4.77163964e-03  1.48735000e-08  1.20316978e+00  1.48735000e-08  1.94989859e+00 
 1.48745000e-08 -5.92557788e-03  1.48745000e-08  1.12340819e+00  1.48745000e-08  1.94988187e+00 
 1.48755000e-08 -7.23550956e-03  1.48755000e-08  1.04250461e+00  1.48755000e-08  1.94987050e+00 
 1.48765000e-08 -8.76969809e-03  1.48765000e-08  9.60577632e-01  1.48765000e-08  1.94987051e+00 
 1.48775000e-08 -1.06691778e-02  1.48775000e-08  8.77718853e-01  1.48775000e-08  1.94988446e+00 
 1.48785000e-08 -1.25186156e-02  1.48785000e-08  7.94093522e-01  1.48785000e-08  1.94991420e+00 
 1.49165000e-08  9.03097541e-01  1.49165000e-08  3.60195771e-03  1.49165000e-08  1.94936187e+00 
 1.49175000e-08  9.48378747e-01  1.49175000e-08  3.50983058e-03  1.49175000e-08  1.94929868e+00 
 1.49185000e-08  9.92955936e-01  1.49185000e-08  3.43405217e-03  1.49185000e-08  1.94921420e+00 
 1.49195000e-08  1.03727461e+00  1.49195000e-08  3.36822003e-03  1.49195000e-08  1.94909814e+00 
 1.49205000e-08  1.08170383e+00  1.49205000e-08  3.32392483e-03  1.49205000e-08  1.94894306e+00 
 1.49215000e-08  1.12619405e+00  1.49215000e-08  3.29242053e-03  1.49215000e-08  1.94874101e+00 
 1.52915000e-08  1.94995144e+00  1.52915000e-08  9.01503724e-01  1.52915000e-08  1.94986199e+00 
 1.52925000e-08  1.94995200e+00  1.52925000e-08  9.62590059e-01  1.52925000e-08  1.94975559e+00 
 1.52935000e-08  1.94995244e+00  1.52935000e-08  1.02274754e+00  1.52935000e-08  1.94964515e+00 
 1.52945000e-08  1.94995303e+00  1.52945000e-08  1.08199078e+00  1.52945000e-08  1.94954913e+00 
 1.52955000e-08  1.94995340e+00  1.52955000e-08  1.14048975e+00  1.52955000e-08  1.94944374e+00 
 1.52965000e-08  1.94995380e+00  1.52965000e-08  1.19867273e+00  1.52965000e-08  1.94932146e+00 
 1.54255000e-08  2.04944064e+00  1.54255000e-08  1.94996101e+00  1.54255000e-08  1.18608903e+00 
 1.54265000e-08  2.05403521e+00  1.54265000e-08  1.94998903e+00  1.54265000e-08  1.12855332e+00 
 1.54275000e-08  2.05780785e+00  1.54275000e-08  1.95001464e+00  1.54275000e-08  1.07089277e+00 
 1.54285000e-08  2.06016881e+00  1.54285000e-08  1.95004145e+00  1.54285000e-08  1.01291028e+00 
 1.54295000e-08  2.06052482e+00  1.54295000e-08  1.95006000e+00  1.54295000e-08  9.54482418e-01 
 1.54305000e-08  2.05853874e+00  1.54305000e-08  1.95007633e+00  1.54305000e-08  8.95451919e-01 
 1.54545000e-08  1.15444425e+00  1.54545000e-08  1.94923481e+00  1.54545000e-08  2.06048020e-02 
 1.54555000e-08  1.09543869e+00  1.54555000e-08  1.94920428e+00  1.54555000e-08  1.98429067e-02 
 1.54565000e-08  1.03651427e+00  1.54565000e-08  1.94923740e+00  1.54565000e-08  1.89483465e-02 
 1.54575000e-08  9.77601957e-01  1.54575000e-08  1.94939294e+00  1.54575000e-08  1.76206957e-02 
 1.54585000e-08  9.18742623e-01  1.54585000e-08  1.94962918e+00  1.54585000e-08  1.69615787e-02 
 1.54595000e-08  8.59898350e-01  1.54595000e-08  1.94987956e+00  1.54595000e-08  1.72130290e-02 
 1.59955000e-08 -4.74263390e-03  1.59955000e-08  1.20676560e+00  1.59955000e-08 -8.12201776e-06 
 1.59965000e-08 -5.89314713e-03  1.59965000e-08  1.12704971e+00  1.59965000e-08 -7.19565373e-06 
 1.59975000e-08 -7.19804515e-03  1.59975000e-08  1.04619427e+00  1.59975000e-08 -5.46326494e-06 
 1.59985000e-08 -8.72521322e-03  1.59985000e-08  9.64304359e-01  1.59985000e-08 -9.72535208e-08 
 1.59995000e-08 -1.06108144e-02  1.59995000e-08  8.81482931e-01  1.59995000e-08  4.29775070e-06 
 1.60005000e-08 -1.24594327e-02  1.60005000e-08  7.97883195e-01  1.60005000e-08  1.07858688e-05 
 1.60385000e-08  9.01881294e-01  1.60385000e-08  3.40608576e-03  1.60385000e-08 -1.36147375e-04 
 1.60395000e-08  9.47187585e-01  1.60395000e-08  3.30384120e-03  1.60395000e-08 -1.43661019e-04 
 1.60405000e-08  9.91777624e-01  1.60405000e-08  3.20828727e-03  1.60405000e-08 -1.45768995e-04 
 1.60415000e-08  1.03609719e+00  1.60415000e-08  3.11511178e-03  1.60415000e-08 -1.50412869e-04 
 1.60425000e-08  1.08052196e+00  1.60425000e-08  3.03300450e-03  1.60425000e-08 -1.52943011e-04 
 1.60435000e-08  1.12501594e+00  1.60435000e-08  2.95651157e-03  1.60435000e-08 -1.57615926e-04 
 1.64135000e-08  1.94995142e+00  1.64135000e-08  8.98628675e-01  1.64135000e-08 -1.01106059e-04 
 1.64145000e-08  1.94995199e+00  1.64145000e-08  9.59940376e-01  1.64145000e-08 -1.20683240e-04 
 1.64155000e-08  1.94995242e+00  1.64155000e-08  1.02041303e+00  1.64155000e-08 -1.34814806e-04 
 1.64165000e-08  1.94995302e+00  1.64165000e-08  1.08005568e+00  1.64165000e-08 -1.41977263e-04 
 1.64175000e-08  1.94995339e+00  1.64175000e-08  1.13899866e+00  1.64175000e-08 -1.57264020e-04 
 1.64185000e-08  1.94995380e+00  1.64185000e-08  1.19751107e+00  1.64185000e-08 -1.71575180e-04 
 1.65335000e-08  1.97190228e+00  1.65335000e-08  1.94992231e+00  1.65335000e-08  8.79613313e-01 
 1.65345000e-08  1.97904439e+00  1.65345000e-08  1.94992956e+00  1.65345000e-08  9.40235486e-01 
 1.65355000e-08  1.98573348e+00  1.65355000e-08  1.94993549e+00  1.65355000e-08  9.99947281e-01 
 1.65365000e-08  1.99209224e+00  1.65365000e-08  1.94994116e+00  1.65365000e-08  1.06112392e+00 
 1.65375000e-08  1.99809750e+00  1.65375000e-08  1.94994834e+00  1.65375000e-08  1.12754105e+00 
 1.65385000e-08  2.00382802e+00  1.65385000e-08  1.94994336e+00  1.65385000e-08  1.20077508e+00 
 1.65765000e-08  1.15583199e+00  1.65765000e-08  1.94982343e+00  1.65765000e-08  1.93982001e+00 
 1.65775000e-08  1.09682341e+00  1.65775000e-08  1.94983540e+00  1.65775000e-08  1.94059804e+00 
 1.65785000e-08  1.03789801e+00  1.65785000e-08  1.94984709e+00  1.65785000e-08  1.94146893e+00 
 1.65795000e-08  9.78983768e-01  1.65795000e-08  1.94985830e+00  1.65795000e-08  1.94209553e+00 
 1.65805000e-08  9.20123955e-01  1.65805000e-08  1.94986904e+00  1.65805000e-08  1.94282349e+00 
 1.65815000e-08  8.61277636e-01  1.65815000e-08  1.94987912e+00  1.65815000e-08  1.94333016e+00 
 1.71175000e-08 -4.69199420e-03  1.71175000e-08  1.20858312e+00  1.71175000e-08  1.94989984e+00 
 1.71185000e-08 -5.83653672e-03  1.71185000e-08  1.12889638e+00  1.71185000e-08  1.94988290e+00 
 1.71195000e-08 -7.13274614e-03  1.71195000e-08  1.04807202e+00  1.71195000e-08  1.94987100e+00 
 1.71205000e-08 -8.64775718e-03  1.71205000e-08  9.66207657e-01  1.71205000e-08  1.94987007e+00 
 1.71215000e-08 -1.05099513e-02  1.71215000e-08  8.83411693e-01  1.71215000e-08  1.94988305e+00 
 1.71225000e-08 -1.23566788e-02  1.71225000e-08  7.99830494e-01  1.71225000e-08  1.94991163e+00 
 1.71605000e-08  8.99732724e-01  1.71605000e-08  3.60809953e-03  1.71605000e-08  1.94936526e+00 
 1.71615000e-08  9.45084074e-01  1.71615000e-08  3.51631953e-03  1.71615000e-08  1.94930370e+00 
 1.71625000e-08  9.89697423e-01  1.71625000e-08  3.43860208e-03  1.71625000e-08  1.94922060e+00 
 1.71635000e-08  1.03401921e+00  1.71635000e-08  3.37271153e-03  1.71635000e-08  1.94910735e+00 
 1.71645000e-08  1.07843341e+00  1.71645000e-08  3.32616465e-03  1.71645000e-08  1.94895481e+00 
 1.71655000e-08  1.12293286e+00  1.71655000e-08  3.29445506e-03  1.71655000e-08  1.94875637e+00 
 1.75355000e-08  1.94995140e+00  1.75355000e-08  8.96775172e-01  1.75355000e-08  1.94986950e+00 
 1.75365000e-08  1.94995197e+00  1.75365000e-08  9.57932359e-01  1.75365000e-08  1.94976411e+00 
 1.75375000e-08  1.94995240e+00  1.75375000e-08  1.01816170e+00  1.75375000e-08  1.94965351e+00 
 1.75385000e-08  1.94995300e+00  1.75385000e-08  1.07747185e+00  1.75385000e-08  1.94955628e+00 
 1.75395000e-08  1.94995337e+00  1.75395000e-08  1.13601736e+00  1.75395000e-08  1.94945228e+00 
 1.75405000e-08  1.94995378e+00  1.75405000e-08  1.19419807e+00  1.75405000e-08  1.94933154e+00 
 1.76695000e-08  2.04911090e+00  1.76695000e-08  1.94995916e+00  1.76695000e-08  1.19048760e+00 
 1.76705000e-08  2.05373972e+00  1.76705000e-08  1.94998690e+00  1.76705000e-08  1.13295342e+00 
 1.76715000e-08  2.05758771e+00  1.76715000e-08  1.95001266e+00  1.76715000e-08  1.07531261e+00 
 1.76725000e-08  2.06006483e+00  1.76725000e-08  1.95003953e+00  1.76725000e-08  1.01735619e+00 
 1.76735000e-08  2.06057232e+00  1.76735000e-08  1.95005880e+00  1.76735000e-08  9.58971447e-01 
 1.76745000e-08  2.05875293e+00  1.76745000e-08  1.95007523e+00  1.76745000e-08  8.99986699e-01 
 1.76985000e-08  1.15848118e+00  1.76985000e-08  1.94923899e+00  1.76985000e-08  2.06653103e-02 
 1.76995000e-08  1.09946911e+00  1.76995000e-08  1.94920522e+00  1.76995000e-08  1.99001989e-02 
 1.77005000e-08  1.04054375e+00  1.77005000e-08  1.94923100e+00  1.77005000e-08  1.90339709e-02 
 1.77015000e-08  9.81627468e-01  1.77015000e-08  1.94937716e+00  1.77015000e-08  1.77141906e-02 
 1.77025000e-08  9.22767935e-01  1.77025000e-08  1.94960953e+00  1.77025000e-08  1.69739542e-02 
 1.77035000e-08  8.63919008e-01  1.77035000e-08  1.94986151e+00  1.77035000e-08  1.71823174e-02 
 1.82395000e-08 -4.66564150e-03  1.82395000e-08  1.21203285e+00  1.82395000e-08 -8.10927423e-06 
 1.82405000e-08 -5.80709785e-03  1.82405000e-08  1.13239008e+00  1.82405000e-08 -7.23344310e-06 
 1.82415000e-08 -7.09882597e-03  1.82415000e-08  1.05161189e+00  1.82415000e-08 -5.74183587e-06 
 1.82425000e-08 -8.60757790e-03  1.82425000e-08  9.69783160e-01  1.82425000e-08 -4.11882039e-07 
 1.82435000e-08 -1.04509838e-02  1.82435000e-08  8.87023281e-01  1.82435000e-08  3.91876266e-06 
 1.82445000e-08 -1.22891390e-02  1.82445000e-08  8.03466908e-01  1.82445000e-08  1.03133459e-05 
 1.82825000e-08  8.98399111e-01  1.82825000e-08  3.41235384e-03  1.82825000e-08 -1.35631946e-04 
 1.82835000e-08  9.43778996e-01  1.82835000e-08  3.31085119e-03  1.82835000e-08 -1.43260127e-04 
 1.82845000e-08  9.88407294e-01  1.82845000e-08  3.21419578e-03  1.82845000e-08 -1.45626515e-04 
 1.82855000e-08  1.03273095e+00  1.82855000e-08  3.12133032e-03  1.82855000e-08 -1.50142348e-04 
 1.82865000e-08  1.07714034e+00  1.82865000e-08  3.03793105e-03  1.82865000e-08 -1.52714085e-04 
 1.82875000e-08  1.12164274e+00  1.82875000e-08  2.96149819e-03  1.82875000e-08 -1.57398813e-04 
 1.86575000e-08  1.94995139e+00  1.86575000e-08  8.93866166e-01  1.86575000e-08 -9.89700198e-05 
 1.86585000e-08  1.94995195e+00  1.86585000e-08  9.55241714e-01  1.86585000e-08 -1.19476755e-04 
 1.86595000e-08  1.94995238e+00  1.86595000e-08  1.01577921e+00  1.86595000e-08 -1.34163630e-04 
 1.86605000e-08  1.94995299e+00  1.86605000e-08  1.07548322e+00  1.86605000e-08 -1.41139558e-04 
 1.86615000e-08  1.94995336e+00  1.86615000e-08  1.13447262e+00  1.86615000e-08 -1.56098260e-04 
 1.86625000e-08  1.94995378e+00  1.86625000e-08  1.19300331e+00  1.86625000e-08 -1.70220470e-04 
 1.87775000e-08  1.97134178e+00  1.87775000e-08  1.94992198e+00  1.87775000e-08  8.74926390e-01 
 1.87785000e-08  1.97850565e+00  1.87785000e-08  1.94992890e+00  1.87785000e-08  9.35654209e-01 
 1.87795000e-08  1.98523241e+00  1.87795000e-08  1.94993514e+00  1.87795000e-08  9.95391297e-01 
 1.87805000e-08  1.99161470e+00  1.87805000e-08  1.94994080e+00  1.87805000e-08  1.05625199e+00 
 1.87815000e-08  1.99764678e+00  1.87815000e-08  1.94994813e+00  1.87815000e-08  1.12214509e+00 
 1.87825000e-08  2.00339668e+00  1.87825000e-08  1.94994328e+00  1.87825000e-08  1.19515783e+00 
 1.88205000e-08  1.16036063e+00  1.88205000e-08  1.94982241e+00  1.88205000e-08  1.93974496e+00 
 1.88215000e-08  1.10134473e+00  1.88215000e-08  1.94983461e+00  1.88215000e-08  1.94053937e+00 
 1.88225000e-08  1.04241820e+00  1.88225000e-08  1.94984612e+00  1.88225000e-08  1.94140684e+00 
 1.88235000e-08  9.83499492e-01  1.88235000e-08  1.94985757e+00  1.88235000e-08  1.94204793e+00 
 1.88245000e-08  9.24639428e-01  1.88245000e-08  1.94986814e+00  1.88245000e-08  1.94277171e+00 
 1.88255000e-08  8.65787920e-01  1.88255000e-08  1.94987848e+00  1.88255000e-08  1.94329135e+00 
 1.93615000e-08 -4.61534760e-03  1.93615000e-08  1.21409140e+00  1.93615000e-08  1.94990110e+00 
 1.93625000e-08 -5.75095977e-03  1.93625000e-08  1.13448123e+00  1.93625000e-08  1.94988394e+00 
 1.93635000e-08 -7.03420498e-03  1.93635000e-08  1.05373777e+00  1.93635000e-08  1.94987156e+00 
 1.93645000e-08 -8.53114038e-03  1.93645000e-08  9.71937550e-01  1.93645000e-08  1.94986966e+00 
 1.93655000e-08 -1.03532674e-02  1.93655000e-08  8.89206175e-01  1.93655000e-08  1.94988168e+00 
 1.93665000e-08 -1.21897108e-02  1.93665000e-08  8.05670600e-01  1.93665000e-08  1.94990902e+00 
 1.94055000e-08  9.41685389e-01  1.94055000e-08  3.52274280e-03  1.94055000e-08  1.94930876e+00 
 1.94065000e-08  9.86338363e-01  1.94065000e-08  3.44310559e-03  1.94065000e-08  1.94922702e+00 
 1.94075000e-08  1.03066569e+00  1.94075000e-08  3.37713438e-03  1.94075000e-08  1.94911662e+00 
 1.94085000e-08  1.07506744e+00  1.94085000e-08  3.32838210e-03  1.94085000e-08  1.94896660e+00 
 1.94095000e-08  1.11957358e+00  1.94095000e-08  3.29645097e-03  1.94095000e-08  1.94877186e+00 
 1.94105000e-08  1.16372077e+00  1.94105000e-08  3.28248791e-03  1.94105000e-08  1.94853478e+00 
 1.97795000e-08  1.94995136e+00  1.97795000e-08  8.92104397e-01  1.97795000e-08  1.94987685e+00 
 1.97805000e-08  1.94995193e+00  1.97805000e-08  9.53331040e-01  1.97805000e-08  1.94977249e+00 
 1.97815000e-08  1.94995236e+00  1.97815000e-08  1.01363419e+00  1.97815000e-08  1.94966170e+00 
 1.97825000e-08  1.94995296e+00  1.97825000e-08  1.07301409e+00  1.97825000e-08  1.94956328e+00 
 1.97835000e-08  1.94995334e+00  1.97835000e-08  1.13160772e+00  1.97835000e-08  1.94946067e+00 
 1.97845000e-08  1.94995376e+00  1.97845000e-08  1.18979213e+00  1.97845000e-08  1.94934137e+00 
 1.99135000e-08  2.04877216e+00  1.99135000e-08  1.94995732e+00  1.99135000e-08  1.19486096e+00 
 1.99145000e-08  2.05343376e+00  1.99145000e-08  1.94998478e+00  1.99145000e-08  1.13732755e+00 
 1.99155000e-08  2.05735586e+00  1.99155000e-08  1.95001068e+00  1.99155000e-08  1.07970529e+00 
 1.99165000e-08  2.05994902e+00  1.99165000e-08  1.95003760e+00  1.99165000e-08  1.02177379e+00 
 1.99175000e-08  2.06060981e+00  1.99175000e-08  1.95005757e+00  1.99175000e-08  9.63431027e-01 
 1.99185000e-08  2.05896037e+00  1.99185000e-08  1.95007412e+00  1.99185000e-08  9.04491163e-01 
 1.99425000e-08  1.16261179e+00  1.99425000e-08  1.94924304e+00  1.99425000e-08  2.07241263e-02 
 1.99435000e-08  1.10359304e+00  1.99435000e-08  1.94920616e+00  1.99435000e-08  1.99593042e-02 
 1.99445000e-08  1.04466660e+00  1.99445000e-08  1.94922543e+00  1.99445000e-08  1.91082542e-02 
 1.99455000e-08  9.85746264e-01  1.99455000e-08  1.94936188e+00  1.99455000e-08  1.78083239e-02 
 1.99465000e-08  9.26886486e-01  1.99465000e-08  1.94959038e+00  1.99465000e-08  1.69866764e-02 
 1.99475000e-08  8.68032881e-01  1.99475000e-08  1.94984337e+00  1.99475000e-08  1.71528514e-02 
 2.04835000e-08 -4.58228498e-03  2.04835000e-08  1.21712380e+00  2.04835000e-08 -7.95206107e-06 
 2.04845000e-08 -5.71408851e-03  2.04845000e-08  1.13755219e+00  2.04845000e-08 -7.40268810e-06 
 2.04855000e-08 -6.99180847e-03  2.04855000e-08  1.05684909e+00  2.04855000e-08 -5.86474632e-06 
 2.04865000e-08 -8.48106801e-03  2.04865000e-08  9.75079993e-01  2.04865000e-08 -8.52033749e-07 
 2.04875000e-08 -1.02896152e-02  2.04875000e-08  8.92380097e-01  2.04875000e-08  3.67417777e-06 
 2.04885000e-08 -1.21248853e-02  2.04885000e-08  8.08866165e-01  2.04885000e-08  9.83999233e-06 
 2.05275000e-08  9.40296648e-01  2.05275000e-08  3.31769073e-03  2.05275000e-08 -1.42750150e-04 
 2.05285000e-08  9.84966497e-01  2.05285000e-08  3.21990806e-03  2.05285000e-08 -1.45601904e-04 
 2.05295000e-08  1.02929674e+00  2.05295000e-08  3.12742423e-03  2.05295000e-08 -1.49760673e-04 
 2.05305000e-08  1.07369349e+00  2.05305000e-08  3.04270890e-03  2.05305000e-08 -1.52604800e-04 
 2.05315000e-08  1.11820146e+00  2.05315000e-08  2.96642702e-03  2.05315000e-08 -1.57059419e-04 
 2.05325000e-08  1.16236797e+00  2.05325000e-08  2.90073337e-03  2.05325000e-08 -1.58860772e-04 
 2.09015000e-08  1.94995135e+00  2.09015000e-08  8.89069689e-01  2.09015000e-08 -9.67627394e-05 
 2.09025000e-08  1.94995192e+00  2.09025000e-08  9.50507134e-01  2.09025000e-08 -1.18177672e-04 
 2.09035000e-08  1.94995234e+00  2.09035000e-08  1.01111078e+00  2.09035000e-08 -1.33305123e-04 
 2.09045000e-08  1.94995295e+00  2.09045000e-08  1.07087967e+00  2.09045000e-08 -1.40550173e-04 
 2.09055000e-08  1.94995332e+00  2.09055000e-08  1.12991731e+00  2.09055000e-08 -1.54913358e-04 
 2.09065000e-08  1.94995376e+00  2.09065000e-08  1.18846949e+00  2.09065000e-08 -1.68921452e-04 
 2.10215000e-08  1.97075789e+00  2.10215000e-08  1.94992165e+00  2.10215000e-08  8.70128420e-01 
 2.10225000e-08  1.97794465e+00  2.10225000e-08  1.94992825e+00  2.10225000e-08  9.30969826e-01 
 2.10235000e-08  1.98471065e+00  2.10235000e-08  1.94993476e+00  2.10235000e-08  9.90744398e-01 
 2.10245000e-08  1.99111760e+00  2.10245000e-08  1.94994040e+00  2.10245000e-08  1.05133648e+00 
 2.10255000e-08  1.99717784e+00  2.10255000e-08  1.94994787e+00  2.10255000e-08  1.11669308e+00 
 2.10265000e-08  2.00294817e+00  2.10265000e-08  1.94994331e+00  2.10265000e-08  1.18942076e+00 
 2.10645000e-08  1.16504872e+00  2.10645000e-08  1.94982138e+00  2.10645000e-08  1.93966878e+00 
 2.10655000e-08  1.10602703e+00  2.10655000e-08  1.94983378e+00  2.10655000e-08  1.94048069e+00 
 2.10665000e-08  1.04709727e+00  2.10665000e-08  1.94984513e+00  2.10665000e-08  1.94134376e+00 
 2.10675000e-08  9.88175540e-01  2.10675000e-08  1.94985679e+00  2.10675000e-08  1.94200040e+00 
 2.10685000e-08  9.29313536e-01  2.10685000e-08  1.94986723e+00  2.10685000e-08  1.94271908e+00 
 2.10695000e-08  8.70458255e-01  2.10695000e-08  1.94987778e+00  2.10695000e-08  1.94325270e+00 
 2.16055000e-08 -4.52653685e-03  2.16055000e-08  1.22038258e+00  2.16055000e-08  1.94990253e+00 
 2.16065000e-08 -5.65196445e-03  2.16065000e-08  1.14086118e+00  2.16065000e-08  1.94988519e+00 
 2.16075000e-08 -6.92129256e-03  2.16075000e-08  1.06021114e+00  2.16075000e-08  1.94987226e+00 
 2.16085000e-08 -8.39869454e-03  2.16085000e-08  9.78485325e-01  2.16085000e-08  1.94986930e+00 
 2.16095000e-08 -1.01851536e-02  2.16095000e-08  8.95829007e-01  2.16095000e-08  1.94988021e+00 
 2.16105000e-08 -1.20185278e-02  2.16105000e-08  8.12346883e-01  2.16105000e-08  1.94990623e+00 
 2.16495000e-08  9.37990964e-01  2.16495000e-08  3.53025638e-03  2.16495000e-08  1.94931436e+00 
 2.16505000e-08  9.82690042e-01  2.16505000e-08  3.44851144e-03  2.16505000e-08  1.94923437e+00 
 2.16515000e-08  1.02702805e+00  2.16515000e-08  3.38238493e-03  2.16515000e-08  1.94912686e+00 
 2.16525000e-08  1.07141710e+00  2.16525000e-08  3.33119294e-03  2.16525000e-08  1.94897995e+00 
 2.16535000e-08  1.11592856e+00  2.16535000e-08  3.29892482e-03  2.16535000e-08  1.94878914e+00 
 2.16545000e-08  1.16012559e+00  2.16545000e-08  3.28259870e-03  2.16545000e-08  1.94855471e+00 
 2.20235000e-08  1.94995133e+00  2.20235000e-08  8.87092166e-01  2.20235000e-08  1.94988465e+00 
 2.20245000e-08  1.94995189e+00  2.20245000e-08  9.48395180e-01  2.20245000e-08  1.94978144e+00 
 2.20255000e-08  1.94995231e+00  2.20255000e-08  1.00877328e+00  2.20255000e-08  1.94967049e+00 
 2.20265000e-08  1.94995292e+00  2.20265000e-08  1.06822259e+00  2.20265000e-08  1.94957090e+00 
 2.20275000e-08  1.94995330e+00  2.20275000e-08  1.12686998e+00  2.20275000e-08  1.94946965e+00 
 2.20285000e-08  1.94995374e+00  2.20285000e-08  1.18506362e+00  2.20285000e-08  1.94935184e+00 
 2.21575000e-08  2.04832438e+00  2.21575000e-08  1.94995535e+00  2.21575000e-08  1.19958195e+00 
 2.21585000e-08  2.05302571e+00  2.21585000e-08  1.94998249e+00  2.21585000e-08  1.14204876e+00 
 2.21595000e-08  2.05704060e+00  2.21595000e-08  1.95000850e+00  2.21595000e-08  1.08444537e+00 
 2.21605000e-08  2.05978188e+00  2.21605000e-08  1.95003549e+00  2.21605000e-08  1.02653977e+00 
 2.21615000e-08  2.06064127e+00  2.21615000e-08  1.95005621e+00  2.21615000e-08  9.68241381e-01 
 2.21625000e-08  2.05921408e+00  2.21625000e-08  1.95007289e+00  2.21625000e-08  9.09349408e-01 
 2.21865000e-08  1.16805460e+00  2.21865000e-08  1.94924758e+00  2.21865000e-08  2.07878041e-02 
 2.21875000e-08  1.10903220e+00  2.21875000e-08  1.94920741e+00  2.21875000e-08  2.00229114e-02 
 2.21885000e-08  1.05009876e+00  2.21885000e-08  1.94922038e+00  2.21885000e-08  1.91885141e-02 
 2.21895000e-08  9.91177635e-01  2.21895000e-08  1.94934607e+00  2.21895000e-08  1.79215143e-02 
 2.21905000e-08  9.32312849e-01  2.21905000e-08  1.94956999e+00  2.21905000e-08  1.70112653e-02 
 2.21915000e-08  8.73457417e-01  2.21915000e-08  1.94982344e+00  2.21915000e-08  1.71233540e-02 
 2.27275000e-08 -4.47951796e-03  2.27275000e-08  1.22440945e+00  2.27275000e-08 -7.72862456e-06 
 2.27285000e-08 -5.59963801e-03  2.27285000e-08  1.14494191e+00  2.27285000e-08 -7.62282658e-06 
 2.27295000e-08 -6.86124238e-03  2.27295000e-08  1.06434809e+00  2.27295000e-08 -6.03450431e-06 
 2.27305000e-08 -8.32798737e-03  2.27305000e-08  9.82666265e-01  2.27305000e-08 -1.46814628e-06 
 2.27315000e-08 -1.00962802e-02  2.27315000e-08  9.00054419e-01  2.27315000e-08  3.31625640e-06 
 2.27325000e-08 -1.19283820e-02  2.27325000e-08  8.16603471e-01  2.27325000e-08  9.15589183e-06 
 2.27715000e-08  9.35984255e-01  2.27715000e-08  3.32756293e-03  2.27715000e-08 -1.42051092e-04 
 2.27725000e-08  9.80712626e-01  2.27725000e-08  3.22826882e-03  2.27725000e-08 -1.45539480e-04 
 2.27735000e-08  1.02505985e+00  2.27735000e-08  3.13625775e-03  2.27735000e-08 -1.49225892e-04 
 2.27745000e-08  1.06943909e+00  2.27745000e-08  3.04975254e-03  2.27745000e-08 -1.52424929e-04 
 2.27755000e-08  1.11395061e+00  2.27755000e-08  2.97360202e-03  2.27755000e-08 -1.56589393e-04 
 2.27765000e-08  1.15817230e+00  2.27765000e-08  2.90597589e-03  2.27765000e-08 -1.58809699e-04 
 2.31455000e-08  1.94995131e+00  2.31455000e-08  8.83092077e-01  2.31455000e-08 -9.39580125e-05 
 2.31465000e-08  1.94995186e+00  2.31465000e-08  9.44608613e-01  2.31465000e-08 -1.16535657e-04 
 2.31475000e-08  1.94995229e+00  2.31475000e-08  1.00529380e+00  2.31475000e-08 -1.32020096e-04 
 2.31485000e-08  1.94995289e+00  2.31485000e-08  1.06514093e+00  2.31485000e-08 -1.39856670e-04 
 2.31495000e-08  1.94995329e+00  2.31495000e-08  1.12424065e+00  2.31495000e-08 -1.53489295e-04 
 2.31505000e-08  1.94995373e+00  2.31505000e-08  1.18282361e+00  2.31505000e-08 -1.67374773e-04 
 2.32655000e-08  1.96998724e+00  2.32655000e-08  1.94992126e+00  2.32655000e-08  8.64185630e-01 
 2.32665000e-08  1.97720288e+00  2.32665000e-08  1.94992745e+00  2.32665000e-08  9.25171589e-01 
 2.32675000e-08  1.98401978e+00  2.32675000e-08  1.94993430e+00  2.32675000e-08  9.85004356e-01 
 2.32685000e-08  1.99045887e+00  2.32685000e-08  1.94993987e+00  2.32685000e-08  1.04532842e+00 
 2.32695000e-08  1.99655625e+00  2.32695000e-08  1.94994747e+00  2.32695000e-08  1.11004341e+00 
 2.32705000e-08  2.00235375e+00  2.32705000e-08  1.94994349e+00  2.32705000e-08  1.18232465e+00 
 2.33085000e-08  1.17125387e+00  2.33085000e-08  1.94982012e+00  2.33085000e-08  1.93957142e+00 
 2.33095000e-08  1.11222926e+00  2.33095000e-08  1.94983271e+00  2.33095000e-08  1.94040693e+00 
 2.33105000e-08  1.05329058e+00  2.33105000e-08  1.94984392e+00  2.33105000e-08  1.94126309e+00 
 2.33115000e-08  9.94369022e-01  2.33115000e-08  1.94985581e+00  2.33115000e-08  1.94194079e+00 
 2.33125000e-08  9.35500562e-01  2.33125000e-08  1.94986613e+00  2.33125000e-08  1.94265169e+00 
 2.33135000e-08  8.76644259e-01  2.33135000e-08  1.94987692e+00  2.33135000e-08  1.94320432e+00 
 2.38495000e-08 -4.40579716e-03  2.38495000e-08  1.22860844e+00  2.38495000e-08  1.94990437e+00 
 2.38505000e-08 -5.51770874e-03  2.38505000e-08  1.14920306e+00  2.38505000e-08  1.94988687e+00 
 2.38515000e-08 -6.76739265e-03  2.38515000e-08  1.06867498e+00  2.38515000e-08  1.94987325e+00 
 2.38525000e-08 -8.21770298e-03  2.38525000e-08  9.87046242e-01  2.38525000e-08  1.94986898e+00 
 2.38535000e-08 -9.95854444e-03  2.38535000e-08  9.04487897e-01  2.38535000e-08  1.94987840e+00 
 2.38545000e-08 -1.17896489e-02  2.38545000e-08  8.21075417e-01  2.38545000e-08  1.94990274e+00 
 2.38935000e-08  9.32858249e-01  2.38935000e-08  3.53982470e-03  2.38935000e-08  1.94932143e+00 
 2.38945000e-08  9.77628324e-01  2.38945000e-08  3.45526560e-03  2.38945000e-08  1.94924382e+00 
 2.38955000e-08  1.02198833e+00  2.38955000e-08  3.38910226e-03  2.38955000e-08  1.94913985e+00 
 2.38965000e-08  1.06635608e+00  2.38965000e-08  3.33460792e-03  2.38965000e-08  1.94899719e+00 
 2.38975000e-08  1.11086739e+00  2.38975000e-08  3.30199527e-03  2.38975000e-08  1.94881149e+00 
 2.38985000e-08  1.15512701e+00  2.38985000e-08  3.28245097e-03  2.38985000e-08  1.94858084e+00 
 2.42675000e-08  1.94995128e+00  2.42675000e-08  8.80013732e-01  2.42675000e-08  1.94989550e+00 
 2.42685000e-08  1.94995182e+00  2.42685000e-08  9.41420674e-01  2.42685000e-08  1.94979408e+00 
 2.42695000e-08  1.94995226e+00  2.42695000e-08  1.00190571e+00  2.42695000e-08  1.94968338e+00 
 2.42705000e-08  1.94995285e+00  2.42705000e-08  1.06145833e+00  2.42705000e-08  1.94958116e+00 
 2.42715000e-08  1.94995326e+00  2.42715000e-08  1.12018515e+00  2.42715000e-08  1.94948211e+00 
 2.42725000e-08  1.94995370e+00  2.42725000e-08  1.17840112e+00  2.42725000e-08  1.94936645e+00 
 2.44025000e-08  2.05245091e+00  2.44025000e-08  1.94997911e+00  2.44025000e-08  1.14855439e+00 
 2.44035000e-08  2.05658586e+00  2.44035000e-08  1.95000543e+00  2.44035000e-08  1.09097421e+00 
 2.44045000e-08  2.05952388e+00  2.44045000e-08  1.95003259e+00  2.44045000e-08  1.03310195e+00 
 2.44055000e-08  2.06065271e+00  2.44055000e-08  1.95005439e+00  2.44055000e-08  9.74861239e-01 
 2.44065000e-08  2.05953112e+00  2.44065000e-08  1.95007125e+00  2.44065000e-08  9.16032682e-01 
 2.44075000e-08  2.05594063e+00  2.44075000e-08  1.95008249e+00  2.44075000e-08  8.56593069e-01 
 2.44305000e-08  1.17560435e+00  2.44305000e-08  1.94925436e+00  2.44305000e-08  2.08772674e-02 
 2.44315000e-08  1.11657809e+00  2.44315000e-08  1.94920976e+00  2.44315000e-08  2.01078507e-02 
 2.44325000e-08  1.05763341e+00  2.44325000e-08  1.94921472e+00  2.44325000e-08  1.92947566e-02 
 2.44335000e-08  9.98712194e-01  2.44335000e-08  1.94932546e+00  2.44335000e-08  1.80804847e-02 
 2.44345000e-08  9.39839431e-01  2.44345000e-08  1.94954233e+00  2.44345000e-08  1.70595066e-02 
 2.44355000e-08  8.80982708e-01  2.44355000e-08  1.94979572e+00  2.44355000e-08  1.70823075e-02 
 2.49715000e-08 -4.33375673e-03  2.49715000e-08  1.23444501e+00  2.49715000e-08 -7.44722669e-06 
 2.49725000e-08 -5.43756118e-03  2.49725000e-08  1.15512080e+00  2.49725000e-08 -7.84197136e-06 
 2.49735000e-08 -6.67603773e-03  2.49735000e-08  1.07467719e+00  2.49735000e-08 -6.27976862e-06 
 2.49745000e-08 -8.11039676e-03  2.49745000e-08  9.93115365e-01  2.49745000e-08 -2.24829956e-06 
 2.49755000e-08 -9.82571856e-03  2.49755000e-08  9.10624844e-01  2.49755000e-08  2.78517691e-06 
 2.49765000e-08 -1.16573757e-02  2.49765000e-08  8.27260733e-01  2.49765000e-08  8.29938681e-06 
 2.50155000e-08  9.29743056e-01  2.50155000e-08  3.34108058e-03  2.50155000e-08 -1.41120282e-04 
 2.50165000e-08  9.74556778e-01  2.50165000e-08  3.23944381e-03  2.50165000e-08 -1.45422747e-04 
 2.50175000e-08  1.01893125e+00  2.50175000e-08  3.14847210e-03  2.50175000e-08 -1.48544565e-04 
 2.50185000e-08  1.06328829e+00  2.50185000e-08  3.05920764e-03  2.50185000e-08 -1.52135049e-04 
 2.50195000e-08  1.10779698e+00  2.50195000e-08  2.98358433e-03  2.50195000e-08 -1.55969315e-04 
 2.50205000e-08  1.15209194e+00  2.50205000e-08  2.91298261e-03  2.50205000e-08 -1.58687679e-04 
 2.53895000e-08  1.94995125e+00  2.53895000e-08  8.74620895e-01  2.53895000e-08 -8.97951692e-05 
 2.53905000e-08  1.94995179e+00  2.53905000e-08  9.36247117e-01  2.53905000e-08 -1.14084711e-04 
 2.53915000e-08  1.94995223e+00  2.53915000e-08  9.97047199e-01  2.53915000e-08 -1.30167879e-04 
 2.53925000e-08  1.94995281e+00  2.53925000e-08  1.05700994e+00  2.53925000e-08 -1.38952589e-04 
 2.53935000e-08  1.94995323e+00  2.53935000e-08  1.11620414e+00  2.53935000e-08 -1.51561304e-04 
 2.53945000e-08  1.94995368e+00  2.53945000e-08  1.17483788e+00  2.53945000e-08 -1.65257564e-04 
 2.55095000e-08  1.96891900e+00  2.55095000e-08  1.94992077e+00  2.55095000e-08  8.55568216e-01 
 2.55105000e-08  1.97617364e+00  2.55105000e-08  1.94992631e+00  2.55105000e-08  9.16771517e-01 
 2.55115000e-08  1.98306048e+00  2.55115000e-08  1.94993361e+00  2.55115000e-08  9.76709830e-01 
 2.55125000e-08  1.98954383e+00  2.55125000e-08  1.94993903e+00  2.55125000e-08  1.03674882e+00 
 2.55135000e-08  1.99569293e+00  2.55135000e-08  1.94994670e+00  2.55135000e-08  1.10061408e+00 
 2.55145000e-08  2.00152861e+00  2.55145000e-08  1.94994403e+00  2.55145000e-08  1.17206256e+00 
 2.55525000e-08  1.17982997e+00  2.55525000e-08  1.94981839e+00  2.55525000e-08  1.93942722e+00 
 2.55535000e-08  1.12080096e+00  2.55535000e-08  1.94983108e+00  2.55535000e-08  1.94030125e+00 
 2.55545000e-08  1.06184931e+00  2.55545000e-08  1.94984226e+00  2.55545000e-08  1.94114337e+00 
 2.55555000e-08  1.00292752e+00  2.55555000e-08  1.94985428e+00  2.55555000e-08  1.94185570e+00 
 2.55565000e-08  9.44050001e-01  2.55565000e-08  1.94986460e+00  2.55565000e-08  1.94255148e+00 
 2.55575000e-08  8.85192345e-01  2.55575000e-08  1.94987556e+00  2.55575000e-08  1.94313556e+00 
 2.60935000e-08 -4.26102424e-03  2.60935000e-08  1.24005383e+00  2.60935000e-08  1.94990690e+00 
 2.60945000e-08 -5.35645608e-03  2.60945000e-08  1.16081619e+00  2.60945000e-08  1.94988928e+00 
 2.60955000e-08 -6.58407300e-03  2.60955000e-08  1.08046317e+00  2.60955000e-08  1.94987479e+00 
 2.60965000e-08 -8.00232801e-03  2.60965000e-08  9.98975511e-01  2.60965000e-08  1.94986878e+00 
 2.60975000e-08 -9.69306125e-03  2.60975000e-08  9.16559978e-01  2.60975000e-08  1.94987614e+00 
 2.60985000e-08 -1.15273734e-02  2.60985000e-08  8.33251385e-01  2.60985000e-08  1.94989819e+00 
 2.61375000e-08  9.26579047e-01  2.61375000e-08  3.55407433e-03  2.61375000e-08  1.94933084e+00 
 2.61385000e-08  9.71439624e-01  2.61385000e-08  3.46560474e-03  2.61385000e-08  1.94925650e+00 
 2.61395000e-08  1.01583089e+00  2.61395000e-08  3.39937107e-03  2.61395000e-08  1.94915719e+00 
 2.61405000e-08  1.06017824e+00  2.61405000e-08  3.34033216e-03  2.61405000e-08  1.94902038e+00 
 2.61415000e-08  1.10468232e+00  2.61415000e-08  3.30719149e-03  2.61415000e-08  1.94884166e+00 
 2.61425000e-08  1.14901061e+00  2.61425000e-08  3.28316704e-03  2.61425000e-08  1.94861645e+00 
 2.65115000e-08  1.94995123e+00  2.65115000e-08  8.71415603e-01  2.65115000e-08  1.94990844e+00 
 2.65125000e-08  1.94995175e+00  2.65125000e-08  9.32945458e-01  2.65125000e-08  1.94980923e+00 
 2.65135000e-08  1.94995220e+00  2.65135000e-08  9.93557430e-01  2.65135000e-08  1.94969892e+00 
 2.65145000e-08  1.94995277e+00  2.65145000e-08  1.05324111e+00  2.65145000e-08  1.94959339e+00 
 2.65155000e-08  1.94995321e+00  2.65155000e-08  1.11207292e+00  2.65155000e-08  1.94949694e+00 
 2.65165000e-08  1.94995365e+00  2.65165000e-08  1.17032912e+00  2.65165000e-08  1.94938379e+00 
 2.66465000e-08  2.05184227e+00  2.66465000e-08  1.94997522e+00  2.66465000e-08  1.15646017e+00 
 2.66475000e-08  2.05609203e+00  2.66475000e-08  1.95000167e+00  2.66475000e-08  1.09889575e+00 
 2.66485000e-08  2.05922436e+00  2.66485000e-08  1.95002890e+00  2.66485000e-08  1.04107373e+00 
 2.66495000e-08  2.06062646e+00  2.66495000e-08  1.95005195e+00  2.66495000e-08  9.82893596e-01 
 2.66505000e-08  2.05982005e+00  2.66505000e-08  1.95006903e+00  2.66505000e-08  9.24152959e-01 
 2.66515000e-08  2.05656600e+00  2.66515000e-08  1.95008146e+00  2.66515000e-08  8.64802591e-01 
 2.66745000e-08  1.18348865e+00  2.66745000e-08  1.94926345e+00  2.66745000e-08  2.09918989e-02 
 2.66755000e-08  1.12445840e+00  2.66755000e-08  1.94921353e+00  2.66755000e-08  2.02083811e-02 
 2.66765000e-08  1.06550163e+00  2.66765000e-08  1.94920958e+00  2.66765000e-08  1.94212860e-02 
 2.66775000e-08  1.00658016e+00  2.66775000e-08  1.94930229e+00  2.66775000e-08  1.82744171e-02 
 2.66785000e-08  9.47699132e-01  2.66785000e-08  1.94950923e+00  2.66785000e-08  1.71415080e-02 
 2.66795000e-08  8.88841355e-01  2.66795000e-08  1.94976131e+00  2.66795000e-08  1.70325235e-02 
 2.72155000e-08 -4.19739589e-03  2.72155000e-08  1.24547756e+00  2.72155000e-08 -7.14773974e-06 
 2.72165000e-08 -5.28560150e-03  2.72165000e-08  1.16631655e+00  2.72165000e-08 -8.00215884e-06 
 2.72175000e-08 -6.50387080e-03  2.72175000e-08  1.08604259e+00  2.72175000e-08 -6.53551651e-06 
 2.72185000e-08 -7.90827781e-03  2.72185000e-08  1.00461778e+00  2.72185000e-08 -3.04047407e-06 
 2.72195000e-08 -9.57821388e-03  2.72195000e-08  9.22266217e-01  2.72195000e-08  2.17646239e-06 
 2.72205000e-08 -1.14172020e-02  2.72205000e-08  8.39003625e-01  2.72205000e-08  7.39526000e-06 
 2.72595000e-08  9.23755790e-01  2.72595000e-08  3.35626329e-03  2.72595000e-08 -1.40063686e-04 
 2.72605000e-08  9.68660088e-01  2.72605000e-08  3.25206786e-03  2.72605000e-08 -1.45261559e-04 
 2.72615000e-08  1.01306794e+00  2.72615000e-08  3.16225255e-03  2.72615000e-08 -1.47791516e-04 
 2.72625000e-08  1.05740760e+00  2.72625000e-08  3.06995933e-03  2.72625000e-08 -1.51804728e-04 
 2.72635000e-08  1.10190598e+00  2.72635000e-08  2.99493891e-03  2.72635000e-08 -1.55281166e-04 
 2.72645000e-08  1.14626168e+00  2.72645000e-08  2.92104874e-03  2.72645000e-08 -1.58534306e-04 
 2.76335000e-08  1.94995121e+00  2.76335000e-08  8.66416347e-01  2.76335000e-08 -8.56461589e-05 
 2.76345000e-08  1.94995171e+00  2.76345000e-08  9.28149372e-01  2.76345000e-08 -1.11624175e-04 
 2.76355000e-08  1.94995218e+00  2.76355000e-08  9.89059373e-01  2.76355000e-08 -1.28249211e-04 
 2.76365000e-08  1.94995273e+00  2.76365000e-08  1.04913252e+00  2.76365000e-08 -1.38004800e-04 
 2.76375000e-08  1.94995319e+00  2.76375000e-08  1.10841753e+00  2.76375000e-08 -1.49644158e-04 
 2.76385000e-08  1.94995362e+00  2.76385000e-08  1.16710829e+00  2.76385000e-08 -1.63372878e-04 
 2.77545000e-08  1.97528583e+00  2.77545000e-08  1.94992523e+00  2.77545000e-08  9.08863929e-01 
 2.77555000e-08  1.98223261e+00  2.77555000e-08  1.94993293e+00  2.77555000e-08  9.68921938e-01 
 2.77565000e-08  1.98875350e+00  2.77565000e-08  1.94993817e+00  2.77565000e-08  1.02878321e+00 
 2.77575000e-08  1.99494749e+00  2.77575000e-08  1.94994579e+00  2.77575000e-08  1.09195191e+00 
 2.77585000e-08  2.00081641e+00  2.77585000e-08  1.94994478e+00  2.77585000e-08  1.16243946e+00 
 2.77595000e-08  2.00641363e+00  2.77595000e-08  1.94994445e+00  2.77595000e-08  1.23573674e+00 
 2.77965000e-08  1.18717708e+00  2.77965000e-08  1.94981677e+00  2.77965000e-08  1.93928779e+00 
 2.77975000e-08  1.12814449e+00  2.77975000e-08  1.94982951e+00  2.77975000e-08  1.94020229e+00 
 2.77985000e-08  1.06918141e+00  2.77985000e-08  1.94984072e+00  2.77985000e-08  1.94102746e+00 
 2.77995000e-08  1.01025934e+00  2.77995000e-08  1.94985285e+00  2.77995000e-08  1.94177636e+00 
 2.78005000e-08  9.51374124e-01  2.78005000e-08  1.94986318e+00  2.78005000e-08  1.94245429e+00 
 2.78015000e-08  8.92515872e-01  2.78015000e-08  1.94987426e+00  2.78015000e-08  1.94307173e+00 
 2.83375000e-08 -4.12747072e-03  2.83375000e-08  1.25057136e+00  2.83375000e-08  1.94990915e+00 
 2.83385000e-08 -5.20784264e-03  2.83385000e-08  1.17149013e+00  2.83385000e-08  1.94989159e+00 
 2.83395000e-08 -6.41600148e-03  2.83395000e-08  1.09129902e+00  2.83395000e-08  1.94987634e+00 
 2.83405000e-08 -7.80544420e-03  2.83405000e-08  1.00994242e+00  2.83405000e-08  1.94986889e+00 
 2.83415000e-08 -9.45322480e-03  2.83415000e-08  9.27660027e-01  2.83415000e-08  1.94987431e+00 
 2.83425000e-08 -1.13002646e-02  2.83425000e-08  8.44449165e-01  2.83425000e-08  1.94989434e+00 
 2.83815000e-08  9.20656003e-01  2.83815000e-08  3.56712566e-03  2.83815000e-08  1.94933913e+00 
 2.83825000e-08  9.65610539e-01  2.83825000e-08  3.47519931e-03  2.83825000e-08  1.94926767e+00 
 2.83835000e-08  1.01003844e+00  2.83835000e-08  3.40887682e-03  2.83835000e-08  1.94917244e+00 
 2.83845000e-08  1.05437089e+00  2.83845000e-08  3.34576943e-03  2.83845000e-08  1.94904094e+00 
 2.83855000e-08  1.09886156e+00  2.83855000e-08  3.31206853e-03  2.83855000e-08  1.94886864e+00 
 2.83865000e-08  1.14324484e+00  2.83865000e-08  3.28397899e-03  2.83865000e-08  1.94864863e+00 
 2.87555000e-08  1.94995119e+00  2.87555000e-08  8.63234823e-01  2.87555000e-08  1.94992045e+00 
 2.87565000e-08  1.94995166e+00  2.87565000e-08  9.24884168e-01  2.87565000e-08  1.94982334e+00 
 2.87575000e-08  1.94995215e+00  2.87575000e-08  9.85619758e-01  2.87575000e-08  1.94971358e+00 
 2.87585000e-08  1.94995269e+00  2.87585000e-08  1.04542549e+00  2.87585000e-08  1.94960519e+00 
 2.87595000e-08  1.94995317e+00  2.87595000e-08  1.10435770e+00  2.87595000e-08  1.94951120e+00 
 2.87605000e-08  1.94995359e+00  2.87605000e-08  1.16266396e+00  2.87605000e-08  1.94940021e+00 
 2.88905000e-08  2.05124331e+00  2.88905000e-08  1.94997149e+00  2.88905000e-08  1.16406593e+00 
 2.88915000e-08  2.05559456e+00  2.88915000e-08  1.94999835e+00  2.88915000e-08  1.10651257e+00 
 2.88925000e-08  2.05890427e+00  2.88925000e-08  1.95002524e+00  2.88925000e-08  1.04873673e+00 
 2.88935000e-08  2.06056302e+00  2.88935000e-08  1.95004947e+00  2.88935000e-08  9.90611087e-01 
 2.88945000e-08  2.06005779e+00  2.88945000e-08  1.95006679e+00  2.88945000e-08  9.31953845e-01 
 2.88955000e-08  2.05712769e+00  2.88955000e-08  1.95008037e+00  2.88955000e-08  8.72687053e-01 
 2.89185000e-08  1.19107161e+00  2.89185000e-08  1.94927306e+00  2.89185000e-08  2.11040058e-02 
 2.89195000e-08  1.13203783e+00  2.89195000e-08  1.94921781e+00  2.89195000e-08  2.03057307e-02 
 2.89205000e-08  1.07306911e+00  2.89205000e-08  1.94920618e+00  2.89205000e-08  1.95374932e-02 
 2.89215000e-08  1.01414732e+00  2.89215000e-08  1.94928205e+00  2.89215000e-08  1.84583141e-02 
 2.89225000e-08  9.55258377e-01  2.89225000e-08  1.94947806e+00  2.89225000e-08  1.72398044e-02 
 2.89235000e-08  8.96399951e-01  2.89235000e-08  1.94972765e+00  2.89235000e-08  1.69921881e-02 
 2.94595000e-08 -4.08034998e-03  2.94595000e-08  1.25568076e+00  2.94595000e-08 -6.86978171e-06 
 2.94605000e-08 -5.15550922e-03  2.94605000e-08  1.17668289e+00  2.94605000e-08 -8.09447583e-06 
 2.94615000e-08 -6.35695019e-03  2.94615000e-08  1.09655775e+00  2.94615000e-08 -6.74732759e-06 
 2.94625000e-08 -7.73645983e-03  2.94625000e-08  1.01526941e+00  2.94625000e-08 -3.72472890e-06 
 2.94635000e-08 -9.36969573e-03  2.94635000e-08  9.33040180e-01  2.94635000e-08  1.79241506e-06 
 2.94645000e-08 -1.12240350e-02  2.94645000e-08  8.49880970e-01  2.94645000e-08  6.82363629e-06 
 2.95035000e-08  9.18527580e-01  2.95035000e-08  3.36957996e-03  2.95035000e-08 -1.39108046e-04 
 2.95045000e-08  9.63518893e-01  2.95045000e-08  3.26455686e-03  2.95045000e-08 -1.45065362e-04 
 2.95055000e-08  1.00796300e+00  2.95055000e-08  3.17441663e-03  2.95055000e-08 -1.47130599e-04 
 2.95065000e-08  1.05229241e+00  2.95065000e-08  3.08073932e-03  2.95065000e-08 -1.51449681e-04 
 2.95075000e-08  1.09677786e+00  2.95075000e-08  3.00494879e-03  2.95075000e-08 -1.54672821e-04 
 2.95085000e-08  1.14117895e+00  2.95085000e-08  2.92932767e-03  2.95085000e-08 -1.58328184e-04 
 2.98775000e-08  1.94995118e+00  2.98775000e-08  8.59108257e-01  2.98775000e-08 -8.18661027e-05 
 2.98785000e-08  1.94995163e+00  2.98785000e-08  9.20935540e-01  2.98785000e-08 -1.09290646e-04 
 2.98795000e-08  1.94995213e+00  2.98795000e-08  9.81942461e-01  2.98795000e-08 -1.26458553e-04 
 2.98805000e-08  1.94995265e+00  2.98805000e-08  1.04211196e+00  2.98805000e-08 -1.37035681e-04 
 2.98815000e-08  1.94995315e+00  2.98815000e-08  1.10147698e+00  2.98815000e-08 -1.47914664e-04 
 2.98825000e-08  1.94995356e+00  2.98825000e-08  1.16022425e+00  2.98825000e-08 -1.61808925e-04 
 2.99985000e-08  1.97443012e+00  2.99985000e-08  1.94992432e+00  2.99985000e-08  9.01732303e-01 
 2.99995000e-08  1.98143447e+00  2.99995000e-08  1.94993227e+00  2.99995000e-08  9.61910958e-01 
 3.00005000e-08  1.98799070e+00  3.00005000e-08  1.94993740e+00  3.00005000e-08  1.02167464e+00 
 3.00015000e-08  1.99422805e+00  3.00015000e-08  1.94994481e+00  3.00015000e-08  1.08429330e+00 
 3.00025000e-08  2.00012936e+00  3.00025000e-08  1.94994565e+00  3.00025000e-08  1.15380805e+00 
 3.00035000e-08  2.00576115e+00  3.00035000e-08  1.94994424e+00  3.00035000e-08  1.22720702e+00 
 3.00405000e-08  1.19423881e+00  3.00405000e-08  1.94981535e+00  3.00405000e-08  1.93916114e+00 
 3.00415000e-08  1.13520288e+00  3.00415000e-08  1.94982809e+00  3.00415000e-08  1.94011315e+00 
 3.00425000e-08  1.07622834e+00  3.00425000e-08  1.94983935e+00  3.00425000e-08  1.94092217e+00 
 3.00435000e-08  1.01730576e+00  3.00435000e-08  1.94985152e+00  3.00435000e-08  1.94170497e+00 
 3.00445000e-08  9.58412998e-01  3.00445000e-08  1.94986193e+00  3.00445000e-08  1.94236600e+00 
 3.00455000e-08  8.99554116e-01  3.00455000e-08  1.94987305e+00  3.00455000e-08  1.94301437e+00 
 3.05815000e-08 -4.01596468e-03  3.05815000e-08  1.25977726e+00  3.05815000e-08  1.94991112e+00 
 3.05825000e-08 -5.08430953e-03  3.05825000e-08  1.18085413e+00  3.05825000e-08  1.94989365e+00 
 3.05835000e-08 -6.27661198e-03  3.05835000e-08  1.10078933e+00  3.05835000e-08  1.94987785e+00 
 3.05845000e-08 -7.64267366e-03  3.05845000e-08  1.01956491e+00  3.05845000e-08  1.94986918e+00 
 3.05855000e-08 -9.25644687e-03  3.05855000e-08  9.37386355e-01  3.05855000e-08  1.94987294e+00 
 3.05865000e-08 -1.11363488e-02  3.05865000e-08  8.54276915e-01  3.05865000e-08  1.94989118e+00 
 3.06255000e-08  9.15904933e-01  3.06255000e-08  3.57745816e-03  3.06255000e-08  1.94934624e+00 
 3.06265000e-08  9.60941858e-01  3.06265000e-08  3.48524881e-03  3.06265000e-08  1.94927723e+00 
 3.06275000e-08  1.00540537e+00  3.06275000e-08  3.41626146e-03  3.06275000e-08  1.94918543e+00 
 3.06285000e-08  1.04973054e+00  3.06285000e-08  3.35213089e-03  3.06285000e-08  1.94905851e+00 
 3.06295000e-08  1.09420770e+00  3.06295000e-08  3.31547735e-03  3.06295000e-08  1.94889183e+00 
 3.06305000e-08  1.13862851e+00  3.06305000e-08  3.28615969e-03  3.06305000e-08  1.94867655e+00 
 3.09995000e-08  1.94995117e+00  3.09995000e-08  8.56842343e-01  3.09995000e-08  1.94992939e+00 
 3.10005000e-08  1.94995160e+00  3.10005000e-08  9.18584423e-01  3.10005000e-08  1.94983403e+00 
 3.10015000e-08  1.94995211e+00  3.10015000e-08  9.79414080e-01  3.10015000e-08  1.94972494e+00 
 3.10025000e-08  1.94995262e+00  3.10025000e-08  1.03931330e+00  3.10025000e-08  1.94961537e+00 
 3.10035000e-08  1.94995314e+00  3.10035000e-08  1.09832833e+00  3.10035000e-08  1.94952179e+00 
 3.10045000e-08  1.94995353e+00  3.10045000e-08  1.15668724e+00  3.10045000e-08  1.94941229e+00 
 3.11345000e-08  2.05074848e+00  3.11345000e-08  1.94996863e+00  3.11345000e-08  1.16998431e+00 
 3.11355000e-08  2.05517561e+00  3.11355000e-08  1.94999598e+00  3.11355000e-08  1.11243738e+00 
 3.11365000e-08  2.05862240e+00  3.11365000e-08  1.95002252e+00  3.11365000e-08  1.05469501e+00 
 3.11375000e-08  2.06048460e+00  3.11375000e-08  1.95004743e+00  3.11375000e-08  9.96609962e-01 
 3.11385000e-08  2.06022231e+00  3.11385000e-08  1.95006497e+00  3.11385000e-08  9.38016902e-01 
 3.11395000e-08  2.05755630e+00  3.11395000e-08  1.95007933e+00  3.11395000e-08  8.78815466e-01 
 3.11625000e-08  1.19729837e+00  3.11625000e-08  1.94928136e+00  3.11625000e-08  2.11922820e-02 
 3.11635000e-08  1.13826218e+00  3.11635000e-08  1.94922171e+00  3.11635000e-08  2.03870013e-02 
 3.11645000e-08  1.07928360e+00  3.11645000e-08  1.94920459e+00  3.11645000e-08  1.96239649e-02 
 3.11655000e-08  1.02036163e+00  3.11655000e-08  1.94926782e+00  3.11655000e-08  1.86011042e-02 
 3.11665000e-08  9.61466338e-01  3.11665000e-08  1.94945425e+00  3.11665000e-08  1.73281555e-02 
 3.11675000e-08  9.02607767e-01  3.11675000e-08  1.94970104e+00  3.11675000e-08  1.69717600e-02 
 3.17035000e-08 -3.98186582e-03  3.17035000e-08  1.26406792e+00  3.17035000e-08 -6.63544954e-06 
 3.17045000e-08 -5.04651812e-03  3.17045000e-08  1.18521590e+00  3.17045000e-08 -8.14381157e-06 
 3.17055000e-08 -6.23408026e-03  3.17055000e-08  1.10520564e+00  3.17055000e-08 -6.89312800e-06 
 3.17065000e-08 -7.59314006e-03  3.17065000e-08  1.02403882e+00  3.17065000e-08 -4.26080513e-06 
 3.17075000e-08 -9.19683828e-03  3.17075000e-08  9.41904262e-01  3.17075000e-08  1.26293910e-06 
 3.17085000e-08 -1.10852922e-02  3.17085000e-08  8.58838699e-01  3.17085000e-08  6.08705052e-06 
 3.17475000e-08  9.14390230e-01  3.17475000e-08  3.37992897e-03  3.17475000e-08 -1.38313649e-04 
 3.17485000e-08  9.59454224e-01  3.17485000e-08  3.27559790e-03  3.17485000e-08 -1.44874529e-04 
 3.17495000e-08  1.00392954e+00  3.17495000e-08  3.18392871e-03  3.17495000e-08 -1.46598933e-04 
 3.17505000e-08  1.04825274e+00  3.17505000e-08  3.09037828e-03  3.17505000e-08 -1.51135513e-04 
 3.17515000e-08  1.09272476e+00  3.17515000e-08  3.01276406e-03  3.17515000e-08 -1.54184780e-04 
 3.17525000e-08  1.13715890e+00  3.17525000e-08  2.93690259e-03  3.17525000e-08 -1.58125353e-04 
 3.21215000e-08  1.94995116e+00  3.21215000e-08  8.53507423e-01  3.21215000e-08 -7.89603238e-05 
 3.21225000e-08  1.94995158e+00  3.21225000e-08  9.15405935e-01  3.21225000e-08 -1.08280033e-04 
 3.21235000e-08  1.94995210e+00  3.21235000e-08  9.76487849e-01  3.21235000e-08 -1.25997588e-04 
 3.21245000e-08  1.94995259e+00  3.21245000e-08  1.03673283e+00  3.21245000e-08 -1.36751531e-04 
 3.21255000e-08  1.94995313e+00  3.21255000e-08  1.09616881e+00  3.21255000e-08 -1.46350937e-04 
 3.21265000e-08  1.94995352e+00  3.21265000e-08  1.15496619e+00  3.21265000e-08 -1.60645832e-04 
 3.22425000e-08  1.97377784e+00  3.22425000e-08  1.94992359e+00  3.22425000e-08  8.96344767e-01 
 3.22435000e-08  1.98082607e+00  3.22435000e-08  1.94993182e+00  3.22435000e-08  9.56621334e-01 
 3.22445000e-08  1.98740846e+00  3.22445000e-08  1.94993674e+00  3.22445000e-08  1.01634080e+00 
 3.22455000e-08  1.99367876e+00  3.22455000e-08  1.94994407e+00  3.22455000e-08  1.07857637e+00 
 3.22465000e-08  1.99960506e+00  3.22465000e-08  1.94994630e+00  3.22465000e-08  1.14729797e+00 
 3.22475000e-08  2.00526337e+00  3.22475000e-08  1.94994414e+00  3.22475000e-08  1.22073983e+00 
 3.22845000e-08  1.19959557e+00  3.22845000e-08  1.94981428e+00  3.22845000e-08  1.93906347e+00 
 3.22855000e-08  1.14055779e+00  3.22855000e-08  1.94982704e+00  3.22855000e-08  1.94004475e+00 
 3.22865000e-08  1.08157486e+00  3.22865000e-08  1.94983829e+00  3.22865000e-08  1.94084099e+00 
 3.22875000e-08  1.02265219e+00  3.22875000e-08  1.94985050e+00  3.22875000e-08  1.94165025e+00 
 3.22885000e-08  9.63754086e-01  3.22885000e-08  1.94986095e+00  3.22885000e-08  1.94229794e+00 
 3.22895000e-08  9.04895205e-01  3.22895000e-08  1.94987217e+00  3.22895000e-08  1.94297046e+00 
 3.28255000e-08 -3.92470864e-03  3.28255000e-08  1.26678951e+00  3.28255000e-08  1.94991260e+00 
 3.28265000e-08 -4.98323024e-03  3.28265000e-08  1.18798867e+00  3.28265000e-08  1.94989523e+00 
 3.28275000e-08 -6.16293461e-03  3.28275000e-08  1.10801999e+00  3.28275000e-08  1.94987907e+00 
 3.28285000e-08 -7.51038870e-03  3.28285000e-08  1.02689722e+00  3.28285000e-08  1.94986950e+00 
 3.28295000e-08 -9.09750116e-03  3.28295000e-08  9.44798073e-01  3.28295000e-08  1.94987203e+00 
 3.28305000e-08 -1.10018763e-02  3.28305000e-08  8.61767424e-01  3.28305000e-08  1.94988891e+00 
 3.28695000e-08  9.11813509e-01  3.28695000e-08  3.58521334e-03  3.28695000e-08  1.94935134e+00 
 3.28705000e-08  9.56924664e-01  3.28705000e-08  3.49289374e-03  3.28705000e-08  1.94928415e+00 
 3.28715000e-08  1.00142088e+00  3.28715000e-08  3.42182821e-03  3.28715000e-08  1.94919486e+00 
 3.28725000e-08  1.04574140e+00  3.28725000e-08  3.35702610e-03  3.28725000e-08  1.94907137e+00 
 3.28735000e-08  1.09020411e+00  3.28735000e-08  3.31805882e-03  3.28735000e-08  1.94890848e+00 
 3.28745000e-08  1.13465454e+00  3.28745000e-08  3.28797237e-03  3.28745000e-08  1.94869720e+00 
 3.32435000e-08  1.94995114e+00  3.32435000e-08  8.51193522e-01  3.32435000e-08  1.94993701e+00 
 3.32445000e-08  1.94995154e+00  3.32445000e-08  9.13013053e-01  3.32445000e-08  1.94984330e+00 
 3.32455000e-08  1.94995208e+00  3.32455000e-08  9.73927539e-01  3.32455000e-08  1.94973486e+00 
 3.32465000e-08  1.94995255e+00  3.32465000e-08  1.03391071e+00  3.32465000e-08  1.94962486e+00 
 3.32475000e-08  1.94995311e+00  3.32475000e-08  1.09300034e+00  3.32475000e-08  1.94953043e+00 
 3.32485000e-08  1.94995349e+00  3.32485000e-08  1.15140257e+00  3.32485000e-08  1.94942258e+00 
 3.33785000e-08  2.05034202e+00  3.33785000e-08  1.94996604e+00  3.33785000e-08  1.17516079e+00 
 3.33795000e-08  2.05482642e+00  3.33795000e-08  1.94999387e+00  3.33795000e-08  1.11761855e+00 
 3.33805000e-08  2.05837960e+00  3.33805000e-08  1.95001988e+00  3.33805000e-08  1.05990438e+00 
 3.33815000e-08  2.06040289e+00  3.33815000e-08  1.95004568e+00  3.33815000e-08  1.00185359e+00 
 3.33825000e-08  2.06033595e+00  3.33825000e-08  1.95006328e+00  3.33825000e-08  9.43315151e-01 
 3.33835000e-08  2.05788400e+00  3.33835000e-08  1.95007854e+00  3.33835000e-08  8.84169340e-01 
 3.34065000e-08  1.20236183e+00  3.34065000e-08  1.94928880e+00  3.34065000e-08  2.12759963e-02 
 3.34075000e-08  1.14332375e+00  3.34075000e-08  1.94922552e+00  3.34075000e-08  2.04609563e-02 
 3.34085000e-08  1.08433699e+00  3.34085000e-08  1.94920385e+00  3.34085000e-08  1.96992160e-02 
 3.34095000e-08  1.02541467e+00  3.34095000e-08  1.94925690e+00  3.34095000e-08  1.87207330e-02 
 3.34105000e-08  9.66514184e-01  3.34105000e-08  1.94943406e+00  3.34105000e-08  1.74152947e-02 
 3.34115000e-08  9.07655519e-01  3.34115000e-08  1.94967806e+00  3.34115000e-08  1.69615584e-02 
 3.39475000e-08 -3.89203418e-03  3.39475000e-08  1.27052289e+00  3.39475000e-08 -6.46062351e-06 
 3.39485000e-08 -4.94672222e-03  3.39485000e-08  1.19178402e+00  3.39485000e-08 -8.15440640e-06 
 3.39495000e-08 -6.12162431e-03  3.39495000e-08  1.11186241e+00  3.39495000e-08 -7.00012758e-06 
 3.39505000e-08 -7.46254911e-03  3.39505000e-08  1.03078909e+00  3.39505000e-08 -4.64835239e-06 
 3.39515000e-08 -9.04031851e-03  3.39515000e-08  9.48727670e-01  3.39515000e-08  8.46250423e-07 
 3.39525000e-08 -1.09553081e-02  3.39525000e-08  8.65734644e-01  3.39525000e-08  5.52862733e-06 
 3.39915000e-08  9.10330049e-01  3.39915000e-08  3.38784578e-03  3.39915000e-08 -1.37661967e-04 
 3.39925000e-08  9.55469197e-01  3.39925000e-08  3.28408299e-03  3.39925000e-08 -1.44514444e-04 
 3.39935000e-08  9.99978150e-01  3.39935000e-08  3.19121952e-03  3.39935000e-08 -1.46337327e-04 
 3.39945000e-08  1.04429779e+00  3.39945000e-08  3.09775326e-03  3.39945000e-08 -1.50916078e-04 
 3.39955000e-08  1.08875504e+00  3.39955000e-08  3.01877379e-03  3.39955000e-08 -1.53813473e-04 
 3.39965000e-08  1.13321404e+00  3.39965000e-08  2.94270530e-03  3.39965000e-08 -1.57978150e-04 
 3.43655000e-08  1.94995114e+00  3.43655000e-08  8.47962402e-01  3.43655000e-08 -7.60365949e-05 
 3.43665000e-08  1.94995152e+00  3.43665000e-08  9.09928699e-01  3.43665000e-08 -1.05954455e-04 
 3.43675000e-08  1.94995207e+00  3.43675000e-08  9.71085700e-01  3.43675000e-08 -1.24212740e-04 
 3.43685000e-08  1.94995253e+00  3.43685000e-08  1.03140474e+00  3.43685000e-08 -1.36240312e-04 
 3.43695000e-08  1.94995310e+00  3.43695000e-08  1.09090853e+00  3.43695000e-08 -1.44724907e-04 
 3.43705000e-08  1.94995347e+00  3.43705000e-08  1.14975228e+00  3.43705000e-08 -1.59538121e-04 
 3.44865000e-08  1.97317947e+00  3.44865000e-08  1.94992312e+00  3.44865000e-08  8.90842213e-01 
 3.44875000e-08  1.98026618e+00  3.44875000e-08  1.94993111e+00  3.44875000e-08  9.51226121e-01 
 3.44885000e-08  1.98687321e+00  3.44885000e-08  1.94993631e+00  3.44885000e-08  1.01092356e+00 
 3.44895000e-08  1.99317357e+00  3.44895000e-08  1.94994301e+00  3.44895000e-08  1.07281641e+00 
 3.44905000e-08  1.99912287e+00  3.44905000e-08  1.94994719e+00  3.44905000e-08  1.14073910e+00 
 3.44915000e-08  2.00480566e+00  3.44915000e-08  1.94994384e+00  3.44915000e-08  1.21418480e+00 
 3.45285000e-08  1.20449902e+00  3.45285000e-08  1.94981329e+00  3.45285000e-08  1.93896390e+00 
 3.45295000e-08  1.14545905e+00  3.45295000e-08  1.94982585e+00  3.45295000e-08  1.93997496e+00 
 3.45305000e-08  1.08646775e+00  3.45305000e-08  1.94983733e+00  3.45305000e-08  1.94075825e+00 
 3.45315000e-08  1.02754433e+00  3.45315000e-08  1.94984939e+00  3.45315000e-08  1.94159443e+00 
 3.45325000e-08  9.68640864e-01  3.45325000e-08  1.94986007e+00  3.45325000e-08  1.94222858e+00 
 3.45335000e-08  9.09781621e-01  3.45335000e-08  1.94987115e+00  3.45335000e-08  1.94292567e+00 
 3.50705000e-08 -4.87834016e-03  3.50705000e-08  1.19453947e+00  3.50705000e-08  1.94989669e+00 
 3.50715000e-08 -6.04502902e-03  3.50715000e-08  1.11465927e+00  3.50715000e-08  1.94988026e+00 
 3.50725000e-08 -7.37377088e-03  3.50725000e-08  1.03362993e+00  3.50725000e-08  1.94986988e+00 
 3.50735000e-08 -8.93429767e-03  3.50735000e-08  9.51603962e-01  3.50735000e-08  1.94987131e+00 
 3.50745000e-08 -1.08777576e-02  3.50745000e-08  8.68646221e-01  3.50745000e-08  1.94988692e+00 
 3.50755000e-08 -1.27543371e-02  3.50755000e-08  7.84951776e-01  3.50755000e-08  1.94991844e+00 
 3.51135000e-08  9.07543461e-01  3.51135000e-08  3.59239060e-03  3.51135000e-08  1.94935605e+00 
 3.51145000e-08  9.52736587e-01  3.51145000e-08  3.49998824e-03  3.51145000e-08  1.94929050e+00 
 3.51155000e-08  9.97272335e-01  3.51155000e-08  3.42706549e-03  3.51155000e-08  1.94920338e+00 
 3.51165000e-08  1.04159221e+00  3.51165000e-08  3.36165319e-03  3.51165000e-08  1.94908297e+00 
 3.51175000e-08  1.08603782e+00  3.51175000e-08  3.32056797e-03  3.51175000e-08  1.94892351e+00 
 3.51185000e-08  1.13051070e+00  3.51185000e-08  3.28968249e-03  3.51185000e-08  1.94871609e+00 
 3.54885000e-08  1.94995149e+00  3.54885000e-08  9.07591479e-01  3.54885000e-08  1.94985221e+00 
 3.54895000e-08  1.94995204e+00  3.54895000e-08  9.68588087e-01  3.54895000e-08  1.94974455e+00 
 3.54905000e-08  1.94995249e+00  3.54905000e-08  1.02865335e+00  3.54905000e-08  1.94963441e+00 
 3.54915000e-08  1.94995307e+00  3.54915000e-08  1.08781707e+00  3.54915000e-08  1.94953959e+00 
 3.54925000e-08  1.94995344e+00  3.54925000e-08  1.14626534e+00  3.54925000e-08  1.94943263e+00 
 3.54935000e-08  1.94995382e+00  3.54935000e-08  1.20446157e+00  3.54935000e-08  1.94930830e+00 
 3.56225000e-08  2.04987427e+00  3.56225000e-08  1.94996352e+00  3.56225000e-08  1.18028909e+00 
 3.56235000e-08  2.05441934e+00  3.56235000e-08  1.94999177e+00  3.56235000e-08  1.12275029e+00 
 3.56245000e-08  2.05808735e+00  3.56245000e-08  1.95001727e+00  3.56245000e-08  1.06506214e+00 
 3.56255000e-08  2.06028864e+00  3.56255000e-08  1.95004389e+00  3.56255000e-08  1.00704390e+00 
 3.56265000e-08  2.06044014e+00  3.56265000e-08  1.95006160e+00  3.56265000e-08  9.48557987e-01 
 3.56275000e-08  2.05823010e+00  3.56275000e-08  1.95007768e+00  3.56275000e-08  8.89466450e-01 
 3.56515000e-08  1.14905187e+00  3.56515000e-08  1.94922980e+00  3.56515000e-08  2.05273918e-02 
 3.56525000e-08  1.09005529e+00  3.56525000e-08  1.94920362e+00  3.56525000e-08  1.97671952e-02 
 3.56535000e-08  1.03113217e+00  3.56535000e-08  1.94924694e+00  3.56535000e-08  1.88312033e-02 
 3.56545000e-08  9.72225430e-01  3.56545000e-08  1.94941401e+00  3.56545000e-08  1.75075458e-02 
 3.56555000e-08  9.13366552e-01  3.56555000e-08  1.94965473e+00  3.56555000e-08  1.69554687e-02 
 3.56565000e-08  8.54528904e-01  3.56565000e-08  1.94990246e+00  3.56565000e-08  1.72503639e-02 
 3.61925000e-08 -4.84662125e-03  3.61925000e-08  1.19941129e+00  3.61925000e-08 -8.13882577e-06 
 3.61935000e-08 -6.00949140e-03  3.61935000e-08  1.11959313e+00  3.61935000e-08 -7.12093616e-06 
 3.61945000e-08 -7.33260196e-03  3.61945000e-08  1.03862945e+00  3.61945000e-08 -5.06629859e-06 
 3.61955000e-08 -8.88521148e-03  3.61955000e-08  9.56653960e-01  3.61955000e-08  3.53504845e-07 
 3.61965000e-08 -1.08223430e-02  3.61965000e-08  8.73746757e-01  3.61965000e-08  4.89206498e-06 
 3.61975000e-08 -1.26727004e-02  3.61975000e-08  7.90086709e-01  3.61975000e-08  1.13624925e-05 
 3.62355000e-08  9.06233714e-01  3.62355000e-08  3.39707969e-03  3.62355000e-08 -1.36907381e-04 
 3.62365000e-08  9.51452730e-01  3.62365000e-08  3.29406614e-03  3.62365000e-08 -1.44081856e-04 
 3.62375000e-08  9.96001260e-01  3.62375000e-08  3.19983239e-03  3.62375000e-08 -1.46045846e-04 
 3.62385000e-08  1.04032130e+00  3.62385000e-08  3.10649912e-03  3.62385000e-08 -1.50642409e-04 
 3.62395000e-08  1.08476205e+00  3.62395000e-08  3.02593650e-03  3.62395000e-08 -1.53376352e-04 
 3.62405000e-08  1.12924073e+00  3.62405000e-08  2.94964418e-03  3.62405000e-08 -1.57789870e-04 
 3.66105000e-08  1.94995147e+00  3.66105000e-08  9.04649689e-01  3.66105000e-08 -1.03582529e-04 
 3.66115000e-08  1.94995203e+00  3.66115000e-08  9.65877987e-01  3.66115000e-08 -1.22230064e-04 
 3.66125000e-08  1.94995248e+00  3.66125000e-08  1.02626661e+00  3.66125000e-08 -1.35553992e-04 
 3.66135000e-08  1.94995306e+00  3.66135000e-08  1.08583671e+00  3.66135000e-08 -1.43364392e-04 
 3.66145000e-08  1.94995343e+00  3.66145000e-08  1.14472747e+00  3.66145000e-08 -1.58523766e-04 
 3.66155000e-08  1.94995382e+00  3.66155000e-08  1.20322136e+00  3.66155000e-08 -1.73479131e-04 
 3.67305000e-08  1.97256200e+00  3.67305000e-08  1.94992273e+00  3.67305000e-08  8.85596378e-01 
 3.67315000e-08  1.97967827e+00  3.67315000e-08  1.94993038e+00  3.67315000e-08  9.46088605e-01 
 3.67325000e-08  1.98632252e+00  3.67325000e-08  1.94993593e+00  3.67325000e-08  1.00578369e+00 
 3.67335000e-08  1.99265358e+00  3.67335000e-08  1.94994193e+00  3.67335000e-08  1.06736997e+00 
 3.67345000e-08  1.99862735e+00  3.67345000e-08  1.94994807e+00  3.67345000e-08  1.13452820e+00 
 3.67355000e-08  2.00433530e+00  3.67355000e-08  1.94994357e+00  3.67355000e-08  1.20793185e+00 
 3.67735000e-08  1.15049102e+00  3.67735000e-08  1.94982473e+00  3.67735000e-08  1.93990760e+00 
 3.67745000e-08  1.09149117e+00  3.67745000e-08  1.94983643e+00  3.67745000e-08  1.94067919e+00 
 3.67755000e-08  1.03256700e+00  3.67755000e-08  1.94984832e+00  3.67755000e-08  1.94154052e+00 
 3.67765000e-08  9.73658122e-01  3.67765000e-08  1.94985924e+00  3.67765000e-08  1.94216236e+00 
 3.67775000e-08  9.14798693e-01  3.67775000e-08  1.94987017e+00  3.67775000e-08  1.94288238e+00 
 3.67785000e-08  8.55958761e-01  3.67785000e-08  1.94987996e+00  3.67785000e-08  1.94338557e+00 
 3.73145000e-08 -4.78872322e-03  3.73145000e-08  1.20134481e+00  3.73145000e-08  1.94989819e+00 
 3.73155000e-08 -5.94468418e-03  3.73155000e-08  1.12155701e+00  3.73155000e-08  1.94988152e+00 
 3.73165000e-08 -7.25759879e-03  3.73165000e-08  1.04062576e+00  3.73165000e-08  1.94987036e+00 
 3.73175000e-08 -8.79594665e-03  3.73175000e-08  9.58676667e-01  3.73175000e-08  1.94987066e+00 
 3.73185000e-08 -1.07037727e-02  3.73185000e-08  8.75795745e-01  3.73185000e-08  1.94988497e+00 
 3.73195000e-08 -1.25535836e-02  3.73195000e-08  7.92154518e-01  3.73195000e-08  1.94991508e+00 
 3.73575000e-08  9.03808028e-01  3.73575000e-08  3.59981704e-03  3.73575000e-08  1.94936076e+00 
 3.73585000e-08  9.49075523e-01  3.73585000e-08  3.50758146e-03  3.73585000e-08  1.94929701e+00 
 3.73595000e-08  9.93648682e-01  3.73595000e-08  3.43248520e-03  3.73595000e-08  1.94921200e+00 
 3.73605000e-08  1.03796939e+00  3.73605000e-08  3.36668837e-03  3.73605000e-08  1.94909495e+00 
 3.73615000e-08  1.08240114e+00  3.73615000e-08  3.32313755e-03  3.73615000e-08  1.94893897e+00 
 3.73625000e-08  1.12688891e+00  3.73625000e-08  3.29169005e-03  3.73625000e-08  1.94873574e+00 
 3.77325000e-08  1.94995145e+00  3.77325000e-08  9.02445221e-01  3.77325000e-08  1.94986048e+00 
 3.77335000e-08  1.94995201e+00  3.77335000e-08  9.63517542e-01  3.77335000e-08  1.94975390e+00 
 3.77345000e-08  1.94995245e+00  3.77345000e-08  1.02366083e+00  3.77345000e-08  1.94964348e+00 
 3.77355000e-08  1.94995304e+00  3.77355000e-08  1.08289093e+00  3.77355000e-08  1.94954770e+00 
 3.77365000e-08  1.94995341e+00  3.77365000e-08  1.14138098e+00  3.77365000e-08  1.94944203e+00 
 3.77375000e-08  1.94995381e+00  3.77375000e-08  1.19956518e+00  3.77375000e-08  1.94931943e+00 
 3.78665000e-08  2.04950012e+00  3.78665000e-08  1.94996138e+00  3.78665000e-08  1.18520815e+00 
 3.78675000e-08  2.05408827e+00  3.78675000e-08  1.94998945e+00  3.78675000e-08  1.12767205e+00 
 3.78685000e-08  2.05784696e+00  3.78685000e-08  1.95001503e+00  3.78685000e-08  1.07000742e+00 
 3.78695000e-08  2.06018662e+00  3.78695000e-08  1.95004184e+00  3.78695000e-08  1.01201960e+00 
 3.78705000e-08  2.06051504e+00  3.78705000e-08  1.95006024e+00  3.78705000e-08  9.53583005e-01 
 3.78715000e-08  2.05849875e+00  3.78715000e-08  1.95007655e+00  3.78715000e-08  8.94543288e-01 
 3.78955000e-08  1.15371470e+00  3.78955000e-08  1.94923402e+00  3.78955000e-08  2.05927432e-02 
 3.78965000e-08  1.09471032e+00  3.78965000e-08  1.94920413e+00  3.78965000e-08  1.98313116e-02 
 3.78975000e-08  1.03578606e+00  3.78975000e-08  1.94923877e+00  3.78975000e-08  1.89307765e-02 
 3.78985000e-08  9.76874469e-01  3.78985000e-08  1.94939612e+00  3.78985000e-08  1.76026713e-02 
 3.78995000e-08  9.18015173e-01  3.78995000e-08  1.94963309e+00  3.78995000e-08  1.69598559e-02 
 3.79005000e-08  8.59171756e-01  3.79005000e-08  1.94988310e+00  3.79005000e-08  1.72188599e-02 
 3.84365000e-08 -4.76076338e-03  3.84365000e-08  1.20582299e+00  3.84365000e-08 -8.12472036e-06 
 3.84375000e-08 -5.91341794e-03  3.84375000e-08  1.12609236e+00  3.84375000e-08 -7.18639751e-06 
 3.84385000e-08 -7.22145929e-03  3.84385000e-08  1.04522149e+00  3.84385000e-08 -5.41341749e-06 
 3.84395000e-08 -8.75301247e-03  3.84395000e-08  9.63318926e-01  3.84395000e-08 -3.89565823e-08 
 3.84405000e-08 -1.06472509e-02  3.84405000e-08  8.80484852e-01  3.84405000e-08  4.36505101e-06 
 3.84415000e-08 -1.24964076e-02  3.84415000e-08  7.96875626e-01  3.84415000e-08  1.08579756e-05 
 3.84795000e-08  9.02640867e-01  3.84795000e-08  3.40467452e-03  3.84795000e-08 -1.36256522e-04 
 3.84805000e-08  9.47932213e-01  3.84805000e-08  3.30235086e-03  3.84805000e-08 -1.43726211e-04 
 3.84815000e-08  9.92517670e-01  3.84815000e-08  3.20696571e-03  3.84815000e-08 -1.45802645e-04 
 3.84825000e-08  1.03683913e+00  3.84825000e-08  3.11379059e-03  3.84825000e-08 -1.50434609e-04 
 3.84835000e-08  1.08126654e+00  3.84835000e-08  3.03188247e-03  3.84835000e-08 -1.52999207e-04 
 3.84845000e-08  1.12575811e+00  3.84845000e-08  2.95543452e-03  3.84845000e-08 -1.57638515e-04 
 3.88545000e-08  1.94995143e+00  3.88545000e-08  8.99695707e-01  3.88545000e-08 -1.01573405e-04 
 3.88555000e-08  1.94995200e+00  3.88555000e-08  9.60993051e-01  3.88555000e-08 -1.20951827e-04 
 3.88565000e-08  1.94995243e+00  3.88565000e-08  1.02145118e+00  3.88565000e-08 -1.34952942e-04 
 3.88575000e-08  1.94995303e+00  3.88575000e-08  1.08108017e+00  3.88575000e-08 -1.42170560e-04 
 3.88585000e-08  1.94995339e+00  3.88585000e-08  1.14001296e+00  3.88585000e-08 -1.57524139e-04 
 3.88595000e-08  1.94995380e+00  3.88595000e-08  1.19852170e+00  3.88595000e-08 -1.71889469e-04 
 3.89745000e-08  1.97200494e+00  3.89745000e-08  1.94992238e+00  3.89745000e-08  8.80673502e-01 
 3.89755000e-08  1.97914304e+00  3.89755000e-08  1.94992970e+00  3.89755000e-08  9.41272171e-01 
 3.89765000e-08  1.98582520e+00  3.89765000e-08  1.94993557e+00  3.89765000e-08  1.00097961e+00 
 3.89775000e-08  1.99217964e+00  3.89775000e-08  1.94994124e+00  3.89775000e-08  1.06223577e+00 
 3.89785000e-08  1.99818000e+00  3.89785000e-08  1.94994838e+00  3.89785000e-08  1.12876938e+00 
 3.89795000e-08  2.00390698e+00  3.89795000e-08  1.94994338e+00  3.89795000e-08  1.20204616e+00 
 3.90175000e-08  1.15500213e+00  3.90175000e-08  1.94982366e+00  3.90175000e-08  1.93983685e+00 
 3.90185000e-08  1.09599489e+00  3.90185000e-08  1.94983558e+00  3.90185000e-08  1.94061124e+00 
 3.90195000e-08  1.03706969e+00  3.90195000e-08  1.94984731e+00  3.90195000e-08  1.94148286e+00 
 3.90205000e-08  9.78156261e-01  3.90205000e-08  1.94985846e+00  3.90205000e-08  1.94210625e+00 
 3.90215000e-08  9.19296496e-01  3.90215000e-08  1.94986924e+00  3.90215000e-08  1.94283510e+00 
 3.90225000e-08  8.60451147e-01  3.90225000e-08  1.94987927e+00  3.90225000e-08  1.94333890e+00 
 3.95585000e-08 -4.70914138e-03  3.95585000e-08  1.20746328e+00  3.95585000e-08  1.94989958e+00 
 3.95595000e-08 -5.85569956e-03  3.95595000e-08  1.12775928e+00  3.95595000e-08  1.94988269e+00 
 3.95605000e-08 -7.15483934e-03  3.95605000e-08  1.04691684e+00  3.95605000e-08  1.94987089e+00 
 3.95615000e-08 -8.67394739e-03  3.95615000e-08  9.65037677e-01  3.95615000e-08  1.94987016e+00 
 3.95625000e-08 -1.05439549e-02  3.95625000e-08  8.82226920e-01  3.95625000e-08  1.94988334e+00 
 3.95635000e-08 -1.23913739e-02  3.95635000e-08  7.98634665e-01  3.95635000e-08  1.94991216e+00 
 3.96015000e-08  9.00454089e-01  3.96015000e-08  3.60664835e-03  3.96015000e-08  1.94936462e+00 
 3.96025000e-08  9.45790886e-01  3.96025000e-08  3.51481654e-03  3.96025000e-08  1.94930270e+00 
 3.96035000e-08  9.90400006e-01  3.96035000e-08  3.43751572e-03  3.96035000e-08  1.94921929e+00 
 3.96045000e-08  1.03472355e+00  3.96045000e-08  3.37166639e-03  3.96045000e-08  1.94910541e+00 
 3.96055000e-08  1.07914272e+00  3.96055000e-08  3.32560982e-03  3.96055000e-08  1.94895227e+00 
 3.96065000e-08  1.12364041e+00  3.96065000e-08  3.29397681e-03  3.96065000e-08  1.94875304e+00 
 3.99765000e-08  1.94995141e+00  3.99765000e-08  8.97824427e-01  3.99765000e-08  1.94986784e+00 
 3.99775000e-08  1.94995198e+00  3.99775000e-08  9.58965965e-01  3.99775000e-08  1.94976222e+00 
 3.99785000e-08  1.94995241e+00  3.99785000e-08  1.01917939e+00  3.99785000e-08  1.94965166e+00 
 3.99795000e-08  1.94995301e+00  3.99795000e-08  1.07847465e+00  3.99795000e-08  1.94955469e+00 
 3.99805000e-08  1.94995337e+00  3.99805000e-08  1.13700965e+00  3.99805000e-08  1.94945039e+00 
 3.99815000e-08  1.94995379e+00  3.99815000e-08  1.19519036e+00  3.99815000e-08  1.94932931e+00 
 4.01105000e-08  2.04917198e+00  4.01105000e-08  1.94995956e+00  4.01105000e-08  1.18952883e+00 
 4.01115000e-08  2.05379464e+00  4.01115000e-08  1.94998736e+00  4.01115000e-08  1.13199438e+00 
 4.01125000e-08  2.05762892e+00  4.01125000e-08  1.95001310e+00  4.01125000e-08  1.07434936e+00 
 4.01135000e-08  2.06008475e+00  4.01135000e-08  1.95003995e+00  4.01135000e-08  1.01638734e+00 
 4.01145000e-08  2.06056435e+00  4.01145000e-08  1.95005906e+00  4.01145000e-08  9.57993267e-01 
 4.01155000e-08  2.05871416e+00  4.01155000e-08  1.95007547e+00  4.01155000e-08  8.98998594e-01 
 4.01395000e-08  1.15773355e+00  4.01395000e-08  1.94923805e+00  4.01395000e-08  2.06520797e-02 
 4.01405000e-08  1.09872269e+00  4.01405000e-08  1.94920499e+00  4.01405000e-08  1.98877922e-02 
 4.01415000e-08  1.03979750e+00  4.01415000e-08  1.94923234e+00  4.01415000e-08  1.90155560e-02 
 4.01425000e-08  9.80881956e-01  4.01425000e-08  1.94938061e+00  4.01425000e-08  1.76932543e-02 
 4.01435000e-08  9.22022457e-01  4.01435000e-08  1.94961386e+00  4.01435000e-08  1.69707539e-02 
 4.01445000e-08  8.63174382e-01  4.01445000e-08  1.94986553e+00  4.01445000e-08  1.71893420e-02 
 4.06805000e-08 -4.67668794e-03  4.06805000e-08  1.21115678e+00  4.06805000e-08 -8.10934017e-06 
 4.06815000e-08 -5.81943636e-03  4.06815000e-08  1.13150182e+00  4.06815000e-08 -7.23074358e-06 
 4.06825000e-08 -7.11304260e-03  4.06825000e-08  1.05071076e+00  4.06825000e-08 -5.69377991e-06 
 4.06835000e-08 -8.62441387e-03  4.06835000e-08  9.68871834e-01  4.06835000e-08 -3.62649881e-07 
 4.06845000e-08 -1.04726035e-02  4.06845000e-08  8.86101708e-01  4.06845000e-08  3.98383750e-06 
 4.06855000e-08 -1.23111028e-02  4.06855000e-08  8.02538106e-01  4.06855000e-08  1.04565798e-05 
 4.07235000e-08  8.98860733e-01  4.07235000e-08  3.41178799e-03  4.07235000e-08 -1.35708154e-04 
 4.07245000e-08  9.44231017e-01  4.07245000e-08  3.31011981e-03  4.07245000e-08 -1.43322371e-04 
 4.07255000e-08  9.88857525e-01  4.07255000e-08  3.21362009e-03  4.07255000e-08 -1.45625328e-04 
 4.07265000e-08  1.03318271e+00  4.07265000e-08  3.12067371e-03  4.07265000e-08 -1.50173316e-04 
 4.07275000e-08  1.07759542e+00  4.07275000e-08  3.03747725e-03  4.07275000e-08 -1.52733295e-04 
 4.07285000e-08  1.12209651e+00  4.07285000e-08  2.96101040e-03  4.07285000e-08 -1.57430929e-04 
 4.10985000e-08  1.94995139e+00  4.10985000e-08  8.94514696e-01  4.10985000e-08 -9.92650729e-05 
 4.10995000e-08  1.94995196e+00  4.10995000e-08  9.55881293e-01  4.10995000e-08 -1.19640794e-04 
 4.11005000e-08  1.94995239e+00  4.11005000e-08  1.01640974e+00  4.11005000e-08 -1.34254926e-04 
 4.11015000e-08  1.94995299e+00  4.11015000e-08  1.07610518e+00  4.11015000e-08 -1.41250206e-04 
 4.11025000e-08  1.94995336e+00  4.11025000e-08  1.13508804e+00  4.11025000e-08 -1.56257056e-04 
 4.11035000e-08  1.94995378e+00  4.11035000e-08  1.19361596e+00  4.11035000e-08 -1.70399521e-04 
 4.12185000e-08  1.97147631e+00  4.12185000e-08  1.94992202e+00  4.12185000e-08  8.75554417e-01 
 4.12195000e-08  1.97863478e+00  4.12195000e-08  1.94992899e+00  4.12195000e-08  9.36267223e-01 
 4.12205000e-08  1.98535237e+00  4.12205000e-08  1.94993518e+00  4.12205000e-08  9.95999757e-01 
 4.12215000e-08  1.99172895e+00  4.12215000e-08  1.94994085e+00  4.12215000e-08  1.05689905e+00 
 4.12225000e-08  1.99775454e+00  4.12225000e-08  1.94994816e+00  4.12225000e-08  1.12286222e+00 
 4.12235000e-08  2.00349977e+00  4.12235000e-08  1.94994329e+00  4.12235000e-08  1.19590724e+00 
 4.12615000e-08  1.15926114e+00  4.12615000e-08  1.94982254e+00  4.12615000e-08  1.93975479e+00 
 4.12625000e-08  1.10024704e+00  4.12625000e-08  1.94983472e+00  4.12625000e-08  1.94054700e+00 
 4.12635000e-08  1.04132081e+00  4.12635000e-08  1.94984625e+00  4.12635000e-08  1.94141498e+00 
 4.12645000e-08  9.82403201e-01  4.12645000e-08  1.94985766e+00  4.12645000e-08  1.94205411e+00 
 4.12655000e-08  9.23543208e-01  4.12655000e-08  1.94986826e+00  4.12655000e-08  1.94277850e+00 
 4.12665000e-08  8.64692957e-01  4.12665000e-08  1.94987856e+00  4.12665000e-08  1.94329639e+00 
 4.18025000e-08 -4.63258256e-03  4.18025000e-08  1.21320130e+00  4.18025000e-08  1.94990090e+00 
 4.18035000e-08 -5.77019082e-03  4.18035000e-08  1.13357886e+00  4.18035000e-08  1.94988378e+00 
 4.18045000e-08 -7.05634165e-03  4.18045000e-08  1.05282241e+00  4.18045000e-08  1.94987147e+00 
 4.18055000e-08 -8.55923189e-03  4.18055000e-08  9.71011764e-01  4.18055000e-08  1.94986973e+00 
 4.18065000e-08 -1.03909489e-02  4.18065000e-08  8.88269932e-01  4.18065000e-08  1.94988191e+00 
 4.18075000e-08 -1.22280181e-02  4.18075000e-08  8.04727131e-01  4.18075000e-08  1.94990943e+00 
 4.18455000e-08  8.97055450e-01  4.18455000e-08  3.61334432e-03  4.18455000e-08  1.94936808e+00 
 4.18465000e-08  9.42464015e-01  4.18465000e-08  3.52184891e-03  4.18465000e-08  1.94930793e+00 
 4.18475000e-08  9.87110273e-01  4.18475000e-08  3.44252021e-03  4.18475000e-08  1.94922599e+00 
 4.18485000e-08  1.03143730e+00  4.18485000e-08  3.37656856e-03  4.18485000e-08  1.94911512e+00 
 4.18495000e-08  1.07584213e+00  4.18495000e-08  3.32818909e-03  4.18495000e-08  1.94896464e+00 
 4.18505000e-08  1.12034587e+00  4.18505000e-08  3.29631241e-03  4.18505000e-08  1.94876929e+00 
 4.20000000e-08  1.94971882e+00  4.20000000e-08 -7.27286063e-06  4.20000000e-08  1.94997733e+00 
