 time            v(b_out)        time            v(u_puf_u_core_sel_ro) time            v(q)           
 0.00000000e+00  4.68653885e-09  0.00000000e+00  2.46749750e-09  0.00000000e+00  2.46749746e-09 
 2.57450000e-09  9.14507415e-01  2.57450000e-09  2.96815722e-09  2.57450000e-09  2.46768878e-09 
 2.57550000e-09  9.58744694e-01  2.57550000e-09  2.96748498e-09  2.57550000e-09  2.46768644e-09 
 2.57650000e-09  1.00204441e+00  2.57650000e-09  2.96685637e-09  2.57650000e-09  2.46768683e-09 
 2.57750000e-09  1.04502360e+00  2.57750000e-09  2.96624286e-09  2.57750000e-09  2.46768511e-09 
 2.57850000e-09  1.08814718e+00  2.57850000e-09  2.96553399e-09  2.57850000e-09  2.46768539e-09 
 2.57950000e-09  1.13173458e+00  2.57950000e-09  2.96462105e-09  2.57950000e-09  2.46768472e-09 
 2.93650000e-09  1.94996455e+00  2.93650000e-09  8.98026350e-01  2.93650000e-09 -9.95853008e-05 
 2.93750000e-09  1.94996515e+00  2.93750000e-09  9.59343269e-01  2.93750000e-09 -1.20010188e-04 
 2.93850000e-09  1.94996546e+00  2.93850000e-09  1.01982298e+00  2.93850000e-09 -1.33332309e-04 
 2.93950000e-09  1.94996604e+00  2.93950000e-09  1.07947455e+00  2.93950000e-09 -1.41022041e-04 
 2.94050000e-09  1.94996635e+00  2.94050000e-09  1.13842779e+00  2.94050000e-09 -1.55815190e-04 
 2.94150000e-09  1.94996697e+00  2.94150000e-09  1.19695922e+00  2.94150000e-09 -1.70795773e-04 
 3.05650000e-09  1.92992622e+00  3.05650000e-09  1.94991694e+00  3.05650000e-09  8.67361497e-01 
 3.05750000e-09  1.92803835e+00  3.05750000e-09  1.94992446e+00  3.05750000e-09  9.28192372e-01 
 3.05850000e-09  1.92653605e+00  3.05850000e-09  1.94993078e+00  3.05850000e-09  9.87894649e-01 
 3.05950000e-09  1.92571984e+00  3.05950000e-09  1.94993756e+00  3.05950000e-09  1.04823712e+00 
 3.06050000e-09  1.92584270e+00  3.06050000e-09  1.94994478e+00  3.06050000e-09  1.11315244e+00 
 3.06150000e-09  1.92713097e+00  3.06150000e-09  1.94994161e+00  3.06150000e-09  1.18553869e+00 
 3.11150000e-09  1.19787017e+00  3.11150000e-09  1.94993202e+00  3.11150000e-09  1.94621715e+00 
 3.11250000e-09  1.13883055e+00  3.11250000e-09  1.94993756e+00  3.11250000e-09  1.94646427e+00 
 3.11350000e-09  1.07984761e+00  3.11350000e-09  1.94994270e+00  3.11350000e-09  1.94677815e+00 
 3.11450000e-09  1.02092198e+00  3.11450000e-09  1.94994732e+00  3.11450000e-09  1.94698150e+00 
 3.11550000e-09  9.62022543e-01  3.11550000e-09  1.94995162e+00  3.11550000e-09  1.94725166e+00 
 3.11650000e-09  9.03159812e-01  3.11650000e-09  1.94995544e+00  3.11650000e-09  1.94741885e+00 
 3.65250000e-09 -3.96380325e-03  3.65250000e-09  1.26971343e+00  3.65250000e-09  1.94991319e+00 
 3.65350000e-09 -5.02610009e-03  3.65350000e-09  1.19096795e+00  3.65350000e-09  1.94989597e+00 
 3.65450000e-09 -6.21065953e-03  3.65450000e-09  1.11104374e+00  3.65450000e-09  1.94987959e+00 
 3.65550000e-09 -7.56528763e-03  3.65550000e-09  1.02996787e+00  3.65550000e-09  1.94986975e+00 
 3.65650000e-09 -9.16269458e-03  3.65650000e-09  9.47906673e-01  3.65650000e-09  1.94987169e+00 
 3.65750000e-09 -1.10563546e-02  3.65750000e-09  8.64913913e-01  3.65750000e-09  1.94988808e+00 
 3.69650000e-09  9.13381304e-01  3.69650000e-09  3.58943055e-03  3.69650000e-09  1.94935326e+00 
 3.69750000e-09  9.58352308e-01  3.69750000e-09  3.49702149e-03  3.69750000e-09  1.94928693e+00 
 3.69850000e-09  1.00264099e+00  3.69850000e-09  3.42504086e-03  3.69850000e-09  1.94919859e+00 
 3.69950000e-09  1.04669364e+00  3.69950000e-09  3.35999298e-03  3.69950000e-09  1.94907651e+00 
 3.70050000e-09  1.09091041e+00  3.70050000e-09  3.32003223e-03  3.70050000e-09  1.94891504e+00 
 3.70150000e-09  1.13522138e+00  3.70150000e-09  3.28955607e-03  3.70150000e-09  1.94870550e+00 
 4.05750000e-09  1.94996450e+00  4.05750000e-09  9.02517034e-01  4.05750000e-09  1.94986022e+00 
 4.05850000e-09  1.94996497e+00  4.05850000e-09  9.63590497e-01  4.05850000e-09  1.94975360e+00 
 4.05950000e-09  1.94996540e+00  4.05950000e-09  1.02373497e+00  4.05950000e-09  1.94964312e+00 
 4.06050000e-09  1.94996586e+00  4.06050000e-09  1.08296892e+00  4.06050000e-09  1.94954760e+00 
 4.06150000e-09  1.94996628e+00  4.06150000e-09  1.14147340e+00  4.06150000e-09  1.94944141e+00 
 4.06250000e-09  1.94996674e+00  4.06250000e-09  1.19969581e+00  4.06250000e-09  1.94931823e+00 
 4.19150000e-09  1.97384997e+00  4.19150000e-09  1.94996160e+00  4.19150000e-09  1.18490307e+00 
 4.19250000e-09  1.98089420e+00  4.19250000e-09  1.94998967e+00  4.19250000e-09  1.12736557e+00 
 4.19350000e-09  1.98747448e+00  4.19350000e-09  1.95001522e+00  4.19350000e-09  1.06969803e+00 
 4.19450000e-09  1.99374162e+00  4.19450000e-09  1.95004198e+00  4.19450000e-09  1.01170654e+00 
 4.19550000e-09  1.99966576e+00  4.19550000e-09  1.95006030e+00  4.19550000e-09  9.53264745e-01 
 4.19650000e-09  2.00532149e+00  4.19650000e-09  1.95007657e+00  4.19650000e-09  8.94219430e-01 
 4.23350000e-09  1.19900679e+00  4.23350000e-09  1.95033183e+00  4.23350000e-09  1.07686923e-02 
 4.23450000e-09  1.13996760e+00  4.23450000e-09  1.95029984e+00  4.23450000e-09  9.86992903e-03 
 4.23550000e-09  1.08098358e+00  4.23550000e-09  1.95026680e+00  4.23550000e-09  9.05788743e-03 
 4.23650000e-09  1.02205860e+00  4.23650000e-09  1.95023687e+00  4.23650000e-09  8.34806956e-03 
 4.23750000e-09  9.63158613e-01  4.23750000e-09  1.95020783e+00  4.23750000e-09  7.70864574e-03 
 4.23850000e-09  9.04296459e-01  4.23850000e-09  1.95018283e+00  4.23850000e-09  7.15525504e-03 
 4.77550000e-09 -5.01990295e-03  4.77550000e-09  1.19348373e+00  4.77550000e-09 -8.19540306e-06 
 4.77650000e-09 -6.20369616e-03  4.77650000e-09  1.11358982e+00  4.77650000e-09 -6.98171593e-06 
 4.77750000e-09 -7.55719403e-03  4.77750000e-09  1.03254576e+00  4.77750000e-09 -4.78367576e-06 
 4.77850000e-09 -9.15297752e-03  4.77850000e-09  9.50508743e-01  4.77850000e-09  7.81135135e-07 
 4.77950000e-09 -1.10482491e-02  4.77950000e-09  8.67540169e-01  4.77950000e-09  5.35634772e-06 
 4.78050000e-09 -1.30460190e-02  4.78050000e-09  7.83839669e-01  4.78050000e-09  1.18869568e-05 
 4.81850000e-09  9.13117265e-01  4.81850000e-09  3.39111551e-03  4.81850000e-09 -1.37334254e-04 
 4.81950000e-09  9.58093478e-01  4.81950000e-09  3.28742129e-03  4.81950000e-09 -1.44331422e-04 
 4.82050000e-09  1.00238389e+00  4.82050000e-09  3.19417610e-03  4.82050000e-09 -1.46155204e-04 
 4.82150000e-09  1.04643608e+00  4.82150000e-09  3.10068386e-03  4.82150000e-09 -1.50816654e-04 
 4.82250000e-09  1.09065220e+00  4.82250000e-09  3.02130801e-03  4.82250000e-09 -1.53645283e-04 
 4.82350000e-09  1.13496439e+00  4.82350000e-09  2.94514163e-03  4.82350000e-09 -1.57955141e-04 
 5.17950000e-09  1.94996450e+00  5.17950000e-09  9.01107283e-01  5.17950000e-09 -1.02124584e-04 
 5.18050000e-09  1.94996496e+00  5.18050000e-09  9.62385250e-01  5.18050000e-09 -1.21342760e-04 
 5.18150000e-09  1.94996540e+00  5.18150000e-09  1.02282677e+00  5.18150000e-09 -1.35171360e-04 
 5.18250000e-09  1.94996585e+00  5.18250000e-09  1.08244433e+00  5.18250000e-09 -1.42649044e-04 
 5.18350000e-09  1.94996628e+00  5.18350000e-09  1.14137522e+00  5.18350000e-09 -1.57912178e-04 
 5.18450000e-09  1.94996673e+00  5.18450000e-09  1.19990347e+00  5.18450000e-09 -1.72725715e-04 
 5.29950000e-09  1.93199822e+00  5.29950000e-09  1.94992251e+00  5.29950000e-09  8.82301123e-01 
 5.30050000e-09  1.92996878e+00  5.30050000e-09  1.94992993e+00  5.30050000e-09  9.42867443e-01 
 5.30150000e-09  1.92807560e+00  5.30150000e-09  1.94993571e+00  5.30150000e-09  1.00257261e+00 
 5.30250000e-09  1.92656203e+00  5.30250000e-09  1.94994136e+00  5.30250000e-09  1.06395999e+00 
 5.30350000e-09  1.92572850e+00  5.30350000e-09  1.94994847e+00  5.30350000e-09  1.13067333e+00 
 5.30450000e-09  1.92582930e+00  5.30450000e-09  1.94994344e+00  5.30450000e-09  1.20401421e+00 
 5.35550000e-09  1.19906957e+00  5.35550000e-09  1.94993869e+00  5.35550000e-09  1.94653316e+00 
 5.35650000e-09  1.14002964e+00  5.35650000e-09  1.94994389e+00  5.35650000e-09  1.94686452e+00 
 5.35750000e-09  1.08104477e+00  5.35750000e-09  1.94994824e+00  5.35750000e-09  1.94703843e+00 
 5.35850000e-09  1.02211894e+00  5.35850000e-09  1.94995262e+00  5.35850000e-09  1.94732611e+00 
 5.35950000e-09  9.63218061e-01  5.35950000e-09  1.94995619e+00  5.35950000e-09  1.94746587e+00 
 5.36050000e-09  9.04355425e-01  5.36050000e-09  1.94995986e+00  5.36050000e-09  1.94771681e+00 
 5.89750000e-09 -5.01993605e-03  5.89750000e-09  1.19320860e+00  5.89750000e-09  1.94989642e+00 
 5.89850000e-09 -6.20368642e-03  5.89850000e-09  1.11331469e+00  5.89850000e-09  1.94988004e+00 
 5.89950000e-09 -7.55714267e-03  5.89950000e-09  1.03227084e+00  5.89950000e-09  1.94986985e+00 
 5.90050000e-09 -9.15288341e-03  5.90050000e-09  9.50234864e-01  5.90050000e-09  1.94987149e+00 
 5.90150000e-09 -1.10481735e-02  5.90150000e-09  8.67267163e-01  5.90150000e-09  1.94988737e+00 
 5.90250000e-09 -1.30458424e-02  5.90250000e-09  7.83567694e-01  5.90250000e-09  1.94991914e+00 
 5.94050000e-09  9.13111641e-01  5.94050000e-09  3.59218085e-03  5.94050000e-09  1.94935489e+00 
 5.94150000e-09  9.58087955e-01  5.94150000e-09  3.49970490e-03  5.94150000e-09  1.94928908e+00 
 5.94250000e-09  1.00237842e+00  5.94250000e-09  3.42707858e-03  5.94250000e-09  1.94920154e+00 
 5.94350000e-09  1.04643061e+00  5.94350000e-09  3.36177376e-03  5.94350000e-09  1.94908050e+00 
 5.94450000e-09  1.09064669e+00  5.94450000e-09  3.32111272e-03  5.94450000e-09  1.94892027e+00 
 5.94550000e-09  1.13495889e+00  5.94550000e-09  3.29033937e-03  5.94550000e-09  1.94871198e+00 
 6.30150000e-09  1.94996450e+00  6.30150000e-09  9.02197771e-01  6.30150000e-09  1.94986077e+00 
 6.30250000e-09  1.94996496e+00  6.30250000e-09  9.63273667e-01  6.30250000e-09  1.94975418e+00 
 6.30350000e-09  1.94996540e+00  6.30350000e-09  1.02342068e+00  6.30350000e-09  1.94964376e+00 
 6.30450000e-09  1.94996585e+00  6.30450000e-09  1.08265419e+00  6.30450000e-09  1.94954810e+00 
 6.30550000e-09  1.94996627e+00  6.30550000e-09  1.14114641e+00  6.30550000e-09  1.94944223e+00 
 6.30650000e-09  1.94996673e+00  6.30650000e-09  1.19935638e+00  6.30650000e-09  1.94931909e+00 
 6.43550000e-09  1.97373495e+00  6.43550000e-09  1.94996144e+00  6.43550000e-09  1.18531454e+00 
 6.43650000e-09  1.98078696e+00  6.43650000e-09  1.94998949e+00  6.43650000e-09  1.12777697e+00 
 6.43750000e-09  1.98737177e+00  6.43750000e-09  1.95001505e+00  6.43750000e-09  1.07011112e+00 
 6.43850000e-09  1.99364471e+00  6.43850000e-09  1.95004181e+00  6.43850000e-09  1.01212182e+00 
 6.43950000e-09  1.99957329e+00  6.43950000e-09  1.95006019e+00  6.43950000e-09  9.53683828e-01 
 6.44050000e-09  2.00523371e+00  6.44050000e-09  1.95007647e+00  6.44050000e-09  8.94642475e-01 
 6.47750000e-09  1.19995371e+00  6.47750000e-09  1.95033206e+00  6.47750000e-09  1.07741598e-02 
 6.47850000e-09  1.14091422e+00  6.47850000e-09  1.95030004e+00  6.47850000e-09  9.87517450e-03 
 6.47950000e-09  1.08192868e+00  6.47950000e-09  1.95026703e+00  6.47950000e-09  9.06211046e-03 
 6.48050000e-09  1.02300342e+00  6.48050000e-09  1.95023706e+00  6.48050000e-09  8.35222378e-03 
 6.48150000e-09  9.64102260e-01  6.48150000e-09  1.95020802e+00  6.48150000e-09  7.71192613e-03 
 6.48250000e-09  9.05239914e-01  6.48250000e-09  1.95018298e+00  6.48250000e-09  7.15855108e-03 
 7.01950000e-09 -5.01006744e-03  7.01950000e-09  1.19394144e+00  7.01950000e-09 -8.17787818e-06 
 7.02050000e-09 -6.19261499e-03  7.02050000e-09  1.11405344e+00  7.02050000e-09 -7.00289130e-06 
 7.02150000e-09 -7.54428274e-03  7.02150000e-09  1.03301568e+00  7.02150000e-09 -4.79418995e-06 
 7.02250000e-09 -9.13745718e-03  7.02250000e-09  9.50983532e-01  7.02250000e-09  7.37376221e-07 
 7.02350000e-09 -1.10353606e-02  7.02350000e-09  8.68019836e-01  7.02350000e-09  5.32827127e-06 
 7.02450000e-09 -1.30244003e-02  7.02450000e-09  7.84322626e-01  7.02450000e-09  1.18365047e-05 
 7.06250000e-09  9.12720107e-01  7.06250000e-09  3.39146885e-03  7.06250000e-09 -1.37315929e-04 
 7.06350000e-09  9.57704758e-01  7.06350000e-09  3.28785450e-03  7.06350000e-09 -1.44316574e-04 
 7.06450000e-09  1.00199995e+00  7.06450000e-09  3.19457209e-03  7.06450000e-09 -1.46162516e-04 
 7.06550000e-09  1.04605289e+00  7.06550000e-09  3.10108319e-03  7.06550000e-09 -1.50798110e-04 
 7.06650000e-09  1.09026766e+00  7.06650000e-09  3.02163344e-03  7.06650000e-09 -1.53625982e-04 
 7.06750000e-09  1.13458147e+00  7.06750000e-09  2.94543435e-03  7.06750000e-09 -1.57934081e-04 
 7.42350000e-09  1.94996450e+00  7.42350000e-09  9.00544636e-01  7.42350000e-09 -1.01878871e-04 
 7.42450000e-09  1.94996496e+00  7.42450000e-09  9.61830148e-01  7.42450000e-09 -1.21203695e-04 
 7.42550000e-09  1.94996539e+00  7.42550000e-09  1.02227654e+00  7.42550000e-09 -1.35028793e-04 
 7.42650000e-09  1.94996585e+00  7.42650000e-09  1.08189451e+00  7.42650000e-09 -1.42371742e-04 
 7.42750000e-09  1.94996627e+00  7.42750000e-09  1.14082655e+00  7.42750000e-09 -1.57773029e-04 
 7.42850000e-09  1.94996673e+00  7.42850000e-09  1.19935607e+00  7.42850000e-09 -1.72619268e-04 
 7.54350000e-09  1.93205784e+00  7.54350000e-09  1.94992248e+00  7.54350000e-09  8.81782663e-01 
 7.54450000e-09  1.93002717e+00  7.54450000e-09  1.94992986e+00  7.54450000e-09  9.42360333e-01 
 7.54550000e-09  1.92812704e+00  7.54550000e-09  1.94993568e+00  7.54550000e-09  1.00206715e+00 
 7.54650000e-09  1.92659807e+00  7.54650000e-09  1.94994132e+00  7.54650000e-09  1.06341280e+00 
 7.54750000e-09  1.92574074e+00  7.54750000e-09  1.94994845e+00  7.54750000e-09  1.13007037e+00 
 7.54850000e-09  1.92581095e+00  7.54850000e-09  1.94994342e+00  7.54850000e-09  1.20339250e+00 
 7.59950000e-09  1.20082866e+00  7.59950000e-09  1.94993866e+00  7.59950000e-09  1.94653130e+00 
 7.60050000e-09  1.14178798e+00  7.60050000e-09  1.94994384e+00  7.60050000e-09  1.94686210e+00 
 7.60150000e-09  1.08280026e+00  7.60150000e-09  1.94994822e+00  7.60150000e-09  1.94703691e+00 
 7.60250000e-09  1.02387421e+00  7.60250000e-09  1.94995257e+00  7.60250000e-09  1.94732403e+00 
 7.60350000e-09  9.64971519e-01  7.60350000e-09  1.94995618e+00  7.60350000e-09  1.94746462e+00 
 7.60450000e-09  9.06108770e-01  7.60450000e-09  1.94995983e+00  7.60450000e-09  1.94771500e+00 
 8.14150000e-09 -4.97046014e-03  8.14150000e-09  1.19557010e+00  8.14150000e-09  1.94989695e+00 
 8.14250000e-09 -6.14817512e-03  8.14250000e-09  1.11570843e+00  8.14250000e-09  1.94988046e+00 
 8.14350000e-09 -7.49378456e-03  8.14350000e-09  1.03469859e+00  8.14350000e-09  1.94987000e+00 
 8.14450000e-09 -9.07798508e-03  8.14450000e-09  9.52689267e-01  8.14450000e-09  1.94987124e+00 
 8.14550000e-09 -1.09865403e-02  8.14550000e-09  8.69748361e-01  8.14550000e-09  1.94988668e+00 
 8.14650000e-09 -1.29408817e-02  8.14650000e-09  7.86067516e-01  8.14650000e-09  1.94991795e+00 
 8.18450000e-09  9.11153042e-01  8.18450000e-09  3.59466382e-03  8.18450000e-09  1.94935658e+00 
 8.18550000e-09  9.56169113e-01  8.18550000e-09  3.50216943e-03  8.18550000e-09  1.94929133e+00 
 8.18650000e-09  1.00048073e+00  8.18650000e-09  3.42888020e-03  8.18650000e-09  1.94920453e+00 
 8.18750000e-09  1.04453327e+00  8.18750000e-09  3.36332598e-03  8.18750000e-09  1.94908461e+00 
 8.18850000e-09  1.08873960e+00  8.18850000e-09  3.32189223e-03  8.18850000e-09  1.94892561e+00 
 8.18950000e-09  1.13305846e+00  8.18950000e-09  3.29086965e-03  8.18950000e-09  1.94871871e+00 
 8.54550000e-09  1.94996449e+00  8.54550000e-09  8.99637602e-01  8.54550000e-09  1.94986484e+00 
 8.54650000e-09  1.94996494e+00  8.54650000e-09  9.60751741e-01  8.54650000e-09  1.94975881e+00 
 8.54750000e-09  1.94996538e+00  8.54750000e-09  1.02093746e+00  8.54750000e-09  1.94964828e+00 
 8.54850000e-09  1.94996583e+00  8.54850000e-09  1.08020693e+00  8.54850000e-09  1.94955199e+00 
 8.54950000e-09  1.94996626e+00  8.54950000e-09  1.13872375e+00  8.54950000e-09  1.94944686e+00 
 8.55050000e-09  1.94996670e+00  8.55050000e-09  1.19690453e+00  8.55050000e-09  1.94932501e+00 
 8.67950000e-09  1.97344912e+00  8.67950000e-09  1.94996055e+00  8.67950000e-09  1.18774060e+00 
 8.68050000e-09  1.98051933e+00  8.68050000e-09  1.94998833e+00  8.68050000e-09  1.13020458e+00 
 8.68150000e-09  1.98711453e+00  8.68150000e-09  1.95001392e+00  8.68150000e-09  1.07255057e+00 
 8.68250000e-09  1.99340146e+00  8.68250000e-09  1.95004069e+00  8.68250000e-09  1.01457687e+00 
 8.68350000e-09  1.99934086e+00  8.68350000e-09  1.95005946e+00  8.68350000e-09  9.56164066e-01 
 8.68450000e-09  2.00501283e+00  8.68450000e-09  1.95007580e+00  8.68450000e-09  8.97149487e-01 
 8.72150000e-09  1.20226127e+00  8.72150000e-09  1.95033351e+00  8.72150000e-09  1.08158847e-02 
 8.72250000e-09  1.14322083e+00  8.72250000e-09  1.95030135e+00  8.72250000e-09  9.91558410e-03 
 8.72350000e-09  1.08423144e+00  8.72350000e-09  1.95026845e+00  8.72350000e-09  9.09500145e-03 
 8.72450000e-09  1.02530590e+00  8.72450000e-09  1.95023823e+00  8.72450000e-09  8.38445671e-03 
 8.72550000e-09  9.66402278e-01  8.72550000e-09  1.95020925e+00  8.72550000e-09  7.73731757e-03 
 8.72650000e-09  9.07540009e-01  8.72650000e-09  1.95018394e+00  8.72650000e-09  7.18413837e-03 
 9.26350000e-09 -4.95429873e-03  9.26350000e-09  1.19771749e+00  9.26350000e-09 -8.16980758e-06 
 9.26450000e-09 -6.13002975e-03  9.26450000e-09  1.11788113e+00  9.26450000e-09 -7.05883357e-06 
 9.26550000e-09 -7.47270205e-03  9.26550000e-09  1.03689796e+00  9.26550000e-09 -4.99970391e-06 
 9.26650000e-09 -9.05273096e-03  9.26650000e-09  9.54908622e-01  9.26650000e-09  4.96342155e-07 
 9.26750000e-09 -1.09660042e-02  9.26750000e-09  8.71987902e-01  9.26750000e-09  5.01525586e-06 
 9.26850000e-09 -1.29055339e-02  9.26850000e-09  7.88320535e-01  9.26850000e-09  1.15275572e-05 
 9.30650000e-09  9.10498590e-01  9.30650000e-09  3.39602919e-03  9.30650000e-09 -1.36948680e-04 
 9.30750000e-09  9.55528020e-01  9.30750000e-09  3.29279363e-03  9.30750000e-09 -1.44107240e-04 
 9.30850000e-09  9.99846726e-01  9.30850000e-09  3.19882214e-03  9.30850000e-09 -1.46026451e-04 
 9.30950000e-09  1.04389961e+00  9.30950000e-09  3.10540445e-03  9.30950000e-09 -1.50683254e-04 
 9.31050000e-09  1.08810257e+00  9.31050000e-09  3.02515529e-03  9.31050000e-09 -1.53424025e-04 
 9.31150000e-09  1.13242312e+00  9.31150000e-09  2.94886231e-03  9.31150000e-09 -1.57844548e-04 
 9.66750000e-09  1.94996448e+00  9.66750000e-09  8.97576484e-01  9.66750000e-09 -1.00586467e-04 
 9.66850000e-09  1.94996493e+00  9.66850000e-09  9.58901704e-01  9.66850000e-09 -1.20446007e-04 
 9.66950000e-09  1.94996537e+00  9.66950000e-09  1.01938833e+00  9.66950000e-09 -1.34651141e-04 
 9.67050000e-09  1.94996582e+00  9.67050000e-09  1.07904418e+00  9.67050000e-09 -1.41824897e-04 
 9.67150000e-09  1.94996625e+00  9.67150000e-09  1.13799718e+00  9.67150000e-09 -1.56978720e-04 
 9.67250000e-09  1.94996670e+00  9.67250000e-09  1.19651323e+00  9.67250000e-09 -1.71307180e-04 
 9.78750000e-09  1.93215386e+00  9.78750000e-09  1.94992227e+00  9.78750000e-09  8.78711803e-01 
 9.78850000e-09  1.93012156e+00  9.78850000e-09  1.94992944e+00  9.78850000e-09  9.39355017e-01 
 9.78950000e-09  1.92821073e+00  9.78950000e-09  1.94993545e+00  9.78950000e-09  9.99072068e-01 
 9.79050000e-09  1.92665762e+00  9.79050000e-09  1.94994110e+00  9.79050000e-09  1.06018454e+00 
 9.79150000e-09  1.92576257e+00  9.79150000e-09  1.94994832e+00  9.79150000e-09  1.12650315e+00 
 9.79250000e-09  1.92578409e+00  9.79250000e-09  1.94994334e+00  9.79250000e-09  1.19969999e+00 
 9.84350000e-09  1.20360117e+00  9.84350000e-09  1.94993847e+00  9.84350000e-09  1.94651927e+00 
 9.84450000e-09  1.14455911e+00  9.84450000e-09  1.94994355e+00  9.84450000e-09  1.94684680e+00 
 9.84550000e-09  1.08556658e+00  9.84550000e-09  1.94994807e+00  9.84550000e-09  1.94702698e+00 
 9.84650000e-09  1.02663998e+00  9.84650000e-09  1.94995232e+00  9.84650000e-09  1.94731084e+00 
 9.84750000e-09  9.67734201e-01  9.84750000e-09  1.94995606e+00  9.84750000e-09  1.94745644e+00 
 9.84850000e-09  9.08871146e-01  9.84850000e-09  1.94995961e+00  9.84850000e-09  1.94770359e+00 
 1.03655000e-08  3.25283214e-03  1.03655000e-08  2.06221519e+00  1.03655000e-08  1.94998849e+00 
 1.03855000e-08 -4.90128574e-03  1.03855000e-08  1.19941756e+00  1.03855000e-08  1.94989784e+00 
 1.03865000e-08 -6.07024111e-03  1.03865000e-08  1.11960849e+00  1.03865000e-08  1.94988115e+00 
 1.03875000e-08 -7.40342788e-03  1.03875000e-08  1.03865438e+00  1.03875000e-08  1.94987030e+00 
 1.03885000e-08 -8.96998358e-03  1.03885000e-08  9.56688809e-01  1.03885000e-08  1.94987084e+00 
 1.03895000e-08 -1.08997383e-02  1.03895000e-08  8.73791704e-01  1.03895000e-08  1.94988560e+00 
 1.03905000e-08 -1.27893851e-02  1.03905000e-08  7.90141308e-01  1.03905000e-08  1.94991601e+00 
 1.04285000e-08  9.08331562e-01  1.04285000e-08  3.59901573e-03  1.04285000e-08  1.94935931e+00 
 1.04295000e-08  9.53405723e-01  1.04295000e-08  3.50654602e-03  1.04295000e-08  1.94929508e+00 
 1.04305000e-08  9.97748283e-01  1.04305000e-08  3.43208457e-03  1.04305000e-08  1.94920949e+00 
 1.04315000e-08  1.04180285e+00  1.04315000e-08  3.36623174e-03  1.04315000e-08  1.94909148e+00 
 1.04325000e-08  1.08599444e+00  1.04325000e-08  3.32346462e-03  1.04325000e-08  1.94893448e+00 
 1.04335000e-08  1.13031963e+00  1.04335000e-08  3.29203412e-03  1.04335000e-08  1.94872997e+00 
 1.07895000e-08  1.94996446e+00  1.07895000e-08  8.95895610e-01  1.07895000e-08  1.94987076e+00 
 1.07905000e-08  1.94996491e+00  1.07905000e-08  9.57065688e-01  1.07905000e-08  1.94976558e+00 
 1.07915000e-08  1.94996536e+00  1.07915000e-08  1.01730818e+00  1.07915000e-08  1.94965488e+00 
 1.07925000e-08  1.94996580e+00  1.07925000e-08  1.07663079e+00  1.07925000e-08  1.94955768e+00 
 1.07935000e-08  1.94996623e+00  1.07935000e-08  1.13519417e+00  1.07935000e-08  1.94945348e+00 
 1.07945000e-08  1.94996667e+00  1.07945000e-08  1.19338455e+00  1.07945000e-08  1.94933281e+00 
 1.09235000e-08  1.97293606e+00  1.09235000e-08  1.94995907e+00  1.09235000e-08  1.19116982e+00 
 1.09245000e-08  1.98003498e+00  1.09245000e-08  1.94998666e+00  1.09245000e-08  1.13363506e+00 
 1.09255000e-08  1.98665679e+00  1.09255000e-08  1.95001236e+00  1.09255000e-08  1.07599649e+00 
 1.09265000e-08  1.99296979e+00  1.09265000e-08  1.95003918e+00  1.09265000e-08  1.01804313e+00 
 1.09275000e-08  1.99892890e+00  1.09275000e-08  1.95005851e+00  1.09275000e-08  9.59664041e-01 
 1.09285000e-08  2.00462215e+00  1.09285000e-08  1.95007495e+00  1.09285000e-08  9.00685246e-01 
 1.09655000e-08  1.20649966e+00  1.09655000e-08  1.95033555e+00  1.09655000e-08  1.08684543e-02 
 1.09665000e-08  1.14745764e+00  1.09665000e-08  1.95030320e+00  1.09665000e-08  9.96744833e-03 
 1.09675000e-08  1.08846118e+00  1.09675000e-08  1.95027047e+00  1.09675000e-08  9.13639006e-03 
 1.09685000e-08  1.02953512e+00  1.09685000e-08  1.95023990e+00  1.09685000e-08  8.42595398e-03 
 1.09695000e-08  9.70627011e-01  1.09695000e-08  1.95021099e+00  1.09695000e-08  7.76916950e-03 
 1.09705000e-08  9.11764621e-01  1.09705000e-08  1.95018530e+00  1.09705000e-08  7.21720688e-03 
 1.15075000e-08 -4.89557792e-03  1.15075000e-08  1.20267530e+00  1.15075000e-08 -8.14865895e-06 
 1.15085000e-08 -6.06394061e-03  1.15085000e-08  1.12290696e+00  1.15085000e-08 -7.13376466e-06 
 1.15095000e-08 -7.39514476e-03  1.15095000e-08  1.04199596e+00  1.15095000e-08 -5.26087828e-06 
 1.15105000e-08 -8.95916015e-03  1.15105000e-08  9.60063364e-01  1.15105000e-08  1.73446640e-07 
 1.15115000e-08 -1.08910671e-02  1.15115000e-08  8.77199322e-01  1.15115000e-08  4.60617362e-06 
 1.15125000e-08 -1.27748031e-02  1.15125000e-08  7.93571381e-01  1.15125000e-08  1.11179458e-05 
 1.15505000e-08  9.08067018e-01  1.15505000e-08  3.40185018e-03  1.15505000e-08 -1.36459828e-04 
 1.15515000e-08  9.53147492e-01  1.15515000e-08  3.29914369e-03  1.15515000e-08 -1.43826753e-04 
 1.15525000e-08  9.97494256e-01  1.15525000e-08  3.20428439e-03  1.15525000e-08 -1.45849605e-04 
 1.15535000e-08  1.04155056e+00  1.15535000e-08  3.11098530e-03  1.15535000e-08 -1.50513048e-04 
 1.15545000e-08  1.08574224e+00  1.15545000e-08  3.02969839e-03  1.15545000e-08 -1.53139258e-04 
 1.15555000e-08  1.13006869e+00  1.15555000e-08  2.95328157e-03  1.15555000e-08 -1.57716180e-04 
 1.19115000e-08  1.94996446e+00  1.19115000e-08  8.94352355e-01  1.19115000e-08 -9.91678473e-05 
 1.19125000e-08  1.94996490e+00  1.19125000e-08  9.55721107e-01  1.19125000e-08 -1.19599283e-04 
 1.19135000e-08  1.94996535e+00  1.19135000e-08  1.01625184e+00  1.19135000e-08 -1.34237709e-04 
 1.19145000e-08  1.94996580e+00  1.19145000e-08  1.07594946e+00  1.19145000e-08 -1.41231004e-04 
 1.19155000e-08  1.94996623e+00  1.19155000e-08  1.13493407e+00  1.19155000e-08 -1.56217755e-04 
 1.19165000e-08  1.94996667e+00  1.19165000e-08  1.19346273e+00  1.19165000e-08 -1.70364815e-04 
 1.20315000e-08  1.93227933e+00  1.20315000e-08  1.94992204e+00  1.20315000e-08  8.75553965e-01 
 1.20325000e-08  1.93024537e+00  1.20325000e-08  1.94992900e+00  1.20325000e-08  9.36271003e-01 
 1.20335000e-08  1.92832113e+00  1.20335000e-08  1.94993521e+00  1.20335000e-08  9.96007536e-01 
 1.20345000e-08  1.92673726e+00  1.20345000e-08  1.94994086e+00  1.20345000e-08  1.05691037e+00 
 1.20355000e-08  1.92579331e+00  1.20355000e-08  1.94994818e+00  1.20355000e-08  1.12287752e+00 
 1.20365000e-08  1.92575146e+00  1.20365000e-08  1.94994330e+00  1.20365000e-08  1.19592654e+00 
 1.20875000e-08  1.20726846e+00  1.20875000e-08  1.94993826e+00  1.20875000e-08  1.94650845e+00 
 1.20885000e-08  1.14822516e+00  1.20885000e-08  1.94994324e+00  1.20885000e-08  1.94683237e+00 
 1.20895000e-08  1.08922647e+00  1.20895000e-08  1.94994791e+00  1.20895000e-08  1.94701811e+00 
 1.20905000e-08  1.03029949e+00  1.20905000e-08  1.94995205e+00  1.20905000e-08  1.94729838e+00 
 1.20915000e-08  9.71389805e-01  1.20915000e-08  1.94995594e+00  1.20915000e-08  1.94744918e+00 
 1.20925000e-08  9.12526728e-01  1.20925000e-08  1.94995938e+00  1.20925000e-08  1.94769280e+00 
 1.26295000e-08 -4.84467811e-03  1.26295000e-08  1.20367061e+00  1.26295000e-08  1.94989881e+00 
 1.26305000e-08 -6.00690526e-03  1.26305000e-08  1.12391986e+00  1.26305000e-08  1.94988193e+00 
 1.26315000e-08 -7.32905262e-03  1.26315000e-08  1.04302772e+00  1.26315000e-08  1.94987066e+00 
 1.26325000e-08 -8.88033618e-03  1.26325000e-08  9.61110920e-01  1.26325000e-08  1.94987044e+00 
 1.26335000e-08 -1.08147554e-02  1.26335000e-08  8.78262533e-01  1.26335000e-08  1.94988444e+00 
 1.26345000e-08 -1.26654658e-02  1.26345000e-08  7.94646104e-01  1.26345000e-08  1.94991393e+00 
 1.26725000e-08  9.05972855e-01  1.26725000e-08  3.60323038e-03  1.26725000e-08  1.94936219e+00 
 1.26735000e-08  9.51097236e-01  1.26735000e-08  3.51110744e-03  1.26735000e-08  1.94929924e+00 
 1.26745000e-08  9.95468273e-01  1.26745000e-08  3.43512570e-03  1.26745000e-08  1.94921475e+00 
 1.26755000e-08  1.03952700e+00  1.26755000e-08  3.36926485e-03  1.26755000e-08  1.94909901e+00 
 1.26765000e-08  1.08370802e+00  1.26765000e-08  3.32474701e-03  1.26765000e-08  1.94894401e+00 
 1.26775000e-08  1.12803728e+00  1.26775000e-08  3.29320659e-03  1.26775000e-08  1.94874234e+00 
 1.30335000e-08  1.94996444e+00  1.30335000e-08  8.92619150e-01  1.30335000e-08  1.94987593e+00 
 1.30345000e-08  1.94996489e+00  1.30345000e-08  9.53838001e-01  1.30345000e-08  1.94977146e+00 
 1.30355000e-08  1.94996533e+00  1.30355000e-08  1.01413323e+00  1.30355000e-08  1.94966063e+00 
 1.30365000e-08  1.94996578e+00  1.30365000e-08  1.07350572e+00  1.30365000e-08  1.94956258e+00 
 1.30375000e-08  1.94996621e+00  1.30375000e-08  1.13209375e+00  1.30375000e-08  1.94945949e+00 
 1.30385000e-08  1.94996665e+00  1.30385000e-08  1.19027709e+00  1.30385000e-08  1.94933988e+00 
 1.31675000e-08  1.97256953e+00  1.31675000e-08  1.94995777e+00  1.31675000e-08  1.19432477e+00 
 1.31685000e-08  1.97968601e+00  1.31685000e-08  1.94998515e+00  1.31685000e-08  1.13679032e+00 
 1.31695000e-08  1.98633023e+00  1.31695000e-08  1.95001095e+00  1.31695000e-08  1.07916479e+00 
 1.31705000e-08  1.99266132e+00  1.31705000e-08  1.95003781e+00  1.31705000e-08  1.02122909e+00 
 1.31715000e-08  1.99863525e+00  1.31715000e-08  1.95005764e+00  1.31715000e-08  9.62879864e-01 
 1.31725000e-08  2.00434330e+00  1.31725000e-08  1.95007415e+00  1.31725000e-08  9.03933030e-01 
 1.32105000e-08  1.15045132e+00  1.32105000e-08  1.95030497e+00  1.32105000e-08  1.00113393e-02 
 1.32115000e-08  1.09144966e+00  1.32115000e-08  1.95027228e+00  1.32115000e-08  9.17804132e-03 
 1.32125000e-08  1.03252300e+00  1.32125000e-08  1.95024149e+00  1.32125000e-08  8.46024906e-03 
 1.32135000e-08  9.73611584e-01  1.32135000e-08  1.95021255e+00  1.32135000e-08  7.80211316e-03 
 1.32145000e-08  9.14748987e-01  1.32145000e-08  1.95018661e+00  1.32145000e-08  7.24368503e-03 
 1.32155000e-08  8.55905939e-01  1.32155000e-08  1.95016294e+00  1.32155000e-08  6.72583575e-03 
 1.37515000e-08 -4.80915150e-03  1.37515000e-08  1.20647504e+00  1.37515000e-08 -8.04965917e-06 
 1.37525000e-08 -5.96713383e-03  1.37525000e-08  1.12675902e+00  1.37525000e-08 -7.26935988e-06 
 1.37535000e-08 -7.28302166e-03  1.37535000e-08  1.04590342e+00  1.37535000e-08 -5.37353111e-06 
 1.37545000e-08 -8.82553838e-03  1.37545000e-08  9.64014507e-01  1.37545000e-08 -1.55541051e-07 
 1.37555000e-08 -1.07418830e-02  1.37555000e-08  8.81194267e-01  1.37555000e-08  4.38286489e-06 
 1.37565000e-08 -1.25923108e-02  1.37565000e-08  7.97596960e-01  1.37565000e-08  1.07414405e-05 
 1.37945000e-08  9.04496752e-01  1.37945000e-08  3.40622272e-03  1.37945000e-08 -1.36130485e-04 
 1.37955000e-08  9.49652431e-01  1.37955000e-08  3.30393663e-03  1.37955000e-08 -1.43554522e-04 
 1.37965000e-08  9.94041320e-01  1.37965000e-08  3.20840146e-03  1.37965000e-08 -1.45762829e-04 
 1.37975000e-08  1.03810214e+00  1.37975000e-08  3.11520746e-03  1.37975000e-08 -1.50331664e-04 
 1.37985000e-08  1.08227594e+00  1.37985000e-08  3.03312817e-03  1.37985000e-08 -1.52973723e-04 
 1.37995000e-08  1.12660625e+00  1.37995000e-08  2.95663019e-03  1.37995000e-08 -1.57569375e-04 
 1.41555000e-08  1.94996442e+00  1.41555000e-08  8.89483987e-01  1.41555000e-08 -9.69644484e-05 
 1.41565000e-08  1.94996487e+00  1.41565000e-08  9.50915701e-01  1.41565000e-08 -1.18252522e-04 
 1.41575000e-08  1.94996531e+00  1.41575000e-08  1.01151358e+00  1.41575000e-08 -1.33423120e-04 
 1.41585000e-08  1.94996577e+00  1.41585000e-08  1.07127701e+00  1.41585000e-08 -1.40577409e-04 
 1.41595000e-08  1.94996619e+00  1.41595000e-08  1.13031046e+00  1.41595000e-08 -1.55046391e-04 
 1.41605000e-08  1.94996664e+00  1.41605000e-08  1.18886069e+00  1.41605000e-08 -1.69008377e-04 
 1.42755000e-08  1.93242835e+00  1.42755000e-08  1.94992170e+00  1.42755000e-08  8.70683820e-01 
 1.42765000e-08  1.93039335e+00  1.42765000e-08  1.94992834e+00  1.42765000e-08  9.31514638e-01 
 1.42775000e-08  1.92845436e+00  1.42775000e-08  1.94993483e+00  1.42775000e-08  9.91286977e-01 
 1.42785000e-08  1.92683553e+00  1.42785000e-08  1.94994046e+00  1.42785000e-08  1.05190995e+00 
 1.42795000e-08  1.92583472e+00  1.42795000e-08  1.94994792e+00  1.42795000e-08  1.11733073e+00 
 1.42805000e-08  1.92571865e+00  1.42805000e-08  1.94994332e+00  1.42805000e-08  1.19009748e+00 
 1.43325000e-08  1.15254982e+00  1.43325000e-08  1.94994277e+00  1.43325000e-08  1.94680876e+00 
 1.43335000e-08  1.09354385e+00  1.43335000e-08  1.94994764e+00  1.43335000e-08  1.94700371e+00 
 1.43345000e-08  1.03461594e+00  1.43345000e-08  1.94995165e+00  1.43345000e-08  1.94727800e+00 
 1.43355000e-08  9.75701683e-01  1.43355000e-08  1.94995573e+00  1.43355000e-08  1.94743739e+00 
 1.43365000e-08  9.16838288e-01  1.43365000e-08  1.94995903e+00  1.43365000e-08  1.94767512e+00 
 1.43375000e-08  8.57992114e-01  1.43375000e-08  1.94996243e+00  1.43375000e-08  1.94780506e+00 
 1.48735000e-08 -4.75800483e-03  1.48735000e-08  1.20932360e+00  1.48735000e-08  1.94990011e+00 
 1.48745000e-08 -5.90992660e-03  1.48745000e-08  1.12965102e+00  1.48745000e-08  1.94988300e+00 
 1.48755000e-08 -7.21688589e-03  1.48755000e-08  1.04884158e+00  1.48755000e-08  1.94987119e+00 
 1.48765000e-08 -8.74694158e-03  1.48765000e-08  9.66990172e-01  1.48765000e-08  1.94986998e+00 
 1.48775000e-08 -1.06382867e-02  1.48775000e-08  8.84207381e-01  1.48775000e-08  1.94988298e+00 
 1.48785000e-08 -1.24875837e-02  1.48785000e-08  8.00637059e-01  1.48785000e-08  1.94991125e+00 
 1.49165000e-08  9.02341888e-01  1.49165000e-08  3.60950094e-03  1.49165000e-08  1.94936574e+00 
 1.49175000e-08  9.47544022e-01  1.49175000e-08  3.51774690e-03  1.49175000e-08  1.94930449e+00 
 1.49185000e-08  9.91959620e-01  1.49185000e-08  3.43974498e-03  1.49185000e-08  1.94922146e+00 
 1.49195000e-08  1.03602438e+00  1.49195000e-08  3.37382622e-03  1.49195000e-08  1.94910865e+00 
 1.49205000e-08  1.08018774e+00  1.49205000e-08  3.32700441e-03  1.49205000e-08  1.94895627e+00 
 1.49215000e-08  1.12451851e+00  1.49215000e-08  3.29527628e-03  1.49215000e-08  1.94875835e+00 
 1.52775000e-08  1.94996440e+00  1.52775000e-08  8.87798449e-01  1.52775000e-08  1.94988347e+00 
 1.52785000e-08  1.94996486e+00  1.52785000e-08  9.49090917e-01  1.52785000e-08  1.94978003e+00 
 1.52795000e-08  1.94996529e+00  1.52795000e-08  1.00945816e+00  1.52795000e-08  1.94966895e+00 
 1.52805000e-08  1.94996575e+00  1.52805000e-08  1.06889716e+00  1.52805000e-08  1.94956980e+00 
 1.52815000e-08  1.94996617e+00  1.52815000e-08  1.12753664e+00  1.52815000e-08  1.94946827e+00 
 1.52825000e-08  1.94996662e+00  1.52825000e-08  1.18572815e+00  1.52825000e-08  1.94935006e+00 
 1.54115000e-08  1.97200376e+00  1.54115000e-08  1.94995589e+00  1.54115000e-08  1.19879645e+00 
 1.54125000e-08  1.97914244e+00  1.54125000e-08  1.94998297e+00  1.54125000e-08  1.14126228e+00 
 1.54135000e-08  1.98582511e+00  1.54135000e-08  1.95000890e+00  1.54135000e-08  1.08365488e+00 
 1.54145000e-08  1.99217998e+00  1.54145000e-08  1.95003582e+00  1.54145000e-08  1.02574384e+00 
 1.54155000e-08  1.99818089e+00  1.54155000e-08  1.95005636e+00  1.54155000e-08  9.67436806e-01 
 1.54165000e-08  2.00390831e+00  1.54165000e-08  1.95007299e+00  1.54165000e-08  9.08535340e-01 
 1.54545000e-08  1.15503327e+00  1.54545000e-08  1.95030750e+00  1.54545000e-08  1.00770502e-02 
 1.54555000e-08  1.09602437e+00  1.54555000e-08  1.95027484e+00  1.54555000e-08  9.24067608e-03 
 1.54565000e-08  1.03709688e+00  1.54565000e-08  1.95024379e+00  1.54565000e-08  8.51154689e-03 
 1.54575000e-08  9.78181041e-01  1.54575000e-08  1.95021477e+00  1.54575000e-08  7.85172386e-03 
 1.54585000e-08  9.19318305e-01  1.54585000e-08  1.95018850e+00  1.54585000e-08  7.28325871e-03 
 1.54595000e-08  8.60469927e-01  1.54595000e-08  1.95016473e+00  1.54595000e-08  6.76516965e-03 
 1.59955000e-08 -4.72011377e-03  1.59955000e-08  1.21256815e+00  1.59955000e-08 -7.86075848e-06 
 1.59965000e-08 -5.86755869e-03  1.59965000e-08  1.13293694e+00  1.59965000e-08 -7.49186660e-06 
 1.59975000e-08 -7.16798842e-03  1.59975000e-08  1.05217091e+00  1.59975000e-08 -5.52393065e-06 
 1.59985000e-08 -8.68890578e-03  1.59985000e-08  9.70352990e-01  1.59985000e-08 -6.95368889e-07 
 1.59995000e-08 -1.05624610e-02  1.59995000e-08  8.87603996e-01  1.59995000e-08  4.09686428e-06 
 1.60005000e-08 -1.24104680e-02  1.60005000e-08  8.04056932e-01  1.60005000e-08  1.01432049e-05 
 1.60385000e-08  9.00749474e-01  1.60385000e-08  3.41357463e-03  1.60385000e-08 -1.35643670e-04 
 1.60395000e-08  9.45986601e-01  1.60395000e-08  3.31214332e-03  1.60395000e-08 -1.42982829e-04 
 1.60405000e-08  9.90422547e-01  1.60405000e-08  3.21532900e-03  1.60405000e-08 -1.45705285e-04 
 1.60415000e-08  1.03449096e+00  1.60415000e-08  3.12249121e-03  1.60415000e-08 -1.49912589e-04 
 1.60425000e-08  1.07864678e+00  1.60425000e-08  3.03891900e-03  1.60425000e-08 -1.52804885e-04 
 1.60435000e-08  1.12297715e+00  1.60435000e-08  2.96249286e-03  1.60435000e-08 -1.57204639e-04 
 1.63995000e-08  1.94996438e+00  1.63995000e-08  8.84478720e-01  1.63995000e-08 -9.46405276e-05 
 1.64005000e-08  1.94996484e+00  1.64005000e-08  9.45976628e-01  1.64005000e-08 -1.16875097e-04 
 1.64015000e-08  1.94996527e+00  1.64015000e-08  1.00664270e+00  1.64015000e-08 -1.32366040e-04 
 1.64025000e-08  1.94996574e+00  1.64025000e-08  1.06647148e+00  1.64025000e-08 -1.39983713e-04 
 1.64035000e-08  1.94996616e+00  1.64035000e-08  1.12555659e+00  1.64035000e-08 -1.53863546e-04 
 1.64045000e-08  1.94996661e+00  1.64045000e-08  1.18413203e+00  1.64045000e-08 -1.67692874e-04 
 1.65195000e-08  1.93258708e+00  1.65195000e-08  1.94992137e+00  1.65195000e-08  8.65621166e-01 
 1.65205000e-08  1.93055189e+00  1.65205000e-08  1.94992766e+00  1.65205000e-08  9.26575677e-01 
 1.65215000e-08  1.92859836e+00  1.65215000e-08  1.94993443e+00  1.65215000e-08  9.86396716e-01 
 1.65225000e-08  1.92694412e+00  1.65225000e-08  1.94994002e+00  1.65225000e-08  1.04678283e+00 
 1.65235000e-08  1.92588417e+00  1.65235000e-08  1.94994759e+00  1.65235000e-08  1.11165269e+00 
 1.65245000e-08  1.92569033e+00  1.65245000e-08  1.94994346e+00  1.65245000e-08  1.18405504e+00 
 1.65765000e-08  1.15718367e+00  1.65765000e-08  1.94994230e+00  1.65765000e-08  1.94678326e+00 
 1.65775000e-08  1.09817023e+00  1.65775000e-08  1.94994735e+00  1.65775000e-08  1.94698876e+00 
 1.65785000e-08  1.03924129e+00  1.65785000e-08  1.94995125e+00  1.65785000e-08  1.94725595e+00 
 1.65795000e-08  9.80322458e-01  1.65795000e-08  1.94995550e+00  1.65795000e-08  1.94742522e+00 
 1.65805000e-08  9.21458828e-01  1.65805000e-08  1.94995868e+00  1.65805000e-08  1.94765597e+00 
 1.65815000e-08  8.62607244e-01  1.65815000e-08  1.94996225e+00  1.65815000e-08  1.94779518e+00 
 1.71175000e-08 -4.67250626e-03  1.71175000e-08  1.21509446e+00  1.71175000e-08  1.94990142e+00 
 1.71185000e-08 -5.81436203e-03  1.71185000e-08  1.13550249e+00  1.71185000e-08  1.94988411e+00 
 1.71195000e-08 -7.10667204e-03  1.71195000e-08  1.05477815e+00  1.71195000e-08  1.94987177e+00 
 1.71205000e-08 -8.61623613e-03  1.71205000e-08  9.72994322e-01  1.71205000e-08  1.94986958e+00 
 1.71215000e-08 -1.04611970e-02  1.71215000e-08  8.90279586e-01  1.71215000e-08  1.94988155e+00 
 1.71225000e-08 -1.22997361e-02  1.71225000e-08  8.06757469e-01  1.71225000e-08  1.94990854e+00 
 1.71605000e-08  8.98517104e-01  1.71605000e-08  3.61591646e-03  1.71605000e-08  1.94936931e+00 
 1.71615000e-08  9.43804090e-01  1.71615000e-08  3.52451572e-03  1.71615000e-08  1.94930977e+00 
 1.71625000e-08  9.88269266e-01  1.71625000e-08  3.44450966e-03  1.71625000e-08  1.94922817e+00 
 1.71635000e-08  1.03234376e+00  1.71635000e-08  3.37849758e-03  1.71635000e-08  1.94911834e+00 
 1.71645000e-08  1.07648699e+00  1.71645000e-08  3.32932698e-03  1.71645000e-08  1.94896865e+00 
 1.71655000e-08  1.12081570e+00  1.71655000e-08  3.29733002e-03  1.71655000e-08  1.94877464e+00 
 1.75215000e-08  1.94996436e+00  1.75215000e-08  8.82650501e-01  1.75215000e-08  1.94989143e+00 
 1.75225000e-08  1.94996482e+00  1.75225000e-08  9.44018661e-01  1.75225000e-08  1.94978923e+00 
 1.75235000e-08  1.94996525e+00  1.75235000e-08  1.00446373e+00  1.75235000e-08  1.94967841e+00 
 1.75245000e-08  1.94996572e+00  1.75245000e-08  1.06397777e+00  1.75245000e-08  1.94957758e+00 
 1.75255000e-08  1.94996613e+00  1.75255000e-08  1.12267433e+00  1.75255000e-08  1.94947732e+00 
 1.75265000e-08  1.94996659e+00  1.75265000e-08  1.18088043e+00  1.75265000e-08  1.94936058e+00 
 1.76555000e-08  1.97145070e+00  1.76555000e-08  1.94995379e+00  1.76555000e-08  1.20355603e+00 
 1.76565000e-08  1.97861137e+00  1.76565000e-08  1.94998063e+00  1.76565000e-08  1.14602161e+00 
 1.76575000e-08  1.98533153e+00  1.76575000e-08  1.95000672e+00  1.76575000e-08  1.08843184e+00 
 1.76585000e-08  1.99170981e+00  1.76585000e-08  1.95003371e+00  1.76585000e-08  1.03054581e+00 
 1.76595000e-08  1.99773725e+00  1.76595000e-08  1.95005502e+00  1.76595000e-08  9.72281964e-01 
 1.76605000e-08  2.00348385e+00  1.76605000e-08  1.95007178e+00  1.76605000e-08  9.13427758e-01 
 1.76985000e-08  1.15948907e+00  1.76985000e-08  1.95031026e+00  1.76985000e-08  1.01496482e-02 
 1.76995000e-08  1.10047299e+00  1.76995000e-08  1.95027764e+00  1.76995000e-08  9.30756649e-03 
 1.77005000e-08  1.04154445e+00  1.77005000e-08  1.95024631e+00  1.77005000e-08  8.56855404e-03 
 1.77015000e-08  9.82624218e-01  1.77015000e-08  1.95021721e+00  1.77015000e-08  7.90447286e-03 
 1.77025000e-08  9.23761271e-01  1.77025000e-08  1.95019058e+00  1.77025000e-08  7.32749790e-03 
 1.77035000e-08  8.64907774e-01  1.77035000e-08  1.95016669e+00  1.77035000e-08  6.80672434e-03 
 1.82395000e-08 -4.62769622e-03  1.82395000e-08  1.21800993e+00  1.82395000e-08 -7.68321205e-06 
 1.82405000e-08 -5.76433945e-03  1.82405000e-08  1.13845490e+00  1.82405000e-08 -7.68120709e-06 
 1.82415000e-08 -7.04908278e-03  1.82415000e-08  1.05776925e+00  1.82415000e-08 -5.64525365e-06 
 1.82425000e-08 -8.54809995e-03  1.82425000e-08  9.76015186e-01  1.82425000e-08 -1.17487456e-06 
 1.82435000e-08 -1.03740162e-02  1.82435000e-08  8.93330597e-01  1.82435000e-08  3.84298392e-06 
 1.82445000e-08 -1.22110333e-02  1.82445000e-08  8.09829159e-01  1.82445000e-08  9.60987963e-06 
 1.82835000e-08  9.41937243e-01  1.82835000e-08  3.31945600e-03  1.82835000e-08 -1.42434145e-04 
 1.82845000e-08  9.86428146e-01  1.82845000e-08  3.22144210e-03  1.82845000e-08 -1.45681068e-04 
 1.82855000e-08  1.03050873e+00  1.82855000e-08  3.12901031e-03  1.82855000e-08 -1.49500834e-04 
 1.82865000e-08  1.07464344e+00  1.82865000e-08  3.04402994e-03  1.82865000e-08 -1.52697023e-04 
 1.82875000e-08  1.11896975e+00  1.82875000e-08  2.96775889e-03  1.82875000e-08 -1.56845482e-04 
 1.82885000e-08  1.16306958e+00  1.82885000e-08  2.90179865e-03  1.82885000e-08 -1.58998074e-04 
 1.86435000e-08  1.94996434e+00  1.86435000e-08  8.78889909e-01  1.86435000e-08 -9.19268608e-05 
 1.86445000e-08  1.94996481e+00  1.86445000e-08  9.40460055e-01  1.86445000e-08 -1.15271266e-04 
 1.86455000e-08  1.94996523e+00  1.86455000e-08  1.00120220e+00  1.86455000e-08 -1.31167270e-04 
 1.86465000e-08  1.94996570e+00  1.86465000e-08  1.06110815e+00  1.86465000e-08 -1.39418584e-04 
 1.86475000e-08  1.94996611e+00  1.86475000e-08  1.12025607e+00  1.86475000e-08 -1.52617773e-04 
 1.86485000e-08  1.94996657e+00  1.86485000e-08  1.17886324e+00  1.86485000e-08 -1.66254744e-04 
 1.87635000e-08  1.93275708e+00  1.87635000e-08  1.94992102e+00  1.87635000e-08  8.60113414e-01 
 1.87645000e-08  1.93072275e+00  1.87645000e-08  1.94992691e+00  1.87645000e-08  9.21202198e-01 
 1.87655000e-08  1.92875513e+00  1.87655000e-08  1.94993399e+00  1.87655000e-08  9.81082918e-01 
 1.87665000e-08  1.92706513e+00  1.87665000e-08  1.94993949e+00  1.87665000e-08  1.04125996e+00 
 1.87675000e-08  1.92594375e+00  1.87675000e-08  1.94994714e+00  1.87675000e-08  1.10556159e+00 
 1.87685000e-08  1.92566827e+00  1.87685000e-08  1.94994371e+00  1.87685000e-08  1.17747762e+00 
 1.88205000e-08  1.16213481e+00  1.88205000e-08  1.94994179e+00  1.88205000e-08  1.94675476e+00 
 1.88215000e-08  1.10311339e+00  1.88215000e-08  1.94994701e+00  1.88215000e-08  1.94697314e+00 
 1.88225000e-08  1.04418319e+00  1.88225000e-08  1.94995082e+00  1.88225000e-08  1.94723123e+00 
 1.88235000e-08  9.85259493e-01  1.88235000e-08  1.94995522e+00  1.88235000e-08  1.94741260e+00 
 1.88245000e-08  9.26395635e-01  1.88245000e-08  1.94995832e+00  1.88245000e-08  1.94763443e+00 
 1.88255000e-08  8.67538455e-01  1.88255000e-08  1.94996203e+00  1.88255000e-08  1.94778504e+00 
 1.93615000e-08 -4.58550121e-03  1.93615000e-08  1.22155324e+00  1.93615000e-08  1.94990288e+00 
 1.93625000e-08 -5.71727894e-03  1.93625000e-08  1.14205219e+00  1.93625000e-08  1.94988539e+00 
 1.93635000e-08 -6.99496528e-03  1.93635000e-08  1.06142366e+00  1.93635000e-08  1.94987248e+00 
 1.93645000e-08 -8.48417203e-03  1.93645000e-08  9.79716136e-01  1.93645000e-08  1.94986923e+00 
 1.93655000e-08 -1.02927015e-02  1.93655000e-08  8.97078259e-01  1.93655000e-08  1.94988004e+00 
 1.93665000e-08 -1.21282072e-02  1.93665000e-08  8.13610847e-01  1.93665000e-08  1.94990569e+00 
 1.94055000e-08  9.40191561e-01  1.94055000e-08  3.53222439e-03  1.94055000e-08  1.94931540e+00 
 1.94065000e-08  9.84707281e-01  1.94065000e-08  3.45005941e-03  1.94065000e-08  1.94923567e+00 
 1.94075000e-08  1.02879442e+00  1.94075000e-08  3.38388974e-03  1.94075000e-08  1.94912874e+00 
 1.94085000e-08  1.07292359e+00  1.94085000e-08  3.33226204e-03  1.94085000e-08  1.94898228e+00 
 1.94095000e-08  1.11724698e+00  1.94095000e-08  3.29994344e-03  1.94095000e-08  1.94879221e+00 
 1.94105000e-08  1.16136461e+00  1.94105000e-08  3.28319474e-03  1.94105000e-08  1.94855812e+00 
 1.97655000e-08  1.94996432e+00  1.97655000e-08  8.77679611e-01  1.97655000e-08  1.94989897e+00 
 1.97665000e-08  1.94996479e+00  1.97665000e-08  9.39121193e-01  1.97665000e-08  1.94979806e+00 
 1.97675000e-08  1.94996521e+00  1.97675000e-08  9.99643353e-01  1.97675000e-08  1.94968735e+00 
 1.97685000e-08  1.94996568e+00  1.97685000e-08  1.05923673e+00  1.97685000e-08  1.94958455e+00 
 1.97695000e-08  1.94996610e+00  1.97695000e-08  1.11800150e+00  1.97695000e-08  1.94948584e+00 
 1.97705000e-08  1.94996656e+00  1.97705000e-08  1.17625244e+00  1.97705000e-08  1.94937037e+00 
 1.99005000e-08  1.97820794e+00  1.99005000e-08  1.94997825e+00  1.99005000e-08  1.15043761e+00 
 1.99015000e-08  1.98495645e+00  1.99015000e-08  1.95000459e+00  1.99015000e-08  1.09286112e+00 
 1.99025000e-08  1.99135253e+00  1.99025000e-08  1.95003174e+00  1.99025000e-08  1.03499900e+00 
 1.99035000e-08  1.99740023e+00  1.99035000e-08  1.95005380e+00  1.99035000e-08  9.76771915e-01 
 1.99045000e-08  2.00316151e+00  1.99045000e-08  1.95007068e+00  1.99045000e-08  9.17961842e-01 
 1.99055000e-08  2.00864487e+00  1.99055000e-08  1.95008218e+00  1.99055000e-08  8.58542032e-01 
 1.99425000e-08  1.16286582e+00  1.99425000e-08  1.95031278e+00  1.99425000e-08  1.02177379e-02 
 1.99435000e-08  1.10384429e+00  1.99435000e-08  1.95028022e+00  1.99435000e-08  9.36831575e-03 
 1.99445000e-08  1.04491485e+00  1.99445000e-08  1.95024863e+00  1.99445000e-08  8.62228807e-03 
 1.99455000e-08  9.85991302e-01  1.99455000e-08  1.95021945e+00  1.99455000e-08  7.95220519e-03 
 1.99465000e-08  9.27128197e-01  1.99465000e-08  1.95019250e+00  1.99465000e-08  7.36943875e-03 
 1.99475000e-08  8.68270920e-01  1.99475000e-08  1.95016851e+00  1.99475000e-08  6.84413696e-03 
 2.04835000e-08 -4.56685338e-03  2.04835000e-08  1.22258300e+00  2.04835000e-08 -7.54270741e-06 
 2.04845000e-08 -5.69649439e-03  2.04845000e-08  1.14309279e+00  2.04845000e-08 -7.81531366e-06 
 2.04855000e-08 -6.97108137e-03  2.04855000e-08  1.06247534e+00  2.04855000e-08 -5.75229079e-06 
 2.04865000e-08 -8.45598904e-03  2.04865000e-08  9.80775652e-01  2.04865000e-08 -1.55789850e-06 
 2.04875000e-08 -1.02569904e-02  2.04875000e-08  8.98145850e-01  2.04875000e-08  3.61829820e-06 
 2.04885000e-08 -1.20918400e-02  2.04885000e-08  8.14683475e-01  2.04885000e-08  9.11899200e-06 
 2.05275000e-08  9.39398754e-01  2.05275000e-08  3.32558516e-03  2.05275000e-08 -1.41989674e-04 
 2.05285000e-08  9.83925851e-01  2.05285000e-08  3.22660877e-03  2.05285000e-08 -1.45643957e-04 
 2.05295000e-08  1.02801614e+00  2.05295000e-08  3.13449203e-03  2.05295000e-08 -1.49171484e-04 
 2.05305000e-08  1.07214185e+00  2.05305000e-08  3.04838101e-03  2.05305000e-08 -1.52576696e-04 
 2.05315000e-08  1.11646363e+00  2.05315000e-08  2.97221715e-03  2.05315000e-08 -1.56541911e-04 
 2.05325000e-08  1.16059026e+00  2.05325000e-08  2.90502812e-03  2.05325000e-08 -1.58965764e-04 
 2.08875000e-08  1.94996431e+00  2.08875000e-08  8.75331000e-01  2.08875000e-08 -9.01797190e-05 
 2.08885000e-08  1.94996478e+00  2.08885000e-08  9.36947641e-01  2.08885000e-08 -1.14242408e-04 
 2.08895000e-08  1.94996520e+00  2.08895000e-08  9.97737880e-01  2.08895000e-08 -1.30376788e-04 
 2.08905000e-08  1.94996568e+00  2.08905000e-08  1.05769106e+00  2.08905000e-08 -1.38999191e-04 
 2.08915000e-08  1.94996609e+00  2.08915000e-08  1.11687744e+00  2.08915000e-08 -1.51779888e-04 
 2.08925000e-08  1.94996655e+00  2.08925000e-08  1.17550665e+00  2.08925000e-08 -1.65389816e-04 
 2.10075000e-08  1.93288908e+00  2.10075000e-08  1.94992082e+00  2.10075000e-08  8.56565231e-01 
 2.10085000e-08  1.93085618e+00  2.10085000e-08  1.94992645e+00  2.10085000e-08  9.17743926e-01 
 2.10095000e-08  1.92887857e+00  2.10095000e-08  1.94993370e+00  2.10095000e-08  9.77669605e-01 
 2.10105000e-08  1.92716214e+00  2.10105000e-08  1.94993914e+00  2.10105000e-08  1.03773734e+00 
 2.10115000e-08  1.92599416e+00  2.10115000e-08  1.94994681e+00  2.10115000e-08  1.10169679e+00 
 2.10125000e-08  1.92565605e+00  2.10125000e-08  1.94994396e+00  2.10125000e-08  1.17325395e+00 
 2.10645000e-08  1.16600910e+00  2.10645000e-08  1.94994150e+00  2.10645000e-08  1.94673581e+00 
 2.10655000e-08  1.10698432e+00  2.10655000e-08  1.94994676e+00  2.10655000e-08  1.94696333e+00 
 2.10665000e-08  1.04804998e+00  2.10665000e-08  1.94995057e+00  2.10665000e-08  1.94721477e+00 
 2.10675000e-08  9.89125031e-01  2.10675000e-08  1.94995502e+00  2.10675000e-08  1.94740473e+00 
 2.10685000e-08  9.30258321e-01  2.10685000e-08  1.94995811e+00  2.10685000e-08  1.94762006e+00 
 2.10695000e-08  8.71399189e-01  2.10695000e-08  1.94996187e+00  2.10695000e-08  1.94777878e+00 
 2.16055000e-08 -4.50919206e-03  2.16055000e-08  1.22714910e+00  2.16055000e-08  1.94990413e+00 
 2.16065000e-08 -5.63226493e-03  2.16065000e-08  1.14772830e+00  2.16065000e-08  1.94988656e+00 
 2.16075000e-08 -6.89817374e-03  2.16075000e-08  1.06718387e+00  2.16075000e-08  1.94987316e+00 
 2.16085000e-08 -8.37084166e-03  2.16085000e-08  9.85543656e-01  2.16085000e-08  1.94986902e+00 
 2.16095000e-08 -1.01492729e-02  2.16095000e-08  9.02973791e-01  2.16095000e-08  1.94987880e+00 
 2.16105000e-08 -1.19822525e-02  2.16105000e-08  8.19555217e-01  2.16105000e-08  1.94990334e+00 
 2.16495000e-08  9.37015342e-01  2.16495000e-08  3.53894520e-03  2.16495000e-08  1.94932016e+00 
 2.16505000e-08  9.81576879e-01  2.16505000e-08  3.45482612e-03  2.16505000e-08  1.94924208e+00 
 2.16515000e-08  1.02567864e+00  2.16515000e-08  3.38862205e-03  2.16515000e-08  1.94913756e+00 
 2.16525000e-08  1.06979380e+00  2.16525000e-08  3.33474062e-03  2.16525000e-08  1.94899400e+00 
 2.16535000e-08  1.11411087e+00  2.16535000e-08  3.30219654e-03  2.16535000e-08  1.94880737e+00 
 2.16545000e-08  1.15826288e+00  2.16545000e-08  3.28325156e-03  2.16545000e-08  1.94857583e+00 
 2.20095000e-08  1.94996429e+00  2.20095000e-08  8.73249046e-01  2.20095000e-08  1.94989791e+00 
 2.20105000e-08  1.94996476e+00  2.20105000e-08  9.34752199e-01  2.20105000e-08  1.94979972e+00 
 2.20115000e-08  1.94996518e+00  2.20115000e-08  9.95336549e-01  2.20115000e-08  1.94969041e+00 
 2.20125000e-08  1.94996565e+00  2.20125000e-08  1.05499307e+00  2.20125000e-08  1.94958684e+00 
 2.20135000e-08  1.94996607e+00  2.20135000e-08  1.11380278e+00  2.20135000e-08  1.94949029e+00 
 2.20145000e-08  1.94996652e+00  2.20145000e-08  1.17204892e+00  2.20145000e-08  1.94937699e+00 
 2.21445000e-08  1.97746726e+00  2.21445000e-08  1.94997614e+00  2.21445000e-08  1.15479352e+00 
 2.21455000e-08  1.98426687e+00  2.21455000e-08  1.95000255e+00  2.21455000e-08  1.09722483e+00 
 2.21465000e-08  1.99069516e+00  2.21465000e-08  1.95002972e+00  2.21465000e-08  1.03939052e+00 
 2.21475000e-08  1.99677993e+00  2.21475000e-08  1.95005246e+00  2.21475000e-08  9.81195878e-01 
 2.21485000e-08  2.00256828e+00  2.21485000e-08  1.95006946e+00  2.21485000e-08  9.22434211e-01 
 2.21495000e-08  2.00808007e+00  2.21495000e-08  1.95008162e+00  2.21495000e-08  8.63062592e-01 
 2.21865000e-08  1.16907150e+00  2.21865000e-08  1.95031512e+00  2.21865000e-08  1.02871668e-02 
 2.21875000e-08  1.11004622e+00  2.21875000e-08  1.95028265e+00  2.21875000e-08  9.42837733e-03 
 2.21885000e-08  1.05110837e+00  2.21885000e-08  1.95025082e+00  2.21885000e-08  8.67732551e-03 
 2.21895000e-08  9.92184265e-01  2.21895000e-08  1.95022159e+00  2.21895000e-08  7.99924252e-03 
 2.21905000e-08  9.33315083e-01  2.21905000e-08  1.95019432e+00  2.21905000e-08  7.41261261e-03 
 2.21915000e-08  8.74456068e-01  2.21915000e-08  1.95017025e+00  2.21915000e-08  6.88083188e-03 
 2.27275000e-08 -4.44745130e-03  2.27275000e-08  1.23120502e+00  2.27275000e-08 -7.36986531e-06 
 2.27285000e-08 -5.56359479e-03  2.27285000e-08  1.15183894e+00  2.27285000e-08 -7.94053006e-06 
 2.27295000e-08 -6.81942546e-03  2.27295000e-08  1.07135146e+00  2.27295000e-08 -6.03606014e-06 
 2.27305000e-08 -8.27820327e-03  2.27305000e-08  9.89755872e-01  2.27305000e-08 -2.16338525e-06 
 2.27315000e-08 -1.00331786e-02  2.27315000e-08  9.07231275e-01  2.27315000e-08  3.10433470e-06 
 2.27325000e-08 -1.18648053e-02  2.27325000e-08  8.23844534e-01  2.27325000e-08  8.43820684e-06 
 2.27715000e-08  9.34384332e-01  2.27715000e-08  3.33743457e-03  2.27715000e-08 -1.41219456e-04 
 2.27725000e-08  9.78984758e-01  2.27725000e-08  3.23649111e-03  2.27725000e-08 -1.45486594e-04 
 2.27735000e-08  1.02310082e+00  2.27735000e-08  3.14514427e-03  2.27735000e-08 -1.48623820e-04 
 2.27745000e-08  1.06720300e+00  2.27745000e-08  3.05672937e-03  2.27745000e-08 -1.52287159e-04 
 2.27755000e-08  1.11151361e+00  2.27755000e-08  2.98090678e-03  2.27755000e-08 -1.56062103e-04 
 2.27765000e-08  1.15569367e+00  2.27765000e-08  2.91124713e-03  2.27765000e-08 -1.58818012e-04 
 2.31315000e-08  1.94996427e+00  2.31315000e-08  8.68512199e-01  2.31315000e-08 -8.67644041e-05 
 2.31325000e-08  1.94996472e+00  2.31325000e-08  9.30217730e-01  2.31325000e-08 -1.12192658e-04 
 2.31335000e-08  1.94996516e+00  2.31335000e-08  9.91097110e-01  2.31335000e-08 -1.28750241e-04 
 2.31345000e-08  1.94996562e+00  2.31345000e-08  1.05113954e+00  2.31345000e-08 -1.38153850e-04 
 2.31355000e-08  1.94996605e+00  2.31355000e-08  1.11040101e+00  2.31355000e-08 -1.50225097e-04 
 2.31365000e-08  1.94996649e+00  2.31365000e-08  1.16907653e+00  2.31365000e-08 -1.63807544e-04 
 2.32525000e-08  1.93109910e+00  2.32525000e-08  1.94992554e+00  2.32525000e-08  9.11041518e-01 
 2.32535000e-08  1.92910540e+00  2.32535000e-08  1.94993313e+00  2.32535000e-08  9.71069013e-01 
 2.32545000e-08  1.92734402e+00  2.32545000e-08  1.94993843e+00  2.32545000e-08  1.03097566e+00 
 2.32555000e-08  1.92609422e+00  2.32555000e-08  1.94994607e+00  2.32555000e-08  1.09433028e+00 
 2.32565000e-08  1.92564440e+00  2.32565000e-08  1.94994458e+00  2.32565000e-08  1.16510144e+00 
 2.32575000e-08  1.92622954e+00  2.32575000e-08  1.94994452e+00  2.32575000e-08  1.23836259e+00 
 2.32835000e-08  2.06065553e+00  2.32835000e-08  1.94980080e+00  2.32835000e-08  1.91850052e+00 
 2.33085000e-08  1.17308555e+00  2.33085000e-08  1.94994092e+00  2.33085000e-08  1.94669845e+00 
 2.33095000e-08  1.11405744e+00  2.33095000e-08  1.94994628e+00  2.33095000e-08  1.94694514e+00 
 2.33105000e-08  1.05511291e+00  2.33105000e-08  1.94995008e+00  2.33105000e-08  1.94718225e+00 
 2.33115000e-08  9.96188113e-01  2.33115000e-08  1.94995463e+00  2.33115000e-08  1.94739026e+00 
 2.33125000e-08  9.37314093e-01  2.33125000e-08  1.94995770e+00  2.33125000e-08  1.94759162e+00 
 2.33135000e-08  8.78453847e-01  2.33135000e-08  1.94996155e+00  2.33135000e-08  1.94776737e+00 
 2.38495000e-08 -4.38229355e-03  2.38495000e-08  1.23661117e+00  2.38495000e-08  1.94990618e+00 
 2.38505000e-08 -5.49122960e-03  2.38505000e-08  1.15732738e+00  2.38505000e-08  1.94988858e+00 
 2.38515000e-08 -6.73664230e-03  2.38515000e-08  1.07692615e+00  2.38515000e-08  1.94987436e+00 
 2.38525000e-08 -8.18101322e-03  2.38525000e-08  9.95400923e-01  2.38525000e-08  1.94986885e+00 
 2.38535000e-08 -9.91219947e-03  2.38535000e-08  9.12947307e-01  2.38535000e-08  1.94987684e+00 
 2.38545000e-08 -1.17434985e-02  2.38545000e-08  8.29612709e-01  2.38545000e-08  1.94989956e+00 
 2.38935000e-08  9.31617997e-01  2.38935000e-08  3.55049340e-03  2.38935000e-08  1.94932804e+00 
 2.38945000e-08  9.76261085e-01  2.38945000e-08  3.46314510e-03  2.38945000e-08  1.94925274e+00 
 2.38955000e-08  1.02039411e+00  2.38955000e-08  3.39689049e-03  2.38955000e-08  1.94915206e+00 
 2.38965000e-08  1.06448582e+00  2.38965000e-08  3.33919581e-03  2.38965000e-08  1.94901349e+00 
 2.38975000e-08  1.10878833e+00  2.38975000e-08  3.30620600e-03  2.38975000e-08  1.94883261e+00 
 2.38985000e-08  1.15299338e+00  2.38985000e-08  3.28357541e-03  2.38985000e-08  1.94860561e+00 
 2.42535000e-08  1.94996425e+00  2.42535000e-08  8.65777722e-01  2.42535000e-08  1.94991373e+00 
 2.42545000e-08  1.94996469e+00  2.42545000e-08  9.27390666e-01  2.42545000e-08  1.94981649e+00 
 2.42555000e-08  1.94996514e+00  2.42555000e-08  9.88088538e-01  2.42555000e-08  1.94970689e+00 
 2.42565000e-08  1.94996559e+00  2.42565000e-08  1.04785628e+00  2.42565000e-08  1.94960018e+00 
 2.42575000e-08  1.94996603e+00  2.42575000e-08  1.10675677e+00  2.42575000e-08  1.94950531e+00 
 2.42585000e-08  1.94996646e+00  2.42585000e-08  1.16504606e+00  2.42585000e-08  1.94939368e+00 
 2.43885000e-08  1.97657874e+00  2.43885000e-08  1.94997277e+00  2.43885000e-08  1.16163692e+00 
 2.43895000e-08  1.98343905e+00  2.43895000e-08  1.94999952e+00  2.43895000e-08  1.10407854e+00 
 2.43905000e-08  1.98990573e+00  2.43905000e-08  1.95002660e+00  2.43905000e-08  1.04628624e+00 
 2.43915000e-08  1.99603497e+00  2.43915000e-08  1.95005030e+00  2.43915000e-08  9.88141314e-01 
 2.43925000e-08  2.00185607e+00  2.43925000e-08  1.95006743e+00  2.43925000e-08  9.29455935e-01 
 2.43935000e-08  2.00740238e+00  2.43935000e-08  1.95008062e+00  2.43935000e-08  8.70160979e-01 
 2.44305000e-08  1.17649282e+00  2.44305000e-08  1.95031891e+00  2.44305000e-08  1.03980527e-02 
 2.44315000e-08  1.11746396e+00  2.44315000e-08  1.95028676e+00  2.44315000e-08  9.52264612e-03 
 2.44325000e-08  1.05851520e+00  2.44325000e-08  1.95025435e+00  2.44325000e-08  8.76546945e-03 
 2.44335000e-08  9.99591107e-01  2.44335000e-08  1.95022520e+00  2.44335000e-08  8.07289735e-03 
 2.44345000e-08  9.40714235e-01  2.44345000e-08  1.95019727e+00  2.44345000e-08  7.48191842e-03 
 2.44355000e-08  8.81854100e-01  2.44355000e-08  1.95017318e+00  2.44355000e-08  6.93807297e-03 
 2.49715000e-08 -4.33289905e-03  2.49715000e-08  1.24131699e+00  2.49715000e-08 -7.14197004e-06 
 2.49725000e-08 -5.43621171e-03  2.49725000e-08  1.16209861e+00  2.49725000e-08 -8.05670986e-06 
 2.49735000e-08 -6.67404551e-03  2.49735000e-08  1.08176510e+00  2.49735000e-08 -6.32481306e-06 
 2.49745000e-08 -8.10744257e-03  2.49745000e-08  1.00029339e+00  2.49745000e-08 -2.85535843e-06 
 2.49755000e-08 -9.82552134e-03  2.49755000e-08  9.17894134e-01  2.49755000e-08  2.51038447e-06 
 2.49765000e-08 -1.16616595e-02  2.49765000e-08  8.34598327e-01  2.49765000e-08  7.64335800e-06 
 2.50155000e-08  9.29629239e-01  2.50155000e-08  3.35114140e-03  2.50155000e-08 -1.40294675e-04 
 2.50165000e-08  9.74303974e-01  2.50165000e-08  3.24786344e-03  2.50165000e-08 -1.45326794e-04 
 2.50175000e-08  1.01845009e+00  2.50175000e-08  3.15758997e-03  2.50175000e-08 -1.47958818e-04 
 2.50185000e-08  1.06253637e+00  2.50185000e-08  3.06638902e-03  2.50185000e-08 -1.51949395e-04 
 2.50195000e-08  1.10683204e+00  2.50195000e-08  2.99114329e-03  2.50195000e-08 -1.55442348e-04 
 2.50205000e-08  1.15105187e+00  2.50205000e-08  2.91844809e-03  2.50205000e-08 -1.58653722e-04 
 2.53755000e-08  1.94996423e+00  2.53755000e-08  8.61777671e-01  2.53755000e-08 -8.39631956e-05 
 2.53765000e-08  1.94996467e+00  2.53765000e-08  9.23570284e-01  2.53765000e-08 -1.09670290e-04 
 2.53775000e-08  1.94996512e+00  2.53775000e-08  9.84541695e-01  2.53775000e-08 -1.26684901e-04 
 2.53785000e-08  1.94996556e+00  2.53785000e-08  1.04467769e+00  2.53785000e-08 -1.36986409e-04 
 2.53795000e-08  1.94996601e+00  2.53795000e-08  1.10401517e+00  2.53795000e-08 -1.48266240e-04 
 2.53805000e-08  1.94996644e+00  2.53805000e-08  1.16274126e+00  2.53805000e-08 -1.61996110e-04 
 2.54965000e-08  1.93132801e+00  2.54965000e-08  1.94992467e+00  2.54965000e-08  9.04472976e-01 
 2.54975000e-08  1.92932173e+00  2.54975000e-08  1.94993255e+00  2.54975000e-08  9.64607355e-01 
 2.54985000e-08  1.92752201e+00  2.54985000e-08  1.94993771e+00  2.54985000e-08  1.02440607e+00 
 2.54995000e-08  1.92619920e+00  2.54995000e-08  1.94994523e+00  2.54995000e-08  1.08723101e+00 
 2.55005000e-08  1.92564753e+00  2.55005000e-08  1.94994531e+00  2.55005000e-08  1.15713255e+00 
 2.55015000e-08  1.92610485e+00  2.55015000e-08  1.94994434e+00  2.55015000e-08  1.23050111e+00 
 2.55525000e-08  1.17974084e+00  2.55525000e-08  1.94994036e+00  2.55525000e-08  1.94666104e+00 
 2.55535000e-08  1.12070937e+00  2.55535000e-08  1.94994581e+00  2.55535000e-08  1.94692748e+00 
 2.55545000e-08  1.06175478e+00  2.55545000e-08  1.94994961e+00  2.55545000e-08  1.94714965e+00 
 2.55555000e-08  1.00282980e+00  2.55555000e-08  1.94995424e+00  2.55555000e-08  1.94737626e+00 
 2.55565000e-08  9.43948801e-01  2.55565000e-08  1.94995731e+00  2.55565000e-08  1.94756308e+00 
 2.55575000e-08  8.85087555e-01  2.55575000e-08  1.94996123e+00  2.55575000e-08  1.94775639e+00 
 2.60935000e-08 -4.27023764e-03  2.60935000e-08  1.24563243e+00  2.60935000e-08  1.94990812e+00 
 2.60945000e-08 -5.36633630e-03  2.60945000e-08  1.16648157e+00  2.60945000e-08  1.94989055e+00 
 2.60955000e-08 -6.59481182e-03  2.60955000e-08  1.08621848e+00  2.60955000e-08  1.94987563e+00 
 2.60965000e-08 -8.01432935e-03  2.60965000e-08  1.00480474e+00  2.60965000e-08  1.94986887e+00 
 2.60975000e-08 -9.71088157e-03  2.60975000e-08  9.22464159e-01  2.60975000e-08  1.94987517e+00 
 2.60985000e-08 -1.15488377e-02  2.60985000e-08  8.39212117e-01  2.60985000e-08  1.94989616e+00 
 2.61375000e-08  9.26890810e-01  2.61375000e-08  3.56160307e-03  2.61375000e-08  1.94933532e+00 
 2.61385000e-08  9.71610506e-01  2.61385000e-08  3.47124950e-03  2.61385000e-08  1.94926253e+00 
 2.61395000e-08  1.01577606e+00  2.61395000e-08  3.40492911e-03  2.61395000e-08  1.94916540e+00 
 2.61405000e-08  1.05985381e+00  2.61405000e-08  3.34374781e-03  2.61405000e-08  1.94903138e+00 
 2.61415000e-08  1.10413905e+00  2.61415000e-08  3.31033723e-03  2.61415000e-08  1.94885597e+00 
 2.61425000e-08  1.14838015e+00  2.61425000e-08  3.28417159e-03  2.61425000e-08  1.94863338e+00 
 2.64975000e-08  1.94996421e+00  2.64975000e-08  8.59231445e-01  2.64975000e-08  1.94992609e+00 
 2.64985000e-08  1.94996463e+00  2.64985000e-08  9.20938146e-01  2.64985000e-08  1.94982999e+00 
 2.64995000e-08  1.94996510e+00  2.64995000e-08  9.81732443e-01  2.64995000e-08  1.94972051e+00 
 2.65005000e-08  1.94996553e+00  2.65005000e-08  1.04159534e+00  2.65005000e-08  1.94961114e+00 
 2.65015000e-08  1.94996599e+00  2.65015000e-08  1.10057389e+00  2.65015000e-08  1.94951757e+00 
 2.65025000e-08  1.94996640e+00  2.65025000e-08  1.15890837e+00  2.65025000e-08  1.94940737e+00 
 2.66325000e-08  1.97581833e+00  2.66325000e-08  1.94996980e+00  2.66325000e-08  1.16779359e+00 
 2.66335000e-08  1.98273012e+00  2.66335000e-08  1.94999698e+00  2.66335000e-08  1.11024272e+00 
 2.66345000e-08  1.98922931e+00  2.66345000e-08  1.95002365e+00  2.66345000e-08  1.05248616e+00 
 2.66355000e-08  1.99539688e+00  2.66355000e-08  1.95004820e+00  2.66355000e-08  9.94383938e-01 
 2.66365000e-08  2.00124637e+00  2.66365000e-08  1.95006560e+00  2.66365000e-08  9.35764873e-01 
 2.66375000e-08  2.00682270e+00  2.66375000e-08  1.95007964e+00  2.66375000e-08  8.76536821e-01 
 2.66745000e-08  1.18282294e+00  2.66745000e-08  1.95032226e+00  2.66745000e-08  1.04938441e-02 
 2.66755000e-08  1.12379104e+00  2.66755000e-08  1.95029022e+00  2.66755000e-08  9.61098149e-03 
 2.66765000e-08  1.06483272e+00  2.66765000e-08  1.95025754e+00  2.66765000e-08  8.84098077e-03 
 2.66775000e-08  1.00590851e+00  2.66775000e-08  1.95022827e+00  2.66775000e-08  8.14261218e-03 
 2.66785000e-08  9.47025118e-01  2.66785000e-08  1.95019995e+00  2.66785000e-08  7.54056427e-03 
 2.66795000e-08  8.88164226e-01  2.66795000e-08  1.95017567e+00  2.66795000e-08  6.99289720e-03 
 2.72155000e-08 -4.23890879e-03  2.72155000e-08  1.24975380e+00  2.72155000e-08 -6.93278834e-06 
 2.72165000e-08 -5.33168268e-03  2.72165000e-08  1.17066065e+00  2.72165000e-08 -8.13578637e-06 
 2.72175000e-08 -6.55545212e-03  2.72175000e-08  1.09045678e+00  2.72175000e-08 -6.52638074e-06 
 2.72185000e-08 -7.96805470e-03  2.72185000e-08  1.00908985e+00  2.72185000e-08 -3.42086910e-06 
 2.72195000e-08 -9.65406224e-03  2.72195000e-08  9.26797071e-01  2.72195000e-08  2.02351666e-06 
 2.72205000e-08 -1.14936855e-02  2.72205000e-08  8.43579258e-01  2.72205000e-08  6.97717412e-06 
 2.72595000e-08  9.25517420e-01  2.72595000e-08  3.36296621e-03  2.72595000e-08 -1.39476632e-04 
 2.72605000e-08  9.70264733e-01  2.72605000e-08  3.25776192e-03  2.72605000e-08 -1.45146113e-04 
 2.72615000e-08  1.01444306e+00  2.72615000e-08  3.16836177e-03  2.72615000e-08 -1.47366739e-04 
 2.72625000e-08  1.05851351e+00  2.72625000e-08  3.07487046e-03  2.72625000e-08 -1.51658775e-04 
 2.72635000e-08  1.10279009e+00  2.72635000e-08  3.00005794e-03  2.72635000e-08 -1.54918922e-04 
 2.72645000e-08  1.14703976e+00  2.72645000e-08  2.92486789e-03  2.72645000e-08 -1.58501595e-04 
 2.76195000e-08  1.94996420e+00  2.76195000e-08  8.56041881e-01  2.76195000e-08 -8.07275201e-05 
 2.76205000e-08  1.94996462e+00  2.76205000e-08  9.17908030e-01  2.76205000e-08 -1.07914920e-04 
 2.76215000e-08  1.94996509e+00  2.76215000e-08  9.78955316e-01  2.76215000e-08 -1.25375498e-04 
 2.76225000e-08  1.94996551e+00  2.76225000e-08  1.03916657e+00  2.76225000e-08 -1.36527790e-04 
 2.76235000e-08  1.94996598e+00  2.76235000e-08  1.09857189e+00  2.76235000e-08 -1.46904774e-04 
 2.76245000e-08  1.94996639e+00  2.76245000e-08  1.15734906e+00  2.76245000e-08 -1.60980259e-04 
 2.77405000e-08  1.93149249e+00  2.77405000e-08  1.94992398e+00  2.77405000e-08  8.98883284e-01 
 2.77415000e-08  1.92947878e+00  2.77415000e-08  1.94993202e+00  2.77415000e-08  9.59116369e-01 
 2.77425000e-08  1.92765349e+00  2.77425000e-08  1.94993710e+00  2.77425000e-08  1.01885701e+00 
 2.77435000e-08  1.92628077e+00  2.77435000e-08  1.94994441e+00  2.77435000e-08  1.08127686e+00 
 2.77445000e-08  1.92565752e+00  2.77445000e-08  1.94994603e+00  2.77445000e-08  1.15038638e+00 
 2.77455000e-08  1.92602504e+00  2.77455000e-08  1.94994418e+00  2.77455000e-08  1.22381509e+00 
 2.77965000e-08  1.18450978e+00  2.77965000e-08  1.94993990e+00  2.77965000e-08  1.94662886e+00 
 2.77975000e-08  1.12547587e+00  2.77975000e-08  1.94994538e+00  2.77975000e-08  1.94691249e+00 
 2.77985000e-08  1.06651414e+00  2.77985000e-08  1.94994923e+00  2.77985000e-08  1.94712162e+00 
 2.77995000e-08  1.00758921e+00  2.77995000e-08  1.94995388e+00  2.77995000e-08  1.94736440e+00 
 2.78005000e-08  9.48703297e-01  2.78005000e-08  1.94995699e+00  2.78005000e-08  1.94753852e+00 
 2.78015000e-08  8.89841548e-01  2.78015000e-08  1.94996094e+00  2.78015000e-08  1.94774712e+00 
 2.83375000e-08 -4.18560742e-03  2.83375000e-08  1.25291452e+00  2.83375000e-08  1.94990967e+00 
 2.83385000e-08 -5.27235331e-03  2.83385000e-08  1.17387647e+00  2.83385000e-08  1.94989215e+00 
 2.83395000e-08 -6.48833564e-03  2.83395000e-08  1.09372212e+00  2.83395000e-08  1.94987674e+00 
 2.83405000e-08 -7.88940229e-03  2.83405000e-08  1.01240276e+00  2.83405000e-08  1.94986900e+00 
 2.83415000e-08 -9.55445781e-03  2.83415000e-08  9.30151737e-01  2.83415000e-08  1.94987397e+00 
 2.83425000e-08 -1.13949669e-02  2.83425000e-08  8.46970804e-01  2.83425000e-08  1.94989356e+00 
 2.83815000e-08  9.23019744e-01  2.83815000e-08  3.57073865e-03  2.83815000e-08  1.94934095e+00 
 2.83825000e-08  9.67810540e-01  2.83825000e-08  3.47858876e-03  2.83825000e-08  1.94927016e+00 
 2.83835000e-08  1.01200938e+00  2.83835000e-08  3.41166097e-03  2.83835000e-08  1.94917582e+00 
 2.83845000e-08  1.05607386e+00  2.83845000e-08  3.34820114e-03  2.83845000e-08  1.94904546e+00 
 2.83855000e-08  1.10033912e+00  2.83855000e-08  3.31381962e-03  2.83855000e-08  1.94887455e+00 
 2.83865000e-08  1.14460492e+00  2.83865000e-08  3.28532009e-03  2.83865000e-08  1.94865566e+00 
 2.87415000e-08  1.94996419e+00  2.87415000e-08  8.53962591e-01  2.87415000e-08  1.94993327e+00 
 2.87425000e-08  1.94996458e+00  2.87425000e-08  9.15742925e-01  2.87425000e-08  1.94983867e+00 
 2.87435000e-08  1.94996507e+00  2.87435000e-08  9.76615790e-01  2.87435000e-08  1.94972979e+00 
 2.87445000e-08  1.94996548e+00  2.87445000e-08  1.03655778e+00  2.87445000e-08  1.94962013e+00 
 2.87455000e-08  1.94996596e+00  2.87455000e-08  1.09561056e+00  2.87455000e-08  1.94952635e+00 
 2.87465000e-08  1.94996636e+00  2.87465000e-08  1.15400283e+00  2.87465000e-08  1.94941714e+00 
 2.88765000e-08  1.97526053e+00  2.88765000e-08  1.94996744e+00  2.88765000e-08  1.17256285e+00 
 2.88775000e-08  1.98220994e+00  2.88775000e-08  1.94999503e+00  2.88775000e-08  1.11501681e+00 
 2.88785000e-08  1.98873260e+00  2.88785000e-08  1.95002126e+00  2.88785000e-08  1.05728682e+00 
 2.88795000e-08  1.99492839e+00  2.88795000e-08  1.95004658e+00  2.88795000e-08  9.99216728e-01 
 2.88805000e-08  2.00079882e+00  2.88805000e-08  1.95006410e+00  2.88805000e-08  9.40648408e-01 
 2.88815000e-08  2.00639745e+00  2.88815000e-08  1.95007890e+00  2.88815000e-08  8.81471901e-01 
 2.89185000e-08  1.18736490e+00  2.89185000e-08  1.95032488e+00  2.89185000e-08  1.05719493e-02 
 2.89195000e-08  1.12833077e+00  2.89195000e-08  1.95029295e+00  2.89195000e-08  9.68308189e-03 
 2.89205000e-08  1.06936556e+00  2.89205000e-08  1.95026005e+00  2.89205000e-08  8.90252247e-03 
 2.89215000e-08  1.01044141e+00  2.89215000e-08  1.95023070e+00  2.89215000e-08  8.19944550e-03 
 2.89225000e-08  9.51553404e-01  2.89225000e-08  1.95020206e+00  2.89225000e-08  7.58831908e-03 
 2.89235000e-08  8.92691995e-01  2.89235000e-08  1.95017776e+00  2.89235000e-08  7.03759941e-03 
 2.94595000e-08 -4.16162081e-03  2.94595000e-08  1.25619859e+00  2.94595000e-08 -6.77653521e-06 
 2.94605000e-08 -5.24562169e-03  2.94605000e-08  1.17721356e+00  2.94605000e-08 -8.16789660e-06 
 2.94615000e-08 -6.45808777e-03  2.94615000e-08  1.09709973e+00  2.94615000e-08 -6.67814803e-06 
 2.94625000e-08 -7.85396730e-03  2.94625000e-08  1.01582321e+00  2.94625000e-08 -3.82811759e-06 
 2.94635000e-08 -9.51134758e-03  2.94635000e-08  9.33604451e-01  2.94635000e-08  1.83376527e-06 
 2.94645000e-08 -1.13544777e-02  2.94645000e-08  8.50455759e-01  2.94645000e-08  6.72802305e-06 
 2.95035000e-08  9.21954829e-01  2.95035000e-08  3.37124734e-03  2.95035000e-08 -1.38873467e-04 
 2.95045000e-08  9.66764517e-01  2.95045000e-08  3.26617247e-03  2.95045000e-08 -1.44985177e-04 
 2.95055000e-08  1.01097233e+00  2.95055000e-08  3.17588566e-03  2.95055000e-08 -1.46953161e-04 
 2.95065000e-08  1.05503452e+00  2.95065000e-08  3.08215634e-03  2.95065000e-08 -1.51398282e-04 
 2.95075000e-08  1.09929477e+00  2.95075000e-08  3.00623106e-03  2.95075000e-08 -1.54554442e-04 
 2.95085000e-08  1.14356690e+00  2.95085000e-08  2.93055061e-03  2.95085000e-08 -1.58349278e-04 
 2.98635000e-08  1.94996418e+00  2.98635000e-08  8.51060785e-01  2.98635000e-08 -7.79408794e-05 
 2.98645000e-08  1.94996457e+00  2.98645000e-08  9.12988103e-01  2.98645000e-08 -1.07020113e-04 
 2.98655000e-08  1.94996507e+00  2.98655000e-08  9.74103045e-01  2.98655000e-08 -1.25076962e-04 
 2.98665000e-08  1.94996546e+00  2.98665000e-08  1.03438064e+00  2.98665000e-08 -1.36330911e-04 
 2.98675000e-08  1.94996596e+00  2.98675000e-08  1.09384640e+00  2.98675000e-08 -1.45493908e-04 
 2.98685000e-08  1.94996634e+00  2.98685000e-08  1.15267239e+00  2.98685000e-08 -1.60148059e-04 
 2.99845000e-08  1.93164857e+00  2.99845000e-08  1.94992338e+00  2.99845000e-08  8.94012142e-01 
 2.99855000e-08  1.92962893e+00  2.99855000e-08  1.94993157e+00  2.99855000e-08  9.54337302e-01 
 2.99865000e-08  1.92778095e+00  2.99865000e-08  1.94993655e+00  2.99865000e-08  1.01404850e+00 
 2.99875000e-08  1.92636278e+00  2.99875000e-08  1.94994367e+00  2.99875000e-08  1.07613913e+00 
 2.99885000e-08  1.92567302e+00  2.99885000e-08  1.94994668e+00  2.99885000e-08  1.14452726e+00 
 2.99895000e-08  1.92595680e+00  2.99895000e-08  1.94994405e+00  2.99895000e-08  1.21797976e+00 
 3.00405000e-08  1.18898737e+00  3.00405000e-08  1.94993949e+00  3.00405000e-08  1.94660050e+00 
 3.00415000e-08  1.12995118e+00  3.00415000e-08  1.94994498e+00  3.00415000e-08  1.94689936e+00 
 3.00425000e-08  1.07098232e+00  3.00425000e-08  1.94994889e+00  3.00425000e-08  1.94709691e+00 
 3.00435000e-08  1.01205728e+00  3.00435000e-08  1.94995356e+00  3.00435000e-08  1.94735405e+00 
 3.00445000e-08  9.53166920e-01  3.00445000e-08  1.94995670e+00  3.00445000e-08  1.94751689e+00 
 3.00455000e-08  8.94304708e-01  3.00455000e-08  1.94996067e+00  3.00455000e-08  1.94773902e+00 
 3.05815000e-08 -4.10644344e-03  3.05815000e-08  1.25820753e+00  3.05815000e-08  1.94991081e+00 
 3.05825000e-08 -5.18405627e-03  3.05825000e-08  1.17926099e+00  3.05825000e-08  1.94989334e+00 
 3.05835000e-08 -6.38867668e-03  3.05835000e-08  1.09917889e+00  3.05835000e-08  1.94987762e+00 
 3.05845000e-08 -7.77289914e-03  3.05845000e-08  1.01793602e+00  3.05845000e-08  1.94986917e+00 
 3.05855000e-08 -9.41308494e-03  3.05855000e-08  9.35744369e-01  3.05855000e-08  1.94987320e+00 
 3.05865000e-08 -1.12637349e-02  3.05865000e-08  8.52622305e-01  3.05865000e-08  1.94989175e+00 
 3.06255000e-08  9.19490128e-01  3.06255000e-08  3.57641848e-03  3.06255000e-08  1.94934495e+00 
 3.06265000e-08  9.64344543e-01  3.06265000e-08  3.48419065e-03  3.06265000e-08  1.94927557e+00 
 3.06275000e-08  1.00857355e+00  3.06275000e-08  3.41565292e-03  3.06275000e-08  1.94918321e+00 
 3.06285000e-08  1.05263123e+00  3.06285000e-08  3.35167531e-03  3.06285000e-08  1.94905550e+00 
 3.06295000e-08  1.09688000e+00  3.06295000e-08  3.31555787e-03  3.06295000e-08  1.94888784e+00 
 3.06305000e-08  1.14116572e+00  3.06305000e-08  3.28643834e-03  3.06305000e-08  1.94867164e+00 
 3.09855000e-08  1.94996415e+00  3.09855000e-08  8.48908476e-01  3.09855000e-08  1.94994004e+00 
 3.09865000e-08  1.94996455e+00  3.09865000e-08  9.10758011e-01  3.09865000e-08  1.94984695e+00 
 3.09875000e-08  1.94996504e+00  3.09875000e-08  9.71706644e-01  3.09875000e-08  1.94973867e+00 
 3.09885000e-08  1.94996545e+00  3.09885000e-08  1.03172737e+00  3.09885000e-08  1.94962869e+00 
 3.09895000e-08  1.94996593e+00  3.09895000e-08  1.09085093e+00  3.09895000e-08  1.94953440e+00 
 3.09905000e-08  1.94996632e+00  3.09905000e-08  1.14928303e+00  3.09905000e-08  1.94942638e+00 
 3.11205000e-08  1.97479882e+00  3.11205000e-08  1.94996514e+00  3.11205000e-08  1.17721695e+00 
 3.11215000e-08  1.98177926e+00  3.11215000e-08  1.94999312e+00  3.11215000e-08  1.11967453e+00 
 3.11225000e-08  1.98832112e+00  3.11225000e-08  1.95001890e+00  3.11225000e-08  1.06196914e+00 
 3.11235000e-08  1.99454027e+00  3.11235000e-08  1.95004499e+00  3.11235000e-08  1.00392922e+00 
 3.11245000e-08  2.00042816e+00  3.11245000e-08  1.95006259e+00  3.11245000e-08  9.45409401e-01 
 3.11255000e-08  2.00604539e+00  3.11255000e-08  1.95007816e+00  3.11255000e-08  8.86282503e-01 
 3.11625000e-08  1.19121121e+00  3.11625000e-08  1.95032741e+00  3.11625000e-08  1.06444620e-02 
 3.11635000e-08  1.13217536e+00  3.11635000e-08  1.95029558e+00  3.11635000e-08  9.75100376e-03 
 3.11645000e-08  1.07320385e+00  3.11645000e-08  1.95026249e+00  3.11645000e-08  8.95994790e-03 
 3.11655000e-08  1.01427944e+00  3.11655000e-08  1.95023305e+00  3.11655000e-08  8.25340624e-03 
 3.11665000e-08  9.55387503e-01  3.11665000e-08  1.95020414e+00  3.11665000e-08  7.63289773e-03 
 3.11675000e-08  8.96525777e-01  3.11675000e-08  1.95017970e+00  3.11675000e-08  7.08020082e-03 
 3.17035000e-08 -4.09051098e-03  3.17035000e-08  1.26155684e+00  3.17035000e-08 -6.64628985e-06 
 3.17045000e-08 -5.16637754e-03  3.17045000e-08  1.18266469e+00  3.17045000e-08 -8.18563259e-06 
 3.17055000e-08 -6.36874172e-03  3.17055000e-08  1.10262400e+00  3.17055000e-08 -6.79609798e-06 
 3.17065000e-08 -7.74962583e-03  3.17065000e-08  1.02142490e+00  3.17065000e-08 -4.15788813e-06 
 3.17075000e-08 -9.38492554e-03  3.17075000e-08  9.39266352e-01  3.17075000e-08  1.47564995e-06 
 3.17085000e-08 -1.12381302e-02  3.17085000e-08  8.56177369e-01  3.17085000e-08  6.26639900e-06 
 3.17475000e-08  9.18782555e-01  3.17475000e-08  3.37749142e-03  3.17475000e-08 -1.38393374e-04 
 3.17485000e-08  9.63650082e-01  3.17485000e-08  3.27290586e-03  3.17485000e-08 -1.44864463e-04 
 3.17495000e-08  1.00788555e+00  3.17495000e-08  3.18166226e-03  3.17495000e-08 -1.46637817e-04 
 3.17505000e-08  1.05194223e+00  3.17505000e-08  3.08803853e-03  3.17505000e-08 -1.51201905e-04 
 3.17515000e-08  1.09618754e+00  3.17515000e-08  3.01095733e-03  3.17515000e-08 -1.54252807e-04 
 3.17525000e-08  1.14047679e+00  3.17525000e-08  2.93513419e-03  3.17525000e-08 -1.58214231e-04 
 3.21085000e-08  1.94996455e+00  3.21085000e-08  9.08677495e-01  3.21085000e-08 -1.05268698e-04 
 3.21095000e-08  1.94996503e+00  3.21095000e-08  9.69851367e-01  3.21095000e-08 -1.23764998e-04 
 3.21105000e-08  1.94996544e+00  3.21105000e-08  1.03019015e+00  3.21105000e-08 -1.36088876e-04 
 3.21115000e-08  1.94996592e+00  3.21115000e-08  1.08971236e+00  3.21115000e-08 -1.44353052e-04 
 3.21125000e-08  1.94996632e+00  3.21125000e-08  1.14857511e+00  3.21125000e-08 -1.59312586e-04 
 3.21135000e-08  1.94996680e+00  3.21135000e-08  1.20708633e+00  3.21135000e-08 -1.75145827e-04 
 3.22285000e-08  1.93178273e+00  3.22285000e-08  1.94992300e+00  3.22285000e-08  8.89837689e-01 
 3.22295000e-08  1.92975879e+00  3.22295000e-08  1.94993093e+00  3.22295000e-08  9.50245256e-01 
 3.22305000e-08  1.92789255e+00  3.22305000e-08  1.94993621e+00  3.22305000e-08  1.00994413e+00 
 3.22315000e-08  1.92643674e+00  3.22315000e-08  1.94994278e+00  3.22315000e-08  1.07177967e+00 
 3.22325000e-08  1.92569093e+00  3.22325000e-08  1.94994735e+00  3.22325000e-08  1.13955847e+00 
 3.22335000e-08  1.92590376e+00  3.22335000e-08  1.94994376e+00  3.22335000e-08  1.21300332e+00 
 3.22845000e-08  1.19286963e+00  3.22845000e-08  1.94993922e+00  3.22845000e-08  1.94657628e+00 
 3.22855000e-08  1.13383215e+00  3.22855000e-08  1.94994460e+00  3.22855000e-08  1.94688811e+00 
 3.22865000e-08  1.07485716e+00  3.22865000e-08  1.94994867e+00  3.22865000e-08  1.94707579e+00 
 3.22875000e-08  1.01593168e+00  3.22875000e-08  1.94995323e+00  3.22875000e-08  1.94734514e+00 
 3.22885000e-08  9.57037105e-01  3.22885000e-08  1.94995653e+00  3.22885000e-08  1.94749839e+00 
 3.22895000e-08  8.98174470e-01  3.22895000e-08  1.94996038e+00  3.22895000e-08  1.94773206e+00 
 3.28255000e-08 -4.04938584e-03  3.28255000e-08  1.26412794e+00  3.28255000e-08  1.94991206e+00 
 3.28265000e-08 -5.12066794e-03  3.28265000e-08  1.18528409e+00  3.28265000e-08  1.94989467e+00 
 3.28275000e-08 -6.31716260e-03  3.28275000e-08  1.10528274e+00  3.28275000e-08  1.94987864e+00 
 3.28285000e-08 -7.68939574e-03  3.28285000e-08  1.02412538e+00  3.28285000e-08  1.94986942e+00 
 3.28295000e-08 -9.31213104e-03  3.28295000e-08  9.42000338e-01  3.28295000e-08  1.94987241e+00 
 3.28305000e-08 -1.11852121e-02  3.28305000e-08  8.58944201e-01  3.28305000e-08  1.94988980e+00 
 3.28695000e-08  9.17188148e-01  3.28695000e-08  3.58295443e-03  3.28695000e-08  1.94934935e+00 
 3.28705000e-08  9.62085646e-01  3.28705000e-08  3.49064825e-03  3.28705000e-08  1.94928149e+00 
 3.28715000e-08  1.00633600e+00  3.28715000e-08  3.42033992e-03  3.28715000e-08  1.94919128e+00 
 3.28725000e-08  1.05039083e+00  3.28725000e-08  3.35580010e-03  3.28725000e-08  1.94906648e+00 
 3.28735000e-08  1.09462816e+00  3.28735000e-08  3.31771187e-03  3.28735000e-08  1.94890214e+00 
 3.28745000e-08  1.13892488e+00  3.28745000e-08  3.28789022e-03  3.28745000e-08  1.94868929e+00 
 3.32305000e-08  1.94996453e+00  3.32305000e-08  9.07953634e-01  3.32305000e-08  1.94985154e+00 
 3.32315000e-08  1.94996501e+00  3.32315000e-08  9.68944647e-01  3.32315000e-08  1.94974369e+00 
 3.32325000e-08  1.94996543e+00  3.32325000e-08  1.02900442e+00  3.32325000e-08  1.94963359e+00 
 3.32335000e-08  1.94996590e+00  3.32335000e-08  1.08816305e+00  3.32335000e-08  1.94953899e+00 
 3.32345000e-08  1.94996631e+00  3.32345000e-08  1.14661874e+00  3.32345000e-08  1.94943156e+00 
 3.32355000e-08  1.94996677e+00  3.32355000e-08  1.20482704e+00  3.32355000e-08  1.94930680e+00 
 3.33645000e-08  1.97434069e+00  3.33645000e-08  1.94996386e+00  3.33645000e-08  1.17982623e+00 
 3.33655000e-08  1.98135192e+00  3.33655000e-08  1.94999205e+00  3.33655000e-08  1.12228556e+00 
 3.33665000e-08  1.98791251e+00  3.33665000e-08  1.95001757e+00  3.33665000e-08  1.06459333e+00 
 3.33675000e-08  1.99415487e+00  3.33675000e-08  1.95004407e+00  3.33675000e-08  1.00656997e+00 
 3.33685000e-08  2.00006017e+00  3.33685000e-08  1.95006173e+00  3.33685000e-08  9.48076813e-01 
 3.33695000e-08  2.00569596e+00  3.33695000e-08  1.95007772e+00  3.33695000e-08  8.88977551e-01 
 3.34065000e-08  1.19498395e+00  3.34065000e-08  1.95032890e+00  3.34065000e-08  1.06865233e-02 
 3.34075000e-08  1.13594651e+00  3.34075000e-08  1.95029711e+00  3.34075000e-08  9.79092592e-03 
 3.34085000e-08  1.07696899e+00  3.34085000e-08  1.95026394e+00  3.34085000e-08  8.99302494e-03 
 3.34095000e-08  1.01804415e+00  3.34095000e-08  1.95023443e+00  3.34095000e-08  8.28510739e-03 
 3.34105000e-08  9.59148114e-01  3.34105000e-08  1.95020537e+00  3.34105000e-08  7.65852438e-03 
 3.34115000e-08  9.00286006e-01  3.34115000e-08  1.95018083e+00  3.34115000e-08  7.10529038e-03 
 3.39475000e-08 -4.03008604e-03  3.39475000e-08  1.26647416e+00  3.39475000e-08 -6.53751845e-06 
 3.39485000e-08 -5.09953100e-03  3.39485000e-08  1.18766792e+00  3.39485000e-08 -8.17815955e-06 
 3.39495000e-08 -6.29326926e-03  3.39495000e-08  1.10769472e+00  3.39495000e-08 -6.89943626e-06 
 3.39505000e-08 -7.66146780e-03  3.39505000e-08  1.02656697e+00  3.39505000e-08 -4.43734506e-06 
 3.39515000e-08 -9.27838874e-03  3.39515000e-08  9.44464181e-01  3.39515000e-08  1.14002125e-06 
 3.39525000e-08 -1.11557698e-02  3.39525000e-08  8.61430322e-01  3.39525000e-08  5.85535601e-06 
 3.39915000e-08  9.16330950e-01  3.39915000e-08  3.38385874e-03  3.39915000e-08 -1.37917020e-04 
 3.39925000e-08  9.61244563e-01  3.39925000e-08  3.27964713e-03  3.39925000e-08 -1.44651912e-04 
 3.39935000e-08  1.00550290e+00  3.39935000e-08  3.18748308e-03  3.39935000e-08 -1.46380528e-04 
 3.39945000e-08  1.04955666e+00  3.39945000e-08  3.09390530e-03  3.39945000e-08 -1.51003596e-04 
 3.39955000e-08  1.09378939e+00  3.39955000e-08  3.01575847e-03  3.39955000e-08 -1.53982495e-04 
 3.39965000e-08  1.13808968e+00  3.39965000e-08  2.93976542e-03  3.39965000e-08 -1.58083556e-04 
 3.43525000e-08  1.94996453e+00  3.43525000e-08  9.05716318e-01  3.43525000e-08 -1.03868236e-04 
 3.43535000e-08  1.94996500e+00  3.43535000e-08  9.66929895e-01  3.43535000e-08 -1.22550378e-04 
 3.43545000e-08  1.94996542e+00  3.43545000e-08  1.02730390e+00  3.43545000e-08 -1.35651914e-04 
 3.43555000e-08  1.94996589e+00  3.43555000e-08  1.08686047e+00  3.43555000e-08 -1.43599226e-04 
 3.43565000e-08  1.94996630e+00  3.43565000e-08  1.14574933e+00  3.43565000e-08 -1.58828373e-04 
 3.43575000e-08  1.94996676e+00  3.43575000e-08  1.20424856e+00  3.43575000e-08 -1.73944726e-04 
 3.44725000e-08  1.93191357e+00  3.44725000e-08  1.94992285e+00  3.44725000e-08  8.86827748e-01 
 3.44735000e-08  1.92988612e+00  3.44735000e-08  1.94993057e+00  3.44735000e-08  9.47296375e-01 
 3.44745000e-08  1.92800319e+00  3.44745000e-08  1.94993605e+00  3.44745000e-08  1.00699284e+00 
 3.44755000e-08  1.92651199e+00  3.44755000e-08  1.94994220e+00  3.44755000e-08  1.06865153e+00 
 3.44765000e-08  1.92571264e+00  3.44765000e-08  1.94994789e+00  3.44765000e-08  1.13599057e+00 
 3.44775000e-08  1.92585726e+00  3.44775000e-08  1.94994364e+00  3.44775000e-08  1.20941114e+00 
 3.45285000e-08  1.19664519e+00  3.45285000e-08  1.94993901e+00  3.45285000e-08  1.94655878e+00 
 3.45295000e-08  1.13760621e+00  3.45295000e-08  1.94994432e+00  3.45295000e-08  1.94687976e+00 
 3.45305000e-08  1.07862527e+00  3.45305000e-08  1.94994850e+00  3.45305000e-08  1.94706056e+00 
 3.45315000e-08  1.01969962e+00  3.45315000e-08  1.94995299e+00  3.45315000e-08  1.94733852e+00 
 3.45325000e-08  9.60801253e-01  3.45325000e-08  1.94995640e+00  3.45325000e-08  1.94748506e+00 
 3.45335000e-08  9.01938709e-01  3.45335000e-08  1.94996018e+00  3.45335000e-08  1.94772688e+00 
 3.50695000e-08 -3.98428287e-03  3.50695000e-08  1.26871300e+00  3.50695000e-08  1.94991302e+00 
 3.50705000e-08 -5.04876097e-03  3.50705000e-08  1.18994952e+00  3.50705000e-08  1.94989569e+00 
 3.50715000e-08 -6.23612251e-03  3.50715000e-08  1.11001120e+00  3.50715000e-08  1.94987945e+00 
 3.50725000e-08 -7.59606448e-03  3.50725000e-08  1.02892028e+00  3.50725000e-08  1.94986965e+00 
 3.50735000e-08 -9.20074770e-03  3.50735000e-08  9.46847247e-01  3.50735000e-08  1.94987185e+00 
 3.50745000e-08 -1.10891450e-02  3.50745000e-08  8.63842922e-01  3.50745000e-08  1.94988835e+00 
 3.51135000e-08  9.14333119e-01  3.51135000e-08  3.58831296e-03  3.51135000e-08  1.94935284e+00 
 3.51145000e-08  9.59286128e-01  3.51145000e-08  3.49592002e-03  3.51145000e-08  1.94928613e+00 
 3.51155000e-08  1.00356507e+00  3.51155000e-08  3.42426084e-03  3.51155000e-08  1.94919750e+00 
 3.51165000e-08  1.04761863e+00  3.51165000e-08  3.35925990e-03  3.51165000e-08  1.94907492e+00 
 3.51175000e-08  1.09184203e+00  3.51175000e-08  3.31965778e-03  3.51175000e-08  1.94891304e+00 
 3.51185000e-08  1.13615054e+00  3.51185000e-08  3.28925985e-03  3.51185000e-08  1.94870289e+00 
 3.54745000e-08  1.94996451e+00  3.54745000e-08  9.04088833e-01  3.54745000e-08  1.94985772e+00 
 3.54755000e-08  1.94996498e+00  3.54755000e-08  9.65137993e-01  3.54755000e-08  1.94975072e+00 
 3.54765000e-08  1.94996541e+00  3.54765000e-08  1.02525628e+00  3.54765000e-08  1.94964044e+00 
 3.54775000e-08  1.94996587e+00  3.54775000e-08  1.08446333e+00  3.54775000e-08  1.94954525e+00 
 3.54785000e-08  1.94996628e+00  3.54785000e-08  1.14294817e+00  3.54785000e-08  1.94943878e+00 
 3.54795000e-08  1.94996674e+00  3.54795000e-08  1.20114594e+00  3.54795000e-08  1.94931530e+00 
 3.56085000e-08  1.97385003e+00  3.56085000e-08  1.94996218e+00  3.56085000e-08  1.18357746e+00 
 3.56095000e-08  1.98089426e+00  3.56095000e-08  1.94999033e+00  3.56095000e-08  1.12603902e+00 
 3.56105000e-08  1.98747454e+00  3.56105000e-08  1.95001582e+00  3.56105000e-08  1.06836500e+00 
 3.56115000e-08  1.99374168e+00  3.56115000e-08  1.95004256e+00  3.56115000e-08  1.01036506e+00 
 3.56125000e-08  1.99966582e+00  3.56125000e-08  1.95006065e+00  3.56125000e-08  9.51909751e-01 
 3.56135000e-08  2.00532154e+00  3.56135000e-08  1.95007689e+00  3.56135000e-08  8.92850133e-01 
 3.56505000e-08  1.19900989e+00  3.56505000e-08  1.95033104e+00  3.56505000e-08  1.07465749e-02 
 3.56515000e-08  1.13997078e+00  3.56515000e-08  1.95029913e+00  3.56515000e-08  9.84848088e-03 
 3.56525000e-08  1.08098677e+00  3.56525000e-08  1.95026603e+00  3.56525000e-08  9.04038166e-03 
 3.56535000e-08  1.02206160e+00  3.56535000e-08  1.95023624e+00  3.56535000e-08  8.33094304e-03 
 3.56545000e-08  9.63161416e-01  3.56545000e-08  1.95020716e+00  3.56545000e-08  7.69515867e-03 
 3.56555000e-08  9.04299112e-01  3.56555000e-08  1.95018231e+00  3.56555000e-08  7.14165406e-03 
 3.61925000e-08 -5.01860719e-03  3.61925000e-08  1.19287719e+00  3.61925000e-08 -8.18158284e-06 
 3.61935000e-08 -6.20226967e-03  3.61935000e-08  1.11297467e+00  3.61935000e-08 -6.98542124e-06 
 3.61945000e-08 -7.55669606e-03  3.61945000e-08  1.03192138e+00  3.61945000e-08 -4.73522778e-06 
 3.61955000e-08 -9.15345865e-03  3.61955000e-08  9.49877008e-01  3.61955000e-08  8.06981225e-07 
 3.61965000e-08 -1.10487820e-02  3.61965000e-08  8.66901316e-01  3.61965000e-08  5.41842918e-06 
 3.61975000e-08 -1.30461020e-02  3.61975000e-08  7.83195773e-01  3.61975000e-08  1.19256505e-05 
 3.62355000e-08  9.13104281e-01  3.62355000e-08  3.39000534e-03  3.62355000e-08 -1.37445882e-04 
 3.62365000e-08  9.58081504e-01  3.62365000e-08  3.28633364e-03  3.62365000e-08 -1.44395816e-04 
 3.62375000e-08  1.00237297e+00  3.62375000e-08  3.19326553e-03  3.62375000e-08 -1.46216775e-04 
 3.62385000e-08  1.04642553e+00  3.62385000e-08  3.09977259e-03  3.62385000e-08 -1.50849994e-04 
 3.62395000e-08  1.09064237e+00  3.62395000e-08  3.02054110e-03  3.62395000e-08 -1.53701325e-04 
 3.62405000e-08  1.13495571e+00  3.62405000e-08  2.94438605e-03  3.62405000e-08 -1.57959821e-04 
 3.65965000e-08  1.94996450e+00  3.65965000e-08  9.01205132e-01  3.65965000e-08 -1.02164594e-04 
 3.65975000e-08  1.94996496e+00  3.65975000e-08  9.62481734e-01  3.65975000e-08 -1.21368755e-04 
 3.65985000e-08  1.94996540e+00  3.65985000e-08  1.02291913e+00  3.65985000e-08 -1.35112211e-04 
 3.65995000e-08  1.94996585e+00  3.65995000e-08  1.08252866e+00  3.65995000e-08 -1.42492778e-04 
 3.66005000e-08  1.94996627e+00  3.66005000e-08  1.14144719e+00  3.66005000e-08 -1.57751162e-04 
 3.66015000e-08  1.94996673e+00  3.66015000e-08  1.19995090e+00  3.66015000e-08 -1.72464944e-04 
 3.67165000e-08  1.93206407e+00  3.67165000e-08  1.94992252e+00  3.67165000e-08  8.82314808e-01 
 3.67175000e-08  1.93003328e+00  3.67175000e-08  1.94992994e+00  3.67175000e-08  9.42880851e-01 
 3.67185000e-08  1.92813243e+00  3.67185000e-08  1.94993572e+00  3.67185000e-08  1.00258601e+00 
 3.67195000e-08  1.92660186e+00  3.67195000e-08  1.94994136e+00  3.67195000e-08  1.06397453e+00 
 3.67205000e-08  1.92574207e+00  3.67205000e-08  1.94994848e+00  3.67205000e-08  1.13068937e+00 
 3.67215000e-08  1.92580909e+00  3.67215000e-08  1.94994344e+00  3.67215000e-08  1.20403078e+00 
 3.67725000e-08  1.20100681e+00  3.67725000e-08  1.94993870e+00  3.67725000e-08  1.94653434e+00 
 3.67735000e-08  1.14196605e+00  3.67735000e-08  1.94994390e+00  3.67735000e-08  1.94686564e+00 
 3.67745000e-08  1.08297802e+00  3.67745000e-08  1.94994825e+00  3.67745000e-08  1.94703943e+00 
 3.67755000e-08  1.02405196e+00  3.67755000e-08  1.94995262e+00  3.67755000e-08  1.94732705e+00 
 3.67765000e-08  9.65149070e-01  3.67765000e-08  1.94995620e+00  3.67765000e-08  1.94746671e+00 
 3.67775000e-08  9.06286308e-01  3.67775000e-08  1.94995987e+00  3.67775000e-08  1.94771761e+00 
 3.73145000e-08 -4.96492237e-03  3.73145000e-08  1.19537597e+00  3.73145000e-08  1.94989691e+00 
 3.73155000e-08 -6.14163917e-03  3.73155000e-08  1.11551164e+00  3.73155000e-08  1.94988043e+00 
 3.73165000e-08 -7.48633327e-03  3.73165000e-08  1.03449886e+00  3.73165000e-08  1.94986999e+00 
 3.73175000e-08 -9.06916874e-03  3.73175000e-08  9.52487215e-01  3.73175000e-08  1.94987126e+00 
 3.73185000e-08 -1.09793669e-02  3.73185000e-08  8.69543963e-01  3.73185000e-08  1.94988673e+00 
 3.73195000e-08 -1.29287022e-02  3.73195000e-08  7.85861445e-01  3.73195000e-08  1.94991805e+00 
 3.73575000e-08  9.10930497e-01  3.73575000e-08  3.59408315e-03  3.73575000e-08  1.94935655e+00 
 3.73585000e-08  9.55951122e-01  3.73585000e-08  3.50164325e-03  3.73585000e-08  1.94929122e+00 
 3.73595000e-08  1.00026517e+00  3.73595000e-08  3.42843143e-03  3.73595000e-08  1.94920438e+00 
 3.73605000e-08  1.04431784e+00  3.73605000e-08  3.36291085e-03  3.73605000e-08  1.94908439e+00 
 3.73615000e-08  1.08852306e+00  3.73615000e-08  3.32153999e-03  3.73615000e-08  1.94892535e+00 
 3.73625000e-08  1.13284252e+00  3.73625000e-08  3.29054289e-03  3.73625000e-08  1.94871839e+00 
 3.77185000e-08  1.94996448e+00  3.77185000e-08  8.99269607e-01  3.77185000e-08  1.94986542e+00 
 3.77195000e-08  1.94996494e+00  3.77195000e-08  9.60389244e-01  3.77195000e-08  1.94975948e+00 
 3.77205000e-08  1.94996538e+00  3.77205000e-08  1.02058054e+00  3.77205000e-08  1.94964892e+00 
 3.77215000e-08  1.94996583e+00  3.77215000e-08  1.07985520e+00  3.77215000e-08  1.94955255e+00 
 3.77225000e-08  1.94996626e+00  3.77225000e-08  1.13837562e+00  3.77225000e-08  1.94944752e+00 
 3.77235000e-08  1.94996670e+00  3.77235000e-08  1.19655620e+00  3.77235000e-08  1.94932580e+00 
 3.78525000e-08  1.97331732e+00  3.78525000e-08  1.94996038e+00  3.78525000e-08  1.18813921e+00 
 3.78535000e-08  1.98039690e+00  3.78535000e-08  1.94998815e+00  3.78535000e-08  1.13060326e+00 
 3.78545000e-08  1.98699726e+00  3.78545000e-08  1.95001375e+00  3.78545000e-08  1.07295096e+00 
 3.78555000e-08  1.99329099e+00  3.78555000e-08  1.95004052e+00  3.78555000e-08  1.01497954e+00 
 3.78565000e-08  1.99923553e+00  3.78565000e-08  1.95005935e+00  3.78565000e-08  9.56570529e-01 
 3.78575000e-08  2.00491295e+00  3.78575000e-08  1.95007571e+00  3.78575000e-08  8.97559989e-01 
 3.78945000e-08  1.20339492e+00  3.78945000e-08  1.95033373e+00  3.78945000e-08  1.08184000e-02 
 3.78955000e-08  1.14435392e+00  3.78955000e-08  1.95030155e+00  3.78955000e-08  9.91837244e-03 
 3.78965000e-08  1.08536261e+00  3.78965000e-08  1.95026867e+00  3.78965000e-08  9.09693916e-03 
 3.78975000e-08  1.02643684e+00  3.78975000e-08  1.95023841e+00  3.78975000e-08  8.38670264e-03 
 3.78985000e-08  9.67531989e-01  3.78985000e-08  1.95020944e+00  3.78985000e-08  7.73874660e-03 
 3.78995000e-08  9.08669595e-01  3.78995000e-08  1.95018408e+00  3.78995000e-08  7.18593665e-03 
 3.84365000e-08 -4.93318221e-03  3.84365000e-08  1.19858661e+00  3.84365000e-08 -8.17147601e-06 
 3.84375000e-08 -6.10601561e-03  3.84375000e-08  1.11876213e+00  3.84375000e-08 -7.06545189e-06 
 3.84385000e-08 -7.44495241e-03  3.84385000e-08  1.03779144e+00  3.84385000e-08 -5.05268299e-06 
 3.84395000e-08 -9.01962720e-03  3.84395000e-08  9.55811889e-01  3.84395000e-08  4.45389014e-07 
 3.84405000e-08 -1.09393169e-02  3.84405000e-08  8.72900938e-01  3.84405000e-08  4.93945794e-06 
 3.84415000e-08 -1.28592430e-02  3.84415000e-08  7.89240323e-01  3.84415000e-08  1.14606917e-05 
 3.84795000e-08  9.09640195e-01  3.84795000e-08  3.39706954e-03  3.84795000e-08 -1.36840712e-04 
 3.84805000e-08  9.54687218e-01  3.84805000e-08  3.29393751e-03  3.84805000e-08 -1.44045906e-04 
 3.84815000e-08  9.99015267e-01  3.84815000e-08  3.19979800e-03  3.84815000e-08 -1.45982504e-04 
 3.84825000e-08  1.04306869e+00  3.84825000e-08  3.10640824e-03  3.84825000e-08 -1.50648418e-04 
 3.84835000e-08  1.08726714e+00  3.84835000e-08  3.02596407e-03  3.84835000e-08 -1.53366247e-04 
 3.84845000e-08  1.13158968e+00  3.84845000e-08  2.94965500e-03  3.84845000e-08 -1.57821012e-04 
 3.88405000e-08  1.94996447e+00  3.88405000e-08  8.96368409e-01  3.88405000e-08 -1.00054587e-04 
 3.88415000e-08  1.94996492e+00  3.88415000e-08  9.57710083e-01  3.88415000e-08 -1.20135325e-04 
 3.88425000e-08  1.94996537e+00  3.88425000e-08  1.01821335e+00  3.88425000e-08 -1.34494768e-04 
 3.88435000e-08  1.94996581e+00  3.88435000e-08  1.07788488e+00  3.88435000e-08 -1.41605800e-04 
 3.88445000e-08  1.94996625e+00  3.88445000e-08  1.13684971e+00  3.88445000e-08 -1.56688665e-04 
 3.88455000e-08  1.94996669e+00  3.88455000e-08  1.19538544e+00  3.88455000e-08 -1.71224757e-04 
 3.89605000e-08  1.93219841e+00  3.89605000e-08  1.94992218e+00  3.89605000e-08  8.77546719e-01 
 3.89615000e-08  1.93016540e+00  3.89615000e-08  1.94992928e+00  3.89615000e-08  9.38218816e-01 
 3.89625000e-08  1.92824969e+00  3.89625000e-08  1.94993536e+00  3.89625000e-08  9.97944134e-01 
 3.89635000e-08  1.92668546e+00  3.89635000e-08  1.94994102e+00  3.89635000e-08  1.05897762e+00 
 3.89645000e-08  1.92577288e+00  3.89645000e-08  1.94994828e+00  3.89645000e-08  1.12516856e+00 
 3.89655000e-08  1.92577172e+00  3.89655000e-08  1.94994332e+00  3.89655000e-08  1.19831526e+00 
 3.90165000e-08  1.20490383e+00  3.90165000e-08  1.94993839e+00  3.90165000e-08  1.94651601e+00 
 3.90175000e-08  1.14586130e+00  3.90175000e-08  1.94994343e+00  3.90175000e-08  1.94684216e+00 
 3.90185000e-08  1.08686660e+00  3.90185000e-08  1.94994801e+00  3.90185000e-08  1.94702433e+00 
 3.90195000e-08  1.02793986e+00  3.90195000e-08  1.94995222e+00  3.90195000e-08  1.94730682e+00 
 3.90205000e-08  9.69032693e-01  3.90205000e-08  1.94995602e+00  3.90205000e-08  1.94745429e+00 
 3.90215000e-08  9.10169611e-01  3.90215000e-08  1.94995952e+00  3.90215000e-08  1.94770011e+00 
 3.95585000e-08 -4.88022626e-03  3.95585000e-08  1.20057117e+00  3.95585000e-08  1.94989811e+00 
 3.95595000e-08 -6.04673440e-03  3.95595000e-08  1.12077783e+00  3.95595000e-08  1.94988136e+00 
 3.95605000e-08 -7.37519457e-03  3.95605000e-08  1.03984055e+00  3.95605000e-08  1.94987040e+00 
 3.95615000e-08 -8.93771412e-03  3.95615000e-08  9.57888082e-01  3.95615000e-08  1.94987072e+00 
 3.95625000e-08 -1.08835235e-02  3.95625000e-08  8.75004131e-01  3.95625000e-08  1.94988528e+00 
 3.95635000e-08 -1.27616341e-02  3.95635000e-08  7.91362821e-01  3.95635000e-08  1.94991544e+00 
 3.96015000e-08  9.07543946e-01  3.96015000e-08  3.60003651e-03  3.96015000e-08  1.94936021e+00 
 3.96025000e-08  9.52634882e-01  3.96025000e-08  3.50770433e-03  3.96025000e-08  1.94929634e+00 
 3.96035000e-08  9.96986955e-01  3.96035000e-08  3.43281917e-03  3.96035000e-08  1.94921107e+00 
 3.96045000e-08  1.04104316e+00  3.96045000e-08  3.36697580e-03  3.96045000e-08  1.94909374e+00 
 3.96055000e-08  1.08523143e+00  3.96055000e-08  3.32370439e-03  3.96055000e-08  1.94893733e+00 
 3.96065000e-08  1.12955840e+00  3.96065000e-08  3.29224525e-03  3.96065000e-08  1.94873367e+00 
 3.99625000e-08  1.94996445e+00  3.99625000e-08  8.94813492e-01  3.99625000e-08  1.94987247e+00 
 3.99635000e-08  1.94996490e+00  3.99635000e-08  9.55999739e-01  3.99635000e-08  1.94976752e+00 
 3.99645000e-08  1.94996535e+00  3.99645000e-08  1.01625869e+00  3.99645000e-08  1.94965680e+00 
 3.99655000e-08  1.94996579e+00  3.99655000e-08  1.07559677e+00  3.99655000e-08  1.94955931e+00 
 3.99665000e-08  1.94996623e+00  3.99665000e-08  1.13416198e+00  3.99665000e-08  1.94945555e+00 
 3.99675000e-08  1.94996667e+00  3.99675000e-08  1.19236637e+00  3.99675000e-08  1.94933492e+00 
 4.00965000e-08  1.97283090e+00  4.00965000e-08  1.94995866e+00  4.00965000e-08  1.19217513e+00 
 4.00975000e-08  1.97993474e+00  4.00975000e-08  1.94998618e+00  4.00975000e-08  1.13464045e+00 
 4.00985000e-08  1.98656260e+00  4.00985000e-08  1.95001192e+00  4.00985000e-08  1.07700606e+00 
 4.00995000e-08  1.99288085e+00  4.00995000e-08  1.95003875e+00  4.00995000e-08  1.01905832e+00 
 4.01005000e-08  1.99884396e+00  4.01005000e-08  1.95005824e+00  4.01005000e-08  9.60688741e-01 
 4.01015000e-08  2.00454159e+00  4.01015000e-08  1.95007469e+00  4.01015000e-08  9.01720094e-01 
 4.01385000e-08  1.20735981e+00  4.01385000e-08  1.95033615e+00  4.01385000e-08  1.08844022e-02 
 4.01395000e-08  1.14831744e+00  4.01395000e-08  1.95030376e+00  4.01395000e-08  9.98199677e-03 
 4.01405000e-08  1.08931946e+00  4.01405000e-08  1.95027106e+00  4.01405000e-08  9.14911107e-03 
 4.01415000e-08  1.03039325e+00  4.01415000e-08  1.95024040e+00  4.01415000e-08  8.43748292e-03 
 4.01425000e-08  9.71484169e-01  4.01425000e-08  1.95021150e+00  4.01425000e-08  7.77913146e-03 
 4.01435000e-08  9.12621730e-01  4.01435000e-08  1.95018571e+00  4.01435000e-08  7.22627907e-03 
 4.06805000e-08 -4.85903273e-03  4.06805000e-08  1.20396855e+00  4.06805000e-08 -8.13888160e-06 
 4.06815000e-08 -6.02288545e-03  4.06815000e-08  1.12421801e+00  4.06815000e-08 -7.15429515e-06 
 4.06825000e-08 -7.34748706e-03  4.06825000e-08  1.04332584e+00  4.06825000e-08 -5.32218606e-06 
 4.06835000e-08 -8.90225330e-03  4.06835000e-08  9.61408098e-01  4.06835000e-08  8.50268083e-08 
 4.06845000e-08 -1.08440214e-02  4.06845000e-08  8.78558927e-01  4.06845000e-08  4.50396190e-06 
 4.06855000e-08 -1.26946765e-02  4.06855000e-08  7.94941376e-01  4.06855000e-08  1.10072533e-05 
 4.07235000e-08  9.06538912e-01  4.07235000e-08  3.40339097e-03  4.07235000e-08 -1.36331261e-04 
 4.07245000e-08  9.51651410e-01  4.07245000e-08  3.30083133e-03  4.07245000e-08 -1.43746614e-04 
 4.07255000e-08  9.96015702e-01  4.07255000e-08  3.20573216e-03  4.07255000e-08 -1.45804508e-04 
 4.07265000e-08  1.04007375e+00  4.07265000e-08  3.11247220e-03  4.07265000e-08 -1.50463922e-04 
 4.07275000e-08  1.08425755e+00  4.07275000e-08  3.03090627e-03  4.07275000e-08 -1.53067896e-04 
 4.07285000e-08  1.12858626e+00  4.07285000e-08  2.95446492e-03  4.07285000e-08 -1.57678998e-04 
 4.10845000e-08  1.94996444e+00  4.10845000e-08  8.92266074e-01  4.10845000e-08 -9.82250220e-05 
 4.10855000e-08  1.94996489e+00  4.10855000e-08  9.53662693e-01  4.10855000e-08 -1.19053119e-04 
 4.10865000e-08  1.94996534e+00  4.10865000e-08  1.01422180e+00  4.10865000e-08 -1.33948061e-04 
 4.10875000e-08  1.94996578e+00  4.10875000e-08  1.07394645e+00  4.10875000e-08 -1.40861001e-04 
 4.10885000e-08  1.94996622e+00  4.10885000e-08  1.13295179e+00  4.10885000e-08 -1.55718798e-04 
 4.10895000e-08  1.94996666e+00  4.10895000e-08  1.19148929e+00  4.10895000e-08 -1.69778055e-04 
 4.12045000e-08  1.93232340e+00  4.12045000e-08  1.94992190e+00  4.12045000e-08  8.73497317e-01 
 4.12055000e-08  1.93028903e+00  4.12055000e-08  1.94992872e+00  4.12055000e-08  9.34262006e-01 
 4.12065000e-08  1.92836029e+00  4.12065000e-08  1.94993505e+00  4.12065000e-08  9.94012512e-01 
 4.12075000e-08  1.92676592e+00  4.12075000e-08  1.94994069e+00  4.12075000e-08  1.05479097e+00 
 4.12085000e-08  1.92580503e+00  4.12085000e-08  1.94994808e+00  4.12085000e-08  1.12052706e+00 
 4.12095000e-08  1.92574115e+00  4.12095000e-08  1.94994329e+00  4.12095000e-08  1.19346492e+00 
 4.12615000e-08  1.14949967e+00  4.12615000e-08  1.94994304e+00  4.12615000e-08  1.94682272e+00 
 4.12625000e-08  1.09049875e+00  4.12625000e-08  1.94994781e+00  4.12625000e-08  1.94701221e+00 
 4.12635000e-08  1.03157152e+00  4.12635000e-08  1.94995189e+00  4.12635000e-08  1.94729005e+00 
 4.12645000e-08  9.72660410e-01  4.12645000e-08  1.94995586e+00  4.12645000e-08  1.94744435e+00 
 4.12655000e-08  9.13797253e-01  4.12655000e-08  1.94995923e+00  4.12655000e-08  1.94768557e+00 
 4.12665000e-08  8.54954825e-01  4.12665000e-08  1.94996253e+00  4.12665000e-08  1.94781072e+00 
 4.18025000e-08 -4.81877353e-03  4.18025000e-08  1.20516333e+00  4.18025000e-08  1.94989917e+00 
 4.18035000e-08 -5.97790423e-03  4.18035000e-08  1.12543320e+00  4.18035000e-08  1.94988221e+00 
 4.18045000e-08 -7.29548421e-03  4.18045000e-08  1.04456290e+00  4.18045000e-08  1.94987081e+00 
 4.18055000e-08 -8.84036848e-03  4.18055000e-08  9.62663340e-01  4.18055000e-08  1.94987031e+00 
 4.18065000e-08 -1.07615517e-02  4.18065000e-08  8.79832247e-01  4.18065000e-08  1.94988406e+00 
 4.18075000e-08 -1.26121001e-02  4.18075000e-08  7.96227948e-01  4.18075000e-08  1.94991321e+00 
 4.18455000e-08  9.04891538e-01  4.18455000e-08  3.60491823e-03  4.18455000e-08  1.94936312e+00 
 4.18465000e-08  9.50038782e-01  4.18465000e-08  3.51289331e-03  4.18465000e-08  1.94930063e+00 
 4.18475000e-08  9.94422836e-01  4.18475000e-08  3.43637331e-03  4.18475000e-08  1.94921652e+00 
 4.18485000e-08  1.03848303e+00  4.18485000e-08  3.37049960e-03  4.18485000e-08  1.94910156e+00 
 4.18495000e-08  1.08265874e+00  4.18495000e-08  3.32537037e-03  4.18495000e-08  1.94894723e+00 
 4.18505000e-08  1.12698882e+00  4.18505000e-08  3.29378479e-03  4.18505000e-08  1.94874656e+00 
 4.20000000e-08  1.94971952e+00  4.20000000e-08 -7.32469983e-06  4.20000000e-08  1.94997722e+00 
