 time            v(b_out)        time            v(u_puf_u_core_sel_ro) time            v(q)           
 0.00000000e+00  4.68653885e-09  0.00000000e+00  2.46749734e-09  0.00000000e+00  2.46749746e-09 
 2.57750000e-09  9.09981723e-01  2.57750000e-09  2.83285073e-09  2.57750000e-09  2.46772369e-09 
 2.57850000e-09  9.51169460e-01  2.57850000e-09  2.86148893e-09  2.57850000e-09  2.46778903e-09 
 2.57950000e-09  9.91832590e-01  2.57950000e-09  2.93330538e-09  2.57950000e-09  2.46782611e-09 
 2.58050000e-09  1.03201105e+00  2.58050000e-09  3.02430370e-09  2.58050000e-09  2.46780663e-09 
 2.58150000e-09  1.07177064e+00  2.58150000e-09  3.09650450e-09  2.58150000e-09  2.46772219e-09 
 2.58250000e-09  1.11121020e+00  2.58250000e-09  3.13750548e-09  2.58250000e-09  2.46764970e-09 
 2.80050000e-09  1.94993441e+00  2.80050000e-09  8.55947895e-01  2.80050000e-09 -7.91507878e-05 
 2.80150000e-09  1.94993516e+00  2.80150000e-09  9.17731747e-01  2.80150000e-09 -1.07228598e-04 
 2.80250000e-09  1.94993550e+00  2.80250000e-09  9.78725097e-01  2.80250000e-09 -1.24250432e-04 
 2.80350000e-09  1.94993623e+00  2.80350000e-09  1.03889816e+00  2.80350000e-09 -1.35084954e-04 
 2.80450000e-09  1.94993655e+00  2.80450000e-09  1.09828541e+00  2.80450000e-09 -1.45920446e-04 
 2.80550000e-09  1.94993726e+00  2.80550000e-09  1.15705821e+00  2.80550000e-09 -1.59925965e-04 
 2.92150000e-09  1.94996637e+00  2.92150000e-09  1.94991856e+00  2.92150000e-09  8.87135132e-01 
 2.92250000e-09  1.94996642e+00  2.92250000e-09  1.94992687e+00  2.92250000e-09  9.47501248e-01 
 2.92350000e-09  1.94996662e+00  2.92350000e-09  1.94993251e+00  2.92350000e-09  1.00708366e+00 
 2.92450000e-09  1.94996668e+00  2.92450000e-09  1.94993932e+00  2.92450000e-09  1.06862944e+00 
 2.92550000e-09  1.94996689e+00  2.92550000e-09  1.94994511e+00  2.92550000e-09  1.13586014e+00 
 2.92650000e-09  1.94996695e+00  2.92650000e-09  1.94994153e+00  2.92650000e-09  1.20913506e+00 
 3.11450000e-09  1.13461377e+00  3.11450000e-09  1.94999889e+00  3.11450000e-09  1.94999650e+00 
 3.11550000e-09  1.08264418e+00  3.11550000e-09  1.94999865e+00  3.11550000e-09  1.94998795e+00 
 3.11650000e-09  1.03095765e+00  3.11650000e-09  1.94999891e+00  3.11650000e-09  1.94999413e+00 
 3.11750000e-09  9.79449089e-01  3.11750000e-09  1.94999867e+00  3.11750000e-09  1.94998593e+00 
 3.11850000e-09  9.28095058e-01  3.11850000e-09  1.94999892e+00  3.11850000e-09  1.94999195e+00 
 3.11950000e-09  8.76824395e-01  3.11950000e-09  1.94999869e+00  3.11950000e-09  1.94998698e+00 
 3.45350000e-09  5.61072491e-06  3.45350000e-09  1.15012496e+00  3.45350000e-09  1.94994310e+00 
 3.45450000e-09  5.44976927e-06  3.45450000e-09  1.09809192e+00  3.45450000e-09  1.94993959e+00 
 3.45550000e-09  5.25988323e-06  3.45550000e-09  1.04530121e+00  3.45550000e-09  1.94993936e+00 
 3.45650000e-09  5.10819884e-06  3.45650000e-09  9.91717561e-01  3.45650000e-09  1.94994507e+00 
 3.45750000e-09  4.92736035e-06  3.45750000e-09  9.37380164e-01  3.45750000e-09  1.94995633e+00 
 3.45850000e-09  4.78731727e-06  3.45850000e-09  8.82268752e-01  3.45850000e-09  1.94997469e+00 
 3.69950000e-09  9.08065924e-01  3.69950000e-09  3.31250904e-06  3.69950000e-09  1.94999364e+00 
 3.70050000e-09  9.49278687e-01  3.70050000e-09  2.80482943e-06  3.70050000e-09  1.94999378e+00 
 3.70150000e-09  9.89965211e-01  3.70150000e-09  3.14927005e-06  3.70150000e-09  1.94999397e+00 
 3.70250000e-09  1.03016492e+00  3.70250000e-09  2.65502983e-06  3.70250000e-09  1.94999410e+00 
 3.70350000e-09  1.06994199e+00  3.70350000e-09  2.99703916e-06  3.70350000e-09  1.94999429e+00 
 3.70450000e-09  1.10939380e+00  3.70450000e-09  2.51557648e-06  3.70450000e-09  1.94999441e+00 
 3.92250000e-09  1.94993444e+00  3.92250000e-09  8.98813345e-01  3.92250000e-09  1.94986714e+00 
 3.92350000e-09  1.94993509e+00  3.92350000e-09  9.59866183e-01  3.92350000e-09  1.94976185e+00 
 3.92450000e-09  1.94993553e+00  3.92450000e-09  1.02001778e+00  3.92450000e-09  1.94965157e+00 
 3.92550000e-09  1.94993616e+00  3.92550000e-09  1.07926806e+00  3.92550000e-09  1.94955460e+00 
 3.92650000e-09  1.94993660e+00  3.92650000e-09  1.13779258e+00  3.92650000e-09  1.94945049e+00 
 3.92750000e-09  1.94993720e+00  3.92750000e-09  1.19601295e+00  3.92750000e-09  1.94932927e+00 
 4.05650000e-09  1.94996792e+00  4.05650000e-09  1.94995952e+00  4.05650000e-09  1.18844703e+00 
 4.05750000e-09  1.94996808e+00  4.05750000e-09  1.94998729e+00  4.05750000e-09  1.13091717e+00 
 4.05850000e-09  1.94996816e+00  4.05850000e-09  1.95001322e+00  4.05850000e-09  1.07327275e+00 
 4.05950000e-09  1.94996834e+00  4.05950000e-09  1.95004004e+00  4.05950000e-09  1.01531131e+00 
 4.06050000e-09  1.94996844e+00  4.06050000e-09  1.95005933e+00  4.06050000e-09  9.56914678e-01 
 4.06150000e-09  1.94996861e+00  4.06150000e-09  1.95007568e+00  4.06150000e-09  8.97917977e-01 
 4.23650000e-09  1.13631264e+00  4.23650000e-09  1.94999857e+00  4.23650000e-09  7.20202486e-05 
 4.23750000e-09  1.08433344e+00  4.23750000e-09  1.94999886e+00  4.23750000e-09  7.67538150e-05 
 4.23850000e-09  1.03264068e+00  4.23850000e-09  1.94999859e+00  4.23850000e-09  6.76250837e-05 
 4.23950000e-09  9.81126872e-01  4.23950000e-09  1.94999887e+00  4.23950000e-09  7.24981018e-05 
 4.24050000e-09  9.29770222e-01  4.24050000e-09  1.94999861e+00  4.24050000e-09  6.29966399e-05 
 4.24150000e-09  8.78496659e-01  4.24150000e-09  1.94999889e+00  4.24150000e-09  6.78099813e-05 
 4.57550000e-09  5.62325626e-06  4.57550000e-09  1.15191261e+00  4.57550000e-09 -2.17489887e-06 
 4.57650000e-09  5.46013413e-06  4.57650000e-09  1.09990489e+00  4.57650000e-09 -2.34031214e-06 
 4.57750000e-09  5.26933061e-06  4.57750000e-09  1.04713876e+00  4.57750000e-09  2.55277223e-07 
 4.57850000e-09  5.11621016e-06  4.57850000e-09  9.93580624e-01  4.57850000e-09  1.23916356e-06 
 4.57950000e-09  4.93490613e-06  4.57950000e-09  9.39268089e-01  4.57950000e-09  4.41550531e-06 
 4.58050000e-09  4.79374849e-06  4.58050000e-09  8.84182266e-01  4.58050000e-09  6.09829667e-06 
 4.82150000e-09  9.07668412e-01  4.82150000e-09  5.84099794e-06  4.82150000e-09  1.00986178e-06 
 4.82250000e-09  9.48886857e-01  4.82250000e-09  5.39435918e-06  4.82250000e-09  5.13803861e-08 
 4.82350000e-09  9.89579166e-01  4.82350000e-09  5.54357676e-06  4.82350000e-09  9.78210269e-07 
 4.82450000e-09  1.02978463e+00  4.82450000e-09  5.11187274e-06  4.82450000e-09  3.24669586e-08 
 4.82550000e-09  1.06956731e+00  4.82550000e-09  5.26436008e-06  4.82550000e-09  9.48063104e-07 
 4.82650000e-09  1.10902585e+00  4.82650000e-09  4.84677655e-06  4.82650000e-09  1.48001543e-08 
 5.04450000e-09  1.94993444e+00  5.04450000e-09  8.97219298e-01  5.04450000e-09 -1.00094501e-04 
 5.04550000e-09  1.94993508e+00  5.04550000e-09  9.58475737e-01  5.04550000e-09 -1.20051999e-04 
 5.04650000e-09  1.94993554e+00  5.04650000e-09  1.01892305e+00  5.04650000e-09 -1.34318364e-04 
 5.04750000e-09  1.94993615e+00  5.04750000e-09  1.07855837e+00  5.04750000e-09 -1.41661235e-04 
 5.04850000e-09  1.94993659e+00  5.04850000e-09  1.13751326e+00  5.04850000e-09 -1.56883823e-04 
 5.04950000e-09  1.94993718e+00  5.04950000e-09  1.19605178e+00  5.04950000e-09 -1.71439139e-04 
 5.16450000e-09  1.94996618e+00  5.16450000e-09  1.94992203e+00  5.16450000e-09  8.78013760e-01 
 5.16550000e-09  1.94996634e+00  5.16550000e-09  1.94992901e+00  5.16550000e-09  9.38668699e-01 
 5.16650000e-09  1.94996643e+00  5.16650000e-09  1.94993522e+00  5.16650000e-09  9.98385053e-01 
 5.16750000e-09  1.94996660e+00  5.16750000e-09  1.94994074e+00  5.16750000e-09  1.05944420e+00 
 5.16850000e-09  1.94996669e+00  5.16850000e-09  1.94994813e+00  5.16850000e-09  1.12568007e+00 
 5.16950000e-09  1.94996687e+00  5.16950000e-09  1.94994304e+00  5.16950000e-09  1.19884094e+00 
 5.35850000e-09  1.13654971e+00  5.35850000e-09  1.94999871e+00  5.35850000e-09  1.94998726e+00 
 5.35950000e-09  1.08456833e+00  5.35950000e-09  1.94999885e+00  5.35950000e-09  1.94999604e+00 
 5.36050000e-09  1.03287393e+00  5.36050000e-09  1.94999873e+00  5.36050000e-09  1.94998747e+00 
 5.36150000e-09  9.81358648e-01  5.36150000e-09  1.94999886e+00  5.36150000e-09  1.94999368e+00 
 5.36250000e-09  9.30000919e-01  5.36250000e-09  1.94999874e+00  5.36250000e-09  1.94998813e+00 
 5.36350000e-09  8.78726540e-01  5.36350000e-09  1.94999888e+00  5.36350000e-09  1.94999652e+00 
 5.69750000e-09  5.62367382e-06  5.69750000e-09  1.15205998e+00  5.69750000e-09  1.94994356e+00 
 5.69850000e-09  5.46042405e-06  5.69850000e-09  1.10005628e+00  5.69850000e-09  1.94993941e+00 
 5.69950000e-09  5.26975122e-06  5.69950000e-09  1.04729390e+00  5.69950000e-09  1.94993952e+00 
 5.70050000e-09  5.11653057e-06  5.70050000e-09  9.93739478e-01  5.70050000e-09  1.94994450e+00 
 5.70150000e-09  4.93532530e-06  5.70150000e-09  9.39430084e-01  5.70150000e-09  1.94995603e+00 
 5.70250000e-09  4.79399781e-06  5.70250000e-09  8.84347003e-01  5.70250000e-09  1.94997364e+00 
 5.94350000e-09  9.06449100e-01  5.94350000e-09  3.32901321e-06  5.94350000e-09  1.94999361e+00 
 5.94450000e-09  9.47682982e-01  5.94450000e-09  2.79472683e-06  5.94450000e-09  1.94999380e+00 
 5.94550000e-09  9.88389323e-01  5.94550000e-09  3.16524501e-06  5.94550000e-09  1.94999394e+00 
 5.94650000e-09  1.02860704e+00  5.94650000e-09  2.64502218e-06  5.94650000e-09  1.94999412e+00 
 5.94750000e-09  1.06839902e+00  5.94750000e-09  3.01251265e-06  5.94750000e-09  1.94999426e+00 
 5.94850000e-09  1.10786134e+00  5.94850000e-09  2.50567369e-06  5.94850000e-09  1.94999443e+00 
 6.16650000e-09  1.94993446e+00  6.16650000e-09  8.96424797e-01  6.16650000e-09  1.94987092e+00 
 6.16750000e-09  1.94993502e+00  6.16750000e-09  9.57512499e-01  6.16750000e-09  1.94976612e+00 
 6.16850000e-09  1.94993556e+00  6.16850000e-09  1.01770248e+00  6.16850000e-09  1.94965574e+00 
 6.16950000e-09  1.94993610e+00  6.16950000e-09  1.07698923e+00  6.16950000e-09  1.94955815e+00 
 6.17050000e-09  1.94993661e+00  6.17050000e-09  1.13553658e+00  6.17050000e-09  1.94945480e+00 
 6.17150000e-09  1.94993713e+00  6.17150000e-09  1.19373077e+00  6.17150000e-09  1.94933473e+00 
 6.30050000e-09  1.94996793e+00  6.30050000e-09  1.94995851e+00  6.30050000e-09  1.19080216e+00 
 6.30150000e-09  1.94996806e+00  6.30150000e-09  1.94998618e+00  6.30150000e-09  1.13327292e+00 
 6.30250000e-09  1.94996817e+00  6.30250000e-09  1.95001212e+00  6.30250000e-09  1.07563881e+00 
 6.30350000e-09  1.94996833e+00  6.30350000e-09  1.95003903e+00  6.30350000e-09  1.01769102e+00 
 6.30450000e-09  1.94996845e+00  6.30450000e-09  1.95005865e+00  6.30450000e-09  9.59317204e-01 
 6.30550000e-09  1.94996860e+00  6.30550000e-09  1.95007511e+00  6.30550000e-09  9.00344737e-01 
 6.48050000e-09  1.13858499e+00  6.48050000e-09  1.94999858e+00  6.48050000e-09  7.15402364e-05 
 6.48150000e-09  1.08659187e+00  6.48150000e-09  1.94999885e+00  6.48150000e-09  7.74200183e-05 
 6.48250000e-09  1.03488977e+00  6.48250000e-09  1.94999860e+00  6.48250000e-09  6.71675887e-05 
 6.48350000e-09  9.83367994e-01  6.48350000e-09  1.94999886e+00  6.48350000e-09  7.31652623e-05 
 6.48450000e-09  9.32006946e-01  6.48450000e-09  1.94999861e+00  6.48450000e-09  6.25315131e-05 
 6.48550000e-09  8.80729008e-01  6.48550000e-09  1.94999888e+00  6.48550000e-09  6.84450569e-05 
 6.81950000e-09  5.63476683e-06  6.81950000e-09  1.15417922e+00  6.81950000e-09 -2.17745698e-06 
 6.82050000e-09  5.46978222e-06  6.82050000e-09  1.10220655e+00  6.82050000e-09 -2.41436029e-06 
 6.82150000e-09  5.27854448e-06  6.82150000e-09  1.04947374e+00  6.82150000e-09  1.99493271e-07 
 6.82250000e-09  5.12416567e-06  6.82250000e-09  9.95950456e-01  6.82250000e-09  1.12691761e-06 
 6.82350000e-09  4.94277917e-06  6.82350000e-09  9.41670857e-01  6.82350000e-09  4.32091193e-06 
 6.82450000e-09  4.80053130e-06  6.82450000e-09  8.86618800e-01  6.82450000e-09  5.97333380e-06 
 7.06550000e-09  9.05426040e-01  7.06550000e-09  5.88311998e-06  7.06550000e-09  1.29034731e-06 
 7.06650000e-09  9.46673290e-01  7.06650000e-09  5.36588528e-06  7.06650000e-09  2.54725059e-07 
 7.06750000e-09  9.87392198e-01  7.06750000e-09  5.58474932e-06  7.06750000e-09  1.30041104e-06 
 7.06850000e-09  1.02762136e+00  7.06850000e-09  5.08302317e-06  7.06850000e-09  2.01452810e-07 
 7.06950000e-09  1.06742283e+00  7.06950000e-09  5.30445985e-06  7.06950000e-09  1.22135868e-06 
 7.07050000e-09  1.10689190e+00  7.07050000e-09  4.81862732e-06  7.07050000e-09  2.00077246e-07 
 7.28850000e-09  1.94993448e+00  7.28850000e-09  8.93780593e-01  7.28850000e-09 -9.85440779e-05 
 7.28950000e-09  1.94993499e+00  7.28950000e-09  9.55082019e-01  7.28950000e-09 -1.19171869e-04 
 7.29050000e-09  1.94993557e+00  7.29050000e-09  1.01557214e+00  7.29050000e-09 -1.33795390e-04 
 7.29150000e-09  1.94993605e+00  7.29150000e-09  1.07524461e+00  7.29150000e-09 -1.40920963e-04 
 7.29250000e-09  1.94993662e+00  7.29250000e-09  1.13422796e+00  7.29250000e-09 -1.56024197e-04 
 7.29350000e-09  1.94993709e+00  7.29350000e-09  1.19276344e+00  7.29350000e-09 -1.70221171e-04 
 7.40850000e-09  1.94996619e+00  7.40850000e-09  1.94992175e+00  7.40850000e-09  8.74555629e-01 
 7.40950000e-09  1.94996632e+00  7.40950000e-09  1.94992858e+00  7.40950000e-09  9.35288773e-01 
 7.41050000e-09  1.94996644e+00  7.41050000e-09  1.94993491e+00  7.41050000e-09  9.95025047e-01 
 7.41150000e-09  1.94996658e+00  7.41150000e-09  1.94994050e+00  7.41150000e-09  1.05585954e+00 
 7.41250000e-09  1.94996671e+00  7.41250000e-09  1.94994792e+00  7.41250000e-09  1.12170698e+00 
 7.41350000e-09  1.94996685e+00  7.41350000e-09  1.94994304e+00  7.41350000e-09  1.19469578e+00 
 7.60250000e-09  1.14003598e+00  7.60250000e-09  1.94999873e+00  7.60250000e-09  1.94998802e+00 
 7.60350000e-09  1.08803296e+00  7.60350000e-09  1.94999883e+00  7.60350000e-09  1.94999601e+00 
 7.60450000e-09  1.03632399e+00  7.60450000e-09  1.94999874e+00  7.60450000e-09  1.94998821e+00 
 7.60550000e-09  9.84796237e-01  7.60550000e-09  1.94999885e+00  7.60550000e-09  1.94999382e+00 
 7.60650000e-09  9.33431573e-01  7.60650000e-09  1.94999877e+00  7.60650000e-09  1.94998886e+00 
 7.60750000e-09  8.82150299e-01  7.60750000e-09  1.94999886e+00  7.60750000e-09  1.94999643e+00 
 7.94150000e-09  5.61892394e-06  7.94150000e-09  1.15545757e+00  7.94150000e-09  1.94994387e+00 
 7.94250000e-09  5.46276764e-06  7.94250000e-09  1.10350640e+00  7.94250000e-09  1.94993961e+00 
 7.94350000e-09  5.27474415e-06  7.94350000e-09  1.05079400e+00  7.94350000e-09  1.94993934e+00 
 7.94450000e-09  5.12561451e-06  7.94450000e-09  9.97291854e-01  7.94450000e-09  1.94994401e+00 
 7.94550000e-09  4.94510574e-06  7.94550000e-09  9.43031882e-01  7.94550000e-09  1.94995505e+00 
 7.94650000e-09  4.80617076e-06  7.94650000e-09  8.87999487e-01  7.94650000e-09  1.94997230e+00 
 8.18850000e-09  9.44501968e-01  8.18850000e-09  2.80845031e-06  8.18850000e-09  1.94999388e+00 
 8.18950000e-09  9.85248000e-01  8.18950000e-09  3.16114515e-06  8.18950000e-09  1.94999384e+00 
 8.19050000e-09  1.02550190e+00  8.19050000e-09  2.65831378e-06  8.19050000e-09  1.94999421e+00 
 8.19150000e-09  1.06532399e+00  8.19150000e-09  3.00818392e-06  8.19150000e-09  1.94999416e+00 
 8.19250000e-09  1.10480783e+00  8.19250000e-09  2.51856294e-06  8.19250000e-09  1.94999451e+00 
 8.19350000e-09  1.14408045e+00  8.19350000e-09  2.86540191e-06  8.19350000e-09  1.94999446e+00 
 8.41050000e-09  1.94993451e+00  8.41050000e-09  8.91569747e-01  8.41050000e-09  1.94987852e+00 
 8.41150000e-09  1.94993488e+00  8.41150000e-09  9.52727977e-01  8.41150000e-09  1.94977482e+00 
 8.41250000e-09  1.94993561e+00  8.41250000e-09  1.01298646e+00  8.41250000e-09  1.94966415e+00 
 8.41350000e-09  1.94993598e+00  8.41350000e-09  1.07233854e+00  8.41350000e-09  1.94956541e+00 
 8.41450000e-09  1.94993666e+00  8.41450000e-09  1.13092514e+00  8.41450000e-09  1.94946377e+00 
 8.41550000e-09  1.94993701e+00  8.41550000e-09  1.18911173e+00  8.41550000e-09  1.94934525e+00 
 8.54450000e-09  1.94996795e+00  8.54450000e-09  1.94995654e+00  8.54450000e-09  1.19537060e+00 
 8.54550000e-09  1.94996803e+00  8.54550000e-09  1.94998401e+00  8.54550000e-09  1.13784217e+00 
 8.54650000e-09  1.94996818e+00  8.54650000e-09  1.95000997e+00  8.54650000e-09  1.08022734e+00 
 8.54750000e-09  1.94996829e+00  8.54750000e-09  1.95003705e+00  8.54750000e-09  1.02230545e+00 
 8.54850000e-09  1.94996846e+00  8.54850000e-09  1.95005729e+00  8.54850000e-09  9.63975399e-01 
 8.54950000e-09  1.94996856e+00  8.54950000e-09  1.95007399e+00  8.54950000e-09  9.05049763e-01 
 8.72450000e-09  1.14261116e+00  8.72450000e-09  1.94999861e+00  8.72450000e-09  7.25904652e-05 
 8.72550000e-09  1.09059421e+00  8.72550000e-09  1.94999881e+00  8.72550000e-09  7.67170037e-05 
 8.72650000e-09  1.03887387e+00  8.72650000e-09  1.94999864e+00  8.72650000e-09  6.81805598e-05 
 8.72750000e-09  9.87338690e-01  8.72750000e-09  1.94999883e+00  8.72750000e-09  7.24085266e-05 
 8.72850000e-09  9.35968430e-01  8.72850000e-09  1.94999865e+00  8.72850000e-09  6.35328319e-05 
 8.72950000e-09  8.84683505e-01  8.72950000e-09  1.94999884e+00  8.72950000e-09  6.77416901e-05 
 9.06350000e-09  5.62602238e-06  9.06350000e-09  1.15808169e+00  9.06350000e-09 -2.37471312e-06 
 9.06450000e-09  5.47450288e-06  9.06450000e-09  1.10616938e+00  9.06450000e-09 -2.35639597e-06 
 9.06550000e-09  5.28073701e-06  9.06550000e-09  1.05349393e+00  9.06550000e-09 -7.43030354e-08 
 9.06650000e-09  5.13633740e-06  9.06650000e-09  1.00003070e+00  9.06650000e-09  1.08809154e-06 
 9.06750000e-09  4.95032004e-06  9.06750000e-09  9.45807866e-01  9.06750000e-09  3.99906991e-06 
 9.06850000e-09  4.81607962e-06  9.06850000e-09  8.90814049e-01  9.06850000e-09  5.91172203e-06 
 9.31050000e-09  9.43725752e-01  9.31050000e-09  5.32334540e-06  9.31050000e-09  2.03297237e-07 
 9.31150000e-09  9.84481468e-01  9.31150000e-09  5.64697468e-06  9.31150000e-09  1.26791148e-06 
 9.31250000e-09  1.02474421e+00  9.31250000e-09  5.04193214e-06  9.31250000e-09  1.74664235e-07 
 9.31350000e-09  1.06457371e+00  9.31350000e-09  5.36594059e-06  9.31350000e-09  1.24058200e-06 
 9.31450000e-09  1.10406289e+00  9.31450000e-09  4.77781320e-06  9.31450000e-09  1.91846765e-07 
 9.31550000e-09  1.14333817e+00  9.31550000e-09  5.10139376e-06  9.31550000e-09  1.25205919e-06 
 9.53250000e-09  1.94993452e+00  9.53250000e-09  8.89271333e-01  9.53250000e-09 -9.65009501e-05 
 9.53350000e-09  1.94993487e+00  9.53350000e-09  9.50629282e-01  9.53350000e-09 -1.17911393e-04 
 9.53450000e-09  1.94993563e+00  9.53450000e-09  1.01117983e+00  9.53450000e-09 -1.33057763e-04 
 9.53550000e-09  1.94993595e+00  9.53550000e-09  1.07091251e+00  9.53550000e-09 -1.40298634e-04 
 9.53650000e-09  1.94993667e+00  9.53650000e-09  1.12993309e+00  9.53650000e-09 -1.54801440e-04 
 9.53750000e-09  1.94993696e+00  9.53750000e-09  1.18848093e+00  9.53750000e-09 -1.68866158e-04 
 9.65250000e-09  1.94996620e+00  9.65250000e-09  1.94992139e+00  9.65250000e-09  8.69962536e-01 
 9.65350000e-09  1.94996628e+00  9.65350000e-09  1.94992799e+00  9.65350000e-09  9.30803786e-01 
 9.65450000e-09  1.94996646e+00  9.65450000e-09  1.94993451e+00  9.65450000e-09  9.90575600e-01 
 9.65550000e-09  1.94996654e+00  9.65550000e-09  1.94994017e+00  9.65550000e-09  1.05115499e+00 
 9.65650000e-09  1.94996673e+00  9.65650000e-09  1.94994763e+00  9.65650000e-09  1.11648845e+00 
 9.65750000e-09  1.94996681e+00  9.65750000e-09  1.94994312e+00  9.65750000e-09  1.18920013e+00 
 9.84650000e-09  1.14348096e+00  9.84650000e-09  1.94999874e+00  9.84650000e-09  1.94998937e+00 
 9.84750000e-09  1.09145866e+00  9.84750000e-09  1.94999880e+00  9.84750000e-09  1.94999627e+00 
 9.84850000e-09  1.03973332e+00  9.84850000e-09  1.94999876e+00  9.84850000e-09  1.94998955e+00 
 9.84950000e-09  9.88195051e-01  9.84950000e-09  1.94999882e+00  9.84950000e-09  1.94999433e+00 
 9.85050000e-09  9.36821867e-01  9.85050000e-09  1.94999879e+00  9.85050000e-09  1.94999012e+00 
 9.85150000e-09  8.85535499e-01  9.85150000e-09  1.94999884e+00  9.85150000e-09  1.94999661e+00 
 1.01855000e-08  5.64424223e-06  1.01855000e-08  1.15867679e+00  1.01855000e-08  1.94994418e+00 
 1.01865000e-08  5.48853424e-06  1.01865000e-08  1.10677538e+00  1.01865000e-08  1.94993982e+00 
 1.01875000e-08  5.28850825e-06  1.01875000e-08  1.05411027e+00  1.01875000e-08  1.94993919e+00 
 1.01885000e-08  5.14283628e-06  1.01885000e-08  1.00065767e+00  1.01885000e-08  1.94994358e+00 
 1.01895000e-08  4.95259691e-06  1.01895000e-08  9.46444533e-01  1.01895000e-08  1.94995415e+00 
 1.01905000e-08  4.81853316e-06  1.01905000e-08  8.91460212e-01  1.01905000e-08  1.94997107e+00 
 1.04325000e-08  9.43020671e-01  1.04325000e-08  2.83576872e-06  1.04325000e-08  1.94999396e+00 
 1.04335000e-08  9.83785161e-01  1.04335000e-08  3.14391609e-06  1.04335000e-08  1.94999374e+00 
 1.04345000e-08  1.02405603e+00  1.04345000e-08  2.68492282e-06  1.04345000e-08  1.94999429e+00 
 1.04355000e-08  1.06389224e+00  1.04355000e-08  2.99097498e-06  1.04355000e-08  1.94999406e+00 
 1.04365000e-08  1.10338637e+00  1.04365000e-08  2.54450060e-06  1.04365000e-08  1.94999459e+00 
 1.04375000e-08  1.14266408e+00  1.04375000e-08  2.84823095e-06  1.04375000e-08  1.94999436e+00 
 1.06545000e-08  1.94993453e+00  1.06545000e-08  8.89395624e-01  1.06545000e-08  1.94988191e+00 
 1.06555000e-08  1.94993482e+00  1.06555000e-08  9.50585149e-01  1.06555000e-08  1.94977869e+00 
 1.06565000e-08  1.94993563e+00  1.06565000e-08  1.01087568e+00  1.06565000e-08  1.94966811e+00 
 1.06575000e-08  1.94993591e+00  1.06575000e-08  1.07025860e+00  1.06575000e-08  1.94956877e+00 
 1.06585000e-08  1.94993668e+00  1.06585000e-08  1.12886758e+00  1.06585000e-08  1.94946754e+00 
 1.06595000e-08  1.94993694e+00  1.06595000e-08  1.18705717e+00  1.06595000e-08  1.94934966e+00 
 1.07885000e-08  1.94996795e+00  1.07885000e-08  1.94995567e+00  1.07885000e-08  1.19738656e+00 
 1.07895000e-08  1.94996801e+00  1.07895000e-08  1.94998304e+00  1.07895000e-08  1.13985826e+00 
 1.07905000e-08  1.94996819e+00  1.07905000e-08  1.95000902e+00  1.07905000e-08  1.08225157e+00 
 1.07915000e-08  1.94996827e+00  1.07915000e-08  1.95003617e+00  1.07915000e-08  1.02434077e+00 
 1.07925000e-08  1.94996846e+00  1.07925000e-08  1.95005669e+00  1.07925000e-08  9.66029758e-01 
 1.07935000e-08  1.94996854e+00  1.07935000e-08  1.95007348e+00  1.07935000e-08  9.07124621e-01 
 1.09685000e-08  1.14390432e+00  1.09685000e-08  1.94999863e+00  1.09685000e-08  7.31973157e-05 
 1.09695000e-08  1.09187973e+00  1.09695000e-08  1.94999879e+00  1.09695000e-08  7.62881102e-05 
 1.09705000e-08  1.04015224e+00  1.09705000e-08  1.94999865e+00  1.09705000e-08  6.87440537e-05 
 1.09715000e-08  9.88612752e-01  1.09715000e-08  1.94999881e+00  1.09715000e-08  7.19369103e-05 
 1.09725000e-08  9.37238410e-01  1.09725000e-08  1.94999867e+00  1.09725000e-08  6.40971449e-05 
 1.09735000e-08  8.85951283e-01  1.09735000e-08  1.94999882e+00  1.09735000e-08  6.72886067e-05 
 1.13075000e-08  5.64844712e-06  1.13075000e-08  1.15924804e+00  1.13075000e-08 -2.46782798e-06 
 1.13085000e-08  5.49278982e-06  1.13085000e-08  1.10735377e+00  1.13085000e-08 -2.30457877e-06 
 1.13095000e-08  5.29112768e-06  1.13095000e-08  1.05469547e+00  1.13095000e-08 -1.96528716e-07 
 1.13105000e-08  5.14595727e-06  1.13105000e-08  1.00125020e+00  1.13105000e-08  1.11140674e-06 
 1.13115000e-08  4.95430894e-06  1.13115000e-08  9.47044341e-01  1.13115000e-08  3.87678803e-06 
 1.13125000e-08  4.82087468e-06  1.13125000e-08  8.92067953e-01  1.13125000e-08  5.92144685e-06 
 1.15545000e-08  9.42475040e-01  1.15545000e-08  5.32622874e-06  1.15545000e-08  2.21612225e-07 
 1.15555000e-08  9.83246261e-01  1.15555000e-08  5.65074204e-06  1.15555000e-08  1.23734551e-06 
 1.15565000e-08  1.02352350e+00  1.15565000e-08  5.04458517e-06  1.15565000e-08  1.93032879e-07 
 1.15575000e-08  1.06336485e+00  1.15575000e-08  5.36950553e-06  1.15575000e-08  1.21006798e-06 
 1.15585000e-08  1.10286291e+00  1.15585000e-08  4.78022957e-06  1.15585000e-08  2.08239303e-07 
 1.15595000e-08  1.14214244e+00  1.15595000e-08  5.10476201e-06  1.15595000e-08  1.21989206e-06 
 1.17765000e-08  1.94993455e+00  1.17765000e-08  8.87415777e-01  1.17765000e-08 -9.56433453e-05 
 1.17775000e-08  1.94993481e+00  1.17775000e-08  9.48797667e-01  1.17775000e-08 -1.17406292e-04 
 1.17785000e-08  1.94993565e+00  1.17785000e-08  1.00937283e+00  1.17785000e-08 -1.32665088e-04 
 1.17795000e-08  1.94993589e+00  1.17795000e-08  1.06912930e+00  1.17795000e-08 -1.40077023e-04 
 1.17805000e-08  1.94993669e+00  1.17805000e-08  1.12816840e+00  1.17805000e-08 -1.54356229e-04 
 1.17815000e-08  1.94993691e+00  1.17815000e-08  1.18672496e+00  1.17815000e-08 -1.68371282e-04 
 1.18965000e-08  1.94996621e+00  1.18965000e-08  1.94992125e+00  1.18965000e-08  8.68082952e-01 
 1.18975000e-08  1.94996627e+00  1.18975000e-08  1.94992776e+00  1.18975000e-08  9.28969353e-01 
 1.18985000e-08  1.94996647e+00  1.18985000e-08  1.94993434e+00  1.18985000e-08  9.88758194e-01 
 1.18995000e-08  1.94996653e+00  1.18995000e-08  1.94994002e+00  1.18995000e-08  1.04924621e+00 
 1.19005000e-08  1.94996673e+00  1.19005000e-08  1.94994749e+00  1.19005000e-08  1.11437320e+00 
 1.19015000e-08  1.94996680e+00  1.19015000e-08  1.94994318e+00  1.19015000e-08  1.18695403e+00 
 1.20905000e-08  1.14495854e+00  1.20905000e-08  1.94999876e+00  1.20905000e-08  1.94999015e+00 
 1.20915000e-08  1.09292788e+00  1.20915000e-08  1.94999880e+00  1.20915000e-08  1.94999647e+00 
 1.20925000e-08  1.04119471e+00  1.20925000e-08  1.94999877e+00  1.20925000e-08  1.94999021e+00 
 1.20935000e-08  9.89651866e-01  1.20935000e-08  1.94999882e+00  1.20935000e-08  1.94999459e+00 
 1.20945000e-08  9.38274361e-01  1.20945000e-08  1.94999880e+00  1.20945000e-08  1.94999071e+00 
 1.20955000e-08  8.86985814e-01  1.20955000e-08  1.94999883e+00  1.20955000e-08  1.94999671e+00 
 1.24295000e-08  5.64810554e-06  1.24295000e-08  1.16019006e+00  1.24295000e-08  1.94994432e+00 
 1.24305000e-08  5.49610635e-06  1.24305000e-08  1.10831207e+00  1.24305000e-08  1.94993992e+00 
 1.24315000e-08  5.29231370e-06  1.24315000e-08  1.05566924e+00  1.24315000e-08  1.94993912e+00 
 1.24325000e-08  5.15013067e-06  1.24325000e-08  1.00223995e+00  1.24325000e-08  1.94994339e+00 
 1.24335000e-08  4.95609760e-06  1.24335000e-08  9.48048883e-01  1.24335000e-08  1.94995373e+00 
 1.24345000e-08  4.82528102e-06  1.24345000e-08  8.93087207e-01  1.24345000e-08  1.94997050e+00 
 1.26765000e-08  9.41024453e-01  1.26765000e-08  2.85337901e-06  1.26765000e-08  1.94999400e+00 
 1.26775000e-08  9.81813598e-01  1.26775000e-08  3.13074424e-06  1.26775000e-08  1.94999369e+00 
 1.26785000e-08  1.02210781e+00  1.26785000e-08  2.70211650e-06  1.26785000e-08  1.94999432e+00 
 1.26795000e-08  1.06196291e+00  1.26795000e-08  2.97792404e-06  1.26795000e-08  1.94999401e+00 
 1.26805000e-08  1.10147149e+00  1.26805000e-08  2.56129536e-06  1.26805000e-08  1.94999463e+00 
 1.26815000e-08  1.14075602e+00  1.26815000e-08  2.83530426e-06  1.26815000e-08  1.94999432e+00 
 1.28985000e-08  1.94993458e+00  1.28985000e-08  8.86395871e-01  1.28985000e-08  1.94988655e+00 
 1.28995000e-08  1.94993475e+00  1.28995000e-08  9.47630844e-01  1.28995000e-08  1.94978399e+00 
 1.29005000e-08  1.94993566e+00  1.29005000e-08  1.00796784e+00  1.29005000e-08  1.94967351e+00 
 1.29015000e-08  1.94993582e+00  1.29015000e-08  1.06739346e+00  1.29015000e-08  1.94957313e+00 
 1.29025000e-08  1.94993671e+00  1.29025000e-08  1.12603419e+00  1.29025000e-08  1.94947282e+00 
 1.29035000e-08  1.94993687e+00  1.29035000e-08  1.18422992e+00  1.29035000e-08  1.94935587e+00 
 1.30335000e-08  1.94996799e+00  1.30335000e-08  1.94998170e+00  1.30335000e-08  1.14265684e+00 
 1.30345000e-08  1.94996820e+00  1.30345000e-08  1.95000769e+00  1.30345000e-08  1.08506110e+00 
 1.30355000e-08  1.94996825e+00  1.30355000e-08  1.95003493e+00  1.30355000e-08  1.02716551e+00 
 1.30365000e-08  1.94996847e+00  1.30365000e-08  1.95005584e+00  1.30365000e-08  9.68880604e-01 
 1.30375000e-08  1.94996852e+00  1.30375000e-08  1.95007277e+00  1.30375000e-08  9.10003839e-01 
 1.30385000e-08  1.94996875e+00  1.30385000e-08  1.95008317e+00  1.30385000e-08  8.50502873e-01 
 1.32125000e-08  1.14710994e+00  1.32125000e-08  1.94999865e+00  1.32125000e-08  7.40153825e-05 
 1.32135000e-08  1.09506740e+00  1.32135000e-08  1.94999877e+00  1.32135000e-08  7.59633253e-05 
 1.32145000e-08  1.04332305e+00  1.32145000e-08  1.94999867e+00  1.32145000e-08  6.92777988e-05 
 1.32155000e-08  9.91773761e-01  1.32155000e-08  1.94999879e+00  1.32155000e-08  7.12579632e-05 
 1.32165000e-08  9.40390169e-01  1.32165000e-08  1.94999869e+00  1.32165000e-08  6.46598158e-05 
 1.32175000e-08  8.89098660e-01  1.32175000e-08  1.94999880e+00  1.32175000e-08  6.67192403e-05 
 1.35515000e-08  5.64032351e-06  1.35515000e-08  1.16215969e+00  1.35515000e-08 -2.59323863e-06 
 1.35525000e-08  5.48153524e-06  1.35525000e-08  1.11031047e+00  1.35525000e-08 -2.27112259e-06 
 1.35535000e-08  5.27912813e-06  1.35535000e-08  1.05769499e+00  1.35535000e-08 -3.96764787e-07 
 1.35545000e-08  5.14666958e-06  1.35545000e-08  1.00429456e+00  1.35545000e-08  1.08324841e-06 
 1.35555000e-08  4.95102963e-06  1.35555000e-08  9.50131125e-01  1.35555000e-08  3.66229953e-06 
 1.35565000e-08  4.82745289e-06  1.35565000e-08  8.95198279e-01  1.35565000e-08  5.85636753e-06 
 1.37985000e-08  9.39381913e-01  1.37985000e-08  5.34911307e-06  1.37985000e-08  2.73981184e-07 
 1.37995000e-08  9.80191437e-01  1.37995000e-08  5.64496750e-06  1.37995000e-08  1.15441718e-06 
 1.38005000e-08  1.02050495e+00  1.38005000e-08  5.06678617e-06  1.38005000e-08  2.67415675e-07 
 1.38015000e-08  1.06037578e+00  1.38015000e-08  5.36337765e-06  1.38015000e-08  1.15188609e-06 
 1.38025000e-08  1.09989646e+00  1.38025000e-08  4.80044351e-06  1.38025000e-08  2.22039851e-07 
 1.38035000e-08  1.13918687e+00  1.38035000e-08  5.09794810e-06  1.38035000e-08  1.08772939e-06 
 1.40205000e-08  1.94993459e+00  1.40205000e-08  8.82785692e-01  1.40205000e-08 -9.34360309e-05 
 1.40215000e-08  1.94993466e+00  1.40215000e-08  9.44225594e-01  1.40215000e-08 -1.16095044e-04 
 1.40225000e-08  1.94993569e+00  1.40225000e-08  1.00486207e+00  1.40225000e-08 -1.31681267e-04 
 1.40235000e-08  1.94993576e+00  1.40235000e-08  1.06467811e+00  1.40235000e-08 -1.39534575e-04 
 1.40245000e-08  1.94993675e+00  1.40245000e-08  1.12376420e+00  1.40245000e-08 -1.53263862e-04 
 1.40255000e-08  1.94993680e+00  1.40255000e-08  1.18234420e+00  1.40255000e-08 -1.67169028e-04 
 1.41405000e-08  1.94996623e+00  1.41405000e-08  1.94992091e+00  1.41405000e-08  8.63433369e-01 
 1.41415000e-08  1.94996623e+00  1.41415000e-08  1.94992718e+00  1.41415000e-08  9.24434655e-01 
 1.41425000e-08  1.94996648e+00  1.41425000e-08  1.94993394e+00  1.41425000e-08  9.84272068e-01 
 1.41435000e-08  1.94996649e+00  1.41435000e-08  1.94993964e+00  1.41435000e-08  1.04456291e+00 
 1.41445000e-08  1.94996675e+00  1.41445000e-08  1.94994711e+00  1.41445000e-08  1.10919521e+00 
 1.41455000e-08  1.94996676e+00  1.41455000e-08  1.94994339e+00  1.41455000e-08  1.18140786e+00 
 1.43345000e-08  1.14910333e+00  1.43345000e-08  1.94999877e+00  1.43345000e-08  1.94999221e+00 
 1.43355000e-08  1.09704975e+00  1.43355000e-08  1.94999878e+00  1.43355000e-08  1.94999569e+00 
 1.43365000e-08  1.04529498e+00  1.43365000e-08  1.94999880e+00  1.43365000e-08  1.94999256e+00 
 1.43375000e-08  9.93739658e-01  1.43375000e-08  1.94999879e+00  1.43375000e-08  1.94999733e+00 
 1.43385000e-08  9.42350398e-01  1.43385000e-08  1.94999881e+00  1.43385000e-08  1.94999244e+00 
 1.43395000e-08  8.91056134e-01  1.43395000e-08  1.94999881e+00  1.43395000e-08  1.94999575e+00 
 1.46735000e-08  5.65759378e-06  1.46735000e-08  1.16413881e+00  1.46735000e-08  1.94994471e+00 
 1.46745000e-08  5.51284460e-06  1.46745000e-08  1.11232195e+00  1.46745000e-08  1.94994019e+00 
 1.46755000e-08  5.29915730e-06  1.46755000e-08  1.05973729e+00  1.46755000e-08  1.94993899e+00 
 1.46765000e-08  5.16463864e-06  1.46765000e-08  1.00636888e+00  1.46765000e-08  1.94994289e+00 
 1.46775000e-08  4.96135206e-06  1.46775000e-08  9.52235492e-01  1.46775000e-08  1.94995268e+00 
 1.46785000e-08  4.83821960e-06  1.46785000e-08  8.97332984e-01  1.46785000e-08  1.94996902e+00 
 1.49205000e-08  9.37554673e-01  1.49205000e-08  2.89538949e-06  1.49205000e-08  1.94999402e+00 
 1.49215000e-08  9.78387184e-01  1.49215000e-08  3.10102885e-06  1.49215000e-08  1.94999364e+00 
 1.49225000e-08  1.01872197e+00  1.49225000e-08  2.74306199e-06  1.49225000e-08  1.94999435e+00 
 1.49235000e-08  1.05861069e+00  1.49235000e-08  2.94843788e-06  1.49235000e-08  1.94999397e+00 
 1.49245000e-08  1.09814476e+00  1.49245000e-08  2.60123167e-06  1.49245000e-08  1.94999465e+00 
 1.49255000e-08  1.13744225e+00  1.49255000e-08  2.80606420e-06  1.49255000e-08  1.94999427e+00 
 1.51425000e-08  1.94993464e+00  1.51425000e-08  8.81161228e-01  1.51425000e-08  1.94989455e+00 
 1.51435000e-08  1.94993460e+00  1.51435000e-08  9.42471014e-01  1.51435000e-08  1.94979331e+00 
 1.51445000e-08  1.94993573e+00  1.51445000e-08  1.00288508e+00  1.51445000e-08  1.94968306e+00 
 1.51455000e-08  1.94993568e+00  1.51455000e-08  1.06238575e+00  1.51455000e-08  1.94958069e+00 
 1.51465000e-08  1.94993678e+00  1.51465000e-08  1.12108366e+00  1.51465000e-08  1.94948209e+00 
 1.51475000e-08  1.94993673e+00  1.51475000e-08  1.17931320e+00  1.51475000e-08  1.94936645e+00 
 1.52775000e-08  1.94996795e+00  1.52775000e-08  1.94997919e+00  1.52775000e-08  1.14746595e+00 
 1.52785000e-08  1.94996822e+00  1.52785000e-08  1.95000535e+00  1.52785000e-08  1.08988725e+00 
 1.52795000e-08  1.94996821e+00  1.52795000e-08  1.95003284e+00  1.52795000e-08  1.03201601e+00 
 1.52805000e-08  1.94996849e+00  1.52805000e-08  1.95005446e+00  1.52805000e-08  9.73773333e-01 
 1.52815000e-08  1.94996848e+00  1.52815000e-08  1.95007162e+00  1.52815000e-08  9.14942919e-01 
 1.52825000e-08  1.94996876e+00  1.52825000e-08  1.95008264e+00  1.52825000e-08  8.55499450e-01 
 1.54565000e-08  1.15151101e+00  1.54565000e-08  1.94999869e+00  1.54565000e-08  7.47250560e-05 
 1.54575000e-08  1.09944402e+00  1.54575000e-08  1.94999873e+00  1.54575000e-08  7.52088258e-05 
 1.54585000e-08  1.04767654e+00  1.54585000e-08  1.94999870e+00  1.54585000e-08  6.98944904e-05 
 1.54595000e-08  9.96113831e-01  1.54595000e-08  1.94999875e+00  1.54595000e-08  7.04762382e-05 
 1.54605000e-08  9.44717658e-01  1.54605000e-08  1.94999872e+00  1.54605000e-08  6.55967011e-05 
 1.54615000e-08  8.93420024e-01  1.54615000e-08  1.94999877e+00  1.54615000e-08  6.62830490e-05 
 1.57955000e-08  5.65633280e-06  1.57955000e-08  1.16656356e+00  1.57955000e-08 -2.77184156e-06 
 1.57965000e-08  5.50523914e-06  1.57965000e-08  1.11478256e+00  1.57965000e-08 -2.22552807e-06 
 1.57975000e-08  5.30421634e-06  1.57975000e-08  1.06223196e+00  1.57975000e-08 -6.88180922e-07 
 1.57985000e-08  5.16151085e-06  1.57985000e-08  1.00889945e+00  1.57985000e-08  1.03420422e-06 
 1.57995000e-08  4.96950332e-06  1.57995000e-08  9.54800382e-01  1.57995000e-08  3.34668990e-06 
 1.58005000e-08  4.83728598e-06  1.58005000e-08  8.99933585e-01  1.58005000e-08  5.74846942e-06 
 1.60425000e-08  9.35582487e-01  1.60425000e-08  5.39153921e-06  1.60425000e-08  3.34435062e-07 
 1.60435000e-08  9.76440081e-01  1.60435000e-08  5.62840895e-06  1.60435000e-08  1.01602587e-06 
 1.60445000e-08  1.01679767e+00  1.60445000e-08  5.10739180e-06  1.60445000e-08  3.48243915e-07 
 1.60455000e-08  1.05670609e+00  1.60455000e-08  5.34636126e-06  1.60455000e-08  1.01784323e-06 
 1.60465000e-08  1.09625461e+00  1.60465000e-08  4.83988052e-06  1.60465000e-08  3.07202236e-07 
 1.60475000e-08  1.13556021e+00  1.60475000e-08  5.08077215e-06  1.60475000e-08  9.59889061e-07 
 1.62645000e-08  1.94993466e+00  1.62645000e-08  8.77024594e-01  1.62645000e-08 -9.06434609e-05 
 1.62655000e-08  1.94993451e+00  1.62655000e-08  9.38537955e-01  1.62655000e-08 -1.14448387e-04 
 1.62665000e-08  1.94993574e+00  1.62665000e-08  9.99250626e-01  1.62665000e-08 -1.30411946e-04 
 1.62675000e-08  1.94993558e+00  1.62675000e-08  1.05914494e+00  1.62675000e-08 -1.38931512e-04 
 1.62685000e-08  1.94993679e+00  1.62685000e-08  1.11829475e+00  1.62685000e-08 -1.51962575e-04 
 1.62695000e-08  1.94993664e+00  1.62695000e-08  1.17691932e+00  1.62695000e-08 -1.65900276e-04 
 1.63845000e-08  1.94996625e+00  1.63845000e-08  1.94992049e+00  1.63845000e-08  8.57726519e-01 
 1.63855000e-08  1.94996618e+00  1.63855000e-08  1.94992646e+00  1.63855000e-08  9.18872061e-01 
 1.63865000e-08  1.94996650e+00  1.63865000e-08  1.94993342e+00  1.63865000e-08  9.78778508e-01 
 1.63875000e-08  1.94996644e+00  1.63875000e-08  1.94993913e+00  1.63875000e-08  1.03887527e+00 
 1.63885000e-08  1.94996676e+00  1.63885000e-08  1.94994656e+00  1.63885000e-08  1.10293909e+00 
 1.63895000e-08  1.94996671e+00  1.63895000e-08  1.94994377e+00  1.63895000e-08  1.17461175e+00 
 1.65785000e-08  1.15386547e+00  1.65785000e-08  1.94999879e+00  1.65785000e-08  1.94999407e+00 
 1.65795000e-08  1.10178528e+00  1.65795000e-08  1.94999876e+00  1.65795000e-08  1.94999614e+00 
 1.65805000e-08  1.05000525e+00  1.65805000e-08  1.94999881e+00  1.65805000e-08  1.94999436e+00 
 1.65815000e-08  9.98435198e-01  1.65815000e-08  1.94999878e+00  1.65815000e-08  1.94999740e+00 
 1.65825000e-08  9.47032187e-01  1.65825000e-08  1.94999882e+00  1.65825000e-08  1.94999428e+00 
 1.65835000e-08  8.95731213e-01  1.65835000e-08  1.94999880e+00  1.65835000e-08  1.94999624e+00 
 1.68825000e-08  1.79386220e-05  1.68825000e-08  2.00595893e+00  1.68825000e-08  1.94999890e+00 
 1.69175000e-08  5.68278709e-06  1.69175000e-08  1.16880669e+00  1.69175000e-08  1.94994519e+00 
 1.69185000e-08  5.51724586e-06  1.69185000e-08  1.11706218e+00  1.69185000e-08  1.94994054e+00 
 1.69195000e-08  5.32176208e-06  1.69195000e-08  1.06454634e+00  1.69195000e-08  1.94993885e+00 
 1.69205000e-08  5.16710218e-06  1.69205000e-08  1.01124997e+00  1.69205000e-08  1.94994235e+00 
 1.69215000e-08  4.98217043e-06  1.69215000e-08  9.57184925e-01  1.69215000e-08  1.94995147e+00 
 1.69225000e-08  4.83917878e-06  1.69225000e-08  9.02352558e-01  1.69225000e-08  1.94996732e+00 
 1.71645000e-08  9.33641406e-01  1.71645000e-08  2.94063525e-06  1.71645000e-08  1.94999399e+00 
 1.71655000e-08  9.74523761e-01  1.71655000e-08  3.07048644e-06  1.71655000e-08  1.94999365e+00 
 1.71665000e-08  1.01490393e+00  1.71665000e-08  2.78710792e-06  1.71665000e-08  1.94999431e+00 
 1.71675000e-08  1.05483190e+00  1.71675000e-08  2.91811005e-06  1.71675000e-08  1.94999397e+00 
 1.71685000e-08  1.09439619e+00  1.71685000e-08  2.64413779e-06  1.71685000e-08  1.94999462e+00 
 1.71695000e-08  1.13371140e+00  1.71695000e-08  2.77596623e-06  1.71695000e-08  1.94999428e+00 
 1.73865000e-08  1.94993470e+00  1.73865000e-08  8.75261875e-01  1.73865000e-08  1.94989450e+00 
 1.73875000e-08  1.94993446e+00  1.73875000e-08  9.36653205e-01  1.73875000e-08  1.94979664e+00 
 1.73885000e-08  1.94993579e+00  1.73885000e-08  9.97151809e-01  1.73885000e-08  1.94968792e+00 
 1.73895000e-08  1.94993554e+00  1.73895000e-08  1.05674182e+00  1.73895000e-08  1.94958423e+00 
 1.73905000e-08  1.94993683e+00  1.73905000e-08  1.11551049e+00  1.73905000e-08  1.94948833e+00 
 1.73915000e-08  1.94993659e+00  1.73915000e-08  1.17374465e+00  1.73915000e-08  1.94937542e+00 
 1.75215000e-08  1.94996791e+00  1.75215000e-08  1.94997650e+00  1.75215000e-08  1.15307041e+00 
 1.75225000e-08  1.94996823e+00  1.75225000e-08  1.95000265e+00  1.75225000e-08  1.09550511e+00 
 1.75235000e-08  1.94996817e+00  1.75235000e-08  1.95003030e+00  1.75235000e-08  1.03766725e+00 
 1.75245000e-08  1.94996850e+00  1.75245000e-08  1.95005270e+00  1.75245000e-08  9.79469333e-01 
 1.75255000e-08  1.94996845e+00  1.75255000e-08  1.95007011e+00  1.75255000e-08  9.20698992e-01 
 1.75265000e-08  1.94996877e+00  1.75265000e-08  1.95008188e+00  1.75265000e-08  8.61320104e-01 
 1.76735000e-08  2.05291453e+00  1.76735000e-08  1.94999832e+00  1.76735000e-08  1.84134713e-04 
 1.77005000e-08  1.15628439e+00  1.77005000e-08  1.94999872e+00  1.77005000e-08  7.54621157e-05 
 1.77015000e-08  1.10419053e+00  1.77015000e-08  1.94999869e+00  1.77015000e-08  7.49398873e-05 
 1.77025000e-08  1.05239746e+00  1.77025000e-08  1.94999873e+00  1.77025000e-08  7.06966062e-05 
 1.77035000e-08  1.00081973e+00  1.77035000e-08  1.94999871e+00  1.77035000e-08  7.02791450e-05 
 1.77045000e-08  9.49409594e-01  1.77045000e-08  1.94999875e+00  1.77045000e-08  6.62298502e-05 
 1.77055000e-08  8.98105128e-01  1.77055000e-08  1.94999873e+00  1.77055000e-08  6.59087177e-05 
 1.80395000e-08  5.69642342e-06  1.80395000e-08  1.17102522e+00  1.80395000e-08 -2.93534474e-06 
 1.80405000e-08  5.52082151e-06  1.80405000e-08  1.11931344e+00  1.80405000e-08 -2.18309643e-06 
 1.80415000e-08  5.33474528e-06  1.80415000e-08  1.06682865e+00  1.80415000e-08 -9.65946737e-07 
 1.80425000e-08  5.17011514e-06  1.80425000e-08  1.01356505e+00  1.80425000e-08  9.78562107e-07 
 1.80435000e-08  4.99457077e-06  1.80435000e-08  9.59531337e-01  1.80435000e-08  3.03826014e-06 
 1.80445000e-08  4.84165378e-06  1.80445000e-08  9.04731640e-01  1.80445000e-08  5.63207370e-06 
 1.82865000e-08  9.31820479e-01  1.82865000e-08  5.43696643e-06  1.82865000e-08  4.22108900e-07 
 1.82875000e-08  9.72726125e-01  1.82875000e-08  5.60860259e-06  1.82875000e-08  8.71577736e-07 
 1.82885000e-08  1.01312756e+00  1.82885000e-08  5.15137611e-06  1.82885000e-08  4.16574829e-07 
 1.82895000e-08  1.05307404e+00  1.82895000e-08  5.32621073e-06  1.82895000e-08  8.61107354e-07 
 1.82905000e-08  1.09265214e+00  1.82905000e-08  4.88292035e-06  1.82905000e-08  3.82034273e-07 
 1.82915000e-08  1.13197541e+00  1.82915000e-08  5.06059758e-06  1.82915000e-08  8.16719462e-07 
 1.85085000e-08  1.94993469e+00  1.85085000e-08  8.71347955e-01  1.85085000e-08 -8.78295314e-05 
 1.85095000e-08  1.94993442e+00  1.85095000e-08  9.32932786e-01  1.85095000e-08 -1.12763586e-04 
 1.85105000e-08  1.94993578e+00  1.85105000e-08  9.93717759e-01  1.85105000e-08 -1.29063192e-04 
 1.85115000e-08  1.94993550e+00  1.85115000e-08  1.05368383e+00  1.85115000e-08 -1.38210342e-04 
 1.85125000e-08  1.94993683e+00  1.85125000e-08  1.11289455e+00  1.85125000e-08 -1.50659201e-04 
 1.85135000e-08  1.94993655e+00  1.85135000e-08  1.17154315e+00  1.85135000e-08 -1.64340731e-04 
 1.86285000e-08  1.94996626e+00  1.86285000e-08  1.94992022e+00  1.86285000e-08  8.52051465e-01 
 1.86295000e-08  1.94996614e+00  1.86295000e-08  1.94992574e+00  1.86295000e-08  9.13343970e-01 
 1.86305000e-08  1.94996651e+00  1.86305000e-08  1.94993293e+00  1.86305000e-08  9.73330401e-01 
 1.86315000e-08  1.94996640e+00  1.86315000e-08  1.94993858e+00  1.86315000e-08  1.03328091e+00 
 1.86325000e-08  1.94996677e+00  1.86325000e-08  1.94994596e+00  1.86325000e-08  1.09682988e+00 
 1.86335000e-08  1.94996667e+00  1.86335000e-08  1.94994427e+00  1.86335000e-08  1.16787808e+00 
 1.88225000e-08  1.15884936e+00  1.88225000e-08  1.94999880e+00  1.88225000e-08  1.94999749e+00 
 1.88235000e-08  1.10674092e+00  1.88235000e-08  1.94999874e+00  1.88235000e-08  1.94999823e+00 
 1.88245000e-08  1.05493386e+00  1.88245000e-08  1.94999883e+00  1.88245000e-08  1.94999746e+00 
 1.88255000e-08  1.00334784e+00  1.88255000e-08  1.94999876e+00  1.88255000e-08  1.94999860e+00 
 1.88265000e-08  9.51930049e-01  1.88265000e-08  1.94999884e+00  1.88265000e-08  1.94999779e+00 
 1.88275000e-08  9.00621821e-01  1.88275000e-08  1.94999878e+00  1.88275000e-08  1.94999892e+00 
 1.91615000e-08  5.71073159e-06  1.91615000e-08  1.17350720e+00  1.91615000e-08  1.94994572e+00 
 1.91625000e-08  5.52455089e-06  1.91625000e-08  1.12183565e+00  1.91625000e-08  1.94994088e+00 
 1.91635000e-08  5.34837934e-06  1.91635000e-08  1.06938923e+00  1.91635000e-08  1.94993881e+00 
 1.91645000e-08  5.17338410e-06  1.91645000e-08  1.01616555e+00  1.91645000e-08  1.94994181e+00 
 1.91655000e-08  5.00766156e-06  1.91655000e-08  9.62169507e-01  1.91655000e-08  1.94995035e+00 
 1.91665000e-08  4.84442426e-06  1.91665000e-08  9.07407983e-01  1.91665000e-08  1.94996562e+00 
 1.94085000e-08  9.29597608e-01  1.94085000e-08  2.98280956e-06  1.94085000e-08  1.94999393e+00 
 1.94095000e-08  9.70531775e-01  1.94095000e-08  3.04326665e-06  1.94095000e-08  1.94999368e+00 
 1.94105000e-08  1.01095930e+00  1.94105000e-08  2.82810594e-06  1.94105000e-08  1.94999425e+00 
 1.94115000e-08  1.05092858e+00  1.94115000e-08  2.89106416e-06  1.94115000e-08  1.94999400e+00 
 1.94125000e-08  1.09052381e+00  1.94125000e-08  2.68401268e-06  1.94125000e-08  1.94999456e+00 
 1.94135000e-08  1.12985729e+00  1.94135000e-08  2.74911354e-06  1.94135000e-08  1.94999431e+00 
 1.96305000e-08  1.94993467e+00  1.96305000e-08  8.69306146e-01  1.96305000e-08  1.94990731e+00 
 1.96315000e-08  1.94993439e+00  1.96315000e-08  9.30780994e-01  1.96315000e-08  1.94981017e+00 
 1.96325000e-08  1.94993576e+00  1.96325000e-08  9.91366788e-01  1.96325000e-08  1.94970118e+00 
 1.96335000e-08  1.94993547e+00  1.96335000e-08  1.05104333e+00  1.96335000e-08  1.94959489e+00 
 1.96345000e-08  1.94993680e+00  1.96345000e-08  1.10988201e+00  1.96345000e-08  1.94950042e+00 
 1.96355000e-08  1.94993651e+00  1.96355000e-08  1.16814598e+00  1.96355000e-08  1.94938891e+00 
 1.97655000e-08  1.94996789e+00  1.97655000e-08  1.94997382e+00  1.97655000e-08  1.15853228e+00 
 1.97665000e-08  1.94996823e+00  1.97665000e-08  1.95000002e+00  1.97665000e-08  1.10097602e+00 
 1.97675000e-08  1.94996814e+00  1.97675000e-08  1.95002771e+00  1.97675000e-08  1.04317260e+00 
 1.97685000e-08  1.94996850e+00  1.97685000e-08  1.95005095e+00  1.97685000e-08  9.85014802e-01 
 1.97695000e-08  1.94996843e+00  1.97695000e-08  1.95006855e+00  1.97695000e-08  9.26305198e-01 
 1.97705000e-08  1.94996877e+00  1.97705000e-08  1.95008112e+00  1.97705000e-08  8.66986802e-01 
 1.99445000e-08  1.16157872e+00  1.99445000e-08  1.94999876e+00  1.99445000e-08  7.58194448e-05 
 1.99455000e-08  1.10945508e+00  1.99455000e-08  1.94999866e+00  1.99455000e-08  7.50293372e-05 
 1.99465000e-08  1.05763331e+00  1.99465000e-08  1.94999878e+00  1.99465000e-08  7.10434495e-05 
 1.99475000e-08  1.00603867e+00  1.99475000e-08  1.94999868e+00  1.99475000e-08  7.03549230e-05 
 1.99485000e-08  9.54612895e-01  1.99485000e-08  1.94999879e+00  1.99485000e-08  6.65663756e-05 
 1.99495000e-08  9.03300873e-01  1.99495000e-08  1.94999870e+00  1.99495000e-08  6.59711818e-05 
 2.02835000e-08  5.72411059e-06  2.02835000e-08  1.17621395e+00  2.02835000e-08 -3.05492812e-06 
 2.02845000e-08  5.53039026e-06  2.02845000e-08  1.12458279e+00  2.02845000e-08 -2.18733739e-06 
 2.02855000e-08  5.36117835e-06  2.02855000e-08  1.07217469e+00  2.02855000e-08 -1.21879186e-06 
 2.02865000e-08  5.17869503e-06  2.02865000e-08  1.01899137e+00  2.02865000e-08  8.63155937e-07 
 2.02875000e-08  5.01989521e-06  2.02875000e-08  9.65033892e-01  2.02875000e-08  2.73265563e-06 
 2.02885000e-08  4.84908073e-06  2.02885000e-08  9.10312470e-01  2.02885000e-08  5.44611851e-06 
 2.05305000e-08  9.27722276e-01  2.05305000e-08  5.50211622e-06  2.05305000e-08  4.46860635e-07 
 2.05315000e-08  9.68680541e-01  2.05315000e-08  5.57398093e-06  2.05315000e-08  6.15870578e-07 
 2.05325000e-08  1.00913016e+00  2.05325000e-08  5.21452986e-06  2.05325000e-08  4.21716241e-07 
 2.05335000e-08  1.04911883e+00  2.05335000e-08  5.29130228e-06  2.05335000e-08  5.85671996e-07 
 2.05345000e-08  1.08872874e+00  2.05345000e-08  4.94455985e-06  2.05345000e-08  3.88578681e-07 
 2.05355000e-08  1.12807113e+00  2.05355000e-08  5.02583020e-06  2.05355000e-08  5.58193279e-07 
 2.07525000e-08  1.94993462e+00  2.07525000e-08  8.65274917e-01  2.07525000e-08 -8.55408658e-05 
 2.07535000e-08  1.94993434e+00  2.07535000e-08  9.26935297e-01  2.07535000e-08 -1.10384788e-04 
 2.07545000e-08  1.94993570e+00  2.07545000e-08  9.87802191e-01  2.07545000e-08 -1.27124189e-04 
 2.07555000e-08  1.94993540e+00  2.07555000e-08  1.04785022e+00  2.07555000e-08 -1.37015222e-04 
 2.07565000e-08  1.94993676e+00  2.07565000e-08  1.10712783e+00  2.07565000e-08 -1.48792716e-04 
 2.07575000e-08  1.94993647e+00  2.07575000e-08  1.16581824e+00  2.07575000e-08 -1.62557297e-04 
 2.08725000e-08  1.94996625e+00  2.08725000e-08  1.94991999e+00  2.08725000e-08  8.45954559e-01 
 2.08735000e-08  1.94996612e+00  2.08735000e-08  1.94992493e+00  2.08735000e-08  9.07408460e-01 
 2.08745000e-08  1.94996650e+00  2.08745000e-08  1.94993243e+00  2.08745000e-08  9.67488212e-01 
 2.08755000e-08  1.94996638e+00  2.08755000e-08  1.94993791e+00  2.08755000e-08  1.02732334e+00 
 2.08765000e-08  1.94996676e+00  2.08765000e-08  1.94994525e+00  2.08765000e-08  1.09037163e+00 
 2.08775000e-08  1.94996665e+00  2.08775000e-08  1.94994487e+00  2.08775000e-08  1.16066498e+00 
 2.10665000e-08  1.16433118e+00  2.10665000e-08  1.94999882e+00  2.10665000e-08  1.94999887e+00 
 2.10675000e-08  1.11219145e+00  2.10675000e-08  1.94999872e+00  2.10675000e-08  1.94999823e+00 
 2.10685000e-08  1.06035411e+00  2.10685000e-08  1.94999885e+00  2.10685000e-08  1.94999910e+00 
 2.10695000e-08  1.00875004e+00  2.10695000e-08  1.94999874e+00  2.10695000e-08  1.94999838e+00 
 2.10705000e-08  9.57315653e-01  2.10705000e-08  1.94999886e+00  2.10705000e-08  1.94999920e+00 
 2.10715000e-08  9.05999286e-01  2.10715000e-08  1.94999876e+00  2.10715000e-08  1.94999818e+00 
 2.14055000e-08  5.73654267e-06  2.14055000e-08  1.17902895e+00  2.14055000e-08  1.94994637e+00 
 2.14065000e-08  5.53769166e-06  2.14065000e-08  1.12744324e+00  2.14065000e-08  1.94994131e+00 
 2.14075000e-08  5.37297955e-06  2.14075000e-08  1.07507851e+00  2.14075000e-08  1.94993880e+00 
 2.14085000e-08  5.18558006e-06  2.14085000e-08  1.02194035e+00  2.14085000e-08  1.94994125e+00 
 2.14095000e-08  5.03127902e-06  2.14095000e-08  9.68025585e-01  2.14095000e-08  1.94994911e+00 
 2.14105000e-08  4.85527654e-06  2.14105000e-08  9.13347532e-01  2.14105000e-08  1.94996368e+00 
 2.16525000e-08  9.25262079e-01  2.16525000e-08  3.05874159e-06  2.16525000e-08  1.94999390e+00 
 2.16535000e-08  9.66252028e-01  2.16535000e-08  2.98508448e-06  2.16535000e-08  1.94999367e+00 
 2.16545000e-08  1.00673077e+00  2.16545000e-08  2.90221408e-06  2.16545000e-08  1.94999422e+00 
 2.16555000e-08  1.04674510e+00  2.16555000e-08  2.83351591e-06  2.16555000e-08  1.94999400e+00 
 2.16565000e-08  1.08637459e+00  2.16565000e-08  2.75637623e-06  2.16565000e-08  1.94999453e+00 
 2.16575000e-08  1.12572907e+00  2.16575000e-08  2.69221527e-06  2.16575000e-08  1.94999430e+00 
 2.18745000e-08  1.94993461e+00  2.18745000e-08  8.62768354e-01  2.18745000e-08  1.94992082e+00 
 2.18755000e-08  1.94993432e+00  2.18755000e-08  9.24335886e-01  2.18755000e-08  1.94982454e+00 
 2.18765000e-08  1.94993570e+00  2.18765000e-08  9.85018794e-01  2.18765000e-08  1.94971543e+00 
 2.18775000e-08  1.94993541e+00  2.18775000e-08  1.04478726e+00  2.18775000e-08  1.94960650e+00 
 2.18785000e-08  1.94993675e+00  2.18785000e-08  1.10370165e+00  2.18785000e-08  1.94951316e+00 
 2.18795000e-08  1.94993645e+00  2.18795000e-08  1.16200493e+00  2.18795000e-08  1.94940306e+00 
 2.20095000e-08  1.94996787e+00  2.20095000e-08  1.94997084e+00  2.20095000e-08  1.16455074e+00 
 2.20105000e-08  1.94996822e+00  2.20105000e-08  1.94999765e+00  2.20105000e-08  1.10700270e+00 
 2.20115000e-08  1.94996812e+00  2.20115000e-08  1.95002491e+00  2.20115000e-08  1.04923528e+00 
 2.20125000e-08  1.94996849e+00  2.20125000e-08  1.95004895e+00  2.20125000e-08  9.91120402e-01 
 2.20135000e-08  1.94996840e+00  2.20135000e-08  1.95006668e+00  2.20135000e-08  9.32477518e-01 
 2.20145000e-08  1.94996876e+00  2.20145000e-08  1.95008015e+00  2.20145000e-08  8.73226483e-01 
 2.21885000e-08  1.16727060e+00  2.21885000e-08  1.94999880e+00  2.21885000e-08  7.64316426e-05 
 2.21895000e-08  1.11511490e+00  2.21895000e-08  1.94999862e+00  2.21895000e-08  7.49300001e-05 
 2.21905000e-08  1.06326194e+00  2.21905000e-08  1.94999881e+00  2.21905000e-08  7.16286097e-05 
 2.21915000e-08  1.01164877e+00  2.21915000e-08  1.94999864e+00  2.21915000e-08  7.02435946e-05 
 2.21925000e-08  9.60206015e-01  2.21925000e-08  1.94999883e+00  2.21925000e-08  6.71345708e-05 
 2.21935000e-08  9.08885865e-01  2.21935000e-08  1.94999866e+00  2.21935000e-08  6.58502401e-05 
 2.25275000e-08  5.74952388e-06  2.25275000e-08  1.18183034e+00  2.25275000e-08 -3.17471719e-06 
 2.25285000e-08  5.54572707e-06  2.25285000e-08  1.13028660e+00  2.25285000e-08 -2.18667246e-06 
 2.25295000e-08  5.38527981e-06  2.25295000e-08  1.07796161e+00  2.25295000e-08 -1.48143925e-06 
 2.25305000e-08  5.19305538e-06  2.25305000e-08  1.02486534e+00  2.25305000e-08  7.39522796e-07 
 2.25315000e-08  5.04299370e-06  2.25315000e-08  9.70990583e-01  2.25315000e-08  2.40633161e-06 
 2.25325000e-08  4.86196262e-06  2.25325000e-08  9.16354153e-01  2.25325000e-08  5.24233761e-06 
 2.27745000e-08  9.23700293e-01  2.27745000e-08  5.57156719e-06  2.27745000e-08  5.84393486e-07 
 2.27755000e-08  9.64710380e-01  2.27755000e-08  5.53721728e-06  2.27755000e-08  4.69117661e-07 
 2.27765000e-08  1.00520770e+00  2.27765000e-08  5.28210371e-06  2.27765000e-08  5.53347386e-07 
 2.27775000e-08  1.04523843e+00  2.27775000e-08  5.25455748e-06  2.27775000e-08  4.50651740e-07 
 2.27785000e-08  1.08488055e+00  2.27785000e-08  5.01031674e-06  2.27785000e-08  5.35421934e-07 
 2.27795000e-08  1.12424293e+00  2.27795000e-08  4.98922469e-06  2.27795000e-08  4.23739762e-07 
 2.29965000e-08  1.94993456e+00  2.29965000e-08  8.59228090e-01  2.29965000e-08 -8.21725723e-05 
 2.29975000e-08  1.94993428e+00  2.29975000e-08  9.20963123e-01  2.29975000e-08 -1.08554265e-04 
 2.29985000e-08  1.94993565e+00  2.29985000e-08  9.81908886e-01  2.29985000e-08 -1.25788891e-04 
 2.29995000e-08  1.94993535e+00  2.29995000e-08  1.04203378e+00  2.29995000e-08 -1.36251453e-04 
 2.30005000e-08  1.94993671e+00  2.30005000e-08  1.10137657e+00  2.30005000e-08 -1.47425236e-04 
 2.30015000e-08  1.94993642e+00  2.30015000e-08  1.16011204e+00  2.30015000e-08 -1.61374269e-04 
 2.31175000e-08  1.94996611e+00  2.31175000e-08  1.94992413e+00  2.31175000e-08  9.01471369e-01 
 2.31185000e-08  1.94996650e+00  2.31185000e-08  1.94993193e+00  2.31185000e-08  9.61651708e-01 
 2.31195000e-08  1.94996636e+00  2.31195000e-08  1.94993722e+00  2.31195000e-08  1.02140977e+00 
 2.31205000e-08  1.94996676e+00  2.31205000e-08  1.94994447e+00  2.31205000e-08  1.08400631e+00 
 2.31215000e-08  1.94996663e+00  2.31215000e-08  1.94994555e+00  2.31215000e-08  1.15348051e+00 
 2.31225000e-08  1.94996702e+00  2.31225000e-08  1.94994395e+00  2.31225000e-08  1.22687886e+00 
 2.33105000e-08  1.16967108e+00  2.33105000e-08  1.94999884e+00  2.33105000e-08  1.94999782e+00 
 2.33115000e-08  1.11750028e+00  2.33115000e-08  1.94999870e+00  2.33115000e-08  1.94999465e+00 
 2.33125000e-08  1.06563261e+00  2.33125000e-08  1.94999886e+00  2.33125000e-08  1.94999675e+00 
 2.33135000e-08  1.01401012e+00  2.33135000e-08  1.94999872e+00  2.33135000e-08  1.94999491e+00 
 2.33145000e-08  9.62558944e-01  2.33145000e-08  1.94999888e+00  2.33145000e-08  1.94999798e+00 
 2.33155000e-08  9.11234200e-01  2.33155000e-08  1.94999873e+00  2.33155000e-08  1.94999494e+00 
 2.36505000e-08  5.55309841e-06  2.36505000e-08  1.13228737e+00  2.36505000e-08  1.94994171e+00 
 2.36515000e-08  5.39323393e-06  2.36515000e-08  1.07999324e+00  2.36515000e-08  1.94993884e+00 
 2.36525000e-08  5.19944112e-06  2.36525000e-08  1.02692908e+00  2.36525000e-08  1.94994081e+00 
 2.36535000e-08  5.05033569e-06  2.36535000e-08  9.73084675e-01  2.36535000e-08  1.94994809e+00 
 2.36545000e-08  4.86766609e-06  2.36545000e-08  9.18478972e-01  2.36545000e-08  1.94996207e+00 
 2.36555000e-08  4.73145911e-06  2.36555000e-08  8.63114833e-01  2.36555000e-08  1.94998220e+00 
 2.38965000e-08  9.21270256e-01  2.38965000e-08  3.11450816e-06  2.38965000e-08  1.94999384e+00 
 2.38975000e-08  9.62311677e-01  2.38975000e-08  2.94468567e-06  2.38975000e-08  1.94999369e+00 
 2.38985000e-08  1.00283808e+00  2.38985000e-08  2.95653685e-06  2.38985000e-08  1.94999417e+00 
 2.38995000e-08  1.04289447e+00  2.38995000e-08  2.79352936e-06  2.38995000e-08  1.94999402e+00 
 2.39005000e-08  1.08255658e+00  2.39005000e-08  2.80932268e-06  2.39005000e-08  1.94999449e+00 
 2.39015000e-08  1.12193157e+00  2.39015000e-08  2.65265610e-06  2.39015000e-08  1.94999432e+00 
 2.41185000e-08  1.94993450e+00  2.41185000e-08  8.56785932e-01  2.41185000e-08  1.94993012e+00 
 2.41195000e-08  1.94993431e+00  2.41195000e-08  9.18435545e-01  2.41195000e-08  1.94983530e+00 
 2.41205000e-08  1.94993560e+00  2.41205000e-08  9.79204971e-01  2.41205000e-08  1.94972664e+00 
 2.41215000e-08  1.94993540e+00  2.41215000e-08  1.03906186e+00  2.41215000e-08  1.94961705e+00 
 2.41225000e-08  1.94993665e+00  2.41225000e-08  1.09805083e+00  2.41225000e-08  1.94952283e+00 
 2.41235000e-08  1.94993645e+00  2.41235000e-08  1.15639579e+00  2.41235000e-08  1.94941466e+00 
 2.42535000e-08  1.94996788e+00  2.42535000e-08  1.94996812e+00  2.42535000e-08  1.17008000e+00 
 2.42545000e-08  1.94996820e+00  2.42545000e-08  1.94999537e+00  2.42545000e-08  1.11253810e+00 
 2.42555000e-08  1.94996812e+00  2.42555000e-08  1.95002217e+00  2.42555000e-08  1.05480211e+00 
 2.42565000e-08  1.94996847e+00  2.42565000e-08  1.95004705e+00  2.42565000e-08  9.96724925e-01 
 2.42575000e-08  1.94996840e+00  2.42575000e-08  1.95006496e+00  2.42575000e-08  9.38141235e-01 
 2.42585000e-08  1.94996874e+00  2.42585000e-08  1.95007928e+00  2.42585000e-08  8.78950079e-01 
 2.44325000e-08  1.17228051e+00  2.44325000e-08  1.94999883e+00  2.44325000e-08  7.73764002e-05 
 2.44335000e-08  1.12009552e+00  2.44335000e-08  1.94999859e+00  2.44335000e-08  7.44896587e-05 
 2.44345000e-08  1.06821381e+00  2.44345000e-08  1.94999884e+00  2.44345000e-08  7.25508854e-05 
 2.44355000e-08  1.01658309e+00  2.44355000e-08  1.94999861e+00  2.44355000e-08  6.97963904e-05 
 2.44365000e-08  9.65124444e-01  2.44365000e-08  1.94999886e+00  2.44365000e-08  6.80272116e-05 
 2.44375000e-08  9.13796374e-01  2.44375000e-08  1.94999863e+00  2.44375000e-08  6.53222255e-05 
 2.47725000e-08  5.56256372e-06  2.47725000e-08  1.13489154e+00  2.47725000e-08 -2.17430232e-06 
 2.47735000e-08  5.40405324e-06  2.47735000e-08  1.08263369e+00  2.47735000e-08 -1.69380019e-06 
 2.47745000e-08  5.20813703e-06  2.47745000e-08  1.02960782e+00  2.47745000e-08  6.48076889e-07 
 2.47755000e-08  5.06048059e-06  2.47755000e-08  9.75799983e-01  2.47755000e-08  2.13926579e-06 
 2.47765000e-08  4.87553840e-06  2.47765000e-08  9.21232430e-01  2.47765000e-08  5.08250905e-06 
 2.47775000e-08  4.74089900e-06  2.47775000e-08  8.65904619e-01  2.47775000e-08  7.08612894e-06 
 2.50185000e-08  9.20193013e-01  2.50185000e-08  5.62561419e-06  2.50185000e-08  7.05744060e-07 
 2.50195000e-08  9.61248340e-01  2.50195000e-08  5.50978401e-06  2.50195000e-08  3.72437116e-07 
 2.50205000e-08  1.00178769e+00  2.50205000e-08  5.33425107e-06  2.50205000e-08  6.65851055e-07 
 2.50215000e-08  1.04185552e+00  2.50215000e-08  5.22749042e-06  2.50215000e-08  3.59925400e-07 
 2.50225000e-08  1.08152660e+00  2.50225000e-08  5.06118213e-06  2.50225000e-08  6.53286868e-07 
 2.50235000e-08  1.12090731e+00  2.50235000e-08  4.96180790e-06  2.50235000e-08  3.27713625e-07 
 2.52405000e-08  1.94993444e+00  2.52405000e-08  8.53952818e-01  2.52405000e-08 -7.92260273e-05 
 2.52415000e-08  1.94993431e+00  2.52415000e-08  9.15752624e-01  2.52415000e-08 -1.07739191e-04 
 2.52425000e-08  1.94993553e+00  2.52425000e-08  9.76766473e-01  2.52425000e-08 -1.25519922e-04 
 2.52435000e-08  1.94993538e+00  2.52435000e-08  1.03696177e+00  2.52435000e-08 -1.36129279e-04 
 2.52445000e-08  1.94993658e+00  2.52445000e-08  1.09636969e+00  2.52445000e-08 -1.46179490e-04 
 2.52455000e-08  1.94993642e+00  2.52455000e-08  1.15516095e+00  2.52455000e-08 -1.60492470e-04 
 2.53615000e-08  1.94996612e+00  2.53615000e-08  1.94992347e+00  2.53615000e-08  8.96379607e-01 
 2.53625000e-08  1.94996647e+00  2.53625000e-08  1.94993148e+00  2.53625000e-08  9.56652001e-01 
 2.53635000e-08  1.94996637e+00  2.53635000e-08  1.94993663e+00  2.53635000e-08  1.01636819e+00 
 2.53645000e-08  1.94996673e+00  2.53645000e-08  1.94994374e+00  2.53645000e-08  1.07860219e+00 
 2.53655000e-08  1.94996664e+00  2.53655000e-08  1.94994619e+00  2.53655000e-08  1.14732465e+00 
 2.53665000e-08  1.94996699e+00  2.53665000e-08  1.94994383e+00  2.53665000e-08  1.22076232e+00 
 2.55545000e-08  1.17413851e+00  2.55545000e-08  1.94999886e+00  2.55545000e-08  1.94999732e+00 
 2.55555000e-08  1.12194148e+00  2.55555000e-08  1.94999868e+00  2.55555000e-08  1.94999229e+00 
 2.55565000e-08  1.07004791e+00  2.55565000e-08  1.94999888e+00  2.55565000e-08  1.94999581e+00 
 2.55575000e-08  1.01840948e+00  2.55575000e-08  1.94999870e+00  2.55575000e-08  1.94999273e+00 
 2.55585000e-08  9.66943864e-01  2.55585000e-08  1.94999890e+00  2.55585000e-08  1.94999763e+00 
 2.55595000e-08  9.15611860e-01  2.55595000e-08  1.94999872e+00  2.55595000e-08  1.94999284e+00 
 2.58945000e-08  5.56803845e-06  2.58945000e-08  1.13653529e+00  2.58945000e-08  1.94994209e+00 
 2.58955000e-08  5.40918562e-06  2.58955000e-08  1.08430314e+00  2.58955000e-08  1.94993890e+00 
 2.58965000e-08  5.21354836e-06  2.58965000e-08  1.03130397e+00  2.58965000e-08  1.94994048e+00 
 2.58975000e-08  5.06544599e-06  2.58975000e-08  9.77521392e-01  2.58975000e-08  1.94994723e+00 
 2.58985000e-08  4.88055190e-06  2.58985000e-08  9.22979326e-01  2.58985000e-08  1.94996070e+00 
 2.58995000e-08  4.74547264e-06  2.58995000e-08  8.67674997e-01  2.58995000e-08  1.94998028e+00 
 2.61405000e-08  9.17647425e-01  2.61405000e-08  3.16155621e-06  2.61405000e-08  1.94999380e+00 
 2.61415000e-08  9.58735659e-01  2.61415000e-08  2.91110198e-06  2.61415000e-08  1.94999371e+00 
 2.61425000e-08  9.99305703e-01  2.61425000e-08  3.00232938e-06  2.61425000e-08  1.94999413e+00 
 2.61435000e-08  1.03940074e+00  2.61435000e-08  2.76029421e-06  2.61435000e-08  1.94999404e+00 
 2.61445000e-08  1.07909330e+00  2.61445000e-08  2.85392849e-06  2.61445000e-08  1.94999444e+00 
 2.61455000e-08  1.11848786e+00  2.61455000e-08  2.61977893e-06  2.61455000e-08  1.94999434e+00 
 2.63625000e-08  1.94993437e+00  2.63625000e-08  8.51280830e-01  2.63625000e-08  1.94993752e+00 
 2.63635000e-08  1.94993435e+00  2.63635000e-08  9.13005315e-01  2.63635000e-08  1.94984430e+00 
 2.63645000e-08  1.94993547e+00  2.63645000e-08  9.73853868e-01  2.63645000e-08  1.94973629e+00 
 2.63655000e-08  1.94993544e+00  2.63655000e-08  1.03379263e+00  2.63655000e-08  1.94962661e+00 
 2.63665000e-08  1.94993651e+00  2.63665000e-08  1.09285740e+00  2.63665000e-08  1.94953216e+00 
 2.63675000e-08  1.94993645e+00  2.63675000e-08  1.15126255e+00  2.63675000e-08  1.94942461e+00 
 2.64975000e-08  1.94996788e+00  2.64975000e-08  1.94996564e+00  2.64975000e-08  1.17516282e+00 
 2.64985000e-08  1.94996817e+00  2.64985000e-08  1.94999326e+00  2.64985000e-08  1.11762528e+00 
 2.64995000e-08  1.94996812e+00  2.64995000e-08  1.95001963e+00  2.64995000e-08  1.05991651e+00 
 2.65005000e-08  1.94996844e+00  2.65005000e-08  1.95004528e+00  2.65005000e-08  1.00187261e+00 
 2.65015000e-08  1.94996841e+00  2.65015000e-08  1.95006335e+00  2.65015000e-08  9.43342080e-01 
 2.65025000e-08  1.94996871e+00  2.65025000e-08  1.95007843e+00  2.65025000e-08  8.84205223e-01 
 2.66765000e-08  1.17678301e+00  2.66765000e-08  1.94999885e+00  2.66765000e-08  7.83141458e-05 
 2.66775000e-08  1.12457142e+00  2.66775000e-08  1.94999857e+00  2.66775000e-08  7.40263464e-05 
 2.66785000e-08  1.07266326e+00  2.66785000e-08  1.94999887e+00  2.66785000e-08  7.33170512e-05 
 2.66795000e-08  1.02101609e+00  2.66795000e-08  1.94999859e+00  2.66795000e-08  6.94852510e-05 
 2.66805000e-08  9.69542566e-01  2.66805000e-08  1.94999888e+00  2.66805000e-08  6.89876468e-05 
 2.66815000e-08  9.18206846e-01  2.66815000e-08  1.94999860e+00  2.66815000e-08  6.51092339e-05 
 2.70165000e-08  5.57861482e-06  2.70165000e-08  1.13930446e+00  2.70165000e-08 -2.18382887e-06 
 2.70175000e-08  5.41819755e-06  2.70175000e-08  1.08711103e+00  2.70175000e-08 -1.86865117e-06 
 2.70185000e-08  5.22334380e-06  2.70185000e-08  1.03415269e+00  2.70185000e-08  5.40294970e-07 
 2.70195000e-08  5.07386165e-06  2.70195000e-08  9.80409123e-01  2.70195000e-08  1.90385808e-06 
 2.70205000e-08  4.88971630e-06  2.70205000e-08  9.25907720e-01  2.70205000e-08  4.90784391e-06 
 2.70215000e-08  4.75333853e-06  2.70215000e-08  8.70642096e-01  2.70215000e-08  6.82949565e-06 
 2.72625000e-08  9.16536360e-01  2.72625000e-08  5.67360617e-06  2.72625000e-08  9.15061847e-07 
 2.72635000e-08  9.57638969e-01  2.72635000e-08  5.48763378e-06  2.72635000e-08  4.40608571e-07 
 2.72645000e-08  9.98222462e-01  2.72645000e-08  5.38125521e-06  2.72645000e-08  9.07354944e-07 
 2.72655000e-08  1.03832944e+00  2.72655000e-08  5.20444467e-06  2.72655000e-08  4.00697688e-07 
 2.72665000e-08  1.07803267e+00  2.72665000e-08  5.10591584e-06  2.72665000e-08  7.70516070e-07 
 2.72675000e-08  1.11743467e+00  2.72675000e-08  4.93948464e-06  2.72675000e-08  2.80011484e-07 
 2.74845000e-08  1.94993431e+00  2.74845000e-08  8.48287458e-01  2.74845000e-08 -7.60428071e-05 
 2.74855000e-08  1.94993434e+00  2.74855000e-08  9.10156133e-01  2.74855000e-08 -1.05504170e-04 
 2.74865000e-08  1.94993540e+00  2.74865000e-08  9.71242614e-01  2.74865000e-08 -1.23821256e-04 
 2.74875000e-08  1.94993541e+00  2.74875000e-08  1.03151385e+00  2.74875000e-08 -1.35735438e-04 
 2.74885000e-08  1.94993645e+00  2.74885000e-08  1.09098771e+00  2.74885000e-08 -1.44604747e-04 
 2.74895000e-08  1.94993646e+00  2.74895000e-08  1.14982631e+00  2.74895000e-08 -1.59441519e-04 
 2.76055000e-08  1.94996613e+00  2.76055000e-08  1.94992299e+00  2.76055000e-08  8.90785986e-01 
 2.76065000e-08  1.94996644e+00  2.76065000e-08  1.94993076e+00  2.76065000e-08  9.51166982e-01 
 2.76075000e-08  1.94996638e+00  2.76075000e-08  1.94993618e+00  2.76075000e-08  1.01086039e+00 
 2.76085000e-08  1.94996669e+00  2.76085000e-08  1.94994267e+00  2.76085000e-08  1.07274557e+00 
 2.76095000e-08  1.94996665e+00  2.76095000e-08  1.94994709e+00  2.76095000e-08  1.14065542e+00 
 2.76105000e-08  1.94996696e+00  2.76105000e-08  1.94994353e+00  2.76105000e-08  1.21409654e+00 
 2.77985000e-08  1.17902104e+00  2.77985000e-08  1.94999886e+00  2.77985000e-08  1.94999699e+00 
 2.77995000e-08  1.12679515e+00  2.77995000e-08  1.94999868e+00  2.77995000e-08  1.94998983e+00 
 2.78005000e-08  1.07487277e+00  2.78005000e-08  1.94999888e+00  2.78005000e-08  1.94999496e+00 
 2.78015000e-08  1.02321639e+00  2.78015000e-08  1.94999870e+00  2.78015000e-08  1.94998811e+00 
 2.78025000e-08  9.71734590e-01  2.78025000e-08  1.94999890e+00  2.78025000e-08  1.94999311e+00 
 2.78035000e-08  9.20394400e-01  2.78035000e-08  1.94999872e+00  2.78035000e-08  1.94998898e+00 
 2.81385000e-08  5.58621445e-06  2.81385000e-08  1.14143440e+00  2.81385000e-08  1.94994255e+00 
 2.81395000e-08  5.42448093e-06  2.81395000e-08  1.08927382e+00  2.81395000e-08  1.94993900e+00 
 2.81405000e-08  5.23037221e-06  2.81405000e-08  1.03634964e+00  2.81405000e-08  1.94994014e+00 
 2.81415000e-08  5.07968971e-06  2.81415000e-08  9.82638510e-01  2.81415000e-08  1.94994629e+00 
 2.81425000e-08  4.89619853e-06  2.81425000e-08  9.28169983e-01  2.81425000e-08  1.94995919e+00 
 2.81435000e-08  4.75869342e-06  2.81435000e-08  8.72934852e-01  2.81435000e-08  1.94997810e+00 
 2.83845000e-08  9.13531452e-01  2.83845000e-08  3.21548930e-06  2.83845000e-08  1.94999374e+00 
 2.83855000e-08  9.54672937e-01  2.83855000e-08  2.87291864e-06  2.83855000e-08  1.94999373e+00 
 2.83865000e-08  9.95292859e-01  2.83865000e-08  3.05482232e-06  2.83865000e-08  1.94999408e+00 
 2.83875000e-08  1.03543232e+00  2.83875000e-08  2.72248854e-06  2.83875000e-08  1.94999406e+00 
 2.83885000e-08  1.07515998e+00  2.83885000e-08  2.90504091e-06  2.83885000e-08  1.94999439e+00 
 2.83895000e-08  1.11457687e+00  2.83895000e-08  2.58237146e-06  2.83895000e-08  1.94999436e+00 
 2.86065000e-08  1.94993421e+00  2.86065000e-08  8.45036719e-01  2.86065000e-08  1.94994576e+00 
 2.86075000e-08  1.94993439e+00  2.86075000e-08  9.06845372e-01  2.86075000e-08  1.94985439e+00 
 2.86085000e-08  1.94993533e+00  2.86085000e-08  9.67782653e-01  2.86085000e-08  1.94974729e+00 
 2.86095000e-08  1.94993549e+00  2.86095000e-08  1.02781481e+00  2.86095000e-08  1.94963745e+00 
 2.86105000e-08  1.94993637e+00  2.86105000e-08  1.08696014e+00  2.86105000e-08  1.94954210e+00 
 2.86115000e-08  1.94993651e+00  2.86115000e-08  1.14541730e+00  2.86115000e-08  1.94943592e+00 
 2.87415000e-08  1.94996790e+00  2.87415000e-08  1.94996282e+00  2.87415000e-08  1.18095836e+00 
 2.87425000e-08  1.94996813e+00  2.87425000e-08  1.94999081e+00  2.87425000e-08  1.12342477e+00 
 2.87435000e-08  1.94996814e+00  2.87435000e-08  1.95001671e+00  2.87435000e-08  1.06574536e+00 
 2.87445000e-08  1.94996839e+00  2.87445000e-08  1.95004323e+00  2.87445000e-08  1.00773820e+00 
 2.87455000e-08  1.94996841e+00  2.87455000e-08  1.95006154e+00  2.87455000e-08  9.49266886e-01 
 2.87465000e-08  1.94996866e+00  2.87465000e-08  1.95007742e+00  2.87465000e-08  8.90191370e-01 
 2.89205000e-08  1.18199790e+00  2.89205000e-08  1.94999887e+00  2.89205000e-08  7.97591999e-05 
 2.89215000e-08  1.12975523e+00  2.89215000e-08  1.94999855e+00  2.89215000e-08  7.33775023e-05 
 2.89225000e-08  1.07781584e+00  2.89225000e-08  1.94999889e+00  2.89225000e-08  7.46429131e-05 
 2.89235000e-08  1.02614901e+00  2.89235000e-08  1.94999856e+00  2.89235000e-08  6.88998134e-05 
 2.89245000e-08  9.74657829e-01  2.89245000e-08  1.94999890e+00  2.89245000e-08  7.03530458e-05 
 2.89255000e-08  9.23313209e-01  2.89255000e-08  1.94999858e+00  2.89255000e-08  6.43353034e-05 
 2.92605000e-08  5.59652489e-06  2.92605000e-08  1.14450093e+00  2.92605000e-08 -2.19050356e-06 
 2.92615000e-08  5.43476657e-06  2.92615000e-08  1.09238347e+00  2.92615000e-08 -2.06533350e-06 
 2.92625000e-08  5.24243004e-06  2.92625000e-08  1.03950472e+00  2.92625000e-08  4.15330242e-07 
 2.92635000e-08  5.09109467e-06  2.92635000e-08  9.85837004e-01  2.92635000e-08  1.63060426e-06 
 2.92645000e-08  4.90883245e-06  2.92645000e-08  9.31413683e-01  2.92645000e-08  4.70033323e-06 
 2.92655000e-08  4.77024871e-06  2.92655000e-08  8.76221552e-01  2.92655000e-08  6.53046279e-06 
 2.95065000e-08  9.12199338e-01  2.95065000e-08  5.72696297e-06  2.95065000e-08  1.03648243e-06 
 2.95075000e-08  9.53358183e-01  2.95075000e-08  5.46455073e-06  2.95075000e-08  3.73913221e-07 
 2.95085000e-08  9.93994272e-01  2.95085000e-08  5.43291959e-06  2.95085000e-08  1.02856706e-06 
 2.95095000e-08  1.03414833e+00  2.95095000e-08  5.18115820e-06  2.95095000e-08  3.30693620e-07 
 2.95105000e-08  1.07388788e+00  2.95105000e-08  5.15619266e-06  2.95105000e-08  9.70389994e-07 
 2.95115000e-08  1.11331354e+00  2.95115000e-08  4.91629800e-06  2.95115000e-08  3.21304827e-07 
 2.97295000e-08  1.94993440e+00  2.97295000e-08  9.03743847e-01  2.97295000e-08 -1.02872858e-04 
 2.97305000e-08  1.94993526e+00  2.97305000e-08  9.64912360e-01  2.97305000e-08 -1.21684630e-04 
 2.97315000e-08  1.94993548e+00  2.97315000e-08  1.02526861e+00  2.97315000e-08 -1.35051486e-04 
 2.97325000e-08  1.94993631e+00  2.97325000e-08  1.08481939e+00  2.97325000e-08 -1.43024014e-04 
 2.97335000e-08  1.94993652e+00  2.97335000e-08  1.14371521e+00  2.97335000e-08 -1.58273195e-04 
 2.97345000e-08  1.94993735e+00  2.97345000e-08  1.20221840e+00  2.97345000e-08 -1.73282193e-04 
 2.98495000e-08  1.94996615e+00  2.98495000e-08  1.94992258e+00  2.98495000e-08  8.84414994e-01 
 2.98505000e-08  1.94996639e+00  2.98505000e-08  1.94992981e+00  2.98505000e-08  9.44928373e-01 
 2.98515000e-08  1.94996640e+00  2.98515000e-08  1.94993578e+00  2.98515000e-08  1.00462140e+00 
 2.98525000e-08  1.94996665e+00  2.98525000e-08  1.94994130e+00  2.98525000e-08  1.06613700e+00 
 2.98535000e-08  1.94996667e+00  2.98535000e-08  1.94994820e+00  2.98535000e-08  1.13312070e+00 
 2.98545000e-08  1.94996692e+00  2.98545000e-08  1.94994315e+00  2.98545000e-08  1.20650292e+00 
 3.00435000e-08  1.13214728e+00  3.00435000e-08  1.94999869e+00  3.00435000e-08  1.94998452e+00 
 3.00445000e-08  1.08019262e+00  3.00445000e-08  1.94999887e+00  3.00445000e-08  1.94999441e+00 
 3.00455000e-08  1.02851587e+00  3.00455000e-08  1.94999870e+00  3.00455000e-08  1.94998509e+00 
 3.00465000e-08  9.77015765e-01  3.00465000e-08  1.94999889e+00  3.00465000e-08  1.94999180e+00 
 3.00475000e-08  9.25666281e-01  3.00475000e-08  1.94999872e+00  3.00475000e-08  1.94998618e+00 
 3.00485000e-08  8.74400343e-01  3.00485000e-08  1.94999891e+00  3.00485000e-08  1.94999543e+00 
 3.03825000e-08  5.59419842e-06  3.03825000e-08  1.14690478e+00  3.03825000e-08  1.94994309e+00 
 3.03835000e-08  5.42149713e-06  3.03835000e-08  1.09482421e+00  3.03835000e-08  1.94993916e+00 
 3.03845000e-08  5.23645832e-06  3.03845000e-08  1.04198387e+00  3.03845000e-08  1.94993983e+00 
 3.03855000e-08  5.08987881e-06  3.03855000e-08  9.88352719e-01  3.03855000e-08  1.94994530e+00 
 3.03865000e-08  4.91129581e-06  3.03865000e-08  9.33966536e-01  3.03865000e-08  1.94995756e+00 
 3.03875000e-08  4.77455196e-06  3.03875000e-08  8.78808991e-01  3.03875000e-08  1.94997574e+00 
 3.06285000e-08  9.09623637e-01  3.06285000e-08  3.27574023e-06  3.06285000e-08  1.94999368e+00 
 3.06295000e-08  9.50816083e-01  3.06295000e-08  2.83039775e-06  3.06295000e-08  1.94999376e+00 
 3.06305000e-08  9.91483545e-01  3.06305000e-08  3.11345863e-06  3.06305000e-08  1.94999402e+00 
 3.06315000e-08  1.03166600e+00  3.06315000e-08  2.68038504e-06  3.06315000e-08  1.94999408e+00 
 3.06325000e-08  1.07142881e+00  3.06325000e-08  2.96214011e-06  3.06325000e-08  1.94999433e+00 
 3.06335000e-08  1.11087068e+00  3.06335000e-08  2.54070584e-06  3.06335000e-08  1.94999439e+00 
 3.08515000e-08  1.94993441e+00  3.08515000e-08  9.01073765e-01  3.08515000e-08  1.94986357e+00 
 3.08525000e-08  1.94993516e+00  3.08525000e-08  9.62093421e-01  3.08525000e-08  1.94975775e+00 
 3.08535000e-08  1.94993553e+00  3.08535000e-08  1.02221157e+00  3.08535000e-08  1.94964760e+00 
 3.08545000e-08  1.94993623e+00  3.08545000e-08  1.08143036e+00  3.08545000e-08  1.94955115e+00 
 3.08555000e-08  1.94993656e+00  3.08555000e-08  1.13993383e+00  3.08555000e-08  1.94944643e+00 
 3.08565000e-08  1.94993726e+00  3.08565000e-08  1.19813121e+00  3.08565000e-08  1.94932479e+00 
 3.09855000e-08  1.94996791e+00  3.09855000e-08  1.94996041e+00  3.09855000e-08  1.18643610e+00 
 3.09865000e-08  1.94996809e+00  3.09865000e-08  1.94998825e+00  3.09865000e-08  1.12890534e+00 
 3.09875000e-08  1.94996815e+00  3.09875000e-08  1.95001416e+00  3.09875000e-08  1.07125177e+00 
 3.09885000e-08  1.94996836e+00  3.09885000e-08  1.95004090e+00  3.09885000e-08  1.01327819e+00 
 3.09895000e-08  1.94996843e+00  3.09895000e-08  1.95005991e+00  3.09895000e-08  9.54861686e-01 
 3.09905000e-08  1.94996863e+00  3.09905000e-08  1.95007617e+00  3.09905000e-08  8.95843840e-01 
 3.11655000e-08  1.13437697e+00  3.11655000e-08  1.94999856e+00  3.11655000e-08  7.24438890e-05 
 3.11665000e-08  1.08240956e+00  3.11665000e-08  1.94999887e+00  3.11665000e-08  7.60986326e-05 
 3.11675000e-08  1.03072466e+00  3.11675000e-08  1.94999858e+00  3.11675000e-08  6.80201875e-05 
 3.11685000e-08  9.79217566e-01  3.11685000e-08  1.94999888e+00  3.11685000e-08  7.18274779e-05 
 3.11695000e-08  9.27864611e-01  3.11695000e-08  1.94999860e+00  3.11695000e-08  6.34160538e-05 
 3.11705000e-08  8.76594755e-01  3.11705000e-08  1.94999890e+00  3.11705000e-08  6.71886430e-05 
 3.15045000e-08  5.61016992e-06  3.15045000e-08  1.14917236e+00  3.15045000e-08 -2.18177053e-06 
 3.15055000e-08  5.44947417e-06  3.15055000e-08  1.09712327e+00  3.15055000e-08 -2.23970204e-06 
 3.15065000e-08  5.25944049e-06  3.15065000e-08  1.04431614e+00  3.15065000e-08  3.14033996e-07 
 3.15075000e-08  5.10794239e-06  3.15075000e-08  9.90716767e-01  3.15075000e-08  1.38376962e-06 
 3.15085000e-08  4.92692305e-06  3.15085000e-08  9.36363805e-01  3.15085000e-08  4.52070971e-06 
 3.15095000e-08  4.78707873e-06  3.15095000e-08  8.81238001e-01  3.15095000e-08  6.25842455e-06 
 3.17505000e-08  9.08735571e-01  3.17505000e-08  5.79284625e-06  3.17505000e-08  1.19804534e-06 
 3.17515000e-08  9.49939586e-01  3.17515000e-08  5.42602009e-06  3.17515000e-08  2.87775359e-07 
 3.17525000e-08  9.90617916e-01  3.17525000e-08  5.49615028e-06  3.17525000e-08  1.12822628e-06 
 3.17535000e-08  1.03081019e+00  3.17535000e-08  5.14411107e-06  3.17535000e-08  2.81113152e-07 
 3.17545000e-08  1.07058112e+00  3.17545000e-08  5.21854633e-06  3.17545000e-08  1.12567654e-06 
 3.17555000e-08  1.11002862e+00  3.17555000e-08  4.87806081e-06  3.17555000e-08  2.35829730e-07 
 3.19735000e-08  1.94993445e+00  3.19735000e-08  8.98637966e-01  3.19735000e-08 -1.00690281e-04 
 3.19745000e-08  1.94993513e+00  3.19745000e-08  9.59875730e-01  3.19745000e-08 -1.20442068e-04 
 3.19755000e-08  1.94993552e+00  3.19755000e-08  1.02030151e+00  3.19755000e-08 -1.34435352e-04 
 3.19765000e-08  1.94993619e+00  3.19765000e-08  1.07991224e+00  3.19765000e-08 -1.41815612e-04 
 3.19775000e-08  1.94993659e+00  3.19775000e-08  1.13884995e+00  3.19775000e-08 -1.57195672e-04 
 3.19785000e-08  1.94993723e+00  3.19785000e-08  1.19736787e+00  3.19785000e-08 -1.71650705e-04 
 3.20935000e-08  1.94996617e+00  3.20935000e-08  1.94992215e+00  3.20935000e-08  8.79319433e-01 
 3.20945000e-08  1.94996636e+00  3.20945000e-08  1.94992917e+00  3.20945000e-08  9.39945105e-01 
 3.20955000e-08  1.94996642e+00  3.20955000e-08  1.94993534e+00  3.20955000e-08  9.99655198e-01 
 3.20965000e-08  1.94996661e+00  3.20965000e-08  1.94994082e+00  3.20965000e-08  1.06080698e+00 
 3.20975000e-08  1.94996669e+00  3.20975000e-08  1.94994821e+00  3.20975000e-08  1.12718798e+00 
 3.20985000e-08  1.94996688e+00  3.20985000e-08  1.94994305e+00  3.20985000e-08  1.20040594e+00 
 3.22875000e-08  1.13633547e+00  3.22875000e-08  1.94999871e+00  3.22875000e-08  1.94998698e+00 
 3.22885000e-08  1.08435540e+00  3.22885000e-08  1.94999885e+00  3.22885000e-08  1.94999605e+00 
 3.22895000e-08  1.03266187e+00  3.22895000e-08  1.94999872e+00  3.22895000e-08  1.94998720e+00 
 3.22905000e-08  9.81147341e-01  3.22905000e-08  1.94999887e+00  3.22905000e-08  1.94999368e+00 
 3.22915000e-08  9.29790020e-01  3.22915000e-08  1.94999874e+00  3.22915000e-08  1.94998505e+00 
 3.22925000e-08  8.78516058e-01  3.22925000e-08  1.94999889e+00  3.22925000e-08  1.94999128e+00 
 3.26265000e-08  5.62285085e-06  3.26265000e-08  1.15094089e+00  3.26265000e-08  1.94994346e+00 
 3.26275000e-08  5.45940436e-06  3.26275000e-08  1.09891989e+00  3.26275000e-08  1.94993935e+00 
 3.26285000e-08  5.26897551e-06  3.26285000e-08  1.04614109e+00  3.26285000e-08  1.94993958e+00 
 3.26295000e-08  5.11555485e-06  3.26295000e-08  9.92569467e-01  3.26295000e-08  1.94994467e+00 
 3.26305000e-08  4.93459583e-06  3.26305000e-08  9.38243831e-01  3.26305000e-08  1.94995635e+00 
 3.26315000e-08  4.79308825e-06  3.26315000e-08  8.83144088e-01  3.26315000e-08  1.94997409e+00 
 3.28725000e-08  9.06467831e-01  3.28725000e-08  3.32078231e-06  3.28725000e-08  1.94999363e+00 
 3.28735000e-08  9.47701468e-01  3.28735000e-08  2.79850978e-06  3.28735000e-08  1.94999378e+00 
 3.28745000e-08  9.88407579e-01  3.28745000e-08  3.15728665e-06  3.28745000e-08  1.94999397e+00 
 3.28755000e-08  1.02862509e+00  3.28755000e-08  2.64882236e-06  3.28755000e-08  1.94999411e+00 
 3.28765000e-08  1.06841689e+00  3.28765000e-08  3.00481354e-06  3.28765000e-08  1.94999428e+00 
 3.28775000e-08  1.10787909e+00  3.28775000e-08  2.50948394e-06  3.28775000e-08  1.94999441e+00 
 3.30955000e-08  1.94993446e+00  3.30955000e-08  8.96433040e-01  3.30955000e-08  1.94987090e+00 
 3.30965000e-08  1.94993502e+00  3.30965000e-08  9.57520511e-01  3.30965000e-08  1.94976611e+00 
 3.30975000e-08  1.94993556e+00  3.30975000e-08  1.01771028e+00  3.30975000e-08  1.94965572e+00 
 3.30985000e-08  1.94993610e+00  3.30985000e-08  1.07699684e+00  3.30985000e-08  1.94955815e+00 
 3.30995000e-08  1.94993661e+00  3.30995000e-08  1.13554407e+00  3.30995000e-08  1.94945479e+00 
 3.31005000e-08  1.94993714e+00  3.31005000e-08  1.19373822e+00  3.31005000e-08  1.94933472e+00 
 3.32295000e-08  1.94996793e+00  3.32295000e-08  1.94995852e+00  3.32295000e-08  1.19077589e+00 
 3.32305000e-08  1.94996806e+00  3.32305000e-08  1.94998619e+00  3.32305000e-08  1.13324665e+00 
 3.32315000e-08  1.94996817e+00  3.32315000e-08  1.95001214e+00  3.32315000e-08  1.07561243e+00 
 3.32325000e-08  1.94996833e+00  3.32325000e-08  1.95003904e+00  3.32325000e-08  1.01766448e+00 
 3.32335000e-08  1.94996845e+00  3.32335000e-08  1.95005866e+00  3.32335000e-08  9.59290417e-01 
 3.32345000e-08  1.94996860e+00  3.32345000e-08  1.95007511e+00  3.32345000e-08  9.00317685e-01 
 3.34095000e-08  1.13847802e+00  3.34095000e-08  1.94999858e+00  3.34095000e-08  7.15437807e-05 
 3.34105000e-08  1.08648556e+00  3.34105000e-08  1.94999885e+00  3.34105000e-08  7.74142381e-05 
 3.34115000e-08  1.03478390e+00  3.34115000e-08  1.94999860e+00  3.34115000e-08  6.71709436e-05 
 3.34125000e-08  9.83262499e-01  3.34125000e-08  1.94999886e+00  3.34125000e-08  7.31595375e-05 
 3.34135000e-08  9.31901660e-01  3.34135000e-08  1.94999861e+00  3.34135000e-08  6.25349426e-05 
 3.34145000e-08  8.80623929e-01  3.34145000e-08  1.94999888e+00  3.34145000e-08  6.84396265e-05 
 3.37485000e-08  5.63425326e-06  3.37485000e-08  1.15314225e+00  3.37485000e-08 -2.16076634e-06 
 3.37495000e-08  5.46920185e-06  3.37495000e-08  1.10115355e+00  3.37495000e-08 -2.39482292e-06 
 3.37505000e-08  5.26136054e-06  3.37505000e-08  1.04840549e+00  3.37505000e-08  2.65102379e-07 
 3.37515000e-08  5.09548612e-06  3.37515000e-08  9.94866252e-01  3.37515000e-08  1.20027109e-06 
 3.37525000e-08  4.92341967e-06  3.37525000e-08  9.40571598e-01  3.37525000e-08  4.38588997e-06 
 3.37535000e-08  4.78791601e-06  3.37535000e-08  8.85504102e-01  3.37535000e-08  6.02164130e-06 
 3.39945000e-08  9.05338848e-01  3.39945000e-08  5.86273090e-06  3.39945000e-08  1.30133025e-06 
 3.39955000e-08  9.46587238e-01  3.39955000e-08  5.37899858e-06  3.39955000e-08  2.27418435e-07 
 3.39965000e-08  9.87307218e-01  3.39965000e-08  5.56398801e-06  3.39965000e-08  1.22672787e-06 
 3.39975000e-08  1.02753735e+00  3.39975000e-08  5.09742716e-06  3.39975000e-08  1.99054920e-07 
 3.39985000e-08  1.06733964e+00  3.39985000e-08  5.28502622e-06  3.39985000e-08  1.19949806e-06 
 3.39995000e-08  1.10680929e+00  3.39995000e-08  4.83291616e-06  3.39995000e-08  2.14532052e-07 
 3.42175000e-08  1.94993448e+00  3.42175000e-08  8.93623156e-01  3.42175000e-08 -9.84660007e-05 
 3.42185000e-08  1.94993499e+00  3.42185000e-08  9.54926515e-01  3.42185000e-08 -1.19136930e-04 
 3.42195000e-08  1.94993557e+00  3.42195000e-08  1.01541864e+00  3.42195000e-08 -1.33766603e-04 
 3.42205000e-08  1.94993605e+00  3.42205000e-08  1.07509304e+00  3.42205000e-08 -1.40898959e-04 
 3.42215000e-08  1.94993662e+00  3.42215000e-08  1.13407784e+00  3.42215000e-08 -1.55979259e-04 
 3.42225000e-08  1.94993709e+00  3.42225000e-08  1.19261390e+00  3.42225000e-08 -1.70182491e-04 
 3.43375000e-08  1.94996619e+00  3.43375000e-08  1.94992174e+00  3.43375000e-08  8.74339038e-01 
 3.43385000e-08  1.94996632e+00  3.43385000e-08  1.94992855e+00  3.43385000e-08  9.35077231e-01 
 3.43395000e-08  1.94996644e+00  3.43395000e-08  1.94993489e+00  3.43395000e-08  9.94815030e-01 
 3.43405000e-08  1.94996657e+00  3.43405000e-08  1.94994049e+00  3.43405000e-08  1.05563647e+00 
 3.43415000e-08  1.94996671e+00  3.43415000e-08  1.94994791e+00  3.43415000e-08  1.12145961e+00 
 3.43425000e-08  1.94996684e+00  3.43425000e-08  1.94994304e+00  3.43425000e-08  1.19443669e+00 
 3.45315000e-08  1.14014992e+00  3.45315000e-08  1.94999872e+00  3.45315000e-08  1.94998804e+00 
 3.45325000e-08  1.08814620e+00  3.45325000e-08  1.94999883e+00  3.45325000e-08  1.94999606e+00 
 3.45335000e-08  1.03643675e+00  3.45335000e-08  1.94999875e+00  3.45335000e-08  1.94998832e+00 
 3.45345000e-08  9.84908593e-01  3.45345000e-08  1.94999884e+00  3.45345000e-08  1.94999383e+00 
 3.45355000e-08  9.33543703e-01  3.45355000e-08  1.94999876e+00  3.45355000e-08  1.94998890e+00 
 3.45365000e-08  8.82262205e-01  3.45365000e-08  1.94999886e+00  3.45365000e-08  1.94999649e+00 
 3.48705000e-08  5.62019112e-06  3.48705000e-08  1.15460373e+00  3.48705000e-08  1.94994378e+00 
 3.48715000e-08  5.46338105e-06  3.48715000e-08  1.10263934e+00  3.48715000e-08  1.94993957e+00 
 3.48725000e-08  5.27474582e-06  3.48725000e-08  1.04991436e+00  3.48725000e-08  1.94993937e+00 
 3.48735000e-08  5.12525454e-06  3.48735000e-08  9.96399050e-01  3.48735000e-08  1.94994415e+00 
 3.48745000e-08  4.94457762e-06  3.48745000e-08  9.42126652e-01  3.48745000e-08  1.94995528e+00 
 3.48755000e-08  4.80562364e-06  3.48755000e-08  8.87081510e-01  3.48755000e-08  1.94997265e+00 
 3.51175000e-08  9.44341058e-01  3.51175000e-08  2.80206352e-06  3.51175000e-08  1.94999387e+00 
 3.51185000e-08  9.85089083e-01  3.51185000e-08  3.16446983e-06  3.51185000e-08  1.94999386e+00 
 3.51195000e-08  1.02534479e+00  3.51195000e-08  2.65210614e-06  3.51195000e-08  1.94999419e+00 
 3.51205000e-08  1.06516840e+00  3.51205000e-08  3.01152955e-06  3.51205000e-08  1.94999418e+00 
 3.51215000e-08  1.10465333e+00  3.51215000e-08  2.51252556e-06  3.51215000e-08  1.94999450e+00 
 3.51225000e-08  1.14392648e+00  3.51225000e-08  2.86876342e-06  3.51225000e-08  1.94999448e+00 
 3.53395000e-08  1.94993451e+00  3.53395000e-08  8.91383165e-01  3.53395000e-08  1.94987880e+00 
 3.53405000e-08  1.94993488e+00  3.53405000e-08  9.52543858e-01  3.53405000e-08  1.94977516e+00 
 3.53415000e-08  1.94993561e+00  3.53415000e-08  1.01280490e+00  3.53415000e-08  1.94966448e+00 
 3.53425000e-08  1.94993597e+00  3.53425000e-08  1.07215949e+00  3.53425000e-08  1.94956571e+00 
 3.53435000e-08  1.94993667e+00  3.53435000e-08  1.13074788e+00  3.53435000e-08  1.94946409e+00 
 3.53445000e-08  1.94993701e+00  3.53445000e-08  1.18893461e+00  3.53445000e-08  1.94934564e+00 
 3.54735000e-08  1.94996795e+00  3.54735000e-08  1.94995646e+00  3.54735000e-08  1.19555240e+00 
 3.54745000e-08  1.94996803e+00  3.54745000e-08  1.94998392e+00  3.54745000e-08  1.13802400e+00 
 3.54755000e-08  1.94996819e+00  3.54755000e-08  1.95000989e+00  3.54755000e-08  1.08040991e+00 
 3.54765000e-08  1.94996829e+00  3.54765000e-08  1.95003698e+00  3.54765000e-08  1.02248906e+00 
 3.54775000e-08  1.94996846e+00  3.54775000e-08  1.95005724e+00  3.54775000e-08  9.64160742e-01 
 3.54785000e-08  1.94996856e+00  3.54785000e-08  1.95007394e+00  3.54785000e-08  9.05237002e-01 
 3.56535000e-08  1.14289843e+00  3.56535000e-08  1.94999862e+00  3.56535000e-08  7.26353867e-05 
 3.56545000e-08  1.09087992e+00  3.56545000e-08  1.94999881e+00  3.56545000e-08  7.66622533e-05 
 3.56555000e-08  1.03915812e+00  3.56555000e-08  1.94999864e+00  3.56555000e-08  6.82203254e-05 
 3.56565000e-08  9.87622105e-01  3.56565000e-08  1.94999883e+00  3.56565000e-08  7.23487363e-05 
 3.56575000e-08  9.36251053e-01  3.56575000e-08  1.94999865e+00  3.56575000e-08  6.35777329e-05 
 3.56585000e-08  8.84965748e-01  3.56585000e-08  1.94999884e+00  3.56585000e-08  6.76896261e-05 
 3.59925000e-08  5.62656326e-06  3.59925000e-08  1.15744062e+00  3.59925000e-08 -2.37014387e-06 
 3.59935000e-08  5.47539124e-06  3.59935000e-08  1.10551839e+00  3.59935000e-08 -2.33963788e-06 
 3.59945000e-08  5.28088643e-06  3.59945000e-08  1.05283352e+00  3.59945000e-08 -5.31138882e-08 
 3.59955000e-08  5.13694262e-06  3.59955000e-08  9.99360409e-01  3.59955000e-08  1.11554124e-06 
 3.59965000e-08  4.95035493e-06  3.59965000e-08  9.45128255e-01  3.59965000e-08  4.02775553e-06 
 3.59975000e-08  4.81671326e-06  3.59975000e-08  8.90124872e-01  3.59975000e-08  5.94553360e-06 
 3.62395000e-08  9.43028841e-01  3.62395000e-08  5.32871535e-06  3.62395000e-08  2.14375838e-07 
 3.62405000e-08  9.83793266e-01  3.62405000e-08  5.63780984e-06  3.62405000e-08  1.25567104e-06 
 3.62415000e-08  1.02406407e+00  3.62415000e-08  5.04730949e-06  3.62415000e-08  1.85589570e-07 
 3.62425000e-08  1.06390023e+00  3.62425000e-08  5.35700693e-06  3.62425000e-08  1.22820588e-06 
 3.62435000e-08  1.10339432e+00  3.62435000e-08  4.78317415e-06  3.62435000e-08  2.01925944e-07 
 3.62445000e-08  1.14267201e+00  3.62445000e-08  5.09266656e-06  3.62445000e-08  1.23894433e-06 
 3.64615000e-08  1.94993454e+00  3.64615000e-08  8.88204579e-01  3.64615000e-08 -9.60077630e-05 
 3.64625000e-08  1.94993484e+00  3.64625000e-08  9.49576114e-01  3.64625000e-08 -1.17621545e-04 
 3.64635000e-08  1.94993564e+00  3.64635000e-08  1.01014068e+00  3.64635000e-08 -1.32831459e-04 
 3.64645000e-08  1.94993592e+00  3.64645000e-08  1.06988691e+00  3.64645000e-08 -1.40170885e-04 
 3.64655000e-08  1.94993668e+00  3.64655000e-08  1.12891802e+00  3.64655000e-08 -1.54544159e-04 
 3.64665000e-08  1.94993694e+00  3.64665000e-08  1.18747075e+00  3.64665000e-08 -1.68580687e-04 
 3.65815000e-08  1.94996621e+00  3.65815000e-08  1.94992131e+00  3.65815000e-08  8.68883978e-01 
 3.65825000e-08  1.94996627e+00  3.65825000e-08  1.94992786e+00  3.65825000e-08  9.29751083e-01 
 3.65835000e-08  1.94996647e+00  3.65835000e-08  1.94993441e+00  3.65835000e-08  9.89532516e-01 
 3.65845000e-08  1.94996653e+00  3.65845000e-08  1.94994008e+00  3.65845000e-08  1.05005864e+00 
 3.65855000e-08  1.94996673e+00  3.65855000e-08  1.94994755e+00  3.65855000e-08  1.11527328e+00 
 3.65865000e-08  1.94996680e+00  3.65865000e-08  1.94994315e+00  3.65865000e-08  1.18791116e+00 
 3.67755000e-08  1.14452298e+00  3.67755000e-08  1.94999876e+00  3.67755000e-08  1.94998997e+00 
 3.67765000e-08  1.09249471e+00  3.67765000e-08  1.94999880e+00  3.67765000e-08  1.94999647e+00 
 3.67775000e-08  1.04076376e+00  3.67775000e-08  1.94999877e+00  3.67775000e-08  1.94999003e+00 
 3.67785000e-08  9.89222201e-01  3.67785000e-08  1.94999882e+00  3.67785000e-08  1.94999456e+00 
 3.67795000e-08  9.37845904e-01  3.67795000e-08  1.94999879e+00  3.67795000e-08  1.94999054e+00 
 3.67805000e-08  8.86557941e-01  3.67805000e-08  1.94999883e+00  3.67805000e-08  1.94999672e+00 
 3.71145000e-08  5.64642553e-06  3.71145000e-08  1.15883272e+00  3.71145000e-08  1.94994418e+00 
 3.71155000e-08  5.49326048e-06  3.71155000e-08  1.10693373e+00  3.71155000e-08  1.94993984e+00 
 3.71165000e-08  5.27382300e-06  3.71165000e-08  1.05427092e+00  3.71165000e-08  1.94993917e+00 
 3.71175000e-08  5.11899575e-06  3.71175000e-08  1.00082071e+00  3.71175000e-08  1.94994357e+00 
 3.71185000e-08  4.93541473e-06  3.71185000e-08  9.46609867e-01  3.71185000e-08  1.94995409e+00 
 3.71195000e-08  4.81041014e-06  3.71195000e-08  8.91627885e-01  3.71195000e-08  1.94997102e+00 
 3.73615000e-08  9.41089603e-01  3.73615000e-08  2.83739676e-06  3.73615000e-08  1.94999397e+00 
 3.73625000e-08  9.81877974e-01  3.73625000e-08  3.14219068e-06  3.73625000e-08  1.94999373e+00 
 3.73635000e-08  1.02217145e+00  3.73635000e-08  2.68652617e-06  3.73635000e-08  1.94999429e+00 
 3.73645000e-08  1.06202596e+00  3.73645000e-08  2.98928132e-06  3.73645000e-08  1.94999405e+00 
 3.73655000e-08  1.10153409e+00  3.73655000e-08  2.54607987e-06  3.73655000e-08  1.94999460e+00 
 3.73665000e-08  1.14081840e+00  3.73665000e-08  2.84656752e-06  3.73665000e-08  1.94999436e+00 
 3.75835000e-08  1.94993457e+00  3.75835000e-08  8.86475240e-01  3.75835000e-08  1.94988642e+00 
 3.75845000e-08  1.94993474e+00  3.75845000e-08  9.47708956e-01  3.75845000e-08  1.94978385e+00 
 3.75855000e-08  1.94993566e+00  3.75855000e-08  1.00804468e+00  3.75855000e-08  1.94967336e+00 
 3.75865000e-08  1.94993583e+00  3.75865000e-08  1.06746910e+00  3.75865000e-08  1.94957302e+00 
 3.75875000e-08  1.94993671e+00  3.75875000e-08  1.12610891e+00  3.75875000e-08  1.94947267e+00 
 3.75885000e-08  1.94993686e+00  3.75885000e-08  1.18430442e+00  3.75885000e-08  1.94935571e+00 
 3.77185000e-08  1.94996799e+00  3.77185000e-08  1.94998173e+00  3.77185000e-08  1.14259101e+00 
 3.77195000e-08  1.94996820e+00  3.77195000e-08  1.95000772e+00  3.77195000e-08  1.08499501e+00 
 3.77205000e-08  1.94996825e+00  3.77205000e-08  1.95003496e+00  3.77205000e-08  1.02709908e+00 
 3.77215000e-08  1.94996847e+00  3.77215000e-08  1.95005586e+00  3.77215000e-08  9.68813559e-01 
 3.77225000e-08  1.94996852e+00  3.77225000e-08  1.95007278e+00  3.77225000e-08  9.09936138e-01 
 3.77235000e-08  1.94996875e+00  3.77235000e-08  1.95008318e+00  3.77235000e-08  8.50434345e-01 
 3.78975000e-08  1.14689398e+00  3.78975000e-08  1.94999865e+00  3.78975000e-08  7.39946096e-05 
 3.78985000e-08  1.09485264e+00  3.78985000e-08  1.94999877e+00  3.78985000e-08  7.59710655e-05 
 3.78995000e-08  1.04310941e+00  3.78995000e-08  1.94999867e+00  3.78995000e-08  6.92576510e-05 
 3.79005000e-08  9.91560770e-01  3.79005000e-08  1.94999879e+00  3.79005000e-08  7.12658068e-05 
 3.79015000e-08  9.40177788e-01  3.79015000e-08  1.94999869e+00  3.79015000e-08  6.46396964e-05 
 3.79025000e-08  8.88886575e-01  3.79025000e-08  1.94999880e+00  3.79025000e-08  6.67267578e-05 
 3.82365000e-08  5.63634337e-06  3.82365000e-08  1.16144467e+00  3.82365000e-08 -2.58254537e-06 
 3.82375000e-08  5.49328330e-06  3.82375000e-08  1.10958438e+00  3.82375000e-08 -2.25927504e-06 
 3.82385000e-08  5.28807248e-06  3.82385000e-08  1.05695838e+00  3.82385000e-08 -3.67531869e-07 
 3.82395000e-08  5.15241359e-06  3.82395000e-08  1.00354692e+00  3.82395000e-08  1.10806674e-06 
 3.82405000e-08  4.95568643e-06  3.82405000e-08  9.49373080e-01  3.82405000e-08  3.69844822e-06 
 3.82415000e-08  4.83023136e-06  3.82415000e-08  8.94429540e-01  3.82415000e-08  5.88982684e-06 
 3.84835000e-08  9.39438202e-01  3.84835000e-08  5.34409928e-06  3.84835000e-08  2.67020429e-07 
 3.84845000e-08  9.80247035e-01  3.84845000e-08  5.64585483e-06  3.84845000e-08  1.16795471e-06 
 3.84855000e-08  1.02055989e+00  3.84855000e-08  5.06198332e-06  3.84855000e-08  2.60801136e-07 
 3.84865000e-08  1.06043019e+00  3.84865000e-08  5.36432923e-06  3.84865000e-08  1.16574035e-06 
 3.84875000e-08  1.09995045e+00  3.84875000e-08  4.79581522e-06  3.84875000e-08  2.15084578e-07 
 3.84885000e-08  1.13924067e+00  3.84885000e-08  5.09894206e-06  3.84885000e-08  1.10080927e-06 
 3.87055000e-08  1.94993459e+00  3.87055000e-08  8.82803406e-01  3.87055000e-08 -9.34458635e-05 
 3.87065000e-08  1.94993467e+00  3.87065000e-08  9.44242991e-01  3.87065000e-08 -1.16096682e-04 
 3.87075000e-08  1.94993569e+00  3.87075000e-08  1.00487915e+00  3.87075000e-08 -1.31686405e-04 
 3.87085000e-08  1.94993576e+00  3.87085000e-08  1.06469491e+00  3.87085000e-08 -1.39533712e-04 
 3.87095000e-08  1.94993674e+00  3.87095000e-08  1.12378681e+00  3.87095000e-08 -1.53386508e-04 
 3.87105000e-08  1.94993680e+00  3.87105000e-08  1.18237293e+00  3.87105000e-08 -1.67253933e-04 
 3.88255000e-08  1.94996623e+00  3.88255000e-08  1.94992090e+00  3.88255000e-08  8.63484444e-01 
 3.88265000e-08  1.94996623e+00  3.88265000e-08  1.94992718e+00  3.88265000e-08  9.24486145e-01 
 3.88275000e-08  1.94996648e+00  3.88275000e-08  1.94993394e+00  3.88275000e-08  9.84324523e-01 
 3.88285000e-08  1.94996649e+00  3.88285000e-08  1.94993965e+00  3.88285000e-08  1.04461865e+00 
 3.88295000e-08  1.94996675e+00  3.88295000e-08  1.94994712e+00  3.88295000e-08  1.10925762e+00 
 3.88305000e-08  1.94996676e+00  3.88305000e-08  1.94994339e+00  3.88305000e-08  1.18147612e+00 
 3.90195000e-08  1.14902775e+00  3.90195000e-08  1.94999877e+00  3.90195000e-08  1.94999219e+00 
 3.90205000e-08  1.09697459e+00  3.90205000e-08  1.94999878e+00  3.90205000e-08  1.94999569e+00 
 3.90215000e-08  1.04522021e+00  3.90215000e-08  1.94999880e+00  3.90215000e-08  1.94999255e+00 
 3.90225000e-08  9.93665118e-01  3.90225000e-08  1.94999879e+00  3.90225000e-08  1.94999733e+00 
 3.90235000e-08  9.42276073e-01  3.90235000e-08  1.94999881e+00  3.90235000e-08  1.94999242e+00 
 3.90245000e-08  8.90981912e-01  3.90245000e-08  1.94999881e+00  3.90245000e-08  1.94999574e+00 
 3.93585000e-08  5.65683663e-06  3.93585000e-08  1.16357303e+00  3.93585000e-08  1.94994465e+00 
 3.93595000e-08  5.51270114e-06  3.93595000e-08  1.11174741e+00  3.93595000e-08  1.94994016e+00 
 3.93605000e-08  5.28482238e-06  3.93605000e-08  1.05915439e+00  3.93605000e-08  1.94993900e+00 
 3.93615000e-08  5.14152786e-06  3.93615000e-08  1.00577723e+00  3.93615000e-08  1.94994296e+00 
 3.93625000e-08  4.94512186e-06  3.93625000e-08  9.51635582e-01  3.93625000e-08  1.94995282e+00 
 3.93635000e-08  4.82811424e-06  3.93635000e-08  8.96724590e-01  3.93635000e-08  1.94996923e+00 
 3.96055000e-08  9.37508260e-01  3.96055000e-08  2.88979413e-06  3.96055000e-08  1.94999403e+00 
 3.96065000e-08  9.78341355e-01  3.96065000e-08  3.10484566e-06  3.96065000e-08  1.94999364e+00 
 3.96075000e-08  1.01867667e+00  3.96075000e-08  2.73761250e-06  3.96075000e-08  1.94999435e+00 
 3.96085000e-08  1.05856585e+00  3.96085000e-08  2.95222870e-06  3.96085000e-08  1.94999397e+00 
 3.96095000e-08  1.09810026e+00  3.96095000e-08  2.59592160e-06  3.96095000e-08  1.94999466e+00 
 3.96105000e-08  1.13739793e+00  3.96105000e-08  2.80982696e-06  3.96105000e-08  1.94999427e+00 
 3.98275000e-08  1.94993463e+00  3.98275000e-08  8.81146990e-01  3.98275000e-08  1.94989457e+00 
 3.98285000e-08  1.94993460e+00  3.98285000e-08  9.42456710e-01  3.98285000e-08  1.94979334e+00 
 3.98295000e-08  1.94993574e+00  3.98295000e-08  1.00287077e+00  3.98295000e-08  1.94968309e+00 
 3.98305000e-08  1.94993570e+00  3.98305000e-08  1.06237147e+00  3.98305000e-08  1.94958071e+00 
 3.98315000e-08  1.94993678e+00  3.98315000e-08  1.12106941e+00  3.98315000e-08  1.94948212e+00 
 3.98325000e-08  1.94993672e+00  3.98325000e-08  1.17928022e+00  3.98325000e-08  1.94936675e+00 
 3.99625000e-08  1.94996795e+00  3.99625000e-08  1.94997915e+00  3.99625000e-08  1.14754169e+00 
 3.99635000e-08  1.94996822e+00  3.99635000e-08  1.95000531e+00  3.99635000e-08  1.08996322e+00 
 3.99645000e-08  1.94996821e+00  3.99645000e-08  1.95003281e+00  3.99645000e-08  1.03209232e+00 
 3.99655000e-08  1.94996849e+00  3.99655000e-08  1.95005444e+00  3.99655000e-08  9.73850277e-01 
 3.99665000e-08  1.94996848e+00  3.99665000e-08  1.95007160e+00  3.99665000e-08  9.15020558e-01 
 3.99675000e-08  1.94996876e+00  3.99675000e-08  1.95008263e+00  3.99675000e-08  8.55577968e-01 
 4.01415000e-08  1.15126992e+00  4.01415000e-08  1.94999869e+00  4.01415000e-08  7.47390090e-05 
 4.01425000e-08  1.09920429e+00  4.01425000e-08  1.94999873e+00  4.01425000e-08  7.52007096e-05 
 4.01435000e-08  1.04743809e+00  4.01435000e-08  1.94999870e+00  4.01435000e-08  6.99085196e-05 
 4.01445000e-08  9.95876137e-01  4.01445000e-08  1.94999875e+00  4.01445000e-08  7.04684409e-05 
 4.01455000e-08  9.44480667e-01  4.01455000e-08  1.94999872e+00  4.01455000e-08  6.56101684e-05 
 4.01465000e-08  8.93183379e-01  4.01465000e-08  1.94999876e+00  4.01465000e-08  6.62743924e-05 
 4.04805000e-08  5.65449094e-06  4.04805000e-08  1.16596139e+00  4.04805000e-08 -2.76965077e-06 
 4.04815000e-08  5.50479860e-06  4.04815000e-08  1.11417106e+00  4.04815000e-08 -2.21097668e-06 
 4.04825000e-08  5.30253080e-06  4.04825000e-08  1.06161158e+00  4.04825000e-08 -6.70262390e-07 
 4.04835000e-08  5.16118867e-06  4.04835000e-08  1.00826977e+00  4.04835000e-08  1.05952875e-06 
 4.04845000e-08  4.96792674e-06  4.04845000e-08  9.54161897e-01  4.04845000e-08  3.37213702e-06 
 4.04855000e-08  4.83705647e-06  4.04855000e-08  8.99286056e-01  4.04855000e-08  5.78101326e-06 
 4.07275000e-08  9.35944951e-01  4.07275000e-08  5.38582009e-06  4.07275000e-08  3.26909151e-07 
 4.07285000e-08  9.76797927e-01  4.07285000e-08  5.63066630e-06  4.07285000e-08  1.02650084e-06 
 4.07295000e-08  1.01715131e+00  4.07295000e-08  5.10184788e-06  4.07295000e-08  3.41372340e-07 
 4.07305000e-08  1.05705609e+00  4.07305000e-08  5.34864509e-06  4.07305000e-08  1.02870340e-06 
 4.07315000e-08  1.09660194e+00  4.07315000e-08  4.83448130e-06  4.07315000e-08  3.00162618e-07 
 4.07325000e-08  1.13590603e+00  4.07325000e-08  5.08310599e-06  4.07325000e-08  9.70220896e-07 
 4.09495000e-08  1.94993466e+00  4.09495000e-08  8.77564761e-01  4.09495000e-08 -9.09059847e-05 
 4.09505000e-08  1.94993454e+00  4.09505000e-08  9.39071108e-01  4.09505000e-08 -1.14606117e-04 
 4.09515000e-08  1.94993575e+00  4.09515000e-08  9.99776523e-01  4.09515000e-08 -1.30529640e-04 
 4.09525000e-08  1.94993561e+00  4.09525000e-08  1.05966370e+00  4.09525000e-08 -1.38997418e-04 
 4.09535000e-08  1.94993681e+00  4.09535000e-08  1.11880771e+00  4.09535000e-08 -1.52088456e-04 
 4.09545000e-08  1.94993667e+00  4.09545000e-08  1.17741738e+00  4.09545000e-08 -1.65824755e-04 
 4.10695000e-08  1.94996625e+00  4.10695000e-08  1.94992052e+00  4.10695000e-08  8.58268036e-01 
 4.10705000e-08  1.94996619e+00  4.10705000e-08  1.94992653e+00  4.10705000e-08  9.19400765e-01 
 4.10715000e-08  1.94996650e+00  4.10715000e-08  1.94993347e+00  4.10715000e-08  9.79301229e-01 
 4.10725000e-08  1.94996644e+00  4.10725000e-08  1.94993918e+00  4.10725000e-08  1.03941523e+00 
 4.10735000e-08  1.94996676e+00  4.10735000e-08  1.94994663e+00  4.10735000e-08  1.10353188e+00 
 4.10745000e-08  1.94996671e+00  4.10745000e-08  1.94994374e+00  4.10745000e-08  1.17526080e+00 
 4.12635000e-08  1.15298679e+00  4.12635000e-08  1.94999878e+00  4.12635000e-08  1.94999376e+00 
 4.12645000e-08  1.10091154e+00  4.12645000e-08  1.94999876e+00  4.12645000e-08  1.94999598e+00 
 4.12655000e-08  1.04913623e+00  4.12655000e-08  1.94999881e+00  4.12655000e-08  1.94999407e+00 
 4.12665000e-08  9.97568938e-01  4.12665000e-08  1.94999878e+00  4.12665000e-08  1.94999731e+00 
 4.12675000e-08  9.46168500e-01  4.12675000e-08  1.94999882e+00  4.12675000e-08  1.94999399e+00 
 4.12685000e-08  8.94868786e-01  4.12685000e-08  1.94999880e+00  4.12685000e-08  1.94999609e+00 
 4.16025000e-08  5.67784200e-06  4.16025000e-08  1.16799174e+00  4.16025000e-08  1.94994510e+00 
 4.16035000e-08  5.51602324e-06  4.16035000e-08  1.11623459e+00  4.16035000e-08  1.94994048e+00 
 4.16045000e-08  5.31704985e-06  4.16045000e-08  1.06370672e+00  4.16045000e-08  1.94993887e+00 
 4.16055000e-08  5.16608129e-06  4.16055000e-08  1.01039776e+00  4.16055000e-08  1.94994244e+00 
 4.16065000e-08  4.97765898e-06  4.16065000e-08  9.56320764e-01  4.16065000e-08  1.94995168e+00 
 4.16075000e-08  4.83837546e-06  4.16075000e-08  9.01476133e-01  4.16075000e-08  1.94996761e+00 
 4.18495000e-08  9.34835117e-01  4.18495000e-08  2.93329866e-06  4.18495000e-08  1.94999400e+00 
 4.18505000e-08  9.75702220e-01  4.18505000e-08  3.07562014e-06  4.18505000e-08  1.94999365e+00 
 4.18515000e-08  1.01606848e+00  4.18515000e-08  2.77996497e-06  4.18515000e-08  1.94999432e+00 
 4.18525000e-08  1.05598439e+00  4.18525000e-08  2.92320113e-06  4.18525000e-08  1.94999397e+00 
 4.18535000e-08  1.09553847e+00  4.18535000e-08  2.63718021e-06  4.18535000e-08  1.94999463e+00 
 4.18545000e-08  1.13484724e+00  4.18545000e-08  2.78101194e-06  4.18545000e-08  1.94999428e+00 
 4.20000000e-08  1.94968921e+00  4.20000000e-08  5.92789559e-04  4.20000000e-08  1.94999949e+00 
