 time            v(b_out)        time            v(u_puf_u_core_sel_ro) time            v(q)           
 0.00000000e+00  4.68653885e-09  0.00000000e+00  2.46749750e-09  0.00000000e+00  2.46749746e-09 
 2.57450000e-09  9.14897348e-01  2.57450000e-09  2.96815644e-09  2.57450000e-09  2.46768839e-09 
 2.57550000e-09  9.59200980e-01  2.57550000e-09  2.96748109e-09  2.57550000e-09  2.46768678e-09 
 2.57650000e-09  1.00262687e+00  2.57650000e-09  2.96685310e-09  2.57650000e-09  2.46768689e-09 
 2.57750000e-09  1.04585999e+00  2.57750000e-09  2.96625779e-09  2.57750000e-09  2.46768472e-09 
 2.57850000e-09  1.08932849e+00  2.57850000e-09  2.96551650e-09  2.57850000e-09  2.46768389e-09 
 2.57950000e-09  1.13319385e+00  2.57950000e-09  2.96451147e-09  2.57950000e-09  2.46768306e-09 
 2.93550000e-09  1.94996468e+00  2.93550000e-09  8.88800783e-01  2.93550000e-09 -9.54534670e-05 
 2.93650000e-09  1.94996504e+00  2.93650000e-09  9.50240914e-01  2.93650000e-09 -1.17618292e-04 
 2.93750000e-09  1.94996557e+00  2.93750000e-09  1.01084622e+00  2.93750000e-09 -1.31923508e-04 
 2.93850000e-09  1.94996593e+00  2.93850000e-09  1.07061699e+00  2.93850000e-09 -1.39478055e-04 
 2.93950000e-09  1.94996645e+00  2.93950000e-09  1.12966097e+00  2.93950000e-09 -1.53580847e-04 
 2.94050000e-09  1.94996681e+00  2.94050000e-09  1.18822823e+00  2.94050000e-09 -1.68172404e-04 
 3.05550000e-09  1.93193486e+00  3.05550000e-09  1.94991632e+00  3.05550000e-09  8.58159389e-01 
 3.05650000e-09  1.92990683e+00  3.05650000e-09  1.94992315e+00  3.05650000e-09  9.19224227e-01 
 3.05750000e-09  1.92802124e+00  3.05750000e-09  1.94993000e+00  3.05750000e-09  9.79033906e-01 
 3.05850000e-09  1.92652417e+00  3.05850000e-09  1.94993660e+00  3.05850000e-09  1.03903355e+00 
 3.05950000e-09  1.92571598e+00  3.05950000e-09  1.94994399e+00  3.05950000e-09  1.10300842e+00 
 3.06050000e-09  1.92584925e+00  3.06050000e-09  1.94994199e+00  3.06050000e-09  1.17457966e+00 
 3.11150000e-09  1.19727620e+00  3.11150000e-09  1.94993687e+00  3.11150000e-09  1.94643259e+00 
 3.11250000e-09  1.13823923e+00  3.11250000e-09  1.94994186e+00  3.11250000e-09  1.94673065e+00 
 3.11350000e-09  1.07926024e+00  3.11350000e-09  1.94994676e+00  3.11350000e-09  1.94695584e+00 
 3.11450000e-09  1.02033787e+00  3.11450000e-09  1.94995090e+00  3.11450000e-09  1.94721045e+00 
 3.11550000e-09  9.61442588e-01  3.11550000e-09  1.94995499e+00  3.11550000e-09  1.94739817e+00 
 3.11650000e-09  9.02584211e-01  3.11650000e-09  1.94995841e+00  3.11650000e-09  1.94761647e+00 
 3.65350000e-09 -5.03050394e-03  3.65350000e-09  1.22380677e+00  3.65350000e-09  1.94990340e+00 
 3.65450000e-09 -6.21575684e-03  3.65450000e-09  1.14433837e+00  3.65450000e-09  1.94988584e+00 
 3.65550000e-09 -7.57145212e-03  3.65550000e-09  1.06374416e+00  3.65550000e-09  1.94987278e+00 
 3.65650000e-09 -9.17037125e-03  3.65650000e-09  9.82064181e-01  3.65650000e-09  1.94986913e+00 
 3.65750000e-09 -1.10625671e-02  3.65750000e-09  8.99453917e-01  3.65750000e-09  1.94987956e+00 
 3.65850000e-09 -1.30703714e-02  3.65850000e-09  8.16006465e-01  3.65850000e-09  1.94990473e+00 
 3.69650000e-09  9.13674013e-01  3.69650000e-09  3.62622426e-03  3.69650000e-09  1.94937464e+00 
 3.69750000e-09  9.58752503e-01  3.69750000e-09  3.53529497e-03  3.69750000e-09  1.94931722e+00 
 3.69850000e-09  1.00323557e+00  3.69850000e-09  3.45233519e-03  3.69850000e-09  1.94923816e+00 
 3.69950000e-09  1.04756312e+00  3.69950000e-09  3.38616461e-03  3.69950000e-09  1.94913221e+00 
 3.70050000e-09  1.09203452e+00  3.70050000e-09  3.33362676e-03  3.70050000e-09  1.94898684e+00 
 3.70150000e-09  1.13646783e+00  3.70150000e-09  3.30117628e-03  3.70150000e-09  1.94879818e+00 
 4.05650000e-09  1.94996455e+00  4.05650000e-09  8.91859598e-01  4.05650000e-09  1.94987703e+00 
 4.05750000e-09  1.94996495e+00  4.05750000e-09  9.53089386e-01  4.05750000e-09  1.94977290e+00 
 4.05850000e-09  1.94996542e+00  4.05850000e-09  1.01339614e+00  4.05850000e-09  1.94966187e+00 
 4.05950000e-09  1.94996583e+00  4.05950000e-09  1.07277928e+00  4.05950000e-09  1.94956382e+00 
 4.06050000e-09  1.94996629e+00  4.06050000e-09  1.13137533e+00  4.06050000e-09  1.94946076e+00 
 4.06150000e-09  1.94996669e+00  4.06150000e-09  1.18958166e+00  4.06150000e-09  1.94934118e+00 
 4.19050000e-09  1.96655136e+00  4.19050000e-09  1.94995738e+00  4.19050000e-09  1.19503100e+00 
 4.19150000e-09  1.97388745e+00  4.19150000e-09  1.94998479e+00  4.19150000e-09  1.13749611e+00 
 4.19250000e-09  1.98092890e+00  4.19250000e-09  1.95001078e+00  4.19250000e-09  1.07987242e+00 
 4.19350000e-09  1.98750747e+00  4.19350000e-09  1.95003766e+00  4.19350000e-09  1.02193950e+00 
 4.19450000e-09  1.99377248e+00  4.19450000e-09  1.95005752e+00  4.19450000e-09  9.63595568e-01 
 4.19550000e-09  1.99969499e+00  4.19550000e-09  1.95007397e+00  4.19550000e-09  9.04655164e-01 
 4.23350000e-09  1.19867812e+00  4.23350000e-09  1.95030535e+00  4.23350000e-09  1.00239559e-02 
 4.23450000e-09  1.13964114e+00  4.23450000e-09  1.95027268e+00  4.23450000e-09  9.18987487e-03 
 4.23550000e-09  1.08066031e+00  4.23550000e-09  1.95024184e+00  4.23550000e-09  8.47003970e-03 
 4.23650000e-09  1.02173828e+00  4.23650000e-09  1.95021290e+00  4.23650000e-09  7.81140945e-03 
 4.23750000e-09  9.62841903e-01  4.23750000e-09  1.95018690e+00  4.23750000e-09  7.25120971e-03 
 4.23850000e-09  9.03983844e-01  4.23850000e-09  1.95016322e+00  4.23850000e-09  6.73314444e-03 
 4.77550000e-09 -5.01537722e-03  4.77550000e-09  1.22551185e+00  4.77550000e-09 -7.20739856e-06 
 4.77650000e-09 -6.19880584e-03  4.77650000e-09  1.14606419e+00  4.77650000e-09 -8.12740222e-06 
 4.77750000e-09 -7.55177499e-03  4.77750000e-09  1.06549146e+00  4.77750000e-09 -5.57366154e-06 
 4.77850000e-09 -9.14943837e-03  4.77850000e-09  9.83827496e-01  4.77850000e-09 -2.02988004e-06 
 4.77950000e-09 -1.10479150e-02  4.77950000e-09  9.01233665e-01  4.77950000e-09  3.68799640e-06 
 4.78050000e-09 -1.30439698e-02  4.78050000e-09  8.17797420e-01  4.78050000e-09  8.67169860e-06 
 4.81850000e-09  9.13144783e-01  4.81850000e-09  3.42957020e-03  4.81850000e-09 -1.34700338e-04 
 4.81950000e-09  9.58232991e-01  4.81950000e-09  3.33009570e-03  4.81950000e-09 -1.41509988e-04 
 4.82050000e-09  1.00271929e+00  4.82050000e-09  3.23041171e-03  4.82050000e-09 -1.45721767e-04 
 4.82150000e-09  1.04704495e+00  4.82150000e-09  3.13850691e-03  4.82150000e-09 -1.48793321e-04 
 4.82250000e-09  1.09151505e+00  4.82250000e-09  3.05159572e-03  4.82250000e-09 -1.52628096e-04 
 4.82350000e-09  1.13595011e+00  4.82350000e-09  2.97550057e-03  4.82350000e-09 -1.56211677e-04 
 5.17850000e-09  1.94996454e+00  5.17850000e-09  8.89873351e-01  5.17850000e-09 -9.68710025e-05 
 5.17950000e-09  1.94996494e+00  5.17950000e-09  9.51299499e-01  5.17950000e-09 -1.18629257e-04 
 5.18050000e-09  1.94996541e+00  5.18050000e-09  1.01188944e+00  5.18050000e-09 -1.33168018e-04 
 5.18150000e-09  1.94996582e+00  5.18150000e-09  1.07164494e+00  5.18150000e-09 -1.40853065e-04 
 5.18250000e-09  1.94996629e+00  5.18250000e-09  1.13067448e+00  5.18250000e-09 -1.54903063e-04 
 5.18350000e-09  1.94996668e+00  5.18350000e-09  1.18923633e+00  5.18350000e-09 -1.69638432e-04 
 5.29850000e-09  1.93401794e+00  5.29850000e-09  1.94992174e+00  5.29850000e-09  8.71142009e-01 
 5.29950000e-09  1.93202306e+00  5.29950000e-09  1.94992839e+00  5.29950000e-09  9.31961452e-01 
 5.30050000e-09  1.92999303e+00  5.30050000e-09  1.94993487e+00  5.30050000e-09  9.91730382e-01 
 5.30150000e-09  1.92809686e+00  5.30150000e-09  1.94994049e+00  5.30150000e-09  1.05237691e+00 
 5.30250000e-09  1.92657678e+00  5.30250000e-09  1.94994796e+00  5.30250000e-09  1.11784897e+00 
 5.30350000e-09  1.92573324e+00  5.30350000e-09  1.94994330e+00  5.30350000e-09  1.19064468e+00 
 5.35550000e-09  1.19978550e+00  5.35550000e-09  1.94994280e+00  5.35550000e-09  1.94681036e+00 
 5.35650000e-09  1.14074754e+00  5.35650000e-09  1.94994767e+00  5.35650000e-09  1.94700486e+00 
 5.35750000e-09  1.08176443e+00  5.35750000e-09  1.94995168e+00  5.35750000e-09  1.94727936e+00 
 5.35850000e-09  1.02284187e+00  5.35850000e-09  1.94995575e+00  5.35850000e-09  1.94743836e+00 
 5.35950000e-09  9.63943955e-01  5.35950000e-09  1.94995905e+00  5.35950000e-09  1.94767629e+00 
 5.36050000e-09  9.05085489e-01  5.36050000e-09  1.94996245e+00  5.36050000e-09  1.94780587e+00 
 5.89750000e-09 -4.98059918e-03  5.89750000e-09  1.22699423e+00  5.89750000e-09  1.94990398e+00 
 5.89850000e-09 -6.15972352e-03  5.89850000e-09  1.14757172e+00  5.89850000e-09  1.94988663e+00 
 5.89950000e-09 -7.50633503e-03  5.89950000e-09  1.06702565e+00  5.89950000e-09  1.94987303e+00 
 5.90050000e-09 -9.09485069e-03  5.90050000e-09  9.85384097e-01  5.90050000e-09  1.94986914e+00 
 5.90150000e-09 -1.10027226e-02  5.90150000e-09  9.02812650e-01  5.90150000e-09  1.94987874e+00 
 5.90250000e-09 -1.29693019e-02  5.90250000e-09  8.19393095e-01  5.90250000e-09  1.94990353e+00 
 5.94050000e-09  9.11756213e-01  5.94050000e-09  3.62983594e-03  5.94050000e-09  1.94937677e+00 
 5.94150000e-09  9.56870204e-01  5.94150000e-09  3.53916746e-03  5.94150000e-09  1.94931983e+00 
 5.94250000e-09  1.00136806e+00  5.94250000e-09  3.45506400e-03  5.94250000e-09  1.94924192e+00 
 5.94350000e-09  1.04569257e+00  5.94350000e-09  3.38884382e-03  5.94350000e-09  1.94913721e+00 
 5.94450000e-09  1.09015784e+00  5.94450000e-09  3.33500219e-03  5.94450000e-09  1.94899372e+00 
 5.94550000e-09  1.13460472e+00  5.94550000e-09  3.30245408e-03  5.94550000e-09  1.94880684e+00 
 6.30050000e-09  1.94996454e+00  6.30050000e-09  8.89291914e-01  6.30050000e-09  1.94988110e+00 
 6.30150000e-09  1.94996492e+00  6.30150000e-09  9.50559743e-01  6.30150000e-09  1.94977744e+00 
 6.30250000e-09  1.94996541e+00  6.30250000e-09  1.01090531e+00  6.30250000e-09  1.94966646e+00 
 6.30350000e-09  1.94996580e+00  6.30350000e-09  1.07032546e+00  6.30350000e-09  1.94956764e+00 
 6.30450000e-09  1.94996628e+00  6.30450000e-09  1.12894882e+00  6.30450000e-09  1.94946541e+00 
 6.30550000e-09  1.94996667e+00  6.30550000e-09  1.18713713e+00  6.30550000e-09  1.94934681e+00 
 6.43450000e-09  1.96613652e+00  6.43450000e-09  1.94995635e+00  6.43450000e-09  1.19750267e+00 
 6.43550000e-09  1.97348586e+00  6.43550000e-09  1.94998359e+00  6.43550000e-09  1.13996785e+00 
 6.43650000e-09  1.98055449e+00  6.43650000e-09  1.95000965e+00  6.43650000e-09  1.08235427e+00 
 6.43750000e-09  1.98714872e+00  6.43750000e-09  1.95003656e+00  6.43750000e-09  1.02443494e+00 
 6.43850000e-09  1.99343401e+00  6.43850000e-09  1.95005681e+00  6.43850000e-09  9.66114451e-01 
 6.43950000e-09  1.99937201e+00  6.43950000e-09  1.95007333e+00  6.43950000e-09  9.07199105e-01 
 6.47750000e-09  1.20200857e+00  6.47750000e-09  1.95030674e+00  6.47750000e-09  1.00584363e-02 
 6.47850000e-09  1.14297017e+00  6.47850000e-09  1.95027409e+00  6.47850000e-09  9.22306918e-03 
 6.47950000e-09  1.08398386e+00  6.47950000e-09  1.95024310e+00  6.47950000e-09  8.49696065e-03 
 6.48050000e-09  1.02506144e+00  6.48050000e-09  1.95021412e+00  6.48050000e-09  7.83776457e-03 
 6.48150000e-09  9.66161576e-01  6.48150000e-09  1.95018793e+00  6.48150000e-09  7.27196302e-03 
 6.48250000e-09  9.07303305e-01  6.48250000e-09  1.95016421e+00  6.48250000e-09  6.75409495e-03 
 7.01950000e-09 -4.94985587e-03  7.01950000e-09  1.22959281e+00  7.01950000e-09 -7.24928425e-06 
 7.02050000e-09 -6.12488899e-03  7.02050000e-09  1.15020390e+00  7.02050000e-09 -8.06284377e-06 
 7.02150000e-09 -7.46601814e-03  7.02150000e-09  1.06969269e+00  7.02150000e-09 -5.83213200e-06 
 7.02250000e-09 -9.04660955e-03  7.02250000e-09  9.88077987e-01  7.02250000e-09 -2.19517593e-06 
 7.02350000e-09 -1.09633614e-02  7.02350000e-09  9.05533884e-01  7.02350000e-09  3.33431579e-06 
 7.02450000e-09 -1.29017200e-02  7.02450000e-09  8.22133186e-01  7.02450000e-09  8.47305365e-06 
 7.06250000e-09  9.10503253e-01  7.06250000e-09  3.43408841e-03  7.06250000e-09 -1.34238671e-04 
 7.06350000e-09  9.55640944e-01  7.06350000e-09  3.33535973e-03  7.06350000e-09 -1.41230785e-04 
 7.06450000e-09  1.00014960e+00  7.06450000e-09  3.23476429e-03  7.06450000e-09 -1.45569478e-04 
 7.06550000e-09  1.04447339e+00  7.06550000e-09  3.14324723e-03  7.06550000e-09 -1.48614334e-04 
 7.06650000e-09  1.08893423e+00  7.06650000e-09  3.05526095e-03  7.06650000e-09 -1.52408324e-04 
 7.06750000e-09  1.13338869e+00  7.06750000e-09  2.97936488e-03  7.06750000e-09 -1.56051944e-04 
 7.42250000e-09  1.94996453e+00  7.42250000e-09  8.86408117e-01  7.42250000e-09 -9.52841922e-05 
 7.42350000e-09  1.94996490e+00  7.42350000e-09  9.47880136e-01  7.42350000e-09 -1.17669882e-04 
 7.42450000e-09  1.94996540e+00  7.42450000e-09  1.00851991e+00  7.42450000e-09 -1.32520963e-04 
 7.42550000e-09  1.94996579e+00  7.42550000e-09  1.06832311e+00  7.42550000e-09 -1.40467901e-04 
 7.42650000e-09  1.94996628e+00  7.42650000e-09  1.12738818e+00  7.42650000e-09 -1.54063812e-04 
 7.42750000e-09  1.94996665e+00  7.42750000e-09  1.18595333e+00  7.42750000e-09 -1.68443049e-04 
 7.54250000e-09  1.93415462e+00  7.54250000e-09  1.94992151e+00  7.54250000e-09  8.67560668e-01 
 7.54350000e-09  1.93216771e+00  7.54350000e-09  1.94992791e+00  7.54350000e-09  9.28466047e-01 
 7.54450000e-09  1.93013515e+00  7.54450000e-09  1.94993459e+00  7.54450000e-09  9.88266962e-01 
 7.54550000e-09  1.92822272e+00  7.54550000e-09  1.94994019e+00  7.54550000e-09  1.04873697e+00 
 7.54650000e-09  1.92666611e+00  7.54650000e-09  1.94994773e+00  7.54650000e-09  1.11381473e+00 
 7.54750000e-09  1.92576555e+00  7.54750000e-09  1.94994338e+00  7.54750000e-09  1.18636457e+00 
 7.59950000e-09  1.20396989e+00  7.59950000e-09  1.94994247e+00  7.59950000e-09  1.94679239e+00 
 7.60050000e-09  1.14492996e+00  7.60050000e-09  1.94994746e+00  7.60050000e-09  1.94699415e+00 
 7.60150000e-09  1.08593965e+00  7.60150000e-09  1.94995140e+00  7.60150000e-09  1.94726383e+00 
 7.60250000e-09  1.02701638e+00  7.60250000e-09  1.94995559e+00  7.60250000e-09  1.94742962e+00 
 7.60350000e-09  9.68113844e-01  7.60350000e-09  1.94995881e+00  7.60350000e-09  1.94766280e+00 
 7.60450000e-09  9.09254992e-01  7.60450000e-09  1.94996232e+00  7.60450000e-09  1.94779876e+00 
 8.14150000e-09 -4.92148425e-03  8.14150000e-09  1.23210206e+00  8.14150000e-09  1.94990508e+00 
 8.14250000e-09 -6.09305375e-03  8.14250000e-09  1.15275308e+00  8.14250000e-09  1.94988773e+00 
 8.14350000e-09 -7.42906591e-03  8.14350000e-09  1.07228395e+00  8.14350000e-09  1.94987365e+00 
 8.14450000e-09 -9.00235045e-03  8.14450000e-09  9.90704054e-01  8.14450000e-09  1.94986903e+00 
 8.14550000e-09 -1.09277089e-02  8.14550000e-09  9.08194920e-01  8.14550000e-09  1.94987763e+00 
 8.14650000e-09 -1.28393439e-02  8.14650000e-09  8.24820231e-01  8.14650000e-09  1.94990146e+00 
 8.18450000e-09  9.09333461e-01  8.18450000e-09  3.63528025e-03  8.18450000e-09  1.94938002e+00 
 8.18550000e-09  9.54493597e-01  8.18550000e-09  3.54504110e-03  8.18550000e-09  1.94932407e+00 
 8.18650000e-09  9.99012577e-01  8.18650000e-09  3.45920700e-03  8.18650000e-09  1.94924771e+00 
 8.18750000e-09  1.04333593e+00  8.18750000e-09  3.39296805e-03  8.18750000e-09  1.94914507e+00 
 8.18850000e-09  1.08779252e+00  8.18850000e-09  3.33710717e-03  8.18850000e-09  1.94900429e+00 
 8.18950000e-09  1.13225364e+00  8.18950000e-09  3.30434434e-03  8.18950000e-09  1.94882048e+00 
 8.54450000e-09  1.94996452e+00  8.54450000e-09  8.86063436e-01  8.54450000e-09  1.94988612e+00 
 8.54550000e-09  1.94996489e+00  8.54550000e-09  9.47381133e-01  8.54550000e-09  1.94978317e+00 
 8.54650000e-09  1.94996539e+00  8.54650000e-09  1.00777457e+00  8.54650000e-09  1.94967213e+00 
 8.54750000e-09  1.94996577e+00  8.54750000e-09  1.06723857e+00  8.54750000e-09  1.94957264e+00 
 8.54850000e-09  1.94996627e+00  8.54850000e-09  1.12589700e+00  8.54850000e-09  1.94947131e+00 
 8.54950000e-09  1.94996663e+00  8.54950000e-09  1.18409256e+00  8.54950000e-09  1.94935362e+00 
 8.67850000e-09  1.96570476e+00  8.67850000e-09  1.94995509e+00  8.67850000e-09  1.20052822e+00 
 8.67950000e-09  1.97306697e+00  8.67950000e-09  1.94998212e+00  8.67950000e-09  1.14299351e+00 
 8.68050000e-09  1.98015972e+00  8.68050000e-09  1.95000824e+00  8.68050000e-09  1.08539180e+00 
 8.68150000e-09  1.98677392e+00  8.68150000e-09  1.95003520e+00  8.68150000e-09  1.02748898e+00 
 8.68250000e-09  1.99308024e+00  8.68250000e-09  1.95005593e+00  8.68250000e-09  9.69196820e-01 
 8.68350000e-09  1.99903424e+00  8.68350000e-09  1.95007253e+00  8.68350000e-09  9.10312257e-01 
 8.72150000e-09  1.20544843e+00  8.72150000e-09  1.95030851e+00  8.72150000e-09  1.01038031e-02 
 8.72250000e-09  1.14640874e+00  8.72250000e-09  1.95027588e+00  8.72250000e-09  9.26555368e-03 
 8.72350000e-09  1.08741669e+00  8.72350000e-09  1.95024471e+00  8.72350000e-09  8.53247378e-03 
 8.72450000e-09  1.02849389e+00  8.72450000e-09  1.95021567e+00  8.72450000e-09  7.87131817e-03 
 8.72550000e-09  9.69590377e-01  8.72550000e-09  1.95018926e+00  8.72550000e-09  7.29942009e-03 
 8.72650000e-09  9.10732010e-01  8.72650000e-09  1.95016546e+00  8.72650000e-09  6.78058506e-03 
 9.26350000e-09 -4.88275234e-03  9.26350000e-09  1.23445416e+00  9.26350000e-09 -7.27236641e-06 
 9.26450000e-09 -6.04972512e-03  9.26450000e-09  1.15513564e+00  9.26450000e-09 -8.00499317e-06 
 9.26550000e-09 -7.37889759e-03  9.26550000e-09  1.07469798e+00  9.26550000e-09 -6.10753556e-06 
 9.26650000e-09 -8.94004090e-03  9.26650000e-09  9.93142476e-01  9.26650000e-09 -2.41057853e-06 
 9.26750000e-09 -1.08758307e-02  9.26750000e-09  9.10658191e-01  9.26750000e-09  2.93455588e-06 
 9.26850000e-09 -1.27479859e-02  9.26850000e-09  8.27300727e-01  9.26850000e-09  8.16472880e-06 
 9.30650000e-09  9.07647051e-01  9.30650000e-09  3.43983604e-03  9.30650000e-09 -1.33693728e-04 
 9.30750000e-09  9.52840057e-01  9.30750000e-09  3.34201208e-03  9.30750000e-09 -1.40862208e-04 
 9.30850000e-09  9.97374369e-01  9.30850000e-09  3.24027555e-03  9.30850000e-09 -1.45410935e-04 
 9.30950000e-09  1.04169746e+00  9.30950000e-09  3.14924500e-03  9.30950000e-09 -1.48371393e-04 
 9.31050000e-09  1.08614777e+00  9.31050000e-09  3.05991882e-03  9.31050000e-09 -1.52176524e-04 
 9.31150000e-09  1.13061780e+00  9.31150000e-09  2.98428328e-03  9.31150000e-09 -1.55837835e-04 
 9.66650000e-09  1.94996451e+00  9.66650000e-09  8.82538400e-01  9.66650000e-09 -9.34608301e-05 
 9.66750000e-09  1.94996487e+00  9.66750000e-09  9.44060199e-01  9.66750000e-09 -1.16533763e-04 
 9.66850000e-09  1.94996538e+00  9.66850000e-09  1.00475272e+00  9.66850000e-09 -1.31736860e-04 
 9.66950000e-09  1.94996575e+00  9.66950000e-09  1.06460672e+00  9.66950000e-09 -1.39990800e-04 
 9.67050000e-09  1.94996625e+00  9.67050000e-09  1.12371228e+00  9.67050000e-09 -1.53193237e-04 
 9.67150000e-09  1.94996661e+00  9.67150000e-09  1.18229802e+00  9.67150000e-09 -1.67420397e-04 
 9.78650000e-09  1.93427444e+00  9.78650000e-09  1.94992125e+00  9.78650000e-09  8.63704591e-01 
 9.78750000e-09  1.93229506e+00  9.78750000e-09  1.94992739e+00  9.78750000e-09  9.24705388e-01 
 9.78850000e-09  1.93026091e+00  9.78850000e-09  1.94993429e+00  9.78850000e-09  9.84546843e-01 
 9.78950000e-09  1.92833494e+00  9.78950000e-09  1.94993983e+00  9.78950000e-09  1.04485447e+00 
 9.79050000e-09  1.92674725e+00  9.79050000e-09  1.94994745e+00  9.79050000e-09  1.10952259e+00 
 9.79150000e-09  1.92579712e+00  9.79150000e-09  1.94994352e+00  9.79150000e-09  1.18176594e+00 
 9.84350000e-09  1.20771008e+00  9.84350000e-09  1.94994211e+00  9.84350000e-09  1.94677306e+00 
 9.84450000e-09  1.14866884e+00  9.84450000e-09  1.94994724e+00  9.84450000e-09  1.94698326e+00 
 9.84550000e-09  1.08967221e+00  9.84550000e-09  1.94995108e+00  9.84550000e-09  1.94724709e+00 
 9.84650000e-09  1.03074851e+00  9.84650000e-09  1.94995541e+00  9.84650000e-09  1.94742079e+00 
 9.84750000e-09  9.71841963e-01  9.84750000e-09  1.94995854e+00  9.84750000e-09  1.94764824e+00 
 9.84850000e-09  9.12983044e-01  9.84850000e-09  1.94996218e+00  9.84850000e-09  1.94779165e+00 
 1.03855000e-08 -4.82734634e-03  1.03855000e-08  1.23797956e+00  1.03855000e-08  1.94990634e+00 
 1.03865000e-08 -5.98766166e-03  1.03865000e-08  1.15871622e+00  1.03865000e-08  1.94988901e+00 
 1.03875000e-08 -7.30700749e-03  1.03875000e-08  1.07833639e+00  1.03875000e-08  1.94987441e+00 
 1.03885000e-08 -8.85661615e-03  1.03885000e-08  9.96828308e-01  1.03885000e-08  1.94986898e+00 
 1.03895000e-08 -1.07857409e-02  1.03895000e-08  9.14391841e-01  1.03895000e-08  1.94987644e+00 
 1.03905000e-08 -1.26371301e-02  1.03905000e-08  8.31069831e-01  1.03905000e-08  1.94989917e+00 
 1.04285000e-08  9.05460224e-01  1.04285000e-08  3.64210078e-03  1.04285000e-08  1.94938366e+00 
 1.04295000e-08  9.50696515e-01  1.04295000e-08  3.55231688e-03  1.04295000e-08  1.94932882e+00 
 1.04305000e-08  9.95252070e-01  1.04305000e-08  3.46449868e-03  1.04305000e-08  1.94925418e+00 
 1.04315000e-08  1.03957524e+00  1.04315000e-08  3.39820701e-03  1.04315000e-08  1.94915386e+00 
 1.04325000e-08  1.08401777e+00  1.04325000e-08  3.34003320e-03  1.04325000e-08  1.94901614e+00 
 1.04335000e-08  1.12849776e+00  1.04335000e-08  3.30699634e-03  1.04335000e-08  1.94883583e+00 
 1.07885000e-08  1.94996449e+00  1.07885000e-08  8.80872539e-01  1.07885000e-08  1.94989408e+00 
 1.07895000e-08  1.94996485e+00  1.07895000e-08  9.42266331e-01  1.07895000e-08  1.94979245e+00 
 1.07905000e-08  1.94996536e+00  1.07905000e-08  1.00273803e+00  1.07905000e-08  1.94968155e+00 
 1.07915000e-08  1.94996573e+00  1.07915000e-08  1.06227782e+00  1.07915000e-08  1.94958018e+00 
 1.07925000e-08  1.94996624e+00  1.07925000e-08  1.12099449e+00  1.07925000e-08  1.94948036e+00 
 1.07935000e-08  1.94996659e+00  1.07935000e-08  1.17920666e+00  1.07935000e-08  1.94936425e+00 
 1.09235000e-08  1.97255203e+00  1.09235000e-08  1.94997979e+00  1.09235000e-08  1.14780165e+00 
 1.09245000e-08  1.97966822e+00  1.09245000e-08  1.95000598e+00  1.09245000e-08  1.09021784e+00 
 1.09255000e-08  1.98631291e+00  1.09255000e-08  1.95003298e+00  1.09255000e-08  1.03234095e+00 
 1.09265000e-08  1.99264425e+00  1.09265000e-08  1.95005446e+00  1.09265000e-08  9.74093244e-01 
 1.09275000e-08  1.99861863e+00  1.09275000e-08  1.95007120e+00  1.09275000e-08  9.15257825e-01 
 1.09285000e-08  2.00432710e+00  1.09285000e-08  1.95008230e+00  1.09285000e-08  8.55810061e-01 
 1.09665000e-08  1.15058033e+00  1.09665000e-08  1.95027869e+00  1.09665000e-08  9.33498970e-03 
 1.09675000e-08  1.09158132e+00  1.09675000e-08  1.95024725e+00  1.09675000e-08  8.59254848e-03 
 1.09685000e-08  1.03265805e+00  1.09685000e-08  1.95021812e+00  1.09685000e-08  7.92599075e-03 
 1.09695000e-08  9.73750169e-01  1.09695000e-08  1.95019136e+00  1.09695000e-08  7.34616474e-03 
 1.09705000e-08  9.14891786e-01  1.09705000e-08  1.95016744e+00  1.09705000e-08  6.82356952e-03 
 1.09715000e-08  8.56053063e-01  1.09715000e-08  1.95014609e+00  1.09715000e-08  6.37125371e-03 
 1.15075000e-08 -4.79137640e-03  1.15075000e-08  1.24052112e+00  1.15075000e-08 -7.30054038e-06 
 1.15085000e-08 -5.94741154e-03  1.15085000e-08  1.16129153e+00  1.15085000e-08 -7.91557211e-06 
 1.15095000e-08 -7.26143929e-03  1.15095000e-08  1.08094626e+00  1.15095000e-08 -6.44208472e-06 
 1.15105000e-08 -8.80326638e-03  1.15105000e-08  9.99465043e-01  1.15105000e-08 -2.66928121e-06 
 1.15115000e-08 -1.07145165e-02  1.15115000e-08  9.17056098e-01  1.15115000e-08  2.43314361e-06 
 1.15125000e-08 -1.25656231e-02  1.15125000e-08  8.33753360e-01  1.15125000e-08  7.81658633e-06 
 1.15505000e-08  9.03981508e-01  1.15505000e-08  3.44730466e-03  1.15505000e-08 -1.32992466e-04 
 1.15515000e-08  9.49247381e-01  1.15515000e-08  3.35058398e-03  1.15515000e-08 -1.40391118e-04 
 1.15525000e-08  9.93817750e-01  1.15525000e-08  3.24744037e-03  1.15525000e-08 -1.45208065e-04 
 1.15535000e-08  1.03814119e+00  1.15535000e-08  3.15699795e-03  1.15535000e-08 -1.48064794e-04 
 1.15545000e-08  1.08257833e+00  1.15545000e-08  3.06601573e-03  1.15545000e-08 -1.51884345e-04 
 1.15555000e-08  1.12706411e+00  1.15555000e-08  2.99067297e-03  1.15555000e-08 -1.55566625e-04 
 1.19105000e-08  1.94996448e+00  1.19105000e-08  8.77681405e-01  1.19105000e-08 -9.11597311e-05 
 1.19115000e-08  1.94996483e+00  1.19115000e-08  9.39266892e-01  1.19115000e-08 -1.15100138e-04 
 1.19125000e-08  1.94996535e+00  1.19125000e-08  1.00002529e+00  1.19125000e-08 -1.30724728e-04 
 1.19135000e-08  1.94996571e+00  1.19135000e-08  1.05994690e+00  1.19135000e-08 -1.39450468e-04 
 1.19145000e-08  1.94996623e+00  1.19145000e-08  1.11910782e+00  1.19145000e-08 -1.52160832e-04 
 1.19155000e-08  1.94996658e+00  1.19155000e-08  1.17772209e+00  1.19155000e-08 -1.66128111e-04 
 1.20305000e-08  1.93438969e+00  1.20305000e-08  1.94992094e+00  1.20305000e-08  8.58900104e-01 
 1.20315000e-08  1.93241811e+00  1.20315000e-08  1.94992674e+00  1.20315000e-08  9.20021446e-01 
 1.20325000e-08  1.93038306e+00  1.20325000e-08  1.94993390e+00  1.20325000e-08  9.79919430e-01 
 1.20335000e-08  1.92844492e+00  1.20335000e-08  1.94993937e+00  1.20335000e-08  1.04005821e+00 
 1.20345000e-08  1.92682843e+00  1.20345000e-08  1.94994704e+00  1.20345000e-08  1.10424229e+00 
 1.20355000e-08  1.92583143e+00  1.20355000e-08  1.94994379e+00  1.20355000e-08  1.17604094e+00 
 1.20885000e-08  1.15224261e+00  1.20885000e-08  1.94994693e+00  1.20885000e-08  1.94697012e+00 
 1.20895000e-08  1.09323991e+00  1.20895000e-08  1.94995073e+00  1.20895000e-08  1.94722562e+00 
 1.20905000e-08  1.03431536e+00  1.20905000e-08  1.94995516e+00  1.20905000e-08  1.94741021e+00 
 1.20915000e-08  9.75405012e-01  1.20915000e-08  1.94995824e+00  1.20915000e-08  1.94762951e+00 
 1.20925000e-08  9.16545757e-01  1.20925000e-08  1.94996198e+00  1.20925000e-08  1.94778318e+00 
 1.20935000e-08  8.57704362e-01  1.20935000e-08  1.94996446e+00  1.20935000e-08  1.94797206e+00 
 1.26295000e-08 -4.76128015e-03  1.26295000e-08  1.24354256e+00  1.26295000e-08  1.94990750e+00 
 1.26305000e-08 -5.91365686e-03  1.26305000e-08  1.16436107e+00  1.26305000e-08  1.94989024e+00 
 1.26315000e-08 -7.22134780e-03  1.26315000e-08  1.08406629e+00  1.26315000e-08  1.94987516e+00 
 1.26325000e-08 -8.75459291e-03  1.26325000e-08  1.00262684e+00  1.26325000e-08  1.94986901e+00 
 1.26335000e-08 -1.06507280e-02  1.26335000e-08  9.20259994e-01  1.26335000e-08  1.94987539e+00 
 1.26345000e-08 -1.24998800e-02  1.26345000e-08  8.36989036e-01  1.26345000e-08  1.94989709e+00 
 1.26725000e-08  9.02656067e-01  1.26725000e-08  3.64898053e-03  1.26725000e-08  1.94938723e+00 
 1.26735000e-08  9.47949043e-01  1.26735000e-08  3.55961280e-03  1.26735000e-08  1.94933340e+00 
 1.26745000e-08  9.92535502e-01  1.26745000e-08  3.46992152e-03  1.26745000e-08  1.94926034e+00 
 1.26755000e-08  1.03686088e+00  1.26755000e-08  3.40357115e-03  1.26755000e-08  1.94916218e+00 
 1.26765000e-08  1.08129191e+00  1.26765000e-08  3.34317936e-03  1.26765000e-08  1.94902733e+00 
 1.26775000e-08  1.12578169e+00  1.26775000e-08  3.30982395e-03  1.26775000e-08  1.94885043e+00 
 1.30325000e-08  1.94996447e+00  1.30325000e-08  8.77032407e-01  1.30325000e-08  1.94989968e+00 
 1.30335000e-08  1.94996482e+00  1.30335000e-08  9.38480201e-01  1.30335000e-08  1.94979913e+00 
 1.30345000e-08  1.94996534e+00  1.30345000e-08  9.99007581e-01  1.30345000e-08  1.94968836e+00 
 1.30355000e-08  1.94996570e+00  1.30355000e-08  1.05860799e+00  1.30355000e-08  1.94958544e+00 
 1.30365000e-08  1.94996621e+00  1.30365000e-08  1.11737302e+00  1.30365000e-08  1.94948686e+00 
 1.30375000e-08  1.94996656e+00  1.30375000e-08  1.17561822e+00  1.30375000e-08  1.94937173e+00 
 1.31675000e-08  1.97211654e+00  1.31675000e-08  1.94997810e+00  1.31675000e-08  1.15117179e+00 
 1.31685000e-08  1.97925061e+00  1.31685000e-08  1.95000440e+00  1.31685000e-08  1.09359674e+00 
 1.31695000e-08  1.98592544e+00  1.31695000e-08  1.95003146e+00  1.31695000e-08  1.03573993e+00 
 1.31705000e-08  1.99227539e+00  1.31705000e-08  1.95005348e+00  1.31705000e-08  9.77519595e-01 
 1.31715000e-08  1.99827072e+00  1.31715000e-08  1.95007032e+00  1.31715000e-08  9.18720072e-01 
 1.31725000e-08  2.00399417e+00  1.31725000e-08  1.95008191e+00  1.31725000e-08  8.59311325e-01 
 1.32105000e-08  1.15406871e+00  1.32105000e-08  1.95028064e+00  1.32105000e-08  9.38144125e-03 
 1.32115000e-08  1.09506408e+00  1.32115000e-08  1.95024901e+00  1.32115000e-08  8.63417553e-03 
 1.32125000e-08  1.03614011e+00  1.32125000e-08  1.95021982e+00  1.32125000e-08  7.96245597e-03 
 1.32135000e-08  9.77228773e-01  1.32135000e-08  1.95019282e+00  1.32135000e-08  7.37872827e-03 
 1.32145000e-08  9.18370201e-01  1.32145000e-08  1.95016881e+00  1.32145000e-08  6.85211515e-03 
 1.32155000e-08  8.59527317e-01  1.32155000e-08  1.95014720e+00  1.32155000e-08  6.39677758e-03 
 1.37515000e-08 -4.72709210e-03  1.37515000e-08  1.24489674e+00  1.37515000e-08 -7.29604207e-06 
 1.37525000e-08 -5.87546871e-03  1.37525000e-08  1.16573199e+00  1.37525000e-08 -7.85832994e-06 
 1.37535000e-08 -7.17729818e-03  1.37535000e-08  1.08545409e+00  1.37535000e-08 -6.65484534e-06 
 1.37545000e-08 -8.70020069e-03  1.37545000e-08  1.00402747e+00  1.37545000e-08 -2.86522515e-06 
 1.37555000e-08 -1.05775525e-02  1.37555000e-08  9.21673779e-01  1.37555000e-08  2.08796331e-06 
 1.37565000e-08 -1.24255550e-02  1.37565000e-08  8.38411541e-01  1.37565000e-08  7.55025425e-06 
 1.37945000e-08  9.01156064e-01  1.37945000e-08  3.45246128e-03  1.37945000e-08 -1.32490485e-04 
 1.37955000e-08  9.46480195e-01  1.37955000e-08  3.35657924e-03  1.37955000e-08 -1.40039258e-04 
 1.37965000e-08  9.91082848e-01  1.37965000e-08  3.25244624e-03  1.37965000e-08 -1.45055717e-04 
 1.37975000e-08  1.03540957e+00  1.37975000e-08  3.16245708e-03  1.37975000e-08 -1.47814958e-04 
 1.37985000e-08  1.07983510e+00  1.37985000e-08  3.07029498e-03  1.37985000e-08 -1.51673919e-04 
 1.37995000e-08  1.12432960e+00  1.37995000e-08  2.99517005e-03  1.37995000e-08 -1.55354780e-04 
 1.41545000e-08  1.94996445e+00  1.41545000e-08  8.73778234e-01  1.41545000e-08 -8.92751551e-05 
 1.41555000e-08  1.94996480e+00  1.41555000e-08  9.35415001e-01  1.41555000e-08 -1.13918844e-04 
 1.41565000e-08  1.94996532e+00  1.41565000e-08  9.96223899e-01  1.41565000e-08 -1.29830940e-04 
 1.41575000e-08  1.94996568e+00  1.41575000e-08  1.05619532e+00  1.41575000e-08 -1.38910939e-04 
 1.41585000e-08  1.94996620e+00  1.41585000e-08  1.11540431e+00  1.41585000e-08 -1.51422220e-04 
 1.41595000e-08  1.94996655e+00  1.41595000e-08  1.17406014e+00  1.41595000e-08 -1.65443646e-04 
 1.42745000e-08  1.93451439e+00  1.42745000e-08  1.94992075e+00  1.42745000e-08  8.54989447e-01 
 1.42755000e-08  1.93255184e+00  1.42755000e-08  1.94992624e+00  1.42755000e-08  9.16211352e-01 
 1.42765000e-08  1.93051651e+00  1.42765000e-08  1.94993358e+00  1.42765000e-08  9.76161696e-01 
 1.42775000e-08  1.92856598e+00  1.42775000e-08  1.94993898e+00  1.42775000e-08  1.03618881e+00 
 1.42785000e-08  1.92691942e+00  1.42785000e-08  1.94994666e+00  1.42785000e-08  1.10000510e+00 
 1.42795000e-08  1.92587243e+00  1.42795000e-08  1.94994409e+00  1.42795000e-08  1.17139424e+00 
 1.43325000e-08  1.15611668e+00  1.43325000e-08  1.94994665e+00  1.43325000e-08  1.94695892e+00 
 1.43335000e-08  1.09710775e+00  1.43335000e-08  1.94995046e+00  1.43335000e-08  1.94720698e+00 
 1.43345000e-08  1.03818239e+00  1.43345000e-08  1.94995493e+00  1.43345000e-08  1.94740121e+00 
 1.43355000e-08  9.79268216e-01  1.43355000e-08  1.94995802e+00  1.43355000e-08  1.94761324e+00 
 1.43365000e-08  9.20408775e-01  1.43365000e-08  1.94996180e+00  1.43365000e-08  1.94777601e+00 
 1.43375000e-08  8.61562821e-01  1.43375000e-08  1.94996427e+00  1.43375000e-08  1.94795781e+00 
 1.48735000e-08 -4.68767930e-03  1.48735000e-08  1.24764081e+00  1.48735000e-08  1.94990838e+00 
 1.48745000e-08 -5.83175639e-03  1.48745000e-08  1.16852030e+00  1.48745000e-08  1.94989115e+00 
 1.48755000e-08 -7.12773062e-03  1.48755000e-08  1.08828853e+00  1.48755000e-08  1.94987576e+00 
 1.48765000e-08 -8.64221009e-03  1.48765000e-08  1.00690031e+00  1.48765000e-08  1.94986906e+00 
 1.48775000e-08 -1.05017159e-02  1.48775000e-08  9.24585601e-01  1.48775000e-08  1.94987467e+00 
 1.48785000e-08 -1.23481328e-02  1.48785000e-08  8.41352765e-01  1.48785000e-08  1.94989560e+00 
 1.49165000e-08  8.99522262e-01  1.49165000e-08  3.65349913e-03  1.49165000e-08  1.94938961e+00 
 1.49175000e-08  9.44880856e-01  1.49175000e-08  3.56445846e-03  1.49175000e-08  1.94933653e+00 
 1.49185000e-08  9.89501612e-01  1.49185000e-08  3.47345378e-03  1.49185000e-08  1.94926460e+00 
 1.49195000e-08  1.03383027e+00  1.49195000e-08  3.40706959e-03  1.49195000e-08  1.94916800e+00 
 1.49205000e-08  1.07824976e+00  1.49205000e-08  3.34512944e-03  1.49205000e-08  1.94903521e+00 
 1.49215000e-08  1.12274867e+00  1.49215000e-08  3.31155886e-03  1.49215000e-08  1.94886078e+00 
 1.52765000e-08  1.94996444e+00  1.52765000e-08  8.72756336e-01  1.52765000e-08  1.94989893e+00 
 1.52775000e-08  1.94996478e+00  1.52775000e-08  9.34266638e-01  1.52775000e-08  1.94980092e+00 
 1.52785000e-08  1.94996531e+00  1.52785000e-08  9.94858374e-01  1.52785000e-08  1.94969144e+00 
 1.52795000e-08  1.94996566e+00  1.52795000e-08  1.05452222e+00  1.52795000e-08  1.94958782e+00 
 1.52805000e-08  1.94996619e+00  1.52805000e-08  1.11333781e+00  1.52805000e-08  1.94949123e+00 
 1.52815000e-08  1.94996653e+00  1.52815000e-08  1.17158648e+00  1.52815000e-08  1.94937813e+00 
 1.54115000e-08  1.97160516e+00  1.54115000e-08  1.94997612e+00  1.54115000e-08  1.15524387e+00 
 1.54125000e-08  1.97875950e+00  1.54125000e-08  1.95000248e+00  1.54125000e-08  1.09767606e+00 
 1.54135000e-08  1.98546904e+00  1.54135000e-08  1.95002958e+00  1.54135000e-08  1.03984526e+00 
 1.54145000e-08  1.99184060e+00  1.54145000e-08  1.95005223e+00  1.54145000e-08  9.81655225e-01 
 1.54155000e-08  1.99786042e+00  1.54155000e-08  1.95006918e+00  1.54155000e-08  9.22901039e-01 
 1.54165000e-08  2.00360154e+00  1.54165000e-08  1.95008138e+00  1.54165000e-08  8.63537396e-01 
 1.54545000e-08  1.15825157e+00  1.54545000e-08  1.95028271e+00  1.54545000e-08  9.43427952e-03 
 1.54555000e-08  1.09924011e+00  1.54555000e-08  1.95025086e+00  1.54555000e-08  8.68288356e-03 
 1.54565000e-08  1.04031506e+00  1.54565000e-08  1.95022167e+00  1.54565000e-08  8.00381320e-03 
 1.54575000e-08  9.81399538e-01  1.54575000e-08  1.95019437e+00  1.54575000e-08  7.41696298e-03 
 1.54585000e-08  9.22540647e-01  1.54585000e-08  1.95017032e+00  1.54585000e-08  6.88435033e-03 
 1.54595000e-08  8.63692850e-01  1.54595000e-08  1.95014839e+00  1.54595000e-08  6.42686327e-03 
 1.59955000e-08 -4.64682950e-03  1.59955000e-08  1.24987883e+00  1.59955000e-08 -7.28364729e-06 
 1.59965000e-08 -5.78584876e-03  1.59965000e-08  1.17078792e+00  1.59965000e-08 -7.79207107e-06 
 1.59975000e-08 -7.07405025e-03  1.59975000e-08  1.09058634e+00  1.59975000e-08 -6.88182495e-06 
 1.59985000e-08 -8.57789523e-03  1.59985000e-08  1.00922141e+00  1.59985000e-08 -3.08790478e-06 
 1.59995000e-08 -1.04191648e-02  1.59995000e-08  9.26930437e-01  1.59995000e-08  1.70298518e-06 
 1.60005000e-08 -1.22638191e-02  1.60005000e-08  8.43714147e-01  1.60005000e-08  7.24642009e-06 
 1.60385000e-08  8.97742188e-01  1.60385000e-08  3.45803062e-03  1.60385000e-08 -1.31914035e-04 
 1.60395000e-08  9.43139048e-01  1.60395000e-08  3.36311801e-03  1.60395000e-08 -1.39635232e-04 
 1.60405000e-08  9.87780179e-01  1.60405000e-08  3.25787914e-03  1.60405000e-08 -1.44895625e-04 
 1.60415000e-08  1.03211159e+00  1.60415000e-08  3.16841961e-03  1.60415000e-08 -1.47550383e-04 
 1.60425000e-08  1.07652210e+00  1.60425000e-08  3.07493335e-03  1.60425000e-08 -1.51450551e-04 
 1.60435000e-08  1.12102492e+00  1.60435000e-08  3.00007072e-03  1.60435000e-08 -1.55126650e-04 
 1.63985000e-08  1.94996442e+00  1.63985000e-08  8.69304906e-01  1.63985000e-08 -8.70718529e-05 
 1.63995000e-08  1.94996477e+00  1.63995000e-08  9.31000112e-01  1.63995000e-08 -1.12529678e-04 
 1.64005000e-08  1.94996529e+00  1.64005000e-08  9.91869086e-01  1.64005000e-08 -1.28842990e-04 
 1.64015000e-08  1.94996564e+00  1.64015000e-08  1.05190076e+00  1.64015000e-08 -1.38341426e-04 
 1.64025000e-08  1.94996617e+00  1.64025000e-08  1.11115359e+00  1.64025000e-08 -1.50316857e-04 
 1.64035000e-08  1.94996651e+00  1.64035000e-08  1.16982341e+00  1.64035000e-08 -1.64081549e-04 
 1.65185000e-08  1.93467920e+00  1.65185000e-08  1.94992057e+00  1.65185000e-08  8.50521657e-01 
 1.65195000e-08  1.93272960e+00  1.65195000e-08  1.94992565e+00  1.65195000e-08  9.11858262e-01 
 1.65205000e-08  1.93069503e+00  1.65205000e-08  1.94993320e+00  1.65205000e-08  9.71872218e-01 
 1.65215000e-08  1.92872949e+00  1.65215000e-08  1.94993852e+00  1.65215000e-08  1.03179449e+00 
 1.65225000e-08  1.92704507e+00  1.65225000e-08  1.94994617e+00  1.65225000e-08  1.09521836e+00 
 1.65235000e-08  1.92593335e+00  1.65235000e-08  1.94994449e+00  1.65235000e-08  1.16609022e+00 
 1.65765000e-08  1.16133882e+00  1.65765000e-08  1.94994635e+00  1.65765000e-08  1.94694745e+00 
 1.65775000e-08  1.10232138e+00  1.65775000e-08  1.94995015e+00  1.65775000e-08  1.94718616e+00 
 1.65785000e-08  1.04339463e+00  1.65785000e-08  1.94995468e+00  1.65785000e-08  1.94739211e+00 
 1.65795000e-08  9.84475258e-01  1.65795000e-08  1.94995775e+00  1.65795000e-08  1.94759503e+00 
 1.65805000e-08  9.25615476e-01  1.65805000e-08  1.94996159e+00  1.65805000e-08  1.94776885e+00 
 1.65815000e-08  8.66763508e-01  1.65815000e-08  1.94996405e+00  1.65815000e-08  1.94794180e+00 
 1.71175000e-08 -4.59622880e-03  1.71175000e-08  1.25443069e+00  1.71175000e-08  1.94990984e+00 
 1.71185000e-08 -5.72939212e-03  1.71185000e-08  1.17541875e+00  1.71185000e-08  1.94989265e+00 
 1.71195000e-08 -7.00909735e-03  1.71195000e-08  1.09528509e+00  1.71195000e-08  1.94987683e+00 
 1.71205000e-08 -8.50112248e-03  1.71205000e-08  1.01398761e+00  1.71205000e-08  1.94986919e+00 
 1.71215000e-08 -1.03145538e-02  1.71215000e-08  9.31753388e-01  1.71215000e-08  1.94987358e+00 
 1.71225000e-08 -1.21502560e-02  1.71225000e-08  8.48589167e-01  1.71225000e-08  1.94989319e+00 
 1.71615000e-08  9.40822043e-01  1.71615000e-08  3.57220423e-03  1.71615000e-08  1.94934177e+00 
 1.71625000e-08  9.85491190e-01  1.71625000e-08  3.48003201e-03  1.71625000e-08  1.94927165e+00 
 1.71635000e-08  1.02982720e+00  1.71635000e-08  3.41260852e-03  1.71635000e-08  1.94917767e+00 
 1.71645000e-08  1.07422927e+00  1.71645000e-08  3.34899125e-03  1.71645000e-08  1.94904829e+00 
 1.71655000e-08  1.11873617e+00  1.71655000e-08  3.31409497e-03  1.71655000e-08  1.94887808e+00 
 1.71665000e-08  1.16288347e+00  1.71665000e-08  3.28543333e-03  1.71665000e-08  1.94866018e+00 
 1.75205000e-08  1.94996440e+00  1.75205000e-08  8.67304122e-01  1.75205000e-08  1.94991052e+00 
 1.75215000e-08  1.94996474e+00  1.75215000e-08  9.28895405e-01  1.75215000e-08  1.94981317e+00 
 1.75225000e-08  1.94996527e+00  1.75225000e-08  9.89570677e-01  1.75225000e-08  1.94970348e+00 
 1.75235000e-08  1.94996562e+00  1.75235000e-08  1.04931578e+00  1.75235000e-08  1.94959757e+00 
 1.75245000e-08  1.94996615e+00  1.75245000e-08  1.10819749e+00  1.75245000e-08  1.94950220e+00 
 1.75255000e-08  1.94996649e+00  1.75255000e-08  1.16647734e+00  1.75255000e-08  1.94939030e+00 
 1.76555000e-08  1.97091993e+00  1.76555000e-08  1.94997350e+00  1.76555000e-08  1.16017325e+00 
 1.76565000e-08  1.97810116e+00  1.76565000e-08  1.95000011e+00  1.76565000e-08  1.10261273e+00 
 1.76575000e-08  1.98485677e+00  1.76575000e-08  1.95002728e+00  1.76575000e-08  1.04481167e+00 
 1.76585000e-08  1.99125725e+00  1.76585000e-08  1.95005075e+00  1.76585000e-08  9.86656141e-01 
 1.76595000e-08  1.99731003e+00  1.76595000e-08  1.95006784e+00  1.76595000e-08  9.27954735e-01 
 1.76605000e-08  2.00307506e+00  1.76605000e-08  1.95008079e+00  1.76605000e-08  8.68643519e-01 
 1.76985000e-08  1.16376488e+00  1.76985000e-08  1.95028590e+00  1.76985000e-08  9.50299796e-03 
 1.76995000e-08  1.10474503e+00  1.76995000e-08  1.95025360e+00  1.76995000e-08  8.74704279e-03 
 1.77005000e-08  1.04581823e+00  1.77005000e-08  1.95022445e+00  1.77005000e-08  8.05754263e-03 
 1.77015000e-08  9.86897732e-01  1.77015000e-08  1.95019664e+00  1.77015000e-08  7.46742972e-03 
 1.77025000e-08  9.28038310e-01  1.77025000e-08  1.95017257e+00  1.77025000e-08  6.92614622e-03 
 1.77035000e-08  8.69184699e-01  1.77035000e-08  1.95015011e+00  1.77035000e-08  6.46666021e-03 
 1.82395000e-08 -4.55376554e-03  1.82395000e-08  1.25753455e+00  1.82395000e-08 -7.20827843e-06 
 1.82405000e-08 -5.68206299e-03  1.82405000e-08  1.17857200e+00  1.82405000e-08 -7.71826663e-06 
 1.82415000e-08 -6.95557229e-03  1.82415000e-08  1.09847561e+00  1.82415000e-08 -7.16757933e-06 
 1.82425000e-08 -8.43875345e-03  1.82425000e-08  1.01721773e+00  1.82425000e-08 -3.46036380e-06 
 1.82435000e-08 -1.02351959e-02  1.82435000e-08  9.35013168e-01  1.82435000e-08  1.16286722e-06 
 1.82445000e-08 -1.20694030e-02  1.82445000e-08  8.51878675e-01  1.82445000e-08  6.75916504e-06 
 1.82835000e-08  9.39072463e-01  1.82835000e-08  3.37240966e-03  1.82835000e-08 -1.39017265e-04 
 1.82845000e-08  9.83763985e-01  1.82845000e-08  3.26752568e-03  1.82845000e-08 -1.44665646e-04 
 1.82855000e-08  1.02810468e+00  1.82855000e-08  3.17695306e-03  1.82855000e-08 -1.47146708e-04 
 1.82865000e-08  1.07250096e+00  1.82865000e-08  3.08332004e-03  1.82865000e-08 -1.51091404e-04 
 1.82875000e-08  1.11701027e+00  1.82875000e-08  3.00705065e-03  1.82875000e-08 -1.54754284e-04 
 1.82885000e-08  1.16118197e+00  1.82885000e-08  2.93140176e-03  1.82885000e-08 -1.58054548e-04 
 1.86425000e-08  1.94996439e+00  1.86425000e-08  8.63501245e-01  1.86425000e-08 -8.49053789e-05 
 1.86435000e-08  1.94996473e+00  1.86435000e-08  9.25271683e-01  1.86435000e-08 -1.10193369e-04 
 1.86445000e-08  1.94996525e+00  1.86445000e-08  9.86220463e-01  1.86445000e-08 -1.27049089e-04 
 1.86455000e-08  1.94996560e+00  1.86455000e-08  1.04633301e+00  1.86455000e-08 -1.37164880e-04 
 1.86465000e-08  1.94996613e+00  1.86465000e-08  1.10565109e+00  1.86465000e-08 -1.48611468e-04 
 1.86475000e-08  1.94996647e+00  1.86475000e-08  1.16436380e+00  1.86475000e-08 -1.62360747e-04 
 1.87635000e-08  1.93290775e+00  1.87635000e-08  1.94992489e+00  1.87635000e-08  9.06193841e-01 
 1.87645000e-08  1.93087506e+00  1.87645000e-08  1.94993271e+00  1.87645000e-08  9.66296640e-01 
 1.87655000e-08  1.92889599e+00  1.87655000e-08  1.94993789e+00  1.87655000e-08  1.02611664e+00 
 1.87665000e-08  1.92717585e+00  1.87665000e-08  1.94994546e+00  1.87665000e-08  1.08907244e+00 
 1.87675000e-08  1.92600121e+00  1.87675000e-08  1.94994510e+00  1.87675000e-08  1.15920703e+00 
 1.87685000e-08  1.92565420e+00  1.87685000e-08  1.94994439e+00  1.87685000e-08  1.23254873e+00 
 1.88205000e-08  1.16656398e+00  1.88205000e-08  1.94994593e+00  1.88205000e-08  1.94693201e+00 
 1.88215000e-08  1.10754156e+00  1.88215000e-08  1.94994973e+00  1.88215000e-08  1.94715803e+00 
 1.88225000e-08  1.04860963e+00  1.88225000e-08  1.94995434e+00  1.88225000e-08  1.94737985e+00 
 1.88235000e-08  9.89688192e-01  1.88235000e-08  1.94995740e+00  1.88235000e-08  1.94757041e+00 
 1.88245000e-08  9.30824889e-01  1.88245000e-08  1.94996132e+00  1.88245000e-08  1.94775921e+00 
 1.88255000e-08  8.71969923e-01  1.88255000e-08  1.94996376e+00  1.88255000e-08  1.94792015e+00 
 1.93615000e-08 -4.49750708e-03  1.93615000e-08  1.26136475e+00  1.93615000e-08  1.94991133e+00 
 1.93625000e-08 -5.61940914e-03  1.93625000e-08  1.18247240e+00  1.93625000e-08  1.94989420e+00 
 1.93635000e-08 -6.88362096e-03  1.93635000e-08  1.10243274e+00  1.93635000e-08  1.94987800e+00 
 1.93645000e-08 -8.35396933e-03  1.93645000e-08  1.02123494e+00  1.93645000e-08  1.94986944e+00 
 1.93655000e-08 -1.01283858e-02  1.93655000e-08  9.39078148e-01  1.93655000e-08  1.94987261e+00 
 1.93665000e-08 -1.19608851e-02  1.93665000e-08  8.55990757e-01  1.93665000e-08  1.94989085e+00 
 1.94055000e-08  9.36693099e-01  1.94055000e-08  3.57981911e-03  1.94055000e-08  1.94934711e+00 
 1.94065000e-08  9.81415153e-01  1.94065000e-08  3.48756778e-03  1.94065000e-08  1.94927877e+00 
 1.94075000e-08  1.02576307e+00  1.94075000e-08  3.41804237e-03  1.94075000e-08  1.94918733e+00 
 1.94085000e-08  1.07015075e+00  1.94085000e-08  3.35377970e-03  1.94085000e-08  1.94906136e+00 
 1.94095000e-08  1.11466213e+00  1.94095000e-08  3.31656019e-03  1.94095000e-08  1.94889526e+00 
 1.94105000e-08  1.15886539e+00  1.94105000e-08  3.28708827e-03  1.94105000e-08  1.94868104e+00 
 1.97645000e-08  1.94996436e+00  1.97645000e-08  8.61423916e-01  1.97645000e-08  1.94992264e+00 
 1.97655000e-08  1.94996470e+00  1.97655000e-08  9.23099745e-01  1.97655000e-08  1.94982613e+00 
 1.97665000e-08  1.94996523e+00  1.97665000e-08  9.83862142e-01  1.97665000e-08  1.94971633e+00 
 1.97675000e-08  1.94996558e+00  1.97675000e-08  1.04369576e+00  1.97675000e-08  1.94960792e+00 
 1.97685000e-08  1.94996611e+00  1.97685000e-08  1.10265051e+00  1.97685000e-08  1.94951393e+00 
 1.97695000e-08  1.94996645e+00  1.97695000e-08  1.16096937e+00  1.97695000e-08  1.94940330e+00 
 1.98995000e-08  1.97016676e+00  1.98995000e-08  1.94997082e+00  1.98995000e-08  1.16567762e+00 
 1.99005000e-08  1.97737660e+00  1.99005000e-08  1.94999785e+00  1.99005000e-08  1.10812428e+00 
 1.99015000e-08  1.98418218e+00  1.99015000e-08  1.95002467e+00  1.99015000e-08  1.05035579e+00 
 1.99025000e-08  1.99061419e+00  1.99025000e-08  1.95004892e+00  1.99025000e-08  9.92238944e-01 
 1.99035000e-08  1.99670328e+00  1.99035000e-08  1.95006623e+00  1.99035000e-08  9.33597308e-01 
 1.99045000e-08  2.00249482e+00  1.99045000e-08  1.95007996e+00  1.99045000e-08  8.74346159e-01 
 1.99425000e-08  1.16983868e+00  1.99425000e-08  1.95028902e+00  1.99425000e-08  9.58172149e-03 
 1.99435000e-08  1.11081586e+00  1.99435000e-08  1.95025643e+00  1.99435000e-08  8.81621071e-03 
 1.99445000e-08  1.05188028e+00  1.99445000e-08  1.95022720e+00  1.99445000e-08  8.11950940e-03 
 1.99455000e-08  9.92959854e-01  1.99455000e-08  1.95019901e+00  1.99455000e-08  7.52138743e-03 
 1.99465000e-08  9.34094011e-01  1.99465000e-08  1.95017481e+00  1.99465000e-08  6.97473496e-03 
 1.99475000e-08  8.75239260e-01  1.99475000e-08  1.95015194e+00  1.99475000e-08  6.50876013e-03 
 2.04835000e-08 -4.45440741e-03  2.04835000e-08  1.26575610e+00  2.04835000e-08 -7.11394160e-06 
 2.04845000e-08 -5.57147444e-03  2.04845000e-08  1.18693693e+00  2.04845000e-08 -7.61931564e-06 
 2.04855000e-08 -6.82865180e-03  2.04855000e-08  1.10695335e+00  2.04855000e-08 -7.44506898e-06 
 2.04865000e-08 -8.28931004e-03  2.04865000e-08  1.02581479e+00  2.04865000e-08 -3.84186135e-06 
 2.04875000e-08 -1.00473674e-02  2.04875000e-08  9.43703286e-01  2.04875000e-08  6.36845856e-07 
 2.04885000e-08 -1.18789428e-02  2.04885000e-08  8.60661110e-01  2.04885000e-08  6.29758538e-06 
 2.05275000e-08  9.34858226e-01  2.05275000e-08  3.38250989e-03  2.05275000e-08 -1.38339631e-04 
 2.05285000e-08  9.79604995e-01  2.05285000e-08  3.27834765e-03  2.05285000e-08 -1.44367357e-04 
 2.05295000e-08  1.02396078e+00  2.05295000e-08  3.18626449e-03  2.05295000e-08 -1.46751822e-04 
 2.05305000e-08  1.06834249e+00  2.05305000e-08  3.09277818e-03  2.05305000e-08 -1.50708218e-04 
 2.05315000e-08  1.11285564e+00  2.05315000e-08  3.01471293e-03  2.05315000e-08 -1.54363175e-04 
 2.05325000e-08  1.15708193e+00  2.05325000e-08  2.93883306e-03  2.05325000e-08 -1.57777725e-04 
 2.08865000e-08  1.94996434e+00  2.08865000e-08  8.57733263e-01  2.08865000e-08 -8.17568726e-05 
 2.08875000e-08  1.94996469e+00  2.08875000e-08  9.19578331e-01  2.08875000e-08 -1.08394811e-04 
 2.08885000e-08  1.94996521e+00  2.08885000e-08  9.80603567e-01  2.08885000e-08 -1.25830094e-04 
 2.08895000e-08  1.94996556e+00  2.08895000e-08  1.04079206e+00  2.08895000e-08 -1.36542641e-04 
 2.08905000e-08  1.94996609e+00  2.08905000e-08  1.10017792e+00  2.08905000e-08 -1.47445149e-04 
 2.08915000e-08  1.94996644e+00  2.08915000e-08  1.15894145e+00  2.08915000e-08 -1.61253261e-04 
 2.10075000e-08  1.93311997e+00  2.10075000e-08  1.94992419e+00  2.10075000e-08  9.00566205e-01 
 2.10085000e-08  1.93109102e+00  2.10085000e-08  1.94993218e+00  2.10085000e-08  9.60768537e-01 
 2.10095000e-08  1.92909770e+00  2.10095000e-08  1.94993729e+00  2.10095000e-08  1.02052368e+00 
 2.10105000e-08  1.92733770e+00  2.10105000e-08  1.94994465e+00  2.10105000e-08  1.08306132e+00 
 2.10115000e-08  1.92609042e+00  2.10115000e-08  1.94994582e+00  2.10115000e-08  1.15241301e+00 
 2.10125000e-08  1.92564421e+00  2.10125000e-08  1.94994422e+00  2.10125000e-08  1.22582685e+00 
 2.10645000e-08  1.17285373e+00  2.10645000e-08  1.94994550e+00  2.10645000e-08  1.94691695e+00 
 2.10655000e-08  1.11382830e+00  2.10655000e-08  1.94994935e+00  2.10655000e-08  1.94713007e+00 
 2.10665000e-08  1.05488728e+00  2.10665000e-08  1.94995398e+00  2.10665000e-08  1.94736793e+00 
 2.10675000e-08  9.95965957e-01  2.10675000e-08  1.94995708e+00  2.10675000e-08  1.94754593e+00 
 2.10685000e-08  9.37096126e-01  2.10685000e-08  1.94996102e+00  2.10685000e-08  1.94774987e+00 
 2.10695000e-08  8.78240389e-01  2.10695000e-08  1.94996349e+00  2.10695000e-08  1.94789863e+00 
 2.16055000e-08 -4.38186840e-03  2.16055000e-08  1.26972040e+00  2.16055000e-08  1.94991309e+00 
 2.16065000e-08 -5.49089927e-03  2.16065000e-08  1.19097455e+00  2.16065000e-08  1.94989608e+00 
 2.16075000e-08 -6.73645484e-03  2.16075000e-08  1.11104992e+00  2.16075000e-08  1.94987949e+00 
 2.16085000e-08 -8.18105140e-03  2.16085000e-08  1.02997370e+00  2.16085000e-08  1.94986986e+00 
 2.16095000e-08 -9.91254484e-03  2.16095000e-08  9.47912092e-01  2.16095000e-08  1.94987158e+00 
 2.16105000e-08 -1.17436832e-02  2.16105000e-08  8.64919159e-01  2.16105000e-08  1.94988818e+00 
 2.16495000e-08  9.31758751e-01  2.16495000e-08  3.58897668e-03  2.16495000e-08  1.94935344e+00 
 2.16505000e-08  9.76547530e-01  2.16505000e-08  3.49663705e-03  2.16505000e-08  1.94928719e+00 
 2.16515000e-08  1.02091649e+00  2.16515000e-08  3.42466292e-03  2.16515000e-08  1.94919869e+00 
 2.16525000e-08  1.06528706e+00  2.16525000e-08  3.35959261e-03  2.16525000e-08  1.94907682e+00 
 2.16535000e-08  1.10979973e+00  2.16535000e-08  3.31960920e-03  2.16535000e-08  1.94891529e+00 
 2.16545000e-08  1.15406644e+00  2.16545000e-08  3.28917483e-03  2.16545000e-08  1.94870596e+00 
 2.20085000e-08  1.94996431e+00  2.20085000e-08  8.54720102e-01  2.20085000e-08  1.94993217e+00 
 2.20095000e-08  1.94996466e+00  2.20095000e-08  9.16490498e-01  2.20095000e-08  1.94983748e+00 
 2.20105000e-08  1.94996518e+00  2.20105000e-08  9.77352031e-01  2.20105000e-08  1.94972837e+00 
 2.20115000e-08  1.94996554e+00  2.20115000e-08  1.03728313e+00  2.20115000e-08  1.94961889e+00 
 2.20125000e-08  1.94996606e+00  2.20125000e-08  1.09632589e+00  2.20125000e-08  1.94952505e+00 
 2.20135000e-08  1.94996641e+00  2.20135000e-08  1.15470044e+00  2.20135000e-08  1.94941595e+00 
 2.21435000e-08  1.96933794e+00  2.21435000e-08  1.94996780e+00  2.21435000e-08  1.17189127e+00 
 2.21445000e-08  1.97657833e+00  2.21445000e-08  1.94999529e+00  2.21445000e-08  1.11434433e+00 
 2.21455000e-08  1.98343827e+00  2.21455000e-08  1.95002162e+00  2.21455000e-08  1.05661062e+00 
 2.21465000e-08  1.98990473e+00  2.21465000e-08  1.95004679e+00  2.21465000e-08  9.98535736e-01 
 2.21475000e-08  1.99603387e+00  2.21475000e-08  1.95006433e+00  2.21475000e-08  9.39960185e-01 
 2.21485000e-08  2.00185494e+00  2.21485000e-08  1.95007896e+00  2.21485000e-08  8.80776043e-01 
 2.21615000e-08  2.06065605e+00  2.21615000e-08  1.95013103e+00  2.21615000e-08  1.19582879e-01 
 2.21865000e-08  1.17650313e+00  2.21865000e-08  1.95029255e+00  2.21865000e-08  9.67197292e-03 
 2.21875000e-08  1.11747664e+00  2.21875000e-08  1.95025970e+00  2.21875000e-08  8.89319990e-03 
 2.21885000e-08  1.05853088e+00  2.21885000e-08  1.95023034e+00  2.21885000e-08  8.19081794e-03 
 2.21895000e-08  9.99610122e-01  2.21895000e-08  1.95020177e+00  2.21895000e-08  7.58119460e-03 
 2.21905000e-08  9.40736934e-01  2.21905000e-08  1.95017746e+00  2.21905000e-08  7.03088344e-03 
 2.21915000e-08  8.81881024e-01  2.21915000e-08  1.95015427e+00  2.21915000e-08  6.55516913e-03 
 2.27285000e-08 -5.44734512e-03  2.27285000e-08  1.19588524e+00  2.27285000e-08 -7.50971234e-06 
 2.27295000e-08 -6.68686034e-03  2.27295000e-08  1.11602319e+00  2.27295000e-08 -7.70203470e-06 
 2.27305000e-08 -8.12278075e-03  2.27305000e-08  1.03501312e+00  2.27305000e-08 -4.24281475e-06 
 2.27315000e-08 -9.84051581e-03  2.27315000e-08  9.53002385e-01  2.27315000e-08 -4.59380686e-08 
 2.27325000e-08 -1.16720597e-02  2.27325000e-08  8.70060412e-01  2.27325000e-08  5.62731476e-06 
 2.27335000e-08 -1.39728970e-02  2.27335000e-08  7.86377741e-01  2.27335000e-08  1.10954861e-05 
 2.27715000e-08  9.30073515e-01  2.27715000e-08  3.39326165e-03  2.27715000e-08 -1.37509693e-04 
 2.27725000e-08  9.74886066e-01  2.27725000e-08  3.28999052e-03  2.27725000e-08 -1.43782998e-04 
 2.27735000e-08  1.01926294e+00  2.27735000e-08  3.19630523e-03  2.27735000e-08 -1.46481815e-04 
 2.27745000e-08  1.06362940e+00  2.27745000e-08  3.10297081e-03  2.27745000e-08 -1.50321892e-04 
 2.27755000e-08  1.10814083e+00  2.27755000e-08  3.02304514e-03  2.27755000e-08 -1.53901612e-04 
 2.27765000e-08  1.15242495e+00  2.27765000e-08  2.94689796e-03  2.27765000e-08 -1.57489597e-04 
 2.31305000e-08  1.94996429e+00  2.31305000e-08  8.51095996e-01  2.31305000e-08 -7.80888953e-05 
 2.31315000e-08  1.94996465e+00  2.31315000e-08  9.13023113e-01  2.31315000e-08 -1.06907127e-04 
 2.31325000e-08  1.94996516e+00  2.31325000e-08  9.74137766e-01  2.31325000e-08 -1.25221727e-04 
 2.31335000e-08  1.94996552e+00  2.31335000e-08  1.03441505e+00  2.31335000e-08 -1.36207980e-04 
 2.31345000e-08  1.94996604e+00  2.31345000e-08  1.09388050e+00  2.31345000e-08 -1.45633476e-04 
 2.31355000e-08  1.94996640e+00  2.31355000e-08  1.15269789e+00  2.31355000e-08 -1.59877868e-04 
 2.32515000e-08  1.93333268e+00  2.32515000e-08  1.94992339e+00  2.32515000e-08  8.94014629e-01 
 2.32525000e-08  1.93130925e+00  2.32525000e-08  1.94993157e+00  2.32525000e-08  9.54339453e-01 
 2.32535000e-08  1.92930378e+00  2.32535000e-08  1.94993656e+00  2.32535000e-08  1.01405076e+00 
 2.32545000e-08  1.92750703e+00  2.32545000e-08  1.94994367e+00  2.32545000e-08  1.07614135e+00 
 2.32555000e-08  1.92618996e+00  2.32555000e-08  1.94994668e+00  2.32555000e-08  1.14452997e+00 
 2.32565000e-08  1.92564654e+00  2.32565000e-08  1.94994405e+00  2.32565000e-08  1.21798227e+00 
 2.33085000e-08  1.17918145e+00  2.33085000e-08  1.94994498e+00  2.33085000e-08  1.94689925e+00 
 2.33095000e-08  1.12015278e+00  2.33095000e-08  1.94994889e+00  2.33095000e-08  1.94709694e+00 
 2.33105000e-08  1.06120220e+00  2.33105000e-08  1.94995355e+00  2.33105000e-08  1.94735393e+00 
 2.33115000e-08  1.00228069e+00  2.33115000e-08  1.94995671e+00  2.33115000e-08  1.94751692e+00 
 2.33125000e-08  9.43404200e-01  2.33125000e-08  1.94996067e+00  2.33125000e-08  1.94773892e+00 
 2.33135000e-08  8.84547445e-01  2.33135000e-08  1.94996318e+00  2.33135000e-08  1.94787311e+00 
 2.38305000e-08  3.21623300e-03  2.38305000e-08  2.06221632e+00  2.38305000e-08  1.94998866e+00 
 2.38505000e-08 -5.37312973e-03  2.38505000e-08  1.19947852e+00  2.38505000e-08  1.94989797e+00 
 2.38515000e-08 -6.60268445e-03  2.38515000e-08  1.11966925e+00  2.38515000e-08  1.94988105e+00 
 2.38525000e-08 -8.02383032e-03  2.38525000e-08  1.03871530e+00  2.38525000e-08  1.94987042e+00 
 2.38535000e-08 -9.71895009e-03  2.38535000e-08  9.56749577e-01  2.38535000e-08  1.94987072e+00 
 2.38545000e-08 -1.15525895e-02  2.38545000e-08  8.73852387e-01  2.38545000e-08  1.94988569e+00 
 2.38555000e-08 -1.38089498e-02  2.38555000e-08  7.90201368e-01  2.38555000e-08  1.94991588e+00 
 2.38935000e-08  9.27168375e-01  2.38935000e-08  3.59835329e-03  2.38935000e-08  1.94935948e+00 
 2.38945000e-08  9.72023492e-01  2.38945000e-08  3.50600456e-03  2.38945000e-08  1.94929536e+00 
 2.38955000e-08  1.01641530e+00  2.38955000e-08  3.43152915e-03  2.38955000e-08  1.94920964e+00 
 2.38965000e-08  1.06077244e+00  2.38965000e-08  3.36577621e-03  2.38965000e-08  1.94909183e+00 
 2.38975000e-08  1.10528026e+00  2.38975000e-08  3.32298448e-03  2.38975000e-08  1.94893474e+00 
 2.38985000e-08  1.14959357e+00  2.38985000e-08  3.29149042e-03  2.38985000e-08  1.94873057e+00 
 2.42525000e-08  1.94996426e+00  2.42525000e-08  8.48628593e-01  2.42525000e-08  1.94994033e+00 
 2.42535000e-08  1.94996463e+00  2.42535000e-08  9.10482479e-01  2.42535000e-08  1.94984747e+00 
 2.42545000e-08  1.94996512e+00  2.42545000e-08  9.71435309e-01  2.42545000e-08  1.94973906e+00 
 2.42555000e-08  1.94996550e+00  2.42555000e-08  1.03145728e+00  2.42555000e-08  1.94962918e+00 
 2.42565000e-08  1.94996600e+00  2.42565000e-08  1.09058120e+00  2.42565000e-08  1.94953452e+00 
 2.42575000e-08  1.94996638e+00  2.42575000e-08  1.14900451e+00  2.42575000e-08  1.94942703e+00 
 2.43875000e-08  1.96856929e+00  2.43875000e-08  1.94996500e+00  2.43875000e-08  1.17756925e+00 
 2.43885000e-08  1.97583729e+00  2.43885000e-08  1.94999297e+00  2.43885000e-08  1.12002679e+00 
 2.43895000e-08  1.98274752e+00  2.43895000e-08  1.95001883e+00  2.43895000e-08  1.06232298e+00 
 2.43905000e-08  1.98924571e+00  2.43905000e-08  1.95004494e+00  2.43905000e-08  1.00428469e+00 
 2.43915000e-08  1.99541206e+00  2.43915000e-08  1.95006249e+00  2.43915000e-08  9.45768211e-01 
 2.43925000e-08  2.00126072e+00  2.43925000e-08  1.95007802e+00  2.43925000e-08  8.86645038e-01 
 2.44305000e-08  1.18267258e+00  2.44305000e-08  1.95029577e+00  2.44305000e-08  9.75606360e-03 
 2.44315000e-08  1.12364310e+00  2.44315000e-08  1.95026269e+00  2.44315000e-08  8.96419958e-03 
 2.44325000e-08  1.06468803e+00  2.44325000e-08  1.95023322e+00  2.44325000e-08  8.25741278e-03 
 2.44335000e-08  1.00576716e+00  2.44335000e-08  1.95020431e+00  2.44335000e-08  7.63625362e-03 
 2.44345000e-08  9.46887624e-01  2.44345000e-08  1.95017983e+00  2.44345000e-08  7.08339212e-03 
 2.44355000e-08  8.88030715e-01  2.44355000e-08  1.95015629e+00  2.44355000e-08  6.59776626e-03 
 2.49725000e-08 -5.33120042e-03  2.49725000e-08  1.20442414e+00  2.49725000e-08 -7.41268181e-06 
 2.49735000e-08 -6.55519295e-03  2.49735000e-08  1.12467840e+00  2.49735000e-08 -7.88755790e-06 
 2.49745000e-08 -7.96809614e-03  2.49745000e-08  1.04379170e+00  2.49745000e-08 -4.62810736e-06 
 2.49755000e-08 -9.65076151e-03  2.49755000e-08  9.61877780e-01  2.49755000e-08 -6.59139069e-07 
 2.49765000e-08 -1.14865981e-02  2.49765000e-08  8.79032802e-01  2.49765000e-08  5.09250631e-06 
 2.49775000e-08 -1.37159072e-02  2.49775000e-08  7.95417418e-01  2.49775000e-08  1.03736741e-05 
 2.50155000e-08  9.25524902e-01  2.50155000e-08  3.40346965e-03  2.50155000e-08 -1.36743864e-04 
 2.50165000e-08  9.70405009e-01  2.50165000e-08  3.30109103e-03  2.50165000e-08 -1.43284418e-04 
 2.50175000e-08  1.01480604e+00  2.50175000e-08  3.20587535e-03  2.50175000e-08 -1.46228665e-04 
 2.50185000e-08  1.05915704e+00  2.50185000e-08  3.11272529e-03  2.50185000e-08 -1.50014011e-04 
 2.50195000e-08  1.10366217e+00  2.50195000e-08  3.03101068e-03  2.50195000e-08 -1.53470158e-04 
 2.50205000e-08  1.14799427e+00  2.50205000e-08  2.95462797e-03  2.50205000e-08 -1.57248216e-04 
 2.53755000e-08  1.94996462e+00  2.53755000e-08  9.06976616e-01  2.53755000e-08 -1.04364844e-04 
 2.53765000e-08  1.94996510e+00  2.53765000e-08  9.68173954e-01  2.53765000e-08 -1.23449654e-04 
 2.53775000e-08  1.94996549e+00  2.53775000e-08  1.02853324e+00  2.53775000e-08 -1.35689079e-04 
 2.53785000e-08  1.94996598e+00  2.53785000e-08  1.08807410e+00  2.53785000e-08 -1.44046924e-04 
 2.53795000e-08  1.94996637e+00  2.53795000e-08  1.14694414e+00  2.53795000e-08 -1.58696335e-04 
 2.53805000e-08  1.94996684e+00  2.53805000e-08  1.20543238e+00  2.53805000e-08 -1.74406280e-04 
 2.54955000e-08  1.93351566e+00  2.54955000e-08  1.94992285e+00  2.54955000e-08  8.88030910e-01 
 2.54965000e-08  1.93149815e+00  2.54965000e-08  1.94993064e+00  2.54965000e-08  9.48475162e-01 
 2.54975000e-08  1.92948407e+00  2.54975000e-08  1.94993607e+00  2.54975000e-08  1.00817274e+00 
 2.54985000e-08  1.92765791e+00  2.54985000e-08  1.94994237e+00  2.54985000e-08  1.06990160e+00 
 2.54995000e-08  1.92628343e+00  2.54995000e-08  1.94994764e+00  2.54995000e-08  1.13741685e+00 
 2.55005000e-08  1.92565779e+00  2.55005000e-08  1.94994364e+00  2.55005000e-08  1.21084940e+00 
 2.55525000e-08  1.18466850e+00  2.55525000e-08  1.94994442e+00  2.55525000e-08  1.94688295e+00 
 2.55535000e-08  1.12563704e+00  2.55535000e-08  1.94994858e+00  2.55535000e-08  1.94706673e+00 
 2.55545000e-08  1.06667794e+00  2.55545000e-08  1.94995308e+00  2.55545000e-08  1.94734103e+00 
 2.55555000e-08  1.00775617e+00  2.55555000e-08  1.94995646e+00  2.55555000e-08  1.94749048e+00 
 2.55565000e-08  9.48873887e-01  2.55565000e-08  1.94996026e+00  2.55565000e-08  1.94772882e+00 
 2.55575000e-08  8.90016167e-01  2.55575000e-08  1.94996299e+00  2.55575000e-08  1.94784984e+00 
 2.60945000e-08 -5.26302681e-03  2.60945000e-08  1.20720147e+00  2.60945000e-08  1.94989969e+00 
 2.60955000e-08 -6.47806958e-03  2.60955000e-08  1.12749842e+00  2.60955000e-08  1.94988252e+00 
 2.60965000e-08 -7.87771763e-03  2.60965000e-08  1.04665702e+00  2.60965000e-08  1.94987105e+00 
 2.60975000e-08 -9.54058010e-03  2.60975000e-08  9.64780014e-01  2.60975000e-08  1.94987007e+00 
 2.60985000e-08 -1.13817716e-02  2.60985000e-08  8.81971809e-01  2.60985000e-08  1.94988358e+00 
 2.60995000e-08 -1.35615477e-02  2.60995000e-08  7.98383235e-01  2.60995000e-08  1.94991217e+00 
 2.61375000e-08  9.22784171e-01  2.61375000e-08  3.60698610e-03  2.61375000e-08  1.94936440e+00 
 2.61385000e-08  9.67707343e-01  2.61385000e-08  3.51514586e-03  2.61385000e-08  1.94930256e+00 
 2.61395000e-08  1.01212490e+00  2.61395000e-08  3.43788418e-03  2.61395000e-08  1.94921890e+00 
 2.61405000e-08  1.05646873e+00  2.61405000e-08  3.37202251e-03  2.61405000e-08  1.94910509e+00 
 2.61415000e-08  1.10096826e+00  2.61415000e-08  3.32604261e-03  2.61415000e-08  1.94895164e+00 
 2.61425000e-08  1.14532693e+00  2.61425000e-08  3.29434522e-03  2.61425000e-08  1.94875250e+00 
 2.64975000e-08  1.94996460e+00  2.64975000e-08  9.04295381e-01  2.64975000e-08  1.94985742e+00 
 2.64985000e-08  1.94996507e+00  2.64985000e-08  9.65341555e-01  2.64985000e-08  1.94975029e+00 
 2.64995000e-08  1.94996547e+00  2.64995000e-08  1.02545725e+00  2.64995000e-08  1.94964010e+00 
 2.65005000e-08  1.94996595e+00  2.65005000e-08  1.08466142e+00  2.65005000e-08  1.94954489e+00 
 2.65015000e-08  1.94996635e+00  2.65015000e-08  1.14313440e+00  2.65015000e-08  1.94943858e+00 
 2.65025000e-08  1.94996681e+00  2.65025000e-08  1.20134904e+00  2.65025000e-08  1.94931456e+00 
 2.66315000e-08  1.96786364e+00  2.66315000e-08  1.94996230e+00  2.66315000e-08  1.18335671e+00 
 2.66325000e-08  1.97515615e+00  2.66325000e-08  1.94999042e+00  2.66325000e-08  1.12581797e+00 
 2.66335000e-08  1.98211230e+00  2.66335000e-08  1.95001603e+00  2.66335000e-08  1.06814273e+00 
 2.66345000e-08  1.98863914e+00  2.66345000e-08  1.95004274e+00  2.66345000e-08  1.01014095e+00 
 2.66355000e-08  1.99483995e+00  2.66355000e-08  1.95006074e+00  2.66355000e-08  9.51683266e-01 
 2.66365000e-08  2.00071419e+00  2.66365000e-08  1.95007688e+00  2.66365000e-08  8.92621541e-01 
 2.66745000e-08  1.18831424e+00  2.66745000e-08  1.95029900e+00  2.66745000e-08  9.84453715e-03 
 2.66755000e-08  1.12928201e+00  2.66755000e-08  1.95026592e+00  2.66755000e-08  9.03713665e-03 
 2.66765000e-08  1.07031807e+00  2.66765000e-08  1.95023611e+00  2.66765000e-08  8.32776429e-03 
 2.66775000e-08  1.01139692e+00  2.66775000e-08  1.95020706e+00  2.66775000e-08  7.69262545e-03 
 2.66785000e-08  9.52511453e-01  2.66785000e-08  1.95018221e+00  2.66785000e-08  7.13910911e-03 
 2.66795000e-08  8.93654157e-01  2.66795000e-08  1.95015850e+00  2.66795000e-08  6.64112343e-03 
 2.72165000e-08 -5.21914692e-03  2.72165000e-08  1.21215584e+00  2.72165000e-08 -7.30802267e-06 
 2.72175000e-08 -6.42849469e-03  2.72175000e-08  1.13251706e+00  2.72175000e-08 -8.03593542e-06 
 2.72185000e-08 -7.81971400e-03  2.72185000e-08  1.05174344e+00  2.72185000e-08 -4.95360128e-06 
 2.72195000e-08 -9.47011544e-03  2.72195000e-08  9.69918945e-01  2.72195000e-08 -1.20972679e-06 
 2.72205000e-08 -1.13160224e-02  2.72205000e-08  8.87163698e-01  2.72205000e-08  4.61237457e-06 
 2.72215000e-08 -1.34635436e-02  2.72215000e-08  8.03611544e-01  2.72215000e-08  9.72440256e-06 
 2.72595000e-08  9.21038134e-01  2.72595000e-08  3.41275875e-03  2.72595000e-08 -1.36026322e-04 
 2.72605000e-08  9.65989725e-01  2.72605000e-08  3.31138588e-03  2.72605000e-08 -1.42684008e-04 
 2.72615000e-08  1.01041862e+00  2.72615000e-08  3.21463208e-03  2.72615000e-08 -1.46042776e-04 
 2.72625000e-08  1.05475844e+00  2.72625000e-08  3.12184773e-03  2.72625000e-08 -1.49604047e-04 
 2.72635000e-08  1.09925379e+00  2.72635000e-08  3.03833169e-03  2.72635000e-08 -1.53139101e-04 
 2.72645000e-08  1.14362832e+00  2.72645000e-08  2.96194681e-03  2.72645000e-08 -1.56906876e-04 
 2.76195000e-08  1.94996459e+00  2.76195000e-08  9.00851082e-01  2.76195000e-08 -1.01769125e-04 
 2.76205000e-08  1.94996505e+00  2.76205000e-08  9.62132762e-01  2.76205000e-08 -1.21524648e-04 
 2.76215000e-08  1.94996546e+00  2.76215000e-08  1.02257543e+00  2.76215000e-08 -1.34827468e-04 
 2.76225000e-08  1.94996593e+00  2.76225000e-08  1.08218963e+00  2.76225000e-08 -1.42671391e-04 
 2.76235000e-08  1.94996634e+00  2.76235000e-08  1.14111180e+00  2.76235000e-08 -1.57458056e-04 
 2.76245000e-08  1.94996679e+00  2.76245000e-08  1.19963286e+00  2.76245000e-08 -1.72858055e-04 
 2.77395000e-08  1.93371694e+00  2.77395000e-08  1.94992250e+00  2.77395000e-08  8.81996384e-01 
 2.77405000e-08  1.93170725e+00  2.77405000e-08  1.94992988e+00  2.77405000e-08  9.42569023e-01 
 2.77415000e-08  1.92968552e+00  2.77415000e-08  1.94993570e+00  2.77415000e-08  1.00227557e+00 
 2.77425000e-08  1.92782938e+00  2.77425000e-08  1.94994133e+00  2.77425000e-08  1.06363803e+00 
 2.77435000e-08  1.92639450e+00  2.77435000e-08  1.94994847e+00  2.77435000e-08  1.13031902e+00 
 2.77445000e-08  1.92568012e+00  2.77445000e-08  1.94994342e+00  2.77445000e-08  1.20364870e+00 
 2.77965000e-08  1.19072707e+00  2.77965000e-08  1.94994386e+00  2.77965000e-08  1.94686387e+00 
 2.77975000e-08  1.13169273e+00  2.77975000e-08  1.94994824e+00  2.77975000e-08  1.94703855e+00 
 2.77985000e-08  1.07272404e+00  2.77985000e-08  1.94995259e+00  2.77985000e-08  1.94732551e+00 
 2.77995000e-08  1.01380193e+00  2.77995000e-08  1.94995620e+00  2.77995000e-08  1.94746602e+00 
 2.78005000e-08  9.54913298e-01  2.78005000e-08  1.94995984e+00  2.78005000e-08  1.94771625e+00 
 2.78015000e-08  8.96055202e-01  2.78015000e-08  1.94996278e+00  2.78015000e-08  1.94782852e+00 
 2.83385000e-08 -5.14476345e-03  2.83385000e-08  1.21522266e+00  2.83385000e-08  1.94990147e+00 
 2.83395000e-08 -6.34456314e-03  2.83395000e-08  1.13563027e+00  2.83395000e-08  1.94988411e+00 
 2.83405000e-08 -7.72166498e-03  2.83405000e-08  1.05490582e+00  2.83405000e-08  1.94987180e+00 
 2.83415000e-08 -9.35139948e-03  2.83415000e-08  9.73121306e-01  2.83415000e-08  1.94986955e+00 
 2.83425000e-08 -1.12077603e-02  2.83425000e-08  8.90406015e-01  2.83425000e-08  1.94988153e+00 
 2.83435000e-08 -1.32969638e-02  2.83435000e-08  8.06882742e-01  2.83435000e-08  1.94990846e+00 
 2.83815000e-08  9.18030907e-01  2.83815000e-08  3.61575309e-03  2.83815000e-08  1.94936940e+00 
 2.83825000e-08  9.63032946e-01  2.83825000e-08  3.52441860e-03  2.83825000e-08  1.94930988e+00 
 2.83835000e-08  1.00748255e+00  2.83835000e-08  3.44437053e-03  2.83835000e-08  1.94922829e+00 
 2.83845000e-08  1.05181586e+00  2.83845000e-08  3.37839130e-03  2.83845000e-08  1.94911854e+00 
 2.83855000e-08  1.09630244e+00  2.83855000e-08  3.32920745e-03  2.83855000e-08  1.94896886e+00 
 2.83865000e-08  1.14070216e+00  2.83865000e-08  3.29718901e-03  2.83865000e-08  1.94877501e+00 
 2.87415000e-08  1.94996457e+00  2.87415000e-08  8.97809064e-01  2.87415000e-08  1.94986773e+00 
 2.87425000e-08  1.94996501e+00  2.87425000e-08  9.58950731e-01  2.87425000e-08  1.94976211e+00 
 2.87435000e-08  1.94996544e+00  2.87435000e-08  1.01916475e+00  2.87435000e-08  1.94965149e+00 
 2.87445000e-08  1.94996589e+00  2.87445000e-08  1.07846492e+00  2.87445000e-08  1.94955471e+00 
 2.87455000e-08  1.94996632e+00  2.87455000e-08  1.13700507e+00  2.87455000e-08  1.94945006e+00 
 2.87465000e-08  1.94996675e+00  2.87465000e-08  1.19521033e+00  2.87465000e-08  1.94932847e+00 
 2.88755000e-08  1.96710446e+00  2.88755000e-08  1.94995973e+00  2.88755000e-08  1.18946245e+00 
 2.88765000e-08  1.97442247e+00  2.88765000e-08  1.94998749e+00  2.88765000e-08  1.13192625e+00 
 2.88775000e-08  1.98142792e+00  2.88775000e-08  1.95001331e+00  2.88775000e-08  1.07427882e+00 
 2.88785000e-08  1.98798499e+00  2.88785000e-08  1.95004010e+00  2.88785000e-08  1.01631379e+00 
 2.88795000e-08  1.99422296e+00  2.88795000e-08  1.95005908e+00  2.88795000e-08  9.57916242e-01 
 2.88805000e-08  2.00012499e+00  2.88805000e-08  1.95007538e+00  2.88805000e-08  8.98918336e-01 
 2.89185000e-08  1.19430935e+00  2.89185000e-08  1.95030225e+00  2.89185000e-08  9.93995397e-03 
 2.89195000e-08  1.13527411e+00  2.89195000e-08  1.95026945e+00  2.89195000e-08  9.11437684e-03 
 2.89205000e-08  1.07630029e+00  2.89205000e-08  1.95023904e+00  2.89205000e-08  8.40394105e-03 
 2.89215000e-08  1.01737852e+00  2.89215000e-08  1.95021011e+00  2.89215000e-08  7.75219007e-03 
 2.89225000e-08  9.58486640e-01  2.89225000e-08  1.95018459e+00  2.89225000e-08  7.19964189e-03 
 2.89235000e-08  8.99628753e-01  2.89235000e-08  1.95016097e+00  2.89235000e-08  6.68674680e-03 
 2.94605000e-08 -5.10769504e-03  2.94605000e-08  1.21974832e+00  2.94605000e-08 -7.18538126e-06 
 2.94615000e-08 -6.30268392e-03  2.94615000e-08  1.14021950e+00  2.94615000e-08 -8.16094315e-06 
 2.94625000e-08 -7.67273019e-03  2.94625000e-08  1.05956131e+00  2.94625000e-08 -5.24484116e-06 
 2.94635000e-08 -9.29226882e-03  2.94635000e-08  9.77829445e-01  2.94635000e-08 -1.74491786e-06 
 2.94645000e-08 -1.11677034e-02  2.94645000e-08  8.95166995e-01  2.94645000e-08  4.14714149e-06 
 2.94655000e-08 -1.32414844e-02  2.94655000e-08  8.11681749e-01  2.94655000e-08  9.06112143e-06 
 2.95035000e-08  9.16780868e-01  2.95035000e-08  3.42218912e-03  2.95035000e-08 -1.35347122e-04 
 2.95045000e-08  9.61804599e-01  2.95045000e-08  3.32194002e-03  2.95045000e-08 -1.41994645e-04 
 2.95055000e-08  1.00626337e+00  2.95055000e-08  3.22354088e-03  2.95055000e-08 -1.45925283e-04 
 2.95065000e-08  1.05059461e+00  2.95065000e-08  3.13126727e-03  2.95065000e-08 -1.49105120e-04 
 2.95075000e-08  1.09507740e+00  2.95075000e-08  3.04582089e-03  2.95075000e-08 -1.52896507e-04 
 2.95085000e-08  1.13948690e+00  2.95085000e-08  2.96960355e-03  2.95085000e-08 -1.56468674e-04 
 2.98635000e-08  1.94996456e+00  2.98635000e-08  8.94904992e-01  2.98635000e-08 -9.91481166e-05 
 2.98645000e-08  1.94996499e+00  2.98645000e-08  9.56266530e-01  2.98645000e-08 -1.20013147e-04 
 2.98655000e-08  1.94996543e+00  2.98655000e-08  1.01679017e+00  2.98655000e-08 -1.34047236e-04 
 2.98665000e-08  1.94996587e+00  2.98665000e-08  1.07648071e+00  2.98665000e-08 -1.41598313e-04 
 2.98675000e-08  1.94996631e+00  2.98675000e-08  1.13546020e+00  2.98675000e-08 -1.56087704e-04 
 2.98685000e-08  1.94996673e+00  2.98685000e-08  1.19400143e+00  2.98685000e-08 -1.71046219e-04 
 2.99835000e-08  1.93391465e+00  2.99835000e-08  1.94992209e+00  2.99835000e-08  8.76113123e-01 
 2.99845000e-08  1.93191420e+00  2.99845000e-08  1.94992907e+00  2.99845000e-08  9.36817319e-01 
 2.99855000e-08  1.92988663e+00  2.99855000e-08  1.94993526e+00  2.99855000e-08  9.96551184e-01 
 2.99865000e-08  1.92800353e+00  2.99865000e-08  1.94994090e+00  2.99865000e-08  1.05748944e+00 
 2.99875000e-08  1.92651206e+00  2.99875000e-08  1.94994822e+00  2.99875000e-08  1.12352005e+00 
 2.99885000e-08  1.92571237e+00  2.99885000e-08  1.94994330e+00  2.99885000e-08  1.19659736e+00 
 3.00405000e-08  1.19666401e+00  3.00405000e-08  1.94994328e+00  3.00405000e-08  1.94683531e+00 
 3.00415000e-08  1.13762732e+00  3.00415000e-08  1.94994794e+00  3.00415000e-08  1.94702043e+00 
 3.00425000e-08  1.07864931e+00  3.00425000e-08  1.94995209e+00  3.00425000e-08  1.94730089e+00 
 3.00435000e-08  1.01972701e+00  3.00435000e-08  1.94995596e+00  3.00435000e-08  1.94745113e+00 
 3.00445000e-08  9.60832363e-01  3.00445000e-08  1.94995941e+00  3.00445000e-08  1.94769494e+00 
 3.00455000e-08  9.01974045e-01  3.00455000e-08  1.94996261e+00  3.00455000e-08  1.94781631e+00 
 3.05825000e-08 -5.04275856e-03  3.05825000e-08  1.22292459e+00  3.05825000e-08  1.94990311e+00 
 3.05835000e-08 -6.22958703e-03  3.05835000e-08  1.14344021e+00  3.05835000e-08  1.94988573e+00 
 3.05845000e-08 -7.58757820e-03  3.05845000e-08  1.06282957e+00  3.05845000e-08  1.94987258e+00 
 3.05855000e-08 -9.18975222e-03  3.05855000e-08  9.81135601e-01  3.05855000e-08  1.94986923e+00 
 3.05865000e-08 -1.10789081e-02  3.05865000e-08  8.98511397e-01  3.05865000e-08  1.94987967e+00 
 3.05875000e-08 -1.30972458e-02  3.05875000e-08  8.15052820e-01  3.05875000e-08  1.94990518e+00 
 3.06255000e-08  9.14151643e-01  3.06255000e-08  3.62444824e-03  3.06255000e-08  1.94937444e+00 
 3.06265000e-08  9.59223232e-01  3.06265000e-08  3.53355097e-03  3.06265000e-08  1.94931659e+00 
 3.06275000e-08  1.00370375e+00  3.06275000e-08  3.45093226e-03  3.06275000e-08  1.94923734e+00 
 3.06285000e-08  1.04803301e+00  3.06285000e-08  3.38477117e-03  3.06285000e-08  1.94913091e+00 
 3.06295000e-08  1.09250871e+00  3.06295000e-08  3.33260336e-03  3.06295000e-08  1.94898525e+00 
 3.06305000e-08  1.13693787e+00  3.06305000e-08  3.30017283e-03  3.06305000e-08  1.94879603e+00 
 3.09855000e-08  1.94996455e+00  3.09855000e-08  8.92545351e-01  3.09855000e-08  1.94987602e+00 
 3.09865000e-08  1.94996496e+00  3.09865000e-08  9.53765409e-01  3.09865000e-08  1.94977160e+00 
 3.09875000e-08  1.94996542e+00  3.09875000e-08  1.01406218e+00  3.09875000e-08  1.94966072e+00 
 3.09885000e-08  1.94996583e+00  3.09885000e-08  1.07343574e+00  3.09885000e-08  1.94956271e+00 
 3.09895000e-08  1.94996630e+00  3.09895000e-08  1.13202483e+00  3.09895000e-08  1.94945959e+00 
 3.09905000e-08  1.94996670e+00  3.09905000e-08  1.19023071e+00  3.09905000e-08  1.94933967e+00 
 3.11195000e-08  1.96644501e+00  3.11195000e-08  1.94995765e+00  3.11195000e-08  1.19438415e+00 
 3.11205000e-08  1.97378452e+00  3.11205000e-08  1.94998510e+00  3.11205000e-08  1.13684907e+00 
 3.11215000e-08  1.98083292e+00  3.11215000e-08  1.95001108e+00  3.11215000e-08  1.07922279e+00 
 3.11225000e-08  1.98741555e+00  3.11225000e-08  1.95003795e+00  3.11225000e-08  1.02128613e+00 
 3.11235000e-08  1.99368576e+00  3.11235000e-08  1.95005771e+00  3.11235000e-08  9.62936123e-01 
 3.11245000e-08  1.99961223e+00  3.11245000e-08  1.95007414e+00  3.11245000e-08  9.03989000e-01 
 3.11625000e-08  1.19955439e+00  3.11625000e-08  1.95030498e+00  3.11625000e-08  1.00135210e-02 
 3.11635000e-08  1.14051699e+00  3.11635000e-08  1.95027231e+00  3.11635000e-08  9.17999050e-03 
 3.11645000e-08  1.08153474e+00  3.11645000e-08  1.95024151e+00  3.11645000e-08  8.46191765e-03 
 3.11655000e-08  1.02261259e+00  3.11655000e-08  1.95021258e+00  3.11655000e-08  7.80362035e-03 
 3.11665000e-08  9.63715307e-01  3.11665000e-08  1.95018662e+00  3.11665000e-08  7.24496896e-03 
 3.11675000e-08  9.04857164e-01  3.11675000e-08  1.95016297e+00  3.11675000e-08  6.72700814e-03 
 3.17045000e-08 -4.99704249e-03  3.17045000e-08  1.22630436e+00  3.17045000e-08 -7.19158654e-06 
 3.17055000e-08 -6.17819349e-03  3.17055000e-08  1.14686480e+00  3.17055000e-08 -8.13690999e-06 
 3.17065000e-08 -7.52779755e-03  3.17065000e-08  1.06630084e+00  3.17065000e-08 -5.60023661e-06 
 3.17075000e-08 -9.11798241e-03  3.17075000e-08  9.84643232e-01  3.17075000e-08 -2.08276295e-06 
 3.17085000e-08 -1.10190822e-02  3.17085000e-08  9.02055887e-01  3.17085000e-08  3.64089232e-06 
 3.17095000e-08 -1.29975065e-02  3.17095000e-08  8.18623057e-01  3.17095000e-08  8.61230507e-06 
 3.17475000e-08  9.12301743e-01  3.17475000e-08  3.42954149e-03  3.17475000e-08 -1.34665432e-04 
 3.17485000e-08  9.57407258e-01  3.17485000e-08  3.33035350e-03  3.17485000e-08 -1.41497292e-04 
 3.17495000e-08  1.00190283e+00  3.17495000e-08  3.23056803e-03  3.17495000e-08 -1.45748825e-04 
 3.17505000e-08  1.04623023e+00  3.17505000e-08  3.13880343e-03  3.17505000e-08 -1.48768030e-04 
 3.17515000e-08  1.09069958e+00  3.17515000e-08  3.05171643e-03  3.17515000e-08 -1.52607073e-04 
 3.17525000e-08  1.13514394e+00  3.17525000e-08  2.97570919e-03  3.17525000e-08 -1.56165753e-04 
 3.21075000e-08  1.94996454e+00  3.21075000e-08  8.88866744e-01  3.21075000e-08 -9.64162564e-05 
 3.21085000e-08  1.94996493e+00  3.21085000e-08  9.50306717e-01  3.21085000e-08 -1.18353007e-04 
 3.21095000e-08  1.94996541e+00  3.21095000e-08  1.01091338e+00  3.21095000e-08 -1.33032453e-04 
 3.21105000e-08  1.94996581e+00  3.21105000e-08  1.07068483e+00  3.21105000e-08 -1.40769506e-04 
 3.21115000e-08  1.94996629e+00  3.21115000e-08  1.12972487e+00  3.21115000e-08 -1.54640016e-04 
 3.21125000e-08  1.94996667e+00  3.21125000e-08  1.18827801e+00  3.21125000e-08 -1.69100918e-04 
 3.22275000e-08  1.93410093e+00  3.22275000e-08  1.94992167e+00  3.22275000e-08  8.70021395e-01 
 3.22285000e-08  1.93211081e+00  3.22285000e-08  1.94992824e+00  3.22285000e-08  9.30868031e-01 
 3.22295000e-08  1.93007911e+00  3.22295000e-08  1.94993479e+00  3.22295000e-08  9.90646876e-01 
 3.22305000e-08  1.92817290e+00  3.22305000e-08  1.94994040e+00  3.22305000e-08  1.05123578e+00 
 3.22315000e-08  1.92663039e+00  3.22315000e-08  1.94994789e+00  3.22315000e-08  1.11658381e+00 
 3.22325000e-08  1.92575201e+00  3.22325000e-08  1.94994332e+00  3.22325000e-08  1.18930704e+00 
 3.22845000e-08  1.20236492e+00  3.22845000e-08  1.94994270e+00  3.22845000e-08  1.94680568e+00 
 3.22855000e-08  1.14332585e+00  3.22855000e-08  1.94994761e+00  3.22855000e-08  1.94700232e+00 
 3.22865000e-08  1.08433847e+00  3.22865000e-08  1.94995159e+00  3.22865000e-08  1.94727531e+00 
 3.22875000e-08  1.02541557e+00  3.22875000e-08  1.94995570e+00  3.22875000e-08  1.94743631e+00 
 3.22885000e-08  9.66514948e-01  3.22885000e-08  1.94995898e+00  3.22885000e-08  1.94767275e+00 
 3.22895000e-08  9.07656309e-01  3.22895000e-08  1.94996241e+00  3.22895000e-08  1.94780422e+00 
 3.28265000e-08 -4.92991017e-03  3.28265000e-08  1.23000985e+00  3.28265000e-08  1.94990463e+00 
 3.28275000e-08 -6.10250266e-03  3.28275000e-08  1.15062764e+00  3.28275000e-08  1.94988726e+00 
 3.28285000e-08 -7.44002680e-03  3.28285000e-08  1.07012395e+00  3.28285000e-08  1.94987339e+00 
 3.28295000e-08 -9.01299248e-03  3.28295000e-08  9.88515741e-01  3.28295000e-08  1.94986906e+00 
 3.28305000e-08 -1.09336990e-02  3.28305000e-08  9.05978009e-01  3.28305000e-08  1.94987808e+00 
 3.28315000e-08 -1.28506887e-02  3.28315000e-08  8.22581729e-01  3.28315000e-08  1.94990228e+00 
 3.28695000e-08  9.09563618e-01  3.28695000e-08  3.63250359e-03  3.28695000e-08  1.94937884e+00 
 3.28705000e-08  9.54720681e-01  3.28705000e-08  3.54213118e-03  3.28705000e-08  1.94932244e+00 
 3.28715000e-08  9.99239527e-01  3.28715000e-08  3.45702865e-03  3.28715000e-08  1.94924539e+00 
 3.28725000e-08  1.04356503e+00  3.28725000e-08  3.39082937e-03  3.28725000e-08  1.94914188e+00 
 3.28735000e-08  1.08802433e+00  3.28735000e-08  3.33581271e-03  3.28735000e-08  1.94899996e+00 
 3.28745000e-08  1.13248501e+00  3.28745000e-08  3.30316522e-03  3.28745000e-08  1.94881489e+00 
 3.32295000e-08  1.94996452e+00  3.32295000e-08  8.86334101e-01  3.32295000e-08  1.94988569e+00 
 3.32305000e-08  1.94996489e+00  3.32305000e-08  9.47648268e-01  3.32305000e-08  1.94978269e+00 
 3.32315000e-08  1.94996539e+00  3.32315000e-08  1.00803799e+00  3.32315000e-08  1.94967164e+00 
 3.32325000e-08  1.94996577e+00  3.32325000e-08  1.06749833e+00  3.32325000e-08  1.94957223e+00 
 3.32335000e-08  1.94996627e+00  3.32335000e-08  1.12615402e+00  3.32335000e-08  1.94947084e+00 
 3.32345000e-08  1.94996664e+00  3.32345000e-08  1.18434902e+00  3.32345000e-08  1.94935308e+00 
 3.33635000e-08  1.96569177e+00  3.33635000e-08  1.94995520e+00  3.33635000e-08  1.20026294e+00 
 3.33645000e-08  1.97305439e+00  3.33645000e-08  1.94998225e+00  3.33645000e-08  1.14272824e+00 
 3.33655000e-08  1.98014775e+00  3.33655000e-08  1.95000837e+00  3.33655000e-08  1.08512552e+00 
 3.33665000e-08  1.98676268e+00  3.33665000e-08  1.95003532e+00  3.33665000e-08  1.02722128e+00 
 3.33675000e-08  1.99306964e+00  3.33675000e-08  1.95005600e+00  3.33675000e-08  9.68926662e-01 
 3.33685000e-08  1.99902412e+00  3.33685000e-08  1.95007260e+00  3.33685000e-08  9.10039421e-01 
 3.34065000e-08  1.20555139e+00  3.34065000e-08  1.95030836e+00  3.34065000e-08  1.00997650e-02 
 3.34075000e-08  1.14651167e+00  3.34075000e-08  1.95027572e+00  3.34075000e-08  9.26181768e-03 
 3.34085000e-08  1.08751944e+00  3.34085000e-08  1.95024457e+00  3.34085000e-08  8.52930502e-03 
 3.34095000e-08  1.02859663e+00  3.34095000e-08  1.95021554e+00  3.34095000e-08  7.86837095e-03 
 3.34105000e-08  9.69693011e-01  3.34105000e-08  1.95018914e+00  3.34105000e-08  7.29696346e-03 
 3.34115000e-08  9.10834642e-01  3.34115000e-08  1.95016535e+00  3.34115000e-08  6.77826227e-03 
 3.39485000e-08 -4.86908662e-03  3.39485000e-08  1.23419642e+00  3.39485000e-08 -7.26755158e-06 
 3.39495000e-08 -6.03440758e-03  3.39495000e-08  1.15487168e+00  3.39495000e-08 -8.01110967e-06 
 3.39505000e-08 -7.36114120e-03  3.39505000e-08  1.07442767e+00  3.39505000e-08 -6.08972456e-06 
 3.39515000e-08 -8.91885524e-03  3.39515000e-08  9.92866456e-01  3.39515000e-08 -2.40170616e-06 
 3.39525000e-08 -1.08565654e-02  3.39525000e-08  9.10376559e-01  3.39525000e-08  2.95871504e-06 
 3.39535000e-08 -1.27097474e-02  3.39535000e-08  8.27014193e-01  3.39535000e-08  8.17822351e-06 
 3.39915000e-08  9.06887846e-01  3.39915000e-08  3.43926542e-03  3.39915000e-08 -1.33735031e-04 
 3.39925000e-08  9.52097047e-01  3.39925000e-08  3.34145379e-03  3.39925000e-08 -1.40912319e-04 
 3.39935000e-08  9.96640296e-01  3.39935000e-08  3.23979571e-03  3.39935000e-08 -1.45450629e-04 
 3.39945000e-08  1.04096533e+00  3.39945000e-08  3.14876954e-03  3.39945000e-08 -1.48399208e-04 
 3.39955000e-08  1.08541463e+00  3.39955000e-08  3.05951605e-03  3.39955000e-08 -1.52198995e-04 
 3.39965000e-08  1.12988919e+00  3.39965000e-08  2.98388568e-03  3.39965000e-08 -1.55850573e-04 
 3.43515000e-08  1.94996450e+00  3.43515000e-08  8.81600777e-01  3.43515000e-08 -9.30177643e-05 
 3.43525000e-08  1.94996486e+00  3.43525000e-08  9.43135393e-01  3.43525000e-08 -1.16262507e-04 
 3.43535000e-08  1.94996537e+00  3.43535000e-08  1.00384103e+00  3.43535000e-08 -1.31541929e-04 
 3.43545000e-08  1.94996574e+00  3.43545000e-08  1.06370769e+00  3.43545000e-08 -1.39882502e-04 
 3.43555000e-08  1.94996625e+00  3.43555000e-08  1.12282342e+00  3.43555000e-08 -1.52982142e-04 
 3.43565000e-08  1.94996661e+00  3.43565000e-08  1.18141461e+00  3.43565000e-08 -1.67180464e-04 
 3.44715000e-08  1.93431027e+00  3.44715000e-08  1.94992120e+00  3.44715000e-08  8.62754317e-01 
 3.44725000e-08  1.93233325e+00  3.44725000e-08  1.94992726e+00  3.44725000e-08  9.23778808e-01 
 3.44735000e-08  1.93029876e+00  3.44735000e-08  1.94993421e+00  3.44735000e-08  9.83630940e-01 
 3.44745000e-08  1.92836893e+00  3.44745000e-08  1.94993974e+00  3.44745000e-08  1.04390236e+00 
 3.44755000e-08  1.92677217e+00  3.44755000e-08  1.94994738e+00  3.44755000e-08  1.10847224e+00 
 3.44765000e-08  1.92580739e+00  3.44765000e-08  1.94994357e+00  3.44765000e-08  1.18063312e+00 
 3.45295000e-08  1.14979174e+00  3.45295000e-08  1.94994719e+00  3.45295000e-08  1.94698096e+00 
 3.45305000e-08  1.09079313e+00  3.45305000e-08  1.94995101e+00  3.45305000e-08  1.94724319e+00 
 3.45315000e-08  1.03186916e+00  3.45315000e-08  1.94995537e+00  3.45315000e-08  1.94741895e+00 
 3.45325000e-08  9.72961352e-01  3.45325000e-08  1.94995848e+00  3.45325000e-08  1.94764483e+00 
 3.45335000e-08  9.14102321e-01  3.45335000e-08  1.94996215e+00  3.45335000e-08  1.94779017e+00 
 3.45345000e-08  8.55263965e-01  3.45345000e-08  1.94996466e+00  3.45345000e-08  1.94798548e+00 
 3.50705000e-08 -4.80361925e-03  3.50705000e-08  1.23894513e+00  3.50705000e-08  1.94990654e+00 
 3.50715000e-08 -5.96110211e-03  3.50715000e-08  1.15969402e+00  3.50715000e-08  1.94988922e+00 
 3.50725000e-08 -7.27626927e-03  3.50725000e-08  1.07932704e+00  3.50725000e-08  1.94987452e+00 
 3.50735000e-08 -8.81777689e-03  3.50735000e-08  9.97829064e-01  3.50735000e-08  1.94986898e+00 
 3.50745000e-08 -1.07320088e-02  3.50745000e-08  9.15402848e-01  3.50745000e-08  1.94987625e+00 
 3.50755000e-08 -1.25820553e-02  3.50755000e-08  8.32087765e-01  3.50755000e-08  1.94989880e+00 
 3.51135000e-08  9.04368395e-01  3.51135000e-08  3.64324900e-03  3.51135000e-08  1.94938447e+00 
 3.51145000e-08  9.49627739e-01  3.51145000e-08  3.55355800e-03  3.51145000e-08  1.94932976e+00 
 3.51155000e-08  9.94195979e-01  3.51155000e-08  3.46539592e-03  3.51155000e-08  1.94925537e+00 
 3.51165000e-08  1.03852126e+00  3.51165000e-08  3.39910397e-03  3.51165000e-08  1.94915542e+00 
 3.51175000e-08  1.08296161e+00  3.51175000e-08  3.34052657e-03  3.51175000e-08  1.94901820e+00 
 3.51185000e-08  1.12744685e+00  3.51185000e-08  3.30744560e-03  3.51185000e-08  1.94883848e+00 
 3.54735000e-08  1.94996448e+00  3.54735000e-08  8.79445843e-01  3.54735000e-08  1.94989625e+00 
 3.54745000e-08  1.94996484e+00  3.54745000e-08  9.40861086e-01  3.54745000e-08  1.94979499e+00 
 3.54755000e-08  1.94996535e+00  3.54755000e-08  1.00135475e+00  3.54755000e-08  1.94968412e+00 
 3.54765000e-08  1.94996572e+00  3.54765000e-08  1.06091586e+00  3.54765000e-08  1.94958221e+00 
 3.54775000e-08  1.94996623e+00  3.54775000e-08  1.11964919e+00  3.54775000e-08  1.94948285e+00 
 3.54785000e-08  1.94996658e+00  3.54785000e-08  1.17786706e+00  3.54785000e-08  1.94936716e+00 
 3.56085000e-08  1.97228441e+00  3.56085000e-08  1.94997914e+00  3.56085000e-08  1.14910146e+00 
 3.56095000e-08  1.97941224e+00  3.56095000e-08  1.95000541e+00  3.56095000e-08  1.09152190e+00 
 3.56105000e-08  1.98607593e+00  3.56105000e-08  1.95003243e+00  3.56105000e-08  1.03365128e+00 
 3.56115000e-08  1.99241895e+00  3.56115000e-08  1.95005412e+00  3.56115000e-08  9.75414642e-01 
 3.56125000e-08  1.99840634e+00  3.56125000e-08  1.95007089e+00  3.56125000e-08  9.16591482e-01 
 3.56135000e-08  2.00412406e+00  3.56135000e-08  1.95008217e+00  3.56135000e-08  8.57158977e-01 
 3.56515000e-08  1.15276940e+00  3.56515000e-08  1.95027944e+00  3.56515000e-08  9.35015816e-03 
 3.56525000e-08  1.09376681e+00  3.56525000e-08  1.95024792e+00  3.56525000e-08  8.60593574e-03 
 3.56535000e-08  1.03484301e+00  3.56535000e-08  1.95021877e+00  3.56535000e-08  7.93791857e-03 
 3.56545000e-08  9.75932924e-01  3.56545000e-08  1.95019191e+00  3.56545000e-08  7.35661303e-03 
 3.56555000e-08  9.17074342e-01  3.56555000e-08  1.95016796e+00  3.56555000e-08  6.83292491e-03 
 3.56565000e-08  8.58232962e-01  3.56565000e-08  1.95014651e+00  3.56565000e-08  6.37941905e-03 
 3.61925000e-08 -4.74362682e-03  3.61925000e-08  1.24327966e+00  3.61925000e-08 -7.28615889e-06 
 3.61935000e-08 -5.89401059e-03  3.61935000e-08  1.16408946e+00  3.61935000e-08 -7.89400727e-06 
 3.61945000e-08 -7.19872932e-03  3.61945000e-08  1.08378536e+00  3.61945000e-08 -6.56424162e-06 
 3.61955000e-08 -8.72565881e-03  3.61955000e-08  1.00233718e+00  3.61955000e-08 -2.80628412e-06 
 3.61965000e-08 -1.06108029e-02  3.61965000e-08  9.19961707e-01  3.61965000e-08  2.22710552e-06 
 3.61975000e-08 -1.24593998e-02  3.61975000e-08  8.36683039e-01  3.61975000e-08  7.63761321e-06 
 3.62355000e-08  9.01846179e-01  3.62355000e-08  3.45037476e-03  3.62355000e-08 -1.32687943e-04 
 3.62365000e-08  9.47156693e-01  3.62365000e-08  3.35422800e-03  3.62365000e-08 -1.40175374e-04 
 3.62375000e-08  9.91750607e-01  3.62375000e-08  3.25044521e-03  3.62375000e-08 -1.45143007e-04 
 3.62385000e-08  1.03607669e+00  3.62385000e-08  3.16032016e-03  3.62385000e-08 -1.47918980e-04 
 3.62395000e-08  1.08050740e+00  3.62395000e-08  3.06857428e-03  3.62395000e-08 -1.51767353e-04 
 3.62405000e-08  1.12500124e+00  3.62405000e-08  2.99340308e-03  3.62405000e-08 -1.55429486e-04 
 3.65955000e-08  1.94996446e+00  3.65955000e-08  8.74894196e-01  3.65955000e-08 -8.98200218e-05 
 3.65965000e-08  1.94996481e+00  3.65965000e-08  9.36516732e-01  3.65965000e-08 -1.14260010e-04 
 3.65975000e-08  1.94996533e+00  3.65975000e-08  9.97313287e-01  3.65975000e-08 -1.30136830e-04 
 3.65985000e-08  1.94996569e+00  3.65985000e-08  1.05727237e+00  3.65985000e-08 -1.39092582e-04 
 3.65995000e-08  1.94996621e+00  3.65995000e-08  1.11646384e+00  3.65995000e-08 -1.51537785e-04 
 3.66005000e-08  1.94996656e+00  3.66005000e-08  1.17509587e+00  3.66005000e-08 -1.65426316e-04 
 3.67155000e-08  1.93450397e+00  3.67155000e-08  1.94992080e+00  3.67155000e-08  8.56178555e-01 
 3.67165000e-08  1.93254064e+00  3.67165000e-08  1.94992639e+00  3.67165000e-08  9.17369348e-01 
 3.67175000e-08  1.93050530e+00  3.67175000e-08  1.94993367e+00  3.67175000e-08  9.77302847e-01 
 3.67185000e-08  1.92855578e+00  3.67185000e-08  1.94993910e+00  3.67185000e-08  1.03736134e+00 
 3.67195000e-08  1.92691170e+00  3.67195000e-08  1.94994678e+00  3.67195000e-08  1.10128665e+00 
 3.67205000e-08  1.92586888e+00  3.67205000e-08  1.94994399e+00  3.67205000e-08  1.17280433e+00 
 3.67735000e-08  1.15581627e+00  3.67735000e-08  1.94994674e+00  3.67735000e-08  1.94696192e+00 
 3.67745000e-08  1.09680780e+00  3.67745000e-08  1.94995054e+00  3.67745000e-08  1.94721232e+00 
 3.67755000e-08  1.03788247e+00  3.67755000e-08  1.94995500e+00  3.67755000e-08  1.94740361e+00 
 3.67765000e-08  9.78968577e-01  3.67765000e-08  1.94995809e+00  3.67765000e-08  1.94761791e+00 
 3.67775000e-08  9.20109118e-01  3.67775000e-08  1.94996185e+00  3.67775000e-08  1.94777790e+00 
 3.67785000e-08  8.61263504e-01  3.67785000e-08  1.94996433e+00  3.67785000e-08  1.94796191e+00 
 3.73145000e-08 -4.69200470e-03  3.73145000e-08  1.24722991e+00  3.73145000e-08  1.94990829e+00 
 3.73155000e-08 -5.83630279e-03  3.73155000e-08  1.16810223e+00  3.73155000e-08  1.94989106e+00 
 3.73165000e-08 -7.13217291e-03  3.73165000e-08  1.08786324e+00  3.73165000e-08  1.94987570e+00 
 3.73175000e-08 -8.64873186e-03  3.73175000e-08  1.00646864e+00  3.73175000e-08  1.94986905e+00 
 3.73185000e-08 -1.05125933e-02  3.73185000e-08  9.24147426e-01  3.73185000e-08  1.94987473e+00 
 3.73195000e-08 -1.23593009e-02  3.73195000e-08  8.40909596e-01  3.73195000e-08  1.94989574e+00 
 3.73575000e-08  8.99724994e-01  3.73575000e-08  3.65286916e-03  3.73575000e-08  1.94938946e+00 
 3.73585000e-08  9.45079950e-01  3.73585000e-08  3.56382138e-03  3.73585000e-08  1.94933630e+00 
 3.73595000e-08  9.89696801e-01  3.73595000e-08  3.47292329e-03  3.73595000e-08  1.94926425e+00 
 3.73605000e-08  1.03402494e+00  3.73605000e-08  3.40654752e-03  3.73605000e-08  1.94916752e+00 
 3.73615000e-08  1.07844788e+00  3.73615000e-08  3.34475962e-03  3.73615000e-08  1.94903453e+00 
 3.73625000e-08  1.12294780e+00  3.73625000e-08  3.31123834e-03  3.73625000e-08  1.94885984e+00 
 3.77175000e-08  1.94996444e+00  3.77175000e-08  8.73119895e-01  3.77175000e-08  1.94989815e+00 
 3.77185000e-08  1.94996479e+00  3.77185000e-08  9.34625254e-01  3.77185000e-08  1.94980009e+00 
 3.77195000e-08  1.94996531e+00  3.77195000e-08  9.95211803e-01  3.77195000e-08  1.94969063e+00 
 3.77205000e-08  1.94996566e+00  3.77205000e-08  1.05487046e+00  3.77205000e-08  1.94958716e+00 
 3.77215000e-08  1.94996619e+00  3.77215000e-08  1.11368186e+00  3.77215000e-08  1.94949049e+00 
 3.77225000e-08  1.94996653e+00  3.77225000e-08  1.17192876e+00  3.77225000e-08  1.94937731e+00 
 3.78525000e-08  1.97162255e+00  3.78525000e-08  1.94997629e+00  3.78525000e-08  1.15486371e+00 
 3.78535000e-08  1.97877604e+00  3.78535000e-08  1.95000265e+00  3.78535000e-08  1.09729535e+00 
 3.78545000e-08  1.98548428e+00  3.78545000e-08  1.95002975e+00  3.78545000e-08  1.03946235e+00 
 3.78555000e-08  1.99185505e+00  3.78555000e-08  1.95005234e+00  3.78555000e-08  9.81269627e-01 
 3.78565000e-08  1.99787401e+00  3.78565000e-08  1.95006928e+00  3.78565000e-08  9.22511435e-01 
 3.78575000e-08  2.00361451e+00  3.78575000e-08  1.95008143e+00  3.78575000e-08  8.63143724e-01 
 3.78955000e-08  1.15810092e+00  3.78955000e-08  1.95028266e+00  3.78955000e-08  9.43042053e-03 
 3.78965000e-08  1.09908975e+00  3.78965000e-08  1.95025082e+00  3.78965000e-08  8.67929766e-03 
 3.78975000e-08  1.04016475e+00  3.78975000e-08  1.95022160e+00  3.78975000e-08  8.00084561e-03 
 3.78985000e-08  9.81249406e-01  3.78985000e-08  1.95019433e+00  3.78985000e-08  7.41419272e-03 
 3.78995000e-08  9.22390543e-01  3.78995000e-08  1.95017026e+00  3.78995000e-08  6.88209169e-03 
 3.79005000e-08  8.63542941e-01  3.79005000e-08  1.95014836e+00  3.79005000e-08  6.42472681e-03 
 3.84365000e-08 -4.65527666e-03  3.84365000e-08  1.25011612e+00  3.84365000e-08 -7.27406844e-06 
 3.84375000e-08 -5.79527785e-03  3.84375000e-08  1.17103061e+00  3.84375000e-08 -7.79790149e-06 
 3.84385000e-08 -7.08490939e-03  3.84385000e-08  1.09083433e+00  3.84385000e-08 -6.88362196e-06 
 3.84395000e-08 -8.59074887e-03  3.84395000e-08  1.00947361e+00  3.84395000e-08 -3.10763690e-06 
 3.84405000e-08 -1.04288812e-02  3.84405000e-08  9.27186834e-01  3.84405000e-08  1.69178741e-06 
 3.84415000e-08 -1.22666378e-02  3.84415000e-08  8.43973536e-01  3.84415000e-08  7.22398994e-06 
 3.84795000e-08  8.97882642e-01  3.84795000e-08  3.45802492e-03  3.84795000e-08 -1.31891315e-04 
 3.84805000e-08  9.43277443e-01  3.84805000e-08  3.36323802e-03  3.84805000e-08 -1.39644647e-04 
 3.84815000e-08  9.87915453e-01  3.84815000e-08  3.25797982e-03  3.84815000e-08 -1.44939912e-04 
 3.84825000e-08  1.03224666e+00  3.84825000e-08  3.16857013e-03  3.84825000e-08 -1.47568981e-04 
 3.84835000e-08  1.07666086e+00  3.84835000e-08  3.07502581e-03  3.84835000e-08 -1.51457091e-04 
 3.84845000e-08  1.12116526e+00  3.84845000e-08  3.00019520e-03  3.84845000e-08 -1.55116529e-04 
 3.88395000e-08  1.94996443e+00  3.88395000e-08  8.69470934e-01  3.88395000e-08 -8.71570941e-05 
 3.88405000e-08  1.94996477e+00  3.88405000e-08  9.31164165e-01  3.88405000e-08 -1.12580505e-04 
 3.88415000e-08  1.94996529e+00  3.88415000e-08  9.92031059e-01  3.88415000e-08 -1.28883196e-04 
 3.88425000e-08  1.94996565e+00  3.88425000e-08  1.05206061e+00  3.88425000e-08 -1.38361078e-04 
 3.88435000e-08  1.94996617e+00  3.88435000e-08  1.11131169e+00  3.88435000e-08 -1.50356535e-04 
 3.88445000e-08  1.94996652e+00  3.88445000e-08  1.16998040e+00  3.88445000e-08 -1.64119767e-04 
 3.89595000e-08  1.93465855e+00  3.89595000e-08  1.94992058e+00  3.89595000e-08  8.50743132e-01 
 3.89605000e-08  1.93270727e+00  3.89605000e-08  1.94992567e+00  3.89605000e-08  9.12073310e-01 
 3.89615000e-08  1.93067254e+00  3.89615000e-08  1.94993322e+00  3.89615000e-08  9.72083431e-01 
 3.89625000e-08  1.92870882e+00  3.89625000e-08  1.94993854e+00  3.89625000e-08  1.03200987e+00 
 3.89635000e-08  1.92702906e+00  3.89635000e-08  1.94994619e+00  3.89635000e-08  1.09545206e+00 
 3.89645000e-08  1.92592541e+00  3.89645000e-08  1.94994447e+00  3.89645000e-08  1.16635020e+00 
 3.90175000e-08  1.16067128e+00  3.90175000e-08  1.94994636e+00  3.90175000e-08  1.94694796e+00 
 3.90185000e-08  1.10165493e+00  3.90185000e-08  1.94995016e+00  3.90185000e-08  1.94718716e+00 
 3.90195000e-08  1.04272837e+00  3.90195000e-08  1.94995469e+00  3.90195000e-08  1.94739251e+00 
 3.90205000e-08  9.83809669e-01  3.90205000e-08  1.94995776e+00  3.90205000e-08  1.94759590e+00 
 3.90215000e-08  9.24949929e-01  3.90215000e-08  1.94996160e+00  3.90215000e-08  1.94776915e+00 
 3.90225000e-08  8.66098723e-01  3.90225000e-08  1.94996406e+00  3.90225000e-08  1.94794257e+00 
 3.95585000e-08 -4.61686146e-03  3.95585000e-08  1.25396832e+00  3.95585000e-08  1.94990974e+00 
 3.95595000e-08 -5.75240544e-03  3.95595000e-08  1.17494779e+00  3.95595000e-08  1.94989254e+00 
 3.95605000e-08 -7.03556558e-03  3.95605000e-08  1.09480719e+00  3.95605000e-08  1.94987675e+00 
 3.95615000e-08 -8.53239078e-03  3.95615000e-08  1.01350241e+00  3.95615000e-08  1.94986918e+00 
 3.95625000e-08 -1.03543352e-02  3.95625000e-08  9.31262344e-01  3.95625000e-08  1.94987365e+00 
 3.95635000e-08 -1.21907701e-02  3.95635000e-08  8.48092332e-01  3.95635000e-08  1.94989334e+00 
 3.96025000e-08  9.41676382e-01  3.96025000e-08  3.57159547e-03  3.96025000e-08  1.94934152e+00 
 3.96035000e-08  9.86333304e-01  3.96035000e-08  3.47943171e-03  3.96035000e-08  1.94927125e+00 
 3.96045000e-08  1.03066730e+00  3.96045000e-08  3.41213335e-03  3.96045000e-08  1.94917710e+00 
 3.96055000e-08  1.07507573e+00  3.96055000e-08  3.34857912e-03  3.96055000e-08  1.94904749e+00 
 3.96065000e-08  1.11958325e+00  3.96065000e-08  3.31384279e-03  3.96065000e-08  1.94887697e+00 
 3.96075000e-08  1.16371893e+00  3.96075000e-08  3.28524301e-03  3.96075000e-08  1.94865883e+00 
 3.99615000e-08  1.94996441e+00  3.99615000e-08  8.68568882e-01  3.99615000e-08  1.94990788e+00 
 3.99625000e-08  1.94996475e+00  3.99625000e-08  9.30142251e-01  3.99625000e-08  1.94981036e+00 
 3.99635000e-08  1.94996528e+00  3.99635000e-08  9.90798906e-01  3.99635000e-08  1.94970071e+00 
 3.99645000e-08  1.94996563e+00  3.99645000e-08  1.05052531e+00  3.99645000e-08  1.94959534e+00 
 3.99655000e-08  1.94996616e+00  3.99655000e-08  1.10939165e+00  3.99655000e-08  1.94949965e+00 
 3.99665000e-08  1.94996650e+00  3.99665000e-08  1.16766399e+00  3.99665000e-08  1.94938748e+00 
 4.00965000e-08  1.97107457e+00  4.00965000e-08  1.94997406e+00  4.00965000e-08  1.15902127e+00 
 4.00975000e-08  1.97824890e+00  4.00975000e-08  1.95000065e+00  4.00975000e-08  1.10145902e+00 
 4.00985000e-08  1.98499352e+00  4.00985000e-08  1.95002786e+00  4.00985000e-08  1.04365091e+00 
 4.00995000e-08  1.99138716e+00  4.00995000e-08  1.95005114e+00  4.00995000e-08  9.85487095e-01 
 4.01005000e-08  1.99743227e+00  4.01005000e-08  1.95006820e+00  4.01005000e-08  9.26773034e-01 
 4.01015000e-08  2.00319181e+00  4.01015000e-08  1.95008096e+00  4.01015000e-08  8.67449163e-01 
 4.01395000e-08  1.16248517e+00  4.01395000e-08  1.95028524e+00  4.01395000e-08  9.48869312e-03 
 4.01405000e-08  1.10346716e+00  4.01405000e-08  1.95025302e+00  4.01405000e-08  8.73348796e-03 
 4.01415000e-08  1.04454127e+00  4.01415000e-08  1.95022386e+00  4.01415000e-08  8.04631073e-03 
 4.01425000e-08  9.85621804e-01  4.01425000e-08  1.95019615e+00  4.01425000e-08  7.45672752e-03 
 4.01435000e-08  9.26762918e-01  4.01435000e-08  1.95017209e+00  4.01435000e-08  6.91740992e-03 
 4.01445000e-08  8.67910517e-01  4.01445000e-08  1.95014974e+00  4.01445000e-08  6.45820343e-03 
 4.06805000e-08 -4.58302210e-03  4.06805000e-08  1.25601421e+00  4.06805000e-08 -7.22230498e-06 
 4.06815000e-08 -5.71466635e-03  4.06815000e-08  1.17702535e+00  4.06815000e-08 -7.73562953e-06 
 4.06825000e-08 -6.99216822e-03  4.06825000e-08  1.09690833e+00  4.06825000e-08 -7.11065333e-06 
 4.06835000e-08 -8.48113497e-03  4.06835000e-08  1.01562853e+00  4.06835000e-08 -3.38899423e-06 
 4.06845000e-08 -1.02891800e-02  4.06845000e-08  9.33406836e-01  4.06845000e-08  1.27395389e-06 
 4.06855000e-08 -1.21244149e-02  4.06855000e-08  8.50255351e-01  4.06855000e-08  6.85829850e-06 
 4.07245000e-08  9.40263215e-01  4.07245000e-08  3.37051359e-03  4.07245000e-08 -1.39154828e-04 
 4.07255000e-08  9.84937281e-01  4.07255000e-08  3.26551023e-03  4.07255000e-08 -1.44744154e-04 
 4.07265000e-08  1.02927419e+00  4.07265000e-08  3.17522041e-03  4.07265000e-08 -1.47253149e-04 
 4.07275000e-08  1.07367758e+00  4.07275000e-08  3.08156146e-03  4.07275000e-08 -1.51173411e-04 
 4.07285000e-08  1.11818729e+00  4.07285000e-08  3.00563526e-03  4.07285000e-08 -1.54831514e-04 
 4.07295000e-08  1.16234303e+00  4.07295000e-08  2.93002534e-03  4.07295000e-08 -1.58106896e-04 
 4.10835000e-08  1.94996440e+00  4.10835000e-08  8.65240871e-01  4.10835000e-08 -8.58493054e-05 
 4.10845000e-08  1.94996474e+00  4.10845000e-08  9.26989118e-01  4.10845000e-08 -1.10719977e-04 
 4.10855000e-08  1.94996527e+00  4.10855000e-08  9.87914968e-01  4.10855000e-08 -1.27407933e-04 
 4.10865000e-08  1.94996561e+00  4.10865000e-08  1.04800409e+00  4.10865000e-08 -1.37348125e-04 
 4.10875000e-08  1.94996615e+00  4.10875000e-08  1.10730261e+00  4.10875000e-08 -1.48956785e-04 
 4.10885000e-08  1.94996649e+00  4.10885000e-08  1.16600224e+00  4.10885000e-08 -1.62735283e-04 
 4.12045000e-08  1.93286256e+00  4.12045000e-08  1.94992512e+00  4.12045000e-08  9.07912151e-01 
 4.12055000e-08  1.93082928e+00  4.12055000e-08  1.94993286e+00  4.12055000e-08  9.67986884e-01 
 4.12065000e-08  1.92885351e+00  4.12065000e-08  1.94993808e+00  4.12065000e-08  1.02783347e+00 
 4.12075000e-08  1.92714225e+00  4.12075000e-08  1.94994568e+00  4.12075000e-08  1.09092613e+00 
 4.12085000e-08  1.92598343e+00  4.12085000e-08  1.94994490e+00  4.12085000e-08  1.16129044e+00 
 4.12095000e-08  1.92565779e+00  4.12095000e-08  1.94994443e+00  4.12095000e-08  1.23460522e+00 
 4.12615000e-08  1.16522006e+00  4.12615000e-08  1.94994606e+00  4.12615000e-08  1.94693669e+00 
 4.12625000e-08  1.10619859e+00  4.12625000e-08  1.94994986e+00  4.12625000e-08  1.94716652e+00 
 4.12635000e-08  1.04726885e+00  4.12635000e-08  1.94995445e+00  4.12635000e-08  1.94738357e+00 
 4.12645000e-08  9.88347618e-01  4.12645000e-08  1.94995751e+00  4.12645000e-08  1.94757783e+00 
 4.12655000e-08  9.29485807e-01  4.12655000e-08  1.94996140e+00  4.12655000e-08  1.94776214e+00 
 4.12665000e-08  8.70631156e-01  4.12665000e-08  1.94996384e+00  4.12665000e-08  1.94792668e+00 
 4.18025000e-08 -4.53662105e-03  4.18025000e-08  1.25972921e+00  4.18025000e-08  1.94991098e+00 
 4.18035000e-08 -5.66301722e-03  4.18035000e-08  1.18080843e+00  4.18035000e-08  1.94989383e+00 
 4.18045000e-08 -6.93373267e-03  4.18045000e-08  1.10074642e+00  4.18045000e-08  1.94987772e+00 
 4.18055000e-08 -8.41303410e-03  4.18055000e-08  1.01952493e+00  4.18055000e-08  1.94986937e+00 
 4.18065000e-08 -1.02027495e-02  4.18065000e-08  9.37349685e-01  4.18065000e-08  1.94987283e+00 
 4.18075000e-08 -1.20364120e-02  4.18075000e-08  8.54243971e-01  4.18075000e-08  1.94989138e+00 
 4.18465000e-08  9.38349191e-01  4.18465000e-08  3.57799711e-03  4.18465000e-08  1.94934591e+00 
 4.18475000e-08  9.83047154e-01  4.18475000e-08  3.48575224e-03  4.18475000e-08  1.94927715e+00 
 4.18485000e-08  1.02738866e+00  4.18485000e-08  3.41670257e-03  4.18485000e-08  1.94918513e+00 
 4.18495000e-08  1.07178534e+00  4.18495000e-08  3.35260286e-03  4.18495000e-08  1.94905837e+00 
 4.18505000e-08  1.11629719e+00  4.18505000e-08  3.31593819e-03  4.18505000e-08  1.94889136e+00 
 4.18515000e-08  1.16047933e+00  4.18515000e-08  3.28665765e-03  4.18515000e-08  1.94867618e+00 
 4.20000000e-08  1.94972932e+00  4.20000000e-08 -7.03635561e-06  4.20000000e-08  1.94997668e+00 
