 time            v(b_out)        time            v(u_puf_u_core_sel_ro) time            v(q)           
 0.00000000e+00  4.68653885e-09  0.00000000e+00  2.46749731e-09  0.00000000e+00  2.46749746e-09 
 2.57850000e-09  9.39876802e-01  2.57850000e-09  8.75796724e-09  2.57850000e-09  2.47673876e-09 
 2.57950000e-09  9.75580754e-01  2.57950000e-09  1.78251319e-08  2.57950000e-09  2.47487447e-09 
 2.58050000e-09  1.01193239e+00  2.58050000e-09  1.97488215e-08  2.58050000e-09  2.45896337e-09 
 2.58150000e-09  1.04913580e+00  2.58150000e-09  1.74493902e-08  2.58150000e-09  2.45484233e-09 
 2.58250000e-09  1.08676477e+00  2.58250000e-09 -2.50492457e-08  2.58250000e-09  2.38751202e-09 
 2.58350000e-09  1.12430162e+00  2.58350000e-09 -8.48620838e-08  2.58350000e-09  2.39272829e-09 
 2.76350000e-09  1.94989879e+00  2.76350000e-09  8.71461353e-01  2.76350000e-09 -8.69434190e-05 
 2.76450000e-09  1.94990096e+00  2.76450000e-09  9.33054497e-01  2.76450000e-09 -1.12253041e-04 
 2.76550000e-09  1.94990289e+00  2.76550000e-09  9.93846929e-01  2.76550000e-09 -1.27912307e-04 
 2.76650000e-09  1.94990485e+00  2.76650000e-09  1.05381579e+00  2.76650000e-09 -1.37047884e-04 
 2.76750000e-09  1.94990660e+00  2.76750000e-09  1.11303083e+00  2.76750000e-09 -1.49441837e-04 
 2.76850000e-09  1.94990839e+00  2.76850000e-09  1.17169321e+00  2.76850000e-09 -1.63566502e-04 
 2.88450000e-09  1.94996318e+00  2.88450000e-09  1.94992063e+00  2.88450000e-09  9.02279414e-01 
 2.88550000e-09  1.94996334e+00  2.88550000e-09  1.94992825e+00  2.88550000e-09  9.62352858e-01 
 2.88650000e-09  1.94996350e+00  2.88650000e-09  1.94993447e+00  2.88650000e-09  1.02200943e+00 
 2.88750000e-09  1.94996366e+00  2.88750000e-09  1.94994165e+00  2.88750000e-09  1.08454001e+00 
 2.88850000e-09  1.94996382e+00  2.88850000e-09  1.94994342e+00  2.88850000e-09  1.15398308e+00 
 2.88950000e-09  1.94996397e+00  2.88950000e-09  1.94994183e+00  2.88950000e-09  1.22723690e+00 
 3.11450000e-09  1.13579330e+00  3.11450000e-09  1.94999902e+00  3.11450000e-09  1.94999689e+00 
 3.11550000e-09  1.08302573e+00  3.11550000e-09  1.94999909e+00  3.11550000e-09  1.94999904e+00 
 3.11650000e-09  1.03049429e+00  3.11650000e-09  1.94999902e+00  3.11650000e-09  1.94999691e+00 
 3.11750000e-09  9.78095051e-01  3.11750000e-09  1.94999909e+00  3.11750000e-09  1.94999841e+00 
 3.11850000e-09  9.25794851e-01  3.11850000e-09  1.94999902e+00  3.11850000e-09  1.94999708e+00 
 3.11950000e-09  8.73490780e-01  3.11950000e-09  1.94999908e+00  3.11950000e-09  1.94999913e+00 
 3.41250000e-09  3.53059037e-04  3.41250000e-09  1.15448454e+00  3.41250000e-09  1.94994356e+00 
 3.41350000e-09  3.45634608e-04  3.41350000e-09  1.10251211e+00  3.41350000e-09  1.94993974e+00 
 3.41450000e-09  3.38337370e-04  3.41450000e-09  1.04977887e+00  3.41450000e-09  1.94993917e+00 
 3.41550000e-09  3.31236464e-04  3.41550000e-09  9.96255218e-01  3.41550000e-09  1.94994433e+00 
 3.41650000e-09  3.24257426e-04  3.41650000e-09  9.41974282e-01  3.41650000e-09  1.94995511e+00 
 3.41750000e-09  3.17468220e-04  3.41750000e-09  8.86920526e-01  3.41750000e-09  1.94997286e+00 
 3.70050000e-09  9.42513717e-01  3.70050000e-09  1.41817157e-06  3.70050000e-09  1.94999777e+00 
 3.70150000e-09  9.79564527e-01  3.70150000e-09  1.08769144e-06  3.70150000e-09  1.94999792e+00 
 3.70250000e-09  1.01713769e+00  3.70250000e-09  1.34225912e-06  3.70250000e-09  1.94999787e+00 
 3.70350000e-09  1.05500603e+00  3.70350000e-09  9.85647376e-07  3.70350000e-09  1.94999802e+00 
 3.70450000e-09  1.09277931e+00  3.70450000e-09  1.23340849e-06  3.70450000e-09  1.94999797e+00 
 3.70550000e-09  1.13022258e+00  3.70550000e-09  9.15062904e-07  3.70550000e-09  1.94999811e+00 
 3.88450000e-09  1.94989740e+00  3.88450000e-09  8.58901226e-01  3.88450000e-09  1.94992720e+00 
 3.88550000e-09  1.94989952e+00  3.88550000e-09  9.20523946e-01  3.88550000e-09  1.94983188e+00 
 3.88650000e-09  1.94990163e+00  3.88650000e-09  9.81264785e-01  3.88650000e-09  1.94972292e+00 
 3.88750000e-09  1.94990354e+00  3.88750000e-09  1.04109181e+00  3.88750000e-09  1.94961377e+00 
 3.88850000e-09  1.94990545e+00  3.88850000e-09  1.10005568e+00  3.88850000e-09  1.94952014e+00 
 3.88950000e-09  1.94990719e+00  3.88950000e-09  1.15839946e+00  3.88950000e-09  1.94941082e+00 
 4.01950000e-09  1.94996522e+00  4.01950000e-09  1.94996907e+00  4.01950000e-09  1.16809658e+00 
 4.02050000e-09  1.94996537e+00  4.02050000e-09  1.94999618e+00  4.02050000e-09  1.11055316e+00 
 4.02150000e-09  1.94996551e+00  4.02150000e-09  1.95002311e+00  4.02150000e-09  1.05280687e+00 
 4.02250000e-09  1.94996565e+00  4.02250000e-09  1.95004773e+00  4.02250000e-09  9.94717159e-01 
 4.02350000e-09  1.94996579e+00  4.02350000e-09  1.95006556e+00  4.02350000e-09  9.36113469e-01 
 4.02450000e-09  1.94996594e+00  4.02450000e-09  1.95007961e+00  4.02450000e-09  8.76902002e-01 
 4.23650000e-09  1.13734392e+00  4.23650000e-09  1.94999908e+00  4.23650000e-09  2.27586620e-05 
 4.23750000e-09  1.08456890e+00  4.23750000e-09  1.94999890e+00  4.23750000e-09  2.17032735e-05 
 4.23850000e-09  1.03203268e+00  4.23850000e-09  1.94999908e+00  4.23850000e-09  2.13363854e-05 
 4.23950000e-09  9.79629653e-01  4.23950000e-09  1.94999890e+00  4.23950000e-09  2.02632557e-05 
 4.24050000e-09  9.27328804e-01  4.24050000e-09  1.94999907e+00  4.24050000e-09  1.99411226e-05 
 4.24150000e-09  8.75024648e-01  4.24150000e-09  1.94999889e+00  4.24150000e-09  1.90242495e-05 
 4.53450000e-09  3.53305963e-04  4.53450000e-09  1.15626210e+00  4.53450000e-09 -2.47682721e-06 
 4.53550000e-09  3.45876608e-04  4.53550000e-09  1.10431541e+00  4.53550000e-09 -2.20347429e-06 
 4.53650000e-09  3.38571858e-04  4.53650000e-09  1.05160671e+00  4.53650000e-09 -1.25584826e-07 
 4.53750000e-09  3.31468633e-04  4.53750000e-09  9.98108933e-01  4.53750000e-09  1.25873541e-06 
 4.53850000e-09  3.24483213e-04  4.53850000e-09  9.43852833e-01  4.53850000e-09  3.99204130e-06 
 4.53950000e-09  3.17690288e-04  4.53950000e-09  8.88825004e-01  4.53950000e-09  6.09240312e-06 
 4.82250000e-09  9.42021752e-01  4.82250000e-09  2.28424624e-06  4.82250000e-09  7.77789009e-07 
 4.82350000e-09  9.79066540e-01  4.82350000e-09  1.92824720e-06  4.82350000e-09 -1.13031054e-07 
 4.82450000e-09  1.01663316e+00  4.82450000e-09  2.16509022e-06  4.82450000e-09  7.00152136e-07 
 4.82550000e-09  1.05450031e+00  4.82550000e-09  1.78432475e-06  4.82550000e-09 -2.15457877e-07 
 4.82650000e-09  1.09227794e+00  4.82650000e-09  2.01647835e-06  4.82650000e-09  7.56938198e-07 
 4.82750000e-09  1.12972788e+00  4.82750000e-09  1.67367129e-06  4.82750000e-09 -1.17559550e-07 
 5.00650000e-09  1.94989739e+00  5.00650000e-09  8.56861995e-01  5.00650000e-09 -8.02581383e-05 
 5.00750000e-09  1.94989948e+00  5.00750000e-09  9.18629821e-01  5.00750000e-09 -1.08333155e-04 
 5.00850000e-09  1.94990162e+00  5.00850000e-09  9.79609712e-01  5.00850000e-09 -1.25492880e-04 
 5.00950000e-09  1.94990351e+00  5.00950000e-09  1.03977054e+00  5.00950000e-09 -1.36655925e-04 
 5.01050000e-09  1.94990545e+00  5.01050000e-09  1.09914944e+00  5.01050000e-09 -1.47186714e-04 
 5.01150000e-09  1.94990717e+00  5.01150000e-09  1.15791851e+00  5.01150000e-09 -1.61423336e-04 
 5.12750000e-09  1.94996307e+00  5.12750000e-09  1.94992381e+00  5.12750000e-09  8.99267958e-01 
 5.12850000e-09  1.94996324e+00  5.12850000e-09  1.94993175e+00  5.12850000e-09  9.59489659e-01 
 5.12950000e-09  1.94996339e+00  5.12950000e-09  1.94993695e+00  5.12950000e-09  1.01922867e+00 
 5.13050000e-09  1.94996356e+00  5.13050000e-09  1.94994417e+00  5.13050000e-09  1.08167083e+00 
 5.13150000e-09  1.94996371e+00  5.13150000e-09  1.94994581e+00  5.13150000e-09  1.15083085e+00 
 5.13250000e-09  1.94996388e+00  5.13250000e-09  1.94994392e+00  5.13250000e-09  1.22425127e+00 
 5.35850000e-09  1.13879683e+00  5.35850000e-09  1.94999913e+00  5.35850000e-09  1.94999729e+00 
 5.35950000e-09  1.08601436e+00  5.35950000e-09  1.94999900e+00  5.35950000e-09  1.94999566e+00 
 5.36050000e-09  1.03347311e+00  5.36050000e-09  1.94999913e+00  5.36050000e-09  1.94999847e+00 
 5.36150000e-09  9.81065905e-01  5.36150000e-09  1.94999899e+00  5.36150000e-09  1.94999580e+00 
 5.36250000e-09  9.28763886e-01  5.36250000e-09  1.94999912e+00  5.36250000e-09  1.94999772e+00 
 5.36350000e-09  8.76459266e-01  5.36350000e-09  1.94999899e+00  5.36350000e-09  1.94999609e+00 
 5.65650000e-09  3.53488607e-04  5.65650000e-09  1.15730081e+00  5.65650000e-09  1.94994410e+00 
 5.65750000e-09  3.46058385e-04  5.65750000e-09  1.10537191e+00  5.65750000e-09  1.94993964e+00 
 5.65850000e-09  3.38747331e-04  5.65850000e-09  1.05268011e+00  5.65850000e-09  1.94993931e+00 
 5.65950000e-09  3.31642936e-04  5.65950000e-09  9.99199773e-01  5.65950000e-09  1.94994367e+00 
 5.66050000e-09  3.24653236e-04  5.66050000e-09  9.44959856e-01  5.66050000e-09  1.94995458e+00 
 5.66150000e-09  3.17859778e-04  5.66150000e-09  8.89948149e-01  5.66150000e-09  1.94997150e+00 
 5.94450000e-09  9.40489657e-01  5.94450000e-09  1.41052297e-06  5.94450000e-09  1.94999779e+00 
 5.94550000e-09  9.77516043e-01  5.94550000e-09  1.09819407e-06  5.94550000e-09  1.94999790e+00 
 5.94650000e-09  1.01506191e+00  5.94650000e-09  1.33671884e-06  5.94650000e-09  1.94999789e+00 
 5.94750000e-09  1.05292491e+00  5.94750000e-09  9.97238349e-07  5.94750000e-09  1.94999800e+00 
 5.94850000e-09  1.09071211e+00  5.94850000e-09  1.22714517e-06  5.94850000e-09  1.94999799e+00 
 5.94950000e-09  1.12817872e+00  5.94950000e-09  9.24165192e-07  5.94950000e-09  1.94999809e+00 
 6.12850000e-09  1.94989733e+00  6.12850000e-09  8.55452469e-01  6.12850000e-09  1.94993190e+00 
 6.12950000e-09  1.94989936e+00  6.12950000e-09  9.17122329e-01  6.12950000e-09  1.94983753e+00 
 6.13050000e-09  1.94990156e+00  6.13050000e-09  9.77912882e-01  6.13050000e-09  1.94972899e+00 
 6.13150000e-09  1.94990339e+00  6.13150000e-09  1.03779454e+00  6.13150000e-09  1.94961957e+00 
 6.13250000e-09  1.94990540e+00  6.13250000e-09  1.09681109e+00  6.13250000e-09  1.94952556e+00 
 6.13350000e-09  1.94990706e+00  6.13350000e-09  1.15517314e+00  6.13350000e-09  1.94941722e+00 
 6.26350000e-09  1.94996521e+00  6.26350000e-09  1.94996748e+00  6.26350000e-09  1.17137102e+00 
 6.26450000e-09  1.94996538e+00  6.26450000e-09  1.94999484e+00  6.26450000e-09  1.11383071e+00 
 6.26550000e-09  1.94996549e+00  6.26550000e-09  1.95002150e+00  6.26550000e-09  1.05610221e+00 
 6.26650000e-09  1.94996566e+00  6.26650000e-09  1.95004661e+00  6.26650000e-09  9.98034201e-01 
 6.26750000e-09  1.94996577e+00  6.26750000e-09  1.95006454e+00  6.26750000e-09  9.39464801e-01 
 6.26850000e-09  1.94996594e+00  6.26850000e-09  1.95007908e+00  6.26850000e-09  8.80288299e-01 
 6.48050000e-09  1.13984886e+00  6.48050000e-09  1.94999909e+00  6.48050000e-09  2.29861646e-05 
 6.48150000e-09  1.08706220e+00  6.48150000e-09  1.94999889e+00  6.48150000e-09  2.14346297e-05 
 6.48250000e-09  1.03451785e+00  6.48250000e-09  1.94999909e+00  6.48250000e-09  2.16611621e-05 
 6.48350000e-09  9.82108742e-01  6.48350000e-09  1.94999889e+00  6.48350000e-09  2.00038195e-05 
 6.48450000e-09  9.29806331e-01  6.48450000e-09  1.94999908e+00  6.48450000e-09  2.02656742e-05 
 6.48550000e-09  8.77502317e-01  6.48550000e-09  1.94999888e+00  6.48550000e-09  1.88033392e-05 
 6.77850000e-09  3.53661810e-04  6.77850000e-09  1.15866075e+00  6.77850000e-09 -2.45413611e-06 
 6.77950000e-09  3.46229550e-04  6.77950000e-09  1.10675117e+00  6.77950000e-09 -2.30299950e-06 
 6.78050000e-09  3.38915976e-04  6.78050000e-09  1.05407778e+00  6.78050000e-09 -1.66190131e-07 
 6.78150000e-09  3.31809036e-04  6.78150000e-09  1.00061689e+00  6.78150000e-09  1.12435258e-06 
 6.78250000e-09  3.24812634e-04  6.78250000e-09  9.46395747e-01  6.78250000e-09  3.91186889e-06 
 6.78350000e-09  3.18015761e-04  6.78350000e-09  8.91403738e-01  6.78350000e-09  5.93274583e-06 
 7.06650000e-09  9.40615721e-01  7.06650000e-09  2.30608991e-06  7.06650000e-09  8.11208846e-07 
 7.06750000e-09  9.77643608e-01  7.06750000e-09  1.91079262e-06  7.06750000e-09 -1.61612174e-07 
 7.06850000e-09  1.01519121e+00  7.06850000e-09  2.18806185e-06  7.06850000e-09  7.35341982e-07 
 7.06950000e-09  1.05305457e+00  7.06950000e-09  1.76812931e-06  7.06950000e-09 -2.52671680e-07 
 7.07050000e-09  1.09084100e+00  7.07050000e-09  2.03848533e-06  7.07050000e-09  7.99704632e-07 
 7.07150000e-09  1.12830625e+00  7.07150000e-09  1.65613214e-06  7.07150000e-09 -1.44943354e-07 
 7.25050000e-09  1.94989733e+00  7.25050000e-09  8.54488307e-01  7.25050000e-09 -7.90134554e-05 
 7.25150000e-09  1.94989936e+00  7.25150000e-09  9.16283544e-01  7.25150000e-09 -1.08348482e-04 
 7.25250000e-09  1.94990157e+00  7.25250000e-09  9.77292439e-01  7.25250000e-09 -1.25824140e-04 
 7.25350000e-09  1.94990340e+00  7.25350000e-09  1.03748498e+00  7.25350000e-09 -1.36634162e-04 
 7.25450000e-09  1.94990541e+00  7.25450000e-09  1.09689110e+00  7.25450000e-09 -1.46460427e-04 
 7.25550000e-09  1.94990707e+00  7.25550000e-09  1.15567022e+00  7.25550000e-09 -1.60721958e-04 
 7.37150000e-09  1.94996305e+00  7.37150000e-09  1.94992351e+00  7.37150000e-09  8.96877823e-01 
 7.37250000e-09  1.94996325e+00  7.37250000e-09  1.94993154e+00  7.37250000e-09  9.57144258e-01 
 7.37350000e-09  1.94996338e+00  7.37350000e-09  1.94993667e+00  7.37350000e-09  1.01686617e+00 
 7.37450000e-09  1.94996357e+00  7.37450000e-09  1.94994385e+00  7.37450000e-09  1.07913534e+00 
 7.37550000e-09  1.94996369e+00  7.37550000e-09  1.94994612e+00  7.37550000e-09  1.14793187e+00 
 7.37650000e-09  1.94996388e+00  7.37650000e-09  1.94994387e+00  7.37650000e-09  1.22136988e+00 
 7.60250000e-09  1.14075366e+00  7.60250000e-09  1.94999914e+00  7.60250000e-09  1.94999810e+00 
 7.60350000e-09  1.08796271e+00  7.60350000e-09  1.94999899e+00  7.60350000e-09  1.94999480e+00 
 7.60450000e-09  1.03541401e+00  7.60450000e-09  1.94999913e+00  7.60450000e-09  1.94999718e+00 
 7.60550000e-09  9.83002614e-01  7.60550000e-09  1.94999899e+00  7.60550000e-09  1.94999519e+00 
 7.60650000e-09  9.30698432e-01  7.60650000e-09  1.94999913e+00  7.60650000e-09  1.94999848e+00 
 7.60750000e-09  8.78394561e-01  7.60750000e-09  1.94999898e+00  7.60750000e-09  1.94999532e+00 
 7.90050000e-09  3.53762821e-04  7.90050000e-09  1.15932755e+00  7.90050000e-09  1.94994432e+00 
 7.90150000e-09  3.46328430e-04  7.90150000e-09  1.10742998e+00  7.90150000e-09  1.94993974e+00 
 7.90250000e-09  3.39012302e-04  7.90250000e-09  1.05476802e+00  7.90250000e-09  1.94993924e+00 
 7.90350000e-09  3.31902921e-04  7.90350000e-09  1.00131887e+00  7.90350000e-09  1.94994337e+00 
 7.90450000e-09  3.24901705e-04  7.90450000e-09  9.47108517e-01  7.90450000e-09  1.94995405e+00 
 7.90550000e-09  3.18103385e-04  7.90550000e-09  8.92127108e-01  7.90550000e-09  1.94997070e+00 
 8.18850000e-09  9.38410893e-01  8.18850000e-09  1.39920649e-06  8.18850000e-09  1.94999774e+00 
 8.18950000e-09  9.75413316e-01  8.18950000e-09  1.11164320e-06  8.18950000e-09  1.94999795e+00 
 8.19050000e-09  1.01293042e+00  8.19050000e-09  1.32760713e-06  8.19050000e-09  1.94999784e+00 
 8.19150000e-09  1.05078662e+00  8.19150000e-09  1.01188525e-06  8.19150000e-09  1.94999804e+00 
 8.19250000e-09  1.08858614e+00  8.19250000e-09  1.21746017e-06  8.19250000e-09  1.94999794e+00 
 8.19350000e-09  1.12607509e+00  8.19350000e-09  9.36277756e-07  8.19350000e-09  1.94999813e+00 
 8.37250000e-09  1.94989725e+00  8.37250000e-09  8.52022983e-01  8.37250000e-09  1.94993650e+00 
 8.37350000e-09  1.94989918e+00  8.37350000e-09  9.13739542e-01  8.37350000e-09  1.94984315e+00 
 8.37450000e-09  1.94990150e+00  8.37450000e-09  9.74579372e-01  8.37450000e-09  1.94973499e+00 
 8.37550000e-09  1.94990324e+00  8.37550000e-09  1.03450859e+00  8.37550000e-09  1.94962540e+00 
 8.37650000e-09  1.94990535e+00  8.37650000e-09  1.09356522e+00  8.37650000e-09  1.94953090e+00 
 8.37750000e-09  1.94990692e+00  8.37750000e-09  1.15195369e+00  8.37750000e-09  1.94942348e+00 
 8.50750000e-09  1.94996518e+00  8.50750000e-09  1.94996590e+00  8.50750000e-09  1.17460612e+00 
 8.50850000e-09  1.94996538e+00  8.50850000e-09  1.94999350e+00  8.50850000e-09  1.11706842e+00 
 8.50950000e-09  1.94996547e+00  8.50950000e-09  1.95001989e+00  8.50950000e-09  1.05935709e+00 
 8.51050000e-09  1.94996566e+00  8.51050000e-09  1.95004547e+00  8.51050000e-09  1.00131006e+00 
 8.51150000e-09  1.94996575e+00  8.51150000e-09  1.95006352e+00  8.51150000e-09  9.42774319e-01 
 8.51250000e-09  1.94996594e+00  8.51250000e-09  1.95007854e+00  8.51250000e-09  8.83632171e-01 
 8.72450000e-09  1.14339651e+00  8.72450000e-09  1.94999910e+00  8.72450000e-09  2.33949078e-05 
 8.72550000e-09  1.09059528e+00  8.72550000e-09  1.94999888e+00  8.72550000e-09  2.12968806e-05 
 8.72650000e-09  1.03803603e+00  8.72650000e-09  1.94999910e+00  8.72650000e-09  2.21140800e-05 
 8.72750000e-09  9.85619955e-01  8.72750000e-09  1.94999887e+00  8.72750000e-09  1.98195575e-05 
 8.72850000e-09  9.33312366e-01  8.72850000e-09  1.94999909e+00  8.72850000e-09  2.06523598e-05 
 8.72950000e-09  8.81010244e-01  8.72950000e-09  1.94999887e+00  8.72950000e-09  1.86468046e-05 
 9.02250000e-09  3.54165812e-04  9.02250000e-09  1.16194596e+00  9.02250000e-09 -2.43809569e-06 
 9.02350000e-09  3.46721526e-04  9.02350000e-09  1.11008721e+00  9.02350000e-09 -2.41527070e-06 
 9.02450000e-09  3.39396320e-04  9.02450000e-09  1.05746218e+00  9.02450000e-09 -2.36721632e-07 
 9.02550000e-09  3.32278047e-04  9.02550000e-09  1.00405190e+00  9.02550000e-09  9.59391189e-07 
 9.02650000e-09  3.25268669e-04  9.02650000e-09  9.49878690e-01  9.02650000e-09  3.79803343e-06 
 9.02750000e-09  3.18462102e-04  9.02750000e-09  8.94935834e-01  9.02750000e-09  5.74042846e-06 
 9.31050000e-09  9.37135992e-01  9.31050000e-09  2.30016073e-06  9.31050000e-09  7.86182824e-07 
 9.31150000e-09  9.74124314e-01  9.31150000e-09  1.92292606e-06  9.31150000e-09 -1.29540098e-07 
 9.31250000e-09  1.01162346e+00  9.31250000e-09  2.18562766e-06  9.31250000e-09  7.10081988e-07 
 9.31350000e-09  1.04947483e+00  9.31350000e-09  1.78228346e-06  9.31350000e-09 -2.26129035e-07 
 9.31450000e-09  1.08728150e+00  9.31450000e-09  2.03497486e-06  9.31450000e-09  7.69128247e-07 
 9.31550000e-09  1.12478399e+00  9.31550000e-09  1.66609799e-06  9.31550000e-09 -1.24832836e-07 
 9.49450000e-09  1.94989720e+00  9.49450000e-09  8.48585120e-01  9.49450000e-09 -7.59199393e-05 
 9.49550000e-09  1.94989909e+00  9.49550000e-09  9.10452467e-01  9.49550000e-09 -1.05852836e-04 
 9.49650000e-09  1.94990145e+00  9.49650000e-09  9.71537199e-01  9.49650000e-09 -1.23948693e-04 
 9.49750000e-09  1.94990314e+00  9.49750000e-09  1.03180605e+00  9.49750000e-09 -1.35986147e-04 
 9.49850000e-09  1.94990531e+00  9.49850000e-09  1.09127788e+00  9.49850000e-09 -1.44695451e-04 
 9.49950000e-09  1.94990683e+00  9.49950000e-09  1.15011501e+00  9.49950000e-09 -1.59690293e-04 
 9.61550000e-09  1.94996301e+00  9.61550000e-09  1.94992298e+00  9.61550000e-09  8.91080425e-01 
 9.61650000e-09  1.94996326e+00  9.61650000e-09  1.94993082e+00  9.61650000e-09  9.51458772e-01 
 9.61750000e-09  1.94996334e+00  9.61750000e-09  1.94993619e+00  9.61750000e-09  1.01115541e+00 
 9.61850000e-09  1.94996358e+00  9.61850000e-09  1.94994275e+00  9.61850000e-09  1.07306107e+00 
 9.61950000e-09  1.94996366e+00  9.61950000e-09  1.94994703e+00  9.61950000e-09  1.14101648e+00 
 9.62050000e-09  1.94996389e+00  9.62050000e-09  1.94994358e+00  9.62050000e-09  1.21446123e+00 
 9.84650000e-09  1.14575582e+00  9.84650000e-09  1.94999914e+00  9.84650000e-09  1.94999811e+00 
 9.84750000e-09  1.09294415e+00  9.84750000e-09  1.94999898e+00  9.84750000e-09  1.94999344e+00 
 9.84850000e-09  1.04037424e+00  9.84850000e-09  1.94999914e+00  9.84850000e-09  1.94999686e+00 
 9.84950000e-09  9.87952727e-01  9.84950000e-09  1.94999898e+00  9.84950000e-09  1.94999241e+00 
 9.85050000e-09  9.35641027e-01  9.85050000e-09  1.94999913e+00  9.85050000e-09  1.94999574e+00 
 9.85150000e-09  8.83339439e-01  9.85150000e-09  1.94999897e+00  9.85150000e-09  1.94999298e+00 
 1.01445000e-08  3.54480067e-04  1.01445000e-08  1.16397707e+00  1.01445000e-08  1.94994485e+00 
 1.01455000e-08  3.47026992e-04  1.01455000e-08  1.11215145e+00  1.01455000e-08  1.94993999e+00 
 1.01465000e-08  3.39693455e-04  1.01465000e-08  1.05955797e+00  1.01465000e-08  1.94993914e+00 
 1.01475000e-08  3.32565942e-04  1.01475000e-08  1.00618050e+00  1.01475000e-08  1.94994272e+00 
 1.01485000e-08  3.25556221e-04  1.01485000e-08  9.52038059e-01  1.01485000e-08  1.94995286e+00 
 1.01495000e-08  3.18741669e-04  1.01495000e-08  8.97126308e-01  1.01495000e-08  1.94996889e+00 
 1.04325000e-08  9.34945284e-01  1.04325000e-08  1.36949274e-06  1.04325000e-08  1.94999769e+00 
 1.04335000e-08  9.71910152e-01  1.04335000e-08  1.14564986e-06  1.04335000e-08  1.94999799e+00 
 1.04345000e-08  1.00937836e+00  1.04345000e-08  1.30166758e-06  1.04345000e-08  1.94999779e+00 
 1.04355000e-08  1.04722282e+00  1.04355000e-08  1.04778386e-06  1.04355000e-08  1.94999808e+00 
 1.04365000e-08  1.08504242e+00  1.04365000e-08  1.19098685e-06  1.04365000e-08  1.94999789e+00 
 1.04375000e-08  1.12256494e+00  1.04375000e-08  9.67980029e-07  1.04375000e-08  1.94999818e+00 
 1.06165000e-08  1.94989712e+00  1.06165000e-08  8.46084413e-01  1.06165000e-08  1.94994436e+00 
 1.06175000e-08  1.94989890e+00  1.06175000e-08  9.07881506e-01  1.06175000e-08  1.94985280e+00 
 1.06185000e-08  1.94990139e+00  1.06185000e-08  9.68806024e-01  1.06185000e-08  1.94974540e+00 
 1.06195000e-08  1.94990296e+00  1.06195000e-08  1.02882427e+00  1.06195000e-08  1.94963572e+00 
 1.06205000e-08  1.94990525e+00  1.06205000e-08  1.08795741e+00  1.06205000e-08  1.94954042e+00 
 1.06215000e-08  1.94990666e+00  1.06215000e-08  1.14639575e+00  1.06215000e-08  1.94943428e+00 
 1.07515000e-08  1.94996514e+00  1.07515000e-08  1.94996324e+00  1.07515000e-08  1.18007702e+00 
 1.07525000e-08  1.94996539e+00  1.07525000e-08  1.94999119e+00  1.07525000e-08  1.12254317e+00 
 1.07535000e-08  1.94996544e+00  1.07535000e-08  1.95001713e+00  1.07535000e-08  1.06485981e+00 
 1.07545000e-08  1.94996567e+00  1.07545000e-08  1.95004350e+00  1.07545000e-08  1.00684761e+00 
 1.07555000e-08  1.94996571e+00  1.07555000e-08  1.95006176e+00  1.07555000e-08  9.48368127e-01 
 1.07565000e-08  1.94996595e+00  1.07565000e-08  1.95007758e+00  1.07565000e-08  8.89284006e-01 
 1.09685000e-08  1.14809163e+00  1.09685000e-08  1.94999912e+00  1.09685000e-08  2.42280818e-05 
 1.09695000e-08  1.09527109e+00  1.09695000e-08  1.94999886e+00  1.09695000e-08  2.05960524e-05 
 1.09705000e-08  1.04269194e+00  1.09705000e-08  1.94999912e+00  1.09705000e-08  2.26611931e-05 
 1.09715000e-08  9.90266236e-01  1.09715000e-08  1.94999886e+00  1.09715000e-08  1.93598776e-05 
 1.09725000e-08  9.37951535e-01  1.09725000e-08  1.94999911e+00  1.09725000e-08  2.14656161e-05 
 1.09735000e-08  8.85651484e-01  1.09735000e-08  1.94999885e+00  1.09735000e-08  1.79719041e-05 
 1.12665000e-08  3.54834684e-04  1.12665000e-08  1.16632589e+00  1.12665000e-08 -2.41216143e-06 
 1.12675000e-08  3.47370299e-04  1.12675000e-08  1.11453495e+00  1.12675000e-08 -2.56327904e-06 
 1.12685000e-08  3.40032861e-04  1.12685000e-08  1.06197447e+00  1.12685000e-08 -3.27011872e-07 
 1.12695000e-08  3.32896432e-04  1.12695000e-08  1.00863174e+00  1.12695000e-08  7.39011259e-07 
 1.12705000e-08  3.25879982e-04  1.12705000e-08  9.54522544e-01  1.12705000e-08  3.64693660e-06 
 1.12715000e-08  3.19055633e-04  1.12715000e-08  8.99645356e-01  1.12715000e-08  5.47077912e-06 
 1.15545000e-08  9.34254448e-01  1.15545000e-08  2.28478830e-06  1.15545000e-08  7.27010829e-07 
 1.15555000e-08  9.71212164e-01  1.15555000e-08  1.94613551e-06  1.15555000e-08 -8.62822514e-08 
 1.15565000e-08  1.00866547e+00  1.15565000e-08  2.17411273e-06  1.15565000e-08  7.26110854e-07 
 1.15575000e-08  1.04650487e+00  1.15575000e-08  1.80817395e-06  1.15575000e-08 -9.16678598e-08 
 1.15585000e-08  1.08433254e+00  1.15585000e-08  2.02233179e-06  1.15585000e-08  7.11061523e-07 
 1.15595000e-08  1.12186365e+00  1.15595000e-08  1.68754594e-06  1.15595000e-08 -9.93675654e-08 
 1.17385000e-08  1.94989710e+00  1.17385000e-08  8.43729515e-01  1.17385000e-08 -7.34079218e-05 
 1.17395000e-08  1.94989884e+00  1.17395000e-08  9.05656980e-01  1.17395000e-08 -1.03621998e-04 
 1.17405000e-08  1.94990137e+00  1.17405000e-08  9.66802914e-01  1.17405000e-08 -1.22160685e-04 
 1.17415000e-08  1.94990290e+00  1.17415000e-08  1.02713505e+00  1.17415000e-08 -1.35358037e-04 
 1.17425000e-08  1.94990524e+00  1.17425000e-08  1.08666412e+00  1.17425000e-08 -1.43358785e-04 
 1.17435000e-08  1.94990661e+00  1.17435000e-08  1.14553613e+00  1.17435000e-08 -1.58553068e-04 
 1.18595000e-08  1.94996298e+00  1.18595000e-08  1.94992269e+00  1.18595000e-08  8.86270133e-01 
 1.18605000e-08  1.94996326e+00  1.18605000e-08  1.94993009e+00  1.18605000e-08  9.46745083e-01 
 1.18615000e-08  1.94996330e+00  1.18615000e-08  1.94993590e+00  1.18615000e-08  1.00643632e+00 
 1.18625000e-08  1.94996358e+00  1.18625000e-08  1.94994170e+00  1.18625000e-08  1.06805762e+00 
 1.18635000e-08  1.94996362e+00  1.18635000e-08  1.94994788e+00  1.18635000e-08  1.13530976e+00 
 1.18645000e-08  1.94996390e+00  1.18645000e-08  1.94994326e+00  1.18645000e-08  1.20871785e+00 
 1.20905000e-08  1.14988358e+00  1.20905000e-08  1.94999914e+00  1.20905000e-08  1.94999743e+00 
 1.20915000e-08  1.09705483e+00  1.20915000e-08  1.94999898e+00  1.20915000e-08  1.94999159e+00 
 1.20925000e-08  1.04446722e+00  1.20925000e-08  1.94999914e+00  1.20925000e-08  1.94999583e+00 
 1.20935000e-08  9.92036991e-01  1.20935000e-08  1.94999899e+00  1.20935000e-08  1.94999027e+00 
 1.20945000e-08  9.39718797e-01  1.20945000e-08  1.94999913e+00  1.20945000e-08  1.94999439e+00 
 1.20955000e-08  8.87418842e-01  1.20955000e-08  1.94999897e+00  1.20955000e-08  1.94999099e+00 
 1.23885000e-08  3.55065518e-04  1.23885000e-08  1.16781887e+00  1.23885000e-08  1.94994529e+00 
 1.23895000e-08  3.47594832e-04  1.23895000e-08  1.11605279e+00  1.23895000e-08  1.94994022e+00 
 1.23905000e-08  3.40255067e-04  1.23905000e-08  1.06351599e+00  1.23905000e-08  1.94993908e+00 
 1.23915000e-08  3.33111640e-04  1.23915000e-08  1.01019783e+00  1.23915000e-08  1.94994221e+00 
 1.23925000e-08  3.26092535e-04  1.23925000e-08  9.56111644e-01  1.23925000e-08  1.94995192e+00 
 1.23935000e-08  3.19261434e-04  1.23935000e-08  9.01257603e-01  1.23935000e-08  1.94996743e+00 
 1.26765000e-08  9.32105169e-01  1.26765000e-08  1.34812700e-06  1.26765000e-08  1.94999769e+00 
 1.26775000e-08  9.69041566e-01  1.26775000e-08  1.17039420e-06  1.26775000e-08  1.94999798e+00 
 1.26785000e-08  1.00646373e+00  1.26785000e-08  1.28381577e-06  1.26785000e-08  1.94999780e+00 
 1.26795000e-08  1.04429159e+00  1.26795000e-08  1.07539079e-06  1.26795000e-08  1.94999807e+00 
 1.26805000e-08  1.08212978e+00  1.26805000e-08  1.17313618e-06  1.26805000e-08  1.94999790e+00 
 1.26815000e-08  1.11968237e+00  1.26815000e-08  9.91166707e-07  1.26815000e-08  1.94999816e+00 
 1.28615000e-08  1.94989871e+00  1.28615000e-08  9.03668869e-01  1.28615000e-08  1.94985950e+00 
 1.28625000e-08  1.94990126e+00  1.28625000e-08  9.64654034e-01  1.28625000e-08  1.94975303e+00 
 1.28635000e-08  1.94990278e+00  1.28635000e-08  1.02473549e+00  1.28635000e-08  1.94964314e+00 
 1.28645000e-08  1.94990514e+00  1.28645000e-08  1.08391978e+00  1.28645000e-08  1.94954720e+00 
 1.28655000e-08  1.94990649e+00  1.28655000e-08  1.14239078e+00  1.28655000e-08  1.94944214e+00 
 1.28665000e-08  1.94990866e+00  1.28665000e-08  1.20058280e+00  1.28665000e-08  1.94931958e+00 
 1.29955000e-08  1.94996512e+00  1.29955000e-08  1.94996143e+00  1.29955000e-08  1.18407397e+00 
 1.29965000e-08  1.94996539e+00  1.29965000e-08  1.94998936e+00  1.29965000e-08  1.12654243e+00 
 1.29975000e-08  1.94996542e+00  1.29975000e-08  1.95001523e+00  1.29975000e-08  1.06887838e+00 
 1.29985000e-08  1.94996567e+00  1.29985000e-08  1.95004189e+00  1.29985000e-08  1.01089095e+00 
 1.29995000e-08  1.94996570e+00  1.29995000e-08  1.95006058e+00  1.29995000e-08  9.52451703e-01 
 1.30005000e-08  1.94996595e+00  1.30005000e-08  1.95007672e+00  1.30005000e-08  8.93409719e-01 
 1.32125000e-08  1.15187599e+00  1.32125000e-08  1.94999912e+00  1.32125000e-08  2.47847978e-05 
 1.32135000e-08  1.09903961e+00  1.32135000e-08  1.94999886e+00  1.32135000e-08  2.03038877e-05 
 1.32145000e-08  1.04644394e+00  1.32145000e-08  1.94999912e+00  1.32145000e-08  2.35431181e-05 
 1.32155000e-08  9.94009925e-01  1.32155000e-08  1.94999886e+00  1.32155000e-08  1.87897965e-05 
 1.32165000e-08  9.41688966e-01  1.32165000e-08  1.94999911e+00  1.32165000e-08  2.19879801e-05 
 1.32175000e-08  8.89390172e-01  1.32175000e-08  1.94999885e+00  1.32175000e-08  1.76748931e-05 
 1.35105000e-08  3.55362587e-04  1.35105000e-08  1.16980668e+00  1.35105000e-08 -2.38650210e-06 
 1.35115000e-08  3.47883334e-04  1.35115000e-08  1.11806973e+00  1.35115000e-08 -2.68048485e-06 
 1.35125000e-08  3.40539301e-04  1.35125000e-08  1.06556061e+00  1.35125000e-08 -3.93178967e-07 
 1.35135000e-08  3.33387489e-04  1.35135000e-08  1.01227163e+00  1.35135000e-08  5.62676317e-07 
 1.35145000e-08  3.26364310e-04  1.35145000e-08  9.58213419e-01  1.35145000e-08  3.52900363e-06 
 1.35155000e-08  3.19525224e-04  1.35155000e-08  9.03388549e-01  1.35155000e-08  5.25410383e-06 
 1.37985000e-08  9.31666471e-01  1.37985000e-08  2.26978692e-06  1.37985000e-08  6.71507379e-07 
 1.37995000e-08  9.68598727e-01  1.37995000e-08  1.96704300e-06  1.37995000e-08 -5.28403200e-08 
 1.38005000e-08  1.00601953e+00  1.38005000e-08  2.16106144e-06  1.38005000e-08  6.06372677e-07 
 1.38015000e-08  1.04384654e+00  1.38015000e-08  1.82976134e-06  1.38015000e-08 -1.49461491e-07 
 1.38025000e-08  1.08168226e+00  1.38025000e-08  2.00919972e-06  1.38025000e-08  6.38198687e-07 
 1.38035000e-08  1.11923756e+00  1.38035000e-08  1.70708381e-06  1.38035000e-08 -7.60214404e-08 
 1.39835000e-08  1.94989868e+00  1.39835000e-08  9.01728185e-01  1.39835000e-08 -1.02060122e-04 
 1.39845000e-08  1.94990125e+00  1.39845000e-08  9.62927464e-01  1.39845000e-08 -1.21206047e-04 
 1.39855000e-08  1.94990278e+00  1.39855000e-08  1.02331404e+00  1.39855000e-08 -1.34860672e-04 
 1.39865000e-08  1.94990513e+00  1.39865000e-08  1.08289144e+00  1.39865000e-08 -1.42532174e-04 
 1.39875000e-08  1.94990649e+00  1.39875000e-08  1.14179882e+00  1.39875000e-08 -1.57763070e-04 
 1.39885000e-08  1.94990865e+00  1.39885000e-08  1.20030072e+00  1.39885000e-08 -1.72481998e-04 
 1.41035000e-08  1.94996296e+00  1.41035000e-08  1.94992239e+00  1.41035000e-08  8.82394477e-01 
 1.41045000e-08  1.94996326e+00  1.41045000e-08  1.94992957e+00  1.41045000e-08  9.42953297e-01 
 1.41055000e-08  1.94996329e+00  1.41055000e-08  1.94993559e+00  1.41055000e-08  1.00265265e+00 
 1.41065000e-08  1.94996358e+00  1.41065000e-08  1.94994101e+00  1.41065000e-08  1.06404234e+00 
 1.41075000e-08  1.94996361e+00  1.41075000e-08  1.94994836e+00  1.41075000e-08  1.13075943e+00 
 1.41085000e-08  1.94996389e+00  1.41085000e-08  1.94994312e+00  1.41085000e-08  1.20409740e+00 
 1.43345000e-08  1.15333528e+00  1.43345000e-08  1.94999914e+00  1.43345000e-08  1.94999493e+00 
 1.43355000e-08  1.10049227e+00  1.43355000e-08  1.94999899e+00  1.43355000e-08  1.94999074e+00 
 1.43365000e-08  1.04788966e+00  1.43365000e-08  1.94999913e+00  1.43365000e-08  1.94999717e+00 
 1.43375000e-08  9.95451876e-01  1.43375000e-08  1.94999899e+00  1.43375000e-08  1.94999094e+00 
 1.43385000e-08  9.43127988e-01  1.43385000e-08  1.94999913e+00  1.43385000e-08  1.94999554e+00 
 1.43395000e-08  8.90829203e-01  1.43395000e-08  1.94999898e+00  1.43395000e-08  1.94998942e+00 
 1.46325000e-08  3.55534167e-04  1.46325000e-08  1.17095226e+00  1.46325000e-08  1.94994565e+00 
 1.46335000e-08  3.48049663e-04  1.46335000e-08  1.11923480e+00  1.46335000e-08  1.94994043e+00 
 1.46345000e-08  3.40704098e-04  1.46345000e-08  1.06674426e+00  1.46345000e-08  1.94993904e+00 
 1.46355000e-08  3.33546214e-04  1.46355000e-08  1.01347453e+00  1.46355000e-08  1.94994183e+00 
 1.46365000e-08  3.26521290e-04  1.46365000e-08  9.59434302e-01  1.46365000e-08  1.94995117e+00 
 1.46375000e-08  3.19677264e-04  1.46375000e-08  9.04627437e-01  1.46375000e-08  1.94996627e+00 
 1.49205000e-08  9.29611415e-01  1.49205000e-08  1.33197979e-06  1.49205000e-08  1.94999770e+00 
 1.49215000e-08  9.66523276e-01  1.49215000e-08  1.18926263e-06  1.49215000e-08  1.94999796e+00 
 1.49225000e-08  1.00390796e+00  1.49225000e-08  1.27032918e-06  1.49225000e-08  1.94999780e+00 
 1.49235000e-08  1.04172235e+00  1.49235000e-08  1.09566587e-06  1.49235000e-08  1.94999806e+00 
 1.49245000e-08  1.07957191e+00  1.49245000e-08  1.15830951e-06  1.49245000e-08  1.94999790e+00 
 1.49255000e-08  1.11714925e+00  1.49255000e-08  1.00686979e-06  1.49255000e-08  1.94999815e+00 
 1.51055000e-08  1.94989857e+00  1.51055000e-08  8.99086421e-01  1.51055000e-08  1.94986677e+00 
 1.51065000e-08  1.94990112e+00  1.51065000e-08  9.60137273e-01  1.51065000e-08  1.94976131e+00 
 1.51075000e-08  1.94990268e+00  1.51075000e-08  1.02028661e+00  1.51075000e-08  1.94965116e+00 
 1.51085000e-08  1.94990500e+00  1.51085000e-08  1.07953448e+00  1.51085000e-08  1.94955410e+00 
 1.51095000e-08  1.94990637e+00  1.51095000e-08  1.13804793e+00  1.51095000e-08  1.94945021e+00 
 1.51105000e-08  1.94990854e+00  1.51105000e-08  1.19623351e+00  1.51105000e-08  1.94932927e+00 
 1.52395000e-08  1.94996512e+00  1.52395000e-08  1.94995955e+00  1.52395000e-08  1.18838777e+00 
 1.52405000e-08  1.94996538e+00  1.52405000e-08  1.94998732e+00  1.52405000e-08  1.13085802e+00 
 1.52415000e-08  1.94996541e+00  1.52415000e-08  1.95001324e+00  1.52415000e-08  1.07321365e+00 
 1.52425000e-08  1.94996566e+00  1.52425000e-08  1.95004006e+00  1.52425000e-08  1.01525208e+00 
 1.52435000e-08  1.94996569e+00  1.52435000e-08  1.95005935e+00  1.52435000e-08  9.56855284e-01 
 1.52445000e-08  1.94996594e+00  1.52445000e-08  1.95007570e+00  1.52445000e-08  8.97858284e-01 
 1.54565000e-08  1.15572097e+00  1.54565000e-08  1.94999910e+00  1.54565000e-08  2.56198905e-05 
 1.54575000e-08  1.10286866e+00  1.54575000e-08  1.94999888e+00  1.54575000e-08  1.97209533e-05 
 1.54585000e-08  1.05025612e+00  1.54585000e-08  1.94999910e+00  1.54585000e-08  2.44061673e-05 
 1.54595000e-08  9.97813475e-01  1.54595000e-08  1.94999887e+00  1.54595000e-08  1.81745062e-05 
 1.54605000e-08  9.45485965e-01  1.54605000e-08  1.94999910e+00  1.54605000e-08  2.27839070e-05 
 1.54615000e-08  8.93188317e-01  1.54615000e-08  1.94999887e+00  1.54615000e-08  1.70982398e-05 
 1.57545000e-08  3.55909744e-04  1.57545000e-08  1.17349442e+00  1.57545000e-08 -2.34827917e-06 
 1.57555000e-08  3.48413973e-04  1.57555000e-08  1.12181471e+00  1.57555000e-08 -2.80802300e-06 
 1.57565000e-08  3.41063154e-04  1.57565000e-08  1.06936004e+00  1.57565000e-08 -4.52007349e-07 
 1.57575000e-08  3.33894672e-04  1.57575000e-08  1.01612806e+00  1.57575000e-08  3.71267421e-07 
 1.57585000e-08  3.26864839e-04  1.57585000e-08  9.62123956e-01  1.57585000e-08  3.41112095e-06 
 1.57595000e-08  3.20010352e-04  1.57595000e-08  9.07354635e-01  1.57595000e-08  5.01920912e-06 
 1.60425000e-08  9.28825353e-01  1.60425000e-08  2.25178080e-06  1.60425000e-08  6.10573649e-07 
 1.60435000e-08  9.65730634e-01  1.60435000e-08  1.99104447e-06  1.60435000e-08 -1.91848450e-08 
 1.60445000e-08  1.00310371e+00  1.60445000e-08  2.14667789e-06  1.60445000e-08  6.03337364e-07 
 1.60455000e-08  1.04091287e+00  1.60455000e-08  1.85670341e-06  1.60455000e-08 -5.52649987e-09 
 1.60465000e-08  1.07876550e+00  1.60465000e-08  1.99312884e-06  1.60465000e-08  6.06582260e-07 
 1.60475000e-08  1.11635045e+00  1.60475000e-08  1.72786196e-06  1.60475000e-08 -2.03929768e-08 
 1.62275000e-08  1.94989852e+00  1.62275000e-08  8.96574694e-01  1.62275000e-08 -9.97642283e-05 
 1.62285000e-08  1.94990107e+00  1.62285000e-08  9.57841660e-01  1.62285000e-08 -1.19942971e-04 
 1.62295000e-08  1.94990264e+00  1.62295000e-08  1.01829647e+00  1.62295000e-08 -1.34147134e-04 
 1.62305000e-08  1.94990496e+00  1.62305000e-08  1.07793485e+00  1.62305000e-08 -1.41465907e-04 
 1.62315000e-08  1.94990634e+00  1.62315000e-08  1.13688587e+00  1.62315000e-08 -1.56540024e-04 
 1.62325000e-08  1.94990850e+00  1.62325000e-08  1.19540450e+00  1.62325000e-08 -1.70970584e-04 
 1.63475000e-08  1.94996295e+00  1.63475000e-08  1.94992196e+00  1.63475000e-08  8.77225386e-01 
 1.63485000e-08  1.94996324e+00  1.63485000e-08  1.94992892e+00  1.63485000e-08  9.37899130e-01 
 1.63495000e-08  1.94996327e+00  1.63495000e-08  1.94993514e+00  1.63495000e-08  9.97620636e-01 
 1.63505000e-08  1.94996356e+00  1.63505000e-08  1.94994070e+00  1.63505000e-08  1.05862687e+00 
 1.63515000e-08  1.94996360e+00  1.63515000e-08  1.94994808e+00  1.63515000e-08  1.12477560e+00 
 1.63525000e-08  1.94996388e+00  1.63525000e-08  1.94994305e+00  1.63525000e-08  1.19790079e+00 
 1.65515000e-08  2.05290549e+00  1.65515000e-08  1.94999880e+00  1.65515000e-08  1.94998775e+00 
 1.65785000e-08  1.15724844e+00  1.65785000e-08  1.94999911e+00  1.65785000e-08  1.94999720e+00 
 1.65795000e-08  1.10438918e+00  1.65795000e-08  1.94999901e+00  1.65795000e-08  1.94999163e+00 
 1.65805000e-08  1.05176929e+00  1.65805000e-08  1.94999911e+00  1.65805000e-08  1.94999563e+00 
 1.65815000e-08  9.99322572e-01  1.65815000e-08  1.94999901e+00  1.65815000e-08  1.94999219e+00 
 1.65825000e-08  9.46991864e-01  1.65825000e-08  1.94999911e+00  1.65825000e-08  1.94999757e+00 
 1.65835000e-08  8.94694121e-01  1.65835000e-08  1.94999900e+00  1.65835000e-08  1.94999225e+00 
 1.68765000e-08  3.56098074e-04  1.68765000e-08  1.17478889e+00  1.68765000e-08  1.94994604e+00 
 1.68775000e-08  3.48595933e-04  1.68775000e-08  1.12313103e+00  1.68775000e-08  1.94994077e+00 
 1.68785000e-08  3.41243251e-04  1.68785000e-08  1.07069714e+00  1.68785000e-08  1.94993896e+00 
 1.68795000e-08  3.34068676e-04  1.68795000e-08  1.01748678e+00  1.68795000e-08  1.94994147e+00 
 1.68805000e-08  3.27037146e-04  1.68805000e-08  9.63502894e-01  1.68805000e-08  1.94995022e+00 
 1.68815000e-08  3.20176697e-04  1.68815000e-08  9.08753925e-01  1.68815000e-08  1.94996496e+00 
 1.71645000e-08  9.27032992e-01  1.71645000e-08  1.30774838e-06  1.71645000e-08  1.94999769e+00 
 1.71655000e-08  9.63924003e-01  1.71655000e-08  1.21657215e-06  1.71655000e-08  1.94999797e+00 
 1.71665000e-08  1.00127051e+00  1.71665000e-08  1.24875678e-06  1.71665000e-08  1.94999779e+00 
 1.71675000e-08  1.03906701e+00  1.71675000e-08  1.12463480e-06  1.71675000e-08  1.94999807e+00 
 1.71685000e-08  1.07692608e+00  1.71685000e-08  1.13692503e-06  1.71685000e-08  1.94999789e+00 
 1.71695000e-08  1.11452815e+00  1.71695000e-08  1.03301288e-06  1.71695000e-08  1.94999816e+00 
 1.73495000e-08  1.94989844e+00  1.73495000e-08  8.94748377e-01  1.73495000e-08  1.94987360e+00 
 1.73505000e-08  1.94990095e+00  1.73505000e-08  9.55862483e-01  1.73505000e-08  1.94976912e+00 
 1.73515000e-08  1.94990253e+00  1.73515000e-08  1.01607897e+00  1.73515000e-08  1.94965875e+00 
 1.73525000e-08  1.94990486e+00  1.73525000e-08  1.07539063e+00  1.73525000e-08  1.94956064e+00 
 1.73535000e-08  1.94990628e+00  1.73535000e-08  1.13394640e+00  1.73535000e-08  1.94945800e+00 
 1.73545000e-08  1.94990841e+00  1.73545000e-08  1.19213179e+00  1.73545000e-08  1.94933849e+00 
 1.74835000e-08  1.94996511e+00  1.74835000e-08  1.94995780e+00  1.74835000e-08  1.19243764e+00 
 1.74845000e-08  1.94996537e+00  1.74845000e-08  1.94998540e+00  1.74845000e-08  1.13490899e+00 
 1.74855000e-08  1.94996540e+00  1.74855000e-08  1.95001134e+00  1.74855000e-08  1.07728222e+00 
 1.74865000e-08  1.94996565e+00  1.74865000e-08  1.95003833e+00  1.74865000e-08  1.01934414e+00 
 1.74875000e-08  1.94996569e+00  1.74875000e-08  1.95005816e+00  1.74875000e-08  9.60986561e-01 
 1.74885000e-08  1.94996593e+00  1.74885000e-08  1.95007472e+00  1.74885000e-08  9.02031389e-01 
 1.77005000e-08  1.15942753e+00  1.77005000e-08  1.94999909e+00  1.77005000e-08  2.60915484e-05 
 1.77015000e-08  1.10655982e+00  1.77015000e-08  1.94999889e+00  1.77015000e-08  1.93886631e-05 
 1.77025000e-08  1.05393075e+00  1.77025000e-08  1.94999909e+00  1.77025000e-08  2.48803076e-05 
 1.77035000e-08  1.00147944e+00  1.77035000e-08  1.94999889e+00  1.77035000e-08  1.78356271e-05 
 1.77045000e-08  9.49145269e-01  1.77045000e-08  1.94999908e+00  1.77045000e-08  2.32324079e-05 
 1.77055000e-08  8.96848456e-01  1.77055000e-08  1.94999888e+00  1.77055000e-08  1.67743661e-05 
 1.79985000e-08  3.56432933e-04  1.79985000e-08  1.17698981e+00  1.79985000e-08 -2.35913776e-06 
 1.79995000e-08  3.48921608e-04  1.79995000e-08  1.12536449e+00  1.79995000e-08 -2.87690892e-06 
 1.80005000e-08  3.41563401e-04  1.80005000e-08  1.07296144e+00  1.80005000e-08 -5.53530257e-07 
 1.80015000e-08  3.34380161e-04  1.80015000e-08  1.01978362e+00  1.80015000e-08  2.34471382e-07 
 1.80025000e-08  3.27343443e-04  1.80025000e-08  9.65830860e-01  1.80025000e-08  3.26026027e-06 
 1.80035000e-08  3.20474484e-04  1.80035000e-08  9.11114365e-01  1.80035000e-08  4.83752727e-06 
 1.82865000e-08  9.26331926e-01  1.82865000e-08  2.22796972e-06  1.82865000e-08  5.17263665e-07 
 1.82875000e-08  9.63217675e-01  1.82875000e-08  2.02041274e-06  1.82875000e-08  4.18603279e-08 
 1.82885000e-08  1.00055379e+00  1.82885000e-08  2.12550105e-06  1.82885000e-08  5.12256215e-07 
 1.82895000e-08  1.03834507e+00  1.82895000e-08  1.88776967e-06  1.82895000e-08  5.09058731e-08 
 1.82905000e-08  1.07620646e+00  1.82905000e-08  1.97224688e-06  1.82905000e-08  5.16389930e-07 
 1.82915000e-08  1.11381514e+00  1.82915000e-08  1.75608808e-06  1.82915000e-08  3.76458082e-08 
 1.84715000e-08  1.94989839e+00  1.84715000e-08  8.92432878e-01  1.84715000e-08 -9.78650736e-05 
 1.84725000e-08  1.94990092e+00  1.84725000e-08  9.53753948e-01  1.84725000e-08 -1.18901659e-04 
 1.84735000e-08  1.94990252e+00  1.84735000e-08  1.01426363e+00  1.84735000e-08 -1.33540231e-04 
 1.84745000e-08  1.94990482e+00  1.84745000e-08  1.07395479e+00  1.84745000e-08 -1.40760069e-04 
 1.84755000e-08  1.94990624e+00  1.84755000e-08  1.13294555e+00  1.84755000e-08 -1.55501055e-04 
 1.84765000e-08  1.94990838e+00  1.84765000e-08  1.19148044e+00  1.84765000e-08 -1.69823492e-04 
 1.85915000e-08  1.94996294e+00  1.85915000e-08  1.94992163e+00  1.85915000e-08  8.73113773e-01 
 1.85925000e-08  1.94996323e+00  1.85925000e-08  1.94992840e+00  1.85925000e-08  9.33882159e-01 
 1.85935000e-08  1.94996326e+00  1.85935000e-08  1.94993478e+00  1.85935000e-08  9.93630313e-01 
 1.85945000e-08  1.94996355e+00  1.85945000e-08  1.94994041e+00  1.85945000e-08  1.05438119e+00 
 1.85955000e-08  1.94996358e+00  1.85955000e-08  1.94994784e+00  1.85955000e-08  1.12006829e+00 
 1.85965000e-08  1.94996386e+00  1.85965000e-08  1.94994307e+00  1.85965000e-08  1.19297780e+00 
 1.88225000e-08  1.16101080e+00  1.88225000e-08  1.94999910e+00  1.88225000e-08  1.94999780e+00 
 1.88235000e-08  1.10813590e+00  1.88235000e-08  1.94999903e+00  1.88235000e-08  1.94999295e+00 
 1.88245000e-08  1.05549913e+00  1.88245000e-08  1.94999910e+00  1.88245000e-08  1.94999641e+00 
 1.88255000e-08  1.00304347e+00  1.88255000e-08  1.94999903e+00  1.88255000e-08  1.94999338e+00 
 1.88265000e-08  9.50705851e-01  1.88265000e-08  1.94999909e+00  1.88265000e-08  1.94999799e+00 
 1.88275000e-08  8.98408837e-01  1.88275000e-08  1.94999902e+00  1.88275000e-08  1.94999337e+00 
 1.91205000e-08  3.56643150e-04  1.91205000e-08  1.17845853e+00  1.91205000e-08  1.94994643e+00 
 1.91215000e-08  3.49125945e-04  1.91215000e-08  1.12685779e+00  1.91215000e-08  1.94994110e+00 
 1.91225000e-08  3.41764545e-04  1.91225000e-08  1.07447812e+00  1.91225000e-08  1.94993893e+00 
 1.91235000e-08  3.34575501e-04  1.91235000e-08  1.02132465e+00  1.91235000e-08  1.94994114e+00 
 1.91245000e-08  3.27535739e-04  1.91245000e-08  9.67394728e-01  1.91245000e-08  1.94994936e+00 
 1.91255000e-08  3.20661297e-04  1.91255000e-08  9.12701304e-01  1.91255000e-08  1.94996372e+00 
 1.94085000e-08  9.24278820e-01  1.94085000e-08  1.27584560e-06  1.94085000e-08  1.94999766e+00 
 1.94095000e-08  9.61150188e-01  1.94095000e-08  1.25131615e-06  1.94095000e-08  1.94999799e+00 
 1.94105000e-08  9.98455916e-01  1.94105000e-08  1.21970633e-06  1.94105000e-08  1.94999776e+00 
 1.94115000e-08  1.03623106e+00  1.94115000e-08  1.16115286e-06  1.94115000e-08  1.94999809e+00 
 1.94125000e-08  1.07409854e+00  1.94125000e-08  1.10839690e-06  1.94125000e-08  1.94999786e+00 
 1.94135000e-08  1.11172629e+00  1.94135000e-08  1.06655992e-06  1.94135000e-08  1.94999818e+00 
 1.95935000e-08  1.94989829e+00  1.95935000e-08  8.90133535e-01  1.95935000e-08  1.94988079e+00 
 1.95945000e-08  1.94990079e+00  1.95945000e-08  9.51314532e-01  1.95945000e-08  1.94977738e+00 
 1.95955000e-08  1.94990241e+00  1.95955000e-08  1.01159605e+00  1.95955000e-08  1.94966682e+00 
 1.95965000e-08  1.94990471e+00  1.95965000e-08  1.07096994e+00  1.95965000e-08  1.94956760e+00 
 1.95975000e-08  1.94990615e+00  1.95975000e-08  1.12957257e+00  1.95975000e-08  1.94946631e+00 
 1.95985000e-08  1.94990826e+00  1.95985000e-08  1.18776201e+00  1.95985000e-08  1.94934822e+00 
 1.97275000e-08  1.94996510e+00  1.97275000e-08  1.94995592e+00  1.97275000e-08  1.19680971e+00 
 1.97285000e-08  1.94996535e+00  1.97285000e-08  1.94998332e+00  1.97285000e-08  1.13928160e+00 
 1.97295000e-08  1.94996539e+00  1.97295000e-08  1.95000928e+00  1.97295000e-08  1.08167284e+00 
 1.97305000e-08  1.94996564e+00  1.97305000e-08  1.95003643e+00  1.97305000e-08  1.02375918e+00 
 1.97315000e-08  1.94996567e+00  1.97315000e-08  1.95005686e+00  1.97315000e-08  9.65443111e-01 
 1.97325000e-08  1.94996592e+00  1.97325000e-08  1.95007364e+00  1.97325000e-08  9.06532524e-01 
 1.99445000e-08  1.16365668e+00  1.99445000e-08  1.94999905e+00  1.99445000e-08  2.53267609e-05 
 1.99455000e-08  1.11077096e+00  1.99455000e-08  1.94999892e+00  1.99455000e-08  2.01148451e-05 
 1.99465000e-08  1.05812234e+00  1.99465000e-08  1.94999905e+00  1.99465000e-08  2.36649950e-05 
 1.99475000e-08  1.00566034e+00  1.99475000e-08  1.94999892e+00  1.99475000e-08  1.89123444e-05 
 1.99485000e-08  9.53317791e-01  1.99485000e-08  1.94999905e+00  1.99485000e-08  2.24774916e-05 
 1.99495000e-08  9.01021249e-01  1.99495000e-08  1.94999891e+00  1.99495000e-08  1.74878146e-05 
 2.02425000e-08  3.57026067e-04  2.02425000e-08  1.18099565e+00  2.02425000e-08 -2.57902502e-06 
 2.02435000e-08  3.49498288e-04  2.02435000e-08  1.12943274e+00  2.02435000e-08 -2.75360059e-06 
 2.02445000e-08  3.42130703e-04  2.02445000e-08  1.07708890e+00  2.02445000e-08 -8.72536104e-07 
 2.02455000e-08  3.34931425e-04  2.02455000e-08  1.02397320e+00  2.02455000e-08  2.55455617e-07 
 2.02465000e-08  3.27885962e-04  2.02465000e-08  9.70079400e-01  2.02465000e-08  2.92025153e-06 
 2.02475000e-08  3.21001736e-04  2.02475000e-08  9.15423577e-01  2.02475000e-08  4.79535816e-06 
 2.05305000e-08  9.22698042e-01  2.05305000e-08  2.20413958e-06  2.05305000e-08  3.90023507e-07 
 2.05315000e-08  9.59559315e-01  2.05315000e-08  2.05065183e-06  2.05315000e-08  1.27777998e-07 
 2.05325000e-08  9.96841679e-01  2.05325000e-08  2.10516070e-06  2.05325000e-08  3.87057649e-07 
 2.05335000e-08  1.03460349e+00  2.05335000e-08  1.92063851e-06  2.05335000e-08  1.30001058e-07 
 2.05345000e-08  1.07247495e+00  2.05345000e-08  1.95243162e-06  2.05345000e-08  3.86606499e-07 
 2.05355000e-08  1.11011704e+00  2.05355000e-08  1.78536462e-06  2.05355000e-08  1.18672731e-07 
 2.07155000e-08  1.94989819e+00  2.07155000e-08  8.86334585e-01  2.07155000e-08 -9.50383227e-05 
 2.07165000e-08  1.94990069e+00  2.07165000e-08  9.47732541e-01  2.07165000e-08 -1.17225882e-04 
 2.07175000e-08  1.94990234e+00  2.07175000e-08  1.00832389e+00  2.07175000e-08 -1.32335570e-04 
 2.07185000e-08  1.94990462e+00  2.07185000e-08  1.06809576e+00  2.07185000e-08 -1.40060152e-04 
 2.07195000e-08  1.94990608e+00  2.07195000e-08  1.12714699e+00  2.07195000e-08 -1.53997723e-04 
 2.07205000e-08  1.94990819e+00  2.07205000e-08  1.18570982e+00  2.07205000e-08 -1.68194153e-04 
 2.08355000e-08  1.94996292e+00  2.08355000e-08  1.94992115e+00  2.08355000e-08  8.67019206e-01 
 2.08365000e-08  1.94996320e+00  2.08365000e-08  1.94992763e+00  2.08365000e-08  9.27935426e-01 
 2.08375000e-08  1.94996325e+00  2.08375000e-08  1.94993425e+00  2.08375000e-08  9.87738484e-01 
 2.08385000e-08  1.94996353e+00  2.08385000e-08  1.94993995e+00  2.08385000e-08  1.04818150e+00 
 2.08395000e-08  1.94996357e+00  2.08395000e-08  1.94994741e+00  2.08395000e-08  1.11319739e+00 
 2.08405000e-08  1.94996384e+00  2.08405000e-08  1.94994324e+00  2.08405000e-08  1.18570319e+00 
 2.10665000e-08  1.16681951e+00  2.10665000e-08  1.94999907e+00  2.10665000e-08  1.94999675e+00 
 2.10675000e-08  1.11392063e+00  2.10675000e-08  1.94999906e+00  2.10675000e-08  1.94999439e+00 
 2.10685000e-08  1.06125748e+00  2.10685000e-08  1.94999907e+00  2.10685000e-08  1.94999804e+00 
 2.10695000e-08  1.00878749e+00  2.10695000e-08  1.94999905e+00  2.10695000e-08  1.94999444e+00 
 2.10705000e-08  9.56438636e-01  2.10705000e-08  1.94999906e+00  2.10705000e-08  1.94999696e+00 
 2.10715000e-08  9.04142316e-01  2.10715000e-08  1.94999904e+00  2.10715000e-08  1.94999471e+00 
 2.13655000e-08  3.49940957e-04  2.13655000e-08  1.13254120e+00  2.13655000e-08  1.94994162e+00 
 2.13665000e-08  3.42566722e-04  2.13665000e-08  1.08024432e+00  2.13665000e-08  1.94993892e+00 
 2.13675000e-08  3.35355090e-04  2.13675000e-08  1.02717770e+00  2.13675000e-08  1.94994067e+00 
 2.13685000e-08  3.28302769e-04  2.13685000e-08  9.73330282e-01  2.13685000e-08  1.94994811e+00 
 2.13695000e-08  3.21406445e-04  2.13695000e-08  9.18721766e-01  2.13695000e-08  1.94996187e+00 
 2.13705000e-08  3.14663327e-04  2.13705000e-08  8.63354254e-01  2.13705000e-08  1.94998216e+00 
 2.16525000e-08  9.20163107e-01  2.16525000e-08  1.23856273e-06  2.16525000e-08  1.94999764e+00 
 2.16535000e-08  9.57010087e-01  2.16535000e-08  1.29284702e-06  2.16535000e-08  1.94999799e+00 
 2.16545000e-08  9.94255191e-01  2.16545000e-08  1.18637147e-06  2.16545000e-08  1.94999775e+00 
 2.16555000e-08  1.03199405e+00  2.16555000e-08  1.20549011e-06  2.16555000e-08  1.94999809e+00 
 2.16565000e-08  1.06987055e+00  2.16565000e-08  1.07610245e-06  2.16565000e-08  1.94999785e+00 
 2.16575000e-08  1.10753505e+00  2.16575000e-08  1.10712021e-06  2.16575000e-08  1.94999818e+00 
 2.18375000e-08  1.94989807e+00  2.18375000e-08  8.83255670e-01  2.18375000e-08  1.94989138e+00 
 2.18385000e-08  1.94990053e+00  2.18385000e-08  9.44537752e-01  2.18385000e-08  1.94978961e+00 
 2.18395000e-08  1.94990222e+00  2.18395000e-08  1.00492293e+00  2.18395000e-08  1.94967933e+00 
 2.18405000e-08  1.94990447e+00  2.18405000e-08  1.06439500e+00  2.18405000e-08  1.94957769e+00 
 2.18415000e-08  1.94990598e+00  2.18415000e-08  1.12307112e+00  2.18415000e-08  1.94947847e+00 
 2.18425000e-08  1.94990805e+00  2.18425000e-08  1.18127634e+00  2.18425000e-08  1.94936249e+00 
 2.19725000e-08  1.94996533e+00  2.19725000e-08  1.94998028e+00  2.19725000e-08  1.14561994e+00 
 2.19735000e-08  1.94996537e+00  2.19735000e-08  1.95000626e+00  2.19735000e-08  1.08803532e+00 
 2.19745000e-08  1.94996562e+00  2.19745000e-08  1.95003362e+00  2.19745000e-08  1.03015576e+00 
 2.19755000e-08  1.94996566e+00  2.19755000e-08  1.95005493e+00  2.19755000e-08  9.71898242e-01 
 2.19765000e-08  1.94996590e+00  2.19765000e-08  1.95007201e+00  2.19765000e-08  9.13051700e-01 
 2.19775000e-08  1.94996594e+00  2.19775000e-08  1.95008280e+00  2.19775000e-08  8.53587988e-01 
 2.21885000e-08  1.17029607e+00  2.21885000e-08  1.94999901e+00  2.21885000e-08  2.43114904e-05 
 2.21895000e-08  1.11738278e+00  2.21895000e-08  1.94999896e+00  2.21895000e-08  2.10606015e-05 
 2.21905000e-08  1.06470344e+00  2.21905000e-08  1.94999901e+00  2.21905000e-08  2.27509452e-05 
 2.21915000e-08  1.01222444e+00  2.21915000e-08  1.94999896e+00  2.21915000e-08  1.97751841e-05 
 2.21925000e-08  9.59868336e-01  2.21925000e-08  1.94999901e+00  2.21925000e-08  2.14871032e-05 
 2.21935000e-08  9.07572067e-01  2.21935000e-08  1.94999896e+00  2.21935000e-08  1.84073527e-05 
 2.24875000e-08  3.50425282e-04  2.24875000e-08  1.13591041e+00  2.24875000e-08 -2.64012312e-06 
 2.24885000e-08  3.43041882e-04  2.24885000e-08  1.08366100e+00  2.24885000e-08 -1.28235383e-06 
 2.24895000e-08  3.35817630e-04  2.24895000e-08  1.03064434e+00  2.24895000e-08  2.15106952e-07 
 2.24905000e-08  3.28757437e-04  2.24905000e-08  9.76844648e-01  2.24905000e-08  2.45646322e-06 
 2.24915000e-08  3.21849303e-04  2.24915000e-08  9.22285701e-01  2.24915000e-08  4.65325269e-06 
 2.24925000e-08  3.15097788e-04  2.24925000e-08  8.66965317e-01  2.24925000e-08  7.41836402e-06 
 2.27745000e-08  9.18094118e-01  2.27745000e-08  2.16853680e-06  2.27745000e-08  1.91109125e-07 
 2.27755000e-08  9.54931368e-01  2.27755000e-08  2.09717705e-06  2.27755000e-08  2.26063788e-07 
 2.27765000e-08  9.92146760e-01  2.27765000e-08  2.07374091e-06  2.27765000e-08  1.83720287e-07 
 2.27775000e-08  1.02986557e+00  2.27775000e-08  1.96967524e-06  2.27775000e-08  2.18033717e-07 
 2.27785000e-08  1.06774503e+00  2.27785000e-08  1.92182443e-06  2.27785000e-08  1.76099453e-07 
 2.27795000e-08  1.10542717e+00  2.27795000e-08  1.83074103e-06  2.27795000e-08  2.10160822e-07 
 2.29595000e-08  1.94989796e+00  2.29595000e-08  8.78711075e-01  2.29595000e-08 -9.13442864e-05 
 2.29605000e-08  1.94990040e+00  2.29605000e-08  9.40205204e-01  2.29605000e-08 -1.15073510e-04 
 2.29615000e-08  1.94990212e+00  2.29615000e-08  1.00089749e+00  2.29615000e-08 -1.30667138e-04 
 2.29625000e-08  1.94990435e+00  2.29625000e-08  1.06076797e+00  2.29625000e-08 -1.39190315e-04 
 2.29635000e-08  1.94990589e+00  2.29635000e-08  1.11989782e+00  2.29635000e-08 -1.52185254e-04 
 2.29645000e-08  1.94990794e+00  2.29645000e-08  1.17850168e+00  2.29645000e-08 -1.66270270e-04 
 2.30795000e-08  1.94996290e+00  2.30795000e-08  1.94992059e+00  2.30795000e-08  8.59408829e-01 
 2.30805000e-08  1.94996317e+00  2.30805000e-08  1.94992668e+00  2.30805000e-08  9.20515606e-01 
 2.30815000e-08  1.94996323e+00  2.30815000e-08  1.94993357e+00  2.30815000e-08  9.80404838e-01 
 2.30825000e-08  1.94996350e+00  2.30825000e-08  1.94993930e+00  2.30825000e-08  1.04055740e+00 
 2.30835000e-08  1.94996355e+00  2.30835000e-08  1.94994675e+00  2.30835000e-08  1.10478818e+00 
 2.30845000e-08  1.94996381e+00  2.30845000e-08  1.94994367e+00  2.30845000e-08  1.17663378e+00 
 2.33105000e-08  1.17370629e+00  2.33105000e-08  1.94999905e+00  2.33105000e-08  1.94999856e+00 
 2.33115000e-08  1.12077891e+00  2.33115000e-08  1.94999908e+00  2.33115000e-08  1.94999640e+00 
 2.33125000e-08  1.06808348e+00  2.33125000e-08  1.94999905e+00  2.33125000e-08  1.94999773e+00 
 2.33135000e-08  1.01559536e+00  2.33135000e-08  1.94999907e+00  2.33135000e-08  1.94999650e+00 
 2.33145000e-08  9.63231828e-01  2.33145000e-08  1.94999904e+00  2.33145000e-08  1.94999851e+00 
 2.33155000e-08  9.10935369e-01  2.33155000e-08  1.94999906e+00  2.33155000e-08  1.94999647e+00 
 2.36095000e-08  3.50904840e-04  2.36095000e-08  1.13923091e+00  2.36095000e-08  1.94994227e+00 
 2.36105000e-08  3.43512370e-04  2.36105000e-08  1.08703169e+00  2.36105000e-08  1.94993899e+00 
 2.36115000e-08  3.36276718e-04  2.36115000e-08  1.03406744e+00  2.36115000e-08  1.94994022e+00 
 2.36125000e-08  3.29207733e-04  2.36125000e-08  9.80317453e-01  2.36125000e-08  1.94994674e+00 
 2.36135000e-08  3.22288568e-04  2.36135000e-08  9.25809228e-01  2.36135000e-08  1.94995977e+00 
 2.36145000e-08  3.15528381e-04  2.36145000e-08  8.70535997e-01  2.36145000e-08  1.94997900e+00 
 2.38965000e-08  9.15566094e-01  2.38965000e-08  1.19538183e-06  2.38965000e-08  1.94999764e+00 
 2.38975000e-08  9.52393262e-01  2.38975000e-08  1.34066252e-06  2.38975000e-08  1.94999799e+00 
 2.38985000e-08  9.89572720e-01  2.38985000e-08  1.14732797e-06  2.38985000e-08  1.94999774e+00 
 2.38995000e-08  1.02726516e+00  2.38995000e-08  1.25672051e-06  2.38995000e-08  1.94999809e+00 
 2.39005000e-08  1.06514666e+00  2.39005000e-08  1.03909023e-06  2.39005000e-08  1.94999784e+00 
 2.39015000e-08  1.10284956e+00  2.39015000e-08  1.15455492e-06  2.39015000e-08  1.94999818e+00 
 2.40815000e-08  1.94989783e+00  2.40815000e-08  8.75547650e-01  2.40815000e-08  1.94989389e+00 
 2.40825000e-08  1.94990023e+00  2.40825000e-08  9.36937059e-01  2.40825000e-08  1.94979598e+00 
 2.40835000e-08  1.94990201e+00  2.40835000e-08  9.97433483e-01  2.40835000e-08  1.94968732e+00 
 2.40845000e-08  1.94990420e+00  2.40845000e-08  1.05702080e+00  2.40845000e-08  1.94958366e+00 
 2.40855000e-08  1.94990579e+00  2.40855000e-08  1.11578760e+00  2.40855000e-08  1.94948779e+00 
 2.40865000e-08  1.94990780e+00  2.40865000e-08  1.17402145e+00  2.40865000e-08  1.94937483e+00 
 2.42165000e-08  1.94996530e+00  2.42165000e-08  1.94997664e+00  2.42165000e-08  1.15275637e+00 
 2.42175000e-08  1.94996536e+00  2.42175000e-08  1.95000278e+00  2.42175000e-08  1.09519122e+00 
 2.42185000e-08  1.94996559e+00  2.42185000e-08  1.95003038e+00  2.42185000e-08  1.03735229e+00 
 2.42195000e-08  1.94996565e+00  2.42195000e-08  1.95005277e+00  2.42195000e-08  9.79153130e-01 
 2.42205000e-08  1.94996587e+00  2.42205000e-08  1.95007016e+00  2.42205000e-08  9.20380594e-01 
 2.42215000e-08  1.94996593e+00  2.42215000e-08  1.95008192e+00  2.42215000e-08  8.60999598e-01 
 2.44325000e-08  1.17667452e+00  2.44325000e-08  1.94999897e+00  2.44325000e-08  2.36555705e-05 
 2.44335000e-08  1.12373492e+00  2.44335000e-08  1.94999900e+00  2.44335000e-08  2.17094337e-05 
 2.44345000e-08  1.07102536e+00  2.44345000e-08  1.94999898e+00  2.44345000e-08  2.21946995e-05 
 2.44355000e-08  1.01852911e+00  2.44355000e-08  1.94999900e+00  2.44355000e-08  2.03251490e-05 
 2.44365000e-08  9.66158867e-01  2.44365000e-08  1.94999897e+00  2.44365000e-08  2.08247281e-05 
 2.44375000e-08  9.13862057e-01  2.44375000e-08  1.94999899e+00  2.44375000e-08  1.90281485e-05 
 2.47315000e-08  3.51333480e-04  2.47315000e-08  1.14233057e+00  2.47315000e-08 -2.55580821e-06 
 2.47325000e-08  3.43933185e-04  2.47325000e-08  1.09017496e+00  2.47325000e-08 -1.63482499e-06 
 2.47335000e-08  3.36688214e-04  2.47335000e-08  1.03725660e+00  2.47335000e-08  1.59149287e-07 
 2.47345000e-08  3.29611930e-04  2.47345000e-08  9.83550517e-01  2.47345000e-08  2.04995530e-06 
 2.47355000e-08  3.22680682e-04  2.47355000e-08  9.29087931e-01  2.47355000e-08  4.48539551e-06 
 2.47365000e-08  3.15913459e-04  2.47365000e-08  8.73858164e-01  2.47365000e-08  6.95766979e-06 
 2.50195000e-08  9.50503675e-01  2.50195000e-08  2.14079060e-06  2.50195000e-08  4.16167734e-07 
 2.50205000e-08  9.87656924e-01  2.50205000e-08  2.04379499e-06  2.50205000e-08  1.06067065e-07 
 2.50215000e-08  1.02532857e+00  2.50215000e-08  2.01620913e-06  2.50215000e-08  3.80766957e-07 
 2.50225000e-08  1.06321044e+00  2.50225000e-08  1.89393994e-06  2.50225000e-08  6.20178383e-08 
 2.50235000e-08  1.10092822e+00  2.50235000e-08  1.87418979e-06  2.50235000e-08  4.10885011e-07 
 2.50245000e-08  1.13828233e+00  2.50245000e-08  1.79261844e-06  2.50245000e-08  9.57081039e-08 
 2.52035000e-08  1.94989775e+00  2.52035000e-08  8.71195385e-01  2.52035000e-08 -8.76193540e-05 
 2.52045000e-08  1.94990010e+00  2.52045000e-08  9.32784337e-01  2.52045000e-08 -1.12863753e-04 
 2.52055000e-08  1.94990193e+00  2.52055000e-08  9.93573412e-01  2.52055000e-08 -1.28898238e-04 
 2.52065000e-08  1.94990408e+00  2.52065000e-08  1.05354301e+00  2.52065000e-08 -1.38333844e-04 
 2.52075000e-08  1.94990572e+00  2.52075000e-08  1.11275687e+00  2.52075000e-08 -1.50492986e-04 
 2.52085000e-08  1.94990769e+00  2.52085000e-08  1.17140743e+00  2.52085000e-08 -1.64441007e-04 
 2.53235000e-08  1.94996290e+00  2.53235000e-08  1.94992022e+00  2.53235000e-08  8.51898773e-01 
 2.53245000e-08  1.94996314e+00  2.53245000e-08  1.94992570e+00  2.53245000e-08  9.13197942e-01 
 2.53255000e-08  1.94996323e+00  2.53255000e-08  1.94993293e+00  2.53255000e-08  9.73189456e-01 
 2.53265000e-08  1.94996346e+00  2.53265000e-08  1.94993855e+00  2.53265000e-08  1.03313890e+00 
 2.53275000e-08  1.94996355e+00  2.53275000e-08  1.94994597e+00  2.53275000e-08  1.09667763e+00 
 2.53285000e-08  1.94996378e+00  2.53285000e-08  1.94994428e+00  2.53285000e-08  1.16771063e+00 
 2.55545000e-08  1.17982583e+00  2.55545000e-08  1.94999903e+00  2.55545000e-08  1.94999939e+00 
 2.55555000e-08  1.12687330e+00  2.55555000e-08  1.94999909e+00  2.55555000e-08  1.94999905e+00 
 2.55565000e-08  1.07414861e+00  2.55565000e-08  1.94999903e+00  2.55565000e-08  1.94999943e+00 
 2.55575000e-08  1.02164349e+00  2.55575000e-08  1.94999909e+00  2.55575000e-08  1.94999910e+00 
 2.55585000e-08  9.69265890e-01  2.55585000e-08  1.94999903e+00  2.55585000e-08  1.94999952e+00 
 2.55595000e-08  9.16968493e-01  2.55595000e-08  1.94999908e+00  2.55595000e-08  1.94999919e+00 
 2.58535000e-08  3.51779601e-04  2.58535000e-08  1.14538679e+00  2.58535000e-08  1.94994287e+00 
 2.58545000e-08  3.44370472e-04  2.58545000e-08  1.09327760e+00  2.58545000e-08  1.94993915e+00 
 2.58555000e-08  3.37113173e-04  2.58555000e-08  1.04040769e+00  2.58555000e-08  1.94993984e+00 
 2.58565000e-08  3.30025244e-04  2.58565000e-08  9.86747651e-01  2.58565000e-08  1.94994560e+00 
 2.58575000e-08  3.23087938e-04  2.58575000e-08  9.32332026e-01  2.58575000e-08  1.94995793e+00 
 2.58585000e-08  3.16312755e-04  2.58585000e-08  8.77145993e-01  2.58585000e-08  1.94997636e+00 
 2.61415000e-08  9.47754511e-01  2.61415000e-08  1.38207720e-06  2.61415000e-08  1.94999795e+00 
 2.61425000e-08  9.84874831e-01  2.61425000e-08  1.11362140e-06  2.61425000e-08  1.94999776e+00 
 2.61435000e-08  1.02251596e+00  2.61435000e-08  1.30184241e-06  2.61435000e-08  1.94999806e+00 
 2.61445000e-08  1.06039295e+00  2.61445000e-08  1.00832130e-06  2.61445000e-08  1.94999786e+00 
 2.61455000e-08  1.09813007e+00  2.61455000e-08  1.19676558e-06  2.61455000e-08  1.94999815e+00 
 2.61465000e-08  1.13551491e+00  2.61465000e-08  9.44328475e-07  2.61465000e-08  1.94999795e+00 
 2.63255000e-08  1.94989762e+00  2.63255000e-08  8.67735389e-01  2.63255000e-08  1.94991061e+00 
 2.63265000e-08  1.94989990e+00  2.63265000e-08  9.29236428e-01  2.63265000e-08  1.94981361e+00 
 2.63275000e-08  1.94990182e+00  2.63275000e-08  9.89849294e-01  2.63275000e-08  1.94970464e+00 
 2.63285000e-08  1.94990390e+00  2.63285000e-08  1.04955024e+00  2.63285000e-08  1.94959762e+00 
 2.63295000e-08  1.94990563e+00  2.63295000e-08  1.10840934e+00  2.63295000e-08  1.94950364e+00 
 2.63305000e-08  1.94990752e+00  2.63305000e-08  1.16668335e+00  2.63305000e-08  1.94939246e+00 
 2.64605000e-08  1.94996527e+00  2.64605000e-08  1.94997308e+00  2.64605000e-08  1.16002097e+00 
 2.64615000e-08  1.94996537e+00  2.64615000e-08  1.94999941e+00  2.64615000e-08  1.10246751e+00 
 2.64625000e-08  1.94996556e+00  2.64625000e-08  1.95002695e+00  2.64625000e-08  1.04467383e+00 
 2.64635000e-08  1.94996565e+00  2.64635000e-08  1.95005046e+00  2.64635000e-08  9.86527616e-01 
 2.64645000e-08  1.94996584e+00  2.64645000e-08  1.95006807e+00  2.64645000e-08  9.27835328e-01 
 2.64655000e-08  1.94996594e+00  2.64655000e-08  1.95008092e+00  2.64655000e-08  8.68534422e-01 
 2.66765000e-08  1.18323233e+00  2.66765000e-08  1.94999893e+00  2.66765000e-08  2.35615013e-05 
 2.66775000e-08  1.13026595e+00  2.66775000e-08  1.94999904e+00  2.66775000e-08  2.19802260e-05 
 2.66785000e-08  1.07752480e+00  2.66785000e-08  1.94999894e+00  2.66785000e-08  2.20955499e-05 
 2.66795000e-08  1.02500988e+00  2.66795000e-08  1.94999904e+00  2.66795000e-08  2.05922486e-05 
 2.66805000e-08  9.72624063e-01  2.66805000e-08  1.94999893e+00  2.66805000e-08  2.07205215e-05 
 2.66815000e-08  9.20325824e-01  2.66815000e-08  1.94999903e+00  2.66815000e-08  1.92915092e-05 
 2.69755000e-08  3.52267044e-04  2.69755000e-08  1.14872427e+00  2.69755000e-08 -2.51562500e-06 
 2.69765000e-08  3.44845739e-04  2.69765000e-08  1.09666224e+00  2.69765000e-08 -1.91228580e-06 
 2.69775000e-08  3.37582689e-04  2.69775000e-08  1.04384189e+00  2.69775000e-08  3.37953392e-08 
 2.69785000e-08  3.30485036e-04  2.69785000e-08  9.90229270e-01  2.69785000e-08  1.66476495e-06 
 2.69795000e-08  3.23535257e-04  2.69795000e-08  9.35862925e-01  2.69795000e-08  4.26512578e-06 
 2.69805000e-08  3.16747768e-04  2.69805000e-08  8.80723808e-01  2.69805000e-08  6.54977409e-06 
 2.72635000e-08  9.45970475e-01  2.72635000e-08  2.19140342e-06  2.72635000e-08  5.94457883e-07 
 2.72645000e-08  9.83065280e-01  2.72645000e-08  2.00661035e-06  2.72645000e-08  6.67896455e-09 
 2.72655000e-08  1.02068320e+00  2.72655000e-08  2.07017824e-06  2.72655000e-08  5.34729798e-07 
 2.72665000e-08  1.05855780e+00  2.72665000e-08  1.85954093e-06  2.72665000e-08 -8.09872779e-08 
 2.72675000e-08  1.09630772e+00  2.72675000e-08  1.92522205e-06  2.72675000e-08  5.66914338e-07 
 2.72685000e-08  1.13371266e+00  2.72685000e-08  1.75330182e-06  2.72685000e-08 -1.39988545e-08 
 2.74475000e-08  1.94989755e+00  2.74475000e-08  8.63468988e-01  2.74475000e-08 -8.44171304e-05 
 2.74485000e-08  1.94989977e+00  2.74485000e-08  9.25153982e-01  2.74485000e-08 -1.09994652e-04 
 2.74495000e-08  1.94990176e+00  2.74495000e-08  9.86046603e-01  2.74495000e-08 -1.26603017e-04 
 2.74505000e-08  1.94990378e+00  2.74505000e-08  1.04612000e+00  2.74505000e-08 -1.36975937e-04 
 2.74515000e-08  1.94990557e+00  2.74515000e-08  1.10541935e+00  2.74515000e-08 -1.48284752e-04 
 2.74525000e-08  1.94990741e+00  2.74525000e-08  1.16412386e+00  2.74525000e-08 -1.62312972e-04 
 2.75685000e-08  1.94996310e+00  2.75685000e-08  1.94992467e+00  2.75685000e-08  9.05642266e-01 
 2.75695000e-08  1.94996323e+00  2.75695000e-08  1.94993229e+00  2.75695000e-08  9.65753183e-01 
 2.75705000e-08  1.94996343e+00  2.75705000e-08  1.94993770e+00  2.75705000e-08  1.02556342e+00 
 2.75715000e-08  1.94996355e+00  2.75715000e-08  1.94994504e+00  2.75715000e-08  1.08847433e+00 
 2.75725000e-08  1.94996375e+00  2.75725000e-08  1.94994506e+00  2.75725000e-08  1.15853154e+00 
 2.75735000e-08  1.94996387e+00  2.75735000e-08  1.94994407e+00  2.75735000e-08  1.23187901e+00 
 2.77995000e-08  1.13351112e+00  2.77995000e-08  1.94999911e+00  2.77995000e-08  1.94999879e+00 
 2.78005000e-08  1.08075410e+00  2.78005000e-08  1.94999901e+00  2.78005000e-08  1.94999798e+00 
 2.78015000e-08  1.02822929e+00  2.78015000e-08  1.94999911e+00  2.78015000e-08  1.94999922e+00 
 2.78025000e-08  9.75835351e-01  2.78025000e-08  1.94999901e+00  2.78025000e-08  1.94999795e+00 
 2.78035000e-08  9.23535815e-01  2.78035000e-08  1.94999910e+00  2.78035000e-08  1.94999878e+00 
 2.78045000e-08  8.71231468e-01  2.78045000e-08  1.94999900e+00  2.78045000e-08  1.94999801e+00 
 2.80975000e-08  3.52730582e-04  2.80975000e-08  1.15195213e+00  2.80975000e-08  1.94994353e+00 
 2.80985000e-08  3.45305357e-04  2.80985000e-08  1.09994054e+00  2.80985000e-08  1.94993940e+00 
 2.80995000e-08  3.38021718e-04  2.80995000e-08  1.04717009e+00  2.80995000e-08  1.94993951e+00 
 2.81005000e-08  3.30921525e-04  2.81005000e-08  9.93607483e-01  2.81005000e-08  1.94994451e+00 
 2.81015000e-08  3.23956405e-04  2.81015000e-08  9.39289744e-01  2.81015000e-08  1.94995605e+00 
 2.81025000e-08  3.17168100e-04  2.81025000e-08  8.84198231e-01  2.81025000e-08  1.94997367e+00 
 2.83855000e-08  9.43683045e-01  2.83855000e-08  1.42475038e-06  2.83855000e-08  1.94999790e+00 
 2.83865000e-08  9.80748482e-01  2.83865000e-08  1.07853196e-06  2.83865000e-08  1.94999780e+00 
 2.83875000e-08  1.01833720e+00  2.83875000e-08  1.34765250e-06  2.83875000e-08  1.94999801e+00 
 2.83885000e-08  1.05620803e+00  2.83885000e-08  9.75909080e-07  2.83885000e-08  1.94999790e+00 
 2.83895000e-08  1.09397369e+00  2.83895000e-08  1.23931662e-06  2.83895000e-08  1.94999810e+00 
 2.83905000e-08  1.13140402e+00  2.83905000e-08  9.06781189e-07  2.83905000e-08  1.94999799e+00 
 2.85695000e-08  1.94989745e+00  2.85695000e-08  8.60814326e-01  2.85695000e-08  1.94992463e+00 
 2.85705000e-08  1.94989960e+00  2.85705000e-08  9.22410807e-01  2.85705000e-08  1.94982867e+00 
 2.85715000e-08  1.94990167e+00  2.85715000e-08  9.83124020e-01  2.85715000e-08  1.94971960e+00 
 2.85725000e-08  1.94990361e+00  2.85725000e-08  1.04292275e+00  2.85725000e-08  1.94961045e+00 
 2.85735000e-08  1.94990549e+00  2.85735000e-08  1.10186276e+00  2.85735000e-08  1.94951703e+00 
 2.85745000e-08  1.94990726e+00  2.85745000e-08  1.16017999e+00  2.85745000e-08  1.94940735e+00 
 2.87045000e-08  1.94996523e+00  2.87045000e-08  1.94996989e+00  2.87045000e-08  1.16648091e+00 
 2.87055000e-08  1.94996537e+00  2.87055000e-08  1.94999687e+00  2.87055000e-08  1.10893550e+00 
 2.87065000e-08  1.94996553e+00  2.87065000e-08  1.95002393e+00  2.87065000e-08  1.05117948e+00 
 2.87075000e-08  1.94996566e+00  2.87075000e-08  1.95004829e+00  2.87075000e-08  9.93078461e-01 
 2.87085000e-08  1.94996581e+00  2.87085000e-08  1.95006606e+00  2.87085000e-08  9.34456848e-01 
 2.87095000e-08  1.94996593e+00  2.87095000e-08  1.95007986e+00  2.87095000e-08  8.75227505e-01 
 2.89215000e-08  1.13595602e+00  2.89215000e-08  1.94999907e+00  2.89215000e-08  2.25972121e-05 
 2.89225000e-08  1.08318775e+00  2.89225000e-08  1.94999891e+00  2.89225000e-08  2.17983927e-05 
 2.89235000e-08  1.03065590e+00  2.89235000e-08  1.94999907e+00  2.89235000e-08  2.11780683e-05 
 2.89245000e-08  9.78256365e-01  2.89245000e-08  1.94999890e+00  2.89245000e-08  2.03564954e-05 
 2.89255000e-08  9.25956170e-01  2.89255000e-08  1.94999906e+00  2.89255000e-08  1.98014067e-05 
 2.89265000e-08  8.73652161e-01  2.89265000e-08  1.94999890e+00  2.89265000e-08  1.91404014e-05 
 2.92195000e-08  3.53097594e-04  2.92195000e-08  1.15457328e+00  2.92195000e-08 -2.47200588e-06 
 2.92205000e-08  3.45670009e-04  2.92205000e-08  1.10260048e+00  2.92205000e-08 -2.15223491e-06 
 2.92215000e-08  3.38372630e-04  2.92215000e-08  1.04986695e+00  2.92215000e-08 -7.65845540e-08 
 2.92225000e-08  3.31271018e-04  2.92225000e-08  9.96343191e-01  2.92225000e-08  1.33646240e-06 
 2.92235000e-08  3.24292738e-04  2.92235000e-08  9.42062521e-01  2.92235000e-08  4.06502608e-06 
 2.92245000e-08  3.17501279e-04  2.92245000e-08  8.87009509e-01  2.92245000e-08  6.18409370e-06 
 2.95075000e-08  9.42950459e-01  2.95075000e-08  2.26325712e-06  2.95075000e-08  7.48669147e-07 
 2.95085000e-08  9.80006796e-01  2.95085000e-08  1.94635504e-06  2.95085000e-08 -9.23555143e-08 
 2.95095000e-08  1.01758587e+00  2.95095000e-08  2.14357875e-06  2.95095000e-08  6.73361238e-07 
 2.95105000e-08  1.05545521e+00  2.95105000e-08  1.80158643e-06  2.95105000e-08 -1.92929746e-07 
 2.95115000e-08  1.09322567e+00  2.95115000e-08  1.99568068e-06  2.95115000e-08  7.26202843e-07 
 2.95125000e-08  1.13066411e+00  2.95125000e-08  1.69169139e-06  2.95125000e-08 -1.00195796e-07 
 2.96915000e-08  1.94989742e+00  2.96915000e-08  8.58376823e-01  2.96915000e-08 -8.10490470e-05 
 2.96925000e-08  1.94989955e+00  2.96925000e-08  9.20124360e-01  2.96925000e-08 -1.08790690e-04 
 2.96935000e-08  1.94990164e+00  2.96935000e-08  9.81083084e-01  2.96935000e-08 -1.25844210e-04 
 2.96945000e-08  1.94990357e+00  2.96945000e-08  1.04122380e+00  2.96945000e-08 -1.36812693e-04 
 2.96955000e-08  1.94990547e+00  2.96955000e-08  1.10058549e+00  2.96955000e-08 -1.47612312e-04 
 2.96965000e-08  1.94990722e+00  2.96965000e-08  1.15933352e+00  2.96965000e-08 -1.61590402e-04 
 2.98125000e-08  1.94996308e+00  2.98125000e-08  1.94992400e+00  2.98125000e-08  9.00679808e-01 
 2.98135000e-08  1.94996324e+00  2.98135000e-08  1.94993187e+00  2.98135000e-08  9.60876531e-01 
 2.98145000e-08  1.94996340e+00  2.98145000e-08  1.94993712e+00  2.98145000e-08  1.02062850e+00 
 2.98155000e-08  1.94996356e+00  2.98155000e-08  1.94994438e+00  2.98155000e-08  1.08317035e+00 
 2.98165000e-08  1.94996372e+00  2.98165000e-08  1.94994564e+00  2.98165000e-08  1.15253355e+00 
 2.98175000e-08  1.94996387e+00  2.98175000e-08  1.94994396e+00  2.98175000e-08  1.22594168e+00 
 3.00435000e-08  1.13789414e+00  3.00435000e-08  1.94999912e+00  3.00435000e-08  1.94999828e+00 
 3.00445000e-08  1.08511608e+00  3.00445000e-08  1.94999900e+00  3.00445000e-08  1.94999590e+00 
 3.00455000e-08  1.03257771e+00  3.00455000e-08  1.94999912e+00  3.00455000e-08  1.94999762e+00 
 3.00465000e-08  9.80172858e-01  3.00465000e-08  1.94999900e+00  3.00465000e-08  1.94999621e+00 
 3.00475000e-08  9.27871336e-01  3.00475000e-08  1.94999912e+00  3.00475000e-08  1.94999863e+00 
 3.00485000e-08  8.75566912e-01  3.00485000e-08  1.94999899e+00  3.00485000e-08  1.94999631e+00 
 3.03415000e-08  3.53359991e-04  3.03415000e-08  1.15632522e+00  3.03415000e-08  1.94994400e+00 
 3.03425000e-08  3.45930401e-04  3.03425000e-08  1.10438122e+00  3.03425000e-08  1.94993959e+00 
 3.03435000e-08  3.38625554e-04  3.03435000e-08  1.05167506e+00  3.03435000e-08  1.94993934e+00 
 3.03445000e-08  3.31522688e-04  3.03445000e-08  9.98179682e-01  3.03445000e-08  1.94994382e+00 
 3.03455000e-08  3.24533261e-04  3.03455000e-08  9.43925574e-01  3.03455000e-08  1.94995485e+00 
 3.03465000e-08  3.17739233e-04  3.03465000e-08  8.88899282e-01  3.03465000e-08  1.94997189e+00 
 3.06295000e-08  9.40653175e-01  3.06295000e-08  1.41492128e-06  3.06295000e-08  1.94999781e+00 
 3.06305000e-08  9.77681653e-01  3.06305000e-08  1.09290967e-06  3.06305000e-08  1.94999788e+00 
 3.06315000e-08  1.01522983e+00  3.06315000e-08  1.34090379e-06  3.06315000e-08  1.94999791e+00 
 3.06325000e-08  1.05309336e+00  3.06325000e-08  9.91937496e-07  3.06325000e-08  1.94999798e+00 
 3.06335000e-08  1.09087954e+00  3.06335000e-08  1.23135207e-06  3.06335000e-08  1.94999801e+00 
 3.06345000e-08  1.12834441e+00  3.06345000e-08  9.19138060e-07  3.06345000e-08  1.94999807e+00 
 3.08135000e-08  1.94989733e+00  3.08135000e-08  8.55745658e-01  3.08135000e-08  1.94993151e+00 
 3.08145000e-08  1.94989937e+00  3.08145000e-08  9.17411518e-01  3.08145000e-08  1.94983704e+00 
 3.08155000e-08  1.94990157e+00  3.08155000e-08  9.78197858e-01  3.08155000e-08  1.94972849e+00 
 3.08165000e-08  1.94990340e+00  3.08165000e-08  1.03807164e+00  3.08165000e-08  1.94961892e+00 
 3.08175000e-08  1.94990540e+00  3.08175000e-08  1.09708095e+00  3.08175000e-08  1.94952455e+00 
 3.08185000e-08  1.94990706e+00  3.08185000e-08  1.15545326e+00  3.08185000e-08  1.94941640e+00 
 3.09485000e-08  1.94996520e+00  3.09485000e-08  1.94996762e+00  3.09485000e-08  1.17110719e+00 
 3.09495000e-08  1.94996538e+00  3.09495000e-08  1.94999495e+00  3.09495000e-08  1.11356653e+00 
 3.09505000e-08  1.94996550e+00  3.09505000e-08  1.95002164e+00  3.09505000e-08  1.05583642e+00 
 3.09515000e-08  1.94996566e+00  3.09515000e-08  1.95004670e+00  3.09515000e-08  9.97766545e-01 
 3.09525000e-08  1.94996578e+00  3.09525000e-08  1.95006463e+00  3.09525000e-08  9.39194179e-01 
 3.09535000e-08  1.94996594e+00  3.09535000e-08  1.95007913e+00  3.09535000e-08  8.80014716e-01 
 3.11655000e-08  1.14020566e+00  3.11655000e-08  1.94999909e+00  3.11655000e-08  2.31021781e-05 
 3.11665000e-08  1.08741728e+00  3.11665000e-08  1.94999889e+00  3.11665000e-08  2.14154288e-05 
 3.11675000e-08  1.03487121e+00  3.11675000e-08  1.94999909e+00  3.11675000e-08  2.15924588e-05 
 3.11685000e-08  9.82461202e-01  3.11685000e-08  1.94999889e+00  3.11685000e-08  2.01362381e-05 
 3.11695000e-08  9.30158089e-01  3.11695000e-08  1.94999908e+00  3.11695000e-08  2.03818488e-05 
 3.11705000e-08  8.77854195e-01  3.11705000e-08  1.94999888e+00  3.11705000e-08  1.87690953e-05 
 3.14635000e-08  3.53711838e-04  3.14635000e-08  1.15880799e+00  3.14635000e-08 -2.44832466e-06 
 3.14645000e-08  3.46277935e-04  3.14645000e-08  1.10690067e+00  3.14645000e-08 -2.30914738e-06 
 3.14655000e-08  3.38962756e-04  3.14655000e-08  1.05422942e+00  3.14655000e-08 -1.64661598e-07 
 3.14665000e-08  3.31855576e-04  3.14665000e-08  1.00077079e+00  3.14665000e-08  1.11553610e-06 
 3.14675000e-08  3.24856030e-04  3.14675000e-08  9.46551783e-01  3.14675000e-08  3.91428436e-06 
 3.14685000e-08  3.18057660e-04  3.14685000e-08  8.91561985e-01  3.14685000e-08  5.92763052e-06 
 3.17515000e-08  9.39847112e-01  3.17515000e-08  2.30584015e-06  3.17515000e-08  8.11073840e-07 
 3.17525000e-08  9.76866144e-01  3.17525000e-08  1.91167544e-06  3.17525000e-08 -1.59240328e-07 
 3.17535000e-08  1.01440327e+00  3.17535000e-08  2.18859039e-06  3.17535000e-08  7.34955441e-07 
 3.17545000e-08  1.05226438e+00  3.17545000e-08  1.76946526e-06  3.17545000e-08 -2.50889546e-07 
 3.17555000e-08  1.09005544e+00  3.17555000e-08  2.03870588e-06  3.17555000e-08  7.98977350e-07 
 3.17565000e-08  1.12752904e+00  3.17565000e-08  1.65654588e-06  3.17565000e-08 -1.43484440e-07 
 3.19355000e-08  1.94989731e+00  3.19355000e-08  8.53153321e-01  3.19355000e-08 -7.83488313e-05 
 3.19365000e-08  1.94989931e+00  3.19365000e-08  9.14965891e-01  3.19365000e-08 -1.07815235e-04 
 3.19375000e-08  1.94990155e+00  3.19375000e-08  9.75991933e-01  3.19375000e-08 -1.25389173e-04 
 3.19385000e-08  1.94990335e+00  3.19385000e-08  1.03620232e+00  3.19385000e-08 -1.36496599e-04 
 3.19395000e-08  1.94990539e+00  3.19395000e-08  1.09562384e+00  3.19395000e-08 -1.46062489e-04 
 3.19405000e-08  1.94990702e+00  3.19405000e-08  1.15441401e+00  3.19405000e-08 -1.60440811e-04 
 3.20565000e-08  1.94996304e+00  3.20565000e-08  1.94992334e+00  3.20565000e-08  8.95608878e-01 
 3.20575000e-08  1.94996325e+00  3.20575000e-08  1.94993143e+00  3.20575000e-08  9.55899381e-01 
 3.20585000e-08  1.94996337e+00  3.20585000e-08  1.94993652e+00  3.20585000e-08  1.01561390e+00 
 3.20595000e-08  1.94996357e+00  3.20595000e-08  1.94994366e+00  3.20595000e-08  1.07780135e+00 
 3.20605000e-08  1.94996369e+00  3.20605000e-08  1.94994628e+00  3.20605000e-08  1.14641566e+00 
 3.20615000e-08  1.94996389e+00  3.20615000e-08  1.94994385e+00  3.20615000e-08  1.21985928e+00 
 3.22875000e-08  1.14194121e+00  3.22875000e-08  1.94999914e+00  3.22875000e-08  1.94999859e+00 
 3.22885000e-08  1.08914522e+00  3.22885000e-08  1.94999899e+00  3.22885000e-08  1.94999504e+00 
 3.22895000e-08  1.03659139e+00  3.22895000e-08  1.94999914e+00  3.22895000e-08  1.94999764e+00 
 3.22905000e-08  9.84177544e-01  3.22905000e-08  1.94999898e+00  3.22905000e-08  1.94999425e+00 
 3.22915000e-08  9.31871508e-01  3.22915000e-08  1.94999913e+00  3.22915000e-08  1.94999681e+00 
 3.22925000e-08  8.79568135e-01  3.22925000e-08  1.94999898e+00  3.22925000e-08  1.94999470e+00 
 3.25855000e-08  3.53937922e-04  3.25855000e-08  1.16039743e+00  3.25855000e-08  1.94994444e+00 
 3.25865000e-08  3.46498896e-04  3.25865000e-08  1.10851642e+00  3.25865000e-08  1.94993980e+00 
 3.25875000e-08  3.39178474e-04  3.25875000e-08  1.05587021e+00  3.25875000e-08  1.94993921e+00 
 3.25885000e-08  3.32065203e-04  3.25885000e-08  1.00243755e+00  3.25885000e-08  1.94994322e+00 
 3.25895000e-08  3.25060141e-04  3.25895000e-08  9.48242811e-01  3.25895000e-08  1.94995377e+00 
 3.25905000e-08  3.18258524e-04  3.25905000e-08  8.93277415e-01  3.25905000e-08  1.94997028e+00 
 3.28735000e-08  9.37526519e-01  3.28735000e-08  1.39151916e-06  3.28735000e-08  1.94999772e+00 
 3.28745000e-08  9.74519117e-01  3.28745000e-08  1.12029971e-06  3.28745000e-08  1.94999797e+00 
 3.28755000e-08  1.01202377e+00  3.28755000e-08  1.32089737e-06  3.28755000e-08  1.94999782e+00 
 3.28765000e-08  1.04987669e+00  3.28765000e-08  1.02102763e-06  3.28765000e-08  1.94999806e+00 
 3.28775000e-08  1.08768119e+00  3.28775000e-08  1.21058438e-06  3.28775000e-08  1.94999792e+00 
 3.28785000e-08  1.12517956e+00  3.28785000e-08  9.44315285e-07  3.28785000e-08  1.94999816e+00 
 3.30575000e-08  1.94989721e+00  3.30575000e-08  8.50481181e-01  3.30575000e-08  1.94993854e+00 
 3.30585000e-08  1.94989912e+00  3.30585000e-08  9.12218747e-01  3.30585000e-08  1.94984567e+00 
 3.30595000e-08  1.94990147e+00  3.30595000e-08  9.73083202e-01  3.30595000e-08  1.94973764e+00 
 3.30605000e-08  1.94990318e+00  3.30605000e-08  1.03303792e+00  3.30605000e-08  1.94962804e+00 
 3.30615000e-08  1.94990533e+00  3.30615000e-08  1.09211436e+00  3.30615000e-08  1.94953352e+00 
 3.30625000e-08  1.94990686e+00  3.30625000e-08  1.15051545e+00  3.30625000e-08  1.94942635e+00 
 3.31925000e-08  1.94996517e+00  3.31925000e-08  1.94996522e+00  3.31925000e-08  1.17601216e+00 
 3.31935000e-08  1.94996538e+00  3.31935000e-08  1.94999291e+00  3.31935000e-08  1.11847552e+00 
 3.31945000e-08  1.94996547e+00  3.31945000e-08  1.95001918e+00  3.31945000e-08  1.06077157e+00 
 3.31955000e-08  1.94996567e+00  3.31955000e-08  1.95004497e+00  3.31955000e-08  1.00273359e+00 
 3.31965000e-08  1.94996575e+00  3.31965000e-08  1.95006307e+00  3.31965000e-08  9.44212456e-01 
 3.31975000e-08  1.94996595e+00  3.31975000e-08  1.95007830e+00  3.31975000e-08  8.85085257e-01 
 3.34095000e-08  1.14477870e+00  3.34095000e-08  1.94999911e+00  3.34095000e-08  2.35635541e-05 
 3.34105000e-08  1.09197180e+00  3.34105000e-08  1.94999887e+00  3.34105000e-08  2.11840381e-05 
 3.34115000e-08  1.03940674e+00  3.34115000e-08  1.94999911e+00  3.34115000e-08  2.22862014e-05 
 3.34125000e-08  9.86987898e-01  3.34125000e-08  1.94999887e+00  3.34125000e-08  1.97015250e-05 
 3.34135000e-08  9.34678272e-01  3.34135000e-08  1.94999910e+00  3.34135000e-08  2.08129734e-05 
 3.34145000e-08  8.82376805e-01  3.34145000e-08  1.94999886e+00  3.34145000e-08  1.85355409e-05 
 3.37075000e-08  3.54361844e-04  3.37075000e-08  1.16332530e+00  3.37075000e-08 -2.43720710e-06 
 3.37085000e-08  3.46911954e-04  3.37085000e-08  1.11148787e+00  3.37085000e-08 -2.45626205e-06 
 3.37095000e-08  3.39583684e-04  3.37095000e-08  1.05888316e+00  3.37095000e-08 -2.72432276e-07 
 3.37105000e-08  3.32460114e-04  3.37105000e-08  1.00549414e+00  3.37105000e-08  8.95125937e-07 
 3.37115000e-08  3.25447871e-04  3.37115000e-08  9.51341069e-01  3.37115000e-08  3.74554370e-06 
 3.37125000e-08  3.18636256e-04  3.37125000e-08  8.96418875e-01  3.37125000e-08  5.66071410e-06 
 3.39955000e-08  9.36503539e-01  3.39955000e-08  2.29725869e-06  3.39955000e-08  7.71755073e-07 
 3.39965000e-08  9.73485037e-01  3.39965000e-08  1.92830636e-06  3.39965000e-08 -1.13367001e-07 
 3.39975000e-08  1.01097526e+00  3.39975000e-08  2.18337347e-06  3.39975000e-08  6.95949873e-07 
 3.39985000e-08  1.04882404e+00  3.39985000e-08  1.78795210e-06  3.39985000e-08 -2.12339513e-07 
 3.39995000e-08  1.08663421e+00  3.39995000e-08  2.03255939e-06  3.39995000e-08  7.52301926e-07 
 3.40005000e-08  1.12414334e+00  3.40005000e-08  1.67093452e-06  3.40005000e-08 -1.14470056e-07 
 3.41795000e-08  1.94989718e+00  3.41795000e-08  8.47500255e-01  3.41795000e-08 -7.55073610e-05 
 3.41805000e-08  1.94989903e+00  3.41805000e-08  9.09380761e-01  3.41805000e-08 -1.05286293e-04 
 3.41815000e-08  1.94990143e+00  3.41815000e-08  9.70479358e-01  3.41815000e-08 -1.23486407e-04 
 3.41825000e-08  1.94990309e+00  3.41825000e-08  1.03076281e+00  3.41825000e-08 -1.35775810e-04 
 3.41835000e-08  1.94990530e+00  3.41835000e-08  1.09024736e+00  3.41835000e-08 -1.44297656e-04 
 3.41845000e-08  1.94990678e+00  3.41845000e-08  1.14908574e+00  3.41845000e-08 -1.59242569e-04 
 3.43005000e-08  1.94996301e+00  3.43005000e-08  1.94992292e+00  3.43005000e-08  8.90038403e-01 
 3.43015000e-08  1.94996326e+00  3.43015000e-08  1.94993066e+00  3.43015000e-08  9.50437312e-01 
 3.43025000e-08  1.94996333e+00  3.43025000e-08  1.94993613e+00  3.43025000e-08  1.01013155e+00 
 3.43035000e-08  1.94996358e+00  3.43035000e-08  1.94994253e+00  3.43035000e-08  1.07197427e+00 
 3.43045000e-08  1.94996365e+00  3.43045000e-08  1.94994722e+00  3.43045000e-08  1.13977697e+00 
 3.43055000e-08  1.94996389e+00  3.43055000e-08  1.94994351e+00  3.43055000e-08  1.21321727e+00 
 3.45315000e-08  1.14645413e+00  3.45315000e-08  1.94999914e+00  3.45315000e-08  1.94999518e+00 
 3.45325000e-08  1.09363965e+00  3.45325000e-08  1.94999899e+00  3.45325000e-08  1.94999222e+00 
 3.45335000e-08  1.04106685e+00  3.45335000e-08  1.94999914e+00  3.45335000e-08  1.94999732e+00 
 3.45345000e-08  9.88644005e-01  3.45345000e-08  1.94999898e+00  3.45345000e-08  1.94999248e+00 
 3.45355000e-08  9.36331313e-01  3.45355000e-08  1.94999913e+00  3.45355000e-08  1.94999599e+00 
 3.45365000e-08  8.84030110e-01  3.45365000e-08  1.94999897e+00  3.45365000e-08  1.94999303e+00 
 3.48295000e-08  3.54580303e-04  3.48295000e-08  1.16485892e+00  3.48295000e-08  1.94994495e+00 
 3.48305000e-08  3.47123639e-04  3.48305000e-08  1.11304695e+00  3.48305000e-08  1.94994004e+00 
 3.48315000e-08  3.39792390e-04  3.48315000e-08  1.06046647e+00  3.48315000e-08  1.94993912e+00 
 3.48325000e-08  3.32663501e-04  3.48325000e-08  1.00710260e+00  3.48325000e-08  1.94994260e+00 
 3.48335000e-08  3.25649180e-04  3.48335000e-08  9.52973048e-01  3.48335000e-08  1.94995264e+00 
 3.48345000e-08  3.18830605e-04  3.48345000e-08  8.98074523e-01  3.48345000e-08  1.94996855e+00 
 3.51175000e-08  9.34602199e-01  3.51175000e-08  1.36455076e-06  3.51175000e-08  1.94999769e+00 
 3.51185000e-08  9.71563376e-01  3.51185000e-08  1.15130799e-06  3.51185000e-08  1.94999799e+00 
 3.51195000e-08  1.00902659e+00  3.51195000e-08  1.29712937e-06  3.51195000e-08  1.94999779e+00 
 3.51205000e-08  1.04686933e+00  3.51205000e-08  1.05361111e-06  3.51205000e-08  1.94999808e+00 
 3.51215000e-08  1.08469072e+00  3.51215000e-08  1.18643424e-06  3.51215000e-08  1.94999789e+00 
 3.51225000e-08  1.12221672e+00  3.51225000e-08  9.73339319e-07  3.51225000e-08  1.94999817e+00 
 3.53015000e-08  1.94989712e+00  3.53015000e-08  8.45499038e-01  3.53015000e-08  1.94994512e+00 
 3.53025000e-08  1.94989888e+00  3.53025000e-08  9.07304012e-01  3.53025000e-08  1.94985373e+00 
 3.53035000e-08  1.94990138e+00  3.53035000e-08  9.68236793e-01  3.53035000e-08  1.94974645e+00 
 3.53045000e-08  1.94990293e+00  3.53045000e-08  1.02826382e+00  3.53045000e-08  1.94963674e+00 
 3.53055000e-08  1.94990525e+00  3.53055000e-08  1.08740454e+00  3.53055000e-08  1.94954132e+00 
 3.53065000e-08  1.94990664e+00  3.53065000e-08  1.14584804e+00  3.53065000e-08  1.94943532e+00 
 3.54365000e-08  1.94996514e+00  3.54365000e-08  1.94996301e+00  3.54365000e-08  1.18056020e+00 
 3.54375000e-08  1.94996539e+00  3.54375000e-08  1.94999098e+00  3.54375000e-08  1.12302667e+00 
 3.54385000e-08  1.94996544e+00  3.54385000e-08  1.95001689e+00  3.54385000e-08  1.06534571e+00 
 3.54395000e-08  1.94996568e+00  3.54395000e-08  1.95004332e+00  3.54395000e-08  1.00733656e+00 
 3.54405000e-08  1.94996572e+00  3.54405000e-08  1.95006161e+00  3.54405000e-08  9.48862012e-01 
 3.54415000e-08  1.94996595e+00  3.54415000e-08  1.95007749e+00  3.54415000e-08  8.89783030e-01 
 3.56535000e-08  1.14855036e+00  3.56535000e-08  1.94999912e+00  3.56535000e-08  2.43170593e-05 
 3.56545000e-08  1.09572792e+00  3.56545000e-08  1.94999886e+00  3.56545000e-08  2.05495427e-05 
 3.56555000e-08  1.04314680e+00  3.56555000e-08  1.94999912e+00  3.56555000e-08  2.27397920e-05 
 3.56565000e-08  9.90720129e-01  3.56565000e-08  1.94999886e+00  3.56565000e-08  1.93178432e-05 
 3.56575000e-08  9.38404702e-01  3.56575000e-08  1.94999911e+00  3.56575000e-08  2.15477491e-05 
 3.56585000e-08  8.86104833e-01  3.56585000e-08  1.94999885e+00  3.56585000e-08  1.79246022e-05 
 3.59515000e-08  3.54909707e-04  3.59515000e-08  1.16718991e+00  3.59515000e-08 -2.41756368e-06 
 3.59525000e-08  3.47444053e-04  3.59525000e-08  1.11541237e+00  3.59525000e-08 -2.58202429e-06 
 3.59535000e-08  3.40107509e-04  3.59535000e-08  1.06286463e+00  3.59535000e-08 -3.54871512e-07 
 3.59545000e-08  3.32969723e-04  3.59545000e-08  1.00953523e+00  3.59545000e-08  7.04489575e-07 
 3.59555000e-08  3.25950551e-04  3.59555000e-08  9.55438682e-01  3.59555000e-08  3.60867062e-06 
 3.59565000e-08  3.19123397e-04  3.59565000e-08  9.00574469e-01  3.59565000e-08  5.42570639e-06 
 3.62395000e-08  9.33999015e-01  3.62395000e-08  2.28114595e-06  3.62395000e-08  7.12379658e-07 
 3.62405000e-08  9.70954010e-01  3.62405000e-08  1.95096531e-06  3.62405000e-08 -7.77856057e-08 
 3.62415000e-08  1.00840858e+00  3.62415000e-08  2.16996850e-06  3.62415000e-08  6.42890975e-07 
 3.62425000e-08  1.04624830e+00  3.62425000e-08  1.81201476e-06  3.62425000e-08 -1.81103043e-07 
 3.62435000e-08  1.08407279e+00  3.62435000e-08  2.01857381e-06  3.62435000e-08  6.76684823e-07 
 3.62445000e-08  1.12160486e+00  3.62445000e-08  1.69224183e-06  3.62445000e-08 -1.00929346e-07 
 3.64235000e-08  1.94989710e+00  3.64235000e-08  8.43274483e-01  3.64235000e-08 -7.31561027e-05 
 3.64245000e-08  1.94989883e+00  3.64245000e-08  9.05207408e-01  3.64245000e-08 -1.03458823e-04 
 3.64255000e-08  1.94990137e+00  3.64255000e-08  9.66359101e-01  3.64255000e-08 -1.22048551e-04 
 3.64265000e-08  1.94990288e+00  3.64265000e-08  1.02669741e+00  3.64265000e-08 -1.35298518e-04 
 3.64275000e-08  1.94990524e+00  3.64275000e-08  1.08623186e+00  3.64275000e-08 -1.43278135e-04 
 3.64285000e-08  1.94990659e+00  3.64285000e-08  1.14510801e+00  3.64285000e-08 -1.58464488e-04 
 3.65445000e-08  1.94996297e+00  3.65445000e-08  1.94992267e+00  3.65445000e-08  8.85880424e-01 
 3.65455000e-08  1.94996327e+00  3.65455000e-08  1.94993003e+00  3.65455000e-08  9.46363576e-01 
 3.65465000e-08  1.94996330e+00  3.65465000e-08  1.94993587e+00  3.65465000e-08  1.00605516e+00 
 3.65475000e-08  1.94996359e+00  3.65475000e-08  1.94994162e+00  3.65475000e-08  1.06765423e+00 
 3.65485000e-08  1.94996362e+00  3.65485000e-08  1.94994795e+00  3.65485000e-08  1.13484993e+00 
 3.65495000e-08  1.94996390e+00  3.65495000e-08  1.94994324e+00  3.65495000e-08  1.20825329e+00 
 3.67755000e-08  1.14980752e+00  3.67755000e-08  1.94999914e+00  3.67755000e-08  1.94999488e+00 
 3.67765000e-08  1.09697927e+00  3.67765000e-08  1.94999899e+00  3.67765000e-08  1.94999125e+00 
 3.67775000e-08  1.04439212e+00  3.67775000e-08  1.94999914e+00  3.67775000e-08  1.94999721e+00 
 3.67785000e-08  9.91962199e-01  3.67785000e-08  1.94999898e+00  3.67785000e-08  1.94999145e+00 
 3.67795000e-08  9.39644234e-01  3.67795000e-08  1.94999913e+00  3.67795000e-08  1.94999565e+00 
 3.67805000e-08  8.87344373e-01  3.67805000e-08  1.94999898e+00  3.67805000e-08  1.94999205e+00 
 3.70735000e-08  3.55065821e-04  3.70735000e-08  1.16822794e+00  3.70735000e-08  1.94994534e+00 
 3.70745000e-08  3.47595209e-04  3.70745000e-08  1.11646820e+00  3.70745000e-08  1.94994024e+00 
 3.70755000e-08  3.40255348e-04  3.70755000e-08  1.06393743e+00  3.70755000e-08  1.94993908e+00 
 3.70765000e-08  3.33111989e-04  3.70765000e-08  1.01062558e+00  3.70765000e-08  1.94994216e+00 
 3.70775000e-08  3.26092791e-04  3.70775000e-08  9.56545390e-01  3.70775000e-08  1.94995182e+00 
 3.70785000e-08  3.19261785e-04  3.70785000e-08  9.01697499e-01  3.70785000e-08  1.94996727e+00 
 3.73615000e-08  9.32252524e-01  3.73615000e-08  1.34594586e-06  3.73615000e-08  1.94999769e+00 
 3.73625000e-08  9.69190211e-01  3.73625000e-08  1.17285873e-06  3.73625000e-08  1.94999797e+00 
 3.73635000e-08  1.00661948e+00  3.73635000e-08  1.28103605e-06  3.73635000e-08  1.94999780e+00 
 3.73645000e-08  1.04444978e+00  3.73645000e-08  1.07666881e-06  3.73645000e-08  1.94999807e+00 
 3.73655000e-08  1.08228280e+00  3.73655000e-08  1.17014168e-06  3.73655000e-08  1.94999790e+00 
 3.73665000e-08  1.11983231e+00  3.73665000e-08  9.93509044e-07  3.73665000e-08  1.94999816e+00 
 3.75465000e-08  1.94989872e+00  3.75465000e-08  9.03445977e-01  3.75465000e-08  1.94985985e+00 
 3.75475000e-08  1.94990129e+00  3.75475000e-08  9.64436948e-01  3.75475000e-08  1.94975339e+00 
 3.75485000e-08  1.94990281e+00  3.75485000e-08  1.02452411e+00  3.75485000e-08  1.94964350e+00 
 3.75495000e-08  1.94990517e+00  3.75495000e-08  1.08371657e+00  3.75495000e-08  1.94954741e+00 
 3.75505000e-08  1.94990651e+00  3.75505000e-08  1.14219492e+00  3.75505000e-08  1.94944232e+00 
 3.75515000e-08  1.94990869e+00  3.75515000e-08  1.20041506e+00  3.75515000e-08  1.94931950e+00 
 3.76805000e-08  1.94996512e+00  3.76805000e-08  1.94996139e+00  3.76805000e-08  1.18412700e+00 
 3.76815000e-08  1.94996539e+00  3.76815000e-08  1.94998933e+00  3.76815000e-08  1.12659557e+00 
 3.76825000e-08  1.94996542e+00  3.76825000e-08  1.95001520e+00  3.76825000e-08  1.06893187e+00 
 3.76835000e-08  1.94996567e+00  3.76835000e-08  1.95004187e+00  3.76835000e-08  1.01094489e+00 
 3.76845000e-08  1.94996569e+00  3.76845000e-08  1.95006056e+00  3.76845000e-08  9.52506317e-01 
 3.76855000e-08  1.94996595e+00  3.76855000e-08  1.95007671e+00  3.76855000e-08  8.93465056e-01 
 3.78975000e-08  1.15130216e+00  3.78975000e-08  1.94999912e+00  3.78975000e-08  2.48337968e-05 
 3.78985000e-08  1.09846825e+00  3.78985000e-08  1.94999886e+00  3.78985000e-08  2.00292699e-05 
 3.78995000e-08  1.04587516e+00  3.78995000e-08  1.94999912e+00  3.78995000e-08  2.32525486e-05 
 3.79005000e-08  9.93442495e-01  3.79005000e-08  1.94999886e+00  3.79005000e-08  1.86749181e-05 
 3.79015000e-08  9.41122554e-01  3.79015000e-08  1.94999911e+00  3.79015000e-08  2.19298253e-05 
 3.79025000e-08  8.88823554e-01  3.79025000e-08  1.94999885e+00  3.79025000e-08  1.75809508e-05 
 3.81955000e-08  3.55299984e-04  3.81955000e-08  1.16979153e+00  3.81955000e-08 -2.39291280e-06 
 3.81965000e-08  3.47822754e-04  3.81965000e-08  1.11805435e+00  3.81965000e-08 -2.67456480e-06 
 3.81975000e-08  3.40479399e-04  3.81975000e-08  1.06554500e+00  3.81975000e-08 -3.98921304e-07 
 3.81985000e-08  3.33329559e-04  3.81985000e-08  1.01225579e+00  3.81985000e-08  5.68147890e-07 
 3.81995000e-08  3.26307021e-04  3.81995000e-08  9.58197361e-01  3.81995000e-08  3.52468026e-06 
 3.82005000e-08  3.19469847e-04  3.82005000e-08  9.03372266e-01  3.82005000e-08  5.25944024e-06 
 3.84835000e-08  9.32089188e-01  3.84835000e-08  2.26975458e-06  3.84835000e-08  6.70104836e-07 
 3.84845000e-08  9.69025303e-01  3.84845000e-08  1.96681313e-06  3.84845000e-08 -5.35094136e-08 
 3.84855000e-08  1.00645217e+00  3.84855000e-08  2.16061752e-06  3.84855000e-08  6.05056436e-07 
 3.84865000e-08  1.04428154e+00  3.84865000e-08  1.82920561e-06  3.84865000e-08 -1.50217326e-07 
 3.84875000e-08  1.08211531e+00  3.84875000e-08  2.00886191e-06  3.84875000e-08  6.36868576e-07 
 3.84885000e-08  1.11966642e+00  3.84885000e-08  1.70702583e-06  3.84885000e-08 -7.68541573e-08 
 3.86685000e-08  1.94989870e+00  3.86685000e-08  9.02081738e-01  3.86685000e-08 -1.02214844e-04 
 3.86695000e-08  1.94990128e+00  3.86695000e-08  9.63276495e-01  3.86695000e-08 -1.21293651e-04 
 3.86705000e-08  1.94990280e+00  3.86705000e-08  1.02365848e+00  3.86705000e-08 -1.34908119e-04 
 3.86715000e-08  1.94990516e+00  3.86715000e-08  1.08323155e+00  3.86715000e-08 -1.42608883e-04 
 3.86725000e-08  1.94990650e+00  3.86725000e-08  1.14214325e+00  3.86725000e-08 -1.57972944e-04 
 3.86735000e-08  1.94990868e+00  3.86735000e-08  1.20065200e+00  3.86735000e-08 -1.72698153e-04 
 3.87885000e-08  1.94996296e+00  3.87885000e-08  1.94992242e+00  3.87885000e-08  8.82790216e-01 
 3.87895000e-08  1.94996326e+00  3.87895000e-08  1.94992962e+00  3.87895000e-08  9.43340254e-01 
 3.87905000e-08  1.94996329e+00  3.87905000e-08  1.94993562e+00  3.87905000e-08  1.00303832e+00 
 3.87915000e-08  1.94996358e+00  3.87915000e-08  1.94994103e+00  3.87915000e-08  1.06446040e+00 
 3.87925000e-08  1.94996361e+00  3.87925000e-08  1.94994838e+00  3.87925000e-08  1.13121960e+00 
 3.87935000e-08  1.94996389e+00  3.87935000e-08  1.94994313e+00  3.87935000e-08  1.20457130e+00 
 3.90195000e-08  1.15214613e+00  3.90195000e-08  1.94999914e+00  3.90195000e-08  1.94999667e+00 
 3.90205000e-08  1.09930802e+00  3.90205000e-08  1.94999899e+00  3.90205000e-08  1.94999205e+00 
 3.90215000e-08  1.04671060e+00  3.90215000e-08  1.94999914e+00  3.90215000e-08  1.94999836e+00 
 3.90225000e-08  9.94275495e-01  3.90225000e-08  1.94999899e+00  3.90225000e-08  1.94999200e+00 
 3.90235000e-08  9.41953650e-01  3.90235000e-08  1.94999913e+00  3.90235000e-08  1.94999658e+00 
 3.90245000e-08  8.89654447e-01  3.90245000e-08  1.94999898e+00  3.90245000e-08  1.94999230e+00 
 3.92825000e-08  7.53517961e-04  3.92825000e-08  2.00598840e+00  3.92825000e-08  1.94999841e+00 
 3.93175000e-08  3.55400550e-04  3.93175000e-08  1.17044315e+00  3.93175000e-08  1.94994560e+00 
 3.93185000e-08  3.47920538e-04  3.93185000e-08  1.11871776e+00  3.93185000e-08  1.94994039e+00 
 3.93195000e-08  3.40576325e-04  3.93195000e-08  1.06621971e+00  3.93195000e-08  1.94993906e+00 
 3.93205000e-08  3.33422725e-04  3.93205000e-08  1.01294207e+00  3.93205000e-08  1.94994189e+00 
 3.93215000e-08  3.26399033e-04  3.93215000e-08  9.58894379e-01  3.93215000e-08  1.94995130e+00 
 3.93225000e-08  3.19559215e-04  3.93225000e-08  9.04079819e-01  3.93225000e-08  1.94996645e+00 
 3.96055000e-08  9.30980243e-01  3.96055000e-08  1.33459798e-06  3.96055000e-08  1.94999770e+00 
 3.96065000e-08  9.67906063e-01  3.96065000e-08  1.18612268e-06  3.96065000e-08  1.94999797e+00 
 3.96075000e-08  1.00531668e+00  3.96075000e-08  1.27108084e-06  3.96075000e-08  1.94999780e+00 
 3.96085000e-08  1.04313961e+00  3.96085000e-08  1.09075794e-06  3.96085000e-08  1.94999806e+00 
 3.96095000e-08  1.08097836e+00  3.96095000e-08  1.16010858e-06  3.96095000e-08  1.94999790e+00 
 3.96105000e-08  1.11854046e+00  3.96105000e-08  1.00595260e-06  3.96105000e-08  1.94999816e+00 
 3.97905000e-08  1.94989864e+00  3.97905000e-08  9.01338351e-01  3.97905000e-08  1.94986322e+00 
 3.97915000e-08  1.94990120e+00  3.97915000e-08  9.62356159e-01  3.97915000e-08  1.94975726e+00 
 3.97925000e-08  1.94990274e+00  3.97925000e-08  1.02247217e+00  3.97925000e-08  1.94964722e+00 
 3.97935000e-08  1.94990508e+00  3.97935000e-08  1.08168871e+00  3.97935000e-08  1.94955070e+00 
 3.97945000e-08  1.94990643e+00  3.97945000e-08  1.14019098e+00  3.97945000e-08  1.94944603e+00 
 3.97955000e-08  1.94990861e+00  3.97955000e-08  1.19838969e+00  3.97955000e-08  1.94932426e+00 
 3.99245000e-08  1.94996512e+00  3.99245000e-08  1.94996051e+00  3.99245000e-08  1.18612809e+00 
 3.99255000e-08  1.94996538e+00  3.99255000e-08  1.94998837e+00  3.99255000e-08  1.12859776e+00 
 3.99265000e-08  1.94996541e+00  3.99265000e-08  1.95001426e+00  3.99265000e-08  1.07094367e+00 
 3.99275000e-08  1.94996566e+00  3.99275000e-08  1.95004101e+00  3.99275000e-08  1.01296899e+00 
 3.99285000e-08  1.94996569e+00  3.99285000e-08  1.95005999e+00  3.99285000e-08  9.54550576e-01 
 3.99295000e-08  1.94996595e+00  3.99295000e-08  1.95007623e+00  3.99295000e-08  8.95530468e-01 
 4.01415000e-08  1.15347154e+00  4.01415000e-08  1.94999911e+00  4.01415000e-08  2.51650279e-05 
 4.01425000e-08  1.10062855e+00  4.01425000e-08  1.94999887e+00  4.01425000e-08  2.00286248e-05 
 4.01435000e-08  1.04802591e+00  4.01435000e-08  1.94999911e+00  4.01435000e-08  2.39335161e-05 
 4.01445000e-08  9.95588351e-01  4.01445000e-08  1.94999887e+00  4.01445000e-08  1.85029028e-05 
 4.01455000e-08  9.43264713e-01  4.01455000e-08  1.94999910e+00  4.01455000e-08  2.23511895e-05 
 4.01465000e-08  8.90966344e-01  4.01465000e-08  1.94999886e+00  4.01465000e-08  1.74021238e-05 
 4.04395000e-08  3.55605403e-04  4.04395000e-08  1.17181261e+00  4.04395000e-08 -2.37938666e-06 
 4.04405000e-08  3.48118866e-04  4.04405000e-08  1.12010677e+00  4.04405000e-08 -2.73878076e-06 
 4.04415000e-08  3.40771604e-04  4.04415000e-08  1.06762727e+00  4.04415000e-08 -4.38456259e-07 
 4.04425000e-08  3.33612684e-04  4.04425000e-08  1.01436928e+00  4.04425000e-08  4.68464785e-07 
 4.04435000e-08  3.26586435e-04  4.04435000e-08  9.60340499e-01  4.04435000e-08  3.45446542e-06 
 4.04445000e-08  3.19740560e-04  4.04445000e-08  9.05545815e-01  4.04445000e-08  5.13574923e-06 
 4.07275000e-08  9.30575436e-01  4.07275000e-08  2.26063003e-06  4.07275000e-08  6.39241100e-07 
 4.07285000e-08  9.67497604e-01  4.07285000e-08  1.97925875e-06  4.07285000e-08 -3.11498779e-08 
 4.07295000e-08  1.00490223e+00  4.07295000e-08  2.15312895e-06  4.07295000e-08  5.77049712e-07 
 4.07305000e-08  1.04272273e+00  4.07305000e-08  1.84277177e-06  4.07305000e-08 -1.23934321e-07 
 4.07315000e-08  1.08056319e+00  4.07315000e-08  2.00110822e-06  4.07315000e-08  6.07289701e-07 
 4.07325000e-08  1.11812928e+00  4.07325000e-08  1.71864357e-06  4.07325000e-08 -5.61767768e-08 
 4.09125000e-08  1.94989862e+00  4.09125000e-08  8.99700213e-01  4.09125000e-08 -1.01160692e-04 
 4.09135000e-08  1.94990118e+00  4.09135000e-08  9.60926201e-01  4.09135000e-08 -1.20718910e-04 
 4.09145000e-08  1.94990272e+00  4.09145000e-08  1.02134239e+00  4.09145000e-08 -1.34649093e-04 
 4.09155000e-08  1.94990507e+00  4.09155000e-08  1.08094397e+00  4.09155000e-08 -1.42057455e-04 
 4.09165000e-08  1.94990642e+00  4.09165000e-08  1.13986584e+00  4.09165000e-08 -1.57269340e-04 
 4.09175000e-08  1.94990859e+00  4.09175000e-08  1.19837393e+00  4.09175000e-08 -1.71871844e-04 
 4.10325000e-08  1.94996295e+00  4.10325000e-08  1.94992222e+00  4.10325000e-08  8.80354312e-01 
 4.10335000e-08  1.94996325e+00  4.10335000e-08  1.94992931e+00  4.10335000e-08  9.40957754e-01 
 4.10345000e-08  1.94996328e+00  4.10345000e-08  1.94993542e+00  4.10345000e-08  1.00066411e+00 
 4.10355000e-08  1.94996357e+00  4.10355000e-08  1.94994089e+00  4.10355000e-08  1.06189334e+00 
 4.10365000e-08  1.94996360e+00  4.10365000e-08  1.94994826e+00  4.10365000e-08  1.12838903e+00 
 4.10375000e-08  1.94996389e+00  4.10375000e-08  1.94994308e+00  4.10375000e-08  1.20165002e+00 
 4.12635000e-08  1.15478218e+00  4.12635000e-08  1.94999913e+00  4.12635000e-08  1.94999734e+00 
 4.12645000e-08  1.10193317e+00  4.12645000e-08  1.94999900e+00  4.12645000e-08  1.94999132e+00 
 4.12655000e-08  1.04932420e+00  4.12655000e-08  1.94999913e+00  4.12655000e-08  1.94999574e+00 
 4.12665000e-08  9.96883156e-01  4.12665000e-08  1.94999900e+00  4.12665000e-08  1.94998983e+00 
 4.12675000e-08  9.44556789e-01  4.12675000e-08  1.94999912e+00  4.12675000e-08  1.94999408e+00 
 4.12685000e-08  8.92258346e-01  4.12685000e-08  1.94999899e+00  4.12685000e-08  1.94999063e+00 
 4.15615000e-08  3.55772836e-04  4.15615000e-08  1.17290288e+00  4.15615000e-08  1.94994585e+00 
 4.15625000e-08  3.48281186e-04  4.15625000e-08  1.12121567e+00  4.15625000e-08  1.94994059e+00 
 4.15635000e-08  3.40932221e-04  4.15635000e-08  1.06875395e+00  4.15635000e-08  1.94993901e+00 
 4.15645000e-08  3.33767683e-04  4.15645000e-08  1.01551435e+00  4.15645000e-08  1.94994164e+00 
 4.15655000e-08  3.26739588e-04  4.15655000e-08  9.61502776e-01  4.15655000e-08  1.94995069e+00 
 4.15665000e-08  3.19888949e-04  4.15665000e-08  9.06725294e-01  4.15665000e-08  1.94996559e+00 
 4.18495000e-08  9.28604569e-01  4.18495000e-08  1.32180268e-06  4.18495000e-08  1.94999770e+00 
 4.18505000e-08  9.65507930e-01  4.18505000e-08  1.20109835e-06  4.18505000e-08  1.94999796e+00 
 4.18515000e-08  1.00288271e+00  4.18515000e-08  1.26074045e-06  4.18515000e-08  1.94999780e+00 
 4.18525000e-08  1.04069200e+00  4.18525000e-08  1.10744960e-06  4.18525000e-08  1.94999806e+00 
 4.18535000e-08  1.07854099e+00  4.18535000e-08  1.14960048e-06  4.18535000e-08  1.94999790e+00 
 4.18545000e-08  1.11612643e+00  4.18545000e-08  1.01982531e-06  4.18545000e-08  1.94999815e+00 
 4.20000000e-08  1.94973383e+00  4.20000000e-08 -1.92317687e-02  4.20000000e-08  1.94999881e+00 
