 time            v(b_out)        time            v(u_puf_u_core_sel_ro) time            v(q)           
 0.00000000e+00  4.68653885e-09  0.00000000e+00  2.46749750e-09  0.00000000e+00  2.46749746e-09 
 2.57750000e-09  9.09982700e-01  2.57750000e-09  2.96553349e-09  2.57750000e-09  2.46768878e-09 
 2.57850000e-09  9.51170538e-01  2.57850000e-09  2.96711172e-09  2.57850000e-09  2.46768961e-09 
 2.57950000e-09  9.91833712e-01  2.57950000e-09  2.96819286e-09  2.57950000e-09  2.46768561e-09 
 2.58050000e-09  1.03201217e+00  2.58050000e-09  2.96808439e-09  2.58050000e-09  2.46768495e-09 
 2.58150000e-09  1.07177172e+00  2.58150000e-09  2.96722058e-09  2.58150000e-09  2.46768250e-09 
 2.58250000e-09  1.11121118e+00  2.58250000e-09  2.96595098e-09  2.58250000e-09  2.46768317e-09 
 2.83450000e-09  1.94994849e+00  2.83450000e-09  8.82186868e-01  2.83450000e-09 -9.24110298e-05 
 2.83550000e-09  1.94994901e+00  2.83550000e-09  9.43714685e-01  2.83550000e-09 -1.15774831e-04 
 2.83650000e-09  1.94994912e+00  2.83650000e-09  1.00441035e+00  2.83650000e-09 -1.30536913e-04 
 2.83750000e-09  1.94994963e+00  2.83750000e-09  1.06426799e+00  2.83750000e-09 -1.38661741e-04 
 2.83850000e-09  1.94994974e+00  2.83850000e-09  1.12338051e+00  2.83850000e-09 -1.52040510e-04 
 2.83950000e-09  1.94995023e+00  2.83950000e-09  1.18198069e+00  2.83950000e-09 -1.66395994e-04 
 2.95450000e-09  1.94996992e+00  2.95450000e-09  1.94991605e+00  2.95450000e-09  8.51467827e-01 
 2.95550000e-09  1.94997002e+00  2.95550000e-09  1.94992225e+00  2.95550000e-09  9.12699846e-01 
 2.95650000e-09  1.94997001e+00  2.95650000e-09  1.94992942e+00  2.95650000e-09  9.72597169e-01 
 2.95750000e-09  1.94997025e+00  2.95750000e-09  1.94993587e+00  2.95750000e-09  1.03241875e+00 
 2.95850000e-09  1.94997045e+00  2.95850000e-09  1.94994324e+00  2.95850000e-09  1.09578153e+00 
 2.95950000e-09  1.94997077e+00  2.95950000e-09  1.94994248e+00  2.95950000e-09  1.16660457e+00 
 3.11350000e-09  1.18663472e+00  3.11350000e-09  1.94999828e+00  3.11350000e-09  1.94999597e+00 
 3.11450000e-09  1.13436349e+00  3.11450000e-09  1.94999836e+00  3.11450000e-09  1.94999500e+00 
 3.11550000e-09  1.08239548e+00  3.11550000e-09  1.94999832e+00  3.11550000e-09  1.94999628e+00 
 3.11650000e-09  1.03071013e+00  3.11650000e-09  1.94999839e+00  3.11650000e-09  1.94999533e+00 
 3.11750000e-09  9.79202737e-01  3.11750000e-09  1.94999836e+00  3.11750000e-09  1.94999663e+00 
 3.11850000e-09  9.27849609e-01  3.11850000e-09  1.94999843e+00  3.11850000e-09  1.94999572e+00 
 3.51750000e-09  1.27754366e-06  3.51750000e-09  1.26321129e+00  3.51750000e-09  1.94991162e+00 
 3.51850000e-09  1.59586357e-06  3.51850000e-09  1.18434328e+00  3.51850000e-09  1.94989455e+00 
 3.51950000e-09  1.72313202e-06  3.51950000e-09  1.10432058e+00  3.51950000e-09  1.94987821e+00 
 3.52050000e-09  1.74778452e-06  3.52050000e-09  1.02314050e+00  3.52050000e-09  1.94986944e+00 
 3.52150000e-09  1.70826727e-06  3.52150000e-09  9.40994714e-01  3.52150000e-09  1.94987224e+00 
 3.52250000e-09  1.10204225e-06  3.52250000e-09  8.57917778e-01  3.52250000e-09  1.94989017e+00 
 3.70050000e-09  9.49427124e-01  3.70050000e-09 -9.82947688e-06  3.70050000e-09  1.94996413e+00 
 3.70150000e-09  9.90111864e-01  3.70150000e-09 -9.22392599e-06  3.70150000e-09  1.94996526e+00 
 3.70250000e-09  1.03030992e+00  3.70250000e-09 -9.47022936e-06  3.70250000e-09  1.94996618e+00 
 3.70350000e-09  1.07008557e+00  3.70350000e-09 -8.88009391e-06  3.70350000e-09  1.94996724e+00 
 3.70450000e-09  1.10953633e+00  3.70450000e-09 -9.11576441e-06  3.70450000e-09  1.94996810e+00 
 3.70550000e-09  1.14879296e+00  3.70550000e-09 -8.54082814e-06  3.70550000e-09  1.94996911e+00 
 3.95650000e-09  1.94994851e+00  3.95650000e-09  8.99329052e-01  3.95650000e-09  1.94986554e+00 
 3.95750000e-09  1.94994898e+00  3.95750000e-09  9.60447682e-01  3.95750000e-09  1.94975972e+00 
 3.95850000e-09  1.94994915e+00  3.95850000e-09  1.02063782e+00  3.95850000e-09  1.94964921e+00 
 3.95950000e-09  1.94994960e+00  3.95950000e-09  1.07991142e+00  3.95950000e-09  1.94955239e+00 
 3.96050000e-09  1.94994977e+00  3.96050000e-09  1.13843140e+00  3.96050000e-09  1.94944800e+00 
 3.96150000e-09  1.94995020e+00  3.96150000e-09  1.19663836e+00  3.96150000e-09  1.94932638e+00 
 4.09050000e-09  1.94997160e+00  4.09050000e-09  1.94995997e+00  4.09050000e-09  1.18812883e+00 
 4.09150000e-09  1.94997158e+00  4.09150000e-09  1.94998792e+00  4.09150000e-09  1.13059604e+00 
 4.09250000e-09  1.94997143e+00  4.09250000e-09  1.95001361e+00  4.09250000e-09  1.07294706e+00 
 4.09350000e-09  1.94997143e+00  4.09350000e-09  1.95004054e+00  4.09350000e-09  1.01497977e+00 
 4.09450000e-09  1.94997145e+00  4.09450000e-09  1.95005946e+00  4.09450000e-09  9.56575412e-01 
 4.09550000e-09  1.94997175e+00  4.09550000e-09  1.95007592e+00  4.09550000e-09  8.97570159e-01 
 4.23650000e-09  1.13642249e+00  4.23650000e-09  1.94999822e+00  4.23650000e-09  2.21555361e-04 
 4.23750000e-09  1.08444274e+00  4.23750000e-09  1.94999860e+00  4.23750000e-09  2.23273330e-04 
 4.23850000e-09  1.03274978e+00  4.23850000e-09  1.94999825e+00  4.23850000e-09  2.08063047e-04 
 4.23950000e-09  9.81235935e-01  4.23950000e-09  1.94999862e+00  4.23950000e-09  2.10229848e-04 
 4.24050000e-09  9.29879461e-01  4.24050000e-09  1.94999827e+00  4.24050000e-09  1.94934636e-04 
 4.24150000e-09  8.78606190e-01  4.24150000e-09  1.94999863e+00  4.24150000e-09  1.97254705e-04 
 4.63950000e-09  1.28063434e-06  4.63950000e-09  1.26624303e+00  4.63950000e-09 -6.41760909e-06 
 4.64050000e-09  1.58918462e-06  4.64050000e-09  1.18742484e+00  4.64050000e-09 -8.29338471e-06 
 4.64150000e-09  1.72760045e-06  4.64150000e-09  1.10744000e+00  4.64150000e-09 -6.78535551e-06 
 4.64250000e-09  1.74117634e-06  4.64250000e-09  1.02629978e+00  4.64250000e-09 -4.53969056e-06 
 4.64350000e-09  1.71659543e-06  4.64350000e-09  9.44184350e-01  4.64350000e-09  1.13370841e-06 
 4.64450000e-09  1.10277776e-06  4.64450000e-09  8.61137725e-01  4.64450000e-09  5.63165565e-06 
 4.82250000e-09  9.49079760e-01  4.82250000e-09  3.84859849e-06  4.82250000e-09  2.26242888e-06 
 4.82350000e-09  9.89769374e-01  4.82350000e-09  3.78931059e-06  4.82350000e-09  3.03473391e-06 
 4.82450000e-09  1.02997194e+00  4.82450000e-09  3.44952680e-06  4.82450000e-09  2.12072718e-06 
 4.82550000e-09  1.06975198e+00  4.82550000e-09  3.40572436e-06  4.82550000e-09  2.88812418e-06 
 4.82650000e-09  1.10920623e+00  4.82650000e-09  3.09401496e-06  4.82650000e-09  1.98747997e-06 
 4.82750000e-09  1.14846715e+00  4.82750000e-09  3.06344717e-06  4.82750000e-09  2.74971812e-06 
 5.07850000e-09  1.94994851e+00  5.07850000e-09  8.97752467e-01  5.07850000e-09 -1.00619182e-04 
 5.07950000e-09  1.94994896e+00  5.07950000e-09  9.59075566e-01  5.07950000e-09 -1.20586632e-04 
 5.08050000e-09  1.94994915e+00  5.08050000e-09  1.01956254e+00  5.08050000e-09 -1.34665025e-04 
 5.08150000e-09  1.94994959e+00  5.08150000e-09  1.07922262e+00  5.08150000e-09 -1.42045701e-04 
 5.08250000e-09  1.94994976e+00  5.08250000e-09  1.13818467e+00  5.08250000e-09 -1.57106463e-04 
 5.08350000e-09  1.94995019e+00  5.08350000e-09  1.19672289e+00  5.08350000e-09 -1.71730776e-04 
 5.19850000e-09  1.94996993e+00  5.19850000e-09  1.94992219e+00  5.19850000e-09  8.78629684e-01 
 5.19950000e-09  1.94997000e+00  5.19950000e-09  1.94992942e+00  5.19950000e-09  9.39270994e-01 
 5.20050000e-09  1.94997002e+00  5.20050000e-09  1.94993537e+00  5.20050000e-09  9.98984880e-01 
 5.20150000e-09  1.94997022e+00  5.20150000e-09  1.94994109e+00  5.20150000e-09  1.06008789e+00 
 5.20250000e-09  1.94997045e+00  5.20250000e-09  1.94994826e+00  5.20250000e-09  1.12639337e+00 
 5.20350000e-09  1.94997075e+00  5.20350000e-09  1.94994334e+00  5.20350000e-09  1.19958251e+00 
 5.35850000e-09  1.13649548e+00  5.35850000e-09  1.94999824e+00  5.35850000e-09  1.94997989e+00 
 5.35950000e-09  1.08451450e+00  5.35950000e-09  1.94999843e+00  5.35950000e-09  1.94998944e+00 
 5.36050000e-09  1.03282051e+00  5.36050000e-09  1.94999829e+00  5.36050000e-09  1.94998070e+00 
 5.36150000e-09  9.81305723e-01  5.36150000e-09  1.94999847e+00  5.36150000e-09  1.94999375e+00 
 5.36250000e-09  9.29948533e-01  5.36250000e-09  1.94999832e+00  5.36250000e-09  1.94998052e+00 
 5.36350000e-09  8.78674797e-01  5.36350000e-09  1.94999850e+00  5.36350000e-09  1.94998964e+00 
 5.76150000e-09  1.27109622e-06  5.76150000e-09  1.26636357e+00  5.76150000e-09  1.94991245e+00 
 5.76250000e-09  1.58168647e-06  5.76250000e-09  1.18755084e+00  5.76250000e-09  1.94989509e+00 
 5.76350000e-09  1.72699234e-06  5.76350000e-09  1.10757162e+00  5.76350000e-09  1.94987893e+00 
 5.76450000e-09  1.73580476e-06  5.76450000e-09  1.02643750e+00  5.76450000e-09  1.94986943e+00 
 5.76550000e-09  1.73375778e-06  5.76550000e-09  9.44327732e-01  5.76550000e-09  1.94987202e+00 
 5.76650000e-09  1.12874832e-06  5.76650000e-09  8.61286517e-01  5.76650000e-09  1.94988900e+00 
 5.94450000e-09  9.47962025e-01  5.94450000e-09 -9.86787665e-06  5.94450000e-09  1.94996406e+00 
 5.94550000e-09  9.88664960e-01  5.94550000e-09 -9.19966796e-06  5.94550000e-09  1.94996525e+00 
 5.94650000e-09  1.02887955e+00  5.94650000e-09 -9.50800906e-06  5.94650000e-09  1.94996611e+00 
 5.94750000e-09  1.06866888e+00  5.94750000e-09 -8.85631929e-06  5.94750000e-09  1.94996724e+00 
 5.94850000e-09  1.10812928e+00  5.94850000e-09 -9.15290631e-06  5.94850000e-09  1.94996803e+00 
 5.94950000e-09  1.14739042e+00  5.94950000e-09 -8.51750191e-06  5.94950000e-09  1.94996910e+00 
 6.20050000e-09  1.94994853e+00  6.20050000e-09  8.97056820e-01  6.20050000e-09  1.94986910e+00 
 6.20150000e-09  1.94994895e+00  6.20150000e-09  9.58211032e-01  6.20150000e-09  1.94976383e+00 
 6.20250000e-09  1.94994917e+00  6.20250000e-09  1.01843865e+00  6.20250000e-09  1.94965318e+00 
 6.20350000e-09  1.94994957e+00  6.20350000e-09  1.07774753e+00  6.20350000e-09  1.94955585e+00 
 6.20450000e-09  1.94994977e+00  6.20450000e-09  1.13629958e+00  6.20450000e-09  1.94945197e+00 
 6.20550000e-09  1.94995016e+00  6.20550000e-09  1.19451585e+00  6.20550000e-09  1.94933110e+00 
 6.33450000e-09  1.94997161e+00  6.33450000e-09  1.94995912e+00  6.33450000e-09  1.19008291e+00 
 6.33550000e-09  1.94997157e+00  6.33550000e-09  1.94998695e+00  6.33550000e-09  1.13255110e+00 
 6.33650000e-09  1.94997144e+00  6.33650000e-09  1.95001270e+00  6.33650000e-09  1.07491125e+00 
 6.33750000e-09  1.94997142e+00  6.33750000e-09  1.95003967e+00  6.33750000e-09  1.01695588e+00 
 6.33850000e-09  1.94997145e+00  6.33850000e-09  1.95005891e+00  6.33850000e-09  9.58571156e-01 
 6.33950000e-09  1.94997173e+00  6.33950000e-09  1.95007542e+00  6.33950000e-09  8.99586696e-01 
 6.48050000e-09  1.13820887e+00  6.48050000e-09  1.94999824e+00  6.48050000e-09  2.21732691e-04 
 6.48150000e-09  1.08621810e+00  6.48150000e-09  1.94999858e+00  6.48150000e-09  2.25005666e-04 
 6.48250000e-09  1.03451779e+00  6.48250000e-09  1.94999826e+00  6.48250000e-09  2.07718109e-04 
 6.48350000e-09  9.82997677e-01  6.48350000e-09  1.94999860e+00  6.48350000e-09  2.11126397e-04 
 6.48450000e-09  9.31637833e-01  6.48450000e-09  1.94999828e+00  6.48450000e-09  1.94046021e-04 
 6.48550000e-09  8.80361191e-01  6.48550000e-09  1.94999862e+00  6.48550000e-09  1.97703051e-04 
 6.88350000e-09  1.27414378e-06  6.88350000e-09  1.26907464e+00  6.88350000e-09 -6.33651900e-06 
 6.88450000e-09  1.57688692e-06  6.88450000e-09  1.19030619e+00  6.88450000e-09 -8.29807963e-06 
 6.88550000e-09  1.73184018e-06  6.88550000e-09  1.11036049e+00  6.88550000e-09 -6.82819423e-06 
 6.88650000e-09  1.73104401e-06  6.88650000e-09  1.02926143e+00  6.88650000e-09 -4.70899694e-06 
 6.88750000e-09  1.74369500e-06  6.88750000e-09  9.47178407e-01  6.88750000e-09  9.73818283e-07 
 6.88850000e-09  1.13341147e-06  6.88850000e-09  8.64163753e-01  6.88850000e-09  5.41186507e-06 
 7.06650000e-09  9.47337596e-01  7.06650000e-09  3.83637231e-06  7.06650000e-09  2.22654916e-06 
 7.06750000e-09  9.88048298e-01  7.06750000e-09  3.81521556e-06  7.06750000e-09  3.07573434e-06 
 7.06850000e-09  1.02826995e+00  7.06850000e-09  3.43762199e-06  7.06850000e-09  2.08567051e-06 
 7.06950000e-09  1.06806514e+00  7.06950000e-09  3.43124632e-06  7.06950000e-09  2.92924145e-06 
 7.07050000e-09  1.10752969e+00  7.07050000e-09  3.08016371e-06  7.07050000e-09  1.92560527e-06 
 7.07150000e-09  1.14679281e+00  7.07150000e-09  3.08687920e-06  7.07150000e-09  2.76296191e-06 
 7.32250000e-09  1.94994854e+00  7.32250000e-09  8.94967016e-01  7.32250000e-09 -9.93649313e-05 
 7.32350000e-09  1.94994893e+00  7.32350000e-09  9.56327515e-01  7.32350000e-09 -1.19882891e-04 
 7.32450000e-09  1.94994916e+00  7.32450000e-09  1.01685240e+00  7.32450000e-09 -1.34304241e-04 
 7.32550000e-09  1.94994956e+00  7.32550000e-09  1.07654443e+00  7.32550000e-09 -1.41467943e-04 
 7.32650000e-09  1.94994979e+00  7.32650000e-09  1.13552941e+00  7.32650000e-09 -1.56376036e-04 
 7.32750000e-09  1.94995016e+00  7.32750000e-09  1.19407722e+00  7.32750000e-09 -1.70950919e-04 
 7.44250000e-09  1.94996995e+00  7.44250000e-09  1.94992200e+00  7.44250000e-09  8.75834400e-01 
 7.44350000e-09  1.94996999e+00  7.44350000e-09  1.94992903e+00  7.44350000e-09  9.36539131e-01 
 7.44450000e-09  1.94997002e+00  7.44450000e-09  1.94993516e+00  7.44450000e-09  9.96268470e-01 
 7.44550000e-09  1.94997020e+00  7.44550000e-09  1.94994087e+00  7.44550000e-09  1.05718370e+00 
 7.44650000e-09  1.94997044e+00  7.44650000e-09  1.94994813e+00  7.44650000e-09  1.12317655e+00 
 7.44750000e-09  1.94997073e+00  7.44750000e-09  1.94994329e+00  7.44750000e-09  1.19623386e+00 
 7.60250000e-09  1.13908688e+00  7.60250000e-09  1.94999828e+00  7.60250000e-09  1.94998069e+00 
 7.60350000e-09  1.08708999e+00  7.60350000e-09  1.94999841e+00  7.60350000e-09  1.94998943e+00 
 7.60450000e-09  1.03538531e+00  7.60450000e-09  1.94999831e+00  7.60450000e-09  1.94998139e+00 
 7.60550000e-09  9.83861404e-01  7.60550000e-09  1.94999845e+00  7.60550000e-09  1.94999365e+00 
 7.60650000e-09  9.32499173e-01  7.60650000e-09  1.94999835e+00  7.60650000e-09  1.94998131e+00 
 7.60750000e-09  8.81220416e-01  7.60750000e-09  1.94999848e+00  7.60750000e-09  1.94998965e+00 
 8.00550000e-09  1.26090710e-06  8.00550000e-09  1.27050860e+00  8.00550000e-09  1.94991327e+00 
 8.00650000e-09  1.56329069e-06  8.00650000e-09  1.19176899e+00  8.00650000e-09  1.94989604e+00 
 8.00750000e-09  1.73167195e-06  8.00750000e-09  1.11184738e+00  8.00750000e-09  1.94987964e+00 
 8.00850000e-09  1.72093560e-06  8.00850000e-09  1.03077383e+00  8.00850000e-09  1.94986968e+00 
 8.00950000e-09  1.77109522e-06  8.00950000e-09  9.48711858e-01  8.00950000e-09  1.94987150e+00 
 8.01050000e-09  1.17136854e-06  8.01050000e-09  8.65717836e-01  8.01050000e-09  1.94988773e+00 
 8.18850000e-09  9.45401336e-01  8.18850000e-09 -9.91632895e-06  8.18850000e-09  1.94996406e+00 
 8.18950000e-09  9.86136177e-01  8.18950000e-09 -9.16981653e-06  8.18950000e-09  1.94996514e+00 
 8.19050000e-09  1.02637982e+00  8.19050000e-09 -9.55565165e-06  8.19050000e-09  1.94996611e+00 
 8.19150000e-09  1.06619331e+00  8.19150000e-09 -8.82708071e-06  8.19150000e-09  1.94996713e+00 
 8.19250000e-09  1.10567092e+00  8.19250000e-09 -9.19973855e-06  8.19250000e-09  1.94996804e+00 
 8.19350000e-09  1.14494036e+00  8.19350000e-09 -8.48883572e-06  8.19350000e-09  1.94996900e+00 
 8.44450000e-09  1.94994854e+00  8.44450000e-09  8.93205135e-01  8.44450000e-09  1.94987517e+00 
 8.44550000e-09  1.94994888e+00  8.44550000e-09  9.54414986e-01  8.44550000e-09  1.94977079e+00 
 8.44650000e-09  1.94994918e+00  8.44650000e-09  1.01470089e+00  8.44650000e-09  1.94965993e+00 
 8.44750000e-09  1.94994951e+00  8.44750000e-09  1.07406464e+00  8.44750000e-09  1.94956166e+00 
 8.44850000e-09  1.94994980e+00  8.44850000e-09  1.13265541e+00  8.44850000e-09  1.94945886e+00 
 8.44950000e-09  1.94995011e+00  8.44950000e-09  1.19084847e+00  8.44950000e-09  1.94933959e+00 
 8.57850000e-09  1.94997163e+00  8.57850000e-09  1.94995757e+00  8.57850000e-09  1.19382776e+00 
 8.57950000e-09  1.94997156e+00  8.57950000e-09  1.94998515e+00  8.57950000e-09  1.13629651e+00 
 8.58050000e-09  1.94997146e+00  8.58050000e-09  1.95001101e+00  8.58050000e-09  1.07867228e+00 
 8.58150000e-09  1.94997140e+00  8.58150000e-09  1.95003804e+00  8.58150000e-09  1.02073810e+00 
 8.58250000e-09  1.94997145e+00  8.58250000e-09  1.95005786e+00  8.58250000e-09  9.62388974e-01 
 8.58350000e-09  1.94997169e+00  8.58350000e-09  1.95007448e+00  8.58350000e-09  9.03442692e-01 
 8.72450000e-09  1.14151530e+00  8.72450000e-09  1.94999827e+00  8.72450000e-09  2.22467774e-04 
 8.72550000e-09  1.08950443e+00  8.72550000e-09  1.94999853e+00  8.72550000e-09  2.25204239e-04 
 8.72650000e-09  1.03778997e+00  8.72650000e-09  1.94999830e+00  8.72650000e-09  2.08416662e-04 
 8.72750000e-09  9.86258386e-01  8.72750000e-09  1.94999855e+00  8.72750000e-09  2.11298494e-04 
 8.72850000e-09  9.34891712e-01  8.72850000e-09  1.94999832e+00  8.72850000e-09  1.94727500e-04 
 8.72950000e-09  8.83608893e-01  8.72950000e-09  1.94999857e+00  8.72950000e-09  1.97866662e-04 
 9.12850000e-09  1.55495156e-06  9.12850000e-09  1.19512476e+00  9.12850000e-09 -8.19176617e-06 
 9.12950000e-09  1.73524217e-06  9.12950000e-09  1.11524466e+00  9.12950000e-09 -6.99118683e-06 
 9.13050000e-09  1.71410434e-06  9.13050000e-09  1.03421489e+00  9.13050000e-09 -4.88102163e-06 
 9.13150000e-09  1.78603171e-06  9.13150000e-09  9.52186341e-01  9.13150000e-09  6.19088903e-07 
 9.13250000e-09  1.18425016e-06  9.13250000e-09  8.69225825e-01  9.13250000e-09  5.12913468e-06 
 9.13350000e-09  3.19693898e-07  9.13350000e-09  7.85527269e-01  9.13350000e-09  1.17468816e-05 
 9.31050000e-09  9.44623073e-01  9.31050000e-09  3.82047810e-06  9.31050000e-09  2.20241352e-06 
 9.31150000e-09  9.85367657e-01  9.31150000e-09  3.85630988e-06  9.31150000e-09  3.10871136e-06 
 9.31250000e-09  1.02562019e+00  9.31250000e-09  3.42085787e-06  9.31250000e-09  2.06171085e-06 
 9.31350000e-09  1.06544110e+00  9.31350000e-09  3.47059923e-06  9.31350000e-09  2.96167213e-06 
 9.31450000e-09  1.10492404e+00  9.31450000e-09  3.06316460e-06  9.31450000e-09  1.90172489e-06 
 9.31550000e-09  1.14419613e+00  9.31550000e-09  3.12491518e-06  9.31550000e-09  2.79467182e-06 
 9.56650000e-09  1.94994856e+00  9.56650000e-09  8.90903393e-01  9.56650000e-09 -9.75292344e-05 
 9.56750000e-09  1.94994886e+00  9.56750000e-09  9.52316112e-01  9.56750000e-09 -1.18762072e-04 
 9.56850000e-09  1.94994919e+00  9.56850000e-09  1.01289173e+00  9.56850000e-09 -1.33573370e-04 
 9.56950000e-09  1.94994947e+00  9.56950000e-09  1.07263380e+00  9.56950000e-09 -1.40786889e-04 
 9.57050000e-09  1.94994980e+00  9.57050000e-09  1.13165894e+00  9.57050000e-09 -1.55445768e-04 
 9.57150000e-09  1.94995009e+00  9.57150000e-09  1.19020874e+00  9.57150000e-09 -1.69573789e-04 
 9.68650000e-09  1.94996997e+00  9.68650000e-09  1.94992173e+00  9.68650000e-09  8.71758626e-01 
 9.68750000e-09  1.94996997e+00  9.68750000e-09  1.94992846e+00  9.68750000e-09  9.32558223e-01 
 9.68850000e-09  1.94997004e+00  9.68850000e-09  1.94993486e+00  9.68850000e-09  9.92316364e-01 
 9.68950000e-09  1.94997017e+00  9.68950000e-09  1.94994053e+00  9.68950000e-09  1.05299106e+00 
 9.69050000e-09  1.94997044e+00  9.69050000e-09  1.94994793e+00  9.69050000e-09  1.11852580e+00 
 9.69150000e-09  1.94997070e+00  9.69150000e-09  1.94994329e+00  9.69150000e-09  1.19135450e+00 
 9.84650000e-09  1.14226152e+00  9.84650000e-09  1.94999830e+00  9.84650000e-09  1.94998226e+00 
 9.84750000e-09  1.09024590e+00  9.84750000e-09  1.94999837e+00  9.84750000e-09  1.94998998e+00 
 9.84850000e-09  1.03852693e+00  9.84850000e-09  1.94999835e+00  9.84850000e-09  1.94998291e+00 
 9.84950000e-09  9.86992494e-01  9.84950000e-09  1.94999841e+00  9.84950000e-09  1.94999373e+00 
 9.85050000e-09  9.35623092e-01  9.85050000e-09  1.94999838e+00  9.85050000e-09  1.94998270e+00 
 9.85150000e-09  8.84338871e-01  9.85150000e-09  1.94999844e+00  9.85150000e-09  1.94999006e+00 
 1.02505000e-08  1.55411785e-06  1.02505000e-08  1.19642770e+00  1.02505000e-08  1.94989708e+00 
 1.02515000e-08  1.73855120e-06  1.02515000e-08  1.11656969e+00  1.02515000e-08  1.94988042e+00 
 1.02525000e-08  1.71153851e-06  1.02525000e-08  1.03556331e+00  1.02525000e-08  1.94986999e+00 
 1.02535000e-08  1.79722698e-06  1.02535000e-08  9.53554218e-01  1.02535000e-08  1.94987095e+00 
 1.02545000e-08  1.19751989e-06  1.02545000e-08  8.70612783e-01  1.02545000e-08  1.94988637e+00 
 1.02555000e-08  3.36274439e-07  1.02555000e-08  7.86928126e-01  1.02555000e-08  1.94991735e+00 
 1.04325000e-08  9.44016305e-01  1.04325000e-08 -9.97075594e-06  1.04325000e-08  1.94996405e+00 
 1.04335000e-08  9.84768444e-01  1.04335000e-08 -9.13789198e-06  1.04335000e-08  1.94996503e+00 
 1.04345000e-08  1.02502788e+00  1.04345000e-08 -9.60912274e-06  1.04345000e-08  1.94996610e+00 
 1.04355000e-08  1.06485456e+00  1.04355000e-08 -8.79579170e-06  1.04355000e-08  1.94996702e+00 
 1.04365000e-08  1.10434165e+00  1.04365000e-08 -9.25225633e-06  1.04365000e-08  1.94996803e+00 
 1.04375000e-08  1.14361580e+00  1.04375000e-08 -8.45814035e-06  1.04375000e-08  1.94996890e+00 
 1.06885000e-08  1.94994856e+00  1.06885000e-08  8.91159935e-01  1.06885000e-08  1.94987837e+00 
 1.06895000e-08  1.94994883e+00  1.06895000e-08  9.52400095e-01  1.06895000e-08  1.94977446e+00 
 1.06905000e-08  1.94994919e+00  1.06905000e-08  1.01271688e+00  1.06905000e-08  1.94966353e+00 
 1.06915000e-08  1.94994947e+00  1.06915000e-08  1.07210997e+00  1.06915000e-08  1.94956475e+00 
 1.06925000e-08  1.94994981e+00  1.06925000e-08  1.13072192e+00  1.06925000e-08  1.94946251e+00 
 1.06935000e-08  1.94995007e+00  1.06935000e-08  1.18891726e+00  1.06935000e-08  1.94934388e+00 
 1.08225000e-08  1.94997164e+00  1.08225000e-08  1.94995676e+00  1.08225000e-08  1.19575383e+00 
 1.08235000e-08  1.94997156e+00  1.08235000e-08  1.94998422e+00  1.08235000e-08  1.13822277e+00 
 1.08245000e-08  1.94997147e+00  1.08245000e-08  1.95001013e+00  1.08245000e-08  1.08060645e+00 
 1.08255000e-08  1.94997140e+00  1.08255000e-08  1.95003718e+00  1.08255000e-08  1.02268302e+00 
 1.08265000e-08  1.94997146e+00  1.08265000e-08  1.95005731e+00  1.08265000e-08  9.64352153e-01 
 1.08275000e-08  1.94997167e+00  1.08275000e-08  1.95007398e+00  1.08275000e-08  9.05425508e-01 
 1.09685000e-08  1.14306579e+00  1.09685000e-08  1.94999829e+00  1.09685000e-08  2.22741363e-04 
 1.09695000e-08  1.09104662e+00  1.09695000e-08  1.94999851e+00  1.09695000e-08  2.23913937e-04 
 1.09705000e-08  1.03932428e+00  1.09705000e-08  1.94999832e+00  1.09705000e-08  2.09168663e-04 
 1.09715000e-08  9.87788236e-01  1.09715000e-08  1.94999853e+00  1.09715000e-08  2.10762829e-04 
 1.09725000e-08  9.36417214e-01  1.09725000e-08  1.94999834e+00  1.09725000e-08  1.95989291e-04 
 1.09735000e-08  8.85132303e-01  1.09735000e-08  1.94999855e+00  1.09735000e-08  1.97749791e-04 
 1.13725000e-08  1.54743419e-06  1.13725000e-08  1.19782927e+00  1.13725000e-08 -8.12457506e-06 
 1.13735000e-08  1.73624507e-06  1.13735000e-08  1.11798607e+00  1.13735000e-08 -7.12874939e-06 
 1.13745000e-08  1.70505212e-06  1.13745000e-08  1.03699569e+00  1.13745000e-08 -4.95980642e-06 
 1.13755000e-08  1.79996019e-06  1.13755000e-08  9.54997862e-01  1.13755000e-08  3.82043487e-07 
 1.13765000e-08  1.20008078e-06  1.13765000e-08  8.72068290e-01  1.13765000e-08  4.98436852e-06 
 1.13775000e-08  3.42537616e-07  1.13775000e-08  7.88391070e-01  1.13775000e-08  1.14566916e-05 
 1.15545000e-08  9.43592580e-01  1.15545000e-08  3.79193503e-06  1.15545000e-08  2.18499267e-06 
 1.15555000e-08  9.84350400e-01  1.15555000e-08  3.89775847e-06  1.15555000e-08  3.13037045e-06 
 1.15565000e-08  1.02461471e+00  1.15565000e-08  3.39296250e-06  1.15565000e-08  2.04465868e-06 
 1.15575000e-08  1.06444548e+00  1.15575000e-08  3.51122935e-06  1.15575000e-08  2.98357150e-06 
 1.15585000e-08  1.10393834e+00  1.15585000e-08  3.03432798e-06  1.15585000e-08  1.91081893e-06 
 1.15595000e-08  1.14321692e+00  1.15595000e-08  3.16413191e-06  1.15595000e-08  2.84285895e-06 
 1.18105000e-08  1.94994857e+00  1.18105000e-08  8.89421411e-01  1.18105000e-08 -9.68624379e-05 
 1.18115000e-08  1.94994883e+00  1.18115000e-08  9.50853765e-01  1.18115000e-08 -1.18352031e-04 
 1.18125000e-08  1.94994920e+00  1.18125000e-08  1.01145219e+00  1.18125000e-08 -1.33343836e-04 
 1.18135000e-08  1.94994946e+00  1.18135000e-08  1.07121606e+00  1.18135000e-08 -1.40639486e-04 
 1.18145000e-08  1.94994982e+00  1.18145000e-08  1.13025608e+00  1.18145000e-08 -1.55069620e-04 
 1.18155000e-08  1.94995006e+00  1.18155000e-08  1.18881276e+00  1.18155000e-08 -1.69145013e-04 
 1.19305000e-08  1.94996997e+00  1.19305000e-08  1.94992163e+00  1.19305000e-08  8.70328624e-01 
 1.19315000e-08  1.94996996e+00  1.19315000e-08  1.94992827e+00  1.19315000e-08  9.31161640e-01 
 1.19325000e-08  1.94997004e+00  1.19325000e-08  1.94993474e+00  1.19325000e-08  9.90931168e-01 
 1.19335000e-08  1.94997016e+00  1.19335000e-08  1.94994041e+00  1.19335000e-08  1.05153019e+00 
 1.19345000e-08  1.94997044e+00  1.19345000e-08  1.94994784e+00  1.19345000e-08  1.11690553e+00 
 1.19355000e-08  1.94997069e+00  1.19355000e-08  1.94994330e+00  1.19355000e-08  1.18964274e+00 
 1.20905000e-08  1.14331362e+00  1.20905000e-08  1.94999832e+00  1.20905000e-08  1.94998267e+00 
 1.20915000e-08  1.09129207e+00  1.20915000e-08  1.94999836e+00  1.20915000e-08  1.94998989e+00 
 1.20925000e-08  1.03956755e+00  1.20925000e-08  1.94999835e+00  1.20925000e-08  1.94998324e+00 
 1.20935000e-08  9.88029880e-01  1.20935000e-08  1.94999839e+00  1.20935000e-08  1.94999362e+00 
 1.20945000e-08  9.36657414e-01  1.20945000e-08  1.94999838e+00  1.20945000e-08  1.94998309e+00 
 1.20955000e-08  8.85371645e-01  1.20955000e-08  1.94999843e+00  1.20955000e-08  1.94999007e+00 
 1.24945000e-08  1.53335294e-06  1.24945000e-08  1.19789836e+00  1.24945000e-08  1.94989746e+00 
 1.24955000e-08  1.72779287e-06  1.24955000e-08  1.11806031e+00  1.24955000e-08  1.94988072e+00 
 1.24965000e-08  1.69251498e-06  1.24965000e-08  1.03707538e+00  1.24965000e-08  1.94987013e+00 
 1.24975000e-08  1.81117239e-06  1.24975000e-08  9.55082928e-01  1.24975000e-08  1.94987082e+00 
 1.24985000e-08  1.22156864e-06  1.24985000e-08  8.72158365e-01  1.24985000e-08  1.94988597e+00 
 1.24995000e-08  3.67562691e-07  1.24995000e-08  7.88485295e-01  1.24995000e-08  1.94991663e+00 
 1.26765000e-08  9.42208015e-01  1.26765000e-08 -9.98804205e-06  1.26765000e-08  1.94996405e+00 
 1.26775000e-08  9.82982609e-01  1.26775000e-08 -9.12725488e-06  1.26775000e-08  1.94996500e+00 
 1.26785000e-08  1.02326299e+00  1.26785000e-08 -9.62615250e-06  1.26785000e-08  1.94996610e+00 
 1.26795000e-08  1.06310686e+00  1.26795000e-08 -8.78535638e-06  1.26795000e-08  1.94996699e+00 
 1.26805000e-08  1.10260677e+00  1.26805000e-08 -9.26898492e-06  1.26805000e-08  1.94996803e+00 
 1.26815000e-08  1.14188711e+00  1.26815000e-08 -8.44788162e-06  1.26815000e-08  1.94996887e+00 
 1.29325000e-08  1.94994860e+00  1.29325000e-08  8.88507096e-01  1.29325000e-08  1.94988246e+00 
 1.29335000e-08  1.94994880e+00  1.29335000e-08  9.49787997e-01  1.29335000e-08  1.94977919e+00 
 1.29345000e-08  1.94994922e+00  1.29345000e-08  1.01014476e+00  1.29345000e-08  1.94966820e+00 
 1.29355000e-08  1.94994942e+00  1.29355000e-08  1.06957609e+00  1.29355000e-08  1.94956879e+00 
 1.29365000e-08  1.94994984e+00  1.29365000e-08  1.12821615e+00  1.29365000e-08  1.94946725e+00 
 1.29375000e-08  1.94995003e+00  1.29375000e-08  1.18641610e+00  1.29375000e-08  1.94934942e+00 
 1.30665000e-08  1.94997165e+00  1.30665000e-08  1.94995573e+00  1.30665000e-08  1.19819866e+00 
 1.30675000e-08  1.94997155e+00  1.30675000e-08  1.94998303e+00  1.30675000e-08  1.14066782e+00 
 1.30685000e-08  1.94997148e+00  1.30685000e-08  1.95000900e+00  1.30685000e-08  1.08306137e+00 
 1.30695000e-08  1.94997138e+00  1.30695000e-08  1.95003608e+00  1.30695000e-08  1.02515146e+00 
 1.30705000e-08  1.94997146e+00  1.30705000e-08  1.95005661e+00  1.30705000e-08  9.66843690e-01 
 1.30715000e-08  1.94997165e+00  1.30715000e-08  1.95007334e+00  1.30715000e-08  9.07941953e-01 
 1.32125000e-08  1.14455075e+00  1.32125000e-08  1.94999831e+00  1.32125000e-08  2.23677122e-04 
 1.32135000e-08  1.09252329e+00  1.32135000e-08  1.94999846e+00  1.32135000e-08  2.23378730e-04 
 1.32145000e-08  1.04079319e+00  1.32145000e-08  1.94999834e+00  1.32145000e-08  2.10054336e-04 
 1.32155000e-08  9.89252633e-01  1.32155000e-08  1.94999849e+00  1.32155000e-08  2.10147650e-04 
 1.32165000e-08  9.37877396e-01  1.32165000e-08  1.94999836e+00  1.32165000e-08  1.96854807e-04 
 1.32175000e-08  8.86590407e-01  1.32175000e-08  1.94999851e+00  1.32175000e-08  1.97162166e-04 
 1.36165000e-08  1.52140446e-06  1.36165000e-08  1.19944450e+00  1.36165000e-08 -8.01181529e-06 
 1.36175000e-08  1.72328590e-06  1.36175000e-08  1.11962381e+00  1.36175000e-08 -7.25990286e-06 
 1.36185000e-08  1.68549453e-06  1.36185000e-08  1.03865729e+00  1.36185000e-08 -4.94321246e-06 
 1.36195000e-08  1.80640118e-06  1.36195000e-08  9.56678434e-01  1.36195000e-08  1.92640250e-07 
 1.36205000e-08  1.21173645e-06  1.36205000e-08  8.73767847e-01  1.36205000e-08  4.94645133e-06 
 1.36215000e-08  3.62981841e-07  1.36215000e-08  7.90104012e-01  1.36215000e-08  1.12354956e-05 
 1.37985000e-08  9.42466400e-01  1.37985000e-08  3.77895669e-06  1.37985000e-08  2.19227899e-06 
 1.37995000e-08  9.83237816e-01  1.37995000e-08  3.92223892e-06  1.37995000e-08  3.12857131e-06 
 1.38005000e-08  1.02351519e+00  1.38005000e-08  3.37696240e-06  1.38005000e-08  2.04997259e-06 
 1.38015000e-08  1.06335663e+00  1.38015000e-08  3.53297425e-06  1.38015000e-08  2.97991405e-06 
 1.38025000e-08  1.10285470e+00  1.38025000e-08  3.01871114e-06  1.38025000e-08  1.88966514e-06 
 1.38035000e-08  1.14213418e+00  1.38035000e-08  3.18569240e-06  1.38035000e-08  2.81308799e-06 
 1.40545000e-08  1.94994859e+00  1.40545000e-08  8.87734837e-01  1.40545000e-08 -9.60872792e-05 
 1.40555000e-08  1.94994880e+00  1.40555000e-08  9.49189512e-01  1.40555000e-08 -1.17886194e-04 
 1.40565000e-08  1.94994922e+00  1.40565000e-08  1.00981091e+00  1.40565000e-08 -1.32993837e-04 
 1.40575000e-08  1.94994942e+00  1.40575000e-08  1.06959673e+00  1.40575000e-08 -1.40432855e-04 
 1.40585000e-08  1.94994983e+00  1.40585000e-08  1.12865388e+00  1.40585000e-08 -1.54670840e-04 
 1.40595000e-08  1.94995003e+00  1.40595000e-08  1.18723200e+00  1.40595000e-08 -1.68929873e-04 
 1.41745000e-08  1.94996998e+00  1.41745000e-08  1.94992152e+00  1.41745000e-08  8.68655157e-01 
 1.41755000e-08  1.94996995e+00  1.41755000e-08  1.94992805e+00  1.41755000e-08  9.29528811e-01 
 1.41765000e-08  1.94997005e+00  1.41765000e-08  1.94993461e+00  1.41765000e-08  9.89313658e-01 
 1.41775000e-08  1.94997014e+00  1.41775000e-08  1.94994027e+00  1.41775000e-08  1.04983014e+00 
 1.41785000e-08  1.94997045e+00  1.41785000e-08  1.94994774e+00  1.41785000e-08  1.11502139e+00 
 1.41795000e-08  1.94997068e+00  1.41795000e-08  1.94994334e+00  1.41795000e-08  1.18764483e+00 
 1.43345000e-08  1.14464823e+00  1.43345000e-08  1.94999833e+00  1.43345000e-08  1.94998304e+00 
 1.43355000e-08  1.09261931e+00  1.43355000e-08  1.94999835e+00  1.43355000e-08  1.94998976e+00 
 1.43365000e-08  1.04088787e+00  1.43365000e-08  1.94999836e+00  1.43365000e-08  1.94998361e+00 
 1.43375000e-08  9.89346220e-01  1.43375000e-08  1.94999838e+00  1.43375000e-08  1.94999344e+00 
 1.43385000e-08  9.37969978e-01  1.43385000e-08  1.94999839e+00  1.43385000e-08  1.94998350e+00 
 1.43395000e-08  8.86682359e-01  1.43395000e-08  1.94999842e+00  1.43395000e-08  1.94999000e+00 
 1.47185000e-08  1.30946453e-06  1.47185000e-08  2.06221084e+00  1.47185000e-08  1.94998856e+00 
 1.47385000e-08  1.52676954e-06  1.47385000e-08  1.19972001e+00  1.47385000e-08  1.94989783e+00 
 1.47395000e-08  1.72879532e-06  1.47395000e-08  1.11990709e+00  1.47395000e-08  1.94988102e+00 
 1.47405000e-08  1.68832167e-06  1.47405000e-08  1.03894847e+00  1.47405000e-08  1.94987024e+00 
 1.47415000e-08  1.82293838e-06  1.47415000e-08  9.56976877e-01  1.47415000e-08  1.94987062e+00 
 1.47425000e-08  1.23487735e-06  1.47425000e-08  8.74072981e-01  1.47425000e-08  1.94988544e+00 
 1.47435000e-08  3.86151892e-07  1.47435000e-08  7.90414440e-01  1.47435000e-08  1.94991571e+00 
 1.49205000e-08  9.41520802e-01  1.49205000e-08 -9.99309809e-06  1.49205000e-08  1.94996405e+00 
 1.49215000e-08  9.82303909e-01  1.49215000e-08 -9.13130031e-06  1.49215000e-08  1.94996494e+00 
 1.49225000e-08  1.02259236e+00  1.49225000e-08 -9.63129538e-06  1.49225000e-08  1.94996611e+00 
 1.49235000e-08  1.06244275e+00  1.49235000e-08 -8.78929901e-06  1.49235000e-08  1.94996693e+00 
 1.49245000e-08  1.10194768e+00  1.49245000e-08 -9.27412231e-06  1.49245000e-08  1.94996804e+00 
 1.49255000e-08  1.14123039e+00  1.49255000e-08 -8.45168899e-06  1.49255000e-08  1.94996881e+00 
 1.51765000e-08  1.94994860e+00  1.51765000e-08  8.87501504e-01  1.51765000e-08  1.94988403e+00 
 1.51775000e-08  1.94994877e+00  1.51775000e-08  9.48797215e-01  1.51775000e-08  1.94978101e+00 
 1.51785000e-08  1.94994923e+00  1.51785000e-08  1.00916914e+00  1.51785000e-08  1.94967006e+00 
 1.51795000e-08  1.94994940e+00  1.51795000e-08  1.06861498e+00  1.51795000e-08  1.94957031e+00 
 1.51805000e-08  1.94994984e+00  1.51805000e-08  1.12726577e+00  1.51805000e-08  1.94946906e+00 
 1.51815000e-08  1.94995000e+00  1.51815000e-08  1.18548831e+00  1.51815000e-08  1.94935123e+00 
 1.53105000e-08  1.94997166e+00  1.53105000e-08  1.94995536e+00  1.53105000e-08  1.19909038e+00 
 1.53115000e-08  1.94997154e+00  1.53115000e-08  1.94998259e+00  1.53115000e-08  1.14155957e+00 
 1.53125000e-08  1.94997149e+00  1.53125000e-08  1.95000859e+00  1.53125000e-08  1.08395666e+00 
 1.53135000e-08  1.94997138e+00  1.53135000e-08  1.95003568e+00  1.53135000e-08  1.02605161e+00 
 1.53145000e-08  1.94997147e+00  1.53145000e-08  1.95005635e+00  1.53145000e-08  9.67752219e-01 
 1.53155000e-08  1.94997164e+00  1.53155000e-08  1.95007311e+00  1.53155000e-08  9.08859548e-01 
 1.54565000e-08  1.14579162e+00  1.54565000e-08  1.94999829e+00  1.54565000e-08  2.24302901e-04 
 1.54575000e-08  1.09375728e+00  1.54575000e-08  1.94999843e+00  1.54575000e-08  2.23510996e-04 
 1.54585000e-08  1.04202074e+00  1.54585000e-08  1.94999832e+00  1.54585000e-08  2.10186030e-04 
 1.54595000e-08  9.90476448e-01  1.54595000e-08  1.94999846e+00  1.54595000e-08  2.09732875e-04 
 1.54605000e-08  9.39097699e-01  1.54605000e-08  1.94999835e+00  1.54605000e-08  1.96708178e-04 
 1.54615000e-08  8.87809178e-01  1.54615000e-08  1.94999849e+00  1.54615000e-08  1.96575010e-04 
 1.58605000e-08  1.51917984e-06  1.58605000e-08  1.20161250e+00  1.58605000e-08 -7.97390363e-06 
 1.58615000e-08  1.72869830e-06  1.58615000e-08  1.12182144e+00  1.58615000e-08 -7.29534595e-06 
 1.58625000e-08  1.68715910e-06  1.58625000e-08  1.04088598e+00  1.58625000e-08 -5.02983085e-06 
 1.58635000e-08  1.82731089e-06  1.58635000e-08  9.58931640e-01  1.58635000e-08  6.08591334e-08 
 1.58645000e-08  1.25057772e-06  1.58645000e-08  8.76045066e-01  1.58645000e-08  4.80929908e-06 
 1.58655000e-08  4.07640571e-07  1.58655000e-08  7.92397990e-01  1.58655000e-08  1.10541712e-05 
 1.60425000e-08  9.40618266e-01  1.60425000e-08  3.75656141e-06  1.60425000e-08  2.16825855e-06 
 1.60435000e-08  9.81412543e-01  1.60435000e-08  3.95478450e-06  1.60435000e-08  3.15584946e-06 
 1.60445000e-08  1.02171156e+00  1.60445000e-08  3.35329494e-06  1.60445000e-08  1.99554611e-06 
 1.60455000e-08  1.06157055e+00  1.60455000e-08  3.56429576e-06  1.60455000e-08  2.97695438e-06 
 1.60465000e-08  1.10108207e+00  1.60465000e-08  2.99729577e-06  1.60465000e-08  1.91801756e-06 
 1.60475000e-08  1.14036795e+00  1.60475000e-08  3.21758560e-06  1.60475000e-08  2.89960872e-06 
 1.62985000e-08  1.94994861e+00  1.62985000e-08  8.84974760e-01  1.62985000e-08 -9.48212972e-05 
 1.62995000e-08  1.94994874e+00  1.62995000e-08  9.46465708e-01  1.62995000e-08 -1.17105827e-04 
 1.63005000e-08  1.94994924e+00  1.63005000e-08  1.00712455e+00  1.63005000e-08 -1.32426511e-04 
 1.63015000e-08  1.94994937e+00  1.63015000e-08  1.06694631e+00  1.63015000e-08 -1.40087359e-04 
 1.63025000e-08  1.94994985e+00  1.63025000e-08  1.12603178e+00  1.63025000e-08 -1.54034408e-04 
 1.63035000e-08  1.94994998e+00  1.63035000e-08  1.18461033e+00  1.63035000e-08 -1.67947510e-04 
 1.64185000e-08  1.94997000e+00  1.64185000e-08  1.94992133e+00  1.64185000e-08  8.65807153e-01 
 1.64195000e-08  1.94996994e+00  1.64195000e-08  1.94992766e+00  1.64195000e-08  9.26750981e-01 
 1.64205000e-08  1.94997006e+00  1.64205000e-08  1.94993439e+00  1.64205000e-08  9.86564355e-01 
 1.64215000e-08  1.94997012e+00  1.64215000e-08  1.94994002e+00  1.64215000e-08  1.04695279e+00 
 1.64225000e-08  1.94997044e+00  1.64225000e-08  1.94994755e+00  1.64225000e-08  1.11183655e+00 
 1.64235000e-08  1.94997066e+00  1.64235000e-08  1.94994343e+00  1.64235000e-08  1.18424735e+00 
 1.65785000e-08  1.14741216e+00  1.65785000e-08  1.94999835e+00  1.65785000e-08  1.94998138e+00 
 1.65795000e-08  1.09536798e+00  1.65795000e-08  1.94999833e+00  1.65795000e-08  1.94998717e+00 
 1.65805000e-08  1.04362218e+00  1.65805000e-08  1.94999838e+00  1.65805000e-08  1.94998233e+00 
 1.65815000e-08  9.92072250e-01  1.65815000e-08  1.94999836e+00  1.65815000e-08  1.94999150e+00 
 1.65825000e-08  9.40688189e-01  1.65825000e-08  1.94999841e+00  1.65825000e-08  1.94998253e+00 
 1.65835000e-08  8.89396764e-01  1.65835000e-08  1.94999840e+00  1.65835000e-08  1.94998814e+00 
 1.69825000e-08  1.50307685e-06  1.69825000e-08  1.20410442e+00  1.69825000e-08  1.94989883e+00 
 1.69835000e-08  1.72432030e-06  1.69835000e-08  1.12435169e+00  1.69835000e-08  1.94988183e+00 
 1.69845000e-08  1.68971480e-06  1.69845000e-08  1.04345707e+00  1.69845000e-08  1.94987061e+00 
 1.69855000e-08  1.82492010e-06  1.69855000e-08  9.61535859e-01  1.69855000e-08  1.94987022e+00 
 1.69865000e-08  1.27480716e-06  1.69865000e-08  8.78682317e-01  1.69865000e-08  1.94988425e+00 
 1.69875000e-08  4.44059654e-07  1.69875000e-08  7.95058921e-01  1.69875000e-08  1.94991357e+00 
 1.71645000e-08  9.38896385e-01  1.71645000e-08 -9.97317829e-06  1.71645000e-08  1.94996411e+00 
 1.71655000e-08  9.79712022e-01  1.71655000e-08 -9.17059149e-06  1.71655000e-08  1.94996477e+00 
 1.71665000e-08  1.02003127e+00  1.71665000e-08 -9.61206272e-06  1.71665000e-08  1.94996616e+00 
 1.71675000e-08  1.05990676e+00  1.71675000e-08 -8.82753728e-06  1.71675000e-08  1.94996677e+00 
 1.71685000e-08  1.09943098e+00  1.71685000e-08 -9.25561097e-06  1.71685000e-08  1.94996810e+00 
 1.71695000e-08  1.13872307e+00  1.71695000e-08 -8.48893151e-06  1.71695000e-08  1.94996866e+00 
 1.74205000e-08  1.94994864e+00  1.74205000e-08  8.83606056e-01  1.74205000e-08  1.94989003e+00 
 1.74215000e-08  1.94994869e+00  1.74215000e-08  9.44961084e-01  1.74215000e-08  1.94978789e+00 
 1.74225000e-08  1.94994926e+00  1.74225000e-08  1.00539388e+00  1.74225000e-08  1.94967705e+00 
 1.74235000e-08  1.94994932e+00  1.74235000e-08  1.06489613e+00  1.74235000e-08  1.94957583e+00 
 1.74245000e-08  1.94994988e+00  1.74245000e-08  1.12358965e+00  1.74245000e-08  1.94947593e+00 
 1.74255000e-08  1.94994993e+00  1.74255000e-08  1.18180203e+00  1.74255000e-08  1.94935958e+00 
 1.75545000e-08  1.94997167e+00  1.75545000e-08  1.94995384e+00  1.75545000e-08  1.20276032e+00 
 1.75555000e-08  1.94997153e+00  1.75555000e-08  1.94998080e+00  1.75555000e-08  1.14522950e+00 
 1.75565000e-08  1.94997151e+00  1.75565000e-08  1.95000688e+00  1.75565000e-08  1.08764031e+00 
 1.75575000e-08  1.94997136e+00  1.75575000e-08  1.95003401e+00  1.75575000e-08  1.02975489e+00 
 1.75585000e-08  1.94997148e+00  1.75585000e-08  1.95005527e+00  1.75585000e-08  9.71489188e-01 
 1.75595000e-08  1.94997160e+00  1.75595000e-08  1.95007213e+00  1.75595000e-08  9.12633532e-01 
 1.77005000e-08  1.14915517e+00  1.77005000e-08  1.94999829e+00  1.77005000e-08  2.25553027e-04 
 1.77015000e-08  1.09710135e+00  1.77015000e-08  1.94999834e+00  1.77015000e-08  2.23129183e-04 
 1.77025000e-08  1.04534647e+00  1.77025000e-08  1.94999833e+00  1.77025000e-08  2.11398607e-04 
 1.77035000e-08  9.93791269e-01  1.77035000e-08  1.94999838e+00  1.77035000e-08  2.09335821e-04 
 1.77045000e-08  9.42402268e-01  1.77045000e-08  1.94999836e+00  1.77045000e-08  1.98118992e-04 
 1.77055000e-08  8.91108446e-01  1.77055000e-08  1.94999841e+00  1.77055000e-08  1.96391832e-04 
 1.81045000e-08  1.48819636e-06  1.81045000e-08  1.20658894e+00  1.81045000e-08 -7.83740094e-06 
 1.81055000e-08  1.71956741e-06  1.81055000e-08  1.12686642e+00  1.81055000e-08 -7.49248079e-06 
 1.81065000e-08  1.68799722e-06  1.81065000e-08  1.04600356e+00  1.81065000e-08 -5.17077712e-06 
 1.81075000e-08  1.82254984e-06  1.81075000e-08  9.64106437e-01  1.81075000e-08 -3.80405709e-07 
 1.81085000e-08  1.28801563e-06  1.81085000e-08  8.81277259e-01  1.81085000e-08  4.56435226e-06 
 1.81095000e-08  4.67563477e-07  1.81095000e-08  7.97670303e-01  1.81095000e-08  1.05603433e-05 
 1.82865000e-08  9.37753581e-01  1.82865000e-08  3.70511828e-06  1.82865000e-08  2.15050681e-06 
 1.82875000e-08  9.78584145e-01  1.82875000e-08  4.03201742e-06  1.82875000e-08  3.18346155e-06 
 1.82885000e-08  1.01891719e+00  1.82885000e-08  3.30213515e-06  1.82885000e-08  1.97764193e-06 
 1.82895000e-08  1.05880496e+00  1.82895000e-08  3.63961120e-06  1.82895000e-08  3.00403931e-06 
 1.82905000e-08  1.09833860e+00  1.82905000e-08  2.94580485e-06  1.82905000e-08  1.90034145e-06 
 1.82915000e-08  1.13763531e+00  1.82915000e-08  3.29160269e-06  1.82915000e-08  2.92743311e-06 
 1.85425000e-08  1.94994865e+00  1.85425000e-08  8.80768852e-01  1.85425000e-08 -9.28539672e-05 
 1.85435000e-08  1.94994866e+00  1.85435000e-08  9.42315242e-01  1.85435000e-08 -1.15890104e-04 
 1.85445000e-08  1.94994928e+00  1.85445000e-08  1.00303134e+00  1.85445000e-08 -1.31544296e-04 
 1.85455000e-08  1.94994929e+00  1.85455000e-08  1.06290850e+00  1.85455000e-08 -1.39563302e-04 
 1.85465000e-08  1.94994989e+00  1.85465000e-08  1.12203812e+00  1.85465000e-08 -1.53074437e-04 
 1.85475000e-08  1.94994990e+00  1.85475000e-08  1.18063968e+00  1.85475000e-08 -1.66843718e-04 
 1.86625000e-08  1.94997002e+00  1.86625000e-08  1.94992107e+00  1.86625000e-08  8.61611829e-01 
 1.86635000e-08  1.94996992e+00  1.86635000e-08  1.94992709e+00  1.86635000e-08  9.22659945e-01 
 1.86645000e-08  1.94997007e+00  1.86645000e-08  1.94993406e+00  1.86645000e-08  9.82519651e-01 
 1.86655000e-08  1.94997008e+00  1.86655000e-08  1.94993962e+00  1.86655000e-08  1.04274467e+00 
 1.86665000e-08  1.94997045e+00  1.86665000e-08  1.94994723e+00  1.86665000e-08  1.10719216e+00 
 1.86675000e-08  1.94997062e+00  1.86675000e-08  1.94994361e+00  1.86675000e-08  1.17924468e+00 
 1.88225000e-08  1.15071910e+00  1.88225000e-08  1.94999837e+00  1.88225000e-08  1.94998568e+00 
 1.88235000e-08  1.09865655e+00  1.88235000e-08  1.94999830e+00  1.88235000e-08  1.94999024e+00 
 1.88245000e-08  1.04689341e+00  1.88245000e-08  1.94999842e+00  1.88245000e-08  1.94998623e+00 
 1.88255000e-08  9.95333404e-01  1.88255000e-08  1.94999833e+00  1.88255000e-08  1.94999323e+00 
 1.88265000e-08  9.43939902e-01  1.88265000e-08  1.94999844e+00  1.88265000e-08  1.94998613e+00 
 1.88275000e-08  8.92643883e-01  1.88275000e-08  1.94999837e+00  1.88275000e-08  1.94999048e+00 
 1.92265000e-08  1.47891824e-06  1.92265000e-08  1.20880343e+00  1.92265000e-08  1.94989991e+00 
 1.92275000e-08  1.71961543e-06  1.92275000e-08  1.12911553e+00  1.92275000e-08  1.94988272e+00 
 1.92285000e-08  1.69102929e-06  1.92285000e-08  1.04828952e+00  1.92285000e-08  1.94987104e+00 
 1.92295000e-08  1.82465702e-06  1.92295000e-08  9.66422517e-01  1.92295000e-08  1.94986984e+00 
 1.92305000e-08  1.30488396e-06  1.92305000e-08  8.83623364e-01  1.92305000e-08  1.94988303e+00 
 1.92315000e-08  4.93858695e-07  1.92315000e-08  8.00038150e-01  1.92315000e-08  1.94991133e+00 
 1.94085000e-08  9.36580581e-01  1.94085000e-08 -9.93803118e-06  1.94085000e-08  1.94996417e+00 
 1.94095000e-08  9.77425553e-01  1.94095000e-08 -9.22645795e-06  1.94095000e-08  1.94996458e+00 
 1.94105000e-08  1.01777159e+00  1.94105000e-08 -9.57809272e-06  1.94105000e-08  1.94996623e+00 
 1.94115000e-08  1.05767000e+00  1.94115000e-08 -8.88196358e-06  1.94115000e-08  1.94996659e+00 
 1.94125000e-08  1.09721109e+00  1.94125000e-08 -9.22275986e-06  1.94125000e-08  1.94996817e+00 
 1.94135000e-08  1.13651242e+00  1.94135000e-08 -8.54195950e-06  1.94135000e-08  1.94996848e+00 
 1.96645000e-08  1.94994866e+00  1.96645000e-08  8.80305711e-01  1.96645000e-08  1.94989509e+00 
 1.96655000e-08  1.94994862e+00  1.96655000e-08  9.41709082e-01  1.96655000e-08  1.94979374e+00 
 1.96665000e-08  1.94994929e+00  1.96665000e-08  1.00219168e+00  1.96665000e-08  1.94968305e+00 
 1.96675000e-08  1.94994925e+00  1.96675000e-08  1.06174217e+00  1.96675000e-08  1.94958052e+00 
 1.96685000e-08  1.94994990e+00  1.96685000e-08  1.12047284e+00  1.96685000e-08  1.94948174e+00 
 1.96695000e-08  1.94994986e+00  1.96695000e-08  1.17869628e+00  1.96695000e-08  1.94936635e+00 
 1.97995000e-08  1.94997152e+00  1.97995000e-08  1.94997909e+00  1.97995000e-08  1.14831963e+00 
 1.98005000e-08  1.94997153e+00  1.98005000e-08  1.95000540e+00  1.98005000e-08  1.09074085e+00 
 1.98015000e-08  1.94997135e+00  1.98015000e-08  1.95003266e+00  1.98015000e-08  1.03287034e+00 
 1.98025000e-08  1.94997148e+00  1.98025000e-08  1.95005445e+00  1.98025000e-08  9.74630871e-01 
 1.98035000e-08  1.94997157e+00  1.98035000e-08  1.95007139e+00  1.98035000e-08  9.15803979e-01 
 1.98045000e-08  1.94997208e+00  1.98045000e-08  1.95008260e+00  1.98045000e-08  8.56365631e-01 
 1.99445000e-08  1.15205552e+00  1.99445000e-08  1.94999830e+00  1.99445000e-08  2.26432095e-04 
 1.99455000e-08  1.09998550e+00  1.99455000e-08  1.94999828e+00  1.99455000e-08  2.23022041e-04 
 1.99465000e-08  1.04821527e+00  1.99465000e-08  1.94999833e+00  1.99465000e-08  2.12245931e-04 
 1.99475000e-08  9.96651125e-01  1.99475000e-08  1.94999832e+00  1.99475000e-08  2.09208880e-04 
 1.99485000e-08  9.45253761e-01  1.99485000e-08  1.94999835e+00  1.99485000e-08  1.98939406e-04 
 1.99495000e-08  8.93955855e-01  1.99495000e-08  1.94999833e+00  1.99495000e-08  1.96248012e-04 
 2.03485000e-08  1.46684498e-06  2.03485000e-08  1.21087020e+00  2.03485000e-08 -7.72402497e-06 
 2.03495000e-08  1.71566210e-06  2.03495000e-08  1.13120727e+00  2.03495000e-08 -7.63253464e-06 
 2.03505000e-08  1.69160908e-06  2.03505000e-08  1.05040738e+00  2.03505000e-08 -5.29563611e-06 
 2.03515000e-08  1.82217041e-06  2.03515000e-08  9.68560149e-01  2.03515000e-08 -7.43102042e-07 
 2.03525000e-08  1.32137109e-06  2.03525000e-08  8.85781031e-01  2.03525000e-08  4.34754741e-06 
 2.03535000e-08  5.19943530e-07  2.03535000e-08  8.02209373e-01  2.03535000e-08  1.01538020e-05 
 2.05305000e-08  9.35287851e-01  2.05305000e-08  3.69590930e-06  2.05305000e-08  2.18794408e-06 
 2.05315000e-08  9.76149742e-01  2.05315000e-08  4.06319885e-06  2.05315000e-08  3.15390763e-06 
 2.05325000e-08  1.01651128e+00  2.05325000e-08  3.29292837e-06  2.05325000e-08  2.04533773e-06 
 2.05335000e-08  1.05642364e+00  2.05335000e-08  3.67030567e-06  2.05335000e-08  3.00568598e-06 
 2.05345000e-08  1.09597532e+00  2.05345000e-08  2.93349006e-06  2.05345000e-08  1.88407351e-06 
 2.05355000e-08  1.13528517e+00  2.05355000e-08  3.31901901e-06  2.05355000e-08  2.83834026e-06 
 2.07865000e-08  1.94994868e+00  2.07865000e-08  8.77140231e-01  2.07865000e-08 -9.11032310e-05 
 2.07875000e-08  1.94994859e+00  2.07875000e-08  9.38735980e-01  2.07875000e-08 -1.14883139e-04 
 2.07885000e-08  1.94994930e+00  2.07885000e-08  9.99503063e-01  2.07885000e-08 -1.30794949e-04 
 2.07895000e-08  1.94994922e+00  2.07895000e-08  1.05943166e+00  2.07895000e-08 -1.39166429e-04 
 2.07905000e-08  1.94994992e+00  2.07905000e-08  1.11860351e+00  2.07905000e-08 -1.52275848e-04 
 2.07915000e-08  1.94994983e+00  2.07915000e-08  1.17723833e+00  2.07915000e-08 -1.66090155e-04 
 2.09065000e-08  1.94997004e+00  2.09065000e-08  1.94992083e+00  2.09065000e-08  8.58024680e-01 
 2.09075000e-08  1.94996990e+00  2.09075000e-08  1.94992662e+00  2.09075000e-08  9.19163783e-01 
 2.09085000e-08  1.94997008e+00  2.09085000e-08  1.94993376e+00  2.09085000e-08  9.79067666e-01 
 2.09095000e-08  1.94997006e+00  2.09095000e-08  1.94993927e+00  2.09095000e-08  1.03917488e+00 
 2.09105000e-08  1.94997045e+00  2.09105000e-08  1.94994690e+00  2.09105000e-08  1.10326887e+00 
 2.09115000e-08  1.94997059e+00  2.09115000e-08  1.94994384e+00  2.09115000e-08  1.17497393e+00 
 2.10665000e-08  1.15304093e+00  2.10665000e-08  1.94999840e+00  2.10665000e-08  1.94998947e+00 
 2.10675000e-08  1.10096539e+00  2.10675000e-08  1.94999828e+00  2.10675000e-08  1.94999467e+00 
 2.10685000e-08  1.04918991e+00  2.10685000e-08  1.94999842e+00  2.10685000e-08  1.94999111e+00 
 2.10695000e-08  9.97622700e-01  2.10695000e-08  1.94999831e+00  2.10695000e-08  1.94999594e+00 
 2.10705000e-08  9.46222479e-01  2.10705000e-08  1.94999846e+00  2.10705000e-08  1.94999054e+00 
 2.10715000e-08  8.94923175e-01  2.10715000e-08  1.94999835e+00  2.10715000e-08  1.94999365e+00 
 2.14705000e-08  1.46097454e-06  2.14705000e-08  1.21222865e+00  2.14705000e-08  1.94990072e+00 
 2.14715000e-08  1.71484408e-06  2.14715000e-08  1.13258866e+00  2.14715000e-08  1.94988339e+00 
 2.14725000e-08  1.69267377e-06  2.14725000e-08  1.05181325e+00  2.14725000e-08  1.94987141e+00 
 2.14735000e-08  1.82221353e-06  2.14735000e-08  9.69986421e-01  2.14735000e-08  1.94986959e+00 
 2.14745000e-08  1.33117518e-06  2.14745000e-08  8.87227607e-01  2.14745000e-08  1.94988219e+00 
 2.14755000e-08  5.35633323e-07  2.14755000e-08  8.03670975e-01  2.14755000e-08  1.94990974e+00 
 2.16525000e-08  9.34676969e-01  2.16525000e-08 -9.90883827e-06  2.16525000e-08  1.94996422e+00 
 2.16535000e-08  9.75546192e-01  2.16535000e-08 -9.27059537e-06  2.16535000e-08  1.94996444e+00 
 2.16545000e-08  1.01591432e+00  2.16545000e-08 -9.54988265e-06  2.16545000e-08  1.94996628e+00 
 2.16555000e-08  1.05583182e+00  2.16555000e-08 -8.92492598e-06  2.16555000e-08  1.94996645e+00 
 2.16565000e-08  1.09538699e+00  2.16565000e-08 -9.19548989e-06  2.16565000e-08  1.94996822e+00 
 2.16575000e-08  1.13469630e+00  2.16575000e-08 -8.58378584e-06  2.16575000e-08  1.94996834e+00 
 2.19085000e-08  1.94994868e+00  2.19085000e-08  8.77315342e-01  2.19085000e-08  1.94989963e+00 
 2.19095000e-08  1.94994857e+00  2.19095000e-08  9.38760017e-01  2.19095000e-08  1.94979909e+00 
 2.19105000e-08  1.94994931e+00  2.19105000e-08  9.99285345e-01  2.19105000e-08  1.94968856e+00 
 2.19115000e-08  1.94994920e+00  2.19115000e-08  1.05887972e+00  2.19115000e-08  1.94958479e+00 
 2.19125000e-08  1.94994993e+00  2.19125000e-08  1.11764454e+00  2.19125000e-08  1.94948698e+00 
 2.19135000e-08  1.94994981e+00  2.19135000e-08  1.17587961e+00  2.19135000e-08  1.94937245e+00 
 2.20435000e-08  1.94997151e+00  2.20435000e-08  1.94997773e+00  2.20435000e-08  1.15108581e+00 
 2.20445000e-08  1.94997155e+00  2.20445000e-08  1.95000409e+00  2.20445000e-08  1.09351399e+00 
 2.20455000e-08  1.94997134e+00  2.20455000e-08  1.95003138e+00  2.20455000e-08  1.03566012e+00 
 2.20465000e-08  1.94997149e+00  2.20465000e-08  1.95005361e+00  2.20465000e-08  9.77443100e-01 
 2.20475000e-08  1.94997154e+00  2.20475000e-08  1.95007065e+00  2.20475000e-08  9.18646032e-01 
 2.20485000e-08  1.94997207e+00  2.20485000e-08  1.95008228e+00  2.20485000e-08  8.59239775e-01 
 2.21885000e-08  1.15424013e+00  2.21885000e-08  1.94999833e+00  2.21885000e-08  2.27087428e-04 
 2.21895000e-08  1.10215784e+00  2.21895000e-08  1.94999825e+00  2.21895000e-08  2.23059245e-04 
 2.21905000e-08  1.05037593e+00  2.21905000e-08  1.94999836e+00  2.21905000e-08  2.12878645e-04 
 2.21915000e-08  9.98804953e-01  2.21915000e-08  1.94999829e+00  2.21915000e-08  2.09227230e-04 
 2.21925000e-08  9.47401225e-01  2.21925000e-08  1.94999838e+00  2.21925000e-08  1.99550614e-04 
 2.21935000e-08  8.96100206e-01  2.21935000e-08  1.94999830e+00  2.21935000e-08  1.96248325e-04 
 2.25925000e-08  1.45304010e-06  2.25925000e-08  1.21394361e+00  2.25925000e-08 -7.63406223e-06 
 2.25935000e-08  1.71329437e-06  2.25935000e-08  1.13432359e+00  2.25935000e-08 -7.73268204e-06 
 2.25945000e-08  1.69385658e-06  2.25945000e-08  1.05356901e+00  2.25945000e-08 -5.37559446e-06 
 2.25955000e-08  1.82187101e-06  2.25955000e-08  9.71757724e-01  2.25955000e-08 -1.00588514e-06 
 2.25965000e-08  1.34402211e-06  2.25965000e-08  8.89014729e-01  2.25965000e-08  4.19695515e-06 
 2.25975000e-08  5.56118969e-07  2.25975000e-08  8.05468609e-01  2.25975000e-08  9.85942262e-06 
 2.27745000e-08  9.33719791e-01  2.27745000e-08  3.71545471e-06  2.27745000e-08  2.25535507e-06 
 2.27755000e-08  9.74601665e-01  2.27755000e-08  4.06052262e-06  2.27755000e-08  3.09308123e-06 
 2.27765000e-08  1.01498142e+00  2.27765000e-08  3.31100554e-06  2.27765000e-08  2.11189225e-06 
 2.27775000e-08  1.05490957e+00  2.27775000e-08  3.66724522e-06  2.27775000e-08  2.94531012e-06 
 2.27785000e-08  1.09447422e+00  2.27785000e-08  2.95095030e-06  2.27785000e-08  1.97698043e-06 
 2.27795000e-08  1.13379208e+00  2.27795000e-08  3.31610897e-06  2.27795000e-08  2.80580673e-06 
 2.30305000e-08  1.94994869e+00  2.30305000e-08  8.74651426e-01  2.30305000e-08 -8.98775203e-05 
 2.30315000e-08  1.94994854e+00  2.30315000e-08  9.36277817e-01  2.30315000e-08 -1.14097191e-04 
 2.30325000e-08  1.94994932e+00  2.30325000e-08  9.97076762e-01  2.30325000e-08 -1.30207930e-04 
 2.30335000e-08  1.94994917e+00  2.30335000e-08  1.05703854e+00  2.30335000e-08 -1.38893500e-04 
 2.30345000e-08  1.94994993e+00  2.30345000e-08  1.11623731e+00  2.30345000e-08 -1.51705540e-04 
 2.30355000e-08  1.94994979e+00  2.30355000e-08  1.17487608e+00  2.30355000e-08 -1.65284620e-04 
 2.31505000e-08  1.94997005e+00  2.31505000e-08  1.94992072e+00  2.31505000e-08  8.55510424e-01 
 2.31515000e-08  1.94996989e+00  2.31515000e-08  1.94992629e+00  2.31515000e-08  9.16713559e-01 
 2.31525000e-08  1.94997009e+00  2.31525000e-08  1.94993356e+00  2.31525000e-08  9.76650851e-01 
 2.31535000e-08  1.94997004e+00  2.31535000e-08  1.94993902e+00  2.31535000e-08  1.03668658e+00 
 2.31545000e-08  1.94997044e+00  2.31545000e-08  1.94994666e+00  2.31545000e-08  1.10054453e+00 
 2.31555000e-08  1.94997057e+00  2.31555000e-08  1.94994403e+00  2.31555000e-08  1.17198465e+00 
 2.33105000e-08  1.15555441e+00  2.33105000e-08  1.94999840e+00  2.33105000e-08  1.94999223e+00 
 2.33115000e-08  1.10346469e+00  2.33115000e-08  1.94999827e+00  2.33115000e-08  1.94999607e+00 
 2.33125000e-08  1.05167570e+00  2.33125000e-08  1.94999844e+00  2.33125000e-08  1.94999323e+00 
 2.33135000e-08  1.00010055e+00  2.33135000e-08  1.94999830e+00  2.33135000e-08  1.94999674e+00 
 2.33145000e-08  9.48692949e-01  2.33145000e-08  1.94999847e+00  2.33145000e-08  1.94999242e+00 
 2.33155000e-08  8.97390030e-01  2.33155000e-08  1.94999834e+00  2.33155000e-08  1.94999465e+00 
 2.37145000e-08  1.43947437e-06  2.37145000e-08  1.21599135e+00  2.37145000e-08  1.94990156e+00 
 2.37155000e-08  1.70901630e-06  2.37155000e-08  1.13640386e+00  2.37155000e-08  1.94988414e+00 
 2.37165000e-08  1.69484302e-06  2.37165000e-08  1.05568387e+00  2.37165000e-08  1.94987179e+00 
 2.37175000e-08  1.82006787e-06  2.37175000e-08  9.73901169e-01  2.37175000e-08  1.94986937e+00 
 2.37185000e-08  1.36166985e-06  2.37185000e-08  8.91186692e-01  2.37185000e-08  1.94988126e+00 
 2.37195000e-08  5.85670739e-07  2.37195000e-08  8.07661271e-01  2.37195000e-08  1.94990804e+00 
 2.38965000e-08  9.32682406e-01  2.38965000e-08 -9.88118391e-06  2.38965000e-08  1.94996425e+00 
 2.38975000e-08  9.73577110e-01  2.38975000e-08 -9.31465110e-06  2.38975000e-08  1.94996431e+00 
 2.38985000e-08  1.01396849e+00  2.38985000e-08 -9.52319267e-06  2.38985000e-08  1.94996631e+00 
 2.38995000e-08  1.05390617e+00  2.38995000e-08 -8.96783707e-06  2.38995000e-08  1.94996633e+00 
 2.39005000e-08  1.09347763e+00  2.39005000e-08 -9.16969868e-06  2.39005000e-08  1.94996825e+00 
 2.39015000e-08  1.13279692e+00  2.39015000e-08 -8.62558124e-06  2.39015000e-08  1.94996822e+00 
 2.41525000e-08  1.94994870e+00  2.41525000e-08  8.74293164e-01  2.41525000e-08  1.94989592e+00 
 2.41535000e-08  1.94994851e+00  2.41535000e-08  9.35782002e-01  2.41535000e-08  1.94979778e+00 
 2.41545000e-08  1.94994933e+00  2.41545000e-08  9.96352805e-01  2.41545000e-08  1.94968865e+00 
 2.41555000e-08  1.94994914e+00  2.41555000e-08  1.05599590e+00  2.41555000e-08  1.94958467e+00 
 2.41565000e-08  1.94994994e+00  2.41565000e-08  1.11480005e+00  2.41565000e-08  1.94948862e+00 
 2.41575000e-08  1.94994976e+00  2.41575000e-08  1.17304916e+00  2.41575000e-08  1.94937562e+00 
 2.42875000e-08  1.94997150e+00  2.42875000e-08  1.94997637e+00  2.42875000e-08  1.15387118e+00 
 2.42885000e-08  1.94997156e+00  2.42885000e-08  1.95000277e+00  2.42885000e-08  1.09630454e+00 
 2.42895000e-08  1.94997132e+00  2.42895000e-08  1.95003015e+00  2.42895000e-08  1.03846856e+00 
 2.42905000e-08  1.94997150e+00  2.42905000e-08  1.95005282e+00  2.42905000e-08  9.80272340e-01 
 2.42915000e-08  1.94997152e+00  2.42915000e-08  1.95006987e+00  2.42915000e-08  9.21506381e-01 
 2.42925000e-08  1.94997206e+00  2.42925000e-08  1.95008189e+00  2.42925000e-08  8.62131627e-01 
 2.44055000e-08  2.05291489e+00  2.44055000e-08  1.94999789e+00  2.44055000e-08  5.44751890e-04 
 2.44325000e-08  1.15677309e+00  2.44325000e-08  1.94999836e+00  2.44325000e-08  2.27612449e-04 
 2.44335000e-08  1.10467647e+00  2.44335000e-08  1.94999822e+00  2.44335000e-08  2.23237522e-04 
 2.44345000e-08  1.05288087e+00  2.44345000e-08  1.94999838e+00  2.44345000e-08  2.13382768e-04 
 2.44355000e-08  1.00130181e+00  2.44355000e-08  1.94999826e+00  2.44355000e-08  2.09383924e-04 
 2.44365000e-08  9.49890605e-01  2.44365000e-08  1.94999841e+00  2.44365000e-08  2.00034970e-04 
 2.44375000e-08  8.98585912e-01  2.44375000e-08  1.94999827e+00  2.44375000e-08  1.96384944e-04 
 2.48365000e-08  1.43010335e-06  2.48365000e-08  1.21781246e+00  2.48365000e-08 -7.54014766e-06 
 2.48375000e-08  1.70581913e-06  2.48375000e-08  1.13824690e+00  2.48375000e-08 -7.82095441e-06 
 2.48385000e-08  1.69506253e-06  2.48385000e-08  1.05754972e+00  2.48385000e-08 -5.49494218e-06 
 2.48395000e-08  1.81832567e-06  2.48395000e-08  9.75784183e-01  2.48395000e-08 -1.30307058e-06 
 2.48405000e-08  1.37437634e-06  2.48405000e-08  8.93087170e-01  2.48405000e-08  3.98564593e-06 
 2.48415000e-08  6.07260993e-07  2.48415000e-08  8.09573485e-01  2.48415000e-08  9.51514062e-06 
 2.50185000e-08  9.31697769e-01  2.50185000e-08  3.73663732e-06  2.50185000e-08  2.32632707e-06 
 2.50195000e-08  9.72605538e-01  2.50195000e-08  4.06024425e-06  2.50195000e-08  3.02950330e-06 
 2.50205000e-08  1.01300894e+00  2.50205000e-08  3.33054469e-06  2.50205000e-08  2.18193177e-06 
 2.50215000e-08  1.05295671e+00  2.50215000e-08  3.66725518e-06  2.50215000e-08  2.88269917e-06 
 2.50225000e-08  1.09253571e+00  2.50225000e-08  2.96870159e-06  2.50225000e-08  2.04594122e-06 
 2.50235000e-08  1.13186246e+00  2.50235000e-08  3.31328270e-06  2.50235000e-08  2.74225942e-06 
 2.52745000e-08  1.94994870e+00  2.52745000e-08  8.71652714e-01  2.52745000e-08 -8.83864575e-05 
 2.52755000e-08  1.94994850e+00  2.52755000e-08  9.33318262e-01  2.52755000e-08 -1.13202500e-04 
 2.52765000e-08  1.94994933e+00  2.52765000e-08  9.94157492e-01  2.52765000e-08 -1.29530387e-04 
 2.52775000e-08  1.94994913e+00  2.52775000e-08  1.05415949e+00  2.52775000e-08 -1.38536544e-04 
 2.52785000e-08  1.94994994e+00  2.52785000e-08  1.11339095e+00  2.52785000e-08 -1.51008115e-04 
 2.52795000e-08  1.94994974e+00  2.52795000e-08  1.17204956e+00  2.52795000e-08 -1.64570430e-04 
 2.53945000e-08  1.94997006e+00  2.53945000e-08  1.94992059e+00  2.53945000e-08  8.52523068e-01 
 2.53955000e-08  1.94996987e+00  2.53955000e-08  1.94992589e+00  2.53955000e-08  9.13802955e-01 
 2.53965000e-08  1.94997009e+00  2.53965000e-08  1.94993331e+00  2.53965000e-08  9.73782311e-01 
 2.53975000e-08  1.94997002e+00  2.53975000e-08  1.94993871e+00  2.53975000e-08  1.03374381e+00 
 2.53985000e-08  1.94997044e+00  2.53985000e-08  1.94994634e+00  2.53985000e-08  1.09733409e+00 
 2.53995000e-08  1.94997055e+00  2.53995000e-08  1.94994429e+00  2.53995000e-08  1.16843797e+00 
 2.55545000e-08  1.15809962e+00  2.55545000e-08  1.94999842e+00  2.55545000e-08  1.94999453e+00 
 2.55555000e-08  1.10599545e+00  2.55555000e-08  1.94999825e+00  2.55555000e-08  1.94999670e+00 
 2.55565000e-08  1.05419262e+00  2.55565000e-08  1.94999845e+00  2.55565000e-08  1.94999490e+00 
 2.55575000e-08  1.00260929e+00  2.55575000e-08  1.94999829e+00  2.55575000e-08  1.94999705e+00 
 2.55585000e-08  9.51194117e-01  2.55585000e-08  1.94999848e+00  2.55585000e-08  1.94999529e+00 
 2.55595000e-08  8.99887478e-01  2.55595000e-08  1.94999833e+00  2.55595000e-08  1.94999740e+00 
 2.59585000e-08  1.42050227e-06  2.59585000e-08  1.21983843e+00  2.59585000e-08  1.94990241e+00 
 2.59595000e-08  1.70321974e-06  2.59595000e-08  1.14030562e+00  2.59595000e-08  1.94988493e+00 
 2.59605000e-08  1.69669116e-06  2.59605000e-08  1.05964325e+00  2.59605000e-08  1.94987219e+00 
 2.59615000e-08  1.81717829e-06  2.59615000e-08  9.77906495e-01  2.59615000e-08  1.94986918e+00 
 2.59625000e-08  1.39115398e-06  2.59625000e-08  8.95238261e-01  2.59625000e-08  1.94988034e+00 
 2.59635000e-08  6.35277218e-07  2.59635000e-08  8.11745847e-01  2.59635000e-08  1.94990636e+00 
 2.61405000e-08  9.30513130e-01  2.61405000e-08 -9.86052462e-06  2.61405000e-08  1.94996418e+00 
 2.61415000e-08  9.71435619e-01  2.61415000e-08 -9.35192613e-06  2.61415000e-08  1.94996428e+00 
 2.61425000e-08  1.01185240e+00  2.61425000e-08 -9.50332637e-06  2.61425000e-08  1.94996624e+00 
 2.61435000e-08  1.05181224e+00  2.61435000e-08 -9.00415120e-06  2.61435000e-08  1.94996630e+00 
 2.61445000e-08  1.09140030e+00  2.61445000e-08 -9.15056534e-06  2.61445000e-08  1.94996819e+00 
 2.61455000e-08  1.13072940e+00  2.61455000e-08 -8.66095557e-06  2.61455000e-08  1.94996820e+00 
 2.63965000e-08  1.94994868e+00  2.63965000e-08  8.71094600e-01  2.63965000e-08  1.94990270e+00 
 2.63975000e-08  1.94994849e+00  2.63975000e-08  9.32629842e-01  2.63975000e-08  1.94980495e+00 
 2.63985000e-08  1.94994931e+00  2.63985000e-08  9.93248584e-01  2.63985000e-08  1.94969570e+00 
 2.63995000e-08  1.94994912e+00  2.63995000e-08  1.05293914e+00  2.63995000e-08  1.94959034e+00 
 2.64005000e-08  1.94994992e+00  2.64005000e-08  1.11178130e+00  2.64005000e-08  1.94949505e+00 
 2.64015000e-08  1.94994974e+00  2.64015000e-08  1.17004678e+00  2.64015000e-08  1.94938280e+00 
 2.65315000e-08  1.94997151e+00  2.65315000e-08  1.94997489e+00  2.65315000e-08  1.15690735e+00 
 2.65325000e-08  1.94997157e+00  2.65325000e-08  1.95000134e+00  2.65325000e-08  1.09934564e+00 
 2.65335000e-08  1.94997133e+00  2.65335000e-08  1.95002873e+00  2.65335000e-08  1.04152853e+00 
 2.65345000e-08  1.94997150e+00  2.65345000e-08  1.95005188e+00  2.65345000e-08  9.83354484e-01 
 2.65355000e-08  1.94997150e+00  2.65355000e-08  1.95006901e+00  2.65355000e-08  9.24621978e-01 
 2.65365000e-08  1.94997204e+00  2.65365000e-08  1.95008149e+00  2.65365000e-08  8.65280638e-01 
 2.66765000e-08  1.15966385e+00  2.66765000e-08  1.94999840e+00  2.66765000e-08  2.28052840e-04 
 2.66775000e-08  1.10755085e+00  2.66775000e-08  1.94999820e+00  2.66775000e-08  2.23554820e-04 
 2.66785000e-08  1.05573949e+00  2.66785000e-08  1.94999842e+00  2.66785000e-08  2.13802243e-04 
 2.66795000e-08  1.00415113e+00  2.66795000e-08  1.94999824e+00  2.66795000e-08  2.09676354e-04 
 2.66805000e-08  9.52731301e-01  2.66805000e-08  1.94999844e+00  2.66805000e-08  2.00435286e-04 
 2.66815000e-08  9.01422407e-01  2.66815000e-08  1.94999825e+00  2.66815000e-08  1.96653864e-04 
 2.70805000e-08  1.40948282e-06  2.70805000e-08  1.22212859e+00  2.70805000e-08 -7.42097055e-06 
 2.70815000e-08  1.69786099e-06  2.70815000e-08  1.14262453e+00  2.70815000e-08 -7.88434739e-06 
 2.70825000e-08  1.69796458e-06  2.70825000e-08  1.06199209e+00  2.70825000e-08 -5.61428724e-06 
 2.70835000e-08  1.81410838e-06  2.70835000e-08  9.80278199e-01  2.70835000e-08 -1.60749685e-06 
 2.70845000e-08  1.40874588e-06  2.70845000e-08  8.97633208e-01  2.70845000e-08  3.75182046e-06 
 2.70855000e-08  6.63119345e-07  2.70855000e-08  8.14156665e-01  2.70855000e-08  9.14658507e-06 
 2.72625000e-08  9.29229657e-01  2.72625000e-08  3.76242712e-06  2.72625000e-08  2.40580081e-06 
 2.72635000e-08  9.70169107e-01  2.72635000e-08  4.05673671e-06  2.72635000e-08  2.95778760e-06 
 2.72645000e-08  1.01060147e+00  2.72645000e-08  3.35444583e-06  2.72645000e-08  2.26025077e-06 
 2.72655000e-08  1.05057458e+00  2.72655000e-08  3.66456562e-06  2.72655000e-08  2.81278817e-06 
 2.72665000e-08  1.09017263e+00  2.72665000e-08  2.99128929e-06  2.72665000e-08  2.12358129e-06 
 2.72675000e-08  1.12950776e+00  2.72675000e-08  3.31087149e-06  2.72675000e-08  2.67312454e-06 
 2.75185000e-08  1.94994866e+00  2.75185000e-08  8.67975236e-01  2.75185000e-08 -8.65377480e-05 
 2.75195000e-08  1.94994848e+00  2.75195000e-08  9.29688861e-01  2.75195000e-08 -1.12078276e-04 
 2.75205000e-08  1.94994929e+00  2.75205000e-08  9.90577531e-01  2.75205000e-08 -1.28682841e-04 
 2.75215000e-08  1.94994911e+00  2.75215000e-08  1.05062925e+00  2.75215000e-08 -1.38097143e-04 
 2.75225000e-08  1.94994991e+00  2.75225000e-08  1.10990147e+00  2.75225000e-08 -1.50163325e-04 
 2.75235000e-08  1.94994973e+00  2.75235000e-08  1.16858583e+00  2.75235000e-08 -1.63713377e-04 
 2.76395000e-08  1.94996987e+00  2.76395000e-08  1.94992541e+00  2.76395000e-08  9.10214762e-01 
 2.76405000e-08  1.94997008e+00  2.76405000e-08  1.94993300e+00  2.76405000e-08  9.70249614e-01 
 2.76415000e-08  1.94997002e+00  2.76415000e-08  1.94993832e+00  2.76415000e-08  1.03013461e+00 
 2.76425000e-08  1.94997042e+00  2.76425000e-08  1.94994592e+00  2.76425000e-08  1.09341379e+00 
 2.76435000e-08  1.94997053e+00  2.76435000e-08  1.94994464e+00  2.76435000e-08  1.16407431e+00 
 2.76445000e-08  1.94997091e+00  2.76445000e-08  1.94994445e+00  2.76445000e-08  1.23734578e+00 
 2.77985000e-08  1.16142524e+00  2.77985000e-08  1.94999843e+00  2.77985000e-08  1.94999542e+00 
 2.77995000e-08  1.10930224e+00  2.77995000e-08  1.94999823e+00  2.77995000e-08  1.94999598e+00 
 2.78005000e-08  1.05748124e+00  2.78005000e-08  1.94999846e+00  2.78005000e-08  1.94999580e+00 
 2.78015000e-08  1.00588714e+00  2.78015000e-08  1.94999827e+00  2.78015000e-08  1.94999636e+00 
 2.78025000e-08  9.54462046e-01  2.78025000e-08  1.94999850e+00  2.78025000e-08  1.94999617e+00 
 2.78035000e-08  9.03150572e-01  2.78035000e-08  1.94999831e+00  2.78035000e-08  1.94999663e+00 
 2.82025000e-08  1.37209496e-06  2.82025000e-08  1.22468842e+00  2.82025000e-08  1.94990349e+00 
 2.82035000e-08  1.68950438e-06  2.82035000e-08  1.14522476e+00  2.82035000e-08  1.94988594e+00 
 2.82045000e-08  1.71066912e-06  2.82045000e-08  1.06463523e+00  2.82045000e-08  1.94987275e+00 
 2.82055000e-08  1.82358233e-06  2.82055000e-08  9.82956542e-01  2.82055000e-08  1.94986900e+00 
 2.82065000e-08  1.44543988e-06  2.82065000e-08  9.00347000e-01  2.82065000e-08  1.94987923e+00 
 2.82075000e-08  7.08819565e-07  2.82075000e-08  8.16896495e-01  2.82075000e-08  1.94990429e+00 
 2.83845000e-08  9.27660757e-01  2.83845000e-08 -9.83138682e-06  2.83845000e-08  1.94996409e+00 
 2.83855000e-08  9.68619912e-01  2.83855000e-08 -9.40237885e-06  2.83855000e-08  1.94996425e+00 
 2.83865000e-08  1.00907029e+00  2.83865000e-08 -9.47529237e-06  2.83865000e-08  1.94996615e+00 
 2.83875000e-08  1.04905960e+00  2.83875000e-08 -9.05327262e-06  2.83875000e-08  1.94996627e+00 
 2.83885000e-08  1.08866993e+00  2.83885000e-08 -9.12355576e-06  2.83885000e-08  1.94996810e+00 
 2.83895000e-08  1.12801251e+00  2.83895000e-08 -8.70876890e-06  2.83895000e-08  1.94996817e+00 
 2.86405000e-08  1.94994864e+00  2.86405000e-08  8.66743289e-01  2.86405000e-08  1.94991181e+00 
 2.86415000e-08  1.94994847e+00  2.86415000e-08  9.28343518e-01  2.86415000e-08  1.94981460e+00 
 2.86425000e-08  1.94994927e+00  2.86425000e-08  9.89029339e-01  2.86425000e-08  1.94970521e+00 
 2.86435000e-08  1.94994910e+00  2.86435000e-08  1.04878481e+00  2.86435000e-08  1.94959804e+00 
 2.86445000e-08  1.94994988e+00  2.86445000e-08  1.10767982e+00  2.86445000e-08  1.94950377e+00 
 2.86455000e-08  1.94994972e+00  2.86455000e-08  1.16597060e+00  2.86455000e-08  1.94939248e+00 
 2.87755000e-08  1.94997152e+00  2.87755000e-08  1.94997291e+00  2.87755000e-08  1.16090143e+00 
 2.87765000e-08  1.94997158e+00  2.87765000e-08  1.94999953e+00  2.87765000e-08  1.10334589e+00 
 2.87775000e-08  1.94997134e+00  2.87775000e-08  1.95002680e+00  2.87775000e-08  1.04555348e+00 
 2.87785000e-08  1.94997149e+00  2.87785000e-08  1.95005060e+00  2.87785000e-08  9.87408386e-01 
 2.87795000e-08  1.94997148e+00  2.87795000e-08  1.95006783e+00  2.87795000e-08  9.28720066e-01 
 2.87805000e-08  1.94997199e+00  2.87805000e-08  1.95008094e+00  2.87805000e-08  8.69422884e-01 
 2.89205000e-08  1.16412668e+00  2.89205000e-08  1.94999854e+00  2.89205000e-08  2.28542104e-04 
 2.89215000e-08  1.11198871e+00  2.89215000e-08  1.94999827e+00  2.89215000e-08  2.24073904e-04 
 2.89225000e-08  1.06015319e+00  2.89225000e-08  1.94999856e+00  2.89225000e-08  2.14265829e-04 
 2.89235000e-08  1.00855059e+00  2.89235000e-08  1.94999829e+00  2.89235000e-08  2.10160472e-04 
 2.89245000e-08  9.57117652e-01  2.89245000e-08  1.94999858e+00  2.89245000e-08  2.00871817e-04 
 2.89255000e-08  9.05802518e-01  2.89255000e-08  1.94999831e+00  2.89255000e-08  1.97104287e-04 
 2.93245000e-08  1.36299494e-06  2.93245000e-08  1.22919861e+00  2.93245000e-08 -7.28582550e-06 
 2.93255000e-08  1.68298854e-06  2.93255000e-08  1.14979616e+00  2.93255000e-08 -7.98885520e-06 
 2.93265000e-08  1.71187682e-06  2.93265000e-08  1.06927030e+00  2.93265000e-08 -5.85413672e-06 
 2.93275000e-08  1.81836912e-06  2.93275000e-08  9.87641689e-01  2.93275000e-08 -2.10424882e-06 
 2.93285000e-08  1.46686306e-06  2.93285000e-08  9.05082769e-01  2.93285000e-08  3.32627353e-06 
 2.93295000e-08  7.42671849e-07  2.93295000e-08  8.21667999e-01  2.93295000e-08  8.55463292e-06 
 2.95065000e-08  9.26057643e-01  2.95065000e-08  3.81805114e-06  2.95065000e-08  2.53236964e-06 
 2.95075000e-08  9.67037427e-01  2.95075000e-08  4.04064686e-06  2.95075000e-08  2.84579713e-06 
 2.95085000e-08  1.00750676e+00  2.95085000e-08  3.40687251e-06  2.95085000e-08  2.38513996e-06 
 2.95095000e-08  1.04751276e+00  2.95095000e-08  3.64517093e-06  2.95095000e-08  2.70016156e-06 
 2.95105000e-08  1.08713581e+00  2.95105000e-08  3.04084915e-06  2.95105000e-08  2.24664219e-06 
 2.95115000e-08  1.12648623e+00  2.95115000e-08  3.29226185e-06  2.95115000e-08  2.56281888e-06 
 2.97625000e-08  1.94994862e+00  2.97625000e-08  8.63121643e-01  2.97625000e-08 -8.47817204e-05 
 2.97635000e-08  1.94994847e+00  2.97635000e-08  9.24898219e-01  2.97635000e-08 -1.10094665e-04 
 2.97645000e-08  1.94994924e+00  2.97645000e-08  9.85851769e-01  2.97645000e-08 -1.27007156e-04 
 2.97655000e-08  1.94994910e+00  2.97655000e-08  1.04596935e+00  2.97655000e-08 -1.37059159e-04 
 2.97665000e-08  1.94994986e+00  2.97665000e-08  1.10529620e+00  2.97665000e-08 -1.48659776e-04 
 2.97675000e-08  1.94994971e+00  2.97675000e-08  1.16401657e+00  2.97675000e-08 -1.62287589e-04 
 2.98835000e-08  1.94996988e+00  2.98835000e-08  1.94992477e+00  2.98835000e-08  9.05474506e-01 
 2.98845000e-08  1.94997008e+00  2.98845000e-08  1.94993259e+00  2.98845000e-08  9.65586287e-01 
 2.98855000e-08  1.94997001e+00  2.98855000e-08  1.94993779e+00  2.98855000e-08  1.02539322e+00 
 2.98865000e-08  1.94997039e+00  2.98865000e-08  1.94994532e+00  2.98865000e-08  1.08828980e+00 
 2.98875000e-08  1.94997051e+00  2.98875000e-08  1.94994516e+00  2.98875000e-08  1.15832339e+00 
 2.98885000e-08  1.94997089e+00  2.98885000e-08  1.94994433e+00  2.98885000e-08  1.23167241e+00 
 3.00425000e-08  1.16604109e+00  3.00425000e-08  1.94999845e+00  3.00425000e-08  1.94999662e+00 
 3.00435000e-08  1.11389145e+00  3.00435000e-08  1.94999821e+00  3.00435000e-08  1.94999498e+00 
 3.00445000e-08  1.06204456e+00  3.00445000e-08  1.94999849e+00  3.00445000e-08  1.94999699e+00 
 3.00455000e-08  1.01043490e+00  3.00455000e-08  1.94999825e+00  3.00455000e-08  1.94999533e+00 
 3.00465000e-08  9.58995530e-01  3.00465000e-08  1.94999852e+00  3.00465000e-08  1.94999729e+00 
 3.00475000e-08  9.07676993e-01  3.00475000e-08  1.94999828e+00  3.00475000e-08  1.94999569e+00 
 3.04465000e-08  1.35323252e-06  3.04465000e-08  1.23179671e+00  3.04465000e-08  1.94990505e+00 
 3.04475000e-08  1.67375198e-06  3.04475000e-08  1.15243564e+00  3.04475000e-08  1.94988745e+00 
 3.04485000e-08  1.71379356e-06  3.04485000e-08  1.07195357e+00  3.04485000e-08  1.94987362e+00 
 3.04495000e-08  1.81049512e-06  3.04495000e-08  9.90361028e-01  3.04495000e-08  1.94986881e+00 
 3.04505000e-08  1.49424989e-06  3.04505000e-08  9.07838509e-01  3.04505000e-08  1.94987771e+00 
 3.04515000e-08  7.84188450e-07  3.04515000e-08  8.24450701e-01  3.04515000e-08  1.94990137e+00 
 3.06285000e-08  9.24005749e-01  3.06285000e-08 -9.79074832e-06  3.06285000e-08  1.94996393e+00 
 3.06295000e-08  9.65012002e-01  3.06295000e-08 -9.47340516e-06  3.06295000e-08  1.94996421e+00 
 3.06305000e-08  1.00550571e+00  3.06305000e-08 -9.43632671e-06  3.06305000e-08  1.94996601e+00 
 3.06315000e-08  1.04553323e+00  3.06315000e-08 -9.12231866e-06  3.06315000e-08  1.94996624e+00 
 3.06325000e-08  1.08517280e+00  3.06325000e-08 -9.08614587e-06  3.06325000e-08  1.94996796e+00 
 3.06335000e-08  1.12453352e+00  3.06335000e-08 -8.77588810e-06  3.06335000e-08  1.94996815e+00 
 3.08845000e-08  1.94994862e+00  3.08845000e-08  8.61211794e-01  3.08845000e-08  1.94992318e+00 
 3.08855000e-08  1.94994849e+00  3.08855000e-08  9.22890201e-01  3.08855000e-08  1.94982678e+00 
 3.08865000e-08  1.94994923e+00  3.08865000e-08  9.83657909e-01  3.08865000e-08  1.94971724e+00 
 3.08875000e-08  1.94994910e+00  3.08875000e-08  1.04349300e+00  3.08875000e-08  1.94960795e+00 
 3.08885000e-08  1.94994983e+00  3.08885000e-08  1.10245266e+00  3.08885000e-08  1.94951441e+00 
 3.08895000e-08  1.94994971e+00  3.08895000e-08  1.16077957e+00  3.08895000e-08  1.94940432e+00 
 3.10195000e-08  1.94997153e+00  3.10195000e-08  1.94997040e+00  3.10195000e-08  1.16604511e+00 
 3.10205000e-08  1.94997158e+00  3.10205000e-08  1.94999751e+00  3.10205000e-08  1.10849595e+00 
 3.10215000e-08  1.94997135e+00  3.10215000e-08  1.95002438e+00  3.10215000e-08  1.05073360e+00 
 3.10225000e-08  1.94997148e+00  3.10225000e-08  1.95004879e+00  3.10225000e-08  9.92624792e-01 
 3.10235000e-08  1.94997147e+00  3.10235000e-08  1.95006622e+00  3.10235000e-08  9.33993020e-01 
 3.10245000e-08  1.94997195e+00  3.10245000e-08  1.95008007e+00  3.10245000e-08  8.74752845e-01 
 3.11645000e-08  1.16890855e+00  3.11645000e-08  1.94999858e+00  3.11645000e-08  2.29894165e-04 
 3.11655000e-08  1.11674330e+00  3.11655000e-08  1.94999823e+00  3.11655000e-08  2.24047329e-04 
 3.11665000e-08  1.06488111e+00  3.11665000e-08  1.94999860e+00  3.11665000e-08  2.15565060e-04 
 3.11675000e-08  1.01326253e+00  3.11675000e-08  1.94999826e+00  3.11675000e-08  2.10102021e-04 
 3.11685000e-08  9.61815016e-01  3.11685000e-08  1.94999861e+00  3.11685000e-08  2.02121058e-04 
 3.11695000e-08  9.10492699e-01  3.11695000e-08  1.94999828e+00  3.11695000e-08  1.97016748e-04 
 3.15685000e-08  1.34974259e-06  3.15685000e-08  1.23631313e+00  3.15685000e-08 -7.11539435e-06 
 3.15695000e-08  1.67168749e-06  3.15695000e-08  1.15701402e+00  3.15695000e-08 -8.09884658e-06 
 3.15705000e-08  1.71655873e-06  3.15705000e-08  1.07659614e+00  3.15705000e-08 -6.05225048e-06 
 3.15715000e-08  1.80896839e-06  3.15715000e-08  9.95054224e-01  3.15715000e-08 -2.61592171e-06 
 3.15725000e-08  1.51161206e-06  3.15725000e-08  9.12583040e-01  3.15725000e-08  2.92005605e-06 
 3.15735000e-08  8.11058007e-07  3.15735000e-08  8.29231667e-01  3.15735000e-08  7.95998293e-06 
 3.17505000e-08  9.22867267e-01  3.17505000e-08  3.90855557e-06  3.17505000e-08  2.70379910e-06 
 3.17515000e-08  9.63888182e-01  3.17515000e-08  3.98985937e-06  3.17515000e-08  2.68921676e-06 
 3.17525000e-08  1.00439549e+00  3.17525000e-08  3.49348035e-06  3.17525000e-08  2.55443931e-06 
 3.17535000e-08  1.04443499e+00  3.17535000e-08  3.59434739e-06  3.17535000e-08  2.54482879e-06 
 3.17545000e-08  1.08408385e+00  3.17545000e-08  3.12355867e-06  3.17545000e-08  2.41370248e-06 
 3.17555000e-08  1.12345040e+00  3.17555000e-08  3.24139432e-06  3.17555000e-08  2.40870553e-06 
 3.20065000e-08  1.94994859e+00  3.20065000e-08  8.58249151e-01  3.20065000e-08 -8.20329215e-05 
 3.20075000e-08  1.94994848e+00  3.20075000e-08  9.20087412e-01  3.20075000e-08 -1.08613362e-04 
 3.20085000e-08  1.94994922e+00  3.20085000e-08  9.81105445e-01  3.20085000e-08 -1.25936552e-04 
 3.20095000e-08  1.94994910e+00  3.20095000e-08  1.04128654e+00  3.20095000e-08 -1.36545555e-04 
 3.20105000e-08  1.94994982e+00  3.20105000e-08  1.10066586e+00  3.20105000e-08 -1.47591938e-04 
 3.20115000e-08  1.94994971e+00  3.20115000e-08  1.15942466e+00  3.20115000e-08 -1.61351270e-04 
 3.21275000e-08  1.94996988e+00  3.21275000e-08  1.94992418e+00  3.21275000e-08  9.00704038e-01 
 3.21285000e-08  1.94997007e+00  3.21285000e-08  1.94993215e+00  3.21285000e-08  9.60898165e-01 
 3.21295000e-08  1.94997001e+00  3.21295000e-08  1.94993727e+00  3.21295000e-08  1.02064922e+00 
 3.21305000e-08  1.94997037e+00  3.21305000e-08  1.94994464e+00  3.21305000e-08  1.08319137e+00 
 3.21315000e-08  1.94997050e+00  3.21315000e-08  1.94994576e+00  3.21315000e-08  1.15255718e+00 
 3.21325000e-08  1.94997088e+00  3.21325000e-08  1.94994419e+00  3.21325000e-08  1.22596396e+00 
 3.22865000e-08  1.17047514e+00  3.22865000e-08  1.94999847e+00  3.22865000e-08  1.94999436e+00 
 3.22875000e-08  1.11829963e+00  3.22875000e-08  1.94999819e+00  3.22875000e-08  1.94999101e+00 
 3.22885000e-08  1.06642743e+00  3.22885000e-08  1.94999850e+00  3.22885000e-08  1.94999580e+00 
 3.22895000e-08  1.01480233e+00  3.22895000e-08  1.94999823e+00  3.22895000e-08  1.94999057e+00 
 3.22905000e-08  9.63348923e-01  3.22905000e-08  1.94999854e+00  3.22905000e-08  1.94999359e+00 
 3.22915000e-08  9.12023359e-01  3.22915000e-08  1.94999827e+00  3.22915000e-08  1.94999074e+00 
 3.26905000e-08  1.33961640e-06  3.26905000e-08  1.23813225e+00  3.26905000e-08  1.94990643e+00 
 3.26915000e-08  1.66039583e-06  3.26915000e-08  1.15886339e+00  3.26915000e-08  1.94988881e+00 
 3.26925000e-08  1.71740461e-06  3.26925000e-08  1.07847754e+00  3.26925000e-08  1.94987446e+00 
 3.26935000e-08  1.79944707e-06  3.26935000e-08  9.96962380e-01  3.26935000e-08  1.94986873e+00 
 3.26945000e-08  1.53955470e-06  3.26945000e-08  9.14518231e-01  3.26945000e-08  1.94987645e+00 
 3.26955000e-08  8.53414951e-07  3.26955000e-08  8.31187223e-01  3.26955000e-08  1.94989888e+00 
 3.28725000e-08  9.20715233e-01  3.28725000e-08 -9.75279257e-06  3.28725000e-08  1.94996380e+00 
 3.28735000e-08  9.61763919e-01  3.28735000e-08 -9.53896573e-06  3.28735000e-08  1.94996417e+00 
 3.28745000e-08  1.00229703e+00  3.28745000e-08 -9.39990718e-06  3.28745000e-08  1.94996588e+00 
 3.28755000e-08  1.04235930e+00  3.28755000e-08 -9.18606454e-06  3.28755000e-08  1.94996620e+00 
 3.28765000e-08  1.08202597e+00  3.28765000e-08 -9.05116018e-06  3.28765000e-08  1.94996784e+00 
 3.28775000e-08  1.12140379e+00  3.28775000e-08 -8.83786107e-06  3.28775000e-08  1.94996812e+00 
 3.31285000e-08  1.94994857e+00  3.31285000e-08  8.56221243e-01  3.31285000e-08  1.94993028e+00 
 3.31295000e-08  1.94994849e+00  3.31295000e-08  9.17970471e-01  3.31295000e-08  1.94983522e+00 
 3.31305000e-08  1.94994920e+00  3.31305000e-08  9.78809119e-01  3.31305000e-08  1.94972623e+00 
 3.31315000e-08  1.94994912e+00  3.31315000e-08  1.03871724e+00  3.31315000e-08  1.94961638e+00 
 3.31325000e-08  1.94994980e+00  3.31325000e-08  1.09773996e+00  3.31325000e-08  1.94952202e+00 
 3.31335000e-08  1.94994971e+00  3.31335000e-08  1.15610342e+00  3.31335000e-08  1.94941370e+00 
 3.32635000e-08  1.94997154e+00  3.32635000e-08  1.94996815e+00  3.32635000e-08  1.17068840e+00 
 3.32645000e-08  1.94997159e+00  3.32645000e-08  1.94999559e+00  3.32645000e-08  1.11314404e+00 
 3.32655000e-08  1.94997136e+00  3.32655000e-08  1.95002211e+00  3.32655000e-08  1.05540767e+00 
 3.32665000e-08  1.94997147e+00  3.32665000e-08  1.95004718e+00  3.32665000e-08  9.97330176e-01 
 3.32675000e-08  1.94997146e+00  3.32675000e-08  1.95006480e+00  3.32675000e-08  9.38747739e-01 
 3.32685000e-08  1.94997191e+00  3.32685000e-08  1.95007931e+00  3.32685000e-08  8.79557561e-01 
 3.34085000e-08  1.17287446e+00  3.34085000e-08  1.94999860e+00  3.34085000e-08  2.31257699e-04 
 3.34095000e-08  1.12068596e+00  3.34095000e-08  1.94999821e+00  3.34095000e-08  2.23869756e-04 
 3.34105000e-08  1.06880087e+00  3.34105000e-08  1.94999862e+00  3.34105000e-08  2.16878646e-04 
 3.34115000e-08  1.01716825e+00  3.34115000e-08  1.94999823e+00  3.34115000e-08  2.09901531e-04 
 3.34125000e-08  9.65708002e-01  3.34125000e-08  1.94999864e+00  3.34125000e-08  2.03387162e-04 
 3.34135000e-08  9.14379304e-01  3.34135000e-08  1.94999825e+00  3.34135000e-08  1.96795279e-04 
 3.38125000e-08  1.33632121e-06  3.38125000e-08  1.24237311e+00  3.38125000e-08 -6.97517638e-06 
 3.38135000e-08  1.65775356e-06  3.38135000e-08  1.16316318e+00  3.38135000e-08 -8.17000296e-06 
 3.38145000e-08  1.71779991e-06  3.38145000e-08  1.08283810e+00  3.38145000e-08 -6.21687485e-06 
 3.38155000e-08  1.79888696e-06  3.38155000e-08  1.00137078e+00  3.38155000e-08 -3.03384958e-06 
 3.38165000e-08  1.54911803e-06  3.38165000e-08  9.18975319e-01  3.38165000e-08  2.56550858e-06 
 3.38175000e-08  8.66843728e-07  3.38175000e-08  8.35679238e-01  3.38175000e-08  7.47870512e-06 
 3.39945000e-08  9.19940045e-01  3.39945000e-08  3.98354929e-06  3.39945000e-08  2.84981054e-06 
 3.39955000e-08  9.60998748e-01  3.39955000e-08  3.94964497e-06  3.39955000e-08  2.55586422e-06 
 3.39965000e-08  1.00154118e+00  3.39965000e-08  3.56442498e-06  3.39965000e-08  2.69816212e-06 
 3.39975000e-08  1.04161171e+00  3.39975000e-08  3.55375931e-06  3.39975000e-08  2.41251956e-06 
 3.39985000e-08  1.08128485e+00  3.39985000e-08  3.19103989e-06  3.39985000e-08  2.55555509e-06 
 3.39995000e-08  1.12066682e+00  3.39995000e-08  3.20082712e-06  3.39995000e-08  2.27765061e-06 
 3.42505000e-08  1.94994855e+00  3.42505000e-08  8.53877882e-01  3.42505000e-08 -7.95621712e-05 
 3.42515000e-08  1.94994848e+00  3.42515000e-08  9.15770861e-01  3.42515000e-08 -1.08075263e-04 
 3.42525000e-08  1.94994917e+00  3.42525000e-08  9.76847647e-01  3.42525000e-08 -1.25889974e-04 
 3.42535000e-08  1.94994910e+00  3.42535000e-08  1.03708759e+00  3.42535000e-08 -1.36452222e-04 
 3.42545000e-08  1.94994978e+00  3.42545000e-08  1.09651881e+00  3.42545000e-08 -1.46334368e-04 
 3.42555000e-08  1.94994971e+00  3.42555000e-08  1.15531286e+00  3.42555000e-08 -1.60465081e-04 
 3.43715000e-08  1.94996989e+00  3.43715000e-08  1.94992359e+00  3.43715000e-08  8.96478884e-01 
 3.43725000e-08  1.94997006e+00  3.43725000e-08  1.94993181e+00  3.43725000e-08  9.56750788e-01 
 3.43735000e-08  1.94997000e+00  3.43735000e-08  1.94993674e+00  3.43735000e-08  1.01646919e+00 
 3.43745000e-08  1.94997034e+00  3.43745000e-08  1.94994407e+00  3.43745000e-08  1.07871121e+00 
 3.43755000e-08  1.94997048e+00  3.43755000e-08  1.94994628e+00  3.43755000e-08  1.14744986e+00 
 3.43765000e-08  1.94997086e+00  3.43765000e-08  1.94994412e+00  3.43765000e-08  1.22088881e+00 
 3.45305000e-08  1.17408585e+00  3.45305000e-08  1.94999849e+00  3.45305000e-08  1.94999297e+00 
 3.45315000e-08  1.12188912e+00  3.45315000e-08  1.94999817e+00  3.45315000e-08  1.94998508e+00 
 3.45325000e-08  1.06999593e+00  3.45325000e-08  1.94999852e+00  3.45325000e-08  1.94998990e+00 
 3.45335000e-08  1.01835791e+00  3.45335000e-08  1.94999821e+00  3.45335000e-08  1.94998581e+00 
 3.45345000e-08  9.66892792e-01  3.45345000e-08  1.94999855e+00  3.45345000e-08  1.94999337e+00 
 3.45355000e-08  9.15561338e-01  3.45355000e-08  1.94999825e+00  3.45355000e-08  1.94998593e+00 
 3.49345000e-08  1.32665710e-06  3.49345000e-08  1.24370899e+00  3.49345000e-08  1.94990757e+00 
 3.49355000e-08  1.64592318e-06  3.49355000e-08  1.16452237e+00  3.49355000e-08  1.94988997e+00 
 3.49365000e-08  1.71812523e-06  3.49365000e-08  1.08422188e+00  3.49365000e-08  1.94987521e+00 
 3.49375000e-08  1.78855588e-06  3.49375000e-08  1.00277563e+00  3.49375000e-08  1.94986870e+00 
 3.49385000e-08  1.57588359e-06  3.49385000e-08  9.20401349e-01  3.49385000e-08  1.94987539e+00 
 3.49395000e-08  9.07584177e-07  3.49395000e-08  8.37121623e-01  3.49395000e-08  1.94989674e+00 
 3.51165000e-08  9.17779874e-01  3.51165000e-08 -9.71055194e-06  3.51165000e-08  1.94996368e+00 
 3.51175000e-08  9.58866500e-01  3.51175000e-08 -9.60621426e-06  3.51175000e-08  1.94996414e+00 
 3.51185000e-08  9.99434984e-01  3.51185000e-08 -9.35915711e-06  3.51185000e-08  1.94996577e+00 
 3.51195000e-08  1.03952860e+00  3.51195000e-08 -9.25154817e-06  3.51195000e-08  1.94996617e+00 
 3.51205000e-08  1.07921998e+00  3.51205000e-08 -9.01180459e-06  3.51205000e-08  1.94996773e+00 
 3.51215000e-08  1.11861371e+00  3.51215000e-08 -8.90161841e-06  3.51215000e-08  1.94996809e+00 
 3.53725000e-08  1.94994853e+00  3.53725000e-08  8.51773452e-01  3.53725000e-08  1.94993628e+00 
 3.53735000e-08  1.94994848e+00  3.53735000e-08  9.13583795e-01  3.53735000e-08  1.94984251e+00 
 3.53745000e-08  1.94994916e+00  3.53745000e-08  9.74489308e-01  3.53745000e-08  1.94973405e+00 
 3.53755000e-08  1.94994911e+00  3.53755000e-08  1.03446362e+00  3.53755000e-08  1.94962410e+00 
 3.53765000e-08  1.94994976e+00  3.53765000e-08  1.09354522e+00  3.53765000e-08  1.94952964e+00 
 3.53775000e-08  1.94994971e+00  3.53775000e-08  1.15194276e+00  3.53775000e-08  1.94942194e+00 
 3.55075000e-08  1.94997155e+00  3.55075000e-08  1.94996611e+00  3.55075000e-08  1.17477123e+00 
 3.55085000e-08  1.94997159e+00  3.55085000e-08  1.94999392e+00  3.55085000e-08  1.11723054e+00 
 3.55095000e-08  1.94997137e+00  3.55095000e-08  1.95002002e+00  3.55095000e-08  1.05951635e+00 
 3.55105000e-08  1.94997146e+00  3.55105000e-08  1.95004579e+00  3.55105000e-08  1.00146579e+00 
 3.55115000e-08  1.94997145e+00  3.55115000e-08  1.95006346e+00  3.55115000e-08  9.42926360e-01 
 3.55125000e-08  1.94997187e+00  3.55125000e-08  1.95007868e+00  3.55125000e-08  8.83779990e-01 
 3.56525000e-08  1.17661649e+00  3.56525000e-08  1.94999862e+00  3.56525000e-08  2.32496150e-04 
 3.56535000e-08  1.12440593e+00  3.56535000e-08  1.94999818e+00  3.56535000e-08  2.23682596e-04 
 3.56545000e-08  1.07249890e+00  3.56545000e-08  1.94999864e+00  3.56545000e-08  2.18071335e-04 
 3.56555000e-08  1.02085269e+00  3.56555000e-08  1.94999821e+00  3.56555000e-08  2.09695568e-04 
 3.56565000e-08  9.69380152e-01  3.56565000e-08  1.94999866e+00  3.56565000e-08  2.04536319e-04 
 3.56575000e-08  9.18045277e-01  3.56575000e-08  1.94999823e+00  3.56575000e-08  1.96572188e-04 
 3.60565000e-08  1.32415308e-06  3.60565000e-08  1.24779421e+00  3.60565000e-08 -6.85624565e-06 
 3.60575000e-08  1.64265644e-06  3.60575000e-08  1.16866435e+00  3.60575000e-08 -8.21119115e-06 
 3.60585000e-08  1.71971580e-06  3.60585000e-08  1.08842222e+00  3.60585000e-08 -6.36411913e-06 
 3.60595000e-08  1.78606420e-06  3.60595000e-08  1.00702199e+00  3.60595000e-08 -3.38571317e-06 
 3.60605000e-08  1.58984420e-06  3.60605000e-08  9.24694718e-01  3.60605000e-08  2.23919424e-06 
 3.60615000e-08  9.28439292e-07  3.60615000e-08  8.41448520e-01  3.60615000e-08  7.06027344e-06 
 3.62385000e-08  9.16804236e-01  3.62385000e-08  4.04307515e-06  3.62385000e-08  2.94543058e-06 
 3.62395000e-08  9.57903487e-01  3.62395000e-08  3.92055790e-06  3.62395000e-08  2.47100153e-06 
 3.62405000e-08  9.98483776e-01  3.62405000e-08  3.62113486e-06  3.62405000e-08  2.79302999e-06 
 3.62415000e-08  1.03858788e+00  3.62415000e-08  3.52465046e-06  3.62415000e-08  2.32814561e-06 
 3.62425000e-08  1.07828876e+00  3.62425000e-08  3.24446254e-06  3.62425000e-08  2.64931082e-06 
 3.62435000e-08  1.11768916e+00  3.62435000e-08  3.17184663e-06  3.62435000e-08  2.19370056e-06 
 3.64945000e-08  1.94994850e+00  3.64945000e-08  8.49064716e-01  3.64945000e-08 -7.68656910e-05 
 3.64955000e-08  1.94994848e+00  3.64955000e-08  9.11016602e-01  3.64955000e-08 -1.06173054e-04 
 3.64965000e-08  1.94994913e+00  3.64965000e-08  9.72158591e-01  3.64965000e-08 -1.24463143e-04 
 3.64975000e-08  1.94994909e+00  3.64975000e-08  1.03246275e+00  3.64975000e-08 -1.36117133e-04 
 3.64985000e-08  1.94994974e+00  3.64985000e-08  1.09195271e+00  3.64985000e-08 -1.45009155e-04 
 3.64995000e-08  1.94994970e+00  3.64995000e-08  1.15078669e+00  3.64995000e-08 -1.59576880e-04 
 3.66155000e-08  1.94996989e+00  3.66155000e-08  1.94992314e+00  3.66155000e-08  8.91651216e-01 
 3.66165000e-08  1.94997005e+00  3.66165000e-08  1.94993122e+00  3.66165000e-08  9.52016879e-01 
 3.66175000e-08  1.94997000e+00  3.66175000e-08  1.94993633e+00  3.66175000e-08  1.01171441e+00 
 3.66185000e-08  1.94997031e+00  3.66185000e-08  1.94994318e+00  3.66185000e-08  1.07365394e+00 
 3.66195000e-08  1.94997047e+00  3.66195000e-08  1.94994702e+00  3.66195000e-08  1.14169248e+00 
 3.66205000e-08  1.94997083e+00  3.66205000e-08  1.94994390e+00  3.66205000e-08  1.21513829e+00 
 3.67745000e-08  1.17821370e+00  3.67745000e-08  1.94999847e+00  3.67745000e-08  1.94999336e+00 
 3.67755000e-08  1.12599259e+00  3.67755000e-08  1.94999818e+00  3.67755000e-08  1.94998274e+00 
 3.67765000e-08  1.07407509e+00  3.67765000e-08  1.94999851e+00  3.67765000e-08  1.94998974e+00 
 3.67775000e-08  1.02242194e+00  3.67775000e-08  1.94999822e+00  3.67775000e-08  1.94998355e+00 
 3.67785000e-08  9.70943169e-01  3.67785000e-08  1.94999854e+00  3.67785000e-08  1.94999361e+00 
 3.67795000e-08  9.19604817e-01  3.67795000e-08  1.94999825e+00  3.67795000e-08  1.94998358e+00 
 3.71785000e-08  1.31727781e-06  3.71785000e-08  1.24991943e+00  3.71785000e-08  1.94990891e+00 
 3.71795000e-08  1.62995190e-06  3.71795000e-08  1.17082797e+00  3.71795000e-08  1.94989133e+00 
 3.71805000e-08  1.72065521e-06  3.71805000e-08  1.09062552e+00  3.71805000e-08  1.94987616e+00 
 3.71815000e-08  1.77521143e-06  3.71815000e-08  1.00925858e+00  3.71815000e-08  1.94986877e+00 
 3.71825000e-08  1.62372057e-06  3.71825000e-08  9.26964683e-01  3.71825000e-08  1.94987434e+00 
 3.71835000e-08  9.79326815e-07  3.71835000e-08  8.43744019e-01  3.71835000e-08  1.94989448e+00 
 3.73605000e-08  9.14240173e-01  3.73605000e-08 -9.66534930e-06  3.73605000e-08  1.94996355e+00 
 3.73615000e-08  9.55372637e-01  3.73615000e-08 -9.67877625e-06  3.73615000e-08  1.94996411e+00 
 3.73625000e-08  9.95984054e-01  3.73625000e-08 -9.31572396e-06  3.73625000e-08  1.94996564e+00 
 3.73635000e-08  1.03611587e+00  3.73635000e-08 -9.32207930e-06  3.73635000e-08  1.94996614e+00 
 3.73645000e-08  1.07583720e+00  3.73645000e-08 -8.97001642e-06  3.73645000e-08  1.94996761e+00 
 3.73655000e-08  1.11524946e+00  3.73655000e-08 -8.97016593e-06  3.73655000e-08  1.94996806e+00 
 3.76175000e-08  1.94994849e+00  3.76175000e-08  9.08379169e-01  3.76175000e-08  1.94985109e+00 
 3.76185000e-08  1.94994911e+00  3.76185000e-08  9.69363546e-01  3.76185000e-08  1.94974332e+00 
 3.76195000e-08  1.94994911e+00  3.76195000e-08  1.02941661e+00  3.76195000e-08  1.94963326e+00 
 3.76205000e-08  1.94994971e+00  3.76205000e-08  1.08856914e+00  3.76205000e-08  1.94953830e+00 
 3.76215000e-08  1.94994971e+00  3.76215000e-08  1.14701042e+00  3.76215000e-08  1.94943155e+00 
 3.76225000e-08  1.94995030e+00  3.76225000e-08  1.20520676e+00  3.76225000e-08  1.94930813e+00 
 3.77515000e-08  1.94997157e+00  3.77515000e-08  1.94996369e+00  3.77515000e-08  1.17965989e+00 
 3.77525000e-08  1.94997159e+00  3.77525000e-08  1.94999191e+00  3.77525000e-08  1.12212269e+00 
 3.77535000e-08  1.94997138e+00  3.77535000e-08  1.95001752e+00  3.77535000e-08  1.06443359e+00 
 3.77545000e-08  1.94997145e+00  3.77545000e-08  1.95004409e+00  3.77545000e-08  1.00641428e+00 
 3.77555000e-08  1.94997144e+00  3.77555000e-08  1.95006185e+00  3.77555000e-08  9.47925208e-01 
 3.77565000e-08  1.94997183e+00  3.77565000e-08  1.95007787e+00  3.77565000e-08  8.88830784e-01 
 3.78965000e-08  1.18090933e+00  3.78965000e-08  1.94999864e+00  3.78965000e-08  2.34267993e-04 
 3.78975000e-08  1.12867333e+00  3.78975000e-08  1.94999817e+00  3.78975000e-08  2.23170438e-04 
 3.78985000e-08  1.07674074e+00  3.78985000e-08  1.94999866e+00  3.78985000e-08  2.19782094e-04 
 3.78995000e-08  1.02507851e+00  3.78995000e-08  1.94999819e+00  3.78995000e-08  2.09167264e-04 
 3.79005000e-08  9.73591564e-01  3.79005000e-08  1.94999867e+00  3.79005000e-08  2.06188797e-04 
 3.79015000e-08  9.22249388e-01  3.79015000e-08  1.94999822e+00  3.79015000e-08  1.96029599e-04 
 3.83005000e-08  1.31283388e-06  3.83005000e-08  1.25431455e+00  3.83005000e-08 -6.70683114e-06 
 3.83015000e-08  1.62546740e-06  3.83015000e-08  1.17528822e+00  3.83015000e-08 -8.24355821e-06 
 3.83025000e-08  1.72254675e-06  3.83025000e-08  1.09513987e+00  3.83025000e-08 -6.52437031e-06 
 3.83035000e-08  1.77171559e-06  3.83035000e-08  1.01382603e+00  3.83035000e-08 -3.79855771e-06 
 3.83045000e-08  1.63895341e-06  3.83045000e-08  9.31575630e-01  3.83045000e-08  1.84799801e-06 
 3.83055000e-08  1.00066272e-06  3.83055000e-08  8.48394623e-01  3.83055000e-08  6.55888593e-06 
 3.84825000e-08  9.13040923e-01  3.84825000e-08  4.10328578e-06  3.84825000e-08  3.03867061e-06 
 3.84835000e-08  9.54188914e-01  3.84835000e-08  3.89692449e-06  3.84835000e-08  2.39104975e-06 
 3.84845000e-08  9.94814830e-01  3.84845000e-08  3.67827565e-06  3.84845000e-08  2.88516381e-06 
 3.84855000e-08  1.03495967e+00  3.84855000e-08  3.50019323e-06  3.84855000e-08  2.24856283e-06 
 3.84865000e-08  1.07469165e+00  3.84865000e-08  3.29918078e-06  3.84865000e-08  2.74038289e-06 
 3.84875000e-08  1.11411167e+00  3.84875000e-08  3.14651285e-06  3.84875000e-08  2.11446787e-06 
 3.87395000e-08  1.94994849e+00  3.87395000e-08  9.05447227e-01  3.87395000e-08 -1.03771060e-04 
 3.87405000e-08  1.94994909e+00  3.87405000e-08  9.66664554e-01  3.87405000e-08 -1.22535502e-04 
 3.87415000e-08  1.94994912e+00  3.87415000e-08  1.02704216e+00  3.87415000e-08 -1.35548869e-04 
 3.87425000e-08  1.94994969e+00  3.87425000e-08  1.08660191e+00  3.87425000e-08 -1.43609531e-04 
 3.87435000e-08  1.94994972e+00  3.87435000e-08  1.14548509e+00  3.87435000e-08 -1.58572488e-04 
 3.87445000e-08  1.94995029e+00  3.87445000e-08  1.20397646e+00  3.87445000e-08 -1.73806044e-04 
 3.88595000e-08  1.94996990e+00  3.88595000e-08  1.94992273e+00  3.88595000e-08  8.86193893e-01 
 3.88605000e-08  1.94997004e+00  3.88605000e-08  1.94993046e+00  3.88605000e-08  9.46670248e-01 
 3.88615000e-08  1.94997000e+00  3.88615000e-08  1.94993593e+00  3.88615000e-08  1.00636203e+00 
 3.88625000e-08  1.94997028e+00  3.88625000e-08  1.94994205e+00  3.88625000e-08  1.06797938e+00 
 3.88635000e-08  1.94997045e+00  3.88635000e-08  1.94994793e+00  3.88635000e-08  1.13522140e+00 
 3.88645000e-08  1.94997081e+00  3.88645000e-08  1.94994359e+00  3.88645000e-08  1.20862925e+00 
 3.90185000e-08  1.18295808e+00  3.90185000e-08  1.94999845e+00  3.90185000e-08  1.94999259e+00 
 3.90195000e-08  1.13070888e+00  3.90195000e-08  1.94999820e+00  3.90195000e-08  1.94997888e+00 
 3.90205000e-08  1.07876299e+00  3.90205000e-08  1.94999848e+00  3.90205000e-08  1.94998823e+00 
 3.90215000e-08  1.02709200e+00  3.90215000e-08  1.94999824e+00  3.90215000e-08  1.94997993e+00 
 3.90225000e-08  9.75597171e-01  3.90225000e-08  1.94999852e+00  3.90225000e-08  1.94999296e+00 
 3.90235000e-08  9.24250686e-01  3.90235000e-08  1.94999827e+00  3.90235000e-08  1.94997998e+00 
 3.94225000e-08  1.29816796e-06  3.94225000e-08  1.25732248e+00  3.94225000e-08  1.94991051e+00 
 3.94235000e-08  1.61464739e-06  3.94235000e-08  1.17835193e+00  3.94235000e-08  1.94989296e+00 
 3.94245000e-08  1.72380552e-06  3.94245000e-08  1.09824894e+00  3.94245000e-08  1.94987736e+00 
 3.94255000e-08  1.76295444e-06  3.94255000e-08  1.01698324e+00  3.94255000e-08  1.94986895e+00 
 3.94265000e-08  1.66927618e-06  3.94265000e-08  9.34771112e-01  3.94265000e-08  1.94987321e+00 
 3.94275000e-08  1.04550205e-06  3.94275000e-08  8.51627827e-01  3.94275000e-08  1.94989189e+00 
 3.96045000e-08  9.10826986e-01  3.96045000e-08 -9.61097838e-06  3.96045000e-08  1.94996338e+00 
 3.96055000e-08  9.52003845e-01  3.96055000e-08 -9.76532817e-06  3.96055000e-08  1.94996408e+00 
 3.96065000e-08  9.92656680e-01  3.96065000e-08 -9.26257163e-06  3.96065000e-08  1.94996548e+00 
 3.96075000e-08  1.03282585e+00  3.96075000e-08 -9.40706111e-06  3.96075000e-08  1.94996612e+00 
 3.96085000e-08  1.07257771e+00  3.96085000e-08 -8.91801397e-06  3.96085000e-08  1.94996745e+00 
 3.96095000e-08  1.11201190e+00  3.96095000e-08 -9.05358785e-06  3.96095000e-08  1.94996804e+00 
 3.98615000e-08  1.94994849e+00  3.98615000e-08  9.03231942e-01  3.98615000e-08  1.94985931e+00 
 3.98625000e-08  1.94994903e+00  3.98625000e-08  9.64293828e-01  3.98625000e-08  1.94975267e+00 
 3.98635000e-08  1.94994913e+00  3.98635000e-08  1.02442487e+00  3.98635000e-08  1.94964235e+00 
 3.98645000e-08  1.94994965e+00  3.98645000e-08  1.08364364e+00  3.98645000e-08  1.94954652e+00 
 3.98655000e-08  1.94994974e+00  3.98655000e-08  1.14212636e+00  3.98655000e-08  1.94944100e+00 
 3.98665000e-08  1.94995026e+00  3.98665000e-08  1.20031246e+00  3.98665000e-08  1.94931843e+00 
 3.99955000e-08  1.94997159e+00  3.99955000e-08  1.94996149e+00  3.99955000e-08  1.18459931e+00 
 3.99965000e-08  1.94997158e+00  3.99965000e-08  1.94998965e+00  3.99965000e-08  1.12706483e+00 
 3.99975000e-08  1.94997141e+00  3.99975000e-08  1.95001521e+00  3.99975000e-08  1.06939937e+00 
 3.99985000e-08  1.94997144e+00  3.99985000e-08  1.95004209e+00  3.99985000e-08  1.01141061e+00 
 3.99995000e-08  1.94997144e+00  3.99995000e-08  1.95006043e+00  3.99995000e-08  9.52971047e-01 
 4.00005000e-08  1.94997178e+00  4.00005000e-08  1.95007679e+00  4.00005000e-08  8.93928615e-01 
 4.01405000e-08  1.18547613e+00  4.01405000e-08  1.94999861e+00  4.01405000e-08  2.36653884e-04 
 4.01415000e-08  1.13321279e+00  4.01415000e-08  1.94999819e+00  4.01415000e-08  2.22652253e-04 
 4.01425000e-08  1.08125258e+00  4.01425000e-08  1.94999863e+00  4.01425000e-08  2.22049091e-04 
 4.01435000e-08  1.02957271e+00  4.01435000e-08  1.94999822e+00  4.01435000e-08  2.08565950e-04 
 4.01445000e-08  9.78070049e-01  4.01445000e-08  1.94999865e+00  4.01445000e-08  2.08322102e-04 
 4.01455000e-08  9.26719850e-01  4.01455000e-08  1.94999824e+00  4.01455000e-08  1.95085292e-04 
 4.05445000e-08  1.29554518e-06  4.05445000e-08  1.26134132e+00  4.05445000e-08 -6.53614026e-06 
 4.05455000e-08  1.61272231e-06  4.05455000e-08  1.18243713e+00  4.05455000e-08 -8.27419887e-06 
 4.05465000e-08  1.72619871e-06  4.05465000e-08  1.10238509e+00  4.05465000e-08 -6.67954842e-06 
 4.05475000e-08  1.76136752e-06  4.05475000e-08  1.02117330e+00  4.05475000e-08 -4.23464019e-06 
 4.05485000e-08  1.68201288e-06  4.05485000e-08  9.39002263e-01  4.05485000e-08  1.42923456e-06 
 4.05495000e-08  1.06317044e-06  4.05495000e-08  8.55900037e-01  4.05495000e-08  6.01621089e-06 
 4.07265000e-08  9.09933308e-01  4.07265000e-08  4.17100576e-06  4.07265000e-08  3.12814306e-06 
 4.07275000e-08  9.51121831e-01  4.07275000e-08  3.86788610e-06  4.07275000e-08  2.31511724e-06 
 4.07285000e-08  9.91785565e-01  4.07285000e-08  3.74318839e-06  4.07285000e-08  2.97363479e-06 
 4.07295000e-08  1.03196461e+00  4.07295000e-08  3.46997720e-06  4.07295000e-08  2.17314084e-06 
 4.07305000e-08  1.07172456e+00  4.07305000e-08  3.36158339e-06  4.07305000e-08  2.82783043e-06 
 4.07315000e-08  1.11116438e+00  4.07315000e-08  3.11533175e-06  4.07315000e-08  2.03952748e-06 
 4.09835000e-08  1.94994850e+00  4.09835000e-08  9.00768149e-01  4.09835000e-08 -1.01920015e-04 
 4.09845000e-08  1.94994900e+00  4.09845000e-08  9.62050817e-01  4.09845000e-08 -1.21361026e-04 
 4.09855000e-08  1.94994912e+00  4.09855000e-08  1.02249415e+00  4.09855000e-08 -1.34994940e-04 
 4.09865000e-08  1.94994962e+00  4.09865000e-08  1.08210910e+00  4.09865000e-08 -1.42477316e-04 
 4.09875000e-08  1.94994974e+00  4.09875000e-08  1.14103138e+00  4.09875000e-08 -1.57616459e-04 
 4.09885000e-08  1.94995024e+00  4.09885000e-08  1.19953610e+00  4.09885000e-08 -1.72353588e-04 
 4.11035000e-08  1.94996992e+00  4.11035000e-08  1.94992240e+00  4.11035000e-08  8.81502568e-01 
 4.11045000e-08  1.94997002e+00  4.11045000e-08  1.94992981e+00  4.11045000e-08  9.42080144e-01 
 4.11055000e-08  1.94997001e+00  4.11055000e-08  1.94993559e+00  4.11055000e-08  1.00178216e+00 
 4.11065000e-08  1.94997024e+00  4.11065000e-08  1.94994130e+00  4.11065000e-08  1.06310013e+00 
 4.11075000e-08  1.94997045e+00  4.11075000e-08  1.94994838e+00  4.11075000e-08  1.12972130e+00 
 4.11085000e-08  1.94997077e+00  4.11085000e-08  1.94994341e+00  4.11085000e-08  1.20302687e+00 
 4.12625000e-08  1.18680092e+00  4.12625000e-08  1.94999842e+00  4.12625000e-08  1.94998583e+00 
 4.12635000e-08  1.13452876e+00  4.12635000e-08  1.94999822e+00  4.12635000e-08  1.94997666e+00 
 4.12645000e-08  1.08255982e+00  4.12645000e-08  1.94999846e+00  4.12645000e-08  1.94999144e+00 
 4.12655000e-08  1.03087387e+00  4.12655000e-08  1.94999826e+00  4.12655000e-08  1.94997706e+00 
 4.12665000e-08  9.79365967e-01  4.12665000e-08  1.94999849e+00  4.12665000e-08  1.94998714e+00 
 4.12675000e-08  9.28012577e-01  4.12675000e-08  1.94999830e+00  4.12675000e-08  1.94997833e+00 
 4.16665000e-08  1.27727321e-06  4.16665000e-08  1.26312326e+00  4.16665000e-08  1.94991174e+00 
 4.16675000e-08  1.59592753e-06  4.16675000e-08  1.18425387e+00  4.16675000e-08  1.94989428e+00 
 4.16685000e-08  1.72451428e-06  4.16685000e-08  1.10423059e+00  4.16685000e-08  1.94987834e+00 
 4.16695000e-08  1.74887150e-06  4.16695000e-08  1.02304924e+00  4.16695000e-08  1.94986920e+00 
 4.16705000e-08  1.71233609e-06  4.16705000e-08  9.40902869e-01  4.16705000e-08  1.94987242e+00 
 4.16715000e-08  1.10677475e-06  4.16715000e-08  8.57824903e-01  4.16715000e-08  1.94988998e+00 
 4.18495000e-08  9.49082622e-01  4.18495000e-08 -9.83292288e-06  4.18495000e-08  1.94996406e+00 
 4.18505000e-08  9.89771634e-01  4.18505000e-08 -9.22195342e-06  4.18505000e-08  1.94996534e+00 
 4.18515000e-08  1.02997357e+00  4.18515000e-08 -9.47355459e-06  4.18515000e-08  1.94996610e+00 
 4.18525000e-08  1.06975242e+00  4.18525000e-08 -8.87815410e-06  4.18525000e-08  1.94996732e+00 
 4.18535000e-08  1.10920543e+00  4.18535000e-08 -9.11897673e-06  4.18535000e-08  1.94996803e+00 
 4.18545000e-08  1.14846309e+00  4.18545000e-08 -8.53892224e-06  4.18545000e-08  1.94996918e+00 
 4.20000000e-08  1.94966420e+00  4.20000000e-08  3.33236887e-06  4.20000000e-08  1.94999927e+00 
