 time            v(b_out)        time            v(u_puf_u_core_sel_ro) time            v(q)           
 0.00000000e+00  4.68653885e-09  0.00000000e+00  2.46749734e-09  0.00000000e+00  2.46749746e-09 
 2.57750000e-09  9.09171779e-01  2.57750000e-09 -9.00157145e-08  2.57750000e-09  2.49525578e-09 
 2.57850000e-09  9.50769471e-01  2.57850000e-09 -8.30678756e-08  2.57850000e-09  2.49847348e-09 
 2.57950000e-09  9.91979160e-01  2.57950000e-09 -6.78421541e-08  2.57950000e-09  2.50297411e-09 
 2.58050000e-09  1.03280759e+00  2.58050000e-09 -4.60979141e-08  2.58050000e-09  2.49990562e-09 
 2.58150000e-09  1.07326724e+00  2.58150000e-09 -2.53592907e-08  2.58150000e-09  2.48551724e-09 
 2.58250000e-09  1.11335695e+00  2.58250000e-09 -7.62344396e-09  2.58250000e-09  2.47113502e-09 
 2.75450000e-09  1.94958673e+00  2.75450000e-09  8.69910705e-01  2.75450000e-09 -8.72974427e-05 
 2.75550000e-09  1.94959835e+00  2.75550000e-09  9.32471409e-01  2.75550000e-09 -1.13945703e-04 
 2.75650000e-09  1.94960869e+00  2.75650000e-09  9.94119969e-01  2.75650000e-09 -1.29779454e-04 
 2.75750000e-09  1.94961942e+00  2.75750000e-09  1.05485654e+00  2.75750000e-09 -1.39467005e-04 
 2.75850000e-09  1.94962895e+00  2.75850000e-09  1.11473362e+00  2.75850000e-09 -1.51390603e-04 
 2.75950000e-09  1.94963890e+00  2.75950000e-09  1.17396952e+00  2.75950000e-09 -1.65917497e-04 
 2.87550000e-09  1.94992485e+00  2.87550000e-09  1.94993249e+00  2.87550000e-09  9.04371012e-01 
 2.87650000e-09  1.94992525e+00  2.87650000e-09  1.94993906e+00  2.87650000e-09  9.64411884e-01 
 2.87750000e-09  1.94992592e+00  2.87750000e-09  1.94994576e+00  2.87750000e-09  1.02409682e+00 
 2.87850000e-09  1.94992631e+00  2.87850000e-09  1.94995208e+00  2.87850000e-09  1.08678635e+00 
 2.87950000e-09  1.94992696e+00  2.87950000e-09  1.94995376e+00  2.87950000e-09  1.15652552e+00 
 2.88050000e-09  1.94992734e+00  2.88050000e-09  1.94995161e+00  2.88050000e-09  1.22975823e+00 
 3.11450000e-09  1.13315107e+00  3.11450000e-09  1.95000013e+00  3.11450000e-09  1.94999914e+00 
 3.11550000e-09  1.08109870e+00  3.11550000e-09  1.95000003e+00  3.11550000e-09  1.94999758e+00 
 3.11650000e-09  1.02934592e+00  3.11650000e-09  1.95000006e+00  3.11650000e-09  1.94999862e+00 
 3.11750000e-09  9.77794448e-01  3.11750000e-09  1.94999996e+00  3.11750000e-09  1.94999769e+00 
 3.11850000e-09  9.26421176e-01  3.11850000e-09  1.94999998e+00  3.11850000e-09  1.94999918e+00 
 3.11950000e-09  8.75157302e-01  3.11950000e-09  1.94999988e+00  3.11950000e-09  1.94999770e+00 
 3.43550000e-09  1.93304957e-04  3.43550000e-09  1.15694398e+00  3.43550000e-09  1.94994401e+00 
 3.43650000e-09  1.89205448e-04  3.43650000e-09  1.10507825e+00  3.43650000e-09  1.94994003e+00 
 3.43750000e-09  1.85331503e-04  3.43750000e-09  1.05245318e+00  3.43750000e-09  1.94993930e+00 
 3.43850000e-09  1.81396641e-04  3.43850000e-09  9.99038911e-01  3.43850000e-09  1.94994414e+00 
 3.43950000e-09  1.77681109e-04  3.43950000e-09  9.44868355e-01  3.43950000e-09  1.94995463e+00 
 3.44050000e-09  1.73907578e-04  3.44050000e-09  8.89925408e-01  3.44050000e-09  1.94997199e+00 
 3.69950000e-09  9.08148893e-01  3.69950000e-09  2.12907728e-06  3.69950000e-09  1.94999589e+00 
 3.70050000e-09  9.49756433e-01  3.70050000e-09  1.73469364e-06  3.70050000e-09  1.94999627e+00 
 3.70150000e-09  9.90975201e-01  3.70150000e-09  2.05182270e-06  3.70150000e-09  1.94999610e+00 
 3.70250000e-09  1.03181292e+00  3.70250000e-09  1.68120235e-06  3.70250000e-09  1.94999646e+00 
 3.70350000e-09  1.07228142e+00  3.70350000e-09  2.00457911e-06  3.70350000e-09  1.94999629e+00 
 3.70450000e-09  1.11238046e+00  3.70450000e-09  1.64205959e-06  3.70450000e-09  1.94999664e+00 
 3.87650000e-09  1.94958641e+00  3.87650000e-09  8.95879265e-01  3.87650000e-09  1.94987267e+00 
 3.87750000e-09  1.94959801e+00  3.87750000e-09  9.57898213e-01  3.87750000e-09  1.94976611e+00 
 3.87850000e-09  1.94960838e+00  3.87850000e-09  1.01889852e+00  3.87850000e-09  1.94965340e+00 
 3.87950000e-09  1.94961910e+00  3.87950000e-09  1.07891319e+00  3.87950000e-09  1.94955310e+00 
 3.88050000e-09  1.94962866e+00  3.88050000e-09  1.13806261e+00  3.88050000e-09  1.94944874e+00 
 3.88150000e-09  1.94963860e+00  3.88150000e-09  1.19678339e+00  3.88150000e-09  1.94932689e+00 
 4.01050000e-09  1.94993121e+00  4.01050000e-09  1.94996835e+00  4.01050000e-09  1.18818262e+00 
 4.01150000e-09  1.94993178e+00  4.01150000e-09  1.94999631e+00  4.01150000e-09  1.13064993e+00 
 4.01250000e-09  1.94993212e+00  4.01250000e-09  1.95002312e+00  4.01250000e-09  1.07300124e+00 
 4.01350000e-09  1.94993268e+00  4.01350000e-09  1.95005000e+00  4.01350000e-09  1.01503416e+00 
 4.01450000e-09  1.94993300e+00  4.01450000e-09  1.95006820e+00  4.01450000e-09  9.56630582e-01 
 4.01550000e-09  1.94993355e+00  4.01550000e-09  1.95008462e+00  4.01550000e-09  8.97626650e-01 
 4.23650000e-09  1.13465027e+00  4.23650000e-09  1.94999983e+00  4.23650000e-09  1.47791825e-05 
 4.23750000e-09  1.08258885e+00  4.23750000e-09  1.94999997e+00  4.23750000e-09  1.93002497e-05 
 4.23850000e-09  1.03082993e+00  4.23850000e-09  1.94999975e+00  4.23850000e-09  1.35767946e-05 
 4.23950000e-09  9.79273082e-01  4.23950000e-09  1.94999987e+00  4.23950000e-09  1.80244814e-05 
 4.24050000e-09  9.27896739e-01  4.24050000e-09  1.94999969e+00  4.24050000e-09  1.27721100e-05 
 4.24150000e-09  8.76629606e-01  4.24150000e-09  1.94999983e+00  4.24150000e-09  1.72209510e-05 
 4.55750000e-09  1.93430583e-04  4.55750000e-09  1.15841735e+00  4.55750000e-09 -2.30865942e-06 
 4.55850000e-09  1.89317955e-04  4.55850000e-09  1.10657271e+00  4.55850000e-09 -2.41602586e-06 
 4.55950000e-09  1.85451227e-04  4.55950000e-09  1.05396775e+00  4.55950000e-09 -2.33653931e-08 
 4.56050000e-09  1.81503566e-04  4.56050000e-09  1.00057471e+00  4.56050000e-09  1.01895509e-06 
 4.56150000e-09  1.77796671e-04  4.56150000e-09  9.46424598e-01  4.56150000e-09  4.01902066e-06 
 4.56250000e-09  1.74011483e-04  4.56250000e-09  8.91503061e-01  4.56250000e-09  5.81936434e-06 
 4.82150000e-09  9.07108993e-01  4.82150000e-09  3.77485182e-06  4.82150000e-09  1.07380720e-06 
 4.82250000e-09  9.48726696e-01  4.82250000e-09  3.27132402e-06  4.82250000e-09  4.43902036e-08 
 4.82350000e-09  9.89954867e-01  4.82350000e-09  3.61449980e-06  4.82350000e-09  1.09403581e-06 
 4.82450000e-09  1.03080201e+00  4.82450000e-09  3.13619852e-06  4.82450000e-09  1.99959699e-09 
 4.82550000e-09  1.07127959e+00  4.82550000e-09  3.48780897e-06  4.82550000e-09  1.02629724e-06 
 4.82650000e-09  1.11138789e+00  4.82650000e-09  3.02220116e-06  4.82650000e-09  1.02068523e-08 
 4.99850000e-09  1.94958615e+00  4.99850000e-09  8.93096689e-01  4.99850000e-09 -9.96011033e-05 
 4.99950000e-09  1.94959772e+00  4.99950000e-09  9.55329148e-01  4.99950000e-09 -1.21157381e-04 
 5.00050000e-09  1.94960813e+00  5.00050000e-09  1.01663175e+00  5.00050000e-09 -1.36086696e-04 
 5.00150000e-09  1.94961883e+00  5.00150000e-09  1.07704067e+00  5.00150000e-09 -1.43360644e-04 
 5.00250000e-09  1.94962843e+00  5.00250000e-09  1.13664894e+00  5.00250000e-09 -1.58288674e-04 
 5.00350000e-09  1.94963835e+00  5.00350000e-09  1.19573729e+00  5.00350000e-09 -1.72860365e-04 
 5.11850000e-09  1.94992414e+00  5.11850000e-09  1.94993310e+00  5.11850000e-09  8.77505221e-01 
 5.11950000e-09  1.94992481e+00  5.11950000e-09  1.94994048e+00  5.11950000e-09  9.38175257e-01 
 5.12050000e-09  1.94992523e+00  5.12050000e-09  1.94994584e+00  5.12050000e-09  9.97897596e-01 
 5.12150000e-09  1.94992588e+00  5.12150000e-09  1.94995179e+00  5.12150000e-09  1.05892545e+00 
 5.12250000e-09  1.94992629e+00  5.12250000e-09  1.94995835e+00  5.12250000e-09  1.12510830e+00 
 5.12350000e-09  1.94992693e+00  5.12350000e-09  1.94995370e+00  5.12350000e-09  1.19824975e+00 
 5.35850000e-09  1.13622887e+00  5.35850000e-09  1.95000006e+00  5.35850000e-09  1.94999134e+00 
 5.35950000e-09  1.08415681e+00  5.35950000e-09  1.95000008e+00  5.35950000e-09  1.94999508e+00 
 5.36050000e-09  1.03239035e+00  5.36050000e-09  1.94999999e+00  5.36050000e-09  1.94999201e+00 
 5.36150000e-09  9.80826731e-01  5.36150000e-09  1.95000001e+00  5.36150000e-09  1.94999724e+00 
 5.36250000e-09  9.29446106e-01  5.36250000e-09  1.94999992e+00  5.36250000e-09  1.94999226e+00 
 5.36350000e-09  8.78174844e-01  5.36350000e-09  1.94999992e+00  5.36350000e-09  1.94999587e+00 
 5.67950000e-09  1.93514247e-04  5.67950000e-09  1.15941507e+00  5.67950000e-09  1.94994444e+00 
 5.68050000e-09  1.89389976e-04  5.68050000e-09  1.10758756e+00  5.68050000e-09  1.94993998e+00 
 5.68150000e-09  1.85531547e-04  5.68150000e-09  1.05499885e+00  5.68150000e-09  1.94993939e+00 
 5.68250000e-09  1.81572494e-04  5.68250000e-09  1.00162263e+00  5.68250000e-09  1.94994360e+00 
 5.68350000e-09  1.77873723e-04  5.68350000e-09  9.47488104e-01  5.68350000e-09  1.94995415e+00 
 5.68450000e-09  1.74077452e-04  5.68450000e-09  8.92582104e-01  5.68450000e-09  1.94997084e+00 
 5.94350000e-09  9.05631666e-01  5.94350000e-09  2.11055932e-06  5.94350000e-09  1.94999585e+00 
 5.94450000e-09  9.47263702e-01  5.94450000e-09  1.75689482e-06  5.94450000e-09  1.94999630e+00 
 5.94550000e-09  9.88505227e-01  5.94550000e-09  2.03242733e-06  5.94550000e-09  1.94999606e+00 
 5.94650000e-09  1.02936576e+00  5.94650000e-09  1.70197070e-06  5.94650000e-09  1.94999649e+00 
 5.94750000e-09  1.06985622e+00  5.94750000e-09  1.98520750e-06  5.94750000e-09  1.94999625e+00 
 5.94850000e-09  1.10997764e+00  5.94850000e-09  1.66262559e-06  5.94850000e-09  1.94999667e+00 
 6.12050000e-09  1.94958577e+00  6.12050000e-09  8.92060186e-01  6.12050000e-09  1.94987868e+00 
 6.12150000e-09  1.94959730e+00  6.12150000e-09  9.54139792e-01  6.12150000e-09  1.94977298e+00 
 6.12250000e-09  1.94960778e+00  6.12250000e-09  1.01519897e+00  6.12250000e-09  1.94966013e+00 
 6.12350000e-09  1.94961844e+00  6.12350000e-09  1.07526906e+00  6.12350000e-09  1.94955888e+00 
 6.12450000e-09  1.94962811e+00  6.12450000e-09  1.13446219e+00  6.12450000e-09  1.94945566e+00 
 6.12550000e-09  1.94963800e+00  6.12550000e-09  1.19318975e+00  6.12550000e-09  1.94933498e+00 
 6.25450000e-09  1.94993120e+00  6.25450000e-09  1.94996681e+00  6.25450000e-09  1.19175416e+00 
 6.25550000e-09  1.94993174e+00  6.25550000e-09  1.94999462e+00  6.25550000e-09  1.13422246e+00 
 6.25650000e-09  1.94993211e+00  6.25650000e-09  1.95002148e+00  6.25650000e-09  1.07658942e+00 
 6.25750000e-09  1.94993264e+00  6.25750000e-09  1.95004854e+00  6.25750000e-09  1.01864310e+00 
 6.25850000e-09  1.94993299e+00  6.25850000e-09  1.95006724e+00  6.25850000e-09  9.60274028e-01 
 6.25950000e-09  1.94993351e+00  6.25950000e-09  1.95008376e+00  6.25950000e-09  9.01306924e-01 
 6.48050000e-09  1.13805960e+00  6.48050000e-09  1.94999985e+00  6.48050000e-09  1.42594919e-05 
 6.48150000e-09  1.08597629e+00  6.48150000e-09  1.94999997e+00  6.48150000e-09  1.99625720e-05 
 6.48250000e-09  1.03420209e+00  6.48250000e-09  1.94999978e+00  6.48250000e-09  1.30455583e-05 
 6.48350000e-09  9.82631699e-01  6.48350000e-09  1.94999988e+00  6.48350000e-09  1.86487564e-05 
 6.48450000e-09  9.31247145e-01  6.48450000e-09  1.94999972e+00  6.48450000e-09  1.22677677e-05 
 6.48550000e-09  8.79971803e-01  6.48550000e-09  1.94999984e+00  6.48550000e-09  1.78549424e-05 
 6.80150000e-09  1.93680611e-04  6.80150000e-09  1.16142666e+00  6.80150000e-09 -2.30731999e-06 
 6.80250000e-09  1.89541819e-04  6.80250000e-09  1.10962857e+00  6.80250000e-09 -2.50884569e-06 
 6.80350000e-09  1.85691770e-04  6.80350000e-09  1.05706784e+00  6.80350000e-09 -1.01254554e-07 
 6.80450000e-09  1.81720091e-04  6.80450000e-09  1.00372112e+00  6.80450000e-09  8.77014552e-07 
 6.80550000e-09  1.78028617e-04  6.80550000e-09  9.49614818e-01  6.80550000e-09  3.90402269e-06 
 6.80650000e-09  1.74216974e-04  6.80650000e-09  8.94738280e-01  6.80650000e-09  5.65490131e-06 
 7.06550000e-09  9.04663912e-01  7.06550000e-09  3.76806696e-06  7.06550000e-09  1.02383404e-06 
 7.06650000e-09  9.46305340e-01  7.06650000e-09  3.28764117e-06  7.06650000e-09  7.20106534e-08 
 7.06750000e-09  9.87555624e-01  7.06750000e-09  3.60659501e-06  7.06750000e-09  1.04251834e-06 
 7.06850000e-09  1.02842493e+00  7.06850000e-09  3.15120581e-06  7.06850000e-09  3.10883364e-08 
 7.06950000e-09  1.06892383e+00  7.06950000e-09  3.47980626e-06  7.06950000e-09  9.77826918e-07 
 7.07050000e-09  1.10905384e+00  7.07050000e-09  3.03687830e-06  7.07050000e-09  3.78667528e-08 
 7.24250000e-09  1.94958552e+00  7.24250000e-09  8.89465709e-01  7.24250000e-09 -9.79189352e-05 
 7.24350000e-09  1.94959703e+00  7.24350000e-09  9.51749727e-01  7.24350000e-09 -1.20185162e-04 
 7.24450000e-09  1.94960756e+00  7.24450000e-09  1.01310905e+00  7.24450000e-09 -1.35397783e-04 
 7.24550000e-09  1.94961819e+00  7.24550000e-09  1.07357086e+00  7.24550000e-09 -1.42974712e-04 
 7.24650000e-09  1.94962791e+00  7.24650000e-09  1.13321335e+00  7.24650000e-09 -1.57250224e-04 
 7.24750000e-09  1.94963776e+00  7.24750000e-09  1.19231469e+00  7.24750000e-09 -1.71770823e-04 
 7.36250000e-09  1.94992413e+00  7.36250000e-09  1.94993286e+00  7.36250000e-09  8.73868433e-01 
 7.36350000e-09  1.94992476e+00  7.36350000e-09  1.94994000e+00  7.36350000e-09  9.34622878e-01 
 7.36450000e-09  1.94992522e+00  7.36450000e-09  1.94994557e+00  7.36450000e-09  9.94368759e-01 
 7.36550000e-09  1.94992583e+00  7.36550000e-09  1.94995152e+00  7.36550000e-09  1.05516705e+00 
 7.36650000e-09  1.94992628e+00  7.36650000e-09  1.94995818e+00  7.36650000e-09  1.12094242e+00 
 7.36750000e-09  1.94992688e+00  7.36750000e-09  1.94995369e+00  7.36750000e-09  1.19389896e+00 
 7.60250000e-09  1.13915973e+00  7.60250000e-09  1.95000009e+00  7.60250000e-09  1.94999235e+00 
 7.60350000e-09  1.08706878e+00  7.60350000e-09  1.95000010e+00  7.60350000e-09  1.94999571e+00 
 7.60450000e-09  1.03528913e+00  7.60450000e-09  1.95000004e+00  7.60450000e-09  1.94999297e+00 
 7.60550000e-09  9.83713779e-01  7.60550000e-09  1.95000003e+00  7.60550000e-09  1.94999757e+00 
 7.60650000e-09  9.32326060e-01  7.60650000e-09  1.94999996e+00  7.60650000e-09  1.94999311e+00 
 7.60750000e-09  8.81047694e-01  7.60750000e-09  1.94999993e+00  7.60750000e-09  1.94999629e+00 
 7.92350000e-09  1.93754788e-04  7.92350000e-09  1.16236032e+00  7.92350000e-09  1.94994473e+00 
 7.92450000e-09  1.89611428e-04  7.92450000e-09  1.11057842e+00  7.92450000e-09  1.94994018e+00 
 7.92550000e-09  1.85762637e-04  7.92550000e-09  1.05803308e+00  7.92550000e-09  1.94993927e+00 
 7.92650000e-09  1.81786266e-04  7.92650000e-09  1.00470227e+00  7.92650000e-09  1.94994323e+00 
 7.92750000e-09  1.78097335e-04  7.92750000e-09  9.50610713e-01  7.92750000e-09  1.94995335e+00 
 7.92850000e-09  1.74281799e-04  7.92850000e-09  8.95748855e-01  7.92850000e-09  1.94996974e+00 
 8.18750000e-09  9.04023379e-01  8.18750000e-09  2.08847315e-06  8.18750000e-09  1.94999580e+00 
 8.18850000e-09  9.45671023e-01  8.18850000e-09  1.78353101e-06  8.18850000e-09  1.94999633e+00 
 8.18950000e-09  9.86927106e-01  8.18950000e-09  2.00988066e-06  8.18950000e-09  1.94999601e+00 
 8.19050000e-09  1.02780222e+00  8.19050000e-09  1.72762266e-06  8.19050000e-09  1.94999653e+00 
 8.19150000e-09  1.06830670e+00  8.19150000e-09  1.96279480e-06  8.19150000e-09  1.94999620e+00 
 8.19250000e-09  1.10844240e+00  8.19250000e-09  1.68784316e-06  8.19250000e-09  1.94999671e+00 
 8.36450000e-09  1.94958536e+00  8.36450000e-09  8.89664869e-01  8.36450000e-09  1.94988243e+00 
 8.36550000e-09  1.94959685e+00  8.36550000e-09  9.51782188e-01  8.36550000e-09  1.94977728e+00 
 8.36650000e-09  1.94960741e+00  8.36650000e-09  1.01288064e+00  8.36650000e-09  1.94966451e+00 
 8.36750000e-09  1.94961803e+00  8.36750000e-09  1.07298743e+00  8.36750000e-09  1.94956244e+00 
 8.36850000e-09  1.94962777e+00  8.36850000e-09  1.13220896e+00  8.36850000e-09  1.94945988e+00 
 8.36950000e-09  1.94963761e+00  8.36950000e-09  1.19092100e+00  8.36950000e-09  1.94934025e+00 
 8.49850000e-09  1.94993119e+00  8.49850000e-09  1.94996585e+00  8.49850000e-09  1.19403569e+00 
 8.49950000e-09  1.94993171e+00  8.49950000e-09  1.94999354e+00  8.49950000e-09  1.13650437e+00 
 8.50050000e-09  1.94993210e+00  8.50050000e-09  1.95002044e+00  8.50050000e-09  1.07888094e+00 
 8.50150000e-09  1.94993261e+00  8.50150000e-09  1.95004756e+00  8.50150000e-09  1.02094756e+00 
 8.50250000e-09  1.94993298e+00  8.50250000e-09  1.95006661e+00  8.50250000e-09  9.62600336e-01 
 8.50350000e-09  1.94993348e+00  8.50350000e-09  1.95008321e+00  8.50350000e-09  9.03656617e-01 
 8.72450000e-09  1.13938264e+00  8.72450000e-09  1.94999988e+00  8.72450000e-09  1.47799546e-05 
 8.72550000e-09  1.08729031e+00  8.72550000e-09  1.94999997e+00  8.72550000e-09  1.93958612e-05 
 8.72650000e-09  1.03550971e+00  8.72650000e-09  1.94999981e+00  8.72650000e-09  1.35884919e-05 
 8.72750000e-09  9.83933629e-01  8.72750000e-09  1.94999989e+00  8.72750000e-09  1.81382717e-05 
 8.72850000e-09  9.32545518e-01  8.72850000e-09  1.94999976e+00  8.72850000e-09  1.27718182e-05 
 8.72950000e-09  8.81266752e-01  8.72950000e-09  1.94999985e+00  8.72950000e-09  1.73055031e-05 
 9.04550000e-09  1.93778341e-04  9.04550000e-09  1.16270790e+00  9.04550000e-09 -2.40712430e-06 
 9.04650000e-09  1.89633392e-04  9.04650000e-09  1.11092967e+00  9.04650000e-09 -2.44788851e-06 
 9.04750000e-09  1.85785474e-04  9.04750000e-09  1.05838784e+00  9.04750000e-09 -2.33323207e-07 
 9.04850000e-09  1.81807797e-04  9.04850000e-09  1.00506090e+00  9.04850000e-09  9.05605425e-07 
 9.04950000e-09  1.78118964e-04  9.04950000e-09  9.50973304e-01  9.04950000e-09  3.77467138e-06 
 9.05050000e-09  1.74301759e-04  9.05050000e-09  8.96115965e-01  9.05050000e-09  5.66584528e-06 
 9.30950000e-09  9.03596058e-01  9.30950000e-09  3.76480885e-06  9.30950000e-09  9.68154150e-07 
 9.31050000e-09  9.45247834e-01  9.31050000e-09  3.29541698e-06  9.31050000e-09  5.07020222e-08 
 9.31150000e-09  9.86507779e-01  9.31150000e-09  3.60096122e-06  9.31150000e-09  9.38718502e-07 
 9.31250000e-09  1.02738676e+00  9.31250000e-09  3.15920157e-06  9.31250000e-09  4.27672587e-08 
 9.31350000e-09  1.06789496e+00  9.31350000e-09  3.47463787e-06  9.31350000e-09  9.25033084e-07 
 9.31450000e-09  1.10803444e+00  9.31450000e-09  3.04462008e-06  9.31450000e-09  6.36784798e-08 
 9.48650000e-09  1.94958525e+00  9.48650000e-09  8.87913194e-01  9.48650000e-09 -9.71827621e-05 
 9.48750000e-09  1.94959673e+00  9.48750000e-09  9.50219193e-01  9.48750000e-09 -1.19768438e-04 
 9.48850000e-09  1.94960731e+00  9.48850000e-09  1.01160157e+00  9.48850000e-09 -1.35061051e-04 
 9.48950000e-09  1.94961792e+00  9.48950000e-09  1.07208494e+00  9.48950000e-09 -1.42799919e-04 
 9.49050000e-09  1.94962768e+00  9.49050000e-09  1.13174519e+00  9.49050000e-09 -1.56870718e-04 
 9.49150000e-09  1.94963751e+00  9.49150000e-09  1.19084197e+00  9.49150000e-09 -1.71124380e-04 
 9.60650000e-09  1.94992412e+00  9.60650000e-09  1.94993275e+00  9.60650000e-09  8.72294096e-01 
 9.60750000e-09  1.94992474e+00  9.60750000e-09  1.94993980e+00  9.60750000e-09  9.33085266e-01 
 9.60850000e-09  1.94992521e+00  9.60850000e-09  1.94994545e+00  9.60850000e-09  9.92842728e-01 
 9.60950000e-09  1.94992582e+00  9.60950000e-09  1.94995140e+00  9.60950000e-09  1.05355093e+00 
 9.61050000e-09  1.94992627e+00  9.61050000e-09  1.94995810e+00  9.61050000e-09  1.11914966e+00 
 9.61150000e-09  1.94992686e+00  9.61150000e-09  1.94995370e+00  9.61150000e-09  1.19201483e+00 
 9.84650000e-09  1.14026769e+00  9.84650000e-09  1.95000009e+00  9.84650000e-09  1.94999260e+00 
 9.84750000e-09  1.08816943e+00  9.84750000e-09  1.95000009e+00  9.84750000e-09  1.94999578e+00 
 9.84850000e-09  1.03638462e+00  9.84850000e-09  1.95000005e+00  9.84850000e-09  1.94999315e+00 
 9.84950000e-09  9.84804688e-01  9.84950000e-09  1.95000003e+00  9.84950000e-09  1.94999751e+00 
 9.85050000e-09  9.33414158e-01  9.85050000e-09  1.94999997e+00  9.85050000e-09  1.94999335e+00 
 9.85150000e-09  8.82133005e-01  9.85150000e-09  1.94999994e+00  9.85150000e-09  1.94999638e+00 
 1.01675000e-08  1.93810569e-04  1.01675000e-08  1.16298357e+00  1.01675000e-08  1.94994478e+00 
 1.01685000e-08  1.89662456e-04  1.01685000e-08  1.11121129e+00  1.01685000e-08  1.94994023e+00 
 1.01695000e-08  1.85816684e-04  1.01695000e-08  1.05867509e+00  1.01695000e-08  1.94993924e+00 
 1.01705000e-08  1.81835929e-04  1.01705000e-08  1.00535385e+00  1.01705000e-08  1.94994316e+00 
 1.01715000e-08  1.78148558e-04  1.01715000e-08  9.51271358e-01  1.01715000e-08  1.94995317e+00 
 1.01725000e-08  1.74328070e-04  1.01725000e-08  8.96418819e-01  1.01725000e-08  1.94996951e+00 
 1.04325000e-08  9.43621531e-01  1.04325000e-08  1.78878435e-06  1.04325000e-08  1.94999634e+00 
 1.04335000e-08  9.84896380e-01  1.04335000e-08  2.00491737e-06  1.04335000e-08  1.94999600e+00 
 1.04345000e-08  1.02579027e+00  1.04345000e-08  1.73217756e-06  1.04345000e-08  1.94999653e+00 
 1.04355000e-08  1.06631281e+00  1.04355000e-08  1.95759775e-06  1.04355000e-08  1.94999620e+00 
 1.04365000e-08  1.10646685e+00  1.04365000e-08  1.69239409e-06  1.04365000e-08  1.94999671e+00 
 1.04375000e-08  1.14624762e+00  1.04375000e-08  1.91162455e-06  1.04375000e-08  1.94999638e+00 
 1.06085000e-08  1.94958482e+00  1.06085000e-08  8.86697349e-01  1.06085000e-08  1.94988704e+00 
 1.06095000e-08  1.94959627e+00  1.06095000e-08  9.48860986e-01  1.06095000e-08  1.94978260e+00 
 1.06105000e-08  1.94960692e+00  1.06105000e-08  1.01000778e+00  1.06105000e-08  1.94966998e+00 
 1.06115000e-08  1.94961749e+00  1.06115000e-08  1.07015566e+00  1.06115000e-08  1.94956685e+00 
 1.06125000e-08  1.94962732e+00  1.06125000e-08  1.12940848e+00  1.06125000e-08  1.94946528e+00 
 1.06135000e-08  1.94963711e+00  1.06135000e-08  1.18813035e+00  1.06135000e-08  1.94934650e+00 
 1.07425000e-08  1.94993118e+00  1.07425000e-08  1.94996468e+00  1.07425000e-08  1.19678066e+00 
 1.07435000e-08  1.94993168e+00  1.07435000e-08  1.94999221e+00  1.07435000e-08  1.13924973e+00 
 1.07445000e-08  1.94993209e+00  1.07445000e-08  1.95001915e+00  1.07445000e-08  1.08163761e+00 
 1.07455000e-08  1.94993258e+00  1.07455000e-08  1.95004634e+00  1.07455000e-08  1.02371961e+00 
 1.07465000e-08  1.94993297e+00  1.07465000e-08  1.95006579e+00  1.07465000e-08  9.65398502e-01 
 1.07475000e-08  1.94993345e+00  1.07475000e-08  1.95008250e+00  1.07475000e-08  9.06482905e-01 
 1.09685000e-08  1.14231684e+00  1.09685000e-08  1.94999990e+00  1.09685000e-08  1.51058425e-05 
 1.09695000e-08  1.09020665e+00  1.09695000e-08  1.94999996e+00  1.09695000e-08  1.86475136e-05 
 1.09705000e-08  1.03841077e+00  1.09705000e-08  1.94999985e+00  1.09705000e-08  1.41981000e-05 
 1.09715000e-08  9.86823742e-01  1.09715000e-08  1.94999989e+00  1.09715000e-08  1.77415231e-05 
 1.09725000e-08  9.35426672e-01  1.09725000e-08  1.94999979e+00  1.09725000e-08  1.30974170e-05 
 1.09735000e-08  8.84141627e-01  1.09735000e-08  1.94999985e+00  1.09735000e-08  1.65840184e-05 
 1.12895000e-08  1.93974391e-04  1.12895000e-08  1.16499196e+00  1.12895000e-08 -2.52367430e-06 
 1.12905000e-08  1.89816359e-04  1.12905000e-08  1.11324910e+00  1.12905000e-08 -2.40488403e-06 
 1.12915000e-08  1.85973609e-04  1.12915000e-08  1.06074087e+00  1.12915000e-08 -4.07391051e-07 
 1.12925000e-08  1.81983241e-04  1.12925000e-08  1.00744912e+00  1.12925000e-08  8.97897032e-07 
 1.12935000e-08  1.78298971e-04  1.12935000e-08  9.53394881e-01  1.12935000e-08  3.59193364e-06 
 1.12945000e-08  1.74467864e-04  1.12945000e-08  8.98571769e-01  1.12945000e-08  5.62757082e-06 
 1.15545000e-08  9.42116089e-01  1.15545000e-08  3.31299603e-06  1.15545000e-08  1.07364072e-07 
 1.15555000e-08  9.83404631e-01  1.15555000e-08  3.58963671e-06  1.15555000e-08  8.74829611e-07 
 1.15565000e-08  1.02431249e+00  1.15565000e-08  3.17577784e-06  1.15565000e-08  8.95371267e-08 
 1.15575000e-08  1.06484818e+00  1.15575000e-08  3.46294142e-06  1.15575000e-08  8.58129798e-07 
 1.15585000e-08  1.10501581e+00  1.15585000e-08  3.06081888e-06  1.15585000e-08  1.05080920e-07 
 1.15595000e-08  1.14481023e+00  1.15595000e-08  3.34257202e-06  1.15595000e-08  8.70029153e-07 
 1.17305000e-08  1.94958444e+00  1.17305000e-08  8.83139008e-01  1.17305000e-08 -9.48918268e-05 
 1.17315000e-08  1.94959584e+00  1.17315000e-08  9.45512046e-01  1.17315000e-08 -1.18448870e-04 
 1.17325000e-08  1.94960656e+00  1.17325000e-08  1.00696499e+00  1.17325000e-08 -1.34043218e-04 
 1.17335000e-08  1.94961709e+00  1.17335000e-08  1.06751126e+00  1.17335000e-08 -1.42165683e-04 
 1.17345000e-08  1.94962699e+00  1.17345000e-08  1.12722317e+00  1.17345000e-08 -1.55686773e-04 
 1.17355000e-08  1.94963673e+00  1.17355000e-08  1.18634998e+00  1.17355000e-08 -1.69937674e-04 
 1.18505000e-08  1.94992410e+00  1.18505000e-08  1.94993243e+00  1.18505000e-08  8.67535435e-01 
 1.18515000e-08  1.94992468e+00  1.18515000e-08  1.94993917e+00  1.18515000e-08  9.28440431e-01 
 1.18525000e-08  1.94992519e+00  1.18525000e-08  1.94994506e+00  1.18525000e-08  9.88239440e-01 
 1.18535000e-08  1.94992575e+00  1.18535000e-08  1.94995100e+00  1.18535000e-08  1.04870705e+00 
 1.18545000e-08  1.94992626e+00  1.18545000e-08  1.94995778e+00  1.18545000e-08  1.11377967e+00 
 1.18555000e-08  1.94992680e+00  1.18555000e-08  1.94995379e+00  1.18555000e-08  1.18632599e+00 
 1.20905000e-08  1.14440939e+00  1.20905000e-08  1.95000011e+00  1.20905000e-08  1.94999491e+00 
 1.20915000e-08  1.09228710e+00  1.20915000e-08  1.95000008e+00  1.20915000e-08  1.94999847e+00 
 1.20925000e-08  1.04047965e+00  1.20925000e-08  1.95000007e+00  1.20925000e-08  1.94999499e+00 
 1.20935000e-08  9.88885433e-01  1.20935000e-08  1.95000002e+00  1.20935000e-08  1.94999743e+00 
 1.20945000e-08  9.37481474e-01  1.20945000e-08  1.94999999e+00  1.20945000e-08  1.94999515e+00 
 1.20955000e-08  8.86192542e-01  1.20955000e-08  1.94999994e+00  1.20955000e-08  1.94999853e+00 
 1.24115000e-08  1.94147087e-04  1.24115000e-08  1.16717001e+00  1.24115000e-08  1.94994521e+00 
 1.24125000e-08  1.89978447e-04  1.24125000e-08  1.11546259e+00  1.24125000e-08  1.94994053e+00 
 1.24135000e-08  1.86138740e-04  1.24135000e-08  1.06298809e+00  1.24135000e-08  1.94993912e+00 
 1.24145000e-08  1.82137944e-04  1.24145000e-08  1.00973146e+00  1.24145000e-08  1.94994266e+00 
 1.24155000e-08  1.78457828e-04  1.24155000e-08  9.55710203e-01  1.24155000e-08  1.94995209e+00 
 1.24165000e-08  1.74617309e-04  1.24165000e-08  9.00920519e-01  1.24165000e-08  1.94996797e+00 
 1.26765000e-08  9.40323457e-01  1.26765000e-08  1.82236497e-06  1.26765000e-08  1.94999632e+00 
 1.26775000e-08  9.81628118e-01  1.26775000e-08  1.97695975e-06  1.26775000e-08  1.94999601e+00 
 1.26785000e-08  1.02255279e+00  1.26785000e-08  1.76408393e-06  1.26785000e-08  1.94999651e+00 
 1.26795000e-08  1.06310392e+00  1.26795000e-08  1.92940686e-06  1.26795000e-08  1.94999620e+00 
 1.26805000e-08  1.10328790e+00  1.26805000e-08  1.72373119e-06  1.26805000e-08  1.94999669e+00 
 1.26815000e-08  1.14309833e+00  1.26815000e-08  1.88413105e-06  1.26815000e-08  1.94999638e+00 
 1.28525000e-08  1.94958398e+00  1.28525000e-08  8.81594361e-01  1.28525000e-08  1.94989489e+00 
 1.28535000e-08  1.94959532e+00  1.28535000e-08  9.43837643e-01  1.28535000e-08  1.94979173e+00 
 1.28545000e-08  1.94960614e+00  1.28545000e-08  1.00506782e+00  1.28545000e-08  1.94967923e+00 
 1.28555000e-08  1.94961661e+00  1.28555000e-08  1.06529481e+00  1.28555000e-08  1.94957410e+00 
 1.28565000e-08  1.94962660e+00  1.28565000e-08  1.12461332e+00  1.28565000e-08  1.94947420e+00 
 1.28575000e-08  1.94963629e+00  1.28575000e-08  1.18337808e+00  1.28575000e-08  1.94935669e+00 
 1.29875000e-08  1.94993162e+00  1.29875000e-08  1.94999003e+00  1.29875000e-08  1.14379248e+00 
 1.29885000e-08  1.94993207e+00  1.29885000e-08  1.95001707e+00  1.29885000e-08  1.08619833e+00 
 1.29895000e-08  1.94993252e+00  1.29895000e-08  1.95004435e+00  1.29895000e-08  1.02830533e+00 
 1.29905000e-08  1.94993296e+00  1.29905000e-08  1.95006450e+00  1.29905000e-08  9.70026894e-01 
 1.29915000e-08  1.94993340e+00  1.29915000e-08  1.95008136e+00  1.29915000e-08  9.11157737e-01 
 1.29925000e-08  1.94993383e+00  1.29925000e-08  1.95009116e+00  1.29925000e-08  8.51667571e-01 
 1.32125000e-08  1.14647651e+00  1.32125000e-08  1.94999999e+00  1.32125000e-08  1.58189440e-05 
 1.32135000e-08  1.09434224e+00  1.32135000e-08  1.95000000e+00  1.32135000e-08  1.79737802e-05 
 1.32145000e-08  1.04252328e+00  1.32145000e-08  1.94999994e+00  1.32145000e-08  1.48567356e-05 
 1.32155000e-08  9.90921906e-01  1.32155000e-08  1.94999994e+00  1.32155000e-08  1.70216078e-05 
 1.32165000e-08  9.39511106e-01  1.32165000e-08  1.94999988e+00  1.32165000e-08  1.37864201e-05 
 1.32175000e-08  8.88218320e-01  1.32175000e-08  1.94999988e+00  1.32175000e-08  1.59211489e-05 
 1.35335000e-08  1.94320863e-04  1.35335000e-08  1.16934712e+00  1.35335000e-08 -2.70212265e-06 
 1.35345000e-08  1.90142923e-04  1.35345000e-08  1.11767179e+00  1.35345000e-08 -2.34896443e-06 
 1.35355000e-08  1.86305361e-04  1.35355000e-08  1.06522777e+00  1.35355000e-08 -6.96910120e-07 
 1.35365000e-08  1.82295564e-04  1.35365000e-08  1.01200326e+00  1.35365000e-08  8.57404270e-07 
 1.35375000e-08  1.78617574e-04  1.35375000e-08  9.58012751e-01  1.35375000e-08  3.27756978e-06 
 1.35385000e-08  1.74768417e-04  1.35385000e-08  9.03255098e-01  1.35385000e-08  5.52744144e-06 
 1.37985000e-08  9.39204077e-01  1.37985000e-08  3.34793606e-06  1.37985000e-08  1.83087811e-07 
 1.37995000e-08  9.80518824e-01  1.37995000e-08  3.56796593e-06  1.37995000e-08  7.52174109e-07 
 1.38005000e-08  1.02145399e+00  1.38005000e-08  3.20942122e-06  1.38005000e-08  1.80038020e-07 
 1.38015000e-08  1.06201479e+00  1.38015000e-08  3.44097596e-06  1.38015000e-08  7.52219145e-07 
 1.38025000e-08  1.10220895e+00  1.38025000e-08  3.09260529e-06  1.38025000e-08  1.51288873e-07 
 1.38035000e-08  1.14202938e+00  1.38035000e-08  3.32027184e-06  1.38035000e-08  7.11575009e-07 
 1.39745000e-08  1.94958369e+00  1.39745000e-08  8.78729943e-01  1.39745000e-08 -9.27217263e-05 
 1.39755000e-08  1.94959500e+00  1.39755000e-08  9.41162972e-01  1.39755000e-08 -1.17152229e-04 
 1.39765000e-08  1.94960588e+00  1.39765000e-08  1.00267948e+00  1.39765000e-08 -1.33035495e-04 
 1.39775000e-08  1.94961630e+00  1.39775000e-08  1.06329149e+00  1.39775000e-08 -1.41764338e-04 
 1.39785000e-08  1.94962636e+00  1.39785000e-08  1.12305941e+00  1.39785000e-08 -1.54700941e-04 
 1.39795000e-08  1.94963601e+00  1.39795000e-08  1.18221651e+00  1.39795000e-08 -1.68833096e-04 
 1.40945000e-08  1.94992409e+00  1.40945000e-08  1.94993218e+00  1.40945000e-08  8.63150525e-01 
 1.40955000e-08  1.94992462e+00  1.40955000e-08  1.94993862e+00  1.40955000e-08  9.24161367e-01 
 1.40965000e-08  1.94992518e+00  1.40965000e-08  1.94994475e+00  1.40965000e-08  9.84004440e-01 
 1.40975000e-08  1.94992570e+00  1.40975000e-08  1.94995063e+00  1.40975000e-08  1.04428763e+00 
 1.40985000e-08  1.94992624e+00  1.40985000e-08  1.94995750e+00  1.40985000e-08  1.10889421e+00 
 1.40995000e-08  1.94992674e+00  1.40995000e-08  1.94995400e+00  1.40995000e-08  1.18108578e+00 
 1.43345000e-08  1.14738535e+00  1.43345000e-08  1.95000012e+00  1.43345000e-08  1.94999564e+00 
 1.43355000e-08  1.09524580e+00  1.43355000e-08  1.95000006e+00  1.43355000e-08  1.94999758e+00 
 1.43365000e-08  1.04342177e+00  1.43365000e-08  1.95000008e+00  1.43365000e-08  1.94999589e+00 
 1.43375000e-08  9.91817248e-01  1.43375000e-08  1.95000000e+00  1.43375000e-08  1.94999851e+00 
 1.43385000e-08  9.40403440e-01  1.43385000e-08  1.95000000e+00  1.43385000e-08  1.94999582e+00 
 1.43395000e-08  8.89108962e-01  1.43395000e-08  1.94999993e+00  1.43395000e-08  1.94999766e+00 
 1.46555000e-08  1.94395035e-04  1.46555000e-08  1.17027044e+00  1.46555000e-08  1.94994553e+00 
 1.46565000e-08  1.90213465e-04  1.46565000e-08  1.11861113e+00  1.46565000e-08  1.94994077e+00 
 1.46575000e-08  1.86376861e-04  1.46575000e-08  1.06618237e+00  1.46575000e-08  1.94993905e+00 
 1.46585000e-08  1.82363370e-04  1.46585000e-08  1.01297366e+00  1.46585000e-08  1.94994231e+00 
 1.46595000e-08  1.78686179e-04  1.46595000e-08  9.58997847e-01  1.46595000e-08  1.94995131e+00 
 1.46605000e-08  1.74833425e-04  1.46605000e-08  9.04254842e-01  1.46605000e-08  1.94996686e+00 
 1.49205000e-08  9.38139347e-01  1.49205000e-08  1.84534914e-06  1.49205000e-08  1.94999630e+00 
 1.49215000e-08  9.79463422e-01  1.49215000e-08  1.95830632e-06  1.49215000e-08  1.94999601e+00 
 1.49225000e-08  1.02040881e+00  1.49225000e-08  1.78590621e-06  1.49225000e-08  1.94999649e+00 
 1.49235000e-08  1.06097857e+00  1.49235000e-08  1.91055781e-06  1.49235000e-08  1.94999621e+00 
 1.49245000e-08  1.10118279e+00  1.49245000e-08  1.74511739e-06  1.49245000e-08  1.94999667e+00 
 1.49255000e-08  1.14101270e+00  1.49255000e-08  1.86574060e-06  1.49255000e-08  1.94999639e+00 
 1.50965000e-08  1.94958344e+00  1.50965000e-08  8.78320848e-01  1.50965000e-08  1.94989968e+00 
 1.50975000e-08  1.94959470e+00  1.50975000e-08  9.40612744e-01  1.50975000e-08  1.94979741e+00 
 1.50985000e-08  1.94960565e+00  1.50985000e-08  1.00189420e+00  1.50985000e-08  1.94968506e+00 
 1.50995000e-08  1.94961603e+00  1.50995000e-08  1.06217639e+00  1.50995000e-08  1.94957857e+00 
 1.51005000e-08  1.94962615e+00  1.51005000e-08  1.12154073e+00  1.51005000e-08  1.94947971e+00 
 1.51015000e-08  1.94963575e+00  1.51015000e-08  1.18030328e+00  1.51015000e-08  1.94936349e+00 
 1.52315000e-08  1.94993158e+00  1.52315000e-08  1.94998856e+00  1.52315000e-08  1.14689098e+00 
 1.52325000e-08  1.94993207e+00  1.52325000e-08  1.95001566e+00  1.52325000e-08  1.08930789e+00 
 1.52335000e-08  1.94993248e+00  1.52335000e-08  1.95004299e+00  1.52335000e-08  1.03143107e+00 
 1.52345000e-08  1.94993295e+00  1.52345000e-08  1.95006360e+00  1.52345000e-08  9.73180600e-01 
 1.52355000e-08  1.94993336e+00  1.52355000e-08  1.95008056e+00  1.52355000e-08  9.14342418e-01 
 1.52365000e-08  1.94993382e+00  1.52365000e-08  1.95009081e+00  1.52365000e-08  8.54890527e-01 
 1.54565000e-08  1.14879721e+00  1.54565000e-08  1.95000004e+00  1.54565000e-08  1.61865315e-05 
 1.54575000e-08  1.09664945e+00  1.54575000e-08  1.95000001e+00  1.54575000e-08  1.76586120e-05 
 1.54585000e-08  1.04481752e+00  1.54585000e-08  1.94999999e+00  1.54585000e-08  1.51994422e-05 
 1.54595000e-08  9.93208060e-01  1.54595000e-08  1.94999996e+00  1.54595000e-08  1.66823470e-05 
 1.54605000e-08  9.41789554e-01  1.54605000e-08  1.94999993e+00  1.54605000e-08  1.41389981e-05 
 1.54615000e-08  8.90492435e-01  1.54615000e-08  1.94999989e+00  1.54615000e-08  1.56068675e-05 
 1.57775000e-08  1.94487309e-04  1.57775000e-08  1.17137161e+00  1.57775000e-08 -2.79800177e-06 
 1.57785000e-08  1.90300262e-04  1.57785000e-08  1.11972769e+00  1.57785000e-08 -2.30912202e-06 
 1.57795000e-08  1.86465297e-04  1.57795000e-08  1.06731351e+00  1.57795000e-08 -8.44030183e-07 
 1.57805000e-08  1.82446526e-04  1.57805000e-08  1.01412029e+00  1.57805000e-08  8.50146086e-07 
 1.57815000e-08  1.78770928e-04  1.57815000e-08  9.60159428e-01  1.57815000e-08  3.11987257e-06 
 1.57825000e-08  1.74913107e-04  1.57825000e-08  9.05432255e-01  1.57825000e-08  5.49123265e-06 
 1.60425000e-08  9.37357521e-01  1.60425000e-08  3.36475441e-06  1.60425000e-08  2.23673829e-07 
 1.60435000e-08  9.78688666e-01  1.60435000e-08  3.55711789e-06  1.60435000e-08  6.90099469e-07 
 1.60445000e-08  1.01964138e+00  1.60445000e-08  3.22522618e-06  1.60445000e-08  2.18738180e-07 
 1.60455000e-08  1.06021790e+00  1.60455000e-08  3.42975146e-06  1.60455000e-08  6.88415402e-07 
 1.60465000e-08  1.10042920e+00  1.60465000e-08  3.10813662e-06  1.60465000e-08  1.90999081e-07 
 1.60475000e-08  1.14026607e+00  1.60475000e-08  3.30929642e-06  1.60475000e-08  6.50574154e-07 
 1.62185000e-08  1.94958325e+00  1.62185000e-08  8.76024294e-01  1.62185000e-08 -9.13766927e-05 
 1.62195000e-08  1.94959448e+00  1.62195000e-08  9.38495015e-01  1.62195000e-08 -1.16361793e-04 
 1.62205000e-08  1.94960547e+00  1.62205000e-08  1.00004899e+00  1.62205000e-08 -1.32368530e-04 
 1.62215000e-08  1.94961582e+00  1.62215000e-08  1.06069676e+00  1.62215000e-08 -1.41406132e-04 
 1.62225000e-08  1.94962599e+00  1.62225000e-08  1.12049727e+00  1.62225000e-08 -1.54091268e-04 
 1.62235000e-08  1.94963556e+00  1.62235000e-08  1.17967379e+00  1.62235000e-08 -1.68198082e-04 
 1.63385000e-08  1.94992408e+00  1.63385000e-08  1.94993201e+00  1.63385000e-08  8.60552088e-01 
 1.63395000e-08  1.94992458e+00  1.63395000e-08  1.94993827e+00  1.63395000e-08  9.21631089e-01 
 1.63405000e-08  1.94992517e+00  1.63405000e-08  1.94994453e+00  1.63405000e-08  9.81507196e-01 
 1.63415000e-08  1.94992566e+00  1.63415000e-08  1.94995038e+00  1.63415000e-08  1.04169924e+00 
 1.63425000e-08  1.94992623e+00  1.63425000e-08  1.94995727e+00  1.63425000e-08  1.10604439e+00 
 1.63435000e-08  1.94992671e+00  1.63435000e-08  1.94995413e+00  1.63435000e-08  1.17800225e+00 
 1.65785000e-08  1.15023342e+00  1.65785000e-08  1.95000012e+00  1.65785000e-08  1.94999645e+00 
 1.65795000e-08  1.09807729e+00  1.65795000e-08  1.95000005e+00  1.65795000e-08  1.94999870e+00 
 1.65805000e-08  1.04623727e+00  1.65805000e-08  1.95000007e+00  1.65805000e-08  1.94999650e+00 
 1.65815000e-08  9.94622745e-01  1.65815000e-08  1.94999997e+00  1.65815000e-08  1.94999794e+00 
 1.65825000e-08  9.43199428e-01  1.65825000e-08  1.94999998e+00  1.65825000e-08  1.94999658e+00 
 1.65835000e-08  8.91899602e-01  1.65835000e-08  1.94999990e+00  1.65835000e-08  1.94999872e+00 
 1.68645000e-08  4.04902219e-04  1.68645000e-08  2.00576926e+00  1.68645000e-08  1.94999911e+00 
 1.68995000e-08  1.94603878e-04  1.68995000e-08  1.17281250e+00  1.68995000e-08  1.94994581e+00 
 1.69005000e-08  1.90410800e-04  1.69005000e-08  1.12119265e+00  1.69005000e-08  1.94994097e+00 
 1.69015000e-08  1.86576740e-04  1.69015000e-08  1.06880140e+00  1.69015000e-08  1.94993901e+00 
 1.69025000e-08  1.82550882e-04  1.69025000e-08  1.01563200e+00  1.69025000e-08  1.94994204e+00 
 1.69035000e-08  1.78876033e-04  1.69035000e-08  9.61693483e-01  1.69035000e-08  1.94995069e+00 
 1.69045000e-08  1.75013592e-04  1.69045000e-08  9.06988810e-01  1.69045000e-08  1.94996596e+00 
 1.71645000e-08  9.35722359e-01  1.71645000e-08  1.86399923e-06  1.71645000e-08  1.94999628e+00 
 1.71655000e-08  9.77068326e-01  1.71655000e-08  1.94309522e-06  1.71655000e-08  1.94999602e+00 
 1.71665000e-08  1.01803632e+00  1.71665000e-08  1.80338632e-06  1.71665000e-08  1.94999648e+00 
 1.71675000e-08  1.05862700e+00  1.71675000e-08  1.89507381e-06  1.71675000e-08  1.94999621e+00 
 1.71685000e-08  1.09885305e+00  1.71685000e-08  1.76225521e-06  1.71685000e-08  1.94999666e+00 
 1.71695000e-08  1.13870446e+00  1.71695000e-08  1.85069174e-06  1.71695000e-08  1.94999639e+00 
 1.73405000e-08  1.94958284e+00  1.73405000e-08  8.74787449e-01  1.73405000e-08  1.94989801e+00 
 1.73415000e-08  1.94959401e+00  1.73415000e-08  9.37133906e-01  1.73415000e-08  1.94979803e+00 
 1.73425000e-08  1.94960510e+00  1.73425000e-08  9.98472861e-01  1.73425000e-08  1.94968692e+00 
 1.73435000e-08  1.94961539e+00  1.73435000e-08  1.05881026e+00  1.73435000e-08  1.94957998e+00 
 1.73445000e-08  1.94962564e+00  1.73445000e-08  1.11822035e+00  1.73445000e-08  1.94948287e+00 
 1.73455000e-08  1.94963516e+00  1.73455000e-08  1.17700279e+00  1.73455000e-08  1.94936818e+00 
 1.74755000e-08  1.94993154e+00  1.74755000e-08  1.94998683e+00  1.74755000e-08  1.15002675e+00 
 1.74765000e-08  1.94993206e+00  1.74765000e-08  1.95001415e+00  1.74765000e-08  1.09245276e+00 
 1.74775000e-08  1.94993244e+00  1.74775000e-08  1.95004162e+00  1.74775000e-08  1.03459221e+00 
 1.74785000e-08  1.94993294e+00  1.74785000e-08  1.95006276e+00  1.74785000e-08  9.76367146e-01 
 1.74795000e-08  1.94993332e+00  1.74795000e-08  1.95007981e+00  1.74795000e-08  9.17559374e-01 
 1.74805000e-08  1.94993381e+00  1.74805000e-08  1.95009051e+00  1.74805000e-08  8.58143036e-01 
 1.77005000e-08  1.15245955e+00  1.77005000e-08  1.95000004e+00  1.77005000e-08  1.64333906e-05 
 1.77015000e-08  1.10029036e+00  1.77015000e-08  1.94999998e+00  1.77015000e-08  1.73665495e-05 
 1.77025000e-08  1.04843771e+00  1.77025000e-08  1.94999999e+00  1.77025000e-08  1.54209021e-05 
 1.77035000e-08  9.96815251e-01  1.77035000e-08  1.94999993e+00  1.77035000e-08  1.63623949e-05 
 1.77045000e-08  9.45384421e-01  1.77045000e-08  1.94999993e+00  1.77045000e-08  1.44221095e-05 
 1.77055000e-08  8.94080352e-01  1.77055000e-08  1.94999986e+00  1.77055000e-08  1.53591724e-05 
 1.80215000e-08  1.94777137e-04  1.80215000e-08  1.17490010e+00  1.80215000e-08 -2.89082549e-06 
 1.80225000e-08  1.90575188e-04  1.80225000e-08  1.12331101e+00  1.80225000e-08 -2.30483033e-06 
 1.80235000e-08  1.86743185e-04  1.80235000e-08  1.07094893e+00  1.80235000e-08 -1.02665453e-06 
 1.80245000e-08  1.82708806e-04  1.80245000e-08  1.01781030e+00  1.80245000e-08  7.78619653e-07 
 1.80255000e-08  1.79035844e-04  1.80255000e-08  9.63901236e-01  1.80255000e-08  2.90374818e-06 
 1.80265000e-08  1.75164971e-04  1.80265000e-08  9.09227298e-01  1.80265000e-08  5.37142470e-06 
 1.82865000e-08  9.33986347e-01  1.82865000e-08  3.40206897e-06  1.82865000e-08  2.78546396e-07 
 1.82875000e-08  9.75348438e-01  1.82875000e-08  3.53043861e-06  1.82875000e-08  5.68701512e-07 
 1.82885000e-08  1.01633235e+00  1.82885000e-08  3.26044577e-06  1.82885000e-08  2.76654893e-07 
 1.82895000e-08  1.05693842e+00  1.82895000e-08  3.40253182e-06  1.82895000e-08  5.64051405e-07 
 1.82905000e-08  1.09717978e+00  1.82905000e-08  3.14279324e-06  1.82905000e-08  2.54554828e-07 
 1.82915000e-08  1.13704695e+00  1.82915000e-08  3.28275750e-06  1.82915000e-08  5.35588019e-07 
 1.84625000e-08  1.94958237e+00  1.84625000e-08  8.70997268e-01  1.84625000e-08 -8.88438861e-05 
 1.84635000e-08  1.94959350e+00  1.84635000e-08  9.33537746e-01  1.84635000e-08 -1.14844018e-04 
 1.84645000e-08  1.94960467e+00  1.84645000e-08  9.95165983e-01  1.84645000e-08 -1.31226054e-04 
 1.84655000e-08  1.94961492e+00  1.84655000e-08  1.05588516e+00  1.84655000e-08 -1.40807689e-04 
 1.84665000e-08  1.94962525e+00  1.84665000e-08  1.11574725e+00  1.84665000e-08 -1.52922284e-04 
 1.84675000e-08  1.94963472e+00  1.84675000e-08  1.17496200e+00  1.84675000e-08 -1.67008819e-04 
 1.85825000e-08  1.94992405e+00  1.85825000e-08  1.94993176e+00  1.85825000e-08  8.55619448e-01 
 1.85835000e-08  1.94992451e+00  1.85835000e-08  1.94993763e+00  1.85835000e-08  9.16824096e-01 
 1.85845000e-08  1.94992515e+00  1.85845000e-08  1.94994415e+00  1.85845000e-08  9.76763813e-01 
 1.85855000e-08  1.94992559e+00  1.85855000e-08  1.94994990e+00  1.85855000e-08  1.03680626e+00 
 1.85865000e-08  1.94992621e+00  1.85865000e-08  1.94995682e+00  1.85865000e-08  1.10067833e+00 
 1.85875000e-08  1.94992664e+00  1.85875000e-08  1.94995449e+00  1.85875000e-08  1.17213455e+00 
 1.88225000e-08  1.15453693e+00  1.88225000e-08  1.95000011e+00  1.88225000e-08  1.94999747e+00 
 1.88235000e-08  1.10235548e+00  1.88235000e-08  1.95000001e+00  1.88235000e-08  1.94999830e+00 
 1.88245000e-08  1.05049097e+00  1.88245000e-08  1.95000005e+00  1.88245000e-08  1.94999760e+00 
 1.88255000e-08  9.98860995e-01  1.88255000e-08  1.94999995e+00  1.88255000e-08  1.94999881e+00 
 1.88265000e-08  9.47423102e-01  1.88265000e-08  1.94999997e+00  1.88265000e-08  1.94999752e+00 
 1.88275000e-08  8.96115019e-01  1.88275000e-08  1.94999989e+00  1.88275000e-08  1.94999830e+00 
 1.91435000e-08  1.94942243e-04  1.91435000e-08  1.17694036e+00  1.91435000e-08  1.94994626e+00 
 1.91445000e-08  1.90731135e-04  1.91445000e-08  1.12538467e+00  1.91445000e-08  1.94994130e+00 
 1.91455000e-08  1.86900273e-04  1.91455000e-08  1.07305439e+00  1.91455000e-08  1.94993898e+00 
 1.91465000e-08  1.82858952e-04  1.91465000e-08  1.01994889e+00  1.91465000e-08  1.94994162e+00 
 1.91475000e-08  1.79187727e-04  1.91475000e-08  9.66071044e-01  1.91475000e-08  1.94994973e+00 
 1.91485000e-08  1.75309462e-04  1.91485000e-08  9.11428752e-01  1.91485000e-08  1.94996452e+00 
 1.94085000e-08  9.32404344e-01  1.94085000e-08  1.91230719e-06  1.94085000e-08  1.94999628e+00 
 1.94095000e-08  9.73781162e-01  1.94095000e-08  1.90081281e-06  1.94095000e-08  1.94999600e+00 
 1.94105000e-08  1.01477958e+00  1.94105000e-08  1.84968056e-06  1.94105000e-08  1.94999648e+00 
 1.94115000e-08  1.05540018e+00  1.94115000e-08  1.85269605e-06  1.94115000e-08  1.94999619e+00 
 1.94125000e-08  1.09565598e+00  1.94125000e-08  1.80765908e-06  1.94125000e-08  1.94999666e+00 
 1.94135000e-08  1.13553752e+00  1.94135000e-08  1.80921948e-06  1.94135000e-08  1.94999638e+00 
 1.95845000e-08  1.94958195e+00  1.95845000e-08  8.69814574e-01  1.95845000e-08  1.94990868e+00 
 1.95855000e-08  1.94959304e+00  1.95855000e-08  9.32239530e-01  1.95855000e-08  1.94980922e+00 
 1.95865000e-08  1.94960428e+00  1.95865000e-08  9.93661369e-01  1.95865000e-08  1.94969796e+00 
 1.95875000e-08  1.94961449e+00  1.95875000e-08  1.05407686e+00  1.95875000e-08  1.94958887e+00 
 1.95885000e-08  1.94962489e+00  1.95885000e-08  1.11355299e+00  1.95885000e-08  1.94949300e+00 
 1.95895000e-08  1.94963432e+00  1.95895000e-08  1.17236733e+00  1.95895000e-08  1.94937939e+00 
 1.97195000e-08  1.94993148e+00  1.97195000e-08  1.94998460e+00  1.97195000e-08  1.15457072e+00 
 1.97205000e-08  1.94993204e+00  1.97205000e-08  1.95001198e+00  1.97205000e-08  1.09700516e+00 
 1.97215000e-08  1.94993239e+00  1.97215000e-08  1.95003950e+00  1.97215000e-08  1.03917387e+00 
 1.97225000e-08  1.94993293e+00  1.97225000e-08  1.95006135e+00  1.97225000e-08  9.80983056e-01 
 1.97235000e-08  1.94993327e+00  1.97235000e-08  1.95007853e+00  1.97235000e-08  9.22226187e-01 
 1.97245000e-08  1.94993380e+00  1.97245000e-08  1.95008991e+00  1.97245000e-08  8.62860656e-01 
 1.99175000e-08  2.05290470e+00  1.99175000e-08  1.94999985e+00  1.99175000e-08  4.20676915e-05 
 1.99445000e-08  1.15671978e+00  1.99445000e-08  1.94999999e+00  1.99445000e-08  1.67290327e-05 
 1.99455000e-08  1.10452540e+00  1.99455000e-08  1.94999990e+00  1.99455000e-08  1.71750653e-05 
 1.99465000e-08  1.05264831e+00  1.99465000e-08  1.94999994e+00  1.99465000e-08  1.56623309e-05 
 1.99475000e-08  1.00101035e+00  1.99475000e-08  1.94999985e+00  1.99475000e-08  1.61151302e-05 
 1.99485000e-08  9.49564971e-01  1.99485000e-08  1.94999990e+00  1.99485000e-08  1.46631155e-05 
 1.99495000e-08  8.98252627e-01  1.99495000e-08  1.94999981e+00  1.99495000e-08  1.51210637e-05 
 2.02655000e-08  1.95117055e-04  2.02655000e-08  1.17910381e+00  2.02655000e-08 -2.99711478e-06 
 2.02665000e-08  1.90897702e-04  2.02665000e-08  1.12758012e+00  2.02665000e-08 -2.29347646e-06 
 2.02675000e-08  1.87067995e-04  2.02675000e-08  1.07528012e+00  2.02675000e-08 -1.23988067e-06 
 2.02685000e-08  1.83018667e-04  2.02685000e-08  1.02220662e+00  2.02685000e-08  6.96920126e-07 
 2.02695000e-08  1.79348595e-04  2.02695000e-08  9.68359352e-01  2.02695000e-08  2.64730755e-06 
 2.02705000e-08  1.75462613e-04  2.02705000e-08  9.13748988e-01  2.02705000e-08  5.23013215e-06 
 2.05305000e-08  9.30720515e-01  2.05305000e-08  3.44348824e-06  2.05305000e-08  3.01424165e-07 
 2.05315000e-08  9.72112950e-01  2.05315000e-08  3.50246791e-06  2.05315000e-08  3.82957970e-07 
 2.05325000e-08  1.01312690e+00  2.05325000e-08  3.29946898e-06  2.05325000e-08  2.85958190e-07 
 2.05335000e-08  1.05376237e+00  2.05335000e-08  3.37384340e-06  2.05335000e-08  3.67691639e-07 
 2.05345000e-08  1.09403303e+00  2.05345000e-08  3.18104249e-06  2.05345000e-08  2.69068339e-07 
 2.05355000e-08  1.13392966e+00  2.05355000e-08  3.25474893e-06  2.05355000e-08  3.52379368e-07 
 2.07065000e-08  1.94958150e+00  2.07065000e-08  8.65953685e-01  2.07065000e-08 -8.69805981e-05 
 2.07075000e-08  1.94959256e+00  2.07075000e-08  9.28562429e-01  2.07075000e-08 -1.12768050e-04 
 2.07085000e-08  1.94960387e+00  2.07085000e-08  9.90267338e-01  2.07085000e-08 -1.29572408e-04 
 2.07095000e-08  1.94961405e+00  2.07095000e-08  1.05106081e+00  2.07095000e-08 -1.39779400e-04 
 2.07105000e-08  1.94962451e+00  2.07105000e-08  1.11098581e+00  2.07105000e-08 -1.51324255e-04 
 2.07115000e-08  1.94963391e+00  2.07115000e-08  1.17024127e+00  2.07115000e-08 -1.65497025e-04 
 2.08265000e-08  1.94992403e+00  2.08265000e-08  1.94993158e+00  2.08265000e-08  8.50648527e-01 
 2.08275000e-08  1.94992445e+00  2.08275000e-08  1.94993698e+00  2.08275000e-08  9.11981497e-01 
 2.08285000e-08  1.94992512e+00  2.08285000e-08  1.94994376e+00  2.08285000e-08  9.71992499e-01 
 2.08295000e-08  1.94992553e+00  2.08295000e-08  1.94994940e+00  2.08295000e-08  1.03191651e+00 
 2.08305000e-08  1.94992619e+00  2.08305000e-08  1.94995631e+00  2.08305000e-08  1.09534954e+00 
 2.08315000e-08  1.94992658e+00  2.08315000e-08  1.94995494e+00  2.08315000e-08  1.16623534e+00 
 2.10665000e-08  1.15871669e+00  2.10665000e-08  1.95000009e+00  2.10665000e-08  1.94999935e+00 
 2.10675000e-08  1.10651043e+00  2.10675000e-08  1.94999998e+00  2.10675000e-08  1.94999962e+00 
 2.10685000e-08  1.05462175e+00  2.10685000e-08  1.95000004e+00  2.10685000e-08  1.94999941e+00 
 2.10695000e-08  1.00297639e+00  2.10695000e-08  1.94999992e+00  2.10695000e-08  1.94999960e+00 
 2.10705000e-08  9.51524087e-01  2.10705000e-08  1.94999996e+00  2.10705000e-08  1.94999940e+00 
 2.10715000e-08  9.00207800e-01  2.10715000e-08  1.94999987e+00  2.10715000e-08  1.94999964e+00 
 2.13875000e-08  1.95273516e-04  2.13875000e-08  1.18101409e+00  2.13875000e-08  1.94994675e+00 
 2.13885000e-08  1.91046957e-04  2.13885000e-08  1.12952181e+00  2.13885000e-08  1.94994162e+00 
 2.13895000e-08  1.87218097e-04  2.13895000e-08  1.07725173e+00  2.13895000e-08  1.94993900e+00 
 2.13905000e-08  1.83161803e-04  2.13905000e-08  1.02420938e+00  2.13905000e-08  1.94994122e+00 
 2.13915000e-08  1.79492502e-04  2.13915000e-08  9.70391495e-01  2.13915000e-08  1.94994885e+00 
 2.13925000e-08  1.75599799e-04  2.13925000e-08  9.15810919e-01  2.13925000e-08  1.94996312e+00 
 2.16525000e-08  9.28926960e-01  2.16525000e-08  1.95181106e-06  2.16525000e-08  1.94999626e+00 
 2.16535000e-08  9.70336193e-01  2.16535000e-08  1.86735937e-06  2.16535000e-08  1.94999601e+00 
 2.16545000e-08  1.01136658e+00  2.16545000e-08  1.88720014e-06  2.16545000e-08  1.94999645e+00 
 2.16555000e-08  1.05201805e+00  2.16555000e-08  1.81894885e-06  2.16555000e-08  1.94999621e+00 
 2.16565000e-08  1.09230447e+00  2.16565000e-08  1.84437731e-06  2.16565000e-08  1.94999664e+00 
 2.16575000e-08  1.13221740e+00  2.16575000e-08  1.77625127e-06  2.16575000e-08  1.94999639e+00 
 2.18285000e-08  1.94958101e+00  2.18285000e-08  8.64598927e-01  2.18285000e-08  1.94991954e+00 
 2.18295000e-08  1.94959206e+00  2.18295000e-08  9.27099768e-01  2.18295000e-08  1.94982083e+00 
 2.18305000e-08  1.94960341e+00  2.18305000e-08  9.88604009e-01  2.18305000e-08  1.94970941e+00 
 2.18315000e-08  1.94961359e+00  2.18315000e-08  1.04909812e+00  2.18315000e-08  1.94959812e+00 
 2.18325000e-08  1.94962409e+00  2.18325000e-08  1.10864122e+00  2.18325000e-08  1.94950307e+00 
 2.18335000e-08  1.94963348e+00  2.18335000e-08  1.16749233e+00  2.18335000e-08  1.94939061e+00 
 2.19635000e-08  1.94993143e+00  2.19635000e-08  1.94998220e+00  2.19635000e-08  1.15944894e+00 
 2.19645000e-08  1.94993201e+00  2.19645000e-08  1.95000964e+00  2.19645000e-08  1.10189091e+00 
 2.19655000e-08  1.94993234e+00  2.19655000e-08  1.95003719e+00  2.19655000e-08  1.04408957e+00 
 2.19665000e-08  1.94993290e+00  2.19665000e-08  1.95005979e+00  2.19665000e-08  9.85934022e-01 
 2.19675000e-08  1.94993322e+00  2.19675000e-08  1.95007711e+00  2.19675000e-08  9.27230681e-01 
 2.19685000e-08  1.94993377e+00  2.19685000e-08  1.95008922e+00  2.19685000e-08  8.67918723e-01 
 2.21885000e-08  1.16136985e+00  2.21885000e-08  1.94999998e+00  2.21885000e-08  1.68816061e-05 
 2.21895000e-08  1.10914791e+00  2.21895000e-08  1.94999984e+00  2.21895000e-08  1.71075115e-05 
 2.21905000e-08  1.05724384e+00  2.21905000e-08  1.94999992e+00  2.21905000e-08  1.58136015e-05 
 2.21915000e-08  1.00558866e+00  2.21915000e-08  1.94999977e+00  2.21915000e-08  1.60450588e-05 
 2.21925000e-08  9.54127196e-01  2.21925000e-08  1.94999984e+00  2.21925000e-08  1.48129866e-05 
 2.21935000e-08  9.02805727e-01  2.21935000e-08  1.94999971e+00  2.21935000e-08  1.50484499e-05 
 2.25105000e-08  1.91252502e-04  2.25105000e-08  1.13218559e+00  2.25105000e-08 -2.29579917e-06 
 2.25115000e-08  1.87418177e-04  2.25115000e-08  1.07995263e+00  2.25115000e-08 -1.44519105e-06 
 2.25125000e-08  1.83358916e-04  2.25125000e-08  1.02694945e+00  2.25125000e-08  6.64209034e-07 
 2.25135000e-08  1.79684351e-04  2.25135000e-08  9.73168962e-01  2.25135000e-08  2.47695351e-06 
 2.25145000e-08  1.75788839e-04  2.25145000e-08  9.18627369e-01  2.25145000e-08  5.08542147e-06 
 2.25155000e-08  1.72267450e-04  2.25155000e-08  8.63330186e-01  2.25155000e-08  7.34496292e-06 
 2.27745000e-08  9.26684081e-01  2.27745000e-08  3.48736425e-06  2.27745000e-08  4.06475614e-07 
 2.27755000e-08  9.68113256e-01  2.27755000e-08  3.47242903e-06  2.27755000e-08  2.88318034e-07 
 2.27765000e-08  1.00916335e+00  2.27765000e-08  3.34068981e-06  2.27765000e-08  3.96581961e-07 
 2.27775000e-08  1.04983501e+00  2.27775000e-08  3.34327605e-06  2.27775000e-08  2.69326208e-07 
 2.27785000e-08  1.09014096e+00  2.27785000e-08  3.22176229e-06  2.27785000e-08  3.75488064e-07 
 2.27795000e-08  1.13007400e+00  2.27795000e-08  3.22508901e-06  2.27795000e-08  2.60884708e-07 
 2.29505000e-08  1.94958039e+00  2.29505000e-08  8.59863066e-01  2.29505000e-08 -8.35950625e-05 
 2.29515000e-08  1.94959145e+00  2.29515000e-08  9.22554876e-01  2.29515000e-08 -1.10919604e-04 
 2.29525000e-08  1.94960285e+00  2.29525000e-08  9.84349063e-01  2.29525000e-08 -1.28257227e-04 
 2.29535000e-08  1.94961303e+00  2.29535000e-08  1.04522654e+00  2.29535000e-08 -1.39172072e-04 
 2.29545000e-08  1.94962358e+00  2.29545000e-08  1.10523079e+00  2.29545000e-08 -1.50037281e-04 
 2.29555000e-08  1.94963296e+00  2.29555000e-08  1.16454328e+00  2.29555000e-08 -1.64350415e-04 
 2.30715000e-08  1.94992439e+00  2.30715000e-08  1.94993620e+00  2.30715000e-08  9.06124691e-01 
 2.30725000e-08  1.94992508e+00  2.30725000e-08  1.94994329e+00  2.30725000e-08  9.66229334e-01 
 2.30735000e-08  1.94992547e+00  2.30735000e-08  1.94994875e+00  2.30735000e-08  1.02604880e+00 
 2.30745000e-08  1.94992614e+00  2.30745000e-08  1.94995561e+00  2.30745000e-08  1.08899901e+00 
 2.30755000e-08  1.94992652e+00  2.30755000e-08  1.94995557e+00  2.30755000e-08  1.15912413e+00 
 2.30765000e-08  1.94992718e+00  2.30765000e-08  1.94995417e+00  2.30765000e-08  1.23246691e+00 
 2.33105000e-08  1.16422273e+00  2.33105000e-08  1.95000005e+00  2.33105000e-08  1.94999933e+00 
 2.33115000e-08  1.11198363e+00  2.33115000e-08  1.94999994e+00  2.33115000e-08  1.94999837e+00 
 2.33125000e-08  1.06006269e+00  2.33125000e-08  1.95000000e+00  2.33125000e-08  1.94999899e+00 
 2.33135000e-08  1.00839662e+00  2.33135000e-08  1.94999989e+00  2.33135000e-08  1.94999840e+00 
 2.33145000e-08  9.56925052e-01  2.33145000e-08  1.94999994e+00  2.33145000e-08  1.94999933e+00 
 2.33155000e-08  9.05597782e-01  2.33155000e-08  1.94999983e+00  2.33155000e-08  1.94999837e+00 
 2.36325000e-08  1.91488338e-04  2.36325000e-08  1.13503450e+00  2.36325000e-08  1.94994208e+00 
 2.36335000e-08  1.87617706e-04  2.36335000e-08  1.08284476e+00  2.36335000e-08  1.94993908e+00 
 2.36345000e-08  1.83585354e-04  2.36345000e-08  1.02988666e+00  2.36345000e-08  1.94994075e+00 
 2.36355000e-08  1.79875430e-04  2.36355000e-08  9.76148878e-01  2.36355000e-08  1.94994773e+00 
 2.36365000e-08  1.76006278e-04  2.36365000e-08  9.21650770e-01  2.36365000e-08  1.94996130e+00 
 2.36375000e-08  1.72450442e-04  2.36375000e-08  8.66393931e-01  2.36375000e-08  1.94998107e+00 
 2.38965000e-08  9.24459134e-01  2.38965000e-08  2.00544420e-06  2.38965000e-08  1.94999621e+00 
 2.38975000e-08  9.65909671e-01  2.38975000e-08  1.82581121e-06  2.38975000e-08  1.94999603e+00 
 2.38985000e-08  1.00698060e+00  2.38985000e-08  1.93719259e-06  2.38985000e-08  1.94999641e+00 
 2.38995000e-08  1.04767201e+00  2.38995000e-08  1.77633304e-06  2.38995000e-08  1.94999623e+00 
 2.39005000e-08  1.08799752e+00  2.39005000e-08  1.89287437e-06  2.39005000e-08  1.94999659e+00 
 2.39015000e-08  1.12795075e+00  2.39015000e-08  1.73423042e-06  2.39015000e-08  1.94999641e+00 
 2.40725000e-08  1.94957977e+00  2.40725000e-08  8.57679876e-01  2.40725000e-08  1.94992996e+00 
 2.40735000e-08  1.94959084e+00  2.40735000e-08  9.20286761e-01  2.40735000e-08  1.94983298e+00 
 2.40745000e-08  1.94960228e+00  2.40745000e-08  9.81904815e-01  2.40745000e-08  1.94972213e+00 
 2.40755000e-08  1.94961246e+00  2.40755000e-08  1.04250862e+00  2.40755000e-08  1.94961021e+00 
 2.40765000e-08  1.94962305e+00  2.40765000e-08  1.10215419e+00  2.40765000e-08  1.94951422e+00 
 2.40775000e-08  1.94963244e+00  2.40775000e-08  1.16106458e+00  2.40775000e-08  1.94940386e+00 
 2.42075000e-08  1.94993137e+00  2.42075000e-08  1.94997907e+00  2.42075000e-08  1.16578711e+00 
 2.42085000e-08  1.94993197e+00  2.42085000e-08  1.95000671e+00  2.42085000e-08  1.10823737e+00 
 2.42095000e-08  1.94993228e+00  2.42095000e-08  1.95003413e+00  2.42095000e-08  1.05047349e+00 
 2.42105000e-08  1.94993286e+00  2.42105000e-08  1.95005787e+00  2.42105000e-08  9.92362421e-01 
 2.42115000e-08  1.94993317e+00  2.42115000e-08  1.95007521e+00  2.42115000e-08  9.33727853e-01 
 2.42125000e-08  1.94993373e+00  2.42125000e-08  1.95008842e+00  2.42125000e-08  8.74485058e-01 
 2.44325000e-08  1.16664218e+00  2.44325000e-08  1.95000004e+00  2.44325000e-08  1.73733276e-05 
 2.44335000e-08  1.11438898e+00  2.44335000e-08  1.94999985e+00  2.44335000e-08  1.68058855e-05 
 2.44345000e-08  1.06245412e+00  2.44345000e-08  1.94999997e+00  2.44345000e-08  1.62407243e-05 
 2.44355000e-08  1.01077913e+00  2.44355000e-08  1.94999978e+00  2.44355000e-08  1.58082610e-05 
 2.44365000e-08  9.59299391e-01  2.44365000e-08  1.94999989e+00  2.44365000e-08  1.53065466e-05 
 2.44375000e-08  9.07967583e-01  2.44375000e-08  1.94999971e+00  2.44375000e-08  1.47617004e-05 
 2.47545000e-08  1.91737870e-04  2.47545000e-08  1.13799890e+00  2.47545000e-08 -2.29115768e-06 
 2.47555000e-08  1.87832721e-04  2.47555000e-08  1.08585072e+00  2.47555000e-08 -1.69444692e-06 
 2.47565000e-08  1.83824933e-04  2.47565000e-08  1.03293643e+00  2.47565000e-08  5.22685036e-07 
 2.47575000e-08  1.80081367e-04  2.47575000e-08  9.79240488e-01  2.47575000e-08  2.13304898e-06 
 2.47585000e-08  1.76236286e-04  2.47585000e-08  9.24785939e-01  2.47585000e-08  4.82449260e-06 
 2.47595000e-08  1.72647707e-04  2.47595000e-08  8.69570541e-01  2.47595000e-08  6.95196257e-06 
 2.50185000e-08  9.22881520e-01  2.50185000e-08  3.54336935e-06  2.50185000e-08  6.19380719e-07 
 2.50195000e-08  9.64347205e-01  2.50195000e-08  3.43833092e-06  2.50195000e-08  2.55642912e-07 
 2.50205000e-08  1.00543294e+00  2.50205000e-08  3.39345341e-06  2.50205000e-08  6.02291339e-07 
 2.50215000e-08  1.04613835e+00  2.50215000e-08  3.30802818e-06  2.50215000e-08  2.54272770e-07 
 2.50225000e-08  1.08647774e+00  2.50225000e-08  3.27243039e-06  2.50225000e-08  5.99326909e-07 
 2.50235000e-08  1.12644525e+00  2.50235000e-08  3.18936770e-06  2.50235000e-08  2.30487407e-07 
 2.51945000e-08  1.94957933e+00  2.51945000e-08  8.54035572e-01  2.51945000e-08 -8.02889242e-05 
 2.51955000e-08  1.94959041e+00  2.51955000e-08  9.16805507e-01  2.51955000e-08 -1.09731548e-04 
 2.51965000e-08  1.94960188e+00  2.51965000e-08  9.78685388e-01  2.51965000e-08 -1.27722206e-04 
 2.51975000e-08  1.94961206e+00  2.51975000e-08  1.03964608e+00  2.51975000e-08 -1.38958253e-04 
 2.51985000e-08  1.94962267e+00  2.51985000e-08  1.09972648e+00  2.51985000e-08 -1.48367795e-04 
 2.51995000e-08  1.94963207e+00  2.51995000e-08  1.15909083e+00  2.51995000e-08 -1.63187047e-04 
 2.53155000e-08  1.94992433e+00  2.53155000e-08  1.94993534e+00  2.53155000e-08  9.00504312e-01 
 2.53165000e-08  1.94992503e+00  2.53165000e-08  1.94994298e+00  2.53165000e-08  9.60705398e-01 
 2.53175000e-08  1.94992541e+00  2.53175000e-08  1.94994801e+00  2.53175000e-08  1.02045769e+00 
 2.53185000e-08  1.94992610e+00  2.53185000e-08  1.94995503e+00  2.53185000e-08  1.08298852e+00 
 2.53195000e-08  1.94992647e+00  2.53195000e-08  1.94995614e+00  2.53195000e-08  1.15232880e+00 
 2.53205000e-08  1.94992714e+00  2.53205000e-08  1.94995421e+00  2.53205000e-08  1.22574058e+00 
 2.55545000e-08  1.16919691e+00  2.55545000e-08  1.95000005e+00  2.55545000e-08  1.94999838e+00 
 2.55555000e-08  1.11692769e+00  2.55555000e-08  1.94999990e+00  2.55555000e-08  1.94999702e+00 
 2.55565000e-08  1.06497695e+00  2.55565000e-08  1.95000000e+00  2.55565000e-08  1.94999912e+00 
 2.55575000e-08  1.01329143e+00  2.55575000e-08  1.94999985e+00  2.55575000e-08  1.94999707e+00 
 2.55585000e-08  9.61801948e-01  2.55585000e-08  1.94999993e+00  2.55585000e-08  1.94999856e+00 
 2.55595000e-08  9.10464329e-01  2.55595000e-08  1.94999977e+00  2.55595000e-08  1.94999656e+00 
 2.58765000e-08  1.91895192e-04  2.58765000e-08  1.13987147e+00  2.58765000e-08  1.94994251e+00 
 2.58775000e-08  1.87961651e-04  2.58775000e-08  1.08775234e+00  2.58775000e-08  1.94993918e+00 
 2.58785000e-08  1.83976008e-04  2.58785000e-08  1.03486827e+00  2.58785000e-08  1.94994039e+00 
 2.58795000e-08  1.80204762e-04  2.58795000e-08  9.81200972e-01  2.58795000e-08  1.94994679e+00 
 2.58805000e-08  1.76381639e-04  2.58805000e-08  9.26775429e-01  2.58805000e-08  1.94995975e+00 
 2.58815000e-08  1.72766143e-04  2.58815000e-08  8.71586853e-01  2.58815000e-08  1.94997885e+00 
 2.61405000e-08  9.20564294e-01  2.61405000e-08  2.04962031e-06  2.61405000e-08  1.94999617e+00 
 2.61415000e-08  9.62052218e-01  2.61415000e-08  1.78765915e-06  2.61415000e-08  1.94999606e+00 
 2.61425000e-08  1.00315922e+00  2.61425000e-08  1.97949227e-06  2.61425000e-08  1.94999637e+00 
 2.61435000e-08  1.04388529e+00  2.61435000e-08  1.73778385e-06  2.61435000e-08  1.94999625e+00 
 2.61445000e-08  1.08424508e+00  2.61445000e-08  1.93417850e-06  2.61445000e-08  1.94999655e+00 
 2.61455000e-08  1.12423341e+00  2.61455000e-08  1.69662729e-06  2.61455000e-08  1.94999643e+00 
 2.63165000e-08  1.94957870e+00  2.63165000e-08  8.51844993e-01  2.63165000e-08  1.94993785e+00 
 2.63175000e-08  1.94958978e+00  2.63175000e-08  9.14538069e-01  2.63175000e-08  1.94984259e+00 
 2.63185000e-08  1.94960129e+00  2.63185000e-08  9.76250372e-01  2.63185000e-08  1.94973240e+00 
 2.63195000e-08  1.94961148e+00  2.63195000e-08  1.03694666e+00  2.63195000e-08  1.94962039e+00 
 2.63205000e-08  1.94962213e+00  2.63205000e-08  1.09667573e+00  2.63205000e-08  1.94952423e+00 
 2.63215000e-08  1.94963153e+00  2.63215000e-08  1.15563656e+00  2.63215000e-08  1.94941471e+00 
 2.64515000e-08  1.94993133e+00  2.64515000e-08  1.94997641e+00  2.64515000e-08  1.17109776e+00 
 2.64525000e-08  1.94993193e+00  2.64525000e-08  1.95000436e+00  2.64525000e-08  1.11355367e+00 
 2.64535000e-08  1.94993223e+00  2.64535000e-08  1.95003150e+00  2.64535000e-08  1.05581974e+00 
 2.64545000e-08  1.94993283e+00  2.64545000e-08  1.95005635e+00  2.64545000e-08  9.97744658e-01 
 2.64555000e-08  1.94993312e+00  2.64555000e-08  1.95007354e+00  2.64555000e-08  9.39166794e-01 
 2.64565000e-08  1.94993370e+00  2.64565000e-08  1.95008785e+00  2.64565000e-08  8.79981441e-01 
 2.66765000e-08  1.17145797e+00  2.66765000e-08  1.95000004e+00  2.66765000e-08  1.79316136e-05 
 2.66775000e-08  1.11917554e+00  2.66775000e-08  1.94999980e+00  2.66775000e-08  1.64414300e-05 
 2.66785000e-08  1.06721159e+00  2.66785000e-08  1.94999996e+00  2.66785000e-08  1.67558181e-05 
 2.66795000e-08  1.01551754e+00  2.66795000e-08  1.94999972e+00  2.66795000e-08  1.54675125e-05 
 2.66805000e-08  9.64020277e-01  2.66805000e-08  1.94999986e+00  2.66805000e-08  1.58373998e-05 
 2.66815000e-08  9.12678339e-01  2.66815000e-08  1.94999960e+00  2.66815000e-08  1.44000345e-05 
 2.69985000e-08  1.92146214e-04  2.69985000e-08  1.14288939e+00  2.69985000e-08 -2.29241121e-06 
 2.69995000e-08  1.88180459e-04  2.69995000e-08  1.09081266e+00  2.69995000e-08 -1.88851600e-06 
 2.70005000e-08  1.84216953e-04  2.70005000e-08  1.03797324e+00  2.70005000e-08  3.96683987e-07 
 2.70015000e-08  1.80414369e-04  2.70015000e-08  9.84348633e-01  2.70015000e-08  1.85192933e-06 
 2.70025000e-08  1.76612981e-04  2.70025000e-08  9.29967515e-01  2.70025000e-08  4.63990258e-06 
 2.70035000e-08  1.72967002e-04  2.70035000e-08  8.74821230e-01  2.70035000e-08  6.67049151e-06 
 2.72625000e-08  9.19396801e-01  2.72625000e-08  3.58437590e-06  2.72625000e-08  7.44409496e-07 
 2.72635000e-08  9.60895939e-01  2.72635000e-08  3.41153181e-06  2.72635000e-08  2.09383799e-07 
 2.72645000e-08  1.00201343e+00  2.72645000e-08  3.43290353e-06  2.72645000e-08  7.43854381e-07 
 2.72655000e-08  1.04274996e+00  2.72655000e-08  3.27986901e-06  2.72655000e-08  1.79682397e-07 
 2.72665000e-08  1.08312001e+00  2.72665000e-08  3.31054499e-06  2.72665000e-08  7.01920877e-07 
 2.72675000e-08  1.12311880e+00  2.72675000e-08  3.16236623e-06  2.72675000e-08  1.63022469e-07 
 2.74385000e-08  1.94957838e+00  2.74385000e-08  8.48850777e-01  2.74385000e-08 -7.73555517e-05 
 2.74395000e-08  1.94958947e+00  2.74395000e-08  9.11690665e-01  2.74395000e-08 -1.07385333e-04 
 2.74405000e-08  1.94960100e+00  2.74405000e-08  9.73648414e-01  2.74405000e-08 -1.25851422e-04 
 2.74415000e-08  1.94961119e+00  2.74415000e-08  1.03468281e+00  2.74415000e-08 -1.38529157e-04 
 2.74425000e-08  1.94962186e+00  2.74425000e-08  1.09483240e+00  2.74425000e-08 -1.46944977e-04 
 2.74435000e-08  1.94963126e+00  2.74435000e-08  1.15424473e+00  2.74435000e-08 -1.62236846e-04 
 2.75595000e-08  1.94992428e+00  2.75595000e-08  1.94993484e+00  2.75595000e-08  8.95513550e-01 
 2.75605000e-08  1.94992499e+00  2.75605000e-08  1.94994244e+00  2.75605000e-08  9.55807424e-01 
 2.75615000e-08  1.94992536e+00  2.75615000e-08  1.94994756e+00  2.75615000e-08  1.01552334e+00 
 2.75625000e-08  1.94992606e+00  2.75625000e-08  1.94995422e+00  2.75625000e-08  1.07770649e+00 
 2.75635000e-08  1.94992642e+00  2.75635000e-08  1.94995691e+00  2.75635000e-08  1.14630924e+00 
 2.75645000e-08  1.94992710e+00  2.75645000e-08  1.94995401e+00  2.75645000e-08  1.21975541e+00 
 2.77985000e-08  1.17344048e+00  2.77985000e-08  1.95000004e+00  2.77985000e-08  1.94999754e+00 
 2.77995000e-08  1.12114543e+00  2.77995000e-08  1.94999990e+00  2.77995000e-08  1.94999544e+00 
 2.78005000e-08  1.06916879e+00  2.78005000e-08  1.94999999e+00  2.78005000e-08  1.94999870e+00 
 2.78015000e-08  1.01746627e+00  2.78015000e-08  1.94999985e+00  2.78015000e-08  1.94999559e+00 
 2.78025000e-08  9.65961137e-01  2.78025000e-08  1.94999992e+00  2.78025000e-08  1.94999793e+00 
 2.78035000e-08  9.14614478e-01  2.78035000e-08  1.94999979e+00  2.78035000e-08  1.94999487e+00 
 2.81205000e-08  1.92251681e-04  2.81205000e-08  1.14414811e+00  2.81205000e-08  1.94994292e+00 
 2.81215000e-08  1.88265989e-04  2.81215000e-08  1.09209149e+00  2.81215000e-08  1.94993929e+00 
 2.81225000e-08  1.84317916e-04  2.81225000e-08  1.03927291e+00  2.81225000e-08  1.94994011e+00 
 2.81235000e-08  1.80496095e-04  2.81235000e-08  9.85668062e-01  2.81235000e-08  1.94994601e+00 
 2.81245000e-08  1.76710017e-04  2.81245000e-08  9.31306802e-01  2.81245000e-08  1.94995846e+00 
 2.81255000e-08  1.73045348e-04  2.81255000e-08  8.76178790e-01  2.81255000e-08  1.94997701e+00 
 2.83845000e-08  9.17042774e-01  2.83845000e-08  2.08690869e-06  2.83845000e-08  1.94999613e+00 
 2.83855000e-08  9.58564541e-01  2.83855000e-08  1.75603800e-06  2.83855000e-08  1.94999608e+00 
 2.83865000e-08  9.99703211e-01  2.83865000e-08  2.01475938e-06  2.83865000e-08  1.94999633e+00 
 2.83875000e-08  1.04046085e+00  2.83875000e-08  1.70561756e-06  2.83875000e-08  1.94999627e+00 
 2.83885000e-08  1.08085158e+00  2.83885000e-08  1.96886487e-06  2.83885000e-08  1.94999652e+00 
 2.83895000e-08  1.12087141e+00  2.83895000e-08  1.66544521e-06  2.83895000e-08  1.94999645e+00 
 2.85605000e-08  1.94957770e+00  2.85605000e-08  8.46453379e-01  2.85605000e-08  1.94994498e+00 
 2.85615000e-08  1.94958880e+00  2.85615000e-08  9.09226144e-01  2.85615000e-08  1.94985129e+00 
 2.85625000e-08  1.94960038e+00  2.85625000e-08  9.71025282e-01  2.85625000e-08  1.94974200e+00 
 2.85635000e-08  1.94961057e+00  2.85635000e-08  1.03180696e+00  2.85635000e-08  1.94962981e+00 
 2.85645000e-08  1.94962129e+00  2.85645000e-08  1.09160940e+00  2.85645000e-08  1.94953292e+00 
 2.85655000e-08  1.94963069e+00  2.85655000e-08  1.15061496e+00  2.85655000e-08  1.94942485e+00 
 2.86955000e-08  1.94993128e+00  2.86955000e-08  1.94997385e+00  2.86955000e-08  1.17609219e+00 
 2.86965000e-08  1.94993190e+00  2.86965000e-08  1.95000207e+00  2.86965000e-08  1.11855221e+00 
 2.86975000e-08  1.94993219e+00  2.86975000e-08  1.95002891e+00  2.86975000e-08  1.06084490e+00 
 2.86985000e-08  1.94993279e+00  2.86985000e-08  1.95005481e+00  2.86985000e-08  1.00280236e+00 
 2.86995000e-08  1.94993308e+00  2.86995000e-08  1.95007185e+00  2.86995000e-08  9.44276670e-01 
 2.87005000e-08  1.94993367e+00  2.87005000e-08  1.95008720e+00  2.87005000e-08  8.85144594e-01 
 2.89205000e-08  1.17586825e+00  2.89205000e-08  1.95000004e+00  2.89205000e-08  1.84516605e-05 
 2.89215000e-08  1.12355903e+00  2.89215000e-08  1.94999977e+00  2.89215000e-08  1.60622197e-05 
 2.89225000e-08  1.07156788e+00  2.89225000e-08  1.94999996e+00  2.89225000e-08  1.72463482e-05 
 2.89235000e-08  1.01985603e+00  2.89235000e-08  1.94999969e+00  2.89235000e-08  1.51078239e-05 
 2.89245000e-08  9.68342270e-01  2.89245000e-08  1.94999986e+00  2.89245000e-08  1.63359310e-05 
 2.89255000e-08  9.16990906e-01  2.89255000e-08  1.94999957e+00  2.89255000e-08  1.40297609e-05 
 2.92425000e-08  1.92509630e-04  2.92425000e-08  1.14729518e+00  2.92425000e-08 -2.30379960e-06 
 2.92435000e-08  1.88497430e-04  2.92435000e-08  1.09528292e+00  2.92435000e-08 -2.04355852e-06 
 2.92445000e-08  1.84566843e-04  2.92445000e-08  1.04251101e+00  2.92445000e-08  2.71891141e-07 
 2.92455000e-08  1.80717456e-04  2.92455000e-08  9.88950803e-01  2.92455000e-08  1.61061709e-06 
 2.92465000e-08  1.76947794e-04  2.92465000e-08  9.34635984e-01  2.92465000e-08  4.45244059e-06 
 2.92475000e-08  1.73257810e-04  2.92475000e-08  8.79552184e-01  2.92475000e-08  6.42097134e-06 
 2.95065000e-08  9.15611831e-01  2.95065000e-08  3.62835437e-06  2.95065000e-08  8.55942036e-07 
 2.95075000e-08  9.57147359e-01  2.95075000e-08  3.38036356e-06  2.95075000e-08  1.55915798e-07 
 2.95085000e-08  9.98298931e-01  2.95085000e-08  3.47461417e-06  2.95085000e-08  8.59914842e-07 
 2.95095000e-08  1.03906940e+00  2.95095000e-08  3.24775298e-06  2.95095000e-08  1.21815150e-07 
 2.95105000e-08  1.07947271e+00  2.95105000e-08  3.35137378e-06  2.95105000e-08  8.09768812e-07 
 2.95115000e-08  1.11950529e+00  2.95115000e-08  3.13114482e-06  2.95115000e-08  1.04458387e-07 
 2.96825000e-08  1.94957731e+00  2.96825000e-08  8.43024883e-01  2.96825000e-08 -7.41464161e-05 
 2.96835000e-08  1.94958840e+00  2.96835000e-08  9.05940235e-01  2.96835000e-08 -1.05287106e-04 
 2.96845000e-08  1.94960002e+00  2.96845000e-08  9.67983595e-01  2.96845000e-08 -1.24430259e-04 
 2.96855000e-08  1.94961020e+00  2.96855000e-08  1.02910086e+00  2.96855000e-08 -1.37909182e-04 
 2.96865000e-08  1.94962096e+00  2.96865000e-08  1.08932964e+00  2.96865000e-08 -1.45682846e-04 
 2.96875000e-08  1.94963035e+00  2.96875000e-08  1.14879786e+00  2.96875000e-08 -1.61141867e-04 
 2.98035000e-08  1.94992422e+00  2.98035000e-08  1.94993422e+00  2.98035000e-08  8.89932609e-01 
 2.98045000e-08  1.94992495e+00  2.98045000e-08  1.94994178e+00  2.98045000e-08  9.50336023e-01 
 2.98055000e-08  1.94992531e+00  2.98055000e-08  1.94994698e+00  2.98055000e-08  1.01003255e+00 
 2.98065000e-08  1.94992602e+00  2.98065000e-08  1.94995320e+00  2.98065000e-08  1.07187147e+00 
 2.98075000e-08  1.94992637e+00  2.98075000e-08  1.94995769e+00  2.98075000e-08  1.13966145e+00 
 2.98085000e-08  1.94992706e+00  2.98085000e-08  1.94995379e+00  2.98085000e-08  1.21310417e+00 
 3.00425000e-08  1.17831573e+00  3.00425000e-08  1.95000005e+00  3.00425000e-08  1.94999665e+00 
 3.00435000e-08  1.12599102e+00  3.00435000e-08  1.94999991e+00  3.00435000e-08  1.94999218e+00 
 3.00445000e-08  1.07398404e+00  3.00445000e-08  1.95000000e+00  3.00445000e-08  1.94999550e+00 
 3.00455000e-08  1.02226161e+00  3.00455000e-08  1.94999987e+00  3.00455000e-08  1.94999289e+00 
 3.00465000e-08  9.70738001e-01  3.00465000e-08  1.94999993e+00  3.00465000e-08  1.94999750e+00 
 3.00475000e-08  9.19380809e-01  3.00475000e-08  1.94999981e+00  3.00475000e-08  1.94999315e+00 
 3.03645000e-08  1.92662839e-04  3.03645000e-08  1.14915820e+00  3.03645000e-08  1.94994342e+00 
 3.03655000e-08  1.88629609e-04  3.03655000e-08  1.09717497e+00  3.03655000e-08  1.94993945e+00 
 3.03665000e-08  1.84714378e-04  3.03665000e-08  1.04443320e+00  3.03665000e-08  1.94993984e+00 
 3.03675000e-08  1.80844284e-04  3.03675000e-08  9.90901715e-01  3.03675000e-08  1.94994514e+00 
 3.03685000e-08  1.77089633e-04  3.03685000e-08  9.36615965e-01  3.03685000e-08  1.94995701e+00 
 3.03695000e-08  1.73379435e-04  3.03695000e-08  8.81559192e-01  3.03695000e-08  1.94997492e+00 
 3.06285000e-08  9.13162043e-01  3.06285000e-08  2.13092865e-06  3.06285000e-08  1.94999609e+00 
 3.06295000e-08  9.54721135e-01  3.06295000e-08  1.71963574e-06  3.06295000e-08  1.94999610e+00 
 3.06305000e-08  9.95894817e-01  3.06305000e-08  2.05634818e-06  3.06305000e-08  1.94999629e+00 
 3.06315000e-08  1.03668726e+00  3.06315000e-08  1.66849554e-06  3.06315000e-08  1.94999629e+00 
 3.06325000e-08  1.07711207e+00  3.06325000e-08  2.00961089e-06  3.06325000e-08  1.94999648e+00 
 3.06335000e-08  1.11716645e+00  3.06335000e-08  1.62934386e-06  3.06335000e-08  1.94999648e+00 
 3.08055000e-08  1.94958771e+00  3.08055000e-08  9.03434339e-01  3.08055000e-08  1.94986060e+00 
 3.08065000e-08  1.94959940e+00  3.08065000e-08  9.65327968e-01  3.08065000e-08  1.94975252e+00 
 3.08075000e-08  1.94960957e+00  3.08075000e-08  1.02620250e+00  3.08075000e-08  1.94964007e+00 
 3.08085000e-08  1.94962039e+00  3.08085000e-08  1.08609260e+00  3.08085000e-08  1.94954175e+00 
 3.08095000e-08  1.94962976e+00  3.08095000e-08  1.14515646e+00  3.08095000e-08  1.94943510e+00 
 3.08105000e-08  1.94963980e+00  3.08105000e-08  1.20384296e+00  3.08105000e-08  1.94931119e+00 
 3.09395000e-08  1.94993124e+00  3.09395000e-08  1.94997139e+00  3.09395000e-08  1.18141104e+00 
 3.09405000e-08  1.94993187e+00  3.09405000e-08  1.94999940e+00  3.09405000e-08  1.12387498e+00 
 3.09415000e-08  1.94993214e+00  3.09415000e-08  1.95002638e+00  3.09415000e-08  1.06619451e+00 
 3.09425000e-08  1.94993276e+00  3.09425000e-08  1.95005275e+00  3.09425000e-08  1.00818602e+00 
 3.09435000e-08  1.94993303e+00  3.09435000e-08  1.95007027e+00  3.09435000e-08  9.49714840e-01 
 3.09445000e-08  1.94993364e+00  3.09445000e-08  1.95008612e+00  3.09445000e-08  8.90639582e-01 
 3.11645000e-08  1.18096616e+00  3.11645000e-08  1.95000003e+00  3.11645000e-08  1.92210839e-05 
 3.11655000e-08  1.12862587e+00  3.11655000e-08  1.94999978e+00  3.11655000e-08  1.54774312e-05 
 3.11665000e-08  1.07660272e+00  3.11665000e-08  1.94999995e+00  3.11665000e-08  1.79690238e-05 
 3.11675000e-08  1.02486976e+00  3.11675000e-08  1.94999970e+00  3.11675000e-08  1.45539990e-05 
 3.11685000e-08  9.73336434e-01  3.11685000e-08  1.94999986e+00  3.11685000e-08  1.70720630e-05 
 3.11695000e-08  9.21973900e-01  3.11695000e-08  1.94999959e+00  3.11695000e-08  1.34596694e-05 
 3.14865000e-08  1.92937022e-04  3.14865000e-08  1.15244965e+00  3.14865000e-08 -2.31454728e-06 
 3.14875000e-08  1.88877153e-04  3.14875000e-08  1.10051337e+00  3.14875000e-08 -2.21734755e-06 
 3.14885000e-08  1.84977853e-04  3.14885000e-08  1.04782090e+00  3.14885000e-08  1.27563371e-07 
 3.14895000e-08  1.81081963e-04  3.14895000e-08  9.94336623e-01  3.14895000e-08  1.33394393e-06 
 3.14905000e-08  1.77341732e-04  3.14905000e-08  9.40099931e-01  3.14905000e-08  4.24676839e-06 
 3.14915000e-08  1.73606197e-04  3.14915000e-08  8.85089882e-01  3.14915000e-08  6.14640172e-06 
 3.17505000e-08  9.11605449e-01  3.17505000e-08  3.69977495e-06  3.17505000e-08  9.77230436e-07 
 3.17515000e-08  9.53179566e-01  3.17515000e-08  3.32520332e-06  3.17515000e-08  5.43915665e-08 
 3.17525000e-08  9.94367187e-01  3.17525000e-08  3.54218107e-06  3.17525000e-08  9.58922406e-07 
 3.17535000e-08  1.03517366e+00  3.17535000e-08  3.19357576e-06  3.17535000e-08  7.47825523e-08 
 3.17545000e-08  1.07561200e+00  3.17545000e-08  3.41878234e-06  3.17545000e-08  9.74787909e-07 
 3.17555000e-08  1.11568026e+00  3.17555000e-08  3.07653188e-06  3.17555000e-08  3.72490923e-08 
 3.19275000e-08  1.94958730e+00  3.19275000e-08  8.99905973e-01  3.19275000e-08 -1.02652894e-04 
 3.19285000e-08  1.94959897e+00  3.19285000e-08  9.62038656e-01  3.19285000e-08 -1.22924704e-04 
 3.19295000e-08  1.94960919e+00  3.19295000e-08  1.02324282e+00  3.19295000e-08 -1.37140710e-04 
 3.19305000e-08  1.94961999e+00  3.19305000e-08  1.08355179e+00  3.19305000e-08 -1.44392900e-04 
 3.19315000e-08  1.94962941e+00  3.19315000e-08  1.14307700e+00  3.19315000e-08 -1.59751989e-04 
 3.19325000e-08  1.94963944e+00  3.19325000e-08  1.20212293e+00  3.19325000e-08 -1.74753903e-04 
 3.20475000e-08  1.94992417e+00  3.20475000e-08  1.94993371e+00  3.20475000e-08  8.84059592e-01 
 3.20485000e-08  1.94992490e+00  3.20485000e-08  1.94994121e+00  3.20485000e-08  9.44584764e-01 
 3.20495000e-08  1.94992526e+00  3.20495000e-08  1.94994647e+00  3.20495000e-08  1.00428218e+00 
 3.20505000e-08  1.94992597e+00  3.20505000e-08  1.94995222e+00  3.20505000e-08  1.06578196e+00 
 3.20515000e-08  1.94992632e+00  3.20515000e-08  1.94995856e+00  3.20515000e-08  1.13271868e+00 
 3.20525000e-08  1.94992701e+00  3.20525000e-08  1.94995371e+00  3.20525000e-08  1.20609959e+00 
 3.22875000e-08  1.13067429e+00  3.22875000e-08  1.94999993e+00  3.22875000e-08  1.94999143e+00 
 3.22885000e-08  1.07863748e+00  3.22885000e-08  1.95000001e+00  3.22885000e-08  1.94999736e+00 
 3.22895000e-08  1.02689527e+00  3.22895000e-08  1.94999988e+00  3.22895000e-08  1.94999162e+00 
 3.22905000e-08  9.75353330e-01  3.22905000e-08  1.94999993e+00  3.22905000e-08  1.94999575e+00 
 3.22915000e-08  9.23985647e-01  3.22915000e-08  1.94999982e+00  3.22915000e-08  1.94999214e+00 
 3.22925000e-08  8.72727579e-01  3.22925000e-08  1.94999988e+00  3.22925000e-08  1.94999777e+00 
 3.26085000e-08  1.93045337e-04  3.26085000e-08  1.15375136e+00  3.26085000e-08  1.94994390e+00 
 3.26095000e-08  1.88970540e-04  3.26095000e-08  1.10183625e+00  3.26095000e-08  1.94993964e+00 
 3.26105000e-08  1.85081801e-04  3.26105000e-08  1.04916428e+00  3.26105000e-08  1.94993964e+00 
 3.26115000e-08  1.81170955e-04  3.26115000e-08  9.95700862e-01  3.26115000e-08  1.94994439e+00 
 3.26125000e-08  1.77442266e-04  3.26125000e-08  9.41483893e-01  3.26125000e-08  1.94995573e+00 
 3.26135000e-08  1.73692605e-04  3.26135000e-08  8.86493259e-01  3.26135000e-08  1.94997304e+00 
 3.28725000e-08  9.09791945e-01  3.28725000e-08  2.14190137e-06  3.28725000e-08  1.94999601e+00 
 3.28735000e-08  9.51383643e-01  3.28735000e-08  1.71617942e-06  3.28735000e-08  1.94999617e+00 
 3.28745000e-08  9.92587587e-01  3.28745000e-08  2.06540561e-06  3.28745000e-08  1.94999621e+00 
 3.28755000e-08  1.03341046e+00  3.28755000e-08  1.66374850e-06  3.28755000e-08  1.94999636e+00 
 3.28765000e-08  1.07386462e+00  3.28765000e-08  2.01815838e-06  3.28765000e-08  1.94999640e+00 
 3.28775000e-08  1.11394906e+00  3.28775000e-08  1.62488090e-06  3.28775000e-08  1.94999654e+00 
 3.30495000e-08  1.94958684e+00  3.30495000e-08  8.98361298e-01  3.30495000e-08  1.94986871e+00 
 3.30505000e-08  1.94959847e+00  3.30505000e-08  9.60340067e-01  3.30505000e-08  1.94976165e+00 
 3.30515000e-08  1.94960876e+00  3.30515000e-08  1.02130100e+00  3.30515000e-08  1.94964898e+00 
 3.30525000e-08  1.94961952e+00  3.30525000e-08  1.08127248e+00  3.30525000e-08  1.94954942e+00 
 3.30535000e-08  1.94962902e+00  3.30535000e-08  1.14039009e+00  3.30535000e-08  1.94944432e+00 
 3.30545000e-08  1.94963900e+00  3.30545000e-08  1.19910704e+00  3.30545000e-08  1.94932167e+00 
 3.31835000e-08  1.94993122e+00  3.31835000e-08  1.94996935e+00  3.31835000e-08  1.18597482e+00 
 3.31845000e-08  1.94993181e+00  3.31845000e-08  1.94999733e+00  3.31845000e-08  1.12844119e+00 
 3.31855000e-08  1.94993213e+00  3.31855000e-08  1.95002419e+00  3.31855000e-08  1.07078236e+00 
 3.31865000e-08  1.94993271e+00  3.31865000e-08  1.95005091e+00  3.31865000e-08  1.01280199e+00 
 3.31875000e-08  1.94993301e+00  3.31875000e-08  1.95006887e+00  3.31875000e-08  9.54376505e-01 
 3.31885000e-08  1.94993358e+00  3.31885000e-08  1.95008511e+00  3.31885000e-08  8.95349395e-01 
 3.34095000e-08  1.13264538e+00  3.34095000e-08  1.94999984e+00  3.34095000e-08  1.50892150e-05 
 3.34105000e-08  1.08059676e+00  3.34105000e-08  1.94999999e+00  3.34105000e-08  1.89038343e-05 
 3.34115000e-08  1.02884669e+00  3.34115000e-08  1.94999976e+00  3.34115000e-08  1.38942851e-05 
 3.34125000e-08  9.77297734e-01  3.34125000e-08  1.94999990e+00  3.34125000e-08  1.76510198e-05 
 3.34135000e-08  9.25926150e-01  3.34135000e-08  1.94999966e+00  3.34135000e-08  1.30731671e-05 
 3.34145000e-08  8.74663817e-01  3.34145000e-08  1.94999977e+00  3.34145000e-08  1.68408469e-05 
 3.37305000e-08  1.93264111e-04  3.37305000e-08  1.15639764e+00  3.37305000e-08 -2.31313024e-06 
 3.37315000e-08  1.89169317e-04  3.37315000e-08  1.10452175e+00  3.37315000e-08 -2.34872921e-06 
 3.37325000e-08  1.85292280e-04  3.37325000e-08  1.05188707e+00  3.37325000e-08  2.50976925e-08 
 3.37335000e-08  1.81362030e-04  3.37335000e-08  9.98462912e-01  3.37335000e-08  1.12261543e-06 
 3.37345000e-08  1.77643450e-04  3.37345000e-08  9.44283379e-01  3.37345000e-08  4.09346382e-06 
 3.37355000e-08  1.73874395e-04  3.37355000e-08  8.89331652e-01  3.37355000e-08  5.93321821e-06 
 3.39945000e-08  9.08736705e-01  3.39945000e-08  3.76042565e-06  3.39945000e-08  1.05656817e-06 
 3.39955000e-08  9.50338620e-01  3.39955000e-08  3.27891098e-06  3.39955000e-08  5.37261909e-08 
 3.39965000e-08  9.91552100e-01  3.39965000e-08  3.60074033e-06  3.39965000e-08  1.07561153e-06 
 3.39975000e-08  1.03238451e+00  3.39975000e-08  3.14463946e-06  3.39975000e-08  1.19688882e-08 
 3.39985000e-08  1.07284789e+00  3.39985000e-08  3.47470857e-06  3.39985000e-08  1.00921042e-06 
 3.39995000e-08  1.11294171e+00  3.39995000e-08  3.03063328e-06  3.39995000e-08  1.97646759e-08 
 3.41715000e-08  1.94958656e+00  3.41715000e-08  8.95579747e-01  3.41715000e-08 -1.00727483e-04 
 3.41725000e-08  1.94959817e+00  3.41725000e-08  9.57776231e-01  3.41725000e-08 -1.21804283e-04 
 3.41735000e-08  1.94960852e+00  3.41735000e-08  1.01904260e+00  3.41735000e-08 -1.36552538e-04 
 3.41745000e-08  1.94961925e+00  3.41745000e-08  1.07941673e+00  3.41745000e-08 -1.43695774e-04 
 3.41755000e-08  1.94962879e+00  3.41755000e-08  1.13899128e+00  3.41755000e-08 -1.58755159e-04 
 3.41765000e-08  1.94963875e+00  3.41765000e-08  1.19805932e+00  3.41765000e-08 -1.73462085e-04 
 3.42915000e-08  1.94992415e+00  3.42915000e-08  1.94993330e+00  3.42915000e-08  8.79837589e-01 
 3.42925000e-08  1.94992484e+00  3.42925000e-08  1.94994076e+00  3.42925000e-08  9.40456142e-01 
 3.42935000e-08  1.94992524e+00  3.42935000e-08  1.94994605e+00  3.42935000e-08  1.00016794e+00 
 3.42945000e-08  1.94992591e+00  3.42945000e-08  1.94995192e+00  3.42945000e-08  1.06136192e+00 
 3.42955000e-08  1.94992630e+00  3.42955000e-08  1.94995849e+00  3.42955000e-08  1.12780452e+00 
 3.42965000e-08  1.94992696e+00  3.42965000e-08  1.94995370e+00  3.42965000e-08  1.20104861e+00 
 3.45315000e-08  1.13407366e+00  3.45315000e-08  1.94999997e+00  3.45315000e-08  1.94999093e+00 
 3.45325000e-08  1.08201540e+00  3.45325000e-08  1.95000002e+00  3.45325000e-08  1.94999495e+00 
 3.45335000e-08  1.03025854e+00  3.45335000e-08  1.94999992e+00  3.45335000e-08  1.94999163e+00 
 3.45345000e-08  9.78703440e-01  3.45345000e-08  1.94999995e+00  3.45345000e-08  1.94999721e+00 
 3.45355000e-08  9.27327973e-01  3.45355000e-08  1.94999985e+00  3.45355000e-08  1.94999189e+00 
 3.45365000e-08  8.76061891e-01  3.45365000e-08  1.94999989e+00  3.45365000e-08  1.94999577e+00 
 3.48525000e-08  1.93322936e-04  3.48525000e-08  1.15710080e+00  3.48525000e-08  1.94994422e+00 
 3.48535000e-08  1.89218393e-04  3.48535000e-08  1.10523751e+00  3.48535000e-08  1.94993984e+00 
 3.48545000e-08  1.85347949e-04  3.48545000e-08  1.05261479e+00  3.48545000e-08  1.94993948e+00 
 3.48555000e-08  1.81408158e-04  3.48555000e-08  9.99202936e-01  3.48555000e-08  1.94994392e+00 
 3.48565000e-08  1.77697569e-04  3.48565000e-08  9.45034707e-01  3.48565000e-08  1.94995478e+00 
 3.48575000e-08  1.73920007e-04  3.48575000e-08  8.90094110e-01  3.48575000e-08  1.94997173e+00 
 3.51165000e-08  9.07066646e-01  3.51165000e-08  2.12854876e-06  3.51165000e-08  1.94999591e+00 
 3.51175000e-08  9.48684760e-01  3.51175000e-08  1.73490816e-06  3.51175000e-08  1.94999624e+00 
 3.51185000e-08  9.89913313e-01  3.51185000e-08  2.05084589e-06  3.51185000e-08  1.94999612e+00 
 3.51195000e-08  1.03076084e+00  3.51195000e-08  1.68105862e-06  3.51195000e-08  1.94999643e+00 
 3.51205000e-08  1.07123879e+00  3.51205000e-08  2.00357720e-06  3.51205000e-08  1.94999631e+00 
 3.51215000e-08  1.11134747e+00  3.51215000e-08  1.64203610e-06  3.51215000e-08  1.94999662e+00 
 3.52935000e-08  1.94958614e+00  3.52935000e-08  8.94226919e-01  3.52935000e-08  1.94987532e+00 
 3.52945000e-08  1.94959770e+00  3.52945000e-08  9.56272435e-01  3.52945000e-08  1.94976915e+00 
 3.52955000e-08  1.94960812e+00  3.52955000e-08  1.01729612e+00  3.52955000e-08  1.94965621e+00 
 3.52965000e-08  1.94961882e+00  3.52965000e-08  1.07733318e+00  3.52965000e-08  1.94955561e+00 
 3.52975000e-08  1.94962843e+00  3.52975000e-08  1.13650112e+00  3.52975000e-08  1.94945194e+00 
 3.52985000e-08  1.94963834e+00  3.52985000e-08  1.19522446e+00  3.52985000e-08  1.94933060e+00 
 3.54275000e-08  1.94993120e+00  3.54275000e-08  1.94996764e+00  3.54275000e-08  1.18978904e+00 
 3.54285000e-08  1.94993177e+00  3.54285000e-08  1.94999556e+00  3.54285000e-08  1.13225686e+00 
 3.54295000e-08  1.94993211e+00  3.54295000e-08  1.95002237e+00  3.54295000e-08  1.07461527e+00 
 3.54305000e-08  1.94993266e+00  3.54305000e-08  1.95004938e+00  3.54305000e-08  1.01665761e+00 
 3.54315000e-08  1.94993300e+00  3.54315000e-08  1.95006779e+00  3.54315000e-08  9.58269490e-01 
 3.54325000e-08  1.94993353e+00  3.54325000e-08  1.95008424e+00  3.54325000e-08  8.99282115e-01 
 3.56535000e-08  1.13634749e+00  3.56535000e-08  1.94999985e+00  3.56535000e-08  1.45484378e-05 
 3.56545000e-08  1.08427521e+00  3.56545000e-08  1.94999998e+00  3.56545000e-08  1.95989827e-05 
 3.56555000e-08  1.03250871e+00  3.56555000e-08  1.94999977e+00  3.56555000e-08  1.33402130e-05 
 3.56565000e-08  9.80945147e-01  3.56565000e-08  1.94999989e+00  3.56565000e-08  1.83054399e-05 
 3.56575000e-08  9.29564736e-01  3.56575000e-08  1.94999971e+00  3.56575000e-08  1.25477709e-05 
 3.56585000e-08  8.78293529e-01  3.56585000e-08  1.94999984e+00  3.56585000e-08  1.75066108e-05 
 3.59745000e-08  1.93562033e-04  3.59745000e-08  1.15999457e+00  3.59745000e-08 -2.30633999e-06 
 3.59755000e-08  1.89436481e-04  3.59755000e-08  1.10817434e+00  3.59755000e-08 -2.46626898e-06 
 3.59765000e-08  1.85577449e-04  3.59765000e-08  1.05559258e+00  3.59765000e-08 -6.25839150e-08 
 3.59775000e-08  1.81617137e-04  3.59775000e-08  1.00222383e+00  3.59775000e-08  9.43543356e-07 
 3.59785000e-08  1.77917773e-04  3.59785000e-08  9.48096695e-01  3.59785000e-08  3.96029797e-06 
 3.59795000e-08  1.74120277e-04  3.59795000e-08  8.93198741e-01  3.59795000e-08  5.73218806e-06 
 3.62385000e-08  9.05919265e-01  3.62385000e-08  3.77138550e-06  3.62385000e-08  1.04828809e-06 
 3.62395000e-08  9.47548510e-01  3.62395000e-08  3.27970836e-06  3.62395000e-08  5.77374158e-08 
 3.62405000e-08  9.88787433e-01  3.62405000e-08  3.61055778e-06  3.62405000e-08  1.06772398e-06 
 3.62415000e-08  1.02964536e+00  3.62415000e-08  3.14384924e-06  3.62415000e-08  1.63411499e-08 
 3.62425000e-08  1.07013331e+00  3.62425000e-08  3.48376829e-06  3.62425000e-08  1.00182016e-06 
 3.62435000e-08  1.11025218e+00  3.62435000e-08  3.02969593e-06  3.62435000e-08  2.38218315e-08 
 3.64155000e-08  1.94958584e+00  3.64155000e-08  8.91355714e-01  3.64155000e-08 -9.87974962e-05 
 3.64165000e-08  1.94959738e+00  3.64165000e-08  9.53612842e-01  3.64165000e-08 -1.20693728e-04 
 3.64175000e-08  1.94960785e+00  3.64175000e-08  1.01494401e+00  3.64175000e-08 -1.35793445e-04 
 3.64185000e-08  1.94961852e+00  3.64185000e-08  1.07537958e+00  3.64185000e-08 -1.43196646e-04 
 3.64195000e-08  1.94962818e+00  3.64195000e-08  1.13500060e+00  3.64195000e-08 -1.57704800e-04 
 3.64205000e-08  1.94963807e+00  3.64205000e-08  1.19409134e+00  3.64205000e-08 -1.72276753e-04 
 3.65355000e-08  1.94992414e+00  3.65355000e-08  1.94993298e+00  3.65355000e-08  8.75726097e-01 
 3.65365000e-08  1.94992479e+00  3.65365000e-08  1.94994025e+00  3.65365000e-08  9.36437604e-01 
 3.65375000e-08  1.94992523e+00  3.65375000e-08  1.94994571e+00  3.65375000e-08  9.96171118e-01 
 3.65385000e-08  1.94992586e+00  3.65385000e-08  1.94995166e+00  3.65385000e-08  1.05708297e+00 
 3.65395000e-08  1.94992629e+00  3.65395000e-08  1.94995827e+00  3.65395000e-08  1.12306712e+00 
 3.65405000e-08  1.94992690e+00  3.65405000e-08  1.94995369e+00  3.65405000e-08  1.19612276e+00 
 3.67755000e-08  1.13769892e+00  3.67755000e-08  1.95000008e+00  3.67755000e-08  1.94999164e+00 
 3.67765000e-08  1.08561741e+00  3.67765000e-08  1.95000009e+00  3.67765000e-08  1.94999516e+00 
 3.67775000e-08  1.03384434e+00  3.67775000e-08  1.95000002e+00  3.67775000e-08  1.94999228e+00 
 3.67785000e-08  9.82274855e-01  3.67785000e-08  1.95000002e+00  3.67785000e-08  1.94999725e+00 
 3.67795000e-08  9.30890672e-01  3.67795000e-08  1.94999994e+00  3.67795000e-08  1.94999252e+00 
 3.67805000e-08  8.79615857e-01  3.67805000e-08  1.94999993e+00  3.67805000e-08  1.94999593e+00 
 3.70965000e-08  1.93594736e-04  3.70965000e-08  1.16038905e+00  3.70965000e-08  1.94994453e+00 
 3.70975000e-08  1.89463017e-04  3.70975000e-08  1.10857662e+00  3.70975000e-08  1.94994005e+00 
 3.70985000e-08  1.85608893e-04  3.70985000e-08  1.05600227e+00  3.70985000e-08  1.94993934e+00 
 3.70995000e-08  1.81643890e-04  3.70995000e-08  1.00264105e+00  3.70995000e-08  1.94994348e+00 
 3.71005000e-08  1.77949829e-04  3.71005000e-08  9.48520728e-01  3.71005000e-08  1.94995387e+00 
 3.71015000e-08  1.74145387e-04  3.71015000e-08  8.93629323e-01  3.71015000e-08  1.94997048e+00 
 3.73605000e-08  9.04153679e-01  3.73605000e-08  2.10271568e-06  3.73605000e-08  1.94999582e+00 
 3.73615000e-08  9.45800060e-01  3.73615000e-08  1.76595636e-06  3.73615000e-08  1.94999632e+00 
 3.73625000e-08  9.87054962e-01  3.73625000e-08  2.02401990e-06  3.73625000e-08  1.94999603e+00 
 3.73635000e-08  1.02792889e+00  3.73635000e-08  1.71043826e-06  3.73635000e-08  1.94999651e+00 
 3.73645000e-08  1.06843224e+00  3.73645000e-08  1.97682513e-06  3.73645000e-08  1.94999622e+00 
 3.73655000e-08  1.10856678e+00  3.73655000e-08  1.67102667e-06  3.73655000e-08  1.94999669e+00 
 3.75375000e-08  1.94958539e+00  3.75375000e-08  8.89906052e-01  3.75375000e-08  1.94988206e+00 
 3.75385000e-08  1.94959689e+00  3.75385000e-08  9.52019600e-01  3.75385000e-08  1.94977683e+00 
 3.75395000e-08  1.94960744e+00  3.75395000e-08  1.01311409e+00  3.75395000e-08  1.94966405e+00 
 3.75405000e-08  1.94961806e+00  3.75405000e-08  1.07321717e+00  3.75405000e-08  1.94956208e+00 
 3.75415000e-08  1.94962780e+00  3.75415000e-08  1.13243574e+00  3.75415000e-08  1.94945943e+00 
 3.75425000e-08  1.94963764e+00  3.75425000e-08  1.19114689e+00  3.75425000e-08  1.94933974e+00 
 3.76715000e-08  1.94993119e+00  3.76715000e-08  1.94996594e+00  3.76715000e-08  1.19382889e+00 
 3.76725000e-08  1.94993172e+00  3.76725000e-08  1.94999363e+00  3.76725000e-08  1.13629756e+00 
 3.76735000e-08  1.94993210e+00  3.76735000e-08  1.95002053e+00  3.76735000e-08  1.07867326e+00 
 3.76745000e-08  1.94993261e+00  3.76745000e-08  1.95004764e+00  3.76745000e-08  1.02073873e+00 
 3.76755000e-08  1.94993298e+00  3.76755000e-08  1.95006665e+00  3.76755000e-08  9.62389519e-01 
 3.76765000e-08  1.94993349e+00  3.76765000e-08  1.95008324e+00  3.76765000e-08  9.03443685e-01 
 3.78975000e-08  1.13960508e+00  3.78975000e-08  1.94999986e+00  3.78975000e-08  1.47367678e-05 
 3.78985000e-08  1.08751129e+00  3.78985000e-08  1.94999994e+00  3.78985000e-08  1.94534614e-05 
 3.78995000e-08  1.03572967e+00  3.78995000e-08  1.94999978e+00  3.78995000e-08  1.35454959e-05 
 3.79005000e-08  9.84152676e-01  3.79005000e-08  1.94999986e+00  3.79005000e-08  1.81898632e-05 
 3.79015000e-08  9.32764006e-01  3.79015000e-08  1.94999973e+00  3.79015000e-08  1.27329310e-05 
 3.79025000e-08  8.81484684e-01  3.79025000e-08  1.94999983e+00  3.79025000e-08  1.73607618e-05 
 3.82185000e-08  1.93749211e-04  3.82185000e-08  1.16223298e+00  3.82185000e-08 -2.38915046e-06 
 3.82195000e-08  1.89605355e-04  3.82195000e-08  1.11044739e+00  3.82195000e-08 -2.45004387e-06 
 3.82205000e-08  1.85757195e-04  3.82205000e-08  1.05789856e+00  3.82205000e-08 -2.03336440e-07 
 3.82215000e-08  1.81780369e-04  3.82215000e-08  1.00456428e+00  3.82215000e-08  9.13279981e-07 
 3.82225000e-08  1.78092116e-04  3.82225000e-08  9.50469765e-01  3.82225000e-08  3.80672902e-06 
 3.82235000e-08  1.74276176e-04  3.82235000e-08  8.95605316e-01  3.82235000e-08  5.67962795e-06 
 3.84835000e-08  9.44254471e-01  3.84835000e-08  3.29308544e-06  3.84835000e-08  9.38778573e-08 
 3.84845000e-08  9.85523547e-01  3.84845000e-08  3.60260807e-06  3.84845000e-08  1.00366818e-06 
 3.84855000e-08  1.02641166e+00  3.84855000e-08  3.15597917e-06  3.84855000e-08  5.43757029e-08 
 3.84865000e-08  1.06692865e+00  3.84865000e-08  3.47560132e-06  3.84865000e-08  9.41948833e-07 
 3.84875000e-08  1.10707704e+00  3.84875000e-08  3.04156172e-06  3.84875000e-08  5.96631730e-08 
 3.84885000e-08  1.14685203e+00  3.84885000e-08  3.35503878e-06  3.84885000e-08  9.52338895e-07 
 3.86595000e-08  1.94958499e+00  3.86595000e-08  8.86418628e-01  3.86595000e-08 -9.64715231e-05 
 3.86605000e-08  1.94959645e+00  3.86605000e-08  9.48745752e-01  3.86605000e-08 -1.19356734e-04 
 3.86615000e-08  1.94960707e+00  3.86615000e-08  1.01015031e+00  3.86615000e-08 -1.34759277e-04 
 3.86625000e-08  1.94961766e+00  3.86625000e-08  1.07065082e+00  3.86625000e-08 -1.42541595e-04 
 3.86635000e-08  1.94962746e+00  3.86635000e-08  1.13032457e+00  3.86635000e-08 -1.56471070e-04 
 3.86645000e-08  1.94963726e+00  3.86645000e-08  1.18943035e+00  3.86645000e-08 -1.70765057e-04 
 3.87795000e-08  1.94992411e+00  3.87795000e-08  1.94993265e+00  3.87795000e-08  8.70771507e-01 
 3.87805000e-08  1.94992472e+00  3.87805000e-08  1.94993960e+00  3.87805000e-08  9.31598924e-01 
 3.87815000e-08  1.94992521e+00  3.87815000e-08  1.94994534e+00  3.87815000e-08  9.91368800e-01 
 3.87825000e-08  1.94992580e+00  3.87825000e-08  1.94995129e+00  3.87825000e-08  1.05199463e+00 
 3.87835000e-08  1.94992627e+00  3.87835000e-08  1.94995802e+00  3.87835000e-08  1.11742297e+00 
 3.87845000e-08  1.94992684e+00  3.87845000e-08  1.94995373e+00  3.87845000e-08  1.19019335e+00 
 3.90195000e-08  1.14210228e+00  3.90195000e-08  1.95000010e+00  3.90195000e-08  1.94999416e+00 
 3.90205000e-08  1.08999331e+00  3.90205000e-08  1.95000008e+00  3.90205000e-08  1.94999824e+00 
 3.90215000e-08  1.03819858e+00  3.90215000e-08  1.95000005e+00  3.90215000e-08  1.94999424e+00 
 3.90225000e-08  9.86612277e-01  3.90225000e-08  1.95000002e+00  3.90225000e-08  1.94999716e+00 
 3.90235000e-08  9.35215891e-01  3.90235000e-08  1.94999998e+00  3.90235000e-08  1.94999324e+00 
 3.90245000e-08  8.83931230e-01  3.90245000e-08  1.94999994e+00  3.90245000e-08  1.94999600e+00 
 3.93405000e-08  1.93948129e-04  3.93405000e-08  1.16469238e+00  3.93405000e-08  1.94994496e+00 
 3.93415000e-08  1.89791523e-04  3.93415000e-08  1.11294658e+00  3.93415000e-08  1.94994035e+00 
 3.93425000e-08  1.85948307e-04  3.93425000e-08  1.06043558e+00  3.93425000e-08  1.94993919e+00 
 3.93435000e-08  1.81959333e-04  3.93435000e-08  1.00714072e+00  3.93435000e-08  1.94994295e+00 
 3.93445000e-08  1.78274704e-04  3.93445000e-08  9.53083234e-01  3.93445000e-08  1.94995273e+00 
 3.93455000e-08  1.74444985e-04  3.93455000e-08  8.98256331e-01  3.93455000e-08  1.94996888e+00 
 3.96055000e-08  9.42353476e-01  3.96055000e-08  1.80259548e-06  3.96055000e-08  1.94999633e+00 
 3.96065000e-08  9.83639898e-01  3.96065000e-08  1.99325782e-06  3.96065000e-08  1.94999601e+00 
 3.96075000e-08  1.02454554e+00  3.96075000e-08  1.74533787e-06  3.96075000e-08  1.94999652e+00 
 3.96085000e-08  1.06507919e+00  3.96085000e-08  1.94587572e-06  3.96085000e-08  1.94999620e+00 
 3.96095000e-08  1.10524466e+00  3.96095000e-08  1.70532266e-06  3.96095000e-08  1.94999670e+00 
 3.96105000e-08  1.14503696e+00  3.96105000e-08  1.90018533e-06  3.96105000e-08  1.94999638e+00 
 3.97815000e-08  1.94958450e+00  3.97815000e-08  8.84764709e-01  3.97815000e-08  1.94989002e+00 
 3.97825000e-08  1.94959591e+00  3.97825000e-08  9.46958663e-01  3.97825000e-08  1.94978606e+00 
 3.97835000e-08  1.94960662e+00  3.97835000e-08  1.00813714e+00  3.97835000e-08  1.94967349e+00 
 3.97845000e-08  1.94961715e+00  3.97845000e-08  1.06831497e+00  3.97845000e-08  1.94956960e+00 
 3.97855000e-08  1.94962704e+00  3.97855000e-08  1.12759383e+00  3.97855000e-08  1.94946864e+00 
 3.97865000e-08  1.94963679e+00  3.97865000e-08  1.18632561e+00  3.97865000e-08  1.94935045e+00 
 3.99155000e-08  1.94993117e+00  3.99155000e-08  1.94996396e+00  3.99155000e-08  1.19850587e+00 
 3.99165000e-08  1.94993166e+00  3.99165000e-08  1.94999138e+00  3.99165000e-08  1.14097519e+00 
 3.99175000e-08  1.94993208e+00  3.99175000e-08  1.95001836e+00  3.99175000e-08  1.08337014e+00 
 3.99185000e-08  1.94993256e+00  3.99185000e-08  1.95004559e+00  3.99185000e-08  1.02546175e+00 
 3.99195000e-08  1.94993297e+00  3.99195000e-08  1.95006530e+00  3.99195000e-08  9.67157071e-01 
 3.99205000e-08  1.94993343e+00  3.99205000e-08  1.95008207e+00  3.99205000e-08  9.08259181e-01 
 4.01415000e-08  1.14386198e+00  4.01415000e-08  1.94999993e+00  4.01415000e-08  1.53996097e-05 
 4.01425000e-08  1.09174284e+00  4.01425000e-08  1.94999997e+00  4.01425000e-08  1.83776489e-05 
 4.01435000e-08  1.03993839e+00  4.01435000e-08  1.94999988e+00  4.01435000e-08  1.44719011e-05 
 4.01445000e-08  9.88346050e-01  4.01445000e-08  1.94999991e+00  4.01445000e-08  1.74561806e-05 
 4.01455000e-08  9.36943882e-01  4.01455000e-08  1.94999982e+00  4.01455000e-08  1.33798373e-05 
 4.01465000e-08  8.85655954e-01  4.01465000e-08  1.94999985e+00  4.01465000e-08  1.63177329e-05 
 4.04625000e-08  1.94088158e-04  4.04625000e-08  1.16640037e+00  4.04625000e-08 -2.58965180e-06 
 4.04635000e-08  1.89923323e-04  4.04635000e-08  1.11467933e+00  4.04635000e-08 -2.37930275e-06 
 4.04645000e-08  1.86082618e-04  4.04645000e-08  1.06219187e+00  4.04645000e-08 -5.09264084e-07 
 4.04655000e-08  1.82085659e-04  4.04655000e-08  1.00892186e+00  4.04655000e-08  8.91750385e-07 
 4.04665000e-08  1.78403809e-04  4.04665000e-08  9.54888219e-01  4.04665000e-08  3.48410297e-06 
 4.04675000e-08  1.74566565e-04  4.04675000e-08  9.00086260e-01  4.04675000e-08  5.60216271e-06 
 4.07275000e-08  9.40807373e-01  4.07275000e-08  3.32406201e-06  4.07275000e-08  1.35530128e-07 
 4.07285000e-08  9.82107685e-01  4.07285000e-08  3.58248545e-06  4.07285000e-08  8.35199140e-07 
 4.07295000e-08  1.02302782e+00  4.07295000e-08  3.18668858e-06  4.07295000e-08  1.35405285e-07 
 4.07305000e-08  1.06357479e+00  4.07305000e-08  3.45585847e-06  4.07305000e-08  8.38617229e-07 
 4.07315000e-08  1.10375437e+00  4.07315000e-08  3.07025599e-06  4.07315000e-08  1.03755783e-07 
 4.07325000e-08  1.14356049e+00  4.07325000e-08  3.33489754e-06  4.07325000e-08  7.92100681e-07 
 4.09035000e-08  1.94958410e+00  4.09035000e-08  8.81212595e-01  4.09035000e-08 -9.39519252e-05 
 4.09045000e-08  1.94959546e+00  4.09045000e-08  9.43610908e-01  4.09045000e-08 -1.17854323e-04 
 4.09055000e-08  1.94960626e+00  4.09055000e-08  1.00509068e+00  4.09055000e-08 -1.33587328e-04 
 4.09065000e-08  1.94961674e+00  4.09065000e-08  1.06566775e+00  4.09065000e-08 -1.42048080e-04 
 4.09075000e-08  1.94962671e+00  4.09075000e-08  1.12540609e+00  4.09075000e-08 -1.55300470e-04 
 4.09085000e-08  1.94963641e+00  4.09085000e-08  1.18454595e+00  4.09085000e-08 -1.69433903e-04 
 4.10235000e-08  1.94992409e+00  4.10235000e-08  1.94993231e+00  4.10235000e-08  8.65602259e-01 
 4.10245000e-08  1.94992465e+00  4.10245000e-08  1.94993892e+00  4.10245000e-08  9.26555291e-01 
 4.10255000e-08  1.94992519e+00  4.10255000e-08  1.94994492e+00  4.10255000e-08  9.86374358e-01 
 4.10265000e-08  1.94992573e+00  4.10265000e-08  1.94995084e+00  4.10265000e-08  1.04675756e+00 
 4.10275000e-08  1.94992625e+00  4.10275000e-08  1.94995765e+00  4.10275000e-08  1.11162291e+00 
 4.10285000e-08  1.94992678e+00  4.10285000e-08  1.94995387e+00  4.10285000e-08  1.18402122e+00 
 4.12635000e-08  1.14624015e+00  4.12635000e-08  1.95000012e+00  4.12635000e-08  1.94999515e+00 
 4.12645000e-08  1.09410723e+00  4.12645000e-08  1.95000007e+00  4.12645000e-08  1.94999738e+00 
 4.12655000e-08  1.04228958e+00  4.12655000e-08  1.95000006e+00  4.12655000e-08  1.94999536e+00 
 4.12665000e-08  9.90689029e-01  4.12665000e-08  1.95000001e+00  4.12665000e-08  1.94999847e+00 
 4.12675000e-08  9.39279007e-01  4.12675000e-08  1.94999999e+00  4.12675000e-08  1.94999534e+00 
 4.12685000e-08  8.87986658e-01  4.12685000e-08  1.94999993e+00  4.12685000e-08  1.94999753e+00 
 4.15845000e-08  1.94292673e-04  4.15845000e-08  1.16891882e+00  4.15845000e-08  1.94994540e+00 
 4.15855000e-08  1.90116196e-04  4.15855000e-08  1.11723854e+00  4.15855000e-08  1.94994066e+00 
 4.15865000e-08  1.86278326e-04  4.15865000e-08  1.06478984e+00  4.15865000e-08  1.94993908e+00 
 4.15875000e-08  1.82269944e-04  4.15875000e-08  1.01156023e+00  4.15875000e-08  1.94994246e+00 
 4.15885000e-08  1.78591649e-04  4.15885000e-08  9.57564610e-01  4.15885000e-08  1.94995165e+00 
 4.15895000e-08  1.74743857e-04  4.15895000e-08  9.02801246e-01  4.15895000e-08  1.94996734e+00 
 4.18495000e-08  9.39155604e-01  4.18495000e-08  1.83545245e-06  4.18495000e-08  1.94999631e+00 
 4.18505000e-08  9.80470787e-01  4.18505000e-08  1.96642546e-06  4.18505000e-08  1.94999601e+00 
 4.18515000e-08  1.02140641e+00  4.18515000e-08  1.77653552e-06  4.18515000e-08  1.94999650e+00 
 4.18525000e-08  1.06196763e+00  4.18525000e-08  1.91877884e-06  4.18525000e-08  1.94999620e+00 
 4.18535000e-08  1.10216223e+00  4.18535000e-08  1.73593651e-06  4.18535000e-08  1.94999668e+00 
 4.18545000e-08  1.14198309e+00  4.18545000e-08  1.87375176e-06  4.18545000e-08  1.94999639e+00 
 4.20000000e-08  1.94908994e+00  4.20000000e-08 -5.12560219e-02  4.20000000e-08  1.94999466e+00 
