 time            v(b_out)        time            v(u_puf_u_core_sel_ro) time            v(q)           
 0.00000000e+00  4.68653885e-09  0.00000000e+00  2.46749731e-09  0.00000000e+00  2.46749746e-09 
 2.57750000e-09  9.09167841e-01  2.57750000e-09 -1.14217351e-08  2.57750000e-09  2.45982318e-09 
 2.57850000e-09  9.50765058e-01  2.57850000e-09 -1.80281045e-08  2.57850000e-09  2.46291615e-09 
 2.57950000e-09  9.91974441e-01  2.57950000e-09 -2.30765300e-08  2.57950000e-09  2.46744358e-09 
 2.58050000e-09  1.03280251e+00  2.58050000e-09 -2.53256977e-08  2.58050000e-09  2.47334508e-09 
 2.58150000e-09  1.07326188e+00  2.58150000e-09 -2.44053482e-08  2.58150000e-09  2.47687792e-09 
 2.58250000e-09  1.11335139e+00  2.58250000e-09 -2.12294717e-08  2.58250000e-09  2.47812032e-09 
 2.74950000e-09  1.94963633e+00  2.74950000e-09  8.77592451e-01  2.74950000e-09 -9.10595313e-05 
 2.75050000e-09  1.94964543e+00  2.75050000e-09  9.40032939e-01  2.75050000e-09 -1.16241426e-04 
 2.75150000e-09  1.94965342e+00  2.75150000e-09  1.00155732e+00  2.75150000e-09 -1.31444577e-04 
 2.75250000e-09  1.94966180e+00  2.75250000e-09  1.06217499e+00  2.75250000e-09 -1.40393897e-04 
 2.75350000e-09  1.94966914e+00  2.75350000e-09  1.12195112e+00  2.75350000e-09 -1.53112591e-04 
 2.75450000e-09  1.94967688e+00  2.75450000e-09  1.18112393e+00  2.75450000e-09 -1.67771589e-04 
 2.86950000e-09  1.94992147e+00  2.86950000e-09  1.94992692e+00  2.86950000e-09  8.50452942e-01 
 2.87050000e-09  1.94992213e+00  2.87050000e-09  1.94993339e+00  2.87050000e-09  9.11718851e-01 
 2.87150000e-09  1.94992262e+00  2.87150000e-09  1.94993977e+00  2.87150000e-09  9.71637914e-01 
 2.87250000e-09  1.94992326e+00  2.87250000e-09  1.94994657e+00  2.87250000e-09  1.03144417e+00 
 2.87350000e-09  1.94992374e+00  2.87350000e-09  1.94995313e+00  2.87350000e-09  1.09472704e+00 
 2.87450000e-09  1.94992437e+00  2.87450000e-09  1.94995297e+00  2.87450000e-09  1.16543477e+00 
 3.11450000e-09  1.13345761e+00  3.11450000e-09  1.95000005e+00  3.11450000e-09  1.94999962e+00 
 3.11550000e-09  1.08140347e+00  3.11550000e-09  1.95000006e+00  3.11550000e-09  1.94999965e+00 
 3.11650000e-09  1.02964939e+00  3.11650000e-09  1.95000002e+00  3.11650000e-09  1.94999960e+00 
 3.11750000e-09  9.78096350e-01  3.11750000e-09  1.95000003e+00  3.11750000e-09  1.94999964e+00 
 3.11850000e-09  9.26721661e-01  3.11850000e-09  1.94999998e+00  3.11850000e-09  1.94999958e+00 
 3.11950000e-09  8.75455762e-01  3.11950000e-09  1.95000000e+00  3.11950000e-09  1.94999964e+00 
 3.41750000e-09  2.78409731e-04  3.41750000e-09  2.00572228e+00  3.41750000e-09  1.94999905e+00 
 3.45250000e-09  1.32834261e-04  3.45250000e-09  1.17353622e+00  3.45250000e-09  1.94994589e+00 
 3.45350000e-09  1.30096523e-04  3.45350000e-09  1.12193288e+00  3.45350000e-09  1.94994109e+00 
 3.45450000e-09  1.27303981e-04  3.45450000e-09  1.06955758e+00  3.45450000e-09  1.94993901e+00 
 3.45550000e-09  1.24681673e-04  3.45550000e-09  1.01640493e+00  3.45550000e-09  1.94994203e+00 
 3.45650000e-09  1.22002878e-04  3.45650000e-09  9.62482600e-01  3.45650000e-09  1.94995053e+00 
 3.45750000e-09  1.19489892e-04  3.45750000e-09  9.07794657e-01  3.45750000e-09  1.94996576e+00 
 3.69950000e-09  9.07709933e-01  3.69950000e-09  3.02206085e-06  3.69950000e-09  1.94999392e+00 
 3.70050000e-09  9.49321282e-01  3.70050000e-09  3.07587646e-06  3.70050000e-09  1.94999368e+00 
 3.70150000e-09  9.90543686e-01  3.70150000e-09  2.86005758e-06  3.70150000e-09  1.94999425e+00 
 3.70250000e-09  1.03138499e+00  3.70250000e-09  2.92174910e-06  3.70250000e-09  1.94999401e+00 
 3.70350000e-09  1.07185700e+00  3.70350000e-09  2.71876527e-06  3.70350000e-09  1.94999455e+00 
 3.70450000e-09  1.11195971e+00  3.70450000e-09  2.78558562e-06  3.70450000e-09  1.94999432e+00 
 3.87050000e-09  1.94962750e+00  3.87050000e-09  8.60608200e-01  3.87050000e-09  1.94992580e+00 
 3.87150000e-09  1.94963624e+00  3.87150000e-09  9.23156403e-01  3.87150000e-09  1.94982811e+00 
 3.87250000e-09  1.94964532e+00  3.87250000e-09  9.84716613e-01  3.87250000e-09  1.94971667e+00 
 3.87350000e-09  1.94965332e+00  3.87350000e-09  1.04526696e+00  3.87350000e-09  1.94960537e+00 
 3.87450000e-09  1.94966169e+00  3.87450000e-09  1.10486225e+00  3.87450000e-09  1.94951012e+00 
 3.87550000e-09  1.94966904e+00  3.87550000e-09  1.16375069e+00  3.87550000e-09  1.94939821e+00 
 4.00550000e-09  1.94992892e+00  4.00550000e-09  1.94998073e+00  4.00550000e-09  1.16299866e+00 
 4.00650000e-09  1.94992947e+00  4.00650000e-09  1.95000830e+00  4.00650000e-09  1.10544395e+00 
 4.00750000e-09  1.94992988e+00  4.00750000e-09  1.95003519e+00  4.00750000e-09  1.04766263e+00 
 4.00850000e-09  1.94993042e+00  4.00850000e-09  1.95005877e+00  4.00850000e-09  9.89530428e-01 
 4.00950000e-09  1.94993082e+00  4.00950000e-09  1.95007585e+00  4.00950000e-09  9.30863296e-01 
 4.01050000e-09  1.94993135e+00  4.01050000e-09  1.95008892e+00  4.01050000e-09  8.71586460e-01 
 4.23650000e-09  1.13528210e+00  4.23650000e-09  1.94999989e+00  4.23650000e-09  1.39734337e-05 
 4.23750000e-09  1.08321642e+00  4.23750000e-09  1.94999971e+00  4.23750000e-09  1.40784082e-05 
 4.23850000e-09  1.03145431e+00  4.23850000e-09  1.94999984e+00  4.23850000e-09  1.30614184e-05 
 4.23950000e-09  9.79894156e-01  4.23950000e-09  1.94999969e+00  4.23950000e-09  1.32452506e-05 
 4.24050000e-09  9.28515233e-01  4.24050000e-09  1.94999985e+00  4.24050000e-09  1.22894732e-05 
 4.24150000e-09  8.77245068e-01  4.24150000e-09  1.94999970e+00  4.24150000e-09  1.24062360e-05 
 4.57450000e-09  1.32919670e-04  4.57450000e-09  1.17518504e+00  4.57450000e-09 -2.72594493e-06 
 4.57550000e-09  1.30191040e-04  4.57550000e-09  1.12360560e+00  4.57550000e-09 -2.46972612e-06 
 4.57650000e-09  1.27385656e-04  4.57650000e-09  1.07125303e+00  4.57650000e-09 -8.70885046e-07 
 4.57750000e-09  1.24772365e-04  4.57750000e-09  1.01812432e+00  4.57750000e-09  6.24197064e-07 
 4.57850000e-09  1.22081104e-04  4.57850000e-09  9.64225026e-01  4.57850000e-09  3.02474325e-06 
 4.57950000e-09  1.19576970e-04  4.57950000e-09  9.09561139e-01  4.57950000e-09  5.21569761e-06 
 4.82150000e-09  9.06583668e-01  4.82150000e-09  5.51162611e-06  4.82150000e-09  4.05533894e-07 
 4.82250000e-09  9.48205944e-01  4.82250000e-09  5.63106161e-06  4.82250000e-09  8.79375332e-07 
 4.82350000e-09  9.89438522e-01  4.82350000e-09  5.21701663e-06  4.82350000e-09  3.95844482e-07 
 4.82450000e-09  1.03029003e+00  4.82450000e-09  5.34613081e-06  4.82450000e-09  8.59576701e-07 
 4.82550000e-09  1.07077186e+00  4.82550000e-09  4.95077365e-06  4.82550000e-09  3.92691703e-07 
 4.82650000e-09  1.11088459e+00  4.82650000e-09  5.08652812e-06  4.82650000e-09  8.54723622e-07 
 4.99250000e-09  1.94962723e+00  4.99250000e-09  8.57651886e-01  4.99250000e-09 -8.17952565e-05 
 4.99350000e-09  1.94963602e+00  4.99350000e-09  9.20360050e-01  4.99350000e-09 -1.10578389e-04 
 4.99450000e-09  1.94964508e+00  4.99450000e-09  9.82177709e-01  4.99450000e-09 -1.27993788e-04 
 4.99550000e-09  1.94965312e+00  4.99550000e-09  1.04307886e+00  4.99550000e-09 -1.39471565e-04 
 4.99650000e-09  1.94966146e+00  4.99650000e-09  1.10310796e+00  4.99650000e-09 -1.49577123e-04 
 4.99750000e-09  1.94966885e+00  4.99750000e-09  1.16244174e+00  4.99750000e-09 -1.64304850e-04 
 5.11350000e-09  1.94992144e+00  5.11350000e-09  1.94993575e+00  5.11350000e-09  9.04225028e-01 
 5.11450000e-09  1.94992209e+00  5.11450000e-09  1.94994338e+00  5.11450000e-09  9.64362047e-01 
 5.11550000e-09  1.94992259e+00  5.11550000e-09  1.94994835e+00  5.11550000e-09  1.02415593e+00 
 5.11650000e-09  1.94992323e+00  5.11650000e-09  1.94995561e+00  5.11650000e-09  1.08696061e+00 
 5.11750000e-09  1.94992371e+00  5.11750000e-09  1.94995560e+00  5.11750000e-09  1.15682615e+00 
 5.11850000e-09  1.94992433e+00  5.11850000e-09  1.94995436e+00  5.11850000e-09  1.23019644e+00 
 5.35850000e-09  1.13708004e+00  5.35850000e-09  1.95000005e+00  5.35850000e-09  1.94999968e+00 
 5.35950000e-09  1.08500277e+00  5.35950000e-09  1.94999991e+00  5.35950000e-09  1.94999833e+00 
 5.36050000e-09  1.03323257e+00  5.36050000e-09  1.95000001e+00  5.36050000e-09  1.94999928e+00 
 5.36150000e-09  9.81665234e-01  5.36150000e-09  1.94999988e+00  5.36150000e-09  1.94999799e+00 
 5.36250000e-09  9.30281903e-01  5.36250000e-09  1.94999997e+00  5.36250000e-09  1.94999894e+00 
 5.36350000e-09  8.79007354e-01  5.36350000e-09  1.94999986e+00  5.36350000e-09  1.94999813e+00 
 5.69650000e-09  1.33003984e-04  5.69650000e-09  1.17683037e+00  5.69650000e-09  1.94994645e+00 
 5.69750000e-09  1.30284021e-04  5.69750000e-09  1.12527818e+00  5.69750000e-09  1.94994116e+00 
 5.69850000e-09  1.27466042e-04  5.69850000e-09  1.07295160e+00  5.69850000e-09  1.94993918e+00 
 5.69950000e-09  1.24861398e-04  5.69950000e-09  1.01984990e+00  5.69950000e-09  1.94994151e+00 
 5.70050000e-09  1.22157986e-04  5.70050000e-09  9.65976055e-01  5.70050000e-09  1.94994996e+00 
 5.70150000e-09  1.19662427e-04  5.70150000e-09  9.11337846e-01  5.70150000e-09  1.94996442e+00 
 5.94350000e-09  9.04732370e-01  5.94350000e-09  3.06559628e-06  5.94350000e-09  1.94999382e+00 
 5.94450000e-09  9.46372602e-01  5.94450000e-09  3.04292661e-06  5.94450000e-09  1.94999376e+00 
 5.94550000e-09  9.87621926e-01  5.94550000e-09  2.90221086e-06  5.94550000e-09  1.94999415e+00 
 5.94650000e-09  1.02849020e+00  5.94650000e-09  2.88880393e-06  5.94650000e-09  1.94999408e+00 
 5.94750000e-09  1.06898819e+00  5.94750000e-09  2.75960224e-06  5.94750000e-09  1.94999446e+00 
 5.94850000e-09  1.10911733e+00  5.94850000e-09  2.75290266e-06  5.94850000e-09  1.94999439e+00 
 6.11450000e-09  1.94962678e+00  6.11450000e-09  8.56290798e-01  6.11450000e-09  1.94993176e+00 
 6.11550000e-09  1.94963565e+00  6.11550000e-09  9.18903464e-01  6.11550000e-09  1.94983522e+00 
 6.11650000e-09  1.94964467e+00  6.11650000e-09  9.80532904e-01  6.11650000e-09  1.94972433e+00 
 6.11750000e-09  1.94965278e+00  6.11750000e-09  1.04115176e+00  6.11750000e-09  1.94961267e+00 
 6.11850000e-09  1.94966109e+00  6.11850000e-09  1.10081332e+00  6.11850000e-09  1.94951706e+00 
 6.11950000e-09  1.94966854e+00  6.11950000e-09  1.15974299e+00  6.11950000e-09  1.94940609e+00 
 6.24950000e-09  1.94992889e+00  6.24950000e-09  1.94997881e+00  6.24950000e-09  1.16690642e+00 
 6.25050000e-09  1.94992943e+00  6.25050000e-09  1.95000643e+00  6.25050000e-09  1.10935656e+00 
 6.25150000e-09  1.94992985e+00  6.25150000e-09  1.95003331e+00  6.25150000e-09  1.05159792e+00 
 6.25250000e-09  1.94993038e+00  6.25250000e-09  1.95005752e+00  6.25250000e-09  9.93492817e-01 
 6.25350000e-09  1.94993079e+00  6.25350000e-09  1.95007469e+00  6.25350000e-09  9.34867726e-01 
 6.25450000e-09  1.94993131e+00  6.25450000e-09  1.95008837e+00  6.25450000e-09  8.75633341e-01 
 6.48050000e-09  1.13823470e+00  6.48050000e-09  1.94999998e+00  6.48050000e-09  1.44292466e-05 
 6.48150000e-09  1.08615024e+00  6.48150000e-09  1.94999981e+00  6.48150000e-09  1.38120001e-05 
 6.48250000e-09  1.03437508e+00  6.48250000e-09  1.94999998e+00  6.48250000e-09  1.35307026e-05 
 6.48350000e-09  9.82803440e-01  6.48350000e-09  1.94999977e+00  6.48350000e-09  1.28875448e-05 
 6.48450000e-09  9.31417609e-01  6.48450000e-09  1.94999992e+00  6.48450000e-09  1.26359757e-05 
 6.48550000e-09  8.80140535e-01  6.48550000e-09  1.94999974e+00  6.48550000e-09  1.21014169e-05 
 6.81850000e-09  1.33078820e-04  6.81850000e-09  1.17817448e+00  6.81850000e-09 -2.67852096e-06 
 6.81950000e-09  1.30362399e-04  6.81950000e-09  1.12664152e+00  6.81950000e-09 -2.58395265e-06 
 6.82050000e-09  1.27538050e-04  6.82050000e-09  1.07433314e+00  6.82050000e-09 -9.01031137e-07 
 6.82150000e-09  1.24936738e-04  6.82150000e-09  1.02125070e+00  6.82150000e-09  4.57639218e-07 
 6.82250000e-09  1.22227032e-04  6.82250000e-09  9.67395384e-01  6.82250000e-09  2.94155563e-06 
 6.82350000e-09  1.19734663e-04  6.82350000e-09  9.12776677e-01  6.82350000e-09  5.01238672e-06 
 7.06550000e-09  9.05177680e-01  7.06550000e-09  5.54709137e-06  7.06550000e-09  4.62828191e-07 
 7.06650000e-09  9.46813548e-01  7.06650000e-09  5.61414363e-06  7.06650000e-09  7.69593455e-07 
 7.06750000e-09  9.88058805e-01  7.06750000e-09  5.25090534e-06  7.06750000e-09  3.27413754e-07 
 7.06850000e-09  1.02892301e+00  7.06850000e-09  5.32883250e-06  7.06850000e-09  7.77884335e-07 
 7.06950000e-09  1.06941709e+00  7.06950000e-09  4.98344947e-06  7.06950000e-09  4.09503900e-07 
 7.07050000e-09  1.10954226e+00  7.07050000e-09  5.06906472e-06  7.07050000e-09  7.17872558e-07 
 7.23650000e-09  1.94962689e+00  7.23650000e-09  8.55525819e-01  7.23650000e-09 -8.07063137e-05 
 7.23750000e-09  1.94963573e+00  7.23750000e-09  9.18262469e-01  7.23750000e-09 -1.09820151e-04 
 7.23850000e-09  1.94964476e+00  7.23850000e-09  9.80111002e-01  7.23850000e-09 -1.27517022e-04 
 7.23950000e-09  1.94965286e+00  7.23950000e-09  1.04104256e+00  7.23950000e-09 -1.39271471e-04 
 7.24050000e-09  1.94966118e+00  7.24050000e-09  1.10109913e+00  7.24050000e-09 -1.48969772e-04 
 7.24150000e-09  1.94966862e+00  7.24150000e-09  1.16045177e+00  7.24150000e-09 -1.63825512e-04 
 7.35750000e-09  1.94992142e+00  7.35750000e-09  1.94993548e+00  7.35750000e-09  9.02154888e-01 
 7.35850000e-09  1.94992207e+00  7.35850000e-09  1.94994322e+00  7.35850000e-09  9.62326312e-01 
 7.35950000e-09  1.94992257e+00  7.35950000e-09  1.94994811e+00  7.35950000e-09  1.02209482e+00 
 7.36050000e-09  1.94992321e+00  7.36050000e-09  1.94995534e+00  7.36050000e-09  1.08474446e+00 
 7.36150000e-09  1.94992370e+00  7.36150000e-09  1.94995585e+00  7.36150000e-09  1.15431938e+00 
 7.36250000e-09  1.94992431e+00  7.36250000e-09  1.94995432e+00  7.36250000e-09  1.22771393e+00 
 7.60250000e-09  1.13815942e+00  7.60250000e-09  1.95000008e+00  7.60250000e-09  1.95000014e+00 
 7.60350000e-09  1.08607525e+00  7.60350000e-09  1.94999995e+00  7.60350000e-09  1.94999873e+00 
 7.60450000e-09  1.03430030e+00  7.60450000e-09  1.95000005e+00  7.60450000e-09  1.95000022e+00 
 7.60550000e-09  9.82728849e-01  7.60550000e-09  1.94999990e+00  7.60550000e-09  1.94999843e+00 
 7.60650000e-09  9.31343029e-01  7.60650000e-09  1.95000000e+00  7.60650000e-09  1.94999964e+00 
 7.60750000e-09  8.80066001e-01  7.60750000e-09  1.94999988e+00  7.60750000e-09  1.94999844e+00 
 7.94050000e-09  1.33064158e-04  7.94050000e-09  1.17808996e+00  7.94050000e-09  1.94994660e+00 
 7.94150000e-09  1.30348182e-04  7.94150000e-09  1.12655736e+00  7.94150000e-09  1.94994126e+00 
 7.94250000e-09  1.27524093e-04  7.94250000e-09  1.07424940e+00  7.94250000e-09  1.94993918e+00 
 7.94350000e-09  1.24923225e-04  7.94350000e-09  1.02116722e+00  7.94350000e-09  1.94994138e+00 
 7.94450000e-09  1.22213786e-04  7.94450000e-09  9.67311913e-01  7.94450000e-09  1.94994968e+00 
 7.94550000e-09  1.19721812e-04  7.94550000e-09  9.12692765e-01  7.94550000e-09  1.94996399e+00 
 8.18750000e-09  9.04141852e-01  8.18750000e-09  3.08284997e-06  8.18750000e-09  1.94999382e+00 
 8.18850000e-09  9.45787819e-01  8.18850000e-09  3.03005539e-06  8.18850000e-09  1.94999375e+00 
 8.18950000e-09  9.87042488e-01  8.18950000e-09  2.91897979e-06  8.18950000e-09  1.94999415e+00 
 8.19050000e-09  1.02791612e+00  8.19050000e-09  2.87599217e-06  8.19050000e-09  1.94999408e+00 
 8.19150000e-09  1.06841926e+00  8.19150000e-09  2.77590821e-06  8.19150000e-09  1.94999446e+00 
 8.19250000e-09  1.10855364e+00  8.19250000e-09  2.74020289e-06  8.19250000e-09  1.94999438e+00 
 8.35850000e-09  1.94962664e+00  8.35850000e-09  8.55392572e-01  8.35850000e-09  1.94993297e+00 
 8.35950000e-09  1.94963553e+00  8.35950000e-09  9.18018650e-01  8.35950000e-09  1.94983671e+00 
 8.36050000e-09  1.94964454e+00  8.36050000e-09  9.79662493e-01  8.36050000e-09  1.94972590e+00 
 8.36150000e-09  1.94965267e+00  8.36150000e-09  1.04029566e+00  8.36150000e-09  1.94961421e+00 
 8.36250000e-09  1.94966097e+00  8.36250000e-09  1.09996989e+00  8.36250000e-09  1.94951850e+00 
 8.36350000e-09  1.94966844e+00  8.36350000e-09  1.15890714e+00  8.36350000e-09  1.94940775e+00 
 8.49350000e-09  1.94992888e+00  8.49350000e-09  1.94997841e+00  8.49350000e-09  1.16771566e+00 
 8.49450000e-09  1.94992942e+00  8.49450000e-09  1.95000604e+00  8.49450000e-09  1.11016667e+00 
 8.49550000e-09  1.94992984e+00  8.49550000e-09  1.95003292e+00  8.49550000e-09  1.05241261e+00 
 8.49650000e-09  1.94993037e+00  8.49650000e-09  1.95005726e+00  8.49650000e-09  9.94312979e-01 
 8.49750000e-09  1.94993079e+00  8.49750000e-09  1.95007445e+00  8.49750000e-09  9.35696509e-01 
 8.49850000e-09  1.94993130e+00  8.49850000e-09  1.95008825e+00  8.49850000e-09  8.76470818e-01 
 8.72450000e-09  1.13923645e+00  8.72450000e-09  1.95000002e+00  8.72450000e-09  1.45086266e-05 
 8.72550000e-09  1.08714562e+00  8.72550000e-09  1.94999984e+00  8.72550000e-09  1.37505365e-05 
 8.72650000e-09  1.03536603e+00  8.72650000e-09  1.95000001e+00  8.72650000e-09  1.35992315e-05 
 8.72750000e-09  9.83790454e-01  8.72750000e-09  1.94999981e+00  8.72750000e-09  1.28255996e-05 
 8.72850000e-09  9.32402271e-01  8.72850000e-09  1.94999995e+00  8.72850000e-09  1.27037920e-05 
 8.72950000e-09  8.81122843e-01  8.72950000e-09  1.94999977e+00  8.72950000e-09  1.20402297e-05 
 9.06250000e-09  1.33140215e-04  9.06250000e-09  1.17939912e+00  9.06250000e-09 -2.67350968e-06 
 9.06350000e-09  1.30425260e-04  9.06350000e-09  1.12788522e+00  9.06350000e-09 -2.61482332e-06 
 9.06450000e-09  1.27596573e-04  9.06450000e-09  1.07559496e+00  9.06450000e-09 -9.27509175e-07 
 9.06550000e-09  1.24996848e-04  9.06550000e-09  1.02253150e+00  9.06550000e-09  4.03325803e-07 
 9.06650000e-09  1.22283080e-04  9.06650000e-09  9.68694230e-01  9.06650000e-09  2.89552371e-06 
 9.06750000e-09  1.19792331e-04  9.06750000e-09  9.14094055e-01  9.06750000e-09  4.94208963e-06 
 9.30950000e-09  9.03485605e-01  9.30950000e-09  5.56197963e-06  9.30950000e-09  3.76197040e-07 
 9.31050000e-09  9.45137948e-01  9.31050000e-09  5.60662215e-06  9.31050000e-09  7.18246567e-07 
 9.31150000e-09  9.86398566e-01  9.31150000e-09  5.26512175e-06  9.31150000e-09  3.38740097e-07 
 9.31250000e-09  1.02727816e+00  9.31250000e-09  5.32116039e-06  9.31250000e-09  7.50987177e-07 
 9.31350000e-09  1.06778702e+00  9.31350000e-09  4.99709989e-06  9.31350000e-09  4.23108489e-07 
 9.31450000e-09  1.10792722e+00  9.31450000e-09  5.06120422e-06  9.31450000e-09  6.93433384e-07 
 9.48050000e-09  1.94962649e+00  9.48050000e-09  8.53066746e-01  9.48050000e-09 -7.94094968e-05 
 9.48150000e-09  1.94963540e+00  9.48150000e-09  9.15836130e-01  9.48150000e-09 -1.08929803e-04 
 9.48250000e-09  1.94964439e+00  9.48250000e-09  9.77720296e-01  9.48250000e-09 -1.26939672e-04 
 9.48350000e-09  1.94965255e+00  9.48350000e-09  1.03868398e+00  9.48350000e-09 -1.38968389e-04 
 9.48450000e-09  1.94966083e+00  9.48450000e-09  1.09876950e+00  9.48450000e-09 -1.48205883e-04 
 9.48550000e-09  1.94966834e+00  9.48550000e-09  1.15814435e+00  9.48550000e-09 -1.63319827e-04 
 9.60150000e-09  1.94992140e+00  9.60150000e-09  1.94993521e+00  9.60150000e-09  8.99789651e-01 
 9.60250000e-09  1.94992204e+00  9.60250000e-09  1.94994299e+00  9.60250000e-09  9.60004710e-01 
 9.60350000e-09  1.94992255e+00  9.60350000e-09  1.94994788e+00  9.60350000e-09  1.01975149e+00 
 9.60450000e-09  1.94992318e+00  9.60450000e-09  1.94995499e+00  9.60450000e-09  1.08223301e+00 
 9.60550000e-09  1.94992368e+00  9.60550000e-09  1.94995618e+00  9.60550000e-09  1.15147179e+00 
 9.60650000e-09  1.94992428e+00  9.60650000e-09  1.94995425e+00  9.60650000e-09  1.22489147e+00 
 9.84650000e-09  1.14112308e+00  9.84650000e-09  1.95000003e+00  9.84650000e-09  1.94999872e+00 
 9.84750000e-09  1.08901990e+00  9.84750000e-09  1.94999990e+00  9.84750000e-09  1.94999722e+00 
 9.84850000e-09  1.03723050e+00  9.84850000e-09  1.95000002e+00  9.84850000e-09  1.94999933e+00 
 9.84950000e-09  9.85647166e-01  9.84950000e-09  1.94999988e+00  9.84950000e-09  1.94999719e+00 
 9.85050000e-09  9.34253314e-01  9.85050000e-09  1.94999997e+00  9.85050000e-09  1.94999872e+00 
 9.85150000e-09  8.82969204e-01  9.85150000e-09  1.94999985e+00  9.85150000e-09  1.94999733e+00 
 1.01845000e-08  1.33221968e-04  1.01845000e-08  1.18088802e+00  1.01845000e-08  1.94994693e+00 
 1.01855000e-08  1.30510563e-04  1.01855000e-08  1.12939895e+00  1.01855000e-08  1.94994148e+00 
 1.01865000e-08  1.27675255e-04  1.01865000e-08  1.07713238e+00  1.01865000e-08  1.94993920e+00 
 1.01875000e-08  1.25078795e-04  1.01875000e-08  1.02409354e+00  1.01875000e-08  1.94994111e+00 
 1.01885000e-08  1.22358564e-04  1.01885000e-08  9.70279463e-01  1.01885000e-08  1.94994907e+00 
 1.01895000e-08  1.19870894e-04  1.01895000e-08  9.15702692e-01  1.01895000e-08  1.94996303e+00 
 1.04325000e-08  9.42853976e-01  1.04325000e-08  3.00419858e-06  1.04325000e-08  1.94999375e+00 
 1.04335000e-08  9.84135538e-01  1.04335000e-08  2.95293784e-06  1.04335000e-08  1.94999414e+00 
 1.04345000e-08  1.02503608e+00  1.04345000e-08  2.85002727e-06  1.04345000e-08  1.94999407e+00 
 1.04355000e-08  1.06556508e+00  1.04355000e-08  2.80873492e-06  1.04355000e-08  1.94999445e+00 
 1.04365000e-08  1.10572571e+00  1.04365000e-08  2.71438581e-06  1.04365000e-08  1.94999438e+00 
 1.04375000e-08  1.14551342e+00  1.04375000e-08  2.67889415e-06  1.04375000e-08  1.94999474e+00 
 1.06025000e-08  1.94962593e+00  1.06025000e-08  8.50805958e-01  1.06025000e-08  1.94993914e+00 
 1.06035000e-08  1.94963494e+00  1.06035000e-08  9.13499550e-01  1.06035000e-08  1.94984426e+00 
 1.06045000e-08  1.94964388e+00  1.06045000e-08  9.75216469e-01  1.06045000e-08  1.94973397e+00 
 1.06055000e-08  1.94965213e+00  1.06055000e-08  1.03591897e+00  1.06055000e-08  1.94962207e+00 
 1.06065000e-08  1.94966036e+00  1.06065000e-08  1.09565485e+00  1.06065000e-08  1.94952582e+00 
 1.06075000e-08  1.94966795e+00  1.06075000e-08  1.15463208e+00  1.06075000e-08  1.94941618e+00 
 1.07375000e-08  1.94992885e+00  1.07375000e-08  1.94997637e+00  1.07375000e-08  1.17188965e+00 
 1.07385000e-08  1.94992938e+00  1.07385000e-08  1.95000403e+00  1.07385000e-08  1.11434473e+00 
 1.07395000e-08  1.94992981e+00  1.07395000e-08  1.95003090e+00  1.07395000e-08  1.05661375e+00 
 1.07405000e-08  1.94993033e+00  1.07405000e-08  1.95005590e+00  1.07405000e-08  9.98541924e-01 
 1.07415000e-08  1.94993076e+00  1.07415000e-08  1.95007318e+00  1.07415000e-08  9.39969514e-01 
 1.07425000e-08  1.94993126e+00  1.07425000e-08  1.95008764e+00  1.07425000e-08  8.80788479e-01 
 1.09685000e-08  1.14305533e+00  1.09685000e-08  1.94999989e+00  1.09685000e-08  1.49097183e-05 
 1.09695000e-08  1.09094134e+00  1.09695000e-08  1.94999971e+00  1.09695000e-08  1.34967244e-05 
 1.09705000e-08  1.03914166e+00  1.09705000e-08  1.94999991e+00  1.09705000e-08  1.39880757e-05 
 1.09715000e-08  9.87552092e-01  1.09715000e-08  1.94999968e+00  1.09715000e-08  1.25537743e-05 
 1.09725000e-08  9.36152240e-01  1.09725000e-08  1.94999984e+00  1.09725000e-08  1.30634606e-05 
 1.09735000e-08  8.84864881e-01  1.09735000e-08  1.94999966e+00  1.09735000e-08  1.17825739e-05 
 1.13065000e-08  1.33342974e-04  1.13065000e-08  1.18311609e+00  1.13065000e-08 -2.64746968e-06 
 1.13075000e-08  1.30632467e-04  1.13075000e-08  1.13166007e+00  1.13075000e-08 -2.71597913e-06 
 1.13085000e-08  1.27790928e-04  1.13085000e-08  1.07942482e+00  1.13085000e-08 -9.96528409e-07 
 1.13095000e-08  1.25195376e-04  1.13095000e-08  1.02641897e+00  1.13095000e-08  2.30922727e-07 
 1.13105000e-08  1.22469194e-04  1.13105000e-08  9.72636493e-01  1.13105000e-08  2.76376759e-06 
 1.13115000e-08  1.19982587e-04  1.13115000e-08  9.18092638e-01  1.13115000e-08  4.72042100e-06 
 1.15545000e-08  9.41889512e-01  1.15545000e-08  5.58347967e-06  1.15545000e-08  6.37868844e-07 
 1.15555000e-08  9.83179745e-01  1.15555000e-08  5.30897310e-06  1.15555000e-08  4.03475454e-07 
 1.15565000e-08  1.02408933e+00  1.15565000e-08  5.29804442e-06  1.15565000e-08  6.24807215e-07 
 1.15575000e-08  1.06462665e+00  1.15575000e-08  5.03876256e-06  1.15575000e-08  3.71046318e-07 
 1.15585000e-08  1.10479608e+00  1.15585000e-08  5.03759640e-06  1.15585000e-08  5.90105248e-07 
 1.15595000e-08  1.14459242e+00  1.15595000e-08  4.79012698e-06  1.15595000e-08  3.58140419e-07 
 1.17245000e-08  1.94962570e+00  1.17245000e-08  8.48159374e-01  1.17245000e-08 -7.68614408e-05 
 1.17255000e-08  1.94963474e+00  1.17255000e-08  9.10993599e-01  1.17255000e-08 -1.07119332e-04 
 1.17265000e-08  1.94964368e+00  1.17265000e-08  9.72949140e-01  1.17265000e-08 -1.25784166e-04 
 1.17275000e-08  1.94965195e+00  1.17275000e-08  1.03398601e+00  1.17275000e-08 -1.38567195e-04 
 1.17285000e-08  1.94966017e+00  1.17285000e-08  1.09413942e+00  1.17285000e-08 -1.46874082e-04 
 1.17295000e-08  1.94966778e+00  1.17295000e-08  1.15355164e+00  1.17295000e-08 -1.62063079e-04 
 1.18455000e-08  1.94992136e+00  1.18455000e-08  1.94993487e+00  1.18455000e-08  8.95063171e-01 
 1.18465000e-08  1.94992199e+00  1.18465000e-08  1.94994235e+00  1.18465000e-08  9.55366762e-01 
 1.18475000e-08  1.94992252e+00  1.18475000e-08  1.94994758e+00  1.18475000e-08  1.01508153e+00 
 1.18485000e-08  1.94992313e+00  1.18485000e-08  1.94995409e+00  1.18485000e-08  1.07723719e+00 
 1.18495000e-08  1.94992364e+00  1.18495000e-08  1.94995703e+00  1.18495000e-08  1.14577622e+00 
 1.18505000e-08  1.94992424e+00  1.18505000e-08  1.94995393e+00  1.18505000e-08  1.21922519e+00 
 1.20905000e-08  1.14488256e+00  1.20905000e-08  1.95000002e+00  1.20905000e-08  1.94999691e+00 
 1.20915000e-08  1.09275783e+00  1.20915000e-08  1.94999991e+00  1.20915000e-08  1.94999502e+00 
 1.20925000e-08  1.04094781e+00  1.20925000e-08  1.94999999e+00  1.20925000e-08  1.94999827e+00 
 1.20935000e-08  9.89351620e-01  1.20935000e-08  1.94999989e+00  1.20935000e-08  1.94999526e+00 
 1.20945000e-08  9.37945442e-01  1.20945000e-08  1.94999996e+00  1.20945000e-08  1.94999750e+00 
 1.20955000e-08  8.86654508e-01  1.20955000e-08  1.94999985e+00  1.20955000e-08  1.94999559e+00 
 1.24295000e-08  1.30717238e-04  1.24295000e-08  1.13318490e+00  1.24295000e-08  1.94994179e+00 
 1.24305000e-08  1.27871057e-04  1.24305000e-08  1.08097351e+00  1.24305000e-08  1.94993925e+00 
 1.24315000e-08  1.25276992e-04  1.24315000e-08  1.02799246e+00  1.24315000e-08  1.94994077e+00 
 1.24325000e-08  1.22545972e-04  1.24325000e-08  9.74233371e-01  1.24325000e-08  1.94994830e+00 
 1.24335000e-08  1.20060931e-04  1.24335000e-08  9.19713161e-01  1.24335000e-08  1.94996177e+00 
 1.24345000e-08  1.17442109e-04  1.24345000e-08  8.64436144e-01  1.24345000e-08  1.94998210e+00 
 1.26765000e-08  9.39923154e-01  1.26765000e-08  2.96961544e-06  1.26765000e-08  1.94999374e+00 
 1.26775000e-08  9.81231060e-01  1.26775000e-08  2.99897144e-06  1.26775000e-08  1.94999412e+00 
 1.26785000e-08  1.02215908e+00  1.26785000e-08  2.81540138e-06  1.26785000e-08  1.94999407e+00 
 1.26795000e-08  1.06271335e+00  1.26795000e-08  2.85331486e-06  1.26795000e-08  1.94999443e+00 
 1.26805000e-08  1.10290068e+00  1.26805000e-08  2.67998336e-06  1.26805000e-08  1.94999437e+00 
 1.26815000e-08  1.14271458e+00  1.26815000e-08  2.72235471e-06  1.26815000e-08  1.94999472e+00 
 1.28465000e-08  1.94962524e+00  1.28465000e-08  8.46388780e-01  1.28465000e-08  1.94994497e+00 
 1.28475000e-08  1.94963433e+00  1.28475000e-08  9.09148438e-01  1.28475000e-08  1.94985136e+00 
 1.28485000e-08  1.94964325e+00  1.28485000e-08  9.70935955e-01  1.28485000e-08  1.94974186e+00 
 1.28495000e-08  1.94965157e+00  1.28495000e-08  1.03170901e+00  1.28495000e-08  1.94962981e+00 
 1.28505000e-08  1.94965978e+00  1.28505000e-08  1.09150362e+00  1.28505000e-08  1.94953310e+00 
 1.28515000e-08  1.94966743e+00  1.28515000e-08  1.15050338e+00  1.28515000e-08  1.94942477e+00 
 1.29815000e-08  1.94992882e+00  1.29815000e-08  1.94997435e+00  1.29815000e-08  1.17597886e+00 
 1.29825000e-08  1.94992934e+00  1.29825000e-08  1.95000180e+00  1.29825000e-08  1.11843724e+00 
 1.29835000e-08  1.94992978e+00  1.29835000e-08  1.95002840e+00  1.29835000e-08  1.06072800e+00 
 1.29845000e-08  1.94993029e+00  1.29845000e-08  1.95005413e+00  1.29845000e-08  1.00268265e+00 
 1.29855000e-08  1.94993072e+00  1.29855000e-08  1.95007155e+00  1.29855000e-08  9.44152787e-01 
 1.29865000e-08  1.94993122e+00  1.29865000e-08  1.95008672e+00  1.29865000e-08  8.85015129e-01 
 1.32125000e-08  1.14666620e+00  1.32125000e-08  1.94999987e+00  1.32125000e-08  1.53002869e-05 
 1.32135000e-08  1.09453159e+00  1.32135000e-08  1.94999965e+00  1.32135000e-08  1.31297111e-05 
 1.32145000e-08  1.04271212e+00  1.32145000e-08  1.94999982e+00  1.32145000e-08  1.42983044e-05 
 1.32155000e-08  9.91110197e-01  1.32155000e-08  1.94999964e+00  1.32155000e-08  1.23530236e-05 
 1.32165000e-08  9.39698545e-01  1.32165000e-08  1.94999984e+00  1.32165000e-08  1.35588519e-05 
 1.32175000e-08  8.88404691e-01  1.32175000e-08  1.94999961e+00  1.32175000e-08  1.14579896e-05 
 1.35515000e-08  1.30832528e-04  1.35515000e-08  1.13524064e+00  1.35515000e-08 -2.80005790e-06 
 1.35525000e-08  1.27981158e-04  1.35525000e-08  1.08305760e+00  1.35525000e-08 -1.06645410e-06 
 1.35535000e-08  1.25387708e-04  1.35535000e-08  1.03010639e+00  1.35535000e-08  7.92433480e-08 
 1.35545000e-08  1.22651528e-04  1.35545000e-08  9.76375946e-01  1.35545000e-08  2.63634180e-06 
 1.35555000e-08  1.20167001e-04  1.35555000e-08  9.21885591e-01  1.35555000e-08  4.51837575e-06 
 1.35565000e-08  1.17543079e-04  1.35565000e-08  8.66637226e-01  1.35565000e-08  7.59393309e-06 
 1.37985000e-08  9.39339624e-01  1.37985000e-08  5.56181289e-06  1.37985000e-08  5.78168473e-07 
 1.37995000e-08  9.80652786e-01  1.37995000e-08  5.35140891e-06  1.37995000e-08  4.61494409e-07 
 1.38005000e-08  1.02158628e+00  1.38005000e-08  5.27563522e-06  1.38005000e-08  5.62842189e-07 
 1.38015000e-08  1.06214558e+00  1.38015000e-08  5.07936433e-06  1.38015000e-08  4.29966641e-07 
 1.38025000e-08  1.10233822e+00  1.38025000e-08  5.01512894e-06  1.38025000e-08  5.30928938e-07 
 1.38035000e-08  1.14215733e+00  1.38035000e-08  4.82951637e-06  1.38035000e-08  4.14498045e-07 
 1.39685000e-08  1.94962510e+00  1.39685000e-08  8.44177682e-01  1.39685000e-08 -7.48017786e-05 
 1.39695000e-08  1.94963420e+00  1.39695000e-08  9.07063973e-01  1.39695000e-08 -1.05603072e-04 
 1.39705000e-08  1.94964312e+00  1.39705000e-08  9.69075373e-01  1.39705000e-08 -1.24705697e-04 
 1.39715000e-08  1.94965146e+00  1.39715000e-08  1.03016427e+00  1.39715000e-08 -1.37895162e-04 
 1.39725000e-08  1.94965966e+00  1.39725000e-08  1.09036836e+00  1.39725000e-08 -1.46007710e-04 
 1.39735000e-08  1.94966733e+00  1.39735000e-08  1.14981906e+00  1.39735000e-08 -1.61262420e-04 
 1.40895000e-08  1.94992133e+00  1.40895000e-08  1.94993453e+00  1.40895000e-08  8.91238757e-01 
 1.40905000e-08  1.94992195e+00  1.40905000e-08  1.94994182e+00  1.40905000e-08  9.51616615e-01 
 1.40915000e-08  1.94992249e+00  1.40915000e-08  1.94994727e+00  1.40915000e-08  1.01131679e+00 
 1.40925000e-08  1.94992309e+00  1.40925000e-08  1.94995333e+00  1.40925000e-08  1.07323507e+00 
 1.40935000e-08  1.94992361e+00  1.40935000e-08  1.94995764e+00  1.40935000e-08  1.14121724e+00 
 1.40945000e-08  1.94992420e+00  1.40945000e-08  1.94995371e+00  1.40945000e-08  1.21466611e+00 
 1.43345000e-08  1.14792326e+00  1.43345000e-08  1.95000003e+00  1.43345000e-08  1.94999630e+00 
 1.43355000e-08  1.09578091e+00  1.43355000e-08  1.94999994e+00  1.43355000e-08  1.94999398e+00 
 1.43365000e-08  1.04395397e+00  1.43365000e-08  1.95000001e+00  1.43365000e-08  1.94999799e+00 
 1.43375000e-08  9.92347249e-01  1.43375000e-08  1.94999992e+00  1.43375000e-08  1.94999421e+00 
 1.43385000e-08  9.40931031e-01  1.43385000e-08  1.94999998e+00  1.43385000e-08  1.94999696e+00 
 1.43395000e-08  8.89634454e-01  1.43395000e-08  1.94999989e+00  1.43395000e-08  1.94999463e+00 
 1.46735000e-08  1.30863345e-04  1.46735000e-08  1.13576716e+00  1.46735000e-08  1.94994201e+00 
 1.46745000e-08  1.28008583e-04  1.46745000e-08  1.08359344e+00  1.46745000e-08  1.94993929e+00 
 1.46755000e-08  1.25417199e-04  1.46755000e-08  1.03065183e+00  1.46755000e-08  1.94994056e+00 
 1.46765000e-08  1.22677720e-04  1.46765000e-08  9.76930313e-01  1.46765000e-08  1.94994779e+00 
 1.46775000e-08  1.20195172e-04  1.46775000e-08  9.22448735e-01  1.46775000e-08  1.94996094e+00 
 1.46785000e-08  1.17567953e-04  1.46785000e-08  8.67208074e-01  1.46785000e-08  1.94998094e+00 
 1.49205000e-08  9.37852054e-01  1.49205000e-08  2.94649438e-06  1.49205000e-08  1.94999374e+00 
 1.49215000e-08  9.79178628e-01  1.49215000e-08  3.03004409e-06  1.49215000e-08  1.94999410e+00 
 1.49225000e-08  1.02012608e+00  1.49225000e-08  2.79224520e-06  1.49225000e-08  1.94999406e+00 
 1.49235000e-08  1.06069821e+00  1.49235000e-08  2.88337287e-06  1.49235000e-08  1.94999442e+00 
 1.49245000e-08  1.10090438e+00  1.49245000e-08  2.65697016e-06  1.49245000e-08  1.94999437e+00 
 1.49255000e-08  1.14073673e+00  1.49255000e-08  2.75164867e-06  1.49255000e-08  1.94999471e+00 
 1.50905000e-08  1.94962475e+00  1.50905000e-08  8.43086652e-01  1.50905000e-08  1.94994927e+00 
 1.50915000e-08  1.94963389e+00  1.50915000e-08  9.05894105e-01  1.50915000e-08  1.94985661e+00 
 1.50925000e-08  1.94964280e+00  1.50925000e-08  9.67734311e-01  1.50925000e-08  1.94974778e+00 
 1.50935000e-08  1.94965118e+00  1.50935000e-08  1.02855983e+00  1.50935000e-08  1.94963559e+00 
 1.50945000e-08  1.94965937e+00  1.50945000e-08  1.08840311e+00  1.50945000e-08  1.94953807e+00 
 1.50955000e-08  1.94966707e+00  1.50955000e-08  1.14743551e+00  1.50955000e-08  1.94943043e+00 
 1.52255000e-08  1.94992880e+00  1.52255000e-08  1.94997302e+00  1.52255000e-08  1.17894556e+00 
 1.52265000e-08  1.94992932e+00  1.52265000e-08  1.95000064e+00  1.52265000e-08  1.12140596e+00 
 1.52275000e-08  1.94992977e+00  1.52275000e-08  1.95002769e+00  1.52275000e-08  1.06371163e+00 
 1.52285000e-08  1.94993027e+00  1.52285000e-08  1.95005343e+00  1.52285000e-08  1.00568551e+00 
 1.52295000e-08  1.94993071e+00  1.52295000e-08  1.95007104e+00  1.52295000e-08  9.47186998e-01 
 1.52305000e-08  1.94993119e+00  1.52305000e-08  1.95008637e+00  1.52305000e-08  8.88082289e-01 
 1.54565000e-08  1.14921325e+00  1.54565000e-08  1.94999988e+00  1.54565000e-08  1.55940447e-05 
 1.54575000e-08  1.09706385e+00  1.54575000e-08  1.94999967e+00  1.54575000e-08  1.29711049e-05 
 1.54585000e-08  1.04523014e+00  1.54585000e-08  1.94999982e+00  1.54585000e-08  1.48247427e-05 
 1.54595000e-08  9.93619338e-01  1.54595000e-08  1.94999965e+00  1.54595000e-08  1.19988339e-05 
 1.54605000e-08  9.42199241e-01  1.54605000e-08  1.94999984e+00  1.54605000e-08  1.38353509e-05 
 1.54615000e-08  8.90900646e-01  1.54615000e-08  1.94999963e+00  1.54615000e-08  1.12971910e-05 
 1.57955000e-08  1.30964682e-04  1.57955000e-08  1.13748011e+00  1.57955000e-08 -2.85433595e-06 
 1.57965000e-08  1.28106064e-04  1.57965000e-08  1.08532975e+00  1.57965000e-08 -1.10418400e-06 
 1.57975000e-08  1.25514155e-04  1.57975000e-08  1.03241276e+00  1.57975000e-08 -1.98852628e-08 
 1.57985000e-08  1.22771045e-04  1.57985000e-08  9.78714922e-01  1.57985000e-08  2.56163402e-06 
 1.57995000e-08  1.20288027e-04  1.57995000e-08  9.24258092e-01  1.57995000e-08  4.38960224e-06 
 1.58005000e-08  1.17657276e-04  1.58005000e-08  8.69041279e-01  1.58005000e-08  7.50715891e-06 
 1.60425000e-08  9.37312889e-01  1.60425000e-08  5.54830805e-06  1.60425000e-08  5.44521408e-07 
 1.60435000e-08  9.78644329e-01  1.60435000e-08  5.37655887e-06  1.60435000e-08  4.90846884e-07 
 1.60445000e-08  1.01959685e+00  1.60445000e-08  5.26198881e-06  1.60445000e-08  5.19141331e-07 
 1.60455000e-08  1.06017364e+00  1.60455000e-08  5.10396291e-06  1.60455000e-08  4.61486985e-07 
 1.60465000e-08  1.10038471e+00  1.60465000e-08  5.00164301e-06  1.60465000e-08  4.91603409e-07 
 1.60475000e-08  1.14022185e+00  1.60475000e-08  4.85338362e-06  1.60475000e-08  4.43521298e-07 
 1.62125000e-08  1.94962463e+00  1.62125000e-08  8.41048746e-01  1.62125000e-08 -7.32754873e-05 
 1.62135000e-08  1.94963379e+00  1.62135000e-08  9.03975369e-01  1.62135000e-08 -1.04282456e-04 
 1.62145000e-08  1.94964269e+00  1.62145000e-08  9.66034432e-01  1.62145000e-08 -1.24013269e-04 
 1.62155000e-08  1.94965108e+00  1.62155000e-08  1.02717012e+00  1.62155000e-08 -1.37501799e-04 
 1.62165000e-08  1.94965926e+00  1.62165000e-08  1.08741257e+00  1.62165000e-08 -1.45227392e-04 
 1.62175000e-08  1.94966698e+00  1.62175000e-08  1.14688996e+00  1.62175000e-08 -1.60549580e-04 
 1.63335000e-08  1.94992131e+00  1.63335000e-08  1.94993420e+00  1.63335000e-08  8.88208630e-01 
 1.63345000e-08  1.94992192e+00  1.63345000e-08  1.94994142e+00  1.63345000e-08  9.48648197e-01 
 1.63355000e-08  1.94992246e+00  1.63355000e-08  1.94994696e+00  1.63355000e-08  1.00834432e+00 
 1.63365000e-08  1.94992306e+00  1.63365000e-08  1.94995273e+00  1.63365000e-08  1.07008254e+00 
 1.63375000e-08  1.94992359e+00  1.63375000e-08  1.94995807e+00  1.63375000e-08  1.13762212e+00 
 1.63385000e-08  1.94992417e+00  1.63385000e-08  1.94995358e+00  1.63385000e-08  1.21105497e+00 
 1.65785000e-08  1.15053648e+00  1.65785000e-08  1.95000003e+00  1.65785000e-08  1.94999574e+00 
 1.65795000e-08  1.09837889e+00  1.65795000e-08  1.94999995e+00  1.65795000e-08  1.94999302e+00 
 1.65805000e-08  1.04653727e+00  1.65805000e-08  1.95000001e+00  1.65805000e-08  1.94999768e+00 
 1.65815000e-08  9.94921354e-01  1.65815000e-08  1.94999992e+00  1.65815000e-08  1.94999327e+00 
 1.65825000e-08  9.43496408e-01  1.65825000e-08  1.94999998e+00  1.65825000e-08  1.94999646e+00 
 1.65835000e-08  8.92194923e-01  1.65835000e-08  1.94999989e+00  1.65835000e-08  1.94999374e+00 
 1.69175000e-08  1.31003818e-04  1.69175000e-08  1.13813017e+00  1.69175000e-08  1.94994221e+00 
 1.69185000e-08  1.28142226e-04  1.69185000e-08  1.08599094e+00  1.69185000e-08  1.94993935e+00 
 1.69195000e-08  1.25551644e-04  1.69195000e-08  1.03308545e+00  1.69195000e-08  1.94994037e+00 
 1.69205000e-08  1.22805634e-04  1.69205000e-08  9.79398356e-01  1.69205000e-08  1.94994734e+00 
 1.69215000e-08  1.20323880e-04  1.69215000e-08  9.24952178e-01  1.69215000e-08  1.94996018e+00 
 1.69225000e-08  1.17690230e-04  1.69225000e-08  8.69744853e-01  1.69225000e-08  1.94997990e+00 
 1.71645000e-08  9.35267076e-01  1.71645000e-08  2.92505823e-06  1.71645000e-08  1.94999374e+00 
 1.71655000e-08  9.76616988e-01  1.71655000e-08  3.05850709e-06  1.71655000e-08  1.94999409e+00 
 1.71665000e-08  1.01758870e+00  1.71665000e-08  2.77070009e-06  1.71665000e-08  1.94999406e+00 
 1.71675000e-08  1.05818314e+00  1.71675000e-08  2.91086570e-06  1.71675000e-08  1.94999440e+00 
 1.71685000e-08  1.09841276e+00  1.71685000e-08  2.63552512e-06  1.71685000e-08  1.94999437e+00 
 1.71695000e-08  1.13826808e+00  1.71695000e-08  2.77843003e-06  1.71695000e-08  1.94999470e+00 
 1.73355000e-08  1.94963336e+00  1.73355000e-08  9.02067670e-01  1.73355000e-08  1.94986273e+00 
 1.73365000e-08  1.94964225e+00  1.73365000e-08  9.63972391e-01  1.73365000e-08  1.94975466e+00 
 1.73375000e-08  1.94965069e+00  1.73375000e-08  1.02486169e+00  1.73375000e-08  1.94964231e+00 
 1.73385000e-08  1.94965886e+00  1.73385000e-08  1.08476302e+00  1.73385000e-08  1.94954390e+00 
 1.73395000e-08  1.94966662e+00  1.73395000e-08  1.14383505e+00  1.73395000e-08  1.94943739e+00 
 1.73405000e-08  1.94967416e+00  1.73405000e-08  1.20251554e+00  1.73405000e-08  1.94931345e+00 
 1.74695000e-08  1.94992877e+00  1.74695000e-08  1.94997139e+00  1.74695000e-08  1.18255883e+00 
 1.74705000e-08  1.94992928e+00  1.74705000e-08  1.94999893e+00  1.74705000e-08  1.12502148e+00 
 1.74715000e-08  1.94992974e+00  1.74715000e-08  1.95002601e+00  1.74715000e-08  1.06734473e+00 
 1.74725000e-08  1.94993024e+00  1.74725000e-08  1.95005203e+00  1.74725000e-08  1.00934123e+00 
 1.74735000e-08  1.94993068e+00  1.74735000e-08  1.95007001e+00  1.74735000e-08  9.50879081e-01 
 1.74745000e-08  1.94993116e+00  1.74745000e-08  1.95008563e+00  1.74745000e-08  8.91812503e-01 
 1.77005000e-08  1.15235575e+00  1.77005000e-08  1.94999989e+00  1.77005000e-08  1.61065601e-05 
 1.77015000e-08  1.10018798e+00  1.77015000e-08  1.94999970e+00  1.77015000e-08  1.26041108e-05 
 1.77025000e-08  1.04833651e+00  1.77025000e-08  1.94999984e+00  1.77025000e-08  1.53548008e-05 
 1.77035000e-08  9.96714570e-01  1.77035000e-08  1.94999968e+00  1.77035000e-08  1.16121889e-05 
 1.77045000e-08  9.45283922e-01  1.77045000e-08  1.94999986e+00  1.77045000e-08  1.43249927e-05 
 1.77055000e-08  8.93979397e-01  1.77055000e-08  1.94999966e+00  1.77055000e-08  1.09342875e-05 
 1.80395000e-08  1.31128847e-04  1.80395000e-08  1.14026271e+00  1.80395000e-08 -2.92227102e-06 
 1.80405000e-08  1.28262244e-04  1.80405000e-08  1.08815300e+00  1.80405000e-08 -1.14964772e-06 
 1.80415000e-08  1.25671459e-04  1.80415000e-08  1.03527854e+00  1.80415000e-08 -1.43671470e-07 
 1.80425000e-08  1.22920639e-04  1.80425000e-08  9.81621258e-01  1.80425000e-08  2.48854636e-06 
 1.80435000e-08  1.20438661e-04  1.80435000e-08  9.27206126e-01  1.80435000e-08  4.23375772e-06 
 1.80445000e-08  1.17800322e-04  1.80445000e-08  8.72028589e-01  1.80445000e-08  7.40050120e-06 
 1.82865000e-08  9.34343559e-01  1.82865000e-08  5.53209024e-06  1.82865000e-08  4.93966337e-07 
 1.82875000e-08  9.75701841e-01  1.82875000e-08  5.40834092e-06  1.82875000e-08  5.31572585e-07 
 1.82885000e-08  1.01668222e+00  1.82885000e-08  5.24539166e-06  1.82885000e-08  4.70223309e-07 
 1.82895000e-08  1.05728466e+00  1.82895000e-08  5.13459899e-06  1.82895000e-08  5.06650523e-07 
 1.82905000e-08  1.09752262e+00  1.82905000e-08  4.98497004e-06  1.82905000e-08  4.47783026e-07 
 1.82915000e-08  1.13738615e+00  1.82915000e-08  4.88293642e-06  1.82915000e-08  4.83034862e-07 
 1.84575000e-08  1.94963316e+00  1.84575000e-08  8.99480911e-01  1.84575000e-08 -1.02263669e-04 
 1.84585000e-08  1.94964205e+00  1.84585000e-08  9.61606157e-01  1.84585000e-08 -1.22944927e-04 
 1.84595000e-08  1.94965051e+00  1.84595000e-08  1.02280671e+00  1.84595000e-08 -1.36878050e-04 
 1.84605000e-08  1.94965867e+00  1.84605000e-08  1.08311191e+00  1.84605000e-08 -1.44460874e-04 
 1.84615000e-08  1.94966646e+00  1.84615000e-08  1.14263544e+00  1.84615000e-08 -1.59453082e-04 
 1.84625000e-08  1.94967399e+00  1.84625000e-08  1.20167708e+00  1.84625000e-08 -1.74776682e-04 
 1.85775000e-08  1.94992127e+00  1.85775000e-08  1.94993388e+00  1.85775000e-08  8.83796437e-01 
 1.85785000e-08  1.94992187e+00  1.85785000e-08  1.94994102e+00  1.85785000e-08  9.44327836e-01 
 1.85795000e-08  1.94992243e+00  1.85795000e-08  1.94994662e+00  1.85795000e-08  1.00402699e+00 
 1.85805000e-08  1.94992301e+00  1.85805000e-08  1.94995201e+00  1.85805000e-08  1.06551289e+00 
 1.85815000e-08  1.94992355e+00  1.85815000e-08  1.94995876e+00  1.85815000e-08  1.13241327e+00 
 1.85825000e-08  1.94992413e+00  1.85825000e-08  1.94995354e+00  1.85825000e-08  1.20579081e+00 
 1.88225000e-08  1.15409298e+00  1.88225000e-08  1.95000003e+00  1.88225000e-08  1.94999462e+00 
 1.88235000e-08  1.10191450e+00  1.88235000e-08  1.94999995e+00  1.88235000e-08  1.94999133e+00 
 1.88245000e-08  1.05005265e+00  1.88245000e-08  1.95000001e+00  1.88245000e-08  1.94999689e+00 
 1.88255000e-08  9.98424011e-01  1.88255000e-08  1.94999993e+00  1.88255000e-08  1.94999167e+00 
 1.88265000e-08  9.46987038e-01  1.88265000e-08  1.94999998e+00  1.88265000e-08  1.94999550e+00 
 1.88275000e-08  8.95678771e-01  1.88275000e-08  1.94999989e+00  1.88275000e-08  1.94999223e+00 
 1.91615000e-08  1.31190285e-04  1.91615000e-08  1.14140004e+00  1.91615000e-08  1.94994250e+00 
 1.91625000e-08  1.28319516e-04  1.91625000e-08  1.08930860e+00  1.91625000e-08  1.94993944e+00 
 1.91635000e-08  1.25730347e-04  1.91635000e-08  1.03645313e+00  1.91635000e-08  1.94994014e+00 
 1.91645000e-08  1.22975472e-04  1.91645000e-08  9.82813754e-01  1.91645000e-08  1.94994673e+00 
 1.91655000e-08  1.20495101e-04  1.91655000e-08  9.28416647e-01  1.91655000e-08  1.94995916e+00 
 1.91665000e-08  1.17852784e-04  1.91665000e-08  8.73255566e-01  1.91665000e-08  1.94997847e+00 
 1.94085000e-08  9.32451776e-01  1.94085000e-08  2.89625464e-06  1.94085000e-08  1.94999374e+00 
 1.94095000e-08  9.73827770e-01  1.94095000e-08  3.09723328e-06  1.94095000e-08  1.94999407e+00 
 1.94105000e-08  1.01482536e+00  1.94105000e-08  2.74181616e-06  1.94105000e-08  1.94999406e+00 
 1.94115000e-08  1.05544520e+00  1.94115000e-08  2.94831394e-06  1.94115000e-08  1.94999438e+00 
 1.94125000e-08  1.09570029e+00  1.94125000e-08  2.60679010e-06  1.94125000e-08  1.94999437e+00 
 1.94135000e-08  1.13558125e+00  1.94135000e-08  2.81490793e-06  1.94135000e-08  1.94999468e+00 
 1.95795000e-08  1.94963278e+00  1.95795000e-08  8.97854750e-01  1.95795000e-08  1.94986946e+00 
 1.95805000e-08  1.94964163e+00  1.95805000e-08  9.59827857e-01  1.95805000e-08  1.94976231e+00 
 1.95815000e-08  1.94965016e+00  1.95815000e-08  1.02078762e+00  1.95815000e-08  1.94964974e+00 
 1.95825000e-08  1.94965828e+00  1.95825000e-08  1.08075697e+00  1.95825000e-08  1.94955027e+00 
 1.95835000e-08  1.94966613e+00  1.95835000e-08  1.13987411e+00  1.95835000e-08  1.94944503e+00 
 1.95845000e-08  1.94967363e+00  1.95845000e-08  1.19858449e+00  1.95845000e-08  1.94932209e+00 
 1.97135000e-08  1.94992875e+00  1.97135000e-08  1.94996967e+00  1.97135000e-08  1.18639154e+00 
 1.97145000e-08  1.94992925e+00  1.97145000e-08  1.94999718e+00  1.97145000e-08  1.12885599e+00 
 1.97155000e-08  1.94992971e+00  1.97155000e-08  1.95002421e+00  1.97155000e-08  1.07119701e+00 
 1.97165000e-08  1.94993020e+00  1.97165000e-08  1.95005048e+00  1.97165000e-08  1.01321677e+00 
 1.97175000e-08  1.94993065e+00  1.97175000e-08  1.95006889e+00  1.97175000e-08  9.54792533e-01 
 1.97185000e-08  1.94993113e+00  1.97185000e-08  1.95008480e+00  1.97185000e-08  8.95766000e-01 
 1.99445000e-08  1.15601445e+00  1.99445000e-08  1.94999989e+00  1.99445000e-08  1.66885162e-05 
 1.99455000e-08  1.10382510e+00  1.99455000e-08  1.94999972e+00  1.99455000e-08  1.21350744e-05 
 1.99465000e-08  1.05195270e+00  1.99465000e-08  1.94999984e+00  1.99465000e-08  1.59478492e-05 
 1.99475000e-08  1.00031751e+00  1.99475000e-08  1.94999970e+00  1.99475000e-08  1.11326823e-05 
 1.99485000e-08  9.48874419e-01  1.99485000e-08  1.94999986e+00  1.99485000e-08  1.48844443e-05 
 1.99495000e-08  8.97562847e-01  1.99495000e-08  1.94999968e+00  1.99495000e-08  1.04789224e-05 
 2.02835000e-08  1.31326594e-04  2.02835000e-08  1.14360537e+00  2.02835000e-08 -2.99590921e-06 
 2.02845000e-08  1.28449019e-04  2.02845000e-08  1.09154451e+00  2.02845000e-08 -1.20739835e-06 
 2.02855000e-08  1.25860931e-04  2.02855000e-08  1.03872120e+00  2.02855000e-08 -2.85849473e-07 
 2.02865000e-08  1.23099587e-04  2.02865000e-08  9.85112709e-01  2.02865000e-08  2.39536621e-06 
 2.02875000e-08  1.20620262e-04  2.02875000e-08  9.30747765e-01  2.02875000e-08  4.05104506e-06 
 2.02885000e-08  1.17971754e-04  2.02885000e-08  8.75617520e-01  2.02885000e-08  7.26745349e-06 
 2.05305000e-08  9.31541086e-01  2.05305000e-08  5.51367459e-06  2.05305000e-08  4.37590602e-07 
 2.05315000e-08  9.72925565e-01  2.05315000e-08  5.44551175e-06  2.05315000e-08  5.92044112e-07 
 2.05325000e-08  1.01393151e+00  2.05325000e-08  5.22650589e-06  2.05325000e-08  4.11312298e-07 
 2.05335000e-08  1.05455944e+00  2.05335000e-08  5.17030124e-06  2.05335000e-08  5.63577558e-07 
 2.05345000e-08  1.09482254e+00  2.05345000e-08  4.96604918e-06  2.05345000e-08  3.93819208e-07 
 2.05355000e-08  1.13471175e+00  2.05355000e-08  4.91760334e-06  2.05355000e-08  5.44510260e-07 
 2.07015000e-08  1.94963259e+00  2.07015000e-08  8.95318123e-01  2.07015000e-08 -1.00342262e-04 
 2.07025000e-08  1.94964143e+00  2.07025000e-08  9.57504607e-01  2.07025000e-08 -1.21921717e-04 
 2.07035000e-08  1.94964999e+00  2.07035000e-08  1.01876528e+00  2.07035000e-08 -1.36269779e-04 
 2.07045000e-08  1.94965810e+00  2.07045000e-08  1.07912925e+00  2.07045000e-08 -1.43764082e-04 
 2.07055000e-08  1.94966598e+00  2.07055000e-08  1.13869673e+00  2.07055000e-08 -1.58393233e-04 
 2.07065000e-08  1.94967346e+00  2.07065000e-08  1.19774431e+00  2.07065000e-08 -1.73348826e-04 
 2.08215000e-08  1.94992124e+00  2.08215000e-08  1.94993349e+00  2.08215000e-08  8.79662356e-01 
 2.08225000e-08  1.94992183e+00  2.08225000e-08  1.94994056e+00  2.08225000e-08  9.40285254e-01 
 2.08235000e-08  1.94992239e+00  2.08235000e-08  1.94994623e+00  2.08235000e-08  9.99999031e-01 
 2.08245000e-08  1.94992297e+00  2.08245000e-08  1.94995173e+00  2.08245000e-08  1.06118069e+00 
 2.08255000e-08  1.94992352e+00  2.08255000e-08  1.94995866e+00  2.08255000e-08  1.12760537e+00 
 2.08265000e-08  1.94992408e+00  2.08265000e-08  1.94995352e+00  2.08265000e-08  1.20084313e+00 
 2.10395000e-08  2.05290093e+00  2.10395000e-08  1.94999997e+00  2.10395000e-08  1.94998844e+00 
 2.10665000e-08  1.15808001e+00  2.10665000e-08  1.95000006e+00  2.10665000e-08  1.94999759e+00 
 2.10675000e-08  1.10587791e+00  2.10675000e-08  1.95000000e+00  2.10675000e-08  1.94999259e+00 
 2.10685000e-08  1.05399306e+00  2.10685000e-08  1.95000003e+00  2.10685000e-08  1.94999615e+00 
 2.10695000e-08  1.00234982e+00  2.10695000e-08  1.94999997e+00  2.10695000e-08  1.94999303e+00 
 2.10705000e-08  9.50899152e-01  2.10705000e-08  1.95000000e+00  2.10705000e-08  1.94999793e+00 
 2.10715000e-08  8.99583111e-01  2.10715000e-08  1.94999994e+00  2.10715000e-08  1.94999315e+00 
 2.14055000e-08  1.31407020e-04  2.14055000e-08  1.14506588e+00  2.14055000e-08  1.94994288e+00 
 2.14065000e-08  1.28522556e-04  2.14065000e-08  1.09302806e+00  2.14065000e-08  1.94993952e+00 
 2.14075000e-08  1.25938057e-04  2.14075000e-08  1.04022872e+00  2.14075000e-08  1.94993994e+00 
 2.14085000e-08  1.23170141e-04  2.14085000e-08  9.86642930e-01  2.14085000e-08  1.94994604e+00 
 2.14095000e-08  1.20694261e-04  2.14095000e-08  9.32300945e-01  2.14095000e-08  1.94995809e+00 
 2.14105000e-08  1.18039318e-04  2.14105000e-08  8.77191846e-01  2.14105000e-08  1.94997686e+00 
 2.16525000e-08  9.29106724e-01  2.16525000e-08  2.86399997e-06  2.16525000e-08  1.94999374e+00 
 2.16535000e-08  9.70513886e-01  2.16535000e-08  3.14079572e-06  2.16535000e-08  1.94999405e+00 
 2.16545000e-08  1.01154225e+00  2.16545000e-08  2.70944074e-06  2.16545000e-08  1.94999406e+00 
 2.16555000e-08  1.05219177e+00  2.16555000e-08  2.99041030e-06  2.16555000e-08  1.94999437e+00 
 2.16565000e-08  1.09247631e+00  2.16565000e-08  2.57456186e-06  2.16565000e-08  1.94999437e+00 
 2.16575000e-08  1.13238746e+00  2.16575000e-08  2.85590202e-06  2.16575000e-08  1.94999467e+00 
 2.18235000e-08  1.94963209e+00  2.18235000e-08  8.92819186e-01  2.18235000e-08  1.94987744e+00 
 2.18245000e-08  1.94964088e+00  2.18245000e-08  9.54871579e-01  2.18245000e-08  1.94977143e+00 
 2.18255000e-08  1.94964953e+00  2.18255000e-08  1.01591202e+00  2.18255000e-08  1.94965863e+00 
 2.18265000e-08  1.94965759e+00  2.18265000e-08  1.07595926e+00  2.18265000e-08  1.94955789e+00 
 2.18275000e-08  1.94966556e+00  2.18275000e-08  1.13513259e+00  2.18275000e-08  1.94945408e+00 
 2.18285000e-08  1.94967299e+00  2.18285000e-08  1.19382851e+00  2.18285000e-08  1.94933307e+00 
 2.19575000e-08  1.94992872e+00  2.19575000e-08  1.94996757e+00  2.19575000e-08  1.19112431e+00 
 2.19585000e-08  1.94992920e+00  2.19585000e-08  1.94999497e+00  2.19585000e-08  1.13359023e+00 
 2.19595000e-08  1.94992968e+00  2.19595000e-08  1.95002198e+00  2.19595000e-08  1.07595220e+00 
 2.19605000e-08  1.94993015e+00  2.19605000e-08  1.95004851e+00  2.19605000e-08  1.01799973e+00 
 2.19615000e-08  1.94993063e+00  2.19615000e-08  1.95006749e+00  2.19615000e-08  9.59621512e-01 
 2.19625000e-08  1.94993109e+00  2.19625000e-08  1.95008370e+00  2.19625000e-08  9.00643878e-01 
 2.21885000e-08  1.16038828e+00  2.21885000e-08  1.94999992e+00  2.21885000e-08  1.75133143e-05 
 2.21895000e-08  1.10817309e+00  2.21895000e-08  1.94999978e+00  2.21895000e-08  1.14863884e-05 
 2.21905000e-08  1.05627541e+00  2.21905000e-08  1.94999988e+00  2.21905000e-08  1.67936173e-05 
 2.21915000e-08  1.00462415e+00  2.21915000e-08  1.94999976e+00  2.21915000e-08  1.04631836e-05 
 2.21925000e-08  9.53166032e-01  2.21925000e-08  1.94999989e+00  2.21925000e-08  1.56758633e-05 
 2.21935000e-08  9.01845964e-01  2.21935000e-08  1.94999974e+00  2.21935000e-08  9.84585718e-06 
 2.25275000e-08  1.31560325e-04  2.25275000e-08  1.14775449e+00  2.25275000e-08 -3.08680672e-06 
 2.25285000e-08  1.28667543e-04  2.25285000e-08  1.09575439e+00  2.25285000e-08 -1.27192091e-06 
 2.25295000e-08  1.26085056e-04  2.25295000e-08  1.04299464e+00  2.25295000e-08 -4.62610068e-07 
 2.25305000e-08  1.23309162e-04  2.25305000e-08  9.89446846e-01  2.25305000e-08  2.28560136e-06 
 2.25315000e-08  1.20835188e-04  2.25315000e-08  9.35144339e-01  2.25315000e-08  3.82246944e-06 
 2.25325000e-08  1.18172534e-04  2.25325000e-08  8.80072995e-01  2.25325000e-08  7.10523499e-06 
 2.27745000e-08  9.28050501e-01  2.27745000e-08  5.47661942e-06  2.27745000e-08  3.69203784e-07 
 2.27755000e-08  9.69467587e-01  2.27755000e-08  5.50575972e-06  2.27755000e-08  6.93020786e-07 
 2.27765000e-08  1.01050566e+00  2.27765000e-08  5.18871161e-06  2.27765000e-08  3.37308292e-07 
 2.27775000e-08  1.05116459e+00  2.27775000e-08  5.22962163e-06  2.27775000e-08  7.28257989e-07 
 2.27785000e-08  1.09145840e+00  2.27785000e-08  4.92897328e-06  2.27785000e-08  4.17244310e-07 
 2.27795000e-08  1.13137911e+00  2.27795000e-08  4.97499942e-06  2.27795000e-08  6.66576087e-07 
 2.29455000e-08  1.94963188e+00  2.29455000e-08  8.90005039e-01  2.29455000e-08 -9.78849547e-05 
 2.29465000e-08  1.94964064e+00  2.29465000e-08  9.52267570e-01  2.29465000e-08 -1.20534065e-04 
 2.29475000e-08  1.94964933e+00  2.29475000e-08  1.01360894e+00  2.29475000e-08 -1.35214981e-04 
 2.29485000e-08  1.94965737e+00  2.29485000e-08  1.07404961e+00  2.29485000e-08 -1.43183246e-04 
 2.29495000e-08  1.94966538e+00  2.29495000e-08  1.13367588e+00  2.29495000e-08 -1.57044966e-04 
 2.29505000e-08  1.94967279e+00  2.29505000e-08  1.19275356e+00  2.29505000e-08 -1.71923973e-04 
 2.30655000e-08  1.94992120e+00  2.30655000e-08  1.94993310e+00  2.30655000e-08  8.74485446e-01 
 2.30665000e-08  1.94992177e+00  2.30665000e-08  1.94993992e+00  2.30665000e-08  9.35226190e-01 
 2.30675000e-08  1.94992236e+00  2.30675000e-08  1.94994581e+00  2.30675000e-08  9.94969258e-01 
 2.30685000e-08  1.94992291e+00  2.30685000e-08  1.94995140e+00  2.30685000e-08  1.05580508e+00 
 2.30695000e-08  1.94992348e+00  2.30695000e-08  1.94995839e+00  2.30695000e-08  1.12165136e+00 
 2.30705000e-08  1.94992402e+00  2.30705000e-08  1.94995352e+00  2.30705000e-08  1.19464283e+00 
 2.33105000e-08  1.16260220e+00  2.33105000e-08  1.95000008e+00  2.33105000e-08  1.94999670e+00 
 2.33115000e-08  1.11037325e+00  2.33115000e-08  1.95000006e+00  2.33115000e-08  1.94999398e+00 
 2.33125000e-08  1.05846205e+00  2.33125000e-08  1.95000005e+00  2.33125000e-08  1.94999811e+00 
 2.33135000e-08  1.00680197e+00  2.33135000e-08  1.95000003e+00  2.33135000e-08  1.94999405e+00 
 2.33145000e-08  9.55335601e-01  2.33145000e-08  1.95000002e+00  2.33145000e-08  1.94999697e+00 
 2.33155000e-08  9.04010658e-01  2.33155000e-08  1.94999999e+00  2.33155000e-08  1.94999435e+00 
 2.36495000e-08  1.31640242e-04  2.36495000e-08  1.14936024e+00  2.36495000e-08  1.94994335e+00 
 2.36505000e-08  1.28762269e-04  2.36505000e-08  1.09738531e+00  2.36505000e-08  1.94993963e+00 
 2.36515000e-08  1.26161579e-04  2.36515000e-08  1.04465179e+00  2.36515000e-08  1.94993975e+00 
 2.36525000e-08  1.23400359e-04  2.36525000e-08  9.91128879e-01  2.36525000e-08  1.94994527e+00 
 2.36535000e-08  1.20908481e-04  2.36535000e-08  9.36851592e-01  2.36535000e-08  1.94995687e+00 
 2.36545000e-08  1.18260028e-04  2.36545000e-08  8.81803545e-01  2.36545000e-08  1.94997501e+00 
 2.38965000e-08  9.25472029e-01  2.38965000e-08  2.82670200e-06  2.38965000e-08  1.94999373e+00 
 2.38975000e-08  9.66912378e-01  2.38975000e-08  3.19171637e-06  2.38975000e-08  1.94999403e+00 
 2.38985000e-08  1.00797339e+00  2.38985000e-08  2.67200410e-06  2.38985000e-08  1.94999405e+00 
 2.38995000e-08  1.04865548e+00  2.38995000e-08  3.03951951e-06  2.38995000e-08  1.94999435e+00 
 2.39005000e-08  1.08897177e+00  2.39005000e-08  2.53729687e-06  2.39005000e-08  1.94999436e+00 
 2.39015000e-08  1.12891564e+00  2.39015000e-08  2.90380563e-06  2.39015000e-08  1.94999465e+00 
 2.40675000e-08  1.94963135e+00  2.40675000e-08  8.87398624e-01  2.40675000e-08  1.94988590e+00 
 2.40685000e-08  1.94964007e+00  2.40685000e-08  9.49536017e-01  2.40685000e-08  1.94978118e+00 
 2.40695000e-08  1.94964885e+00  2.40695000e-08  1.01066195e+00  2.40695000e-08  1.94966842e+00 
 2.40705000e-08  1.94965684e+00  2.40705000e-08  1.07078925e+00  2.40705000e-08  1.94956613e+00 
 2.40715000e-08  1.94966494e+00  2.40715000e-08  1.13002728e+00  2.40715000e-08  1.94946383e+00 
 2.40725000e-08  1.94967229e+00  2.40725000e-08  1.18873925e+00  2.40725000e-08  1.94934443e+00 
 2.42015000e-08  1.94992868e+00  2.42015000e-08  1.94996545e+00  2.42015000e-08  1.19614984e+00 
 2.42025000e-08  1.94992915e+00  2.42025000e-08  1.94999257e+00  2.42025000e-08  1.13861657e+00 
 2.42035000e-08  1.94992965e+00  2.42035000e-08  1.95001969e+00  2.42035000e-08  1.08099955e+00 
 2.42045000e-08  1.94993010e+00  2.42045000e-08  1.95004633e+00  2.42045000e-08  1.02307547e+00 
 2.42055000e-08  1.94993059e+00  2.42055000e-08  1.95006607e+00  2.42055000e-08  9.64745171e-01 
 2.42065000e-08  1.94993104e+00  2.42065000e-08  1.95008245e+00  2.42065000e-08  9.05818909e-01 
 2.44325000e-08  1.16540463e+00  2.44325000e-08  1.94999998e+00  2.44325000e-08  1.68465749e-05 
 2.44335000e-08  1.11315884e+00  2.44335000e-08  1.94999991e+00  2.44335000e-08  1.20645223e-05 
 2.44345000e-08  1.06123100e+00  2.44345000e-08  1.94999994e+00  2.44345000e-08  1.57476158e-05 
 2.44355000e-08  1.00956019e+00  2.44355000e-08  1.94999988e+00  2.44355000e-08  1.13442374e-05 
 2.44365000e-08  9.58083847e-01  2.44365000e-08  1.94999993e+00  2.44365000e-08  1.50235593e-05 
 2.44375000e-08  9.06753222e-01  2.44375000e-08  1.94999986e+00  2.44375000e-08  1.04205180e-05 
 2.47715000e-08  1.31763909e-04  2.47715000e-08  1.15169095e+00  2.47715000e-08 -2.98478143e-06 
 2.47725000e-08  1.28902196e-04  2.47725000e-08  1.09974854e+00  2.47725000e-08 -1.51908621e-06 
 2.47735000e-08  1.26279969e-04  2.47735000e-08  1.04704914e+00  2.47735000e-08 -5.15108279e-07 
 2.47745000e-08  1.23534776e-04  2.47745000e-08  9.93559021e-01  2.47745000e-08  1.94071784e-06 
 2.47755000e-08  1.21021781e-04  2.47755000e-08  9.39315857e-01  2.47755000e-08  3.73707238e-06 
 2.47765000e-08  1.18388967e-04  2.47765000e-08  8.84300532e-01  2.47765000e-08  6.78325480e-06 
 2.50185000e-08  9.23457403e-01  2.50185000e-08  5.42852980e-06  2.50185000e-08  3.96327268e-07 
 2.50195000e-08  9.64917111e-01  2.50195000e-08  5.57693397e-06  2.50195000e-08  9.62705384e-07 
 2.50205000e-08  1.00599701e+00  2.50205000e-08  5.14003695e-06  2.50205000e-08  3.58374540e-07 
 2.50215000e-08  1.04669698e+00  2.50215000e-08  5.29703916e-06  2.50215000e-08  9.12837401e-07 
 2.50225000e-08  1.08703098e+00  2.50225000e-08  4.88046326e-06  2.50225000e-08  3.45654428e-07 
 2.50235000e-08  1.12699311e+00  2.50235000e-08  5.04185031e-06  2.50235000e-08  9.01370686e-07 
 2.51895000e-08  1.94963094e+00  2.51895000e-08  8.83143156e-01  2.51895000e-08 -9.45675478e-05 
 2.51905000e-08  1.94963961e+00  2.51905000e-08  9.45500897e-01  2.51905000e-08 -1.18627364e-04 
 2.51915000e-08  1.94964847e+00  2.51915000e-08  1.00694402e+00  2.51915000e-08 -1.33744697e-04 
 2.51925000e-08  1.94965642e+00  2.51925000e-08  1.06748025e+00  2.51925000e-08 -1.42414876e-04 
 2.51935000e-08  1.94966459e+00  2.51935000e-08  1.12718588e+00  2.51935000e-08 -1.55401447e-04 
 2.51945000e-08  1.94967191e+00  2.51945000e-08  1.18630598e+00  2.51945000e-08 -1.70179777e-04 
 2.53095000e-08  1.94992115e+00  2.53095000e-08  1.94993266e+00  2.53095000e-08  8.67701050e-01 
 2.53105000e-08  1.94992169e+00  2.53105000e-08  1.94993903e+00  2.53105000e-08  9.28602461e-01 
 2.53115000e-08  1.94992231e+00  2.53115000e-08  1.94994530e+00  2.53115000e-08  9.88401254e-01 
 2.53125000e-08  1.94992283e+00  2.53125000e-08  1.94995086e+00  2.53125000e-08  1.04887705e+00 
 2.53135000e-08  1.94992344e+00  2.53135000e-08  1.94995801e+00  2.53135000e-08  1.11396915e+00 
 2.53145000e-08  1.94992395e+00  2.53145000e-08  1.94995363e+00  2.53145000e-08  1.18652855e+00 
 2.55545000e-08  1.16869178e+00  2.55545000e-08  1.95000005e+00  2.55545000e-08  1.94999707e+00 
 2.55555000e-08  1.11642608e+00  2.55555000e-08  1.95000007e+00  2.55555000e-08  1.94999512e+00 
 2.55565000e-08  1.06447852e+00  2.55565000e-08  1.95000002e+00  2.55565000e-08  1.94999820e+00 
 2.55575000e-08  1.01279486e+00  2.55575000e-08  1.95000003e+00  2.55575000e-08  1.94999515e+00 
 2.55585000e-08  9.61306670e-01  2.55585000e-08  1.94999999e+00  2.55585000e-08  1.94999730e+00 
 2.55595000e-08  9.09969220e-01  2.55595000e-08  1.95000000e+00  2.55595000e-08  1.94999542e+00 
 2.58935000e-08  1.31926987e-04  2.58935000e-08  1.15499543e+00  2.58935000e-08  1.94994397e+00 
 2.58945000e-08  1.29087877e-04  2.58945000e-08  1.10310478e+00  2.58945000e-08  1.94993983e+00 
 2.58955000e-08  1.26435957e-04  2.58955000e-08  1.05045635e+00  2.58955000e-08  1.94993954e+00 
 2.58965000e-08  1.23712996e-04  2.58965000e-08  9.97017580e-01  2.58965000e-08  1.94994433e+00 
 2.58975000e-08  1.21171021e-04  2.58975000e-08  9.42824201e-01  2.58975000e-08  1.94995533e+00 
 2.58985000e-08  1.18559876e-04  2.58985000e-08  8.87857897e-01  2.58985000e-08  1.94997266e+00 
 2.61405000e-08  9.20845121e-01  2.61405000e-08  2.82718734e-06  2.61405000e-08  1.94999380e+00 
 2.61415000e-08  9.62329881e-01  2.61415000e-08  3.20855646e-06  2.61415000e-08  1.94999393e+00 
 2.61425000e-08  1.00343404e+00  2.61425000e-08  2.67158232e-06  2.61425000e-08  1.94999412e+00 
 2.61435000e-08  1.04415722e+00  2.61435000e-08  3.05511208e-06  2.61435000e-08  1.94999425e+00 
 2.61445000e-08  1.08451422e+00  2.61445000e-08  2.53626022e-06  2.61445000e-08  1.94999442e+00 
 2.61455000e-08  1.12449985e+00  2.61455000e-08  2.91841217e-06  2.61455000e-08  1.94999455e+00 
 2.63115000e-08  1.94963041e+00  2.63115000e-08  8.80446473e-01  2.63115000e-08  1.94989634e+00 
 2.63125000e-08  1.94963903e+00  2.63125000e-08  9.42691892e-01  2.63125000e-08  1.94979343e+00 
 2.63135000e-08  1.94964799e+00  2.63135000e-08  1.00393102e+00  2.63135000e-08  1.94968084e+00 
 2.63145000e-08  1.94965589e+00  2.63145000e-08  1.06416577e+00  2.63145000e-08  1.94957590e+00 
 2.63155000e-08  1.94966415e+00  2.63155000e-08  1.12349237e+00  2.63155000e-08  1.94947588e+00 
 2.63165000e-08  1.94967141e+00  2.63165000e-08  1.18223634e+00  2.63165000e-08  1.94935864e+00 
 2.64465000e-08  1.94992908e+00  2.64465000e-08  1.94998950e+00  2.64465000e-08  1.14499173e+00 
 2.64475000e-08  1.94992961e+00  2.64475000e-08  1.95001676e+00  2.64475000e-08  1.08739921e+00 
 2.64485000e-08  1.94993004e+00  2.64485000e-08  1.95004350e+00  2.64485000e-08  1.02950965e+00 
 2.64495000e-08  1.94993056e+00  2.64495000e-08  1.95006424e+00  2.64495000e-08  9.71238364e-01 
 2.64505000e-08  1.94993097e+00  2.64505000e-08  1.95008082e+00  2.64505000e-08  9.12376532e-01 
 2.64515000e-08  1.94993148e+00  2.64515000e-08  1.95009116e+00  2.64515000e-08  8.52895272e-01 
 2.66765000e-08  1.17172912e+00  2.66765000e-08  1.94999998e+00  2.66765000e-08  1.59090558e-05 
 2.66775000e-08  1.11944496e+00  2.66775000e-08  1.94999999e+00  2.66775000e-08  1.29944979e-05 
 2.66785000e-08  1.06747897e+00  2.66785000e-08  1.94999996e+00  2.66785000e-08  1.48767406e-05 
 2.66795000e-08  1.01578322e+00  2.66795000e-08  1.94999997e+00  2.66795000e-08  1.22060249e-05 
 2.66805000e-08  9.64283913e-01  2.66805000e-08  1.94999994e+00  2.66805000e-08  1.40961648e-05 
 2.66815000e-08  9.12940042e-01  2.66815000e-08  1.94999994e+00  2.66815000e-08  1.13175199e-05 
 2.70155000e-08  1.32077159e-04  2.70155000e-08  1.15818386e+00  2.70155000e-08 -2.87658169e-06 
 2.70165000e-08  1.29258875e-04  2.70165000e-08  1.10634087e+00  2.70165000e-08 -1.85177226e-06 
 2.70175000e-08  1.26579646e-04  2.70175000e-08  1.05373772e+00  2.70175000e-08 -5.77088875e-07 
 2.70185000e-08  1.23877196e-04  2.70185000e-08  1.00034662e+00  2.70185000e-08  1.52302120e-06 
 2.70195000e-08  1.21308596e-04  2.70195000e-08  9.46198598e-01  2.70195000e-08  3.57082195e-06 
 2.70205000e-08  1.18717386e-04  2.70205000e-08  8.91279350e-01  2.70205000e-08  6.31108381e-06 
 2.72625000e-08  9.18564917e-01  2.72625000e-08  5.35142569e-06  2.72625000e-08  2.83365018e-07 
 2.72635000e-08  9.60071580e-01  2.72635000e-08  5.68951566e-06  2.72635000e-08  1.12566641e-06 
 2.72645000e-08  1.00119623e+00  2.72645000e-08  5.06401138e-06  2.72645000e-08  2.55349955e-07 
 2.72655000e-08  1.04193984e+00  2.72655000e-08  5.40753831e-06  2.72655000e-08  1.09844902e-06 
 2.72665000e-08  1.08231689e+00  2.72665000e-08  4.80368591e-06  2.72665000e-08  2.62114385e-07 
 2.72675000e-08  1.12232293e+00  2.72675000e-08  5.14877134e-06  2.72675000e-08  1.10069442e-06 
 2.74335000e-08  1.94962993e+00  2.74335000e-08  8.75782675e-01  2.74335000e-08 -9.09236918e-05 
 2.74345000e-08  1.94963851e+00  2.74345000e-08  9.38242713e-01  2.74345000e-08 -1.16520737e-04 
 2.74355000e-08  1.94964756e+00  2.74355000e-08  9.99791863e-01  2.74355000e-08 -1.32042976e-04 
 2.74365000e-08  1.94965541e+00  2.74365000e-08  1.06043246e+00  2.74365000e-08 -1.41598567e-04 
 2.74375000e-08  1.94966375e+00  2.74375000e-08  1.12022939e+00  2.74375000e-08 -1.53728214e-04 
 2.74385000e-08  1.94967097e+00  2.74385000e-08  1.17940066e+00  2.74385000e-08 -1.68371674e-04 
 2.75535000e-08  1.94992109e+00  2.75535000e-08  1.94993223e+00  2.75535000e-08  8.60491725e-01 
 2.75545000e-08  1.94992160e+00  2.75545000e-08  1.94993808e+00  2.75545000e-08  9.21572424e-01 
 2.75555000e-08  1.94992226e+00  2.75555000e-08  1.94994476e+00  2.75555000e-08  9.81450393e-01 
 2.75565000e-08  1.94992275e+00  2.75565000e-08  1.94995020e+00  2.75565000e-08  1.04164045e+00 
 2.75575000e-08  1.94992339e+00  2.75575000e-08  1.94995749e+00  2.75575000e-08  1.10598036e+00 
 2.75585000e-08  1.94992387e+00  2.75585000e-08  1.94995397e+00  2.75585000e-08  1.17793290e+00 
 2.77985000e-08  1.17445262e+00  2.77985000e-08  1.94999997e+00  2.77985000e-08  1.94999880e+00 
 2.77995000e-08  1.12215191e+00  2.77995000e-08  1.95000004e+00  2.77995000e-08  1.94999692e+00 
 2.78005000e-08  1.07016918e+00  2.78005000e-08  1.94999994e+00  2.78005000e-08  1.94999807e+00 
 2.78015000e-08  1.01846247e+00  2.78015000e-08  1.95000000e+00  2.78015000e-08  1.94999699e+00 
 2.78025000e-08  9.66953022e-01  2.78025000e-08  1.94999992e+00  2.78025000e-08  1.94999876e+00 
 2.78035000e-08  9.15603353e-01  2.78035000e-08  1.94999997e+00  2.78035000e-08  1.94999699e+00 
 2.81375000e-08  1.32216857e-04  2.81375000e-08  1.16078775e+00  2.81375000e-08  1.94994463e+00 
 2.81385000e-08  1.29416705e-04  2.81385000e-08  1.10898671e+00  2.81385000e-08  1.94994009e+00 
 2.81395000e-08  1.26713507e-04  2.81395000e-08  1.05642352e+00  2.81395000e-08  1.94993939e+00 
 2.81405000e-08  1.24028076e-04  2.81405000e-08  1.00307396e+00  2.81405000e-08  1.94994344e+00 
 2.81415000e-08  1.21436390e-04  2.81415000e-08  9.48965019e-01  2.81415000e-08  1.94995383e+00 
 2.81425000e-08  1.18861972e-04  2.81425000e-08  8.94085336e-01  2.81425000e-08  1.94997033e+00 
 2.83845000e-08  9.16065880e-01  2.83845000e-08  2.88490229e-06  2.83845000e-08  1.94999390e+00 
 2.83855000e-08  9.57596558e-01  2.83855000e-08  3.16976775e-06  2.83855000e-08  1.94999378e+00 
 2.83865000e-08  9.98743711e-01  2.83865000e-08  2.72730522e-06  2.83865000e-08  1.94999423e+00 
 2.83875000e-08  1.03950973e+00  2.83875000e-08  3.01597870e-06  2.83875000e-08  1.94999411e+00 
 2.83885000e-08  1.07990873e+00  2.83885000e-08  2.59014894e-06  2.83885000e-08  1.94999453e+00 
 2.83895000e-08  1.11993706e+00  2.83895000e-08  2.87938690e-06  2.83895000e-08  1.94999441e+00 
 2.85555000e-08  1.94962940e+00  2.85555000e-08  8.73227918e-01  2.85555000e-08  1.94990743e+00 
 2.85565000e-08  1.94963796e+00  2.85565000e-08  9.35584435e-01  2.85565000e-08  1.94980633e+00 
 2.85575000e-08  1.94964707e+00  2.85575000e-08  9.96940679e-01  2.85575000e-08  1.94969403e+00 
 2.85585000e-08  1.94965490e+00  2.85585000e-08  1.05729205e+00  2.85585000e-08  1.94958641e+00 
 2.85595000e-08  1.94966330e+00  2.85595000e-08  1.11671602e+00  2.85595000e-08  1.94948848e+00 
 2.85605000e-08  1.94967049e+00  2.85605000e-08  1.17550055e+00  2.85605000e-08  1.94937336e+00 
 2.86905000e-08  1.94992901e+00  2.86905000e-08  1.94998633e+00  2.86905000e-08  1.15150611e+00 
 2.86915000e-08  1.94992957e+00  2.86915000e-08  1.95001372e+00  2.86915000e-08  1.09393318e+00 
 2.86925000e-08  1.94992997e+00  2.86925000e-08  1.95004054e+00  2.86925000e-08  1.03608038e+00 
 2.86935000e-08  1.94993051e+00  2.86935000e-08  1.95006229e+00  2.86935000e-08  9.77864674e-01 
 2.86945000e-08  1.94993091e+00  2.86945000e-08  1.95007907e+00  2.86945000e-08  9.19070634e-01 
 2.86955000e-08  1.94993144e+00  2.86955000e-08  1.95009039e+00  2.86955000e-08  8.59667287e-01 
 2.89205000e-08  1.17789364e+00  2.89205000e-08  1.94999984e+00  2.89205000e-08  1.52470605e-05 
 2.89215000e-08  1.12557201e+00  2.89215000e-08  1.94999991e+00  2.89215000e-08  1.35447931e-05 
 2.89225000e-08  1.07356787e+00  2.89225000e-08  1.94999983e+00  2.89225000e-08  1.43161092e-05 
 2.89235000e-08  1.02184710e+00  2.89235000e-08  1.94999991e+00  2.89235000e-08  1.26707855e-05 
 2.89245000e-08  9.70324615e-01  2.89245000e-08  1.94999983e+00  2.89245000e-08  1.34428829e-05 
 2.89255000e-08  9.18967527e-01  2.89255000e-08  1.94999990e+00  2.89255000e-08  1.18520764e-05 
 2.92595000e-08  1.32399222e-04  2.92595000e-08  1.16416938e+00  2.92595000e-08 -2.79340463e-06 
 2.92605000e-08  1.29619385e-04  2.92605000e-08  1.11241904e+00  2.92605000e-08 -2.11948709e-06 
 2.92615000e-08  1.26887538e-04  2.92615000e-08  1.05990400e+00  2.92615000e-08 -6.51368812e-07 
 2.92625000e-08  1.24222311e-04  2.92625000e-08  1.00660512e+00  2.92625000e-08  1.16679982e-06 
 2.92635000e-08  1.21602849e-04  2.92635000e-08  9.52544417e-01  2.92635000e-08  3.40757535e-06 
 2.92645000e-08  1.19048306e-04  2.92645000e-08  8.97714767e-01  2.92645000e-08  5.89073829e-06 
 2.95065000e-08  9.13348087e-01  2.95065000e-08  5.39480973e-06  2.95065000e-08  2.97748800e-07 
 2.95075000e-08  9.54904901e-01  2.95075000e-08  5.68203798e-06  2.95075000e-08  1.06740991e-06 
 2.95085000e-08  9.96076584e-01  2.95085000e-08  5.10434866e-06  2.95085000e-08  2.82732544e-07 
 2.95095000e-08  1.03686698e+00  2.95095000e-08  5.39844462e-06  2.95095000e-08  1.04466827e-06 
 2.95105000e-08  1.07728985e+00  2.95105000e-08  4.84233309e-06  2.95105000e-08  2.89193232e-07 
 2.95115000e-08  1.11734236e+00  2.95115000e-08  5.13962189e-06  2.95115000e-08  1.04690662e-06 
 2.96775000e-08  1.94962881e+00  2.96775000e-08  8.67874294e-01  2.96775000e-08 -8.69814090e-05 
 2.96785000e-08  1.94963737e+00  2.96785000e-08  9.30443338e-01  2.96785000e-08 -1.14040619e-04 
 2.96795000e-08  1.94964653e+00  2.96795000e-08  9.92111268e-01  2.96795000e-08 -1.30350145e-04 
 2.96805000e-08  1.94965435e+00  2.96805000e-08  1.05286636e+00  2.96805000e-08 -1.40630334e-04 
 2.96815000e-08  1.94966281e+00  2.96815000e-08  1.11276057e+00  2.96815000e-08 -1.51931147e-04 
 2.96825000e-08  1.94966999e+00  2.96825000e-08  1.17199298e+00  2.96825000e-08 -1.66439742e-04 
 2.97975000e-08  1.94992103e+00  2.97975000e-08  1.94993189e+00  2.97975000e-08  8.52706154e-01 
 2.97985000e-08  1.94992152e+00  2.97985000e-08  1.94993706e+00  2.97985000e-08  9.13985677e-01 
 2.97995000e-08  1.94992220e+00  2.97995000e-08  1.94994415e+00  2.97995000e-08  9.73967268e-01 
 2.98005000e-08  1.94992267e+00  2.98005000e-08  1.94994943e+00  2.98005000e-08  1.03393692e+00 
 2.98015000e-08  1.94992333e+00  2.98015000e-08  1.94995676e+00  2.98015000e-08  1.09754799e+00 
 2.98025000e-08  1.94992379e+00  2.98025000e-08  1.94995457e+00  2.98025000e-08  1.16867766e+00 
 3.00425000e-08  1.18111333e+00  3.00425000e-08  1.94999993e+00  3.00425000e-08  1.94999947e+00 
 3.00435000e-08  1.12877211e+00  3.00435000e-08  1.95000002e+00  3.00435000e-08  1.94999916e+00 
 3.00445000e-08  1.07674772e+00  3.00445000e-08  1.94999991e+00  3.00445000e-08  1.94999950e+00 
 3.00455000e-08  1.02501359e+00  3.00455000e-08  1.94999999e+00  3.00455000e-08  1.94999920e+00 
 3.00465000e-08  9.73478704e-01  3.00465000e-08  1.94999988e+00  3.00465000e-08  1.94999954e+00 
 3.00475000e-08  9.22114560e-01  3.00475000e-08  1.94999995e+00  3.00475000e-08  1.94999926e+00 
 3.03815000e-08  1.32555230e-04  3.03815000e-08  1.16724757e+00  3.03815000e-08  1.94994536e+00 
 3.03825000e-08  1.29791180e-04  3.03825000e-08  1.11554659e+00  3.03825000e-08  1.94994047e+00 
 3.03835000e-08  1.27036697e-04  3.03835000e-08  1.06307856e+00  3.03835000e-08  1.94993926e+00 
 3.03845000e-08  1.24388260e-04  3.03845000e-08  1.00982865e+00  3.03845000e-08  1.94994258e+00 
 3.03855000e-08  1.21746355e-04  3.03855000e-08  9.55814129e-01  3.03855000e-08  1.94995221e+00 
 3.03865000e-08  1.19208032e-04  3.03865000e-08  9.01031390e-01  3.03865000e-08  1.94996786e+00 
 3.06285000e-08  9.10892700e-01  3.06285000e-08  2.95178696e-06  3.06285000e-08  1.94999386e+00 
 3.06295000e-08  9.52473217e-01  3.06295000e-08  3.12447312e-06  3.06295000e-08  1.94999378e+00 
 3.06305000e-08  9.93666921e-01  3.06305000e-08  2.79189899e-06  3.06305000e-08  1.94999419e+00 
 3.06315000e-08  1.03447945e+00  3.06315000e-08  2.97037339e-06  3.06315000e-08  1.94999411e+00 
 3.06325000e-08  1.07492369e+00  3.06325000e-08  2.65261103e-06  3.06325000e-08  1.94999449e+00 
 3.06335000e-08  1.11499808e+00  3.06335000e-08  2.83394530e-06  3.06335000e-08  1.94999441e+00 
 3.07995000e-08  1.94962825e+00  3.07995000e-08  8.65380735e-01  3.07995000e-08  1.94991909e+00 
 3.08005000e-08  1.94963686e+00  3.08005000e-08  9.27856864e-01  3.08005000e-08  1.94982000e+00 
 3.08015000e-08  1.94964602e+00  3.08015000e-08  9.89340086e-01  3.08015000e-08  1.94970821e+00 
 3.08025000e-08  1.94965389e+00  3.08025000e-08  1.04981485e+00  3.08025000e-08  1.94959776e+00 
 3.08035000e-08  1.94966233e+00  3.08035000e-08  1.10934428e+00  3.08035000e-08  1.94950223e+00 
 3.08045000e-08  1.94966956e+00  3.08045000e-08  1.16818227e+00  3.08045000e-08  1.94938919e+00 
 3.09345000e-08  1.94992895e+00  3.09345000e-08  1.94998285e+00  3.09345000e-08  1.15865879e+00 
 3.09355000e-08  1.94992951e+00  3.09355000e-08  1.95001036e+00  3.09355000e-08  1.10109800e+00 
 3.09365000e-08  1.94992991e+00  3.09365000e-08  1.95003723e+00  3.09365000e-08  1.04329044e+00 
 3.09375000e-08  1.94993046e+00  3.09375000e-08  1.95006012e+00  3.09375000e-08  9.85127448e-01 
 3.09385000e-08  1.94993085e+00  3.09385000e-08  1.95007709e+00  3.09385000e-08  9.26412853e-01 
 3.09395000e-08  1.94993139e+00  3.09395000e-08  1.95008950e+00  3.09395000e-08  8.67088614e-01 
 3.11655000e-08  1.13112336e+00  3.11655000e-08  1.94999989e+00  3.11655000e-08  1.38330129e-05 
 3.11665000e-08  1.07908392e+00  3.11665000e-08  1.94999974e+00  3.11665000e-08  1.41398469e-05 
 3.11675000e-08  1.02733976e+00  3.11675000e-08  1.94999984e+00  3.11675000e-08  1.29554209e-05 
 3.11685000e-08  9.75795621e-01  3.11685000e-08  1.94999972e+00  3.11685000e-08  1.32636932e-05 
 3.11695000e-08  9.24426160e-01  3.11695000e-08  1.94999986e+00  3.11695000e-08  1.21332532e-05 
 3.11705000e-08  8.73165781e-01  3.11705000e-08  1.94999973e+00  3.11705000e-08  1.24417776e-05 
 3.15035000e-08  1.32673733e-04  3.15035000e-08  1.16952466e+00  3.15035000e-08 -2.72752891e-06 
 3.15045000e-08  1.29922010e-04  3.15045000e-08  1.11785735e+00  3.15045000e-08 -2.32878870e-06 
 3.15055000e-08  1.27150269e-04  3.15055000e-08  1.06542123e+00  3.15055000e-08 -7.25747166e-07 
 3.15065000e-08  1.24514254e-04  3.15065000e-08  1.01220501e+00  3.15065000e-08  8.70088292e-07 
 3.15075000e-08  1.21855693e-04  3.15075000e-08  9.58222675e-01  3.15075000e-08  3.25009902e-06 
 3.15085000e-08  1.19329235e-04  3.15085000e-08  9.03473479e-01  3.15085000e-08  5.53259960e-06 
 3.17505000e-08  9.09166868e-01  3.17505000e-08  5.44470837e-06  3.17505000e-08  3.63005068e-07 
 3.17515000e-08  9.50764116e-01  3.17515000e-08  5.66521992e-06  3.17515000e-08  1.04307929e-06 
 3.17525000e-08  9.91973365e-01  3.17525000e-08  5.15151398e-06  3.17525000e-08  3.30552192e-07 
 3.17535000e-08  1.03280150e+00  3.17535000e-08  5.38026751e-06  3.17535000e-08  9.87190497e-07 
 3.17545000e-08  1.07326080e+00  3.17545000e-08  4.88757111e-06  3.17545000e-08  3.22441731e-07 
 3.17555000e-08  1.11335057e+00  3.17555000e-08  5.12093578e-06  3.17555000e-08  9.83357392e-07 
 3.19215000e-08  1.94962784e+00  3.19215000e-08  8.61554846e-01  3.19215000e-08 -8.37733586e-05 
 3.19225000e-08  1.94963652e+00  3.19225000e-08  9.24210088e-01  3.19225000e-08 -1.11946681e-04 
 3.19235000e-08  1.94964564e+00  3.19235000e-08  9.85970626e-01  3.19235000e-08 -1.28891647e-04 
 3.19245000e-08  1.94965358e+00  3.19245000e-08  1.04681268e+00  3.19245000e-08 -1.39710534e-04 
 3.19255000e-08  1.94966198e+00  3.19255000e-08  1.10678355e+00  3.19255000e-08 -1.50501251e-04 
 3.19265000e-08  1.94966928e+00  3.19265000e-08  1.16607845e+00  3.19265000e-08 -1.65179664e-04 
 3.20415000e-08  1.94992097e+00  3.20415000e-08  1.94993169e+00  3.20415000e-08  8.46502894e-01 
 3.20425000e-08  1.94992146e+00  3.20425000e-08  1.94993625e+00  3.20425000e-08  9.07946031e-01 
 3.20435000e-08  1.94992213e+00  3.20435000e-08  1.94994368e+00  3.20435000e-08  9.68021753e-01 
 3.20445000e-08  1.94992262e+00  3.20445000e-08  1.94994877e+00  3.20445000e-08  1.02786983e+00 
 3.20455000e-08  1.94992327e+00  3.20455000e-08  1.94995608e+00  3.20455000e-08  1.09096611e+00 
 3.20465000e-08  1.94992374e+00  3.20465000e-08  1.94995518e+00  3.20465000e-08  1.16133552e+00 
 3.22875000e-08  1.13391523e+00  3.22875000e-08  1.95000001e+00  3.22875000e-08  1.94999914e+00 
 3.22885000e-08  1.08185822e+00  3.22885000e-08  1.94999989e+00  3.22885000e-08  1.94999874e+00 
 3.22895000e-08  1.03010203e+00  3.22895000e-08  1.94999999e+00  3.22895000e-08  1.94999943e+00 
 3.22905000e-08  9.78547125e-01  3.22905000e-08  1.94999986e+00  3.22905000e-08  1.94999865e+00 
 3.22915000e-08  9.27171276e-01  3.22915000e-08  1.94999994e+00  3.22915000e-08  1.94999908e+00 
 3.22925000e-08  8.75904363e-01  3.22925000e-08  1.94999982e+00  3.22925000e-08  1.94999870e+00 
 3.26255000e-08  1.32817618e-04  3.26255000e-08  1.17244487e+00  3.26255000e-08  1.94994594e+00 
 3.26265000e-08  1.30080404e-04  3.26265000e-08  1.12082453e+00  3.26265000e-08  1.94994083e+00 
 3.26275000e-08  1.27287585e-04  3.26275000e-08  1.06843315e+00  3.26275000e-08  1.94993919e+00 
 3.26285000e-08  1.24665955e-04  3.26285000e-08  1.01526357e+00  3.26285000e-08  1.94994198e+00 
 3.26295000e-08  1.21987008e-04  3.26295000e-08  9.61325242e-01  3.26295000e-08  1.94995096e+00 
 3.26305000e-08  1.19474790e-04  3.26305000e-08  9.06620782e-01  3.26305000e-08  1.94996597e+00 
 3.28725000e-08  9.06944991e-01  3.28725000e-08  3.00264375e-06  3.28725000e-08  1.94999382e+00 
 3.28735000e-08  9.48563768e-01  3.28735000e-08  3.09113704e-06  3.28735000e-08  1.94999379e+00 
 3.28745000e-08  9.89793085e-01  3.28745000e-08  2.84096553e-06  3.28745000e-08  1.94999415e+00 
 3.28755000e-08  1.03064132e+00  3.28755000e-08  2.93677698e-06  3.28755000e-08  1.94999411e+00 
 3.28765000e-08  1.07112001e+00  3.28765000e-08  2.69999160e-06  3.28765000e-08  1.94999446e+00 
 3.28775000e-08  1.11122952e+00  3.28775000e-08  2.80044311e-06  3.28775000e-08  1.94999442e+00 
 3.30435000e-08  1.94962731e+00  3.30435000e-08  8.59413870e-01  3.30435000e-08  1.94992750e+00 
 3.30445000e-08  1.94963608e+00  3.30445000e-08  9.21979855e-01  3.30445000e-08  1.94983004e+00 
 3.30455000e-08  1.94964515e+00  3.30455000e-08  9.83559212e-01  3.30455000e-08  1.94971883e+00 
 3.30465000e-08  1.94965318e+00  3.30465000e-08  1.04412842e+00  3.30465000e-08  1.94960731e+00 
 3.30475000e-08  1.94966153e+00  3.30475000e-08  1.10374635e+00  3.30475000e-08  1.94951204e+00 
 3.30485000e-08  1.94966891e+00  3.30485000e-08  1.16265050e+00  3.30485000e-08  1.94940029e+00 
 3.31785000e-08  1.94992891e+00  3.31785000e-08  1.94998022e+00  3.31785000e-08  1.16403675e+00 
 3.31795000e-08  1.94992946e+00  3.31795000e-08  1.95000781e+00  3.31795000e-08  1.10648346e+00 
 3.31805000e-08  1.94992987e+00  3.31805000e-08  1.95003469e+00  3.31805000e-08  1.04870819e+00 
 3.31815000e-08  1.94993041e+00  3.31815000e-08  1.95005844e+00  3.31815000e-08  9.90583326e-01 
 3.31825000e-08  1.94993081e+00  3.31825000e-08  1.95007554e+00  3.31825000e-08  9.31927376e-01 
 3.31835000e-08  1.94993134e+00  3.31835000e-08  1.95008877e+00  3.31835000e-08  8.72661921e-01 
 3.34095000e-08  1.13605421e+00  3.34095000e-08  1.94999988e+00  3.34095000e-08  1.41490665e-05 
 3.34105000e-08  1.08398375e+00  3.34105000e-08  1.94999969e+00  3.34105000e-08  1.40117746e-05 
 3.34115000e-08  1.03221836e+00  3.34115000e-08  1.94999983e+00  3.34115000e-08  1.32536097e-05 
 3.34125000e-08  9.80655282e-01  3.34125000e-08  1.94999967e+00  3.34125000e-08  1.30888634e-05 
 3.34135000e-08  9.29274637e-01  3.34135000e-08  1.94999985e+00  3.34135000e-08  1.23839736e-05 
 3.34145000e-08  8.78002866e-01  3.34145000e-08  1.94999965e+00  3.34145000e-08  1.23018945e-05 
 3.37475000e-08  1.32926876e-04  3.37475000e-08  1.17443540e+00  3.37475000e-08 -2.69059736e-06 
 3.37485000e-08  1.30200388e-04  3.37485000e-08  1.12284431e+00  3.37485000e-08 -2.48536479e-06 
 3.37495000e-08  1.27392557e-04  3.37495000e-08  1.07048067e+00  3.37495000e-08 -8.16764579e-07 
 3.37505000e-08  1.24781359e-04  3.37505000e-08  1.01734036e+00  3.37505000e-08  6.26458177e-07 
 3.37515000e-08  1.22087723e-04  3.37515000e-08  9.63430055e-01  3.37515000e-08  3.08335531e-06 
 3.37525000e-08  1.19585633e-04  3.37525000e-08  9.08754852e-01  3.37525000e-08  5.22908545e-06 
 3.39945000e-08  9.05664450e-01  3.39945000e-08  5.50131025e-06  3.39945000e-08  4.00499024e-07 
 3.39955000e-08  9.47295646e-01  3.39955000e-08  5.63701152e-06  3.39955000e-08  9.20227942e-07 
 3.39965000e-08  9.88536537e-01  3.39965000e-08  5.20690204e-06  3.39965000e-08  3.82853910e-07 
 3.39975000e-08  1.02939637e+00  3.39975000e-08  5.35195712e-06  3.39975000e-08  8.97947105e-07 
 3.39985000e-08  1.06988623e+00  3.39985000e-08  4.94092945e-06  3.39985000e-08  3.82508596e-07 
 3.39995000e-08  1.11000711e+00  3.39995000e-08  5.09235543e-06  3.39995000e-08  8.96386787e-07 
 3.41655000e-08  1.94962700e+00  3.41655000e-08  8.56269097e-01  3.41655000e-08 -8.10654713e-05 
 3.41665000e-08  1.94963583e+00  3.41665000e-08  9.18995757e-01  3.41665000e-08 -1.10107725e-04 
 3.41675000e-08  1.94964487e+00  3.41675000e-08  9.80833494e-01  3.41675000e-08 -1.27662642e-04 
 3.41685000e-08  1.94965295e+00  3.41685000e-08  1.04175439e+00  3.41685000e-08 -1.39363099e-04 
 3.41695000e-08  1.94966127e+00  3.41695000e-08  1.10180133e+00  3.41695000e-08 -1.49159964e-04 
 3.41705000e-08  1.94966870e+00  3.41705000e-08  1.16114731e+00  3.41705000e-08 -1.64013051e-04 
 3.42865000e-08  1.94992143e+00  3.42865000e-08  1.94993558e+00  3.42865000e-08  9.02890334e-01 
 3.42875000e-08  1.94992208e+00  3.42875000e-08  1.94994328e+00  3.42875000e-08  9.63050483e-01 
 3.42885000e-08  1.94992258e+00  3.42885000e-08  1.94994820e+00  3.42885000e-08  1.02282841e+00 
 3.42895000e-08  1.94992321e+00  3.42895000e-08  1.94995544e+00  3.42895000e-08  1.08553335e+00 
 3.42905000e-08  1.94992370e+00  3.42905000e-08  1.94995576e+00  3.42905000e-08  1.15521298e+00 
 3.42915000e-08  1.94992432e+00  3.42915000e-08  1.94995434e+00  3.42915000e-08  1.22860033e+00 
 3.45315000e-08  1.13816886e+00  3.45315000e-08  1.95000002e+00  3.45315000e-08  1.94999882e+00 
 3.45325000e-08  1.08608459e+00  3.45325000e-08  1.94999988e+00  3.45325000e-08  1.94999774e+00 
 3.45335000e-08  1.03430940e+00  3.45335000e-08  1.94999998e+00  3.45335000e-08  1.94999931e+00 
 3.45345000e-08  9.82737644e-01  3.45345000e-08  1.94999985e+00  3.45345000e-08  1.94999774e+00 
 3.45355000e-08  9.31351594e-01  3.45355000e-08  1.94999994e+00  3.45355000e-08  1.94999886e+00 
 3.45365000e-08  8.80074472e-01  3.45365000e-08  1.94999980e+00  3.45365000e-08  1.94999783e+00 
 3.48695000e-08  1.33019202e-04  3.48695000e-08  1.17658621e+00  3.48695000e-08  1.94994642e+00 
 3.48705000e-08  1.30300689e-04  3.48705000e-08  1.12503022e+00  3.48705000e-08  1.94994114e+00 
 3.48715000e-08  1.27481042e-04  3.48715000e-08  1.07270004e+00  3.48715000e-08  1.94993918e+00 
 3.48725000e-08  1.24877387e-04  3.48725000e-08  1.01959454e+00  3.48725000e-08  1.94994153e+00 
 3.48735000e-08  1.22172162e-04  3.48735000e-08  9.65717086e-01  3.48735000e-08  1.94995001e+00 
 3.48745000e-08  1.19678080e-04  3.48745000e-08  9.11075192e-01  3.48745000e-08  1.94996451e+00 
 3.51165000e-08  9.03381006e-01  3.51165000e-08  3.06254929e-06  3.51165000e-08  1.94999383e+00 
 3.51175000e-08  9.45034368e-01  3.51175000e-08  3.04531885e-06  3.51175000e-08  1.94999376e+00 
 3.51185000e-08  9.86295936e-01  3.51185000e-08  2.89908119e-06  3.51185000e-08  1.94999415e+00 
 3.51195000e-08  1.02717648e+00  3.51195000e-08  2.89099510e-06  3.51195000e-08  1.94999408e+00 
 3.51205000e-08  1.06768626e+00  3.51205000e-08  2.75641480e-06  3.51205000e-08  1.94999446e+00 
 3.51215000e-08  1.10782739e+00  3.51215000e-08  2.75501571e-06  3.51215000e-08  1.94999439e+00 
 3.52875000e-08  1.94962646e+00  3.52875000e-08  8.54212734e-01  3.52875000e-08  1.94993458e+00 
 3.52885000e-08  1.94963538e+00  3.52885000e-08  9.16856324e-01  3.52885000e-08  1.94983865e+00 
 3.52895000e-08  1.94964437e+00  3.52895000e-08  9.78519097e-01  3.52895000e-08  1.94972799e+00 
 3.52905000e-08  1.94965253e+00  3.52905000e-08  1.03917102e+00  3.52905000e-08  1.94961622e+00 
 3.52915000e-08  1.94966081e+00  3.52915000e-08  1.09886196e+00  3.52915000e-08  1.94952041e+00 
 3.52925000e-08  1.94966832e+00  3.52925000e-08  1.15779477e+00  3.52925000e-08  1.94941012e+00 
 3.54225000e-08  1.94992888e+00  3.54225000e-08  1.94997787e+00  3.54225000e-08  1.16883075e+00 
 3.54235000e-08  1.94992941e+00  3.54235000e-08  1.95000551e+00  3.54235000e-08  1.11128291e+00 
 3.54245000e-08  1.94992983e+00  3.54245000e-08  1.95003238e+00  3.54245000e-08  1.05353508e+00 
 3.54255000e-08  1.94993036e+00  3.54255000e-08  1.95005690e+00  3.54255000e-08  9.95442931e-01 
 3.54265000e-08  1.94993078e+00  3.54265000e-08  1.95007411e+00  3.54265000e-08  9.36838249e-01 
 3.54275000e-08  1.94993129e+00  3.54275000e-08  1.95008809e+00  3.54275000e-08  8.77624489e-01 
 3.56535000e-08  1.14044386e+00  3.56535000e-08  1.94999987e+00  3.56535000e-08  1.45773882e-05 
 3.56545000e-08  1.08834489e+00  3.56545000e-08  1.94999966e+00  3.56545000e-08  1.37209503e-05 
 3.56555000e-08  1.03655948e+00  3.56555000e-08  1.94999982e+00  3.56555000e-08  1.37788707e-05 
 3.56565000e-08  9.84978639e-01  3.56565000e-08  1.94999965e+00  3.56565000e-08  1.27748392e-05 
 3.56575000e-08  9.33587141e-01  3.56575000e-08  1.94999984e+00  3.56575000e-08  1.28550039e-05 
 3.56585000e-08  8.82304580e-01  3.56585000e-08  1.94999962e+00  3.56585000e-08  1.20306122e-05 
 3.59915000e-08  1.33180293e-04  3.59915000e-08  1.17906765e+00  3.59915000e-08 -2.65413182e-06 
 3.59925000e-08  1.30467445e-04  3.59925000e-08  1.12754859e+00  3.59925000e-08 -2.62591547e-06 
 3.59935000e-08  1.27635411e-04  3.59935000e-08  1.07525343e+00  3.59935000e-08 -8.99994399e-07 
 3.59945000e-08  1.25037703e-04  3.59945000e-08  1.02218482e+00  3.59945000e-08  4.00710753e-07 
 3.59955000e-08  1.22320616e-04  3.59955000e-08  9.68342650e-01  3.59955000e-08  2.92452617e-06 
 3.59965000e-08  1.19831555e-04  3.59965000e-08  9.13737461e-01  3.59965000e-08  4.94499308e-06 
 3.62395000e-08  9.43652300e-01  3.62395000e-08  5.60864601e-06  3.62395000e-08  7.93814017e-07 
 3.62405000e-08  9.84926529e-01  3.62405000e-08  5.26134514e-06  3.62405000e-08  4.42873735e-07 
 3.62415000e-08  1.02581973e+00  3.62415000e-08  5.32334822e-06  3.62415000e-08  7.30925421e-07 
 3.62425000e-08  1.06634169e+00  3.62425000e-08  4.99255298e-06  3.62425000e-08  3.13616464e-07 
 3.62435000e-08  1.10649517e+00  3.62435000e-08  5.06313652e-06  3.62435000e-08  7.39161532e-07 
 3.62445000e-08  1.14627556e+00  3.62445000e-08  4.74545756e-06  3.62445000e-08  3.91432845e-07 
 3.64095000e-08  1.94962612e+00  3.64095000e-08  8.50748411e-01  3.64095000e-08 -7.81909163e-05 
 3.64105000e-08  1.94963510e+00  3.64105000e-08  9.13548766e-01  3.64105000e-08 -1.08100319e-04 
 3.64115000e-08  1.94964406e+00  3.64115000e-08  9.75466796e-01  3.64115000e-08 -1.26381861e-04 
 3.64125000e-08  1.94965228e+00  3.64125000e-08  1.03646383e+00  3.64125000e-08 -1.38765099e-04 
 3.64135000e-08  1.94966053e+00  3.64135000e-08  1.09657997e+00  3.64135000e-08 -1.47534317e-04 
 3.64145000e-08  1.94966808e+00  3.64145000e-08  1.15596774e+00  3.64145000e-08 -1.62671547e-04 
 3.65305000e-08  1.94992138e+00  3.65305000e-08  1.94993505e+00  3.65305000e-08  8.97559925e-01 
 3.65315000e-08  1.94992202e+00  3.65315000e-08  1.94994268e+00  3.65315000e-08  9.57816931e-01 
 3.65325000e-08  1.94992254e+00  3.65325000e-08  1.94994775e+00  3.65325000e-08  1.01754707e+00 
 3.65335000e-08  1.94992315e+00  3.65335000e-08  1.94995458e+00  3.65335000e-08  1.07986420e+00 
 3.65345000e-08  1.94992366e+00  3.65345000e-08  1.94995660e+00  3.65345000e-08  1.14876213e+00 
 3.65355000e-08  1.94992426e+00  3.65355000e-08  1.94995409e+00  3.65355000e-08  1.22220051e+00 
 3.67755000e-08  1.14310723e+00  3.67755000e-08  1.95000000e+00  3.67755000e-08  1.94999890e+00 
 3.67765000e-08  1.09099269e+00  3.67765000e-08  1.94999988e+00  3.67765000e-08  1.94999630e+00 
 3.67775000e-08  1.03919244e+00  3.67775000e-08  1.94999997e+00  3.67775000e-08  1.94999822e+00 
 3.67785000e-08  9.87602295e-01  3.67785000e-08  1.94999985e+00  3.67785000e-08  1.94999566e+00 
 3.67795000e-08  9.36201906e-01  3.67795000e-08  1.94999994e+00  3.67795000e-08  1.94999754e+00 
 3.67805000e-08  8.84914216e-01  3.67805000e-08  1.94999981e+00  3.67805000e-08  1.94999602e+00 
 3.71135000e-08  1.33278926e-04  3.71135000e-08  1.18081235e+00  3.71135000e-08  1.94994692e+00 
 3.71145000e-08  1.30567748e-04  3.71145000e-08  1.12932210e+00  3.71145000e-08  1.94994147e+00 
 3.71155000e-08  1.27729889e-04  3.71155000e-08  1.07705440e+00  3.71155000e-08  1.94993920e+00 
 3.71165000e-08  1.25133342e-04  3.71165000e-08  1.02401438e+00  3.71165000e-08  1.94994111e+00 
 3.71175000e-08  1.22410562e-04  3.71175000e-08  9.70199168e-01  3.71175000e-08  1.94994909e+00 
 3.71185000e-08  1.19923339e-04  3.71185000e-08  9.15621256e-01  3.71185000e-08  1.94996305e+00 
 3.73615000e-08  9.41157370e-01  3.73615000e-08  3.00451049e-06  3.73615000e-08  1.94999374e+00 
 3.73625000e-08  9.82454185e-01  3.73625000e-08  2.95250617e-06  3.73625000e-08  1.94999414e+00 
 3.73635000e-08  1.02337064e+00  3.73635000e-08  2.85011567e-06  3.73635000e-08  1.94999407e+00 
 3.73645000e-08  1.06391427e+00  3.73645000e-08  2.80813987e-06  3.73645000e-08  1.94999445e+00 
 3.73655000e-08  1.10409038e+00  3.73655000e-08  2.71439419e-06  3.73655000e-08  1.94999437e+00 
 3.73665000e-08  1.14389326e+00  3.73665000e-08  2.67829994e-06  3.73665000e-08  1.94999474e+00 
 3.75315000e-08  1.94962553e+00  3.75315000e-08  8.48269822e-01  3.75315000e-08  1.94994251e+00 
 3.75325000e-08  1.94963458e+00  3.75325000e-08  9.11000998e-01  3.75325000e-08  1.94984837e+00 
 3.75335000e-08  1.94964352e+00  3.75335000e-08  9.72758632e-01  3.75335000e-08  1.94973847e+00 
 3.75345000e-08  1.94965181e+00  3.75345000e-08  1.03350179e+00  3.75345000e-08  1.94962650e+00 
 3.75355000e-08  1.94966003e+00  3.75355000e-08  1.09327440e+00  3.75355000e-08  1.94952994e+00 
 3.75365000e-08  1.94966765e+00  3.75365000e-08  1.15226153e+00  3.75365000e-08  1.94942099e+00 
 3.76665000e-08  1.94992884e+00  3.76665000e-08  1.94997520e+00  3.76665000e-08  1.17424374e+00 
 3.76675000e-08  1.94992936e+00  3.76675000e-08  1.95000252e+00  3.76675000e-08  1.11670080e+00 
 3.76685000e-08  1.94992980e+00  3.76685000e-08  1.95002906e+00  3.76685000e-08  1.05898244e+00 
 3.76695000e-08  1.94993031e+00  3.76695000e-08  1.95005453e+00  3.76695000e-08  1.00092594e+00 
 3.76705000e-08  1.94993074e+00  3.76705000e-08  1.95007195e+00  3.76705000e-08  9.42378089e-01 
 3.76715000e-08  1.94993124e+00  3.76715000e-08  1.95008684e+00  3.76715000e-08  8.83222059e-01 
 3.78975000e-08  1.14518121e+00  3.78975000e-08  1.94999984e+00  3.78975000e-08  1.51689590e-05 
 3.78985000e-08  1.09305510e+00  3.78985000e-08  1.94999962e+00  3.78985000e-08  1.32951100e-05 
 3.78995000e-08  1.04124379e+00  3.78995000e-08  1.94999979e+00  3.78995000e-08  1.41555988e-05 
 3.79005000e-08  9.89646919e-01  3.79005000e-08  1.94999961e+00  3.79005000e-08  1.25177627e-05 
 3.79015000e-08  9.38240091e-01  3.79015000e-08  1.94999981e+00  3.79015000e-08  1.34231369e-05 
 3.79025000e-08  8.86948921e-01  3.79025000e-08  1.94999958e+00  3.79025000e-08  1.16118003e-05 
 3.82365000e-08  1.30724935e-04  3.82365000e-08  1.13223646e+00  3.82365000e-08 -2.74466699e-06 
 3.82375000e-08  1.27878800e-04  3.82375000e-08  1.08000960e+00  3.82375000e-08 -9.91566831e-07 
 3.82385000e-08  1.25284394e-04  3.82385000e-08  1.02701252e+00  3.82385000e-08  1.92535641e-07 
 3.82395000e-08  1.22553409e-04  3.82395000e-08  9.73238391e-01  3.82395000e-08  2.75596264e-06 
 3.82405000e-08  1.20068043e-04  3.82405000e-08  9.18703135e-01  3.82405000e-08  4.67523181e-06 
 3.82415000e-08  1.17449251e-04  3.82415000e-08  8.63412530e-01  3.82415000e-08  7.72922918e-06 
 3.84835000e-08  9.40150045e-01  3.84835000e-08  5.57978602e-06  3.84835000e-08  6.30757231e-07 
 3.84845000e-08  9.81455922e-01  3.84845000e-08  5.31619162e-06  3.84845000e-08  4.10941475e-07 
 3.84855000e-08  1.02238182e+00  3.84855000e-08  5.29386909e-06  3.84855000e-08  6.17324817e-07 
 3.84865000e-08  1.06293414e+00  3.84865000e-08  5.04536843e-06  3.84865000e-08  3.78363290e-07 
 3.84875000e-08  1.10311942e+00  3.84875000e-08  5.03369851e-06  3.84875000e-08  5.83089696e-07 
 3.84885000e-08  1.14293129e+00  3.84885000e-08  4.79678105e-06  3.84885000e-08  3.65401290e-07 
 3.86535000e-08  1.94962529e+00  3.86535000e-08  8.45419976e-01  3.86535000e-08 -7.54245976e-05 
 3.86545000e-08  1.94963437e+00  3.86545000e-08  9.08290237e-01  3.86545000e-08 -1.06093472e-04 
 3.86555000e-08  1.94964330e+00  3.86555000e-08  9.70283644e-01  3.86555000e-08 -1.25021306e-04 
 3.86565000e-08  1.94965162e+00  3.86565000e-08  1.03135481e+00  3.86565000e-08 -1.38099688e-04 
 3.86575000e-08  1.94965982e+00  3.86575000e-08  1.09154218e+00  3.86575000e-08 -1.46232477e-04 
 3.86585000e-08  1.94966747e+00  3.86585000e-08  1.15098081e+00  3.86585000e-08 -1.61541072e-04 
 3.87745000e-08  1.94992134e+00  3.87745000e-08  1.94993465e+00  3.87745000e-08  8.92394999e-01 
 3.87755000e-08  1.94992196e+00  3.87755000e-08  1.94994198e+00  3.87755000e-08  9.52750559e-01 
 3.87765000e-08  1.94992250e+00  3.87765000e-08  1.94994738e+00  3.87765000e-08  1.01245442e+00 
 3.87775000e-08  1.94992310e+00  3.87775000e-08  1.94995356e+00  3.87775000e-08  1.07444362e+00 
 3.87785000e-08  1.94992362e+00  3.87785000e-08  1.94995748e+00  3.87785000e-08  1.14259496e+00 
 3.87795000e-08  1.94992421e+00  3.87795000e-08  1.94995378e+00  3.87795000e-08  1.21604654e+00 
 3.90195000e-08  1.14727522e+00  3.90195000e-08  1.95000002e+00  3.90195000e-08  1.94999632e+00 
 3.90205000e-08  1.09513660e+00  3.90205000e-08  1.94999993e+00  3.90205000e-08  1.94999410e+00 
 3.90215000e-08  1.04331326e+00  3.90215000e-08  1.95000000e+00  3.90215000e-08  1.94999793e+00 
 3.90225000e-08  9.91708774e-01  3.90225000e-08  1.94999991e+00  3.90225000e-08  1.94999438e+00 
 3.90235000e-08  9.40294680e-01  3.90235000e-08  1.94999997e+00  3.90235000e-08  1.94999700e+00 
 3.90245000e-08  8.88999294e-01  3.90245000e-08  1.94999987e+00  3.90245000e-08  1.94999476e+00 
 3.93585000e-08  1.30805039e-04  3.93585000e-08  1.13372090e+00  3.93585000e-08  1.94994183e+00 
 3.93595000e-08  1.27954726e-04  3.93595000e-08  1.08151733e+00  3.93595000e-08  1.94993926e+00 
 3.93605000e-08  1.25361236e-04  3.93605000e-08  1.02854446e+00  3.93605000e-08  1.94994073e+00 
 3.93615000e-08  1.22626163e-04  3.93615000e-08  9.74793163e-01  3.93615000e-08  1.94994819e+00 
 3.93625000e-08  1.20141583e-04  3.93625000e-08  9.20280967e-01  3.93625000e-08  1.94996160e+00 
 3.93635000e-08  1.17518661e-04  3.93635000e-08  8.65011485e-01  3.93635000e-08  1.94998186e+00 
 3.96055000e-08  9.37921994e-01  3.96055000e-08  2.96450578e-06  3.96055000e-08  1.94999374e+00 
 3.96065000e-08  9.79247941e-01  3.96065000e-08  3.00575901e-06  3.96065000e-08  1.94999412e+00 
 3.96075000e-08  1.02019474e+00  3.96075000e-08  2.81009388e-06  3.96075000e-08  1.94999406e+00 
 3.96085000e-08  1.06076627e+00  3.96085000e-08  2.85972712e-06  3.96085000e-08  1.94999443e+00 
 3.96095000e-08  1.10097181e+00  3.96095000e-08  2.67463731e-06  3.96095000e-08  1.94999437e+00 
 3.96105000e-08  1.14080354e+00  3.96105000e-08  2.72858909e-06  3.96105000e-08  1.94999472e+00 
 3.97755000e-08  1.94962477e+00  3.97755000e-08  8.43251837e-01  3.97755000e-08  1.94994906e+00 
 3.97765000e-08  1.94963391e+00  3.97765000e-08  9.06056887e-01  3.97765000e-08  1.94985635e+00 
 3.97775000e-08  1.94964282e+00  3.97775000e-08  9.67894473e-01  3.97775000e-08  1.94974749e+00 
 3.97785000e-08  1.94965119e+00  3.97785000e-08  1.02871735e+00  3.97785000e-08  1.94963530e+00 
 3.97795000e-08  1.94965938e+00  3.97795000e-08  1.08855820e+00  3.97795000e-08  1.94953782e+00 
 3.97805000e-08  1.94966708e+00  3.97805000e-08  1.14758892e+00  3.97805000e-08  1.94943013e+00 
 3.99105000e-08  1.94992880e+00  3.99105000e-08  1.94997309e+00  3.99105000e-08  1.17879489e+00 
 3.99115000e-08  1.94992932e+00  3.99115000e-08  1.95000072e+00  3.99115000e-08  1.12125518e+00 
 3.99125000e-08  1.94992977e+00  3.99125000e-08  1.95002776e+00  3.99125000e-08  1.06356011e+00 
 3.99135000e-08  1.94993027e+00  3.99135000e-08  1.95005349e+00  3.99135000e-08  1.00553304e+00 
 3.99145000e-08  1.94993071e+00  3.99145000e-08  1.95007108e+00  3.99145000e-08  9.47033001e-01 
 3.99155000e-08  1.94993120e+00  3.99155000e-08  1.95008640e+00  3.99155000e-08  8.87926704e-01 
 4.01415000e-08  1.14922515e+00  4.01415000e-08  1.94999987e+00  4.01415000e-08  1.55771595e-05 
 4.01425000e-08  1.09707568e+00  4.01425000e-08  1.94999966e+00  4.01425000e-08  1.29859024e-05 
 4.01435000e-08  1.04524192e+00  4.01435000e-08  1.94999982e+00  4.01435000e-08  1.48079031e-05 
 4.01445000e-08  9.93631069e-01  4.01445000e-08  1.94999965e+00  4.01445000e-08  1.20135179e-05 
 4.01455000e-08  9.42210934e-01  4.01455000e-08  1.94999984e+00  4.01455000e-08  1.38190166e-05 
 4.01465000e-08  8.90912318e-01  4.01465000e-08  1.94999962e+00  4.01465000e-08  1.13113400e-05 
 4.04805000e-08  1.30944637e-04  4.04805000e-08  1.13590034e+00  4.04805000e-08 -2.83254715e-06 
 4.04815000e-08  1.28087242e-04  4.04815000e-08  1.08372692e+00  4.04815000e-08 -1.05965644e-06 
 4.04825000e-08  1.25495079e-04  4.04825000e-08  1.03078579e+00  4.04825000e-08  3.53402422e-08 
 4.04835000e-08  1.22753098e-04  4.04835000e-08  9.77064946e-01  4.04835000e-08  2.62775353e-06 
 4.04845000e-08  1.20269780e-04  4.04845000e-08  9.22584463e-01  4.04845000e-08  4.46635510e-06 
 4.04855000e-08  1.17640101e-04  4.04855000e-08  8.67345385e-01  4.04855000e-08  7.58343953e-06 
 4.07275000e-08  9.37202881e-01  4.07275000e-08  5.55720949e-06  4.07275000e-08  5.68268172e-07 
 4.07285000e-08  9.78535311e-01  4.07285000e-08  5.35895115e-06  4.07285000e-08  4.69317516e-07 
 4.07295000e-08  1.01948886e+00  4.07295000e-08  5.27103611e-06  4.07295000e-08  5.52632625e-07 
 4.07305000e-08  1.06006660e+00  4.07305000e-08  5.08677081e-06  4.07305000e-08  4.38573385e-07 
 4.07315000e-08  1.10027866e+00  4.07315000e-08  5.01062325e-06  4.07315000e-08  5.21573084e-07 
 4.07325000e-08  1.14011678e+00  4.07325000e-08  4.83675008e-06  4.07325000e-08  4.22632426e-07 
 4.08975000e-08  1.94962462e+00  4.08975000e-08  8.40968727e-01  4.08975000e-08 -7.32236979e-05 
 4.08985000e-08  1.94963378e+00  4.08985000e-08  9.03896370e-01  4.08985000e-08 -1.04259069e-04 
 4.08995000e-08  1.94964268e+00  4.08995000e-08  9.65956606e-01  4.08995000e-08 -1.23982699e-04 
 4.09005000e-08  1.94965107e+00  4.09005000e-08  1.02709343e+00  4.09005000e-08 -1.37502626e-04 
 4.09015000e-08  1.94965926e+00  4.09015000e-08  1.08733698e+00  4.09015000e-08 -1.45201975e-04 
 4.09025000e-08  1.94966697e+00  4.09025000e-08  1.14681516e+00  4.09025000e-08 -1.60545653e-04 
 4.10185000e-08  1.94992131e+00  4.10185000e-08  1.94993419e+00  4.10185000e-08  8.88131017e-01 
 4.10195000e-08  1.94992192e+00  4.10195000e-08  1.94994141e+00  4.10195000e-08  9.48572205e-01 
 4.10205000e-08  1.94992246e+00  4.10205000e-08  1.94994696e+00  4.10205000e-08  1.00826828e+00 
 4.10215000e-08  1.94992306e+00  4.10215000e-08  1.94995272e+00  4.10215000e-08  1.07000198e+00 
 4.10225000e-08  1.94992359e+00  4.10225000e-08  1.94995808e+00  4.10225000e-08  1.13753023e+00 
 4.10235000e-08  1.94992417e+00  4.10235000e-08  1.94995358e+00  4.10235000e-08  1.21096247e+00 
 4.12635000e-08  1.15070141e+00  4.12635000e-08  1.95000003e+00  4.12635000e-08  1.94999624e+00 
 4.12645000e-08  1.09854284e+00  4.12645000e-08  1.94999995e+00  4.12645000e-08  1.94999334e+00 
 4.12655000e-08  1.04670027e+00  4.12655000e-08  1.95000001e+00  4.12655000e-08  1.94999792e+00 
 4.12665000e-08  9.95083766e-01  4.12665000e-08  1.94999992e+00  4.12665000e-08  1.94999353e+00 
 4.12675000e-08  9.43658255e-01  4.12675000e-08  1.94999998e+00  4.12675000e-08  1.94999679e+00 
 4.12685000e-08  8.92356449e-01  4.12685000e-08  1.94999989e+00  4.12685000e-08  1.94999248e+00 
 4.16025000e-08  1.30984055e-04  4.16025000e-08  1.13690924e+00  4.16025000e-08  1.94994210e+00 
 4.16035000e-08  1.28124393e-04  4.16035000e-08  1.08475216e+00  4.16035000e-08  1.94993932e+00 
 4.16045000e-08  1.25532754e-04  4.16045000e-08  1.03182799e+00  4.16045000e-08  1.94994047e+00 
 4.16055000e-08  1.22788629e-04  4.16055000e-08  9.78123090e-01  4.16055000e-08  1.94994757e+00 
 4.16065000e-08  1.20305779e-04  4.16065000e-08  9.23658604e-01  4.16065000e-08  1.94996057e+00 
 4.16075000e-08  1.17673958e-04  4.16075000e-08  8.68434028e-01  4.16075000e-08  1.94998044e+00 
 4.18495000e-08  9.35150826e-01  4.18495000e-08  2.93598343e-06  4.18495000e-08  1.94999374e+00 
 4.18505000e-08  9.76501789e-01  4.18505000e-08  3.04411920e-06  4.18505000e-08  1.94999410e+00 
 4.18515000e-08  1.01747460e+00  4.18515000e-08  2.78149607e-06  4.18515000e-08  1.94999406e+00 
 4.18525000e-08  1.05807004e+00  4.18525000e-08  2.89682328e-06  4.18525000e-08  1.94999441e+00 
 4.18535000e-08  1.09830071e+00  4.18535000e-08  2.64619796e-06  4.18535000e-08  1.94999437e+00 
 4.18545000e-08  1.13815706e+00  4.18545000e-08  2.76472941e-06  4.18545000e-08  1.94999471e+00 
 4.20000000e-08  1.94931938e+00  4.20000000e-08 -6.16096307e-02  4.20000000e-08  1.95001692e+00 
